indicador_codigo,sexo_codigo,meses,l,m,s,stdev,p01,p1,p3,p5,p10,p15,p25,p50,p75,p85,p90,p95,p97,p99,source
IMC_EDAD,F,61,-0.8886,15.2441,0.09692,,11.689,12.412,12.874,13.133,13.55,13.846,14.306,15.244,16.306,16.936,17.388,18.103,18.598,19.605,bmi-girls-perc-who2007-exp.xlsx:bmi_girls_perc_WHO2007_exp
IMC_EDAD,F,62,-0.9068,15.2434,0.09738,,11.682,12.405,12.868,13.126,13.544,13.84,14.301,15.243,16.311,16.945,17.402,18.124,18.624,19.643,bmi-girls-perc-who2007-exp.xlsx:bmi_girls_perc_WHO2007_exp
IMC_EDAD,F,63,-0.9248,15.2433,0.09783,,11.676,12.399,12.861,13.12,13.538,13.835,14.298,15.243,16.317,16.956,17.416,18.145,18.65,19.681,bmi-girls-perc-who2007-exp.xlsx:bmi_girls_perc_WHO2007_exp
IMC_EDAD,F,64,-0.9427,15.2438,0.09829,,11.671,12.393,12.855,13.114,13.533,13.831,14.294,15.244,16.324,16.967,17.431,18.167,18.677,19.721,bmi-girls-perc-who2007-exp.xlsx:bmi_girls_perc_WHO2007_exp
IMC_EDAD,F,65,-0.9605,15.2448,0.09875,,11.665,12.387,12.85,13.109,13.529,13.827,14.292,15.245,16.331,16.979,17.447,18.189,18.705,19.763,bmi-girls-perc-who2007-exp.xlsx:bmi_girls_perc_WHO2007_exp
IMC_EDAD,F,66,-0.978,15.2464,0.0992,,11.661,12.382,12.845,13.104,13.525,13.824,14.29,15.246,16.339,16.991,17.463,18.212,18.734,19.804,bmi-girls-perc-who2007-exp.xlsx:bmi_girls_perc_WHO2007_exp
IMC_EDAD,F,67,-0.9954,15.2487,0.09966,,11.657,12.378,12.841,13.1,13.521,13.821,14.288,15.249,16.347,17.005,17.481,18.237,18.764,19.848,bmi-girls-perc-who2007-exp.xlsx:bmi_girls_perc_WHO2007_exp
IMC_EDAD,F,68,-1.0126,15.2516,0.10012,,11.653,12.374,12.837,13.097,13.518,13.819,14.287,15.252,16.357,17.019,17.499,18.262,18.795,19.892,bmi-girls-perc-who2007-exp.xlsx:bmi_girls_perc_WHO2007_exp
IMC_EDAD,F,69,-1.0296,15.2551,0.10058,,11.649,12.37,12.834,13.094,13.516,13.817,14.287,15.255,16.367,17.034,17.518,18.289,18.827,19.938,bmi-girls-perc-who2007-exp.xlsx:bmi_girls_perc_WHO2007_exp
IMC_EDAD,F,70,-1.0464,15.2592,0.10104,,11.646,12.367,12.831,13.091,13.514,13.816,14.287,15.259,16.377,17.049,17.537,18.316,18.86,19.985,bmi-girls-perc-who2007-exp.xlsx:bmi_girls_perc_WHO2007_exp
IMC_EDAD,F,71,-1.063,15.2641,0.10149,,11.645,12.365,12.829,13.09,13.513,13.816,14.288,15.264,16.388,17.065,17.558,18.344,18.894,20.033,bmi-girls-perc-who2007-exp.xlsx:bmi_girls_perc_WHO2007_exp
IMC_EDAD,F,72,-1.0794,15.2697,0.10195,,11.643,12.363,12.828,13.089,13.513,13.816,14.29,15.27,16.401,17.083,17.579,18.373,18.929,20.082,bmi-girls-perc-who2007-exp.xlsx:bmi_girls_perc_WHO2007_exp
IMC_EDAD,F,73,-1.0956,15.276,0.10241,,11.642,12.362,12.827,13.088,13.513,13.817,14.292,15.276,16.414,17.101,17.601,18.403,18.966,20.133,bmi-girls-perc-who2007-exp.xlsx:bmi_girls_perc_WHO2007_exp
IMC_EDAD,F,74,-1.1115,15.2831,0.10287,,11.641,12.361,12.826,13.088,13.514,13.818,14.295,15.283,16.427,17.12,17.625,18.434,19.003,20.186,bmi-girls-perc-who2007-exp.xlsx:bmi_girls_perc_WHO2007_exp
IMC_EDAD,F,75,-1.1272,15.2911,0.10333,,11.641,12.361,12.827,13.089,13.516,13.821,14.299,15.291,16.442,17.14,17.649,18.466,19.042,20.239,bmi-girls-perc-who2007-exp.xlsx:bmi_girls_perc_WHO2007_exp
IMC_EDAD,F,76,-1.1427,15.2998,0.10379,,11.642,12.362,12.828,13.09,13.518,13.824,14.303,15.3,16.458,17.161,17.674,18.5,19.081,20.295,bmi-girls-perc-who2007-exp.xlsx:bmi_girls_perc_WHO2007_exp
IMC_EDAD,F,77,-1.1579,15.3095,0.10425,,11.643,12.363,12.83,13.093,13.521,13.828,14.309,15.31,16.475,17.183,17.701,18.534,19.123,20.352,bmi-girls-perc-who2007-exp.xlsx:bmi_girls_perc_WHO2007_exp
IMC_EDAD,F,78,-1.1728,15.32,0.10471,,11.645,12.365,12.832,13.096,13.525,13.832,14.315,15.32,16.492,17.206,17.728,18.57,19.165,20.41,bmi-girls-perc-who2007-exp.xlsx:bmi_girls_perc_WHO2007_exp
IMC_EDAD,F,79,-1.1875,15.3314,0.10517,,11.647,12.368,12.836,13.099,13.53,13.838,14.322,15.331,16.511,17.23,17.757,18.607,19.209,20.47,bmi-girls-perc-who2007-exp.xlsx:bmi_girls_perc_WHO2007_exp
IMC_EDAD,F,80,-1.2019,15.3439,0.10562,,11.651,12.372,12.84,13.104,13.535,13.844,14.33,15.344,16.53,17.255,17.787,18.645,19.254,20.531,bmi-girls-perc-who2007-exp.xlsx:bmi_girls_perc_WHO2007_exp
IMC_EDAD,F,81,-1.216,15.3572,0.10608,,11.654,12.376,12.845,13.11,13.542,13.851,14.339,15.357,16.551,17.281,17.818,18.685,19.3,20.594,bmi-girls-perc-who2007-exp.xlsx:bmi_girls_perc_WHO2007_exp
IMC_EDAD,F,82,-1.2298,15.3717,0.10654,,11.659,12.381,12.851,13.116,13.549,13.86,14.349,15.372,16.573,17.309,17.85,18.726,19.348,20.659,bmi-girls-perc-who2007-exp.xlsx:bmi_girls_perc_WHO2007_exp
IMC_EDAD,F,83,-1.2433,15.3871,0.107,,11.664,12.387,12.857,13.123,13.557,13.869,14.36,15.387,16.596,17.337,17.883,18.768,19.397,20.726,bmi-girls-perc-who2007-exp.xlsx:bmi_girls_perc_WHO2007_exp
IMC_EDAD,F,84,-1.2565,15.4036,0.10746,,11.671,12.394,12.865,13.131,13.566,13.879,14.371,15.404,16.62,17.367,17.918,18.812,19.448,20.794,bmi-girls-perc-who2007-exp.xlsx:bmi_girls_perc_WHO2007_exp
IMC_EDAD,F,85,-1.2693,15.4211,0.10792,,11.677,12.401,12.873,13.14,13.576,13.89,14.384,15.421,16.645,17.398,17.954,18.857,19.501,20.864,bmi-girls-perc-who2007-exp.xlsx:bmi_girls_perc_WHO2007_exp
IMC_EDAD,F,86,-1.2819,15.4397,0.10837,,11.685,12.41,12.882,13.15,13.587,13.902,14.398,15.44,16.671,17.43,17.991,18.903,19.554,20.935,bmi-girls-perc-who2007-exp.xlsx:bmi_girls_perc_WHO2007_exp
IMC_EDAD,F,87,-1.2941,15.4593,0.10883,,11.693,12.419,12.892,13.16,13.599,13.914,14.412,15.459,16.699,17.464,18.03,18.951,19.609,21.009,bmi-girls-perc-who2007-exp.xlsx:bmi_girls_perc_WHO2007_exp
IMC_EDAD,F,88,-1.306,15.4798,0.10929,,11.702,12.429,12.903,13.172,13.611,13.928,14.428,15.48,16.727,17.499,18.069,19.0,19.666,21.084,bmi-girls-perc-who2007-exp.xlsx:bmi_girls_perc_WHO2007_exp
IMC_EDAD,F,89,-1.3175,15.5014,0.10974,,11.712,12.439,12.915,13.184,13.625,13.943,14.444,15.501,16.757,17.534,18.11,19.05,19.723,21.16,bmi-girls-perc-who2007-exp.xlsx:bmi_girls_perc_WHO2007_exp
IMC_EDAD,F,90,-1.3287,15.524,0.1102,,11.722,12.451,12.927,13.197,13.639,13.958,14.462,15.524,16.788,17.571,18.152,19.102,19.783,21.239,bmi-girls-perc-who2007-exp.xlsx:bmi_girls_perc_WHO2007_exp
IMC_EDAD,F,91,-1.3395,15.5476,0.11065,,11.733,12.463,12.94,13.211,13.655,13.974,14.48,15.548,16.819,17.609,18.195,19.154,19.843,21.318,bmi-girls-perc-who2007-exp.xlsx:bmi_girls_perc_WHO2007_exp
IMC_EDAD,F,92,-1.3499,15.5723,0.1111,,11.745,12.476,12.954,13.226,13.671,13.992,14.499,15.572,16.852,17.648,18.24,19.208,19.905,21.399,bmi-girls-perc-who2007-exp.xlsx:bmi_girls_perc_WHO2007_exp
IMC_EDAD,F,93,-1.36,15.5979,0.11156,,11.757,12.489,12.969,13.241,13.688,14.01,14.52,15.598,16.887,17.689,18.286,19.264,19.969,21.483,bmi-girls-perc-who2007-exp.xlsx:bmi_girls_perc_WHO2007_exp
IMC_EDAD,F,94,-1.3697,15.6246,0.11201,,11.77,12.504,12.984,13.257,13.706,14.029,14.541,15.625,16.922,17.73,18.333,19.321,20.034,21.567,bmi-girls-perc-who2007-exp.xlsx:bmi_girls_perc_WHO2007_exp
IMC_EDAD,F,95,-1.379,15.6523,0.11246,,11.783,12.519,13.001,13.275,13.724,14.049,14.563,15.652,16.958,17.773,18.381,19.379,20.1,21.653,bmi-girls-perc-who2007-exp.xlsx:bmi_girls_perc_WHO2007_exp
IMC_EDAD,F,96,-1.388,15.681,0.11291,,11.798,12.535,13.018,13.293,13.744,14.07,14.586,15.681,16.995,17.817,18.43,19.438,20.167,21.74,bmi-girls-perc-who2007-exp.xlsx:bmi_girls_perc_WHO2007_exp
IMC_EDAD,F,97,-1.3966,15.7107,0.11335,,11.813,12.551,13.036,13.312,13.764,14.091,14.61,15.711,17.034,17.862,18.48,19.498,20.235,21.828,bmi-girls-perc-who2007-exp.xlsx:bmi_girls_perc_WHO2007_exp
IMC_EDAD,F,98,-1.4047,15.7415,0.1138,,11.828,12.569,13.055,13.331,13.786,14.114,14.635,15.742,17.073,17.908,18.532,19.56,20.305,21.919,bmi-girls-perc-who2007-exp.xlsx:bmi_girls_perc_WHO2007_exp
IMC_EDAD,F,99,-1.4125,15.7732,0.11424,,11.845,12.587,13.075,13.352,13.808,14.137,14.661,15.773,17.114,17.955,18.585,19.623,20.376,22.01,bmi-girls-perc-who2007-exp.xlsx:bmi_girls_perc_WHO2007_exp
IMC_EDAD,F,100,-1.4199,15.8058,0.11469,,11.862,12.605,13.095,13.373,13.831,14.162,14.687,15.806,17.156,18.004,18.639,19.687,20.449,22.103,bmi-girls-perc-who2007-exp.xlsx:bmi_girls_perc_WHO2007_exp
IMC_EDAD,F,101,-1.427,15.8394,0.11513,,11.879,12.625,13.116,13.395,13.854,14.187,14.715,15.839,17.198,18.053,18.693,19.752,20.522,22.198,bmi-girls-perc-who2007-exp.xlsx:bmi_girls_perc_WHO2007_exp
IMC_EDAD,F,102,-1.4336,15.8738,0.11557,,11.897,12.645,13.137,13.418,13.879,14.213,14.743,15.874,17.242,18.103,18.749,19.818,20.597,22.293,bmi-girls-perc-who2007-exp.xlsx:bmi_girls_perc_WHO2007_exp
IMC_EDAD,F,103,-1.4398,15.909,0.11601,,11.915,12.666,13.159,13.441,13.904,14.239,14.772,15.909,17.286,18.154,18.806,19.885,20.672,22.389,bmi-girls-perc-who2007-exp.xlsx:bmi_girls_perc_WHO2007_exp
IMC_EDAD,F,104,-1.4456,15.9451,0.11644,,11.934,12.687,13.182,13.465,13.93,14.266,14.802,15.945,17.331,18.206,18.864,19.953,20.748,22.486,bmi-girls-perc-who2007-exp.xlsx:bmi_girls_perc_WHO2007_exp
IMC_EDAD,F,105,-1.4511,15.9818,0.11688,,11.954,12.708,13.206,13.489,13.956,14.294,14.832,15.982,17.377,18.259,18.922,20.022,20.826,22.584,bmi-girls-perc-who2007-exp.xlsx:bmi_girls_perc_WHO2007_exp
IMC_EDAD,F,106,-1.4561,16.0194,0.11731,,11.974,12.731,13.23,13.514,13.983,14.323,14.864,16.019,17.424,18.313,18.982,20.092,20.904,22.683,bmi-girls-perc-who2007-exp.xlsx:bmi_girls_perc_WHO2007_exp
IMC_EDAD,F,107,-1.4607,16.0575,0.11774,,11.994,12.753,13.254,13.54,14.011,14.352,14.895,16.058,17.472,18.367,19.042,20.162,20.983,22.783,bmi-girls-perc-who2007-exp.xlsx:bmi_girls_perc_WHO2007_exp
IMC_EDAD,F,108,-1.465,16.0964,0.11816,,12.014,12.776,13.279,13.566,14.039,14.382,14.928,16.096,17.52,18.422,19.102,20.233,21.062,22.882,bmi-girls-perc-who2007-exp.xlsx:bmi_girls_perc_WHO2007_exp
IMC_EDAD,F,109,-1.4688,16.1358,0.11859,,12.035,12.8,13.305,13.592,14.067,14.412,14.96,16.136,17.569,18.478,19.164,20.305,21.142,22.983,bmi-girls-perc-who2007-exp.xlsx:bmi_girls_perc_WHO2007_exp
IMC_EDAD,F,110,-1.4723,16.1759,0.11901,,12.057,12.824,13.331,13.62,14.097,14.443,14.994,16.176,17.618,18.535,19.226,20.378,21.223,23.084,bmi-girls-perc-who2007-exp.xlsx:bmi_girls_perc_WHO2007_exp
IMC_EDAD,F,111,-1.4753,16.2166,0.11943,,12.078,12.848,13.357,13.647,14.126,14.474,15.028,16.217,17.669,18.592,19.289,20.451,21.304,23.186,bmi-girls-perc-who2007-exp.xlsx:bmi_girls_perc_WHO2007_exp
IMC_EDAD,F,112,-1.478,16.258,0.11985,,12.1,12.873,13.384,13.675,14.156,14.506,15.063,16.258,17.72,18.65,19.352,20.524,21.386,23.289,bmi-girls-perc-who2007-exp.xlsx:bmi_girls_perc_WHO2007_exp
IMC_EDAD,F,113,-1.4803,16.2999,0.12026,,12.122,12.898,13.411,13.704,14.187,14.538,15.098,16.3,17.771,18.708,19.416,20.598,21.468,23.391,bmi-girls-perc-who2007-exp.xlsx:bmi_girls_perc_WHO2007_exp
IMC_EDAD,F,114,-1.4823,16.3425,0.12067,,12.145,12.924,13.439,13.733,14.218,14.571,15.134,16.343,17.823,18.767,19.481,20.673,21.551,23.494,bmi-girls-perc-who2007-exp.xlsx:bmi_girls_perc_WHO2007_exp
IMC_EDAD,F,115,-1.4838,16.3858,0.12108,,12.168,12.95,13.467,13.762,14.25,14.605,15.17,16.386,17.876,18.827,19.546,20.749,21.635,23.598,bmi-girls-perc-who2007-exp.xlsx:bmi_girls_perc_WHO2007_exp
IMC_EDAD,F,116,-1.485,16.4298,0.12148,,12.191,12.976,13.496,13.792,14.283,14.639,15.207,16.43,17.93,18.887,19.612,20.825,21.719,23.701,bmi-girls-perc-who2007-exp.xlsx:bmi_girls_perc_WHO2007_exp
IMC_EDAD,F,117,-1.4859,16.4746,0.12188,,12.215,13.003,13.525,13.823,14.316,14.674,15.245,16.475,17.984,18.949,19.679,20.902,21.804,23.806,bmi-girls-perc-who2007-exp.xlsx:bmi_girls_perc_WHO2007_exp
IMC_EDAD,F,118,-1.4864,16.52,0.12228,,12.24,13.031,13.555,13.854,14.349,14.709,15.283,16.52,18.039,19.011,19.746,20.979,21.889,23.911,bmi-girls-perc-who2007-exp.xlsx:bmi_girls_perc_WHO2007_exp
IMC_EDAD,F,119,-1.4866,16.5663,0.12268,,12.264,13.059,13.585,13.886,14.384,14.745,15.323,16.566,18.096,19.074,19.815,21.058,21.976,24.017,bmi-girls-perc-who2007-exp.xlsx:bmi_girls_perc_WHO2007_exp
IMC_EDAD,F,120,-1.4864,16.6133,0.12307,,12.29,13.088,13.616,13.919,14.418,14.782,15.362,16.613,18.152,19.137,19.884,21.137,22.063,24.123,bmi-girls-perc-who2007-exp.xlsx:bmi_girls_perc_WHO2007_exp
IMC_EDAD,F,121,-1.4859,16.6612,0.12346,,12.315,13.117,13.648,13.952,14.454,14.819,15.403,16.661,18.21,19.202,19.954,21.217,22.151,24.23,bmi-girls-perc-who2007-exp.xlsx:bmi_girls_perc_WHO2007_exp
IMC_EDAD,F,122,-1.4851,16.71,0.12384,,12.342,13.147,13.681,13.986,14.491,14.858,15.445,16.71,18.269,19.267,20.025,21.298,22.239,24.337,bmi-girls-perc-who2007-exp.xlsx:bmi_girls_perc_WHO2007_exp
IMC_EDAD,F,123,-1.4839,16.7595,0.12422,,12.368,13.177,13.714,14.02,14.528,14.897,15.487,16.76,18.328,19.334,20.097,21.379,22.328,24.444,bmi-girls-perc-who2007-exp.xlsx:bmi_girls_perc_WHO2007_exp
IMC_EDAD,F,124,-1.4825,16.81,0.1246,,12.396,13.208,13.747,14.055,14.566,14.937,15.53,16.81,18.389,19.401,20.17,21.462,22.418,24.553,bmi-girls-perc-who2007-exp.xlsx:bmi_girls_perc_WHO2007_exp
IMC_EDAD,F,125,-1.4807,16.8614,0.12497,,12.424,13.24,13.782,14.092,14.604,14.977,15.574,16.861,18.45,19.469,20.244,21.545,22.509,24.661,bmi-girls-perc-who2007-exp.xlsx:bmi_girls_perc_WHO2007_exp
IMC_EDAD,F,126,-1.4787,16.9136,0.12534,,12.452,13.272,13.817,14.128,14.644,15.019,15.619,16.914,18.512,19.538,20.318,21.629,22.601,24.77,bmi-girls-perc-who2007-exp.xlsx:bmi_girls_perc_WHO2007_exp
IMC_EDAD,F,127,-1.4763,16.9667,0.12571,,12.481,13.305,13.852,14.165,14.684,15.061,15.664,16.967,18.575,19.608,20.394,21.714,22.693,24.88,bmi-girls-perc-who2007-exp.xlsx:bmi_girls_perc_WHO2007_exp
IMC_EDAD,F,128,-1.4737,17.0208,0.12607,,12.511,13.339,13.889,14.204,14.724,15.104,15.71,17.021,18.64,19.679,20.47,21.8,22.786,24.991,bmi-girls-perc-who2007-exp.xlsx:bmi_girls_perc_WHO2007_exp
IMC_EDAD,F,129,-1.4708,17.0757,0.12643,,12.54,13.373,13.926,14.242,14.766,15.147,15.758,17.076,18.705,19.751,20.547,21.887,22.88,25.102,bmi-girls-perc-who2007-exp.xlsx:bmi_girls_perc_WHO2007_exp
IMC_EDAD,F,130,-1.4677,17.1316,0.12678,,12.571,13.408,13.964,14.282,14.809,15.192,15.806,17.132,18.771,19.824,20.626,21.974,22.975,25.213,bmi-girls-perc-who2007-exp.xlsx:bmi_girls_perc_WHO2007_exp
IMC_EDAD,F,131,-1.4642,17.1883,0.12713,,12.602,13.444,14.002,14.322,14.852,15.237,15.854,17.188,18.838,19.898,20.705,22.063,23.07,25.325,bmi-girls-perc-who2007-exp.xlsx:bmi_girls_perc_WHO2007_exp
IMC_EDAD,F,132,-1.4606,17.2459,0.12748,,12.634,13.48,14.041,14.363,14.896,15.283,15.904,17.246,18.906,19.973,20.785,22.152,23.167,25.438,bmi-girls-perc-who2007-exp.xlsx:bmi_girls_perc_WHO2007_exp
IMC_EDAD,F,133,-1.4567,17.3044,0.12782,,12.666,13.516,14.081,14.405,14.94,15.33,15.955,17.304,18.974,20.048,20.866,22.242,23.264,25.55,bmi-girls-perc-who2007-exp.xlsx:bmi_girls_perc_WHO2007_exp
IMC_EDAD,F,134,-1.4526,17.3637,0.12816,,12.699,13.554,14.122,14.447,14.986,15.378,16.006,17.364,19.044,20.125,20.948,22.333,23.361,25.664,bmi-girls-perc-who2007-exp.xlsx:bmi_girls_perc_WHO2007_exp
IMC_EDAD,F,135,-1.4482,17.4238,0.12849,,12.732,13.592,14.163,14.49,15.032,15.426,16.058,17.424,19.114,20.202,21.03,22.424,23.459,25.777,bmi-girls-perc-who2007-exp.xlsx:bmi_girls_perc_WHO2007_exp
IMC_EDAD,F,136,-1.4436,17.4847,0.12882,,12.766,13.63,14.205,14.533,15.078,15.475,16.11,17.485,19.186,20.28,21.113,22.516,23.558,25.891,bmi-girls-perc-who2007-exp.xlsx:bmi_girls_perc_WHO2007_exp
IMC_EDAD,F,137,-1.4389,17.5464,0.12914,,12.801,13.669,14.247,14.578,15.126,15.525,16.164,17.546,19.258,20.359,21.197,22.609,23.658,26.005,bmi-girls-perc-who2007-exp.xlsx:bmi_girls_perc_WHO2007_exp
IMC_EDAD,F,138,-1.4339,17.6088,0.12946,,12.835,13.709,14.29,14.623,15.174,15.575,16.218,17.609,19.331,20.439,21.282,22.703,23.758,26.12,bmi-girls-perc-who2007-exp.xlsx:bmi_girls_perc_WHO2007_exp
IMC_EDAD,F,139,-1.4288,17.6719,0.12978,,12.87,13.749,14.333,14.668,15.222,15.626,16.273,17.672,19.404,20.519,21.368,22.797,23.858,26.235,bmi-girls-perc-who2007-exp.xlsx:bmi_girls_perc_WHO2007_exp
IMC_EDAD,F,140,-1.4235,17.7357,0.13009,,12.906,13.79,14.377,14.714,15.271,15.678,16.328,17.736,19.478,20.6,21.454,22.892,23.959,26.35,bmi-girls-perc-who2007-exp.xlsx:bmi_girls_perc_WHO2007_exp
IMC_EDAD,F,141,-1.418,17.8001,0.1304,,12.942,13.831,14.422,14.76,15.321,15.73,16.384,17.8,19.553,20.682,21.54,22.987,24.061,26.465,bmi-girls-perc-who2007-exp.xlsx:bmi_girls_perc_WHO2007_exp
IMC_EDAD,F,142,-1.4123,17.8651,0.1307,,12.978,13.872,14.467,14.807,15.371,15.782,16.441,17.865,19.629,20.764,21.628,23.082,24.162,26.579,bmi-girls-perc-who2007-exp.xlsx:bmi_girls_perc_WHO2007_exp
IMC_EDAD,F,143,-1.4065,17.9306,0.13099,,13.015,13.914,14.512,14.855,15.422,15.836,16.498,17.931,19.705,20.846,21.715,23.178,24.264,26.694,bmi-girls-perc-who2007-exp.xlsx:bmi_girls_perc_WHO2007_exp
IMC_EDAD,F,144,-1.4006,17.9966,0.13129,,13.052,13.956,14.558,14.902,15.473,15.889,16.555,17.997,19.781,20.929,21.803,23.275,24.366,26.809,bmi-girls-perc-who2007-exp.xlsx:bmi_girls_perc_WHO2007_exp
IMC_EDAD,F,145,-1.3945,18.063,0.13158,,13.089,13.999,14.604,14.95,15.524,15.943,16.613,18.063,19.858,21.013,21.892,23.371,24.469,26.924,bmi-girls-perc-who2007-exp.xlsx:bmi_girls_perc_WHO2007_exp
IMC_EDAD,F,146,-1.3883,18.1297,0.13186,,13.126,14.041,14.65,14.999,15.576,15.997,16.671,18.13,19.935,21.096,21.98,23.467,24.571,27.038,bmi-girls-perc-who2007-exp.xlsx:bmi_girls_perc_WHO2007_exp
IMC_EDAD,F,147,-1.3819,18.1967,0.13214,,13.164,14.084,14.696,15.047,15.628,16.052,16.73,18.197,20.012,21.18,22.069,23.564,24.673,27.152,bmi-girls-perc-who2007-exp.xlsx:bmi_girls_perc_WHO2007_exp
IMC_EDAD,F,148,-1.3755,18.2639,0.13241,,13.201,14.127,14.743,15.096,15.68,16.106,16.788,18.264,20.09,21.264,22.157,23.66,24.775,27.265,bmi-girls-perc-who2007-exp.xlsx:bmi_girls_perc_WHO2007_exp
IMC_EDAD,F,149,-1.3689,18.3312,0.13268,,13.239,14.17,14.79,15.145,15.733,16.161,16.847,18.331,20.167,21.348,22.246,23.756,24.876,27.378,bmi-girls-perc-who2007-exp.xlsx:bmi_girls_perc_WHO2007_exp
IMC_EDAD,F,150,-1.3621,18.3986,0.13295,,13.276,14.213,14.836,15.193,15.785,16.216,16.906,18.399,20.245,21.432,22.335,23.853,24.978,27.49,bmi-girls-perc-who2007-exp.xlsx:bmi_girls_perc_WHO2007_exp
IMC_EDAD,F,151,-1.3553,18.466,0.13321,,13.314,14.256,14.883,15.242,15.837,16.271,16.965,18.466,20.323,21.516,22.423,23.948,25.079,27.601,bmi-girls-perc-who2007-exp.xlsx:bmi_girls_perc_WHO2007_exp
IMC_EDAD,F,152,-1.3483,18.5333,0.13347,,13.351,14.299,14.93,15.291,15.889,16.325,17.024,18.533,20.4,21.6,22.511,24.044,25.179,27.712,bmi-girls-perc-who2007-exp.xlsx:bmi_girls_perc_WHO2007_exp
IMC_EDAD,F,153,-1.3413,18.6006,0.13372,,13.389,14.342,14.976,15.34,15.942,16.38,17.082,18.601,20.477,21.683,22.599,24.139,25.279,27.821,bmi-girls-perc-who2007-exp.xlsx:bmi_girls_perc_WHO2007_exp
IMC_EDAD,F,154,-1.3341,18.6677,0.13397,,13.426,14.385,15.023,15.388,15.994,16.435,17.141,18.668,20.555,21.766,22.687,24.233,25.378,27.929,bmi-girls-perc-who2007-exp.xlsx:bmi_girls_perc_WHO2007_exp
IMC_EDAD,F,155,-1.3269,18.7346,0.13421,,13.463,14.428,15.069,15.437,16.046,16.489,17.2,18.735,20.631,21.849,22.774,24.327,25.477,28.036,bmi-girls-perc-who2007-exp.xlsx:bmi_girls_perc_WHO2007_exp
IMC_EDAD,F,156,-1.3195,18.8012,0.13445,,13.499,14.47,15.115,15.485,16.097,16.544,17.258,18.801,20.708,21.931,22.86,24.42,25.574,28.143,bmi-girls-perc-who2007-exp.xlsx:bmi_girls_perc_WHO2007_exp
IMC_EDAD,F,157,-1.3121,18.8675,0.13469,,13.536,14.512,15.161,15.533,16.149,16.598,17.316,18.868,20.784,22.013,22.946,24.513,25.671,28.248,bmi-girls-perc-who2007-exp.xlsx:bmi_girls_perc_WHO2007_exp
IMC_EDAD,F,158,-1.3046,18.9335,0.13492,,13.572,14.554,15.207,15.581,16.2,16.651,17.373,18.934,20.859,22.094,23.032,24.605,25.767,28.352,bmi-girls-perc-who2007-exp.xlsx:bmi_girls_perc_WHO2007_exp
IMC_EDAD,F,159,-1.297,18.9991,0.13514,,13.608,14.595,15.252,15.628,16.251,16.705,17.431,18.999,20.934,22.175,23.116,24.695,25.862,28.454,bmi-girls-perc-who2007-exp.xlsx:bmi_girls_perc_WHO2007_exp
IMC_EDAD,F,160,-1.2894,19.0642,0.13537,,13.643,14.636,15.297,15.675,16.301,16.758,17.488,19.064,21.009,22.255,23.201,24.786,25.956,28.556,bmi-girls-perc-who2007-exp.xlsx:bmi_girls_perc_WHO2007_exp
IMC_EDAD,F,161,-1.2816,19.1289,0.13559,,13.678,14.677,15.341,15.722,16.351,16.81,17.544,19.129,21.083,22.335,23.284,24.875,26.05,28.655,bmi-girls-perc-who2007-exp.xlsx:bmi_girls_perc_WHO2007_exp
IMC_EDAD,F,162,-1.2739,19.1931,0.1358,,13.713,14.718,15.386,15.768,16.401,16.862,17.6,19.193,21.156,22.413,23.367,24.963,26.141,28.753,bmi-girls-perc-who2007-exp.xlsx:bmi_girls_perc_WHO2007_exp
IMC_EDAD,F,163,-1.2661,19.2567,0.13601,,13.748,14.758,15.429,15.814,16.451,16.914,17.656,19.257,21.229,22.491,23.448,25.05,26.232,28.85,bmi-girls-perc-who2007-exp.xlsx:bmi_girls_perc_WHO2007_exp
IMC_EDAD,F,164,-1.2583,19.3197,0.13622,,13.781,14.797,15.472,15.859,16.499,16.965,17.711,19.32,21.301,22.569,23.529,25.137,26.322,28.946,bmi-girls-perc-who2007-exp.xlsx:bmi_girls_perc_WHO2007_exp
IMC_EDAD,F,165,-1.2504,19.382,0.13642,,13.815,14.836,15.515,15.904,16.547,17.016,17.765,19.382,21.372,22.645,23.609,25.222,26.41,29.039,bmi-girls-perc-who2007-exp.xlsx:bmi_girls_perc_WHO2007_exp
IMC_EDAD,F,166,-1.2425,19.4437,0.13662,,13.848,14.875,15.557,15.948,16.595,17.066,17.819,19.444,21.443,22.72,23.688,25.306,26.497,29.132,bmi-girls-perc-who2007-exp.xlsx:bmi_girls_perc_WHO2007_exp
IMC_EDAD,F,167,-1.2345,19.5045,0.13681,,13.88,14.913,15.599,15.992,16.642,17.115,17.872,19.504,21.512,22.795,23.765,25.388,26.583,29.222,bmi-girls-perc-who2007-exp.xlsx:bmi_girls_perc_WHO2007_exp
IMC_EDAD,F,168,-1.2266,19.5647,0.137,,13.912,14.95,15.64,16.035,16.688,17.164,17.925,19.565,21.581,22.868,23.842,25.47,26.667,29.311,bmi-girls-perc-who2007-exp.xlsx:bmi_girls_perc_WHO2007_exp
IMC_EDAD,F,169,-1.2186,19.624,0.13719,,13.943,14.987,15.68,16.077,16.734,17.212,17.977,19.624,21.648,22.94,23.918,25.55,26.75,29.398,bmi-girls-perc-who2007-exp.xlsx:bmi_girls_perc_WHO2007_exp
IMC_EDAD,F,170,-1.2107,19.6824,0.13738,,13.973,15.023,15.72,16.119,16.779,17.259,18.028,19.682,21.715,23.012,23.992,25.629,26.832,29.484,bmi-girls-perc-who2007-exp.xlsx:bmi_girls_perc_WHO2007_exp
IMC_EDAD,F,171,-1.2027,19.74,0.13756,,14.003,15.058,15.759,16.16,16.823,17.306,18.078,19.74,21.781,23.082,24.065,25.707,26.912,29.568,bmi-girls-perc-who2007-exp.xlsx:bmi_girls_perc_WHO2007_exp
IMC_EDAD,F,172,-1.1947,19.7966,0.13774,,14.033,15.093,15.797,16.2,16.867,17.352,18.127,19.797,21.845,23.151,24.137,25.783,26.991,29.65,bmi-girls-perc-who2007-exp.xlsx:bmi_girls_perc_WHO2007_exp
IMC_EDAD,F,173,-1.1867,19.8523,0.13791,,14.061,15.127,15.834,16.239,16.909,17.397,18.176,19.852,21.909,23.219,24.208,25.857,27.067,29.729,bmi-girls-perc-who2007-exp.xlsx:bmi_girls_perc_WHO2007_exp
IMC_EDAD,F,174,-1.1788,19.907,0.13808,,14.089,15.16,15.871,16.278,16.951,17.441,18.223,19.907,21.971,23.285,24.277,25.93,27.143,29.808,bmi-girls-perc-who2007-exp.xlsx:bmi_girls_perc_WHO2007_exp
IMC_EDAD,F,175,-1.1708,19.9607,0.13825,,14.116,15.193,15.907,16.316,16.992,17.484,18.27,19.961,22.032,23.35,24.345,26.002,27.217,29.884,bmi-girls-perc-who2007-exp.xlsx:bmi_girls_perc_WHO2007_exp
IMC_EDAD,F,176,-1.1629,20.0133,0.13841,,14.143,15.224,15.942,16.353,17.033,17.527,18.316,20.013,22.092,23.414,24.411,26.072,27.288,29.958,bmi-girls-perc-who2007-exp.xlsx:bmi_girls_perc_WHO2007_exp
IMC_EDAD,F,177,-1.1549,20.0648,0.13858,,14.168,15.255,15.976,16.389,17.072,17.568,18.361,20.065,22.151,23.477,24.477,26.141,27.359,30.031,bmi-girls-perc-who2007-exp.xlsx:bmi_girls_perc_WHO2007_exp
IMC_EDAD,F,178,-1.147,20.1152,0.13873,,14.194,15.285,16.01,16.425,17.11,17.609,18.404,20.115,22.208,23.538,24.54,26.207,27.427,30.1,bmi-girls-perc-who2007-exp.xlsx:bmi_girls_perc_WHO2007_exp
IMC_EDAD,F,179,-1.139,20.1644,0.13889,,14.218,15.314,16.042,16.459,17.147,17.648,18.447,20.164,22.264,23.598,24.602,26.273,27.494,30.169,bmi-girls-perc-who2007-exp.xlsx:bmi_girls_perc_WHO2007_exp
IMC_EDAD,F,180,-1.1311,20.2125,0.13904,,14.241,15.343,16.074,16.492,17.184,17.687,18.489,20.212,22.319,23.656,24.663,26.336,27.559,30.235,bmi-girls-perc-who2007-exp.xlsx:bmi_girls_perc_WHO2007_exp
IMC_EDAD,F,181,-1.1232,20.2595,0.1392,,14.263,15.37,16.105,16.525,17.219,17.724,18.529,20.26,22.373,23.713,24.722,26.398,27.623,30.3,bmi-girls-perc-who2007-exp.xlsx:bmi_girls_perc_WHO2007_exp
IMC_EDAD,F,182,-1.1153,20.3053,0.13934,,14.285,15.397,16.135,16.557,17.254,17.761,18.569,20.305,22.425,23.768,24.779,26.458,27.684,30.361,bmi-girls-perc-who2007-exp.xlsx:bmi_girls_perc_WHO2007_exp
IMC_EDAD,F,183,-1.1074,20.3499,0.13949,,14.306,15.423,16.164,16.587,17.287,17.796,18.608,20.35,22.476,23.822,24.836,26.517,27.744,30.422,bmi-girls-perc-who2007-exp.xlsx:bmi_girls_perc_WHO2007_exp
IMC_EDAD,F,184,-1.0996,20.3934,0.13963,,14.326,15.448,16.192,16.617,17.32,17.831,18.645,20.393,22.525,23.875,24.89,26.574,27.802,30.48,bmi-girls-perc-who2007-exp.xlsx:bmi_girls_perc_WHO2007_exp
IMC_EDAD,F,185,-1.0917,20.4357,0.13977,,14.345,15.472,16.219,16.646,17.352,17.864,18.682,20.436,22.573,23.926,24.943,26.629,27.858,30.536,bmi-girls-perc-who2007-exp.xlsx:bmi_girls_perc_WHO2007_exp
IMC_EDAD,F,186,-1.0838,20.4769,0.13991,,14.364,15.495,16.245,16.674,17.382,17.897,18.717,20.477,22.62,23.976,24.995,26.683,27.913,30.591,bmi-girls-perc-who2007-exp.xlsx:bmi_girls_perc_WHO2007_exp
IMC_EDAD,F,187,-1.076,20.517,0.14005,,14.381,15.517,16.27,16.701,17.412,17.928,18.752,20.517,22.666,24.025,25.045,26.735,27.966,30.643,bmi-girls-perc-who2007-exp.xlsx:bmi_girls_perc_WHO2007_exp
IMC_EDAD,F,188,-1.0681,20.556,0.14018,,14.398,15.539,16.295,16.727,17.441,17.959,18.785,20.556,22.71,24.072,25.094,26.785,28.017,30.693,bmi-girls-perc-who2007-exp.xlsx:bmi_girls_perc_WHO2007_exp
IMC_EDAD,F,189,-1.0603,20.5938,0.14031,,14.415,15.56,16.319,16.752,17.469,17.989,18.818,20.594,22.754,24.117,25.141,26.834,28.066,30.742,bmi-girls-perc-who2007-exp.xlsx:bmi_girls_perc_WHO2007_exp
IMC_EDAD,F,190,-1.0525,20.6306,0.14044,,14.43,15.58,16.342,16.777,17.496,18.018,18.849,20.631,22.795,24.162,25.187,26.882,28.114,30.789,bmi-girls-perc-who2007-exp.xlsx:bmi_girls_perc_WHO2007_exp
IMC_EDAD,F,191,-1.0447,20.6663,0.14057,,14.445,15.599,16.363,16.8,17.522,18.045,18.88,20.666,22.836,24.205,25.231,26.928,28.16,30.834,bmi-girls-perc-who2007-exp.xlsx:bmi_girls_perc_WHO2007_exp
IMC_EDAD,F,192,-1.0368,20.7008,0.1407,,14.458,15.617,16.384,16.823,17.547,18.072,18.909,20.701,22.876,24.247,25.274,26.972,28.205,30.877,bmi-girls-perc-who2007-exp.xlsx:bmi_girls_perc_WHO2007_exp
IMC_EDAD,F,193,-1.029,20.7344,0.14082,,14.472,15.635,16.405,16.845,17.571,18.098,18.938,20.734,22.914,24.287,25.316,27.015,28.248,30.918,bmi-girls-perc-who2007-exp.xlsx:bmi_girls_perc_WHO2007_exp
IMC_EDAD,F,194,-1.0212,20.7668,0.14094,,14.484,15.651,16.424,16.866,17.595,18.123,18.966,20.767,22.951,24.326,25.356,27.056,28.289,30.957,bmi-girls-perc-who2007-exp.xlsx:bmi_girls_perc_WHO2007_exp
IMC_EDAD,F,195,-1.0134,20.7982,0.14106,,14.496,15.667,16.443,16.886,17.617,18.148,18.992,20.798,22.987,24.364,25.395,27.096,28.329,30.995,bmi-girls-perc-who2007-exp.xlsx:bmi_girls_perc_WHO2007_exp
IMC_EDAD,F,196,-1.0055,20.8286,0.14118,,14.506,15.682,16.461,16.905,17.639,18.171,19.018,20.829,23.021,24.4,25.433,27.134,28.367,31.031,bmi-girls-perc-who2007-exp.xlsx:bmi_girls_perc_WHO2007_exp
IMC_EDAD,F,197,-0.9977,20.858,0.1413,,14.517,15.697,16.478,16.924,17.66,18.193,19.043,20.858,23.055,24.436,25.469,27.171,28.404,31.065,bmi-girls-perc-who2007-exp.xlsx:bmi_girls_perc_WHO2007_exp
IMC_EDAD,F,198,-0.9898,20.8863,0.14142,,14.526,15.71,16.494,16.941,17.679,18.215,19.067,20.886,23.087,24.47,25.504,27.207,28.439,31.098,bmi-girls-perc-who2007-exp.xlsx:bmi_girls_perc_WHO2007_exp
IMC_EDAD,F,199,-0.9819,20.9137,0.14153,,14.535,15.723,16.509,16.958,17.699,18.235,19.09,20.914,23.119,24.503,25.538,27.241,28.473,31.128,bmi-girls-perc-who2007-exp.xlsx:bmi_girls_perc_WHO2007_exp
IMC_EDAD,F,200,-0.974,20.9401,0.14164,,14.543,15.735,16.524,16.974,17.717,18.255,19.112,20.94,23.149,24.535,25.57,27.273,28.505,31.157,bmi-girls-perc-who2007-exp.xlsx:bmi_girls_perc_WHO2007_exp
IMC_EDAD,F,201,-0.9661,20.9656,0.14176,,14.55,15.746,16.538,16.989,17.734,18.274,19.133,20.966,23.178,24.565,25.601,27.305,28.536,31.186,bmi-girls-perc-who2007-exp.xlsx:bmi_girls_perc_WHO2007_exp
IMC_EDAD,F,202,-0.9582,20.9901,0.14187,,14.556,15.757,16.551,17.004,17.751,18.292,19.154,20.99,23.206,24.595,25.631,27.335,28.566,31.212,bmi-girls-perc-who2007-exp.xlsx:bmi_girls_perc_WHO2007_exp
IMC_EDAD,F,203,-0.9503,21.0138,0.14198,,14.562,15.767,16.564,17.018,17.767,18.31,19.173,21.014,23.233,24.623,25.66,27.364,28.594,31.236,bmi-girls-perc-who2007-exp.xlsx:bmi_girls_perc_WHO2007_exp
IMC_EDAD,F,204,-0.9423,21.0367,0.14208,,14.568,15.777,16.576,17.031,17.783,18.327,19.193,21.037,23.259,24.651,25.688,27.392,28.62,31.259,bmi-girls-perc-who2007-exp.xlsx:bmi_girls_perc_WHO2007_exp
IMC_EDAD,F,205,-0.9344,21.0587,0.14219,,14.573,15.785,16.587,17.044,17.797,18.343,19.211,21.059,23.285,24.677,25.715,27.418,28.646,31.281,bmi-girls-perc-who2007-exp.xlsx:bmi_girls_perc_WHO2007_exp
IMC_EDAD,F,206,-0.9264,21.0801,0.1423,,14.577,15.793,16.597,17.056,17.811,18.358,19.228,21.08,23.309,24.703,25.741,27.444,28.672,31.302,bmi-girls-perc-who2007-exp.xlsx:bmi_girls_perc_WHO2007_exp
IMC_EDAD,F,207,-0.9184,21.1007,0.1424,,14.581,15.801,16.607,17.067,17.825,18.373,19.245,21.101,23.333,24.727,25.766,27.469,28.695,31.321,bmi-girls-perc-who2007-exp.xlsx:bmi_girls_perc_WHO2007_exp
IMC_EDAD,F,208,-0.9104,21.1206,0.1425,,14.584,15.808,16.617,17.078,17.838,18.388,19.262,21.121,23.355,24.751,25.79,27.492,28.717,31.339,bmi-girls-perc-who2007-exp.xlsx:bmi_girls_perc_WHO2007_exp
IMC_EDAD,F,209,-0.9024,21.1399,0.14261,,14.587,15.815,16.626,17.088,17.85,18.401,19.277,21.14,23.378,24.774,25.813,27.515,28.739,31.357,bmi-girls-perc-who2007-exp.xlsx:bmi_girls_perc_WHO2007_exp
IMC_EDAD,F,210,-0.8944,21.1586,0.14271,,14.589,15.821,16.635,17.098,17.862,18.414,19.292,21.159,23.399,24.796,25.836,27.537,28.76,31.373,bmi-girls-perc-who2007-exp.xlsx:bmi_girls_perc_WHO2007_exp
IMC_EDAD,F,211,-0.8863,21.1768,0.14281,,14.591,15.827,16.643,17.108,17.873,18.427,19.307,21.177,23.42,24.818,25.857,27.558,28.78,31.388,bmi-girls-perc-who2007-exp.xlsx:bmi_girls_perc_WHO2007_exp
IMC_EDAD,F,212,-0.8783,21.1944,0.14291,,14.593,15.832,16.65,17.116,17.884,18.439,19.321,21.194,23.44,24.839,25.878,27.578,28.799,31.403,bmi-girls-perc-who2007-exp.xlsx:bmi_girls_perc_WHO2007_exp
IMC_EDAD,F,213,-0.8703,21.2116,0.14301,,14.594,15.837,16.658,17.125,17.895,18.451,19.335,21.212,23.46,24.859,25.899,27.598,28.817,31.417,bmi-girls-perc-who2007-exp.xlsx:bmi_girls_perc_WHO2007_exp
IMC_EDAD,F,214,-0.8623,21.2282,0.14311,,14.595,15.842,16.665,17.133,17.905,18.463,19.348,21.228,23.479,24.879,25.919,27.617,28.835,31.43,bmi-girls-perc-who2007-exp.xlsx:bmi_girls_perc_WHO2007_exp
IMC_EDAD,F,215,-0.8542,21.2444,0.1432,,14.596,15.846,16.671,17.141,17.915,18.474,19.361,21.244,23.498,24.898,25.938,27.635,28.852,31.441,bmi-girls-perc-who2007-exp.xlsx:bmi_girls_perc_WHO2007_exp
IMC_EDAD,F,216,-0.8462,21.2603,0.1433,,14.596,15.85,16.678,17.149,17.924,18.485,19.374,21.26,23.516,24.917,25.957,27.653,28.868,31.453,bmi-girls-perc-who2007-exp.xlsx:bmi_girls_perc_WHO2007_exp
IMC_EDAD,F,217,-0.8382,21.2757,0.1434,,14.596,15.854,16.683,17.156,17.933,18.495,19.386,21.276,23.534,24.936,25.975,27.671,28.884,31.464,bmi-girls-perc-who2007-exp.xlsx:bmi_girls_perc_WHO2007_exp
IMC_EDAD,F,218,-0.8301,21.2908,0.14349,,14.596,15.857,16.689,17.163,17.942,18.505,19.398,21.291,23.551,24.953,25.993,27.687,28.899,31.474,bmi-girls-perc-who2007-exp.xlsx:bmi_girls_perc_WHO2007_exp
IMC_EDAD,F,219,-0.8221,21.3055,0.14359,,14.595,15.86,16.694,17.169,17.95,18.515,19.41,21.306,23.568,24.971,26.01,27.704,28.915,31.484,bmi-girls-perc-who2007-exp.xlsx:bmi_girls_perc_WHO2007_exp
IMC_EDAD,F,220,-0.814,21.32,0.14368,,14.594,15.863,16.7,17.176,17.959,18.524,19.421,21.32,23.585,24.988,26.027,27.719,28.929,31.493,bmi-girls-perc-who2007-exp.xlsx:bmi_girls_perc_WHO2007_exp
IMC_EDAD,F,221,-0.806,21.3341,0.14377,,14.593,15.866,16.705,17.182,17.967,18.534,19.432,21.334,23.601,25.004,26.043,27.734,28.942,31.502,bmi-girls-perc-who2007-exp.xlsx:bmi_girls_perc_WHO2007_exp
IMC_EDAD,F,222,-0.798,21.348,0.14386,,14.592,15.869,16.709,17.188,17.975,18.543,19.443,21.348,23.617,25.021,26.059,27.749,28.956,31.51,bmi-girls-perc-who2007-exp.xlsx:bmi_girls_perc_WHO2007_exp
IMC_EDAD,F,223,-0.7899,21.3617,0.14396,,14.59,15.871,16.714,17.193,17.982,18.552,19.454,21.362,23.633,25.037,26.076,27.764,28.969,31.519,bmi-girls-perc-who2007-exp.xlsx:bmi_girls_perc_WHO2007_exp
IMC_EDAD,F,224,-0.7819,21.3752,0.14405,,14.589,15.873,16.718,17.199,17.99,18.56,19.464,21.375,23.648,25.053,26.091,27.779,28.982,31.526,bmi-girls-perc-who2007-exp.xlsx:bmi_girls_perc_WHO2007_exp
IMC_EDAD,F,225,-0.7738,21.3884,0.14414,,14.587,15.875,16.722,17.204,17.997,18.569,19.475,21.388,23.663,25.068,26.106,27.793,28.995,31.533,bmi-girls-perc-who2007-exp.xlsx:bmi_girls_perc_WHO2007_exp
IMC_EDAD,F,226,-0.7658,21.4014,0.14423,,14.585,15.876,16.726,17.21,18.004,18.577,19.485,21.401,23.678,25.084,26.121,27.807,29.007,31.54,bmi-girls-perc-who2007-exp.xlsx:bmi_girls_perc_WHO2007_exp
IMC_EDAD,F,227,-0.7577,21.4143,0.14432,,14.583,15.878,16.73,17.215,18.011,18.585,19.495,21.414,23.693,25.099,26.136,27.82,29.019,31.547,bmi-girls-perc-who2007-exp.xlsx:bmi_girls_perc_WHO2007_exp
IMC_EDAD,F,228,-0.7496,21.4269,0.14441,,14.58,15.879,16.734,17.22,18.017,18.593,19.504,21.427,23.707,25.113,26.151,27.833,29.03,31.553,bmi-girls-perc-who2007-exp.xlsx:bmi_girls_perc_WHO2007_exp
IMC_EDAD,M,61,-0.7387,15.2641,0.0839,,12.041,12.72,13.148,13.384,13.764,14.03,14.441,15.264,16.172,16.7,17.074,17.656,18.052,18.845,bmi-boys-perc-who2007-exp.xlsx:bmi_boys_perc_WHO2007_exp
IMC_EDAD,M,62,-0.7621,15.2616,0.08414,,12.039,12.716,13.144,13.38,13.759,14.026,14.437,15.262,16.173,16.703,17.079,17.665,18.065,18.865,bmi-boys-perc-who2007-exp.xlsx:bmi_boys_perc_WHO2007_exp
IMC_EDAD,M,63,-0.7856,15.2604,0.08439,,12.037,12.714,13.14,13.377,13.756,14.023,14.434,15.26,16.175,16.708,17.086,17.677,18.08,18.887,bmi-boys-perc-who2007-exp.xlsx:bmi_boys_perc_WHO2007_exp
IMC_EDAD,M,64,-0.8089,15.2605,0.08464,,12.037,12.712,13.138,13.374,13.754,14.02,14.432,15.26,16.179,16.714,17.095,17.689,18.096,18.911,bmi-boys-perc-who2007-exp.xlsx:bmi_boys_perc_WHO2007_exp
IMC_EDAD,M,65,-0.8322,15.2619,0.0849,,12.038,12.711,13.137,13.373,13.752,14.019,14.432,15.262,16.184,16.722,17.106,17.704,18.114,18.937,bmi-boys-perc-who2007-exp.xlsx:bmi_boys_perc_WHO2007_exp
IMC_EDAD,M,66,-0.8554,15.2645,0.08516,,12.039,12.712,13.137,13.373,13.752,14.019,14.432,15.264,16.191,16.732,17.118,17.721,18.134,18.965,bmi-boys-perc-who2007-exp.xlsx:bmi_boys_perc_WHO2007_exp
IMC_EDAD,M,67,-0.8785,15.2684,0.08543,,12.042,12.713,13.138,13.374,13.753,14.02,14.434,15.268,16.198,16.743,17.131,17.739,18.156,18.995,bmi-boys-perc-who2007-exp.xlsx:bmi_boys_perc_WHO2007_exp
IMC_EDAD,M,68,-0.9015,15.2737,0.0857,,12.045,12.715,13.14,13.376,13.755,14.023,14.437,15.274,16.208,16.755,17.146,17.759,18.18,19.028,bmi-boys-perc-who2007-exp.xlsx:bmi_boys_perc_WHO2007_exp
IMC_EDAD,M,69,-0.9243,15.2801,0.08597,,12.049,12.718,13.143,13.379,13.758,14.026,14.441,15.28,16.218,16.769,17.163,17.78,18.205,19.062,bmi-boys-perc-who2007-exp.xlsx:bmi_boys_perc_WHO2007_exp
IMC_EDAD,M,70,-0.9471,15.2877,0.08625,,12.054,12.722,13.146,13.382,13.762,14.031,14.446,15.288,16.23,16.784,17.181,17.804,18.232,19.098,bmi-boys-perc-who2007-exp.xlsx:bmi_boys_perc_WHO2007_exp
IMC_EDAD,M,71,-0.9697,15.2965,0.08653,,12.06,12.727,13.151,13.387,13.767,14.036,14.452,15.296,16.244,16.801,17.201,17.828,18.261,19.136,bmi-boys-perc-who2007-exp.xlsx:bmi_boys_perc_WHO2007_exp
IMC_EDAD,M,72,-0.9921,15.3062,0.08682,,12.066,12.733,13.157,13.393,13.773,14.042,14.459,15.306,16.258,16.819,17.221,17.854,18.291,19.176,bmi-boys-perc-who2007-exp.xlsx:bmi_boys_perc_WHO2007_exp
IMC_EDAD,M,73,-1.0144,15.3169,0.08711,,12.073,12.739,13.163,13.399,13.78,14.049,14.467,15.317,16.273,16.838,17.244,17.882,18.323,19.217,bmi-boys-perc-who2007-exp.xlsx:bmi_boys_perc_WHO2007_exp
IMC_EDAD,M,74,-1.0365,15.3285,0.08741,,12.08,12.746,13.17,13.406,13.787,14.057,14.476,15.328,16.29,16.858,17.267,17.911,18.356,19.261,bmi-boys-perc-who2007-exp.xlsx:bmi_boys_perc_WHO2007_exp
IMC_EDAD,M,75,-1.0584,15.3408,0.08771,,12.088,12.753,13.177,13.413,13.795,14.065,14.485,15.341,16.307,16.879,17.291,17.941,18.39,19.305,bmi-boys-perc-who2007-exp.xlsx:bmi_boys_perc_WHO2007_exp
IMC_EDAD,M,76,-1.0801,15.354,0.08802,,12.096,12.761,13.185,13.422,13.804,14.075,14.495,15.354,16.326,16.902,17.317,17.972,18.426,19.352,bmi-boys-perc-who2007-exp.xlsx:bmi_boys_perc_WHO2007_exp
IMC_EDAD,M,77,-1.1017,15.3679,0.08833,,12.105,12.769,13.193,13.43,13.813,14.084,14.506,15.368,16.345,16.925,17.343,18.004,18.463,19.4,bmi-boys-perc-who2007-exp.xlsx:bmi_boys_perc_WHO2007_exp
IMC_EDAD,M,78,-1.123,15.3825,0.08865,,12.114,12.778,13.202,13.439,13.823,14.095,14.518,15.382,16.365,16.949,17.37,18.038,18.501,19.449,bmi-boys-perc-who2007-exp.xlsx:bmi_boys_perc_WHO2007_exp
IMC_EDAD,M,79,-1.1441,15.3978,0.08898,,12.124,12.787,13.212,13.449,13.833,14.105,14.529,15.398,16.386,16.974,17.399,18.073,18.541,19.501,bmi-boys-perc-who2007-exp.xlsx:bmi_boys_perc_WHO2007_exp
IMC_EDAD,M,80,-1.1649,15.4137,0.08931,,12.133,12.797,13.222,13.459,13.843,14.117,14.542,15.414,16.407,17.0,17.428,18.108,18.582,19.553,bmi-boys-perc-who2007-exp.xlsx:bmi_boys_perc_WHO2007_exp
IMC_EDAD,M,81,-1.1856,15.4302,0.08964,,12.143,12.807,13.232,13.47,13.855,14.128,14.555,15.43,16.429,17.026,17.458,18.145,18.623,19.607,bmi-boys-perc-who2007-exp.xlsx:bmi_boys_perc_WHO2007_exp
IMC_EDAD,M,82,-1.206,15.4473,0.08998,,12.154,12.817,13.242,13.481,13.866,14.141,14.569,15.447,16.452,17.054,17.489,18.183,18.666,19.662,bmi-boys-perc-who2007-exp.xlsx:bmi_boys_perc_WHO2007_exp
IMC_EDAD,M,83,-1.2261,15.465,0.09033,,12.164,12.828,13.253,13.492,13.878,14.153,14.582,15.465,16.476,17.082,17.521,18.221,18.71,19.719,bmi-boys-perc-who2007-exp.xlsx:bmi_boys_perc_WHO2007_exp
IMC_EDAD,M,84,-1.246,15.4832,0.09068,,12.175,12.839,13.265,13.504,13.891,14.166,14.597,15.483,16.5,17.111,17.554,18.261,18.756,19.777,bmi-boys-perc-who2007-exp.xlsx:bmi_boys_perc_WHO2007_exp
IMC_EDAD,M,85,-1.2656,15.5019,0.09103,,12.186,12.85,13.276,13.516,13.904,14.18,14.612,15.502,16.525,17.14,17.588,18.301,18.801,19.836,bmi-boys-perc-who2007-exp.xlsx:bmi_boys_perc_WHO2007_exp
IMC_EDAD,M,86,-1.2849,15.521,0.09139,,12.198,12.861,13.288,13.528,13.917,14.194,14.627,15.521,16.55,17.17,17.622,18.343,18.848,19.896,bmi-boys-perc-who2007-exp.xlsx:bmi_boys_perc_WHO2007_exp
IMC_EDAD,M,87,-1.304,15.5407,0.09176,,12.209,12.873,13.301,13.54,13.93,14.208,14.643,15.541,16.577,17.202,17.657,18.385,18.897,19.958,bmi-boys-perc-who2007-exp.xlsx:bmi_boys_perc_WHO2007_exp
IMC_EDAD,M,88,-1.3228,15.5608,0.09213,,12.221,12.885,13.313,13.553,13.944,14.223,14.659,15.561,16.603,17.233,17.692,18.428,18.945,20.021,bmi-boys-perc-who2007-exp.xlsx:bmi_boys_perc_WHO2007_exp
IMC_EDAD,M,89,-1.3414,15.5814,0.09251,,12.232,12.897,13.326,13.567,13.958,14.238,14.675,15.581,16.631,17.265,17.729,18.472,18.996,20.086,bmi-boys-perc-who2007-exp.xlsx:bmi_boys_perc_WHO2007_exp
IMC_EDAD,M,90,-1.3596,15.6023,0.09289,,12.244,12.909,13.339,13.58,13.972,14.253,14.692,15.602,16.658,17.298,17.766,18.517,19.047,20.151,bmi-boys-perc-who2007-exp.xlsx:bmi_boys_perc_WHO2007_exp
IMC_EDAD,M,91,-1.3776,15.6237,0.09327,,12.257,12.922,13.352,13.594,13.987,14.268,14.709,15.624,16.686,17.332,17.803,18.562,19.098,20.218,bmi-boys-perc-who2007-exp.xlsx:bmi_boys_perc_WHO2007_exp
IMC_EDAD,M,92,-1.3953,15.6455,0.09366,,12.269,12.935,13.365,13.608,14.002,14.284,14.726,15.646,16.715,17.366,17.842,18.609,19.151,20.286,bmi-boys-perc-who2007-exp.xlsx:bmi_boys_perc_WHO2007_exp
IMC_EDAD,M,93,-1.4126,15.6677,0.09406,,12.281,12.948,13.379,13.622,14.017,14.3,14.744,15.668,16.744,17.4,17.881,18.656,19.205,20.356,bmi-boys-perc-who2007-exp.xlsx:bmi_boys_perc_WHO2007_exp
IMC_EDAD,M,94,-1.4297,15.6903,0.09445,,12.294,12.961,13.393,13.636,14.033,14.317,14.762,15.69,16.774,17.435,17.921,18.704,19.259,20.426,bmi-boys-perc-who2007-exp.xlsx:bmi_boys_perc_WHO2007_exp
IMC_EDAD,M,95,-1.4464,15.7133,0.09486,,12.307,12.975,13.407,13.651,14.049,14.333,14.781,15.713,16.804,17.471,17.961,18.753,19.315,20.498,bmi-boys-perc-who2007-exp.xlsx:bmi_boys_perc_WHO2007_exp
IMC_EDAD,M,96,-1.4629,15.7368,0.09526,,12.32,12.988,13.422,13.666,14.065,14.35,14.799,15.737,16.835,17.508,18.002,18.802,19.371,20.57,bmi-boys-perc-who2007-exp.xlsx:bmi_boys_perc_WHO2007_exp
IMC_EDAD,M,97,-1.479,15.7606,0.09567,,12.333,13.002,13.436,13.681,14.081,14.368,14.819,15.761,16.867,17.544,18.044,18.852,19.428,20.645,bmi-boys-perc-who2007-exp.xlsx:bmi_boys_perc_WHO2007_exp
IMC_EDAD,M,98,-1.4947,15.7848,0.09609,,12.346,13.016,13.451,13.697,14.098,14.385,14.838,15.785,16.898,17.582,18.086,18.904,19.486,20.72,bmi-boys-perc-who2007-exp.xlsx:bmi_boys_perc_WHO2007_exp
IMC_EDAD,M,99,-1.5101,15.8094,0.09651,,12.359,13.03,13.466,13.712,14.115,14.403,14.858,15.809,16.931,17.62,18.129,18.956,19.545,20.797,bmi-boys-perc-who2007-exp.xlsx:bmi_boys_perc_WHO2007_exp
IMC_EDAD,M,100,-1.5252,15.8344,0.09693,,12.373,13.045,13.482,13.728,14.132,14.421,14.878,15.834,16.963,17.659,18.172,19.008,19.605,20.874,bmi-boys-perc-who2007-exp.xlsx:bmi_boys_perc_WHO2007_exp
IMC_EDAD,M,101,-1.5399,15.8597,0.09735,,12.386,13.059,13.497,13.745,14.149,14.44,14.898,15.86,16.996,17.698,18.216,19.061,19.666,20.953,bmi-boys-perc-who2007-exp.xlsx:bmi_boys_perc_WHO2007_exp
IMC_EDAD,M,102,-1.5542,15.8855,0.09778,,12.4,13.074,13.513,13.761,14.167,14.459,14.919,15.886,17.03,17.738,18.261,19.115,19.727,21.033,bmi-boys-perc-who2007-exp.xlsx:bmi_boys_perc_WHO2007_exp
IMC_EDAD,M,103,-1.5681,15.9116,0.09821,,12.414,13.089,13.529,13.778,14.185,14.478,14.94,15.912,17.064,17.778,18.306,19.17,19.789,21.114,bmi-boys-perc-who2007-exp.xlsx:bmi_boys_perc_WHO2007_exp
IMC_EDAD,M,104,-1.5817,15.9381,0.09864,,12.428,13.104,13.545,13.795,14.203,14.497,14.961,15.938,17.099,17.818,18.352,19.225,19.852,21.196,bmi-boys-perc-who2007-exp.xlsx:bmi_boys_perc_WHO2007_exp
IMC_EDAD,M,105,-1.5948,15.9651,0.09907,,12.442,13.12,13.562,13.812,14.222,14.517,14.983,15.965,17.134,17.86,18.399,19.281,19.916,21.278,bmi-boys-perc-who2007-exp.xlsx:bmi_boys_perc_WHO2007_exp
IMC_EDAD,M,106,-1.6076,15.9925,0.09951,,12.457,13.135,13.579,13.83,14.241,14.537,15.005,15.992,17.17,17.902,18.446,19.338,19.981,21.363,bmi-boys-perc-who2007-exp.xlsx:bmi_boys_perc_WHO2007_exp
IMC_EDAD,M,107,-1.6199,16.0205,0.09994,,12.472,13.152,13.596,13.848,14.26,14.558,15.028,16.02,17.206,17.944,18.493,19.395,20.046,21.448,bmi-boys-perc-who2007-exp.xlsx:bmi_boys_perc_WHO2007_exp
IMC_EDAD,M,108,-1.6318,16.049,0.10038,,12.487,13.168,13.614,13.866,14.28,14.579,15.051,16.049,17.243,17.987,18.542,19.453,20.112,21.534,bmi-boys-perc-who2007-exp.xlsx:bmi_boys_perc_WHO2007_exp
IMC_EDAD,M,109,-1.6433,16.0781,0.10082,,12.502,13.185,13.632,13.885,14.3,14.6,15.074,16.078,17.28,18.031,18.591,19.513,20.18,21.622,bmi-boys-perc-who2007-exp.xlsx:bmi_boys_perc_WHO2007_exp
IMC_EDAD,M,110,-1.6544,16.1078,0.10126,,12.518,13.202,13.65,13.904,14.321,14.622,15.098,16.108,17.319,18.076,18.641,19.573,20.248,21.711,bmi-boys-perc-who2007-exp.xlsx:bmi_boys_perc_WHO2007_exp
IMC_EDAD,M,111,-1.6651,16.1381,0.1017,,12.534,13.22,13.669,13.924,14.343,14.645,15.123,16.138,17.357,18.121,18.692,19.634,20.317,21.801,bmi-boys-perc-who2007-exp.xlsx:bmi_boys_perc_WHO2007_exp
IMC_EDAD,M,112,-1.6753,16.1692,0.10214,,12.55,13.238,13.689,13.944,14.364,14.668,15.149,16.169,17.397,18.168,18.744,19.696,20.388,21.892,bmi-boys-perc-who2007-exp.xlsx:bmi_boys_perc_WHO2007_exp
IMC_EDAD,M,113,-1.6851,16.2009,0.10259,,12.567,13.256,13.708,13.965,14.387,14.691,15.175,16.201,17.438,18.215,18.797,19.759,20.459,21.985,bmi-boys-perc-who2007-exp.xlsx:bmi_boys_perc_WHO2007_exp
IMC_EDAD,M,114,-1.6944,16.2333,0.10303,,12.584,13.275,13.729,13.986,14.41,14.716,15.201,16.233,17.479,18.263,18.85,19.823,20.531,22.078,bmi-boys-perc-who2007-exp.xlsx:bmi_boys_perc_WHO2007_exp
IMC_EDAD,M,115,-1.7032,16.2665,0.10347,,12.602,13.295,13.75,14.008,14.433,14.741,15.228,16.266,17.521,18.311,18.905,19.887,20.605,22.173,bmi-boys-perc-who2007-exp.xlsx:bmi_boys_perc_WHO2007_exp
IMC_EDAD,M,116,-1.7116,16.3004,0.10391,,12.62,13.315,13.771,14.031,14.458,14.766,15.256,16.3,17.564,18.361,18.96,19.953,20.679,22.269,bmi-boys-perc-who2007-exp.xlsx:bmi_boys_perc_WHO2007_exp
IMC_EDAD,M,117,-1.7196,16.3351,0.10435,,12.639,13.336,13.794,14.054,14.483,14.793,15.285,16.335,17.608,18.412,19.016,20.02,20.754,22.366,bmi-boys-perc-who2007-exp.xlsx:bmi_boys_perc_WHO2007_exp
IMC_EDAD,M,118,-1.7271,16.3704,0.10478,,12.658,13.357,13.816,14.078,14.508,14.82,15.314,16.37,17.652,18.462,19.073,20.087,20.83,22.463,bmi-boys-perc-who2007-exp.xlsx:bmi_boys_perc_WHO2007_exp
IMC_EDAD,M,119,-1.7341,16.4065,0.10522,,12.677,13.379,13.84,14.102,14.534,14.847,15.344,16.406,17.697,18.515,19.13,20.155,20.907,22.562,bmi-boys-perc-who2007-exp.xlsx:bmi_boys_perc_WHO2007_exp
IMC_EDAD,M,120,-1.7407,16.4433,0.10566,,12.697,13.401,13.863,14.127,14.561,14.875,15.375,16.443,17.743,18.568,19.189,20.225,20.985,22.662,bmi-boys-perc-who2007-exp.xlsx:bmi_boys_perc_WHO2007_exp
IMC_EDAD,M,121,-1.7468,16.4807,0.10609,,12.718,13.423,13.888,14.152,14.588,14.904,15.406,16.481,17.79,18.621,19.248,20.294,21.063,22.762,bmi-boys-perc-who2007-exp.xlsx:bmi_boys_perc_WHO2007_exp
IMC_EDAD,M,122,-1.7525,16.5189,0.10652,,12.738,13.446,13.913,14.178,14.616,14.933,15.438,16.519,17.837,18.675,19.308,20.365,21.142,22.864,bmi-boys-perc-who2007-exp.xlsx:bmi_boys_perc_WHO2007_exp
IMC_EDAD,M,123,-1.7578,16.5578,0.10695,,12.76,13.47,13.938,14.205,14.644,14.963,15.471,16.558,17.886,18.73,19.369,20.436,21.223,22.966,bmi-boys-perc-who2007-exp.xlsx:bmi_boys_perc_WHO2007_exp
IMC_EDAD,M,124,-1.7626,16.5974,0.10738,,12.781,13.494,13.964,14.232,14.673,14.994,15.504,16.597,17.935,18.786,19.431,20.509,21.304,23.069,bmi-boys-perc-who2007-exp.xlsx:bmi_boys_perc_WHO2007_exp
IMC_EDAD,M,125,-1.767,16.6376,0.1078,,12.803,13.519,13.99,14.259,14.703,15.025,15.538,16.638,17.984,18.843,19.493,20.581,21.385,23.173,bmi-boys-perc-who2007-exp.xlsx:bmi_boys_perc_WHO2007_exp
IMC_EDAD,M,126,-1.771,16.6786,0.10823,,12.826,13.544,14.017,14.287,14.733,15.056,15.572,16.679,18.035,18.9,19.556,20.656,21.468,23.278,bmi-boys-perc-who2007-exp.xlsx:bmi_boys_perc_WHO2007_exp
IMC_EDAD,M,127,-1.7745,16.7203,0.10865,,12.849,13.569,14.045,14.316,14.764,15.089,15.607,16.72,18.086,18.958,19.62,20.73,21.551,23.383,bmi-boys-perc-who2007-exp.xlsx:bmi_boys_perc_WHO2007_exp
IMC_EDAD,M,128,-1.7777,16.7628,0.10906,,12.872,13.596,14.073,14.346,14.796,15.122,15.643,16.763,18.138,19.017,19.685,20.805,21.635,23.488,bmi-boys-perc-who2007-exp.xlsx:bmi_boys_perc_WHO2007_exp
IMC_EDAD,M,129,-1.7804,16.8059,0.10948,,12.896,13.622,14.102,14.376,14.828,15.156,15.679,16.806,18.191,19.077,19.75,20.881,21.72,23.595,bmi-boys-perc-who2007-exp.xlsx:bmi_boys_perc_WHO2007_exp
IMC_EDAD,M,130,-1.7828,16.8497,0.10989,,12.92,13.649,14.131,14.406,14.86,15.19,15.717,16.85,18.244,19.137,19.816,20.958,21.805,23.702,bmi-boys-perc-who2007-exp.xlsx:bmi_boys_perc_WHO2007_exp
IMC_EDAD,M,131,-1.7847,16.8941,0.1103,,12.945,13.677,14.161,14.437,14.893,15.225,15.754,16.894,18.298,19.198,19.883,21.035,21.891,23.81,bmi-boys-perc-who2007-exp.xlsx:bmi_boys_perc_WHO2007_exp
IMC_EDAD,M,132,-1.7862,16.9392,0.1107,,12.97,13.705,14.191,14.469,14.927,15.26,15.793,16.939,18.353,19.26,19.95,21.113,21.977,23.917,bmi-boys-perc-who2007-exp.xlsx:bmi_boys_perc_WHO2007_exp
IMC_EDAD,M,133,-1.7873,16.985,0.1111,,12.996,13.734,14.222,14.501,14.962,15.296,15.832,16.985,18.408,19.322,20.018,21.191,22.064,24.025,bmi-boys-perc-who2007-exp.xlsx:bmi_boys_perc_WHO2007_exp
IMC_EDAD,M,134,-1.7881,17.0314,0.1115,,13.022,13.763,14.253,14.533,14.996,15.333,15.871,17.031,18.464,19.385,20.087,21.27,22.151,24.134,bmi-boys-perc-who2007-exp.xlsx:bmi_boys_perc_WHO2007_exp
IMC_EDAD,M,135,-1.7884,17.0784,0.11189,,13.048,13.792,14.285,14.566,15.032,15.37,15.911,17.078,18.521,19.449,20.156,21.35,22.239,24.242,bmi-boys-perc-who2007-exp.xlsx:bmi_boys_perc_WHO2007_exp
IMC_EDAD,M,136,-1.7884,17.1262,0.11228,,13.075,13.822,14.317,14.6,15.068,15.408,15.952,17.126,18.578,19.513,20.226,21.43,22.327,24.351,bmi-boys-perc-who2007-exp.xlsx:bmi_boys_perc_WHO2007_exp
IMC_EDAD,M,137,-1.788,17.1746,0.11266,,13.102,13.853,14.35,14.634,15.105,15.447,15.993,17.175,18.636,19.578,20.296,21.51,22.416,24.46,bmi-boys-perc-who2007-exp.xlsx:bmi_boys_perc_WHO2007_exp
IMC_EDAD,M,138,-1.7873,17.2236,0.11304,,13.13,13.884,14.383,14.669,15.142,15.486,16.035,17.224,18.695,19.643,20.367,21.591,22.505,24.569,bmi-boys-perc-who2007-exp.xlsx:bmi_boys_perc_WHO2007_exp
IMC_EDAD,M,139,-1.7861,17.2734,0.11342,,13.157,13.915,14.417,14.704,15.179,15.525,16.078,17.273,18.754,19.71,20.439,21.673,22.595,24.679,bmi-boys-perc-who2007-exp.xlsx:bmi_boys_perc_WHO2007_exp
IMC_EDAD,M,140,-1.7846,17.324,0.11379,,13.186,13.947,14.452,14.741,15.218,15.566,16.122,17.324,18.815,19.777,20.512,21.756,22.685,24.789,bmi-boys-perc-who2007-exp.xlsx:bmi_boys_perc_WHO2007_exp
IMC_EDAD,M,141,-1.7828,17.3752,0.11415,,13.215,13.98,14.487,14.777,15.257,15.607,16.166,17.375,18.875,19.844,20.585,21.838,22.775,24.898,bmi-boys-perc-who2007-exp.xlsx:bmi_boys_perc_WHO2007_exp
IMC_EDAD,M,142,-1.7806,17.4272,0.11451,,13.245,14.013,14.523,14.814,15.297,15.648,16.211,17.427,18.937,19.913,20.658,21.922,22.866,25.008,bmi-boys-perc-who2007-exp.xlsx:bmi_boys_perc_WHO2007_exp
IMC_EDAD,M,143,-1.778,17.4799,0.11487,,13.275,14.047,14.559,14.852,15.337,15.691,16.256,17.48,19.0,19.982,20.733,22.006,22.958,25.118,bmi-boys-perc-who2007-exp.xlsx:bmi_boys_perc_WHO2007_exp
IMC_EDAD,M,144,-1.7751,17.5334,0.11522,,13.305,14.081,14.596,14.891,15.378,15.734,16.302,17.533,19.063,20.052,20.808,22.09,23.05,25.228,bmi-boys-perc-who2007-exp.xlsx:bmi_boys_perc_WHO2007_exp
IMC_EDAD,M,145,-1.7719,17.5877,0.11556,,13.337,14.116,14.634,14.93,15.42,15.778,16.349,17.588,19.127,20.122,20.884,22.175,23.142,25.338,bmi-boys-perc-who2007-exp.xlsx:bmi_boys_perc_WHO2007_exp
IMC_EDAD,M,146,-1.7684,17.6427,0.1159,,13.368,14.152,14.672,14.97,15.463,15.822,16.397,17.643,19.191,20.193,20.96,22.261,23.235,25.448,bmi-boys-perc-who2007-exp.xlsx:bmi_boys_perc_WHO2007_exp
IMC_EDAD,M,147,-1.7645,17.6985,0.11623,,13.4,14.188,14.711,15.01,15.506,15.867,16.446,17.698,19.257,20.265,21.037,22.347,23.328,25.558,bmi-boys-perc-who2007-exp.xlsx:bmi_boys_perc_WHO2007_exp
IMC_EDAD,M,148,-1.7604,17.7551,0.11656,,13.433,14.225,14.751,15.051,15.55,15.913,16.495,17.755,19.323,20.338,21.115,22.434,23.422,25.668,bmi-boys-perc-who2007-exp.xlsx:bmi_boys_perc_WHO2007_exp
IMC_EDAD,M,149,-1.7559,17.8124,0.11688,,13.466,14.262,14.791,15.093,15.594,15.96,16.545,17.812,19.39,20.411,21.194,22.521,23.516,25.778,bmi-boys-perc-who2007-exp.xlsx:bmi_boys_perc_WHO2007_exp
IMC_EDAD,M,150,-1.7511,17.8704,0.1172,,13.5,14.3,14.831,15.136,15.64,16.007,16.595,17.87,19.457,20.486,21.273,22.609,23.61,25.888,bmi-boys-perc-who2007-exp.xlsx:bmi_boys_perc_WHO2007_exp
IMC_EDAD,M,151,-1.7461,17.9292,0.11751,,13.534,14.338,14.873,15.179,15.685,16.055,16.646,17.929,19.526,20.56,21.352,22.697,23.705,25.998,bmi-boys-perc-who2007-exp.xlsx:bmi_boys_perc_WHO2007_exp
IMC_EDAD,M,152,-1.7408,17.9887,0.11781,,13.569,14.377,14.915,15.222,15.732,16.103,16.698,17.989,19.595,20.636,21.433,22.785,23.8,26.107,bmi-boys-perc-who2007-exp.xlsx:bmi_boys_perc_WHO2007_exp
IMC_EDAD,M,153,-1.7352,18.0488,0.11811,,13.604,14.417,14.957,15.266,15.779,16.153,16.751,18.049,19.665,20.711,21.513,22.874,23.895,26.216,bmi-boys-perc-who2007-exp.xlsx:bmi_boys_perc_WHO2007_exp
IMC_EDAD,M,154,-1.7293,18.1096,0.11841,,13.639,14.457,15.0,15.311,15.827,16.202,16.804,18.11,19.735,20.788,21.595,22.964,23.991,26.326,bmi-boys-perc-who2007-exp.xlsx:bmi_boys_perc_WHO2007_exp
IMC_EDAD,M,155,-1.7232,18.171,0.11869,,13.675,14.497,15.044,15.357,15.875,16.253,16.858,18.171,19.806,20.865,21.676,23.053,24.086,26.434,bmi-boys-perc-who2007-exp.xlsx:bmi_boys_perc_WHO2007_exp
IMC_EDAD,M,156,-1.7168,18.233,0.11898,,13.711,14.538,15.087,15.402,15.923,16.303,16.912,18.233,19.877,20.943,21.759,23.144,24.182,26.543,bmi-boys-perc-who2007-exp.xlsx:bmi_boys_perc_WHO2007_exp
IMC_EDAD,M,157,-1.7102,18.2955,0.11925,,13.748,14.58,15.132,15.448,15.973,16.355,16.967,18.296,19.949,21.021,21.841,23.234,24.278,26.65,bmi-boys-perc-who2007-exp.xlsx:bmi_boys_perc_WHO2007_exp
IMC_EDAD,M,158,-1.7033,18.3586,0.11952,,13.785,14.621,15.177,15.495,16.023,16.407,17.023,18.359,20.022,21.099,21.924,23.324,24.373,26.758,bmi-boys-perc-who2007-exp.xlsx:bmi_boys_perc_WHO2007_exp
IMC_EDAD,M,159,-1.6962,18.4221,0.11979,,13.822,14.663,15.222,15.542,16.073,16.459,17.079,18.422,20.095,21.178,22.008,23.415,24.47,26.865,bmi-boys-perc-who2007-exp.xlsx:bmi_boys_perc_WHO2007_exp
IMC_EDAD,M,160,-1.6888,18.486,0.12005,,13.86,14.706,15.268,15.59,16.123,16.512,17.135,18.486,20.168,21.257,22.091,23.505,24.565,26.972,bmi-boys-perc-who2007-exp.xlsx:bmi_boys_perc_WHO2007_exp
IMC_EDAD,M,161,-1.6811,18.5502,0.1203,,13.897,14.748,15.313,15.637,16.174,16.565,17.192,18.55,20.241,21.336,22.174,23.596,24.66,27.077,bmi-boys-perc-who2007-exp.xlsx:bmi_boys_perc_WHO2007_exp
IMC_EDAD,M,162,-1.6732,18.6148,0.12055,,13.935,14.791,15.36,15.685,16.225,16.618,17.248,18.615,20.315,21.416,22.258,23.686,24.755,27.181,bmi-boys-perc-who2007-exp.xlsx:bmi_boys_perc_WHO2007_exp
IMC_EDAD,M,163,-1.6651,18.6795,0.12079,,13.973,14.834,15.406,15.733,16.276,16.672,17.306,18.68,20.389,21.495,22.341,23.776,24.85,27.285,bmi-boys-perc-who2007-exp.xlsx:bmi_boys_perc_WHO2007_exp
IMC_EDAD,M,164,-1.6568,18.7445,0.12102,,14.011,14.877,15.452,15.782,16.328,16.726,17.363,18.744,20.463,21.574,22.425,23.866,24.944,27.387,bmi-boys-perc-who2007-exp.xlsx:bmi_boys_perc_WHO2007_exp
IMC_EDAD,M,165,-1.6482,18.8095,0.12125,,14.049,14.92,15.499,15.83,16.379,16.779,17.42,18.81,20.537,21.654,22.508,23.955,25.037,27.488,bmi-boys-perc-who2007-exp.xlsx:bmi_boys_perc_WHO2007_exp
IMC_EDAD,M,166,-1.6394,18.8746,0.12148,,14.087,14.963,15.545,15.879,16.431,16.833,17.478,18.875,20.611,21.733,22.591,24.044,25.131,27.589,bmi-boys-perc-who2007-exp.xlsx:bmi_boys_perc_WHO2007_exp
IMC_EDAD,M,167,-1.6304,18.9398,0.1217,,14.125,15.007,15.592,15.927,16.483,16.887,17.535,18.94,20.685,21.812,22.674,24.133,25.223,27.688,bmi-boys-perc-who2007-exp.xlsx:bmi_boys_perc_WHO2007_exp
IMC_EDAD,M,168,-1.6211,19.005,0.12191,,14.163,15.05,15.639,15.976,16.534,16.941,17.593,19.005,20.758,21.891,22.757,24.221,25.315,27.786,bmi-boys-perc-who2007-exp.xlsx:bmi_boys_perc_WHO2007_exp
IMC_EDAD,M,169,-1.6116,19.0701,0.12212,,14.201,15.093,15.685,16.024,16.586,16.995,17.651,19.07,20.832,21.97,22.839,24.309,25.406,27.882,bmi-boys-perc-who2007-exp.xlsx:bmi_boys_perc_WHO2007_exp
IMC_EDAD,M,170,-1.602,19.1351,0.12233,,14.239,15.136,15.731,16.073,16.638,17.049,17.708,19.135,20.906,22.049,22.921,24.396,25.496,27.979,bmi-boys-perc-who2007-exp.xlsx:bmi_boys_perc_WHO2007_exp
IMC_EDAD,M,171,-1.5921,19.2,0.12253,,14.276,15.178,15.778,16.121,16.689,17.103,17.766,19.2,20.979,22.127,23.003,24.482,25.586,28.073,bmi-boys-perc-who2007-exp.xlsx:bmi_boys_perc_WHO2007_exp
IMC_EDAD,M,172,-1.5821,19.2648,0.12272,,14.314,15.221,15.824,16.169,16.741,17.157,17.823,19.265,21.052,22.204,23.084,24.568,25.674,28.165,bmi-boys-perc-who2007-exp.xlsx:bmi_boys_perc_WHO2007_exp
IMC_EDAD,M,173,-1.5719,19.3294,0.12291,,14.351,15.264,15.87,16.217,16.792,17.21,17.88,19.329,21.125,22.282,23.164,24.653,25.762,28.257,bmi-boys-perc-who2007-exp.xlsx:bmi_boys_perc_WHO2007_exp
IMC_EDAD,M,174,-1.5615,19.3937,0.1231,,14.387,15.306,15.916,16.265,16.843,17.264,17.937,19.394,21.197,22.359,23.244,24.738,25.849,28.347,bmi-boys-perc-who2007-exp.xlsx:bmi_boys_perc_WHO2007_exp
IMC_EDAD,M,175,-1.551,19.4578,0.12328,,14.424,15.348,15.961,16.313,16.894,17.317,17.994,19.458,21.269,22.436,23.324,24.822,25.935,28.436,bmi-boys-perc-who2007-exp.xlsx:bmi_boys_perc_WHO2007_exp
IMC_EDAD,M,176,-1.5403,19.5217,0.12346,,14.46,15.39,16.007,16.36,16.944,17.37,18.051,19.522,21.341,22.512,23.403,24.905,26.021,28.524,bmi-boys-perc-who2007-exp.xlsx:bmi_boys_perc_WHO2007_exp
IMC_EDAD,M,177,-1.5294,19.5853,0.12363,,14.497,15.432,16.052,16.407,16.995,17.423,18.107,19.585,21.413,22.587,23.482,24.987,26.105,28.609,bmi-boys-perc-who2007-exp.xlsx:bmi_boys_perc_WHO2007_exp
IMC_EDAD,M,178,-1.5185,19.6486,0.1238,,14.532,15.473,16.097,16.454,17.045,17.475,18.163,19.649,21.484,22.663,23.56,25.069,26.189,28.695,bmi-boys-perc-who2007-exp.xlsx:bmi_boys_perc_WHO2007_exp
IMC_EDAD,M,179,-1.5074,19.7117,0.12396,,14.568,15.514,16.142,16.501,17.095,17.528,18.219,19.712,21.554,22.737,23.637,25.149,26.271,28.778,bmi-boys-perc-who2007-exp.xlsx:bmi_boys_perc_WHO2007_exp
IMC_EDAD,M,180,-1.4961,19.7744,0.12412,,14.603,15.555,16.186,16.547,17.145,17.58,18.275,19.774,21.625,22.812,23.714,25.229,26.352,28.86,bmi-boys-perc-who2007-exp.xlsx:bmi_boys_perc_WHO2007_exp
IMC_EDAD,M,181,-1.4848,19.8367,0.12428,,14.638,15.595,16.23,16.593,17.194,17.631,18.33,19.837,21.694,22.885,23.79,25.309,26.433,28.941,bmi-boys-perc-who2007-exp.xlsx:bmi_boys_perc_WHO2007_exp
IMC_EDAD,M,182,-1.4733,19.8987,0.12443,,14.673,15.636,16.274,16.639,17.243,17.683,18.385,19.899,21.764,22.958,23.865,25.387,26.513,29.021,bmi-boys-perc-who2007-exp.xlsx:bmi_boys_perc_WHO2007_exp
IMC_EDAD,M,183,-1.4617,19.9603,0.12458,,14.707,15.676,16.318,16.685,17.292,17.734,18.439,19.96,21.832,23.031,23.94,25.465,26.592,29.099,bmi-boys-perc-who2007-exp.xlsx:bmi_boys_perc_WHO2007_exp
IMC_EDAD,M,184,-1.45,20.0215,0.12473,,14.741,15.715,16.361,16.73,17.34,17.784,18.494,20.022,21.901,23.103,24.014,25.542,26.67,29.176,bmi-boys-perc-who2007-exp.xlsx:bmi_boys_perc_WHO2007_exp
IMC_EDAD,M,185,-1.4382,20.0823,0.12487,,14.774,15.754,16.404,16.775,17.389,17.835,18.548,20.082,21.969,23.174,24.088,25.618,26.747,29.252,bmi-boys-perc-who2007-exp.xlsx:bmi_boys_perc_WHO2007_exp
IMC_EDAD,M,186,-1.4263,20.1427,0.12501,,14.807,15.793,16.446,16.819,17.436,17.885,18.601,20.143,22.036,23.245,24.161,25.693,26.823,29.326,bmi-boys-perc-who2007-exp.xlsx:bmi_boys_perc_WHO2007_exp
IMC_EDAD,M,187,-1.4143,20.2026,0.12514,,14.84,15.832,16.488,16.864,17.484,17.935,18.654,20.203,22.103,23.315,24.233,25.767,26.897,29.399,bmi-boys-perc-who2007-exp.xlsx:bmi_boys_perc_WHO2007_exp
IMC_EDAD,M,188,-1.4022,20.2621,0.12528,,14.872,15.869,16.53,16.907,17.531,17.984,18.707,20.262,22.169,23.385,24.304,25.841,26.971,29.472,bmi-boys-perc-who2007-exp.xlsx:bmi_boys_perc_WHO2007_exp
IMC_EDAD,M,189,-1.39,20.3211,0.12541,,14.904,15.907,16.571,16.95,17.577,18.032,18.759,20.321,22.235,23.453,24.375,25.913,27.044,29.542,bmi-boys-perc-who2007-exp.xlsx:bmi_boys_perc_WHO2007_exp
IMC_EDAD,M,190,-1.3777,20.3796,0.12554,,14.935,15.944,16.612,16.993,17.623,18.081,18.811,20.38,22.3,23.522,24.445,25.985,27.116,29.612,bmi-boys-perc-who2007-exp.xlsx:bmi_boys_perc_WHO2007_exp
IMC_EDAD,M,191,-1.3653,20.4376,0.12567,,14.966,15.981,16.652,17.035,17.669,18.129,18.862,20.438,22.364,23.589,24.514,26.056,27.188,29.68,bmi-boys-perc-who2007-exp.xlsx:bmi_boys_perc_WHO2007_exp
IMC_EDAD,M,192,-1.3529,20.4951,0.12579,,14.997,16.017,16.692,17.078,17.714,18.176,18.913,20.495,22.428,23.656,24.582,26.126,27.258,29.747,bmi-boys-perc-who2007-exp.xlsx:bmi_boys_perc_WHO2007_exp
IMC_EDAD,M,193,-1.3403,20.5521,0.12591,,15.027,16.053,16.732,17.119,17.759,18.223,18.964,20.552,22.491,23.722,24.65,26.195,27.326,29.813,bmi-boys-perc-who2007-exp.xlsx:bmi_boys_perc_WHO2007_exp
IMC_EDAD,M,194,-1.3277,20.6085,0.12603,,15.056,16.088,16.77,17.16,17.803,18.27,19.014,20.608,22.554,23.787,24.717,26.263,27.395,29.877,bmi-boys-perc-who2007-exp.xlsx:bmi_boys_perc_WHO2007_exp
IMC_EDAD,M,195,-1.3149,20.6644,0.12615,,15.085,16.123,16.809,17.2,17.847,18.316,19.063,20.664,22.616,23.852,24.783,26.33,27.462,29.941,bmi-boys-perc-who2007-exp.xlsx:bmi_boys_perc_WHO2007_exp
IMC_EDAD,M,196,-1.3021,20.7197,0.12627,,15.113,16.157,16.847,17.24,17.89,18.361,19.112,20.72,22.677,23.916,24.849,26.397,27.528,30.003,bmi-boys-perc-who2007-exp.xlsx:bmi_boys_perc_WHO2007_exp
IMC_EDAD,M,197,-1.2892,20.7745,0.12638,,15.141,16.191,16.884,17.28,17.933,18.406,19.161,20.774,22.738,23.979,24.913,26.462,27.593,30.064,bmi-boys-perc-who2007-exp.xlsx:bmi_boys_perc_WHO2007_exp
IMC_EDAD,M,198,-1.2762,20.8287,0.1265,,15.168,16.224,16.921,17.319,17.975,18.451,19.208,20.829,22.798,24.042,24.977,26.527,27.657,30.124,bmi-boys-perc-who2007-exp.xlsx:bmi_boys_perc_WHO2007_exp
IMC_EDAD,M,199,-1.2631,20.8824,0.12661,,15.195,16.257,16.958,17.357,18.017,18.495,19.256,20.882,22.857,24.104,25.04,26.591,27.72,30.182,bmi-boys-perc-who2007-exp.xlsx:bmi_boys_perc_WHO2007_exp
IMC_EDAD,M,200,-1.2499,20.9355,0.12672,,15.221,16.289,16.994,17.395,18.058,18.538,19.303,20.936,22.916,24.165,25.102,26.653,27.782,30.24,bmi-boys-perc-who2007-exp.xlsx:bmi_boys_perc_WHO2007_exp
IMC_EDAD,M,201,-1.2366,20.9881,0.12683,,15.247,16.32,17.029,17.433,18.099,18.581,19.349,20.988,22.974,24.226,25.164,26.715,27.844,30.296,bmi-boys-perc-who2007-exp.xlsx:bmi_boys_perc_WHO2007_exp
IMC_EDAD,M,202,-1.2233,21.04,0.12694,,15.272,16.351,17.064,17.47,18.139,18.624,19.395,21.04,23.032,24.285,25.225,26.777,27.904,30.351,bmi-boys-perc-who2007-exp.xlsx:bmi_boys_perc_WHO2007_exp
IMC_EDAD,M,203,-1.2098,21.0914,0.12704,,15.297,16.382,17.098,17.506,18.179,18.666,19.44,21.091,23.088,24.344,25.284,26.836,27.963,30.405,bmi-boys-perc-who2007-exp.xlsx:bmi_boys_perc_WHO2007_exp
IMC_EDAD,M,204,-1.1962,21.1423,0.12715,,15.321,16.412,17.132,17.542,18.218,18.707,19.485,21.142,23.145,24.402,25.344,26.896,28.021,30.458,bmi-boys-perc-who2007-exp.xlsx:bmi_boys_perc_WHO2007_exp
IMC_EDAD,M,205,-1.1826,21.1925,0.12726,,15.344,16.442,17.165,17.577,18.256,18.748,19.529,21.192,23.2,24.46,25.402,26.954,28.079,30.51,bmi-boys-perc-who2007-exp.xlsx:bmi_boys_perc_WHO2007_exp
IMC_EDAD,M,206,-1.1688,21.2423,0.12736,,15.367,16.471,17.198,17.613,18.295,18.788,19.573,21.242,23.255,24.517,25.46,27.012,28.135,30.56,bmi-boys-perc-who2007-exp.xlsx:bmi_boys_perc_WHO2007_exp
IMC_EDAD,M,207,-1.155,21.2914,0.12746,,15.389,16.499,17.231,17.647,18.332,18.828,19.616,21.291,23.309,24.573,25.516,27.068,28.19,30.61,bmi-boys-perc-who2007-exp.xlsx:bmi_boys_perc_WHO2007_exp
IMC_EDAD,M,208,-1.141,21.34,0.12756,,15.411,16.527,17.262,17.681,18.369,18.868,19.659,21.34,23.363,24.628,25.572,27.124,28.245,30.658,bmi-boys-perc-who2007-exp.xlsx:bmi_boys_perc_WHO2007_exp
IMC_EDAD,M,209,-1.127,21.388,0.12767,,15.432,16.554,17.293,17.714,18.406,18.906,19.701,21.388,23.416,24.683,25.628,27.179,28.299,30.706,bmi-boys-perc-who2007-exp.xlsx:bmi_boys_perc_WHO2007_exp
IMC_EDAD,M,210,-1.1129,21.4354,0.12777,,15.452,16.581,17.324,17.747,18.442,18.944,19.742,21.435,23.468,24.737,25.683,27.233,28.352,30.752,bmi-boys-perc-who2007-exp.xlsx:bmi_boys_perc_WHO2007_exp
IMC_EDAD,M,211,-1.0986,21.4822,0.12787,,15.472,16.607,17.354,17.779,18.477,18.982,19.783,21.482,23.52,24.79,25.736,27.287,28.403,30.797,bmi-boys-perc-who2007-exp.xlsx:bmi_boys_perc_WHO2007_exp
IMC_EDAD,M,212,-1.0843,21.5285,0.12797,,15.491,16.633,17.383,17.81,18.512,19.019,19.823,21.528,23.571,24.843,25.789,27.339,28.454,30.841,bmi-boys-perc-who2007-exp.xlsx:bmi_boys_perc_WHO2007_exp
IMC_EDAD,M,213,-1.0699,21.5742,0.12807,,15.51,16.658,17.412,17.841,18.547,19.056,19.863,21.574,23.621,24.895,25.842,27.391,28.504,30.885,bmi-boys-perc-who2007-exp.xlsx:bmi_boys_perc_WHO2007_exp
IMC_EDAD,M,214,-1.0553,21.6193,0.12816,,15.528,16.683,17.441,17.872,18.581,19.092,19.903,21.619,23.67,24.946,25.893,27.441,28.552,30.926,bmi-boys-perc-who2007-exp.xlsx:bmi_boys_perc_WHO2007_exp
IMC_EDAD,M,215,-1.0407,21.6638,0.12826,,15.546,16.706,17.469,17.902,18.614,19.128,19.942,21.664,23.72,24.996,25.943,27.49,28.6,30.967,bmi-boys-perc-who2007-exp.xlsx:bmi_boys_perc_WHO2007_exp
IMC_EDAD,M,216,-1.026,21.7077,0.12836,,15.563,16.73,17.496,17.931,18.647,19.163,19.98,21.708,23.768,25.046,25.993,27.539,28.648,31.007,bmi-boys-perc-who2007-exp.xlsx:bmi_boys_perc_WHO2007_exp
IMC_EDAD,M,217,-1.0112,21.751,0.12845,,15.579,16.753,17.523,17.96,18.679,19.197,20.018,21.751,23.815,25.094,26.042,27.587,28.693,31.045,bmi-boys-perc-who2007-exp.xlsx:bmi_boys_perc_WHO2007_exp
IMC_EDAD,M,218,-0.9962,21.7937,0.12855,,15.595,16.775,17.549,17.989,18.71,19.231,20.055,21.794,23.862,25.143,26.091,27.634,28.738,31.083,bmi-boys-perc-who2007-exp.xlsx:bmi_boys_perc_WHO2007_exp
IMC_EDAD,M,219,-0.9812,21.8358,0.12864,,15.61,16.796,17.575,18.017,18.742,19.264,20.091,21.836,23.909,25.19,26.138,27.68,28.782,31.12,bmi-boys-perc-who2007-exp.xlsx:bmi_boys_perc_WHO2007_exp
IMC_EDAD,M,220,-0.9661,21.8773,0.12874,,15.624,16.817,17.6,18.044,18.772,19.297,20.127,21.877,23.954,25.237,26.185,27.726,28.826,31.156,bmi-boys-perc-who2007-exp.xlsx:bmi_boys_perc_WHO2007_exp
IMC_EDAD,M,221,-0.9509,21.9182,0.12883,,15.638,16.838,17.624,18.07,18.802,19.329,20.163,21.918,23.999,25.282,26.23,27.77,28.868,31.19,bmi-boys-perc-who2007-exp.xlsx:bmi_boys_perc_WHO2007_exp
IMC_EDAD,M,222,-0.9356,21.9585,0.12893,,15.651,16.857,17.648,18.096,18.831,19.361,20.197,21.958,24.043,25.328,26.276,27.814,28.91,31.224,bmi-boys-perc-who2007-exp.xlsx:bmi_boys_perc_WHO2007_exp
IMC_EDAD,M,223,-0.9202,21.9982,0.12902,,15.663,16.877,17.671,18.122,18.86,19.392,20.232,21.998,24.087,25.372,26.32,27.857,28.95,31.256,bmi-boys-perc-who2007-exp.xlsx:bmi_boys_perc_WHO2007_exp
IMC_EDAD,M,224,-0.9048,22.0374,0.12911,,15.675,16.895,17.694,18.147,18.889,19.422,20.265,22.037,24.13,25.416,26.364,27.898,28.99,31.288,bmi-boys-perc-who2007-exp.xlsx:bmi_boys_perc_WHO2007_exp
IMC_EDAD,M,225,-0.8892,22.076,0.1292,,15.687,16.914,17.716,18.171,18.916,19.452,20.299,22.076,24.172,25.459,26.406,27.939,29.028,31.318,bmi-boys-perc-who2007-exp.xlsx:bmi_boys_perc_WHO2007_exp
IMC_EDAD,M,226,-0.8735,22.114,0.1293,,15.697,16.931,17.738,18.195,18.943,19.482,20.331,22.114,24.214,25.501,26.449,27.98,29.067,31.349,bmi-boys-perc-who2007-exp.xlsx:bmi_boys_perc_WHO2007_exp
IMC_EDAD,M,227,-0.8578,22.1514,0.12939,,15.707,16.948,17.759,18.218,18.97,19.511,20.363,22.151,24.255,25.543,26.49,28.019,29.103,31.378,bmi-boys-perc-who2007-exp.xlsx:bmi_boys_perc_WHO2007_exp
IMC_EDAD,M,228,-0.8419,22.1883,0.12948,,15.717,16.964,17.779,18.241,18.996,19.539,20.395,22.188,24.295,25.584,26.531,28.058,29.14,31.405,bmi-boys-perc-who2007-exp.xlsx:bmi_boys_perc_WHO2007_exp
PESO_EDAD,F,61,-0.4681,18.2579,0.14295,,12.22,13.404,14.173,14.607,15.315,15.821,16.615,18.258,20.151,21.288,22.112,23.423,24.336,26.208,hfa-girls-perc-who2007-exp_6040a43e-81da-48fa-a2d4-5c856fe4fe71.xlsx:wfa_girls_perc_WHO2007_exp
PESO_EDAD,F,62,-0.4711,18.4329,0.1435,,12.322,13.519,14.297,14.736,15.452,15.965,16.768,18.433,20.352,21.506,22.343,23.674,24.601,26.505,hfa-girls-perc-who2007-exp_6040a43e-81da-48fa-a2d4-5c856fe4fe71.xlsx:wfa_girls_perc_WHO2007_exp
PESO_EDAD,F,63,-0.4742,18.6073,0.14404,,12.425,13.634,14.421,14.865,15.589,16.108,16.921,18.607,20.553,21.723,22.573,23.924,24.866,26.802,hfa-girls-perc-who2007-exp_6040a43e-81da-48fa-a2d4-5c856fe4fe71.xlsx:wfa_girls_perc_WHO2007_exp
PESO_EDAD,F,64,-0.4773,18.7811,0.14459,,12.526,13.748,14.544,14.993,15.726,16.25,17.074,18.781,20.754,21.941,22.802,24.174,25.132,27.099,hfa-girls-perc-who2007-exp_6040a43e-81da-48fa-a2d4-5c856fe4fe71.xlsx:wfa_girls_perc_WHO2007_exp
PESO_EDAD,F,65,-0.4803,18.9545,0.14514,,12.627,13.862,14.666,15.12,15.861,16.392,17.225,18.954,20.954,22.158,23.032,24.425,25.398,27.397,hfa-girls-perc-who2007-exp_6040a43e-81da-48fa-a2d4-5c856fe4fe71.xlsx:wfa_girls_perc_WHO2007_exp
PESO_EDAD,F,66,-0.4834,19.1276,0.14569,,12.728,13.975,14.788,15.247,15.997,16.534,17.377,19.128,21.154,22.375,23.262,24.676,25.664,27.696,hfa-girls-perc-who2007-exp_6040a43e-81da-48fa-a2d4-5c856fe4fe71.xlsx:wfa_girls_perc_WHO2007_exp
PESO_EDAD,F,67,-0.4864,19.3004,0.14624,,12.828,14.088,14.909,15.373,16.131,16.675,17.528,19.3,21.353,22.591,23.492,24.927,25.93,27.995,hfa-girls-perc-who2007-exp_6040a43e-81da-48fa-a2d4-5c856fe4fe71.xlsx:wfa_girls_perc_WHO2007_exp
PESO_EDAD,F,68,-0.4894,19.473,0.14679,,12.928,14.2,15.03,15.5,16.266,16.815,17.678,19.473,21.553,22.808,23.721,25.178,26.197,28.295,hfa-girls-perc-who2007-exp_6040a43e-81da-48fa-a2d4-5c856fe4fe71.xlsx:wfa_girls_perc_WHO2007_exp
PESO_EDAD,F,69,-0.4924,19.6455,0.14735,,13.027,14.312,15.151,15.625,16.4,16.956,17.829,19.646,21.753,23.026,23.952,25.43,26.465,28.597,hfa-girls-perc-who2007-exp_6040a43e-81da-48fa-a2d4-5c856fe4fe71.xlsx:wfa_girls_perc_WHO2007_exp
PESO_EDAD,F,70,-0.4954,19.818,0.1479,,13.126,14.424,15.272,15.751,16.534,17.096,17.979,19.818,21.953,23.243,24.183,25.683,26.733,28.899,hfa-girls-perc-who2007-exp_6040a43e-81da-48fa-a2d4-5c856fe4fe71.xlsx:wfa_girls_perc_WHO2007_exp
PESO_EDAD,F,71,-0.4984,19.9908,0.14845,,13.225,14.536,15.392,15.877,16.668,17.236,18.13,19.991,22.153,23.461,24.414,25.936,27.002,29.203,hfa-girls-perc-who2007-exp_6040a43e-81da-48fa-a2d4-5c856fe4fe71.xlsx:wfa_girls_perc_WHO2007_exp
PESO_EDAD,F,72,-0.5013,20.1639,0.149,,13.325,14.648,15.513,16.002,16.803,17.377,18.281,20.164,22.354,23.68,24.646,26.19,27.273,29.508,hfa-girls-perc-who2007-exp_6040a43e-81da-48fa-a2d4-5c856fe4fe71.xlsx:wfa_girls_perc_WHO2007_exp
PESO_EDAD,F,73,-0.5043,20.3377,0.14955,,13.424,14.76,15.634,16.129,16.937,17.518,18.432,20.338,22.556,23.9,24.879,26.446,27.545,29.815,hfa-girls-perc-who2007-exp_6040a43e-81da-48fa-a2d4-5c856fe4fe71.xlsx:wfa_girls_perc_WHO2007_exp
PESO_EDAD,F,74,-0.5072,20.5124,0.1501,,13.524,14.873,15.756,16.255,17.073,17.66,18.584,20.512,22.759,24.121,25.114,26.704,27.819,30.125,hfa-girls-perc-who2007-exp_6040a43e-81da-48fa-a2d4-5c856fe4fe71.xlsx:wfa_girls_perc_WHO2007_exp
PESO_EDAD,F,75,-0.51,20.6885,0.15065,,13.624,14.986,15.878,16.383,17.209,17.803,18.737,20.688,22.964,24.344,25.351,26.964,28.095,30.438,hfa-girls-perc-who2007-exp_6040a43e-81da-48fa-a2d4-5c856fe4fe71.xlsx:wfa_girls_perc_WHO2007_exp
PESO_EDAD,F,76,-0.5129,20.8661,0.1512,,13.726,15.101,16.001,16.511,17.346,17.947,18.892,20.866,23.17,24.569,25.59,27.226,28.375,30.754,hfa-girls-perc-who2007-exp_6040a43e-81da-48fa-a2d4-5c856fe4fe71.xlsx:wfa_girls_perc_WHO2007_exp
PESO_EDAD,F,77,-0.5157,21.0457,0.15175,,13.828,15.216,16.126,16.641,17.485,18.092,19.048,21.046,23.379,24.797,25.832,27.492,28.658,31.074,hfa-girls-perc-who2007-exp_6040a43e-81da-48fa-a2d4-5c856fe4fe71.xlsx:wfa_girls_perc_WHO2007_exp
PESO_EDAD,F,78,-0.5185,21.2274,0.1523,,13.932,15.333,16.252,16.773,17.626,18.239,19.206,21.227,23.591,25.028,26.077,27.761,28.945,31.399,hfa-girls-perc-who2007-exp_6040a43e-81da-48fa-a2d4-5c856fe4fe71.xlsx:wfa_girls_perc_WHO2007_exp
PESO_EDAD,F,79,-0.5213,21.4113,0.15284,,14.037,15.452,16.38,16.906,17.768,18.388,19.366,21.411,23.805,25.261,26.325,28.033,29.234,31.727,hfa-girls-perc-who2007-exp_6040a43e-81da-48fa-a2d4-5c856fe4fe71.xlsx:wfa_girls_perc_WHO2007_exp
PESO_EDAD,F,80,-0.524,21.5979,0.15339,,14.143,15.572,16.509,17.041,17.912,18.539,19.528,21.598,24.022,25.498,26.577,28.31,29.529,32.061,hfa-girls-perc-who2007-exp_6040a43e-81da-48fa-a2d4-5c856fe4fe71.xlsx:wfa_girls_perc_WHO2007_exp
PESO_EDAD,F,81,-0.5268,21.7872,0.15393,,14.251,15.694,16.641,17.178,18.059,18.693,19.693,21.787,24.242,25.738,26.832,28.59,29.828,32.4,hfa-girls-perc-who2007-exp_6040a43e-81da-48fa-a2d4-5c856fe4fe71.xlsx:wfa_girls_perc_WHO2007_exp
PESO_EDAD,F,82,-0.5294,21.9795,0.15448,,14.361,15.818,16.774,17.317,18.208,18.848,19.86,21.98,24.466,25.982,27.092,28.876,30.132,32.745,hfa-girls-perc-who2007-exp_6040a43e-81da-48fa-a2d4-5c856fe4fe71.xlsx:wfa_girls_perc_WHO2007_exp
PESO_EDAD,F,83,-0.5321,22.1751,0.15502,,14.473,15.944,16.91,17.459,18.359,19.007,20.03,22.175,24.694,26.231,27.356,29.166,30.441,33.095,hfa-girls-perc-who2007-exp_6040a43e-81da-48fa-a2d4-5c856fe4fe71.xlsx:wfa_girls_perc_WHO2007_exp
PESO_EDAD,F,84,-0.5347,22.374,0.15556,,14.586,16.072,17.049,17.603,18.513,19.168,20.203,22.374,24.925,26.483,27.625,29.461,30.755,33.451,hfa-girls-perc-who2007-exp_6040a43e-81da-48fa-a2d4-5c856fe4fe71.xlsx:wfa_girls_perc_WHO2007_exp
PESO_EDAD,F,85,-0.5372,22.5762,0.1561,,14.702,16.202,17.189,17.75,18.669,19.332,20.378,22.576,25.161,26.74,27.897,29.761,31.075,33.814,hfa-girls-perc-who2007-exp_6040a43e-81da-48fa-a2d4-5c856fe4fe71.xlsx:wfa_girls_perc_WHO2007_exp
PESO_EDAD,F,86,-0.5398,22.7816,0.15663,,14.819,16.335,17.332,17.899,18.829,19.499,20.557,22.782,25.4,27.0,28.174,30.065,31.399,34.182,hfa-girls-perc-who2007-exp_6040a43e-81da-48fa-a2d4-5c856fe4fe71.xlsx:wfa_girls_perc_WHO2007_exp
PESO_EDAD,F,87,-0.5423,22.9904,0.15717,,14.939,16.47,17.477,18.05,18.99,19.668,20.739,22.99,25.643,27.265,28.456,30.375,31.73,34.557,hfa-girls-perc-who2007-exp_6040a43e-81da-48fa-a2d4-5c856fe4fe71.xlsx:wfa_girls_perc_WHO2007_exp
PESO_EDAD,F,88,-0.5447,23.2025,0.1577,,15.06,16.607,17.625,18.204,19.154,19.84,20.923,23.202,25.889,27.535,28.742,30.689,32.065,34.937,hfa-girls-perc-who2007-exp_6040a43e-81da-48fa-a2d4-5c856fe4fe71.xlsx:wfa_girls_perc_WHO2007_exp
PESO_EDAD,F,89,-0.5471,23.418,0.15823,,15.183,16.746,17.775,18.36,19.321,20.014,21.111,23.418,26.14,27.808,29.033,31.009,32.406,35.323,hfa-girls-perc-who2007-exp_6040a43e-81da-48fa-a2d4-5c856fe4fe71.xlsx:wfa_girls_perc_WHO2007_exp
PESO_EDAD,F,90,-0.5495,23.6369,0.15876,,15.309,16.887,17.927,18.519,19.491,20.192,21.301,23.637,26.395,28.086,29.329,31.334,32.752,35.716,hfa-girls-perc-who2007-exp_6040a43e-81da-48fa-a2d4-5c856fe4fe71.xlsx:wfa_girls_perc_WHO2007_exp
PESO_EDAD,F,91,-0.5518,23.8593,0.15928,,15.436,17.031,18.082,18.68,19.663,20.372,21.495,23.859,26.654,28.368,29.629,31.663,33.103,36.115,hfa-girls-perc-who2007-exp_6040a43e-81da-48fa-a2d4-5c856fe4fe71.xlsx:wfa_girls_perc_WHO2007_exp
PESO_EDAD,F,92,-0.5541,24.0853,0.1598,,15.566,17.177,18.24,18.844,19.838,20.556,21.691,24.085,26.916,28.655,29.933,31.998,33.46,36.52,hfa-girls-perc-who2007-exp_6040a43e-81da-48fa-a2d4-5c856fe4fe71.xlsx:wfa_girls_perc_WHO2007_exp
PESO_EDAD,F,93,-0.5563,24.3149,0.16032,,15.698,17.326,18.4,19.011,20.016,20.742,21.891,24.315,27.184,28.946,30.243,32.339,33.823,36.932,hfa-girls-perc-who2007-exp_6040a43e-81da-48fa-a2d4-5c856fe4fe71.xlsx:wfa_girls_perc_WHO2007_exp
PESO_EDAD,F,94,-0.5585,24.5482,0.16084,,15.832,17.476,18.562,19.18,20.197,20.931,22.094,24.548,27.455,29.242,30.558,32.685,34.192,37.352,hfa-girls-perc-who2007-exp_6040a43e-81da-48fa-a2d4-5c856fe4fe71.xlsx:wfa_girls_perc_WHO2007_exp
PESO_EDAD,F,95,-0.5606,24.7853,0.16135,,15.968,17.63,18.728,19.353,20.381,21.124,22.301,24.785,27.731,29.543,30.878,33.036,34.567,37.777,hfa-girls-perc-who2007-exp_6040a43e-81da-48fa-a2d4-5c856fe4fe71.xlsx:wfa_girls_perc_WHO2007_exp
PESO_EDAD,F,96,-0.5627,25.0262,0.16186,,16.106,17.786,18.896,19.528,20.568,21.319,22.51,25.026,28.011,29.849,31.202,33.393,34.947,38.209,hfa-girls-perc-who2007-exp_6040a43e-81da-48fa-a2d4-5c856fe4fe71.xlsx:wfa_girls_perc_WHO2007_exp
PESO_EDAD,F,97,-0.5647,25.271,0.16237,,16.247,17.944,19.066,19.706,20.758,21.518,22.723,25.271,28.296,30.159,31.533,33.756,35.334,38.648,hfa-girls-perc-who2007-exp_6040a43e-81da-48fa-a2d4-5c856fe4fe71.xlsx:wfa_girls_perc_WHO2007_exp
PESO_EDAD,F,98,-0.5667,25.5197,0.16287,,16.39,18.105,19.24,19.886,20.951,21.72,22.94,25.52,28.585,30.474,31.868,34.124,35.727,39.094,hfa-girls-perc-who2007-exp_6040a43e-81da-48fa-a2d4-5c856fe4fe71.xlsx:wfa_girls_perc_WHO2007_exp
PESO_EDAD,F,99,-0.5686,25.7721,0.16337,,16.535,18.269,19.416,20.07,21.147,21.925,23.16,25.772,28.878,30.794,32.208,34.498,36.126,39.547,hfa-girls-perc-who2007-exp_6040a43e-81da-48fa-a2d4-5c856fe4fe71.xlsx:wfa_girls_perc_WHO2007_exp
PESO_EDAD,F,100,-0.5704,26.0284,0.16386,,16.682,18.435,19.595,20.256,21.346,22.133,23.383,26.028,29.176,31.119,32.553,34.877,36.53,40.006,hfa-girls-perc-who2007-exp_6040a43e-81da-48fa-a2d4-5c856fe4fe71.xlsx:wfa_girls_perc_WHO2007_exp
PESO_EDAD,F,101,-0.5722,26.2883,0.16435,,16.832,18.604,19.777,20.446,21.547,22.345,23.609,26.288,29.478,31.448,32.903,35.262,36.94,40.471,hfa-girls-perc-who2007-exp_6040a43e-81da-48fa-a2d4-5c856fe4fe71.xlsx:wfa_girls_perc_WHO2007_exp
PESO_EDAD,F,102,-0.574,26.5519,0.16483,,16.984,18.775,19.961,20.638,21.752,22.559,23.839,26.552,29.784,31.782,33.258,35.652,37.355,40.943,hfa-girls-perc-who2007-exp_6040a43e-81da-48fa-a2d4-5c856fe4fe71.xlsx:wfa_girls_perc_WHO2007_exp
PESO_EDAD,F,103,-0.5757,26.819,0.16532,,17.137,18.948,20.147,20.832,21.96,22.776,24.072,26.819,30.095,32.121,33.618,36.048,37.778,41.423,hfa-girls-perc-who2007-exp_6040a43e-81da-48fa-a2d4-5c856fe4fe71.xlsx:wfa_girls_perc_WHO2007_exp
PESO_EDAD,F,104,-0.5773,27.0896,0.16579,,17.293,19.124,20.337,21.029,22.17,22.996,24.308,27.09,30.409,32.463,33.982,36.448,38.204,41.907,hfa-girls-perc-who2007-exp_6040a43e-81da-48fa-a2d4-5c856fe4fe71.xlsx:wfa_girls_perc_WHO2007_exp
PESO_EDAD,F,105,-0.5789,27.3635,0.16626,,17.451,19.302,20.528,21.228,22.383,23.219,24.546,27.364,30.727,32.81,34.35,36.853,38.636,42.397,hfa-girls-perc-who2007-exp_6040a43e-81da-48fa-a2d4-5c856fe4fe71.xlsx:wfa_girls_perc_WHO2007_exp
PESO_EDAD,F,106,-0.5804,27.6406,0.16673,,17.611,19.481,20.722,21.43,22.598,23.444,24.788,27.641,31.049,33.161,34.724,37.263,39.073,42.894,hfa-girls-perc-who2007-exp_6040a43e-81da-48fa-a2d4-5c856fe4fe71.xlsx:wfa_girls_perc_WHO2007_exp
PESO_EDAD,F,107,-0.5819,27.9208,0.16719,,17.772,19.663,20.918,21.634,22.816,23.672,25.032,27.921,31.375,33.516,35.101,37.677,39.514,43.395,hfa-girls-perc-who2007-exp_6040a43e-81da-48fa-a2d4-5c856fe4fe71.xlsx:wfa_girls_perc_WHO2007_exp
PESO_EDAD,F,108,-0.5833,28.204,0.16764,,17.936,19.847,21.116,21.841,23.036,23.902,25.279,28.204,31.704,33.874,35.481,38.095,39.96,43.901,hfa-girls-perc-who2007-exp_6040a43e-81da-48fa-a2d4-5c856fe4fe71.xlsx:wfa_girls_perc_WHO2007_exp
PESO_EDAD,F,109,-0.5847,28.4901,0.16809,,18.101,20.033,21.316,22.049,23.258,24.135,25.528,28.49,32.036,34.237,35.866,38.518,40.411,44.413,hfa-girls-perc-who2007-exp_6040a43e-81da-48fa-a2d4-5c856fe4fe71.xlsx:wfa_girls_perc_WHO2007_exp
PESO_EDAD,F,110,-0.5859,28.7791,0.16854,,18.267,20.221,21.518,22.259,23.483,24.37,25.78,28.779,32.372,34.603,36.255,38.946,40.867,44.931,hfa-girls-perc-who2007-exp_6040a43e-81da-48fa-a2d4-5c856fe4fe71.xlsx:wfa_girls_perc_WHO2007_exp
PESO_EDAD,F,111,-0.5872,29.0711,0.16897,,18.436,20.411,21.723,22.473,23.71,24.607,26.035,29.071,32.711,34.972,36.648,39.377,41.326,45.452,hfa-girls-perc-who2007-exp_6040a43e-81da-48fa-a2d4-5c856fe4fe71.xlsx:wfa_girls_perc_WHO2007_exp
PESO_EDAD,F,112,-0.5883,29.3663,0.16941,,18.606,20.602,21.929,22.687,23.939,24.847,26.292,29.366,33.054,35.346,37.045,39.813,41.791,45.98,hfa-girls-perc-who2007-exp_6040a43e-81da-48fa-a2d4-5c856fe4fe71.xlsx:wfa_girls_perc_WHO2007_exp
PESO_EDAD,F,113,-0.5895,29.6646,0.16983,,18.778,20.797,22.138,22.905,24.172,25.09,26.552,29.665,33.4,35.723,37.445,40.253,42.26,46.513,hfa-girls-perc-who2007-exp_6040a43e-81da-48fa-a2d4-5c856fe4fe71.xlsx:wfa_girls_perc_WHO2007_exp
PESO_EDAD,F,114,-0.5905,29.9663,0.17025,,18.952,20.993,22.349,23.125,24.406,25.336,26.815,29.966,33.75,36.104,37.851,40.698,42.734,47.051,hfa-girls-perc-who2007-exp_6040a43e-81da-48fa-a2d4-5c856fe4fe71.xlsx:wfa_girls_perc_WHO2007_exp
PESO_EDAD,F,115,-0.5915,30.2715,0.17066,,19.129,21.191,22.563,23.348,24.644,25.584,27.081,30.272,34.104,36.49,38.26,41.148,43.214,47.595,hfa-girls-perc-who2007-exp_6040a43e-81da-48fa-a2d4-5c856fe4fe71.xlsx:wfa_girls_perc_WHO2007_exp
PESO_EDAD,F,116,-0.5925,30.5805,0.17107,,19.307,21.392,22.78,23.573,24.884,25.836,27.351,30.58,34.463,36.881,38.675,41.604,43.699,48.146,hfa-girls-perc-who2007-exp_6040a43e-81da-48fa-a2d4-5c856fe4fe71.xlsx:wfa_girls_perc_WHO2007_exp
PESO_EDAD,F,117,-0.5934,30.8934,0.17146,,19.488,21.597,22.999,23.802,25.128,26.091,27.624,30.893,34.826,37.275,39.095,42.064,44.189,48.701,hfa-girls-perc-who2007-exp_6040a43e-81da-48fa-a2d4-5c856fe4fe71.xlsx:wfa_girls_perc_WHO2007_exp
PESO_EDAD,F,118,-0.5942,31.2105,0.17186,,19.672,21.803,23.222,24.033,25.375,26.349,27.901,31.21,35.193,37.676,39.52,42.531,44.687,49.266,hfa-girls-perc-who2007-exp_6040a43e-81da-48fa-a2d4-5c856fe4fe71.xlsx:wfa_girls_perc_WHO2007_exp
PESO_EDAD,F,119,-0.595,31.5319,0.17224,,19.858,22.013,23.447,24.269,25.626,26.611,28.181,31.532,35.566,38.081,39.95,43.003,45.19,49.835,hfa-girls-perc-who2007-exp_6040a43e-81da-48fa-a2d4-5c856fe4fe71.xlsx:wfa_girls_perc_WHO2007_exp
PESO_EDAD,F,120,-0.5958,31.8578,0.17262,,20.047,22.226,23.676,24.507,25.88,26.877,28.466,31.858,35.943,38.493,40.387,43.482,45.7,50.414,hfa-girls-perc-who2007-exp_6040a43e-81da-48fa-a2d4-5c856fe4fe71.xlsx:wfa_girls_perc_WHO2007_exp
PESO_EDAD,M,61,-0.2026,18.5057,0.12988,,12.581,13.802,14.58,15.013,15.711,16.204,16.967,18.506,20.216,21.212,21.92,23.023,23.774,25.276,hfa-boys-perc-who2007-exp_07eb5053-9a09-4910-aa6b-c7fb28012ce6.xlsx:wfa_boys_perc_WHO2007_exp
PESO_EDAD,M,62,-0.213,18.6802,0.13028,,12.695,13.926,14.711,15.149,15.854,16.352,17.123,18.68,20.413,21.423,22.142,23.262,24.026,25.553,hfa-boys-perc-who2007-exp_07eb5053-9a09-4910-aa6b-c7fb28012ce6.xlsx:wfa_boys_perc_WHO2007_exp
PESO_EDAD,M,63,-0.2234,18.8563,0.13067,,12.81,14.052,14.844,15.286,15.998,16.501,17.28,18.856,20.612,21.636,22.366,23.503,24.279,25.833,hfa-boys-perc-who2007-exp_07eb5053-9a09-4910-aa6b-c7fb28012ce6.xlsx:wfa_boys_perc_WHO2007_exp
PESO_EDAD,M,64,-0.2338,19.034,0.13105,,12.927,14.179,14.978,15.424,16.143,16.652,17.439,19.034,20.812,21.851,22.591,23.746,24.535,26.115,hfa-boys-perc-who2007-exp_07eb5053-9a09-4910-aa6b-c7fb28012ce6.xlsx:wfa_boys_perc_WHO2007_exp
PESO_EDAD,M,65,-0.2443,19.2132,0.13142,,13.045,14.307,15.114,15.564,16.29,16.804,17.6,19.213,21.015,22.068,22.819,23.991,24.793,26.4,hfa-boys-perc-who2007-exp_07eb5053-9a09-4910-aa6b-c7fb28012ce6.xlsx:wfa_boys_perc_WHO2007_exp
PESO_EDAD,M,66,-0.2548,19.394,0.13178,,13.164,14.437,15.251,15.705,16.438,16.957,17.762,19.394,21.218,22.286,23.048,24.238,25.053,26.687,hfa-boys-perc-who2007-exp_07eb5053-9a09-4910-aa6b-c7fb28012ce6.xlsx:wfa_boys_perc_WHO2007_exp
PESO_EDAD,M,67,-0.2653,19.5765,0.13213,,13.285,14.568,15.389,15.848,16.588,17.113,17.926,19.576,21.424,22.507,23.28,24.488,25.315,26.977,hfa-boys-perc-who2007-exp_07eb5053-9a09-4910-aa6b-c7fb28012ce6.xlsx:wfa_boys_perc_WHO2007_exp
PESO_EDAD,M,68,-0.2758,19.7607,0.13246,,13.408,14.701,15.53,15.992,16.74,17.27,18.091,19.761,21.632,22.729,23.513,24.739,25.58,27.268,hfa-boys-perc-who2007-exp_07eb5053-9a09-4910-aa6b-c7fb28012ce6.xlsx:wfa_boys_perc_WHO2007_exp
PESO_EDAD,M,69,-0.2864,19.9468,0.13279,,13.532,14.836,15.672,16.139,16.893,17.428,18.259,19.947,21.841,22.954,23.749,24.994,25.847,27.564,hfa-boys-perc-who2007-exp_07eb5053-9a09-4910-aa6b-c7fb28012ce6.xlsx:wfa_boys_perc_WHO2007_exp
PESO_EDAD,M,70,-0.2969,20.1344,0.13311,,13.658,14.972,15.815,16.286,17.048,17.588,18.427,20.134,22.053,23.18,23.986,25.25,26.117,27.862,hfa-boys-perc-who2007-exp_07eb5053-9a09-4910-aa6b-c7fb28012ce6.xlsx:wfa_boys_perc_WHO2007_exp
PESO_EDAD,M,71,-0.3075,20.3235,0.13342,,13.785,15.11,15.959,16.435,17.204,17.749,18.597,20.324,22.265,23.408,24.226,25.508,26.388,28.162,hfa-boys-perc-who2007-exp_07eb5053-9a09-4910-aa6b-c7fb28012ce6.xlsx:wfa_boys_perc_WHO2007_exp
PESO_EDAD,M,72,-0.318,20.5137,0.13372,,13.913,15.248,16.105,16.585,17.361,17.912,18.768,20.514,22.48,23.637,24.467,25.767,26.661,28.464,hfa-boys-perc-who2007-exp_07eb5053-9a09-4910-aa6b-c7fb28012ce6.xlsx:wfa_boys_perc_WHO2007_exp
PESO_EDAD,M,73,-0.3285,20.7052,0.13402,,14.042,15.388,16.252,16.736,17.519,18.076,18.941,20.705,22.695,23.868,24.709,26.029,26.937,28.769,hfa-boys-perc-who2007-exp_07eb5053-9a09-4910-aa6b-c7fb28012ce6.xlsx:wfa_boys_perc_WHO2007_exp
PESO_EDAD,M,74,-0.339,20.8979,0.13432,,14.172,15.528,16.4,16.888,17.678,18.24,19.114,20.898,22.912,24.101,24.953,26.293,27.215,29.077,hfa-boys-perc-who2007-exp_07eb5053-9a09-4910-aa6b-c7fb28012ce6.xlsx:wfa_boys_perc_WHO2007_exp
PESO_EDAD,M,75,-0.3494,21.0918,0.13462,,14.303,15.669,16.548,17.041,17.839,18.406,19.288,21.092,23.131,24.335,25.2,26.558,27.494,29.387,hfa-boys-perc-who2007-exp_07eb5053-9a09-4910-aa6b-c7fb28012ce6.xlsx:wfa_boys_perc_WHO2007_exp
PESO_EDAD,M,76,-0.3598,21.287,0.13493,,14.434,15.811,16.697,17.194,17.999,18.572,19.464,21.287,23.351,24.571,25.448,26.827,27.777,29.701,hfa-boys-perc-who2007-exp_07eb5053-9a09-4910-aa6b-c7fb28012ce6.xlsx:wfa_boys_perc_WHO2007_exp
PESO_EDAD,M,77,-0.3701,21.4833,0.13523,,14.566,15.954,16.848,17.349,18.161,18.739,19.64,21.483,23.572,24.809,25.697,27.096,28.061,30.016,hfa-boys-perc-who2007-exp_07eb5053-9a09-4910-aa6b-c7fb28012ce6.xlsx:wfa_boys_perc_WHO2007_exp
PESO_EDAD,M,78,-0.3804,21.681,0.13554,,14.699,16.097,16.999,17.504,18.324,18.908,19.818,21.681,23.795,25.048,25.949,27.369,28.349,30.336,hfa-boys-perc-who2007-exp_07eb5053-9a09-4910-aa6b-c7fb28012ce6.xlsx:wfa_boys_perc_WHO2007_exp
PESO_EDAD,M,79,-0.3906,21.8799,0.13586,,14.832,16.241,17.15,17.66,18.488,19.077,19.996,21.88,24.02,25.29,26.203,27.644,28.639,30.658,hfa-boys-perc-who2007-exp_07eb5053-9a09-4910-aa6b-c7fb28012ce6.xlsx:wfa_boys_perc_WHO2007_exp
PESO_EDAD,M,80,-0.4007,22.08,0.13618,,14.966,16.386,17.303,17.817,18.653,19.247,20.176,22.08,24.246,25.533,26.459,27.921,28.931,30.984,hfa-boys-perc-who2007-exp_07eb5053-9a09-4910-aa6b-c7fb28012ce6.xlsx:wfa_boys_perc_WHO2007_exp
PESO_EDAD,M,81,-0.4107,22.2813,0.13652,,15.1,16.531,17.455,17.974,18.818,19.418,20.356,22.281,24.474,25.778,26.717,28.201,29.227,31.314,hfa-boys-perc-who2007-exp_07eb5053-9a09-4910-aa6b-c7fb28012ce6.xlsx:wfa_boys_perc_WHO2007_exp
PESO_EDAD,M,82,-0.4207,22.4837,0.13686,,15.234,16.676,17.609,18.133,18.983,19.59,20.537,22.484,24.703,26.025,26.977,28.483,29.525,31.646,hfa-boys-perc-who2007-exp_07eb5053-9a09-4910-aa6b-c7fb28012ce6.xlsx:wfa_boys_perc_WHO2007_exp
PESO_EDAD,M,83,-0.4305,22.6872,0.13722,,15.368,16.822,17.762,18.291,19.15,19.762,20.719,22.687,24.934,26.273,27.24,28.767,29.826,31.983,hfa-boys-perc-who2007-exp_07eb5053-9a09-4910-aa6b-c7fb28012ce6.xlsx:wfa_boys_perc_WHO2007_exp
PESO_EDAD,M,84,-0.4402,22.8915,0.13759,,15.503,16.968,17.916,18.449,19.316,19.935,20.901,22.892,25.167,26.524,27.504,29.054,30.13,32.323,hfa-boys-perc-who2007-exp_07eb5053-9a09-4910-aa6b-c7fb28012ce6.xlsx:wfa_boys_perc_WHO2007_exp
PESO_EDAD,M,85,-0.4499,23.0968,0.13797,,15.637,17.114,18.07,18.608,19.483,20.108,21.084,23.097,25.4,26.776,27.77,29.344,30.436,32.666,hfa-boys-perc-who2007-exp_07eb5053-9a09-4910-aa6b-c7fb28012ce6.xlsx:wfa_boys_perc_WHO2007_exp
PESO_EDAD,M,86,-0.4594,23.3029,0.13838,,15.771,17.259,18.224,18.767,19.65,20.281,21.268,23.303,25.635,27.03,28.038,29.636,30.746,33.014,hfa-boys-perc-who2007-exp_07eb5053-9a09-4910-aa6b-c7fb28012ce6.xlsx:wfa_boys_perc_WHO2007_exp
PESO_EDAD,M,87,-0.4688,23.5101,0.1388,,15.904,17.405,18.378,18.926,19.818,20.455,21.452,23.51,25.872,27.286,28.309,29.931,31.059,33.366,hfa-boys-perc-who2007-exp_07eb5053-9a09-4910-aa6b-c7fb28012ce6.xlsx:wfa_boys_perc_WHO2007_exp
PESO_EDAD,M,88,-0.4781,23.7182,0.13923,,16.038,17.551,18.532,19.085,19.986,20.629,21.636,23.718,26.11,27.543,28.581,30.229,31.375,33.722,hfa-boys-perc-who2007-exp_07eb5053-9a09-4910-aa6b-c7fb28012ce6.xlsx:wfa_boys_perc_WHO2007_exp
PESO_EDAD,M,89,-0.4873,23.9272,0.13969,,16.171,17.696,18.686,19.244,20.154,20.803,21.821,23.927,26.35,27.803,28.856,30.53,31.695,34.083,hfa-boys-perc-who2007-exp_07eb5053-9a09-4910-aa6b-c7fb28012ce6.xlsx:wfa_boys_perc_WHO2007_exp
PESO_EDAD,M,90,-0.4964,24.1371,0.14016,,16.304,17.842,18.841,19.404,20.322,20.978,22.007,24.137,26.591,28.065,29.134,30.833,32.017,34.448,hfa-boys-perc-who2007-exp_07eb5053-9a09-4910-aa6b-c7fb28012ce6.xlsx:wfa_boys_perc_WHO2007_exp
PESO_EDAD,M,91,-0.5053,24.3479,0.14065,,16.437,17.987,18.995,19.563,20.49,21.153,22.193,24.348,26.834,28.328,29.413,31.139,32.343,34.817,hfa-boys-perc-who2007-exp_07eb5053-9a09-4910-aa6b-c7fb28012ce6.xlsx:wfa_boys_perc_WHO2007_exp
PESO_EDAD,M,92,-0.5142,24.5595,0.14117,,16.569,18.131,19.148,19.722,20.658,21.328,22.379,24.56,27.078,28.594,29.695,31.449,32.674,35.192,hfa-boys-perc-who2007-exp_07eb5053-9a09-4910-aa6b-c7fb28012ce6.xlsx:wfa_boys_perc_WHO2007_exp
PESO_EDAD,M,93,-0.5229,24.7722,0.1417,,16.7,18.276,19.302,19.882,20.827,21.504,22.566,24.772,27.324,28.862,29.98,31.762,33.007,35.571,hfa-boys-perc-who2007-exp_07eb5053-9a09-4910-aa6b-c7fb28012ce6.xlsx:wfa_boys_perc_WHO2007_exp
PESO_EDAD,M,94,-0.5315,24.9858,0.14226,,16.831,18.42,19.456,20.041,20.995,21.679,22.754,24.986,27.572,29.132,30.267,32.079,33.345,35.956,hfa-boys-perc-who2007-exp_07eb5053-9a09-4910-aa6b-c7fb28012ce6.xlsx:wfa_boys_perc_WHO2007_exp
PESO_EDAD,M,95,-0.5399,25.2005,0.14284,,16.962,18.564,19.609,20.2,21.164,21.855,22.941,25.2,27.821,29.405,30.558,32.398,33.687,36.346,hfa-boys-perc-who2007-exp_07eb5053-9a09-4910-aa6b-c7fb28012ce6.xlsx:wfa_boys_perc_WHO2007_exp
PESO_EDAD,M,96,-0.5482,25.4163,0.14344,,17.092,18.708,19.763,20.359,21.333,22.031,23.13,25.416,28.073,29.68,30.85,32.722,34.033,36.742,hfa-boys-perc-who2007-exp_07eb5053-9a09-4910-aa6b-c7fb28012ce6.xlsx:wfa_boys_perc_WHO2007_exp
PESO_EDAD,M,97,-0.5564,25.6332,0.14407,,17.221,18.851,19.916,20.518,21.502,22.208,23.319,25.633,28.326,29.957,31.147,33.05,34.384,37.145,hfa-boys-perc-who2007-exp_07eb5053-9a09-4910-aa6b-c7fb28012ce6.xlsx:wfa_boys_perc_WHO2007_exp
PESO_EDAD,M,98,-0.5644,25.8513,0.14472,,17.35,18.994,20.069,20.677,21.671,22.385,23.508,25.851,28.582,30.238,31.446,33.381,34.74,37.553,hfa-boys-perc-who2007-exp_07eb5053-9a09-4910-aa6b-c7fb28012ce6.xlsx:wfa_boys_perc_WHO2007_exp
PESO_EDAD,M,99,-0.5722,26.0706,0.14539,,17.478,19.137,20.222,20.836,21.84,22.562,23.698,26.071,28.839,30.52,31.748,33.716,35.099,37.967,hfa-boys-perc-who2007-exp_07eb5053-9a09-4910-aa6b-c7fb28012ce6.xlsx:wfa_boys_perc_WHO2007_exp
PESO_EDAD,M,100,-0.5799,26.2911,0.14608,,17.606,19.28,20.375,20.995,22.01,22.74,23.889,26.291,29.099,30.806,32.053,34.055,35.464,38.387,hfa-boys-perc-who2007-exp_07eb5053-9a09-4910-aa6b-c7fb28012ce6.xlsx:wfa_boys_perc_WHO2007_exp
PESO_EDAD,M,101,-0.5873,26.5128,0.14679,,17.734,19.422,20.528,21.154,22.18,22.918,24.08,26.513,29.36,31.093,32.362,34.398,35.832,38.813,hfa-boys-perc-who2007-exp_07eb5053-9a09-4910-aa6b-c7fb28012ce6.xlsx:wfa_boys_perc_WHO2007_exp
PESO_EDAD,M,102,-0.5946,26.7358,0.14752,,17.861,19.564,20.681,21.313,22.35,23.096,24.272,26.736,29.624,31.384,32.673,34.745,36.206,39.245,hfa-boys-perc-who2007-exp_07eb5053-9a09-4910-aa6b-c7fb28012ce6.xlsx:wfa_boys_perc_WHO2007_exp
PESO_EDAD,M,103,-0.6017,26.9602,0.14828,,17.987,19.706,20.833,21.473,22.521,23.275,24.465,26.96,29.89,31.678,32.989,35.097,36.585,39.686,hfa-boys-perc-who2007-exp_07eb5053-9a09-4910-aa6b-c7fb28012ce6.xlsx:wfa_boys_perc_WHO2007_exp
PESO_EDAD,M,104,-0.6085,27.1861,0.14905,,18.114,19.848,20.986,21.632,22.692,23.454,24.659,27.186,30.158,31.974,33.307,35.453,36.969,40.131,hfa-boys-perc-who2007-exp_07eb5053-9a09-4910-aa6b-c7fb28012ce6.xlsx:wfa_boys_perc_WHO2007_exp
PESO_EDAD,M,105,-0.6152,27.4137,0.14984,,18.24,19.99,21.14,21.793,22.863,23.635,24.853,27.414,30.429,32.274,33.629,35.814,37.358,40.584,hfa-boys-perc-who2007-exp_07eb5053-9a09-4910-aa6b-c7fb28012ce6.xlsx:wfa_boys_perc_WHO2007_exp
PESO_EDAD,M,106,-0.6216,27.6432,0.15066,,18.365,20.132,21.293,21.953,23.036,23.816,25.049,27.643,30.703,32.578,33.956,36.18,37.753,41.046,hfa-boys-perc-who2007-exp_07eb5053-9a09-4910-aa6b-c7fb28012ce6.xlsx:wfa_boys_perc_WHO2007_exp
PESO_EDAD,M,107,-0.6278,27.875,0.15149,,18.492,20.274,21.448,22.114,23.209,23.998,25.247,27.875,30.98,32.885,34.287,36.551,38.155,41.515,hfa-boys-perc-who2007-exp_07eb5053-9a09-4910-aa6b-c7fb28012ce6.xlsx:wfa_boys_perc_WHO2007_exp
PESO_EDAD,M,108,-0.6337,28.1092,0.15233,,18.618,20.418,21.603,22.277,23.384,24.182,25.446,28.109,31.26,33.196,34.622,36.927,38.562,41.99,hfa-boys-perc-who2007-exp_07eb5053-9a09-4910-aa6b-c7fb28012ce6.xlsx:wfa_boys_perc_WHO2007_exp
PESO_EDAD,M,109,-0.6393,28.3459,0.15319,,18.745,20.562,21.759,22.44,23.56,24.368,25.647,28.346,31.544,33.512,34.962,37.309,38.975,42.475,hfa-boys-perc-who2007-exp_07eb5053-9a09-4910-aa6b-c7fb28012ce6.xlsx:wfa_boys_perc_WHO2007_exp
PESO_EDAD,M,110,-0.6446,28.5854,0.15406,,18.872,20.707,21.917,22.605,23.737,24.555,25.85,28.585,31.831,33.832,35.307,37.697,39.395,42.967,hfa-boys-perc-who2007-exp_07eb5053-9a09-4910-aa6b-c7fb28012ce6.xlsx:wfa_boys_perc_WHO2007_exp
PESO_EDAD,M,111,-0.6496,28.8277,0.15493,,19.001,20.853,22.076,22.772,23.917,24.744,26.056,28.828,32.122,34.155,35.656,38.089,39.82,43.465,hfa-boys-perc-who2007-exp_07eb5053-9a09-4910-aa6b-c7fb28012ce6.xlsx:wfa_boys_perc_WHO2007_exp
PESO_EDAD,M,112,-0.6543,29.0731,0.15581,,19.13,21.001,22.236,22.94,24.098,24.936,26.263,29.073,32.417,34.484,36.01,38.488,40.252,43.972,hfa-boys-perc-who2007-exp_07eb5053-9a09-4910-aa6b-c7fb28012ce6.xlsx:wfa_boys_perc_WHO2007_exp
PESO_EDAD,M,113,-0.6585,29.3217,0.1567,,19.26,21.149,22.398,23.11,24.282,25.129,26.474,29.322,32.716,34.817,36.369,38.892,40.69,44.487,hfa-boys-perc-who2007-exp_07eb5053-9a09-4910-aa6b-c7fb28012ce6.xlsx:wfa_boys_perc_WHO2007_exp
PESO_EDAD,M,114,-0.6624,29.5736,0.1576,,19.39,21.299,22.561,23.281,24.467,25.325,26.687,29.574,33.02,35.155,36.734,39.303,41.135,45.01,hfa-boys-perc-who2007-exp_07eb5053-9a09-4910-aa6b-c7fb28012ce6.xlsx:wfa_boys_perc_WHO2007_exp
PESO_EDAD,M,115,-0.6659,29.8289,0.1585,,19.522,21.451,22.727,23.455,24.655,25.523,26.902,29.829,33.327,35.497,37.104,39.719,41.587,45.54,hfa-boys-perc-who2007-exp_07eb5053-9a09-4910-aa6b-c7fb28012ce6.xlsx:wfa_boys_perc_WHO2007_exp
PESO_EDAD,M,116,-0.6689,30.0877,0.1594,,19.655,21.604,22.894,23.631,24.845,25.724,27.121,30.088,33.639,35.844,37.479,40.141,42.044,46.076,hfa-boys-perc-who2007-exp_07eb5053-9a09-4910-aa6b-c7fb28012ce6.xlsx:wfa_boys_perc_WHO2007_exp
PESO_EDAD,M,117,-0.6714,30.3501,0.16031,,19.789,21.758,23.063,23.808,25.037,25.927,27.342,30.35,33.956,36.197,37.859,40.569,42.508,46.621,hfa-boys-perc-who2007-exp_07eb5053-9a09-4910-aa6b-c7fb28012ce6.xlsx:wfa_boys_perc_WHO2007_exp
PESO_EDAD,M,118,-0.6735,30.616,0.16122,,19.924,21.914,23.234,23.987,25.231,26.133,27.566,30.616,34.276,36.554,38.245,41.003,42.978,47.173,hfa-boys-perc-who2007-exp_07eb5053-9a09-4910-aa6b-c7fb28012ce6.xlsx:wfa_boys_perc_WHO2007_exp
PESO_EDAD,M,119,-0.6752,30.8854,0.16213,,20.06,22.071,23.406,24.169,25.428,26.341,27.793,30.885,34.601,36.916,38.635,41.443,43.455,47.732,hfa-boys-perc-who2007-exp_07eb5053-9a09-4910-aa6b-c7fb28012ce6.xlsx:wfa_boys_perc_WHO2007_exp
PESO_EDAD,M,120,-0.6764,31.1586,0.16305,,20.196,22.23,23.581,24.352,25.627,26.551,28.023,31.159,34.931,37.283,39.032,41.889,43.938,48.299,hfa-boys-perc-who2007-exp_07eb5053-9a09-4910-aa6b-c7fb28012ce6.xlsx:wfa_boys_perc_WHO2007_exp
TALLA_EDAD,F,61,1.0,109.6016,0.04355,4.7731,94.851,98.498,100.624,101.75,103.485,104.655,106.382,109.602,112.821,114.549,115.719,117.453,118.579,120.706,hfa-girls-perc-who2007-exp.xlsx:hfa_girls_perc_WHO2007_exp
TALLA_EDAD,F,62,1.0,110.1258,0.04364,4.8059,95.274,98.946,101.087,102.221,103.967,105.145,106.884,110.126,113.367,115.107,116.285,118.031,119.165,121.306,hfa-girls-perc-who2007-exp.xlsx:hfa_girls_perc_WHO2007_exp
TALLA_EDAD,F,63,1.0,110.6451,0.04373,4.8385,95.693,99.389,101.545,102.686,104.444,105.63,107.382,110.645,113.909,115.66,116.846,118.604,119.745,121.901,hfa-girls-perc-who2007-exp.xlsx:hfa_girls_perc_WHO2007_exp
TALLA_EDAD,F,64,1.0,111.1596,0.04382,4.871,96.107,99.828,101.998,103.147,104.917,106.111,107.874,111.16,114.445,116.208,117.402,119.172,120.321,122.491,hfa-girls-perc-who2007-exp.xlsx:hfa_girls_perc_WHO2007_exp
TALLA_EDAD,F,65,1.0,111.6696,0.0439,4.9023,96.52,100.265,102.449,103.606,105.387,106.589,108.363,111.67,114.976,116.751,117.952,119.733,120.89,123.074,hfa-girls-perc-who2007-exp.xlsx:hfa_girls_perc_WHO2007_exp
TALLA_EDAD,F,66,1.0,112.1753,0.04399,4.9346,96.926,100.696,102.894,104.059,105.851,107.061,108.847,112.175,115.504,117.29,118.499,120.292,121.456,123.655,hfa-girls-perc-who2007-exp.xlsx:hfa_girls_perc_WHO2007_exp
TALLA_EDAD,F,67,1.0,112.6767,0.04407,4.9657,97.332,101.125,103.337,104.509,106.313,107.53,109.327,112.677,116.026,117.823,119.04,120.844,122.016,124.229,hfa-girls-perc-who2007-exp.xlsx:hfa_girls_perc_WHO2007_exp
TALLA_EDAD,F,68,1.0,113.174,0.04415,4.9966,97.733,101.55,103.776,104.955,106.771,107.995,109.804,113.174,116.544,118.353,119.577,121.393,122.572,124.798,hfa-girls-perc-who2007-exp.xlsx:hfa_girls_perc_WHO2007_exp
TALLA_EDAD,F,69,1.0,113.6672,0.04423,5.0275,98.131,101.971,104.212,105.398,107.224,108.457,110.276,113.667,117.058,118.878,120.11,121.937,123.123,125.363,hfa-girls-perc-who2007-exp.xlsx:hfa_girls_perc_WHO2007_exp
TALLA_EDAD,F,70,1.0,114.1565,0.04431,5.0583,98.525,102.389,104.643,105.836,107.674,108.914,110.745,114.156,117.568,119.399,120.639,122.477,123.67,125.924,hfa-girls-perc-who2007-exp.xlsx:hfa_girls_perc_WHO2007_exp
TALLA_EDAD,F,71,1.0,114.6421,0.04439,5.089,98.916,102.803,105.071,106.272,108.12,109.368,111.21,114.642,118.075,119.916,121.164,123.013,124.213,126.481,hfa-girls-perc-who2007-exp.xlsx:hfa_girls_perc_WHO2007_exp
TALLA_EDAD,F,72,1.0,115.1244,0.04447,5.1196,99.304,103.214,105.496,106.703,108.563,109.818,111.671,115.124,118.578,120.431,121.685,123.545,124.753,127.034,hfa-girls-perc-who2007-exp.xlsx:hfa_girls_perc_WHO2007_exp
TALLA_EDAD,F,73,1.0,115.6039,0.04454,5.149,99.692,103.626,105.92,107.135,109.005,110.267,112.131,115.604,119.077,120.94,122.203,124.073,125.288,127.582,hfa-girls-perc-who2007-exp.xlsx:hfa_girls_perc_WHO2007_exp
TALLA_EDAD,F,74,1.0,116.0812,0.04461,5.1784,100.079,104.034,106.342,107.564,109.445,110.714,112.588,116.081,119.574,121.448,122.718,124.599,125.821,128.128,hfa-girls-perc-who2007-exp.xlsx:hfa_girls_perc_WHO2007_exp
TALLA_EDAD,F,75,1.0,116.5568,0.04469,5.2089,100.46,104.439,106.76,107.989,109.881,111.158,113.043,116.557,120.07,121.956,123.232,125.125,126.354,128.675,hfa-girls-perc-who2007-exp.xlsx:hfa_girls_perc_WHO2007_exp
TALLA_EDAD,F,76,1.0,117.0311,0.04475,5.2371,100.847,104.848,107.181,108.417,110.319,111.603,113.499,117.031,120.563,122.459,123.743,125.645,126.881,129.215,hfa-girls-perc-who2007-exp.xlsx:hfa_girls_perc_WHO2007_exp
TALLA_EDAD,F,77,1.0,117.5044,0.04482,5.2665,101.23,105.253,107.599,108.842,110.755,112.046,113.952,117.504,121.057,122.963,124.254,126.167,127.41,129.756,hfa-girls-perc-who2007-exp.xlsx:hfa_girls_perc_WHO2007_exp
TALLA_EDAD,F,78,1.0,117.9769,0.04489,5.296,101.611,105.657,108.016,109.266,111.19,112.488,114.405,117.977,121.549,123.466,124.764,126.688,127.938,130.297,hfa-girls-perc-who2007-exp.xlsx:hfa_girls_perc_WHO2007_exp
TALLA_EDAD,F,79,1.0,118.4489,0.04495,5.3243,101.996,106.063,108.435,109.691,111.626,112.931,114.858,118.449,122.04,123.967,125.272,127.207,128.463,130.835,hfa-girls-perc-who2007-exp.xlsx:hfa_girls_perc_WHO2007_exp
TALLA_EDAD,F,80,1.0,118.9208,0.04502,5.3538,102.376,106.466,108.851,110.115,112.06,113.372,115.31,118.921,122.532,124.47,125.782,127.727,128.99,131.376,hfa-girls-perc-who2007-exp.xlsx:hfa_girls_perc_WHO2007_exp
TALLA_EDAD,F,81,1.0,119.3926,0.04508,5.3822,102.76,106.872,109.27,110.54,112.495,113.814,115.762,119.393,123.023,124.971,126.29,128.246,129.515,131.914,hfa-girls-perc-who2007-exp.xlsx:hfa_girls_perc_WHO2007_exp
TALLA_EDAD,F,82,1.0,119.8648,0.04514,5.4107,103.144,107.278,109.688,110.965,112.931,114.257,116.215,119.865,123.514,125.473,126.799,128.765,130.041,132.452,hfa-girls-perc-who2007-exp.xlsx:hfa_girls_perc_WHO2007_exp
TALLA_EDAD,F,83,1.0,120.3374,0.0452,5.4393,103.529,107.684,110.107,111.391,113.367,114.7,116.669,120.337,124.006,125.975,127.308,129.284,130.568,132.991,hfa-girls-perc-who2007-exp.xlsx:hfa_girls_perc_WHO2007_exp
TALLA_EDAD,F,84,1.0,120.8105,0.04525,5.4667,103.917,108.093,110.529,111.819,113.805,115.145,117.123,120.81,124.498,126.476,127.816,129.802,131.092,133.528,hfa-girls-perc-who2007-exp.xlsx:hfa_girls_perc_WHO2007_exp
TALLA_EDAD,F,85,1.0,121.2843,0.04531,5.4954,104.302,108.5,110.949,112.245,114.242,115.589,117.578,121.284,124.991,126.98,128.327,130.323,131.62,134.068,hfa-girls-perc-who2007-exp.xlsx:hfa_girls_perc_WHO2007_exp
TALLA_EDAD,F,86,1.0,121.7587,0.04536,5.523,104.691,108.91,111.371,112.674,114.681,116.035,118.034,121.759,125.484,127.483,128.837,130.843,132.146,134.607,hfa-girls-perc-who2007-exp.xlsx:hfa_girls_perc_WHO2007_exp
TALLA_EDAD,F,87,1.0,122.2338,0.04542,5.5519,105.077,109.318,111.792,113.102,115.119,116.48,118.489,122.234,125.978,127.988,129.349,131.366,132.676,135.149,hfa-girls-perc-who2007-exp.xlsx:hfa_girls_perc_WHO2007_exp
TALLA_EDAD,F,88,1.0,122.7098,0.04547,5.5796,105.467,109.73,112.216,113.532,115.559,116.927,118.946,122.71,126.473,128.493,129.86,131.887,133.204,135.69,hfa-girls-perc-who2007-exp.xlsx:hfa_girls_perc_WHO2007_exp
TALLA_EDAD,F,89,1.0,123.1868,0.04551,5.6062,105.862,110.145,112.643,113.965,116.002,117.376,119.405,123.187,126.968,128.997,130.371,132.408,133.731,136.229,hfa-girls-perc-who2007-exp.xlsx:hfa_girls_perc_WHO2007_exp
TALLA_EDAD,F,90,1.0,123.6646,0.04556,5.6342,106.254,110.558,113.068,114.397,116.444,117.825,119.864,123.665,127.465,129.504,130.885,132.932,134.261,136.772,hfa-girls-perc-who2007-exp.xlsx:hfa_girls_perc_WHO2007_exp
TALLA_EDAD,F,91,1.0,124.1435,0.04561,5.6622,106.646,110.971,113.494,114.83,116.887,118.275,120.324,124.144,127.963,130.012,131.4,133.457,134.793,137.316,hfa-girls-perc-who2007-exp.xlsx:hfa_girls_perc_WHO2007_exp
TALLA_EDAD,F,92,1.0,124.6234,0.04565,5.6891,107.043,111.389,113.923,115.266,117.333,118.727,120.786,124.623,128.461,130.52,131.914,133.981,135.323,137.858,hfa-girls-perc-who2007-exp.xlsx:hfa_girls_perc_WHO2007_exp
TALLA_EDAD,F,93,1.0,125.1045,0.04569,5.716,107.441,111.807,114.354,115.702,117.779,119.18,121.249,125.104,128.96,131.029,132.43,134.507,135.855,138.402,hfa-girls-perc-who2007-exp.xlsx:hfa_girls_perc_WHO2007_exp
TALLA_EDAD,F,94,1.0,125.5869,0.04573,5.7431,107.839,112.226,114.785,116.14,118.227,119.635,121.713,125.587,129.461,131.539,132.947,135.033,136.388,138.947,hfa-girls-perc-who2007-exp.xlsx:hfa_girls_perc_WHO2007_exp
TALLA_EDAD,F,95,1.0,126.0706,0.04577,5.7703,108.239,112.647,115.218,116.579,118.676,120.09,122.179,126.071,129.963,132.051,133.465,135.562,136.923,139.494,hfa-girls-perc-who2007-exp.xlsx:hfa_girls_perc_WHO2007_exp
TALLA_EDAD,F,96,1.0,126.5558,0.04581,5.7975,108.64,113.069,115.652,117.02,119.126,120.547,122.645,126.556,130.466,132.565,133.986,136.092,137.46,140.043,hfa-girls-perc-who2007-exp.xlsx:hfa_girls_perc_WHO2007_exp
TALLA_EDAD,F,97,1.0,127.0424,0.04585,5.8249,109.042,113.492,116.087,117.461,119.577,121.005,123.114,127.042,130.971,133.08,134.507,136.623,137.998,140.593,hfa-girls-perc-who2007-exp.xlsx:hfa_girls_perc_WHO2007_exp
TALLA_EDAD,F,98,1.0,127.5304,0.04588,5.8511,109.449,113.919,116.526,117.906,120.032,121.466,123.584,127.53,131.477,133.595,135.029,137.155,138.535,141.142,hfa-girls-perc-who2007-exp.xlsx:hfa_girls_perc_WHO2007_exp
TALLA_EDAD,F,99,1.0,128.0199,0.04591,5.8774,109.857,114.347,116.966,118.352,120.488,121.928,124.056,128.02,131.984,134.111,135.552,137.687,139.074,141.693,hfa-girls-perc-who2007-exp.xlsx:hfa_girls_perc_WHO2007_exp
TALLA_EDAD,F,100,1.0,128.5109,0.04594,5.9038,110.267,114.777,117.407,118.8,120.945,122.392,124.529,128.511,132.493,134.63,136.077,138.222,139.615,142.245,hfa-girls-perc-who2007-exp.xlsx:hfa_girls_perc_WHO2007_exp
TALLA_EDAD,F,101,1.0,129.0035,0.04597,5.9303,110.678,115.208,117.85,119.249,121.404,122.857,125.004,129.004,133.003,135.15,136.603,138.758,140.157,142.799,hfa-girls-perc-who2007-exp.xlsx:hfa_girls_perc_WHO2007_exp
TALLA_EDAD,F,102,1.0,129.4975,0.046,5.9569,111.089,115.64,118.294,119.699,121.863,123.324,125.48,129.498,133.515,135.671,137.132,139.296,140.701,143.355,hfa-girls-perc-who2007-exp.xlsx:hfa_girls_perc_WHO2007_exp
TALLA_EDAD,F,103,1.0,129.9932,0.04602,5.9823,111.507,116.076,118.742,120.153,122.327,123.793,125.958,129.993,134.028,136.193,137.66,139.833,141.245,143.91,hfa-girls-perc-who2007-exp.xlsx:hfa_girls_perc_WHO2007_exp
TALLA_EDAD,F,104,1.0,130.4904,0.04604,6.0078,111.925,116.514,119.191,120.608,122.791,124.264,126.438,130.49,134.543,136.717,138.19,140.372,141.79,144.467,hfa-girls-perc-who2007-exp.xlsx:hfa_girls_perc_WHO2007_exp
TALLA_EDAD,F,105,1.0,130.9891,0.04607,6.0347,112.341,116.95,119.639,121.063,123.255,124.735,126.919,130.989,135.059,137.244,138.723,140.915,142.339,145.028,hfa-girls-perc-who2007-exp.xlsx:hfa_girls_perc_WHO2007_exp
TALLA_EDAD,F,106,1.0,131.4895,0.04608,6.059,112.766,117.394,120.094,121.523,123.725,125.21,127.403,131.49,135.576,137.769,139.254,141.456,142.885,145.585,hfa-girls-perc-who2007-exp.xlsx:hfa_girls_perc_WHO2007_exp
TALLA_EDAD,F,107,1.0,131.9912,0.0461,6.0848,113.188,117.836,120.547,121.983,124.193,125.685,127.887,131.991,136.095,138.298,139.789,142.0,143.435,146.147,hfa-girls-perc-who2007-exp.xlsx:hfa_girls_perc_WHO2007_exp
TALLA_EDAD,F,108,1.0,132.4944,0.04612,6.1106,113.611,118.279,121.002,122.443,124.663,126.161,128.373,132.494,136.616,138.828,140.326,142.546,143.987,146.71,hfa-girls-perc-who2007-exp.xlsx:hfa_girls_perc_WHO2007_exp
TALLA_EDAD,F,109,1.0,132.9989,0.04613,6.1352,114.04,118.726,121.46,122.907,125.136,126.64,128.861,132.999,137.137,139.358,140.862,143.09,144.538,147.272,hfa-girls-perc-who2007-exp.xlsx:hfa_girls_perc_WHO2007_exp
TALLA_EDAD,F,110,1.0,133.5046,0.04614,6.1599,114.469,119.175,121.919,123.372,125.61,127.12,129.35,133.505,137.659,139.889,141.399,143.637,145.09,147.835,hfa-girls-perc-who2007-exp.xlsx:hfa_girls_perc_WHO2007_exp
TALLA_EDAD,F,111,1.0,134.0118,0.04615,6.1846,114.9,119.624,122.38,123.839,126.086,127.602,129.84,134.012,138.183,140.422,141.938,144.185,145.644,148.399,hfa-girls-perc-who2007-exp.xlsx:hfa_girls_perc_WHO2007_exp
TALLA_EDAD,F,112,1.0,134.5202,0.04616,6.2095,115.332,120.075,122.842,124.307,126.562,128.085,130.332,134.52,138.708,140.956,142.478,144.734,146.199,148.966,hfa-girls-perc-who2007-exp.xlsx:hfa_girls_perc_WHO2007_exp
TALLA_EDAD,F,113,1.0,135.0299,0.04616,6.233,115.769,120.53,123.307,124.778,127.042,128.57,130.826,135.03,139.234,141.49,143.018,145.282,146.753,149.53,hfa-girls-perc-who2007-exp.xlsx:hfa_girls_perc_WHO2007_exp
TALLA_EDAD,F,114,1.0,135.541,0.04617,6.2579,116.203,120.983,123.771,125.248,127.521,129.055,131.32,135.541,139.762,142.027,143.561,145.834,147.311,150.099,hfa-girls-perc-who2007-exp.xlsx:hfa_girls_perc_WHO2007_exp
TALLA_EDAD,F,115,1.0,136.0533,0.04617,6.2816,116.642,121.44,124.239,125.721,128.003,129.543,131.816,136.053,140.29,142.564,144.103,146.386,147.868,150.666,hfa-girls-perc-who2007-exp.xlsx:hfa_girls_perc_WHO2007_exp
TALLA_EDAD,F,116,1.0,136.567,0.04616,6.3039,117.086,121.902,124.711,126.198,128.488,130.033,132.315,136.567,140.819,143.101,144.646,146.936,148.423,151.232,hfa-girls-perc-who2007-exp.xlsx:hfa_girls_perc_WHO2007_exp
TALLA_EDAD,F,117,1.0,137.0821,0.04616,6.3277,117.528,122.362,125.181,126.674,128.973,130.524,132.814,137.082,141.35,143.64,145.191,147.49,148.983,151.803,hfa-girls-perc-who2007-exp.xlsx:hfa_girls_perc_WHO2007_exp
TALLA_EDAD,F,118,1.0,137.5987,0.04616,6.3516,117.971,122.823,125.653,127.151,129.459,131.016,133.315,137.599,141.883,144.182,145.739,148.046,149.545,152.375,hfa-girls-perc-who2007-exp.xlsx:hfa_girls_perc_WHO2007_exp
TALLA_EDAD,F,119,1.0,138.1167,0.04615,6.3741,118.419,123.288,126.128,127.632,129.948,131.51,133.817,138.117,142.416,144.723,146.285,148.601,150.105,152.945,hfa-girls-perc-who2007-exp.xlsx:hfa_girls_perc_WHO2007_exp
TALLA_EDAD,F,120,1.0,138.6363,0.04614,6.3967,118.869,123.755,126.605,128.115,130.439,132.007,134.322,138.636,142.951,145.266,146.834,149.158,150.667,153.517,hfa-girls-perc-who2007-exp.xlsx:hfa_girls_perc_WHO2007_exp
TALLA_EDAD,F,121,1.0,139.1575,0.04612,6.4179,119.325,124.227,127.087,128.601,130.933,132.506,134.829,139.158,143.486,145.809,147.382,149.714,151.228,154.088,hfa-girls-perc-who2007-exp.xlsx:hfa_girls_perc_WHO2007_exp
TALLA_EDAD,F,122,1.0,139.6803,0.04611,6.4407,119.777,124.697,127.567,129.086,131.426,133.005,135.336,139.68,144.024,146.356,147.934,150.274,151.794,154.664,hfa-girls-perc-who2007-exp.xlsx:hfa_girls_perc_WHO2007_exp
TALLA_EDAD,F,123,1.0,140.2049,0.04609,6.462,120.236,125.172,128.051,129.576,131.923,133.507,135.846,140.205,144.563,146.902,148.486,150.834,152.359,155.238,hfa-girls-perc-who2007-exp.xlsx:hfa_girls_perc_WHO2007_exp
TALLA_EDAD,F,124,1.0,140.7313,0.04607,6.4835,120.696,125.648,128.537,130.067,132.422,134.012,136.358,140.731,145.104,147.451,149.04,151.396,152.925,155.814,hfa-girls-perc-who2007-exp.xlsx:hfa_girls_perc_WHO2007_exp
TALLA_EDAD,F,125,1.0,141.2594,0.04605,6.505,121.157,126.127,129.025,130.56,132.923,134.517,136.872,141.259,145.647,148.001,149.596,151.959,153.494,156.392,hfa-girls-perc-who2007-exp.xlsx:hfa_girls_perc_WHO2007_exp
TALLA_EDAD,F,126,1.0,141.7892,0.04603,6.5266,121.621,126.606,129.514,131.054,133.425,135.025,137.387,141.789,146.191,148.554,150.153,152.524,154.064,156.972,hfa-girls-perc-who2007-exp.xlsx:hfa_girls_perc_WHO2007_exp
TALLA_EDAD,F,127,1.0,142.3206,0.046,6.5467,122.09,127.091,130.008,131.552,133.931,135.535,137.905,142.321,146.736,149.106,150.711,153.089,154.634,157.551,hfa-girls-perc-who2007-exp.xlsx:hfa_girls_perc_WHO2007_exp
TALLA_EDAD,F,128,1.0,142.8534,0.04597,6.567,122.56,127.576,130.502,132.052,134.437,136.047,138.424,142.853,147.283,149.66,151.269,153.655,155.205,158.13,hfa-girls-perc-who2007-exp.xlsx:hfa_girls_perc_WHO2007_exp
TALLA_EDAD,F,129,1.0,143.3874,0.04594,6.5872,123.031,128.063,130.998,132.552,134.946,136.56,138.944,143.387,147.83,150.215,151.829,154.222,155.777,158.712,hfa-girls-perc-who2007-exp.xlsx:hfa_girls_perc_WHO2007_exp
TALLA_EDAD,F,130,1.0,143.9222,0.04591,6.6075,123.504,128.551,131.495,133.054,135.454,137.074,139.466,143.922,148.379,150.77,152.39,154.791,156.349,159.293,hfa-girls-perc-who2007-exp.xlsx:hfa_girls_perc_WHO2007_exp
TALLA_EDAD,F,131,1.0,144.4575,0.04588,6.6277,123.976,129.039,131.992,133.556,135.964,137.588,139.987,144.458,148.928,151.327,152.951,155.359,156.923,159.876,hfa-girls-perc-who2007-exp.xlsx:hfa_girls_perc_WHO2007_exp
TALLA_EDAD,F,132,1.0,144.9929,0.04584,6.6465,124.454,129.531,132.492,134.06,136.475,138.104,140.51,144.993,149.476,151.882,153.511,155.925,157.494,160.455,hfa-girls-perc-who2007-exp.xlsx:hfa_girls_perc_WHO2007_exp
TALLA_EDAD,F,133,1.0,145.528,0.0458,6.6652,124.931,130.022,132.992,134.565,136.986,138.62,141.032,145.528,150.024,152.436,154.07,156.491,158.064,161.034,hfa-girls-perc-who2007-exp.xlsx:hfa_girls_perc_WHO2007_exp
TALLA_EDAD,F,134,1.0,146.0622,0.04576,6.6838,125.408,130.513,133.491,135.068,137.497,139.135,141.554,146.062,150.57,152.99,154.628,157.056,158.633,161.611,hfa-girls-perc-who2007-exp.xlsx:hfa_girls_perc_WHO2007_exp
TALLA_EDAD,F,135,1.0,146.5951,0.04571,6.7009,125.888,131.007,133.992,135.573,138.008,139.65,142.075,146.595,151.115,153.54,155.183,157.617,159.198,162.184,hfa-girls-perc-who2007-exp.xlsx:hfa_girls_perc_WHO2007_exp
TALLA_EDAD,F,136,1.0,147.1262,0.04567,6.7193,126.362,131.495,134.489,136.074,138.515,140.162,142.594,147.126,151.658,154.09,155.737,158.178,159.764,162.758,hfa-girls-perc-who2007-exp.xlsx:hfa_girls_perc_WHO2007_exp
TALLA_EDAD,F,137,1.0,147.6548,0.04562,6.736,126.839,131.984,134.986,136.575,139.022,140.673,143.111,147.655,152.198,154.636,156.287,158.735,160.324,163.325,hfa-girls-perc-who2007-exp.xlsx:hfa_girls_perc_WHO2007_exp
TALLA_EDAD,F,138,1.0,148.1804,0.04557,6.7526,127.313,132.472,135.48,137.073,139.527,141.182,143.626,148.18,152.735,155.179,156.834,159.287,160.881,163.889,hfa-girls-perc-who2007-exp.xlsx:hfa_girls_perc_WHO2007_exp
TALLA_EDAD,F,139,1.0,148.7023,0.04552,6.7689,127.785,132.955,135.971,137.568,140.028,141.687,144.137,148.702,153.268,155.718,157.377,159.836,161.433,164.449,hfa-girls-perc-who2007-exp.xlsx:hfa_girls_perc_WHO2007_exp
TALLA_EDAD,F,140,1.0,149.2197,0.04546,6.7835,128.257,133.439,136.461,138.062,140.526,142.189,144.644,149.22,153.795,156.25,157.913,160.378,161.978,165.001,hfa-girls-perc-who2007-exp.xlsx:hfa_girls_perc_WHO2007_exp
TALLA_EDAD,F,141,1.0,149.7322,0.04541,6.7993,128.721,133.915,136.944,138.548,141.018,142.685,145.146,149.732,154.318,156.779,158.446,160.916,162.52,165.55,hfa-girls-perc-who2007-exp.xlsx:hfa_girls_perc_WHO2007_exp
TALLA_EDAD,F,142,1.0,150.239,0.04535,6.8133,129.184,134.389,137.425,139.032,141.507,143.177,145.643,150.239,154.835,157.301,158.971,161.446,163.053,166.089,hfa-girls-perc-who2007-exp.xlsx:hfa_girls_perc_WHO2007_exp
TALLA_EDAD,F,143,1.0,150.7394,0.04529,6.827,129.642,134.857,137.899,139.51,141.99,143.664,146.135,150.739,155.344,157.815,159.489,161.969,163.58,166.621,hfa-girls-perc-who2007-exp.xlsx:hfa_girls_perc_WHO2007_exp
TALLA_EDAD,F,144,1.0,151.2327,0.04523,6.8403,130.095,135.32,138.368,139.981,142.467,144.143,146.619,151.233,155.846,158.322,159.999,162.484,164.098,167.146,hfa-girls-perc-who2007-exp.xlsx:hfa_girls_perc_WHO2007_exp
TALLA_EDAD,F,145,1.0,151.7182,0.04516,6.8516,130.545,135.779,138.832,140.448,142.938,144.617,147.097,151.718,156.34,158.819,160.499,162.988,164.605,167.657,hfa-girls-perc-who2007-exp.xlsx:hfa_girls_perc_WHO2007_exp
TALLA_EDAD,F,146,1.0,152.1951,0.0451,6.864,130.984,136.227,139.285,140.905,143.399,145.081,147.565,152.195,156.825,159.309,160.992,163.485,165.105,168.163,hfa-girls-perc-who2007-exp.xlsx:hfa_girls_perc_WHO2007_exp
TALLA_EDAD,F,147,1.0,152.6628,0.04503,6.8744,131.419,136.671,139.733,141.355,143.853,145.538,148.026,152.663,157.3,159.788,161.473,163.97,165.592,168.655,hfa-girls-perc-who2007-exp.xlsx:hfa_girls_perc_WHO2007_exp
TALLA_EDAD,F,148,1.0,153.1206,0.04497,6.8858,131.842,137.102,140.17,141.794,144.296,145.984,148.476,153.121,157.765,160.257,161.945,164.447,166.071,169.139,hfa-girls-perc-who2007-exp.xlsx:hfa_girls_perc_WHO2007_exp
TALLA_EDAD,F,149,1.0,153.5678,0.0449,6.8952,132.26,137.527,140.599,142.226,144.731,146.421,148.917,153.568,158.219,160.714,162.404,164.909,166.536,169.608,hfa-girls-perc-who2007-exp.xlsx:hfa_girls_perc_WHO2007_exp
TALLA_EDAD,F,150,1.0,154.0041,0.04483,6.904,132.669,137.943,141.019,142.648,145.156,146.849,149.347,154.004,158.661,161.16,162.852,165.36,166.989,170.065,hfa-girls-perc-who2007-exp.xlsx:hfa_girls_perc_WHO2007_exp
TALLA_EDAD,F,151,1.0,154.429,0.04476,6.9122,133.069,138.349,141.428,143.059,145.571,147.265,149.767,154.429,159.091,161.593,163.287,165.799,167.43,170.509,hfa-girls-perc-who2007-exp.xlsx:hfa_girls_perc_WHO2007_exp
TALLA_EDAD,F,152,1.0,154.8423,0.04468,6.9184,133.463,138.748,141.83,143.463,145.976,147.672,150.176,154.842,159.509,162.013,163.709,166.222,167.854,170.937,hfa-girls-perc-who2007-exp.xlsx:hfa_girls_perc_WHO2007_exp
TALLA_EDAD,F,153,1.0,155.2437,0.04461,6.9254,133.843,139.133,142.218,143.852,146.368,148.066,150.573,155.244,159.915,162.421,164.119,166.635,168.269,171.355,hfa-girls-perc-who2007-exp.xlsx:hfa_girls_perc_WHO2007_exp
TALLA_EDAD,F,154,1.0,155.633,0.04454,6.9319,134.212,139.507,142.596,144.231,146.749,148.449,150.958,155.633,160.308,162.817,164.517,167.035,168.67,171.759,hfa-girls-perc-who2007-exp.xlsx:hfa_girls_perc_WHO2007_exp
TALLA_EDAD,F,155,1.0,156.0101,0.04446,6.9362,134.576,139.874,142.965,144.601,147.121,148.821,151.332,156.01,160.689,163.199,164.899,167.419,169.056,172.146,hfa-girls-perc-who2007-exp.xlsx:hfa_girls_perc_WHO2007_exp
TALLA_EDAD,F,156,1.0,156.3748,0.04439,6.9415,134.924,140.227,143.319,144.957,147.479,149.18,151.693,156.375,161.057,163.569,165.271,167.793,169.43,172.523,hfa-girls-perc-who2007-exp.xlsx:hfa_girls_perc_WHO2007_exp
TALLA_EDAD,F,157,1.0,156.7269,0.04431,6.9446,135.267,140.571,143.666,145.304,147.827,149.529,152.043,156.727,161.411,163.924,165.627,168.15,169.788,172.882,hfa-girls-perc-who2007-exp.xlsx:hfa_girls_perc_WHO2007_exp
TALLA_EDAD,F,158,1.0,157.0666,0.04423,6.9471,135.599,140.905,144.001,145.64,148.164,149.866,152.381,157.067,161.752,164.267,165.97,168.493,170.133,173.228,hfa-girls-perc-who2007-exp.xlsx:hfa_girls_perc_WHO2007_exp
TALLA_EDAD,F,159,1.0,157.3936,0.04415,6.9489,135.92,141.228,144.324,145.964,148.488,150.191,152.707,157.394,162.081,164.596,166.299,168.824,170.463,173.559,hfa-girls-perc-who2007-exp.xlsx:hfa_girls_perc_WHO2007_exp
TALLA_EDAD,F,160,1.0,157.7082,0.04408,6.9518,136.226,141.536,144.633,146.274,148.799,150.503,153.019,157.708,162.397,164.913,166.617,169.143,170.783,173.88,hfa-girls-perc-who2007-exp.xlsx:hfa_girls_perc_WHO2007_exp
TALLA_EDAD,F,161,1.0,158.0102,0.044,6.9524,136.526,141.836,144.934,146.574,149.1,150.804,153.321,158.01,162.7,165.216,166.92,169.446,171.086,174.184,hfa-girls-perc-who2007-exp.xlsx:hfa_girls_perc_WHO2007_exp
TALLA_EDAD,F,162,1.0,158.2997,0.04392,6.9525,136.815,142.126,145.223,146.864,149.39,151.094,153.61,158.3,162.989,165.506,167.21,169.736,171.376,174.474,hfa-girls-perc-who2007-exp.xlsx:hfa_girls_perc_WHO2007_exp
TALLA_EDAD,F,163,1.0,158.5771,0.04384,6.952,137.094,142.404,145.502,147.142,149.668,151.372,153.888,158.577,163.266,165.782,167.486,170.012,171.652,174.75,hfa-girls-perc-who2007-exp.xlsx:hfa_girls_perc_WHO2007_exp
TALLA_EDAD,F,164,1.0,158.8425,0.04376,6.9509,137.362,142.672,145.769,147.409,149.935,151.638,154.154,158.842,163.531,166.047,167.75,170.276,171.916,175.013,hfa-girls-perc-who2007-exp.xlsx:hfa_girls_perc_WHO2007_exp
TALLA_EDAD,F,165,1.0,159.0961,0.04369,6.9509,137.616,142.926,146.023,147.663,150.188,151.892,154.408,159.096,163.784,166.3,168.004,170.529,172.169,175.266,hfa-girls-perc-who2007-exp.xlsx:hfa_girls_perc_WHO2007_exp
TALLA_EDAD,F,166,1.0,159.3382,0.04361,6.9487,137.865,143.173,146.269,147.909,150.433,152.136,154.651,159.338,164.025,166.54,168.243,170.768,172.407,175.503,hfa-girls-perc-who2007-exp.xlsx:hfa_girls_perc_WHO2007_exp
TALLA_EDAD,F,167,1.0,159.5691,0.04353,6.946,138.104,143.41,146.505,148.144,150.667,152.37,154.884,159.569,164.254,166.768,168.471,170.994,172.633,175.728,hfa-girls-perc-who2007-exp.xlsx:hfa_girls_perc_WHO2007_exp
TALLA_EDAD,F,168,1.0,159.789,0.04345,6.9428,138.334,143.638,146.731,148.369,150.891,152.593,155.106,159.789,164.472,166.985,168.687,171.209,172.847,175.94,hfa-girls-perc-who2007-exp.xlsx:hfa_girls_perc_WHO2007_exp
TALLA_EDAD,F,169,1.0,159.9983,0.04337,6.9391,138.555,143.855,146.947,148.584,151.105,152.806,155.318,159.998,164.679,167.19,168.891,171.412,173.049,176.141,hfa-girls-perc-who2007-exp.xlsx:hfa_girls_perc_WHO2007_exp
TALLA_EDAD,F,170,1.0,160.1971,0.0433,6.9365,138.762,144.06,147.151,148.788,151.308,153.008,155.518,160.197,164.876,167.386,169.087,171.607,173.243,176.334,hfa-girls-perc-who2007-exp.xlsx:hfa_girls_perc_WHO2007_exp
TALLA_EDAD,F,171,1.0,160.3857,0.04322,6.9319,138.965,144.26,147.348,148.984,151.502,153.201,155.71,160.386,165.061,167.57,169.269,171.788,173.423,176.512,hfa-girls-perc-who2007-exp.xlsx:hfa_girls_perc_WHO2007_exp
TALLA_EDAD,F,172,1.0,160.5643,0.04314,6.9267,139.159,144.45,147.537,149.171,151.687,153.385,155.892,160.564,165.236,167.743,169.441,171.958,173.592,176.678,hfa-girls-perc-who2007-exp.xlsx:hfa_girls_perc_WHO2007_exp
TALLA_EDAD,F,173,1.0,160.7332,0.04307,6.9228,139.34,144.628,147.713,149.346,151.861,153.558,156.064,160.733,165.403,167.908,169.605,172.12,173.754,176.838,hfa-girls-perc-who2007-exp.xlsx:hfa_girls_perc_WHO2007_exp
TALLA_EDAD,F,174,1.0,160.8927,0.04299,6.9168,139.518,144.802,147.884,149.516,152.028,153.724,156.227,160.893,165.558,168.061,169.757,172.27,173.902,176.984,hfa-girls-perc-who2007-exp.xlsx:hfa_girls_perc_WHO2007_exp
TALLA_EDAD,F,175,1.0,161.043,0.04292,6.912,139.683,144.963,148.043,149.674,152.185,153.879,156.381,161.043,165.705,168.207,169.901,172.412,174.043,177.123,hfa-girls-perc-who2007-exp.xlsx:hfa_girls_perc_WHO2007_exp
TALLA_EDAD,F,176,1.0,161.1845,0.04284,6.9051,139.846,145.121,148.197,149.827,152.335,154.028,156.527,161.184,165.842,168.341,170.034,172.542,174.172,177.248,hfa-girls-perc-who2007-exp.xlsx:hfa_girls_perc_WHO2007_exp
TALLA_EDAD,F,177,1.0,161.3176,0.04277,6.8996,139.996,145.267,148.341,149.969,152.475,154.167,156.664,161.318,165.971,168.469,170.16,172.666,174.294,177.368,hfa-girls-perc-who2007-exp.xlsx:hfa_girls_perc_WHO2007_exp
TALLA_EDAD,F,178,1.0,161.4425,0.0427,6.8936,140.14,145.406,148.477,150.104,152.608,154.298,156.793,161.442,166.092,168.587,170.277,172.781,174.408,177.479,hfa-girls-perc-who2007-exp.xlsx:hfa_girls_perc_WHO2007_exp
TALLA_EDAD,F,179,1.0,161.5596,0.04263,6.8873,140.276,145.537,148.606,150.231,152.733,154.421,156.914,161.56,166.205,168.698,170.386,172.888,174.513,177.582,hfa-girls-perc-who2007-exp.xlsx:hfa_girls_perc_WHO2007_exp
TALLA_EDAD,F,180,1.0,161.6692,0.04255,6.879,140.411,145.666,148.731,150.354,152.853,154.54,157.029,161.669,166.309,168.799,170.485,172.984,174.607,177.672,hfa-girls-perc-who2007-exp.xlsx:hfa_girls_perc_WHO2007_exp
TALLA_EDAD,F,181,1.0,161.7717,0.04248,6.8721,140.535,145.785,148.847,150.468,152.965,154.649,157.137,161.772,166.407,168.894,170.579,173.075,174.697,177.759,hfa-girls-perc-who2007-exp.xlsx:hfa_girls_perc_WHO2007_exp
TALLA_EDAD,F,182,1.0,161.8673,0.04241,6.8648,140.653,145.897,148.956,150.576,153.07,154.752,157.237,161.867,166.498,168.982,170.665,173.159,174.779,177.837,hfa-girls-perc-who2007-exp.xlsx:hfa_girls_perc_WHO2007_exp
TALLA_EDAD,F,183,1.0,161.9564,0.04235,6.8589,140.761,146.0,149.056,150.675,153.166,154.848,157.33,161.956,166.583,169.065,170.746,173.238,174.856,177.912,hfa-girls-perc-who2007-exp.xlsx:hfa_girls_perc_WHO2007_exp
TALLA_EDAD,F,184,1.0,162.0393,0.04228,6.851,140.868,146.101,149.154,150.77,153.259,154.939,157.418,162.039,166.66,169.14,170.819,173.308,174.925,177.977,hfa-girls-perc-who2007-exp.xlsx:hfa_girls_perc_WHO2007_exp
TALLA_EDAD,F,185,1.0,162.1164,0.04221,6.8429,140.97,146.197,149.246,150.861,153.347,155.024,157.501,162.116,166.732,169.209,170.886,173.372,174.987,178.035,hfa-girls-perc-who2007-exp.xlsx:hfa_girls_perc_WHO2007_exp
TALLA_EDAD,F,186,1.0,162.188,0.04214,6.8346,141.067,146.288,149.334,150.946,153.429,155.104,157.578,162.188,166.798,169.272,170.947,173.43,175.042,178.088,hfa-girls-perc-who2007-exp.xlsx:hfa_girls_perc_WHO2007_exp
TALLA_EDAD,F,187,1.0,162.2542,0.04208,6.8277,141.155,146.371,149.413,151.024,153.504,155.178,157.649,162.254,166.859,169.331,171.004,173.485,175.096,178.138,hfa-girls-perc-who2007-exp.xlsx:hfa_girls_perc_WHO2007_exp
TALLA_EDAD,F,188,1.0,162.3154,0.04201,6.8189,141.244,146.452,149.491,151.099,153.577,155.248,157.716,162.315,166.915,169.383,171.054,173.531,175.14,178.178,hfa-girls-perc-who2007-exp.xlsx:hfa_girls_perc_WHO2007_exp
TALLA_EDAD,F,189,1.0,162.3719,0.04195,6.8115,141.323,146.526,149.561,151.168,153.643,155.312,157.778,162.372,166.966,169.432,171.101,173.576,175.183,178.218,hfa-girls-perc-who2007-exp.xlsx:hfa_girls_perc_WHO2007_exp
TALLA_EDAD,F,190,1.0,162.4239,0.04189,6.8039,141.398,146.596,149.627,151.232,153.704,155.372,157.835,162.424,167.013,169.476,171.143,173.615,175.221,178.252,hfa-girls-perc-who2007-exp.xlsx:hfa_girls_perc_WHO2007_exp
TALLA_EDAD,F,191,1.0,162.4717,0.04182,6.7946,141.475,146.665,149.693,151.296,153.764,155.43,157.889,162.472,167.055,169.514,171.179,173.648,175.251,178.278,hfa-girls-perc-who2007-exp.xlsx:hfa_girls_perc_WHO2007_exp
TALLA_EDAD,F,192,1.0,162.5156,0.04176,6.7867,141.543,146.727,149.751,151.353,153.818,155.482,157.938,162.516,167.093,169.55,171.213,173.679,175.28,178.304,hfa-girls-perc-who2007-exp.xlsx:hfa_girls_perc_WHO2007_exp
TALLA_EDAD,F,193,1.0,162.556,0.0417,6.7786,141.609,146.787,149.807,151.406,153.869,155.53,157.984,162.556,167.128,169.582,171.243,173.706,175.305,178.325,hfa-girls-perc-who2007-exp.xlsx:hfa_girls_perc_WHO2007_exp
TALLA_EDAD,F,194,1.0,162.5933,0.04164,6.7704,141.671,146.843,149.86,151.457,153.917,155.576,158.027,162.593,167.16,169.61,171.27,173.73,175.327,178.344,hfa-girls-perc-who2007-exp.xlsx:hfa_girls_perc_WHO2007_exp
TALLA_EDAD,F,195,1.0,162.6276,0.04158,6.7621,141.731,146.897,149.91,151.505,153.962,155.619,158.067,162.628,167.189,169.636,171.294,173.75,175.346,178.358,hfa-girls-perc-who2007-exp.xlsx:hfa_girls_perc_WHO2007_exp
TALLA_EDAD,F,196,1.0,162.6594,0.04152,6.7536,141.789,146.948,149.957,151.551,154.004,155.66,158.104,162.659,167.215,169.659,171.315,173.768,175.362,178.371,hfa-girls-perc-who2007-exp.xlsx:hfa_girls_perc_WHO2007_exp
TALLA_EDAD,F,197,1.0,162.689,0.04147,6.7467,141.84,146.994,150.0,151.592,154.043,155.696,158.138,162.689,167.24,169.682,171.335,173.786,175.378,178.384,hfa-girls-perc-who2007-exp.xlsx:hfa_girls_perc_WHO2007_exp
TALLA_EDAD,F,198,1.0,162.7165,0.04141,6.7381,141.894,147.041,150.044,151.633,154.081,155.733,158.172,162.716,167.261,169.7,171.352,173.8,175.389,178.392,hfa-girls-perc-who2007-exp.xlsx:hfa_girls_perc_WHO2007_exp
TALLA_EDAD,F,199,1.0,162.7425,0.04136,6.731,141.942,147.084,150.083,151.671,154.116,155.766,158.202,162.742,167.283,169.719,171.369,173.814,175.402,178.401,hfa-girls-perc-who2007-exp.xlsx:hfa_girls_perc_WHO2007_exp
TALLA_EDAD,F,200,1.0,162.767,0.0413,6.7223,141.994,147.129,150.124,151.71,154.152,155.8,158.233,162.767,167.301,169.734,171.382,173.824,175.41,178.405,hfa-girls-perc-who2007-exp.xlsx:hfa_girls_perc_WHO2007_exp
TALLA_EDAD,F,201,1.0,162.7904,0.04125,6.7151,142.039,147.169,150.161,151.745,154.185,155.831,158.261,162.79,167.32,169.75,171.396,173.836,175.42,178.412,hfa-girls-perc-who2007-exp.xlsx:hfa_girls_perc_WHO2007_exp
TALLA_EDAD,F,202,1.0,162.8126,0.04119,6.7063,142.089,147.212,150.2,151.782,154.218,155.862,158.289,162.813,167.336,169.763,171.407,173.843,175.426,178.414,hfa-girls-perc-who2007-exp.xlsx:hfa_girls_perc_WHO2007_exp
TALLA_EDAD,F,203,1.0,162.834,0.04114,6.699,142.133,147.25,150.235,151.815,154.249,155.891,158.316,162.834,167.352,169.777,171.419,173.853,175.433,178.418,hfa-girls-perc-who2007-exp.xlsx:hfa_girls_perc_WHO2007_exp
TALLA_EDAD,F,204,1.0,162.8545,0.04109,6.6917,142.176,147.287,150.269,151.848,154.279,155.919,158.341,162.854,167.368,169.79,171.43,173.861,175.44,178.422,hfa-girls-perc-who2007-exp.xlsx:hfa_girls_perc_WHO2007_exp
TALLA_EDAD,F,205,1.0,162.8743,0.04104,6.6844,142.218,147.324,150.302,151.88,154.308,155.946,158.366,162.874,167.383,169.802,171.441,173.869,175.446,178.424,hfa-girls-perc-who2007-exp.xlsx:hfa_girls_perc_WHO2007_exp
TALLA_EDAD,F,206,1.0,162.8935,0.04099,6.677,142.26,147.36,150.335,151.911,154.337,155.973,158.39,162.894,167.397,169.814,171.45,173.876,175.452,178.427,hfa-girls-perc-who2007-exp.xlsx:hfa_girls_perc_WHO2007_exp
TALLA_EDAD,F,207,1.0,162.912,0.04094,6.6696,142.301,147.396,150.368,151.941,154.365,155.999,158.413,162.912,167.411,169.825,171.459,173.883,175.456,178.428,hfa-girls-perc-who2007-exp.xlsx:hfa_girls_perc_WHO2007_exp
TALLA_EDAD,F,208,1.0,162.93,0.04089,6.6622,142.342,147.431,150.4,151.972,154.392,156.025,158.436,162.93,167.424,169.835,171.468,173.888,175.46,178.429,hfa-girls-perc-who2007-exp.xlsx:hfa_girls_perc_WHO2007_exp
TALLA_EDAD,F,209,1.0,162.9476,0.04084,6.6548,142.383,147.466,150.431,152.001,154.419,156.05,158.459,162.948,167.436,169.845,171.476,173.894,175.464,178.429,hfa-girls-perc-who2007-exp.xlsx:hfa_girls_perc_WHO2007_exp
TALLA_EDAD,F,210,1.0,162.9649,0.0408,6.649,142.418,147.497,150.46,152.028,154.444,156.074,158.48,162.965,167.45,169.856,171.486,173.901,175.47,178.433,hfa-girls-perc-who2007-exp.xlsx:hfa_girls_perc_WHO2007_exp
TALLA_EDAD,F,211,1.0,162.9817,0.04075,6.6415,142.458,147.531,150.49,152.057,154.47,156.098,158.502,162.982,167.461,169.865,171.493,173.906,175.473,178.432,hfa-girls-perc-who2007-exp.xlsx:hfa_girls_perc_WHO2007_exp
TALLA_EDAD,F,212,1.0,162.9983,0.04071,6.6357,142.493,147.561,150.518,152.084,154.494,156.121,158.523,162.998,167.474,169.876,171.502,173.913,175.479,178.435,hfa-girls-perc-who2007-exp.xlsx:hfa_girls_perc_WHO2007_exp
TALLA_EDAD,F,213,1.0,163.0144,0.04066,6.6282,142.532,147.595,150.548,152.112,154.52,156.145,158.544,163.014,167.485,169.884,171.509,173.917,175.481,178.434,hfa-girls-perc-who2007-exp.xlsx:hfa_girls_perc_WHO2007_exp
TALLA_EDAD,F,214,1.0,163.03,0.04062,6.6223,142.566,147.624,150.575,152.137,154.543,156.166,158.563,163.03,167.497,169.894,171.517,173.923,175.485,178.436,hfa-girls-perc-who2007-exp.xlsx:hfa_girls_perc_WHO2007_exp
TALLA_EDAD,F,215,1.0,163.0451,0.04058,6.6164,142.599,147.653,150.601,152.162,154.566,156.188,158.582,163.045,167.508,169.903,171.524,173.928,175.489,178.437,hfa-girls-perc-who2007-exp.xlsx:hfa_girls_perc_WHO2007_exp
TALLA_EDAD,F,216,1.0,163.0595,0.04053,6.6088,142.637,147.685,150.63,152.189,154.59,156.21,158.602,163.06,167.517,169.909,171.529,173.93,175.489,178.434,hfa-girls-perc-who2007-exp.xlsx:hfa_girls_perc_WHO2007_exp
TALLA_EDAD,F,217,1.0,163.0733,0.04049,6.6028,142.669,147.713,150.655,152.213,154.611,156.23,158.62,163.073,167.527,169.917,171.535,173.934,175.492,178.434,hfa-girls-perc-who2007-exp.xlsx:hfa_girls_perc_WHO2007_exp
TALLA_EDAD,F,218,1.0,163.0862,0.04045,6.5968,142.7,147.74,150.679,152.235,154.632,156.249,158.637,163.086,167.536,169.923,171.54,173.937,175.493,178.433,hfa-girls-perc-who2007-exp.xlsx:hfa_girls_perc_WHO2007_exp
TALLA_EDAD,F,219,1.0,163.0982,0.04041,6.5908,142.731,147.766,150.702,152.257,154.652,156.267,158.653,163.098,167.544,169.929,171.545,173.939,175.494,178.431,hfa-girls-perc-who2007-exp.xlsx:hfa_girls_perc_WHO2007_exp
TALLA_EDAD,F,220,1.0,163.1092,0.04037,6.5847,142.761,147.791,150.725,152.278,154.671,156.285,158.668,163.109,167.551,169.934,171.548,173.94,175.494,178.428,hfa-girls-perc-who2007-exp.xlsx:hfa_girls_perc_WHO2007_exp
TALLA_EDAD,F,221,1.0,163.1192,0.04034,6.5802,142.785,147.811,150.743,152.296,154.686,156.299,158.681,163.119,167.557,169.939,171.552,173.943,175.495,178.427,hfa-girls-perc-who2007-exp.xlsx:hfa_girls_perc_WHO2007_exp
TALLA_EDAD,F,222,1.0,163.1279,0.0403,6.5741,142.813,147.834,150.763,152.315,154.703,156.314,158.694,163.128,167.562,169.941,171.553,173.941,175.492,178.421,hfa-girls-perc-who2007-exp.xlsx:hfa_girls_perc_WHO2007_exp
TALLA_EDAD,F,223,1.0,163.1355,0.04026,6.5678,142.839,147.856,150.783,152.332,154.718,156.328,158.706,163.136,167.565,169.943,171.553,173.939,175.488,178.415,hfa-girls-perc-who2007-exp.xlsx:hfa_girls_perc_WHO2007_exp
TALLA_EDAD,F,224,1.0,163.1418,0.04023,6.5632,142.86,147.874,150.798,152.346,154.731,156.339,158.715,163.142,167.569,169.944,171.553,173.937,175.486,178.41,hfa-girls-perc-who2007-exp.xlsx:hfa_girls_perc_WHO2007_exp
TALLA_EDAD,F,225,1.0,163.1469,0.04019,6.5569,142.885,147.893,150.815,152.362,154.744,156.351,158.724,163.147,167.569,169.943,171.55,173.932,175.479,178.4,hfa-girls-perc-who2007-exp.xlsx:hfa_girls_perc_WHO2007_exp
TALLA_EDAD,F,226,1.0,163.1508,0.04016,6.5521,142.903,147.908,150.828,152.373,154.754,156.36,158.731,163.151,167.57,169.942,171.548,173.928,175.474,178.393,hfa-girls-perc-who2007-exp.xlsx:hfa_girls_perc_WHO2007_exp
TALLA_EDAD,F,227,1.0,163.1534,0.04012,6.5457,142.926,147.926,150.842,152.387,154.765,156.369,158.738,163.153,167.568,169.938,171.542,173.92,175.465,178.381,hfa-girls-perc-who2007-exp.xlsx:hfa_girls_perc_WHO2007_exp
TALLA_EDAD,F,228,1.0,163.1548,0.04009,6.5409,142.942,147.938,150.853,152.396,154.772,156.376,158.743,163.155,167.567,169.934,171.537,173.914,175.457,178.371,hfa-girls-perc-who2007-exp.xlsx:hfa_girls_perc_WHO2007_exp
TALLA_EDAD,M,61,1.0,110.2647,0.04164,4.5914,96.076,99.583,101.629,102.712,104.381,105.506,107.168,110.265,113.362,115.023,116.149,117.817,118.9,120.946,hfa-boys-perc-who2007-exp.xlsx:hfa_boys_perc_WHO2007_exp
TALLA_EDAD,M,62,1.0,110.8006,0.04172,4.6226,96.516,100.047,102.106,103.197,104.876,106.01,107.683,110.801,113.918,115.592,116.725,118.404,119.495,121.554,hfa-boys-perc-who2007-exp.xlsx:hfa_boys_perc_WHO2007_exp
TALLA_EDAD,M,63,1.0,111.3338,0.0418,4.6538,96.953,100.508,102.581,103.679,105.37,106.51,108.195,111.334,114.473,116.157,117.298,118.989,120.087,122.16,hfa-boys-perc-who2007-exp.xlsx:hfa_boys_perc_WHO2007_exp
TALLA_EDAD,M,64,1.0,111.8636,0.04187,4.6837,97.39,100.968,103.054,104.16,105.861,107.009,108.704,111.864,115.023,116.718,117.866,119.568,120.673,122.76,hfa-boys-perc-who2007-exp.xlsx:hfa_boys_perc_WHO2007_exp
TALLA_EDAD,M,65,1.0,112.3895,0.04195,4.7147,97.82,101.421,103.522,104.634,106.347,107.503,109.209,112.39,115.57,117.276,118.432,120.145,121.257,123.358,hfa-boys-perc-who2007-exp.xlsx:hfa_boys_perc_WHO2007_exp
TALLA_EDAD,M,66,1.0,112.911,0.04203,4.7456,98.246,101.871,103.985,105.105,106.829,107.992,109.71,112.911,116.112,117.83,118.993,120.717,121.837,123.951,hfa-boys-perc-who2007-exp.xlsx:hfa_boys_perc_WHO2007_exp
TALLA_EDAD,M,67,1.0,113.428,0.04211,4.7765,98.668,102.316,104.444,105.571,107.307,108.478,110.206,113.428,116.65,118.378,119.549,121.285,122.412,124.54,hfa-boys-perc-who2007-exp.xlsx:hfa_boys_perc_WHO2007_exp
TALLA_EDAD,M,68,1.0,113.941,0.04218,4.806,99.089,102.76,104.902,106.036,107.782,108.96,110.699,113.941,117.183,118.922,120.1,121.846,122.98,125.122,hfa-boys-perc-who2007-exp.xlsx:hfa_boys_perc_WHO2007_exp
TALLA_EDAD,M,69,1.0,114.45,0.04226,4.8367,99.504,103.198,105.353,106.494,108.252,109.437,111.188,114.45,117.712,119.463,120.648,122.406,123.547,125.702,hfa-boys-perc-who2007-exp.xlsx:hfa_boys_perc_WHO2007_exp
TALLA_EDAD,M,70,1.0,114.9547,0.04234,4.8672,99.914,103.632,105.801,106.949,108.717,109.91,111.672,114.955,118.238,119.999,121.192,122.961,124.109,126.277,hfa-boys-perc-who2007-exp.xlsx:hfa_boys_perc_WHO2007_exp
TALLA_EDAD,M,71,1.0,115.4549,0.04241,4.8964,100.324,104.064,106.246,107.401,109.18,110.38,112.152,115.455,118.758,120.53,121.73,123.509,124.664,126.846,hfa-boys-perc-who2007-exp.xlsx:hfa_boys_perc_WHO2007_exp
TALLA_EDAD,M,72,1.0,115.9509,0.04249,4.9268,100.726,104.49,106.685,107.847,109.637,110.845,112.628,115.951,119.274,121.057,122.265,124.055,125.217,127.412,hfa-boys-perc-who2007-exp.xlsx:hfa_boys_perc_WHO2007_exp
TALLA_EDAD,M,73,1.0,116.4432,0.04257,4.957,101.125,104.912,107.12,108.29,110.091,111.306,113.1,116.443,119.787,121.581,122.796,124.597,125.766,127.975,hfa-boys-perc-who2007-exp.xlsx:hfa_boys_perc_WHO2007_exp
TALLA_EDAD,M,74,1.0,116.9325,0.04264,4.986,101.525,105.333,107.555,108.731,110.543,111.765,113.569,116.932,120.296,122.1,123.322,125.134,126.31,128.532,hfa-boys-perc-who2007-exp.xlsx:hfa_boys_perc_WHO2007_exp
TALLA_EDAD,M,75,1.0,117.4196,0.04272,5.0162,101.918,105.75,107.985,109.169,110.991,112.221,114.036,117.42,120.803,122.619,123.848,125.67,126.854,129.089,hfa-boys-perc-who2007-exp.xlsx:hfa_boys_perc_WHO2007_exp
TALLA_EDAD,M,76,1.0,117.9046,0.0428,5.0463,102.31,106.165,108.414,109.604,111.437,112.674,114.501,117.905,121.308,123.135,124.372,126.205,127.396,129.644,hfa-boys-perc-who2007-exp.xlsx:hfa_boys_perc_WHO2007_exp
TALLA_EDAD,M,77,1.0,118.388,0.04287,5.0753,102.704,106.581,108.842,110.04,111.884,113.128,114.965,118.388,121.811,123.648,124.892,126.736,127.934,130.195,hfa-boys-perc-who2007-exp.xlsx:hfa_boys_perc_WHO2007_exp
TALLA_EDAD,M,78,1.0,118.87,0.04295,5.1055,103.093,106.993,109.268,110.472,112.327,113.579,115.426,118.87,122.314,124.161,125.413,127.268,128.472,130.747,hfa-boys-perc-who2007-exp.xlsx:hfa_boys_perc_WHO2007_exp
TALLA_EDAD,M,79,1.0,119.3508,0.04303,5.1357,103.48,107.403,109.692,110.903,112.769,114.028,115.887,119.351,122.815,124.674,125.932,127.798,129.01,131.298,hfa-boys-perc-who2007-exp.xlsx:hfa_boys_perc_WHO2007_exp
TALLA_EDAD,M,80,1.0,119.8303,0.04311,5.1659,103.867,107.813,110.114,111.333,113.21,114.476,116.346,119.83,123.315,125.184,126.451,128.327,129.546,131.848,hfa-boys-perc-who2007-exp.xlsx:hfa_boys_perc_WHO2007_exp
TALLA_EDAD,M,81,1.0,120.3085,0.04318,5.1949,104.255,108.223,110.538,111.764,113.651,114.924,116.805,120.308,123.812,125.693,126.966,128.853,130.079,132.394,hfa-boys-perc-who2007-exp.xlsx:hfa_boys_perc_WHO2007_exp
TALLA_EDAD,M,82,1.0,120.7853,0.04326,5.2252,104.638,108.63,110.958,112.191,114.089,115.37,117.261,120.785,124.31,126.201,127.482,129.38,130.613,132.941,hfa-boys-perc-who2007-exp.xlsx:hfa_boys_perc_WHO2007_exp
TALLA_EDAD,M,83,1.0,121.2604,0.04334,5.2554,105.02,109.034,111.376,112.616,114.525,115.814,117.716,121.26,124.805,126.707,127.995,129.905,131.145,133.486,hfa-boys-perc-who2007-exp.xlsx:hfa_boys_perc_WHO2007_exp
TALLA_EDAD,M,84,1.0,121.7338,0.04342,5.2857,105.4,109.437,111.793,113.04,114.96,116.256,118.169,121.734,125.299,127.212,128.508,130.428,131.675,134.03,hfa-boys-perc-who2007-exp.xlsx:hfa_boys_perc_WHO2007_exp
TALLA_EDAD,M,85,1.0,122.2053,0.0435,5.3159,105.778,109.839,112.207,113.461,115.393,116.696,118.62,122.205,125.791,127.715,129.018,130.949,132.203,134.572,hfa-boys-perc-who2007-exp.xlsx:hfa_boys_perc_WHO2007_exp
TALLA_EDAD,M,86,1.0,122.675,0.04358,5.3462,106.154,110.238,112.62,113.881,115.824,117.134,119.069,122.675,126.281,128.216,129.526,131.469,132.73,135.112,hfa-boys-perc-who2007-exp.xlsx:hfa_boys_perc_WHO2007_exp
TALLA_EDAD,M,87,1.0,123.1429,0.04366,5.3764,106.529,110.635,113.031,114.299,116.253,117.571,119.517,123.143,126.769,128.715,130.033,131.986,133.255,135.65,hfa-boys-perc-who2007-exp.xlsx:hfa_boys_perc_WHO2007_exp
TALLA_EDAD,M,88,1.0,123.6092,0.04374,5.4067,106.901,111.031,113.44,114.716,116.68,118.006,119.962,123.609,127.256,129.213,130.538,132.502,133.778,136.187,hfa-boys-perc-who2007-exp.xlsx:hfa_boys_perc_WHO2007_exp
TALLA_EDAD,M,89,1.0,124.0736,0.04382,5.4369,107.272,111.425,113.848,115.131,117.106,118.439,120.406,124.074,127.741,129.709,131.041,133.017,134.299,136.722,hfa-boys-perc-who2007-exp.xlsx:hfa_boys_perc_WHO2007_exp
TALLA_EDAD,M,90,1.0,124.5361,0.0439,5.4671,107.641,111.818,114.254,115.543,117.53,118.87,120.849,124.536,128.224,130.202,131.543,133.529,134.819,137.255,hfa-boys-perc-who2007-exp.xlsx:hfa_boys_perc_WHO2007_exp
TALLA_EDAD,M,91,1.0,124.9964,0.04398,5.4973,108.008,112.208,114.657,115.954,117.951,119.299,121.288,124.996,128.704,130.694,132.042,134.039,135.336,137.785,hfa-boys-perc-who2007-exp.xlsx:hfa_boys_perc_WHO2007_exp
TALLA_EDAD,M,92,1.0,125.4545,0.04406,5.5275,108.373,112.596,115.058,116.363,118.371,119.726,121.726,125.454,129.183,131.183,132.538,134.546,135.851,138.313,hfa-boys-perc-who2007-exp.xlsx:hfa_boys_perc_WHO2007_exp
TALLA_EDAD,M,93,1.0,125.9104,0.04414,5.5577,108.736,112.981,115.458,116.769,118.788,120.15,122.162,125.91,129.659,131.671,133.033,135.052,136.363,138.84,hfa-boys-perc-who2007-exp.xlsx:hfa_boys_perc_WHO2007_exp
TALLA_EDAD,M,94,1.0,126.364,0.04422,5.5878,109.096,113.365,115.854,117.173,119.203,120.573,122.595,126.364,130.133,132.155,133.525,135.555,136.874,139.363,hfa-boys-perc-who2007-exp.xlsx:hfa_boys_perc_WHO2007_exp
TALLA_EDAD,M,95,1.0,126.8156,0.0443,5.6179,109.455,113.746,116.249,117.575,119.616,120.993,123.026,126.816,130.605,132.638,134.015,136.056,137.382,139.885,hfa-boys-perc-who2007-exp.xlsx:hfa_boys_perc_WHO2007_exp
TALLA_EDAD,M,96,1.0,127.2651,0.04438,5.648,109.811,114.126,116.642,117.975,120.027,121.411,123.456,127.265,131.075,133.119,134.503,136.555,137.888,140.404,hfa-boys-perc-who2007-exp.xlsx:hfa_boys_perc_WHO2007_exp
TALLA_EDAD,M,97,1.0,127.7129,0.04446,5.6781,110.166,114.504,117.034,118.373,120.436,121.828,123.883,127.713,131.543,133.598,134.99,137.053,138.392,140.922,hfa-boys-perc-who2007-exp.xlsx:hfa_boys_perc_WHO2007_exp
TALLA_EDAD,M,98,1.0,128.159,0.04454,5.7082,110.519,114.88,117.423,118.77,120.844,122.243,124.309,128.159,132.009,134.075,135.474,137.548,138.895,141.438,hfa-boys-perc-who2007-exp.xlsx:hfa_boys_perc_WHO2007_exp
TALLA_EDAD,M,99,1.0,128.6034,0.04462,5.7383,110.871,115.254,117.811,119.165,121.249,122.656,124.733,128.603,132.474,134.551,135.957,138.042,139.396,141.953,hfa-boys-perc-who2007-exp.xlsx:hfa_boys_perc_WHO2007_exp
TALLA_EDAD,M,100,1.0,129.0466,0.0447,5.7684,111.221,115.627,118.197,119.558,121.654,123.068,125.156,129.047,132.937,135.025,136.439,138.535,139.896,142.466,hfa-boys-perc-who2007-exp.xlsx:hfa_boys_perc_WHO2007_exp
TALLA_EDAD,M,101,1.0,129.4887,0.04478,5.7985,111.57,115.999,118.583,119.951,122.058,123.479,125.578,129.489,133.4,135.498,136.92,139.026,140.394,142.978,hfa-boys-perc-who2007-exp.xlsx:hfa_boys_perc_WHO2007_exp
TALLA_EDAD,M,102,1.0,129.93,0.04487,5.83,111.914,116.367,118.965,120.341,122.459,123.888,125.998,129.93,133.862,135.972,137.401,139.519,140.895,143.493,hfa-boys-perc-who2007-exp.xlsx:hfa_boys_perc_WHO2007_exp
TALLA_EDAD,M,103,1.0,130.3705,0.04495,5.8602,112.261,116.738,119.349,120.731,122.86,124.297,126.418,130.37,134.323,136.444,137.881,140.01,141.392,144.003,hfa-boys-perc-who2007-exp.xlsx:hfa_boys_perc_WHO2007_exp
TALLA_EDAD,M,104,1.0,130.8103,0.04503,5.8904,112.608,117.107,119.732,121.121,123.261,124.705,126.837,130.81,134.783,136.915,138.359,140.499,141.889,144.513,hfa-boys-perc-who2007-exp.xlsx:hfa_boys_perc_WHO2007_exp
TALLA_EDAD,M,105,1.0,131.2495,0.04511,5.9207,112.953,117.476,120.114,121.511,123.662,125.113,127.256,131.25,135.243,137.386,138.837,140.988,142.385,145.023,hfa-boys-perc-who2007-exp.xlsx:hfa_boys_perc_WHO2007_exp
TALLA_EDAD,M,106,1.0,131.6884,0.04519,5.951,113.298,117.844,120.496,121.9,124.062,125.521,127.675,131.688,135.702,137.856,139.315,141.477,142.881,145.532,hfa-boys-perc-who2007-exp.xlsx:hfa_boys_perc_WHO2007_exp
TALLA_EDAD,M,107,1.0,132.1269,0.04527,5.9814,113.643,118.212,120.877,122.288,124.461,125.928,128.093,132.127,136.161,138.326,139.792,141.965,143.377,146.042,hfa-boys-perc-who2007-exp.xlsx:hfa_boys_perc_WHO2007_exp
TALLA_EDAD,M,108,1.0,132.5652,0.04535,6.0118,113.987,118.58,121.258,122.677,124.861,126.334,128.51,132.565,136.62,138.796,140.27,142.454,143.872,146.551,hfa-boys-perc-who2007-exp.xlsx:hfa_boys_perc_WHO2007_exp
TALLA_EDAD,M,109,1.0,133.0031,0.04543,6.0423,114.331,118.947,121.639,123.064,125.26,126.741,128.928,133.003,137.079,139.266,140.747,142.942,144.367,147.06,hfa-boys-perc-who2007-exp.xlsx:hfa_boys_perc_WHO2007_exp
TALLA_EDAD,M,110,1.0,133.4404,0.04551,6.0729,114.674,119.313,122.019,123.451,125.658,127.146,129.344,133.44,137.536,139.735,141.223,143.429,144.862,147.568,hfa-boys-perc-who2007-exp.xlsx:hfa_boys_perc_WHO2007_exp
TALLA_EDAD,M,111,1.0,133.877,0.04559,6.1035,115.016,119.678,122.398,123.838,126.055,127.551,129.76,133.877,137.994,140.203,141.699,143.916,145.356,148.076,hfa-boys-perc-who2007-exp.xlsx:hfa_boys_perc_WHO2007_exp
TALLA_EDAD,M,112,1.0,134.313,0.04566,6.1327,115.361,120.046,122.779,124.226,126.454,127.957,130.177,134.313,138.449,140.669,142.172,144.4,145.847,148.58,hfa-boys-perc-who2007-exp.xlsx:hfa_boys_perc_WHO2007_exp
TALLA_EDAD,M,113,1.0,134.7483,0.04574,6.1634,115.702,120.41,123.156,124.61,126.85,128.36,130.591,134.748,138.905,141.136,142.647,144.886,146.34,149.086,hfa-boys-perc-who2007-exp.xlsx:hfa_boys_perc_WHO2007_exp
TALLA_EDAD,M,114,1.0,135.1829,0.04582,6.1941,116.042,120.773,123.533,124.995,127.245,128.763,131.005,135.183,139.361,141.603,143.121,145.371,146.833,149.592,hfa-boys-perc-who2007-exp.xlsx:hfa_boys_perc_WHO2007_exp
TALLA_EDAD,M,115,1.0,135.6168,0.04589,6.2235,116.385,121.139,123.912,125.38,127.641,129.167,131.419,135.617,139.814,142.067,143.592,145.853,147.322,150.095,hfa-boys-perc-who2007-exp.xlsx:hfa_boys_perc_WHO2007_exp
TALLA_EDAD,M,116,1.0,136.0501,0.04597,6.2542,116.723,121.501,124.287,125.763,128.035,129.568,131.832,136.05,140.269,142.532,144.065,146.337,147.813,150.6,hfa-boys-perc-who2007-exp.xlsx:hfa_boys_perc_WHO2007_exp
TALLA_EDAD,M,117,1.0,136.4829,0.04604,6.2837,117.065,121.865,124.665,126.147,128.43,129.97,132.245,136.483,140.721,142.996,144.536,146.819,148.301,151.101,hfa-boys-perc-who2007-exp.xlsx:hfa_boys_perc_WHO2007_exp
TALLA_EDAD,M,118,1.0,136.9153,0.04612,6.3145,117.402,122.225,125.039,126.529,128.823,130.371,132.656,136.915,141.174,143.46,145.008,147.302,148.792,151.605,hfa-boys-perc-who2007-exp.xlsx:hfa_boys_perc_WHO2007_exp
TALLA_EDAD,M,119,1.0,137.3474,0.04619,6.3441,117.743,122.589,125.416,126.912,129.217,130.772,133.068,137.347,141.626,143.923,145.478,147.782,149.279,152.106,hfa-boys-perc-who2007-exp.xlsx:hfa_boys_perc_WHO2007_exp
TALLA_EDAD,M,120,1.0,137.7795,0.04626,6.3737,118.083,122.952,125.792,127.296,129.611,131.174,133.481,137.78,142.078,144.385,145.948,148.263,149.767,152.607,hfa-boys-perc-who2007-exp.xlsx:hfa_boys_perc_WHO2007_exp
TALLA_EDAD,M,121,1.0,138.2119,0.04633,6.4034,118.424,123.315,126.169,127.679,130.006,131.575,133.893,138.212,142.531,144.849,146.418,148.744,150.255,153.108,hfa-boys-perc-who2007-exp.xlsx:hfa_boys_perc_WHO2007_exp
TALLA_EDAD,M,122,1.0,138.6452,0.0464,6.4331,118.765,123.679,126.546,128.064,130.401,131.978,134.306,138.645,142.984,145.313,146.89,149.227,150.745,153.611,hfa-boys-perc-who2007-exp.xlsx:hfa_boys_perc_WHO2007_exp
TALLA_EDAD,M,123,1.0,139.0797,0.04647,6.463,119.107,124.044,126.924,128.449,130.797,132.381,134.72,139.08,143.439,145.778,147.362,149.71,151.235,154.115,hfa-boys-perc-who2007-exp.xlsx:hfa_boys_perc_WHO2007_exp
TALLA_EDAD,M,124,1.0,139.5158,0.04654,6.4931,119.451,124.411,127.304,128.836,131.195,132.786,135.136,139.516,143.895,146.245,147.837,150.196,151.728,154.621,hfa-boys-perc-who2007-exp.xlsx:hfa_boys_perc_WHO2007_exp
TALLA_EDAD,M,125,1.0,139.954,0.04661,6.5233,119.796,124.779,127.685,129.224,131.594,133.193,135.554,139.954,144.354,146.715,148.314,150.684,152.223,155.129,hfa-boys-perc-who2007-exp.xlsx:hfa_boys_perc_WHO2007_exp
TALLA_EDAD,M,126,1.0,140.3948,0.04667,6.5522,120.147,125.152,128.071,129.617,131.998,133.604,135.975,140.395,144.814,147.186,148.792,151.172,152.718,155.638,hfa-boys-perc-who2007-exp.xlsx:hfa_boys_perc_WHO2007_exp
TALLA_EDAD,M,127,1.0,140.8387,0.04674,6.5828,120.496,125.525,128.458,130.011,132.403,134.016,136.399,140.839,145.279,147.661,149.275,151.666,153.22,156.153,hfa-boys-perc-who2007-exp.xlsx:hfa_boys_perc_WHO2007_exp
TALLA_EDAD,M,128,1.0,141.2859,0.0468,6.6122,120.853,125.904,128.85,130.41,132.812,134.433,136.826,141.286,145.746,148.139,149.76,152.162,153.722,156.668,hfa-boys-perc-who2007-exp.xlsx:hfa_boys_perc_WHO2007_exp
TALLA_EDAD,M,129,1.0,141.7368,0.04686,6.6418,121.212,126.286,129.245,130.812,133.225,134.853,137.257,141.737,146.217,148.621,150.249,152.662,154.229,157.188,hfa-boys-perc-who2007-exp.xlsx:hfa_boys_perc_WHO2007_exp
TALLA_EDAD,M,130,1.0,142.1916,0.04692,6.6716,121.575,126.671,129.644,131.218,133.642,135.277,137.692,142.192,146.692,149.106,150.742,153.165,154.74,157.712,hfa-boys-perc-who2007-exp.xlsx:hfa_boys_perc_WHO2007_exp
TALLA_EDAD,M,131,1.0,142.6501,0.04698,6.7017,121.94,127.06,130.046,131.627,134.062,135.704,138.13,142.65,147.17,149.596,151.239,153.673,155.255,158.241,hfa-boys-perc-who2007-exp.xlsx:hfa_boys_perc_WHO2007_exp
TALLA_EDAD,M,132,1.0,143.1126,0.04703,6.7306,122.314,127.455,130.454,132.042,134.487,136.137,138.573,143.113,147.652,150.088,151.738,154.183,155.771,158.77,hfa-boys-perc-who2007-exp.xlsx:hfa_boys_perc_WHO2007_exp
TALLA_EDAD,M,133,1.0,143.5795,0.04709,6.7612,122.686,127.851,130.863,132.458,134.915,136.572,139.019,143.58,148.14,150.587,152.244,154.701,156.296,159.308,hfa-boys-perc-who2007-exp.xlsx:hfa_boys_perc_WHO2007_exp
TALLA_EDAD,M,134,1.0,144.0511,0.04714,6.7906,123.067,128.254,131.279,132.882,135.349,137.013,139.471,144.051,148.631,151.089,152.754,155.221,156.823,159.848,hfa-boys-perc-who2007-exp.xlsx:hfa_boys_perc_WHO2007_exp
TALLA_EDAD,M,135,1.0,144.5276,0.04719,6.8203,123.451,128.661,131.7,133.309,135.787,137.459,139.927,144.528,149.128,151.596,153.268,155.746,157.355,160.394,hfa-boys-perc-who2007-exp.xlsx:hfa_boys_perc_WHO2007_exp
TALLA_EDAD,M,136,1.0,145.0093,0.04723,6.8488,123.845,129.077,132.128,133.744,136.232,137.911,140.39,145.009,149.629,152.108,153.786,156.275,157.89,160.942,hfa-boys-perc-who2007-exp.xlsx:hfa_boys_perc_WHO2007_exp
TALLA_EDAD,M,137,1.0,145.4964,0.04728,6.8791,124.238,129.493,132.558,134.181,136.681,138.367,140.857,145.496,150.136,152.626,154.312,156.811,158.435,161.5,hfa-boys-perc-who2007-exp.xlsx:hfa_boys_perc_WHO2007_exp
TALLA_EDAD,M,138,1.0,145.9891,0.04732,6.9082,124.641,129.918,132.996,134.626,137.136,138.829,141.33,145.989,150.649,153.149,154.842,157.352,158.982,162.06,hfa-boys-perc-who2007-exp.xlsx:hfa_boys_perc_WHO2007_exp
TALLA_EDAD,M,139,1.0,146.4878,0.04736,6.9377,125.049,130.348,133.439,135.076,137.597,139.297,141.808,146.488,151.167,153.678,155.379,157.899,159.536,162.627,hfa-boys-perc-who2007-exp.xlsx:hfa_boys_perc_WHO2007_exp
TALLA_EDAD,M,140,1.0,146.9927,0.0474,6.9675,125.462,130.784,133.888,135.532,138.064,139.771,142.293,146.993,151.692,154.214,155.922,158.453,160.097,163.201,hfa-boys-perc-who2007-exp.xlsx:hfa_boys_perc_WHO2007_exp
TALLA_EDAD,M,141,1.0,147.5041,0.04744,6.9976,125.88,131.225,134.343,135.994,138.536,140.252,142.784,147.504,152.224,154.757,156.472,159.014,160.665,163.783,hfa-boys-perc-who2007-exp.xlsx:hfa_boys_perc_WHO2007_exp
TALLA_EDAD,M,142,1.0,148.0224,0.04747,7.0266,126.309,131.676,134.807,136.465,139.017,140.74,143.283,148.022,152.762,155.305,157.027,159.58,161.238,164.369,hfa-boys-perc-who2007-exp.xlsx:hfa_boys_perc_WHO2007_exp
TALLA_EDAD,M,143,1.0,148.5478,0.0475,7.056,126.743,132.133,135.277,136.942,139.505,141.235,143.789,148.548,153.307,155.861,157.59,160.154,161.819,164.963,hfa-boys-perc-who2007-exp.xlsx:hfa_boys_perc_WHO2007_exp
TALLA_EDAD,M,144,1.0,149.0807,0.04753,7.0858,127.184,132.597,135.754,137.426,140.0,141.737,144.301,149.081,153.86,156.425,158.162,160.736,162.408,165.565,hfa-boys-perc-who2007-exp.xlsx:hfa_boys_perc_WHO2007_exp
TALLA_EDAD,M,145,1.0,149.6212,0.04755,7.1145,127.636,133.07,136.24,137.919,140.504,142.248,144.823,149.621,154.42,156.995,158.739,161.323,163.002,166.172,hfa-boys-perc-who2007-exp.xlsx:hfa_boys_perc_WHO2007_exp
TALLA_EDAD,M,146,1.0,150.1694,0.04758,7.1451,128.09,133.548,136.731,138.417,141.013,142.764,145.35,150.169,154.989,157.575,159.326,161.922,163.608,166.791,hfa-boys-perc-who2007-exp.xlsx:hfa_boys_perc_WHO2007_exp
TALLA_EDAD,M,147,1.0,150.7256,0.04759,7.173,128.559,134.039,137.235,138.927,141.533,143.291,145.887,150.726,155.564,158.16,159.918,162.524,164.217,167.413,hfa-boys-perc-who2007-exp.xlsx:hfa_boys_perc_WHO2007_exp
TALLA_EDAD,M,148,1.0,151.2899,0.04761,7.2029,129.031,134.533,137.743,139.442,142.059,143.825,146.432,151.29,156.148,158.755,160.521,163.138,164.837,168.046,hfa-boys-perc-who2007-exp.xlsx:hfa_boys_perc_WHO2007_exp
TALLA_EDAD,M,149,1.0,151.8623,0.04762,7.2317,129.515,135.039,138.261,139.967,142.595,144.367,146.985,151.862,156.74,159.357,161.13,163.757,165.464,168.686,hfa-boys-perc-who2007-exp.xlsx:hfa_boys_perc_WHO2007_exp
TALLA_EDAD,M,150,1.0,152.4425,0.04763,7.2608,130.005,135.551,138.786,140.499,143.137,144.917,147.545,152.442,157.34,159.968,161.748,164.386,166.099,169.334,hfa-boys-perc-who2007-exp.xlsx:hfa_boys_perc_WHO2007_exp
TALLA_EDAD,M,151,1.0,153.0298,0.04763,7.2888,130.506,136.073,139.321,141.041,143.689,145.475,148.114,153.03,157.946,160.584,162.371,165.019,166.739,169.986,hfa-boys-perc-who2007-exp.xlsx:hfa_boys_perc_WHO2007_exp
TALLA_EDAD,M,152,1.0,153.6234,0.04764,7.3186,131.007,136.598,139.859,141.585,144.244,146.038,148.687,153.623,158.56,161.209,163.003,165.661,167.388,170.649,hfa-boys-perc-who2007-exp.xlsx:hfa_boys_perc_WHO2007_exp
TALLA_EDAD,M,153,1.0,154.2223,0.04763,7.3456,131.523,137.134,140.407,142.14,144.809,146.609,149.268,154.222,159.177,161.836,163.636,166.305,168.038,171.311,hfa-boys-perc-who2007-exp.xlsx:hfa_boys_perc_WHO2007_exp
TALLA_EDAD,M,154,1.0,154.8258,0.04763,7.3744,132.037,137.67,140.956,142.696,145.375,147.183,149.852,154.826,159.8,162.469,164.276,166.956,168.695,171.981,hfa-boys-perc-who2007-exp.xlsx:hfa_boys_perc_WHO2007_exp
TALLA_EDAD,M,155,1.0,155.4329,0.04762,7.4017,132.56,138.214,141.512,143.258,145.947,147.762,150.441,155.433,160.425,163.104,164.919,167.608,169.354,172.652,hfa-boys-perc-who2007-exp.xlsx:hfa_boys_perc_WHO2007_exp
TALLA_EDAD,M,156,1.0,156.0426,0.0476,7.4276,133.09,138.763,142.073,143.825,146.524,148.344,151.033,156.043,161.052,163.741,165.561,168.26,170.012,173.322,hfa-boys-perc-who2007-exp.xlsx:hfa_boys_perc_WHO2007_exp
TALLA_EDAD,M,157,1.0,156.6539,0.04758,7.4536,133.621,139.314,142.635,144.394,147.102,148.929,151.627,156.654,161.681,164.379,166.206,168.914,170.673,173.994,hfa-boys-perc-who2007-exp.xlsx:hfa_boys_perc_WHO2007_exp
TALLA_EDAD,M,158,1.0,157.266,0.04756,7.4796,134.152,139.866,143.198,144.963,147.681,149.514,152.221,157.266,162.311,165.018,166.851,169.569,171.334,174.666,hfa-boys-perc-who2007-exp.xlsx:hfa_boys_perc_WHO2007_exp
TALLA_EDAD,M,159,1.0,157.8775,0.04754,7.5055,134.684,140.417,143.761,145.532,148.259,150.099,152.815,157.878,162.94,165.656,167.496,170.223,171.994,175.338,hfa-boys-perc-who2007-exp.xlsx:hfa_boys_perc_WHO2007_exp
TALLA_EDAD,M,160,1.0,158.4871,0.04751,7.5297,135.219,140.97,144.325,146.102,148.837,150.683,153.408,158.487,163.566,166.291,168.137,170.872,172.649,176.004,hfa-boys-perc-who2007-exp.xlsx:hfa_boys_perc_WHO2007_exp
TALLA_EDAD,M,161,1.0,159.0937,0.04747,7.5522,135.756,141.525,144.89,146.671,149.415,151.266,154.0,159.094,164.188,166.921,168.772,171.516,173.298,176.663,hfa-boys-perc-who2007-exp.xlsx:hfa_boys_perc_WHO2007_exp
TALLA_EDAD,M,162,1.0,159.6962,0.04744,7.576,136.285,142.072,145.447,147.235,149.987,151.844,154.586,159.696,164.806,167.548,169.405,172.158,173.945,177.321,hfa-boys-perc-who2007-exp.xlsx:hfa_boys_perc_WHO2007_exp
TALLA_EDAD,M,163,1.0,160.2939,0.0474,7.5979,136.815,142.618,146.004,147.796,150.557,152.419,155.169,160.294,165.419,168.169,170.031,172.791,174.584,177.969,hfa-boys-perc-who2007-exp.xlsx:hfa_boys_perc_WHO2007_exp
TALLA_EDAD,M,164,1.0,160.8861,0.04735,7.618,137.345,143.164,146.558,148.356,151.123,152.991,155.748,160.886,166.024,168.782,170.649,173.417,175.214,178.608,hfa-boys-perc-who2007-exp.xlsx:hfa_boys_perc_WHO2007_exp
TALLA_EDAD,M,165,1.0,161.472,0.0473,7.6376,137.87,143.704,147.107,148.909,151.684,153.556,156.32,161.472,166.624,169.388,171.26,174.035,175.837,179.24,hfa-boys-perc-who2007-exp.xlsx:hfa_boys_perc_WHO2007_exp
TALLA_EDAD,M,166,1.0,162.0505,0.04725,7.6569,138.389,144.238,147.649,149.456,152.238,154.115,156.886,162.05,167.215,169.986,171.863,174.645,176.452,179.863,hfa-boys-perc-who2007-exp.xlsx:hfa_boys_perc_WHO2007_exp
TALLA_EDAD,M,167,1.0,162.6207,0.0472,7.6757,138.901,144.764,148.184,149.995,152.784,154.665,157.444,162.621,167.798,170.576,172.458,175.246,177.057,180.477,hfa-boys-perc-who2007-exp.xlsx:hfa_boys_perc_WHO2007_exp
TALLA_EDAD,M,168,1.0,163.1816,0.04714,7.6924,139.41,145.286,148.714,150.529,153.323,155.209,157.993,163.182,168.37,171.154,173.04,175.834,177.649,181.077,hfa-boys-perc-who2007-exp.xlsx:hfa_boys_perc_WHO2007_exp
TALLA_EDAD,M,169,1.0,163.7321,0.04707,7.7069,139.916,145.803,149.237,151.055,153.855,155.744,158.534,163.732,168.93,171.72,173.609,176.409,178.227,181.661,hfa-boys-perc-who2007-exp.xlsx:hfa_boys_perc_WHO2007_exp
TALLA_EDAD,M,170,1.0,164.2717,0.04701,7.7224,140.408,146.307,149.747,151.569,154.375,156.268,159.063,164.272,169.48,172.275,174.168,176.974,178.796,182.237,hfa-boys-perc-who2007-exp.xlsx:hfa_boys_perc_WHO2007_exp
TALLA_EDAD,M,171,1.0,164.7994,0.04694,7.7357,140.894,146.804,150.25,152.075,154.886,156.782,159.582,164.799,170.017,172.817,174.713,177.523,179.349,182.795,hfa-boys-perc-who2007-exp.xlsx:hfa_boys_perc_WHO2007_exp
TALLA_EDAD,M,172,1.0,165.3145,0.04687,7.7483,141.37,147.289,150.742,152.57,155.385,157.284,160.088,165.314,170.541,173.345,175.244,178.059,179.887,183.34,hfa-boys-perc-who2007-exp.xlsx:hfa_boys_perc_WHO2007_exp
TALLA_EDAD,M,173,1.0,165.8165,0.04679,7.7586,141.841,147.767,151.224,153.055,155.874,157.775,160.583,165.816,171.05,173.858,175.759,178.578,180.409,183.866,hfa-boys-perc-who2007-exp.xlsx:hfa_boys_perc_WHO2007_exp
TALLA_EDAD,M,174,1.0,166.305,0.04671,7.7681,142.3,148.234,151.695,153.528,156.35,158.254,161.065,166.305,171.545,174.356,176.26,179.082,180.915,184.376,hfa-boys-perc-who2007-exp.xlsx:hfa_boys_perc_WHO2007_exp
TALLA_EDAD,M,175,1.0,166.7799,0.04663,7.7769,142.747,148.688,152.153,153.988,156.813,158.72,161.534,166.78,172.025,174.84,176.746,179.572,181.407,184.872,hfa-boys-perc-who2007-exp.xlsx:hfa_boys_perc_WHO2007_exp
TALLA_EDAD,M,176,1.0,167.2415,0.04655,7.7851,143.184,149.131,152.599,154.436,157.265,159.173,161.991,167.242,172.492,175.31,177.218,180.047,181.884,185.352,hfa-boys-perc-who2007-exp.xlsx:hfa_boys_perc_WHO2007_exp
TALLA_EDAD,M,177,1.0,167.6899,0.04646,7.7909,143.614,149.566,153.037,154.875,157.705,159.615,162.435,167.69,172.945,175.765,177.674,180.505,182.343,185.814,hfa-boys-perc-who2007-exp.xlsx:hfa_boys_perc_WHO2007_exp
TALLA_EDAD,M,178,1.0,168.1255,0.04637,7.796,144.034,149.989,153.463,155.302,158.135,160.045,162.867,168.126,173.384,176.206,178.116,180.949,182.788,186.262,hfa-boys-perc-who2007-exp.xlsx:hfa_boys_perc_WHO2007_exp
TALLA_EDAD,M,179,1.0,168.5482,0.04628,7.8004,144.443,150.402,153.877,155.718,158.552,160.464,163.287,168.548,173.809,176.633,178.545,181.379,183.219,186.695,hfa-boys-perc-who2007-exp.xlsx:hfa_boys_perc_WHO2007_exp
TALLA_EDAD,M,180,1.0,168.958,0.04619,7.8042,144.841,150.803,154.28,156.121,158.957,160.869,163.694,168.958,174.222,177.047,178.959,181.795,183.636,187.113,hfa-boys-perc-who2007-exp.xlsx:hfa_boys_perc_WHO2007_exp
TALLA_EDAD,M,181,1.0,169.3549,0.04609,7.8056,145.234,151.196,154.674,156.516,159.352,161.265,164.09,169.355,174.62,177.445,179.358,182.194,184.036,187.513,hfa-boys-perc-who2007-exp.xlsx:hfa_boys_perc_WHO2007_exp
TALLA_EDAD,M,182,1.0,169.7389,0.04599,7.8063,145.616,151.579,155.057,156.899,159.735,161.648,164.474,169.739,175.004,177.83,179.743,182.579,184.421,187.899,hfa-boys-perc-who2007-exp.xlsx:hfa_boys_perc_WHO2007_exp
TALLA_EDAD,M,183,1.0,170.1099,0.04589,7.8063,145.986,151.95,155.428,157.27,160.106,162.019,164.845,170.11,175.375,178.201,180.114,182.95,184.792,188.27,hfa-boys-perc-who2007-exp.xlsx:hfa_boys_perc_WHO2007_exp
TALLA_EDAD,M,184,1.0,170.468,0.04579,7.8057,146.346,152.309,155.787,157.629,160.465,162.378,165.203,170.468,175.733,178.558,180.471,183.307,185.149,188.627,hfa-boys-perc-who2007-exp.xlsx:hfa_boys_perc_WHO2007_exp
TALLA_EDAD,M,185,1.0,170.8136,0.04569,7.8045,146.696,152.658,156.135,157.976,160.812,162.725,165.55,170.814,176.078,178.902,180.815,183.651,185.492,188.97,hfa-boys-perc-who2007-exp.xlsx:hfa_boys_perc_WHO2007_exp
TALLA_EDAD,M,186,1.0,171.1468,0.04559,7.8026,147.035,152.995,156.472,158.313,161.147,163.06,165.884,171.147,176.41,179.234,181.146,183.981,185.822,189.298,hfa-boys-perc-who2007-exp.xlsx:hfa_boys_perc_WHO2007_exp
TALLA_EDAD,M,187,1.0,171.468,0.04548,7.7984,147.369,153.326,156.801,158.641,161.474,163.386,166.208,171.468,176.728,179.55,181.462,184.295,186.135,189.61,hfa-boys-perc-who2007-exp.xlsx:hfa_boys_perc_WHO2007_exp
TALLA_EDAD,M,188,1.0,171.7773,0.04538,7.7953,147.688,153.643,157.116,158.955,161.787,163.698,166.519,171.777,177.035,179.857,181.767,184.599,186.439,189.912,hfa-boys-perc-who2007-exp.xlsx:hfa_boys_perc_WHO2007_exp
TALLA_EDAD,M,189,1.0,172.0748,0.04527,7.7898,148.002,153.953,157.424,159.262,162.092,164.001,166.821,172.075,177.329,180.148,182.058,184.888,186.726,190.197,hfa-boys-perc-who2007-exp.xlsx:hfa_boys_perc_WHO2007_exp
TALLA_EDAD,M,190,1.0,172.3606,0.04516,7.7838,148.307,154.253,157.721,159.557,162.385,164.293,167.111,172.361,177.611,180.428,182.336,185.164,187.0,190.468,hfa-boys-perc-who2007-exp.xlsx:hfa_boys_perc_WHO2007_exp
TALLA_EDAD,M,191,1.0,172.6345,0.04506,7.7789,148.596,154.538,158.004,159.839,162.665,164.572,167.388,172.634,177.881,180.697,182.604,185.43,187.265,190.731,hfa-boys-perc-who2007-exp.xlsx:hfa_boys_perc_WHO2007_exp
TALLA_EDAD,M,192,1.0,172.8967,0.04495,7.7717,148.88,154.817,158.28,160.113,162.937,164.842,167.655,172.897,178.139,180.952,182.857,185.68,187.514,190.976,hfa-boys-perc-who2007-exp.xlsx:hfa_boys_perc_WHO2007_exp
TALLA_EDAD,M,193,1.0,173.147,0.04484,7.7639,149.155,155.085,158.545,160.377,163.197,165.1,167.91,173.147,178.384,181.194,183.097,185.917,187.749,191.209,hfa-boys-perc-who2007-exp.xlsx:hfa_boys_perc_WHO2007_exp
TALLA_EDAD,M,194,1.0,173.3856,0.04473,7.7555,149.419,155.344,158.799,160.629,163.446,165.348,168.155,173.386,178.617,181.424,183.325,186.142,187.972,191.428,hfa-boys-perc-who2007-exp.xlsx:hfa_boys_perc_WHO2007_exp
TALLA_EDAD,M,195,1.0,173.6126,0.04462,7.7466,149.674,155.591,159.043,160.871,163.685,165.584,168.388,173.613,178.838,181.641,183.54,186.355,188.182,191.634,hfa-boys-perc-who2007-exp.xlsx:hfa_boys_perc_WHO2007_exp
TALLA_EDAD,M,196,1.0,173.828,0.04451,7.7371,149.919,155.829,159.276,161.102,163.913,165.809,168.609,173.828,179.047,181.847,183.743,186.554,188.38,191.827,hfa-boys-perc-who2007-exp.xlsx:hfa_boys_perc_WHO2007_exp
TALLA_EDAD,M,197,1.0,174.0321,0.0444,7.727,150.154,156.056,159.499,161.322,164.13,166.024,168.82,174.032,179.244,182.041,183.935,186.742,188.565,192.008,hfa-boys-perc-who2007-exp.xlsx:hfa_boys_perc_WHO2007_exp
TALLA_EDAD,M,198,1.0,174.2251,0.04429,7.7164,150.38,156.274,159.712,161.533,164.336,166.228,169.02,174.225,179.43,182.223,184.114,186.917,188.738,192.176,hfa-boys-perc-who2007-exp.xlsx:hfa_boys_perc_WHO2007_exp
TALLA_EDAD,M,199,1.0,174.4071,0.04418,7.7053,150.596,156.482,159.915,161.733,164.532,166.421,169.21,174.407,179.604,182.393,184.282,187.081,188.899,192.332,hfa-boys-perc-who2007-exp.xlsx:hfa_boys_perc_WHO2007_exp
TALLA_EDAD,M,200,1.0,174.5784,0.04407,7.6937,150.803,156.68,160.108,161.923,164.719,166.604,169.389,174.578,179.768,182.552,184.438,187.233,189.049,192.477,hfa-boys-perc-who2007-exp.xlsx:hfa_boys_perc_WHO2007_exp
TALLA_EDAD,M,201,1.0,174.7392,0.04396,7.6815,151.001,156.869,160.292,162.104,164.895,166.778,169.558,174.739,179.92,182.701,184.583,187.374,189.187,192.609,hfa-boys-perc-who2007-exp.xlsx:hfa_boys_perc_WHO2007_exp
TALLA_EDAD,M,202,1.0,174.8896,0.04385,7.6689,151.191,157.049,160.466,162.275,165.061,166.941,169.717,174.89,180.062,182.838,184.718,187.504,189.313,192.73,hfa-boys-perc-who2007-exp.xlsx:hfa_boys_perc_WHO2007_exp
TALLA_EDAD,M,203,1.0,175.0301,0.04375,7.6576,151.366,157.216,160.628,162.435,165.217,167.094,169.865,175.03,180.195,182.967,184.844,187.626,189.432,192.844,hfa-boys-perc-who2007-exp.xlsx:hfa_boys_perc_WHO2007_exp
TALLA_EDAD,M,204,1.0,175.1609,0.04364,7.644,151.539,157.378,160.784,162.588,165.365,167.238,170.005,175.161,180.317,183.083,184.957,187.734,189.538,192.944,hfa-boys-perc-who2007-exp.xlsx:hfa_boys_perc_WHO2007_exp
TALLA_EDAD,M,205,1.0,175.2824,0.04353,7.63,151.704,157.532,160.932,162.732,165.504,167.374,170.136,175.282,180.429,183.19,185.061,187.833,189.633,193.033,hfa-boys-perc-who2007-exp.xlsx:hfa_boys_perc_WHO2007_exp
TALLA_EDAD,M,206,1.0,175.3951,0.04343,7.6174,151.856,157.674,161.068,162.866,165.633,167.5,170.257,175.395,180.533,183.29,185.157,187.925,189.722,193.116,hfa-boys-perc-who2007-exp.xlsx:hfa_boys_perc_WHO2007_exp
TALLA_EDAD,M,207,1.0,175.4995,0.04332,7.6026,152.006,157.813,161.201,162.994,165.756,167.62,170.372,175.5,180.627,183.379,185.243,188.005,189.798,193.186,hfa-boys-perc-who2007-exp.xlsx:hfa_boys_perc_WHO2007_exp
TALLA_EDAD,M,208,1.0,175.5959,0.04322,7.5893,152.143,157.941,161.322,163.113,165.87,167.73,170.477,175.596,180.715,183.462,185.322,188.079,189.87,193.251,hfa-boys-perc-who2007-exp.xlsx:hfa_boys_perc_WHO2007_exp
TALLA_EDAD,M,209,1.0,175.685,0.04311,7.5738,152.28,158.066,161.44,163.227,165.979,167.835,170.577,175.685,180.793,183.535,185.391,188.143,189.93,193.304,hfa-boys-perc-who2007-exp.xlsx:hfa_boys_perc_WHO2007_exp
TALLA_EDAD,M,210,1.0,175.7672,0.04301,7.5597,152.406,158.181,161.549,163.333,166.079,167.932,170.668,175.767,180.866,183.602,185.455,188.202,189.986,193.354,hfa-boys-perc-who2007-exp.xlsx:hfa_boys_perc_WHO2007_exp
TALLA_EDAD,M,211,1.0,175.8432,0.04291,7.5454,152.526,158.29,161.652,163.432,166.173,168.023,170.754,175.843,180.933,183.664,185.513,188.254,190.035,193.396,hfa-boys-perc-who2007-exp.xlsx:hfa_boys_perc_WHO2007_exp
TALLA_EDAD,M,212,1.0,175.9133,0.04281,7.5308,152.641,158.394,161.749,163.526,166.262,168.108,170.834,175.913,180.993,183.719,185.564,188.3,190.077,193.433,hfa-boys-perc-who2007-exp.xlsx:hfa_boys_perc_WHO2007_exp
TALLA_EDAD,M,213,1.0,175.9781,0.04271,7.516,152.752,158.493,161.842,163.615,166.346,168.188,170.909,175.978,181.048,183.768,185.61,188.341,190.114,193.463,hfa-boys-perc-who2007-exp.xlsx:hfa_boys_perc_WHO2007_exp
TALLA_EDAD,M,214,1.0,176.038,0.04261,7.501,152.858,158.588,161.93,163.7,166.425,168.264,170.979,176.038,181.097,183.812,185.651,188.376,190.146,193.488,hfa-boys-perc-who2007-exp.xlsx:hfa_boys_perc_WHO2007_exp
TALLA_EDAD,M,215,1.0,176.0935,0.04251,7.4857,152.961,158.679,162.014,163.781,166.5,168.335,171.044,176.094,181.143,183.852,185.687,188.406,190.173,193.508,hfa-boys-perc-who2007-exp.xlsx:hfa_boys_perc_WHO2007_exp
TALLA_EDAD,M,216,1.0,176.1449,0.04241,7.4703,153.06,158.766,162.095,163.857,166.571,168.402,171.106,176.145,181.184,183.887,185.718,188.432,190.195,193.523,hfa-boys-perc-who2007-exp.xlsx:hfa_boys_perc_WHO2007_exp
TALLA_EDAD,M,217,1.0,176.1925,0.04232,7.4565,153.15,158.846,162.168,163.928,166.637,168.464,171.163,176.192,181.222,183.921,185.748,188.457,190.217,193.539,hfa-boys-perc-who2007-exp.xlsx:hfa_boys_perc_WHO2007_exp
TALLA_EDAD,M,218,1.0,176.2368,0.04222,7.4407,153.243,158.927,162.242,163.998,166.701,168.525,171.218,176.237,181.255,183.949,185.772,188.476,190.231,193.546,hfa-boys-perc-who2007-exp.xlsx:hfa_boys_perc_WHO2007_exp
TALLA_EDAD,M,219,1.0,176.2779,0.04213,7.4266,153.328,159.001,162.31,164.062,166.76,168.581,171.269,176.278,181.287,183.975,185.795,188.494,190.246,193.555,hfa-boys-perc-who2007-exp.xlsx:hfa_boys_perc_WHO2007_exp
TALLA_EDAD,M,220,1.0,176.3162,0.04204,7.4123,153.41,159.073,162.375,164.124,166.817,168.634,171.317,176.316,181.316,183.999,185.815,188.508,190.257,193.56,hfa-boys-perc-who2007-exp.xlsx:hfa_boys_perc_WHO2007_exp
TALLA_EDAD,M,221,1.0,176.3518,0.04195,7.398,153.49,159.142,162.438,164.183,166.871,168.684,171.362,176.352,181.342,184.019,185.833,188.52,190.266,193.562,hfa-boys-perc-who2007-exp.xlsx:hfa_boys_perc_WHO2007_exp
TALLA_EDAD,M,222,1.0,176.3851,0.04185,7.3817,153.574,159.213,162.502,164.243,166.925,168.734,171.406,176.385,181.364,184.036,185.845,188.527,190.269,193.558,hfa-boys-perc-who2007-exp.xlsx:hfa_boys_perc_WHO2007_exp
TALLA_EDAD,M,223,1.0,176.4162,0.04177,7.3689,153.645,159.274,162.557,164.295,166.973,168.779,171.446,176.416,181.386,184.054,185.86,188.537,190.276,193.559,hfa-boys-perc-who2007-exp.xlsx:hfa_boys_perc_WHO2007_exp
TALLA_EDAD,M,224,1.0,176.4453,0.04168,7.3542,153.719,159.337,162.613,164.349,167.02,168.823,171.485,176.445,181.406,184.067,185.87,188.542,190.277,193.554,hfa-boys-perc-who2007-exp.xlsx:hfa_boys_perc_WHO2007_exp
TALLA_EDAD,M,225,1.0,176.4724,0.04159,7.3395,153.792,159.398,162.668,164.4,167.066,168.866,171.522,176.472,181.423,184.079,185.878,188.545,190.276,193.547,hfa-boys-perc-who2007-exp.xlsx:hfa_boys_perc_WHO2007_exp
TALLA_EDAD,M,226,1.0,176.4976,0.0415,7.3247,153.863,159.458,162.721,164.45,167.111,168.906,171.557,176.498,181.438,184.089,185.885,188.546,190.274,193.537,hfa-boys-perc-who2007-exp.xlsx:hfa_boys_perc_WHO2007_exp
TALLA_EDAD,M,227,1.0,176.5211,0.04142,7.3115,153.927,159.512,162.77,164.495,167.151,168.943,171.59,176.521,181.453,184.099,185.891,188.547,190.273,193.53,hfa-boys-perc-who2007-exp.xlsx:hfa_boys_perc_WHO2007_exp
TALLA_EDAD,M,228,1.0,176.5432,0.04134,7.2983,153.99,159.565,162.817,164.539,167.19,168.979,171.621,176.543,181.466,184.107,185.896,188.548,190.27,193.522,hfa-boys-perc-who2007-exp.xlsx:hfa_boys_perc_WHO2007_exp
