id,id_ingrediente,id_etiqueta,id_subetiqueta,id_regla_version,valor_disparador,detalle_evaluacion,fecha_calculo
1,1,1,4,1,,,2026-04-07 00:00:00
2,1,2,7,2,,,2026-04-07 00:00:00
3,1,3,10,3,,,2026-04-07 00:00:00
4,1,4,12,4,,,2026-04-07 00:00:00
5,1,5,17,5,,,2026-04-07 00:00:00
6,1,6,18,6,,,2026-04-07 00:00:00
7,1,7,25,7,,,2026-04-07 00:00:00
8,1,8,28,8,,,2026-04-07 00:00:00
9,1,9,30,9,,,2026-04-07 00:00:00
10,1,10,34,10,,,2026-04-07 00:00:00
11,1,11,37,11,,,2026-04-07 00:00:00
12,1,12,39,12,,,2026-04-07 00:00:00
13,1,13,42,13,,,2026-04-07 00:00:00
14,1,14,46,14,,,2026-04-07 00:00:00
15,1,15,50,15,,,2026-04-07 00:00:00
16,1,16,52,16,,,2026-04-07 00:00:00
17,2,1,4,1,,,2026-04-07 00:00:00
18,2,2,7,2,,,2026-04-07 00:00:00
19,2,3,10,3,,,2026-04-07 00:00:00
20,2,4,13,4,,,2026-04-07 00:00:00
21,2,5,17,5,,,2026-04-07 00:00:00
22,2,6,19,6,,,2026-04-07 00:00:00
23,2,7,25,7,,,2026-04-07 00:00:00
24,2,8,28,8,,,2026-04-07 00:00:00
25,2,9,31,9,,,2026-04-07 00:00:00
26,2,10,34,10,,,2026-04-07 00:00:00
27,2,11,37,11,,,2026-04-07 00:00:00
28,2,12,40,12,,,2026-04-07 00:00:00
29,2,13,42,13,,,2026-04-07 00:00:00
30,2,14,46,14,,,2026-04-07 00:00:00
31,2,15,50,15,,,2026-04-07 00:00:00
32,2,16,52,16,,,2026-04-07 00:00:00
33,3,1,4,1,,,2026-04-07 00:00:00
34,3,2,7,2,,,2026-04-07 00:00:00
35,3,3,10,3,,,2026-04-07 00:00:00
36,3,4,13,4,,,2026-04-07 00:00:00
37,3,5,17,5,,,2026-04-07 00:00:00
38,3,6,19,6,,,2026-04-07 00:00:00
39,3,7,25,7,,,2026-04-07 00:00:00
40,3,8,28,8,,,2026-04-07 00:00:00
41,3,9,31,9,,,2026-04-07 00:00:00
42,3,10,34,10,,,2026-04-07 00:00:00
43,3,11,37,11,,,2026-04-07 00:00:00
44,3,12,40,12,,,2026-04-07 00:00:00
45,3,13,42,13,,,2026-04-07 00:00:00
46,3,14,46,14,,,2026-04-07 00:00:00
47,3,15,50,15,,,2026-04-07 00:00:00
48,3,16,51,16,,,2026-04-07 00:00:00
49,4,1,4,1,,,2026-04-07 00:00:00
50,4,2,7,2,,,2026-04-07 00:00:00
51,4,3,10,3,,,2026-04-07 00:00:00
52,4,4,13,4,,,2026-04-07 00:00:00
53,4,5,17,5,,,2026-04-07 00:00:00
54,4,6,19,6,,,2026-04-07 00:00:00
55,4,7,25,7,,,2026-04-07 00:00:00
56,4,8,28,8,,,2026-04-07 00:00:00
57,4,9,30,9,,,2026-04-07 00:00:00
58,4,10,34,10,,,2026-04-07 00:00:00
59,4,11,37,11,,,2026-04-07 00:00:00
60,4,12,39,12,,,2026-04-07 00:00:00
61,4,13,42,13,,,2026-04-07 00:00:00
62,4,14,46,14,,,2026-04-07 00:00:00
63,4,15,50,15,,,2026-04-07 00:00:00
64,4,16,52,16,,,2026-04-07 00:00:00
65,5,1,4,1,,,2026-04-07 00:00:00
66,5,2,6,2,,,2026-04-07 00:00:00
67,5,3,10,3,,,2026-04-07 00:00:00
68,5,4,11,4,,,2026-04-07 00:00:00
69,5,5,17,5,,,2026-04-07 00:00:00
70,5,6,19,6,,,2026-04-07 00:00:00
71,5,7,25,7,,,2026-04-07 00:00:00
72,5,8,28,8,,,2026-04-07 00:00:00
73,5,9,30,9,,,2026-04-07 00:00:00
74,5,10,33,10,,,2026-04-07 00:00:00
75,5,11,37,11,,,2026-04-07 00:00:00
76,5,12,38,12,,,2026-04-07 00:00:00
77,5,13,42,13,,,2026-04-07 00:00:00
78,5,14,44,14,,,2026-04-07 00:00:00
79,5,15,50,15,,,2026-04-07 00:00:00
80,5,16,52,16,,,2026-04-07 00:00:00
81,6,1,4,1,,,2026-04-07 00:00:00
82,6,2,5,2,,,2026-04-07 00:00:00
83,6,3,10,3,,,2026-04-07 00:00:00
84,6,4,13,4,,,2026-04-07 00:00:00
85,6,5,17,5,,,2026-04-07 00:00:00
86,6,6,18,6,,,2026-04-07 00:00:00
87,6,7,25,7,,,2026-04-07 00:00:00
88,6,8,28,8,,,2026-04-07 00:00:00
89,6,9,30,9,,,2026-04-07 00:00:00
90,6,10,34,10,,,2026-04-07 00:00:00
91,6,11,37,11,,,2026-04-07 00:00:00
92,6,12,38,12,,,2026-04-07 00:00:00
93,6,13,42,13,,,2026-04-07 00:00:00
94,6,14,44,14,,,2026-04-07 00:00:00
95,6,15,50,15,,,2026-04-07 00:00:00
96,6,16,52,16,,,2026-04-07 00:00:00
97,7,1,4,1,,,2026-04-07 00:00:00
98,7,2,5,2,,,2026-04-07 00:00:00
99,7,3,10,3,,,2026-04-07 00:00:00
100,7,4,13,4,,,2026-04-07 00:00:00
101,7,5,17,5,,,2026-04-07 00:00:00
102,7,6,18,6,,,2026-04-07 00:00:00
103,7,7,25,7,,,2026-04-07 00:00:00
104,7,8,28,8,,,2026-04-07 00:00:00
105,7,9,30,9,,,2026-04-07 00:00:00
106,7,10,34,10,,,2026-04-07 00:00:00
107,7,11,37,11,,,2026-04-07 00:00:00
108,7,12,38,12,,,2026-04-07 00:00:00
109,7,13,42,13,,,2026-04-07 00:00:00
110,7,14,44,14,,,2026-04-07 00:00:00
111,7,15,50,15,,,2026-04-07 00:00:00
112,7,16,52,16,,,2026-04-07 00:00:00
113,8,1,4,1,,,2026-04-07 00:00:00
114,8,2,7,2,,,2026-04-07 00:00:00
115,8,3,10,3,,,2026-04-07 00:00:00
116,8,4,13,4,,,2026-04-07 00:00:00
117,8,5,17,5,,,2026-04-07 00:00:00
118,8,6,18,6,,,2026-04-07 00:00:00
119,8,7,25,7,,,2026-04-07 00:00:00
120,8,8,28,8,,,2026-04-07 00:00:00
121,8,9,31,9,,,2026-04-07 00:00:00
122,8,10,34,10,,,2026-04-07 00:00:00
123,8,11,37,11,,,2026-04-07 00:00:00
124,8,12,40,12,,,2026-04-07 00:00:00
125,8,13,42,13,,,2026-04-07 00:00:00
126,8,14,46,14,,,2026-04-07 00:00:00
127,8,15,50,15,,,2026-04-07 00:00:00
128,8,16,51,16,,,2026-04-07 00:00:00
129,9,1,4,1,,,2026-04-07 00:00:00
130,9,2,7,2,,,2026-04-07 00:00:00
131,9,3,10,3,,,2026-04-07 00:00:00
132,9,4,13,4,,,2026-04-07 00:00:00
133,9,5,17,5,,,2026-04-07 00:00:00
134,9,6,20,6,,,2026-04-07 00:00:00
135,9,7,25,7,,,2026-04-07 00:00:00
136,9,8,28,8,,,2026-04-07 00:00:00
137,9,9,31,9,,,2026-04-07 00:00:00
138,9,10,34,10,,,2026-04-07 00:00:00
139,9,11,37,11,,,2026-04-07 00:00:00
140,9,12,40,12,,,2026-04-07 00:00:00
141,9,13,42,13,,,2026-04-07 00:00:00
142,9,14,46,14,,,2026-04-07 00:00:00
143,9,15,50,15,,,2026-04-07 00:00:00
144,9,16,52,16,,,2026-04-07 00:00:00
145,10,1,4,1,,,2026-04-07 00:00:00
146,10,2,5,2,,,2026-04-07 00:00:00
147,10,3,10,3,,,2026-04-07 00:00:00
148,10,4,13,4,,,2026-04-07 00:00:00
149,10,5,17,5,,,2026-04-07 00:00:00
150,10,6,18,6,,,2026-04-07 00:00:00
151,10,7,25,7,,,2026-04-07 00:00:00
152,10,8,28,8,,,2026-04-07 00:00:00
153,10,9,30,9,,,2026-04-07 00:00:00
154,10,10,34,10,,,2026-04-07 00:00:00
155,10,11,37,11,,,2026-04-07 00:00:00
156,10,12,39,12,,,2026-04-07 00:00:00
157,10,13,42,13,,,2026-04-07 00:00:00
158,10,14,46,14,,,2026-04-07 00:00:00
159,10,15,50,15,,,2026-04-07 00:00:00
160,10,16,52,16,,,2026-04-07 00:00:00
161,11,1,4,1,,,2026-04-07 00:00:00
162,11,2,6,2,,,2026-04-07 00:00:00
163,11,3,10,3,,,2026-04-07 00:00:00
164,11,4,13,4,,,2026-04-07 00:00:00
165,11,5,17,5,,,2026-04-07 00:00:00
166,11,6,18,6,,,2026-04-07 00:00:00
167,11,7,25,7,,,2026-04-07 00:00:00
168,11,8,28,8,,,2026-04-07 00:00:00
169,11,9,31,9,,,2026-04-07 00:00:00
170,11,10,34,10,,,2026-04-07 00:00:00
171,11,11,37,11,,,2026-04-07 00:00:00
172,11,12,39,12,,,2026-04-07 00:00:00
173,11,13,42,13,,,2026-04-07 00:00:00
174,11,14,46,14,,,2026-04-07 00:00:00
175,11,15,50,15,,,2026-04-07 00:00:00
176,11,16,52,16,,,2026-04-07 00:00:00
177,12,1,4,1,,,2026-04-07 00:00:00
178,12,2,7,2,,,2026-04-07 00:00:00
179,12,3,10,3,,,2026-04-07 00:00:00
180,12,4,13,4,,,2026-04-07 00:00:00
181,12,5,17,5,,,2026-04-07 00:00:00
182,12,6,18,6,,,2026-04-07 00:00:00
183,12,7,25,7,,,2026-04-07 00:00:00
184,12,8,28,8,,,2026-04-07 00:00:00
185,12,9,31,9,,,2026-04-07 00:00:00
186,12,10,34,10,,,2026-04-07 00:00:00
187,12,11,37,11,,,2026-04-07 00:00:00
188,12,12,38,12,,,2026-04-07 00:00:00
189,12,13,42,13,,,2026-04-07 00:00:00
190,12,14,44,14,,,2026-04-07 00:00:00
191,12,15,50,15,,,2026-04-07 00:00:00
192,12,16,52,16,,,2026-04-07 00:00:00
193,13,1,4,1,,,2026-04-07 00:00:00
194,13,2,6,2,,,2026-04-07 00:00:00
195,13,3,10,3,,,2026-04-07 00:00:00
196,13,4,12,4,,,2026-04-07 00:00:00
197,13,5,17,5,,,2026-04-07 00:00:00
198,13,6,18,6,,,2026-04-07 00:00:00
199,13,7,25,7,,,2026-04-07 00:00:00
200,13,8,28,8,,,2026-04-07 00:00:00
201,13,9,30,9,,,2026-04-07 00:00:00
202,13,10,34,10,,,2026-04-07 00:00:00
203,13,11,37,11,,,2026-04-07 00:00:00
204,13,12,38,12,,,2026-04-07 00:00:00
205,13,13,42,13,,,2026-04-07 00:00:00
206,13,14,44,14,,,2026-04-07 00:00:00
207,13,15,50,15,,,2026-04-07 00:00:00
208,13,16,52,16,,,2026-04-07 00:00:00
209,14,1,4,1,,,2026-04-07 00:00:00
210,14,2,5,2,,,2026-04-07 00:00:00
211,14,3,10,3,,,2026-04-07 00:00:00
212,14,4,11,4,,,2026-04-07 00:00:00
213,14,5,16,5,,,2026-04-07 00:00:00
214,14,6,18,6,,,2026-04-07 00:00:00
215,14,7,25,7,,,2026-04-07 00:00:00
216,14,8,26,8,,,2026-04-07 00:00:00
217,14,9,30,9,,,2026-04-07 00:00:00
218,14,10,34,10,,,2026-04-07 00:00:00
219,14,11,37,11,,,2026-04-07 00:00:00
220,14,12,38,12,,,2026-04-07 00:00:00
221,14,13,42,13,,,2026-04-07 00:00:00
222,14,14,44,14,,,2026-04-07 00:00:00
223,14,15,50,15,,,2026-04-07 00:00:00
224,14,16,52,16,,,2026-04-07 00:00:00
225,15,1,4,1,,,2026-04-07 00:00:00
226,15,2,6,2,,,2026-04-07 00:00:00
227,15,3,10,3,,,2026-04-07 00:00:00
228,15,4,13,4,,,2026-04-07 00:00:00
229,15,5,14,5,,,2026-04-07 00:00:00
230,15,6,18,6,,,2026-04-07 00:00:00
231,15,7,25,7,,,2026-04-07 00:00:00
232,15,8,26,8,,,2026-04-07 00:00:00
233,15,9,30,9,,,2026-04-07 00:00:00
234,15,10,34,10,,,2026-04-07 00:00:00
235,15,11,37,11,,,2026-04-07 00:00:00
236,15,12,39,12,,,2026-04-07 00:00:00
237,15,13,42,13,,,2026-04-07 00:00:00
238,15,14,46,14,,,2026-04-07 00:00:00
239,15,15,50,15,,,2026-04-07 00:00:00
240,15,16,52,16,,,2026-04-07 00:00:00
241,16,1,4,1,,,2026-04-07 00:00:00
242,16,2,6,2,,,2026-04-07 00:00:00
243,16,3,10,3,,,2026-04-07 00:00:00
244,16,4,13,4,,,2026-04-07 00:00:00
245,16,5,17,5,,,2026-04-07 00:00:00
246,16,6,18,6,,,2026-04-07 00:00:00
247,16,7,25,7,,,2026-04-07 00:00:00
248,16,8,28,8,,,2026-04-07 00:00:00
249,16,9,30,9,,,2026-04-07 00:00:00
250,16,10,34,10,,,2026-04-07 00:00:00
251,16,11,37,11,,,2026-04-07 00:00:00
252,16,12,39,12,,,2026-04-07 00:00:00
253,16,13,42,13,,,2026-04-07 00:00:00
254,16,14,46,14,,,2026-04-07 00:00:00
255,16,15,50,15,,,2026-04-07 00:00:00
256,16,16,52,16,,,2026-04-07 00:00:00
257,17,1,4,1,,,2026-04-07 00:00:00
258,17,2,5,2,,,2026-04-07 00:00:00
259,17,3,10,3,,,2026-04-07 00:00:00
260,17,4,13,4,,,2026-04-07 00:00:00
261,17,5,17,5,,,2026-04-07 00:00:00
262,17,6,18,6,,,2026-04-07 00:00:00
263,17,7,25,7,,,2026-04-07 00:00:00
264,17,8,28,8,,,2026-04-07 00:00:00
265,17,9,30,9,,,2026-04-07 00:00:00
266,17,10,34,10,,,2026-04-07 00:00:00
267,17,11,37,11,,,2026-04-07 00:00:00
268,17,12,39,12,,,2026-04-07 00:00:00
269,17,13,42,13,,,2026-04-07 00:00:00
270,17,14,46,14,,,2026-04-07 00:00:00
271,17,15,50,15,,,2026-04-07 00:00:00
272,17,16,52,16,,,2026-04-07 00:00:00
273,18,1,4,1,,,2026-04-07 00:00:00
274,18,2,6,2,,,2026-04-07 00:00:00
275,18,3,10,3,,,2026-04-07 00:00:00
276,18,4,12,4,,,2026-04-07 00:00:00
277,18,5,17,5,,,2026-04-07 00:00:00
278,18,6,18,6,,,2026-04-07 00:00:00
279,18,7,25,7,,,2026-04-07 00:00:00
280,18,8,28,8,,,2026-04-07 00:00:00
281,18,9,29,9,,,2026-04-07 00:00:00
282,18,10,33,10,,,2026-04-07 00:00:00
283,18,11,37,11,,,2026-04-07 00:00:00
284,18,12,39,12,,,2026-04-07 00:00:00
285,18,13,42,13,,,2026-04-07 00:00:00
286,18,14,46,14,,,2026-04-07 00:00:00
287,18,15,50,15,,,2026-04-07 00:00:00
288,18,16,52,16,,,2026-04-07 00:00:00
289,19,1,4,1,,,2026-04-07 00:00:00
290,19,2,6,2,,,2026-04-07 00:00:00
291,19,3,10,3,,,2026-04-07 00:00:00
292,19,4,13,4,,,2026-04-07 00:00:00
293,19,5,17,5,,,2026-04-07 00:00:00
294,19,6,18,6,,,2026-04-07 00:00:00
295,19,7,25,7,,,2026-04-07 00:00:00
296,19,8,28,8,,,2026-04-07 00:00:00
297,19,9,31,9,,,2026-04-07 00:00:00
298,19,10,34,10,,,2026-04-07 00:00:00
299,19,11,37,11,,,2026-04-07 00:00:00
300,19,12,39,12,,,2026-04-07 00:00:00
301,19,13,42,13,,,2026-04-07 00:00:00
302,19,14,46,14,,,2026-04-07 00:00:00
303,19,15,50,15,,,2026-04-07 00:00:00
304,19,16,52,16,,,2026-04-07 00:00:00
305,20,1,4,1,,,2026-04-07 00:00:00
306,20,2,7,2,,,2026-04-07 00:00:00
307,20,3,10,3,,,2026-04-07 00:00:00
308,20,4,13,4,,,2026-04-07 00:00:00
309,20,5,17,5,,,2026-04-07 00:00:00
310,20,6,18,6,,,2026-04-07 00:00:00
311,20,7,22,7,,,2026-04-07 00:00:00
312,20,8,26,8,,,2026-04-07 00:00:00
313,20,9,31,9,,,2026-04-07 00:00:00
314,20,10,34,10,,,2026-04-07 00:00:00
315,20,11,35,11,,,2026-04-07 00:00:00
316,20,12,40,12,,,2026-04-07 00:00:00
317,20,13,42,13,,,2026-04-07 00:00:00
318,20,14,43,14,,,2026-04-07 00:00:00
319,20,15,50,15,,,2026-04-07 00:00:00
320,20,16,52,16,,,2026-04-07 00:00:00
321,21,1,4,1,,,2026-04-07 00:00:00
322,21,2,7,2,,,2026-04-07 00:00:00
323,21,3,10,3,,,2026-04-07 00:00:00
324,21,4,13,4,,,2026-04-07 00:00:00
325,21,5,15,5,,,2026-04-07 00:00:00
326,21,6,21,6,,,2026-04-07 00:00:00
327,21,7,22,7,,,2026-04-07 00:00:00
328,21,8,26,8,,,2026-04-07 00:00:00
329,21,9,31,9,,,2026-04-07 00:00:00
330,21,10,34,10,,,2026-04-07 00:00:00
331,21,11,35,11,,,2026-04-07 00:00:00
332,21,12,40,12,,,2026-04-07 00:00:00
333,21,13,42,13,,,2026-04-07 00:00:00
334,21,14,43,14,,,2026-04-07 00:00:00
335,21,15,50,15,,,2026-04-07 00:00:00
336,21,16,53,16,,,2026-04-07 00:00:00
337,22,1,4,1,,,2026-04-07 00:00:00
338,22,2,7,2,,,2026-04-07 00:00:00
339,22,3,10,3,,,2026-04-07 00:00:00
340,22,4,13,4,,,2026-04-07 00:00:00
341,22,5,15,5,,,2026-04-07 00:00:00
342,22,6,20,6,,,2026-04-07 00:00:00
343,22,7,25,7,,,2026-04-07 00:00:00
344,22,8,26,8,,,2026-04-07 00:00:00
345,22,9,31,9,,,2026-04-07 00:00:00
346,22,10,34,10,,,2026-04-07 00:00:00
347,22,11,36,11,,,2026-04-07 00:00:00
348,22,12,39,12,,,2026-04-07 00:00:00
349,22,13,42,13,,,2026-04-07 00:00:00
350,22,14,45,14,,,2026-04-07 00:00:00
351,22,15,50,15,,,2026-04-07 00:00:00
352,22,16,52,16,,,2026-04-07 00:00:00
353,23,1,4,1,,,2026-04-07 00:00:00
354,23,2,7,2,,,2026-04-07 00:00:00
355,23,3,10,3,,,2026-04-07 00:00:00
356,23,4,13,4,,,2026-04-07 00:00:00
357,23,5,17,5,,,2026-04-07 00:00:00
358,23,6,19,6,,,2026-04-07 00:00:00
359,23,7,25,7,,,2026-04-07 00:00:00
360,23,8,28,8,,,2026-04-07 00:00:00
361,23,9,31,9,,,2026-04-07 00:00:00
362,23,10,34,10,,,2026-04-07 00:00:00
363,23,11,36,11,,,2026-04-07 00:00:00
364,23,12,39,12,,,2026-04-07 00:00:00
365,23,13,42,13,,,2026-04-07 00:00:00
366,23,14,45,14,,,2026-04-07 00:00:00
367,23,15,50,15,,,2026-04-07 00:00:00
368,23,16,52,16,,,2026-04-07 00:00:00
369,24,1,4,1,,,2026-04-07 00:00:00
370,24,2,7,2,,,2026-04-07 00:00:00
371,24,3,10,3,,,2026-04-07 00:00:00
372,24,4,13,4,,,2026-04-07 00:00:00
373,24,5,15,5,,,2026-04-07 00:00:00
374,24,6,19,6,,,2026-04-07 00:00:00
375,24,7,25,7,,,2026-04-07 00:00:00
376,24,8,26,8,,,2026-04-07 00:00:00
377,24,9,31,9,,,2026-04-07 00:00:00
378,24,10,34,10,,,2026-04-07 00:00:00
379,24,11,36,11,,,2026-04-07 00:00:00
380,24,12,39,12,,,2026-04-07 00:00:00
381,24,13,42,13,,,2026-04-07 00:00:00
382,24,14,45,14,,,2026-04-07 00:00:00
383,24,15,50,15,,,2026-04-07 00:00:00
384,24,16,52,16,,,2026-04-07 00:00:00
385,25,1,4,1,,,2026-04-07 00:00:00
386,25,2,7,2,,,2026-04-07 00:00:00
387,25,3,10,3,,,2026-04-07 00:00:00
388,25,4,13,4,,,2026-04-07 00:00:00
389,25,5,15,5,,,2026-04-07 00:00:00
390,25,6,19,6,,,2026-04-07 00:00:00
391,25,7,25,7,,,2026-04-07 00:00:00
392,25,8,26,8,,,2026-04-07 00:00:00
393,25,9,31,9,,,2026-04-07 00:00:00
394,25,10,34,10,,,2026-04-07 00:00:00
395,25,11,36,11,,,2026-04-07 00:00:00
396,25,12,39,12,,,2026-04-07 00:00:00
397,25,13,42,13,,,2026-04-07 00:00:00
398,25,14,45,14,,,2026-04-07 00:00:00
399,25,15,50,15,,,2026-04-07 00:00:00
400,25,16,52,16,,,2026-04-07 00:00:00
401,26,1,4,1,,,2026-04-07 00:00:00
402,26,2,7,2,,,2026-04-07 00:00:00
403,26,3,10,3,,,2026-04-07 00:00:00
404,26,4,12,4,,,2026-04-07 00:00:00
405,26,5,17,5,,,2026-04-07 00:00:00
406,26,6,19,6,,,2026-04-07 00:00:00
407,26,7,25,7,,,2026-04-07 00:00:00
408,26,8,26,8,,,2026-04-07 00:00:00
409,26,9,31,9,,,2026-04-07 00:00:00
410,26,10,34,10,,,2026-04-07 00:00:00
411,26,11,36,11,,,2026-04-07 00:00:00
412,26,12,39,12,,,2026-04-07 00:00:00
413,26,13,42,13,,,2026-04-07 00:00:00
414,26,14,45,14,,,2026-04-07 00:00:00
415,26,15,50,15,,,2026-04-07 00:00:00
416,26,16,52,16,,,2026-04-07 00:00:00
417,27,1,4,1,,,2026-04-07 00:00:00
418,27,2,7,2,,,2026-04-07 00:00:00
419,27,3,10,3,,,2026-04-07 00:00:00
420,27,4,12,4,,,2026-04-07 00:00:00
421,27,5,17,5,,,2026-04-07 00:00:00
422,27,6,18,6,,,2026-04-07 00:00:00
423,27,7,25,7,,,2026-04-07 00:00:00
424,27,8,28,8,,,2026-04-07 00:00:00
425,27,9,30,9,,,2026-04-07 00:00:00
426,27,10,34,10,,,2026-04-07 00:00:00
427,27,11,37,11,,,2026-04-07 00:00:00
428,27,12,39,12,,,2026-04-07 00:00:00
429,27,13,42,13,,,2026-04-07 00:00:00
430,27,14,45,14,,,2026-04-07 00:00:00
431,27,15,50,15,,,2026-04-07 00:00:00
432,27,16,52,16,,,2026-04-07 00:00:00
433,28,1,4,1,,,2026-04-07 00:00:00
434,28,2,6,2,,,2026-04-07 00:00:00
435,28,3,10,3,,,2026-04-07 00:00:00
436,28,4,12,4,,,2026-04-07 00:00:00
437,28,5,15,5,,,2026-04-07 00:00:00
438,28,6,18,6,,,2026-04-07 00:00:00
439,28,7,25,7,,,2026-04-07 00:00:00
440,28,8,26,8,,,2026-04-07 00:00:00
441,28,9,31,9,,,2026-04-07 00:00:00
442,28,10,34,10,,,2026-04-07 00:00:00
443,28,11,37,11,,,2026-04-07 00:00:00
444,28,12,39,12,,,2026-04-07 00:00:00
445,28,13,42,13,,,2026-04-07 00:00:00
446,28,14,46,14,,,2026-04-07 00:00:00
447,28,15,50,15,,,2026-04-07 00:00:00
448,28,16,52,16,,,2026-04-07 00:00:00
449,29,1,4,1,,,2026-04-07 00:00:00
450,29,2,6,2,,,2026-04-07 00:00:00
451,29,3,10,3,,,2026-04-07 00:00:00
452,29,4,12,4,,,2026-04-07 00:00:00
453,29,5,14,5,,,2026-04-07 00:00:00
454,29,6,19,6,,,2026-04-07 00:00:00
455,29,7,25,7,,,2026-04-07 00:00:00
456,29,8,26,8,,,2026-04-07 00:00:00
457,29,9,31,9,,,2026-04-07 00:00:00
458,29,10,34,10,,,2026-04-07 00:00:00
459,29,11,37,11,,,2026-04-07 00:00:00
460,29,12,38,12,,,2026-04-07 00:00:00
461,29,13,42,13,,,2026-04-07 00:00:00
462,29,14,44,14,,,2026-04-07 00:00:00
463,29,15,50,15,,,2026-04-07 00:00:00
464,29,16,52,16,,,2026-04-07 00:00:00
465,30,1,4,1,,,2026-04-07 00:00:00
466,30,2,7,2,,,2026-04-07 00:00:00
467,30,3,10,3,,,2026-04-07 00:00:00
468,30,4,13,4,,,2026-04-07 00:00:00
469,30,5,15,5,,,2026-04-07 00:00:00
470,30,6,18,6,,,2026-04-07 00:00:00
471,30,7,25,7,,,2026-04-07 00:00:00
472,30,8,26,8,,,2026-04-07 00:00:00
473,30,9,31,9,,,2026-04-07 00:00:00
474,30,10,34,10,,,2026-04-07 00:00:00
475,30,11,37,11,,,2026-04-07 00:00:00
476,30,12,39,12,,,2026-04-07 00:00:00
477,30,13,42,13,,,2026-04-07 00:00:00
478,30,14,46,14,,,2026-04-07 00:00:00
479,30,15,50,15,,,2026-04-07 00:00:00
480,30,16,52,16,,,2026-04-07 00:00:00
481,31,1,4,1,,,2026-04-07 00:00:00
482,31,2,6,2,,,2026-04-07 00:00:00
483,31,3,10,3,,,2026-04-07 00:00:00
484,31,4,12,4,,,2026-04-07 00:00:00
485,31,5,15,5,,,2026-04-07 00:00:00
486,31,6,18,6,,,2026-04-07 00:00:00
487,31,7,25,7,,,2026-04-07 00:00:00
488,31,8,26,8,,,2026-04-07 00:00:00
489,31,9,31,9,,,2026-04-07 00:00:00
490,31,10,34,10,,,2026-04-07 00:00:00
491,31,11,37,11,,,2026-04-07 00:00:00
492,31,12,38,12,,,2026-04-07 00:00:00
493,31,13,42,13,,,2026-04-07 00:00:00
494,31,14,44,14,,,2026-04-07 00:00:00
495,31,15,50,15,,,2026-04-07 00:00:00
496,31,16,52,16,,,2026-04-07 00:00:00
497,32,1,4,1,,,2026-04-07 00:00:00
498,32,2,6,2,,,2026-04-07 00:00:00
499,32,3,10,3,,,2026-04-07 00:00:00
500,32,4,12,4,,,2026-04-07 00:00:00
501,32,5,15,5,,,2026-04-07 00:00:00
502,32,6,18,6,,,2026-04-07 00:00:00
503,32,7,25,7,,,2026-04-07 00:00:00
504,32,8,26,8,,,2026-04-07 00:00:00
505,32,9,30,9,,,2026-04-07 00:00:00
506,32,10,34,10,,,2026-04-07 00:00:00
507,32,11,37,11,,,2026-04-07 00:00:00
508,32,12,38,12,,,2026-04-07 00:00:00
509,32,13,42,13,,,2026-04-07 00:00:00
510,32,14,44,14,,,2026-04-07 00:00:00
511,32,15,50,15,,,2026-04-07 00:00:00
512,32,16,52,16,,,2026-04-07 00:00:00
513,33,1,4,1,,,2026-04-07 00:00:00
514,33,2,6,2,,,2026-04-07 00:00:00
515,33,3,10,3,,,2026-04-07 00:00:00
516,33,4,12,4,,,2026-04-07 00:00:00
517,33,5,15,5,,,2026-04-07 00:00:00
518,33,6,21,6,,,2026-04-07 00:00:00
519,33,7,25,7,,,2026-04-07 00:00:00
520,33,8,26,8,,,2026-04-07 00:00:00
521,33,9,30,9,,,2026-04-07 00:00:00
522,33,10,34,10,,,2026-04-07 00:00:00
523,33,11,37,11,,,2026-04-07 00:00:00
524,33,12,38,12,,,2026-04-07 00:00:00
525,33,13,42,13,,,2026-04-07 00:00:00
526,33,14,44,14,,,2026-04-07 00:00:00
527,33,15,50,15,,,2026-04-07 00:00:00
528,33,16,53,16,,,2026-04-07 00:00:00
529,34,1,4,1,,,2026-04-07 00:00:00
530,34,2,6,2,,,2026-04-07 00:00:00
531,34,3,10,3,,,2026-04-07 00:00:00
532,34,4,12,4,,,2026-04-07 00:00:00
533,34,5,15,5,,,2026-04-07 00:00:00
534,34,6,20,6,,,2026-04-07 00:00:00
535,34,7,25,7,,,2026-04-07 00:00:00
536,34,8,26,8,,,2026-04-07 00:00:00
537,34,9,31,9,,,2026-04-07 00:00:00
538,34,10,34,10,,,2026-04-07 00:00:00
539,34,11,37,11,,,2026-04-07 00:00:00
540,34,12,39,12,,,2026-04-07 00:00:00
541,34,13,42,13,,,2026-04-07 00:00:00
542,34,14,46,14,,,2026-04-07 00:00:00
543,34,15,50,15,,,2026-04-07 00:00:00
544,34,16,52,16,,,2026-04-07 00:00:00
545,35,1,4,1,,,2026-04-07 00:00:00
546,35,2,6,2,,,2026-04-07 00:00:00
547,35,3,10,3,,,2026-04-07 00:00:00
548,35,4,12,4,,,2026-04-07 00:00:00
549,35,5,15,5,,,2026-04-07 00:00:00
550,35,6,19,6,,,2026-04-07 00:00:00
551,35,7,25,7,,,2026-04-07 00:00:00
552,35,8,26,8,,,2026-04-07 00:00:00
553,35,9,31,9,,,2026-04-07 00:00:00
554,35,10,34,10,,,2026-04-07 00:00:00
555,35,11,35,11,,,2026-04-07 00:00:00
556,35,12,39,12,,,2026-04-07 00:00:00
557,35,13,42,13,,,2026-04-07 00:00:00
558,35,14,43,14,,,2026-04-07 00:00:00
559,35,15,50,15,,,2026-04-07 00:00:00
560,35,16,52,16,,,2026-04-07 00:00:00
561,36,1,4,1,,,2026-04-07 00:00:00
562,36,2,7,2,,,2026-04-07 00:00:00
563,36,3,10,3,,,2026-04-07 00:00:00
564,36,4,13,4,,,2026-04-07 00:00:00
565,36,5,15,5,,,2026-04-07 00:00:00
566,36,6,19,6,,,2026-04-07 00:00:00
567,36,7,22,7,,,2026-04-07 00:00:00
568,36,8,28,8,,,2026-04-07 00:00:00
569,36,9,31,9,,,2026-04-07 00:00:00
570,36,10,32,10,,,2026-04-07 00:00:00
571,36,11,37,11,,,2026-04-07 00:00:00
572,36,12,39,12,,,2026-04-07 00:00:00
573,36,13,42,13,,,2026-04-07 00:00:00
574,36,14,44,14,,,2026-04-07 00:00:00
575,36,15,50,15,,,2026-04-07 00:00:00
576,36,16,52,16,,,2026-04-07 00:00:00
577,37,1,4,1,,,2026-04-07 00:00:00
578,37,2,7,2,,,2026-04-07 00:00:00
579,37,3,10,3,,,2026-04-07 00:00:00
580,37,4,13,4,,,2026-04-07 00:00:00
581,37,5,15,5,,,2026-04-07 00:00:00
582,37,6,20,6,,,2026-04-07 00:00:00
583,37,7,25,7,,,2026-04-07 00:00:00
584,37,8,26,8,,,2026-04-07 00:00:00
585,37,9,31,9,,,2026-04-07 00:00:00
586,37,10,34,10,,,2026-04-07 00:00:00
587,37,11,37,11,,,2026-04-07 00:00:00
588,37,12,39,12,,,2026-04-07 00:00:00
589,37,13,42,13,,,2026-04-07 00:00:00
590,37,14,46,14,,,2026-04-07 00:00:00
591,37,15,50,15,,,2026-04-07 00:00:00
592,37,16,52,16,,,2026-04-07 00:00:00
593,38,1,4,1,,,2026-04-07 00:00:00
594,38,2,7,2,,,2026-04-07 00:00:00
595,38,3,10,3,,,2026-04-07 00:00:00
596,38,4,13,4,,,2026-04-07 00:00:00
597,38,5,15,5,,,2026-04-07 00:00:00
598,38,6,21,6,,,2026-04-07 00:00:00
599,38,7,25,7,,,2026-04-07 00:00:00
600,38,8,28,8,,,2026-04-07 00:00:00
601,38,9,31,9,,,2026-04-07 00:00:00
602,38,10,34,10,,,2026-04-07 00:00:00
603,38,11,36,11,,,2026-04-07 00:00:00
604,38,12,39,12,,,2026-04-07 00:00:00
605,38,13,42,13,,,2026-04-07 00:00:00
606,38,14,45,14,,,2026-04-07 00:00:00
607,38,15,50,15,,,2026-04-07 00:00:00
608,38,16,53,16,,,2026-04-07 00:00:00
609,39,1,4,1,,,2026-04-07 00:00:00
610,39,2,7,2,,,2026-04-07 00:00:00
611,39,3,10,3,,,2026-04-07 00:00:00
612,39,4,13,4,,,2026-04-07 00:00:00
613,39,5,17,5,,,2026-04-07 00:00:00
614,39,6,18,6,,,2026-04-07 00:00:00
615,39,7,25,7,,,2026-04-07 00:00:00
616,39,8,28,8,,,2026-04-07 00:00:00
617,39,9,31,9,,,2026-04-07 00:00:00
618,39,10,34,10,,,2026-04-07 00:00:00
619,39,11,37,11,,,2026-04-07 00:00:00
620,39,12,39,12,,,2026-04-07 00:00:00
621,39,13,42,13,,,2026-04-07 00:00:00
622,39,14,46,14,,,2026-04-07 00:00:00
623,39,15,50,15,,,2026-04-07 00:00:00
624,39,16,52,16,,,2026-04-07 00:00:00
625,40,1,4,1,,,2026-04-07 00:00:00
626,40,2,7,2,,,2026-04-07 00:00:00
627,40,3,10,3,,,2026-04-07 00:00:00
628,40,4,13,4,,,2026-04-07 00:00:00
629,40,5,17,5,,,2026-04-07 00:00:00
630,40,6,18,6,,,2026-04-07 00:00:00
631,40,7,25,7,,,2026-04-07 00:00:00
632,40,8,28,8,,,2026-04-07 00:00:00
633,40,9,31,9,,,2026-04-07 00:00:00
634,40,10,34,10,,,2026-04-07 00:00:00
635,40,11,37,11,,,2026-04-07 00:00:00
636,40,12,39,12,,,2026-04-07 00:00:00
637,40,13,42,13,,,2026-04-07 00:00:00
638,40,14,46,14,,,2026-04-07 00:00:00
639,40,15,50,15,,,2026-04-07 00:00:00
640,40,16,52,16,,,2026-04-07 00:00:00
641,41,1,4,1,,,2026-04-07 00:00:00
642,41,2,7,2,,,2026-04-07 00:00:00
643,41,3,10,3,,,2026-04-07 00:00:00
644,41,4,12,4,,,2026-04-07 00:00:00
645,41,5,17,5,,,2026-04-07 00:00:00
646,41,6,21,6,,,2026-04-07 00:00:00
647,41,7,25,7,,,2026-04-07 00:00:00
648,41,8,28,8,,,2026-04-07 00:00:00
649,41,9,31,9,,,2026-04-07 00:00:00
650,41,10,34,10,,,2026-04-07 00:00:00
651,41,11,37,11,,,2026-04-07 00:00:00
652,41,12,39,12,,,2026-04-07 00:00:00
653,41,13,42,13,,,2026-04-07 00:00:00
654,41,14,46,14,,,2026-04-07 00:00:00
655,41,15,50,15,,,2026-04-07 00:00:00
656,41,16,52,16,,,2026-04-07 00:00:00
657,42,1,4,1,,,2026-04-07 00:00:00
658,42,2,7,2,,,2026-04-07 00:00:00
659,42,3,10,3,,,2026-04-07 00:00:00
660,42,4,12,4,,,2026-04-07 00:00:00
661,42,5,17,5,,,2026-04-07 00:00:00
662,42,6,18,6,,,2026-04-07 00:00:00
663,42,7,25,7,,,2026-04-07 00:00:00
664,42,8,28,8,,,2026-04-07 00:00:00
665,42,9,31,9,,,2026-04-07 00:00:00
666,42,10,34,10,,,2026-04-07 00:00:00
667,42,11,37,11,,,2026-04-07 00:00:00
668,42,12,39,12,,,2026-04-07 00:00:00
669,42,13,42,13,,,2026-04-07 00:00:00
670,42,14,46,14,,,2026-04-07 00:00:00
671,42,15,50,15,,,2026-04-07 00:00:00
672,42,16,52,16,,,2026-04-07 00:00:00
673,43,1,4,1,,,2026-04-07 00:00:00
674,43,2,7,2,,,2026-04-07 00:00:00
675,43,3,10,3,,,2026-04-07 00:00:00
676,43,4,12,4,,,2026-04-07 00:00:00
677,43,5,17,5,,,2026-04-07 00:00:00
678,43,6,18,6,,,2026-04-07 00:00:00
679,43,7,25,7,,,2026-04-07 00:00:00
680,43,8,28,8,,,2026-04-07 00:00:00
681,43,9,31,9,,,2026-04-07 00:00:00
682,43,10,34,10,,,2026-04-07 00:00:00
683,43,11,37,11,,,2026-04-07 00:00:00
684,43,12,39,12,,,2026-04-07 00:00:00
685,43,13,42,13,,,2026-04-07 00:00:00
686,43,14,46,14,,,2026-04-07 00:00:00
687,43,15,50,15,,,2026-04-07 00:00:00
688,43,16,52,16,,,2026-04-07 00:00:00
689,44,1,4,1,,,2026-04-07 00:00:00
690,44,2,6,2,,,2026-04-07 00:00:00
691,44,3,10,3,,,2026-04-07 00:00:00
692,44,4,12,4,,,2026-04-07 00:00:00
693,44,5,17,5,,,2026-04-07 00:00:00
694,44,6,18,6,,,2026-04-07 00:00:00
695,44,7,25,7,,,2026-04-07 00:00:00
696,44,8,28,8,,,2026-04-07 00:00:00
697,44,9,30,9,,,2026-04-07 00:00:00
698,44,10,34,10,,,2026-04-07 00:00:00
699,44,11,37,11,,,2026-04-07 00:00:00
700,44,12,38,12,,,2026-04-07 00:00:00
701,44,13,42,13,,,2026-04-07 00:00:00
702,44,14,44,14,,,2026-04-07 00:00:00
703,44,15,50,15,,,2026-04-07 00:00:00
704,44,16,52,16,,,2026-04-07 00:00:00
705,45,1,4,1,,,2026-04-07 00:00:00
706,45,2,6,2,,,2026-04-07 00:00:00
707,45,3,10,3,,,2026-04-07 00:00:00
708,45,4,12,4,,,2026-04-07 00:00:00
709,45,5,14,5,,,2026-04-07 00:00:00
710,45,6,21,6,,,2026-04-07 00:00:00
711,45,7,24,7,,,2026-04-07 00:00:00
712,45,8,26,8,,,2026-04-07 00:00:00
713,45,9,31,9,,,2026-04-07 00:00:00
714,45,10,34,10,,,2026-04-07 00:00:00
715,45,11,36,11,,,2026-04-07 00:00:00
716,45,12,39,12,,,2026-04-07 00:00:00
717,45,13,42,13,,,2026-04-07 00:00:00
718,45,14,45,14,,,2026-04-07 00:00:00
719,45,15,50,15,,,2026-04-07 00:00:00
720,45,16,52,16,,,2026-04-07 00:00:00
721,46,1,4,1,,,2026-04-07 00:00:00
722,46,2,7,2,,,2026-04-07 00:00:00
723,46,3,10,3,,,2026-04-07 00:00:00
724,46,4,13,4,,,2026-04-07 00:00:00
725,46,5,14,5,,,2026-04-07 00:00:00
726,46,6,21,6,,,2026-04-07 00:00:00
727,46,7,23,7,,,2026-04-07 00:00:00
728,46,8,26,8,,,2026-04-07 00:00:00
729,46,9,31,9,,,2026-04-07 00:00:00
730,46,10,34,10,,,2026-04-07 00:00:00
731,46,11,36,11,,,2026-04-07 00:00:00
732,46,12,39,12,,,2026-04-07 00:00:00
733,46,13,42,13,,,2026-04-07 00:00:00
734,46,14,45,14,,,2026-04-07 00:00:00
735,46,15,50,15,,,2026-04-07 00:00:00
736,46,16,52,16,,,2026-04-07 00:00:00
737,47,1,4,1,,,2026-04-07 00:00:00
738,47,2,7,2,,,2026-04-07 00:00:00
739,47,3,9,3,,,2026-04-07 00:00:00
740,47,4,13,4,,,2026-04-07 00:00:00
741,47,5,17,5,,,2026-04-07 00:00:00
742,47,6,18,6,,,2026-04-07 00:00:00
743,47,7,22,7,,,2026-04-07 00:00:00
744,47,8,28,8,,,2026-04-07 00:00:00
745,47,9,31,9,,,2026-04-07 00:00:00
746,47,10,33,10,,,2026-04-07 00:00:00
747,47,11,37,11,,,2026-04-07 00:00:00
748,47,12,38,12,,,2026-04-07 00:00:00
749,47,13,41,13,,,2026-04-07 00:00:00
750,47,14,44,14,,,2026-04-07 00:00:00
751,47,15,50,15,,,2026-04-07 00:00:00
752,47,16,52,16,,,2026-04-07 00:00:00
753,48,1,4,1,,,2026-04-07 00:00:00
754,48,2,6,2,,,2026-04-07 00:00:00
755,48,3,10,3,,,2026-04-07 00:00:00
756,48,4,12,4,,,2026-04-07 00:00:00
757,48,5,17,5,,,2026-04-07 00:00:00
758,48,6,18,6,,,2026-04-07 00:00:00
759,48,7,24,7,,,2026-04-07 00:00:00
760,48,8,28,8,,,2026-04-07 00:00:00
761,48,9,29,9,,,2026-04-07 00:00:00
762,48,10,33,10,,,2026-04-07 00:00:00
763,48,11,37,11,,,2026-04-07 00:00:00
764,48,12,39,12,,,2026-04-07 00:00:00
765,48,13,42,13,,,2026-04-07 00:00:00
766,48,14,45,14,,,2026-04-07 00:00:00
767,48,15,50,15,,,2026-04-07 00:00:00
768,48,16,53,16,,,2026-04-07 00:00:00
769,49,1,3,1,,,2026-04-07 00:00:00
770,49,2,5,2,,,2026-04-07 00:00:00
771,49,3,10,3,,,2026-04-07 00:00:00
772,49,4,11,4,,,2026-04-07 00:00:00
773,49,5,16,5,,,2026-04-07 00:00:00
774,49,6,18,6,,,2026-04-07 00:00:00
775,49,7,25,7,,,2026-04-07 00:00:00
776,49,8,28,8,,,2026-04-07 00:00:00
777,49,9,30,9,,,2026-04-07 00:00:00
778,49,10,34,10,,,2026-04-07 00:00:00
779,49,11,37,11,,,2026-04-07 00:00:00
780,49,12,39,12,,,2026-04-07 00:00:00
781,49,13,42,13,,,2026-04-07 00:00:00
782,49,14,46,14,,,2026-04-07 00:00:00
783,49,15,50,15,,,2026-04-07 00:00:00
784,49,16,52,16,,,2026-04-07 00:00:00
785,50,1,4,1,,,2026-04-07 00:00:00
786,50,2,7,2,,,2026-04-07 00:00:00
787,50,3,10,3,,,2026-04-07 00:00:00
788,50,4,13,4,,,2026-04-07 00:00:00
789,50,5,17,5,,,2026-04-07 00:00:00
790,50,6,21,6,,,2026-04-07 00:00:00
791,50,7,25,7,,,2026-04-07 00:00:00
792,50,8,27,8,,,2026-04-07 00:00:00
793,50,9,31,9,,,2026-04-07 00:00:00
794,50,10,34,10,,,2026-04-07 00:00:00
795,50,11,37,11,,,2026-04-07 00:00:00
796,50,12,39,12,,,2026-04-07 00:00:00
797,50,13,42,13,,,2026-04-07 00:00:00
798,50,14,46,14,,,2026-04-07 00:00:00
799,50,15,50,15,,,2026-04-07 00:00:00
800,50,16,53,16,,,2026-04-07 00:00:00
801,51,1,4,1,,,2026-04-07 00:00:00
802,51,2,6,2,,,2026-04-07 00:00:00
803,51,3,10,3,,,2026-04-07 00:00:00
804,51,4,12,4,,,2026-04-07 00:00:00
805,51,5,14,5,,,2026-04-07 00:00:00
806,51,6,19,6,,,2026-04-07 00:00:00
807,51,7,24,7,,,2026-04-07 00:00:00
808,51,8,26,8,,,2026-04-07 00:00:00
809,51,9,30,9,,,2026-04-07 00:00:00
810,51,10,34,10,,,2026-04-07 00:00:00
811,51,11,36,11,,,2026-04-07 00:00:00
812,51,12,39,12,,,2026-04-07 00:00:00
813,51,13,42,13,,,2026-04-07 00:00:00
814,51,14,45,14,,,2026-04-07 00:00:00
815,51,15,50,15,,,2026-04-07 00:00:00
816,51,16,52,16,,,2026-04-07 00:00:00
817,52,1,4,1,,,2026-04-07 00:00:00
818,52,2,6,2,,,2026-04-07 00:00:00
819,52,3,10,3,,,2026-04-07 00:00:00
820,52,4,12,4,,,2026-04-07 00:00:00
821,52,5,17,5,,,2026-04-07 00:00:00
822,52,6,19,6,,,2026-04-07 00:00:00
823,52,7,22,7,,,2026-04-07 00:00:00
824,52,8,28,8,,,2026-04-07 00:00:00
825,52,9,29,9,,,2026-04-07 00:00:00
826,52,10,32,10,,,2026-04-07 00:00:00
827,52,11,37,11,,,2026-04-07 00:00:00
828,52,12,38,12,,,2026-04-07 00:00:00
829,52,13,42,13,,,2026-04-07 00:00:00
830,52,14,44,14,,,2026-04-07 00:00:00
831,52,15,50,15,,,2026-04-07 00:00:00
832,52,16,53,16,,,2026-04-07 00:00:00
833,53,1,4,1,,,2026-04-07 00:00:00
834,53,2,7,2,,,2026-04-07 00:00:00
835,53,3,10,3,,,2026-04-07 00:00:00
836,53,4,13,4,,,2026-04-07 00:00:00
837,53,5,17,5,,,2026-04-07 00:00:00
838,53,6,18,6,,,2026-04-07 00:00:00
839,53,7,22,7,,,2026-04-07 00:00:00
840,53,8,28,8,,,2026-04-07 00:00:00
841,53,9,31,9,,,2026-04-07 00:00:00
842,53,10,34,10,,,2026-04-07 00:00:00
843,53,11,37,11,,,2026-04-07 00:00:00
844,53,12,40,12,,,2026-04-07 00:00:00
845,53,13,42,13,,,2026-04-07 00:00:00
846,53,14,46,14,,,2026-04-07 00:00:00
847,53,15,50,15,,,2026-04-07 00:00:00
848,53,16,51,16,,,2026-04-07 00:00:00
849,54,1,4,1,,,2026-04-07 00:00:00
850,54,2,7,2,,,2026-04-07 00:00:00
851,54,3,10,3,,,2026-04-07 00:00:00
852,54,4,11,4,,,2026-04-07 00:00:00
853,54,5,17,5,,,2026-04-07 00:00:00
854,54,6,18,6,,,2026-04-07 00:00:00
855,54,7,25,7,,,2026-04-07 00:00:00
856,54,8,28,8,,,2026-04-07 00:00:00
857,54,9,30,9,,,2026-04-07 00:00:00
858,54,10,33,10,,,2026-04-07 00:00:00
859,54,11,37,11,,,2026-04-07 00:00:00
860,54,12,38,12,,,2026-04-07 00:00:00
861,54,13,42,13,,,2026-04-07 00:00:00
862,54,14,44,14,,,2026-04-07 00:00:00
863,54,15,50,15,,,2026-04-07 00:00:00
864,54,16,53,16,,,2026-04-07 00:00:00
865,55,1,4,1,,,2026-04-07 00:00:00
866,55,2,7,2,,,2026-04-07 00:00:00
867,55,3,10,3,,,2026-04-07 00:00:00
868,55,4,11,4,,,2026-04-07 00:00:00
869,55,5,14,5,,,2026-04-07 00:00:00
870,55,6,18,6,,,2026-04-07 00:00:00
871,55,7,22,7,,,2026-04-07 00:00:00
872,55,8,26,8,,,2026-04-07 00:00:00
873,55,9,31,9,,,2026-04-07 00:00:00
874,55,10,34,10,,,2026-04-07 00:00:00
875,55,11,36,11,,,2026-04-07 00:00:00
876,55,12,39,12,,,2026-04-07 00:00:00
877,55,13,42,13,,,2026-04-07 00:00:00
878,55,14,45,14,,,2026-04-07 00:00:00
879,55,15,50,15,,,2026-04-07 00:00:00
880,55,16,52,16,,,2026-04-07 00:00:00
881,56,1,2,1,,,2026-04-07 00:00:00
882,56,2,7,2,,,2026-04-07 00:00:00
883,56,3,9,3,,,2026-04-07 00:00:00
884,56,4,11,4,,,2026-04-07 00:00:00
885,56,5,17,5,,,2026-04-07 00:00:00
886,56,6,21,6,,,2026-04-07 00:00:00
887,56,7,25,7,,,2026-04-07 00:00:00
888,56,8,28,8,,,2026-04-07 00:00:00
889,56,9,29,9,,,2026-04-07 00:00:00
890,56,10,33,10,,,2026-04-07 00:00:00
891,56,11,37,11,,,2026-04-07 00:00:00
892,56,12,38,12,,,2026-04-07 00:00:00
893,56,13,41,13,,,2026-04-07 00:00:00
894,56,14,44,14,,,2026-04-07 00:00:00
895,56,15,50,15,,,2026-04-07 00:00:00
896,56,16,53,16,,,2026-04-07 00:00:00
897,57,1,4,1,,,2026-04-07 00:00:00
898,57,2,5,2,,,2026-04-07 00:00:00
899,57,3,10,3,,,2026-04-07 00:00:00
900,57,4,11,4,,,2026-04-07 00:00:00
901,57,5,15,5,,,2026-04-07 00:00:00
902,57,6,18,6,,,2026-04-07 00:00:00
903,57,7,24,7,,,2026-04-07 00:00:00
904,57,8,26,8,,,2026-04-07 00:00:00
905,57,9,31,9,,,2026-04-07 00:00:00
906,57,10,34,10,,,2026-04-07 00:00:00
907,57,11,37,11,,,2026-04-07 00:00:00
908,57,12,39,12,,,2026-04-07 00:00:00
909,57,13,42,13,,,2026-04-07 00:00:00
910,57,14,46,14,,,2026-04-07 00:00:00
911,57,15,50,15,,,2026-04-07 00:00:00
912,57,16,52,16,,,2026-04-07 00:00:00
913,58,1,4,1,,,2026-04-07 00:00:00
914,58,2,5,2,,,2026-04-07 00:00:00
915,58,3,10,3,,,2026-04-07 00:00:00
916,58,4,11,4,,,2026-04-07 00:00:00
917,58,5,14,5,,,2026-04-07 00:00:00
918,58,6,19,6,,,2026-04-07 00:00:00
919,58,7,25,7,,,2026-04-07 00:00:00
920,58,8,27,8,,,2026-04-07 00:00:00
921,58,9,30,9,,,2026-04-07 00:00:00
922,58,10,34,10,,,2026-04-07 00:00:00
923,58,11,37,11,,,2026-04-07 00:00:00
924,58,12,38,12,,,2026-04-07 00:00:00
925,58,13,42,13,,,2026-04-07 00:00:00
926,58,14,44,14,,,2026-04-07 00:00:00
927,58,15,50,15,,,2026-04-07 00:00:00
928,58,16,53,16,,,2026-04-07 00:00:00
929,59,1,4,1,,,2026-04-07 00:00:00
930,59,2,5,2,,,2026-04-07 00:00:00
931,59,3,10,3,,,2026-04-07 00:00:00
932,59,4,11,4,,,2026-04-07 00:00:00
933,59,5,14,5,,,2026-04-07 00:00:00
934,59,6,21,6,,,2026-04-07 00:00:00
935,59,7,25,7,,,2026-04-07 00:00:00
936,59,8,27,8,,,2026-04-07 00:00:00
937,59,9,30,9,,,2026-04-07 00:00:00
938,59,10,34,10,,,2026-04-07 00:00:00
939,59,11,37,11,,,2026-04-07 00:00:00
940,59,12,38,12,,,2026-04-07 00:00:00
941,59,13,42,13,,,2026-04-07 00:00:00
942,59,14,44,14,,,2026-04-07 00:00:00
943,59,15,50,15,,,2026-04-07 00:00:00
944,59,16,53,16,,,2026-04-07 00:00:00
945,60,1,4,1,,,2026-04-07 00:00:00
946,60,2,5,2,,,2026-04-07 00:00:00
947,60,3,10,3,,,2026-04-07 00:00:00
948,60,4,11,4,,,2026-04-07 00:00:00
949,60,5,14,5,,,2026-04-07 00:00:00
950,60,6,18,6,,,2026-04-07 00:00:00
951,60,7,25,7,,,2026-04-07 00:00:00
952,60,8,27,8,,,2026-04-07 00:00:00
953,60,9,31,9,,,2026-04-07 00:00:00
954,60,10,34,10,,,2026-04-07 00:00:00
955,60,11,37,11,,,2026-04-07 00:00:00
956,60,12,38,12,,,2026-04-07 00:00:00
957,60,13,42,13,,,2026-04-07 00:00:00
958,60,14,44,14,,,2026-04-07 00:00:00
959,60,15,50,15,,,2026-04-07 00:00:00
960,60,16,53,16,,,2026-04-07 00:00:00
961,61,1,4,1,,,2026-04-07 00:00:00
962,61,2,7,2,,,2026-04-07 00:00:00
963,61,3,10,3,,,2026-04-07 00:00:00
964,61,4,12,4,,,2026-04-07 00:00:00
965,61,5,17,5,,,2026-04-07 00:00:00
966,61,6,19,6,,,2026-04-07 00:00:00
967,61,7,24,7,,,2026-04-07 00:00:00
968,61,8,28,8,,,2026-04-07 00:00:00
969,61,9,29,9,,,2026-04-07 00:00:00
970,61,10,33,10,,,2026-04-07 00:00:00
971,61,11,37,11,,,2026-04-07 00:00:00
972,61,12,38,12,,,2026-04-07 00:00:00
973,61,13,42,13,,,2026-04-07 00:00:00
974,61,14,44,14,,,2026-04-07 00:00:00
975,61,15,50,15,,,2026-04-07 00:00:00
976,61,16,52,16,,,2026-04-07 00:00:00
977,62,1,4,1,,,2026-04-07 00:00:00
978,62,2,5,2,,,2026-04-07 00:00:00
979,62,3,10,3,,,2026-04-07 00:00:00
980,62,4,11,4,,,2026-04-07 00:00:00
981,62,5,17,5,,,2026-04-07 00:00:00
982,62,6,18,6,,,2026-04-07 00:00:00
983,62,7,25,7,,,2026-04-07 00:00:00
984,62,8,28,8,,,2026-04-07 00:00:00
985,62,9,30,9,,,2026-04-07 00:00:00
986,62,10,34,10,,,2026-04-07 00:00:00
987,62,11,37,11,,,2026-04-07 00:00:00
988,62,12,38,12,,,2026-04-07 00:00:00
989,62,13,42,13,,,2026-04-07 00:00:00
990,62,14,44,14,,,2026-04-07 00:00:00
991,62,15,50,15,,,2026-04-07 00:00:00
992,62,16,52,16,,,2026-04-07 00:00:00
993,63,1,4,1,,,2026-04-07 00:00:00
994,63,2,5,2,,,2026-04-07 00:00:00
995,63,3,10,3,,,2026-04-07 00:00:00
996,63,4,11,4,,,2026-04-07 00:00:00
997,63,5,17,5,,,2026-04-07 00:00:00
998,63,6,18,6,,,2026-04-07 00:00:00
999,63,7,25,7,,,2026-04-07 00:00:00
1000,63,8,28,8,,,2026-04-07 00:00:00
1001,63,9,29,9,,,2026-04-07 00:00:00
1002,63,10,34,10,,,2026-04-07 00:00:00
1003,63,11,37,11,,,2026-04-07 00:00:00
1004,63,12,38,12,,,2026-04-07 00:00:00
1005,63,13,42,13,,,2026-04-07 00:00:00
1006,63,14,44,14,,,2026-04-07 00:00:00
1007,63,15,50,15,,,2026-04-07 00:00:00
1008,63,16,52,16,,,2026-04-07 00:00:00
1009,64,1,4,1,,,2026-04-07 00:00:00
1010,64,2,5,2,,,2026-04-07 00:00:00
1011,64,3,9,3,,,2026-04-07 00:00:00
1012,64,4,12,4,,,2026-04-07 00:00:00
1013,64,5,17,5,,,2026-04-07 00:00:00
1014,64,6,18,6,,,2026-04-07 00:00:00
1015,64,7,25,7,,,2026-04-07 00:00:00
1016,64,8,28,8,,,2026-04-07 00:00:00
1017,64,9,31,9,,,2026-04-07 00:00:00
1018,64,10,34,10,,,2026-04-07 00:00:00
1019,64,11,37,11,,,2026-04-07 00:00:00
1020,64,12,38,12,,,2026-04-07 00:00:00
1021,64,13,42,13,,,2026-04-07 00:00:00
1022,64,14,44,14,,,2026-04-07 00:00:00
1023,64,15,50,15,,,2026-04-07 00:00:00
1024,64,16,51,16,,,2026-04-07 00:00:00
1025,65,1,4,1,,,2026-04-07 00:00:00
1026,65,2,5,2,,,2026-04-07 00:00:00
1027,65,3,10,3,,,2026-04-07 00:00:00
1028,65,4,11,4,,,2026-04-07 00:00:00
1029,65,5,17,5,,,2026-04-07 00:00:00
1030,65,6,19,6,,,2026-04-07 00:00:00
1031,65,7,25,7,,,2026-04-07 00:00:00
1032,65,8,28,8,,,2026-04-07 00:00:00
1033,65,9,30,9,,,2026-04-07 00:00:00
1034,65,10,33,10,,,2026-04-07 00:00:00
1035,65,11,37,11,,,2026-04-07 00:00:00
1036,65,12,38,12,,,2026-04-07 00:00:00
1037,65,13,42,13,,,2026-04-07 00:00:00
1038,65,14,44,14,,,2026-04-07 00:00:00
1039,65,15,50,15,,,2026-04-07 00:00:00
1040,65,16,53,16,,,2026-04-07 00:00:00
1041,66,1,4,1,,,2026-04-07 00:00:00
1042,66,2,5,2,,,2026-04-07 00:00:00
1043,66,3,10,3,,,2026-04-07 00:00:00
1044,66,4,11,4,,,2026-04-07 00:00:00
1045,66,5,17,5,,,2026-04-07 00:00:00
1046,66,6,18,6,,,2026-04-07 00:00:00
1047,66,7,25,7,,,2026-04-07 00:00:00
1048,66,8,28,8,,,2026-04-07 00:00:00
1049,66,9,30,9,,,2026-04-07 00:00:00
1050,66,10,33,10,,,2026-04-07 00:00:00
1051,66,11,37,11,,,2026-04-07 00:00:00
1052,66,12,38,12,,,2026-04-07 00:00:00
1053,66,13,42,13,,,2026-04-07 00:00:00
1054,66,14,44,14,,,2026-04-07 00:00:00
1055,66,15,50,15,,,2026-04-07 00:00:00
1056,66,16,53,16,,,2026-04-07 00:00:00
1057,67,1,4,1,,,2026-04-07 00:00:00
1058,67,2,5,2,,,2026-04-07 00:00:00
1059,67,3,10,3,,,2026-04-07 00:00:00
1060,67,4,11,4,,,2026-04-07 00:00:00
1061,67,5,17,5,,,2026-04-07 00:00:00
1062,67,6,18,6,,,2026-04-07 00:00:00
1063,67,7,25,7,,,2026-04-07 00:00:00
1064,67,8,28,8,,,2026-04-07 00:00:00
1065,67,9,30,9,,,2026-04-07 00:00:00
1066,67,10,33,10,,,2026-04-07 00:00:00
1067,67,11,37,11,,,2026-04-07 00:00:00
1068,67,12,38,12,,,2026-04-07 00:00:00
1069,67,13,42,13,,,2026-04-07 00:00:00
1070,67,14,44,14,,,2026-04-07 00:00:00
1071,67,15,50,15,,,2026-04-07 00:00:00
1072,67,16,52,16,,,2026-04-07 00:00:00
1073,68,1,4,1,,,2026-04-07 00:00:00
1074,68,2,5,2,,,2026-04-07 00:00:00
1075,68,3,10,3,,,2026-04-07 00:00:00
1076,68,4,11,4,,,2026-04-07 00:00:00
1077,68,5,17,5,,,2026-04-07 00:00:00
1078,68,6,18,6,,,2026-04-07 00:00:00
1079,68,7,22,7,,,2026-04-07 00:00:00
1080,68,8,28,8,,,2026-04-07 00:00:00
1081,68,9,29,9,,,2026-04-07 00:00:00
1082,68,10,32,10,,,2026-04-07 00:00:00
1083,68,11,37,11,,,2026-04-07 00:00:00
1084,68,12,38,12,,,2026-04-07 00:00:00
1085,68,13,42,13,,,2026-04-07 00:00:00
1086,68,14,44,14,,,2026-04-07 00:00:00
1087,68,15,50,15,,,2026-04-07 00:00:00
1088,68,16,52,16,,,2026-04-07 00:00:00
1089,69,1,2,1,,,2026-04-07 00:00:00
1090,69,2,5,2,,,2026-04-07 00:00:00
1091,69,3,9,3,,,2026-04-07 00:00:00
1092,69,4,11,4,,,2026-04-07 00:00:00
1093,69,5,14,5,,,2026-04-07 00:00:00
1094,69,6,18,6,,,2026-04-07 00:00:00
1095,69,7,24,7,,,2026-04-07 00:00:00
1096,69,8,26,8,,,2026-04-07 00:00:00
1097,69,9,29,9,,,2026-04-07 00:00:00
1098,69,10,34,10,,,2026-04-07 00:00:00
1099,69,11,37,11,,,2026-04-07 00:00:00
1100,69,12,39,12,,,2026-04-07 00:00:00
1101,69,13,42,13,,,2026-04-07 00:00:00
1102,69,14,46,14,,,2026-04-07 00:00:00
1103,69,15,50,15,,,2026-04-07 00:00:00
1104,69,16,51,16,,,2026-04-07 00:00:00
1105,70,1,3,1,,,2026-04-07 00:00:00
1106,70,2,5,2,,,2026-04-07 00:00:00
1107,70,3,10,3,,,2026-04-07 00:00:00
1108,70,4,11,4,,,2026-04-07 00:00:00
1109,70,5,17,5,,,2026-04-07 00:00:00
1110,70,6,18,6,,,2026-04-07 00:00:00
1111,70,7,23,7,,,2026-04-07 00:00:00
1112,70,8,28,8,,,2026-04-07 00:00:00
1113,70,9,30,9,,,2026-04-07 00:00:00
1114,70,10,34,10,,,2026-04-07 00:00:00
1115,70,11,37,11,,,2026-04-07 00:00:00
1116,70,12,39,12,,,2026-04-07 00:00:00
1117,70,13,42,13,,,2026-04-07 00:00:00
1118,70,14,46,14,,,2026-04-07 00:00:00
1119,70,15,50,15,,,2026-04-07 00:00:00
1120,70,16,51,16,,,2026-04-07 00:00:00
1121,71,1,4,1,,,2026-04-07 00:00:00
1122,71,2,6,2,,,2026-04-07 00:00:00
1123,71,3,10,3,,,2026-04-07 00:00:00
1124,71,4,13,4,,,2026-04-07 00:00:00
1125,71,5,17,5,,,2026-04-07 00:00:00
1126,71,6,20,6,,,2026-04-07 00:00:00
1127,71,7,25,7,,,2026-04-07 00:00:00
1128,71,8,28,8,,,2026-04-07 00:00:00
1129,71,9,31,9,,,2026-04-07 00:00:00
1130,71,10,34,10,,,2026-04-07 00:00:00
1131,71,11,37,11,,,2026-04-07 00:00:00
1132,71,12,38,12,,,2026-04-07 00:00:00
1133,71,13,42,13,,,2026-04-07 00:00:00
1134,71,14,44,14,,,2026-04-07 00:00:00
1135,71,15,50,15,,,2026-04-07 00:00:00
1136,71,16,52,16,,,2026-04-07 00:00:00
1137,72,1,4,1,,,2026-04-07 00:00:00
1138,72,2,6,2,,,2026-04-07 00:00:00
1139,72,3,10,3,,,2026-04-07 00:00:00
1140,72,4,13,4,,,2026-04-07 00:00:00
1141,72,5,17,5,,,2026-04-07 00:00:00
1142,72,6,19,6,,,2026-04-07 00:00:00
1143,72,7,25,7,,,2026-04-07 00:00:00
1144,72,8,28,8,,,2026-04-07 00:00:00
1145,72,9,31,9,,,2026-04-07 00:00:00
1146,72,10,34,10,,,2026-04-07 00:00:00
1147,72,11,37,11,,,2026-04-07 00:00:00
1148,72,12,40,12,,,2026-04-07 00:00:00
1149,72,13,42,13,,,2026-04-07 00:00:00
1150,72,14,46,14,,,2026-04-07 00:00:00
1151,72,15,50,15,,,2026-04-07 00:00:00
1152,72,16,51,16,,,2026-04-07 00:00:00
1153,73,1,4,1,,,2026-04-07 00:00:00
1154,73,2,7,2,,,2026-04-07 00:00:00
1155,73,3,10,3,,,2026-04-07 00:00:00
1156,73,4,13,4,,,2026-04-07 00:00:00
1157,73,5,17,5,,,2026-04-07 00:00:00
1158,73,6,20,6,,,2026-04-07 00:00:00
1159,73,7,25,7,,,2026-04-07 00:00:00
1160,73,8,28,8,,,2026-04-07 00:00:00
1161,73,9,31,9,,,2026-04-07 00:00:00
1162,73,10,34,10,,,2026-04-07 00:00:00
1163,73,11,37,11,,,2026-04-07 00:00:00
1164,73,12,40,12,,,2026-04-07 00:00:00
1165,73,13,42,13,,,2026-04-07 00:00:00
1166,73,14,46,14,,,2026-04-07 00:00:00
1167,73,15,50,15,,,2026-04-07 00:00:00
1168,73,16,51,16,,,2026-04-07 00:00:00
1169,74,1,4,1,,,2026-04-07 00:00:00
1170,74,2,5,2,,,2026-04-07 00:00:00
1171,74,3,9,3,,,2026-04-07 00:00:00
1172,74,4,12,4,,,2026-04-07 00:00:00
1173,74,5,15,5,,,2026-04-07 00:00:00
1174,74,6,19,6,,,2026-04-07 00:00:00
1175,74,7,25,7,,,2026-04-07 00:00:00
1176,74,8,28,8,,,2026-04-07 00:00:00
1177,74,9,30,9,,,2026-04-07 00:00:00
1178,74,10,34,10,,,2026-04-07 00:00:00
1179,74,11,37,11,,,2026-04-07 00:00:00
1180,74,12,39,12,,,2026-04-07 00:00:00
1181,74,13,42,13,,,2026-04-07 00:00:00
1182,74,14,46,14,,,2026-04-07 00:00:00
1183,74,15,50,15,,,2026-04-07 00:00:00
1184,74,16,52,16,,,2026-04-07 00:00:00
1185,75,1,4,1,,,2026-04-07 00:00:00
1186,75,2,6,2,,,2026-04-07 00:00:00
1187,75,3,10,3,,,2026-04-07 00:00:00
1188,75,4,13,4,,,2026-04-07 00:00:00
1189,75,5,17,5,,,2026-04-07 00:00:00
1190,75,6,18,6,,,2026-04-07 00:00:00
1191,75,7,25,7,,,2026-04-07 00:00:00
1192,75,8,28,8,,,2026-04-07 00:00:00
1193,75,9,30,9,,,2026-04-07 00:00:00
1194,75,10,34,10,,,2026-04-07 00:00:00
1195,75,11,37,11,,,2026-04-07 00:00:00
1196,75,12,39,12,,,2026-04-07 00:00:00
1197,75,13,42,13,,,2026-04-07 00:00:00
1198,75,14,46,14,,,2026-04-07 00:00:00
1199,75,15,50,15,,,2026-04-07 00:00:00
1200,75,16,52,16,,,2026-04-07 00:00:00
1201,76,1,4,1,,,2026-04-07 00:00:00
1202,76,2,5,2,,,2026-04-07 00:00:00
1203,76,3,8,3,,,2026-04-07 00:00:00
1204,76,4,11,4,,,2026-04-07 00:00:00
1205,76,5,15,5,,,2026-04-07 00:00:00
1206,76,6,19,6,,,2026-04-07 00:00:00
1207,76,7,25,7,,,2026-04-07 00:00:00
1208,76,8,28,8,,,2026-04-07 00:00:00
1209,76,9,29,9,,,2026-04-07 00:00:00
1210,76,10,34,10,,,2026-04-07 00:00:00
1211,76,11,37,11,,,2026-04-07 00:00:00
1212,76,12,39,12,,,2026-04-07 00:00:00
1213,76,13,42,13,,,2026-04-07 00:00:00
1214,76,14,46,14,,,2026-04-07 00:00:00
1215,76,15,50,15,,,2026-04-07 00:00:00
1216,76,16,52,16,,,2026-04-07 00:00:00
1217,77,1,4,1,,,2026-04-07 00:00:00
1218,77,2,5,2,,,2026-04-07 00:00:00
1219,77,3,10,3,,,2026-04-07 00:00:00
1220,77,4,11,4,,,2026-04-07 00:00:00
1221,77,5,15,5,,,2026-04-07 00:00:00
1222,77,6,18,6,,,2026-04-07 00:00:00
1223,77,7,25,7,,,2026-04-07 00:00:00
1224,77,8,28,8,,,2026-04-07 00:00:00
1225,77,9,30,9,,,2026-04-07 00:00:00
1226,77,10,34,10,,,2026-04-07 00:00:00
1227,77,11,37,11,,,2026-04-07 00:00:00
1228,77,12,38,12,,,2026-04-07 00:00:00
1229,77,13,42,13,,,2026-04-07 00:00:00
1230,77,14,44,14,,,2026-04-07 00:00:00
1231,77,15,50,15,,,2026-04-07 00:00:00
1232,77,16,53,16,,,2026-04-07 00:00:00
1233,78,1,4,1,,,2026-04-07 00:00:00
1234,78,2,7,2,,,2026-04-07 00:00:00
1235,78,3,10,3,,,2026-04-07 00:00:00
1236,78,4,13,4,,,2026-04-07 00:00:00
1237,78,5,17,5,,,2026-04-07 00:00:00
1238,78,6,20,6,,,2026-04-07 00:00:00
1239,78,7,25,7,,,2026-04-07 00:00:00
1240,78,8,28,8,,,2026-04-07 00:00:00
1241,78,9,31,9,,,2026-04-07 00:00:00
1242,78,10,34,10,,,2026-04-07 00:00:00
1243,78,11,37,11,,,2026-04-07 00:00:00
1244,78,12,40,12,,,2026-04-07 00:00:00
1245,78,13,42,13,,,2026-04-07 00:00:00
1246,78,14,46,14,,,2026-04-07 00:00:00
1247,78,15,50,15,,,2026-04-07 00:00:00
1248,78,16,51,16,,,2026-04-07 00:00:00
1249,79,1,4,1,,,2026-04-07 00:00:00
1250,79,2,7,2,,,2026-04-07 00:00:00
1251,79,3,10,3,,,2026-04-07 00:00:00
1252,79,4,13,4,,,2026-04-07 00:00:00
1253,79,5,17,5,,,2026-04-07 00:00:00
1254,79,6,20,6,,,2026-04-07 00:00:00
1255,79,7,25,7,,,2026-04-07 00:00:00
1256,79,8,28,8,,,2026-04-07 00:00:00
1257,79,9,31,9,,,2026-04-07 00:00:00
1258,79,10,34,10,,,2026-04-07 00:00:00
1259,79,11,37,11,,,2026-04-07 00:00:00
1260,79,12,39,12,,,2026-04-07 00:00:00
1261,79,13,42,13,,,2026-04-07 00:00:00
1262,79,14,46,14,,,2026-04-07 00:00:00
1263,79,15,50,15,,,2026-04-07 00:00:00
1264,79,16,53,16,,,2026-04-07 00:00:00
1265,80,1,4,1,,,2026-04-07 00:00:00
1266,80,2,5,2,,,2026-04-07 00:00:00
1267,80,3,10,3,,,2026-04-07 00:00:00
1268,80,4,12,4,,,2026-04-07 00:00:00
1269,80,5,15,5,,,2026-04-07 00:00:00
1270,80,6,18,6,,,2026-04-07 00:00:00
1271,80,7,25,7,,,2026-04-07 00:00:00
1272,80,8,28,8,,,2026-04-07 00:00:00
1273,80,9,30,9,,,2026-04-07 00:00:00
1274,80,10,34,10,,,2026-04-07 00:00:00
1275,80,11,37,11,,,2026-04-07 00:00:00
1276,80,12,39,12,,,2026-04-07 00:00:00
1277,80,13,42,13,,,2026-04-07 00:00:00
1278,80,14,46,14,,,2026-04-07 00:00:00
1279,80,15,50,15,,,2026-04-07 00:00:00
1280,80,16,51,16,,,2026-04-07 00:00:00
1281,81,1,4,1,,,2026-04-07 00:00:00
1282,81,2,5,2,,,2026-04-07 00:00:00
1283,81,3,10,3,,,2026-04-07 00:00:00
1284,81,4,12,4,,,2026-04-07 00:00:00
1285,81,5,15,5,,,2026-04-07 00:00:00
1286,81,6,19,6,,,2026-04-07 00:00:00
1287,81,7,25,7,,,2026-04-07 00:00:00
1288,81,8,28,8,,,2026-04-07 00:00:00
1289,81,9,29,9,,,2026-04-07 00:00:00
1290,81,10,34,10,,,2026-04-07 00:00:00
1291,81,11,37,11,,,2026-04-07 00:00:00
1292,81,12,38,12,,,2026-04-07 00:00:00
1293,81,13,42,13,,,2026-04-07 00:00:00
1294,81,14,44,14,,,2026-04-07 00:00:00
1295,81,15,50,15,,,2026-04-07 00:00:00
1296,81,16,52,16,,,2026-04-07 00:00:00
1297,82,1,4,1,,,2026-04-07 00:00:00
1298,82,2,5,2,,,2026-04-07 00:00:00
1299,82,3,8,3,,,2026-04-07 00:00:00
1300,82,4,11,4,,,2026-04-07 00:00:00
1301,82,5,17,5,,,2026-04-07 00:00:00
1302,82,6,19,6,,,2026-04-07 00:00:00
1303,82,7,24,7,,,2026-04-07 00:00:00
1304,82,8,28,8,,,2026-04-07 00:00:00
1305,82,9,29,9,,,2026-04-07 00:00:00
1306,82,10,34,10,,,2026-04-07 00:00:00
1307,82,11,37,11,,,2026-04-07 00:00:00
1308,82,12,38,12,,,2026-04-07 00:00:00
1309,82,13,42,13,,,2026-04-07 00:00:00
1310,82,14,44,14,,,2026-04-07 00:00:00
1311,82,15,50,15,,,2026-04-07 00:00:00
1312,82,16,53,16,,,2026-04-07 00:00:00
1313,83,1,4,1,,,2026-04-07 00:00:00
1314,83,2,5,2,,,2026-04-07 00:00:00
1315,83,3,10,3,,,2026-04-07 00:00:00
1316,83,4,11,4,,,2026-04-07 00:00:00
1317,83,5,17,5,,,2026-04-07 00:00:00
1318,83,6,21,6,,,2026-04-07 00:00:00
1319,83,7,25,7,,,2026-04-07 00:00:00
1320,83,8,28,8,,,2026-04-07 00:00:00
1321,83,9,30,9,,,2026-04-07 00:00:00
1322,83,10,34,10,,,2026-04-07 00:00:00
1323,83,11,37,11,,,2026-04-07 00:00:00
1324,83,12,39,12,,,2026-04-07 00:00:00
1325,83,13,42,13,,,2026-04-07 00:00:00
1326,83,14,46,14,,,2026-04-07 00:00:00
1327,83,15,50,15,,,2026-04-07 00:00:00
1328,83,16,53,16,,,2026-04-07 00:00:00
1329,84,1,4,1,,,2026-04-07 00:00:00
1330,84,2,5,2,,,2026-04-07 00:00:00
1331,84,3,9,3,,,2026-04-07 00:00:00
1332,84,4,11,4,,,2026-04-07 00:00:00
1333,84,5,17,5,,,2026-04-07 00:00:00
1334,84,6,19,6,,,2026-04-07 00:00:00
1335,84,7,24,7,,,2026-04-07 00:00:00
1336,84,8,28,8,,,2026-04-07 00:00:00
1337,84,9,29,9,,,2026-04-07 00:00:00
1338,84,10,34,10,,,2026-04-07 00:00:00
1339,84,11,37,11,,,2026-04-07 00:00:00
1340,84,12,39,12,,,2026-04-07 00:00:00
1341,84,13,42,13,,,2026-04-07 00:00:00
1342,84,14,46,14,,,2026-04-07 00:00:00
1343,84,15,50,15,,,2026-04-07 00:00:00
1344,84,16,52,16,,,2026-04-07 00:00:00
1345,85,1,3,1,,,2026-04-07 00:00:00
1346,85,2,5,2,,,2026-04-07 00:00:00
1347,85,3,9,3,,,2026-04-07 00:00:00
1348,85,4,11,4,,,2026-04-07 00:00:00
1349,85,5,14,5,,,2026-04-07 00:00:00
1350,85,6,19,6,,,2026-04-07 00:00:00
1351,85,7,25,7,,,2026-04-07 00:00:00
1352,85,8,26,8,,,2026-04-07 00:00:00
1353,85,9,29,9,,,2026-04-07 00:00:00
1354,85,10,34,10,,,2026-04-07 00:00:00
1355,85,11,37,11,,,2026-04-07 00:00:00
1356,85,12,39,12,,,2026-04-07 00:00:00
1357,85,13,42,13,,,2026-04-07 00:00:00
1358,85,14,46,14,,,2026-04-07 00:00:00
1359,85,15,50,15,,,2026-04-07 00:00:00
1360,85,16,52,16,,,2026-04-07 00:00:00
1361,86,1,3,1,,,2026-04-07 00:00:00
1362,86,2,5,2,,,2026-04-07 00:00:00
1363,86,3,8,3,,,2026-04-07 00:00:00
1364,86,4,11,4,,,2026-04-07 00:00:00
1365,86,5,14,5,,,2026-04-07 00:00:00
1366,86,6,20,6,,,2026-04-07 00:00:00
1367,86,7,25,7,,,2026-04-07 00:00:00
1368,86,8,26,8,,,2026-04-07 00:00:00
1369,86,9,29,9,,,2026-04-07 00:00:00
1370,86,10,34,10,,,2026-04-07 00:00:00
1371,86,11,37,11,,,2026-04-07 00:00:00
1372,86,12,38,12,,,2026-04-07 00:00:00
1373,86,13,42,13,,,2026-04-07 00:00:00
1374,86,14,44,14,,,2026-04-07 00:00:00
1375,86,15,50,15,,,2026-04-07 00:00:00
1376,86,16,53,16,,,2026-04-07 00:00:00
1377,87,1,4,1,,,2026-04-07 00:00:00
1378,87,2,5,2,,,2026-04-07 00:00:00
1379,87,3,10,3,,,2026-04-07 00:00:00
1380,87,4,11,4,,,2026-04-07 00:00:00
1381,87,5,14,5,,,2026-04-07 00:00:00
1382,87,6,19,6,,,2026-04-07 00:00:00
1383,87,7,25,7,,,2026-04-07 00:00:00
1384,87,8,26,8,,,2026-04-07 00:00:00
1385,87,9,30,9,,,2026-04-07 00:00:00
1386,87,10,34,10,,,2026-04-07 00:00:00
1387,87,11,37,11,,,2026-04-07 00:00:00
1388,87,12,39,12,,,2026-04-07 00:00:00
1389,87,13,42,13,,,2026-04-07 00:00:00
1390,87,14,46,14,,,2026-04-07 00:00:00
1391,87,15,50,15,,,2026-04-07 00:00:00
1392,87,16,52,16,,,2026-04-07 00:00:00
1393,88,1,4,1,,,2026-04-07 00:00:00
1394,88,2,5,2,,,2026-04-07 00:00:00
1395,88,3,8,3,,,2026-04-07 00:00:00
1396,88,4,11,4,,,2026-04-07 00:00:00
1397,88,5,14,5,,,2026-04-07 00:00:00
1398,88,6,18,6,,,2026-04-07 00:00:00
1399,88,7,25,7,,,2026-04-07 00:00:00
1400,88,8,26,8,,,2026-04-07 00:00:00
1401,88,9,29,9,,,2026-04-07 00:00:00
1402,88,10,34,10,,,2026-04-07 00:00:00
1403,88,11,37,11,,,2026-04-07 00:00:00
1404,88,12,39,12,,,2026-04-07 00:00:00
1405,88,13,42,13,,,2026-04-07 00:00:00
1406,88,14,46,14,,,2026-04-07 00:00:00
1407,88,15,50,15,,,2026-04-07 00:00:00
1408,88,16,53,16,,,2026-04-07 00:00:00
1409,89,1,4,1,,,2026-04-07 00:00:00
1410,89,2,7,2,,,2026-04-07 00:00:00
1411,89,3,9,3,,,2026-04-07 00:00:00
1412,89,4,12,4,,,2026-04-07 00:00:00
1413,89,5,14,5,,,2026-04-07 00:00:00
1414,89,6,21,6,,,2026-04-07 00:00:00
1415,89,7,25,7,,,2026-04-07 00:00:00
1416,89,8,26,8,,,2026-04-07 00:00:00
1417,89,9,29,9,,,2026-04-07 00:00:00
1418,89,10,34,10,,,2026-04-07 00:00:00
1419,89,11,37,11,,,2026-04-07 00:00:00
1420,89,12,39,12,,,2026-04-07 00:00:00
1421,89,13,42,13,,,2026-04-07 00:00:00
1422,89,14,46,14,,,2026-04-07 00:00:00
1423,89,15,50,15,,,2026-04-07 00:00:00
1424,89,16,53,16,,,2026-04-07 00:00:00
1425,90,1,4,1,,,2026-04-07 00:00:00
1426,90,2,5,2,,,2026-04-07 00:00:00
1427,90,3,10,3,,,2026-04-07 00:00:00
1428,90,4,12,4,,,2026-04-07 00:00:00
1429,90,5,14,5,,,2026-04-07 00:00:00
1430,90,6,19,6,,,2026-04-07 00:00:00
1431,90,7,25,7,,,2026-04-07 00:00:00
1432,90,8,26,8,,,2026-04-07 00:00:00
1433,90,9,30,9,,,2026-04-07 00:00:00
1434,90,10,34,10,,,2026-04-07 00:00:00
1435,90,11,37,11,,,2026-04-07 00:00:00
1436,90,12,38,12,,,2026-04-07 00:00:00
1437,90,13,42,13,,,2026-04-07 00:00:00
1438,90,14,44,14,,,2026-04-07 00:00:00
1439,90,15,50,15,,,2026-04-07 00:00:00
1440,90,16,52,16,,,2026-04-07 00:00:00
1441,91,1,4,1,,,2026-04-07 00:00:00
1442,91,2,5,2,,,2026-04-07 00:00:00
1443,91,3,10,3,,,2026-04-07 00:00:00
1444,91,4,12,4,,,2026-04-07 00:00:00
1445,91,5,14,5,,,2026-04-07 00:00:00
1446,91,6,19,6,,,2026-04-07 00:00:00
1447,91,7,25,7,,,2026-04-07 00:00:00
1448,91,8,26,8,,,2026-04-07 00:00:00
1449,91,9,30,9,,,2026-04-07 00:00:00
1450,91,10,34,10,,,2026-04-07 00:00:00
1451,91,11,37,11,,,2026-04-07 00:00:00
1452,91,12,39,12,,,2026-04-07 00:00:00
1453,91,13,42,13,,,2026-04-07 00:00:00
1454,91,14,46,14,,,2026-04-07 00:00:00
1455,91,15,50,15,,,2026-04-07 00:00:00
1456,91,16,52,16,,,2026-04-07 00:00:00
1457,92,1,4,1,,,2026-04-07 00:00:00
1458,92,2,5,2,,,2026-04-07 00:00:00
1459,92,3,10,3,,,2026-04-07 00:00:00
1460,92,4,12,4,,,2026-04-07 00:00:00
1461,92,5,14,5,,,2026-04-07 00:00:00
1462,92,6,19,6,,,2026-04-07 00:00:00
1463,92,7,25,7,,,2026-04-07 00:00:00
1464,92,8,26,8,,,2026-04-07 00:00:00
1465,92,9,30,9,,,2026-04-07 00:00:00
1466,92,10,34,10,,,2026-04-07 00:00:00
1467,92,11,37,11,,,2026-04-07 00:00:00
1468,92,12,38,12,,,2026-04-07 00:00:00
1469,92,13,42,13,,,2026-04-07 00:00:00
1470,92,14,44,14,,,2026-04-07 00:00:00
1471,92,15,50,15,,,2026-04-07 00:00:00
1472,92,16,52,16,,,2026-04-07 00:00:00
1473,93,1,4,1,,,2026-04-07 00:00:00
1474,93,2,5,2,,,2026-04-07 00:00:00
1475,93,3,10,3,,,2026-04-07 00:00:00
1476,93,4,11,4,,,2026-04-07 00:00:00
1477,93,5,17,5,,,2026-04-07 00:00:00
1478,93,6,18,6,,,2026-04-07 00:00:00
1479,93,7,25,7,,,2026-04-07 00:00:00
1480,93,8,28,8,,,2026-04-07 00:00:00
1481,93,9,31,9,,,2026-04-07 00:00:00
1482,93,10,34,10,,,2026-04-07 00:00:00
1483,93,11,37,11,,,2026-04-07 00:00:00
1484,93,12,39,12,,,2026-04-07 00:00:00
1485,93,13,42,13,,,2026-04-07 00:00:00
1486,93,14,46,14,,,2026-04-07 00:00:00
1487,93,15,50,15,,,2026-04-07 00:00:00
1488,93,16,52,16,,,2026-04-07 00:00:00
1489,94,1,4,1,,,2026-04-07 00:00:00
1490,94,2,5,2,,,2026-04-07 00:00:00
1491,94,3,8,3,,,2026-04-07 00:00:00
1492,94,4,11,4,,,2026-04-07 00:00:00
1493,94,5,14,5,,,2026-04-07 00:00:00
1494,94,6,18,6,,,2026-04-07 00:00:00
1495,94,7,25,7,,,2026-04-07 00:00:00
1496,94,8,28,8,,,2026-04-07 00:00:00
1497,94,9,29,9,,,2026-04-07 00:00:00
1498,94,10,34,10,,,2026-04-07 00:00:00
1499,94,11,37,11,,,2026-04-07 00:00:00
1500,94,12,39,12,,,2026-04-07 00:00:00
1501,94,13,42,13,,,2026-04-07 00:00:00
1502,94,14,46,14,,,2026-04-07 00:00:00
1503,94,15,50,15,,,2026-04-07 00:00:00
1504,94,16,52,16,,,2026-04-07 00:00:00
1505,95,1,4,1,,,2026-04-07 00:00:00
1506,95,2,7,2,,,2026-04-07 00:00:00
1507,95,3,10,3,,,2026-04-07 00:00:00
1508,95,4,12,4,,,2026-04-07 00:00:00
1509,95,5,17,5,,,2026-04-07 00:00:00
1510,95,6,19,6,,,2026-04-07 00:00:00
1511,95,7,25,7,,,2026-04-07 00:00:00
1512,95,8,28,8,,,2026-04-07 00:00:00
1513,95,9,30,9,,,2026-04-07 00:00:00
1514,95,10,34,10,,,2026-04-07 00:00:00
1515,95,11,37,11,,,2026-04-07 00:00:00
1516,95,12,38,12,,,2026-04-07 00:00:00
1517,95,13,42,13,,,2026-04-07 00:00:00
1518,95,14,44,14,,,2026-04-07 00:00:00
1519,95,15,50,15,,,2026-04-07 00:00:00
1520,95,16,53,16,,,2026-04-07 00:00:00
1521,96,1,4,1,,,2026-04-07 00:00:00
1522,96,2,5,2,,,2026-04-07 00:00:00
1523,96,3,9,3,,,2026-04-07 00:00:00
1524,96,4,11,4,,,2026-04-07 00:00:00
1525,96,5,15,5,,,2026-04-07 00:00:00
1526,96,6,19,6,,,2026-04-07 00:00:00
1527,96,7,25,7,,,2026-04-07 00:00:00
1528,96,8,28,8,,,2026-04-07 00:00:00
1529,96,9,29,9,,,2026-04-07 00:00:00
1530,96,10,34,10,,,2026-04-07 00:00:00
1531,96,11,37,11,,,2026-04-07 00:00:00
1532,96,12,38,12,,,2026-04-07 00:00:00
1533,96,13,42,13,,,2026-04-07 00:00:00
1534,96,14,44,14,,,2026-04-07 00:00:00
1535,96,15,50,15,,,2026-04-07 00:00:00
1536,96,16,53,16,,,2026-04-07 00:00:00
1537,97,1,4,1,,,2026-04-07 00:00:00
1538,97,2,5,2,,,2026-04-07 00:00:00
1539,97,3,8,3,,,2026-04-07 00:00:00
1540,97,4,11,4,,,2026-04-07 00:00:00
1541,97,5,14,5,,,2026-04-07 00:00:00
1542,97,6,19,6,,,2026-04-07 00:00:00
1543,97,7,25,7,,,2026-04-07 00:00:00
1544,97,8,28,8,,,2026-04-07 00:00:00
1545,97,9,29,9,,,2026-04-07 00:00:00
1546,97,10,34,10,,,2026-04-07 00:00:00
1547,97,11,37,11,,,2026-04-07 00:00:00
1548,97,12,38,12,,,2026-04-07 00:00:00
1549,97,13,42,13,,,2026-04-07 00:00:00
1550,97,14,44,14,,,2026-04-07 00:00:00
1551,97,15,50,15,,,2026-04-07 00:00:00
1552,97,16,52,16,,,2026-04-07 00:00:00
1553,98,1,4,1,,,2026-04-07 00:00:00
1554,98,2,5,2,,,2026-04-07 00:00:00
1555,98,3,10,3,,,2026-04-07 00:00:00
1556,98,4,11,4,,,2026-04-07 00:00:00
1557,98,5,17,5,,,2026-04-07 00:00:00
1558,98,6,18,6,,,2026-04-07 00:00:00
1559,98,7,25,7,,,2026-04-07 00:00:00
1560,98,8,28,8,,,2026-04-07 00:00:00
1561,98,9,29,9,,,2026-04-07 00:00:00
1562,98,10,34,10,,,2026-04-07 00:00:00
1563,98,11,37,11,,,2026-04-07 00:00:00
1564,98,12,38,12,,,2026-04-07 00:00:00
1565,98,13,42,13,,,2026-04-07 00:00:00
1566,98,14,44,14,,,2026-04-07 00:00:00
1567,98,15,50,15,,,2026-04-07 00:00:00
1568,98,16,52,16,,,2026-04-07 00:00:00
1569,99,1,4,1,,,2026-04-07 00:00:00
1570,99,2,5,2,,,2026-04-07 00:00:00
1571,99,3,8,3,,,2026-04-07 00:00:00
1572,99,4,11,4,,,2026-04-07 00:00:00
1573,99,5,16,5,,,2026-04-07 00:00:00
1574,99,6,19,6,,,2026-04-07 00:00:00
1575,99,7,25,7,,,2026-04-07 00:00:00
1576,99,8,28,8,,,2026-04-07 00:00:00
1577,99,9,29,9,,,2026-04-07 00:00:00
1578,99,10,34,10,,,2026-04-07 00:00:00
1579,99,11,37,11,,,2026-04-07 00:00:00
1580,99,12,39,12,,,2026-04-07 00:00:00
1581,99,13,42,13,,,2026-04-07 00:00:00
1582,99,14,46,14,,,2026-04-07 00:00:00
1583,99,15,50,15,,,2026-04-07 00:00:00
1584,99,16,52,16,,,2026-04-07 00:00:00
1585,100,1,4,1,,,2026-04-07 00:00:00
1586,100,2,7,2,,,2026-04-07 00:00:00
1587,100,3,8,3,,,2026-04-07 00:00:00
1588,100,4,11,4,,,2026-04-07 00:00:00
1589,100,5,14,5,,,2026-04-07 00:00:00
1590,100,6,20,6,,,2026-04-07 00:00:00
1591,100,7,24,7,,,2026-04-07 00:00:00
1592,100,8,28,8,,,2026-04-07 00:00:00
1593,100,9,29,9,,,2026-04-07 00:00:00
1594,100,10,34,10,,,2026-04-07 00:00:00
1595,100,11,37,11,,,2026-04-07 00:00:00
1596,100,12,39,12,,,2026-04-07 00:00:00
1597,100,13,42,13,,,2026-04-07 00:00:00
1598,100,14,46,14,,,2026-04-07 00:00:00
1599,100,15,50,15,,,2026-04-07 00:00:00
1600,100,16,52,16,,,2026-04-07 00:00:00
1601,101,1,3,1,,,2026-04-07 00:00:00
1602,101,2,5,2,,,2026-04-07 00:00:00
1603,101,3,8,3,,,2026-04-07 00:00:00
1604,101,4,11,4,,,2026-04-07 00:00:00
1605,101,5,16,5,,,2026-04-07 00:00:00
1606,101,6,18,6,,,2026-04-07 00:00:00
1607,101,7,25,7,,,2026-04-07 00:00:00
1608,101,8,28,8,,,2026-04-07 00:00:00
1609,101,9,29,9,,,2026-04-07 00:00:00
1610,101,10,34,10,,,2026-04-07 00:00:00
1611,101,11,37,11,,,2026-04-07 00:00:00
1612,101,12,38,12,,,2026-04-07 00:00:00
1613,101,13,42,13,,,2026-04-07 00:00:00
1614,101,14,44,14,,,2026-04-07 00:00:00
1615,101,15,50,15,,,2026-04-07 00:00:00
1616,101,16,53,16,,,2026-04-07 00:00:00
1617,102,1,4,1,,,2026-04-07 00:00:00
1618,102,2,5,2,,,2026-04-07 00:00:00
1619,102,3,9,3,,,2026-04-07 00:00:00
1620,102,4,11,4,,,2026-04-07 00:00:00
1621,102,5,17,5,,,2026-04-07 00:00:00
1622,102,6,20,6,,,2026-04-07 00:00:00
1623,102,7,25,7,,,2026-04-07 00:00:00
1624,102,8,28,8,,,2026-04-07 00:00:00
1625,102,9,29,9,,,2026-04-07 00:00:00
1626,102,10,34,10,,,2026-04-07 00:00:00
1627,102,11,37,11,,,2026-04-07 00:00:00
1628,102,12,39,12,,,2026-04-07 00:00:00
1629,102,13,42,13,,,2026-04-07 00:00:00
1630,102,14,46,14,,,2026-04-07 00:00:00
1631,102,15,50,15,,,2026-04-07 00:00:00
1632,102,16,52,16,,,2026-04-07 00:00:00
1633,103,1,4,1,,,2026-04-07 00:00:00
1634,103,2,5,2,,,2026-04-07 00:00:00
1635,103,3,10,3,,,2026-04-07 00:00:00
1636,103,4,11,4,,,2026-04-07 00:00:00
1637,103,5,17,5,,,2026-04-07 00:00:00
1638,103,6,21,6,,,2026-04-07 00:00:00
1639,103,7,25,7,,,2026-04-07 00:00:00
1640,103,8,28,8,,,2026-04-07 00:00:00
1641,103,9,30,9,,,2026-04-07 00:00:00
1642,103,10,34,10,,,2026-04-07 00:00:00
1643,103,11,37,11,,,2026-04-07 00:00:00
1644,103,12,39,12,,,2026-04-07 00:00:00
1645,103,13,42,13,,,2026-04-07 00:00:00
1646,103,14,46,14,,,2026-04-07 00:00:00
1647,103,15,50,15,,,2026-04-07 00:00:00
1648,103,16,53,16,,,2026-04-07 00:00:00
1649,104,1,4,1,,,2026-04-07 00:00:00
1650,104,2,5,2,,,2026-04-07 00:00:00
1651,104,3,10,3,,,2026-04-07 00:00:00
1652,104,4,12,4,,,2026-04-07 00:00:00
1653,104,5,17,5,,,2026-04-07 00:00:00
1654,104,6,19,6,,,2026-04-07 00:00:00
1655,104,7,25,7,,,2026-04-07 00:00:00
1656,104,8,28,8,,,2026-04-07 00:00:00
1657,104,9,31,9,,,2026-04-07 00:00:00
1658,104,10,34,10,,,2026-04-07 00:00:00
1659,104,11,37,11,,,2026-04-07 00:00:00
1660,104,12,38,12,,,2026-04-07 00:00:00
1661,104,13,42,13,,,2026-04-07 00:00:00
1662,104,14,44,14,,,2026-04-07 00:00:00
1663,104,15,50,15,,,2026-04-07 00:00:00
1664,104,16,52,16,,,2026-04-07 00:00:00
1665,105,1,4,1,,,2026-04-07 00:00:00
1666,105,2,5,2,,,2026-04-07 00:00:00
1667,105,3,10,3,,,2026-04-07 00:00:00
1668,105,4,11,4,,,2026-04-07 00:00:00
1669,105,5,17,5,,,2026-04-07 00:00:00
1670,105,6,19,6,,,2026-04-07 00:00:00
1671,105,7,25,7,,,2026-04-07 00:00:00
1672,105,8,28,8,,,2026-04-07 00:00:00
1673,105,9,29,9,,,2026-04-07 00:00:00
1674,105,10,34,10,,,2026-04-07 00:00:00
1675,105,11,37,11,,,2026-04-07 00:00:00
1676,105,12,38,12,,,2026-04-07 00:00:00
1677,105,13,42,13,,,2026-04-07 00:00:00
1678,105,14,44,14,,,2026-04-07 00:00:00
1679,105,15,50,15,,,2026-04-07 00:00:00
1680,105,16,52,16,,,2026-04-07 00:00:00
1681,106,1,4,1,,,2026-04-07 00:00:00
1682,106,2,5,2,,,2026-04-07 00:00:00
1683,106,3,9,3,,,2026-04-07 00:00:00
1684,106,4,11,4,,,2026-04-07 00:00:00
1685,106,5,17,5,,,2026-04-07 00:00:00
1686,106,6,19,6,,,2026-04-07 00:00:00
1687,106,7,25,7,,,2026-04-07 00:00:00
1688,106,8,28,8,,,2026-04-07 00:00:00
1689,106,9,29,9,,,2026-04-07 00:00:00
1690,106,10,34,10,,,2026-04-07 00:00:00
1691,106,11,37,11,,,2026-04-07 00:00:00
1692,106,12,38,12,,,2026-04-07 00:00:00
1693,106,13,42,13,,,2026-04-07 00:00:00
1694,106,14,44,14,,,2026-04-07 00:00:00
1695,106,15,50,15,,,2026-04-07 00:00:00
1696,106,16,52,16,,,2026-04-07 00:00:00
1697,107,1,4,1,,,2026-04-07 00:00:00
1698,107,2,5,2,,,2026-04-07 00:00:00
1699,107,3,10,3,,,2026-04-07 00:00:00
1700,107,4,12,4,,,2026-04-07 00:00:00
1701,107,5,17,5,,,2026-04-07 00:00:00
1702,107,6,20,6,,,2026-04-07 00:00:00
1703,107,7,25,7,,,2026-04-07 00:00:00
1704,107,8,28,8,,,2026-04-07 00:00:00
1705,107,9,30,9,,,2026-04-07 00:00:00
1706,107,10,34,10,,,2026-04-07 00:00:00
1707,107,11,37,11,,,2026-04-07 00:00:00
1708,107,12,39,12,,,2026-04-07 00:00:00
1709,107,13,42,13,,,2026-04-07 00:00:00
1710,107,14,46,14,,,2026-04-07 00:00:00
1711,107,15,50,15,,,2026-04-07 00:00:00
1712,107,16,52,16,,,2026-04-07 00:00:00
1713,108,1,4,1,,,2026-04-07 00:00:00
1714,108,2,5,2,,,2026-04-07 00:00:00
1715,108,3,9,3,,,2026-04-07 00:00:00
1716,108,4,12,4,,,2026-04-07 00:00:00
1717,108,5,17,5,,,2026-04-07 00:00:00
1718,108,6,18,6,,,2026-04-07 00:00:00
1719,108,7,25,7,,,2026-04-07 00:00:00
1720,108,8,28,8,,,2026-04-07 00:00:00
1721,108,9,30,9,,,2026-04-07 00:00:00
1722,108,10,34,10,,,2026-04-07 00:00:00
1723,108,11,37,11,,,2026-04-07 00:00:00
1724,108,12,38,12,,,2026-04-07 00:00:00
1725,108,13,42,13,,,2026-04-07 00:00:00
1726,108,14,44,14,,,2026-04-07 00:00:00
1727,108,15,50,15,,,2026-04-07 00:00:00
1728,108,16,53,16,,,2026-04-07 00:00:00
1729,109,1,3,1,,,2026-04-07 00:00:00
1730,109,2,5,2,,,2026-04-07 00:00:00
1731,109,3,10,3,,,2026-04-07 00:00:00
1732,109,4,11,4,,,2026-04-07 00:00:00
1733,109,5,17,5,,,2026-04-07 00:00:00
1734,109,6,18,6,,,2026-04-07 00:00:00
1735,109,7,25,7,,,2026-04-07 00:00:00
1736,109,8,28,8,,,2026-04-07 00:00:00
1737,109,9,29,9,,,2026-04-07 00:00:00
1738,109,10,34,10,,,2026-04-07 00:00:00
1739,109,11,37,11,,,2026-04-07 00:00:00
1740,109,12,38,12,,,2026-04-07 00:00:00
1741,109,13,42,13,,,2026-04-07 00:00:00
1742,109,14,44,14,,,2026-04-07 00:00:00
1743,109,15,50,15,,,2026-04-07 00:00:00
1744,109,16,53,16,,,2026-04-07 00:00:00
1745,110,1,4,1,,,2026-04-07 00:00:00
1746,110,2,5,2,,,2026-04-07 00:00:00
1747,110,3,8,3,,,2026-04-07 00:00:00
1748,110,4,11,4,,,2026-04-07 00:00:00
1749,110,5,16,5,,,2026-04-07 00:00:00
1750,110,6,18,6,,,2026-04-07 00:00:00
1751,110,7,25,7,,,2026-04-07 00:00:00
1752,110,8,28,8,,,2026-04-07 00:00:00
1753,110,9,29,9,,,2026-04-07 00:00:00
1754,110,10,33,10,,,2026-04-07 00:00:00
1755,110,11,37,11,,,2026-04-07 00:00:00
1756,110,12,38,12,,,2026-04-07 00:00:00
1757,110,13,42,13,,,2026-04-07 00:00:00
1758,110,14,44,14,,,2026-04-07 00:00:00
1759,110,15,50,15,,,2026-04-07 00:00:00
1760,110,16,53,16,,,2026-04-07 00:00:00
1761,111,1,4,1,,,2026-04-07 00:00:00
1762,111,2,5,2,,,2026-04-07 00:00:00
1763,111,3,10,3,,,2026-04-07 00:00:00
1764,111,4,11,4,,,2026-04-07 00:00:00
1765,111,5,17,5,,,2026-04-07 00:00:00
1766,111,6,18,6,,,2026-04-07 00:00:00
1767,111,7,25,7,,,2026-04-07 00:00:00
1768,111,8,28,8,,,2026-04-07 00:00:00
1769,111,9,29,9,,,2026-04-07 00:00:00
1770,111,10,34,10,,,2026-04-07 00:00:00
1771,111,11,37,11,,,2026-04-07 00:00:00
1772,111,12,39,12,,,2026-04-07 00:00:00
1773,111,13,42,13,,,2026-04-07 00:00:00
1774,111,14,46,14,,,2026-04-07 00:00:00
1775,111,15,50,15,,,2026-04-07 00:00:00
1776,111,16,53,16,,,2026-04-07 00:00:00
1777,112,1,4,1,,,2026-04-07 00:00:00
1778,112,2,5,2,,,2026-04-07 00:00:00
1779,112,3,8,3,,,2026-04-07 00:00:00
1780,112,4,11,4,,,2026-04-07 00:00:00
1781,112,5,16,5,,,2026-04-07 00:00:00
1782,112,6,21,6,,,2026-04-07 00:00:00
1783,112,7,25,7,,,2026-04-07 00:00:00
1784,112,8,28,8,,,2026-04-07 00:00:00
1785,112,9,29,9,,,2026-04-07 00:00:00
1786,112,10,34,10,,,2026-04-07 00:00:00
1787,112,11,37,11,,,2026-04-07 00:00:00
1788,112,12,38,12,,,2026-04-07 00:00:00
1789,112,13,42,13,,,2026-04-07 00:00:00
1790,112,14,44,14,,,2026-04-07 00:00:00
1791,112,15,50,15,,,2026-04-07 00:00:00
1792,112,16,52,16,,,2026-04-07 00:00:00
1793,113,1,3,1,,,2026-04-07 00:00:00
1794,113,2,5,2,,,2026-04-07 00:00:00
1795,113,3,8,3,,,2026-04-07 00:00:00
1796,113,4,11,4,,,2026-04-07 00:00:00
1797,113,5,14,5,,,2026-04-07 00:00:00
1798,113,6,18,6,,,2026-04-07 00:00:00
1799,113,7,25,7,,,2026-04-07 00:00:00
1800,113,8,28,8,,,2026-04-07 00:00:00
1801,113,9,29,9,,,2026-04-07 00:00:00
1802,113,10,33,10,,,2026-04-07 00:00:00
1803,113,11,37,11,,,2026-04-07 00:00:00
1804,113,12,38,12,,,2026-04-07 00:00:00
1805,113,13,42,13,,,2026-04-07 00:00:00
1806,113,14,44,14,,,2026-04-07 00:00:00
1807,113,15,50,15,,,2026-04-07 00:00:00
1808,113,16,53,16,,,2026-04-07 00:00:00
1809,114,1,4,1,,,2026-04-07 00:00:00
1810,114,2,5,2,,,2026-04-07 00:00:00
1811,114,3,10,3,,,2026-04-07 00:00:00
1812,114,4,11,4,,,2026-04-07 00:00:00
1813,114,5,17,5,,,2026-04-07 00:00:00
1814,114,6,18,6,,,2026-04-07 00:00:00
1815,114,7,25,7,,,2026-04-07 00:00:00
1816,114,8,28,8,,,2026-04-07 00:00:00
1817,114,9,30,9,,,2026-04-07 00:00:00
1818,114,10,34,10,,,2026-04-07 00:00:00
1819,114,11,37,11,,,2026-04-07 00:00:00
1820,114,12,39,12,,,2026-04-07 00:00:00
1821,114,13,42,13,,,2026-04-07 00:00:00
1822,114,14,46,14,,,2026-04-07 00:00:00
1823,114,15,50,15,,,2026-04-07 00:00:00
1824,114,16,52,16,,,2026-04-07 00:00:00
1825,115,1,3,1,,,2026-04-07 00:00:00
1826,115,2,5,2,,,2026-04-07 00:00:00
1827,115,3,10,3,,,2026-04-07 00:00:00
1828,115,4,11,4,,,2026-04-07 00:00:00
1829,115,5,17,5,,,2026-04-07 00:00:00
1830,115,6,18,6,,,2026-04-07 00:00:00
1831,115,7,25,7,,,2026-04-07 00:00:00
1832,115,8,28,8,,,2026-04-07 00:00:00
1833,115,9,29,9,,,2026-04-07 00:00:00
1834,115,10,34,10,,,2026-04-07 00:00:00
1835,115,11,37,11,,,2026-04-07 00:00:00
1836,115,12,38,12,,,2026-04-07 00:00:00
1837,115,13,42,13,,,2026-04-07 00:00:00
1838,115,14,44,14,,,2026-04-07 00:00:00
1839,115,15,50,15,,,2026-04-07 00:00:00
1840,115,16,53,16,,,2026-04-07 00:00:00
1841,116,1,4,1,,,2026-04-07 00:00:00
1842,116,2,5,2,,,2026-04-07 00:00:00
1843,116,3,9,3,,,2026-04-07 00:00:00
1844,116,4,11,4,,,2026-04-07 00:00:00
1845,116,5,17,5,,,2026-04-07 00:00:00
1846,116,6,18,6,,,2026-04-07 00:00:00
1847,116,7,25,7,,,2026-04-07 00:00:00
1848,116,8,28,8,,,2026-04-07 00:00:00
1849,116,9,29,9,,,2026-04-07 00:00:00
1850,116,10,34,10,,,2026-04-07 00:00:00
1851,116,11,37,11,,,2026-04-07 00:00:00
1852,116,12,39,12,,,2026-04-07 00:00:00
1853,116,13,42,13,,,2026-04-07 00:00:00
1854,116,14,46,14,,,2026-04-07 00:00:00
1855,116,15,50,15,,,2026-04-07 00:00:00
1856,116,16,52,16,,,2026-04-07 00:00:00
1857,117,1,4,1,,,2026-04-07 00:00:00
1858,117,2,5,2,,,2026-04-07 00:00:00
1859,117,3,8,3,,,2026-04-07 00:00:00
1860,117,4,11,4,,,2026-04-07 00:00:00
1861,117,5,17,5,,,2026-04-07 00:00:00
1862,117,6,18,6,,,2026-04-07 00:00:00
1863,117,7,24,7,,,2026-04-07 00:00:00
1864,117,8,28,8,,,2026-04-07 00:00:00
1865,117,9,30,9,,,2026-04-07 00:00:00
1866,117,10,34,10,,,2026-04-07 00:00:00
1867,117,11,37,11,,,2026-04-07 00:00:00
1868,117,12,39,12,,,2026-04-07 00:00:00
1869,117,13,42,13,,,2026-04-07 00:00:00
1870,117,14,46,14,,,2026-04-07 00:00:00
1871,117,15,50,15,,,2026-04-07 00:00:00
1872,117,16,52,16,,,2026-04-07 00:00:00
1873,118,1,4,1,,,2026-04-07 00:00:00
1874,118,2,5,2,,,2026-04-07 00:00:00
1875,118,3,8,3,,,2026-04-07 00:00:00
1876,118,4,11,4,,,2026-04-07 00:00:00
1877,118,5,17,5,,,2026-04-07 00:00:00
1878,118,6,18,6,,,2026-04-07 00:00:00
1879,118,7,25,7,,,2026-04-07 00:00:00
1880,118,8,28,8,,,2026-04-07 00:00:00
1881,118,9,30,9,,,2026-04-07 00:00:00
1882,118,10,34,10,,,2026-04-07 00:00:00
1883,118,11,37,11,,,2026-04-07 00:00:00
1884,118,12,38,12,,,2026-04-07 00:00:00
1885,118,13,42,13,,,2026-04-07 00:00:00
1886,118,14,44,14,,,2026-04-07 00:00:00
1887,118,15,50,15,,,2026-04-07 00:00:00
1888,118,16,53,16,,,2026-04-07 00:00:00
1889,119,1,4,1,,,2026-04-07 00:00:00
1890,119,2,5,2,,,2026-04-07 00:00:00
1891,119,3,8,3,,,2026-04-07 00:00:00
1892,119,4,11,4,,,2026-04-07 00:00:00
1893,119,5,16,5,,,2026-04-07 00:00:00
1894,119,6,18,6,,,2026-04-07 00:00:00
1895,119,7,25,7,,,2026-04-07 00:00:00
1896,119,8,28,8,,,2026-04-07 00:00:00
1897,119,9,29,9,,,2026-04-07 00:00:00
1898,119,10,34,10,,,2026-04-07 00:00:00
1899,119,11,37,11,,,2026-04-07 00:00:00
1900,119,12,38,12,,,2026-04-07 00:00:00
1901,119,13,42,13,,,2026-04-07 00:00:00
1902,119,14,44,14,,,2026-04-07 00:00:00
1903,119,15,50,15,,,2026-04-07 00:00:00
1904,119,16,53,16,,,2026-04-07 00:00:00
1905,120,1,4,1,,,2026-04-07 00:00:00
1906,120,2,5,2,,,2026-04-07 00:00:00
1907,120,3,9,3,,,2026-04-07 00:00:00
1908,120,4,11,4,,,2026-04-07 00:00:00
1909,120,5,17,5,,,2026-04-07 00:00:00
1910,120,6,19,6,,,2026-04-07 00:00:00
1911,120,7,25,7,,,2026-04-07 00:00:00
1912,120,8,28,8,,,2026-04-07 00:00:00
1913,120,9,29,9,,,2026-04-07 00:00:00
1914,120,10,34,10,,,2026-04-07 00:00:00
1915,120,11,37,11,,,2026-04-07 00:00:00
1916,120,12,39,12,,,2026-04-07 00:00:00
1917,120,13,42,13,,,2026-04-07 00:00:00
1918,120,14,46,14,,,2026-04-07 00:00:00
1919,120,15,50,15,,,2026-04-07 00:00:00
1920,120,16,52,16,,,2026-04-07 00:00:00
1921,121,1,4,1,,,2026-04-07 00:00:00
1922,121,2,5,2,,,2026-04-07 00:00:00
1923,121,3,10,3,,,2026-04-07 00:00:00
1924,121,4,12,4,,,2026-04-07 00:00:00
1925,121,5,17,5,,,2026-04-07 00:00:00
1926,121,6,20,6,,,2026-04-07 00:00:00
1927,121,7,24,7,,,2026-04-07 00:00:00
1928,121,8,28,8,,,2026-04-07 00:00:00
1929,121,9,30,9,,,2026-04-07 00:00:00
1930,121,10,34,10,,,2026-04-07 00:00:00
1931,121,11,37,11,,,2026-04-07 00:00:00
1932,121,12,38,12,,,2026-04-07 00:00:00
1933,121,13,42,13,,,2026-04-07 00:00:00
1934,121,14,44,14,,,2026-04-07 00:00:00
1935,121,15,50,15,,,2026-04-07 00:00:00
1936,121,16,52,16,,,2026-04-07 00:00:00
1937,122,1,4,1,,,2026-04-07 00:00:00
1938,122,2,5,2,,,2026-04-07 00:00:00
1939,122,3,10,3,,,2026-04-07 00:00:00
1940,122,4,11,4,,,2026-04-07 00:00:00
1941,122,5,17,5,,,2026-04-07 00:00:00
1942,122,6,20,6,,,2026-04-07 00:00:00
1943,122,7,23,7,,,2026-04-07 00:00:00
1944,122,8,28,8,,,2026-04-07 00:00:00
1945,122,9,29,9,,,2026-04-07 00:00:00
1946,122,10,34,10,,,2026-04-07 00:00:00
1947,122,11,37,11,,,2026-04-07 00:00:00
1948,122,12,38,12,,,2026-04-07 00:00:00
1949,122,13,42,13,,,2026-04-07 00:00:00
1950,122,14,44,14,,,2026-04-07 00:00:00
1951,122,15,50,15,,,2026-04-07 00:00:00
1952,122,16,52,16,,,2026-04-07 00:00:00
1953,123,1,4,1,,,2026-04-07 00:00:00
1954,123,2,5,2,,,2026-04-07 00:00:00
1955,123,3,8,3,,,2026-04-07 00:00:00
1956,123,4,11,4,,,2026-04-07 00:00:00
1957,123,5,17,5,,,2026-04-07 00:00:00
1958,123,6,18,6,,,2026-04-07 00:00:00
1959,123,7,25,7,,,2026-04-07 00:00:00
1960,123,8,28,8,,,2026-04-07 00:00:00
1961,123,9,29,9,,,2026-04-07 00:00:00
1962,123,10,34,10,,,2026-04-07 00:00:00
1963,123,11,37,11,,,2026-04-07 00:00:00
1964,123,12,39,12,,,2026-04-07 00:00:00
1965,123,13,42,13,,,2026-04-07 00:00:00
1966,123,14,46,14,,,2026-04-07 00:00:00
1967,123,15,50,15,,,2026-04-07 00:00:00
1968,123,16,52,16,,,2026-04-07 00:00:00
1969,124,1,4,1,,,2026-04-07 00:00:00
1970,124,2,5,2,,,2026-04-07 00:00:00
1971,124,3,8,3,,,2026-04-07 00:00:00
1972,124,4,11,4,,,2026-04-07 00:00:00
1973,124,5,17,5,,,2026-04-07 00:00:00
1974,124,6,18,6,,,2026-04-07 00:00:00
1975,124,7,25,7,,,2026-04-07 00:00:00
1976,124,8,28,8,,,2026-04-07 00:00:00
1977,124,9,30,9,,,2026-04-07 00:00:00
1978,124,10,34,10,,,2026-04-07 00:00:00
1979,124,11,37,11,,,2026-04-07 00:00:00
1980,124,12,38,12,,,2026-04-07 00:00:00
1981,124,13,42,13,,,2026-04-07 00:00:00
1982,124,14,44,14,,,2026-04-07 00:00:00
1983,124,15,50,15,,,2026-04-07 00:00:00
1984,124,16,52,16,,,2026-04-07 00:00:00
1985,125,1,4,1,,,2026-04-07 00:00:00
1986,125,2,5,2,,,2026-04-07 00:00:00
1987,125,3,10,3,,,2026-04-07 00:00:00
1988,125,4,11,4,,,2026-04-07 00:00:00
1989,125,5,17,5,,,2026-04-07 00:00:00
1990,125,6,18,6,,,2026-04-07 00:00:00
1991,125,7,25,7,,,2026-04-07 00:00:00
1992,125,8,28,8,,,2026-04-07 00:00:00
1993,125,9,30,9,,,2026-04-07 00:00:00
1994,125,10,34,10,,,2026-04-07 00:00:00
1995,125,11,37,11,,,2026-04-07 00:00:00
1996,125,12,38,12,,,2026-04-07 00:00:00
1997,125,13,42,13,,,2026-04-07 00:00:00
1998,125,14,44,14,,,2026-04-07 00:00:00
1999,125,15,50,15,,,2026-04-07 00:00:00
2000,125,16,52,16,,,2026-04-07 00:00:00
2001,126,1,4,1,,,2026-04-07 00:00:00
2002,126,2,5,2,,,2026-04-07 00:00:00
2003,126,3,10,3,,,2026-04-07 00:00:00
2004,126,4,12,4,,,2026-04-07 00:00:00
2005,126,5,17,5,,,2026-04-07 00:00:00
2006,126,6,18,6,,,2026-04-07 00:00:00
2007,126,7,24,7,,,2026-04-07 00:00:00
2008,126,8,28,8,,,2026-04-07 00:00:00
2009,126,9,30,9,,,2026-04-07 00:00:00
2010,126,10,34,10,,,2026-04-07 00:00:00
2011,126,11,37,11,,,2026-04-07 00:00:00
2012,126,12,38,12,,,2026-04-07 00:00:00
2013,126,13,42,13,,,2026-04-07 00:00:00
2014,126,14,44,14,,,2026-04-07 00:00:00
2015,126,15,50,15,,,2026-04-07 00:00:00
2016,126,16,52,16,,,2026-04-07 00:00:00
2017,127,1,4,1,,,2026-04-07 00:00:00
2018,127,2,7,2,,,2026-04-07 00:00:00
2019,127,3,10,3,,,2026-04-07 00:00:00
2020,127,4,12,4,,,2026-04-07 00:00:00
2021,127,5,16,5,,,2026-04-07 00:00:00
2022,127,6,21,6,,,2026-04-07 00:00:00
2023,127,7,25,7,,,2026-04-07 00:00:00
2024,127,8,28,8,,,2026-04-07 00:00:00
2025,127,9,31,9,,,2026-04-07 00:00:00
2026,127,10,34,10,,,2026-04-07 00:00:00
2027,127,11,37,11,,,2026-04-07 00:00:00
2028,127,12,39,12,,,2026-04-07 00:00:00
2029,127,13,42,13,,,2026-04-07 00:00:00
2030,127,14,46,14,,,2026-04-07 00:00:00
2031,127,15,50,15,,,2026-04-07 00:00:00
2032,127,16,51,16,,,2026-04-07 00:00:00
2033,128,1,4,1,,,2026-04-07 00:00:00
2034,128,2,5,2,,,2026-04-07 00:00:00
2035,128,3,9,3,,,2026-04-07 00:00:00
2036,128,4,11,4,,,2026-04-07 00:00:00
2037,128,5,17,5,,,2026-04-07 00:00:00
2038,128,6,18,6,,,2026-04-07 00:00:00
2039,128,7,25,7,,,2026-04-07 00:00:00
2040,128,8,28,8,,,2026-04-07 00:00:00
2041,128,9,29,9,,,2026-04-07 00:00:00
2042,128,10,34,10,,,2026-04-07 00:00:00
2043,128,11,37,11,,,2026-04-07 00:00:00
2044,128,12,38,12,,,2026-04-07 00:00:00
2045,128,13,42,13,,,2026-04-07 00:00:00
2046,128,14,44,14,,,2026-04-07 00:00:00
2047,128,15,50,15,,,2026-04-07 00:00:00
2048,128,16,53,16,,,2026-04-07 00:00:00
2049,129,1,4,1,,,2026-04-07 00:00:00
2050,129,2,6,2,,,2026-04-07 00:00:00
2051,129,3,9,3,,,2026-04-07 00:00:00
2052,129,4,11,4,,,2026-04-07 00:00:00
2053,129,5,14,5,,,2026-04-07 00:00:00
2054,129,6,18,6,,,2026-04-07 00:00:00
2055,129,7,25,7,,,2026-04-07 00:00:00
2056,129,8,28,8,,,2026-04-07 00:00:00
2057,129,9,29,9,,,2026-04-07 00:00:00
2058,129,10,34,10,,,2026-04-07 00:00:00
2059,129,11,37,11,,,2026-04-07 00:00:00
2060,129,12,39,12,,,2026-04-07 00:00:00
2061,129,13,42,13,,,2026-04-07 00:00:00
2062,129,14,46,14,,,2026-04-07 00:00:00
2063,129,15,50,15,,,2026-04-07 00:00:00
2064,129,16,51,16,,,2026-04-07 00:00:00
2065,130,1,4,1,,,2026-04-07 00:00:00
2066,130,2,7,2,,,2026-04-07 00:00:00
2067,130,3,10,3,,,2026-04-07 00:00:00
2068,130,4,13,4,,,2026-04-07 00:00:00
2069,130,5,17,5,,,2026-04-07 00:00:00
2070,130,6,18,6,,,2026-04-07 00:00:00
2071,130,7,23,7,,,2026-04-07 00:00:00
2072,130,8,28,8,,,2026-04-07 00:00:00
2073,130,9,31,9,,,2026-04-07 00:00:00
2074,130,10,34,10,,,2026-04-07 00:00:00
2075,130,11,36,11,,,2026-04-07 00:00:00
2076,130,12,38,12,,,2026-04-07 00:00:00
2077,130,13,42,13,,,2026-04-07 00:00:00
2078,130,14,43,14,,,2026-04-07 00:00:00
2079,130,15,50,15,,,2026-04-07 00:00:00
2080,130,16,52,16,,,2026-04-07 00:00:00
2081,131,1,4,1,,,2026-04-07 00:00:00
2082,131,2,7,2,,,2026-04-07 00:00:00
2083,131,3,10,3,,,2026-04-07 00:00:00
2084,131,4,13,4,,,2026-04-07 00:00:00
2085,131,5,17,5,,,2026-04-07 00:00:00
2086,131,6,19,6,,,2026-04-07 00:00:00
2087,131,7,22,7,,,2026-04-07 00:00:00
2088,131,8,28,8,,,2026-04-07 00:00:00
2089,131,9,30,9,,,2026-04-07 00:00:00
2090,131,10,34,10,,,2026-04-07 00:00:00
2091,131,11,36,11,,,2026-04-07 00:00:00
2092,131,12,38,12,,,2026-04-07 00:00:00
2093,131,13,42,13,,,2026-04-07 00:00:00
2094,131,14,44,14,,,2026-04-07 00:00:00
2095,131,15,50,15,,,2026-04-07 00:00:00
2096,131,16,52,16,,,2026-04-07 00:00:00
2097,132,1,4,1,,,2026-04-07 00:00:00
2098,132,2,7,2,,,2026-04-07 00:00:00
2099,132,3,10,3,,,2026-04-07 00:00:00
2100,132,4,13,4,,,2026-04-07 00:00:00
2101,132,5,17,5,,,2026-04-07 00:00:00
2102,132,6,21,6,,,2026-04-07 00:00:00
2103,132,7,25,7,,,2026-04-07 00:00:00
2104,132,8,28,8,,,2026-04-07 00:00:00
2105,132,9,31,9,,,2026-04-07 00:00:00
2106,132,10,34,10,,,2026-04-07 00:00:00
2107,132,11,37,11,,,2026-04-07 00:00:00
2108,132,12,40,12,,,2026-04-07 00:00:00
2109,132,13,42,13,,,2026-04-07 00:00:00
2110,132,14,43,14,,,2026-04-07 00:00:00
2111,132,15,50,15,,,2026-04-07 00:00:00
2112,132,16,51,16,,,2026-04-07 00:00:00
2113,133,1,4,1,,,2026-04-07 00:00:00
2114,133,2,7,2,,,2026-04-07 00:00:00
2115,133,3,10,3,,,2026-04-07 00:00:00
2116,133,4,13,4,,,2026-04-07 00:00:00
2117,133,5,17,5,,,2026-04-07 00:00:00
2118,133,6,21,6,,,2026-04-07 00:00:00
2119,133,7,25,7,,,2026-04-07 00:00:00
2120,133,8,27,8,,,2026-04-07 00:00:00
2121,133,9,31,9,,,2026-04-07 00:00:00
2122,133,10,34,10,,,2026-04-07 00:00:00
2123,133,11,37,11,,,2026-04-07 00:00:00
2124,133,12,39,12,,,2026-04-07 00:00:00
2125,133,13,42,13,,,2026-04-07 00:00:00
2126,133,14,43,14,,,2026-04-07 00:00:00
2127,133,15,50,15,,,2026-04-07 00:00:00
2128,133,16,51,16,,,2026-04-07 00:00:00
2129,134,1,4,1,,,2026-04-07 00:00:00
2130,134,2,5,2,,,2026-04-07 00:00:00
2131,134,3,10,3,,,2026-04-07 00:00:00
2132,134,4,12,4,,,2026-04-07 00:00:00
2133,134,5,15,5,,,2026-04-07 00:00:00
2134,134,6,21,6,,,2026-04-07 00:00:00
2135,134,7,25,7,,,2026-04-07 00:00:00
2136,134,8,28,8,,,2026-04-07 00:00:00
2137,134,9,30,9,,,2026-04-07 00:00:00
2138,134,10,34,10,,,2026-04-07 00:00:00
2139,134,11,37,11,,,2026-04-07 00:00:00
2140,134,12,39,12,,,2026-04-07 00:00:00
2141,134,13,42,13,,,2026-04-07 00:00:00
2142,134,14,46,14,,,2026-04-07 00:00:00
2143,134,15,50,15,,,2026-04-07 00:00:00
2144,134,16,51,16,,,2026-04-07 00:00:00
2145,135,1,4,1,,,2026-04-07 00:00:00
2146,135,2,7,2,,,2026-04-07 00:00:00
2147,135,3,10,3,,,2026-04-07 00:00:00
2148,135,4,13,4,,,2026-04-07 00:00:00
2149,135,5,17,5,,,2026-04-07 00:00:00
2150,135,6,21,6,,,2026-04-07 00:00:00
2151,135,7,25,7,,,2026-04-07 00:00:00
2152,135,8,28,8,,,2026-04-07 00:00:00
2153,135,9,31,9,,,2026-04-07 00:00:00
2154,135,10,34,10,,,2026-04-07 00:00:00
2155,135,11,37,11,,,2026-04-07 00:00:00
2156,135,12,39,12,,,2026-04-07 00:00:00
2157,135,13,42,13,,,2026-04-07 00:00:00
2158,135,14,43,14,,,2026-04-07 00:00:00
2159,135,15,50,15,,,2026-04-07 00:00:00
2160,135,16,51,16,,,2026-04-07 00:00:00
2161,136,1,4,1,,,2026-04-07 00:00:00
2162,136,2,7,2,,,2026-04-07 00:00:00
2163,136,3,10,3,,,2026-04-07 00:00:00
2164,136,4,13,4,,,2026-04-07 00:00:00
2165,136,5,17,5,,,2026-04-07 00:00:00
2166,136,6,21,6,,,2026-04-07 00:00:00
2167,136,7,25,7,,,2026-04-07 00:00:00
2168,136,8,28,8,,,2026-04-07 00:00:00
2169,136,9,31,9,,,2026-04-07 00:00:00
2170,136,10,34,10,,,2026-04-07 00:00:00
2171,136,11,37,11,,,2026-04-07 00:00:00
2172,136,12,39,12,,,2026-04-07 00:00:00
2173,136,13,42,13,,,2026-04-07 00:00:00
2174,136,14,43,14,,,2026-04-07 00:00:00
2175,136,15,50,15,,,2026-04-07 00:00:00
2176,136,16,51,16,,,2026-04-07 00:00:00
2177,137,1,4,1,,,2026-04-07 00:00:00
2178,137,2,7,2,,,2026-04-07 00:00:00
2179,137,3,10,3,,,2026-04-07 00:00:00
2180,137,4,13,4,,,2026-04-07 00:00:00
2181,137,5,17,5,,,2026-04-07 00:00:00
2182,137,6,21,6,,,2026-04-07 00:00:00
2183,137,7,25,7,,,2026-04-07 00:00:00
2184,137,8,28,8,,,2026-04-07 00:00:00
2185,137,9,31,9,,,2026-04-07 00:00:00
2186,137,10,34,10,,,2026-04-07 00:00:00
2187,137,11,37,11,,,2026-04-07 00:00:00
2188,137,12,39,12,,,2026-04-07 00:00:00
2189,137,13,42,13,,,2026-04-07 00:00:00
2190,137,14,43,14,,,2026-04-07 00:00:00
2191,137,15,50,15,,,2026-04-07 00:00:00
2192,137,16,51,16,,,2026-04-07 00:00:00
2193,138,1,4,1,,,2026-04-07 00:00:00
2194,138,2,7,2,,,2026-04-07 00:00:00
2195,138,3,10,3,,,2026-04-07 00:00:00
2196,138,4,13,4,,,2026-04-07 00:00:00
2197,138,5,17,5,,,2026-04-07 00:00:00
2198,138,6,21,6,,,2026-04-07 00:00:00
2199,138,7,25,7,,,2026-04-07 00:00:00
2200,138,8,28,8,,,2026-04-07 00:00:00
2201,138,9,31,9,,,2026-04-07 00:00:00
2202,138,10,34,10,,,2026-04-07 00:00:00
2203,138,11,37,11,,,2026-04-07 00:00:00
2204,138,12,39,12,,,2026-04-07 00:00:00
2205,138,13,42,13,,,2026-04-07 00:00:00
2206,138,14,43,14,,,2026-04-07 00:00:00
2207,138,15,50,15,,,2026-04-07 00:00:00
2208,138,16,51,16,,,2026-04-07 00:00:00
2209,139,1,4,1,,,2026-04-07 00:00:00
2210,139,2,5,2,,,2026-04-07 00:00:00
2211,139,3,10,3,,,2026-04-07 00:00:00
2212,139,4,11,4,,,2026-04-07 00:00:00
2213,139,5,15,5,,,2026-04-07 00:00:00
2214,139,6,21,6,,,2026-04-07 00:00:00
2215,139,7,25,7,,,2026-04-07 00:00:00
2216,139,8,28,8,,,2026-04-07 00:00:00
2217,139,9,30,9,,,2026-04-07 00:00:00
2218,139,10,34,10,,,2026-04-07 00:00:00
2219,139,11,37,11,,,2026-04-07 00:00:00
2220,139,12,39,12,,,2026-04-07 00:00:00
2221,139,13,42,13,,,2026-04-07 00:00:00
2222,139,14,46,14,,,2026-04-07 00:00:00
2223,139,15,50,15,,,2026-04-07 00:00:00
2224,139,16,51,16,,,2026-04-07 00:00:00
2225,140,1,4,1,,,2026-04-07 00:00:00
2226,140,2,7,2,,,2026-04-07 00:00:00
2227,140,3,10,3,,,2026-04-07 00:00:00
2228,140,4,13,4,,,2026-04-07 00:00:00
2229,140,5,17,5,,,2026-04-07 00:00:00
2230,140,6,21,6,,,2026-04-07 00:00:00
2231,140,7,25,7,,,2026-04-07 00:00:00
2232,140,8,28,8,,,2026-04-07 00:00:00
2233,140,9,31,9,,,2026-04-07 00:00:00
2234,140,10,34,10,,,2026-04-07 00:00:00
2235,140,11,37,11,,,2026-04-07 00:00:00
2236,140,12,39,12,,,2026-04-07 00:00:00
2237,140,13,42,13,,,2026-04-07 00:00:00
2238,140,14,43,14,,,2026-04-07 00:00:00
2239,140,15,50,15,,,2026-04-07 00:00:00
2240,140,16,51,16,,,2026-04-07 00:00:00
2241,141,1,4,1,,,2026-04-07 00:00:00
2242,141,2,7,2,,,2026-04-07 00:00:00
2243,141,3,10,3,,,2026-04-07 00:00:00
2244,141,4,13,4,,,2026-04-07 00:00:00
2245,141,5,17,5,,,2026-04-07 00:00:00
2246,141,6,21,6,,,2026-04-07 00:00:00
2247,141,7,25,7,,,2026-04-07 00:00:00
2248,141,8,28,8,,,2026-04-07 00:00:00
2249,141,9,31,9,,,2026-04-07 00:00:00
2250,141,10,34,10,,,2026-04-07 00:00:00
2251,141,11,37,11,,,2026-04-07 00:00:00
2252,141,12,39,12,,,2026-04-07 00:00:00
2253,141,13,42,13,,,2026-04-07 00:00:00
2254,141,14,43,14,,,2026-04-07 00:00:00
2255,141,15,50,15,,,2026-04-07 00:00:00
2256,141,16,51,16,,,2026-04-07 00:00:00
2257,142,1,4,1,,,2026-04-07 00:00:00
2258,142,2,7,2,,,2026-04-07 00:00:00
2259,142,3,10,3,,,2026-04-07 00:00:00
2260,142,4,13,4,,,2026-04-07 00:00:00
2261,142,5,17,5,,,2026-04-07 00:00:00
2262,142,6,18,6,,,2026-04-07 00:00:00
2263,142,7,25,7,,,2026-04-07 00:00:00
2264,142,8,28,8,,,2026-04-07 00:00:00
2265,142,9,30,9,,,2026-04-07 00:00:00
2266,142,10,34,10,,,2026-04-07 00:00:00
2267,142,11,37,11,,,2026-04-07 00:00:00
2268,142,12,39,12,,,2026-04-07 00:00:00
2269,142,13,42,13,,,2026-04-07 00:00:00
2270,142,14,43,14,,,2026-04-07 00:00:00
2271,142,15,50,15,,,2026-04-07 00:00:00
2272,142,16,51,16,,,2026-04-07 00:00:00
2273,143,1,4,1,,,2026-04-07 00:00:00
2274,143,2,6,2,,,2026-04-07 00:00:00
2275,143,3,10,3,,,2026-04-07 00:00:00
2276,143,4,12,4,,,2026-04-07 00:00:00
2277,143,5,17,5,,,2026-04-07 00:00:00
2278,143,6,18,6,,,2026-04-07 00:00:00
2279,143,7,25,7,,,2026-04-07 00:00:00
2280,143,8,28,8,,,2026-04-07 00:00:00
2281,143,9,31,9,,,2026-04-07 00:00:00
2282,143,10,34,10,,,2026-04-07 00:00:00
2283,143,11,37,11,,,2026-04-07 00:00:00
2284,143,12,38,12,,,2026-04-07 00:00:00
2285,143,13,42,13,,,2026-04-07 00:00:00
2286,143,14,44,14,,,2026-04-07 00:00:00
2287,143,15,50,15,,,2026-04-07 00:00:00
2288,143,16,52,16,,,2026-04-07 00:00:00
2289,144,1,4,1,,,2026-04-07 00:00:00
2290,144,2,5,2,,,2026-04-07 00:00:00
2291,144,3,10,3,,,2026-04-07 00:00:00
2292,144,4,12,4,,,2026-04-07 00:00:00
2293,144,5,17,5,,,2026-04-07 00:00:00
2294,144,6,18,6,,,2026-04-07 00:00:00
2295,144,7,25,7,,,2026-04-07 00:00:00
2296,144,8,28,8,,,2026-04-07 00:00:00
2297,144,9,31,9,,,2026-04-07 00:00:00
2298,144,10,34,10,,,2026-04-07 00:00:00
2299,144,11,37,11,,,2026-04-07 00:00:00
2300,144,12,38,12,,,2026-04-07 00:00:00
2301,144,13,42,13,,,2026-04-07 00:00:00
2302,144,14,44,14,,,2026-04-07 00:00:00
2303,144,15,50,15,,,2026-04-07 00:00:00
2304,144,16,52,16,,,2026-04-07 00:00:00
2305,145,1,4,1,,,2026-04-07 00:00:00
2306,145,2,6,2,,,2026-04-07 00:00:00
2307,145,3,10,3,,,2026-04-07 00:00:00
2308,145,4,13,4,,,2026-04-07 00:00:00
2309,145,5,17,5,,,2026-04-07 00:00:00
2310,145,6,21,6,,,2026-04-07 00:00:00
2311,145,7,22,7,,,2026-04-07 00:00:00
2312,145,8,28,8,,,2026-04-07 00:00:00
2313,145,9,31,9,,,2026-04-07 00:00:00
2314,145,10,34,10,,,2026-04-07 00:00:00
2315,145,11,37,11,,,2026-04-07 00:00:00
2316,145,12,39,12,,,2026-04-07 00:00:00
2317,145,13,42,13,,,2026-04-07 00:00:00
2318,145,14,46,14,,,2026-04-07 00:00:00
2319,145,15,50,15,,,2026-04-07 00:00:00
2320,145,16,51,16,,,2026-04-07 00:00:00
2321,146,1,4,1,,,2026-04-07 00:00:00
2322,146,2,5,2,,,2026-04-07 00:00:00
2323,146,3,10,3,,,2026-04-07 00:00:00
2324,146,4,13,4,,,2026-04-07 00:00:00
2325,146,5,17,5,,,2026-04-07 00:00:00
2326,146,6,21,6,,,2026-04-07 00:00:00
2327,146,7,25,7,,,2026-04-07 00:00:00
2328,146,8,28,8,,,2026-04-07 00:00:00
2329,146,9,31,9,,,2026-04-07 00:00:00
2330,146,10,34,10,,,2026-04-07 00:00:00
2331,146,11,37,11,,,2026-04-07 00:00:00
2332,146,12,38,12,,,2026-04-07 00:00:00
2333,146,13,42,13,,,2026-04-07 00:00:00
2334,146,14,44,14,,,2026-04-07 00:00:00
2335,146,15,50,15,,,2026-04-07 00:00:00
2336,146,16,53,16,,,2026-04-07 00:00:00
2337,147,1,4,1,,,2026-04-07 00:00:00
2338,147,2,6,2,,,2026-04-07 00:00:00
2339,147,3,10,3,,,2026-04-07 00:00:00
2340,147,4,13,4,,,2026-04-07 00:00:00
2341,147,5,17,5,,,2026-04-07 00:00:00
2342,147,6,20,6,,,2026-04-07 00:00:00
2343,147,7,25,7,,,2026-04-07 00:00:00
2344,147,8,28,8,,,2026-04-07 00:00:00
2345,147,9,31,9,,,2026-04-07 00:00:00
2346,147,10,34,10,,,2026-04-07 00:00:00
2347,147,11,37,11,,,2026-04-07 00:00:00
2348,147,12,38,12,,,2026-04-07 00:00:00
2349,147,13,42,13,,,2026-04-07 00:00:00
2350,147,14,44,14,,,2026-04-07 00:00:00
2351,147,15,50,15,,,2026-04-07 00:00:00
2352,147,16,52,16,,,2026-04-07 00:00:00
2353,148,1,4,1,,,2026-04-07 00:00:00
2354,148,2,6,2,,,2026-04-07 00:00:00
2355,148,3,10,3,,,2026-04-07 00:00:00
2356,148,4,13,4,,,2026-04-07 00:00:00
2357,148,5,17,5,,,2026-04-07 00:00:00
2358,148,6,20,6,,,2026-04-07 00:00:00
2359,148,7,22,7,,,2026-04-07 00:00:00
2360,148,8,28,8,,,2026-04-07 00:00:00
2361,148,9,31,9,,,2026-04-07 00:00:00
2362,148,10,33,10,,,2026-04-07 00:00:00
2363,148,11,37,11,,,2026-04-07 00:00:00
2364,148,12,39,12,,,2026-04-07 00:00:00
2365,148,13,42,13,,,2026-04-07 00:00:00
2366,148,14,46,14,,,2026-04-07 00:00:00
2367,148,15,50,15,,,2026-04-07 00:00:00
2368,148,16,52,16,,,2026-04-07 00:00:00
2369,149,1,4,1,,,2026-04-07 00:00:00
2370,149,2,5,2,,,2026-04-07 00:00:00
2371,149,3,10,3,,,2026-04-07 00:00:00
2372,149,4,11,4,,,2026-04-07 00:00:00
2373,149,5,17,5,,,2026-04-07 00:00:00
2374,149,6,19,6,,,2026-04-07 00:00:00
2375,149,7,25,7,,,2026-04-07 00:00:00
2376,149,8,28,8,,,2026-04-07 00:00:00
2377,149,9,30,9,,,2026-04-07 00:00:00
2378,149,10,34,10,,,2026-04-07 00:00:00
2379,149,11,37,11,,,2026-04-07 00:00:00
2380,149,12,38,12,,,2026-04-07 00:00:00
2381,149,13,42,13,,,2026-04-07 00:00:00
2382,149,14,44,14,,,2026-04-07 00:00:00
2383,149,15,50,15,,,2026-04-07 00:00:00
2384,149,16,51,16,,,2026-04-07 00:00:00
2385,150,1,4,1,,,2026-04-07 00:00:00
2386,150,2,5,2,,,2026-04-07 00:00:00
2387,150,3,10,3,,,2026-04-07 00:00:00
2388,150,4,11,4,,,2026-04-07 00:00:00
2389,150,5,17,5,,,2026-04-07 00:00:00
2390,150,6,21,6,,,2026-04-07 00:00:00
2391,150,7,25,7,,,2026-04-07 00:00:00
2392,150,8,28,8,,,2026-04-07 00:00:00
2393,150,9,31,9,,,2026-04-07 00:00:00
2394,150,10,34,10,,,2026-04-07 00:00:00
2395,150,11,37,11,,,2026-04-07 00:00:00
2396,150,12,38,12,,,2026-04-07 00:00:00
2397,150,13,42,13,,,2026-04-07 00:00:00
2398,150,14,44,14,,,2026-04-07 00:00:00
2399,150,15,50,15,,,2026-04-07 00:00:00
2400,150,16,53,16,,,2026-04-07 00:00:00
2401,151,1,4,1,,,2026-04-07 00:00:00
2402,151,2,5,2,,,2026-04-07 00:00:00
2403,151,3,10,3,,,2026-04-07 00:00:00
2404,151,4,13,4,,,2026-04-07 00:00:00
2405,151,5,17,5,,,2026-04-07 00:00:00
2406,151,6,19,6,,,2026-04-07 00:00:00
2407,151,7,25,7,,,2026-04-07 00:00:00
2408,151,8,28,8,,,2026-04-07 00:00:00
2409,151,9,31,9,,,2026-04-07 00:00:00
2410,151,10,34,10,,,2026-04-07 00:00:00
2411,151,11,37,11,,,2026-04-07 00:00:00
2412,151,12,38,12,,,2026-04-07 00:00:00
2413,151,13,42,13,,,2026-04-07 00:00:00
2414,151,14,44,14,,,2026-04-07 00:00:00
2415,151,15,50,15,,,2026-04-07 00:00:00
2416,151,16,51,16,,,2026-04-07 00:00:00
2417,152,1,4,1,,,2026-04-07 00:00:00
2418,152,2,5,2,,,2026-04-07 00:00:00
2419,152,3,10,3,,,2026-04-07 00:00:00
2420,152,4,11,4,,,2026-04-07 00:00:00
2421,152,5,17,5,,,2026-04-07 00:00:00
2422,152,6,21,6,,,2026-04-07 00:00:00
2423,152,7,25,7,,,2026-04-07 00:00:00
2424,152,8,28,8,,,2026-04-07 00:00:00
2425,152,9,30,9,,,2026-04-07 00:00:00
2426,152,10,34,10,,,2026-04-07 00:00:00
2427,152,11,37,11,,,2026-04-07 00:00:00
2428,152,12,38,12,,,2026-04-07 00:00:00
2429,152,13,42,13,,,2026-04-07 00:00:00
2430,152,14,44,14,,,2026-04-07 00:00:00
2431,152,15,50,15,,,2026-04-07 00:00:00
2432,152,16,53,16,,,2026-04-07 00:00:00
2433,153,1,4,1,,,2026-04-07 00:00:00
2434,153,2,6,2,,,2026-04-07 00:00:00
2435,153,3,10,3,,,2026-04-07 00:00:00
2436,153,4,13,4,,,2026-04-07 00:00:00
2437,153,5,17,5,,,2026-04-07 00:00:00
2438,153,6,19,6,,,2026-04-07 00:00:00
2439,153,7,25,7,,,2026-04-07 00:00:00
2440,153,8,28,8,,,2026-04-07 00:00:00
2441,153,9,30,9,,,2026-04-07 00:00:00
2442,153,10,34,10,,,2026-04-07 00:00:00
2443,153,11,37,11,,,2026-04-07 00:00:00
2444,153,12,38,12,,,2026-04-07 00:00:00
2445,153,13,42,13,,,2026-04-07 00:00:00
2446,153,14,44,14,,,2026-04-07 00:00:00
2447,153,15,50,15,,,2026-04-07 00:00:00
2448,153,16,52,16,,,2026-04-07 00:00:00
2449,154,1,4,1,,,2026-04-07 00:00:00
2450,154,2,5,2,,,2026-04-07 00:00:00
2451,154,3,10,3,,,2026-04-07 00:00:00
2452,154,4,13,4,,,2026-04-07 00:00:00
2453,154,5,17,5,,,2026-04-07 00:00:00
2454,154,6,19,6,,,2026-04-07 00:00:00
2455,154,7,25,7,,,2026-04-07 00:00:00
2456,154,8,28,8,,,2026-04-07 00:00:00
2457,154,9,30,9,,,2026-04-07 00:00:00
2458,154,10,34,10,,,2026-04-07 00:00:00
2459,154,11,37,11,,,2026-04-07 00:00:00
2460,154,12,39,12,,,2026-04-07 00:00:00
2461,154,13,42,13,,,2026-04-07 00:00:00
2462,154,14,46,14,,,2026-04-07 00:00:00
2463,154,15,50,15,,,2026-04-07 00:00:00
2464,154,16,52,16,,,2026-04-07 00:00:00
2465,155,1,4,1,,,2026-04-07 00:00:00
2466,155,2,5,2,,,2026-04-07 00:00:00
2467,155,3,10,3,,,2026-04-07 00:00:00
2468,155,4,13,4,,,2026-04-07 00:00:00
2469,155,5,17,5,,,2026-04-07 00:00:00
2470,155,6,18,6,,,2026-04-07 00:00:00
2471,155,7,25,7,,,2026-04-07 00:00:00
2472,155,8,28,8,,,2026-04-07 00:00:00
2473,155,9,31,9,,,2026-04-07 00:00:00
2474,155,10,34,10,,,2026-04-07 00:00:00
2475,155,11,37,11,,,2026-04-07 00:00:00
2476,155,12,38,12,,,2026-04-07 00:00:00
2477,155,13,42,13,,,2026-04-07 00:00:00
2478,155,14,44,14,,,2026-04-07 00:00:00
2479,155,15,50,15,,,2026-04-07 00:00:00
2480,155,16,52,16,,,2026-04-07 00:00:00
2481,156,1,4,1,,,2026-04-07 00:00:00
2482,156,2,6,2,,,2026-04-07 00:00:00
2483,156,3,10,3,,,2026-04-07 00:00:00
2484,156,4,13,4,,,2026-04-07 00:00:00
2485,156,5,17,5,,,2026-04-07 00:00:00
2486,156,6,21,6,,,2026-04-07 00:00:00
2487,156,7,22,7,,,2026-04-07 00:00:00
2488,156,8,28,8,,,2026-04-07 00:00:00
2489,156,9,31,9,,,2026-04-07 00:00:00
2490,156,10,34,10,,,2026-04-07 00:00:00
2491,156,11,37,11,,,2026-04-07 00:00:00
2492,156,12,39,12,,,2026-04-07 00:00:00
2493,156,13,42,13,,,2026-04-07 00:00:00
2494,156,14,46,14,,,2026-04-07 00:00:00
2495,156,15,50,15,,,2026-04-07 00:00:00
2496,156,16,51,16,,,2026-04-07 00:00:00
2497,157,1,4,1,,,2026-04-07 00:00:00
2498,157,2,5,2,,,2026-04-07 00:00:00
2499,157,3,9,3,,,2026-04-07 00:00:00
2500,157,4,11,4,,,2026-04-07 00:00:00
2501,157,5,17,5,,,2026-04-07 00:00:00
2502,157,6,18,6,,,2026-04-07 00:00:00
2503,157,7,25,7,,,2026-04-07 00:00:00
2504,157,8,28,8,,,2026-04-07 00:00:00
2505,157,9,29,9,,,2026-04-07 00:00:00
2506,157,10,33,10,,,2026-04-07 00:00:00
2507,157,11,37,11,,,2026-04-07 00:00:00
2508,157,12,38,12,,,2026-04-07 00:00:00
2509,157,13,42,13,,,2026-04-07 00:00:00
2510,157,14,44,14,,,2026-04-07 00:00:00
2511,157,15,50,15,,,2026-04-07 00:00:00
2512,157,16,53,16,,,2026-04-07 00:00:00
2513,159,1,4,1,,,2026-04-07 00:00:00
2514,159,2,6,2,,,2026-04-07 00:00:00
2515,159,3,10,3,,,2026-04-07 00:00:00
2516,159,4,13,4,,,2026-04-07 00:00:00
2517,159,5,17,5,,,2026-04-07 00:00:00
2518,159,6,19,6,,,2026-04-07 00:00:00
2519,159,7,25,7,,,2026-04-07 00:00:00
2520,159,8,28,8,,,2026-04-07 00:00:00
2521,159,9,31,9,,,2026-04-07 00:00:00
2522,159,10,34,10,,,2026-04-07 00:00:00
2523,159,11,37,11,,,2026-04-07 00:00:00
2524,159,12,38,12,,,2026-04-07 00:00:00
2525,159,13,42,13,,,2026-04-07 00:00:00
2526,159,14,44,14,,,2026-04-07 00:00:00
2527,159,15,50,15,,,2026-04-07 00:00:00
2528,159,16,52,16,,,2026-04-07 00:00:00
2529,160,1,4,1,,,2026-04-07 00:00:00
2530,160,2,5,2,,,2026-04-07 00:00:00
2531,160,3,9,3,,,2026-04-07 00:00:00
2532,160,4,11,4,,,2026-04-07 00:00:00
2533,160,5,17,5,,,2026-04-07 00:00:00
2534,160,6,18,6,,,2026-04-07 00:00:00
2535,160,7,25,7,,,2026-04-07 00:00:00
2536,160,8,28,8,,,2026-04-07 00:00:00
2537,160,9,30,9,,,2026-04-07 00:00:00
2538,160,10,34,10,,,2026-04-07 00:00:00
2539,160,11,37,11,,,2026-04-07 00:00:00
2540,160,12,38,12,,,2026-04-07 00:00:00
2541,160,13,42,13,,,2026-04-07 00:00:00
2542,160,14,44,14,,,2026-04-07 00:00:00
2543,160,15,50,15,,,2026-04-07 00:00:00
2544,160,16,53,16,,,2026-04-07 00:00:00
2545,161,1,4,1,,,2026-04-07 00:00:00
2546,161,2,5,2,,,2026-04-07 00:00:00
2547,161,3,9,3,,,2026-04-07 00:00:00
2548,161,4,11,4,,,2026-04-07 00:00:00
2549,161,5,17,5,,,2026-04-07 00:00:00
2550,161,6,19,6,,,2026-04-07 00:00:00
2551,161,7,25,7,,,2026-04-07 00:00:00
2552,161,8,28,8,,,2026-04-07 00:00:00
2553,161,9,30,9,,,2026-04-07 00:00:00
2554,161,10,34,10,,,2026-04-07 00:00:00
2555,161,11,37,11,,,2026-04-07 00:00:00
2556,161,12,38,12,,,2026-04-07 00:00:00
2557,161,13,42,13,,,2026-04-07 00:00:00
2558,161,14,44,14,,,2026-04-07 00:00:00
2559,161,15,50,15,,,2026-04-07 00:00:00
2560,161,16,53,16,,,2026-04-07 00:00:00
2561,162,1,4,1,,,2026-04-07 00:00:00
2562,162,2,5,2,,,2026-04-07 00:00:00
2563,162,3,10,3,,,2026-04-07 00:00:00
2564,162,4,11,4,,,2026-04-07 00:00:00
2565,162,5,17,5,,,2026-04-07 00:00:00
2566,162,6,19,6,,,2026-04-07 00:00:00
2567,162,7,25,7,,,2026-04-07 00:00:00
2568,162,8,28,8,,,2026-04-07 00:00:00
2569,162,9,30,9,,,2026-04-07 00:00:00
2570,162,10,33,10,,,2026-04-07 00:00:00
2571,162,11,37,11,,,2026-04-07 00:00:00
2572,162,12,38,12,,,2026-04-07 00:00:00
2573,162,13,42,13,,,2026-04-07 00:00:00
2574,162,14,44,14,,,2026-04-07 00:00:00
2575,162,15,50,15,,,2026-04-07 00:00:00
2576,162,16,53,16,,,2026-04-07 00:00:00
2577,163,1,4,1,,,2026-04-07 00:00:00
2578,163,2,5,2,,,2026-04-07 00:00:00
2579,163,3,9,3,,,2026-04-07 00:00:00
2580,163,4,12,4,,,2026-04-07 00:00:00
2581,163,5,17,5,,,2026-04-07 00:00:00
2582,163,6,18,6,,,2026-04-07 00:00:00
2583,163,7,25,7,,,2026-04-07 00:00:00
2584,163,8,28,8,,,2026-04-07 00:00:00
2585,163,9,30,9,,,2026-04-07 00:00:00
2586,163,10,34,10,,,2026-04-07 00:00:00
2587,163,11,37,11,,,2026-04-07 00:00:00
2588,163,12,38,12,,,2026-04-07 00:00:00
2589,163,13,42,13,,,2026-04-07 00:00:00
2590,163,14,44,14,,,2026-04-07 00:00:00
2591,163,15,50,15,,,2026-04-07 00:00:00
2592,163,16,51,16,,,2026-04-07 00:00:00
2593,164,1,4,1,,,2026-04-07 00:00:00
2594,164,2,5,2,,,2026-04-07 00:00:00
2595,164,3,10,3,,,2026-04-07 00:00:00
2596,164,4,13,4,,,2026-04-07 00:00:00
2597,164,5,17,5,,,2026-04-07 00:00:00
2598,164,6,18,6,,,2026-04-07 00:00:00
2599,164,7,25,7,,,2026-04-07 00:00:00
2600,164,8,28,8,,,2026-04-07 00:00:00
2601,164,9,30,9,,,2026-04-07 00:00:00
2602,164,10,34,10,,,2026-04-07 00:00:00
2603,164,11,37,11,,,2026-04-07 00:00:00
2604,164,12,38,12,,,2026-04-07 00:00:00
2605,164,13,42,13,,,2026-04-07 00:00:00
2606,164,14,44,14,,,2026-04-07 00:00:00
2607,164,15,50,15,,,2026-04-07 00:00:00
2608,164,16,52,16,,,2026-04-07 00:00:00
2609,165,1,4,1,,,2026-04-07 00:00:00
2610,165,2,5,2,,,2026-04-07 00:00:00
2611,165,3,10,3,,,2026-04-07 00:00:00
2612,165,4,12,4,,,2026-04-07 00:00:00
2613,165,5,17,5,,,2026-04-07 00:00:00
2614,165,6,18,6,,,2026-04-07 00:00:00
2615,165,7,25,7,,,2026-04-07 00:00:00
2616,165,8,28,8,,,2026-04-07 00:00:00
2617,165,9,30,9,,,2026-04-07 00:00:00
2618,165,10,34,10,,,2026-04-07 00:00:00
2619,165,11,37,11,,,2026-04-07 00:00:00
2620,165,12,39,12,,,2026-04-07 00:00:00
2621,165,13,42,13,,,2026-04-07 00:00:00
2622,165,14,46,14,,,2026-04-07 00:00:00
2623,165,15,50,15,,,2026-04-07 00:00:00
2624,165,16,52,16,,,2026-04-07 00:00:00
2625,166,1,4,1,,,2026-04-07 00:00:00
2626,166,2,5,2,,,2026-04-07 00:00:00
2627,166,3,10,3,,,2026-04-07 00:00:00
2628,166,4,11,4,,,2026-04-07 00:00:00
2629,166,5,17,5,,,2026-04-07 00:00:00
2630,166,6,18,6,,,2026-04-07 00:00:00
2631,166,7,25,7,,,2026-04-07 00:00:00
2632,166,8,28,8,,,2026-04-07 00:00:00
2633,166,9,29,9,,,2026-04-07 00:00:00
2634,166,10,34,10,,,2026-04-07 00:00:00
2635,166,11,37,11,,,2026-04-07 00:00:00
2636,166,12,38,12,,,2026-04-07 00:00:00
2637,166,13,42,13,,,2026-04-07 00:00:00
2638,166,14,44,14,,,2026-04-07 00:00:00
2639,166,15,50,15,,,2026-04-07 00:00:00
2640,166,16,52,16,,,2026-04-07 00:00:00
2641,167,1,4,1,,,2026-04-07 00:00:00
2642,167,2,6,2,,,2026-04-07 00:00:00
2643,167,3,10,3,,,2026-04-07 00:00:00
2644,167,4,13,4,,,2026-04-07 00:00:00
2645,167,5,17,5,,,2026-04-07 00:00:00
2646,167,6,19,6,,,2026-04-07 00:00:00
2647,167,7,25,7,,,2026-04-07 00:00:00
2648,167,8,28,8,,,2026-04-07 00:00:00
2649,167,9,31,9,,,2026-04-07 00:00:00
2650,167,10,34,10,,,2026-04-07 00:00:00
2651,167,11,37,11,,,2026-04-07 00:00:00
2652,167,12,39,12,,,2026-04-07 00:00:00
2653,167,13,42,13,,,2026-04-07 00:00:00
2654,167,14,46,14,,,2026-04-07 00:00:00
2655,167,15,50,15,,,2026-04-07 00:00:00
2656,167,16,51,16,,,2026-04-07 00:00:00
2657,168,1,4,1,,,2026-04-07 00:00:00
2658,168,2,5,2,,,2026-04-07 00:00:00
2659,168,3,10,3,,,2026-04-07 00:00:00
2660,168,4,13,4,,,2026-04-07 00:00:00
2661,168,5,17,5,,,2026-04-07 00:00:00
2662,168,6,19,6,,,2026-04-07 00:00:00
2663,168,7,25,7,,,2026-04-07 00:00:00
2664,168,8,28,8,,,2026-04-07 00:00:00
2665,168,9,30,9,,,2026-04-07 00:00:00
2666,168,10,34,10,,,2026-04-07 00:00:00
2667,168,11,37,11,,,2026-04-07 00:00:00
2668,168,12,38,12,,,2026-04-07 00:00:00
2669,168,13,42,13,,,2026-04-07 00:00:00
2670,168,14,44,14,,,2026-04-07 00:00:00
2671,168,15,50,15,,,2026-04-07 00:00:00
2672,168,16,53,16,,,2026-04-07 00:00:00
2673,169,1,4,1,,,2026-04-07 00:00:00
2674,169,2,5,2,,,2026-04-07 00:00:00
2675,169,3,10,3,,,2026-04-07 00:00:00
2676,169,4,12,4,,,2026-04-07 00:00:00
2677,169,5,17,5,,,2026-04-07 00:00:00
2678,169,6,19,6,,,2026-04-07 00:00:00
2679,169,7,25,7,,,2026-04-07 00:00:00
2680,169,8,28,8,,,2026-04-07 00:00:00
2681,169,9,31,9,,,2026-04-07 00:00:00
2682,169,10,34,10,,,2026-04-07 00:00:00
2683,169,11,37,11,,,2026-04-07 00:00:00
2684,169,12,38,12,,,2026-04-07 00:00:00
2685,169,13,42,13,,,2026-04-07 00:00:00
2686,169,14,44,14,,,2026-04-07 00:00:00
2687,169,15,50,15,,,2026-04-07 00:00:00
2688,169,16,52,16,,,2026-04-07 00:00:00
2689,170,1,4,1,,,2026-04-07 00:00:00
2690,170,2,6,2,,,2026-04-07 00:00:00
2691,170,3,10,3,,,2026-04-07 00:00:00
2692,170,4,11,4,,,2026-04-07 00:00:00
2693,170,5,17,5,,,2026-04-07 00:00:00
2694,170,6,19,6,,,2026-04-07 00:00:00
2695,170,7,25,7,,,2026-04-07 00:00:00
2696,170,8,28,8,,,2026-04-07 00:00:00
2697,170,9,29,9,,,2026-04-07 00:00:00
2698,170,10,34,10,,,2026-04-07 00:00:00
2699,170,11,37,11,,,2026-04-07 00:00:00
2700,170,12,38,12,,,2026-04-07 00:00:00
2701,170,13,42,13,,,2026-04-07 00:00:00
2702,170,14,44,14,,,2026-04-07 00:00:00
2703,170,15,50,15,,,2026-04-07 00:00:00
2704,170,16,52,16,,,2026-04-07 00:00:00
2705,171,1,4,1,,,2026-04-07 00:00:00
2706,171,2,5,2,,,2026-04-07 00:00:00
2707,171,3,10,3,,,2026-04-07 00:00:00
2708,171,4,12,4,,,2026-04-07 00:00:00
2709,171,5,17,5,,,2026-04-07 00:00:00
2710,171,6,18,6,,,2026-04-07 00:00:00
2711,171,7,25,7,,,2026-04-07 00:00:00
2712,171,8,28,8,,,2026-04-07 00:00:00
2713,171,9,31,9,,,2026-04-07 00:00:00
2714,171,10,34,10,,,2026-04-07 00:00:00
2715,171,11,37,11,,,2026-04-07 00:00:00
2716,171,12,38,12,,,2026-04-07 00:00:00
2717,171,13,42,13,,,2026-04-07 00:00:00
2718,171,14,44,14,,,2026-04-07 00:00:00
2719,171,15,50,15,,,2026-04-07 00:00:00
2720,171,16,51,16,,,2026-04-07 00:00:00
2721,172,1,4,1,,,2026-04-07 00:00:00
2722,172,2,7,2,,,2026-04-07 00:00:00
2723,172,3,10,3,,,2026-04-07 00:00:00
2724,172,4,13,4,,,2026-04-07 00:00:00
2725,172,5,17,5,,,2026-04-07 00:00:00
2726,172,6,20,6,,,2026-04-07 00:00:00
2727,172,7,25,7,,,2026-04-07 00:00:00
2728,172,8,28,8,,,2026-04-07 00:00:00
2729,172,9,30,9,,,2026-04-07 00:00:00
2730,172,10,34,10,,,2026-04-07 00:00:00
2731,172,11,37,11,,,2026-04-07 00:00:00
2732,172,12,39,12,,,2026-04-07 00:00:00
2733,172,13,42,13,,,2026-04-07 00:00:00
2734,172,14,46,14,,,2026-04-07 00:00:00
2735,172,15,50,15,,,2026-04-07 00:00:00
2736,172,16,51,16,,,2026-04-07 00:00:00
2737,173,1,4,1,,,2026-04-07 00:00:00
2738,173,2,5,2,,,2026-04-07 00:00:00
2739,173,3,10,3,,,2026-04-07 00:00:00
2740,173,4,12,4,,,2026-04-07 00:00:00
2741,173,5,17,5,,,2026-04-07 00:00:00
2742,173,6,18,6,,,2026-04-07 00:00:00
2743,173,7,25,7,,,2026-04-07 00:00:00
2744,173,8,28,8,,,2026-04-07 00:00:00
2745,173,9,31,9,,,2026-04-07 00:00:00
2746,173,10,34,10,,,2026-04-07 00:00:00
2747,173,11,37,11,,,2026-04-07 00:00:00
2748,173,12,38,12,,,2026-04-07 00:00:00
2749,173,13,42,13,,,2026-04-07 00:00:00
2750,173,14,44,14,,,2026-04-07 00:00:00
2751,173,15,50,15,,,2026-04-07 00:00:00
2752,173,16,51,16,,,2026-04-07 00:00:00
2753,174,1,4,1,,,2026-04-07 00:00:00
2754,174,2,5,2,,,2026-04-07 00:00:00
2755,174,3,9,3,,,2026-04-07 00:00:00
2756,174,4,11,4,,,2026-04-07 00:00:00
2757,174,5,17,5,,,2026-04-07 00:00:00
2758,174,6,21,6,,,2026-04-07 00:00:00
2759,174,7,25,7,,,2026-04-07 00:00:00
2760,174,8,28,8,,,2026-04-07 00:00:00
2761,174,9,29,9,,,2026-04-07 00:00:00
2762,174,10,34,10,,,2026-04-07 00:00:00
2763,174,11,37,11,,,2026-04-07 00:00:00
2764,174,12,38,12,,,2026-04-07 00:00:00
2765,174,13,42,13,,,2026-04-07 00:00:00
2766,174,14,44,14,,,2026-04-07 00:00:00
2767,174,15,50,15,,,2026-04-07 00:00:00
2768,174,16,53,16,,,2026-04-07 00:00:00
2769,175,1,4,1,,,2026-04-07 00:00:00
2770,175,2,5,2,,,2026-04-07 00:00:00
2771,175,3,9,3,,,2026-04-07 00:00:00
2772,175,4,12,4,,,2026-04-07 00:00:00
2773,175,5,17,5,,,2026-04-07 00:00:00
2774,175,6,18,6,,,2026-04-07 00:00:00
2775,175,7,25,7,,,2026-04-07 00:00:00
2776,175,8,28,8,,,2026-04-07 00:00:00
2777,175,9,30,9,,,2026-04-07 00:00:00
2778,175,10,34,10,,,2026-04-07 00:00:00
2779,175,11,37,11,,,2026-04-07 00:00:00
2780,175,12,38,12,,,2026-04-07 00:00:00
2781,175,13,42,13,,,2026-04-07 00:00:00
2782,175,14,44,14,,,2026-04-07 00:00:00
2783,175,15,50,15,,,2026-04-07 00:00:00
2784,175,16,52,16,,,2026-04-07 00:00:00
2785,176,1,4,1,,,2026-04-07 00:00:00
2786,176,2,5,2,,,2026-04-07 00:00:00
2787,176,3,10,3,,,2026-04-07 00:00:00
2788,176,4,12,4,,,2026-04-07 00:00:00
2789,176,5,17,5,,,2026-04-07 00:00:00
2790,176,6,18,6,,,2026-04-07 00:00:00
2791,176,7,25,7,,,2026-04-07 00:00:00
2792,176,8,28,8,,,2026-04-07 00:00:00
2793,176,9,30,9,,,2026-04-07 00:00:00
2794,176,10,34,10,,,2026-04-07 00:00:00
2795,176,11,37,11,,,2026-04-07 00:00:00
2796,176,12,38,12,,,2026-04-07 00:00:00
2797,176,13,42,13,,,2026-04-07 00:00:00
2798,176,14,44,14,,,2026-04-07 00:00:00
2799,176,15,50,15,,,2026-04-07 00:00:00
2800,176,16,51,16,,,2026-04-07 00:00:00
2801,177,1,4,1,,,2026-04-07 00:00:00
2802,177,2,5,2,,,2026-04-07 00:00:00
2803,177,3,10,3,,,2026-04-07 00:00:00
2804,177,4,13,4,,,2026-04-07 00:00:00
2805,177,5,17,5,,,2026-04-07 00:00:00
2806,177,6,18,6,,,2026-04-07 00:00:00
2807,177,7,25,7,,,2026-04-07 00:00:00
2808,177,8,28,8,,,2026-04-07 00:00:00
2809,177,9,30,9,,,2026-04-07 00:00:00
2810,177,10,34,10,,,2026-04-07 00:00:00
2811,177,11,37,11,,,2026-04-07 00:00:00
2812,177,12,38,12,,,2026-04-07 00:00:00
2813,177,13,42,13,,,2026-04-07 00:00:00
2814,177,14,44,14,,,2026-04-07 00:00:00
2815,177,15,50,15,,,2026-04-07 00:00:00
2816,177,16,52,16,,,2026-04-07 00:00:00
2817,178,1,4,1,,,2026-04-07 00:00:00
2818,178,2,5,2,,,2026-04-07 00:00:00
2819,178,3,10,3,,,2026-04-07 00:00:00
2820,178,4,12,4,,,2026-04-07 00:00:00
2821,178,5,17,5,,,2026-04-07 00:00:00
2822,178,6,20,6,,,2026-04-07 00:00:00
2823,178,7,25,7,,,2026-04-07 00:00:00
2824,178,8,28,8,,,2026-04-07 00:00:00
2825,178,9,30,9,,,2026-04-07 00:00:00
2826,178,10,34,10,,,2026-04-07 00:00:00
2827,178,11,37,11,,,2026-04-07 00:00:00
2828,178,12,39,12,,,2026-04-07 00:00:00
2829,178,13,42,13,,,2026-04-07 00:00:00
2830,178,14,46,14,,,2026-04-07 00:00:00
2831,178,15,50,15,,,2026-04-07 00:00:00
2832,178,16,53,16,,,2026-04-07 00:00:00
2833,179,1,4,1,,,2026-04-07 00:00:00
2834,179,2,5,2,,,2026-04-07 00:00:00
2835,179,3,10,3,,,2026-04-07 00:00:00
2836,179,4,13,4,,,2026-04-07 00:00:00
2837,179,5,17,5,,,2026-04-07 00:00:00
2838,179,6,18,6,,,2026-04-07 00:00:00
2839,179,7,25,7,,,2026-04-07 00:00:00
2840,179,8,28,8,,,2026-04-07 00:00:00
2841,179,9,31,9,,,2026-04-07 00:00:00
2842,179,10,34,10,,,2026-04-07 00:00:00
2843,179,11,37,11,,,2026-04-07 00:00:00
2844,179,12,38,12,,,2026-04-07 00:00:00
2845,179,13,42,13,,,2026-04-07 00:00:00
2846,179,14,44,14,,,2026-04-07 00:00:00
2847,179,15,50,15,,,2026-04-07 00:00:00
2848,179,16,53,16,,,2026-04-07 00:00:00
2849,180,1,4,1,,,2026-04-07 00:00:00
2850,180,2,5,2,,,2026-04-07 00:00:00
2851,180,3,10,3,,,2026-04-07 00:00:00
2852,180,4,12,4,,,2026-04-07 00:00:00
2853,180,5,17,5,,,2026-04-07 00:00:00
2854,180,6,21,6,,,2026-04-07 00:00:00
2855,180,7,25,7,,,2026-04-07 00:00:00
2856,180,8,28,8,,,2026-04-07 00:00:00
2857,180,9,30,9,,,2026-04-07 00:00:00
2858,180,10,34,10,,,2026-04-07 00:00:00
2859,180,11,37,11,,,2026-04-07 00:00:00
2860,180,12,39,12,,,2026-04-07 00:00:00
2861,180,13,42,13,,,2026-04-07 00:00:00
2862,180,14,46,14,,,2026-04-07 00:00:00
2863,180,15,50,15,,,2026-04-07 00:00:00
2864,180,16,53,16,,,2026-04-07 00:00:00
2865,181,1,4,1,,,2026-04-07 00:00:00
2866,181,2,6,2,,,2026-04-07 00:00:00
2867,181,3,10,3,,,2026-04-07 00:00:00
2868,181,4,13,4,,,2026-04-07 00:00:00
2869,181,5,17,5,,,2026-04-07 00:00:00
2870,181,6,20,6,,,2026-04-07 00:00:00
2871,181,7,25,7,,,2026-04-07 00:00:00
2872,181,8,28,8,,,2026-04-07 00:00:00
2873,181,9,30,9,,,2026-04-07 00:00:00
2874,181,10,34,10,,,2026-04-07 00:00:00
2875,181,11,37,11,,,2026-04-07 00:00:00
2876,181,12,39,12,,,2026-04-07 00:00:00
2877,181,13,42,13,,,2026-04-07 00:00:00
2878,181,14,46,14,,,2026-04-07 00:00:00
2879,181,15,50,15,,,2026-04-07 00:00:00
2880,181,16,53,16,,,2026-04-07 00:00:00
2881,182,1,4,1,,,2026-04-07 00:00:00
2882,182,2,6,2,,,2026-04-07 00:00:00
2883,182,3,10,3,,,2026-04-07 00:00:00
2884,182,4,13,4,,,2026-04-07 00:00:00
2885,182,5,17,5,,,2026-04-07 00:00:00
2886,182,6,21,6,,,2026-04-07 00:00:00
2887,182,7,25,7,,,2026-04-07 00:00:00
2888,182,8,28,8,,,2026-04-07 00:00:00
2889,182,9,30,9,,,2026-04-07 00:00:00
2890,182,10,34,10,,,2026-04-07 00:00:00
2891,182,11,37,11,,,2026-04-07 00:00:00
2892,182,12,39,12,,,2026-04-07 00:00:00
2893,182,13,42,13,,,2026-04-07 00:00:00
2894,182,14,46,14,,,2026-04-07 00:00:00
2895,182,15,50,15,,,2026-04-07 00:00:00
2896,182,16,53,16,,,2026-04-07 00:00:00
2897,183,1,4,1,,,2026-04-07 00:00:00
2898,183,2,5,2,,,2026-04-07 00:00:00
2899,183,3,10,3,,,2026-04-07 00:00:00
2900,183,4,13,4,,,2026-04-07 00:00:00
2901,183,5,17,5,,,2026-04-07 00:00:00
2902,183,6,19,6,,,2026-04-07 00:00:00
2903,183,7,25,7,,,2026-04-07 00:00:00
2904,183,8,28,8,,,2026-04-07 00:00:00
2905,183,9,30,9,,,2026-04-07 00:00:00
2906,183,10,34,10,,,2026-04-07 00:00:00
2907,183,11,37,11,,,2026-04-07 00:00:00
2908,183,12,38,12,,,2026-04-07 00:00:00
2909,183,13,42,13,,,2026-04-07 00:00:00
2910,183,14,44,14,,,2026-04-07 00:00:00
2911,183,15,50,15,,,2026-04-07 00:00:00
2912,183,16,52,16,,,2026-04-07 00:00:00
2913,184,1,4,1,,,2026-04-07 00:00:00
2914,184,2,7,2,,,2026-04-07 00:00:00
2915,184,3,10,3,,,2026-04-07 00:00:00
2916,184,4,12,4,,,2026-04-07 00:00:00
2917,184,5,17,5,,,2026-04-07 00:00:00
2918,184,6,20,6,,,2026-04-07 00:00:00
2919,184,7,25,7,,,2026-04-07 00:00:00
2920,184,8,28,8,,,2026-04-07 00:00:00
2921,184,9,30,9,,,2026-04-07 00:00:00
2922,184,10,34,10,,,2026-04-07 00:00:00
2923,184,11,37,11,,,2026-04-07 00:00:00
2924,184,12,39,12,,,2026-04-07 00:00:00
2925,184,13,42,13,,,2026-04-07 00:00:00
2926,184,14,46,14,,,2026-04-07 00:00:00
2927,184,15,50,15,,,2026-04-07 00:00:00
2928,184,16,51,16,,,2026-04-07 00:00:00
2929,185,1,4,1,,,2026-04-07 00:00:00
2930,185,2,6,2,,,2026-04-07 00:00:00
2931,185,3,10,3,,,2026-04-07 00:00:00
2932,185,4,12,4,,,2026-04-07 00:00:00
2933,185,5,17,5,,,2026-04-07 00:00:00
2934,185,6,21,6,,,2026-04-07 00:00:00
2935,185,7,25,7,,,2026-04-07 00:00:00
2936,185,8,28,8,,,2026-04-07 00:00:00
2937,185,9,30,9,,,2026-04-07 00:00:00
2938,185,10,34,10,,,2026-04-07 00:00:00
2939,185,11,37,11,,,2026-04-07 00:00:00
2940,185,12,39,12,,,2026-04-07 00:00:00
2941,185,13,42,13,,,2026-04-07 00:00:00
2942,185,14,46,14,,,2026-04-07 00:00:00
2943,185,15,50,15,,,2026-04-07 00:00:00
2944,185,16,51,16,,,2026-04-07 00:00:00
2945,186,1,4,1,,,2026-04-07 00:00:00
2946,186,2,7,2,,,2026-04-07 00:00:00
2947,186,3,10,3,,,2026-04-07 00:00:00
2948,186,4,12,4,,,2026-04-07 00:00:00
2949,186,5,17,5,,,2026-04-07 00:00:00
2950,186,6,20,6,,,2026-04-07 00:00:00
2951,186,7,25,7,,,2026-04-07 00:00:00
2952,186,8,28,8,,,2026-04-07 00:00:00
2953,186,9,31,9,,,2026-04-07 00:00:00
2954,186,10,34,10,,,2026-04-07 00:00:00
2955,186,11,37,11,,,2026-04-07 00:00:00
2956,186,12,38,12,,,2026-04-07 00:00:00
2957,186,13,42,13,,,2026-04-07 00:00:00
2958,186,14,44,14,,,2026-04-07 00:00:00
2959,186,15,50,15,,,2026-04-07 00:00:00
2960,186,16,53,16,,,2026-04-07 00:00:00
2961,187,1,4,1,,,2026-04-07 00:00:00
2962,187,2,7,2,,,2026-04-07 00:00:00
2963,187,3,10,3,,,2026-04-07 00:00:00
2964,187,4,13,4,,,2026-04-07 00:00:00
2965,187,5,17,5,,,2026-04-07 00:00:00
2966,187,6,20,6,,,2026-04-07 00:00:00
2967,187,7,25,7,,,2026-04-07 00:00:00
2968,187,8,28,8,,,2026-04-07 00:00:00
2969,187,9,31,9,,,2026-04-07 00:00:00
2970,187,10,34,10,,,2026-04-07 00:00:00
2971,187,11,37,11,,,2026-04-07 00:00:00
2972,187,12,38,12,,,2026-04-07 00:00:00
2973,187,13,42,13,,,2026-04-07 00:00:00
2974,187,14,44,14,,,2026-04-07 00:00:00
2975,187,15,50,15,,,2026-04-07 00:00:00
2976,187,16,53,16,,,2026-04-07 00:00:00
2977,188,1,4,1,,,2026-04-07 00:00:00
2978,188,2,6,2,,,2026-04-07 00:00:00
2979,188,3,10,3,,,2026-04-07 00:00:00
2980,188,4,13,4,,,2026-04-07 00:00:00
2981,188,5,17,5,,,2026-04-07 00:00:00
2982,188,6,18,6,,,2026-04-07 00:00:00
2983,188,7,22,7,,,2026-04-07 00:00:00
2984,188,8,28,8,,,2026-04-07 00:00:00
2985,188,9,30,9,,,2026-04-07 00:00:00
2986,188,10,34,10,,,2026-04-07 00:00:00
2987,188,11,37,11,,,2026-04-07 00:00:00
2988,188,12,38,12,,,2026-04-07 00:00:00
2989,188,13,42,13,,,2026-04-07 00:00:00
2990,188,14,44,14,,,2026-04-07 00:00:00
2991,188,15,50,15,,,2026-04-07 00:00:00
2992,188,16,52,16,,,2026-04-07 00:00:00
2993,189,1,4,1,,,2026-04-07 00:00:00
2994,189,2,7,2,,,2026-04-07 00:00:00
2995,189,3,10,3,,,2026-04-07 00:00:00
2996,189,4,13,4,,,2026-04-07 00:00:00
2997,189,5,17,5,,,2026-04-07 00:00:00
2998,189,6,18,6,,,2026-04-07 00:00:00
2999,189,7,22,7,,,2026-04-07 00:00:00
3000,189,8,28,8,,,2026-04-07 00:00:00
3001,189,9,30,9,,,2026-04-07 00:00:00
3002,189,10,34,10,,,2026-04-07 00:00:00
3003,189,11,37,11,,,2026-04-07 00:00:00
3004,189,12,38,12,,,2026-04-07 00:00:00
3005,189,13,42,13,,,2026-04-07 00:00:00
3006,189,14,44,14,,,2026-04-07 00:00:00
3007,189,15,50,15,,,2026-04-07 00:00:00
3008,189,16,52,16,,,2026-04-07 00:00:00
3009,190,1,4,1,,,2026-04-07 00:00:00
3010,190,2,7,2,,,2026-04-07 00:00:00
3011,190,3,10,3,,,2026-04-07 00:00:00
3012,190,4,13,4,,,2026-04-07 00:00:00
3013,190,5,17,5,,,2026-04-07 00:00:00
3014,190,6,18,6,,,2026-04-07 00:00:00
3015,190,7,22,7,,,2026-04-07 00:00:00
3016,190,8,28,8,,,2026-04-07 00:00:00
3017,190,9,30,9,,,2026-04-07 00:00:00
3018,190,10,34,10,,,2026-04-07 00:00:00
3019,190,11,37,11,,,2026-04-07 00:00:00
3020,190,12,38,12,,,2026-04-07 00:00:00
3021,190,13,42,13,,,2026-04-07 00:00:00
3022,190,14,44,14,,,2026-04-07 00:00:00
3023,190,15,50,15,,,2026-04-07 00:00:00
3024,190,16,52,16,,,2026-04-07 00:00:00
3025,191,1,4,1,,,2026-04-07 00:00:00
3026,191,2,7,2,,,2026-04-07 00:00:00
3027,191,3,10,3,,,2026-04-07 00:00:00
3028,191,4,13,4,,,2026-04-07 00:00:00
3029,191,5,17,5,,,2026-04-07 00:00:00
3030,191,6,19,6,,,2026-04-07 00:00:00
3031,191,7,22,7,,,2026-04-07 00:00:00
3032,191,8,28,8,,,2026-04-07 00:00:00
3033,191,9,30,9,,,2026-04-07 00:00:00
3034,191,10,34,10,,,2026-04-07 00:00:00
3035,191,11,37,11,,,2026-04-07 00:00:00
3036,191,12,38,12,,,2026-04-07 00:00:00
3037,191,13,42,13,,,2026-04-07 00:00:00
3038,191,14,44,14,,,2026-04-07 00:00:00
3039,191,15,50,15,,,2026-04-07 00:00:00
3040,191,16,51,16,,,2026-04-07 00:00:00
3041,192,1,4,1,,,2026-04-07 00:00:00
3042,192,2,7,2,,,2026-04-07 00:00:00
3043,192,3,10,3,,,2026-04-07 00:00:00
3044,192,4,13,4,,,2026-04-07 00:00:00
3045,192,5,16,5,,,2026-04-07 00:00:00
3046,192,6,19,6,,,2026-04-07 00:00:00
3047,192,7,22,7,,,2026-04-07 00:00:00
3048,192,8,28,8,,,2026-04-07 00:00:00
3049,192,9,30,9,,,2026-04-07 00:00:00
3050,192,10,34,10,,,2026-04-07 00:00:00
3051,192,11,37,11,,,2026-04-07 00:00:00
3052,192,12,39,12,,,2026-04-07 00:00:00
3053,192,13,42,13,,,2026-04-07 00:00:00
3054,192,14,46,14,,,2026-04-07 00:00:00
3055,192,15,50,15,,,2026-04-07 00:00:00
3056,192,16,51,16,,,2026-04-07 00:00:00
3057,193,1,4,1,,,2026-04-07 00:00:00
3058,193,2,7,2,,,2026-04-07 00:00:00
3059,193,3,10,3,,,2026-04-07 00:00:00
3060,193,4,13,4,,,2026-04-07 00:00:00
3061,193,5,17,5,,,2026-04-07 00:00:00
3062,193,6,19,6,,,2026-04-07 00:00:00
3063,193,7,22,7,,,2026-04-07 00:00:00
3064,193,8,28,8,,,2026-04-07 00:00:00
3065,193,9,30,9,,,2026-04-07 00:00:00
3066,193,10,34,10,,,2026-04-07 00:00:00
3067,193,11,37,11,,,2026-04-07 00:00:00
3068,193,12,38,12,,,2026-04-07 00:00:00
3069,193,13,42,13,,,2026-04-07 00:00:00
3070,193,14,44,14,,,2026-04-07 00:00:00
3071,193,15,50,15,,,2026-04-07 00:00:00
3072,193,16,51,16,,,2026-04-07 00:00:00
3073,194,1,4,1,,,2026-04-07 00:00:00
3074,194,2,5,2,,,2026-04-07 00:00:00
3075,194,3,10,3,,,2026-04-07 00:00:00
3076,194,4,12,4,,,2026-04-07 00:00:00
3077,194,5,17,5,,,2026-04-07 00:00:00
3078,194,6,19,6,,,2026-04-07 00:00:00
3079,194,7,25,7,,,2026-04-07 00:00:00
3080,194,8,28,8,,,2026-04-07 00:00:00
3081,194,9,31,9,,,2026-04-07 00:00:00
3082,194,10,34,10,,,2026-04-07 00:00:00
3083,194,11,37,11,,,2026-04-07 00:00:00
3084,194,12,38,12,,,2026-04-07 00:00:00
3085,194,13,42,13,,,2026-04-07 00:00:00
3086,194,14,44,14,,,2026-04-07 00:00:00
3087,194,15,50,15,,,2026-04-07 00:00:00
3088,194,16,52,16,,,2026-04-07 00:00:00
3089,195,1,4,1,,,2026-04-07 00:00:00
3090,195,2,7,2,,,2026-04-07 00:00:00
3091,195,3,10,3,,,2026-04-07 00:00:00
3092,195,4,13,4,,,2026-04-07 00:00:00
3093,195,5,17,5,,,2026-04-07 00:00:00
3094,195,6,18,6,,,2026-04-07 00:00:00
3095,195,7,22,7,,,2026-04-07 00:00:00
3096,195,8,27,8,,,2026-04-07 00:00:00
3097,195,9,31,9,,,2026-04-07 00:00:00
3098,195,10,34,10,,,2026-04-07 00:00:00
3099,195,11,37,11,,,2026-04-07 00:00:00
3100,195,12,39,12,,,2026-04-07 00:00:00
3101,195,13,42,13,,,2026-04-07 00:00:00
3102,195,14,46,14,,,2026-04-07 00:00:00
3103,195,15,50,15,,,2026-04-07 00:00:00
3104,195,16,52,16,,,2026-04-07 00:00:00
3105,196,1,4,1,,,2026-04-07 00:00:00
3106,196,2,7,2,,,2026-04-07 00:00:00
3107,196,3,10,3,,,2026-04-07 00:00:00
3108,196,4,13,4,,,2026-04-07 00:00:00
3109,196,5,17,5,,,2026-04-07 00:00:00
3110,196,6,18,6,,,2026-04-07 00:00:00
3111,196,7,22,7,,,2026-04-07 00:00:00
3112,196,8,28,8,,,2026-04-07 00:00:00
3113,196,9,31,9,,,2026-04-07 00:00:00
3114,196,10,33,10,,,2026-04-07 00:00:00
3115,196,11,37,11,,,2026-04-07 00:00:00
3116,196,12,38,12,,,2026-04-07 00:00:00
3117,196,13,42,13,,,2026-04-07 00:00:00
3118,196,14,44,14,,,2026-04-07 00:00:00
3119,196,15,50,15,,,2026-04-07 00:00:00
3120,196,16,52,16,,,2026-04-07 00:00:00
3121,197,1,4,1,,,2026-04-07 00:00:00
3122,197,2,7,2,,,2026-04-07 00:00:00
3123,197,3,10,3,,,2026-04-07 00:00:00
3124,197,4,13,4,,,2026-04-07 00:00:00
3125,197,5,17,5,,,2026-04-07 00:00:00
3126,197,6,18,6,,,2026-04-07 00:00:00
3127,197,7,22,7,,,2026-04-07 00:00:00
3128,197,8,28,8,,,2026-04-07 00:00:00
3129,197,9,31,9,,,2026-04-07 00:00:00
3130,197,10,32,10,,,2026-04-07 00:00:00
3131,197,11,37,11,,,2026-04-07 00:00:00
3132,197,12,38,12,,,2026-04-07 00:00:00
3133,197,13,42,13,,,2026-04-07 00:00:00
3134,197,14,44,14,,,2026-04-07 00:00:00
3135,197,15,50,15,,,2026-04-07 00:00:00
3136,197,16,53,16,,,2026-04-07 00:00:00
3137,198,1,4,1,,,2026-04-07 00:00:00
3138,198,2,7,2,,,2026-04-07 00:00:00
3139,198,3,10,3,,,2026-04-07 00:00:00
3140,198,4,13,4,,,2026-04-07 00:00:00
3141,198,5,17,5,,,2026-04-07 00:00:00
3142,198,6,18,6,,,2026-04-07 00:00:00
3143,198,7,22,7,,,2026-04-07 00:00:00
3144,198,8,28,8,,,2026-04-07 00:00:00
3145,198,9,31,9,,,2026-04-07 00:00:00
3146,198,10,32,10,,,2026-04-07 00:00:00
3147,198,11,37,11,,,2026-04-07 00:00:00
3148,198,12,38,12,,,2026-04-07 00:00:00
3149,198,13,42,13,,,2026-04-07 00:00:00
3150,198,14,44,14,,,2026-04-07 00:00:00
3151,198,15,50,15,,,2026-04-07 00:00:00
3152,198,16,53,16,,,2026-04-07 00:00:00
3153,199,1,4,1,,,2026-04-07 00:00:00
3154,199,2,6,2,,,2026-04-07 00:00:00
3155,199,3,10,3,,,2026-04-07 00:00:00
3156,199,4,12,4,,,2026-04-07 00:00:00
3157,199,5,16,5,,,2026-04-07 00:00:00
3158,199,6,18,6,,,2026-04-07 00:00:00
3159,199,7,22,7,,,2026-04-07 00:00:00
3160,199,8,26,8,,,2026-04-07 00:00:00
3161,199,9,30,9,,,2026-04-07 00:00:00
3162,199,10,34,10,,,2026-04-07 00:00:00
3163,199,11,37,11,,,2026-04-07 00:00:00
3164,199,12,38,12,,,2026-04-07 00:00:00
3165,199,13,42,13,,,2026-04-07 00:00:00
3166,199,14,44,14,,,2026-04-07 00:00:00
3167,199,15,50,15,,,2026-04-07 00:00:00
3168,199,16,52,16,,,2026-04-07 00:00:00
3169,200,1,4,1,,,2026-04-07 00:00:00
3170,200,2,6,2,,,2026-04-07 00:00:00
3171,200,3,10,3,,,2026-04-07 00:00:00
3172,200,4,12,4,,,2026-04-07 00:00:00
3173,200,5,17,5,,,2026-04-07 00:00:00
3174,200,6,18,6,,,2026-04-07 00:00:00
3175,200,7,22,7,,,2026-04-07 00:00:00
3176,200,8,28,8,,,2026-04-07 00:00:00
3177,200,9,31,9,,,2026-04-07 00:00:00
3178,200,10,34,10,,,2026-04-07 00:00:00
3179,200,11,37,11,,,2026-04-07 00:00:00
3180,200,12,38,12,,,2026-04-07 00:00:00
3181,200,13,42,13,,,2026-04-07 00:00:00
3182,200,14,44,14,,,2026-04-07 00:00:00
3183,200,15,50,15,,,2026-04-07 00:00:00
3184,200,16,52,16,,,2026-04-07 00:00:00
3185,201,1,4,1,,,2026-04-07 00:00:00
3186,201,2,7,2,,,2026-04-07 00:00:00
3187,201,3,10,3,,,2026-04-07 00:00:00
3188,201,4,12,4,,,2026-04-07 00:00:00
3189,201,5,17,5,,,2026-04-07 00:00:00
3190,201,6,18,6,,,2026-04-07 00:00:00
3191,201,7,22,7,,,2026-04-07 00:00:00
3192,201,8,28,8,,,2026-04-07 00:00:00
3193,201,9,29,9,,,2026-04-07 00:00:00
3194,201,10,34,10,,,2026-04-07 00:00:00
3195,201,11,37,11,,,2026-04-07 00:00:00
3196,201,12,38,12,,,2026-04-07 00:00:00
3197,201,13,42,13,,,2026-04-07 00:00:00
3198,201,14,44,14,,,2026-04-07 00:00:00
3199,201,15,50,15,,,2026-04-07 00:00:00
3200,201,16,52,16,,,2026-04-07 00:00:00
3201,202,1,4,1,,,2026-04-07 00:00:00
3202,202,2,6,2,,,2026-04-07 00:00:00
3203,202,3,10,3,,,2026-04-07 00:00:00
3204,202,4,12,4,,,2026-04-07 00:00:00
3205,202,5,17,5,,,2026-04-07 00:00:00
3206,202,6,19,6,,,2026-04-07 00:00:00
3207,202,7,22,7,,,2026-04-07 00:00:00
3208,202,8,28,8,,,2026-04-07 00:00:00
3209,202,9,30,9,,,2026-04-07 00:00:00
3210,202,10,34,10,,,2026-04-07 00:00:00
3211,202,11,37,11,,,2026-04-07 00:00:00
3212,202,12,38,12,,,2026-04-07 00:00:00
3213,202,13,42,13,,,2026-04-07 00:00:00
3214,202,14,44,14,,,2026-04-07 00:00:00
3215,202,15,50,15,,,2026-04-07 00:00:00
3216,202,16,52,16,,,2026-04-07 00:00:00
3217,203,1,4,1,,,2026-04-07 00:00:00
3218,203,2,7,2,,,2026-04-07 00:00:00
3219,203,3,10,3,,,2026-04-07 00:00:00
3220,203,4,12,4,,,2026-04-07 00:00:00
3221,203,5,15,5,,,2026-04-07 00:00:00
3222,203,6,19,6,,,2026-04-07 00:00:00
3223,203,7,22,7,,,2026-04-07 00:00:00
3224,203,8,27,8,,,2026-04-07 00:00:00
3225,203,9,30,9,,,2026-04-07 00:00:00
3226,203,10,34,10,,,2026-04-07 00:00:00
3227,203,11,37,11,,,2026-04-07 00:00:00
3228,203,12,38,12,,,2026-04-07 00:00:00
3229,203,13,42,13,,,2026-04-07 00:00:00
3230,203,14,44,14,,,2026-04-07 00:00:00
3231,203,15,50,15,,,2026-04-07 00:00:00
3232,203,16,52,16,,,2026-04-07 00:00:00
3233,204,1,4,1,,,2026-04-07 00:00:00
3234,204,2,7,2,,,2026-04-07 00:00:00
3235,204,3,10,3,,,2026-04-07 00:00:00
3236,204,4,13,4,,,2026-04-07 00:00:00
3237,204,5,16,5,,,2026-04-07 00:00:00
3238,204,6,18,6,,,2026-04-07 00:00:00
3239,204,7,25,7,,,2026-04-07 00:00:00
3240,204,8,28,8,,,2026-04-07 00:00:00
3241,204,9,30,9,,,2026-04-07 00:00:00
3242,204,10,34,10,,,2026-04-07 00:00:00
3243,204,11,37,11,,,2026-04-07 00:00:00
3244,204,12,40,12,,,2026-04-07 00:00:00
3245,204,13,42,13,,,2026-04-07 00:00:00
3246,204,14,46,14,,,2026-04-07 00:00:00
3247,204,15,50,15,,,2026-04-07 00:00:00
3248,204,16,51,16,,,2026-04-07 00:00:00
3249,205,1,4,1,,,2026-04-07 00:00:00
3250,205,2,6,2,,,2026-04-07 00:00:00
3251,205,3,10,3,,,2026-04-07 00:00:00
3252,205,4,13,4,,,2026-04-07 00:00:00
3253,205,5,17,5,,,2026-04-07 00:00:00
3254,205,6,19,6,,,2026-04-07 00:00:00
3255,205,7,25,7,,,2026-04-07 00:00:00
3256,205,8,28,8,,,2026-04-07 00:00:00
3257,205,9,30,9,,,2026-04-07 00:00:00
3258,205,10,34,10,,,2026-04-07 00:00:00
3259,205,11,37,11,,,2026-04-07 00:00:00
3260,205,12,40,12,,,2026-04-07 00:00:00
3261,205,13,42,13,,,2026-04-07 00:00:00
3262,205,14,46,14,,,2026-04-07 00:00:00
3263,205,15,50,15,,,2026-04-07 00:00:00
3264,205,16,51,16,,,2026-04-07 00:00:00
3265,206,1,4,1,,,2026-04-07 00:00:00
3266,206,2,7,2,,,2026-04-07 00:00:00
3267,206,3,8,3,,,2026-04-07 00:00:00
3268,206,4,13,4,,,2026-04-07 00:00:00
3269,206,5,16,5,,,2026-04-07 00:00:00
3270,206,6,21,6,,,2026-04-07 00:00:00
3271,206,7,22,7,,,2026-04-07 00:00:00
3272,206,8,28,8,,,2026-04-07 00:00:00
3273,206,9,30,9,,,2026-04-07 00:00:00
3274,206,10,33,10,,,2026-04-07 00:00:00
3275,206,11,36,11,,,2026-04-07 00:00:00
3276,206,12,40,12,,,2026-04-07 00:00:00
3277,206,13,42,13,,,2026-04-07 00:00:00
3278,206,14,45,14,,,2026-04-07 00:00:00
3279,206,15,50,15,,,2026-04-07 00:00:00
3280,206,16,53,16,,,2026-04-07 00:00:00
3281,207,1,4,1,,,2026-04-07 00:00:00
3282,207,2,7,2,,,2026-04-07 00:00:00
3283,207,3,9,3,,,2026-04-07 00:00:00
3284,207,4,13,4,,,2026-04-07 00:00:00
3285,207,5,17,5,,,2026-04-07 00:00:00
3286,207,6,21,6,,,2026-04-07 00:00:00
3287,207,7,24,7,,,2026-04-07 00:00:00
3288,207,8,28,8,,,2026-04-07 00:00:00
3289,207,9,31,9,,,2026-04-07 00:00:00
3290,207,10,33,10,,,2026-04-07 00:00:00
3291,207,11,36,11,,,2026-04-07 00:00:00
3292,207,12,40,12,,,2026-04-07 00:00:00
3293,207,13,42,13,,,2026-04-07 00:00:00
3294,207,14,43,14,,,2026-04-07 00:00:00
3295,207,15,50,15,,,2026-04-07 00:00:00
3296,207,16,53,16,,,2026-04-07 00:00:00
3297,208,1,4,1,,,2026-04-07 00:00:00
3298,208,2,7,2,,,2026-04-07 00:00:00
3299,208,3,9,3,,,2026-04-07 00:00:00
3300,208,4,13,4,,,2026-04-07 00:00:00
3301,208,5,16,5,,,2026-04-07 00:00:00
3302,208,6,21,6,,,2026-04-07 00:00:00
3303,208,7,25,7,,,2026-04-07 00:00:00
3304,208,8,28,8,,,2026-04-07 00:00:00
3305,208,9,31,9,,,2026-04-07 00:00:00
3306,208,10,34,10,,,2026-04-07 00:00:00
3307,208,11,36,11,,,2026-04-07 00:00:00
3308,208,12,40,12,,,2026-04-07 00:00:00
3309,208,13,42,13,,,2026-04-07 00:00:00
3310,208,14,43,14,,,2026-04-07 00:00:00
3311,208,15,50,15,,,2026-04-07 00:00:00
3312,208,16,53,16,,,2026-04-07 00:00:00
3313,209,1,4,1,,,2026-04-07 00:00:00
3314,209,2,7,2,,,2026-04-07 00:00:00
3315,209,3,8,3,,,2026-04-07 00:00:00
3316,209,4,13,4,,,2026-04-07 00:00:00
3317,209,5,16,5,,,2026-04-07 00:00:00
3318,209,6,21,6,,,2026-04-07 00:00:00
3319,209,7,22,7,,,2026-04-07 00:00:00
3320,209,8,28,8,,,2026-04-07 00:00:00
3321,209,9,31,9,,,2026-04-07 00:00:00
3322,209,10,34,10,,,2026-04-07 00:00:00
3323,209,11,36,11,,,2026-04-07 00:00:00
3324,209,12,40,12,,,2026-04-07 00:00:00
3325,209,13,42,13,,,2026-04-07 00:00:00
3326,209,14,45,14,,,2026-04-07 00:00:00
3327,209,15,50,15,,,2026-04-07 00:00:00
3328,209,16,53,16,,,2026-04-07 00:00:00
3329,210,1,4,1,,,2026-04-07 00:00:00
3330,210,2,7,2,,,2026-04-07 00:00:00
3331,210,3,8,3,,,2026-04-07 00:00:00
3332,210,4,13,4,,,2026-04-07 00:00:00
3333,210,5,17,5,,,2026-04-07 00:00:00
3334,210,6,21,6,,,2026-04-07 00:00:00
3335,210,7,22,7,,,2026-04-07 00:00:00
3336,210,8,28,8,,,2026-04-07 00:00:00
3337,210,9,31,9,,,2026-04-07 00:00:00
3338,210,10,34,10,,,2026-04-07 00:00:00
3339,210,11,36,11,,,2026-04-07 00:00:00
3340,210,12,40,12,,,2026-04-07 00:00:00
3341,210,13,42,13,,,2026-04-07 00:00:00
3342,210,14,45,14,,,2026-04-07 00:00:00
3343,210,15,50,15,,,2026-04-07 00:00:00
3344,210,16,53,16,,,2026-04-07 00:00:00
3345,211,1,3,1,,,2026-04-07 00:00:00
3346,211,2,7,2,,,2026-04-07 00:00:00
3347,211,3,8,3,,,2026-04-07 00:00:00
3348,211,4,13,4,,,2026-04-07 00:00:00
3349,211,5,15,5,,,2026-04-07 00:00:00
3350,211,6,21,6,,,2026-04-07 00:00:00
3351,211,7,25,7,,,2026-04-07 00:00:00
3352,211,8,28,8,,,2026-04-07 00:00:00
3353,211,9,29,9,,,2026-04-07 00:00:00
3354,211,10,34,10,,,2026-04-07 00:00:00
3355,211,11,37,11,,,2026-04-07 00:00:00
3356,211,12,40,12,,,2026-04-07 00:00:00
3357,211,13,42,13,,,2026-04-07 00:00:00
3358,211,14,46,14,,,2026-04-07 00:00:00
3359,211,15,50,15,,,2026-04-07 00:00:00
3360,211,16,53,16,,,2026-04-07 00:00:00
3361,212,1,4,1,,,2026-04-07 00:00:00
3362,212,2,7,2,,,2026-04-07 00:00:00
3363,212,3,8,3,,,2026-04-07 00:00:00
3364,212,4,13,4,,,2026-04-07 00:00:00
3365,212,5,16,5,,,2026-04-07 00:00:00
3366,212,6,21,6,,,2026-04-07 00:00:00
3367,212,7,22,7,,,2026-04-07 00:00:00
3368,212,8,28,8,,,2026-04-07 00:00:00
3369,212,9,31,9,,,2026-04-07 00:00:00
3370,212,10,34,10,,,2026-04-07 00:00:00
3371,212,11,36,11,,,2026-04-07 00:00:00
3372,212,12,40,12,,,2026-04-07 00:00:00
3373,212,13,42,13,,,2026-04-07 00:00:00
3374,212,14,45,14,,,2026-04-07 00:00:00
3375,212,15,50,15,,,2026-04-07 00:00:00
3376,212,16,53,16,,,2026-04-07 00:00:00
3377,213,1,4,1,,,2026-04-07 00:00:00
3378,213,2,7,2,,,2026-04-07 00:00:00
3379,213,3,8,3,,,2026-04-07 00:00:00
3380,213,4,13,4,,,2026-04-07 00:00:00
3381,213,5,16,5,,,2026-04-07 00:00:00
3382,213,6,21,6,,,2026-04-07 00:00:00
3383,213,7,23,7,,,2026-04-07 00:00:00
3384,213,8,28,8,,,2026-04-07 00:00:00
3385,213,9,30,9,,,2026-04-07 00:00:00
3386,213,10,34,10,,,2026-04-07 00:00:00
3387,213,11,37,11,,,2026-04-07 00:00:00
3388,213,12,40,12,,,2026-04-07 00:00:00
3389,213,13,42,13,,,2026-04-07 00:00:00
3390,213,14,46,14,,,2026-04-07 00:00:00
3391,213,15,50,15,,,2026-04-07 00:00:00
3392,213,16,53,16,,,2026-04-07 00:00:00
3393,214,1,3,1,,,2026-04-07 00:00:00
3394,214,2,7,2,,,2026-04-07 00:00:00
3395,214,3,8,3,,,2026-04-07 00:00:00
3396,214,4,13,4,,,2026-04-07 00:00:00
3397,214,5,15,5,,,2026-04-07 00:00:00
3398,214,6,21,6,,,2026-04-07 00:00:00
3399,214,7,25,7,,,2026-04-07 00:00:00
3400,214,8,28,8,,,2026-04-07 00:00:00
3401,214,9,29,9,,,2026-04-07 00:00:00
3402,214,10,34,10,,,2026-04-07 00:00:00
3403,214,11,37,11,,,2026-04-07 00:00:00
3404,214,12,40,12,,,2026-04-07 00:00:00
3405,214,13,42,13,,,2026-04-07 00:00:00
3406,214,14,46,14,,,2026-04-07 00:00:00
3407,214,15,50,15,,,2026-04-07 00:00:00
3408,214,16,53,16,,,2026-04-07 00:00:00
3409,215,1,3,1,,,2026-04-07 00:00:00
3410,215,2,7,2,,,2026-04-07 00:00:00
3411,215,3,8,3,,,2026-04-07 00:00:00
3412,215,4,13,4,,,2026-04-07 00:00:00
3413,215,5,15,5,,,2026-04-07 00:00:00
3414,215,6,21,6,,,2026-04-07 00:00:00
3415,215,7,25,7,,,2026-04-07 00:00:00
3416,215,8,28,8,,,2026-04-07 00:00:00
3417,215,9,30,9,,,2026-04-07 00:00:00
3418,215,10,34,10,,,2026-04-07 00:00:00
3419,215,11,37,11,,,2026-04-07 00:00:00
3420,215,12,40,12,,,2026-04-07 00:00:00
3421,215,13,42,13,,,2026-04-07 00:00:00
3422,215,14,46,14,,,2026-04-07 00:00:00
3423,215,15,50,15,,,2026-04-07 00:00:00
3424,215,16,53,16,,,2026-04-07 00:00:00
3425,216,1,4,1,,,2026-04-07 00:00:00
3426,216,2,7,2,,,2026-04-07 00:00:00
3427,216,3,8,3,,,2026-04-07 00:00:00
3428,216,4,13,4,,,2026-04-07 00:00:00
3429,216,5,16,5,,,2026-04-07 00:00:00
3430,216,6,21,6,,,2026-04-07 00:00:00
3431,216,7,22,7,,,2026-04-07 00:00:00
3432,216,8,28,8,,,2026-04-07 00:00:00
3433,216,9,31,9,,,2026-04-07 00:00:00
3434,216,10,33,10,,,2026-04-07 00:00:00
3435,216,11,36,11,,,2026-04-07 00:00:00
3436,216,12,40,12,,,2026-04-07 00:00:00
3437,216,13,42,13,,,2026-04-07 00:00:00
3438,216,14,45,14,,,2026-04-07 00:00:00
3439,216,15,50,15,,,2026-04-07 00:00:00
3440,216,16,53,16,,,2026-04-07 00:00:00
3441,217,1,4,1,,,2026-04-07 00:00:00
3442,217,2,7,2,,,2026-04-07 00:00:00
3443,217,3,8,3,,,2026-04-07 00:00:00
3444,217,4,13,4,,,2026-04-07 00:00:00
3445,217,5,15,5,,,2026-04-07 00:00:00
3446,217,6,21,6,,,2026-04-07 00:00:00
3447,217,7,23,7,,,2026-04-07 00:00:00
3448,217,8,28,8,,,2026-04-07 00:00:00
3449,217,9,30,9,,,2026-04-07 00:00:00
3450,217,10,34,10,,,2026-04-07 00:00:00
3451,217,11,36,11,,,2026-04-07 00:00:00
3452,217,12,40,12,,,2026-04-07 00:00:00
3453,217,13,42,13,,,2026-04-07 00:00:00
3454,217,14,45,14,,,2026-04-07 00:00:00
3455,217,15,50,15,,,2026-04-07 00:00:00
3456,217,16,52,16,,,2026-04-07 00:00:00
3457,218,1,4,1,,,2026-04-07 00:00:00
3458,218,2,7,2,,,2026-04-07 00:00:00
3459,218,3,8,3,,,2026-04-07 00:00:00
3460,218,4,13,4,,,2026-04-07 00:00:00
3461,218,5,16,5,,,2026-04-07 00:00:00
3462,218,6,21,6,,,2026-04-07 00:00:00
3463,218,7,22,7,,,2026-04-07 00:00:00
3464,218,8,28,8,,,2026-04-07 00:00:00
3465,218,9,31,9,,,2026-04-07 00:00:00
3466,218,10,34,10,,,2026-04-07 00:00:00
3467,218,11,36,11,,,2026-04-07 00:00:00
3468,218,12,40,12,,,2026-04-07 00:00:00
3469,218,13,42,13,,,2026-04-07 00:00:00
3470,218,14,45,14,,,2026-04-07 00:00:00
3471,218,15,50,15,,,2026-04-07 00:00:00
3472,218,16,53,16,,,2026-04-07 00:00:00
3473,219,1,4,1,,,2026-04-07 00:00:00
3474,219,2,7,2,,,2026-04-07 00:00:00
3475,219,3,8,3,,,2026-04-07 00:00:00
3476,219,4,13,4,,,2026-04-07 00:00:00
3477,219,5,15,5,,,2026-04-07 00:00:00
3478,219,6,21,6,,,2026-04-07 00:00:00
3479,219,7,22,7,,,2026-04-07 00:00:00
3480,219,8,28,8,,,2026-04-07 00:00:00
3481,219,9,31,9,,,2026-04-07 00:00:00
3482,219,10,34,10,,,2026-04-07 00:00:00
3483,219,11,36,11,,,2026-04-07 00:00:00
3484,219,12,40,12,,,2026-04-07 00:00:00
3485,219,13,42,13,,,2026-04-07 00:00:00
3486,219,14,45,14,,,2026-04-07 00:00:00
3487,219,15,50,15,,,2026-04-07 00:00:00
3488,219,16,53,16,,,2026-04-07 00:00:00
3489,220,1,4,1,,,2026-04-07 00:00:00
3490,220,2,7,2,,,2026-04-07 00:00:00
3491,220,3,8,3,,,2026-04-07 00:00:00
3492,220,4,13,4,,,2026-04-07 00:00:00
3493,220,5,16,5,,,2026-04-07 00:00:00
3494,220,6,21,6,,,2026-04-07 00:00:00
3495,220,7,23,7,,,2026-04-07 00:00:00
3496,220,8,28,8,,,2026-04-07 00:00:00
3497,220,9,30,9,,,2026-04-07 00:00:00
3498,220,10,34,10,,,2026-04-07 00:00:00
3499,220,11,37,11,,,2026-04-07 00:00:00
3500,220,12,40,12,,,2026-04-07 00:00:00
3501,220,13,42,13,,,2026-04-07 00:00:00
3502,220,14,46,14,,,2026-04-07 00:00:00
3503,220,15,50,15,,,2026-04-07 00:00:00
3504,220,16,53,16,,,2026-04-07 00:00:00
3505,221,1,4,1,,,2026-04-07 00:00:00
3506,221,2,7,2,,,2026-04-07 00:00:00
3507,221,3,9,3,,,2026-04-07 00:00:00
3508,221,4,13,4,,,2026-04-07 00:00:00
3509,221,5,17,5,,,2026-04-07 00:00:00
3510,221,6,21,6,,,2026-04-07 00:00:00
3511,221,7,22,7,,,2026-04-07 00:00:00
3512,221,8,28,8,,,2026-04-07 00:00:00
3513,221,9,31,9,,,2026-04-07 00:00:00
3514,221,10,34,10,,,2026-04-07 00:00:00
3515,221,11,36,11,,,2026-04-07 00:00:00
3516,221,12,40,12,,,2026-04-07 00:00:00
3517,221,13,42,13,,,2026-04-07 00:00:00
3518,221,14,45,14,,,2026-04-07 00:00:00
3519,221,15,50,15,,,2026-04-07 00:00:00
3520,221,16,52,16,,,2026-04-07 00:00:00
3521,222,1,4,1,,,2026-04-07 00:00:00
3522,222,2,7,2,,,2026-04-07 00:00:00
3523,222,3,8,3,,,2026-04-07 00:00:00
3524,222,4,13,4,,,2026-04-07 00:00:00
3525,222,5,15,5,,,2026-04-07 00:00:00
3526,222,6,21,6,,,2026-04-07 00:00:00
3527,222,7,22,7,,,2026-04-07 00:00:00
3528,222,8,26,8,,,2026-04-07 00:00:00
3529,222,9,31,9,,,2026-04-07 00:00:00
3530,222,10,34,10,,,2026-04-07 00:00:00
3531,222,11,36,11,,,2026-04-07 00:00:00
3532,222,12,40,12,,,2026-04-07 00:00:00
3533,222,13,42,13,,,2026-04-07 00:00:00
3534,222,14,45,14,,,2026-04-07 00:00:00
3535,222,15,50,15,,,2026-04-07 00:00:00
3536,222,16,52,16,,,2026-04-07 00:00:00
3537,223,1,4,1,,,2026-04-07 00:00:00
3538,223,2,7,2,,,2026-04-07 00:00:00
3539,223,3,9,3,,,2026-04-07 00:00:00
3540,223,4,13,4,,,2026-04-07 00:00:00
3541,223,5,14,5,,,2026-04-07 00:00:00
3542,223,6,21,6,,,2026-04-07 00:00:00
3543,223,7,22,7,,,2026-04-07 00:00:00
3544,223,8,26,8,,,2026-04-07 00:00:00
3545,223,9,31,9,,,2026-04-07 00:00:00
3546,223,10,34,10,,,2026-04-07 00:00:00
3547,223,11,36,11,,,2026-04-07 00:00:00
3548,223,12,40,12,,,2026-04-07 00:00:00
3549,223,13,42,13,,,2026-04-07 00:00:00
3550,223,14,45,14,,,2026-04-07 00:00:00
3551,223,15,50,15,,,2026-04-07 00:00:00
3552,223,16,52,16,,,2026-04-07 00:00:00
3553,224,1,4,1,,,2026-04-07 00:00:00
3554,224,2,7,2,,,2026-04-07 00:00:00
3555,224,3,8,3,,,2026-04-07 00:00:00
3556,224,4,13,4,,,2026-04-07 00:00:00
3557,224,5,15,5,,,2026-04-07 00:00:00
3558,224,6,21,6,,,2026-04-07 00:00:00
3559,224,7,22,7,,,2026-04-07 00:00:00
3560,224,8,26,8,,,2026-04-07 00:00:00
3561,224,9,31,9,,,2026-04-07 00:00:00
3562,224,10,34,10,,,2026-04-07 00:00:00
3563,224,11,36,11,,,2026-04-07 00:00:00
3564,224,12,40,12,,,2026-04-07 00:00:00
3565,224,13,42,13,,,2026-04-07 00:00:00
3566,224,14,45,14,,,2026-04-07 00:00:00
3567,224,15,50,15,,,2026-04-07 00:00:00
3568,224,16,52,16,,,2026-04-07 00:00:00
3569,225,1,4,1,,,2026-04-07 00:00:00
3570,225,2,7,2,,,2026-04-07 00:00:00
3571,225,3,8,3,,,2026-04-07 00:00:00
3572,225,4,13,4,,,2026-04-07 00:00:00
3573,225,5,15,5,,,2026-04-07 00:00:00
3574,225,6,21,6,,,2026-04-07 00:00:00
3575,225,7,22,7,,,2026-04-07 00:00:00
3576,225,8,26,8,,,2026-04-07 00:00:00
3577,225,9,31,9,,,2026-04-07 00:00:00
3578,225,10,34,10,,,2026-04-07 00:00:00
3579,225,11,36,11,,,2026-04-07 00:00:00
3580,225,12,40,12,,,2026-04-07 00:00:00
3581,225,13,42,13,,,2026-04-07 00:00:00
3582,225,14,45,14,,,2026-04-07 00:00:00
3583,225,15,50,15,,,2026-04-07 00:00:00
3584,225,16,52,16,,,2026-04-07 00:00:00
3585,226,1,4,1,,,2026-04-07 00:00:00
3586,226,2,7,2,,,2026-04-07 00:00:00
3587,226,3,10,3,,,2026-04-07 00:00:00
3588,226,4,13,4,,,2026-04-07 00:00:00
3589,226,5,15,5,,,2026-04-07 00:00:00
3590,226,6,21,6,,,2026-04-07 00:00:00
3591,226,7,22,7,,,2026-04-07 00:00:00
3592,226,8,26,8,,,2026-04-07 00:00:00
3593,226,9,31,9,,,2026-04-07 00:00:00
3594,226,10,33,10,,,2026-04-07 00:00:00
3595,226,11,36,11,,,2026-04-07 00:00:00
3596,226,12,40,12,,,2026-04-07 00:00:00
3597,226,13,42,13,,,2026-04-07 00:00:00
3598,226,14,45,14,,,2026-04-07 00:00:00
3599,226,15,50,15,,,2026-04-07 00:00:00
3600,226,16,52,16,,,2026-04-07 00:00:00
3601,227,1,4,1,,,2026-04-07 00:00:00
3602,227,2,7,2,,,2026-04-07 00:00:00
3603,227,3,10,3,,,2026-04-07 00:00:00
3604,227,4,13,4,,,2026-04-07 00:00:00
3605,227,5,14,5,,,2026-04-07 00:00:00
3606,227,6,21,6,,,2026-04-07 00:00:00
3607,227,7,22,7,,,2026-04-07 00:00:00
3608,227,8,26,8,,,2026-04-07 00:00:00
3609,227,9,31,9,,,2026-04-07 00:00:00
3610,227,10,34,10,,,2026-04-07 00:00:00
3611,227,11,36,11,,,2026-04-07 00:00:00
3612,227,12,40,12,,,2026-04-07 00:00:00
3613,227,13,42,13,,,2026-04-07 00:00:00
3614,227,14,45,14,,,2026-04-07 00:00:00
3615,227,15,50,15,,,2026-04-07 00:00:00
3616,227,16,52,16,,,2026-04-07 00:00:00
3617,228,1,4,1,,,2026-04-07 00:00:00
3618,228,2,7,2,,,2026-04-07 00:00:00
3619,228,3,10,3,,,2026-04-07 00:00:00
3620,228,4,13,4,,,2026-04-07 00:00:00
3621,228,5,15,5,,,2026-04-07 00:00:00
3622,228,6,21,6,,,2026-04-07 00:00:00
3623,228,7,22,7,,,2026-04-07 00:00:00
3624,228,8,26,8,,,2026-04-07 00:00:00
3625,228,9,31,9,,,2026-04-07 00:00:00
3626,228,10,34,10,,,2026-04-07 00:00:00
3627,228,11,36,11,,,2026-04-07 00:00:00
3628,228,12,40,12,,,2026-04-07 00:00:00
3629,228,13,42,13,,,2026-04-07 00:00:00
3630,228,14,45,14,,,2026-04-07 00:00:00
3631,228,15,50,15,,,2026-04-07 00:00:00
3632,228,16,52,16,,,2026-04-07 00:00:00
3633,229,1,4,1,,,2026-04-07 00:00:00
3634,229,2,7,2,,,2026-04-07 00:00:00
3635,229,3,8,3,,,2026-04-07 00:00:00
3636,229,4,13,4,,,2026-04-07 00:00:00
3637,229,5,14,5,,,2026-04-07 00:00:00
3638,229,6,21,6,,,2026-04-07 00:00:00
3639,229,7,22,7,,,2026-04-07 00:00:00
3640,229,8,26,8,,,2026-04-07 00:00:00
3641,229,9,31,9,,,2026-04-07 00:00:00
3642,229,10,34,10,,,2026-04-07 00:00:00
3643,229,11,36,11,,,2026-04-07 00:00:00
3644,229,12,40,12,,,2026-04-07 00:00:00
3645,229,13,42,13,,,2026-04-07 00:00:00
3646,229,14,45,14,,,2026-04-07 00:00:00
3647,229,15,50,15,,,2026-04-07 00:00:00
3648,229,16,52,16,,,2026-04-07 00:00:00
3649,230,1,4,1,,,2026-04-07 00:00:00
3650,230,2,7,2,,,2026-04-07 00:00:00
3651,230,3,10,3,,,2026-04-07 00:00:00
3652,230,4,13,4,,,2026-04-07 00:00:00
3653,230,5,14,5,,,2026-04-07 00:00:00
3654,230,6,21,6,,,2026-04-07 00:00:00
3655,230,7,22,7,,,2026-04-07 00:00:00
3656,230,8,28,8,,,2026-04-07 00:00:00
3657,230,9,31,9,,,2026-04-07 00:00:00
3658,230,10,34,10,,,2026-04-07 00:00:00
3659,230,11,36,11,,,2026-04-07 00:00:00
3660,230,12,40,12,,,2026-04-07 00:00:00
3661,230,13,42,13,,,2026-04-07 00:00:00
3662,230,14,45,14,,,2026-04-07 00:00:00
3663,230,15,50,15,,,2026-04-07 00:00:00
3664,230,16,53,16,,,2026-04-07 00:00:00
3665,231,1,4,1,,,2026-04-07 00:00:00
3666,231,2,7,2,,,2026-04-07 00:00:00
3667,231,3,8,3,,,2026-04-07 00:00:00
3668,231,4,13,4,,,2026-04-07 00:00:00
3669,231,5,14,5,,,2026-04-07 00:00:00
3670,231,6,21,6,,,2026-04-07 00:00:00
3671,231,7,22,7,,,2026-04-07 00:00:00
3672,231,8,28,8,,,2026-04-07 00:00:00
3673,231,9,31,9,,,2026-04-07 00:00:00
3674,231,10,34,10,,,2026-04-07 00:00:00
3675,231,11,36,11,,,2026-04-07 00:00:00
3676,231,12,40,12,,,2026-04-07 00:00:00
3677,231,13,42,13,,,2026-04-07 00:00:00
3678,231,14,45,14,,,2026-04-07 00:00:00
3679,231,15,50,15,,,2026-04-07 00:00:00
3680,231,16,53,16,,,2026-04-07 00:00:00
3681,232,1,4,1,,,2026-04-07 00:00:00
3682,232,2,7,2,,,2026-04-07 00:00:00
3683,232,3,8,3,,,2026-04-07 00:00:00
3684,232,4,13,4,,,2026-04-07 00:00:00
3685,232,5,15,5,,,2026-04-07 00:00:00
3686,232,6,21,6,,,2026-04-07 00:00:00
3687,232,7,22,7,,,2026-04-07 00:00:00
3688,232,8,26,8,,,2026-04-07 00:00:00
3689,232,9,31,9,,,2026-04-07 00:00:00
3690,232,10,34,10,,,2026-04-07 00:00:00
3691,232,11,36,11,,,2026-04-07 00:00:00
3692,232,12,40,12,,,2026-04-07 00:00:00
3693,232,13,42,13,,,2026-04-07 00:00:00
3694,232,14,45,14,,,2026-04-07 00:00:00
3695,232,15,50,15,,,2026-04-07 00:00:00
3696,232,16,52,16,,,2026-04-07 00:00:00
3697,233,1,4,1,,,2026-04-07 00:00:00
3698,233,2,7,2,,,2026-04-07 00:00:00
3699,233,3,8,3,,,2026-04-07 00:00:00
3700,233,4,13,4,,,2026-04-07 00:00:00
3701,233,5,15,5,,,2026-04-07 00:00:00
3702,233,6,21,6,,,2026-04-07 00:00:00
3703,233,7,22,7,,,2026-04-07 00:00:00
3704,233,8,26,8,,,2026-04-07 00:00:00
3705,233,9,31,9,,,2026-04-07 00:00:00
3706,233,10,34,10,,,2026-04-07 00:00:00
3707,233,11,36,11,,,2026-04-07 00:00:00
3708,233,12,40,12,,,2026-04-07 00:00:00
3709,233,13,42,13,,,2026-04-07 00:00:00
3710,233,14,45,14,,,2026-04-07 00:00:00
3711,233,15,50,15,,,2026-04-07 00:00:00
3712,233,16,52,16,,,2026-04-07 00:00:00
3713,234,1,4,1,,,2026-04-07 00:00:00
3714,234,2,7,2,,,2026-04-07 00:00:00
3715,234,3,8,3,,,2026-04-07 00:00:00
3716,234,4,13,4,,,2026-04-07 00:00:00
3717,234,5,15,5,,,2026-04-07 00:00:00
3718,234,6,21,6,,,2026-04-07 00:00:00
3719,234,7,22,7,,,2026-04-07 00:00:00
3720,234,8,28,8,,,2026-04-07 00:00:00
3721,234,9,31,9,,,2026-04-07 00:00:00
3722,234,10,34,10,,,2026-04-07 00:00:00
3723,234,11,36,11,,,2026-04-07 00:00:00
3724,234,12,40,12,,,2026-04-07 00:00:00
3725,234,13,42,13,,,2026-04-07 00:00:00
3726,234,14,45,14,,,2026-04-07 00:00:00
3727,234,15,50,15,,,2026-04-07 00:00:00
3728,234,16,53,16,,,2026-04-07 00:00:00
3729,235,1,4,1,,,2026-04-07 00:00:00
3730,235,2,7,2,,,2026-04-07 00:00:00
3731,235,3,8,3,,,2026-04-07 00:00:00
3732,235,4,13,4,,,2026-04-07 00:00:00
3733,235,5,14,5,,,2026-04-07 00:00:00
3734,235,6,21,6,,,2026-04-07 00:00:00
3735,235,7,22,7,,,2026-04-07 00:00:00
3736,235,8,28,8,,,2026-04-07 00:00:00
3737,235,9,31,9,,,2026-04-07 00:00:00
3738,235,10,34,10,,,2026-04-07 00:00:00
3739,235,11,36,11,,,2026-04-07 00:00:00
3740,235,12,40,12,,,2026-04-07 00:00:00
3741,235,13,42,13,,,2026-04-07 00:00:00
3742,235,14,45,14,,,2026-04-07 00:00:00
3743,235,15,50,15,,,2026-04-07 00:00:00
3744,235,16,53,16,,,2026-04-07 00:00:00
3745,236,1,4,1,,,2026-04-07 00:00:00
3746,236,2,7,2,,,2026-04-07 00:00:00
3747,236,3,8,3,,,2026-04-07 00:00:00
3748,236,4,13,4,,,2026-04-07 00:00:00
3749,236,5,15,5,,,2026-04-07 00:00:00
3750,236,6,21,6,,,2026-04-07 00:00:00
3751,236,7,22,7,,,2026-04-07 00:00:00
3752,236,8,26,8,,,2026-04-07 00:00:00
3753,236,9,31,9,,,2026-04-07 00:00:00
3754,236,10,33,10,,,2026-04-07 00:00:00
3755,236,11,36,11,,,2026-04-07 00:00:00
3756,236,12,40,12,,,2026-04-07 00:00:00
3757,236,13,42,13,,,2026-04-07 00:00:00
3758,236,14,45,14,,,2026-04-07 00:00:00
3759,236,15,50,15,,,2026-04-07 00:00:00
3760,236,16,53,16,,,2026-04-07 00:00:00
3761,238,1,2,1,,,2026-04-07 00:00:00
3762,238,2,7,2,,,2026-04-07 00:00:00
3763,238,3,9,3,,,2026-04-07 00:00:00
3764,238,4,13,4,,,2026-04-07 00:00:00
3765,238,5,16,5,,,2026-04-07 00:00:00
3766,238,6,18,6,,,2026-04-07 00:00:00
3767,238,7,25,7,,,2026-04-07 00:00:00
3768,238,8,28,8,,,2026-04-07 00:00:00
3769,238,9,31,9,,,2026-04-07 00:00:00
3770,238,10,34,10,,,2026-04-07 00:00:00
3771,238,11,37,11,,,2026-04-07 00:00:00
3772,238,12,40,12,,,2026-04-07 00:00:00
3773,238,13,42,13,,,2026-04-07 00:00:00
3774,238,14,46,14,,,2026-04-07 00:00:00
3775,238,15,50,15,,,2026-04-07 00:00:00
3776,238,16,52,16,,,2026-04-07 00:00:00
3777,239,1,4,1,,,2026-04-07 00:00:00
3778,239,2,7,2,,,2026-04-07 00:00:00
3779,239,3,10,3,,,2026-04-07 00:00:00
3780,239,4,13,4,,,2026-04-07 00:00:00
3781,239,5,16,5,,,2026-04-07 00:00:00
3782,239,6,21,6,,,2026-04-07 00:00:00
3783,239,7,22,7,,,2026-04-07 00:00:00
3784,239,8,28,8,,,2026-04-07 00:00:00
3785,239,9,30,9,,,2026-04-07 00:00:00
3786,239,10,34,10,,,2026-04-07 00:00:00
3787,239,11,36,11,,,2026-04-07 00:00:00
3788,239,12,40,12,,,2026-04-07 00:00:00
3789,239,13,41,13,,,2026-04-07 00:00:00
3790,239,14,45,14,,,2026-04-07 00:00:00
3791,239,15,50,15,,,2026-04-07 00:00:00
3792,239,16,53,16,,,2026-04-07 00:00:00
3793,240,1,4,1,,,2026-04-07 00:00:00
3794,240,2,7,2,,,2026-04-07 00:00:00
3795,240,3,8,3,,,2026-04-07 00:00:00
3796,240,4,13,4,,,2026-04-07 00:00:00
3797,240,5,17,5,,,2026-04-07 00:00:00
3798,240,6,21,6,,,2026-04-07 00:00:00
3799,240,7,25,7,,,2026-04-07 00:00:00
3800,240,8,28,8,,,2026-04-07 00:00:00
3801,240,9,31,9,,,2026-04-07 00:00:00
3802,240,10,33,10,,,2026-04-07 00:00:00
3803,240,11,37,11,,,2026-04-07 00:00:00
3804,240,12,39,12,,,2026-04-07 00:00:00
3805,240,13,41,13,,,2026-04-07 00:00:00
3806,240,14,46,14,,,2026-04-07 00:00:00
3807,240,15,50,15,,,2026-04-07 00:00:00
3808,240,16,53,16,,,2026-04-07 00:00:00
3809,241,1,4,1,,,2026-04-07 00:00:00
3810,241,2,7,2,,,2026-04-07 00:00:00
3811,241,3,8,3,,,2026-04-07 00:00:00
3812,241,4,13,4,,,2026-04-07 00:00:00
3813,241,5,15,5,,,2026-04-07 00:00:00
3814,241,6,21,6,,,2026-04-07 00:00:00
3815,241,7,25,7,,,2026-04-07 00:00:00
3816,241,8,28,8,,,2026-04-07 00:00:00
3817,241,9,30,9,,,2026-04-07 00:00:00
3818,241,10,34,10,,,2026-04-07 00:00:00
3819,241,11,37,11,,,2026-04-07 00:00:00
3820,241,12,40,12,,,2026-04-07 00:00:00
3821,241,13,41,13,,,2026-04-07 00:00:00
3822,241,14,46,14,,,2026-04-07 00:00:00
3823,241,15,50,15,,,2026-04-07 00:00:00
3824,241,16,53,16,,,2026-04-07 00:00:00
3825,242,1,4,1,,,2026-04-07 00:00:00
3826,242,2,6,2,,,2026-04-07 00:00:00
3827,242,3,8,3,,,2026-04-07 00:00:00
3828,242,4,13,4,,,2026-04-07 00:00:00
3829,242,5,16,5,,,2026-04-07 00:00:00
3830,242,6,21,6,,,2026-04-07 00:00:00
3831,242,7,25,7,,,2026-04-07 00:00:00
3832,242,8,28,8,,,2026-04-07 00:00:00
3833,242,9,31,9,,,2026-04-07 00:00:00
3834,242,10,34,10,,,2026-04-07 00:00:00
3835,242,11,37,11,,,2026-04-07 00:00:00
3836,242,12,40,12,,,2026-04-07 00:00:00
3837,242,13,41,13,,,2026-04-07 00:00:00
3838,242,14,45,14,,,2026-04-07 00:00:00
3839,242,15,50,15,,,2026-04-07 00:00:00
3840,242,16,53,16,,,2026-04-07 00:00:00
3841,243,1,4,1,,,2026-04-07 00:00:00
3842,243,2,7,2,,,2026-04-07 00:00:00
3843,243,3,8,3,,,2026-04-07 00:00:00
3844,243,4,13,4,,,2026-04-07 00:00:00
3845,243,5,16,5,,,2026-04-07 00:00:00
3846,243,6,21,6,,,2026-04-07 00:00:00
3847,243,7,25,7,,,2026-04-07 00:00:00
3848,243,8,28,8,,,2026-04-07 00:00:00
3849,243,9,31,9,,,2026-04-07 00:00:00
3850,243,10,34,10,,,2026-04-07 00:00:00
3851,243,11,37,11,,,2026-04-07 00:00:00
3852,243,12,40,12,,,2026-04-07 00:00:00
3853,243,13,41,13,,,2026-04-07 00:00:00
3854,243,14,45,14,,,2026-04-07 00:00:00
3855,243,15,50,15,,,2026-04-07 00:00:00
3856,243,16,52,16,,,2026-04-07 00:00:00
3857,244,1,4,1,,,2026-04-07 00:00:00
3858,244,2,7,2,,,2026-04-07 00:00:00
3859,244,3,8,3,,,2026-04-07 00:00:00
3860,244,4,13,4,,,2026-04-07 00:00:00
3861,244,5,15,5,,,2026-04-07 00:00:00
3862,244,6,21,6,,,2026-04-07 00:00:00
3863,244,7,25,7,,,2026-04-07 00:00:00
3864,244,8,28,8,,,2026-04-07 00:00:00
3865,244,9,30,9,,,2026-04-07 00:00:00
3866,244,10,34,10,,,2026-04-07 00:00:00
3867,244,11,37,11,,,2026-04-07 00:00:00
3868,244,12,40,12,,,2026-04-07 00:00:00
3869,244,13,41,13,,,2026-04-07 00:00:00
3870,244,14,46,14,,,2026-04-07 00:00:00
3871,244,15,50,15,,,2026-04-07 00:00:00
3872,244,16,53,16,,,2026-04-07 00:00:00
3873,245,1,4,1,,,2026-04-07 00:00:00
3874,245,2,7,2,,,2026-04-07 00:00:00
3875,245,3,8,3,,,2026-04-07 00:00:00
3876,245,4,13,4,,,2026-04-07 00:00:00
3877,245,5,16,5,,,2026-04-07 00:00:00
3878,245,6,21,6,,,2026-04-07 00:00:00
3879,245,7,25,7,,,2026-04-07 00:00:00
3880,245,8,28,8,,,2026-04-07 00:00:00
3881,245,9,30,9,,,2026-04-07 00:00:00
3882,245,10,34,10,,,2026-04-07 00:00:00
3883,245,11,37,11,,,2026-04-07 00:00:00
3884,245,12,40,12,,,2026-04-07 00:00:00
3885,245,13,41,13,,,2026-04-07 00:00:00
3886,245,14,45,14,,,2026-04-07 00:00:00
3887,245,15,50,15,,,2026-04-07 00:00:00
3888,245,16,53,16,,,2026-04-07 00:00:00
3889,246,1,3,1,,,2026-04-07 00:00:00
3890,246,2,7,2,,,2026-04-07 00:00:00
3891,246,3,8,3,,,2026-04-07 00:00:00
3892,246,4,13,4,,,2026-04-07 00:00:00
3893,246,5,15,5,,,2026-04-07 00:00:00
3894,246,6,21,6,,,2026-04-07 00:00:00
3895,246,7,25,7,,,2026-04-07 00:00:00
3896,246,8,28,8,,,2026-04-07 00:00:00
3897,246,9,30,9,,,2026-04-07 00:00:00
3898,246,10,34,10,,,2026-04-07 00:00:00
3899,246,11,37,11,,,2026-04-07 00:00:00
3900,246,12,40,12,,,2026-04-07 00:00:00
3901,246,13,41,13,,,2026-04-07 00:00:00
3902,246,14,46,14,,,2026-04-07 00:00:00
3903,246,15,50,15,,,2026-04-07 00:00:00
3904,246,16,53,16,,,2026-04-07 00:00:00
3905,247,1,4,1,,,2026-04-07 00:00:00
3906,247,2,6,2,,,2026-04-07 00:00:00
3907,247,3,9,3,,,2026-04-07 00:00:00
3908,247,4,13,4,,,2026-04-07 00:00:00
3909,247,5,16,5,,,2026-04-07 00:00:00
3910,247,6,21,6,,,2026-04-07 00:00:00
3911,247,7,23,7,,,2026-04-07 00:00:00
3912,247,8,26,8,,,2026-04-07 00:00:00
3913,247,9,31,9,,,2026-04-07 00:00:00
3914,247,10,34,10,,,2026-04-07 00:00:00
3915,247,11,36,11,,,2026-04-07 00:00:00
3916,247,12,40,12,,,2026-04-07 00:00:00
3917,247,13,41,13,,,2026-04-07 00:00:00
3918,247,14,45,14,,,2026-04-07 00:00:00
3919,247,15,50,15,,,2026-04-07 00:00:00
3920,247,16,53,16,,,2026-04-07 00:00:00
3921,248,1,4,1,,,2026-04-07 00:00:00
3922,248,2,7,2,,,2026-04-07 00:00:00
3923,248,3,9,3,,,2026-04-07 00:00:00
3924,248,4,13,4,,,2026-04-07 00:00:00
3925,248,5,16,5,,,2026-04-07 00:00:00
3926,248,6,21,6,,,2026-04-07 00:00:00
3927,248,7,24,7,,,2026-04-07 00:00:00
3928,248,8,28,8,,,2026-04-07 00:00:00
3929,248,9,31,9,,,2026-04-07 00:00:00
3930,248,10,34,10,,,2026-04-07 00:00:00
3931,248,11,36,11,,,2026-04-07 00:00:00
3932,248,12,40,12,,,2026-04-07 00:00:00
3933,248,13,41,13,,,2026-04-07 00:00:00
3934,248,14,45,14,,,2026-04-07 00:00:00
3935,248,15,50,15,,,2026-04-07 00:00:00
3936,248,16,53,16,,,2026-04-07 00:00:00
3937,249,1,4,1,,,2026-04-07 00:00:00
3938,249,2,7,2,,,2026-04-07 00:00:00
3939,249,3,9,3,,,2026-04-07 00:00:00
3940,249,4,13,4,,,2026-04-07 00:00:00
3941,249,5,16,5,,,2026-04-07 00:00:00
3942,249,6,21,6,,,2026-04-07 00:00:00
3943,249,7,24,7,,,2026-04-07 00:00:00
3944,249,8,28,8,,,2026-04-07 00:00:00
3945,249,9,31,9,,,2026-04-07 00:00:00
3946,249,10,34,10,,,2026-04-07 00:00:00
3947,249,11,36,11,,,2026-04-07 00:00:00
3948,249,12,40,12,,,2026-04-07 00:00:00
3949,249,13,41,13,,,2026-04-07 00:00:00
3950,249,14,45,14,,,2026-04-07 00:00:00
3951,249,15,50,15,,,2026-04-07 00:00:00
3952,249,16,53,16,,,2026-04-07 00:00:00
3953,250,1,4,1,,,2026-04-07 00:00:00
3954,250,2,7,2,,,2026-04-07 00:00:00
3955,250,3,8,3,,,2026-04-07 00:00:00
3956,250,4,13,4,,,2026-04-07 00:00:00
3957,250,5,16,5,,,2026-04-07 00:00:00
3958,250,6,21,6,,,2026-04-07 00:00:00
3959,250,7,25,7,,,2026-04-07 00:00:00
3960,250,8,28,8,,,2026-04-07 00:00:00
3961,250,9,31,9,,,2026-04-07 00:00:00
3962,250,10,34,10,,,2026-04-07 00:00:00
3963,250,11,36,11,,,2026-04-07 00:00:00
3964,250,12,40,12,,,2026-04-07 00:00:00
3965,250,13,41,13,,,2026-04-07 00:00:00
3966,250,14,45,14,,,2026-04-07 00:00:00
3967,250,15,50,15,,,2026-04-07 00:00:00
3968,250,16,53,16,,,2026-04-07 00:00:00
3969,251,1,4,1,,,2026-04-07 00:00:00
3970,251,2,7,2,,,2026-04-07 00:00:00
3971,251,3,9,3,,,2026-04-07 00:00:00
3972,251,4,13,4,,,2026-04-07 00:00:00
3973,251,5,16,5,,,2026-04-07 00:00:00
3974,251,6,21,6,,,2026-04-07 00:00:00
3975,251,7,25,7,,,2026-04-07 00:00:00
3976,251,8,28,8,,,2026-04-07 00:00:00
3977,251,9,31,9,,,2026-04-07 00:00:00
3978,251,10,34,10,,,2026-04-07 00:00:00
3979,251,11,37,11,,,2026-04-07 00:00:00
3980,251,12,40,12,,,2026-04-07 00:00:00
3981,251,13,41,13,,,2026-04-07 00:00:00
3982,251,14,45,14,,,2026-04-07 00:00:00
3983,251,15,50,15,,,2026-04-07 00:00:00
3984,251,16,53,16,,,2026-04-07 00:00:00
3985,252,1,4,1,,,2026-04-07 00:00:00
3986,252,2,7,2,,,2026-04-07 00:00:00
3987,252,3,9,3,,,2026-04-07 00:00:00
3988,252,4,13,4,,,2026-04-07 00:00:00
3989,252,5,16,5,,,2026-04-07 00:00:00
3990,252,6,21,6,,,2026-04-07 00:00:00
3991,252,7,25,7,,,2026-04-07 00:00:00
3992,252,8,28,8,,,2026-04-07 00:00:00
3993,252,9,31,9,,,2026-04-07 00:00:00
3994,252,10,34,10,,,2026-04-07 00:00:00
3995,252,11,37,11,,,2026-04-07 00:00:00
3996,252,12,40,12,,,2026-04-07 00:00:00
3997,252,13,41,13,,,2026-04-07 00:00:00
3998,252,14,45,14,,,2026-04-07 00:00:00
3999,252,15,50,15,,,2026-04-07 00:00:00
4000,252,16,53,16,,,2026-04-07 00:00:00
4001,253,1,4,1,,,2026-04-07 00:00:00
4002,253,2,7,2,,,2026-04-07 00:00:00
4003,253,3,8,3,,,2026-04-07 00:00:00
4004,253,4,13,4,,,2026-04-07 00:00:00
4005,253,5,16,5,,,2026-04-07 00:00:00
4006,253,6,21,6,,,2026-04-07 00:00:00
4007,253,7,25,7,,,2026-04-07 00:00:00
4008,253,8,28,8,,,2026-04-07 00:00:00
4009,253,9,31,9,,,2026-04-07 00:00:00
4010,253,10,34,10,,,2026-04-07 00:00:00
4011,253,11,37,11,,,2026-04-07 00:00:00
4012,253,12,40,12,,,2026-04-07 00:00:00
4013,253,13,41,13,,,2026-04-07 00:00:00
4014,253,14,45,14,,,2026-04-07 00:00:00
4015,253,15,50,15,,,2026-04-07 00:00:00
4016,253,16,53,16,,,2026-04-07 00:00:00
4017,254,1,4,1,,,2026-04-07 00:00:00
4018,254,2,7,2,,,2026-04-07 00:00:00
4019,254,3,8,3,,,2026-04-07 00:00:00
4020,254,4,13,4,,,2026-04-07 00:00:00
4021,254,5,15,5,,,2026-04-07 00:00:00
4022,254,6,21,6,,,2026-04-07 00:00:00
4023,254,7,23,7,,,2026-04-07 00:00:00
4024,254,8,28,8,,,2026-04-07 00:00:00
4025,254,9,30,9,,,2026-04-07 00:00:00
4026,254,10,34,10,,,2026-04-07 00:00:00
4027,254,11,36,11,,,2026-04-07 00:00:00
4028,254,12,40,12,,,2026-04-07 00:00:00
4029,254,13,41,13,,,2026-04-07 00:00:00
4030,254,14,45,14,,,2026-04-07 00:00:00
4031,254,15,50,15,,,2026-04-07 00:00:00
4032,254,16,53,16,,,2026-04-07 00:00:00
4033,255,1,4,1,,,2026-04-07 00:00:00
4034,255,2,7,2,,,2026-04-07 00:00:00
4035,255,3,8,3,,,2026-04-07 00:00:00
4036,255,4,13,4,,,2026-04-07 00:00:00
4037,255,5,16,5,,,2026-04-07 00:00:00
4038,255,6,21,6,,,2026-04-07 00:00:00
4039,255,7,24,7,,,2026-04-07 00:00:00
4040,255,8,28,8,,,2026-04-07 00:00:00
4041,255,9,31,9,,,2026-04-07 00:00:00
4042,255,10,34,10,,,2026-04-07 00:00:00
4043,255,11,36,11,,,2026-04-07 00:00:00
4044,255,12,40,12,,,2026-04-07 00:00:00
4045,255,13,41,13,,,2026-04-07 00:00:00
4046,255,14,45,14,,,2026-04-07 00:00:00
4047,255,15,50,15,,,2026-04-07 00:00:00
4048,255,16,53,16,,,2026-04-07 00:00:00
4049,256,1,4,1,,,2026-04-07 00:00:00
4050,256,2,7,2,,,2026-04-07 00:00:00
4051,256,3,9,3,,,2026-04-07 00:00:00
4052,256,4,13,4,,,2026-04-07 00:00:00
4053,256,5,16,5,,,2026-04-07 00:00:00
4054,256,6,21,6,,,2026-04-07 00:00:00
4055,256,7,22,7,,,2026-04-07 00:00:00
4056,256,8,28,8,,,2026-04-07 00:00:00
4057,256,9,31,9,,,2026-04-07 00:00:00
4058,256,10,34,10,,,2026-04-07 00:00:00
4059,256,11,36,11,,,2026-04-07 00:00:00
4060,256,12,40,12,,,2026-04-07 00:00:00
4061,256,13,41,13,,,2026-04-07 00:00:00
4062,256,14,45,14,,,2026-04-07 00:00:00
4063,256,15,50,15,,,2026-04-07 00:00:00
4064,256,16,53,16,,,2026-04-07 00:00:00
4065,257,1,1,1,,,2026-04-07 00:00:00
4066,257,2,7,2,,,2026-04-07 00:00:00
4067,257,3,10,3,,,2026-04-07 00:00:00
4068,257,4,13,4,,,2026-04-07 00:00:00
4069,257,5,14,5,,,2026-04-07 00:00:00
4070,257,6,21,6,,,2026-04-07 00:00:00
4071,257,7,25,7,,,2026-04-07 00:00:00
4072,257,8,26,8,,,2026-04-07 00:00:00
4073,257,9,30,9,,,2026-04-07 00:00:00
4074,257,10,34,10,,,2026-04-07 00:00:00
4075,257,11,37,11,,,2026-04-07 00:00:00
4076,257,12,40,12,,,2026-04-07 00:00:00
4077,257,13,42,13,,,2026-04-07 00:00:00
4078,257,14,46,14,,,2026-04-07 00:00:00
4079,257,15,50,15,,,2026-04-07 00:00:00
4080,257,16,51,16,,,2026-04-07 00:00:00
4081,258,1,4,1,,,2026-04-07 00:00:00
4082,258,2,7,2,,,2026-04-07 00:00:00
4083,258,3,10,3,,,2026-04-07 00:00:00
4084,258,4,11,4,,,2026-04-07 00:00:00
4085,258,5,16,5,,,2026-04-07 00:00:00
4086,258,6,21,6,,,2026-04-07 00:00:00
4087,258,7,22,7,,,2026-04-07 00:00:00
4088,258,8,26,8,,,2026-04-07 00:00:00
4089,258,9,31,9,,,2026-04-07 00:00:00
4090,258,10,34,10,,,2026-04-07 00:00:00
4091,258,11,37,11,,,2026-04-07 00:00:00
4092,258,12,40,12,,,2026-04-07 00:00:00
4093,258,13,42,13,,,2026-04-07 00:00:00
4094,258,14,46,14,,,2026-04-07 00:00:00
4095,258,15,50,15,,,2026-04-07 00:00:00
4096,258,16,52,16,,,2026-04-07 00:00:00
4097,259,1,1,1,,,2026-04-07 00:00:00
4098,259,2,7,2,,,2026-04-07 00:00:00
4099,259,3,8,3,,,2026-04-07 00:00:00
4100,259,4,11,4,,,2026-04-07 00:00:00
4101,259,5,14,5,,,2026-04-07 00:00:00
4102,259,6,21,6,,,2026-04-07 00:00:00
4103,259,7,22,7,,,2026-04-07 00:00:00
4104,259,8,28,8,,,2026-04-07 00:00:00
4105,259,9,29,9,,,2026-04-07 00:00:00
4106,259,10,34,10,,,2026-04-07 00:00:00
4107,259,11,37,11,,,2026-04-07 00:00:00
4108,259,12,40,12,,,2026-04-07 00:00:00
4109,259,13,42,13,,,2026-04-07 00:00:00
4110,259,14,43,14,,,2026-04-07 00:00:00
4111,259,15,48,15,,,2026-04-07 00:00:00
4112,259,16,51,16,,,2026-04-07 00:00:00
4113,260,1,1,1,,,2026-04-07 00:00:00
4114,260,2,7,2,,,2026-04-07 00:00:00
4115,260,3,8,3,,,2026-04-07 00:00:00
4116,260,4,11,4,,,2026-04-07 00:00:00
4117,260,5,14,5,,,2026-04-07 00:00:00
4118,260,6,21,6,,,2026-04-07 00:00:00
4119,260,7,22,7,,,2026-04-07 00:00:00
4120,260,8,26,8,,,2026-04-07 00:00:00
4121,260,9,29,9,,,2026-04-07 00:00:00
4122,260,10,34,10,,,2026-04-07 00:00:00
4123,260,11,37,11,,,2026-04-07 00:00:00
4124,260,12,40,12,,,2026-04-07 00:00:00
4125,260,13,42,13,,,2026-04-07 00:00:00
4126,260,14,43,14,,,2026-04-07 00:00:00
4127,260,15,48,15,,,2026-04-07 00:00:00
4128,260,16,52,16,,,2026-04-07 00:00:00
4129,261,1,4,1,,,2026-04-07 00:00:00
4130,261,2,7,2,,,2026-04-07 00:00:00
4131,261,3,10,3,,,2026-04-07 00:00:00
4132,261,4,13,4,,,2026-04-07 00:00:00
4133,261,5,17,5,,,2026-04-07 00:00:00
4134,261,6,20,6,,,2026-04-07 00:00:00
4135,261,7,22,7,,,2026-04-07 00:00:00
4136,261,8,28,8,,,2026-04-07 00:00:00
4137,261,9,31,9,,,2026-04-07 00:00:00
4138,261,10,34,10,,,2026-04-07 00:00:00
4139,261,11,36,11,,,2026-04-07 00:00:00
4140,261,12,40,12,,,2026-04-07 00:00:00
4141,261,13,42,13,,,2026-04-07 00:00:00
4142,261,14,45,14,,,2026-04-07 00:00:00
4143,261,15,50,15,,,2026-04-07 00:00:00
4144,261,16,52,16,,,2026-04-07 00:00:00
4145,262,1,1,1,,,2026-04-07 00:00:00
4146,262,2,7,2,,,2026-04-07 00:00:00
4147,262,3,10,3,,,2026-04-07 00:00:00
4148,262,4,11,4,,,2026-04-07 00:00:00
4149,262,5,17,5,,,2026-04-07 00:00:00
4150,262,6,20,6,,,2026-04-07 00:00:00
4151,262,7,25,7,,,2026-04-07 00:00:00
4152,262,8,28,8,,,2026-04-07 00:00:00
4153,262,9,30,9,,,2026-04-07 00:00:00
4154,262,10,34,10,,,2026-04-07 00:00:00
4155,262,11,36,11,,,2026-04-07 00:00:00
4156,262,12,40,12,,,2026-04-07 00:00:00
4157,262,13,42,13,,,2026-04-07 00:00:00
4158,262,14,45,14,,,2026-04-07 00:00:00
4159,262,15,50,15,,,2026-04-07 00:00:00
4160,262,16,52,16,,,2026-04-07 00:00:00
4161,263,1,4,1,,,2026-04-07 00:00:00
4162,263,2,7,2,,,2026-04-07 00:00:00
4163,263,3,10,3,,,2026-04-07 00:00:00
4164,263,4,13,4,,,2026-04-07 00:00:00
4165,263,5,17,5,,,2026-04-07 00:00:00
4166,263,6,20,6,,,2026-04-07 00:00:00
4167,263,7,22,7,,,2026-04-07 00:00:00
4168,263,8,28,8,,,2026-04-07 00:00:00
4169,263,9,31,9,,,2026-04-07 00:00:00
4170,263,10,34,10,,,2026-04-07 00:00:00
4171,263,11,36,11,,,2026-04-07 00:00:00
4172,263,12,40,12,,,2026-04-07 00:00:00
4173,263,13,42,13,,,2026-04-07 00:00:00
4174,263,14,45,14,,,2026-04-07 00:00:00
4175,263,15,50,15,,,2026-04-07 00:00:00
4176,263,16,52,16,,,2026-04-07 00:00:00
4177,264,1,2,1,,,2026-04-07 00:00:00
4178,264,2,7,2,,,2026-04-07 00:00:00
4179,264,3,10,3,,,2026-04-07 00:00:00
4180,264,4,11,4,,,2026-04-07 00:00:00
4181,264,5,16,5,,,2026-04-07 00:00:00
4182,264,6,20,6,,,2026-04-07 00:00:00
4183,264,7,24,7,,,2026-04-07 00:00:00
4184,264,8,28,8,,,2026-04-07 00:00:00
4185,264,9,31,9,,,2026-04-07 00:00:00
4186,264,10,34,10,,,2026-04-07 00:00:00
4187,264,11,36,11,,,2026-04-07 00:00:00
4188,264,12,40,12,,,2026-04-07 00:00:00
4189,264,13,42,13,,,2026-04-07 00:00:00
4190,264,14,45,14,,,2026-04-07 00:00:00
4191,264,15,50,15,,,2026-04-07 00:00:00
4192,264,16,52,16,,,2026-04-07 00:00:00
4193,265,1,3,1,,,2026-04-07 00:00:00
4194,265,2,7,2,,,2026-04-07 00:00:00
4195,265,3,10,3,,,2026-04-07 00:00:00
4196,265,4,12,4,,,2026-04-07 00:00:00
4197,265,5,16,5,,,2026-04-07 00:00:00
4198,265,6,20,6,,,2026-04-07 00:00:00
4199,265,7,22,7,,,2026-04-07 00:00:00
4200,265,8,28,8,,,2026-04-07 00:00:00
4201,265,9,31,9,,,2026-04-07 00:00:00
4202,265,10,34,10,,,2026-04-07 00:00:00
4203,265,11,36,11,,,2026-04-07 00:00:00
4204,265,12,40,12,,,2026-04-07 00:00:00
4205,265,13,42,13,,,2026-04-07 00:00:00
4206,265,14,45,14,,,2026-04-07 00:00:00
4207,265,15,50,15,,,2026-04-07 00:00:00
4208,265,16,52,16,,,2026-04-07 00:00:00
4209,266,1,3,1,,,2026-04-07 00:00:00
4210,266,2,7,2,,,2026-04-07 00:00:00
4211,266,3,10,3,,,2026-04-07 00:00:00
4212,266,4,11,4,,,2026-04-07 00:00:00
4213,266,5,16,5,,,2026-04-07 00:00:00
4214,266,6,21,6,,,2026-04-07 00:00:00
4215,266,7,22,7,,,2026-04-07 00:00:00
4216,266,8,28,8,,,2026-04-07 00:00:00
4217,266,9,31,9,,,2026-04-07 00:00:00
4218,266,10,34,10,,,2026-04-07 00:00:00
4219,266,11,36,11,,,2026-04-07 00:00:00
4220,266,12,40,12,,,2026-04-07 00:00:00
4221,266,13,42,13,,,2026-04-07 00:00:00
4222,266,14,45,14,,,2026-04-07 00:00:00
4223,266,15,50,15,,,2026-04-07 00:00:00
4224,266,16,52,16,,,2026-04-07 00:00:00
4225,267,1,4,1,,,2026-04-07 00:00:00
4226,267,2,7,2,,,2026-04-07 00:00:00
4227,267,3,10,3,,,2026-04-07 00:00:00
4228,267,4,13,4,,,2026-04-07 00:00:00
4229,267,5,17,5,,,2026-04-07 00:00:00
4230,267,6,21,6,,,2026-04-07 00:00:00
4231,267,7,22,7,,,2026-04-07 00:00:00
4232,267,8,28,8,,,2026-04-07 00:00:00
4233,267,9,31,9,,,2026-04-07 00:00:00
4234,267,10,34,10,,,2026-04-07 00:00:00
4235,267,11,36,11,,,2026-04-07 00:00:00
4236,267,12,40,12,,,2026-04-07 00:00:00
4237,267,13,42,13,,,2026-04-07 00:00:00
4238,267,14,45,14,,,2026-04-07 00:00:00
4239,267,15,50,15,,,2026-04-07 00:00:00
4240,267,16,52,16,,,2026-04-07 00:00:00
4241,268,1,4,1,,,2026-04-07 00:00:00
4242,268,2,7,2,,,2026-04-07 00:00:00
4243,268,3,10,3,,,2026-04-07 00:00:00
4244,268,4,12,4,,,2026-04-07 00:00:00
4245,268,5,17,5,,,2026-04-07 00:00:00
4246,268,6,21,6,,,2026-04-07 00:00:00
4247,268,7,22,7,,,2026-04-07 00:00:00
4248,268,8,28,8,,,2026-04-07 00:00:00
4249,268,9,31,9,,,2026-04-07 00:00:00
4250,268,10,34,10,,,2026-04-07 00:00:00
4251,268,11,36,11,,,2026-04-07 00:00:00
4252,268,12,40,12,,,2026-04-07 00:00:00
4253,268,13,42,13,,,2026-04-07 00:00:00
4254,268,14,45,14,,,2026-04-07 00:00:00
4255,268,15,50,15,,,2026-04-07 00:00:00
4256,268,16,52,16,,,2026-04-07 00:00:00
4257,269,1,4,1,,,2026-04-07 00:00:00
4258,269,2,7,2,,,2026-04-07 00:00:00
4259,269,3,10,3,,,2026-04-07 00:00:00
4260,269,4,12,4,,,2026-04-07 00:00:00
4261,269,5,17,5,,,2026-04-07 00:00:00
4262,269,6,21,6,,,2026-04-07 00:00:00
4263,269,7,22,7,,,2026-04-07 00:00:00
4264,269,8,28,8,,,2026-04-07 00:00:00
4265,269,9,31,9,,,2026-04-07 00:00:00
4266,269,10,34,10,,,2026-04-07 00:00:00
4267,269,11,36,11,,,2026-04-07 00:00:00
4268,269,12,40,12,,,2026-04-07 00:00:00
4269,269,13,42,13,,,2026-04-07 00:00:00
4270,269,14,45,14,,,2026-04-07 00:00:00
4271,269,15,50,15,,,2026-04-07 00:00:00
4272,269,16,52,16,,,2026-04-07 00:00:00
4273,270,1,3,1,,,2026-04-07 00:00:00
4274,270,2,7,2,,,2026-04-07 00:00:00
4275,270,3,10,3,,,2026-04-07 00:00:00
4276,270,4,13,4,,,2026-04-07 00:00:00
4277,270,5,17,5,,,2026-04-07 00:00:00
4278,270,6,19,6,,,2026-04-07 00:00:00
4279,270,7,22,7,,,2026-04-07 00:00:00
4280,270,8,28,8,,,2026-04-07 00:00:00
4281,270,9,31,9,,,2026-04-07 00:00:00
4282,270,10,34,10,,,2026-04-07 00:00:00
4283,270,11,37,11,,,2026-04-07 00:00:00
4284,270,12,40,12,,,2026-04-07 00:00:00
4285,270,13,42,13,,,2026-04-07 00:00:00
4286,270,14,46,14,,,2026-04-07 00:00:00
4287,270,15,50,15,,,2026-04-07 00:00:00
4288,270,16,52,16,,,2026-04-07 00:00:00
4289,271,1,1,1,,,2026-04-07 00:00:00
4290,271,2,7,2,,,2026-04-07 00:00:00
4291,271,3,10,3,,,2026-04-07 00:00:00
4292,271,4,12,4,,,2026-04-07 00:00:00
4293,271,5,17,5,,,2026-04-07 00:00:00
4294,271,6,20,6,,,2026-04-07 00:00:00
4295,271,7,25,7,,,2026-04-07 00:00:00
4296,271,8,28,8,,,2026-04-07 00:00:00
4297,271,9,31,9,,,2026-04-07 00:00:00
4298,271,10,34,10,,,2026-04-07 00:00:00
4299,271,11,37,11,,,2026-04-07 00:00:00
4300,271,12,40,12,,,2026-04-07 00:00:00
4301,271,13,42,13,,,2026-04-07 00:00:00
4302,271,14,46,14,,,2026-04-07 00:00:00
4303,271,15,50,15,,,2026-04-07 00:00:00
4304,271,16,52,16,,,2026-04-07 00:00:00
4305,272,1,2,1,,,2026-04-07 00:00:00
4306,272,2,7,2,,,2026-04-07 00:00:00
4307,272,3,10,3,,,2026-04-07 00:00:00
4308,272,4,13,4,,,2026-04-07 00:00:00
4309,272,5,17,5,,,2026-04-07 00:00:00
4310,272,6,20,6,,,2026-04-07 00:00:00
4311,272,7,23,7,,,2026-04-07 00:00:00
4312,272,8,28,8,,,2026-04-07 00:00:00
4313,272,9,31,9,,,2026-04-07 00:00:00
4314,272,10,34,10,,,2026-04-07 00:00:00
4315,272,11,37,11,,,2026-04-07 00:00:00
4316,272,12,40,12,,,2026-04-07 00:00:00
4317,272,13,42,13,,,2026-04-07 00:00:00
4318,272,14,46,14,,,2026-04-07 00:00:00
4319,272,15,50,15,,,2026-04-07 00:00:00
4320,272,16,52,16,,,2026-04-07 00:00:00
4321,273,1,3,1,,,2026-04-07 00:00:00
4322,273,2,7,2,,,2026-04-07 00:00:00
4323,273,3,10,3,,,2026-04-07 00:00:00
4324,273,4,13,4,,,2026-04-07 00:00:00
4325,273,5,17,5,,,2026-04-07 00:00:00
4326,273,6,20,6,,,2026-04-07 00:00:00
4327,273,7,22,7,,,2026-04-07 00:00:00
4328,273,8,28,8,,,2026-04-07 00:00:00
4329,273,9,31,9,,,2026-04-07 00:00:00
4330,273,10,34,10,,,2026-04-07 00:00:00
4331,273,11,36,11,,,2026-04-07 00:00:00
4332,273,12,40,12,,,2026-04-07 00:00:00
4333,273,13,42,13,,,2026-04-07 00:00:00
4334,273,14,45,14,,,2026-04-07 00:00:00
4335,273,15,50,15,,,2026-04-07 00:00:00
4336,273,16,52,16,,,2026-04-07 00:00:00
4337,274,1,4,1,,,2026-04-07 00:00:00
4338,274,2,7,2,,,2026-04-07 00:00:00
4339,274,3,10,3,,,2026-04-07 00:00:00
4340,274,4,13,4,,,2026-04-07 00:00:00
4341,274,5,16,5,,,2026-04-07 00:00:00
4342,274,6,21,6,,,2026-04-07 00:00:00
4343,274,7,22,7,,,2026-04-07 00:00:00
4344,274,8,26,8,,,2026-04-07 00:00:00
4345,274,9,31,9,,,2026-04-07 00:00:00
4346,274,10,34,10,,,2026-04-07 00:00:00
4347,274,11,36,11,,,2026-04-07 00:00:00
4348,274,12,40,12,,,2026-04-07 00:00:00
4349,274,13,42,13,,,2026-04-07 00:00:00
4350,274,14,45,14,,,2026-04-07 00:00:00
4351,274,15,50,15,,,2026-04-07 00:00:00
4352,274,16,52,16,,,2026-04-07 00:00:00
4353,275,1,4,1,,,2026-04-07 00:00:00
4354,275,2,7,2,,,2026-04-07 00:00:00
4355,275,3,10,3,,,2026-04-07 00:00:00
4356,275,4,12,4,,,2026-04-07 00:00:00
4357,275,5,17,5,,,2026-04-07 00:00:00
4358,275,6,21,6,,,2026-04-07 00:00:00
4359,275,7,22,7,,,2026-04-07 00:00:00
4360,275,8,28,8,,,2026-04-07 00:00:00
4361,275,9,31,9,,,2026-04-07 00:00:00
4362,275,10,34,10,,,2026-04-07 00:00:00
4363,275,11,36,11,,,2026-04-07 00:00:00
4364,275,12,40,12,,,2026-04-07 00:00:00
4365,275,13,42,13,,,2026-04-07 00:00:00
4366,275,14,45,14,,,2026-04-07 00:00:00
4367,275,15,50,15,,,2026-04-07 00:00:00
4368,275,16,52,16,,,2026-04-07 00:00:00
4369,276,1,3,1,,,2026-04-07 00:00:00
4370,276,2,7,2,,,2026-04-07 00:00:00
4371,276,3,10,3,,,2026-04-07 00:00:00
4372,276,4,12,4,,,2026-04-07 00:00:00
4373,276,5,17,5,,,2026-04-07 00:00:00
4374,276,6,21,6,,,2026-04-07 00:00:00
4375,276,7,22,7,,,2026-04-07 00:00:00
4376,276,8,28,8,,,2026-04-07 00:00:00
4377,276,9,31,9,,,2026-04-07 00:00:00
4378,276,10,34,10,,,2026-04-07 00:00:00
4379,276,11,36,11,,,2026-04-07 00:00:00
4380,276,12,40,12,,,2026-04-07 00:00:00
4381,276,13,42,13,,,2026-04-07 00:00:00
4382,276,14,45,14,,,2026-04-07 00:00:00
4383,276,15,50,15,,,2026-04-07 00:00:00
4384,276,16,52,16,,,2026-04-07 00:00:00
4385,277,1,4,1,,,2026-04-07 00:00:00
4386,277,2,7,2,,,2026-04-07 00:00:00
4387,277,3,10,3,,,2026-04-07 00:00:00
4388,277,4,13,4,,,2026-04-07 00:00:00
4389,277,5,17,5,,,2026-04-07 00:00:00
4390,277,6,21,6,,,2026-04-07 00:00:00
4391,277,7,22,7,,,2026-04-07 00:00:00
4392,277,8,28,8,,,2026-04-07 00:00:00
4393,277,9,31,9,,,2026-04-07 00:00:00
4394,277,10,34,10,,,2026-04-07 00:00:00
4395,277,11,36,11,,,2026-04-07 00:00:00
4396,277,12,40,12,,,2026-04-07 00:00:00
4397,277,13,42,13,,,2026-04-07 00:00:00
4398,277,14,45,14,,,2026-04-07 00:00:00
4399,277,15,50,15,,,2026-04-07 00:00:00
4400,277,16,52,16,,,2026-04-07 00:00:00
4401,278,1,4,1,,,2026-04-07 00:00:00
4402,278,2,7,2,,,2026-04-07 00:00:00
4403,278,3,10,3,,,2026-04-07 00:00:00
4404,278,4,13,4,,,2026-04-07 00:00:00
4405,278,5,17,5,,,2026-04-07 00:00:00
4406,278,6,21,6,,,2026-04-07 00:00:00
4407,278,7,22,7,,,2026-04-07 00:00:00
4408,278,8,28,8,,,2026-04-07 00:00:00
4409,278,9,31,9,,,2026-04-07 00:00:00
4410,278,10,34,10,,,2026-04-07 00:00:00
4411,278,11,36,11,,,2026-04-07 00:00:00
4412,278,12,40,12,,,2026-04-07 00:00:00
4413,278,13,42,13,,,2026-04-07 00:00:00
4414,278,14,45,14,,,2026-04-07 00:00:00
4415,278,15,50,15,,,2026-04-07 00:00:00
4416,278,16,52,16,,,2026-04-07 00:00:00
4417,279,1,4,1,,,2026-04-07 00:00:00
4418,279,2,7,2,,,2026-04-07 00:00:00
4419,279,3,10,3,,,2026-04-07 00:00:00
4420,279,4,13,4,,,2026-04-07 00:00:00
4421,279,5,17,5,,,2026-04-07 00:00:00
4422,279,6,21,6,,,2026-04-07 00:00:00
4423,279,7,22,7,,,2026-04-07 00:00:00
4424,279,8,28,8,,,2026-04-07 00:00:00
4425,279,9,31,9,,,2026-04-07 00:00:00
4426,279,10,34,10,,,2026-04-07 00:00:00
4427,279,11,36,11,,,2026-04-07 00:00:00
4428,279,12,40,12,,,2026-04-07 00:00:00
4429,279,13,42,13,,,2026-04-07 00:00:00
4430,279,14,45,14,,,2026-04-07 00:00:00
4431,279,15,50,15,,,2026-04-07 00:00:00
4432,279,16,52,16,,,2026-04-07 00:00:00
4433,280,1,4,1,,,2026-04-07 00:00:00
4434,280,2,7,2,,,2026-04-07 00:00:00
4435,280,3,10,3,,,2026-04-07 00:00:00
4436,280,4,12,4,,,2026-04-07 00:00:00
4437,280,5,17,5,,,2026-04-07 00:00:00
4438,280,6,21,6,,,2026-04-07 00:00:00
4439,280,7,22,7,,,2026-04-07 00:00:00
4440,280,8,28,8,,,2026-04-07 00:00:00
4441,280,9,31,9,,,2026-04-07 00:00:00
4442,280,10,34,10,,,2026-04-07 00:00:00
4443,280,11,36,11,,,2026-04-07 00:00:00
4444,280,12,40,12,,,2026-04-07 00:00:00
4445,280,13,42,13,,,2026-04-07 00:00:00
4446,280,14,45,14,,,2026-04-07 00:00:00
4447,280,15,50,15,,,2026-04-07 00:00:00
4448,280,16,52,16,,,2026-04-07 00:00:00
4449,281,1,4,1,,,2026-04-07 00:00:00
4450,281,2,7,2,,,2026-04-07 00:00:00
4451,281,3,10,3,,,2026-04-07 00:00:00
4452,281,4,13,4,,,2026-04-07 00:00:00
4453,281,5,17,5,,,2026-04-07 00:00:00
4454,281,6,21,6,,,2026-04-07 00:00:00
4455,281,7,22,7,,,2026-04-07 00:00:00
4456,281,8,28,8,,,2026-04-07 00:00:00
4457,281,9,31,9,,,2026-04-07 00:00:00
4458,281,10,34,10,,,2026-04-07 00:00:00
4459,281,11,36,11,,,2026-04-07 00:00:00
4460,281,12,40,12,,,2026-04-07 00:00:00
4461,281,13,42,13,,,2026-04-07 00:00:00
4462,281,14,45,14,,,2026-04-07 00:00:00
4463,281,15,50,15,,,2026-04-07 00:00:00
4464,281,16,52,16,,,2026-04-07 00:00:00
4465,282,1,4,1,,,2026-04-07 00:00:00
4466,282,2,7,2,,,2026-04-07 00:00:00
4467,282,3,10,3,,,2026-04-07 00:00:00
4468,282,4,13,4,,,2026-04-07 00:00:00
4469,282,5,14,5,,,2026-04-07 00:00:00
4470,282,6,21,6,,,2026-04-07 00:00:00
4471,282,7,22,7,,,2026-04-07 00:00:00
4472,282,8,26,8,,,2026-04-07 00:00:00
4473,282,9,31,9,,,2026-04-07 00:00:00
4474,282,10,34,10,,,2026-04-07 00:00:00
4475,282,11,36,11,,,2026-04-07 00:00:00
4476,282,12,40,12,,,2026-04-07 00:00:00
4477,282,13,42,13,,,2026-04-07 00:00:00
4478,282,14,45,14,,,2026-04-07 00:00:00
4479,282,15,50,15,,,2026-04-07 00:00:00
4480,282,16,52,16,,,2026-04-07 00:00:00
4481,283,1,3,1,,,2026-04-07 00:00:00
4482,283,2,7,2,,,2026-04-07 00:00:00
4483,283,3,10,3,,,2026-04-07 00:00:00
4484,283,4,12,4,,,2026-04-07 00:00:00
4485,283,5,17,5,,,2026-04-07 00:00:00
4486,283,6,21,6,,,2026-04-07 00:00:00
4487,283,7,22,7,,,2026-04-07 00:00:00
4488,283,8,28,8,,,2026-04-07 00:00:00
4489,283,9,31,9,,,2026-04-07 00:00:00
4490,283,10,34,10,,,2026-04-07 00:00:00
4491,283,11,36,11,,,2026-04-07 00:00:00
4492,283,12,40,12,,,2026-04-07 00:00:00
4493,283,13,42,13,,,2026-04-07 00:00:00
4494,283,14,45,14,,,2026-04-07 00:00:00
4495,283,15,50,15,,,2026-04-07 00:00:00
4496,283,16,52,16,,,2026-04-07 00:00:00
4497,284,1,4,1,,,2026-04-07 00:00:00
4498,284,2,7,2,,,2026-04-07 00:00:00
4499,284,3,10,3,,,2026-04-07 00:00:00
4500,284,4,13,4,,,2026-04-07 00:00:00
4501,284,5,16,5,,,2026-04-07 00:00:00
4502,284,6,21,6,,,2026-04-07 00:00:00
4503,284,7,22,7,,,2026-04-07 00:00:00
4504,284,8,26,8,,,2026-04-07 00:00:00
4505,284,9,31,9,,,2026-04-07 00:00:00
4506,284,10,34,10,,,2026-04-07 00:00:00
4507,284,11,36,11,,,2026-04-07 00:00:00
4508,284,12,40,12,,,2026-04-07 00:00:00
4509,284,13,42,13,,,2026-04-07 00:00:00
4510,284,14,45,14,,,2026-04-07 00:00:00
4511,284,15,50,15,,,2026-04-07 00:00:00
4512,284,16,52,16,,,2026-04-07 00:00:00
4513,285,1,4,1,,,2026-04-07 00:00:00
4514,285,2,7,2,,,2026-04-07 00:00:00
4515,285,3,10,3,,,2026-04-07 00:00:00
4516,285,4,12,4,,,2026-04-07 00:00:00
4517,285,5,17,5,,,2026-04-07 00:00:00
4518,285,6,21,6,,,2026-04-07 00:00:00
4519,285,7,22,7,,,2026-04-07 00:00:00
4520,285,8,28,8,,,2026-04-07 00:00:00
4521,285,9,31,9,,,2026-04-07 00:00:00
4522,285,10,34,10,,,2026-04-07 00:00:00
4523,285,11,36,11,,,2026-04-07 00:00:00
4524,285,12,40,12,,,2026-04-07 00:00:00
4525,285,13,42,13,,,2026-04-07 00:00:00
4526,285,14,45,14,,,2026-04-07 00:00:00
4527,285,15,50,15,,,2026-04-07 00:00:00
4528,285,16,52,16,,,2026-04-07 00:00:00
4529,286,1,4,1,,,2026-04-07 00:00:00
4530,286,2,7,2,,,2026-04-07 00:00:00
4531,286,3,10,3,,,2026-04-07 00:00:00
4532,286,4,11,4,,,2026-04-07 00:00:00
4533,286,5,16,5,,,2026-04-07 00:00:00
4534,286,6,21,6,,,2026-04-07 00:00:00
4535,286,7,22,7,,,2026-04-07 00:00:00
4536,286,8,28,8,,,2026-04-07 00:00:00
4537,286,9,31,9,,,2026-04-07 00:00:00
4538,286,10,34,10,,,2026-04-07 00:00:00
4539,286,11,36,11,,,2026-04-07 00:00:00
4540,286,12,40,12,,,2026-04-07 00:00:00
4541,286,13,42,13,,,2026-04-07 00:00:00
4542,286,14,45,14,,,2026-04-07 00:00:00
4543,286,15,50,15,,,2026-04-07 00:00:00
4544,286,16,52,16,,,2026-04-07 00:00:00
4545,287,1,3,1,,,2026-04-07 00:00:00
4546,287,2,7,2,,,2026-04-07 00:00:00
4547,287,3,10,3,,,2026-04-07 00:00:00
4548,287,4,12,4,,,2026-04-07 00:00:00
4549,287,5,17,5,,,2026-04-07 00:00:00
4550,287,6,21,6,,,2026-04-07 00:00:00
4551,287,7,22,7,,,2026-04-07 00:00:00
4552,287,8,28,8,,,2026-04-07 00:00:00
4553,287,9,31,9,,,2026-04-07 00:00:00
4554,287,10,34,10,,,2026-04-07 00:00:00
4555,287,11,36,11,,,2026-04-07 00:00:00
4556,287,12,40,12,,,2026-04-07 00:00:00
4557,287,13,42,13,,,2026-04-07 00:00:00
4558,287,14,45,14,,,2026-04-07 00:00:00
4559,287,15,50,15,,,2026-04-07 00:00:00
4560,287,16,52,16,,,2026-04-07 00:00:00
4561,288,1,4,1,,,2026-04-07 00:00:00
4562,288,2,7,2,,,2026-04-07 00:00:00
4563,288,3,10,3,,,2026-04-07 00:00:00
4564,288,4,13,4,,,2026-04-07 00:00:00
4565,288,5,14,5,,,2026-04-07 00:00:00
4566,288,6,21,6,,,2026-04-07 00:00:00
4567,288,7,22,7,,,2026-04-07 00:00:00
4568,288,8,26,8,,,2026-04-07 00:00:00
4569,288,9,31,9,,,2026-04-07 00:00:00
4570,288,10,34,10,,,2026-04-07 00:00:00
4571,288,11,36,11,,,2026-04-07 00:00:00
4572,288,12,40,12,,,2026-04-07 00:00:00
4573,288,13,42,13,,,2026-04-07 00:00:00
4574,288,14,45,14,,,2026-04-07 00:00:00
4575,288,15,50,15,,,2026-04-07 00:00:00
4576,288,16,52,16,,,2026-04-07 00:00:00
4577,289,1,4,1,,,2026-04-07 00:00:00
4578,289,2,7,2,,,2026-04-07 00:00:00
4579,289,3,10,3,,,2026-04-07 00:00:00
4580,289,4,13,4,,,2026-04-07 00:00:00
4581,289,5,15,5,,,2026-04-07 00:00:00
4582,289,6,21,6,,,2026-04-07 00:00:00
4583,289,7,22,7,,,2026-04-07 00:00:00
4584,289,8,26,8,,,2026-04-07 00:00:00
4585,289,9,31,9,,,2026-04-07 00:00:00
4586,289,10,34,10,,,2026-04-07 00:00:00
4587,289,11,36,11,,,2026-04-07 00:00:00
4588,289,12,40,12,,,2026-04-07 00:00:00
4589,289,13,42,13,,,2026-04-07 00:00:00
4590,289,14,45,14,,,2026-04-07 00:00:00
4591,289,15,50,15,,,2026-04-07 00:00:00
4592,289,16,52,16,,,2026-04-07 00:00:00
4593,290,1,4,1,,,2026-04-07 00:00:00
4594,290,2,7,2,,,2026-04-07 00:00:00
4595,290,3,10,3,,,2026-04-07 00:00:00
4596,290,4,13,4,,,2026-04-07 00:00:00
4597,290,5,15,5,,,2026-04-07 00:00:00
4598,290,6,21,6,,,2026-04-07 00:00:00
4599,290,7,22,7,,,2026-04-07 00:00:00
4600,290,8,26,8,,,2026-04-07 00:00:00
4601,290,9,31,9,,,2026-04-07 00:00:00
4602,290,10,34,10,,,2026-04-07 00:00:00
4603,290,11,36,11,,,2026-04-07 00:00:00
4604,290,12,40,12,,,2026-04-07 00:00:00
4605,290,13,42,13,,,2026-04-07 00:00:00
4606,290,14,45,14,,,2026-04-07 00:00:00
4607,290,15,50,15,,,2026-04-07 00:00:00
4608,290,16,52,16,,,2026-04-07 00:00:00
4609,291,1,4,1,,,2026-04-07 00:00:00
4610,291,2,7,2,,,2026-04-07 00:00:00
4611,291,3,10,3,,,2026-04-07 00:00:00
4612,291,4,13,4,,,2026-04-07 00:00:00
4613,291,5,14,5,,,2026-04-07 00:00:00
4614,291,6,21,6,,,2026-04-07 00:00:00
4615,291,7,22,7,,,2026-04-07 00:00:00
4616,291,8,26,8,,,2026-04-07 00:00:00
4617,291,9,31,9,,,2026-04-07 00:00:00
4618,291,10,34,10,,,2026-04-07 00:00:00
4619,291,11,36,11,,,2026-04-07 00:00:00
4620,291,12,40,12,,,2026-04-07 00:00:00
4621,291,13,42,13,,,2026-04-07 00:00:00
4622,291,14,45,14,,,2026-04-07 00:00:00
4623,291,15,50,15,,,2026-04-07 00:00:00
4624,291,16,52,16,,,2026-04-07 00:00:00
4625,292,1,4,1,,,2026-04-07 00:00:00
4626,292,2,7,2,,,2026-04-07 00:00:00
4627,292,3,10,3,,,2026-04-07 00:00:00
4628,292,4,13,4,,,2026-04-07 00:00:00
4629,292,5,14,5,,,2026-04-07 00:00:00
4630,292,6,21,6,,,2026-04-07 00:00:00
4631,292,7,22,7,,,2026-04-07 00:00:00
4632,292,8,26,8,,,2026-04-07 00:00:00
4633,292,9,31,9,,,2026-04-07 00:00:00
4634,292,10,34,10,,,2026-04-07 00:00:00
4635,292,11,36,11,,,2026-04-07 00:00:00
4636,292,12,40,12,,,2026-04-07 00:00:00
4637,292,13,42,13,,,2026-04-07 00:00:00
4638,292,14,45,14,,,2026-04-07 00:00:00
4639,292,15,50,15,,,2026-04-07 00:00:00
4640,292,16,52,16,,,2026-04-07 00:00:00
4641,293,1,4,1,,,2026-04-07 00:00:00
4642,293,2,7,2,,,2026-04-07 00:00:00
4643,293,3,10,3,,,2026-04-07 00:00:00
4644,293,4,12,4,,,2026-04-07 00:00:00
4645,293,5,14,5,,,2026-04-07 00:00:00
4646,293,6,21,6,,,2026-04-07 00:00:00
4647,293,7,22,7,,,2026-04-07 00:00:00
4648,293,8,26,8,,,2026-04-07 00:00:00
4649,293,9,31,9,,,2026-04-07 00:00:00
4650,293,10,34,10,,,2026-04-07 00:00:00
4651,293,11,36,11,,,2026-04-07 00:00:00
4652,293,12,40,12,,,2026-04-07 00:00:00
4653,293,13,42,13,,,2026-04-07 00:00:00
4654,293,14,45,14,,,2026-04-07 00:00:00
4655,293,15,50,15,,,2026-04-07 00:00:00
4656,293,16,52,16,,,2026-04-07 00:00:00
4657,294,1,2,1,,,2026-04-07 00:00:00
4658,294,2,7,2,,,2026-04-07 00:00:00
4659,294,3,10,3,,,2026-04-07 00:00:00
4660,294,4,12,4,,,2026-04-07 00:00:00
4661,294,5,14,5,,,2026-04-07 00:00:00
4662,294,6,21,6,,,2026-04-07 00:00:00
4663,294,7,23,7,,,2026-04-07 00:00:00
4664,294,8,26,8,,,2026-04-07 00:00:00
4665,294,9,31,9,,,2026-04-07 00:00:00
4666,294,10,34,10,,,2026-04-07 00:00:00
4667,294,11,36,11,,,2026-04-07 00:00:00
4668,294,12,40,12,,,2026-04-07 00:00:00
4669,294,13,42,13,,,2026-04-07 00:00:00
4670,294,14,45,14,,,2026-04-07 00:00:00
4671,294,15,50,15,,,2026-04-07 00:00:00
4672,294,16,52,16,,,2026-04-07 00:00:00
4673,295,1,3,1,,,2026-04-07 00:00:00
4674,295,2,7,2,,,2026-04-07 00:00:00
4675,295,3,10,3,,,2026-04-07 00:00:00
4676,295,4,12,4,,,2026-04-07 00:00:00
4677,295,5,14,5,,,2026-04-07 00:00:00
4678,295,6,21,6,,,2026-04-07 00:00:00
4679,295,7,22,7,,,2026-04-07 00:00:00
4680,295,8,26,8,,,2026-04-07 00:00:00
4681,295,9,31,9,,,2026-04-07 00:00:00
4682,295,10,34,10,,,2026-04-07 00:00:00
4683,295,11,36,11,,,2026-04-07 00:00:00
4684,295,12,40,12,,,2026-04-07 00:00:00
4685,295,13,42,13,,,2026-04-07 00:00:00
4686,295,14,45,14,,,2026-04-07 00:00:00
4687,295,15,50,15,,,2026-04-07 00:00:00
4688,295,16,52,16,,,2026-04-07 00:00:00
4689,296,1,2,1,,,2026-04-07 00:00:00
4690,296,2,7,2,,,2026-04-07 00:00:00
4691,296,3,10,3,,,2026-04-07 00:00:00
4692,296,4,11,4,,,2026-04-07 00:00:00
4693,296,5,14,5,,,2026-04-07 00:00:00
4694,296,6,21,6,,,2026-04-07 00:00:00
4695,296,7,23,7,,,2026-04-07 00:00:00
4696,296,8,26,8,,,2026-04-07 00:00:00
4697,296,9,31,9,,,2026-04-07 00:00:00
4698,296,10,34,10,,,2026-04-07 00:00:00
4699,296,11,36,11,,,2026-04-07 00:00:00
4700,296,12,40,12,,,2026-04-07 00:00:00
4701,296,13,42,13,,,2026-04-07 00:00:00
4702,296,14,45,14,,,2026-04-07 00:00:00
4703,296,15,50,15,,,2026-04-07 00:00:00
4704,296,16,52,16,,,2026-04-07 00:00:00
4705,297,1,3,1,,,2026-04-07 00:00:00
4706,297,2,7,2,,,2026-04-07 00:00:00
4707,297,3,10,3,,,2026-04-07 00:00:00
4708,297,4,12,4,,,2026-04-07 00:00:00
4709,297,5,14,5,,,2026-04-07 00:00:00
4710,297,6,21,6,,,2026-04-07 00:00:00
4711,297,7,22,7,,,2026-04-07 00:00:00
4712,297,8,26,8,,,2026-04-07 00:00:00
4713,297,9,31,9,,,2026-04-07 00:00:00
4714,297,10,34,10,,,2026-04-07 00:00:00
4715,297,11,36,11,,,2026-04-07 00:00:00
4716,297,12,40,12,,,2026-04-07 00:00:00
4717,297,13,42,13,,,2026-04-07 00:00:00
4718,297,14,45,14,,,2026-04-07 00:00:00
4719,297,15,50,15,,,2026-04-07 00:00:00
4720,297,16,52,16,,,2026-04-07 00:00:00
4721,298,1,4,1,,,2026-04-07 00:00:00
4722,298,2,7,2,,,2026-04-07 00:00:00
4723,298,3,10,3,,,2026-04-07 00:00:00
4724,298,4,13,4,,,2026-04-07 00:00:00
4725,298,5,17,5,,,2026-04-07 00:00:00
4726,298,6,21,6,,,2026-04-07 00:00:00
4727,298,7,22,7,,,2026-04-07 00:00:00
4728,298,8,28,8,,,2026-04-07 00:00:00
4729,298,9,29,9,,,2026-04-07 00:00:00
4730,298,10,34,10,,,2026-04-07 00:00:00
4731,298,11,36,11,,,2026-04-07 00:00:00
4732,298,12,40,12,,,2026-04-07 00:00:00
4733,298,13,42,13,,,2026-04-07 00:00:00
4734,298,14,45,14,,,2026-04-07 00:00:00
4735,298,15,50,15,,,2026-04-07 00:00:00
4736,298,16,52,16,,,2026-04-07 00:00:00
4737,299,1,4,1,,,2026-04-07 00:00:00
4738,299,2,7,2,,,2026-04-07 00:00:00
4739,299,3,10,3,,,2026-04-07 00:00:00
4740,299,4,11,4,,,2026-04-07 00:00:00
4741,299,5,14,5,,,2026-04-07 00:00:00
4742,299,6,21,6,,,2026-04-07 00:00:00
4743,299,7,22,7,,,2026-04-07 00:00:00
4744,299,8,26,8,,,2026-04-07 00:00:00
4745,299,9,31,9,,,2026-04-07 00:00:00
4746,299,10,34,10,,,2026-04-07 00:00:00
4747,299,11,36,11,,,2026-04-07 00:00:00
4748,299,12,40,12,,,2026-04-07 00:00:00
4749,299,13,42,13,,,2026-04-07 00:00:00
4750,299,14,45,14,,,2026-04-07 00:00:00
4751,299,15,50,15,,,2026-04-07 00:00:00
4752,299,16,52,16,,,2026-04-07 00:00:00
4753,300,1,4,1,,,2026-04-07 00:00:00
4754,300,2,7,2,,,2026-04-07 00:00:00
4755,300,3,10,3,,,2026-04-07 00:00:00
4756,300,4,13,4,,,2026-04-07 00:00:00
4757,300,5,14,5,,,2026-04-07 00:00:00
4758,300,6,21,6,,,2026-04-07 00:00:00
4759,300,7,22,7,,,2026-04-07 00:00:00
4760,300,8,26,8,,,2026-04-07 00:00:00
4761,300,9,31,9,,,2026-04-07 00:00:00
4762,300,10,34,10,,,2026-04-07 00:00:00
4763,300,11,36,11,,,2026-04-07 00:00:00
4764,300,12,40,12,,,2026-04-07 00:00:00
4765,300,13,42,13,,,2026-04-07 00:00:00
4766,300,14,45,14,,,2026-04-07 00:00:00
4767,300,15,50,15,,,2026-04-07 00:00:00
4768,300,16,52,16,,,2026-04-07 00:00:00
4769,301,1,2,1,,,2026-04-07 00:00:00
4770,301,2,7,2,,,2026-04-07 00:00:00
4771,301,3,10,3,,,2026-04-07 00:00:00
4772,301,4,13,4,,,2026-04-07 00:00:00
4773,301,5,14,5,,,2026-04-07 00:00:00
4774,301,6,20,6,,,2026-04-07 00:00:00
4775,301,7,25,7,,,2026-04-07 00:00:00
4776,301,8,28,8,,,2026-04-07 00:00:00
4777,301,9,31,9,,,2026-04-07 00:00:00
4778,301,10,34,10,,,2026-04-07 00:00:00
4779,301,11,36,11,,,2026-04-07 00:00:00
4780,301,12,40,12,,,2026-04-07 00:00:00
4781,301,13,42,13,,,2026-04-07 00:00:00
4782,301,14,45,14,,,2026-04-07 00:00:00
4783,301,15,50,15,,,2026-04-07 00:00:00
4784,301,16,52,16,,,2026-04-07 00:00:00
4785,302,1,4,1,,,2026-04-07 00:00:00
4786,302,2,7,2,,,2026-04-07 00:00:00
4787,302,3,10,3,,,2026-04-07 00:00:00
4788,302,4,13,4,,,2026-04-07 00:00:00
4789,302,5,14,5,,,2026-04-07 00:00:00
4790,302,6,21,6,,,2026-04-07 00:00:00
4791,302,7,22,7,,,2026-04-07 00:00:00
4792,302,8,26,8,,,2026-04-07 00:00:00
4793,302,9,31,9,,,2026-04-07 00:00:00
4794,302,10,34,10,,,2026-04-07 00:00:00
4795,302,11,36,11,,,2026-04-07 00:00:00
4796,302,12,40,12,,,2026-04-07 00:00:00
4797,302,13,42,13,,,2026-04-07 00:00:00
4798,302,14,45,14,,,2026-04-07 00:00:00
4799,302,15,50,15,,,2026-04-07 00:00:00
4800,302,16,52,16,,,2026-04-07 00:00:00
4801,303,1,4,1,,,2026-04-07 00:00:00
4802,303,2,7,2,,,2026-04-07 00:00:00
4803,303,3,10,3,,,2026-04-07 00:00:00
4804,303,4,13,4,,,2026-04-07 00:00:00
4805,303,5,14,5,,,2026-04-07 00:00:00
4806,303,6,21,6,,,2026-04-07 00:00:00
4807,303,7,22,7,,,2026-04-07 00:00:00
4808,303,8,26,8,,,2026-04-07 00:00:00
4809,303,9,31,9,,,2026-04-07 00:00:00
4810,303,10,34,10,,,2026-04-07 00:00:00
4811,303,11,36,11,,,2026-04-07 00:00:00
4812,303,12,40,12,,,2026-04-07 00:00:00
4813,303,13,42,13,,,2026-04-07 00:00:00
4814,303,14,45,14,,,2026-04-07 00:00:00
4815,303,15,50,15,,,2026-04-07 00:00:00
4816,303,16,52,16,,,2026-04-07 00:00:00
4817,304,1,4,1,,,2026-04-07 00:00:00
4818,304,2,7,2,,,2026-04-07 00:00:00
4819,304,3,10,3,,,2026-04-07 00:00:00
4820,304,4,13,4,,,2026-04-07 00:00:00
4821,304,5,14,5,,,2026-04-07 00:00:00
4822,304,6,21,6,,,2026-04-07 00:00:00
4823,304,7,22,7,,,2026-04-07 00:00:00
4824,304,8,26,8,,,2026-04-07 00:00:00
4825,304,9,31,9,,,2026-04-07 00:00:00
4826,304,10,34,10,,,2026-04-07 00:00:00
4827,304,11,36,11,,,2026-04-07 00:00:00
4828,304,12,40,12,,,2026-04-07 00:00:00
4829,304,13,42,13,,,2026-04-07 00:00:00
4830,304,14,45,14,,,2026-04-07 00:00:00
4831,304,15,50,15,,,2026-04-07 00:00:00
4832,304,16,52,16,,,2026-04-07 00:00:00
4833,305,1,2,1,,,2026-04-07 00:00:00
4834,305,2,7,2,,,2026-04-07 00:00:00
4835,305,3,10,3,,,2026-04-07 00:00:00
4836,305,4,12,4,,,2026-04-07 00:00:00
4837,305,5,16,5,,,2026-04-07 00:00:00
4838,305,6,21,6,,,2026-04-07 00:00:00
4839,305,7,23,7,,,2026-04-07 00:00:00
4840,305,8,28,8,,,2026-04-07 00:00:00
4841,305,9,31,9,,,2026-04-07 00:00:00
4842,305,10,34,10,,,2026-04-07 00:00:00
4843,305,11,36,11,,,2026-04-07 00:00:00
4844,305,12,40,12,,,2026-04-07 00:00:00
4845,305,13,42,13,,,2026-04-07 00:00:00
4846,305,14,45,14,,,2026-04-07 00:00:00
4847,305,15,50,15,,,2026-04-07 00:00:00
4848,305,16,52,16,,,2026-04-07 00:00:00
4849,306,1,2,1,,,2026-04-07 00:00:00
4850,306,2,7,2,,,2026-04-07 00:00:00
4851,306,3,10,3,,,2026-04-07 00:00:00
4852,306,4,11,4,,,2026-04-07 00:00:00
4853,306,5,17,5,,,2026-04-07 00:00:00
4854,306,6,20,6,,,2026-04-07 00:00:00
4855,306,7,24,7,,,2026-04-07 00:00:00
4856,306,8,28,8,,,2026-04-07 00:00:00
4857,306,9,30,9,,,2026-04-07 00:00:00
4858,306,10,34,10,,,2026-04-07 00:00:00
4859,306,11,36,11,,,2026-04-07 00:00:00
4860,306,12,40,12,,,2026-04-07 00:00:00
4861,306,13,42,13,,,2026-04-07 00:00:00
4862,306,14,45,14,,,2026-04-07 00:00:00
4863,306,15,50,15,,,2026-04-07 00:00:00
4864,306,16,52,16,,,2026-04-07 00:00:00
4865,307,1,4,1,,,2026-04-07 00:00:00
4866,307,2,7,2,,,2026-04-07 00:00:00
4867,307,3,10,3,,,2026-04-07 00:00:00
4868,307,4,13,4,,,2026-04-07 00:00:00
4869,307,5,17,5,,,2026-04-07 00:00:00
4870,307,6,20,6,,,2026-04-07 00:00:00
4871,307,7,22,7,,,2026-04-07 00:00:00
4872,307,8,28,8,,,2026-04-07 00:00:00
4873,307,9,31,9,,,2026-04-07 00:00:00
4874,307,10,34,10,,,2026-04-07 00:00:00
4875,307,11,36,11,,,2026-04-07 00:00:00
4876,307,12,40,12,,,2026-04-07 00:00:00
4877,307,13,42,13,,,2026-04-07 00:00:00
4878,307,14,45,14,,,2026-04-07 00:00:00
4879,307,15,50,15,,,2026-04-07 00:00:00
4880,307,16,52,16,,,2026-04-07 00:00:00
4881,308,1,3,1,,,2026-04-07 00:00:00
4882,308,2,7,2,,,2026-04-07 00:00:00
4883,308,3,10,3,,,2026-04-07 00:00:00
4884,308,4,12,4,,,2026-04-07 00:00:00
4885,308,5,16,5,,,2026-04-07 00:00:00
4886,308,6,20,6,,,2026-04-07 00:00:00
4887,308,7,22,7,,,2026-04-07 00:00:00
4888,308,8,28,8,,,2026-04-07 00:00:00
4889,308,9,30,9,,,2026-04-07 00:00:00
4890,308,10,34,10,,,2026-04-07 00:00:00
4891,308,11,36,11,,,2026-04-07 00:00:00
4892,308,12,40,12,,,2026-04-07 00:00:00
4893,308,13,42,13,,,2026-04-07 00:00:00
4894,308,14,45,14,,,2026-04-07 00:00:00
4895,308,15,50,15,,,2026-04-07 00:00:00
4896,308,16,52,16,,,2026-04-07 00:00:00
4897,309,1,2,1,,,2026-04-07 00:00:00
4898,309,2,7,2,,,2026-04-07 00:00:00
4899,309,3,10,3,,,2026-04-07 00:00:00
4900,309,4,12,4,,,2026-04-07 00:00:00
4901,309,5,17,5,,,2026-04-07 00:00:00
4902,309,6,20,6,,,2026-04-07 00:00:00
4903,309,7,23,7,,,2026-04-07 00:00:00
4904,309,8,28,8,,,2026-04-07 00:00:00
4905,309,9,31,9,,,2026-04-07 00:00:00
4906,309,10,34,10,,,2026-04-07 00:00:00
4907,309,11,36,11,,,2026-04-07 00:00:00
4908,309,12,40,12,,,2026-04-07 00:00:00
4909,309,13,42,13,,,2026-04-07 00:00:00
4910,309,14,45,14,,,2026-04-07 00:00:00
4911,309,15,50,15,,,2026-04-07 00:00:00
4912,309,16,52,16,,,2026-04-07 00:00:00
4913,310,1,2,1,,,2026-04-07 00:00:00
4914,310,2,7,2,,,2026-04-07 00:00:00
4915,310,3,10,3,,,2026-04-07 00:00:00
4916,310,4,11,4,,,2026-04-07 00:00:00
4917,310,5,17,5,,,2026-04-07 00:00:00
4918,310,6,20,6,,,2026-04-07 00:00:00
4919,310,7,24,7,,,2026-04-07 00:00:00
4920,310,8,28,8,,,2026-04-07 00:00:00
4921,310,9,30,9,,,2026-04-07 00:00:00
4922,310,10,34,10,,,2026-04-07 00:00:00
4923,310,11,36,11,,,2026-04-07 00:00:00
4924,310,12,40,12,,,2026-04-07 00:00:00
4925,310,13,42,13,,,2026-04-07 00:00:00
4926,310,14,45,14,,,2026-04-07 00:00:00
4927,310,15,50,15,,,2026-04-07 00:00:00
4928,310,16,52,16,,,2026-04-07 00:00:00
4929,311,1,1,1,,,2026-04-07 00:00:00
4930,311,2,7,2,,,2026-04-07 00:00:00
4931,311,3,10,3,,,2026-04-07 00:00:00
4932,311,4,12,4,,,2026-04-07 00:00:00
4933,311,5,16,5,,,2026-04-07 00:00:00
4934,311,6,20,6,,,2026-04-07 00:00:00
4935,311,7,25,7,,,2026-04-07 00:00:00
4936,311,8,28,8,,,2026-04-07 00:00:00
4937,311,9,30,9,,,2026-04-07 00:00:00
4938,311,10,34,10,,,2026-04-07 00:00:00
4939,311,11,36,11,,,2026-04-07 00:00:00
4940,311,12,40,12,,,2026-04-07 00:00:00
4941,311,13,42,13,,,2026-04-07 00:00:00
4942,311,14,45,14,,,2026-04-07 00:00:00
4943,311,15,50,15,,,2026-04-07 00:00:00
4944,311,16,52,16,,,2026-04-07 00:00:00
4945,312,1,2,1,,,2026-04-07 00:00:00
4946,312,2,7,2,,,2026-04-07 00:00:00
4947,312,3,10,3,,,2026-04-07 00:00:00
4948,312,4,13,4,,,2026-04-07 00:00:00
4949,312,5,17,5,,,2026-04-07 00:00:00
4950,312,6,20,6,,,2026-04-07 00:00:00
4951,312,7,23,7,,,2026-04-07 00:00:00
4952,312,8,28,8,,,2026-04-07 00:00:00
4953,312,9,31,9,,,2026-04-07 00:00:00
4954,312,10,34,10,,,2026-04-07 00:00:00
4955,312,11,36,11,,,2026-04-07 00:00:00
4956,312,12,40,12,,,2026-04-07 00:00:00
4957,312,13,42,13,,,2026-04-07 00:00:00
4958,312,14,45,14,,,2026-04-07 00:00:00
4959,312,15,50,15,,,2026-04-07 00:00:00
4960,312,16,52,16,,,2026-04-07 00:00:00
4961,313,1,4,1,,,2026-04-07 00:00:00
4962,313,2,7,2,,,2026-04-07 00:00:00
4963,313,3,10,3,,,2026-04-07 00:00:00
4964,313,4,13,4,,,2026-04-07 00:00:00
4965,313,5,17,5,,,2026-04-07 00:00:00
4966,313,6,21,6,,,2026-04-07 00:00:00
4967,313,7,22,7,,,2026-04-07 00:00:00
4968,313,8,28,8,,,2026-04-07 00:00:00
4969,313,9,31,9,,,2026-04-07 00:00:00
4970,313,10,34,10,,,2026-04-07 00:00:00
4971,313,11,36,11,,,2026-04-07 00:00:00
4972,313,12,40,12,,,2026-04-07 00:00:00
4973,313,13,42,13,,,2026-04-07 00:00:00
4974,313,14,45,14,,,2026-04-07 00:00:00
4975,313,15,50,15,,,2026-04-07 00:00:00
4976,313,16,52,16,,,2026-04-07 00:00:00
4977,314,1,4,1,,,2026-04-07 00:00:00
4978,314,2,7,2,,,2026-04-07 00:00:00
4979,314,3,10,3,,,2026-04-07 00:00:00
4980,314,4,12,4,,,2026-04-07 00:00:00
4981,314,5,17,5,,,2026-04-07 00:00:00
4982,314,6,21,6,,,2026-04-07 00:00:00
4983,314,7,22,7,,,2026-04-07 00:00:00
4984,314,8,28,8,,,2026-04-07 00:00:00
4985,314,9,31,9,,,2026-04-07 00:00:00
4986,314,10,34,10,,,2026-04-07 00:00:00
4987,314,11,36,11,,,2026-04-07 00:00:00
4988,314,12,40,12,,,2026-04-07 00:00:00
4989,314,13,42,13,,,2026-04-07 00:00:00
4990,314,14,45,14,,,2026-04-07 00:00:00
4991,314,15,50,15,,,2026-04-07 00:00:00
4992,314,16,52,16,,,2026-04-07 00:00:00
4993,315,1,4,1,,,2026-04-07 00:00:00
4994,315,2,7,2,,,2026-04-07 00:00:00
4995,315,3,10,3,,,2026-04-07 00:00:00
4996,315,4,12,4,,,2026-04-07 00:00:00
4997,315,5,17,5,,,2026-04-07 00:00:00
4998,315,6,21,6,,,2026-04-07 00:00:00
4999,315,7,22,7,,,2026-04-07 00:00:00
5000,315,8,28,8,,,2026-04-07 00:00:00
5001,315,9,31,9,,,2026-04-07 00:00:00
5002,315,10,34,10,,,2026-04-07 00:00:00
5003,315,11,36,11,,,2026-04-07 00:00:00
5004,315,12,40,12,,,2026-04-07 00:00:00
5005,315,13,42,13,,,2026-04-07 00:00:00
5006,315,14,45,14,,,2026-04-07 00:00:00
5007,315,15,50,15,,,2026-04-07 00:00:00
5008,315,16,52,16,,,2026-04-07 00:00:00
5009,316,1,2,1,,,2026-04-07 00:00:00
5010,316,2,7,2,,,2026-04-07 00:00:00
5011,316,3,10,3,,,2026-04-07 00:00:00
5012,316,4,11,4,,,2026-04-07 00:00:00
5013,316,5,16,5,,,2026-04-07 00:00:00
5014,316,6,21,6,,,2026-04-07 00:00:00
5015,316,7,23,7,,,2026-04-07 00:00:00
5016,316,8,28,8,,,2026-04-07 00:00:00
5017,316,9,31,9,,,2026-04-07 00:00:00
5018,316,10,34,10,,,2026-04-07 00:00:00
5019,316,11,36,11,,,2026-04-07 00:00:00
5020,316,12,40,12,,,2026-04-07 00:00:00
5021,316,13,42,13,,,2026-04-07 00:00:00
5022,316,14,45,14,,,2026-04-07 00:00:00
5023,316,15,50,15,,,2026-04-07 00:00:00
5024,316,16,52,16,,,2026-04-07 00:00:00
5025,317,1,3,1,,,2026-04-07 00:00:00
5026,317,2,7,2,,,2026-04-07 00:00:00
5027,317,3,10,3,,,2026-04-07 00:00:00
5028,317,4,12,4,,,2026-04-07 00:00:00
5029,317,5,17,5,,,2026-04-07 00:00:00
5030,317,6,21,6,,,2026-04-07 00:00:00
5031,317,7,22,7,,,2026-04-07 00:00:00
5032,317,8,28,8,,,2026-04-07 00:00:00
5033,317,9,31,9,,,2026-04-07 00:00:00
5034,317,10,34,10,,,2026-04-07 00:00:00
5035,317,11,36,11,,,2026-04-07 00:00:00
5036,317,12,40,12,,,2026-04-07 00:00:00
5037,317,13,42,13,,,2026-04-07 00:00:00
5038,317,14,45,14,,,2026-04-07 00:00:00
5039,317,15,50,15,,,2026-04-07 00:00:00
5040,317,16,52,16,,,2026-04-07 00:00:00
5041,318,1,2,1,,,2026-04-07 00:00:00
5042,318,2,7,2,,,2026-04-07 00:00:00
5043,318,3,10,3,,,2026-04-07 00:00:00
5044,318,4,11,4,,,2026-04-07 00:00:00
5045,318,5,16,5,,,2026-04-07 00:00:00
5046,318,6,21,6,,,2026-04-07 00:00:00
5047,318,7,24,7,,,2026-04-07 00:00:00
5048,318,8,28,8,,,2026-04-07 00:00:00
5049,318,9,31,9,,,2026-04-07 00:00:00
5050,318,10,34,10,,,2026-04-07 00:00:00
5051,318,11,36,11,,,2026-04-07 00:00:00
5052,318,12,40,12,,,2026-04-07 00:00:00
5053,318,13,42,13,,,2026-04-07 00:00:00
5054,318,14,45,14,,,2026-04-07 00:00:00
5055,318,15,50,15,,,2026-04-07 00:00:00
5056,318,16,53,16,,,2026-04-07 00:00:00
5057,319,1,3,1,,,2026-04-07 00:00:00
5058,319,2,7,2,,,2026-04-07 00:00:00
5059,319,3,10,3,,,2026-04-07 00:00:00
5060,319,4,11,4,,,2026-04-07 00:00:00
5061,319,5,16,5,,,2026-04-07 00:00:00
5062,319,6,21,6,,,2026-04-07 00:00:00
5063,319,7,22,7,,,2026-04-07 00:00:00
5064,319,8,28,8,,,2026-04-07 00:00:00
5065,319,9,31,9,,,2026-04-07 00:00:00
5066,319,10,34,10,,,2026-04-07 00:00:00
5067,319,11,36,11,,,2026-04-07 00:00:00
5068,319,12,40,12,,,2026-04-07 00:00:00
5069,319,13,42,13,,,2026-04-07 00:00:00
5070,319,14,45,14,,,2026-04-07 00:00:00
5071,319,15,50,15,,,2026-04-07 00:00:00
5072,319,16,52,16,,,2026-04-07 00:00:00
5073,320,1,4,1,,,2026-04-07 00:00:00
5074,320,2,7,2,,,2026-04-07 00:00:00
5075,320,3,10,3,,,2026-04-07 00:00:00
5076,320,4,13,4,,,2026-04-07 00:00:00
5077,320,5,17,5,,,2026-04-07 00:00:00
5078,320,6,21,6,,,2026-04-07 00:00:00
5079,320,7,22,7,,,2026-04-07 00:00:00
5080,320,8,28,8,,,2026-04-07 00:00:00
5081,320,9,31,9,,,2026-04-07 00:00:00
5082,320,10,34,10,,,2026-04-07 00:00:00
5083,320,11,36,11,,,2026-04-07 00:00:00
5084,320,12,40,12,,,2026-04-07 00:00:00
5085,320,13,42,13,,,2026-04-07 00:00:00
5086,320,14,45,14,,,2026-04-07 00:00:00
5087,320,15,50,15,,,2026-04-07 00:00:00
5088,320,16,52,16,,,2026-04-07 00:00:00
5089,321,1,3,1,,,2026-04-07 00:00:00
5090,321,2,7,2,,,2026-04-07 00:00:00
5091,321,3,10,3,,,2026-04-07 00:00:00
5092,321,4,11,4,,,2026-04-07 00:00:00
5093,321,5,16,5,,,2026-04-07 00:00:00
5094,321,6,21,6,,,2026-04-07 00:00:00
5095,321,7,22,7,,,2026-04-07 00:00:00
5096,321,8,28,8,,,2026-04-07 00:00:00
5097,321,9,31,9,,,2026-04-07 00:00:00
5098,321,10,34,10,,,2026-04-07 00:00:00
5099,321,11,36,11,,,2026-04-07 00:00:00
5100,321,12,40,12,,,2026-04-07 00:00:00
5101,321,13,42,13,,,2026-04-07 00:00:00
5102,321,14,45,14,,,2026-04-07 00:00:00
5103,321,15,50,15,,,2026-04-07 00:00:00
5104,321,16,52,16,,,2026-04-07 00:00:00
5105,322,1,2,1,,,2026-04-07 00:00:00
5106,322,2,7,2,,,2026-04-07 00:00:00
5107,322,3,10,3,,,2026-04-07 00:00:00
5108,322,4,11,4,,,2026-04-07 00:00:00
5109,322,5,17,5,,,2026-04-07 00:00:00
5110,322,6,21,6,,,2026-04-07 00:00:00
5111,322,7,23,7,,,2026-04-07 00:00:00
5112,322,8,28,8,,,2026-04-07 00:00:00
5113,322,9,31,9,,,2026-04-07 00:00:00
5114,322,10,34,10,,,2026-04-07 00:00:00
5115,322,11,36,11,,,2026-04-07 00:00:00
5116,322,12,40,12,,,2026-04-07 00:00:00
5117,322,13,42,13,,,2026-04-07 00:00:00
5118,322,14,45,14,,,2026-04-07 00:00:00
5119,322,15,50,15,,,2026-04-07 00:00:00
5120,322,16,52,16,,,2026-04-07 00:00:00
5121,323,1,3,1,,,2026-04-07 00:00:00
5122,323,2,7,2,,,2026-04-07 00:00:00
5123,323,3,10,3,,,2026-04-07 00:00:00
5124,323,4,13,4,,,2026-04-07 00:00:00
5125,323,5,17,5,,,2026-04-07 00:00:00
5126,323,6,21,6,,,2026-04-07 00:00:00
5127,323,7,22,7,,,2026-04-07 00:00:00
5128,323,8,28,8,,,2026-04-07 00:00:00
5129,323,9,31,9,,,2026-04-07 00:00:00
5130,323,10,34,10,,,2026-04-07 00:00:00
5131,323,11,36,11,,,2026-04-07 00:00:00
5132,323,12,40,12,,,2026-04-07 00:00:00
5133,323,13,42,13,,,2026-04-07 00:00:00
5134,323,14,45,14,,,2026-04-07 00:00:00
5135,323,15,50,15,,,2026-04-07 00:00:00
5136,323,16,52,16,,,2026-04-07 00:00:00
5137,324,1,3,1,,,2026-04-07 00:00:00
5138,324,2,7,2,,,2026-04-07 00:00:00
5139,324,3,10,3,,,2026-04-07 00:00:00
5140,324,4,11,4,,,2026-04-07 00:00:00
5141,324,5,17,5,,,2026-04-07 00:00:00
5142,324,6,21,6,,,2026-04-07 00:00:00
5143,324,7,22,7,,,2026-04-07 00:00:00
5144,324,8,28,8,,,2026-04-07 00:00:00
5145,324,9,31,9,,,2026-04-07 00:00:00
5146,324,10,34,10,,,2026-04-07 00:00:00
5147,324,11,36,11,,,2026-04-07 00:00:00
5148,324,12,40,12,,,2026-04-07 00:00:00
5149,324,13,42,13,,,2026-04-07 00:00:00
5150,324,14,45,14,,,2026-04-07 00:00:00
5151,324,15,50,15,,,2026-04-07 00:00:00
5152,324,16,52,16,,,2026-04-07 00:00:00
5153,325,1,2,1,,,2026-04-07 00:00:00
5154,325,2,7,2,,,2026-04-07 00:00:00
5155,325,3,10,3,,,2026-04-07 00:00:00
5156,325,4,11,4,,,2026-04-07 00:00:00
5157,325,5,16,5,,,2026-04-07 00:00:00
5158,325,6,20,6,,,2026-04-07 00:00:00
5159,325,7,23,7,,,2026-04-07 00:00:00
5160,325,8,28,8,,,2026-04-07 00:00:00
5161,325,9,31,9,,,2026-04-07 00:00:00
5162,325,10,34,10,,,2026-04-07 00:00:00
5163,325,11,36,11,,,2026-04-07 00:00:00
5164,325,12,40,12,,,2026-04-07 00:00:00
5165,325,13,42,13,,,2026-04-07 00:00:00
5166,325,14,45,14,,,2026-04-07 00:00:00
5167,325,15,50,15,,,2026-04-07 00:00:00
5168,325,16,52,16,,,2026-04-07 00:00:00
5169,326,1,3,1,,,2026-04-07 00:00:00
5170,326,2,7,2,,,2026-04-07 00:00:00
5171,326,3,10,3,,,2026-04-07 00:00:00
5172,326,4,11,4,,,2026-04-07 00:00:00
5173,326,5,16,5,,,2026-04-07 00:00:00
5174,326,6,21,6,,,2026-04-07 00:00:00
5175,326,7,22,7,,,2026-04-07 00:00:00
5176,326,8,28,8,,,2026-04-07 00:00:00
5177,326,9,31,9,,,2026-04-07 00:00:00
5178,326,10,34,10,,,2026-04-07 00:00:00
5179,326,11,36,11,,,2026-04-07 00:00:00
5180,326,12,40,12,,,2026-04-07 00:00:00
5181,326,13,42,13,,,2026-04-07 00:00:00
5182,326,14,45,14,,,2026-04-07 00:00:00
5183,326,15,50,15,,,2026-04-07 00:00:00
5184,326,16,52,16,,,2026-04-07 00:00:00
5185,327,1,3,1,,,2026-04-07 00:00:00
5186,327,2,7,2,,,2026-04-07 00:00:00
5187,327,3,10,3,,,2026-04-07 00:00:00
5188,327,4,12,4,,,2026-04-07 00:00:00
5189,327,5,16,5,,,2026-04-07 00:00:00
5190,327,6,20,6,,,2026-04-07 00:00:00
5191,327,7,22,7,,,2026-04-07 00:00:00
5192,327,8,28,8,,,2026-04-07 00:00:00
5193,327,9,31,9,,,2026-04-07 00:00:00
5194,327,10,34,10,,,2026-04-07 00:00:00
5195,327,11,36,11,,,2026-04-07 00:00:00
5196,327,12,40,12,,,2026-04-07 00:00:00
5197,327,13,42,13,,,2026-04-07 00:00:00
5198,327,14,45,14,,,2026-04-07 00:00:00
5199,327,15,50,15,,,2026-04-07 00:00:00
5200,327,16,52,16,,,2026-04-07 00:00:00
5201,328,1,2,1,,,2026-04-07 00:00:00
5202,328,2,7,2,,,2026-04-07 00:00:00
5203,328,3,10,3,,,2026-04-07 00:00:00
5204,328,4,11,4,,,2026-04-07 00:00:00
5205,328,5,16,5,,,2026-04-07 00:00:00
5206,328,6,21,6,,,2026-04-07 00:00:00
5207,328,7,23,7,,,2026-04-07 00:00:00
5208,328,8,28,8,,,2026-04-07 00:00:00
5209,328,9,30,9,,,2026-04-07 00:00:00
5210,328,10,34,10,,,2026-04-07 00:00:00
5211,328,11,36,11,,,2026-04-07 00:00:00
5212,328,12,40,12,,,2026-04-07 00:00:00
5213,328,13,42,13,,,2026-04-07 00:00:00
5214,328,14,45,14,,,2026-04-07 00:00:00
5215,328,15,50,15,,,2026-04-07 00:00:00
5216,328,16,52,16,,,2026-04-07 00:00:00
5217,329,1,2,1,,,2026-04-07 00:00:00
5218,329,2,7,2,,,2026-04-07 00:00:00
5219,329,3,10,3,,,2026-04-07 00:00:00
5220,329,4,11,4,,,2026-04-07 00:00:00
5221,329,5,16,5,,,2026-04-07 00:00:00
5222,329,6,20,6,,,2026-04-07 00:00:00
5223,329,7,23,7,,,2026-04-07 00:00:00
5224,329,8,28,8,,,2026-04-07 00:00:00
5225,329,9,31,9,,,2026-04-07 00:00:00
5226,329,10,34,10,,,2026-04-07 00:00:00
5227,329,11,36,11,,,2026-04-07 00:00:00
5228,329,12,40,12,,,2026-04-07 00:00:00
5229,329,13,42,13,,,2026-04-07 00:00:00
5230,329,14,45,14,,,2026-04-07 00:00:00
5231,329,15,50,15,,,2026-04-07 00:00:00
5232,329,16,52,16,,,2026-04-07 00:00:00
5233,330,1,2,1,,,2026-04-07 00:00:00
5234,330,2,7,2,,,2026-04-07 00:00:00
5235,330,3,10,3,,,2026-04-07 00:00:00
5236,330,4,11,4,,,2026-04-07 00:00:00
5237,330,5,16,5,,,2026-04-07 00:00:00
5238,330,6,21,6,,,2026-04-07 00:00:00
5239,330,7,23,7,,,2026-04-07 00:00:00
5240,330,8,28,8,,,2026-04-07 00:00:00
5241,330,9,31,9,,,2026-04-07 00:00:00
5242,330,10,34,10,,,2026-04-07 00:00:00
5243,330,11,36,11,,,2026-04-07 00:00:00
5244,330,12,40,12,,,2026-04-07 00:00:00
5245,330,13,42,13,,,2026-04-07 00:00:00
5246,330,14,45,14,,,2026-04-07 00:00:00
5247,330,15,50,15,,,2026-04-07 00:00:00
5248,330,16,52,16,,,2026-04-07 00:00:00
5249,331,1,2,1,,,2026-04-07 00:00:00
5250,331,2,7,2,,,2026-04-07 00:00:00
5251,331,3,10,3,,,2026-04-07 00:00:00
5252,331,4,11,4,,,2026-04-07 00:00:00
5253,331,5,17,5,,,2026-04-07 00:00:00
5254,331,6,21,6,,,2026-04-07 00:00:00
5255,331,7,23,7,,,2026-04-07 00:00:00
5256,331,8,28,8,,,2026-04-07 00:00:00
5257,331,9,31,9,,,2026-04-07 00:00:00
5258,331,10,34,10,,,2026-04-07 00:00:00
5259,331,11,36,11,,,2026-04-07 00:00:00
5260,331,12,40,12,,,2026-04-07 00:00:00
5261,331,13,42,13,,,2026-04-07 00:00:00
5262,331,14,45,14,,,2026-04-07 00:00:00
5263,331,15,50,15,,,2026-04-07 00:00:00
5264,331,16,52,16,,,2026-04-07 00:00:00
5265,332,1,3,1,,,2026-04-07 00:00:00
5266,332,2,7,2,,,2026-04-07 00:00:00
5267,332,3,10,3,,,2026-04-07 00:00:00
5268,332,4,11,4,,,2026-04-07 00:00:00
5269,332,5,16,5,,,2026-04-07 00:00:00
5270,332,6,20,6,,,2026-04-07 00:00:00
5271,332,7,24,7,,,2026-04-07 00:00:00
5272,332,8,28,8,,,2026-04-07 00:00:00
5273,332,9,31,9,,,2026-04-07 00:00:00
5274,332,10,34,10,,,2026-04-07 00:00:00
5275,332,11,36,11,,,2026-04-07 00:00:00
5276,332,12,40,12,,,2026-04-07 00:00:00
5277,332,13,42,13,,,2026-04-07 00:00:00
5278,332,14,45,14,,,2026-04-07 00:00:00
5279,332,15,50,15,,,2026-04-07 00:00:00
5280,332,16,52,16,,,2026-04-07 00:00:00
5281,333,1,3,1,,,2026-04-07 00:00:00
5282,333,2,7,2,,,2026-04-07 00:00:00
5283,333,3,10,3,,,2026-04-07 00:00:00
5284,333,4,11,4,,,2026-04-07 00:00:00
5285,333,5,16,5,,,2026-04-07 00:00:00
5286,333,6,21,6,,,2026-04-07 00:00:00
5287,333,7,22,7,,,2026-04-07 00:00:00
5288,333,8,28,8,,,2026-04-07 00:00:00
5289,333,9,31,9,,,2026-04-07 00:00:00
5290,333,10,34,10,,,2026-04-07 00:00:00
5291,333,11,36,11,,,2026-04-07 00:00:00
5292,333,12,40,12,,,2026-04-07 00:00:00
5293,333,13,42,13,,,2026-04-07 00:00:00
5294,333,14,45,14,,,2026-04-07 00:00:00
5295,333,15,50,15,,,2026-04-07 00:00:00
5296,333,16,52,16,,,2026-04-07 00:00:00
5297,334,1,4,1,,,2026-04-07 00:00:00
5298,334,2,7,2,,,2026-04-07 00:00:00
5299,334,3,10,3,,,2026-04-07 00:00:00
5300,334,4,12,4,,,2026-04-07 00:00:00
5301,334,5,14,5,,,2026-04-07 00:00:00
5302,334,6,21,6,,,2026-04-07 00:00:00
5303,334,7,22,7,,,2026-04-07 00:00:00
5304,334,8,26,8,,,2026-04-07 00:00:00
5305,334,9,31,9,,,2026-04-07 00:00:00
5306,334,10,34,10,,,2026-04-07 00:00:00
5307,334,11,36,11,,,2026-04-07 00:00:00
5308,334,12,40,12,,,2026-04-07 00:00:00
5309,334,13,42,13,,,2026-04-07 00:00:00
5310,334,14,45,14,,,2026-04-07 00:00:00
5311,334,15,50,15,,,2026-04-07 00:00:00
5312,334,16,52,16,,,2026-04-07 00:00:00
5313,335,1,3,1,,,2026-04-07 00:00:00
5314,335,2,7,2,,,2026-04-07 00:00:00
5315,335,3,10,3,,,2026-04-07 00:00:00
5316,335,4,11,4,,,2026-04-07 00:00:00
5317,335,5,16,5,,,2026-04-07 00:00:00
5318,335,6,21,6,,,2026-04-07 00:00:00
5319,335,7,22,7,,,2026-04-07 00:00:00
5320,335,8,28,8,,,2026-04-07 00:00:00
5321,335,9,31,9,,,2026-04-07 00:00:00
5322,335,10,34,10,,,2026-04-07 00:00:00
5323,335,11,36,11,,,2026-04-07 00:00:00
5324,335,12,40,12,,,2026-04-07 00:00:00
5325,335,13,42,13,,,2026-04-07 00:00:00
5326,335,14,45,14,,,2026-04-07 00:00:00
5327,335,15,50,15,,,2026-04-07 00:00:00
5328,335,16,52,16,,,2026-04-07 00:00:00
5329,336,1,4,1,,,2026-04-07 00:00:00
5330,336,2,7,2,,,2026-04-07 00:00:00
5331,336,3,10,3,,,2026-04-07 00:00:00
5332,336,4,12,4,,,2026-04-07 00:00:00
5333,336,5,17,5,,,2026-04-07 00:00:00
5334,336,6,21,6,,,2026-04-07 00:00:00
5335,336,7,22,7,,,2026-04-07 00:00:00
5336,336,8,28,8,,,2026-04-07 00:00:00
5337,336,9,31,9,,,2026-04-07 00:00:00
5338,336,10,34,10,,,2026-04-07 00:00:00
5339,336,11,36,11,,,2026-04-07 00:00:00
5340,336,12,40,12,,,2026-04-07 00:00:00
5341,336,13,42,13,,,2026-04-07 00:00:00
5342,336,14,45,14,,,2026-04-07 00:00:00
5343,336,15,50,15,,,2026-04-07 00:00:00
5344,336,16,52,16,,,2026-04-07 00:00:00
5345,337,1,3,1,,,2026-04-07 00:00:00
5346,337,2,7,2,,,2026-04-07 00:00:00
5347,337,3,10,3,,,2026-04-07 00:00:00
5348,337,4,12,4,,,2026-04-07 00:00:00
5349,337,5,16,5,,,2026-04-07 00:00:00
5350,337,6,21,6,,,2026-04-07 00:00:00
5351,337,7,22,7,,,2026-04-07 00:00:00
5352,337,8,28,8,,,2026-04-07 00:00:00
5353,337,9,31,9,,,2026-04-07 00:00:00
5354,337,10,34,10,,,2026-04-07 00:00:00
5355,337,11,36,11,,,2026-04-07 00:00:00
5356,337,12,40,12,,,2026-04-07 00:00:00
5357,337,13,42,13,,,2026-04-07 00:00:00
5358,337,14,45,14,,,2026-04-07 00:00:00
5359,337,15,50,15,,,2026-04-07 00:00:00
5360,337,16,52,16,,,2026-04-07 00:00:00
5361,338,1,4,1,,,2026-04-07 00:00:00
5362,338,2,7,2,,,2026-04-07 00:00:00
5363,338,3,10,3,,,2026-04-07 00:00:00
5364,338,4,13,4,,,2026-04-07 00:00:00
5365,338,5,17,5,,,2026-04-07 00:00:00
5366,338,6,21,6,,,2026-04-07 00:00:00
5367,338,7,22,7,,,2026-04-07 00:00:00
5368,338,8,28,8,,,2026-04-07 00:00:00
5369,338,9,31,9,,,2026-04-07 00:00:00
5370,338,10,34,10,,,2026-04-07 00:00:00
5371,338,11,36,11,,,2026-04-07 00:00:00
5372,338,12,40,12,,,2026-04-07 00:00:00
5373,338,13,42,13,,,2026-04-07 00:00:00
5374,338,14,45,14,,,2026-04-07 00:00:00
5375,338,15,50,15,,,2026-04-07 00:00:00
5376,338,16,52,16,,,2026-04-07 00:00:00
5377,339,1,2,1,,,2026-04-07 00:00:00
5378,339,2,7,2,,,2026-04-07 00:00:00
5379,339,3,10,3,,,2026-04-07 00:00:00
5380,339,4,11,4,,,2026-04-07 00:00:00
5381,339,5,15,5,,,2026-04-07 00:00:00
5382,339,6,21,6,,,2026-04-07 00:00:00
5383,339,7,23,7,,,2026-04-07 00:00:00
5384,339,8,27,8,,,2026-04-07 00:00:00
5385,339,9,31,9,,,2026-04-07 00:00:00
5386,339,10,34,10,,,2026-04-07 00:00:00
5387,339,11,36,11,,,2026-04-07 00:00:00
5388,339,12,40,12,,,2026-04-07 00:00:00
5389,339,13,42,13,,,2026-04-07 00:00:00
5390,339,14,45,14,,,2026-04-07 00:00:00
5391,339,15,50,15,,,2026-04-07 00:00:00
5392,339,16,52,16,,,2026-04-07 00:00:00
5393,340,1,2,1,,,2026-04-07 00:00:00
5394,340,2,7,2,,,2026-04-07 00:00:00
5395,340,3,10,3,,,2026-04-07 00:00:00
5396,340,4,11,4,,,2026-04-07 00:00:00
5397,340,5,15,5,,,2026-04-07 00:00:00
5398,340,6,21,6,,,2026-04-07 00:00:00
5399,340,7,24,7,,,2026-04-07 00:00:00
5400,340,8,27,8,,,2026-04-07 00:00:00
5401,340,9,31,9,,,2026-04-07 00:00:00
5402,340,10,34,10,,,2026-04-07 00:00:00
5403,340,11,36,11,,,2026-04-07 00:00:00
5404,340,12,40,12,,,2026-04-07 00:00:00
5405,340,13,42,13,,,2026-04-07 00:00:00
5406,340,14,45,14,,,2026-04-07 00:00:00
5407,340,15,50,15,,,2026-04-07 00:00:00
5408,340,16,52,16,,,2026-04-07 00:00:00
5409,341,1,2,1,,,2026-04-07 00:00:00
5410,341,2,7,2,,,2026-04-07 00:00:00
5411,341,3,10,3,,,2026-04-07 00:00:00
5412,341,4,11,4,,,2026-04-07 00:00:00
5413,341,5,14,5,,,2026-04-07 00:00:00
5414,341,6,21,6,,,2026-04-07 00:00:00
5415,341,7,24,7,,,2026-04-07 00:00:00
5416,341,8,27,8,,,2026-04-07 00:00:00
5417,341,9,31,9,,,2026-04-07 00:00:00
5418,341,10,34,10,,,2026-04-07 00:00:00
5419,341,11,36,11,,,2026-04-07 00:00:00
5420,341,12,40,12,,,2026-04-07 00:00:00
5421,341,13,42,13,,,2026-04-07 00:00:00
5422,341,14,45,14,,,2026-04-07 00:00:00
5423,341,15,50,15,,,2026-04-07 00:00:00
5424,341,16,52,16,,,2026-04-07 00:00:00
5425,342,1,2,1,,,2026-04-07 00:00:00
5426,342,2,7,2,,,2026-04-07 00:00:00
5427,342,3,10,3,,,2026-04-07 00:00:00
5428,342,4,11,4,,,2026-04-07 00:00:00
5429,342,5,15,5,,,2026-04-07 00:00:00
5430,342,6,20,6,,,2026-04-07 00:00:00
5431,342,7,23,7,,,2026-04-07 00:00:00
5432,342,8,27,8,,,2026-04-07 00:00:00
5433,342,9,31,9,,,2026-04-07 00:00:00
5434,342,10,34,10,,,2026-04-07 00:00:00
5435,342,11,36,11,,,2026-04-07 00:00:00
5436,342,12,40,12,,,2026-04-07 00:00:00
5437,342,13,42,13,,,2026-04-07 00:00:00
5438,342,14,45,14,,,2026-04-07 00:00:00
5439,342,15,50,15,,,2026-04-07 00:00:00
5440,342,16,52,16,,,2026-04-07 00:00:00
5441,343,1,2,1,,,2026-04-07 00:00:00
5442,343,2,7,2,,,2026-04-07 00:00:00
5443,343,3,10,3,,,2026-04-07 00:00:00
5444,343,4,11,4,,,2026-04-07 00:00:00
5445,343,5,14,5,,,2026-04-07 00:00:00
5446,343,6,21,6,,,2026-04-07 00:00:00
5447,343,7,24,7,,,2026-04-07 00:00:00
5448,343,8,27,8,,,2026-04-07 00:00:00
5449,343,9,31,9,,,2026-04-07 00:00:00
5450,343,10,34,10,,,2026-04-07 00:00:00
5451,343,11,36,11,,,2026-04-07 00:00:00
5452,343,12,40,12,,,2026-04-07 00:00:00
5453,343,13,42,13,,,2026-04-07 00:00:00
5454,343,14,45,14,,,2026-04-07 00:00:00
5455,343,15,50,15,,,2026-04-07 00:00:00
5456,343,16,52,16,,,2026-04-07 00:00:00
5457,344,1,3,1,,,2026-04-07 00:00:00
5458,344,2,7,2,,,2026-04-07 00:00:00
5459,344,3,10,3,,,2026-04-07 00:00:00
5460,344,4,11,4,,,2026-04-07 00:00:00
5461,344,5,15,5,,,2026-04-07 00:00:00
5462,344,6,20,6,,,2026-04-07 00:00:00
5463,344,7,22,7,,,2026-04-07 00:00:00
5464,344,8,27,8,,,2026-04-07 00:00:00
5465,344,9,31,9,,,2026-04-07 00:00:00
5466,344,10,34,10,,,2026-04-07 00:00:00
5467,344,11,36,11,,,2026-04-07 00:00:00
5468,344,12,40,12,,,2026-04-07 00:00:00
5469,344,13,42,13,,,2026-04-07 00:00:00
5470,344,14,45,14,,,2026-04-07 00:00:00
5471,344,15,50,15,,,2026-04-07 00:00:00
5472,344,16,52,16,,,2026-04-07 00:00:00
5473,345,1,1,1,,,2026-04-07 00:00:00
5474,345,2,7,2,,,2026-04-07 00:00:00
5475,345,3,10,3,,,2026-04-07 00:00:00
5476,345,4,11,4,,,2026-04-07 00:00:00
5477,345,5,14,5,,,2026-04-07 00:00:00
5478,345,6,18,6,,,2026-04-07 00:00:00
5479,345,7,25,7,,,2026-04-07 00:00:00
5480,345,8,26,8,,,2026-04-07 00:00:00
5481,345,9,31,9,,,2026-04-07 00:00:00
5482,345,10,34,10,,,2026-04-07 00:00:00
5483,345,11,37,11,,,2026-04-07 00:00:00
5484,345,12,40,12,,,2026-04-07 00:00:00
5485,345,13,42,13,,,2026-04-07 00:00:00
5486,345,14,46,14,,,2026-04-07 00:00:00
5487,345,15,50,15,,,2026-04-07 00:00:00
5488,345,16,52,16,,,2026-04-07 00:00:00
5489,346,1,4,1,,,2026-04-07 00:00:00
5490,346,2,7,2,,,2026-04-07 00:00:00
5491,346,3,10,3,,,2026-04-07 00:00:00
5492,346,4,11,4,,,2026-04-07 00:00:00
5493,346,5,15,5,,,2026-04-07 00:00:00
5494,346,6,20,6,,,2026-04-07 00:00:00
5495,346,7,22,7,,,2026-04-07 00:00:00
5496,346,8,28,8,,,2026-04-07 00:00:00
5497,346,9,31,9,,,2026-04-07 00:00:00
5498,346,10,33,10,,,2026-04-07 00:00:00
5499,346,11,36,11,,,2026-04-07 00:00:00
5500,346,12,40,12,,,2026-04-07 00:00:00
5501,346,13,42,13,,,2026-04-07 00:00:00
5502,346,14,45,14,,,2026-04-07 00:00:00
5503,346,15,50,15,,,2026-04-07 00:00:00
5504,346,16,52,16,,,2026-04-07 00:00:00
5505,347,1,4,1,,,2026-04-07 00:00:00
5506,347,2,7,2,,,2026-04-07 00:00:00
5507,347,3,10,3,,,2026-04-07 00:00:00
5508,347,4,11,4,,,2026-04-07 00:00:00
5509,347,5,16,5,,,2026-04-07 00:00:00
5510,347,6,20,6,,,2026-04-07 00:00:00
5511,347,7,22,7,,,2026-04-07 00:00:00
5512,347,8,27,8,,,2026-04-07 00:00:00
5513,347,9,31,9,,,2026-04-07 00:00:00
5514,347,10,33,10,,,2026-04-07 00:00:00
5515,347,11,36,11,,,2026-04-07 00:00:00
5516,347,12,40,12,,,2026-04-07 00:00:00
5517,347,13,42,13,,,2026-04-07 00:00:00
5518,347,14,45,14,,,2026-04-07 00:00:00
5519,347,15,50,15,,,2026-04-07 00:00:00
5520,347,16,52,16,,,2026-04-07 00:00:00
5521,348,1,4,1,,,2026-04-07 00:00:00
5522,348,2,7,2,,,2026-04-07 00:00:00
5523,348,3,10,3,,,2026-04-07 00:00:00
5524,348,4,11,4,,,2026-04-07 00:00:00
5525,348,5,15,5,,,2026-04-07 00:00:00
5526,348,6,21,6,,,2026-04-07 00:00:00
5527,348,7,22,7,,,2026-04-07 00:00:00
5528,348,8,27,8,,,2026-04-07 00:00:00
5529,348,9,31,9,,,2026-04-07 00:00:00
5530,348,10,33,10,,,2026-04-07 00:00:00
5531,348,11,36,11,,,2026-04-07 00:00:00
5532,348,12,40,12,,,2026-04-07 00:00:00
5533,348,13,42,13,,,2026-04-07 00:00:00
5534,348,14,45,14,,,2026-04-07 00:00:00
5535,348,15,50,15,,,2026-04-07 00:00:00
5536,348,16,53,16,,,2026-04-07 00:00:00
5537,349,1,1,1,,,2026-04-07 00:00:00
5538,349,2,7,2,,,2026-04-07 00:00:00
5539,349,3,10,3,,,2026-04-07 00:00:00
5540,349,4,11,4,,,2026-04-07 00:00:00
5541,349,5,16,5,,,2026-04-07 00:00:00
5542,349,6,20,6,,,2026-04-07 00:00:00
5543,349,7,25,7,,,2026-04-07 00:00:00
5544,349,8,28,8,,,2026-04-07 00:00:00
5545,349,9,29,9,,,2026-04-07 00:00:00
5546,349,10,33,10,,,2026-04-07 00:00:00
5547,349,11,37,11,,,2026-04-07 00:00:00
5548,349,12,40,12,,,2026-04-07 00:00:00
5549,349,13,42,13,,,2026-04-07 00:00:00
5550,349,14,46,14,,,2026-04-07 00:00:00
5551,349,15,50,15,,,2026-04-07 00:00:00
5552,349,16,53,16,,,2026-04-07 00:00:00
5553,350,1,1,1,,,2026-04-07 00:00:00
5554,350,2,7,2,,,2026-04-07 00:00:00
5555,350,3,10,3,,,2026-04-07 00:00:00
5556,350,4,11,4,,,2026-04-07 00:00:00
5557,350,5,16,5,,,2026-04-07 00:00:00
5558,350,6,20,6,,,2026-04-07 00:00:00
5559,350,7,25,7,,,2026-04-07 00:00:00
5560,350,8,28,8,,,2026-04-07 00:00:00
5561,350,9,29,9,,,2026-04-07 00:00:00
5562,350,10,33,10,,,2026-04-07 00:00:00
5563,350,11,37,11,,,2026-04-07 00:00:00
5564,350,12,40,12,,,2026-04-07 00:00:00
5565,350,13,42,13,,,2026-04-07 00:00:00
5566,350,14,46,14,,,2026-04-07 00:00:00
5567,350,15,50,15,,,2026-04-07 00:00:00
5568,350,16,53,16,,,2026-04-07 00:00:00
5569,351,1,2,1,,,2026-04-07 00:00:00
5570,351,2,7,2,,,2026-04-07 00:00:00
5571,351,3,10,3,,,2026-04-07 00:00:00
5572,351,4,12,4,,,2026-04-07 00:00:00
5573,351,5,14,5,,,2026-04-07 00:00:00
5574,351,6,18,6,,,2026-04-07 00:00:00
5575,351,7,24,7,,,2026-04-07 00:00:00
5576,351,8,26,8,,,2026-04-07 00:00:00
5577,351,9,30,9,,,2026-04-07 00:00:00
5578,351,10,34,10,,,2026-04-07 00:00:00
5579,351,11,37,11,,,2026-04-07 00:00:00
5580,351,12,40,12,,,2026-04-07 00:00:00
5581,351,13,42,13,,,2026-04-07 00:00:00
5582,351,14,46,14,,,2026-04-07 00:00:00
5583,351,15,50,15,,,2026-04-07 00:00:00
5584,351,16,52,16,,,2026-04-07 00:00:00
5585,352,1,1,1,,,2026-04-07 00:00:00
5586,352,2,7,2,,,2026-04-07 00:00:00
5587,352,3,8,3,,,2026-04-07 00:00:00
5588,352,4,13,4,,,2026-04-07 00:00:00
5589,352,5,15,5,,,2026-04-07 00:00:00
5590,352,6,19,6,,,2026-04-07 00:00:00
5591,352,7,25,7,,,2026-04-07 00:00:00
5592,352,8,28,8,,,2026-04-07 00:00:00
5593,352,9,30,9,,,2026-04-07 00:00:00
5594,352,10,33,10,,,2026-04-07 00:00:00
5595,352,11,37,11,,,2026-04-07 00:00:00
5596,352,12,40,12,,,2026-04-07 00:00:00
5597,352,13,42,13,,,2026-04-07 00:00:00
5598,352,14,46,14,,,2026-04-07 00:00:00
5599,352,15,50,15,,,2026-04-07 00:00:00
5600,352,16,53,16,,,2026-04-07 00:00:00
5601,353,1,2,1,,,2026-04-07 00:00:00
5602,353,2,7,2,,,2026-04-07 00:00:00
5603,353,3,10,3,,,2026-04-07 00:00:00
5604,353,4,12,4,,,2026-04-07 00:00:00
5605,353,5,14,5,,,2026-04-07 00:00:00
5606,353,6,18,6,,,2026-04-07 00:00:00
5607,353,7,23,7,,,2026-04-07 00:00:00
5608,353,8,26,8,,,2026-04-07 00:00:00
5609,353,9,30,9,,,2026-04-07 00:00:00
5610,353,10,33,10,,,2026-04-07 00:00:00
5611,353,11,37,11,,,2026-04-07 00:00:00
5612,353,12,40,12,,,2026-04-07 00:00:00
5613,353,13,42,13,,,2026-04-07 00:00:00
5614,353,14,46,14,,,2026-04-07 00:00:00
5615,353,15,50,15,,,2026-04-07 00:00:00
5616,353,16,52,16,,,2026-04-07 00:00:00
5617,354,1,2,1,,,2026-04-07 00:00:00
5618,354,2,7,2,,,2026-04-07 00:00:00
5619,354,3,10,3,,,2026-04-07 00:00:00
5620,354,4,12,4,,,2026-04-07 00:00:00
5621,354,5,14,5,,,2026-04-07 00:00:00
5622,354,6,18,6,,,2026-04-07 00:00:00
5623,354,7,23,7,,,2026-04-07 00:00:00
5624,354,8,26,8,,,2026-04-07 00:00:00
5625,354,9,30,9,,,2026-04-07 00:00:00
5626,354,10,33,10,,,2026-04-07 00:00:00
5627,354,11,37,11,,,2026-04-07 00:00:00
5628,354,12,40,12,,,2026-04-07 00:00:00
5629,354,13,42,13,,,2026-04-07 00:00:00
5630,354,14,46,14,,,2026-04-07 00:00:00
5631,354,15,50,15,,,2026-04-07 00:00:00
5632,354,16,52,16,,,2026-04-07 00:00:00
5633,355,1,1,1,,,2026-04-07 00:00:00
5634,355,2,7,2,,,2026-04-07 00:00:00
5635,355,3,8,3,,,2026-04-07 00:00:00
5636,355,4,13,4,,,2026-04-07 00:00:00
5637,355,5,15,5,,,2026-04-07 00:00:00
5638,355,6,19,6,,,2026-04-07 00:00:00
5639,355,7,25,7,,,2026-04-07 00:00:00
5640,355,8,28,8,,,2026-04-07 00:00:00
5641,355,9,30,9,,,2026-04-07 00:00:00
5642,355,10,33,10,,,2026-04-07 00:00:00
5643,355,11,37,11,,,2026-04-07 00:00:00
5644,355,12,40,12,,,2026-04-07 00:00:00
5645,355,13,42,13,,,2026-04-07 00:00:00
5646,355,14,46,14,,,2026-04-07 00:00:00
5647,355,15,50,15,,,2026-04-07 00:00:00
5648,355,16,53,16,,,2026-04-07 00:00:00
5649,356,1,1,1,,,2026-04-07 00:00:00
5650,356,2,7,2,,,2026-04-07 00:00:00
5651,356,3,9,3,,,2026-04-07 00:00:00
5652,356,4,12,4,,,2026-04-07 00:00:00
5653,356,5,14,5,,,2026-04-07 00:00:00
5654,356,6,18,6,,,2026-04-07 00:00:00
5655,356,7,25,7,,,2026-04-07 00:00:00
5656,356,8,27,8,,,2026-04-07 00:00:00
5657,356,9,30,9,,,2026-04-07 00:00:00
5658,356,10,33,10,,,2026-04-07 00:00:00
5659,356,11,37,11,,,2026-04-07 00:00:00
5660,356,12,40,12,,,2026-04-07 00:00:00
5661,356,13,42,13,,,2026-04-07 00:00:00
5662,356,14,46,14,,,2026-04-07 00:00:00
5663,356,15,50,15,,,2026-04-07 00:00:00
5664,356,16,53,16,,,2026-04-07 00:00:00
5665,357,1,2,1,,,2026-04-07 00:00:00
5666,357,2,7,2,,,2026-04-07 00:00:00
5667,357,3,9,3,,,2026-04-07 00:00:00
5668,357,4,11,4,,,2026-04-07 00:00:00
5669,357,5,14,5,,,2026-04-07 00:00:00
5670,357,6,19,6,,,2026-04-07 00:00:00
5671,357,7,25,7,,,2026-04-07 00:00:00
5672,357,8,26,8,,,2026-04-07 00:00:00
5673,357,9,29,9,,,2026-04-07 00:00:00
5674,357,10,33,10,,,2026-04-07 00:00:00
5675,357,11,37,11,,,2026-04-07 00:00:00
5676,357,12,40,12,,,2026-04-07 00:00:00
5677,357,13,42,13,,,2026-04-07 00:00:00
5678,357,14,46,14,,,2026-04-07 00:00:00
5679,357,15,50,15,,,2026-04-07 00:00:00
5680,357,16,53,16,,,2026-04-07 00:00:00
5681,358,1,1,1,,,2026-04-07 00:00:00
5682,358,2,7,2,,,2026-04-07 00:00:00
5683,358,3,9,3,,,2026-04-07 00:00:00
5684,358,4,11,4,,,2026-04-07 00:00:00
5685,358,5,14,5,,,2026-04-07 00:00:00
5686,358,6,18,6,,,2026-04-07 00:00:00
5687,358,7,25,7,,,2026-04-07 00:00:00
5688,358,8,26,8,,,2026-04-07 00:00:00
5689,358,9,30,9,,,2026-04-07 00:00:00
5690,358,10,34,10,,,2026-04-07 00:00:00
5691,358,11,37,11,,,2026-04-07 00:00:00
5692,358,12,40,12,,,2026-04-07 00:00:00
5693,358,13,42,13,,,2026-04-07 00:00:00
5694,358,14,46,14,,,2026-04-07 00:00:00
5695,358,15,50,15,,,2026-04-07 00:00:00
5696,358,16,52,16,,,2026-04-07 00:00:00
5697,359,1,1,1,,,2026-04-07 00:00:00
5698,359,2,7,2,,,2026-04-07 00:00:00
5699,359,3,9,3,,,2026-04-07 00:00:00
5700,359,4,11,4,,,2026-04-07 00:00:00
5701,359,5,14,5,,,2026-04-07 00:00:00
5702,359,6,19,6,,,2026-04-07 00:00:00
5703,359,7,25,7,,,2026-04-07 00:00:00
5704,359,8,26,8,,,2026-04-07 00:00:00
5705,359,9,29,9,,,2026-04-07 00:00:00
5706,359,10,33,10,,,2026-04-07 00:00:00
5707,359,11,37,11,,,2026-04-07 00:00:00
5708,359,12,40,12,,,2026-04-07 00:00:00
5709,359,13,42,13,,,2026-04-07 00:00:00
5710,359,14,46,14,,,2026-04-07 00:00:00
5711,359,15,50,15,,,2026-04-07 00:00:00
5712,359,16,53,16,,,2026-04-07 00:00:00
5713,360,1,3,1,,,2026-04-07 00:00:00
5714,360,2,7,2,,,2026-04-07 00:00:00
5715,360,3,9,3,,,2026-04-07 00:00:00
5716,360,4,11,4,,,2026-04-07 00:00:00
5717,360,5,14,5,,,2026-04-07 00:00:00
5718,360,6,20,6,,,2026-04-07 00:00:00
5719,360,7,24,7,,,2026-04-07 00:00:00
5720,360,8,26,8,,,2026-04-07 00:00:00
5721,360,9,30,9,,,2026-04-07 00:00:00
5722,360,10,33,10,,,2026-04-07 00:00:00
5723,360,11,37,11,,,2026-04-07 00:00:00
5724,360,12,40,12,,,2026-04-07 00:00:00
5725,360,13,42,13,,,2026-04-07 00:00:00
5726,360,14,46,14,,,2026-04-07 00:00:00
5727,360,15,50,15,,,2026-04-07 00:00:00
5728,360,16,53,16,,,2026-04-07 00:00:00
5729,361,1,3,1,,,2026-04-07 00:00:00
5730,361,2,7,2,,,2026-04-07 00:00:00
5731,361,3,8,3,,,2026-04-07 00:00:00
5732,361,4,11,4,,,2026-04-07 00:00:00
5733,361,5,14,5,,,2026-04-07 00:00:00
5734,361,6,20,6,,,2026-04-07 00:00:00
5735,361,7,25,7,,,2026-04-07 00:00:00
5736,361,8,27,8,,,2026-04-07 00:00:00
5737,361,9,30,9,,,2026-04-07 00:00:00
5738,361,10,33,10,,,2026-04-07 00:00:00
5739,361,11,37,11,,,2026-04-07 00:00:00
5740,361,12,40,12,,,2026-04-07 00:00:00
5741,361,13,42,13,,,2026-04-07 00:00:00
5742,361,14,46,14,,,2026-04-07 00:00:00
5743,361,15,50,15,,,2026-04-07 00:00:00
5744,361,16,53,16,,,2026-04-07 00:00:00
5745,362,1,2,1,,,2026-04-07 00:00:00
5746,362,2,7,2,,,2026-04-07 00:00:00
5747,362,3,8,3,,,2026-04-07 00:00:00
5748,362,4,12,4,,,2026-04-07 00:00:00
5749,362,5,14,5,,,2026-04-07 00:00:00
5750,362,6,19,6,,,2026-04-07 00:00:00
5751,362,7,25,7,,,2026-04-07 00:00:00
5752,362,8,26,8,,,2026-04-07 00:00:00
5753,362,9,30,9,,,2026-04-07 00:00:00
5754,362,10,33,10,,,2026-04-07 00:00:00
5755,362,11,37,11,,,2026-04-07 00:00:00
5756,362,12,40,12,,,2026-04-07 00:00:00
5757,362,13,42,13,,,2026-04-07 00:00:00
5758,362,14,46,14,,,2026-04-07 00:00:00
5759,362,15,50,15,,,2026-04-07 00:00:00
5760,362,16,53,16,,,2026-04-07 00:00:00
5761,363,1,4,1,,,2026-04-07 00:00:00
5762,363,2,7,2,,,2026-04-07 00:00:00
5763,363,3,10,3,,,2026-04-07 00:00:00
5764,363,4,13,4,,,2026-04-07 00:00:00
5765,363,5,17,5,,,2026-04-07 00:00:00
5766,363,6,20,6,,,2026-04-07 00:00:00
5767,363,7,22,7,,,2026-04-07 00:00:00
5768,363,8,28,8,,,2026-04-07 00:00:00
5769,363,9,31,9,,,2026-04-07 00:00:00
5770,363,10,32,10,,,2026-04-07 00:00:00
5771,363,11,37,11,,,2026-04-07 00:00:00
5772,363,12,40,12,,,2026-04-07 00:00:00
5773,363,13,42,13,,,2026-04-07 00:00:00
5774,363,14,44,14,,,2026-04-07 00:00:00
5775,363,15,50,15,,,2026-04-07 00:00:00
5776,363,16,53,16,,,2026-04-07 00:00:00
5777,364,1,4,1,,,2026-04-07 00:00:00
5778,364,2,7,2,,,2026-04-07 00:00:00
5779,364,3,10,3,,,2026-04-07 00:00:00
5780,364,4,13,4,,,2026-04-07 00:00:00
5781,364,5,17,5,,,2026-04-07 00:00:00
5782,364,6,21,6,,,2026-04-07 00:00:00
5783,364,7,22,7,,,2026-04-07 00:00:00
5784,364,8,28,8,,,2026-04-07 00:00:00
5785,364,9,31,9,,,2026-04-07 00:00:00
5786,364,10,32,10,,,2026-04-07 00:00:00
5787,364,11,37,11,,,2026-04-07 00:00:00
5788,364,12,40,12,,,2026-04-07 00:00:00
5789,364,13,42,13,,,2026-04-07 00:00:00
5790,364,14,44,14,,,2026-04-07 00:00:00
5791,364,15,50,15,,,2026-04-07 00:00:00
5792,364,16,53,16,,,2026-04-07 00:00:00
5793,365,1,4,1,,,2026-04-07 00:00:00
5794,365,2,7,2,,,2026-04-07 00:00:00
5795,365,3,10,3,,,2026-04-07 00:00:00
5796,365,4,13,4,,,2026-04-07 00:00:00
5797,365,5,17,5,,,2026-04-07 00:00:00
5798,365,6,19,6,,,2026-04-07 00:00:00
5799,365,7,22,7,,,2026-04-07 00:00:00
5800,365,8,28,8,,,2026-04-07 00:00:00
5801,365,9,31,9,,,2026-04-07 00:00:00
5802,365,10,33,10,,,2026-04-07 00:00:00
5803,365,11,37,11,,,2026-04-07 00:00:00
5804,365,12,40,12,,,2026-04-07 00:00:00
5805,365,13,42,13,,,2026-04-07 00:00:00
5806,365,14,46,14,,,2026-04-07 00:00:00
5807,365,15,50,15,,,2026-04-07 00:00:00
5808,365,16,52,16,,,2026-04-07 00:00:00
5809,366,1,2,1,,,2026-04-07 00:00:00
5810,366,2,7,2,,,2026-04-07 00:00:00
5811,366,3,10,3,,,2026-04-07 00:00:00
5812,366,4,12,4,,,2026-04-07 00:00:00
5813,366,5,17,5,,,2026-04-07 00:00:00
5814,366,6,19,6,,,2026-04-07 00:00:00
5815,366,7,23,7,,,2026-04-07 00:00:00
5816,366,8,28,8,,,2026-04-07 00:00:00
5817,366,9,31,9,,,2026-04-07 00:00:00
5818,366,10,32,10,,,2026-04-07 00:00:00
5819,366,11,37,11,,,2026-04-07 00:00:00
5820,366,12,40,12,,,2026-04-07 00:00:00
5821,366,13,42,13,,,2026-04-07 00:00:00
5822,366,14,44,14,,,2026-04-07 00:00:00
5823,366,15,50,15,,,2026-04-07 00:00:00
5824,366,16,53,16,,,2026-04-07 00:00:00
5825,367,1,2,1,,,2026-04-07 00:00:00
5826,367,2,7,2,,,2026-04-07 00:00:00
5827,367,3,10,3,,,2026-04-07 00:00:00
5828,367,4,13,4,,,2026-04-07 00:00:00
5829,367,5,16,5,,,2026-04-07 00:00:00
5830,367,6,20,6,,,2026-04-07 00:00:00
5831,367,7,23,7,,,2026-04-07 00:00:00
5832,367,8,28,8,,,2026-04-07 00:00:00
5833,367,9,31,9,,,2026-04-07 00:00:00
5834,367,10,32,10,,,2026-04-07 00:00:00
5835,367,11,37,11,,,2026-04-07 00:00:00
5836,367,12,40,12,,,2026-04-07 00:00:00
5837,367,13,42,13,,,2026-04-07 00:00:00
5838,367,14,44,14,,,2026-04-07 00:00:00
5839,367,15,50,15,,,2026-04-07 00:00:00
5840,367,16,53,16,,,2026-04-07 00:00:00
5841,368,1,3,1,,,2026-04-07 00:00:00
5842,368,2,7,2,,,2026-04-07 00:00:00
5843,368,3,10,3,,,2026-04-07 00:00:00
5844,368,4,13,4,,,2026-04-07 00:00:00
5845,368,5,17,5,,,2026-04-07 00:00:00
5846,368,6,20,6,,,2026-04-07 00:00:00
5847,368,7,22,7,,,2026-04-07 00:00:00
5848,368,8,28,8,,,2026-04-07 00:00:00
5849,368,9,31,9,,,2026-04-07 00:00:00
5850,368,10,32,10,,,2026-04-07 00:00:00
5851,368,11,37,11,,,2026-04-07 00:00:00
5852,368,12,40,12,,,2026-04-07 00:00:00
5853,368,13,42,13,,,2026-04-07 00:00:00
5854,368,14,44,14,,,2026-04-07 00:00:00
5855,368,15,50,15,,,2026-04-07 00:00:00
5856,368,16,53,16,,,2026-04-07 00:00:00
5857,369,1,2,1,,,2026-04-07 00:00:00
5858,369,2,7,2,,,2026-04-07 00:00:00
5859,369,3,10,3,,,2026-04-07 00:00:00
5860,369,4,13,4,,,2026-04-07 00:00:00
5861,369,5,17,5,,,2026-04-07 00:00:00
5862,369,6,20,6,,,2026-04-07 00:00:00
5863,369,7,23,7,,,2026-04-07 00:00:00
5864,369,8,28,8,,,2026-04-07 00:00:00
5865,369,9,30,9,,,2026-04-07 00:00:00
5866,369,10,33,10,,,2026-04-07 00:00:00
5867,369,11,37,11,,,2026-04-07 00:00:00
5868,369,12,40,12,,,2026-04-07 00:00:00
5869,369,13,42,13,,,2026-04-07 00:00:00
5870,369,14,46,14,,,2026-04-07 00:00:00
5871,369,15,50,15,,,2026-04-07 00:00:00
5872,369,16,53,16,,,2026-04-07 00:00:00
5873,370,1,2,1,,,2026-04-07 00:00:00
5874,370,2,7,2,,,2026-04-07 00:00:00
5875,370,3,10,3,,,2026-04-07 00:00:00
5876,370,4,13,4,,,2026-04-07 00:00:00
5877,370,5,17,5,,,2026-04-07 00:00:00
5878,370,6,20,6,,,2026-04-07 00:00:00
5879,370,7,23,7,,,2026-04-07 00:00:00
5880,370,8,28,8,,,2026-04-07 00:00:00
5881,370,9,30,9,,,2026-04-07 00:00:00
5882,370,10,32,10,,,2026-04-07 00:00:00
5883,370,11,37,11,,,2026-04-07 00:00:00
5884,370,12,40,12,,,2026-04-07 00:00:00
5885,370,13,42,13,,,2026-04-07 00:00:00
5886,370,14,44,14,,,2026-04-07 00:00:00
5887,370,15,50,15,,,2026-04-07 00:00:00
5888,370,16,53,16,,,2026-04-07 00:00:00
5889,371,1,2,1,,,2026-04-07 00:00:00
5890,371,2,7,2,,,2026-04-07 00:00:00
5891,371,3,10,3,,,2026-04-07 00:00:00
5892,371,4,12,4,,,2026-04-07 00:00:00
5893,371,5,16,5,,,2026-04-07 00:00:00
5894,371,6,20,6,,,2026-04-07 00:00:00
5895,371,7,24,7,,,2026-04-07 00:00:00
5896,371,8,28,8,,,2026-04-07 00:00:00
5897,371,9,30,9,,,2026-04-07 00:00:00
5898,371,10,32,10,,,2026-04-07 00:00:00
5899,371,11,37,11,,,2026-04-07 00:00:00
5900,371,12,40,12,,,2026-04-07 00:00:00
5901,371,13,42,13,,,2026-04-07 00:00:00
5902,371,14,44,14,,,2026-04-07 00:00:00
5903,371,15,50,15,,,2026-04-07 00:00:00
5904,371,16,53,16,,,2026-04-07 00:00:00
5905,372,1,2,1,,,2026-04-07 00:00:00
5906,372,2,7,2,,,2026-04-07 00:00:00
5907,372,3,10,3,,,2026-04-07 00:00:00
5908,372,4,13,4,,,2026-04-07 00:00:00
5909,372,5,16,5,,,2026-04-07 00:00:00
5910,372,6,19,6,,,2026-04-07 00:00:00
5911,372,7,23,7,,,2026-04-07 00:00:00
5912,372,8,28,8,,,2026-04-07 00:00:00
5913,372,9,30,9,,,2026-04-07 00:00:00
5914,372,10,32,10,,,2026-04-07 00:00:00
5915,372,11,37,11,,,2026-04-07 00:00:00
5916,372,12,40,12,,,2026-04-07 00:00:00
5917,372,13,42,13,,,2026-04-07 00:00:00
5918,372,14,44,14,,,2026-04-07 00:00:00
5919,372,15,50,15,,,2026-04-07 00:00:00
5920,372,16,53,16,,,2026-04-07 00:00:00
5921,373,1,2,1,,,2026-04-07 00:00:00
5922,373,2,7,2,,,2026-04-07 00:00:00
5923,373,3,10,3,,,2026-04-07 00:00:00
5924,373,4,13,4,,,2026-04-07 00:00:00
5925,373,5,16,5,,,2026-04-07 00:00:00
5926,373,6,20,6,,,2026-04-07 00:00:00
5927,373,7,23,7,,,2026-04-07 00:00:00
5928,373,8,28,8,,,2026-04-07 00:00:00
5929,373,9,30,9,,,2026-04-07 00:00:00
5930,373,10,32,10,,,2026-04-07 00:00:00
5931,373,11,37,11,,,2026-04-07 00:00:00
5932,373,12,40,12,,,2026-04-07 00:00:00
5933,373,13,42,13,,,2026-04-07 00:00:00
5934,373,14,44,14,,,2026-04-07 00:00:00
5935,373,15,50,15,,,2026-04-07 00:00:00
5936,373,16,53,16,,,2026-04-07 00:00:00
5937,374,1,3,1,,,2026-04-07 00:00:00
5938,374,2,7,2,,,2026-04-07 00:00:00
5939,374,3,10,3,,,2026-04-07 00:00:00
5940,374,4,13,4,,,2026-04-07 00:00:00
5941,374,5,17,5,,,2026-04-07 00:00:00
5942,374,6,19,6,,,2026-04-07 00:00:00
5943,374,7,22,7,,,2026-04-07 00:00:00
5944,374,8,28,8,,,2026-04-07 00:00:00
5945,374,9,31,9,,,2026-04-07 00:00:00
5946,374,10,32,10,,,2026-04-07 00:00:00
5947,374,11,37,11,,,2026-04-07 00:00:00
5948,374,12,40,12,,,2026-04-07 00:00:00
5949,374,13,42,13,,,2026-04-07 00:00:00
5950,374,14,44,14,,,2026-04-07 00:00:00
5951,374,15,50,15,,,2026-04-07 00:00:00
5952,374,16,53,16,,,2026-04-07 00:00:00
5953,375,1,2,1,,,2026-04-07 00:00:00
5954,375,2,7,2,,,2026-04-07 00:00:00
5955,375,3,10,3,,,2026-04-07 00:00:00
5956,375,4,13,4,,,2026-04-07 00:00:00
5957,375,5,16,5,,,2026-04-07 00:00:00
5958,375,6,19,6,,,2026-04-07 00:00:00
5959,375,7,23,7,,,2026-04-07 00:00:00
5960,375,8,28,8,,,2026-04-07 00:00:00
5961,375,9,30,9,,,2026-04-07 00:00:00
5962,375,10,32,10,,,2026-04-07 00:00:00
5963,375,11,37,11,,,2026-04-07 00:00:00
5964,375,12,40,12,,,2026-04-07 00:00:00
5965,375,13,42,13,,,2026-04-07 00:00:00
5966,375,14,44,14,,,2026-04-07 00:00:00
5967,375,15,50,15,,,2026-04-07 00:00:00
5968,375,16,53,16,,,2026-04-07 00:00:00
5969,376,1,3,1,,,2026-04-07 00:00:00
5970,376,2,7,2,,,2026-04-07 00:00:00
5971,376,3,10,3,,,2026-04-07 00:00:00
5972,376,4,12,4,,,2026-04-07 00:00:00
5973,376,5,16,5,,,2026-04-07 00:00:00
5974,376,6,19,6,,,2026-04-07 00:00:00
5975,376,7,22,7,,,2026-04-07 00:00:00
5976,376,8,28,8,,,2026-04-07 00:00:00
5977,376,9,31,9,,,2026-04-07 00:00:00
5978,376,10,32,10,,,2026-04-07 00:00:00
5979,376,11,37,11,,,2026-04-07 00:00:00
5980,376,12,40,12,,,2026-04-07 00:00:00
5981,376,13,42,13,,,2026-04-07 00:00:00
5982,376,14,44,14,,,2026-04-07 00:00:00
5983,376,15,50,15,,,2026-04-07 00:00:00
5984,376,16,53,16,,,2026-04-07 00:00:00
5985,377,1,3,1,,,2026-04-07 00:00:00
5986,377,2,7,2,,,2026-04-07 00:00:00
5987,377,3,10,3,,,2026-04-07 00:00:00
5988,377,4,12,4,,,2026-04-07 00:00:00
5989,377,5,16,5,,,2026-04-07 00:00:00
5990,377,6,18,6,,,2026-04-07 00:00:00
5991,377,7,23,7,,,2026-04-07 00:00:00
5992,377,8,28,8,,,2026-04-07 00:00:00
5993,377,9,30,9,,,2026-04-07 00:00:00
5994,377,10,32,10,,,2026-04-07 00:00:00
5995,377,11,37,11,,,2026-04-07 00:00:00
5996,377,12,40,12,,,2026-04-07 00:00:00
5997,377,13,42,13,,,2026-04-07 00:00:00
5998,377,14,44,14,,,2026-04-07 00:00:00
5999,377,15,50,15,,,2026-04-07 00:00:00
6000,377,16,53,16,,,2026-04-07 00:00:00
6001,378,1,3,1,,,2026-04-07 00:00:00
6002,378,2,7,2,,,2026-04-07 00:00:00
6003,378,3,10,3,,,2026-04-07 00:00:00
6004,378,4,12,4,,,2026-04-07 00:00:00
6005,378,5,17,5,,,2026-04-07 00:00:00
6006,378,6,19,6,,,2026-04-07 00:00:00
6007,378,7,22,7,,,2026-04-07 00:00:00
6008,378,8,28,8,,,2026-04-07 00:00:00
6009,378,9,30,9,,,2026-04-07 00:00:00
6010,378,10,32,10,,,2026-04-07 00:00:00
6011,378,11,37,11,,,2026-04-07 00:00:00
6012,378,12,40,12,,,2026-04-07 00:00:00
6013,378,13,42,13,,,2026-04-07 00:00:00
6014,378,14,44,14,,,2026-04-07 00:00:00
6015,378,15,50,15,,,2026-04-07 00:00:00
6016,378,16,53,16,,,2026-04-07 00:00:00
6017,379,1,1,1,,,2026-04-07 00:00:00
6018,379,2,7,2,,,2026-04-07 00:00:00
6019,379,3,10,3,,,2026-04-07 00:00:00
6020,379,4,13,4,,,2026-04-07 00:00:00
6021,379,5,15,5,,,2026-04-07 00:00:00
6022,379,6,19,6,,,2026-04-07 00:00:00
6023,379,7,25,7,,,2026-04-07 00:00:00
6024,379,8,28,8,,,2026-04-07 00:00:00
6025,379,9,30,9,,,2026-04-07 00:00:00
6026,379,10,33,10,,,2026-04-07 00:00:00
6027,379,11,37,11,,,2026-04-07 00:00:00
6028,379,12,40,12,,,2026-04-07 00:00:00
6029,379,13,42,13,,,2026-04-07 00:00:00
6030,379,14,46,14,,,2026-04-07 00:00:00
6031,379,15,50,15,,,2026-04-07 00:00:00
6032,379,16,53,16,,,2026-04-07 00:00:00
6033,380,1,1,1,,,2026-04-07 00:00:00
6034,380,2,7,2,,,2026-04-07 00:00:00
6035,380,3,10,3,,,2026-04-07 00:00:00
6036,380,4,13,4,,,2026-04-07 00:00:00
6037,380,5,16,5,,,2026-04-07 00:00:00
6038,380,6,18,6,,,2026-04-07 00:00:00
6039,380,7,25,7,,,2026-04-07 00:00:00
6040,380,8,28,8,,,2026-04-07 00:00:00
6041,380,9,30,9,,,2026-04-07 00:00:00
6042,380,10,33,10,,,2026-04-07 00:00:00
6043,380,11,37,11,,,2026-04-07 00:00:00
6044,380,12,40,12,,,2026-04-07 00:00:00
6045,380,13,42,13,,,2026-04-07 00:00:00
6046,380,14,46,14,,,2026-04-07 00:00:00
6047,380,15,50,15,,,2026-04-07 00:00:00
6048,380,16,53,16,,,2026-04-07 00:00:00
6049,381,1,4,1,,,2026-04-07 00:00:00
6050,381,2,7,2,,,2026-04-07 00:00:00
6051,381,3,10,3,,,2026-04-07 00:00:00
6052,381,4,13,4,,,2026-04-07 00:00:00
6053,381,5,17,5,,,2026-04-07 00:00:00
6054,381,6,20,6,,,2026-04-07 00:00:00
6055,381,7,22,7,,,2026-04-07 00:00:00
6056,381,8,28,8,,,2026-04-07 00:00:00
6057,381,9,31,9,,,2026-04-07 00:00:00
6058,381,10,32,10,,,2026-04-07 00:00:00
6059,381,11,37,11,,,2026-04-07 00:00:00
6060,381,12,40,12,,,2026-04-07 00:00:00
6061,381,13,42,13,,,2026-04-07 00:00:00
6062,381,14,44,14,,,2026-04-07 00:00:00
6063,381,15,50,15,,,2026-04-07 00:00:00
6064,381,16,52,16,,,2026-04-07 00:00:00
6065,382,1,2,1,,,2026-04-07 00:00:00
6066,382,2,7,2,,,2026-04-07 00:00:00
6067,382,3,9,3,,,2026-04-07 00:00:00
6068,382,4,11,4,,,2026-04-07 00:00:00
6069,382,5,16,5,,,2026-04-07 00:00:00
6070,382,6,19,6,,,2026-04-07 00:00:00
6071,382,7,24,7,,,2026-04-07 00:00:00
6072,382,8,28,8,,,2026-04-07 00:00:00
6073,382,9,30,9,,,2026-04-07 00:00:00
6074,382,10,32,10,,,2026-04-07 00:00:00
6075,382,11,37,11,,,2026-04-07 00:00:00
6076,382,12,40,12,,,2026-04-07 00:00:00
6077,382,13,42,13,,,2026-04-07 00:00:00
6078,382,14,44,14,,,2026-04-07 00:00:00
6079,382,15,50,15,,,2026-04-07 00:00:00
6080,382,16,53,16,,,2026-04-07 00:00:00
6081,383,1,2,1,,,2026-04-07 00:00:00
6082,383,2,7,2,,,2026-04-07 00:00:00
6083,383,3,10,3,,,2026-04-07 00:00:00
6084,383,4,11,4,,,2026-04-07 00:00:00
6085,383,5,15,5,,,2026-04-07 00:00:00
6086,383,6,19,6,,,2026-04-07 00:00:00
6087,383,7,24,7,,,2026-04-07 00:00:00
6088,383,8,28,8,,,2026-04-07 00:00:00
6089,383,9,30,9,,,2026-04-07 00:00:00
6090,383,10,33,10,,,2026-04-07 00:00:00
6091,383,11,37,11,,,2026-04-07 00:00:00
6092,383,12,40,12,,,2026-04-07 00:00:00
6093,383,13,42,13,,,2026-04-07 00:00:00
6094,383,14,46,14,,,2026-04-07 00:00:00
6095,383,15,50,15,,,2026-04-07 00:00:00
6096,383,16,53,16,,,2026-04-07 00:00:00
6097,384,1,1,1,,,2026-04-07 00:00:00
6098,384,2,7,2,,,2026-04-07 00:00:00
6099,384,3,10,3,,,2026-04-07 00:00:00
6100,384,4,12,4,,,2026-04-07 00:00:00
6101,384,5,15,5,,,2026-04-07 00:00:00
6102,384,6,19,6,,,2026-04-07 00:00:00
6103,384,7,25,7,,,2026-04-07 00:00:00
6104,384,8,28,8,,,2026-04-07 00:00:00
6105,384,9,30,9,,,2026-04-07 00:00:00
6106,384,10,32,10,,,2026-04-07 00:00:00
6107,384,11,37,11,,,2026-04-07 00:00:00
6108,384,12,40,12,,,2026-04-07 00:00:00
6109,384,13,42,13,,,2026-04-07 00:00:00
6110,384,14,44,14,,,2026-04-07 00:00:00
6111,384,15,50,15,,,2026-04-07 00:00:00
6112,384,16,53,16,,,2026-04-07 00:00:00
6113,385,1,2,1,,,2026-04-07 00:00:00
6114,385,2,7,2,,,2026-04-07 00:00:00
6115,385,3,10,3,,,2026-04-07 00:00:00
6116,385,4,12,4,,,2026-04-07 00:00:00
6117,385,5,16,5,,,2026-04-07 00:00:00
6118,385,6,20,6,,,2026-04-07 00:00:00
6119,385,7,23,7,,,2026-04-07 00:00:00
6120,385,8,28,8,,,2026-04-07 00:00:00
6121,385,9,30,9,,,2026-04-07 00:00:00
6122,385,10,32,10,,,2026-04-07 00:00:00
6123,385,11,37,11,,,2026-04-07 00:00:00
6124,385,12,40,12,,,2026-04-07 00:00:00
6125,385,13,42,13,,,2026-04-07 00:00:00
6126,385,14,44,14,,,2026-04-07 00:00:00
6127,385,15,50,15,,,2026-04-07 00:00:00
6128,385,16,53,16,,,2026-04-07 00:00:00
6129,386,1,1,1,,,2026-04-07 00:00:00
6130,386,2,7,2,,,2026-04-07 00:00:00
6131,386,3,10,3,,,2026-04-07 00:00:00
6132,386,4,13,4,,,2026-04-07 00:00:00
6133,386,5,14,5,,,2026-04-07 00:00:00
6134,386,6,21,6,,,2026-04-07 00:00:00
6135,386,7,25,7,,,2026-04-07 00:00:00
6136,386,8,26,8,,,2026-04-07 00:00:00
6137,386,9,30,9,,,2026-04-07 00:00:00
6138,386,10,33,10,,,2026-04-07 00:00:00
6139,386,11,37,11,,,2026-04-07 00:00:00
6140,386,12,40,12,,,2026-04-07 00:00:00
6141,386,13,42,13,,,2026-04-07 00:00:00
6142,386,14,46,14,,,2026-04-07 00:00:00
6143,386,15,50,15,,,2026-04-07 00:00:00
6144,386,16,53,16,,,2026-04-07 00:00:00
6145,387,1,1,1,,,2026-04-07 00:00:00
6146,387,2,7,2,,,2026-04-07 00:00:00
6147,387,3,10,3,,,2026-04-07 00:00:00
6148,387,4,13,4,,,2026-04-07 00:00:00
6149,387,5,16,5,,,2026-04-07 00:00:00
6150,387,6,19,6,,,2026-04-07 00:00:00
6151,387,7,25,7,,,2026-04-07 00:00:00
6152,387,8,28,8,,,2026-04-07 00:00:00
6153,387,9,30,9,,,2026-04-07 00:00:00
6154,387,10,33,10,,,2026-04-07 00:00:00
6155,387,11,37,11,,,2026-04-07 00:00:00
6156,387,12,40,12,,,2026-04-07 00:00:00
6157,387,13,42,13,,,2026-04-07 00:00:00
6158,387,14,46,14,,,2026-04-07 00:00:00
6159,387,15,50,15,,,2026-04-07 00:00:00
6160,387,16,53,16,,,2026-04-07 00:00:00
6161,388,1,1,1,,,2026-04-07 00:00:00
6162,388,2,7,2,,,2026-04-07 00:00:00
6163,388,3,10,3,,,2026-04-07 00:00:00
6164,388,4,12,4,,,2026-04-07 00:00:00
6165,388,5,15,5,,,2026-04-07 00:00:00
6166,388,6,19,6,,,2026-04-07 00:00:00
6167,388,7,25,7,,,2026-04-07 00:00:00
6168,388,8,28,8,,,2026-04-07 00:00:00
6169,388,9,30,9,,,2026-04-07 00:00:00
6170,388,10,33,10,,,2026-04-07 00:00:00
6171,388,11,37,11,,,2026-04-07 00:00:00
6172,388,12,40,12,,,2026-04-07 00:00:00
6173,388,13,42,13,,,2026-04-07 00:00:00
6174,388,14,46,14,,,2026-04-07 00:00:00
6175,388,15,50,15,,,2026-04-07 00:00:00
6176,388,16,53,16,,,2026-04-07 00:00:00
6177,389,1,1,1,,,2026-04-07 00:00:00
6178,389,2,7,2,,,2026-04-07 00:00:00
6179,389,3,10,3,,,2026-04-07 00:00:00
6180,389,4,12,4,,,2026-04-07 00:00:00
6181,389,5,15,5,,,2026-04-07 00:00:00
6182,389,6,21,6,,,2026-04-07 00:00:00
6183,389,7,25,7,,,2026-04-07 00:00:00
6184,389,8,28,8,,,2026-04-07 00:00:00
6185,389,9,30,9,,,2026-04-07 00:00:00
6186,389,10,33,10,,,2026-04-07 00:00:00
6187,389,11,37,11,,,2026-04-07 00:00:00
6188,389,12,40,12,,,2026-04-07 00:00:00
6189,389,13,42,13,,,2026-04-07 00:00:00
6190,389,14,46,14,,,2026-04-07 00:00:00
6191,389,15,50,15,,,2026-04-07 00:00:00
6192,389,16,53,16,,,2026-04-07 00:00:00
6193,390,1,1,1,,,2026-04-07 00:00:00
6194,390,2,7,2,,,2026-04-07 00:00:00
6195,390,3,10,3,,,2026-04-07 00:00:00
6196,390,4,13,4,,,2026-04-07 00:00:00
6197,390,5,15,5,,,2026-04-07 00:00:00
6198,390,6,19,6,,,2026-04-07 00:00:00
6199,390,7,25,7,,,2026-04-07 00:00:00
6200,390,8,28,8,,,2026-04-07 00:00:00
6201,390,9,30,9,,,2026-04-07 00:00:00
6202,390,10,33,10,,,2026-04-07 00:00:00
6203,390,11,37,11,,,2026-04-07 00:00:00
6204,390,12,40,12,,,2026-04-07 00:00:00
6205,390,13,42,13,,,2026-04-07 00:00:00
6206,390,14,46,14,,,2026-04-07 00:00:00
6207,390,15,50,15,,,2026-04-07 00:00:00
6208,390,16,53,16,,,2026-04-07 00:00:00
6209,391,1,1,1,,,2026-04-07 00:00:00
6210,391,2,7,2,,,2026-04-07 00:00:00
6211,391,3,10,3,,,2026-04-07 00:00:00
6212,391,4,13,4,,,2026-04-07 00:00:00
6213,391,5,16,5,,,2026-04-07 00:00:00
6214,391,6,19,6,,,2026-04-07 00:00:00
6215,391,7,25,7,,,2026-04-07 00:00:00
6216,391,8,28,8,,,2026-04-07 00:00:00
6217,391,9,30,9,,,2026-04-07 00:00:00
6218,391,10,33,10,,,2026-04-07 00:00:00
6219,391,11,37,11,,,2026-04-07 00:00:00
6220,391,12,40,12,,,2026-04-07 00:00:00
6221,391,13,42,13,,,2026-04-07 00:00:00
6222,391,14,46,14,,,2026-04-07 00:00:00
6223,391,15,50,15,,,2026-04-07 00:00:00
6224,391,16,53,16,,,2026-04-07 00:00:00
6225,392,1,1,1,,,2026-04-07 00:00:00
6226,392,2,7,2,,,2026-04-07 00:00:00
6227,392,3,10,3,,,2026-04-07 00:00:00
6228,392,4,13,4,,,2026-04-07 00:00:00
6229,392,5,15,5,,,2026-04-07 00:00:00
6230,392,6,19,6,,,2026-04-07 00:00:00
6231,392,7,25,7,,,2026-04-07 00:00:00
6232,392,8,28,8,,,2026-04-07 00:00:00
6233,392,9,29,9,,,2026-04-07 00:00:00
6234,392,10,33,10,,,2026-04-07 00:00:00
6235,392,11,37,11,,,2026-04-07 00:00:00
6236,392,12,40,12,,,2026-04-07 00:00:00
6237,392,13,42,13,,,2026-04-07 00:00:00
6238,392,14,46,14,,,2026-04-07 00:00:00
6239,392,15,50,15,,,2026-04-07 00:00:00
6240,392,16,53,16,,,2026-04-07 00:00:00
6241,393,1,1,1,,,2026-04-07 00:00:00
6242,393,2,7,2,,,2026-04-07 00:00:00
6243,393,3,10,3,,,2026-04-07 00:00:00
6244,393,4,13,4,,,2026-04-07 00:00:00
6245,393,5,15,5,,,2026-04-07 00:00:00
6246,393,6,21,6,,,2026-04-07 00:00:00
6247,393,7,25,7,,,2026-04-07 00:00:00
6248,393,8,28,8,,,2026-04-07 00:00:00
6249,393,9,31,9,,,2026-04-07 00:00:00
6250,393,10,33,10,,,2026-04-07 00:00:00
6251,393,11,37,11,,,2026-04-07 00:00:00
6252,393,12,40,12,,,2026-04-07 00:00:00
6253,393,13,42,13,,,2026-04-07 00:00:00
6254,393,14,46,14,,,2026-04-07 00:00:00
6255,393,15,50,15,,,2026-04-07 00:00:00
6256,393,16,53,16,,,2026-04-07 00:00:00
6257,394,1,2,1,,,2026-04-07 00:00:00
6258,394,2,7,2,,,2026-04-07 00:00:00
6259,394,3,10,3,,,2026-04-07 00:00:00
6260,394,4,13,4,,,2026-04-07 00:00:00
6261,394,5,14,5,,,2026-04-07 00:00:00
6262,394,6,19,6,,,2026-04-07 00:00:00
6263,394,7,24,7,,,2026-04-07 00:00:00
6264,394,8,26,8,,,2026-04-07 00:00:00
6265,394,9,30,9,,,2026-04-07 00:00:00
6266,394,10,32,10,,,2026-04-07 00:00:00
6267,394,11,37,11,,,2026-04-07 00:00:00
6268,394,12,40,12,,,2026-04-07 00:00:00
6269,394,13,42,13,,,2026-04-07 00:00:00
6270,394,14,44,14,,,2026-04-07 00:00:00
6271,394,15,50,15,,,2026-04-07 00:00:00
6272,394,16,53,16,,,2026-04-07 00:00:00
6273,395,1,3,1,,,2026-04-07 00:00:00
6274,395,2,7,2,,,2026-04-07 00:00:00
6275,395,3,9,3,,,2026-04-07 00:00:00
6276,395,4,11,4,,,2026-04-07 00:00:00
6277,395,5,14,5,,,2026-04-07 00:00:00
6278,395,6,18,6,,,2026-04-07 00:00:00
6279,395,7,22,7,,,2026-04-07 00:00:00
6280,395,8,26,8,,,2026-04-07 00:00:00
6281,395,9,30,9,,,2026-04-07 00:00:00
6282,395,10,32,10,,,2026-04-07 00:00:00
6283,395,11,37,11,,,2026-04-07 00:00:00
6284,395,12,40,12,,,2026-04-07 00:00:00
6285,395,13,42,13,,,2026-04-07 00:00:00
6286,395,14,44,14,,,2026-04-07 00:00:00
6287,395,15,50,15,,,2026-04-07 00:00:00
6288,395,16,52,16,,,2026-04-07 00:00:00
6289,396,1,1,1,,,2026-04-07 00:00:00
6290,396,2,7,2,,,2026-04-07 00:00:00
6291,396,3,10,3,,,2026-04-07 00:00:00
6292,396,4,12,4,,,2026-04-07 00:00:00
6293,396,5,14,5,,,2026-04-07 00:00:00
6294,396,6,20,6,,,2026-04-07 00:00:00
6295,396,7,25,7,,,2026-04-07 00:00:00
6296,396,8,26,8,,,2026-04-07 00:00:00
6297,396,9,30,9,,,2026-04-07 00:00:00
6298,396,10,33,10,,,2026-04-07 00:00:00
6299,396,11,37,11,,,2026-04-07 00:00:00
6300,396,12,40,12,,,2026-04-07 00:00:00
6301,396,13,42,13,,,2026-04-07 00:00:00
6302,396,14,46,14,,,2026-04-07 00:00:00
6303,396,15,50,15,,,2026-04-07 00:00:00
6304,396,16,53,16,,,2026-04-07 00:00:00
6305,397,1,3,1,,,2026-04-07 00:00:00
6306,397,2,7,2,,,2026-04-07 00:00:00
6307,397,3,10,3,,,2026-04-07 00:00:00
6308,397,4,13,4,,,2026-04-07 00:00:00
6309,397,5,15,5,,,2026-04-07 00:00:00
6310,397,6,18,6,,,2026-04-07 00:00:00
6311,397,7,22,7,,,2026-04-07 00:00:00
6312,397,8,26,8,,,2026-04-07 00:00:00
6313,397,9,31,9,,,2026-04-07 00:00:00
6314,397,10,33,10,,,2026-04-07 00:00:00
6315,397,11,37,11,,,2026-04-07 00:00:00
6316,397,12,40,12,,,2026-04-07 00:00:00
6317,397,13,42,13,,,2026-04-07 00:00:00
6318,397,14,46,14,,,2026-04-07 00:00:00
6319,397,15,50,15,,,2026-04-07 00:00:00
6320,397,16,52,16,,,2026-04-07 00:00:00
6321,398,1,1,1,,,2026-04-07 00:00:00
6322,398,2,7,2,,,2026-04-07 00:00:00
6323,398,3,10,3,,,2026-04-07 00:00:00
6324,398,4,12,4,,,2026-04-07 00:00:00
6325,398,5,14,5,,,2026-04-07 00:00:00
6326,398,6,20,6,,,2026-04-07 00:00:00
6327,398,7,25,7,,,2026-04-07 00:00:00
6328,398,8,26,8,,,2026-04-07 00:00:00
6329,398,9,30,9,,,2026-04-07 00:00:00
6330,398,10,32,10,,,2026-04-07 00:00:00
6331,398,11,37,11,,,2026-04-07 00:00:00
6332,398,12,40,12,,,2026-04-07 00:00:00
6333,398,13,42,13,,,2026-04-07 00:00:00
6334,398,14,44,14,,,2026-04-07 00:00:00
6335,398,15,50,15,,,2026-04-07 00:00:00
6336,398,16,53,16,,,2026-04-07 00:00:00
6337,399,1,3,1,,,2026-04-07 00:00:00
6338,399,2,7,2,,,2026-04-07 00:00:00
6339,399,3,10,3,,,2026-04-07 00:00:00
6340,399,4,13,4,,,2026-04-07 00:00:00
6341,399,5,15,5,,,2026-04-07 00:00:00
6342,399,6,18,6,,,2026-04-07 00:00:00
6343,399,7,22,7,,,2026-04-07 00:00:00
6344,399,8,26,8,,,2026-04-07 00:00:00
6345,399,9,31,9,,,2026-04-07 00:00:00
6346,399,10,32,10,,,2026-04-07 00:00:00
6347,399,11,37,11,,,2026-04-07 00:00:00
6348,399,12,40,12,,,2026-04-07 00:00:00
6349,399,13,42,13,,,2026-04-07 00:00:00
6350,399,14,44,14,,,2026-04-07 00:00:00
6351,399,15,50,15,,,2026-04-07 00:00:00
6352,399,16,53,16,,,2026-04-07 00:00:00
6353,400,1,2,1,,,2026-04-07 00:00:00
6354,400,2,7,2,,,2026-04-07 00:00:00
6355,400,3,10,3,,,2026-04-07 00:00:00
6356,400,4,13,4,,,2026-04-07 00:00:00
6357,400,5,15,5,,,2026-04-07 00:00:00
6358,400,6,18,6,,,2026-04-07 00:00:00
6359,400,7,23,7,,,2026-04-07 00:00:00
6360,400,8,26,8,,,2026-04-07 00:00:00
6361,400,9,31,9,,,2026-04-07 00:00:00
6362,400,10,32,10,,,2026-04-07 00:00:00
6363,400,11,37,11,,,2026-04-07 00:00:00
6364,400,12,40,12,,,2026-04-07 00:00:00
6365,400,13,42,13,,,2026-04-07 00:00:00
6366,400,14,44,14,,,2026-04-07 00:00:00
6367,400,15,50,15,,,2026-04-07 00:00:00
6368,400,16,53,16,,,2026-04-07 00:00:00
6369,401,1,3,1,,,2026-04-07 00:00:00
6370,401,2,7,2,,,2026-04-07 00:00:00
6371,401,3,10,3,,,2026-04-07 00:00:00
6372,401,4,13,4,,,2026-04-07 00:00:00
6373,401,5,17,5,,,2026-04-07 00:00:00
6374,401,6,20,6,,,2026-04-07 00:00:00
6375,401,7,23,7,,,2026-04-07 00:00:00
6376,401,8,28,8,,,2026-04-07 00:00:00
6377,401,9,31,9,,,2026-04-07 00:00:00
6378,401,10,32,10,,,2026-04-07 00:00:00
6379,401,11,37,11,,,2026-04-07 00:00:00
6380,401,12,40,12,,,2026-04-07 00:00:00
6381,401,13,42,13,,,2026-04-07 00:00:00
6382,401,14,44,14,,,2026-04-07 00:00:00
6383,401,15,50,15,,,2026-04-07 00:00:00
6384,401,16,53,16,,,2026-04-07 00:00:00
6385,402,1,4,1,,,2026-04-07 00:00:00
6386,402,2,7,2,,,2026-04-07 00:00:00
6387,402,3,8,3,,,2026-04-07 00:00:00
6388,402,4,12,4,,,2026-04-07 00:00:00
6389,402,5,14,5,,,2026-04-07 00:00:00
6390,402,6,19,6,,,2026-04-07 00:00:00
6391,402,7,22,7,,,2026-04-07 00:00:00
6392,402,8,26,8,,,2026-04-07 00:00:00
6393,402,9,30,9,,,2026-04-07 00:00:00
6394,402,10,32,10,,,2026-04-07 00:00:00
6395,402,11,37,11,,,2026-04-07 00:00:00
6396,402,12,40,12,,,2026-04-07 00:00:00
6397,402,13,42,13,,,2026-04-07 00:00:00
6398,402,14,44,14,,,2026-04-07 00:00:00
6399,402,15,50,15,,,2026-04-07 00:00:00
6400,402,16,53,16,,,2026-04-07 00:00:00
6401,403,1,3,1,,,2026-04-07 00:00:00
6402,403,2,7,2,,,2026-04-07 00:00:00
6403,403,3,9,3,,,2026-04-07 00:00:00
6404,403,4,12,4,,,2026-04-07 00:00:00
6405,403,5,15,5,,,2026-04-07 00:00:00
6406,403,6,19,6,,,2026-04-07 00:00:00
6407,403,7,22,7,,,2026-04-07 00:00:00
6408,403,8,26,8,,,2026-04-07 00:00:00
6409,403,9,30,9,,,2026-04-07 00:00:00
6410,403,10,32,10,,,2026-04-07 00:00:00
6411,403,11,37,11,,,2026-04-07 00:00:00
6412,403,12,40,12,,,2026-04-07 00:00:00
6413,403,13,42,13,,,2026-04-07 00:00:00
6414,403,14,44,14,,,2026-04-07 00:00:00
6415,403,15,50,15,,,2026-04-07 00:00:00
6416,403,16,53,16,,,2026-04-07 00:00:00
6417,404,1,3,1,,,2026-04-07 00:00:00
6418,404,2,7,2,,,2026-04-07 00:00:00
6419,404,3,10,3,,,2026-04-07 00:00:00
6420,404,4,13,4,,,2026-04-07 00:00:00
6421,404,5,14,5,,,2026-04-07 00:00:00
6422,404,6,20,6,,,2026-04-07 00:00:00
6423,404,7,22,7,,,2026-04-07 00:00:00
6424,404,8,26,8,,,2026-04-07 00:00:00
6425,404,9,31,9,,,2026-04-07 00:00:00
6426,404,10,32,10,,,2026-04-07 00:00:00
6427,404,11,37,11,,,2026-04-07 00:00:00
6428,404,12,40,12,,,2026-04-07 00:00:00
6429,404,13,42,13,,,2026-04-07 00:00:00
6430,404,14,44,14,,,2026-04-07 00:00:00
6431,404,15,50,15,,,2026-04-07 00:00:00
6432,404,16,53,16,,,2026-04-07 00:00:00
6433,405,1,3,1,,,2026-04-07 00:00:00
6434,405,2,7,2,,,2026-04-07 00:00:00
6435,405,3,9,3,,,2026-04-07 00:00:00
6436,405,4,12,4,,,2026-04-07 00:00:00
6437,405,5,14,5,,,2026-04-07 00:00:00
6438,405,6,19,6,,,2026-04-07 00:00:00
6439,405,7,22,7,,,2026-04-07 00:00:00
6440,405,8,26,8,,,2026-04-07 00:00:00
6441,405,9,30,9,,,2026-04-07 00:00:00
6442,405,10,32,10,,,2026-04-07 00:00:00
6443,405,11,37,11,,,2026-04-07 00:00:00
6444,405,12,40,12,,,2026-04-07 00:00:00
6445,405,13,42,13,,,2026-04-07 00:00:00
6446,405,14,44,14,,,2026-04-07 00:00:00
6447,405,15,50,15,,,2026-04-07 00:00:00
6448,405,16,53,16,,,2026-04-07 00:00:00
6449,406,1,1,1,,,2026-04-07 00:00:00
6450,406,2,7,2,,,2026-04-07 00:00:00
6451,406,3,10,3,,,2026-04-07 00:00:00
6452,406,4,12,4,,,2026-04-07 00:00:00
6453,406,5,14,5,,,2026-04-07 00:00:00
6454,406,6,20,6,,,2026-04-07 00:00:00
6455,406,7,25,7,,,2026-04-07 00:00:00
6456,406,8,26,8,,,2026-04-07 00:00:00
6457,406,9,31,9,,,2026-04-07 00:00:00
6458,406,10,33,10,,,2026-04-07 00:00:00
6459,406,11,37,11,,,2026-04-07 00:00:00
6460,406,12,40,12,,,2026-04-07 00:00:00
6461,406,13,42,13,,,2026-04-07 00:00:00
6462,406,14,46,14,,,2026-04-07 00:00:00
6463,406,15,50,15,,,2026-04-07 00:00:00
6464,406,16,53,16,,,2026-04-07 00:00:00
6465,407,1,4,1,,,2026-04-07 00:00:00
6466,407,2,7,2,,,2026-04-07 00:00:00
6467,407,3,10,3,,,2026-04-07 00:00:00
6468,407,4,13,4,,,2026-04-07 00:00:00
6469,407,5,17,5,,,2026-04-07 00:00:00
6470,407,6,19,6,,,2026-04-07 00:00:00
6471,407,7,22,7,,,2026-04-07 00:00:00
6472,407,8,28,8,,,2026-04-07 00:00:00
6473,407,9,31,9,,,2026-04-07 00:00:00
6474,407,10,34,10,,,2026-04-07 00:00:00
6475,407,11,37,11,,,2026-04-07 00:00:00
6476,407,12,40,12,,,2026-04-07 00:00:00
6477,407,13,42,13,,,2026-04-07 00:00:00
6478,407,14,46,14,,,2026-04-07 00:00:00
6479,407,15,50,15,,,2026-04-07 00:00:00
6480,407,16,51,16,,,2026-04-07 00:00:00
6481,408,1,4,1,,,2026-04-07 00:00:00
6482,408,2,7,2,,,2026-04-07 00:00:00
6483,408,3,10,3,,,2026-04-07 00:00:00
6484,408,4,13,4,,,2026-04-07 00:00:00
6485,408,5,17,5,,,2026-04-07 00:00:00
6486,408,6,21,6,,,2026-04-07 00:00:00
6487,408,7,22,7,,,2026-04-07 00:00:00
6488,408,8,28,8,,,2026-04-07 00:00:00
6489,408,9,31,9,,,2026-04-07 00:00:00
6490,408,10,34,10,,,2026-04-07 00:00:00
6491,408,11,37,11,,,2026-04-07 00:00:00
6492,408,12,40,12,,,2026-04-07 00:00:00
6493,408,13,42,13,,,2026-04-07 00:00:00
6494,408,14,46,14,,,2026-04-07 00:00:00
6495,408,15,50,15,,,2026-04-07 00:00:00
6496,408,16,51,16,,,2026-04-07 00:00:00
6497,409,1,4,1,,,2026-04-07 00:00:00
6498,409,2,7,2,,,2026-04-07 00:00:00
6499,409,3,10,3,,,2026-04-07 00:00:00
6500,409,4,13,4,,,2026-04-07 00:00:00
6501,409,5,17,5,,,2026-04-07 00:00:00
6502,409,6,18,6,,,2026-04-07 00:00:00
6503,409,7,22,7,,,2026-04-07 00:00:00
6504,409,8,27,8,,,2026-04-07 00:00:00
6505,409,9,31,9,,,2026-04-07 00:00:00
6506,409,10,32,10,,,2026-04-07 00:00:00
6507,409,11,37,11,,,2026-04-07 00:00:00
6508,409,12,40,12,,,2026-04-07 00:00:00
6509,409,13,42,13,,,2026-04-07 00:00:00
6510,409,14,44,14,,,2026-04-07 00:00:00
6511,409,15,50,15,,,2026-04-07 00:00:00
6512,409,16,53,16,,,2026-04-07 00:00:00
6513,410,1,4,1,,,2026-04-07 00:00:00
6514,410,2,7,2,,,2026-04-07 00:00:00
6515,410,3,10,3,,,2026-04-07 00:00:00
6516,410,4,13,4,,,2026-04-07 00:00:00
6517,410,5,17,5,,,2026-04-07 00:00:00
6518,410,6,18,6,,,2026-04-07 00:00:00
6519,410,7,22,7,,,2026-04-07 00:00:00
6520,410,8,28,8,,,2026-04-07 00:00:00
6521,410,9,31,9,,,2026-04-07 00:00:00
6522,410,10,32,10,,,2026-04-07 00:00:00
6523,410,11,37,11,,,2026-04-07 00:00:00
6524,410,12,40,12,,,2026-04-07 00:00:00
6525,410,13,42,13,,,2026-04-07 00:00:00
6526,410,14,44,14,,,2026-04-07 00:00:00
6527,410,15,50,15,,,2026-04-07 00:00:00
6528,410,16,52,16,,,2026-04-07 00:00:00
6529,411,1,4,1,,,2026-04-07 00:00:00
6530,411,2,7,2,,,2026-04-07 00:00:00
6531,411,3,10,3,,,2026-04-07 00:00:00
6532,411,4,13,4,,,2026-04-07 00:00:00
6533,411,5,17,5,,,2026-04-07 00:00:00
6534,411,6,18,6,,,2026-04-07 00:00:00
6535,411,7,22,7,,,2026-04-07 00:00:00
6536,411,8,28,8,,,2026-04-07 00:00:00
6537,411,9,31,9,,,2026-04-07 00:00:00
6538,411,10,34,10,,,2026-04-07 00:00:00
6539,411,11,37,11,,,2026-04-07 00:00:00
6540,411,12,40,12,,,2026-04-07 00:00:00
6541,411,13,42,13,,,2026-04-07 00:00:00
6542,411,14,46,14,,,2026-04-07 00:00:00
6543,411,15,50,15,,,2026-04-07 00:00:00
6544,411,16,52,16,,,2026-04-07 00:00:00
6545,412,1,4,1,,,2026-04-07 00:00:00
6546,412,2,7,2,,,2026-04-07 00:00:00
6547,412,3,10,3,,,2026-04-07 00:00:00
6548,412,4,13,4,,,2026-04-07 00:00:00
6549,412,5,17,5,,,2026-04-07 00:00:00
6550,412,6,19,6,,,2026-04-07 00:00:00
6551,412,7,22,7,,,2026-04-07 00:00:00
6552,412,8,28,8,,,2026-04-07 00:00:00
6553,412,9,31,9,,,2026-04-07 00:00:00
6554,412,10,32,10,,,2026-04-07 00:00:00
6555,412,11,37,11,,,2026-04-07 00:00:00
6556,412,12,40,12,,,2026-04-07 00:00:00
6557,412,13,42,13,,,2026-04-07 00:00:00
6558,412,14,44,14,,,2026-04-07 00:00:00
6559,412,15,50,15,,,2026-04-07 00:00:00
6560,412,16,53,16,,,2026-04-07 00:00:00
6561,413,1,4,1,,,2026-04-07 00:00:00
6562,413,2,7,2,,,2026-04-07 00:00:00
6563,413,3,10,3,,,2026-04-07 00:00:00
6564,413,4,13,4,,,2026-04-07 00:00:00
6565,413,5,17,5,,,2026-04-07 00:00:00
6566,413,6,18,6,,,2026-04-07 00:00:00
6567,413,7,22,7,,,2026-04-07 00:00:00
6568,413,8,28,8,,,2026-04-07 00:00:00
6569,413,9,31,9,,,2026-04-07 00:00:00
6570,413,10,32,10,,,2026-04-07 00:00:00
6571,413,11,37,11,,,2026-04-07 00:00:00
6572,413,12,40,12,,,2026-04-07 00:00:00
6573,413,13,42,13,,,2026-04-07 00:00:00
6574,413,14,44,14,,,2026-04-07 00:00:00
6575,413,15,50,15,,,2026-04-07 00:00:00
6576,413,16,52,16,,,2026-04-07 00:00:00
6577,414,1,4,1,,,2026-04-07 00:00:00
6578,414,2,7,2,,,2026-04-07 00:00:00
6579,414,3,10,3,,,2026-04-07 00:00:00
6580,414,4,13,4,,,2026-04-07 00:00:00
6581,414,5,17,5,,,2026-04-07 00:00:00
6582,414,6,18,6,,,2026-04-07 00:00:00
6583,414,7,22,7,,,2026-04-07 00:00:00
6584,414,8,28,8,,,2026-04-07 00:00:00
6585,414,9,31,9,,,2026-04-07 00:00:00
6586,414,10,34,10,,,2026-04-07 00:00:00
6587,414,11,37,11,,,2026-04-07 00:00:00
6588,414,12,40,12,,,2026-04-07 00:00:00
6589,414,13,42,13,,,2026-04-07 00:00:00
6590,414,14,46,14,,,2026-04-07 00:00:00
6591,414,15,50,15,,,2026-04-07 00:00:00
6592,414,16,51,16,,,2026-04-07 00:00:00
6593,415,1,4,1,,,2026-04-07 00:00:00
6594,415,2,7,2,,,2026-04-07 00:00:00
6595,415,3,10,3,,,2026-04-07 00:00:00
6596,415,4,13,4,,,2026-04-07 00:00:00
6597,415,5,17,5,,,2026-04-07 00:00:00
6598,415,6,18,6,,,2026-04-07 00:00:00
6599,415,7,22,7,,,2026-04-07 00:00:00
6600,415,8,28,8,,,2026-04-07 00:00:00
6601,415,9,31,9,,,2026-04-07 00:00:00
6602,415,10,32,10,,,2026-04-07 00:00:00
6603,415,11,37,11,,,2026-04-07 00:00:00
6604,415,12,40,12,,,2026-04-07 00:00:00
6605,415,13,42,13,,,2026-04-07 00:00:00
6606,415,14,44,14,,,2026-04-07 00:00:00
6607,415,15,50,15,,,2026-04-07 00:00:00
6608,415,16,52,16,,,2026-04-07 00:00:00
6609,416,1,4,1,,,2026-04-07 00:00:00
6610,416,2,7,2,,,2026-04-07 00:00:00
6611,416,3,10,3,,,2026-04-07 00:00:00
6612,416,4,13,4,,,2026-04-07 00:00:00
6613,416,5,17,5,,,2026-04-07 00:00:00
6614,416,6,20,6,,,2026-04-07 00:00:00
6615,416,7,22,7,,,2026-04-07 00:00:00
6616,416,8,28,8,,,2026-04-07 00:00:00
6617,416,9,31,9,,,2026-04-07 00:00:00
6618,416,10,32,10,,,2026-04-07 00:00:00
6619,416,11,37,11,,,2026-04-07 00:00:00
6620,416,12,39,12,,,2026-04-07 00:00:00
6621,416,13,42,13,,,2026-04-07 00:00:00
6622,416,14,44,14,,,2026-04-07 00:00:00
6623,416,15,50,15,,,2026-04-07 00:00:00
6624,416,16,52,16,,,2026-04-07 00:00:00
6625,417,1,4,1,,,2026-04-07 00:00:00
6626,417,2,7,2,,,2026-04-07 00:00:00
6627,417,3,10,3,,,2026-04-07 00:00:00
6628,417,4,13,4,,,2026-04-07 00:00:00
6629,417,5,17,5,,,2026-04-07 00:00:00
6630,417,6,20,6,,,2026-04-07 00:00:00
6631,417,7,22,7,,,2026-04-07 00:00:00
6632,417,8,28,8,,,2026-04-07 00:00:00
6633,417,9,31,9,,,2026-04-07 00:00:00
6634,417,10,32,10,,,2026-04-07 00:00:00
6635,417,11,37,11,,,2026-04-07 00:00:00
6636,417,12,39,12,,,2026-04-07 00:00:00
6637,417,13,42,13,,,2026-04-07 00:00:00
6638,417,14,44,14,,,2026-04-07 00:00:00
6639,417,15,50,15,,,2026-04-07 00:00:00
6640,417,16,52,16,,,2026-04-07 00:00:00
6641,418,1,4,1,,,2026-04-07 00:00:00
6642,418,2,7,2,,,2026-04-07 00:00:00
6643,418,3,10,3,,,2026-04-07 00:00:00
6644,418,4,13,4,,,2026-04-07 00:00:00
6645,418,5,17,5,,,2026-04-07 00:00:00
6646,418,6,20,6,,,2026-04-07 00:00:00
6647,418,7,22,7,,,2026-04-07 00:00:00
6648,418,8,28,8,,,2026-04-07 00:00:00
6649,418,9,31,9,,,2026-04-07 00:00:00
6650,418,10,32,10,,,2026-04-07 00:00:00
6651,418,11,37,11,,,2026-04-07 00:00:00
6652,418,12,39,12,,,2026-04-07 00:00:00
6653,418,13,42,13,,,2026-04-07 00:00:00
6654,418,14,44,14,,,2026-04-07 00:00:00
6655,418,15,50,15,,,2026-04-07 00:00:00
6656,418,16,52,16,,,2026-04-07 00:00:00
6657,419,1,4,1,,,2026-04-07 00:00:00
6658,419,2,7,2,,,2026-04-07 00:00:00
6659,419,3,10,3,,,2026-04-07 00:00:00
6660,419,4,13,4,,,2026-04-07 00:00:00
6661,419,5,17,5,,,2026-04-07 00:00:00
6662,419,6,20,6,,,2026-04-07 00:00:00
6663,419,7,22,7,,,2026-04-07 00:00:00
6664,419,8,28,8,,,2026-04-07 00:00:00
6665,419,9,31,9,,,2026-04-07 00:00:00
6666,419,10,32,10,,,2026-04-07 00:00:00
6667,419,11,37,11,,,2026-04-07 00:00:00
6668,419,12,39,12,,,2026-04-07 00:00:00
6669,419,13,42,13,,,2026-04-07 00:00:00
6670,419,14,44,14,,,2026-04-07 00:00:00
6671,419,15,50,15,,,2026-04-07 00:00:00
6672,419,16,52,16,,,2026-04-07 00:00:00
6673,420,1,4,1,,,2026-04-07 00:00:00
6674,420,2,7,2,,,2026-04-07 00:00:00
6675,420,3,10,3,,,2026-04-07 00:00:00
6676,420,4,13,4,,,2026-04-07 00:00:00
6677,420,5,17,5,,,2026-04-07 00:00:00
6678,420,6,21,6,,,2026-04-07 00:00:00
6679,420,7,22,7,,,2026-04-07 00:00:00
6680,420,8,28,8,,,2026-04-07 00:00:00
6681,420,9,31,9,,,2026-04-07 00:00:00
6682,420,10,34,10,,,2026-04-07 00:00:00
6683,420,11,37,11,,,2026-04-07 00:00:00
6684,420,12,40,12,,,2026-04-07 00:00:00
6685,420,13,42,13,,,2026-04-07 00:00:00
6686,420,14,46,14,,,2026-04-07 00:00:00
6687,420,15,50,15,,,2026-04-07 00:00:00
6688,420,16,51,16,,,2026-04-07 00:00:00
6689,421,1,4,1,,,2026-04-07 00:00:00
6690,421,2,7,2,,,2026-04-07 00:00:00
6691,421,3,10,3,,,2026-04-07 00:00:00
6692,421,4,13,4,,,2026-04-07 00:00:00
6693,421,5,17,5,,,2026-04-07 00:00:00
6694,421,6,18,6,,,2026-04-07 00:00:00
6695,421,7,22,7,,,2026-04-07 00:00:00
6696,421,8,28,8,,,2026-04-07 00:00:00
6697,421,9,31,9,,,2026-04-07 00:00:00
6698,421,10,34,10,,,2026-04-07 00:00:00
6699,421,11,37,11,,,2026-04-07 00:00:00
6700,421,12,40,12,,,2026-04-07 00:00:00
6701,421,13,42,13,,,2026-04-07 00:00:00
6702,421,14,46,14,,,2026-04-07 00:00:00
6703,421,15,50,15,,,2026-04-07 00:00:00
6704,421,16,51,16,,,2026-04-07 00:00:00
6705,422,1,4,1,,,2026-04-07 00:00:00
6706,422,2,7,2,,,2026-04-07 00:00:00
6707,422,3,10,3,,,2026-04-07 00:00:00
6708,422,4,13,4,,,2026-04-07 00:00:00
6709,422,5,17,5,,,2026-04-07 00:00:00
6710,422,6,18,6,,,2026-04-07 00:00:00
6711,422,7,22,7,,,2026-04-07 00:00:00
6712,422,8,28,8,,,2026-04-07 00:00:00
6713,422,9,31,9,,,2026-04-07 00:00:00
6714,422,10,32,10,,,2026-04-07 00:00:00
6715,422,11,37,11,,,2026-04-07 00:00:00
6716,422,12,40,12,,,2026-04-07 00:00:00
6717,422,13,42,13,,,2026-04-07 00:00:00
6718,422,14,44,14,,,2026-04-07 00:00:00
6719,422,15,50,15,,,2026-04-07 00:00:00
6720,422,16,52,16,,,2026-04-07 00:00:00
6721,423,1,4,1,,,2026-04-07 00:00:00
6722,423,2,7,2,,,2026-04-07 00:00:00
6723,423,3,10,3,,,2026-04-07 00:00:00
6724,423,4,13,4,,,2026-04-07 00:00:00
6725,423,5,17,5,,,2026-04-07 00:00:00
6726,423,6,21,6,,,2026-04-07 00:00:00
6727,423,7,22,7,,,2026-04-07 00:00:00
6728,423,8,26,8,,,2026-04-07 00:00:00
6729,423,9,31,9,,,2026-04-07 00:00:00
6730,423,10,34,10,,,2026-04-07 00:00:00
6731,423,11,37,11,,,2026-04-07 00:00:00
6732,423,12,40,12,,,2026-04-07 00:00:00
6733,423,13,42,13,,,2026-04-07 00:00:00
6734,423,14,46,14,,,2026-04-07 00:00:00
6735,423,15,50,15,,,2026-04-07 00:00:00
6736,423,16,51,16,,,2026-04-07 00:00:00
6737,424,1,4,1,,,2026-04-07 00:00:00
6738,424,2,7,2,,,2026-04-07 00:00:00
6739,424,3,10,3,,,2026-04-07 00:00:00
6740,424,4,13,4,,,2026-04-07 00:00:00
6741,424,5,17,5,,,2026-04-07 00:00:00
6742,424,6,21,6,,,2026-04-07 00:00:00
6743,424,7,22,7,,,2026-04-07 00:00:00
6744,424,8,27,8,,,2026-04-07 00:00:00
6745,424,9,31,9,,,2026-04-07 00:00:00
6746,424,10,34,10,,,2026-04-07 00:00:00
6747,424,11,37,11,,,2026-04-07 00:00:00
6748,424,12,40,12,,,2026-04-07 00:00:00
6749,424,13,42,13,,,2026-04-07 00:00:00
6750,424,14,46,14,,,2026-04-07 00:00:00
6751,424,15,50,15,,,2026-04-07 00:00:00
6752,424,16,51,16,,,2026-04-07 00:00:00
6753,425,1,4,1,,,2026-04-07 00:00:00
6754,425,2,7,2,,,2026-04-07 00:00:00
6755,425,3,10,3,,,2026-04-07 00:00:00
6756,425,4,13,4,,,2026-04-07 00:00:00
6757,425,5,16,5,,,2026-04-07 00:00:00
6758,425,6,21,6,,,2026-04-07 00:00:00
6759,425,7,22,7,,,2026-04-07 00:00:00
6760,425,8,26,8,,,2026-04-07 00:00:00
6761,425,9,31,9,,,2026-04-07 00:00:00
6762,425,10,34,10,,,2026-04-07 00:00:00
6763,425,11,37,11,,,2026-04-07 00:00:00
6764,425,12,40,12,,,2026-04-07 00:00:00
6765,425,13,42,13,,,2026-04-07 00:00:00
6766,425,14,46,14,,,2026-04-07 00:00:00
6767,425,15,50,15,,,2026-04-07 00:00:00
6768,425,16,51,16,,,2026-04-07 00:00:00
6769,426,1,4,1,,,2026-04-07 00:00:00
6770,426,2,7,2,,,2026-04-07 00:00:00
6771,426,3,10,3,,,2026-04-07 00:00:00
6772,426,4,13,4,,,2026-04-07 00:00:00
6773,426,5,17,5,,,2026-04-07 00:00:00
6774,426,6,20,6,,,2026-04-07 00:00:00
6775,426,7,22,7,,,2026-04-07 00:00:00
6776,426,8,26,8,,,2026-04-07 00:00:00
6777,426,9,31,9,,,2026-04-07 00:00:00
6778,426,10,34,10,,,2026-04-07 00:00:00
6779,426,11,37,11,,,2026-04-07 00:00:00
6780,426,12,40,12,,,2026-04-07 00:00:00
6781,426,13,42,13,,,2026-04-07 00:00:00
6782,426,14,46,14,,,2026-04-07 00:00:00
6783,426,15,50,15,,,2026-04-07 00:00:00
6784,426,16,51,16,,,2026-04-07 00:00:00
6785,427,1,4,1,,,2026-04-07 00:00:00
6786,427,2,7,2,,,2026-04-07 00:00:00
6787,427,3,10,3,,,2026-04-07 00:00:00
6788,427,4,13,4,,,2026-04-07 00:00:00
6789,427,5,17,5,,,2026-04-07 00:00:00
6790,427,6,18,6,,,2026-04-07 00:00:00
6791,427,7,22,7,,,2026-04-07 00:00:00
6792,427,8,26,8,,,2026-04-07 00:00:00
6793,427,9,31,9,,,2026-04-07 00:00:00
6794,427,10,34,10,,,2026-04-07 00:00:00
6795,427,11,37,11,,,2026-04-07 00:00:00
6796,427,12,40,12,,,2026-04-07 00:00:00
6797,427,13,42,13,,,2026-04-07 00:00:00
6798,427,14,46,14,,,2026-04-07 00:00:00
6799,427,15,50,15,,,2026-04-07 00:00:00
6800,427,16,51,16,,,2026-04-07 00:00:00
6801,428,1,4,1,,,2026-04-07 00:00:00
6802,428,2,7,2,,,2026-04-07 00:00:00
6803,428,3,10,3,,,2026-04-07 00:00:00
6804,428,4,13,4,,,2026-04-07 00:00:00
6805,428,5,17,5,,,2026-04-07 00:00:00
6806,428,6,18,6,,,2026-04-07 00:00:00
6807,428,7,22,7,,,2026-04-07 00:00:00
6808,428,8,26,8,,,2026-04-07 00:00:00
6809,428,9,31,9,,,2026-04-07 00:00:00
6810,428,10,34,10,,,2026-04-07 00:00:00
6811,428,11,37,11,,,2026-04-07 00:00:00
6812,428,12,40,12,,,2026-04-07 00:00:00
6813,428,13,42,13,,,2026-04-07 00:00:00
6814,428,14,46,14,,,2026-04-07 00:00:00
6815,428,15,50,15,,,2026-04-07 00:00:00
6816,428,16,51,16,,,2026-04-07 00:00:00
6817,429,1,4,1,,,2026-04-07 00:00:00
6818,429,2,7,2,,,2026-04-07 00:00:00
6819,429,3,10,3,,,2026-04-07 00:00:00
6820,429,4,13,4,,,2026-04-07 00:00:00
6821,429,5,17,5,,,2026-04-07 00:00:00
6822,429,6,19,6,,,2026-04-07 00:00:00
6823,429,7,22,7,,,2026-04-07 00:00:00
6824,429,8,26,8,,,2026-04-07 00:00:00
6825,429,9,31,9,,,2026-04-07 00:00:00
6826,429,10,34,10,,,2026-04-07 00:00:00
6827,429,11,37,11,,,2026-04-07 00:00:00
6828,429,12,40,12,,,2026-04-07 00:00:00
6829,429,13,42,13,,,2026-04-07 00:00:00
6830,429,14,46,14,,,2026-04-07 00:00:00
6831,429,15,50,15,,,2026-04-07 00:00:00
6832,429,16,51,16,,,2026-04-07 00:00:00
6833,430,1,4,1,,,2026-04-07 00:00:00
6834,430,2,7,2,,,2026-04-07 00:00:00
6835,430,3,10,3,,,2026-04-07 00:00:00
6836,430,4,13,4,,,2026-04-07 00:00:00
6837,430,5,17,5,,,2026-04-07 00:00:00
6838,430,6,19,6,,,2026-04-07 00:00:00
6839,430,7,22,7,,,2026-04-07 00:00:00
6840,430,8,26,8,,,2026-04-07 00:00:00
6841,430,9,31,9,,,2026-04-07 00:00:00
6842,430,10,34,10,,,2026-04-07 00:00:00
6843,430,11,37,11,,,2026-04-07 00:00:00
6844,430,12,40,12,,,2026-04-07 00:00:00
6845,430,13,42,13,,,2026-04-07 00:00:00
6846,430,14,46,14,,,2026-04-07 00:00:00
6847,430,15,50,15,,,2026-04-07 00:00:00
6848,430,16,51,16,,,2026-04-07 00:00:00
6849,431,1,4,1,,,2026-04-07 00:00:00
6850,431,2,7,2,,,2026-04-07 00:00:00
6851,431,3,10,3,,,2026-04-07 00:00:00
6852,431,4,13,4,,,2026-04-07 00:00:00
6853,431,5,17,5,,,2026-04-07 00:00:00
6854,431,6,19,6,,,2026-04-07 00:00:00
6855,431,7,22,7,,,2026-04-07 00:00:00
6856,431,8,26,8,,,2026-04-07 00:00:00
6857,431,9,31,9,,,2026-04-07 00:00:00
6858,431,10,34,10,,,2026-04-07 00:00:00
6859,431,11,37,11,,,2026-04-07 00:00:00
6860,431,12,40,12,,,2026-04-07 00:00:00
6861,431,13,42,13,,,2026-04-07 00:00:00
6862,431,14,46,14,,,2026-04-07 00:00:00
6863,431,15,50,15,,,2026-04-07 00:00:00
6864,431,16,51,16,,,2026-04-07 00:00:00
6865,432,1,4,1,,,2026-04-07 00:00:00
6866,432,2,7,2,,,2026-04-07 00:00:00
6867,432,3,10,3,,,2026-04-07 00:00:00
6868,432,4,13,4,,,2026-04-07 00:00:00
6869,432,5,17,5,,,2026-04-07 00:00:00
6870,432,6,21,6,,,2026-04-07 00:00:00
6871,432,7,22,7,,,2026-04-07 00:00:00
6872,432,8,28,8,,,2026-04-07 00:00:00
6873,432,9,31,9,,,2026-04-07 00:00:00
6874,432,10,34,10,,,2026-04-07 00:00:00
6875,432,11,36,11,,,2026-04-07 00:00:00
6876,432,12,40,12,,,2026-04-07 00:00:00
6877,432,13,42,13,,,2026-04-07 00:00:00
6878,432,14,45,14,,,2026-04-07 00:00:00
6879,432,15,48,15,,,2026-04-07 00:00:00
6880,432,16,52,16,,,2026-04-07 00:00:00
6881,433,1,4,1,,,2026-04-07 00:00:00
6882,433,2,7,2,,,2026-04-07 00:00:00
6883,433,3,10,3,,,2026-04-07 00:00:00
6884,433,4,13,4,,,2026-04-07 00:00:00
6885,433,5,17,5,,,2026-04-07 00:00:00
6886,433,6,21,6,,,2026-04-07 00:00:00
6887,433,7,22,7,,,2026-04-07 00:00:00
6888,433,8,27,8,,,2026-04-07 00:00:00
6889,433,9,31,9,,,2026-04-07 00:00:00
6890,433,10,34,10,,,2026-04-07 00:00:00
6891,433,11,37,11,,,2026-04-07 00:00:00
6892,433,12,40,12,,,2026-04-07 00:00:00
6893,433,13,42,13,,,2026-04-07 00:00:00
6894,433,14,46,14,,,2026-04-07 00:00:00
6895,433,15,50,15,,,2026-04-07 00:00:00
6896,433,16,51,16,,,2026-04-07 00:00:00
6897,434,1,4,1,,,2026-04-07 00:00:00
6898,434,2,6,2,,,2026-04-07 00:00:00
6899,434,3,10,3,,,2026-04-07 00:00:00
6900,434,4,11,4,,,2026-04-07 00:00:00
6901,434,5,17,5,,,2026-04-07 00:00:00
6902,434,6,20,6,,,2026-04-07 00:00:00
6903,434,7,25,7,,,2026-04-07 00:00:00
6904,434,8,28,8,,,2026-04-07 00:00:00
6905,434,9,30,9,,,2026-04-07 00:00:00
6906,434,10,34,10,,,2026-04-07 00:00:00
6907,434,11,37,11,,,2026-04-07 00:00:00
6908,434,12,38,12,,,2026-04-07 00:00:00
6909,434,13,42,13,,,2026-04-07 00:00:00
6910,434,14,44,14,,,2026-04-07 00:00:00
6911,434,15,50,15,,,2026-04-07 00:00:00
6912,434,16,52,16,,,2026-04-07 00:00:00
6913,435,1,3,1,,,2026-04-07 00:00:00
6914,435,2,5,2,,,2026-04-07 00:00:00
6915,435,3,8,3,,,2026-04-07 00:00:00
6916,435,4,11,4,,,2026-04-07 00:00:00
6917,435,5,17,5,,,2026-04-07 00:00:00
6918,435,6,18,6,,,2026-04-07 00:00:00
6919,435,7,24,7,,,2026-04-07 00:00:00
6920,435,8,28,8,,,2026-04-07 00:00:00
6921,435,9,29,9,,,2026-04-07 00:00:00
6922,435,10,34,10,,,2026-04-07 00:00:00
6923,435,11,37,11,,,2026-04-07 00:00:00
6924,435,12,38,12,,,2026-04-07 00:00:00
6925,435,13,42,13,,,2026-04-07 00:00:00
6926,435,14,44,14,,,2026-04-07 00:00:00
6927,435,15,50,15,,,2026-04-07 00:00:00
6928,435,16,53,16,,,2026-04-07 00:00:00
6929,436,1,4,1,,,2026-04-07 00:00:00
6930,436,2,5,2,,,2026-04-07 00:00:00
6931,436,3,8,3,,,2026-04-07 00:00:00
6932,436,4,11,4,,,2026-04-07 00:00:00
6933,436,5,17,5,,,2026-04-07 00:00:00
6934,436,6,18,6,,,2026-04-07 00:00:00
6935,436,7,25,7,,,2026-04-07 00:00:00
6936,436,8,28,8,,,2026-04-07 00:00:00
6937,436,9,29,9,,,2026-04-07 00:00:00
6938,436,10,34,10,,,2026-04-07 00:00:00
6939,436,11,37,11,,,2026-04-07 00:00:00
6940,436,12,40,12,,,2026-04-07 00:00:00
6941,436,13,42,13,,,2026-04-07 00:00:00
6942,436,14,46,14,,,2026-04-07 00:00:00
6943,436,15,50,15,,,2026-04-07 00:00:00
6944,436,16,51,16,,,2026-04-07 00:00:00
6945,437,1,4,1,,,2026-04-07 00:00:00
6946,437,2,7,2,,,2026-04-07 00:00:00
6947,437,3,10,3,,,2026-04-07 00:00:00
6948,437,4,11,4,,,2026-04-07 00:00:00
6949,437,5,17,5,,,2026-04-07 00:00:00
6950,437,6,19,6,,,2026-04-07 00:00:00
6951,437,7,25,7,,,2026-04-07 00:00:00
6952,437,8,28,8,,,2026-04-07 00:00:00
6953,437,9,29,9,,,2026-04-07 00:00:00
6954,437,10,34,10,,,2026-04-07 00:00:00
6955,437,11,37,11,,,2026-04-07 00:00:00
6956,437,12,38,12,,,2026-04-07 00:00:00
6957,437,13,42,13,,,2026-04-07 00:00:00
6958,437,14,44,14,,,2026-04-07 00:00:00
6959,437,15,50,15,,,2026-04-07 00:00:00
6960,437,16,52,16,,,2026-04-07 00:00:00
6961,438,1,4,1,,,2026-04-07 00:00:00
6962,438,2,5,2,,,2026-04-07 00:00:00
6963,438,3,8,3,,,2026-04-07 00:00:00
6964,438,4,11,4,,,2026-04-07 00:00:00
6965,438,5,17,5,,,2026-04-07 00:00:00
6966,438,6,20,6,,,2026-04-07 00:00:00
6967,438,7,25,7,,,2026-04-07 00:00:00
6968,438,8,28,8,,,2026-04-07 00:00:00
6969,438,9,30,9,,,2026-04-07 00:00:00
6970,438,10,34,10,,,2026-04-07 00:00:00
6971,438,11,37,11,,,2026-04-07 00:00:00
6972,438,12,38,12,,,2026-04-07 00:00:00
6973,438,13,42,13,,,2026-04-07 00:00:00
6974,438,14,44,14,,,2026-04-07 00:00:00
6975,438,15,50,15,,,2026-04-07 00:00:00
6976,438,16,52,16,,,2026-04-07 00:00:00
6977,439,1,4,1,,,2026-04-07 00:00:00
6978,439,2,5,2,,,2026-04-07 00:00:00
6979,439,3,9,3,,,2026-04-07 00:00:00
6980,439,4,11,4,,,2026-04-07 00:00:00
6981,439,5,17,5,,,2026-04-07 00:00:00
6982,439,6,20,6,,,2026-04-07 00:00:00
6983,439,7,25,7,,,2026-04-07 00:00:00
6984,439,8,28,8,,,2026-04-07 00:00:00
6985,439,9,29,9,,,2026-04-07 00:00:00
6986,439,10,34,10,,,2026-04-07 00:00:00
6987,439,11,37,11,,,2026-04-07 00:00:00
6988,439,12,38,12,,,2026-04-07 00:00:00
6989,439,13,42,13,,,2026-04-07 00:00:00
6990,439,14,44,14,,,2026-04-07 00:00:00
6991,439,15,50,15,,,2026-04-07 00:00:00
6992,439,16,52,16,,,2026-04-07 00:00:00
6993,440,1,4,1,,,2026-04-07 00:00:00
6994,440,2,6,2,,,2026-04-07 00:00:00
6995,440,3,10,3,,,2026-04-07 00:00:00
6996,440,4,13,4,,,2026-04-07 00:00:00
6997,440,5,17,5,,,2026-04-07 00:00:00
6998,440,6,18,6,,,2026-04-07 00:00:00
6999,440,7,25,7,,,2026-04-07 00:00:00
7000,440,8,28,8,,,2026-04-07 00:00:00
7001,440,9,30,9,,,2026-04-07 00:00:00
7002,440,10,34,10,,,2026-04-07 00:00:00
7003,440,11,37,11,,,2026-04-07 00:00:00
7004,440,12,40,12,,,2026-04-07 00:00:00
7005,440,13,42,13,,,2026-04-07 00:00:00
7006,440,14,46,14,,,2026-04-07 00:00:00
7007,440,15,50,15,,,2026-04-07 00:00:00
7008,440,16,51,16,,,2026-04-07 00:00:00
7009,441,1,3,1,,,2026-04-07 00:00:00
7010,441,2,5,2,,,2026-04-07 00:00:00
7011,441,3,8,3,,,2026-04-07 00:00:00
7012,441,4,11,4,,,2026-04-07 00:00:00
7013,441,5,17,5,,,2026-04-07 00:00:00
7014,441,6,19,6,,,2026-04-07 00:00:00
7015,441,7,25,7,,,2026-04-07 00:00:00
7016,441,8,28,8,,,2026-04-07 00:00:00
7017,441,9,29,9,,,2026-04-07 00:00:00
7018,441,10,34,10,,,2026-04-07 00:00:00
7019,441,11,37,11,,,2026-04-07 00:00:00
7020,441,12,38,12,,,2026-04-07 00:00:00
7021,441,13,42,13,,,2026-04-07 00:00:00
7022,441,14,44,14,,,2026-04-07 00:00:00
7023,441,15,50,15,,,2026-04-07 00:00:00
7024,441,16,53,16,,,2026-04-07 00:00:00
7025,442,1,4,1,,,2026-04-07 00:00:00
7026,442,2,5,2,,,2026-04-07 00:00:00
7027,442,3,8,3,,,2026-04-07 00:00:00
7028,442,4,11,4,,,2026-04-07 00:00:00
7029,442,5,14,5,,,2026-04-07 00:00:00
7030,442,6,21,6,,,2026-04-07 00:00:00
7031,442,7,24,7,,,2026-04-07 00:00:00
7032,442,8,28,8,,,2026-04-07 00:00:00
7033,442,9,29,9,,,2026-04-07 00:00:00
7034,442,10,33,10,,,2026-04-07 00:00:00
7035,442,11,37,11,,,2026-04-07 00:00:00
7036,442,12,38,12,,,2026-04-07 00:00:00
7037,442,13,42,13,,,2026-04-07 00:00:00
7038,442,14,44,14,,,2026-04-07 00:00:00
7039,442,15,50,15,,,2026-04-07 00:00:00
7040,442,16,53,16,,,2026-04-07 00:00:00
7041,443,1,4,1,,,2026-04-07 00:00:00
7042,443,2,5,2,,,2026-04-07 00:00:00
7043,443,3,8,3,,,2026-04-07 00:00:00
7044,443,4,11,4,,,2026-04-07 00:00:00
7045,443,5,16,5,,,2026-04-07 00:00:00
7046,443,6,20,6,,,2026-04-07 00:00:00
7047,443,7,23,7,,,2026-04-07 00:00:00
7048,443,8,28,8,,,2026-04-07 00:00:00
7049,443,9,29,9,,,2026-04-07 00:00:00
7050,443,10,34,10,,,2026-04-07 00:00:00
7051,443,11,37,11,,,2026-04-07 00:00:00
7052,443,12,38,12,,,2026-04-07 00:00:00
7053,443,13,42,13,,,2026-04-07 00:00:00
7054,443,14,44,14,,,2026-04-07 00:00:00
7055,443,15,50,15,,,2026-04-07 00:00:00
7056,443,16,52,16,,,2026-04-07 00:00:00
7057,444,1,4,1,,,2026-04-07 00:00:00
7058,444,2,5,2,,,2026-04-07 00:00:00
7059,444,3,10,3,,,2026-04-07 00:00:00
7060,444,4,11,4,,,2026-04-07 00:00:00
7061,444,5,17,5,,,2026-04-07 00:00:00
7062,444,6,21,6,,,2026-04-07 00:00:00
7063,444,7,25,7,,,2026-04-07 00:00:00
7064,444,8,28,8,,,2026-04-07 00:00:00
7065,444,9,29,9,,,2026-04-07 00:00:00
7066,444,10,33,10,,,2026-04-07 00:00:00
7067,444,11,37,11,,,2026-04-07 00:00:00
7068,444,12,38,12,,,2026-04-07 00:00:00
7069,444,13,42,13,,,2026-04-07 00:00:00
7070,444,14,44,14,,,2026-04-07 00:00:00
7071,444,15,50,15,,,2026-04-07 00:00:00
7072,444,16,52,16,,,2026-04-07 00:00:00
7073,445,1,4,1,,,2026-04-07 00:00:00
7074,445,2,5,2,,,2026-04-07 00:00:00
7075,445,3,8,3,,,2026-04-07 00:00:00
7076,445,4,11,4,,,2026-04-07 00:00:00
7077,445,5,16,5,,,2026-04-07 00:00:00
7078,445,6,21,6,,,2026-04-07 00:00:00
7079,445,7,25,7,,,2026-04-07 00:00:00
7080,445,8,28,8,,,2026-04-07 00:00:00
7081,445,9,29,9,,,2026-04-07 00:00:00
7082,445,10,33,10,,,2026-04-07 00:00:00
7083,445,11,37,11,,,2026-04-07 00:00:00
7084,445,12,38,12,,,2026-04-07 00:00:00
7085,445,13,42,13,,,2026-04-07 00:00:00
7086,445,14,44,14,,,2026-04-07 00:00:00
7087,445,15,50,15,,,2026-04-07 00:00:00
7088,445,16,53,16,,,2026-04-07 00:00:00
7089,446,1,4,1,,,2026-04-07 00:00:00
7090,446,2,7,2,,,2026-04-07 00:00:00
7091,446,3,9,3,,,2026-04-07 00:00:00
7092,446,4,11,4,,,2026-04-07 00:00:00
7093,446,5,14,5,,,2026-04-07 00:00:00
7094,446,6,18,6,,,2026-04-07 00:00:00
7095,446,7,22,7,,,2026-04-07 00:00:00
7096,446,8,26,8,,,2026-04-07 00:00:00
7097,446,9,29,9,,,2026-04-07 00:00:00
7098,446,10,34,10,,,2026-04-07 00:00:00
7099,446,11,37,11,,,2026-04-07 00:00:00
7100,446,12,38,12,,,2026-04-07 00:00:00
7101,446,13,42,13,,,2026-04-07 00:00:00
7102,446,14,44,14,,,2026-04-07 00:00:00
7103,446,15,50,15,,,2026-04-07 00:00:00
7104,446,16,52,16,,,2026-04-07 00:00:00
7105,447,1,4,1,,,2026-04-07 00:00:00
7106,447,2,5,2,,,2026-04-07 00:00:00
7107,447,3,10,3,,,2026-04-07 00:00:00
7108,447,4,11,4,,,2026-04-07 00:00:00
7109,447,5,17,5,,,2026-04-07 00:00:00
7110,447,6,18,6,,,2026-04-07 00:00:00
7111,447,7,24,7,,,2026-04-07 00:00:00
7112,447,8,28,8,,,2026-04-07 00:00:00
7113,447,9,30,9,,,2026-04-07 00:00:00
7114,447,10,34,10,,,2026-04-07 00:00:00
7115,447,11,37,11,,,2026-04-07 00:00:00
7116,447,12,38,12,,,2026-04-07 00:00:00
7117,447,13,42,13,,,2026-04-07 00:00:00
7118,447,14,44,14,,,2026-04-07 00:00:00
7119,447,15,50,15,,,2026-04-07 00:00:00
7120,447,16,52,16,,,2026-04-07 00:00:00
7121,448,1,4,1,,,2026-04-07 00:00:00
7122,448,2,5,2,,,2026-04-07 00:00:00
7123,448,3,8,3,,,2026-04-07 00:00:00
7124,448,4,11,4,,,2026-04-07 00:00:00
7125,448,5,16,5,,,2026-04-07 00:00:00
7126,448,6,21,6,,,2026-04-07 00:00:00
7127,448,7,25,7,,,2026-04-07 00:00:00
7128,448,8,28,8,,,2026-04-07 00:00:00
7129,448,9,29,9,,,2026-04-07 00:00:00
7130,448,10,34,10,,,2026-04-07 00:00:00
7131,448,11,37,11,,,2026-04-07 00:00:00
7132,448,12,38,12,,,2026-04-07 00:00:00
7133,448,13,42,13,,,2026-04-07 00:00:00
7134,448,14,44,14,,,2026-04-07 00:00:00
7135,448,15,50,15,,,2026-04-07 00:00:00
7136,448,16,53,16,,,2026-04-07 00:00:00
7137,449,1,4,1,,,2026-04-07 00:00:00
7138,449,2,5,2,,,2026-04-07 00:00:00
7139,449,3,10,3,,,2026-04-07 00:00:00
7140,449,4,12,4,,,2026-04-07 00:00:00
7141,449,5,17,5,,,2026-04-07 00:00:00
7142,449,6,19,6,,,2026-04-07 00:00:00
7143,449,7,23,7,,,2026-04-07 00:00:00
7144,449,8,28,8,,,2026-04-07 00:00:00
7145,449,9,29,9,,,2026-04-07 00:00:00
7146,449,10,34,10,,,2026-04-07 00:00:00
7147,449,11,37,11,,,2026-04-07 00:00:00
7148,449,12,40,12,,,2026-04-07 00:00:00
7149,449,13,42,13,,,2026-04-07 00:00:00
7150,449,14,46,14,,,2026-04-07 00:00:00
7151,449,15,50,15,,,2026-04-07 00:00:00
7152,449,16,51,16,,,2026-04-07 00:00:00
7153,450,1,4,1,,,2026-04-07 00:00:00
7154,450,2,5,2,,,2026-04-07 00:00:00
7155,450,3,10,3,,,2026-04-07 00:00:00
7156,450,4,11,4,,,2026-04-07 00:00:00
7157,450,5,17,5,,,2026-04-07 00:00:00
7158,450,6,21,6,,,2026-04-07 00:00:00
7159,450,7,25,7,,,2026-04-07 00:00:00
7160,450,8,28,8,,,2026-04-07 00:00:00
7161,450,9,29,9,,,2026-04-07 00:00:00
7162,450,10,34,10,,,2026-04-07 00:00:00
7163,450,11,37,11,,,2026-04-07 00:00:00
7164,450,12,40,12,,,2026-04-07 00:00:00
7165,450,13,42,13,,,2026-04-07 00:00:00
7166,450,14,46,14,,,2026-04-07 00:00:00
7167,450,15,50,15,,,2026-04-07 00:00:00
7168,450,16,51,16,,,2026-04-07 00:00:00
7169,451,1,4,1,,,2026-04-07 00:00:00
7170,451,2,5,2,,,2026-04-07 00:00:00
7171,451,3,8,3,,,2026-04-07 00:00:00
7172,451,4,11,4,,,2026-04-07 00:00:00
7173,451,5,17,5,,,2026-04-07 00:00:00
7174,451,6,20,6,,,2026-04-07 00:00:00
7175,451,7,24,7,,,2026-04-07 00:00:00
7176,451,8,28,8,,,2026-04-07 00:00:00
7177,451,9,30,9,,,2026-04-07 00:00:00
7178,451,10,34,10,,,2026-04-07 00:00:00
7179,451,11,37,11,,,2026-04-07 00:00:00
7180,451,12,38,12,,,2026-04-07 00:00:00
7181,451,13,42,13,,,2026-04-07 00:00:00
7182,451,14,44,14,,,2026-04-07 00:00:00
7183,451,15,50,15,,,2026-04-07 00:00:00
7184,451,16,52,16,,,2026-04-07 00:00:00
7185,452,1,2,1,,,2026-04-07 00:00:00
7186,452,2,6,2,,,2026-04-07 00:00:00
7187,452,3,10,3,,,2026-04-07 00:00:00
7188,452,4,11,4,,,2026-04-07 00:00:00
7189,452,5,14,5,,,2026-04-07 00:00:00
7190,452,6,21,6,,,2026-04-07 00:00:00
7191,452,7,25,7,,,2026-04-07 00:00:00
7192,452,8,26,8,,,2026-04-07 00:00:00
7193,452,9,29,9,,,2026-04-07 00:00:00
7194,452,10,34,10,,,2026-04-07 00:00:00
7195,452,11,37,11,,,2026-04-07 00:00:00
7196,452,12,40,12,,,2026-04-07 00:00:00
7197,452,13,42,13,,,2026-04-07 00:00:00
7198,452,14,46,14,,,2026-04-07 00:00:00
7199,452,15,50,15,,,2026-04-07 00:00:00
7200,452,16,51,16,,,2026-04-07 00:00:00
7201,453,1,1,1,,,2026-04-07 00:00:00
7202,453,2,7,2,,,2026-04-07 00:00:00
7203,453,3,10,3,,,2026-04-07 00:00:00
7204,453,4,11,4,,,2026-04-07 00:00:00
7205,453,5,17,5,,,2026-04-07 00:00:00
7206,453,6,21,6,,,2026-04-07 00:00:00
7207,453,7,25,7,,,2026-04-07 00:00:00
7208,453,8,28,8,,,2026-04-07 00:00:00
7209,453,9,29,9,,,2026-04-07 00:00:00
7210,453,10,34,10,,,2026-04-07 00:00:00
7211,453,11,37,11,,,2026-04-07 00:00:00
7212,453,12,40,12,,,2026-04-07 00:00:00
7213,453,13,42,13,,,2026-04-07 00:00:00
7214,453,14,46,14,,,2026-04-07 00:00:00
7215,453,15,50,15,,,2026-04-07 00:00:00
7216,453,16,51,16,,,2026-04-07 00:00:00
7217,454,1,4,1,,,2026-04-07 00:00:00
7218,454,2,5,2,,,2026-04-07 00:00:00
7219,454,3,8,3,,,2026-04-07 00:00:00
7220,454,4,11,4,,,2026-04-07 00:00:00
7221,454,5,17,5,,,2026-04-07 00:00:00
7222,454,6,18,6,,,2026-04-07 00:00:00
7223,454,7,25,7,,,2026-04-07 00:00:00
7224,454,8,28,8,,,2026-04-07 00:00:00
7225,454,9,29,9,,,2026-04-07 00:00:00
7226,454,10,34,10,,,2026-04-07 00:00:00
7227,454,11,37,11,,,2026-04-07 00:00:00
7228,454,12,38,12,,,2026-04-07 00:00:00
7229,454,13,42,13,,,2026-04-07 00:00:00
7230,454,14,44,14,,,2026-04-07 00:00:00
7231,454,15,50,15,,,2026-04-07 00:00:00
7232,454,16,52,16,,,2026-04-07 00:00:00
7233,455,1,4,1,,,2026-04-07 00:00:00
7234,455,2,5,2,,,2026-04-07 00:00:00
7235,455,3,8,3,,,2026-04-07 00:00:00
7236,455,4,11,4,,,2026-04-07 00:00:00
7237,455,5,17,5,,,2026-04-07 00:00:00
7238,455,6,18,6,,,2026-04-07 00:00:00
7239,455,7,25,7,,,2026-04-07 00:00:00
7240,455,8,28,8,,,2026-04-07 00:00:00
7241,455,9,29,9,,,2026-04-07 00:00:00
7242,455,10,34,10,,,2026-04-07 00:00:00
7243,455,11,37,11,,,2026-04-07 00:00:00
7244,455,12,38,12,,,2026-04-07 00:00:00
7245,455,13,42,13,,,2026-04-07 00:00:00
7246,455,14,44,14,,,2026-04-07 00:00:00
7247,455,15,50,15,,,2026-04-07 00:00:00
7248,455,16,52,16,,,2026-04-07 00:00:00
7249,456,1,4,1,,,2026-04-07 00:00:00
7250,456,2,5,2,,,2026-04-07 00:00:00
7251,456,3,10,3,,,2026-04-07 00:00:00
7252,456,4,13,4,,,2026-04-07 00:00:00
7253,456,5,17,5,,,2026-04-07 00:00:00
7254,456,6,21,6,,,2026-04-07 00:00:00
7255,456,7,22,7,,,2026-04-07 00:00:00
7256,456,8,28,8,,,2026-04-07 00:00:00
7257,456,9,30,9,,,2026-04-07 00:00:00
7258,456,10,34,10,,,2026-04-07 00:00:00
7259,456,11,37,11,,,2026-04-07 00:00:00
7260,456,12,38,12,,,2026-04-07 00:00:00
7261,456,13,42,13,,,2026-04-07 00:00:00
7262,456,14,44,14,,,2026-04-07 00:00:00
7263,456,15,50,15,,,2026-04-07 00:00:00
7264,456,16,52,16,,,2026-04-07 00:00:00
7265,457,1,4,1,,,2026-04-07 00:00:00
7266,457,2,7,2,,,2026-04-07 00:00:00
7267,457,3,8,3,,,2026-04-07 00:00:00
7268,457,4,13,4,,,2026-04-07 00:00:00
7269,457,5,17,5,,,2026-04-07 00:00:00
7270,457,6,21,6,,,2026-04-07 00:00:00
7271,457,7,24,7,,,2026-04-07 00:00:00
7272,457,8,28,8,,,2026-04-07 00:00:00
7273,457,9,29,9,,,2026-04-07 00:00:00
7274,457,10,33,10,,,2026-04-07 00:00:00
7275,457,11,37,11,,,2026-04-07 00:00:00
7276,457,12,38,12,,,2026-04-07 00:00:00
7277,457,13,42,13,,,2026-04-07 00:00:00
7278,457,14,44,14,,,2026-04-07 00:00:00
7279,457,15,50,15,,,2026-04-07 00:00:00
7280,457,16,53,16,,,2026-04-07 00:00:00
7281,458,1,4,1,,,2026-04-07 00:00:00
7282,458,2,5,2,,,2026-04-07 00:00:00
7283,458,3,8,3,,,2026-04-07 00:00:00
7284,458,4,11,4,,,2026-04-07 00:00:00
7285,458,5,17,5,,,2026-04-07 00:00:00
7286,458,6,19,6,,,2026-04-07 00:00:00
7287,458,7,24,7,,,2026-04-07 00:00:00
7288,458,8,28,8,,,2026-04-07 00:00:00
7289,458,9,29,9,,,2026-04-07 00:00:00
7290,458,10,34,10,,,2026-04-07 00:00:00
7291,458,11,37,11,,,2026-04-07 00:00:00
7292,458,12,40,12,,,2026-04-07 00:00:00
7293,458,13,42,13,,,2026-04-07 00:00:00
7294,458,14,46,14,,,2026-04-07 00:00:00
7295,458,15,50,15,,,2026-04-07 00:00:00
7296,458,16,51,16,,,2026-04-07 00:00:00
7297,459,1,4,1,,,2026-04-07 00:00:00
7298,459,2,5,2,,,2026-04-07 00:00:00
7299,459,3,8,3,,,2026-04-07 00:00:00
7300,459,4,11,4,,,2026-04-07 00:00:00
7301,459,5,16,5,,,2026-04-07 00:00:00
7302,459,6,18,6,,,2026-04-07 00:00:00
7303,459,7,25,7,,,2026-04-07 00:00:00
7304,459,8,28,8,,,2026-04-07 00:00:00
7305,459,9,29,9,,,2026-04-07 00:00:00
7306,459,10,34,10,,,2026-04-07 00:00:00
7307,459,11,37,11,,,2026-04-07 00:00:00
7308,459,12,38,12,,,2026-04-07 00:00:00
7309,459,13,42,13,,,2026-04-07 00:00:00
7310,459,14,44,14,,,2026-04-07 00:00:00
7311,459,15,50,15,,,2026-04-07 00:00:00
7312,459,16,53,16,,,2026-04-07 00:00:00
7313,460,1,4,1,,,2026-04-07 00:00:00
7314,460,2,5,2,,,2026-04-07 00:00:00
7315,460,3,10,3,,,2026-04-07 00:00:00
7316,460,4,11,4,,,2026-04-07 00:00:00
7317,460,5,17,5,,,2026-04-07 00:00:00
7318,460,6,18,6,,,2026-04-07 00:00:00
7319,460,7,23,7,,,2026-04-07 00:00:00
7320,460,8,28,8,,,2026-04-07 00:00:00
7321,460,9,29,9,,,2026-04-07 00:00:00
7322,460,10,34,10,,,2026-04-07 00:00:00
7323,460,11,37,11,,,2026-04-07 00:00:00
7324,460,12,38,12,,,2026-04-07 00:00:00
7325,460,13,42,13,,,2026-04-07 00:00:00
7326,460,14,44,14,,,2026-04-07 00:00:00
7327,460,15,50,15,,,2026-04-07 00:00:00
7328,460,16,52,16,,,2026-04-07 00:00:00
7329,461,1,4,1,,,2026-04-07 00:00:00
7330,461,2,5,2,,,2026-04-07 00:00:00
7331,461,3,9,3,,,2026-04-07 00:00:00
7332,461,4,11,4,,,2026-04-07 00:00:00
7333,461,5,17,5,,,2026-04-07 00:00:00
7334,461,6,19,6,,,2026-04-07 00:00:00
7335,461,7,25,7,,,2026-04-07 00:00:00
7336,461,8,28,8,,,2026-04-07 00:00:00
7337,461,9,30,9,,,2026-04-07 00:00:00
7338,461,10,34,10,,,2026-04-07 00:00:00
7339,461,11,37,11,,,2026-04-07 00:00:00
7340,461,12,40,12,,,2026-04-07 00:00:00
7341,461,13,42,13,,,2026-04-07 00:00:00
7342,461,14,46,14,,,2026-04-07 00:00:00
7343,461,15,50,15,,,2026-04-07 00:00:00
7344,461,16,51,16,,,2026-04-07 00:00:00
7345,462,1,4,1,,,2026-04-07 00:00:00
7346,462,2,5,2,,,2026-04-07 00:00:00
7347,462,3,8,3,,,2026-04-07 00:00:00
7348,462,4,11,4,,,2026-04-07 00:00:00
7349,462,5,17,5,,,2026-04-07 00:00:00
7350,462,6,19,6,,,2026-04-07 00:00:00
7351,462,7,25,7,,,2026-04-07 00:00:00
7352,462,8,28,8,,,2026-04-07 00:00:00
7353,462,9,29,9,,,2026-04-07 00:00:00
7354,462,10,34,10,,,2026-04-07 00:00:00
7355,462,11,37,11,,,2026-04-07 00:00:00
7356,462,12,38,12,,,2026-04-07 00:00:00
7357,462,13,42,13,,,2026-04-07 00:00:00
7358,462,14,44,14,,,2026-04-07 00:00:00
7359,462,15,50,15,,,2026-04-07 00:00:00
7360,462,16,52,16,,,2026-04-07 00:00:00
7361,463,1,4,1,,,2026-04-07 00:00:00
7362,463,2,7,2,,,2026-04-07 00:00:00
7363,463,3,10,3,,,2026-04-07 00:00:00
7364,463,4,13,4,,,2026-04-07 00:00:00
7365,463,5,17,5,,,2026-04-07 00:00:00
7366,463,6,21,6,,,2026-04-07 00:00:00
7367,463,7,25,7,,,2026-04-07 00:00:00
7368,463,8,28,8,,,2026-04-07 00:00:00
7369,463,9,31,9,,,2026-04-07 00:00:00
7370,463,10,34,10,,,2026-04-07 00:00:00
7371,463,11,37,11,,,2026-04-07 00:00:00
7372,463,12,40,12,,,2026-04-07 00:00:00
7373,463,13,42,13,,,2026-04-07 00:00:00
7374,463,14,46,14,,,2026-04-07 00:00:00
7375,463,15,50,15,,,2026-04-07 00:00:00
7376,463,16,51,16,,,2026-04-07 00:00:00
7377,464,1,4,1,,,2026-04-07 00:00:00
7378,464,2,7,2,,,2026-04-07 00:00:00
7379,464,3,10,3,,,2026-04-07 00:00:00
7380,464,4,13,4,,,2026-04-07 00:00:00
7381,464,5,17,5,,,2026-04-07 00:00:00
7382,464,6,21,6,,,2026-04-07 00:00:00
7383,464,7,25,7,,,2026-04-07 00:00:00
7384,464,8,28,8,,,2026-04-07 00:00:00
7385,464,9,31,9,,,2026-04-07 00:00:00
7386,464,10,34,10,,,2026-04-07 00:00:00
7387,464,11,37,11,,,2026-04-07 00:00:00
7388,464,12,40,12,,,2026-04-07 00:00:00
7389,464,13,42,13,,,2026-04-07 00:00:00
7390,464,14,46,14,,,2026-04-07 00:00:00
7391,464,15,50,15,,,2026-04-07 00:00:00
7392,464,16,51,16,,,2026-04-07 00:00:00
7393,465,1,4,1,,,2026-04-07 00:00:00
7394,465,2,7,2,,,2026-04-07 00:00:00
7395,465,3,10,3,,,2026-04-07 00:00:00
7396,465,4,13,4,,,2026-04-07 00:00:00
7397,465,5,17,5,,,2026-04-07 00:00:00
7398,465,6,21,6,,,2026-04-07 00:00:00
7399,465,7,25,7,,,2026-04-07 00:00:00
7400,465,8,28,8,,,2026-04-07 00:00:00
7401,465,9,31,9,,,2026-04-07 00:00:00
7402,465,10,34,10,,,2026-04-07 00:00:00
7403,465,11,37,11,,,2026-04-07 00:00:00
7404,465,12,40,12,,,2026-04-07 00:00:00
7405,465,13,42,13,,,2026-04-07 00:00:00
7406,465,14,46,14,,,2026-04-07 00:00:00
7407,465,15,50,15,,,2026-04-07 00:00:00
7408,465,16,51,16,,,2026-04-07 00:00:00
7409,466,1,4,1,,,2026-04-07 00:00:00
7410,466,2,7,2,,,2026-04-07 00:00:00
7411,466,3,10,3,,,2026-04-07 00:00:00
7412,466,4,13,4,,,2026-04-07 00:00:00
7413,466,5,17,5,,,2026-04-07 00:00:00
7414,466,6,21,6,,,2026-04-07 00:00:00
7415,466,7,25,7,,,2026-04-07 00:00:00
7416,466,8,28,8,,,2026-04-07 00:00:00
7417,466,9,31,9,,,2026-04-07 00:00:00
7418,466,10,34,10,,,2026-04-07 00:00:00
7419,466,11,37,11,,,2026-04-07 00:00:00
7420,466,12,40,12,,,2026-04-07 00:00:00
7421,466,13,42,13,,,2026-04-07 00:00:00
7422,466,14,46,14,,,2026-04-07 00:00:00
7423,466,15,50,15,,,2026-04-07 00:00:00
7424,466,16,51,16,,,2026-04-07 00:00:00
7425,467,1,4,1,,,2026-04-07 00:00:00
7426,467,2,7,2,,,2026-04-07 00:00:00
7427,467,3,10,3,,,2026-04-07 00:00:00
7428,467,4,13,4,,,2026-04-07 00:00:00
7429,467,5,17,5,,,2026-04-07 00:00:00
7430,467,6,21,6,,,2026-04-07 00:00:00
7431,467,7,25,7,,,2026-04-07 00:00:00
7432,467,8,28,8,,,2026-04-07 00:00:00
7433,467,9,31,9,,,2026-04-07 00:00:00
7434,467,10,34,10,,,2026-04-07 00:00:00
7435,467,11,37,11,,,2026-04-07 00:00:00
7436,467,12,40,12,,,2026-04-07 00:00:00
7437,467,13,42,13,,,2026-04-07 00:00:00
7438,467,14,46,14,,,2026-04-07 00:00:00
7439,467,15,50,15,,,2026-04-07 00:00:00
7440,467,16,51,16,,,2026-04-07 00:00:00
7441,468,1,4,1,,,2026-04-07 00:00:00
7442,468,2,5,2,,,2026-04-07 00:00:00
7443,468,3,9,3,,,2026-04-07 00:00:00
7444,468,4,11,4,,,2026-04-07 00:00:00
7445,468,5,17,5,,,2026-04-07 00:00:00
7446,468,6,18,6,,,2026-04-07 00:00:00
7447,468,7,23,7,,,2026-04-07 00:00:00
7448,468,8,28,8,,,2026-04-07 00:00:00
7449,468,9,30,9,,,2026-04-07 00:00:00
7450,468,10,34,10,,,2026-04-07 00:00:00
7451,468,11,37,11,,,2026-04-07 00:00:00
7452,468,12,38,12,,,2026-04-07 00:00:00
7453,468,13,42,13,,,2026-04-07 00:00:00
7454,468,14,44,14,,,2026-04-07 00:00:00
7455,468,15,50,15,,,2026-04-07 00:00:00
7456,468,16,52,16,,,2026-04-07 00:00:00
7457,469,1,4,1,,,2026-04-07 00:00:00
7458,469,2,5,2,,,2026-04-07 00:00:00
7459,469,3,8,3,,,2026-04-07 00:00:00
7460,469,4,11,4,,,2026-04-07 00:00:00
7461,469,5,17,5,,,2026-04-07 00:00:00
7462,469,6,21,6,,,2026-04-07 00:00:00
7463,469,7,25,7,,,2026-04-07 00:00:00
7464,469,8,28,8,,,2026-04-07 00:00:00
7465,469,9,29,9,,,2026-04-07 00:00:00
7466,469,10,34,10,,,2026-04-07 00:00:00
7467,469,11,37,11,,,2026-04-07 00:00:00
7468,469,12,38,12,,,2026-04-07 00:00:00
7469,469,13,42,13,,,2026-04-07 00:00:00
7470,469,14,44,14,,,2026-04-07 00:00:00
7471,469,15,50,15,,,2026-04-07 00:00:00
7472,469,16,53,16,,,2026-04-07 00:00:00
7473,470,1,4,1,,,2026-04-07 00:00:00
7474,470,2,7,2,,,2026-04-07 00:00:00
7475,470,3,10,3,,,2026-04-07 00:00:00
7476,470,4,13,4,,,2026-04-07 00:00:00
7477,470,5,17,5,,,2026-04-07 00:00:00
7478,470,6,21,6,,,2026-04-07 00:00:00
7479,470,7,25,7,,,2026-04-07 00:00:00
7480,470,8,28,8,,,2026-04-07 00:00:00
7481,470,9,30,9,,,2026-04-07 00:00:00
7482,470,10,34,10,,,2026-04-07 00:00:00
7483,470,11,37,11,,,2026-04-07 00:00:00
7484,470,12,38,12,,,2026-04-07 00:00:00
7485,470,13,42,13,,,2026-04-07 00:00:00
7486,470,14,44,14,,,2026-04-07 00:00:00
7487,470,15,50,15,,,2026-04-07 00:00:00
7488,470,16,53,16,,,2026-04-07 00:00:00
7489,471,1,4,1,,,2026-04-07 00:00:00
7490,471,2,7,2,,,2026-04-07 00:00:00
7491,471,3,8,3,,,2026-04-07 00:00:00
7492,471,4,11,4,,,2026-04-07 00:00:00
7493,471,5,14,5,,,2026-04-07 00:00:00
7494,471,6,21,6,,,2026-04-07 00:00:00
7495,471,7,25,7,,,2026-04-07 00:00:00
7496,471,8,28,8,,,2026-04-07 00:00:00
7497,471,9,29,9,,,2026-04-07 00:00:00
7498,471,10,34,10,,,2026-04-07 00:00:00
7499,471,11,37,11,,,2026-04-07 00:00:00
7500,471,12,39,12,,,2026-04-07 00:00:00
7501,471,13,42,13,,,2026-04-07 00:00:00
7502,471,14,46,14,,,2026-04-07 00:00:00
7503,471,15,50,15,,,2026-04-07 00:00:00
7504,471,16,51,16,,,2026-04-07 00:00:00
7505,472,1,4,1,,,2026-04-07 00:00:00
7506,472,2,7,2,,,2026-04-07 00:00:00
7507,472,3,10,3,,,2026-04-07 00:00:00
7508,472,4,12,4,,,2026-04-07 00:00:00
7509,472,5,17,5,,,2026-04-07 00:00:00
7510,472,6,21,6,,,2026-04-07 00:00:00
7511,472,7,25,7,,,2026-04-07 00:00:00
7512,472,8,28,8,,,2026-04-07 00:00:00
7513,472,9,31,9,,,2026-04-07 00:00:00
7514,472,10,34,10,,,2026-04-07 00:00:00
7515,472,11,37,11,,,2026-04-07 00:00:00
7516,472,12,39,12,,,2026-04-07 00:00:00
7517,472,13,42,13,,,2026-04-07 00:00:00
7518,472,14,45,14,,,2026-04-07 00:00:00
7519,472,15,50,15,,,2026-04-07 00:00:00
7520,472,16,51,16,,,2026-04-07 00:00:00
7521,473,1,2,1,,,2026-04-07 00:00:00
7522,473,2,7,2,,,2026-04-07 00:00:00
7523,473,3,8,3,,,2026-04-07 00:00:00
7524,473,4,11,4,,,2026-04-07 00:00:00
7525,473,5,14,5,,,2026-04-07 00:00:00
7526,473,6,21,6,,,2026-04-07 00:00:00
7527,473,7,25,7,,,2026-04-07 00:00:00
7528,473,8,28,8,,,2026-04-07 00:00:00
7529,473,9,29,9,,,2026-04-07 00:00:00
7530,473,10,34,10,,,2026-04-07 00:00:00
7531,473,11,37,11,,,2026-04-07 00:00:00
7532,473,12,40,12,,,2026-04-07 00:00:00
7533,473,13,42,13,,,2026-04-07 00:00:00
7534,473,14,46,14,,,2026-04-07 00:00:00
7535,473,15,50,15,,,2026-04-07 00:00:00
7536,473,16,51,16,,,2026-04-07 00:00:00
7537,474,1,4,1,,,2026-04-07 00:00:00
7538,474,2,7,2,,,2026-04-07 00:00:00
7539,474,3,9,3,,,2026-04-07 00:00:00
7540,474,4,11,4,,,2026-04-07 00:00:00
7541,474,5,15,5,,,2026-04-07 00:00:00
7542,474,6,21,6,,,2026-04-07 00:00:00
7543,474,7,25,7,,,2026-04-07 00:00:00
7544,474,8,28,8,,,2026-04-07 00:00:00
7545,474,9,29,9,,,2026-04-07 00:00:00
7546,474,10,34,10,,,2026-04-07 00:00:00
7547,474,11,37,11,,,2026-04-07 00:00:00
7548,474,12,40,12,,,2026-04-07 00:00:00
7549,474,13,42,13,,,2026-04-07 00:00:00
7550,474,14,46,14,,,2026-04-07 00:00:00
7551,474,15,50,15,,,2026-04-07 00:00:00
7552,474,16,51,16,,,2026-04-07 00:00:00
7553,475,1,4,1,,,2026-04-07 00:00:00
7554,475,2,7,2,,,2026-04-07 00:00:00
7555,475,3,10,3,,,2026-04-07 00:00:00
7556,475,4,13,4,,,2026-04-07 00:00:00
7557,475,5,16,5,,,2026-04-07 00:00:00
7558,475,6,20,6,,,2026-04-07 00:00:00
7559,475,7,22,7,,,2026-04-07 00:00:00
7560,475,8,26,8,,,2026-04-07 00:00:00
7561,475,9,31,9,,,2026-04-07 00:00:00
7562,475,10,32,10,,,2026-04-07 00:00:00
7563,475,11,36,11,,,2026-04-07 00:00:00
7564,475,12,40,12,,,2026-04-07 00:00:00
7565,475,13,42,13,,,2026-04-07 00:00:00
7566,475,14,44,14,,,2026-04-07 00:00:00
7567,475,15,50,15,,,2026-04-07 00:00:00
7568,475,16,52,16,,,2026-04-07 00:00:00
7569,476,1,1,1,,,2026-04-07 00:00:00
7570,476,2,7,2,,,2026-04-07 00:00:00
7571,476,3,10,3,,,2026-04-07 00:00:00
7572,476,4,13,4,,,2026-04-07 00:00:00
7573,476,5,17,5,,,2026-04-07 00:00:00
7574,476,6,21,6,,,2026-04-07 00:00:00
7575,476,7,25,7,,,2026-04-07 00:00:00
7576,476,8,26,8,,,2026-04-07 00:00:00
7577,476,9,31,9,,,2026-04-07 00:00:00
7578,476,10,34,10,,,2026-04-07 00:00:00
7579,476,11,37,11,,,2026-04-07 00:00:00
7580,476,12,40,12,,,2026-04-07 00:00:00
7581,476,13,42,13,,,2026-04-07 00:00:00
7582,476,14,46,14,,,2026-04-07 00:00:00
7583,476,15,50,15,,,2026-04-07 00:00:00
7584,476,16,51,16,,,2026-04-07 00:00:00
7585,477,1,4,1,,,2026-04-07 00:00:00
7586,477,2,7,2,,,2026-04-07 00:00:00
7587,477,3,10,3,,,2026-04-07 00:00:00
7588,477,4,13,4,,,2026-04-07 00:00:00
7589,477,5,14,5,,,2026-04-07 00:00:00
7590,477,6,18,6,,,2026-04-07 00:00:00
7591,477,7,25,7,,,2026-04-07 00:00:00
7592,477,8,26,8,,,2026-04-07 00:00:00
7593,477,9,31,9,,,2026-04-07 00:00:00
7594,477,10,34,10,,,2026-04-07 00:00:00
7595,477,11,37,11,,,2026-04-07 00:00:00
7596,477,12,39,12,,,2026-04-07 00:00:00
7597,477,13,42,13,,,2026-04-07 00:00:00
7598,477,14,43,14,,,2026-04-07 00:00:00
7599,477,15,49,15,,,2026-04-07 00:00:00
7600,477,16,53,16,,,2026-04-07 00:00:00
7601,478,1,4,1,,,2026-04-07 00:00:00
7602,478,2,7,2,,,2026-04-07 00:00:00
7603,478,3,10,3,,,2026-04-07 00:00:00
7604,478,4,13,4,,,2026-04-07 00:00:00
7605,478,5,16,5,,,2026-04-07 00:00:00
7606,478,6,18,6,,,2026-04-07 00:00:00
7607,478,7,22,7,,,2026-04-07 00:00:00
7608,478,8,26,8,,,2026-04-07 00:00:00
7609,478,9,31,9,,,2026-04-07 00:00:00
7610,478,10,34,10,,,2026-04-07 00:00:00
7611,478,11,37,11,,,2026-04-07 00:00:00
7612,478,12,40,12,,,2026-04-07 00:00:00
7613,478,13,42,13,,,2026-04-07 00:00:00
7614,478,14,46,14,,,2026-04-07 00:00:00
7615,478,15,50,15,,,2026-04-07 00:00:00
7616,478,16,51,16,,,2026-04-07 00:00:00
7617,479,1,4,1,,,2026-04-07 00:00:00
7618,479,2,7,2,,,2026-04-07 00:00:00
7619,479,3,10,3,,,2026-04-07 00:00:00
7620,479,4,13,4,,,2026-04-07 00:00:00
7621,479,5,17,5,,,2026-04-07 00:00:00
7622,479,6,18,6,,,2026-04-07 00:00:00
7623,479,7,22,7,,,2026-04-07 00:00:00
7624,479,8,28,8,,,2026-04-07 00:00:00
7625,479,9,31,9,,,2026-04-07 00:00:00
7626,479,10,34,10,,,2026-04-07 00:00:00
7627,479,11,37,11,,,2026-04-07 00:00:00
7628,479,12,40,12,,,2026-04-07 00:00:00
7629,479,13,42,13,,,2026-04-07 00:00:00
7630,479,14,46,14,,,2026-04-07 00:00:00
7631,479,15,50,15,,,2026-04-07 00:00:00
7632,479,16,51,16,,,2026-04-07 00:00:00
7633,480,1,4,1,,,2026-04-07 00:00:00
7634,480,2,7,2,,,2026-04-07 00:00:00
7635,480,3,10,3,,,2026-04-07 00:00:00
7636,480,4,11,4,,,2026-04-07 00:00:00
7637,480,5,14,5,,,2026-04-07 00:00:00
7638,480,6,18,6,,,2026-04-07 00:00:00
7639,480,7,22,7,,,2026-04-07 00:00:00
7640,480,8,26,8,,,2026-04-07 00:00:00
7641,480,9,29,9,,,2026-04-07 00:00:00
7642,480,10,34,10,,,2026-04-07 00:00:00
7643,480,11,37,11,,,2026-04-07 00:00:00
7644,480,12,39,12,,,2026-04-07 00:00:00
7645,480,13,42,13,,,2026-04-07 00:00:00
7646,480,14,46,14,,,2026-04-07 00:00:00
7647,480,15,50,15,,,2026-04-07 00:00:00
7648,480,16,52,16,,,2026-04-07 00:00:00
7649,481,1,4,1,,,2026-04-07 00:00:00
7650,481,2,7,2,,,2026-04-07 00:00:00
7651,481,3,10,3,,,2026-04-07 00:00:00
7652,481,4,13,4,,,2026-04-07 00:00:00
7653,481,5,14,5,,,2026-04-07 00:00:00
7654,481,6,18,6,,,2026-04-07 00:00:00
7655,481,7,25,7,,,2026-04-07 00:00:00
7656,481,8,26,8,,,2026-04-07 00:00:00
7657,481,9,31,9,,,2026-04-07 00:00:00
7658,481,10,34,10,,,2026-04-07 00:00:00
7659,481,11,37,11,,,2026-04-07 00:00:00
7660,481,12,40,12,,,2026-04-07 00:00:00
7661,481,13,42,13,,,2026-04-07 00:00:00
7662,481,14,43,14,,,2026-04-07 00:00:00
7663,481,15,49,15,,,2026-04-07 00:00:00
7664,481,16,51,16,,,2026-04-07 00:00:00
7665,482,1,4,1,,,2026-04-07 00:00:00
7666,482,2,7,2,,,2026-04-07 00:00:00
7667,482,3,10,3,,,2026-04-07 00:00:00
7668,482,4,12,4,,,2026-04-07 00:00:00
7669,482,5,14,5,,,2026-04-07 00:00:00
7670,482,6,20,6,,,2026-04-07 00:00:00
7671,482,7,22,7,,,2026-04-07 00:00:00
7672,482,8,26,8,,,2026-04-07 00:00:00
7673,482,9,30,9,,,2026-04-07 00:00:00
7674,482,10,34,10,,,2026-04-07 00:00:00
7675,482,11,37,11,,,2026-04-07 00:00:00
7676,482,12,40,12,,,2026-04-07 00:00:00
7677,482,13,42,13,,,2026-04-07 00:00:00
7678,482,14,46,14,,,2026-04-07 00:00:00
7679,482,15,50,15,,,2026-04-07 00:00:00
7680,482,16,51,16,,,2026-04-07 00:00:00
7681,483,1,4,1,,,2026-04-07 00:00:00
7682,483,2,7,2,,,2026-04-07 00:00:00
7683,483,3,10,3,,,2026-04-07 00:00:00
7684,483,4,12,4,,,2026-04-07 00:00:00
7685,483,5,14,5,,,2026-04-07 00:00:00
7686,483,6,21,6,,,2026-04-07 00:00:00
7687,483,7,24,7,,,2026-04-07 00:00:00
7688,483,8,26,8,,,2026-04-07 00:00:00
7689,483,9,30,9,,,2026-04-07 00:00:00
7690,483,10,34,10,,,2026-04-07 00:00:00
7691,483,11,37,11,,,2026-04-07 00:00:00
7692,483,12,40,12,,,2026-04-07 00:00:00
7693,483,13,42,13,,,2026-04-07 00:00:00
7694,483,14,45,14,,,2026-04-07 00:00:00
7695,483,15,50,15,,,2026-04-07 00:00:00
7696,483,16,51,16,,,2026-04-07 00:00:00
7697,484,1,4,1,,,2026-04-07 00:00:00
7698,484,2,7,2,,,2026-04-07 00:00:00
7699,484,3,9,3,,,2026-04-07 00:00:00
7700,484,4,13,4,,,2026-04-07 00:00:00
7701,484,5,14,5,,,2026-04-07 00:00:00
7702,484,6,21,6,,,2026-04-07 00:00:00
7703,484,7,22,7,,,2026-04-07 00:00:00
7704,484,8,26,8,,,2026-04-07 00:00:00
7705,484,9,31,9,,,2026-04-07 00:00:00
7706,484,10,34,10,,,2026-04-07 00:00:00
7707,484,11,37,11,,,2026-04-07 00:00:00
7708,484,12,40,12,,,2026-04-07 00:00:00
7709,484,13,42,13,,,2026-04-07 00:00:00
7710,484,14,46,14,,,2026-04-07 00:00:00
7711,484,15,50,15,,,2026-04-07 00:00:00
7712,484,16,51,16,,,2026-04-07 00:00:00
7713,485,1,4,1,,,2026-04-07 00:00:00
7714,485,2,7,2,,,2026-04-07 00:00:00
7715,485,3,10,3,,,2026-04-07 00:00:00
7716,485,4,12,4,,,2026-04-07 00:00:00
7717,485,5,14,5,,,2026-04-07 00:00:00
7718,485,6,20,6,,,2026-04-07 00:00:00
7719,485,7,22,7,,,2026-04-07 00:00:00
7720,485,8,26,8,,,2026-04-07 00:00:00
7721,485,9,31,9,,,2026-04-07 00:00:00
7722,485,10,34,10,,,2026-04-07 00:00:00
7723,485,11,37,11,,,2026-04-07 00:00:00
7724,485,12,40,12,,,2026-04-07 00:00:00
7725,485,13,42,13,,,2026-04-07 00:00:00
7726,485,14,46,14,,,2026-04-07 00:00:00
7727,485,15,50,15,,,2026-04-07 00:00:00
7728,485,16,51,16,,,2026-04-07 00:00:00
7729,486,1,4,1,,,2026-04-07 00:00:00
7730,486,2,7,2,,,2026-04-07 00:00:00
7731,486,3,10,3,,,2026-04-07 00:00:00
7732,486,4,12,4,,,2026-04-07 00:00:00
7733,486,5,14,5,,,2026-04-07 00:00:00
7734,486,6,21,6,,,2026-04-07 00:00:00
7735,486,7,22,7,,,2026-04-07 00:00:00
7736,486,8,28,8,,,2026-04-07 00:00:00
7737,486,9,31,9,,,2026-04-07 00:00:00
7738,486,10,34,10,,,2026-04-07 00:00:00
7739,486,11,37,11,,,2026-04-07 00:00:00
7740,486,12,40,12,,,2026-04-07 00:00:00
7741,486,13,42,13,,,2026-04-07 00:00:00
7742,486,14,45,14,,,2026-04-07 00:00:00
7743,486,15,50,15,,,2026-04-07 00:00:00
7744,486,16,51,16,,,2026-04-07 00:00:00
7745,487,1,4,1,,,2026-04-07 00:00:00
7746,487,2,7,2,,,2026-04-07 00:00:00
7747,487,3,10,3,,,2026-04-07 00:00:00
7748,487,4,13,4,,,2026-04-07 00:00:00
7749,487,5,16,5,,,2026-04-07 00:00:00
7750,487,6,21,6,,,2026-04-07 00:00:00
7751,487,7,22,7,,,2026-04-07 00:00:00
7752,487,8,26,8,,,2026-04-07 00:00:00
7753,487,9,31,9,,,2026-04-07 00:00:00
7754,487,10,34,10,,,2026-04-07 00:00:00
7755,487,11,37,11,,,2026-04-07 00:00:00
7756,487,12,40,12,,,2026-04-07 00:00:00
7757,487,13,42,13,,,2026-04-07 00:00:00
7758,487,14,46,14,,,2026-04-07 00:00:00
7759,487,15,50,15,,,2026-04-07 00:00:00
7760,487,16,51,16,,,2026-04-07 00:00:00
7761,488,1,4,1,,,2026-04-07 00:00:00
7762,488,2,7,2,,,2026-04-07 00:00:00
7763,488,3,10,3,,,2026-04-07 00:00:00
7764,488,4,13,4,,,2026-04-07 00:00:00
7765,488,5,14,5,,,2026-04-07 00:00:00
7766,488,6,18,6,,,2026-04-07 00:00:00
7767,488,7,22,7,,,2026-04-07 00:00:00
7768,488,8,26,8,,,2026-04-07 00:00:00
7769,488,9,31,9,,,2026-04-07 00:00:00
7770,488,10,34,10,,,2026-04-07 00:00:00
7771,488,11,37,11,,,2026-04-07 00:00:00
7772,488,12,40,12,,,2026-04-07 00:00:00
7773,488,13,42,13,,,2026-04-07 00:00:00
7774,488,14,46,14,,,2026-04-07 00:00:00
7775,488,15,50,15,,,2026-04-07 00:00:00
7776,488,16,51,16,,,2026-04-07 00:00:00
7777,489,1,4,1,,,2026-04-07 00:00:00
7778,489,2,7,2,,,2026-04-07 00:00:00
7779,489,3,9,3,,,2026-04-07 00:00:00
7780,489,4,13,4,,,2026-04-07 00:00:00
7781,489,5,14,5,,,2026-04-07 00:00:00
7782,489,6,21,6,,,2026-04-07 00:00:00
7783,489,7,22,7,,,2026-04-07 00:00:00
7784,489,8,26,8,,,2026-04-07 00:00:00
7785,489,9,31,9,,,2026-04-07 00:00:00
7786,489,10,34,10,,,2026-04-07 00:00:00
7787,489,11,37,11,,,2026-04-07 00:00:00
7788,489,12,40,12,,,2026-04-07 00:00:00
7789,489,13,42,13,,,2026-04-07 00:00:00
7790,489,14,46,14,,,2026-04-07 00:00:00
7791,489,15,50,15,,,2026-04-07 00:00:00
7792,489,16,51,16,,,2026-04-07 00:00:00
7793,490,1,3,1,,,2026-04-07 00:00:00
7794,490,2,6,2,,,2026-04-07 00:00:00
7795,490,3,10,3,,,2026-04-07 00:00:00
7796,490,4,11,4,,,2026-04-07 00:00:00
7797,490,5,14,5,,,2026-04-07 00:00:00
7798,490,6,18,6,,,2026-04-07 00:00:00
7799,490,7,25,7,,,2026-04-07 00:00:00
7800,490,8,26,8,,,2026-04-07 00:00:00
7801,490,9,29,9,,,2026-04-07 00:00:00
7802,490,10,34,10,,,2026-04-07 00:00:00
7803,490,11,37,11,,,2026-04-07 00:00:00
7804,490,12,39,12,,,2026-04-07 00:00:00
7805,490,13,42,13,,,2026-04-07 00:00:00
7806,490,14,46,14,,,2026-04-07 00:00:00
7807,490,15,50,15,,,2026-04-07 00:00:00
7808,490,16,53,16,,,2026-04-07 00:00:00
7809,491,1,4,1,,,2026-04-07 00:00:00
7810,491,2,7,2,,,2026-04-07 00:00:00
7811,491,3,10,3,,,2026-04-07 00:00:00
7812,491,4,13,4,,,2026-04-07 00:00:00
7813,491,5,15,5,,,2026-04-07 00:00:00
7814,491,6,21,6,,,2026-04-07 00:00:00
7815,491,7,22,7,,,2026-04-07 00:00:00
7816,491,8,26,8,,,2026-04-07 00:00:00
7817,491,9,31,9,,,2026-04-07 00:00:00
7818,491,10,34,10,,,2026-04-07 00:00:00
7819,491,11,37,11,,,2026-04-07 00:00:00
7820,491,12,40,12,,,2026-04-07 00:00:00
7821,491,13,42,13,,,2026-04-07 00:00:00
7822,491,14,46,14,,,2026-04-07 00:00:00
7823,491,15,50,15,,,2026-04-07 00:00:00
7824,491,16,51,16,,,2026-04-07 00:00:00
7825,492,1,4,1,,,2026-04-07 00:00:00
7826,492,2,7,2,,,2026-04-07 00:00:00
7827,492,3,9,3,,,2026-04-07 00:00:00
7828,492,4,11,4,,,2026-04-07 00:00:00
7829,492,5,14,5,,,2026-04-07 00:00:00
7830,492,6,21,6,,,2026-04-07 00:00:00
7831,492,7,25,7,,,2026-04-07 00:00:00
7832,492,8,26,8,,,2026-04-07 00:00:00
7833,492,9,31,9,,,2026-04-07 00:00:00
7834,492,10,34,10,,,2026-04-07 00:00:00
7835,492,11,37,11,,,2026-04-07 00:00:00
7836,492,12,39,12,,,2026-04-07 00:00:00
7837,492,13,42,13,,,2026-04-07 00:00:00
7838,492,14,45,14,,,2026-04-07 00:00:00
7839,492,15,50,15,,,2026-04-07 00:00:00
7840,492,16,53,16,,,2026-04-07 00:00:00
7841,493,1,4,1,,,2026-04-07 00:00:00
7842,493,2,7,2,,,2026-04-07 00:00:00
7843,493,3,10,3,,,2026-04-07 00:00:00
7844,493,4,13,4,,,2026-04-07 00:00:00
7845,493,5,17,5,,,2026-04-07 00:00:00
7846,493,6,21,6,,,2026-04-07 00:00:00
7847,493,7,25,7,,,2026-04-07 00:00:00
7848,493,8,28,8,,,2026-04-07 00:00:00
7849,493,9,31,9,,,2026-04-07 00:00:00
7850,493,10,34,10,,,2026-04-07 00:00:00
7851,493,11,37,11,,,2026-04-07 00:00:00
7852,493,12,40,12,,,2026-04-07 00:00:00
7853,493,13,42,13,,,2026-04-07 00:00:00
7854,493,14,46,14,,,2026-04-07 00:00:00
7855,493,15,50,15,,,2026-04-07 00:00:00
7856,493,16,51,16,,,2026-04-07 00:00:00
7857,494,1,1,1,,,2026-04-07 00:00:00
7858,494,2,7,2,,,2026-04-07 00:00:00
7859,494,3,10,3,,,2026-04-07 00:00:00
7860,494,4,13,4,,,2026-04-07 00:00:00
7861,494,5,17,5,,,2026-04-07 00:00:00
7862,494,6,21,6,,,2026-04-07 00:00:00
7863,494,7,22,7,,,2026-04-07 00:00:00
7864,494,8,28,8,,,2026-04-07 00:00:00
7865,494,9,31,9,,,2026-04-07 00:00:00
7866,494,10,34,10,,,2026-04-07 00:00:00
7867,494,11,37,11,,,2026-04-07 00:00:00
7868,494,12,40,12,,,2026-04-07 00:00:00
7869,494,13,42,13,,,2026-04-07 00:00:00
7870,494,14,43,14,,,2026-04-07 00:00:00
7871,494,15,48,15,,,2026-04-07 00:00:00
7872,494,16,51,16,,,2026-04-07 00:00:00
7873,495,1,4,1,,,2026-04-07 00:00:00
7874,495,2,7,2,,,2026-04-07 00:00:00
7875,495,3,10,3,,,2026-04-07 00:00:00
7876,495,4,13,4,,,2026-04-07 00:00:00
7877,495,5,17,5,,,2026-04-07 00:00:00
7878,495,6,18,6,,,2026-04-07 00:00:00
7879,495,7,25,7,,,2026-04-07 00:00:00
7880,495,8,28,8,,,2026-04-07 00:00:00
7881,495,9,31,9,,,2026-04-07 00:00:00
7882,495,10,34,10,,,2026-04-07 00:00:00
7883,495,11,37,11,,,2026-04-07 00:00:00
7884,495,12,40,12,,,2026-04-07 00:00:00
7885,495,13,42,13,,,2026-04-07 00:00:00
7886,495,14,46,14,,,2026-04-07 00:00:00
7887,495,15,50,15,,,2026-04-07 00:00:00
7888,495,16,51,16,,,2026-04-07 00:00:00
7889,496,1,4,1,,,2026-04-07 00:00:00
7890,496,2,7,2,,,2026-04-07 00:00:00
7891,496,3,10,3,,,2026-04-07 00:00:00
7892,496,4,13,4,,,2026-04-07 00:00:00
7893,496,5,17,5,,,2026-04-07 00:00:00
7894,496,6,21,6,,,2026-04-07 00:00:00
7895,496,7,25,7,,,2026-04-07 00:00:00
7896,496,8,28,8,,,2026-04-07 00:00:00
7897,496,9,31,9,,,2026-04-07 00:00:00
7898,496,10,34,10,,,2026-04-07 00:00:00
7899,496,11,37,11,,,2026-04-07 00:00:00
7900,496,12,40,12,,,2026-04-07 00:00:00
7901,496,13,42,13,,,2026-04-07 00:00:00
7902,496,14,46,14,,,2026-04-07 00:00:00
7903,496,15,50,15,,,2026-04-07 00:00:00
7904,496,16,51,16,,,2026-04-07 00:00:00
7905,497,1,4,1,,,2026-04-07 00:00:00
7906,497,2,5,2,,,2026-04-07 00:00:00
7907,497,3,10,3,,,2026-04-07 00:00:00
7908,497,4,13,4,,,2026-04-07 00:00:00
7909,497,5,17,5,,,2026-04-07 00:00:00
7910,497,6,21,6,,,2026-04-07 00:00:00
7911,497,7,22,7,,,2026-04-07 00:00:00
7912,497,8,28,8,,,2026-04-07 00:00:00
7913,497,9,29,9,,,2026-04-07 00:00:00
7914,497,10,34,10,,,2026-04-07 00:00:00
7915,497,11,37,11,,,2026-04-07 00:00:00
7916,497,12,40,12,,,2026-04-07 00:00:00
7917,497,13,42,13,,,2026-04-07 00:00:00
7918,497,14,46,14,,,2026-04-07 00:00:00
7919,497,15,50,15,,,2026-04-07 00:00:00
7920,497,16,51,16,,,2026-04-07 00:00:00
7921,498,1,4,1,,,2026-04-07 00:00:00
7922,498,2,7,2,,,2026-04-07 00:00:00
7923,498,3,10,3,,,2026-04-07 00:00:00
7924,498,4,13,4,,,2026-04-07 00:00:00
7925,498,5,17,5,,,2026-04-07 00:00:00
7926,498,6,18,6,,,2026-04-07 00:00:00
7927,498,7,25,7,,,2026-04-07 00:00:00
7928,498,8,28,8,,,2026-04-07 00:00:00
7929,498,9,31,9,,,2026-04-07 00:00:00
7930,498,10,34,10,,,2026-04-07 00:00:00
7931,498,11,37,11,,,2026-04-07 00:00:00
7932,498,12,40,12,,,2026-04-07 00:00:00
7933,498,13,42,13,,,2026-04-07 00:00:00
7934,498,14,46,14,,,2026-04-07 00:00:00
7935,498,15,50,15,,,2026-04-07 00:00:00
7936,498,16,51,16,,,2026-04-07 00:00:00
7937,499,1,1,1,,,2026-04-07 00:00:00
7938,499,2,5,2,,,2026-04-07 00:00:00
7939,499,3,10,3,,,2026-04-07 00:00:00
7940,499,4,13,4,,,2026-04-07 00:00:00
7941,499,5,17,5,,,2026-04-07 00:00:00
7942,499,6,21,6,,,2026-04-07 00:00:00
7943,499,7,22,7,,,2026-04-07 00:00:00
7944,499,8,28,8,,,2026-04-07 00:00:00
7945,499,9,31,9,,,2026-04-07 00:00:00
7946,499,10,34,10,,,2026-04-07 00:00:00
7947,499,11,37,11,,,2026-04-07 00:00:00
7948,499,12,40,12,,,2026-04-07 00:00:00
7949,499,13,42,13,,,2026-04-07 00:00:00
7950,499,14,43,14,,,2026-04-07 00:00:00
7951,499,15,47,15,,,2026-04-07 00:00:00
7952,499,16,51,16,,,2026-04-07 00:00:00
7953,500,1,3,1,,,2026-04-07 00:00:00
7954,500,2,5,2,,,2026-04-07 00:00:00
7955,500,3,8,3,,,2026-04-07 00:00:00
7956,500,4,11,4,,,2026-04-07 00:00:00
7957,500,5,17,5,,,2026-04-07 00:00:00
7958,500,6,21,6,,,2026-04-07 00:00:00
7959,500,7,22,7,,,2026-04-07 00:00:00
7960,500,8,28,8,,,2026-04-07 00:00:00
7961,500,9,31,9,,,2026-04-07 00:00:00
7962,500,10,34,10,,,2026-04-07 00:00:00
7963,500,11,37,11,,,2026-04-07 00:00:00
7964,500,12,38,12,,,2026-04-07 00:00:00
7965,500,13,42,13,,,2026-04-07 00:00:00
7966,500,14,43,14,,,2026-04-07 00:00:00
7967,500,15,48,15,,,2026-04-07 00:00:00
7968,500,16,52,16,,,2026-04-07 00:00:00
7969,501,1,1,1,,,2026-04-07 00:00:00
7970,501,2,5,2,,,2026-04-07 00:00:00
7971,501,3,8,3,,,2026-04-07 00:00:00
7972,501,4,11,4,,,2026-04-07 00:00:00
7973,501,5,14,5,,,2026-04-07 00:00:00
7974,501,6,21,6,,,2026-04-07 00:00:00
7975,501,7,22,7,,,2026-04-07 00:00:00
7976,501,8,28,8,,,2026-04-07 00:00:00
7977,501,9,29,9,,,2026-04-07 00:00:00
7978,501,10,34,10,,,2026-04-07 00:00:00
7979,501,11,37,11,,,2026-04-07 00:00:00
7980,501,12,38,12,,,2026-04-07 00:00:00
7981,501,13,42,13,,,2026-04-07 00:00:00
7982,501,14,43,14,,,2026-04-07 00:00:00
7983,501,15,48,15,,,2026-04-07 00:00:00
7984,501,16,52,16,,,2026-04-07 00:00:00
7985,502,1,1,1,,,2026-04-07 00:00:00
7986,502,2,5,2,,,2026-04-07 00:00:00
7987,502,3,8,3,,,2026-04-07 00:00:00
7988,502,4,11,4,,,2026-04-07 00:00:00
7989,502,5,17,5,,,2026-04-07 00:00:00
7990,502,6,21,6,,,2026-04-07 00:00:00
7991,502,7,22,7,,,2026-04-07 00:00:00
7992,502,8,28,8,,,2026-04-07 00:00:00
7993,502,9,29,9,,,2026-04-07 00:00:00
7994,502,10,34,10,,,2026-04-07 00:00:00
7995,502,11,37,11,,,2026-04-07 00:00:00
7996,502,12,38,12,,,2026-04-07 00:00:00
7997,502,13,42,13,,,2026-04-07 00:00:00
7998,502,14,43,14,,,2026-04-07 00:00:00
7999,502,15,48,15,,,2026-04-07 00:00:00
8000,502,16,52,16,,,2026-04-07 00:00:00
8001,503,1,1,1,,,2026-04-07 00:00:00
8002,503,2,7,2,,,2026-04-07 00:00:00
8003,503,3,8,3,,,2026-04-07 00:00:00
8004,503,4,11,4,,,2026-04-07 00:00:00
8005,503,5,14,5,,,2026-04-07 00:00:00
8006,503,6,21,6,,,2026-04-07 00:00:00
8007,503,7,22,7,,,2026-04-07 00:00:00
8008,503,8,28,8,,,2026-04-07 00:00:00
8009,503,9,29,9,,,2026-04-07 00:00:00
8010,503,10,34,10,,,2026-04-07 00:00:00
8011,503,11,36,11,,,2026-04-07 00:00:00
8012,503,12,40,12,,,2026-04-07 00:00:00
8013,503,13,42,13,,,2026-04-07 00:00:00
8014,503,14,43,14,,,2026-04-07 00:00:00
8015,503,15,48,15,,,2026-04-07 00:00:00
8016,503,16,51,16,,,2026-04-07 00:00:00
8017,504,1,1,1,,,2026-04-07 00:00:00
8018,504,2,7,2,,,2026-04-07 00:00:00
8019,504,3,8,3,,,2026-04-07 00:00:00
8020,504,4,11,4,,,2026-04-07 00:00:00
8021,504,5,14,5,,,2026-04-07 00:00:00
8022,504,6,21,6,,,2026-04-07 00:00:00
8023,504,7,22,7,,,2026-04-07 00:00:00
8024,504,8,26,8,,,2026-04-07 00:00:00
8025,504,9,29,9,,,2026-04-07 00:00:00
8026,504,10,34,10,,,2026-04-07 00:00:00
8027,504,11,36,11,,,2026-04-07 00:00:00
8028,504,12,38,12,,,2026-04-07 00:00:00
8029,504,13,42,13,,,2026-04-07 00:00:00
8030,504,14,43,14,,,2026-04-07 00:00:00
8031,504,15,48,15,,,2026-04-07 00:00:00
8032,504,16,52,16,,,2026-04-07 00:00:00
8033,505,1,1,1,,,2026-04-07 00:00:00
8034,505,2,7,2,,,2026-04-07 00:00:00
8035,505,3,8,3,,,2026-04-07 00:00:00
8036,505,4,11,4,,,2026-04-07 00:00:00
8037,505,5,14,5,,,2026-04-07 00:00:00
8038,505,6,21,6,,,2026-04-07 00:00:00
8039,505,7,22,7,,,2026-04-07 00:00:00
8040,505,8,28,8,,,2026-04-07 00:00:00
8041,505,9,29,9,,,2026-04-07 00:00:00
8042,505,10,34,10,,,2026-04-07 00:00:00
8043,505,11,37,11,,,2026-04-07 00:00:00
8044,505,12,40,12,,,2026-04-07 00:00:00
8045,505,13,42,13,,,2026-04-07 00:00:00
8046,505,14,43,14,,,2026-04-07 00:00:00
8047,505,15,48,15,,,2026-04-07 00:00:00
8048,505,16,51,16,,,2026-04-07 00:00:00
8049,506,1,1,1,,,2026-04-07 00:00:00
8050,506,2,7,2,,,2026-04-07 00:00:00
8051,506,3,8,3,,,2026-04-07 00:00:00
8052,506,4,11,4,,,2026-04-07 00:00:00
8053,506,5,14,5,,,2026-04-07 00:00:00
8054,506,6,21,6,,,2026-04-07 00:00:00
8055,506,7,22,7,,,2026-04-07 00:00:00
8056,506,8,28,8,,,2026-04-07 00:00:00
8057,506,9,29,9,,,2026-04-07 00:00:00
8058,506,10,34,10,,,2026-04-07 00:00:00
8059,506,11,36,11,,,2026-04-07 00:00:00
8060,506,12,38,12,,,2026-04-07 00:00:00
8061,506,13,42,13,,,2026-04-07 00:00:00
8062,506,14,43,14,,,2026-04-07 00:00:00
8063,506,15,48,15,,,2026-04-07 00:00:00
8064,506,16,52,16,,,2026-04-07 00:00:00
8065,507,1,1,1,,,2026-04-07 00:00:00
8066,507,2,7,2,,,2026-04-07 00:00:00
8067,507,3,8,3,,,2026-04-07 00:00:00
8068,507,4,11,4,,,2026-04-07 00:00:00
8069,507,5,17,5,,,2026-04-07 00:00:00
8070,507,6,21,6,,,2026-04-07 00:00:00
8071,507,7,22,7,,,2026-04-07 00:00:00
8072,507,8,28,8,,,2026-04-07 00:00:00
8073,507,9,29,9,,,2026-04-07 00:00:00
8074,507,10,34,10,,,2026-04-07 00:00:00
8075,507,11,37,11,,,2026-04-07 00:00:00
8076,507,12,38,12,,,2026-04-07 00:00:00
8077,507,13,42,13,,,2026-04-07 00:00:00
8078,507,14,43,14,,,2026-04-07 00:00:00
8079,507,15,48,15,,,2026-04-07 00:00:00
8080,507,16,52,16,,,2026-04-07 00:00:00
8081,508,1,1,1,,,2026-04-07 00:00:00
8082,508,2,7,2,,,2026-04-07 00:00:00
8083,508,3,8,3,,,2026-04-07 00:00:00
8084,508,4,11,4,,,2026-04-07 00:00:00
8085,508,5,17,5,,,2026-04-07 00:00:00
8086,508,6,21,6,,,2026-04-07 00:00:00
8087,508,7,22,7,,,2026-04-07 00:00:00
8088,508,8,28,8,,,2026-04-07 00:00:00
8089,508,9,29,9,,,2026-04-07 00:00:00
8090,508,10,34,10,,,2026-04-07 00:00:00
8091,508,11,36,11,,,2026-04-07 00:00:00
8092,508,12,38,12,,,2026-04-07 00:00:00
8093,508,13,42,13,,,2026-04-07 00:00:00
8094,508,14,43,14,,,2026-04-07 00:00:00
8095,508,15,48,15,,,2026-04-07 00:00:00
8096,508,16,52,16,,,2026-04-07 00:00:00
8097,509,1,4,1,,,2026-04-07 00:00:00
8098,509,2,7,2,,,2026-04-07 00:00:00
8099,509,3,10,3,,,2026-04-07 00:00:00
8100,509,4,13,4,,,2026-04-07 00:00:00
8101,509,5,17,5,,,2026-04-07 00:00:00
8102,509,6,21,6,,,2026-04-07 00:00:00
8103,509,7,22,7,,,2026-04-07 00:00:00
8104,509,8,27,8,,,2026-04-07 00:00:00
8105,509,9,30,9,,,2026-04-07 00:00:00
8106,509,10,34,10,,,2026-04-07 00:00:00
8107,509,11,36,11,,,2026-04-07 00:00:00
8108,509,12,38,12,,,2026-04-07 00:00:00
8109,509,13,42,13,,,2026-04-07 00:00:00
8110,509,14,43,14,,,2026-04-07 00:00:00
8111,509,15,49,15,,,2026-04-07 00:00:00
8112,509,16,52,16,,,2026-04-07 00:00:00
8113,510,1,4,1,,,2026-04-07 00:00:00
8114,510,2,7,2,,,2026-04-07 00:00:00
8115,510,3,10,3,,,2026-04-07 00:00:00
8116,510,4,13,4,,,2026-04-07 00:00:00
8117,510,5,17,5,,,2026-04-07 00:00:00
8118,510,6,21,6,,,2026-04-07 00:00:00
8119,510,7,25,7,,,2026-04-07 00:00:00
8120,510,8,28,8,,,2026-04-07 00:00:00
8121,510,9,31,9,,,2026-04-07 00:00:00
8122,510,10,34,10,,,2026-04-07 00:00:00
8123,510,11,36,11,,,2026-04-07 00:00:00
8124,510,12,40,12,,,2026-04-07 00:00:00
8125,510,13,42,13,,,2026-04-07 00:00:00
8126,510,14,43,14,,,2026-04-07 00:00:00
8127,510,15,50,15,,,2026-04-07 00:00:00
8128,510,16,51,16,,,2026-04-07 00:00:00
8129,511,1,4,1,,,2026-04-07 00:00:00
8130,511,2,7,2,,,2026-04-07 00:00:00
8131,511,3,10,3,,,2026-04-07 00:00:00
8132,511,4,13,4,,,2026-04-07 00:00:00
8133,511,5,17,5,,,2026-04-07 00:00:00
8134,511,6,18,6,,,2026-04-07 00:00:00
8135,511,7,22,7,,,2026-04-07 00:00:00
8136,511,8,28,8,,,2026-04-07 00:00:00
8137,511,9,30,9,,,2026-04-07 00:00:00
8138,511,10,34,10,,,2026-04-07 00:00:00
8139,511,11,36,11,,,2026-04-07 00:00:00
8140,511,12,40,12,,,2026-04-07 00:00:00
8141,511,13,42,13,,,2026-04-07 00:00:00
8142,511,14,43,14,,,2026-04-07 00:00:00
8143,511,15,50,15,,,2026-04-07 00:00:00
8144,511,16,51,16,,,2026-04-07 00:00:00
8145,512,1,4,1,,,2026-04-07 00:00:00
8146,512,2,7,2,,,2026-04-07 00:00:00
8147,512,3,10,3,,,2026-04-07 00:00:00
8148,512,4,13,4,,,2026-04-07 00:00:00
8149,512,5,17,5,,,2026-04-07 00:00:00
8150,512,6,21,6,,,2026-04-07 00:00:00
8151,512,7,25,7,,,2026-04-07 00:00:00
8152,512,8,26,8,,,2026-04-07 00:00:00
8153,512,9,31,9,,,2026-04-07 00:00:00
8154,512,10,34,10,,,2026-04-07 00:00:00
8155,512,11,36,11,,,2026-04-07 00:00:00
8156,512,12,40,12,,,2026-04-07 00:00:00
8157,512,13,42,13,,,2026-04-07 00:00:00
8158,512,14,43,14,,,2026-04-07 00:00:00
8159,512,15,48,15,,,2026-04-07 00:00:00
8160,512,16,51,16,,,2026-04-07 00:00:00
8161,513,1,4,1,,,2026-04-07 00:00:00
8162,513,2,6,2,,,2026-04-07 00:00:00
8163,513,3,10,3,,,2026-04-07 00:00:00
8164,513,4,11,4,,,2026-04-07 00:00:00
8165,513,5,16,5,,,2026-04-07 00:00:00
8166,513,6,21,6,,,2026-04-07 00:00:00
8167,513,7,22,7,,,2026-04-07 00:00:00
8168,513,8,26,8,,,2026-04-07 00:00:00
8169,513,9,31,9,,,2026-04-07 00:00:00
8170,513,10,34,10,,,2026-04-07 00:00:00
8171,513,11,35,11,,,2026-04-07 00:00:00
8172,513,12,39,12,,,2026-04-07 00:00:00
8173,513,13,42,13,,,2026-04-07 00:00:00
8174,513,14,43,14,,,2026-04-07 00:00:00
8175,513,15,50,15,,,2026-04-07 00:00:00
8176,513,16,52,16,,,2026-04-07 00:00:00
8177,514,1,4,1,,,2026-04-07 00:00:00
8178,514,2,7,2,,,2026-04-07 00:00:00
8179,514,3,10,3,,,2026-04-07 00:00:00
8180,514,4,13,4,,,2026-04-07 00:00:00
8181,514,5,17,5,,,2026-04-07 00:00:00
8182,514,6,21,6,,,2026-04-07 00:00:00
8183,514,7,23,7,,,2026-04-07 00:00:00
8184,514,8,26,8,,,2026-04-07 00:00:00
8185,514,9,31,9,,,2026-04-07 00:00:00
8186,514,10,34,10,,,2026-04-07 00:00:00
8187,514,11,37,11,,,2026-04-07 00:00:00
8188,514,12,40,12,,,2026-04-07 00:00:00
8189,514,13,42,13,,,2026-04-07 00:00:00
8190,514,14,43,14,,,2026-04-07 00:00:00
8191,514,15,49,15,,,2026-04-07 00:00:00
8192,514,16,51,16,,,2026-04-07 00:00:00
8193,515,1,4,1,,,2026-04-07 00:00:00
8194,515,2,7,2,,,2026-04-07 00:00:00
8195,515,3,10,3,,,2026-04-07 00:00:00
8196,515,4,13,4,,,2026-04-07 00:00:00
8197,515,5,16,5,,,2026-04-07 00:00:00
8198,515,6,21,6,,,2026-04-07 00:00:00
8199,515,7,23,7,,,2026-04-07 00:00:00
8200,515,8,26,8,,,2026-04-07 00:00:00
8201,515,9,31,9,,,2026-04-07 00:00:00
8202,515,10,34,10,,,2026-04-07 00:00:00
8203,515,11,35,11,,,2026-04-07 00:00:00
8204,515,12,39,12,,,2026-04-07 00:00:00
8205,515,13,42,13,,,2026-04-07 00:00:00
8206,515,14,43,14,,,2026-04-07 00:00:00
8207,515,15,50,15,,,2026-04-07 00:00:00
8208,515,16,52,16,,,2026-04-07 00:00:00
8209,516,1,4,1,,,2026-04-07 00:00:00
8210,516,2,7,2,,,2026-04-07 00:00:00
8211,516,3,10,3,,,2026-04-07 00:00:00
8212,516,4,13,4,,,2026-04-07 00:00:00
8213,516,5,16,5,,,2026-04-07 00:00:00
8214,516,6,21,6,,,2026-04-07 00:00:00
8215,516,7,22,7,,,2026-04-07 00:00:00
8216,516,8,26,8,,,2026-04-07 00:00:00
8217,516,9,31,9,,,2026-04-07 00:00:00
8218,516,10,34,10,,,2026-04-07 00:00:00
8219,516,11,37,11,,,2026-04-07 00:00:00
8220,516,12,40,12,,,2026-04-07 00:00:00
8221,516,13,42,13,,,2026-04-07 00:00:00
8222,516,14,43,14,,,2026-04-07 00:00:00
8223,516,15,49,15,,,2026-04-07 00:00:00
8224,516,16,51,16,,,2026-04-07 00:00:00
8225,517,1,4,1,,,2026-04-07 00:00:00
8226,517,2,7,2,,,2026-04-07 00:00:00
8227,517,3,10,3,,,2026-04-07 00:00:00
8228,517,4,13,4,,,2026-04-07 00:00:00
8229,517,5,17,5,,,2026-04-07 00:00:00
8230,517,6,21,6,,,2026-04-07 00:00:00
8231,517,7,23,7,,,2026-04-07 00:00:00
8232,517,8,26,8,,,2026-04-07 00:00:00
8233,517,9,31,9,,,2026-04-07 00:00:00
8234,517,10,34,10,,,2026-04-07 00:00:00
8235,517,11,35,11,,,2026-04-07 00:00:00
8236,517,12,40,12,,,2026-04-07 00:00:00
8237,517,13,42,13,,,2026-04-07 00:00:00
8238,517,14,43,14,,,2026-04-07 00:00:00
8239,517,15,49,15,,,2026-04-07 00:00:00
8240,517,16,52,16,,,2026-04-07 00:00:00
8241,518,1,4,1,,,2026-04-07 00:00:00
8242,518,2,7,2,,,2026-04-07 00:00:00
8243,518,3,10,3,,,2026-04-07 00:00:00
8244,518,4,13,4,,,2026-04-07 00:00:00
8245,518,5,15,5,,,2026-04-07 00:00:00
8246,518,6,21,6,,,2026-04-07 00:00:00
8247,518,7,23,7,,,2026-04-07 00:00:00
8248,518,8,26,8,,,2026-04-07 00:00:00
8249,518,9,31,9,,,2026-04-07 00:00:00
8250,518,10,34,10,,,2026-04-07 00:00:00
8251,518,11,37,11,,,2026-04-07 00:00:00
8252,518,12,40,12,,,2026-04-07 00:00:00
8253,518,13,42,13,,,2026-04-07 00:00:00
8254,518,14,43,14,,,2026-04-07 00:00:00
8255,518,15,49,15,,,2026-04-07 00:00:00
8256,518,16,51,16,,,2026-04-07 00:00:00
8257,519,1,4,1,,,2026-04-07 00:00:00
8258,519,2,7,2,,,2026-04-07 00:00:00
8259,519,3,10,3,,,2026-04-07 00:00:00
8260,519,4,13,4,,,2026-04-07 00:00:00
8261,519,5,17,5,,,2026-04-07 00:00:00
8262,519,6,21,6,,,2026-04-07 00:00:00
8263,519,7,25,7,,,2026-04-07 00:00:00
8264,519,8,26,8,,,2026-04-07 00:00:00
8265,519,9,31,9,,,2026-04-07 00:00:00
8266,519,10,34,10,,,2026-04-07 00:00:00
8267,519,11,37,11,,,2026-04-07 00:00:00
8268,519,12,40,12,,,2026-04-07 00:00:00
8269,519,13,42,13,,,2026-04-07 00:00:00
8270,519,14,43,14,,,2026-04-07 00:00:00
8271,519,15,49,15,,,2026-04-07 00:00:00
8272,519,16,51,16,,,2026-04-07 00:00:00
8273,520,1,4,1,,,2026-04-07 00:00:00
8274,520,2,7,2,,,2026-04-07 00:00:00
8275,520,3,10,3,,,2026-04-07 00:00:00
8276,520,4,13,4,,,2026-04-07 00:00:00
8277,520,5,17,5,,,2026-04-07 00:00:00
8278,520,6,18,6,,,2026-04-07 00:00:00
8279,520,7,25,7,,,2026-04-07 00:00:00
8280,520,8,26,8,,,2026-04-07 00:00:00
8281,520,9,31,9,,,2026-04-07 00:00:00
8282,520,10,34,10,,,2026-04-07 00:00:00
8283,520,11,37,11,,,2026-04-07 00:00:00
8284,520,12,40,12,,,2026-04-07 00:00:00
8285,520,13,42,13,,,2026-04-07 00:00:00
8286,520,14,43,14,,,2026-04-07 00:00:00
8287,520,15,49,15,,,2026-04-07 00:00:00
8288,520,16,51,16,,,2026-04-07 00:00:00
8289,521,1,4,1,,,2026-04-07 00:00:00
8290,521,2,7,2,,,2026-04-07 00:00:00
8291,521,3,10,3,,,2026-04-07 00:00:00
8292,521,4,13,4,,,2026-04-07 00:00:00
8293,521,5,14,5,,,2026-04-07 00:00:00
8294,521,6,18,6,,,2026-04-07 00:00:00
8295,521,7,22,7,,,2026-04-07 00:00:00
8296,521,8,26,8,,,2026-04-07 00:00:00
8297,521,9,31,9,,,2026-04-07 00:00:00
8298,521,10,34,10,,,2026-04-07 00:00:00
8299,521,11,37,11,,,2026-04-07 00:00:00
8300,521,12,40,12,,,2026-04-07 00:00:00
8301,521,13,42,13,,,2026-04-07 00:00:00
8302,521,14,46,14,,,2026-04-07 00:00:00
8303,521,15,50,15,,,2026-04-07 00:00:00
8304,521,16,51,16,,,2026-04-07 00:00:00
8305,522,1,4,1,,,2026-04-07 00:00:00
8306,522,2,7,2,,,2026-04-07 00:00:00
8307,522,3,10,3,,,2026-04-07 00:00:00
8308,522,4,13,4,,,2026-04-07 00:00:00
8309,522,5,17,5,,,2026-04-07 00:00:00
8310,522,6,21,6,,,2026-04-07 00:00:00
8311,522,7,25,7,,,2026-04-07 00:00:00
8312,522,8,28,8,,,2026-04-07 00:00:00
8313,522,9,31,9,,,2026-04-07 00:00:00
8314,522,10,34,10,,,2026-04-07 00:00:00
8315,522,11,37,11,,,2026-04-07 00:00:00
8316,522,12,40,12,,,2026-04-07 00:00:00
8317,522,13,42,13,,,2026-04-07 00:00:00
8318,522,14,43,14,,,2026-04-07 00:00:00
8319,522,15,50,15,,,2026-04-07 00:00:00
8320,522,16,51,16,,,2026-04-07 00:00:00
8321,523,1,4,1,,,2026-04-07 00:00:00
8322,523,2,7,2,,,2026-04-07 00:00:00
8323,523,3,10,3,,,2026-04-07 00:00:00
8324,523,4,13,4,,,2026-04-07 00:00:00
8325,523,5,14,5,,,2026-04-07 00:00:00
8326,523,6,19,6,,,2026-04-07 00:00:00
8327,523,7,23,7,,,2026-04-07 00:00:00
8328,523,8,26,8,,,2026-04-07 00:00:00
8329,523,9,31,9,,,2026-04-07 00:00:00
8330,523,10,34,10,,,2026-04-07 00:00:00
8331,523,11,35,11,,,2026-04-07 00:00:00
8332,523,12,40,12,,,2026-04-07 00:00:00
8333,523,13,42,13,,,2026-04-07 00:00:00
8334,523,14,43,14,,,2026-04-07 00:00:00
8335,523,15,50,15,,,2026-04-07 00:00:00
8336,523,16,52,16,,,2026-04-07 00:00:00
8337,524,1,4,1,,,2026-04-07 00:00:00
8338,524,2,7,2,,,2026-04-07 00:00:00
8339,524,3,10,3,,,2026-04-07 00:00:00
8340,524,4,13,4,,,2026-04-07 00:00:00
8341,524,5,14,5,,,2026-04-07 00:00:00
8342,524,6,21,6,,,2026-04-07 00:00:00
8343,524,7,25,7,,,2026-04-07 00:00:00
8344,524,8,26,8,,,2026-04-07 00:00:00
8345,524,9,30,9,,,2026-04-07 00:00:00
8346,524,10,34,10,,,2026-04-07 00:00:00
8347,524,11,37,11,,,2026-04-07 00:00:00
8348,524,12,40,12,,,2026-04-07 00:00:00
8349,524,13,42,13,,,2026-04-07 00:00:00
8350,524,14,45,14,,,2026-04-07 00:00:00
8351,524,15,50,15,,,2026-04-07 00:00:00
8352,524,16,51,16,,,2026-04-07 00:00:00
8353,525,1,4,1,,,2026-04-07 00:00:00
8354,525,2,7,2,,,2026-04-07 00:00:00
8355,525,3,10,3,,,2026-04-07 00:00:00
8356,525,4,13,4,,,2026-04-07 00:00:00
8357,525,5,17,5,,,2026-04-07 00:00:00
8358,525,6,21,6,,,2026-04-07 00:00:00
8359,525,7,25,7,,,2026-04-07 00:00:00
8360,525,8,26,8,,,2026-04-07 00:00:00
8361,525,9,31,9,,,2026-04-07 00:00:00
8362,525,10,34,10,,,2026-04-07 00:00:00
8363,525,11,37,11,,,2026-04-07 00:00:00
8364,525,12,40,12,,,2026-04-07 00:00:00
8365,525,13,42,13,,,2026-04-07 00:00:00
8366,525,14,46,14,,,2026-04-07 00:00:00
8367,525,15,50,15,,,2026-04-07 00:00:00
8368,525,16,51,16,,,2026-04-07 00:00:00
8369,526,1,4,1,,,2026-04-07 00:00:00
8370,526,2,7,2,,,2026-04-07 00:00:00
8371,526,3,10,3,,,2026-04-07 00:00:00
8372,526,4,13,4,,,2026-04-07 00:00:00
8373,526,5,17,5,,,2026-04-07 00:00:00
8374,526,6,21,6,,,2026-04-07 00:00:00
8375,526,7,25,7,,,2026-04-07 00:00:00
8376,526,8,28,8,,,2026-04-07 00:00:00
8377,526,9,31,9,,,2026-04-07 00:00:00
8378,526,10,34,10,,,2026-04-07 00:00:00
8379,526,11,37,11,,,2026-04-07 00:00:00
8380,526,12,40,12,,,2026-04-07 00:00:00
8381,526,13,42,13,,,2026-04-07 00:00:00
8382,526,14,46,14,,,2026-04-07 00:00:00
8383,526,15,50,15,,,2026-04-07 00:00:00
8384,526,16,51,16,,,2026-04-07 00:00:00
8385,527,1,4,1,,,2026-04-07 00:00:00
8386,527,2,7,2,,,2026-04-07 00:00:00
8387,527,3,10,3,,,2026-04-07 00:00:00
8388,527,4,13,4,,,2026-04-07 00:00:00
8389,527,5,17,5,,,2026-04-07 00:00:00
8390,527,6,21,6,,,2026-04-07 00:00:00
8391,527,7,25,7,,,2026-04-07 00:00:00
8392,527,8,28,8,,,2026-04-07 00:00:00
8393,527,9,31,9,,,2026-04-07 00:00:00
8394,527,10,34,10,,,2026-04-07 00:00:00
8395,527,11,37,11,,,2026-04-07 00:00:00
8396,527,12,40,12,,,2026-04-07 00:00:00
8397,527,13,42,13,,,2026-04-07 00:00:00
8398,527,14,46,14,,,2026-04-07 00:00:00
8399,527,15,50,15,,,2026-04-07 00:00:00
8400,527,16,51,16,,,2026-04-07 00:00:00
8401,528,1,4,1,,,2026-04-07 00:00:00
8402,528,2,7,2,,,2026-04-07 00:00:00
8403,528,3,10,3,,,2026-04-07 00:00:00
8404,528,4,13,4,,,2026-04-07 00:00:00
8405,528,5,17,5,,,2026-04-07 00:00:00
8406,528,6,21,6,,,2026-04-07 00:00:00
8407,528,7,25,7,,,2026-04-07 00:00:00
8408,528,8,26,8,,,2026-04-07 00:00:00
8409,528,9,31,9,,,2026-04-07 00:00:00
8410,528,10,34,10,,,2026-04-07 00:00:00
8411,528,11,37,11,,,2026-04-07 00:00:00
8412,528,12,40,12,,,2026-04-07 00:00:00
8413,528,13,42,13,,,2026-04-07 00:00:00
8414,528,14,46,14,,,2026-04-07 00:00:00
8415,528,15,50,15,,,2026-04-07 00:00:00
8416,528,16,51,16,,,2026-04-07 00:00:00
8417,529,1,4,1,,,2026-04-07 00:00:00
8418,529,2,7,2,,,2026-04-07 00:00:00
8419,529,3,10,3,,,2026-04-07 00:00:00
8420,529,4,13,4,,,2026-04-07 00:00:00
8421,529,5,17,5,,,2026-04-07 00:00:00
8422,529,6,21,6,,,2026-04-07 00:00:00
8423,529,7,25,7,,,2026-04-07 00:00:00
8424,529,8,26,8,,,2026-04-07 00:00:00
8425,529,9,31,9,,,2026-04-07 00:00:00
8426,529,10,34,10,,,2026-04-07 00:00:00
8427,529,11,37,11,,,2026-04-07 00:00:00
8428,529,12,40,12,,,2026-04-07 00:00:00
8429,529,13,42,13,,,2026-04-07 00:00:00
8430,529,14,45,14,,,2026-04-07 00:00:00
8431,529,15,50,15,,,2026-04-07 00:00:00
8432,529,16,51,16,,,2026-04-07 00:00:00
8433,530,1,4,1,,,2026-04-07 00:00:00
8434,530,2,7,2,,,2026-04-07 00:00:00
8435,530,3,10,3,,,2026-04-07 00:00:00
8436,530,4,13,4,,,2026-04-07 00:00:00
8437,530,5,17,5,,,2026-04-07 00:00:00
8438,530,6,21,6,,,2026-04-07 00:00:00
8439,530,7,25,7,,,2026-04-07 00:00:00
8440,530,8,26,8,,,2026-04-07 00:00:00
8441,530,9,31,9,,,2026-04-07 00:00:00
8442,530,10,34,10,,,2026-04-07 00:00:00
8443,530,11,37,11,,,2026-04-07 00:00:00
8444,530,12,40,12,,,2026-04-07 00:00:00
8445,530,13,42,13,,,2026-04-07 00:00:00
8446,530,14,45,14,,,2026-04-07 00:00:00
8447,530,15,50,15,,,2026-04-07 00:00:00
8448,530,16,51,16,,,2026-04-07 00:00:00
8449,531,1,4,1,,,2026-04-07 00:00:00
8450,531,2,7,2,,,2026-04-07 00:00:00
8451,531,3,8,3,,,2026-04-07 00:00:00
8452,531,4,13,4,,,2026-04-07 00:00:00
8453,531,5,14,5,,,2026-04-07 00:00:00
8454,531,6,21,6,,,2026-04-07 00:00:00
8455,531,7,25,7,,,2026-04-07 00:00:00
8456,531,8,28,8,,,2026-04-07 00:00:00
8457,531,9,31,9,,,2026-04-07 00:00:00
8458,531,10,34,10,,,2026-04-07 00:00:00
8459,531,11,37,11,,,2026-04-07 00:00:00
8460,531,12,40,12,,,2026-04-07 00:00:00
8461,531,13,42,13,,,2026-04-07 00:00:00
8462,531,14,46,14,,,2026-04-07 00:00:00
8463,531,15,50,15,,,2026-04-07 00:00:00
8464,531,16,51,16,,,2026-04-07 00:00:00
8465,532,1,4,1,,,2026-04-07 00:00:00
8466,532,2,5,2,,,2026-04-07 00:00:00
8467,532,3,10,3,,,2026-04-07 00:00:00
8468,532,4,12,4,,,2026-04-07 00:00:00
8469,532,5,17,5,,,2026-04-07 00:00:00
8470,532,6,18,6,,,2026-04-07 00:00:00
8471,532,7,25,7,,,2026-04-07 00:00:00
8472,532,8,28,8,,,2026-04-07 00:00:00
8473,532,9,30,9,,,2026-04-07 00:00:00
8474,532,10,34,10,,,2026-04-07 00:00:00
8475,532,11,37,11,,,2026-04-07 00:00:00
8476,532,12,40,12,,,2026-04-07 00:00:00
8477,532,13,42,13,,,2026-04-07 00:00:00
8478,532,14,46,14,,,2026-04-07 00:00:00
8479,532,15,50,15,,,2026-04-07 00:00:00
8480,532,16,51,16,,,2026-04-07 00:00:00
8481,533,1,4,1,,,2026-04-07 00:00:00
8482,533,2,7,2,,,2026-04-07 00:00:00
8483,533,3,10,3,,,2026-04-07 00:00:00
8484,533,4,13,4,,,2026-04-07 00:00:00
8485,533,5,16,5,,,2026-04-07 00:00:00
8486,533,6,21,6,,,2026-04-07 00:00:00
8487,533,7,25,7,,,2026-04-07 00:00:00
8488,533,8,26,8,,,2026-04-07 00:00:00
8489,533,9,31,9,,,2026-04-07 00:00:00
8490,533,10,34,10,,,2026-04-07 00:00:00
8491,533,11,37,11,,,2026-04-07 00:00:00
8492,533,12,40,12,,,2026-04-07 00:00:00
8493,533,13,42,13,,,2026-04-07 00:00:00
8494,533,14,45,14,,,2026-04-07 00:00:00
8495,533,15,50,15,,,2026-04-07 00:00:00
8496,533,16,51,16,,,2026-04-07 00:00:00
8497,534,1,4,1,,,2026-04-07 00:00:00
8498,534,2,7,2,,,2026-04-07 00:00:00
8499,534,3,10,3,,,2026-04-07 00:00:00
8500,534,4,13,4,,,2026-04-07 00:00:00
8501,534,5,17,5,,,2026-04-07 00:00:00
8502,534,6,21,6,,,2026-04-07 00:00:00
8503,534,7,25,7,,,2026-04-07 00:00:00
8504,534,8,26,8,,,2026-04-07 00:00:00
8505,534,9,31,9,,,2026-04-07 00:00:00
8506,534,10,34,10,,,2026-04-07 00:00:00
8507,534,11,37,11,,,2026-04-07 00:00:00
8508,534,12,40,12,,,2026-04-07 00:00:00
8509,534,13,42,13,,,2026-04-07 00:00:00
8510,534,14,46,14,,,2026-04-07 00:00:00
8511,534,15,50,15,,,2026-04-07 00:00:00
8512,534,16,51,16,,,2026-04-07 00:00:00
8513,535,1,4,1,,,2026-04-07 00:00:00
8514,535,2,7,2,,,2026-04-07 00:00:00
8515,535,3,10,3,,,2026-04-07 00:00:00
8516,535,4,13,4,,,2026-04-07 00:00:00
8517,535,5,17,5,,,2026-04-07 00:00:00
8518,535,6,21,6,,,2026-04-07 00:00:00
8519,535,7,25,7,,,2026-04-07 00:00:00
8520,535,8,26,8,,,2026-04-07 00:00:00
8521,535,9,31,9,,,2026-04-07 00:00:00
8522,535,10,34,10,,,2026-04-07 00:00:00
8523,535,11,37,11,,,2026-04-07 00:00:00
8524,535,12,40,12,,,2026-04-07 00:00:00
8525,535,13,42,13,,,2026-04-07 00:00:00
8526,535,14,45,14,,,2026-04-07 00:00:00
8527,535,15,50,15,,,2026-04-07 00:00:00
8528,535,16,51,16,,,2026-04-07 00:00:00
8529,536,1,4,1,,,2026-04-07 00:00:00
8530,536,2,7,2,,,2026-04-07 00:00:00
8531,536,3,8,3,,,2026-04-07 00:00:00
8532,536,4,11,4,,,2026-04-07 00:00:00
8533,536,5,14,5,,,2026-04-07 00:00:00
8534,536,6,21,6,,,2026-04-07 00:00:00
8535,536,7,25,7,,,2026-04-07 00:00:00
8536,536,8,26,8,,,2026-04-07 00:00:00
8537,536,9,29,9,,,2026-04-07 00:00:00
8538,536,10,34,10,,,2026-04-07 00:00:00
8539,536,11,37,11,,,2026-04-07 00:00:00
8540,536,12,40,12,,,2026-04-07 00:00:00
8541,536,13,42,13,,,2026-04-07 00:00:00
8542,536,14,46,14,,,2026-04-07 00:00:00
8543,536,15,50,15,,,2026-04-07 00:00:00
8544,536,16,51,16,,,2026-04-07 00:00:00
8545,537,1,4,1,,,2026-04-07 00:00:00
8546,537,2,7,2,,,2026-04-07 00:00:00
8547,537,3,10,3,,,2026-04-07 00:00:00
8548,537,4,13,4,,,2026-04-07 00:00:00
8549,537,5,17,5,,,2026-04-07 00:00:00
8550,537,6,21,6,,,2026-04-07 00:00:00
8551,537,7,25,7,,,2026-04-07 00:00:00
8552,537,8,26,8,,,2026-04-07 00:00:00
8553,537,9,31,9,,,2026-04-07 00:00:00
8554,537,10,34,10,,,2026-04-07 00:00:00
8555,537,11,37,11,,,2026-04-07 00:00:00
8556,537,12,40,12,,,2026-04-07 00:00:00
8557,537,13,42,13,,,2026-04-07 00:00:00
8558,537,14,45,14,,,2026-04-07 00:00:00
8559,537,15,50,15,,,2026-04-07 00:00:00
8560,537,16,51,16,,,2026-04-07 00:00:00
8561,538,1,3,1,,,2026-04-07 00:00:00
8562,538,2,7,2,,,2026-04-07 00:00:00
8563,538,3,8,3,,,2026-04-07 00:00:00
8564,538,4,11,4,,,2026-04-07 00:00:00
8565,538,5,14,5,,,2026-04-07 00:00:00
8566,538,6,21,6,,,2026-04-07 00:00:00
8567,538,7,25,7,,,2026-04-07 00:00:00
8568,538,8,28,8,,,2026-04-07 00:00:00
8569,538,9,29,9,,,2026-04-07 00:00:00
8570,538,10,34,10,,,2026-04-07 00:00:00
8571,538,11,37,11,,,2026-04-07 00:00:00
8572,538,12,40,12,,,2026-04-07 00:00:00
8573,538,13,42,13,,,2026-04-07 00:00:00
8574,538,14,46,14,,,2026-04-07 00:00:00
8575,538,15,50,15,,,2026-04-07 00:00:00
8576,538,16,51,16,,,2026-04-07 00:00:00
8577,539,1,4,1,,,2026-04-07 00:00:00
8578,539,2,7,2,,,2026-04-07 00:00:00
8579,539,3,10,3,,,2026-04-07 00:00:00
8580,539,4,13,4,,,2026-04-07 00:00:00
8581,539,5,17,5,,,2026-04-07 00:00:00
8582,539,6,21,6,,,2026-04-07 00:00:00
8583,539,7,25,7,,,2026-04-07 00:00:00
8584,539,8,26,8,,,2026-04-07 00:00:00
8585,539,9,31,9,,,2026-04-07 00:00:00
8586,539,10,34,10,,,2026-04-07 00:00:00
8587,539,11,37,11,,,2026-04-07 00:00:00
8588,539,12,40,12,,,2026-04-07 00:00:00
8589,539,13,42,13,,,2026-04-07 00:00:00
8590,539,14,45,14,,,2026-04-07 00:00:00
8591,539,15,50,15,,,2026-04-07 00:00:00
8592,539,16,51,16,,,2026-04-07 00:00:00
8593,540,1,4,1,,,2026-04-07 00:00:00
8594,540,2,7,2,,,2026-04-07 00:00:00
8595,540,3,10,3,,,2026-04-07 00:00:00
8596,540,4,13,4,,,2026-04-07 00:00:00
8597,540,5,17,5,,,2026-04-07 00:00:00
8598,540,6,21,6,,,2026-04-07 00:00:00
8599,540,7,25,7,,,2026-04-07 00:00:00
8600,540,8,28,8,,,2026-04-07 00:00:00
8601,540,9,31,9,,,2026-04-07 00:00:00
8602,540,10,34,10,,,2026-04-07 00:00:00
8603,540,11,37,11,,,2026-04-07 00:00:00
8604,540,12,40,12,,,2026-04-07 00:00:00
8605,540,13,42,13,,,2026-04-07 00:00:00
8606,540,14,45,14,,,2026-04-07 00:00:00
8607,540,15,50,15,,,2026-04-07 00:00:00
8608,540,16,51,16,,,2026-04-07 00:00:00
8609,541,1,4,1,,,2026-04-07 00:00:00
8610,541,2,7,2,,,2026-04-07 00:00:00
8611,541,3,10,3,,,2026-04-07 00:00:00
8612,541,4,13,4,,,2026-04-07 00:00:00
8613,541,5,17,5,,,2026-04-07 00:00:00
8614,541,6,21,6,,,2026-04-07 00:00:00
8615,541,7,25,7,,,2026-04-07 00:00:00
8616,541,8,28,8,,,2026-04-07 00:00:00
8617,541,9,31,9,,,2026-04-07 00:00:00
8618,541,10,34,10,,,2026-04-07 00:00:00
8619,541,11,37,11,,,2026-04-07 00:00:00
8620,541,12,40,12,,,2026-04-07 00:00:00
8621,541,13,42,13,,,2026-04-07 00:00:00
8622,541,14,45,14,,,2026-04-07 00:00:00
8623,541,15,50,15,,,2026-04-07 00:00:00
8624,541,16,51,16,,,2026-04-07 00:00:00
8625,542,1,4,1,,,2026-04-07 00:00:00
8626,542,2,7,2,,,2026-04-07 00:00:00
8627,542,3,10,3,,,2026-04-07 00:00:00
8628,542,4,13,4,,,2026-04-07 00:00:00
8629,542,5,17,5,,,2026-04-07 00:00:00
8630,542,6,21,6,,,2026-04-07 00:00:00
8631,542,7,25,7,,,2026-04-07 00:00:00
8632,542,8,28,8,,,2026-04-07 00:00:00
8633,542,9,31,9,,,2026-04-07 00:00:00
8634,542,10,34,10,,,2026-04-07 00:00:00
8635,542,11,37,11,,,2026-04-07 00:00:00
8636,542,12,40,12,,,2026-04-07 00:00:00
8637,542,13,42,13,,,2026-04-07 00:00:00
8638,542,14,45,14,,,2026-04-07 00:00:00
8639,542,15,50,15,,,2026-04-07 00:00:00
8640,542,16,51,16,,,2026-04-07 00:00:00
8641,543,1,4,1,,,2026-04-07 00:00:00
8642,543,2,5,2,,,2026-04-07 00:00:00
8643,543,3,8,3,,,2026-04-07 00:00:00
8644,543,4,11,4,,,2026-04-07 00:00:00
8645,543,5,17,5,,,2026-04-07 00:00:00
8646,543,6,19,6,,,2026-04-07 00:00:00
8647,543,7,22,7,,,2026-04-07 00:00:00
8648,543,8,28,8,,,2026-04-07 00:00:00
8649,543,9,29,9,,,2026-04-07 00:00:00
8650,543,10,34,10,,,2026-04-07 00:00:00
8651,543,11,37,11,,,2026-04-07 00:00:00
8652,543,12,38,12,,,2026-04-07 00:00:00
8653,543,13,42,13,,,2026-04-07 00:00:00
8654,543,14,44,14,,,2026-04-07 00:00:00
8655,543,15,50,15,,,2026-04-07 00:00:00
8656,543,16,51,16,,,2026-04-07 00:00:00
8657,544,1,4,1,,,2026-04-07 00:00:00
8658,544,2,7,2,,,2026-04-07 00:00:00
8659,544,3,9,3,,,2026-04-07 00:00:00
8660,544,4,13,4,,,2026-04-07 00:00:00
8661,544,5,15,5,,,2026-04-07 00:00:00
8662,544,6,21,6,,,2026-04-07 00:00:00
8663,544,7,24,7,,,2026-04-07 00:00:00
8664,544,8,28,8,,,2026-04-07 00:00:00
8665,544,9,31,9,,,2026-04-07 00:00:00
8666,544,10,34,10,,,2026-04-07 00:00:00
8667,544,11,37,11,,,2026-04-07 00:00:00
8668,544,12,40,12,,,2026-04-07 00:00:00
8669,544,13,42,13,,,2026-04-07 00:00:00
8670,544,14,43,14,,,2026-04-07 00:00:00
8671,544,15,50,15,,,2026-04-07 00:00:00
8672,544,16,51,16,,,2026-04-07 00:00:00
8673,545,1,4,1,,,2026-04-07 00:00:00
8674,545,2,5,2,,,2026-04-07 00:00:00
8675,545,3,10,3,,,2026-04-07 00:00:00
8676,545,4,11,4,,,2026-04-07 00:00:00
8677,545,5,17,5,,,2026-04-07 00:00:00
8678,545,6,20,6,,,2026-04-07 00:00:00
8679,545,7,23,7,,,2026-04-07 00:00:00
8680,545,8,28,8,,,2026-04-07 00:00:00
8681,545,9,29,9,,,2026-04-07 00:00:00
8682,545,10,34,10,,,2026-04-07 00:00:00
8683,545,11,37,11,,,2026-04-07 00:00:00
8684,545,12,40,12,,,2026-04-07 00:00:00
8685,545,13,42,13,,,2026-04-07 00:00:00
8686,545,14,46,14,,,2026-04-07 00:00:00
8687,545,15,50,15,,,2026-04-07 00:00:00
8688,545,16,51,16,,,2026-04-07 00:00:00
8689,546,1,4,1,,,2026-04-07 00:00:00
8690,546,2,7,2,,,2026-04-07 00:00:00
8691,546,3,10,3,,,2026-04-07 00:00:00
8692,546,4,11,4,,,2026-04-07 00:00:00
8693,546,5,17,5,,,2026-04-07 00:00:00
8694,546,6,20,6,,,2026-04-07 00:00:00
8695,546,7,25,7,,,2026-04-07 00:00:00
8696,546,8,28,8,,,2026-04-07 00:00:00
8697,546,9,29,9,,,2026-04-07 00:00:00
8698,546,10,34,10,,,2026-04-07 00:00:00
8699,546,11,37,11,,,2026-04-07 00:00:00
8700,546,12,40,12,,,2026-04-07 00:00:00
8701,546,13,42,13,,,2026-04-07 00:00:00
8702,546,14,43,14,,,2026-04-07 00:00:00
8703,546,15,50,15,,,2026-04-07 00:00:00
8704,546,16,51,16,,,2026-04-07 00:00:00
8705,547,1,4,1,,,2026-04-07 00:00:00
8706,547,2,5,2,,,2026-04-07 00:00:00
8707,547,3,10,3,,,2026-04-07 00:00:00
8708,547,4,11,4,,,2026-04-07 00:00:00
8709,547,5,17,5,,,2026-04-07 00:00:00
8710,547,6,20,6,,,2026-04-07 00:00:00
8711,547,7,23,7,,,2026-04-07 00:00:00
8712,547,8,28,8,,,2026-04-07 00:00:00
8713,547,9,29,9,,,2026-04-07 00:00:00
8714,547,10,34,10,,,2026-04-07 00:00:00
8715,547,11,37,11,,,2026-04-07 00:00:00
8716,547,12,40,12,,,2026-04-07 00:00:00
8717,547,13,42,13,,,2026-04-07 00:00:00
8718,547,14,46,14,,,2026-04-07 00:00:00
8719,547,15,50,15,,,2026-04-07 00:00:00
8720,547,16,51,16,,,2026-04-07 00:00:00
8721,548,1,4,1,,,2026-04-07 00:00:00
8722,548,2,5,2,,,2026-04-07 00:00:00
8723,548,3,10,3,,,2026-04-07 00:00:00
8724,548,4,11,4,,,2026-04-07 00:00:00
8725,548,5,17,5,,,2026-04-07 00:00:00
8726,548,6,20,6,,,2026-04-07 00:00:00
8727,548,7,23,7,,,2026-04-07 00:00:00
8728,548,8,28,8,,,2026-04-07 00:00:00
8729,548,9,29,9,,,2026-04-07 00:00:00
8730,548,10,34,10,,,2026-04-07 00:00:00
8731,548,11,37,11,,,2026-04-07 00:00:00
8732,548,12,40,12,,,2026-04-07 00:00:00
8733,548,13,42,13,,,2026-04-07 00:00:00
8734,548,14,46,14,,,2026-04-07 00:00:00
8735,548,15,50,15,,,2026-04-07 00:00:00
8736,548,16,51,16,,,2026-04-07 00:00:00
8737,549,1,4,1,,,2026-04-07 00:00:00
8738,549,2,7,2,,,2026-04-07 00:00:00
8739,549,3,10,3,,,2026-04-07 00:00:00
8740,549,4,11,4,,,2026-04-07 00:00:00
8741,549,5,17,5,,,2026-04-07 00:00:00
8742,549,6,19,6,,,2026-04-07 00:00:00
8743,549,7,25,7,,,2026-04-07 00:00:00
8744,549,8,28,8,,,2026-04-07 00:00:00
8745,549,9,29,9,,,2026-04-07 00:00:00
8746,549,10,34,10,,,2026-04-07 00:00:00
8747,549,11,37,11,,,2026-04-07 00:00:00
8748,549,12,40,12,,,2026-04-07 00:00:00
8749,549,13,42,13,,,2026-04-07 00:00:00
8750,549,14,43,14,,,2026-04-07 00:00:00
8751,549,15,50,15,,,2026-04-07 00:00:00
8752,549,16,51,16,,,2026-04-07 00:00:00
8753,550,1,4,1,,,2026-04-07 00:00:00
8754,550,2,5,2,,,2026-04-07 00:00:00
8755,550,3,9,3,,,2026-04-07 00:00:00
8756,550,4,11,4,,,2026-04-07 00:00:00
8757,550,5,17,5,,,2026-04-07 00:00:00
8758,550,6,18,6,,,2026-04-07 00:00:00
8759,550,7,25,7,,,2026-04-07 00:00:00
8760,550,8,28,8,,,2026-04-07 00:00:00
8761,550,9,29,9,,,2026-04-07 00:00:00
8762,550,10,34,10,,,2026-04-07 00:00:00
8763,550,11,37,11,,,2026-04-07 00:00:00
8764,550,12,38,12,,,2026-04-07 00:00:00
8765,550,13,42,13,,,2026-04-07 00:00:00
8766,550,14,44,14,,,2026-04-07 00:00:00
8767,550,15,50,15,,,2026-04-07 00:00:00
8768,550,16,51,16,,,2026-04-07 00:00:00
8769,551,1,4,1,,,2026-04-07 00:00:00
8770,551,2,5,2,,,2026-04-07 00:00:00
8771,551,3,9,3,,,2026-04-07 00:00:00
8772,551,4,11,4,,,2026-04-07 00:00:00
8773,551,5,14,5,,,2026-04-07 00:00:00
8774,551,6,21,6,,,2026-04-07 00:00:00
8775,551,7,25,7,,,2026-04-07 00:00:00
8776,551,8,28,8,,,2026-04-07 00:00:00
8777,551,9,29,9,,,2026-04-07 00:00:00
8778,551,10,34,10,,,2026-04-07 00:00:00
8779,551,11,37,11,,,2026-04-07 00:00:00
8780,551,12,40,12,,,2026-04-07 00:00:00
8781,551,13,42,13,,,2026-04-07 00:00:00
8782,551,14,46,14,,,2026-04-07 00:00:00
8783,551,15,50,15,,,2026-04-07 00:00:00
8784,551,16,51,16,,,2026-04-07 00:00:00
8785,552,1,4,1,,,2026-04-07 00:00:00
8786,552,2,7,2,,,2026-04-07 00:00:00
8787,552,3,8,3,,,2026-04-07 00:00:00
8788,552,4,13,4,,,2026-04-07 00:00:00
8789,552,5,14,5,,,2026-04-07 00:00:00
8790,552,6,21,6,,,2026-04-07 00:00:00
8791,552,7,22,7,,,2026-04-07 00:00:00
8792,552,8,28,8,,,2026-04-07 00:00:00
8793,552,9,31,9,,,2026-04-07 00:00:00
8794,552,10,34,10,,,2026-04-07 00:00:00
8795,552,11,37,11,,,2026-04-07 00:00:00
8796,552,12,39,12,,,2026-04-07 00:00:00
8797,552,13,42,13,,,2026-04-07 00:00:00
8798,552,14,46,14,,,2026-04-07 00:00:00
8799,552,15,50,15,,,2026-04-07 00:00:00
8800,552,16,53,16,,,2026-04-07 00:00:00
8801,553,1,4,1,,,2026-04-07 00:00:00
8802,553,2,7,2,,,2026-04-07 00:00:00
8803,553,3,8,3,,,2026-04-07 00:00:00
8804,553,4,13,4,,,2026-04-07 00:00:00
8805,553,5,15,5,,,2026-04-07 00:00:00
8806,553,6,18,6,,,2026-04-07 00:00:00
8807,553,7,25,7,,,2026-04-07 00:00:00
8808,553,8,28,8,,,2026-04-07 00:00:00
8809,553,9,31,9,,,2026-04-07 00:00:00
8810,553,10,34,10,,,2026-04-07 00:00:00
8811,553,11,37,11,,,2026-04-07 00:00:00
8812,553,12,40,12,,,2026-04-07 00:00:00
8813,553,13,42,13,,,2026-04-07 00:00:00
8814,553,14,46,14,,,2026-04-07 00:00:00
8815,553,15,50,15,,,2026-04-07 00:00:00
8816,553,16,51,16,,,2026-04-07 00:00:00
8817,554,1,4,1,,,2026-04-07 00:00:00
8818,554,2,6,2,,,2026-04-07 00:00:00
8819,554,3,10,3,,,2026-04-07 00:00:00
8820,554,4,12,4,,,2026-04-07 00:00:00
8821,554,5,15,5,,,2026-04-07 00:00:00
8822,554,6,19,6,,,2026-04-07 00:00:00
8823,554,7,25,7,,,2026-04-07 00:00:00
8824,554,8,26,8,,,2026-04-07 00:00:00
8825,554,9,30,9,,,2026-04-07 00:00:00
8826,554,10,34,10,,,2026-04-07 00:00:00
8827,554,11,37,11,,,2026-04-07 00:00:00
8828,554,12,40,12,,,2026-04-07 00:00:00
8829,554,13,42,13,,,2026-04-07 00:00:00
8830,554,14,46,14,,,2026-04-07 00:00:00
8831,554,15,50,15,,,2026-04-07 00:00:00
8832,554,16,51,16,,,2026-04-07 00:00:00
8833,555,1,4,1,,,2026-04-07 00:00:00
8834,555,2,7,2,,,2026-04-07 00:00:00
8835,555,3,10,3,,,2026-04-07 00:00:00
8836,555,4,12,4,,,2026-04-07 00:00:00
8837,555,5,17,5,,,2026-04-07 00:00:00
8838,555,6,20,6,,,2026-04-07 00:00:00
8839,555,7,24,7,,,2026-04-07 00:00:00
8840,555,8,28,8,,,2026-04-07 00:00:00
8841,555,9,31,9,,,2026-04-07 00:00:00
8842,555,10,34,10,,,2026-04-07 00:00:00
8843,555,11,37,11,,,2026-04-07 00:00:00
8844,555,12,40,12,,,2026-04-07 00:00:00
8845,555,13,42,13,,,2026-04-07 00:00:00
8846,555,14,45,14,,,2026-04-07 00:00:00
8847,555,15,50,15,,,2026-04-07 00:00:00
8848,555,16,52,16,,,2026-04-07 00:00:00
8849,556,1,4,1,,,2026-04-07 00:00:00
8850,556,2,7,2,,,2026-04-07 00:00:00
8851,556,3,8,3,,,2026-04-07 00:00:00
8852,556,4,13,4,,,2026-04-07 00:00:00
8853,556,5,16,5,,,2026-04-07 00:00:00
8854,556,6,21,6,,,2026-04-07 00:00:00
8855,556,7,25,7,,,2026-04-07 00:00:00
8856,556,8,26,8,,,2026-04-07 00:00:00
8857,556,9,30,9,,,2026-04-07 00:00:00
8858,556,10,34,10,,,2026-04-07 00:00:00
8859,556,11,37,11,,,2026-04-07 00:00:00
8860,556,12,40,12,,,2026-04-07 00:00:00
8861,556,13,42,13,,,2026-04-07 00:00:00
8862,556,14,46,14,,,2026-04-07 00:00:00
8863,556,15,50,15,,,2026-04-07 00:00:00
8864,556,16,51,16,,,2026-04-07 00:00:00
8865,557,1,4,1,,,2026-04-07 00:00:00
8866,557,2,7,2,,,2026-04-07 00:00:00
8867,557,3,10,3,,,2026-04-07 00:00:00
8868,557,4,13,4,,,2026-04-07 00:00:00
8869,557,5,17,5,,,2026-04-07 00:00:00
8870,557,6,21,6,,,2026-04-07 00:00:00
8871,557,7,22,7,,,2026-04-07 00:00:00
8872,557,8,28,8,,,2026-04-07 00:00:00
8873,557,9,31,9,,,2026-04-07 00:00:00
8874,557,10,34,10,,,2026-04-07 00:00:00
8875,557,11,37,11,,,2026-04-07 00:00:00
8876,557,12,40,12,,,2026-04-07 00:00:00
8877,557,13,42,13,,,2026-04-07 00:00:00
8878,557,14,46,14,,,2026-04-07 00:00:00
8879,557,15,50,15,,,2026-04-07 00:00:00
8880,557,16,51,16,,,2026-04-07 00:00:00
8881,558,1,4,1,,,2026-04-07 00:00:00
8882,558,2,7,2,,,2026-04-07 00:00:00
8883,558,3,10,3,,,2026-04-07 00:00:00
8884,558,4,13,4,,,2026-04-07 00:00:00
8885,558,5,17,5,,,2026-04-07 00:00:00
8886,558,6,21,6,,,2026-04-07 00:00:00
8887,558,7,25,7,,,2026-04-07 00:00:00
8888,558,8,28,8,,,2026-04-07 00:00:00
8889,558,9,31,9,,,2026-04-07 00:00:00
8890,558,10,34,10,,,2026-04-07 00:00:00
8891,558,11,37,11,,,2026-04-07 00:00:00
8892,558,12,40,12,,,2026-04-07 00:00:00
8893,558,13,42,13,,,2026-04-07 00:00:00
8894,558,14,45,14,,,2026-04-07 00:00:00
8895,558,15,50,15,,,2026-04-07 00:00:00
8896,558,16,51,16,,,2026-04-07 00:00:00
8897,559,1,4,1,,,2026-04-07 00:00:00
8898,559,2,7,2,,,2026-04-07 00:00:00
8899,559,3,10,3,,,2026-04-07 00:00:00
8900,559,4,13,4,,,2026-04-07 00:00:00
8901,559,5,17,5,,,2026-04-07 00:00:00
8902,559,6,21,6,,,2026-04-07 00:00:00
8903,559,7,25,7,,,2026-04-07 00:00:00
8904,559,8,28,8,,,2026-04-07 00:00:00
8905,559,9,31,9,,,2026-04-07 00:00:00
8906,559,10,34,10,,,2026-04-07 00:00:00
8907,559,11,37,11,,,2026-04-07 00:00:00
8908,559,12,39,12,,,2026-04-07 00:00:00
8909,559,13,42,13,,,2026-04-07 00:00:00
8910,559,14,43,14,,,2026-04-07 00:00:00
8911,559,15,50,15,,,2026-04-07 00:00:00
8912,559,16,51,16,,,2026-04-07 00:00:00
8913,560,1,4,1,,,2026-04-07 00:00:00
8914,560,2,6,2,,,2026-04-07 00:00:00
8915,560,3,10,3,,,2026-04-07 00:00:00
8916,560,4,13,4,,,2026-04-07 00:00:00
8917,560,5,17,5,,,2026-04-07 00:00:00
8918,560,6,19,6,,,2026-04-07 00:00:00
8919,560,7,25,7,,,2026-04-07 00:00:00
8920,560,8,28,8,,,2026-04-07 00:00:00
8921,560,9,30,9,,,2026-04-07 00:00:00
8922,560,10,34,10,,,2026-04-07 00:00:00
8923,560,11,37,11,,,2026-04-07 00:00:00
8924,560,12,40,12,,,2026-04-07 00:00:00
8925,560,13,42,13,,,2026-04-07 00:00:00
8926,560,14,46,14,,,2026-04-07 00:00:00
8927,560,15,50,15,,,2026-04-07 00:00:00
8928,560,16,51,16,,,2026-04-07 00:00:00
8929,561,1,4,1,,,2026-04-07 00:00:00
8930,561,2,7,2,,,2026-04-07 00:00:00
8931,561,3,10,3,,,2026-04-07 00:00:00
8932,561,4,13,4,,,2026-04-07 00:00:00
8933,561,5,17,5,,,2026-04-07 00:00:00
8934,561,6,21,6,,,2026-04-07 00:00:00
8935,561,7,25,7,,,2026-04-07 00:00:00
8936,561,8,28,8,,,2026-04-07 00:00:00
8937,561,9,31,9,,,2026-04-07 00:00:00
8938,561,10,34,10,,,2026-04-07 00:00:00
8939,561,11,37,11,,,2026-04-07 00:00:00
8940,561,12,40,12,,,2026-04-07 00:00:00
8941,561,13,42,13,,,2026-04-07 00:00:00
8942,561,14,46,14,,,2026-04-07 00:00:00
8943,561,15,50,15,,,2026-04-07 00:00:00
8944,561,16,51,16,,,2026-04-07 00:00:00
8945,562,1,4,1,,,2026-04-07 00:00:00
8946,562,2,7,2,,,2026-04-07 00:00:00
8947,562,3,10,3,,,2026-04-07 00:00:00
8948,562,4,13,4,,,2026-04-07 00:00:00
8949,562,5,17,5,,,2026-04-07 00:00:00
8950,562,6,21,6,,,2026-04-07 00:00:00
8951,562,7,25,7,,,2026-04-07 00:00:00
8952,562,8,28,8,,,2026-04-07 00:00:00
8953,562,9,31,9,,,2026-04-07 00:00:00
8954,562,10,34,10,,,2026-04-07 00:00:00
8955,562,11,37,11,,,2026-04-07 00:00:00
8956,562,12,40,12,,,2026-04-07 00:00:00
8957,562,13,42,13,,,2026-04-07 00:00:00
8958,562,14,46,14,,,2026-04-07 00:00:00
8959,562,15,50,15,,,2026-04-07 00:00:00
8960,562,16,51,16,,,2026-04-07 00:00:00
8961,563,1,4,1,,,2026-04-07 00:00:00
8962,563,2,7,2,,,2026-04-07 00:00:00
8963,563,3,10,3,,,2026-04-07 00:00:00
8964,563,4,13,4,,,2026-04-07 00:00:00
8965,563,5,17,5,,,2026-04-07 00:00:00
8966,563,6,19,6,,,2026-04-07 00:00:00
8967,563,7,25,7,,,2026-04-07 00:00:00
8968,563,8,28,8,,,2026-04-07 00:00:00
8969,563,9,31,9,,,2026-04-07 00:00:00
8970,563,10,34,10,,,2026-04-07 00:00:00
8971,563,11,37,11,,,2026-04-07 00:00:00
8972,563,12,40,12,,,2026-04-07 00:00:00
8973,563,13,42,13,,,2026-04-07 00:00:00
8974,563,14,46,14,,,2026-04-07 00:00:00
8975,563,15,50,15,,,2026-04-07 00:00:00
8976,563,16,51,16,,,2026-04-07 00:00:00
8977,564,1,4,1,,,2026-04-07 00:00:00
8978,564,2,7,2,,,2026-04-07 00:00:00
8979,564,3,10,3,,,2026-04-07 00:00:00
8980,564,4,12,4,,,2026-04-07 00:00:00
8981,564,5,17,5,,,2026-04-07 00:00:00
8982,564,6,18,6,,,2026-04-07 00:00:00
8983,564,7,25,7,,,2026-04-07 00:00:00
8984,564,8,28,8,,,2026-04-07 00:00:00
8985,564,9,31,9,,,2026-04-07 00:00:00
8986,564,10,34,10,,,2026-04-07 00:00:00
8987,564,11,37,11,,,2026-04-07 00:00:00
8988,564,12,40,12,,,2026-04-07 00:00:00
8989,564,13,42,13,,,2026-04-07 00:00:00
8990,564,14,46,14,,,2026-04-07 00:00:00
8991,564,15,50,15,,,2026-04-07 00:00:00
8992,564,16,51,16,,,2026-04-07 00:00:00
8993,565,1,4,1,,,2026-04-07 00:00:00
8994,565,2,7,2,,,2026-04-07 00:00:00
8995,565,3,10,3,,,2026-04-07 00:00:00
8996,565,4,13,4,,,2026-04-07 00:00:00
8997,565,5,17,5,,,2026-04-07 00:00:00
8998,565,6,18,6,,,2026-04-07 00:00:00
8999,565,7,25,7,,,2026-04-07 00:00:00
9000,565,8,28,8,,,2026-04-07 00:00:00
9001,565,9,30,9,,,2026-04-07 00:00:00
9002,565,10,34,10,,,2026-04-07 00:00:00
9003,565,11,37,11,,,2026-04-07 00:00:00
9004,565,12,40,12,,,2026-04-07 00:00:00
9005,565,13,42,13,,,2026-04-07 00:00:00
9006,565,14,46,14,,,2026-04-07 00:00:00
9007,565,15,50,15,,,2026-04-07 00:00:00
9008,565,16,51,16,,,2026-04-07 00:00:00
9009,566,1,4,1,,,2026-04-07 00:00:00
9010,566,2,7,2,,,2026-04-07 00:00:00
9011,566,3,10,3,,,2026-04-07 00:00:00
9012,566,4,12,4,,,2026-04-07 00:00:00
9013,566,5,17,5,,,2026-04-07 00:00:00
9014,566,6,19,6,,,2026-04-07 00:00:00
9015,566,7,25,7,,,2026-04-07 00:00:00
9016,566,8,28,8,,,2026-04-07 00:00:00
9017,566,9,31,9,,,2026-04-07 00:00:00
9018,566,10,34,10,,,2026-04-07 00:00:00
9019,566,11,37,11,,,2026-04-07 00:00:00
9020,566,12,40,12,,,2026-04-07 00:00:00
9021,566,13,42,13,,,2026-04-07 00:00:00
9022,566,14,46,14,,,2026-04-07 00:00:00
9023,566,15,50,15,,,2026-04-07 00:00:00
9024,566,16,51,16,,,2026-04-07 00:00:00
9025,567,1,4,1,,,2026-04-07 00:00:00
9026,567,2,6,2,,,2026-04-07 00:00:00
9027,567,3,10,3,,,2026-04-07 00:00:00
9028,567,4,11,4,,,2026-04-07 00:00:00
9029,567,5,17,5,,,2026-04-07 00:00:00
9030,567,6,18,6,,,2026-04-07 00:00:00
9031,567,7,25,7,,,2026-04-07 00:00:00
9032,567,8,28,8,,,2026-04-07 00:00:00
9033,567,9,29,9,,,2026-04-07 00:00:00
9034,567,10,34,10,,,2026-04-07 00:00:00
9035,567,11,37,11,,,2026-04-07 00:00:00
9036,567,12,40,12,,,2026-04-07 00:00:00
9037,567,13,42,13,,,2026-04-07 00:00:00
9038,567,14,46,14,,,2026-04-07 00:00:00
9039,567,15,50,15,,,2026-04-07 00:00:00
9040,567,16,51,16,,,2026-04-07 00:00:00
9041,568,1,4,1,,,2026-04-07 00:00:00
9042,568,2,7,2,,,2026-04-07 00:00:00
9043,568,3,10,3,,,2026-04-07 00:00:00
9044,568,4,13,4,,,2026-04-07 00:00:00
9045,568,5,17,5,,,2026-04-07 00:00:00
9046,568,6,20,6,,,2026-04-07 00:00:00
9047,568,7,25,7,,,2026-04-07 00:00:00
9048,568,8,28,8,,,2026-04-07 00:00:00
9049,568,9,31,9,,,2026-04-07 00:00:00
9050,568,10,34,10,,,2026-04-07 00:00:00
9051,568,11,37,11,,,2026-04-07 00:00:00
9052,568,12,39,12,,,2026-04-07 00:00:00
9053,568,13,42,13,,,2026-04-07 00:00:00
9054,568,14,46,14,,,2026-04-07 00:00:00
9055,568,15,50,15,,,2026-04-07 00:00:00
9056,568,16,51,16,,,2026-04-07 00:00:00
9057,569,1,4,1,,,2026-04-07 00:00:00
9058,569,2,5,2,,,2026-04-07 00:00:00
9059,569,3,9,3,,,2026-04-07 00:00:00
9060,569,4,11,4,,,2026-04-07 00:00:00
9061,569,5,14,5,,,2026-04-07 00:00:00
9062,569,6,18,6,,,2026-04-07 00:00:00
9063,569,7,25,7,,,2026-04-07 00:00:00
9064,569,8,28,8,,,2026-04-07 00:00:00
9065,569,9,29,9,,,2026-04-07 00:00:00
9066,569,10,34,10,,,2026-04-07 00:00:00
9067,569,11,37,11,,,2026-04-07 00:00:00
9068,569,12,40,12,,,2026-04-07 00:00:00
9069,569,13,42,13,,,2026-04-07 00:00:00
9070,569,14,46,14,,,2026-04-07 00:00:00
9071,569,15,50,15,,,2026-04-07 00:00:00
9072,569,16,51,16,,,2026-04-07 00:00:00
9073,570,1,4,1,,,2026-04-07 00:00:00
9074,570,2,7,2,,,2026-04-07 00:00:00
9075,570,3,10,3,,,2026-04-07 00:00:00
9076,570,4,12,4,,,2026-04-07 00:00:00
9077,570,5,17,5,,,2026-04-07 00:00:00
9078,570,6,18,6,,,2026-04-07 00:00:00
9079,570,7,25,7,,,2026-04-07 00:00:00
9080,570,8,28,8,,,2026-04-07 00:00:00
9081,570,9,31,9,,,2026-04-07 00:00:00
9082,570,10,34,10,,,2026-04-07 00:00:00
9083,570,11,37,11,,,2026-04-07 00:00:00
9084,570,12,40,12,,,2026-04-07 00:00:00
9085,570,13,42,13,,,2026-04-07 00:00:00
9086,570,14,46,14,,,2026-04-07 00:00:00
9087,570,15,50,15,,,2026-04-07 00:00:00
9088,570,16,51,16,,,2026-04-07 00:00:00
