id,curva_id,indicador_codigo,sexo_codigo,edad_meses,edad_dias,l,m,s,stdev,activo
1,1,BMI,M,,0,-0.30530000,13.40690000,0.09560000,,true
2,1,BMI,M,,1,-0.18670000,13.39760000,0.09597000,,true
3,1,BMI,M,,2,-0.06810000,13.38830000,0.09634000,,true
4,1,BMI,M,,3,0.05050000,13.37910000,0.09672000,,true
5,1,BMI,M,,4,0.16900000,13.36980000,0.09709000,,true
6,1,BMI,M,,5,0.28760000,13.36060000,0.09746000,,true
7,1,BMI,M,,6,0.40620000,13.35130000,0.09784000,,true
8,1,BMI,M,,7,0.52470000,13.34210000,0.09821000,,true
9,1,BMI,M,,8,0.50940000,13.38430000,0.09769000,,true
10,1,BMI,M,,9,0.49410000,13.42650000,0.09716000,,true
11,1,BMI,M,,10,0.47890000,13.46870000,0.09664000,,true
12,1,BMI,M,,11,0.46360000,13.51100000,0.09611000,,true
13,1,BMI,M,,12,0.44830000,13.55320000,0.09559000,,true
14,1,BMI,M,,13,0.43300000,13.59540000,0.09507000,,true
15,1,BMI,M,,14,0.41770000,13.63770000,0.09454000,,true
16,1,BMI,M,,15,0.40590000,13.71740000,0.09416000,,true
17,1,BMI,M,,16,0.39460000,13.80060000,0.09380000,,true
18,1,BMI,M,,17,0.38390000,13.88540000,0.09347000,,true
19,1,BMI,M,,18,0.37350000,13.97070000,0.09315000,,true
20,1,BMI,M,,19,0.36360000,14.05580000,0.09285000,,true
21,1,BMI,M,,20,0.35410000,14.14040000,0.09257000,,true
22,1,BMI,M,,21,0.34490000,14.22410000,0.09230000,,true
23,1,BMI,M,,22,0.33600000,14.30650000,0.09204000,,true
24,1,BMI,M,,23,0.32740000,14.38770000,0.09180000,,true
25,1,BMI,M,,24,0.31910000,14.46750000,0.09156000,,true
26,1,BMI,M,,25,0.31100000,14.54570000,0.09134000,,true
27,1,BMI,M,,26,0.30320000,14.62250000,0.09112000,,true
28,1,BMI,M,,27,0.29550000,14.69770000,0.09092000,,true
29,1,BMI,M,,28,0.28810000,14.77140000,0.09072000,,true
30,1,BMI,M,,29,0.28090000,14.84360000,0.09053000,,true
31,1,BMI,M,,30,0.27380000,14.91400000,0.09035000,,true
32,1,BMI,M,,31,0.26690000,14.98220000,0.09017000,,true
33,1,BMI,M,,32,0.26020000,15.04850000,0.09000000,,true
34,1,BMI,M,,33,0.25360000,15.11270000,0.08984000,,true
35,1,BMI,M,,34,0.24720000,15.17500000,0.08968000,,true
36,1,BMI,M,,35,0.24090000,15.23550000,0.08953000,,true
37,1,BMI,M,,36,0.23480000,15.29420000,0.08938000,,true
38,1,BMI,M,,37,0.22870000,15.35110000,0.08924000,,true
39,1,BMI,M,,38,0.22280000,15.40620000,0.08910000,,true
40,1,BMI,M,,39,0.21700000,15.45970000,0.08897000,,true
41,1,BMI,M,,40,0.21130000,15.51150000,0.08884000,,true
42,1,BMI,M,,41,0.20580000,15.56180000,0.08871000,,true
43,1,BMI,M,,42,0.20030000,15.61070000,0.08859000,,true
44,1,BMI,M,,43,0.19490000,15.65820000,0.08847000,,true
45,1,BMI,M,,44,0.18960000,15.70430000,0.08835000,,true
46,1,BMI,M,,45,0.18440000,15.74920000,0.08824000,,true
47,1,BMI,M,,46,0.17930000,15.79290000,0.08813000,,true
48,1,BMI,M,,47,0.17430000,15.83530000,0.08802000,,true
49,1,BMI,M,,48,0.16930000,15.87670000,0.08792000,,true
50,1,BMI,M,,49,0.16450000,15.91690000,0.08782000,,true
51,1,BMI,M,,50,0.15970000,15.95600000,0.08772000,,true
52,1,BMI,M,,51,0.15500000,15.99410000,0.08762000,,true
53,1,BMI,M,,52,0.15030000,16.03110000,0.08753000,,true
54,1,BMI,M,,53,0.14570000,16.06720000,0.08743000,,true
55,1,BMI,M,,54,0.14120000,16.10230000,0.08734000,,true
56,1,BMI,M,,55,0.13680000,16.13650000,0.08725000,,true
57,1,BMI,M,,56,0.13240000,16.16980000,0.08717000,,true
58,1,BMI,M,,57,0.12800000,16.20210000,0.08708000,,true
59,1,BMI,M,,58,0.12380000,16.23360000,0.08700000,,true
60,1,BMI,M,,59,0.11960000,16.26420000,0.08692000,,true
61,1,BMI,M,,60,0.11540000,16.29410000,0.08684000,,true
62,1,BMI,M,,61,0.11130000,16.32310000,0.08676000,,true
63,1,BMI,M,,62,0.10720000,16.35130000,0.08669000,,true
64,1,BMI,M,,63,0.10320000,16.37870000,0.08661000,,true
65,1,BMI,M,,64,0.09930000,16.40530000,0.08654000,,true
66,1,BMI,M,,65,0.09540000,16.43120000,0.08646000,,true
67,1,BMI,M,,66,0.09150000,16.45620000,0.08639000,,true
68,1,BMI,M,,67,0.08770000,16.48060000,0.08632000,,true
69,1,BMI,M,,68,0.08400000,16.50420000,0.08626000,,true
70,1,BMI,M,,69,0.08030000,16.52710000,0.08619000,,true
71,1,BMI,M,,70,0.07660000,16.54940000,0.08612000,,true
72,1,BMI,M,,71,0.07290000,16.57100000,0.08606000,,true
73,1,BMI,M,,72,0.06930000,16.59200000,0.08599000,,true
74,1,BMI,M,,73,0.06580000,16.61240000,0.08593000,,true
75,1,BMI,M,,74,0.06230000,16.63210000,0.08587000,,true
76,1,BMI,M,,75,0.05880000,16.65140000,0.08581000,,true
77,1,BMI,M,,76,0.05540000,16.67000000,0.08575000,,true
78,1,BMI,M,,77,0.05200000,16.68820000,0.08569000,,true
79,1,BMI,M,,78,0.04860000,16.70580000,0.08564000,,true
80,1,BMI,M,,79,0.04520000,16.72290000,0.08558000,,true
81,1,BMI,M,,80,0.04190000,16.73960000,0.08552000,,true
82,1,BMI,M,,81,0.03870000,16.75570000,0.08547000,,true
83,1,BMI,M,,82,0.03540000,16.77150000,0.08541000,,true
84,1,BMI,M,,83,0.03220000,16.78670000,0.08536000,,true
85,1,BMI,M,,84,0.02910000,16.80160000,0.08531000,,true
86,1,BMI,M,,85,0.02590000,16.81610000,0.08526000,,true
87,1,BMI,M,,86,0.02280000,16.83010000,0.08521000,,true
88,1,BMI,M,,87,0.01970000,16.84380000,0.08516000,,true
89,1,BMI,M,,88,0.01670000,16.85710000,0.08511000,,true
90,1,BMI,M,,89,0.01370000,16.87010000,0.08506000,,true
91,1,BMI,M,,90,0.01070000,16.88270000,0.08501000,,true
92,1,BMI,M,,91,0.00770000,16.89500000,0.08496000,,true
93,1,BMI,M,,92,0.00480000,16.90690000,0.08492000,,true
94,1,BMI,M,,93,0.00180000,16.91860000,0.08487000,,true
95,1,BMI,M,,94,-0.00110000,16.92990000,0.08483000,,true
96,1,BMI,M,,95,-0.00390000,16.94100000,0.08478000,,true
97,1,BMI,M,,96,-0.00680000,16.95180000,0.08474000,,true
98,1,BMI,M,,97,-0.00960000,16.96230000,0.08470000,,true
99,1,BMI,M,,98,-0.01240000,16.97250000,0.08465000,,true
100,1,BMI,M,,99,-0.01510000,16.98250000,0.08461000,,true
101,1,BMI,M,,100,-0.01790000,16.99230000,0.08457000,,true
102,1,BMI,M,,101,-0.02060000,17.00180000,0.08453000,,true
103,1,BMI,M,,102,-0.02330000,17.01110000,0.08449000,,true
104,1,BMI,M,,103,-0.02600000,17.02010000,0.08445000,,true
105,1,BMI,M,,104,-0.02870000,17.02900000,0.08441000,,true
106,1,BMI,M,,105,-0.03130000,17.03760000,0.08437000,,true
107,1,BMI,M,,106,-0.03390000,17.04610000,0.08433000,,true
108,1,BMI,M,,107,-0.03650000,17.05440000,0.08429000,,true
109,1,BMI,M,,108,-0.03910000,17.06240000,0.08426000,,true
110,1,BMI,M,,109,-0.04160000,17.07040000,0.08422000,,true
111,1,BMI,M,,110,-0.04420000,17.07810000,0.08418000,,true
112,1,BMI,M,,111,-0.04670000,17.08570000,0.08415000,,true
113,1,BMI,M,,112,-0.04920000,17.09310000,0.08411000,,true
114,1,BMI,M,,113,-0.05170000,17.10030000,0.08408000,,true
115,1,BMI,M,,114,-0.05410000,17.10740000,0.08404000,,true
116,1,BMI,M,,115,-0.05660000,17.11440000,0.08401000,,true
117,1,BMI,M,,116,-0.05900000,17.12120000,0.08397000,,true
118,1,BMI,M,,117,-0.06140000,17.12790000,0.08394000,,true
119,1,BMI,M,,118,-0.06380000,17.13440000,0.08391000,,true
120,1,BMI,M,,119,-0.06620000,17.14090000,0.08387000,,true
121,1,BMI,M,,120,-0.06860000,17.14720000,0.08384000,,true
122,1,BMI,M,,121,-0.07090000,17.15330000,0.08381000,,true
123,1,BMI,M,,122,-0.07320000,17.15940000,0.08378000,,true
124,1,BMI,M,,123,-0.07560000,17.16530000,0.08375000,,true
125,1,BMI,M,,124,-0.07790000,17.17120000,0.08371000,,true
126,1,BMI,M,,125,-0.08010000,17.17690000,0.08368000,,true
127,1,BMI,M,,126,-0.08240000,17.18250000,0.08365000,,true
128,1,BMI,M,,127,-0.08470000,17.18800000,0.08362000,,true
129,1,BMI,M,,128,-0.08690000,17.19340000,0.08359000,,true
130,1,BMI,M,,129,-0.08910000,17.19870000,0.08356000,,true
131,1,BMI,M,,130,-0.09130000,17.20380000,0.08354000,,true
132,1,BMI,M,,131,-0.09350000,17.20890000,0.08351000,,true
133,1,BMI,M,,132,-0.09570000,17.21380000,0.08348000,,true
134,1,BMI,M,,133,-0.09790000,17.21870000,0.08345000,,true
135,1,BMI,M,,134,-0.10000000,17.22340000,0.08342000,,true
136,1,BMI,M,,135,-0.10220000,17.22810000,0.08340000,,true
137,1,BMI,M,,136,-0.10430000,17.23260000,0.08337000,,true
138,1,BMI,M,,137,-0.10640000,17.23700000,0.08334000,,true
139,1,BMI,M,,138,-0.10850000,17.24140000,0.08332000,,true
140,1,BMI,M,,139,-0.11060000,17.24560000,0.08329000,,true
141,1,BMI,M,,140,-0.11270000,17.24970000,0.08326000,,true
142,1,BMI,M,,141,-0.11470000,17.25370000,0.08324000,,true
143,1,BMI,M,,142,-0.11680000,17.25760000,0.08321000,,true
144,1,BMI,M,,143,-0.11880000,17.26150000,0.08319000,,true
145,1,BMI,M,,144,-0.12080000,17.26520000,0.08316000,,true
146,1,BMI,M,,145,-0.12290000,17.26880000,0.08314000,,true
147,1,BMI,M,,146,-0.12490000,17.27230000,0.08311000,,true
148,1,BMI,M,,147,-0.12690000,17.27570000,0.08309000,,true
149,1,BMI,M,,148,-0.12880000,17.27910000,0.08306000,,true
150,1,BMI,M,,149,-0.13080000,17.28230000,0.08304000,,true
151,1,BMI,M,,150,-0.13280000,17.28540000,0.08302000,,true
152,1,BMI,M,,151,-0.13470000,17.28850000,0.08299000,,true
153,1,BMI,M,,152,-0.13660000,17.29140000,0.08297000,,true
154,1,BMI,M,,153,-0.13860000,17.29430000,0.08295000,,true
155,1,BMI,M,,154,-0.14050000,17.29700000,0.08292000,,true
156,1,BMI,M,,155,-0.14240000,17.29970000,0.08290000,,true
157,1,BMI,M,,156,-0.14430000,17.30230000,0.08288000,,true
158,1,BMI,M,,157,-0.14620000,17.30480000,0.08285000,,true
159,1,BMI,M,,158,-0.14800000,17.30720000,0.08283000,,true
160,1,BMI,M,,159,-0.14990000,17.30950000,0.08281000,,true
161,1,BMI,M,,160,-0.15180000,17.31170000,0.08279000,,true
162,1,BMI,M,,161,-0.15360000,17.31390000,0.08277000,,true
163,1,BMI,M,,162,-0.15540000,17.31600000,0.08275000,,true
164,1,BMI,M,,163,-0.15730000,17.31800000,0.08272000,,true
165,1,BMI,M,,164,-0.15910000,17.31990000,0.08270000,,true
166,1,BMI,M,,165,-0.16090000,17.32180000,0.08268000,,true
167,1,BMI,M,,166,-0.16270000,17.32350000,0.08266000,,true
168,1,BMI,M,,167,-0.16450000,17.32520000,0.08264000,,true
169,1,BMI,M,,168,-0.16630000,17.32680000,0.08262000,,true
170,1,BMI,M,,169,-0.16800000,17.32840000,0.08260000,,true
171,1,BMI,M,,170,-0.16980000,17.32990000,0.08258000,,true
172,1,BMI,M,,171,-0.17150000,17.33130000,0.08256000,,true
173,1,BMI,M,,172,-0.17330000,17.33260000,0.08254000,,true
174,1,BMI,M,,173,-0.17500000,17.33380000,0.08252000,,true
175,1,BMI,M,,174,-0.17680000,17.33500000,0.08250000,,true
176,1,BMI,M,,175,-0.17850000,17.33610000,0.08248000,,true
177,1,BMI,M,,176,-0.18020000,17.33710000,0.08246000,,true
178,1,BMI,M,,177,-0.18190000,17.33810000,0.08244000,,true
179,1,BMI,M,,178,-0.18360000,17.33900000,0.08242000,,true
180,1,BMI,M,,179,-0.18530000,17.33980000,0.08241000,,true
181,1,BMI,M,,180,-0.18700000,17.34060000,0.08239000,,true
182,1,BMI,M,,181,-0.18860000,17.34120000,0.08237000,,true
183,1,BMI,M,,182,-0.19030000,17.34190000,0.08235000,,true
184,1,BMI,M,,183,-0.19190000,17.34240000,0.08233000,,true
185,1,BMI,M,,184,-0.19360000,17.34290000,0.08231000,,true
186,1,BMI,M,,185,-0.19520000,17.34330000,0.08230000,,true
187,1,BMI,M,,186,-0.19690000,17.34370000,0.08228000,,true
188,1,BMI,M,,187,-0.19850000,17.34390000,0.08226000,,true
189,1,BMI,M,,188,-0.20010000,17.34410000,0.08224000,,true
190,1,BMI,M,,189,-0.20170000,17.34430000,0.08222000,,true
191,1,BMI,M,,190,-0.20330000,17.34440000,0.08221000,,true
192,1,BMI,M,,191,-0.20490000,17.34440000,0.08219000,,true
193,1,BMI,M,,192,-0.20650000,17.34430000,0.08217000,,true
194,1,BMI,M,,193,-0.20810000,17.34420000,0.08216000,,true
195,1,BMI,M,,194,-0.20970000,17.34400000,0.08214000,,true
196,1,BMI,M,,195,-0.21120000,17.34380000,0.08212000,,true
197,1,BMI,M,,196,-0.21280000,17.34340000,0.08210000,,true
198,1,BMI,M,,197,-0.21440000,17.34310000,0.08209000,,true
199,1,BMI,M,,198,-0.21590000,17.34260000,0.08207000,,true
200,1,BMI,M,,199,-0.21740000,17.34210000,0.08205000,,true
201,1,BMI,M,,200,-0.21900000,17.34160000,0.08204000,,true
202,1,BMI,M,,201,-0.22050000,17.34090000,0.08202000,,true
203,1,BMI,M,,202,-0.22200000,17.34020000,0.08201000,,true
204,1,BMI,M,,203,-0.22350000,17.33950000,0.08199000,,true
205,1,BMI,M,,204,-0.22510000,17.33870000,0.08197000,,true
206,1,BMI,M,,205,-0.22660000,17.33780000,0.08196000,,true
207,1,BMI,M,,206,-0.22810000,17.33690000,0.08194000,,true
208,1,BMI,M,,207,-0.22950000,17.33590000,0.08193000,,true
209,1,BMI,M,,208,-0.23100000,17.33490000,0.08191000,,true
210,1,BMI,M,,209,-0.23250000,17.33380000,0.08189000,,true
211,1,BMI,M,,210,-0.23400000,17.33260000,0.08188000,,true
212,1,BMI,M,,211,-0.23540000,17.33140000,0.08186000,,true
213,1,BMI,M,,212,-0.23690000,17.33020000,0.08185000,,true
214,1,BMI,M,,213,-0.23840000,17.32890000,0.08183000,,true
215,1,BMI,M,,214,-0.23980000,17.32750000,0.08182000,,true
216,1,BMI,M,,215,-0.24130000,17.32610000,0.08180000,,true
217,1,BMI,M,,216,-0.24270000,17.32460000,0.08179000,,true
218,1,BMI,M,,217,-0.24410000,17.32300000,0.08177000,,true
219,1,BMI,M,,218,-0.24560000,17.32150000,0.08176000,,true
220,1,BMI,M,,219,-0.24700000,17.31980000,0.08174000,,true
221,1,BMI,M,,220,-0.24840000,17.31810000,0.08173000,,true
222,1,BMI,M,,221,-0.24980000,17.31640000,0.08171000,,true
223,1,BMI,M,,222,-0.25120000,17.31460000,0.08170000,,true
224,1,BMI,M,,223,-0.25260000,17.31270000,0.08168000,,true
225,1,BMI,M,,224,-0.25400000,17.31080000,0.08167000,,true
226,1,BMI,M,,225,-0.25540000,17.30890000,0.08165000,,true
227,1,BMI,M,,226,-0.25680000,17.30690000,0.08164000,,true
228,1,BMI,M,,227,-0.25810000,17.30480000,0.08163000,,true
229,1,BMI,M,,228,-0.25950000,17.30270000,0.08161000,,true
230,1,BMI,M,,229,-0.26090000,17.30060000,0.08160000,,true
231,1,BMI,M,,230,-0.26220000,17.29840000,0.08158000,,true
232,1,BMI,M,,231,-0.26360000,17.29620000,0.08157000,,true
233,1,BMI,M,,232,-0.26500000,17.29390000,0.08155000,,true
234,1,BMI,M,,233,-0.26630000,17.29160000,0.08154000,,true
235,1,BMI,M,,234,-0.26760000,17.28920000,0.08153000,,true
236,1,BMI,M,,235,-0.26900000,17.28680000,0.08151000,,true
237,1,BMI,M,,236,-0.27030000,17.28440000,0.08150000,,true
238,1,BMI,M,,237,-0.27160000,17.28190000,0.08149000,,true
239,1,BMI,M,,238,-0.27300000,17.27940000,0.08147000,,true
240,1,BMI,M,,239,-0.27430000,17.27680000,0.08146000,,true
241,1,BMI,M,,240,-0.27560000,17.27420000,0.08145000,,true
242,1,BMI,M,,241,-0.27690000,17.27150000,0.08143000,,true
243,1,BMI,M,,242,-0.27820000,17.26880000,0.08142000,,true
244,1,BMI,M,,243,-0.27950000,17.26610000,0.08141000,,true
245,1,BMI,M,,244,-0.28080000,17.26330000,0.08139000,,true
246,1,BMI,M,,245,-0.28210000,17.26050000,0.08138000,,true
247,1,BMI,M,,246,-0.28340000,17.25770000,0.08137000,,true
248,1,BMI,M,,247,-0.28470000,17.25480000,0.08135000,,true
249,1,BMI,M,,248,-0.28590000,17.25190000,0.08134000,,true
250,1,BMI,M,,249,-0.28720000,17.24900000,0.08133000,,true
251,1,BMI,M,,250,-0.28850000,17.24600000,0.08131000,,true
252,1,BMI,M,,251,-0.28980000,17.24300000,0.08130000,,true
253,1,BMI,M,,252,-0.29100000,17.23990000,0.08129000,,true
254,1,BMI,M,,253,-0.29230000,17.23680000,0.08128000,,true
255,1,BMI,M,,254,-0.29350000,17.23370000,0.08126000,,true
256,1,BMI,M,,255,-0.29480000,17.23060000,0.08125000,,true
257,1,BMI,M,,256,-0.29600000,17.22740000,0.08124000,,true
258,1,BMI,M,,257,-0.29720000,17.22420000,0.08122000,,true
259,1,BMI,M,,258,-0.29850000,17.22100000,0.08121000,,true
260,1,BMI,M,,259,-0.29970000,17.21770000,0.08120000,,true
261,1,BMI,M,,260,-0.30090000,17.21440000,0.08119000,,true
262,1,BMI,M,,261,-0.30220000,17.21110000,0.08117000,,true
263,1,BMI,M,,262,-0.30340000,17.20780000,0.08116000,,true
264,1,BMI,M,,263,-0.30460000,17.20440000,0.08115000,,true
265,1,BMI,M,,264,-0.30580000,17.20110000,0.08114000,,true
266,1,BMI,M,,265,-0.30700000,17.19760000,0.08113000,,true
267,1,BMI,M,,266,-0.30820000,17.19420000,0.08111000,,true
268,1,BMI,M,,267,-0.30940000,17.19080000,0.08110000,,true
269,1,BMI,M,,268,-0.31060000,17.18730000,0.08109000,,true
270,1,BMI,M,,269,-0.31180000,17.18380000,0.08108000,,true
271,1,BMI,M,,270,-0.31300000,17.18030000,0.08107000,,true
272,1,BMI,M,,271,-0.31420000,17.17670000,0.08105000,,true
273,1,BMI,M,,272,-0.31530000,17.17310000,0.08104000,,true
274,1,BMI,M,,273,-0.31650000,17.16960000,0.08103000,,true
275,1,BMI,M,,274,-0.31770000,17.16590000,0.08102000,,true
276,1,BMI,M,,275,-0.31890000,17.16230000,0.08101000,,true
277,1,BMI,M,,276,-0.32000000,17.15870000,0.08099000,,true
278,1,BMI,M,,277,-0.32120000,17.15500000,0.08098000,,true
279,1,BMI,M,,278,-0.32230000,17.15130000,0.08097000,,true
280,1,BMI,M,,279,-0.32350000,17.14760000,0.08096000,,true
281,1,BMI,M,,280,-0.32460000,17.14390000,0.08095000,,true
282,1,BMI,M,,281,-0.32580000,17.14020000,0.08094000,,true
283,1,BMI,M,,282,-0.32690000,17.13640000,0.08093000,,true
284,1,BMI,M,,283,-0.32810000,17.13260000,0.08091000,,true
285,1,BMI,M,,284,-0.32920000,17.12880000,0.08090000,,true
286,1,BMI,M,,285,-0.33030000,17.12500000,0.08089000,,true
287,1,BMI,M,,286,-0.33150000,17.12120000,0.08088000,,true
288,1,BMI,M,,287,-0.33260000,17.11740000,0.08087000,,true
289,1,BMI,M,,288,-0.33370000,17.11350000,0.08086000,,true
290,1,BMI,M,,289,-0.33480000,17.10970000,0.08085000,,true
291,1,BMI,M,,290,-0.33590000,17.10580000,0.08084000,,true
292,1,BMI,M,,291,-0.33710000,17.10190000,0.08082000,,true
293,1,BMI,M,,292,-0.33820000,17.09800000,0.08081000,,true
294,1,BMI,M,,293,-0.33930000,17.09410000,0.08080000,,true
295,1,BMI,M,,294,-0.34040000,17.09010000,0.08079000,,true
296,1,BMI,M,,295,-0.34150000,17.08620000,0.08078000,,true
297,1,BMI,M,,296,-0.34260000,17.08230000,0.08077000,,true
298,1,BMI,M,,297,-0.34370000,17.07830000,0.08076000,,true
299,1,BMI,M,,298,-0.34480000,17.07430000,0.08075000,,true
300,1,BMI,M,,299,-0.34580000,17.07030000,0.08074000,,true
301,1,BMI,M,,300,-0.34690000,17.06630000,0.08073000,,true
302,1,BMI,M,,301,-0.34800000,17.06230000,0.08071000,,true
303,1,BMI,M,,302,-0.34910000,17.05830000,0.08070000,,true
304,1,BMI,M,,303,-0.35020000,17.05430000,0.08069000,,true
305,1,BMI,M,,304,-0.35120000,17.05030000,0.08068000,,true
306,1,BMI,M,,305,-0.35230000,17.04630000,0.08067000,,true
307,1,BMI,M,,306,-0.35340000,17.04220000,0.08066000,,true
308,1,BMI,M,,307,-0.35440000,17.03820000,0.08065000,,true
309,1,BMI,M,,308,-0.35550000,17.03410000,0.08064000,,true
310,1,BMI,M,,309,-0.35650000,17.03010000,0.08063000,,true
311,1,BMI,M,,310,-0.35760000,17.02600000,0.08062000,,true
312,1,BMI,M,,311,-0.35860000,17.02190000,0.08061000,,true
313,1,BMI,M,,312,-0.35970000,17.01780000,0.08060000,,true
314,1,BMI,M,,313,-0.36070000,17.01380000,0.08059000,,true
315,1,BMI,M,,314,-0.36180000,17.00970000,0.08058000,,true
316,1,BMI,M,,315,-0.36280000,17.00560000,0.08057000,,true
317,1,BMI,M,,316,-0.36380000,17.00150000,0.08056000,,true
318,1,BMI,M,,317,-0.36490000,16.99740000,0.08055000,,true
319,1,BMI,M,,318,-0.36590000,16.99330000,0.08054000,,true
320,1,BMI,M,,319,-0.36690000,16.98920000,0.08053000,,true
321,1,BMI,M,,320,-0.36790000,16.98500000,0.08052000,,true
322,1,BMI,M,,321,-0.36900000,16.98090000,0.08051000,,true
323,1,BMI,M,,322,-0.37000000,16.97680000,0.08050000,,true
324,1,BMI,M,,323,-0.37100000,16.97270000,0.08049000,,true
325,1,BMI,M,,324,-0.37200000,16.96860000,0.08048000,,true
326,1,BMI,M,,325,-0.37300000,16.96440000,0.08047000,,true
327,1,BMI,M,,326,-0.37400000,16.96030000,0.08046000,,true
328,1,BMI,M,,327,-0.37500000,16.95620000,0.08045000,,true
329,1,BMI,M,,328,-0.37600000,16.95210000,0.08044000,,true
330,1,BMI,M,,329,-0.37700000,16.94790000,0.08043000,,true
331,1,BMI,M,,330,-0.37800000,16.94380000,0.08042000,,true
332,1,BMI,M,,331,-0.37900000,16.93970000,0.08041000,,true
333,1,BMI,M,,332,-0.38000000,16.93550000,0.08040000,,true
334,1,BMI,M,,333,-0.38100000,16.93140000,0.08039000,,true
335,1,BMI,M,,334,-0.38200000,16.92730000,0.08038000,,true
336,1,BMI,M,,335,-0.38300000,16.92310000,0.08037000,,true
337,1,BMI,M,,336,-0.38390000,16.91900000,0.08036000,,true
338,1,BMI,M,,337,-0.38490000,16.91480000,0.08035000,,true
339,1,BMI,M,,338,-0.38590000,16.91070000,0.08034000,,true
340,1,BMI,M,,339,-0.38690000,16.90660000,0.08033000,,true
341,1,BMI,M,,340,-0.38780000,16.90240000,0.08032000,,true
342,1,BMI,M,,341,-0.38880000,16.89830000,0.08031000,,true
343,1,BMI,M,,342,-0.38980000,16.89420000,0.08030000,,true
344,1,BMI,M,,343,-0.39070000,16.89000000,0.08029000,,true
345,1,BMI,M,,344,-0.39170000,16.88590000,0.08028000,,true
346,1,BMI,M,,345,-0.39260000,16.88170000,0.08027000,,true
347,1,BMI,M,,346,-0.39360000,16.87760000,0.08026000,,true
348,1,BMI,M,,347,-0.39450000,16.87350000,0.08025000,,true
349,1,BMI,M,,348,-0.39550000,16.86930000,0.08024000,,true
350,1,BMI,M,,349,-0.39640000,16.86520000,0.08023000,,true
351,1,BMI,M,,350,-0.39740000,16.86100000,0.08022000,,true
352,1,BMI,M,,351,-0.39830000,16.85690000,0.08022000,,true
353,1,BMI,M,,352,-0.39930000,16.85280000,0.08021000,,true
354,1,BMI,M,,353,-0.40020000,16.84860000,0.08020000,,true
355,1,BMI,M,,354,-0.40110000,16.84450000,0.08019000,,true
356,1,BMI,M,,355,-0.40210000,16.84040000,0.08018000,,true
357,1,BMI,M,,356,-0.40300000,16.83630000,0.08017000,,true
358,1,BMI,M,,357,-0.40390000,16.83210000,0.08016000,,true
359,1,BMI,M,,358,-0.40490000,16.82800000,0.08015000,,true
360,1,BMI,M,,359,-0.40580000,16.82390000,0.08014000,,true
361,1,BMI,M,,360,-0.40670000,16.81980000,0.08013000,,true
362,1,BMI,M,,361,-0.40760000,16.81560000,0.08012000,,true
363,1,BMI,M,,362,-0.40850000,16.81150000,0.08011000,,true
364,1,BMI,M,,363,-0.40950000,16.80740000,0.08011000,,true
365,1,BMI,M,,364,-0.41040000,16.80330000,0.08010000,,true
366,1,BMI,M,,365,-0.41130000,16.79920000,0.08009000,,true
367,1,BMI,M,,366,-0.41220000,16.79510000,0.08008000,,true
368,1,BMI,M,,367,-0.41310000,16.79090000,0.08007000,,true
369,1,BMI,M,,368,-0.41400000,16.78680000,0.08006000,,true
370,1,BMI,M,,369,-0.41490000,16.78270000,0.08005000,,true
371,1,BMI,M,,370,-0.41580000,16.77860000,0.08004000,,true
372,1,BMI,M,,371,-0.41670000,16.77450000,0.08003000,,true
373,1,BMI,M,,372,-0.41760000,16.77040000,0.08003000,,true
374,1,BMI,M,,373,-0.41850000,16.76630000,0.08002000,,true
375,1,BMI,M,,374,-0.41940000,16.76220000,0.08001000,,true
376,1,BMI,M,,375,-0.42030000,16.75820000,0.08000000,,true
377,1,BMI,M,,376,-0.42110000,16.75410000,0.07999000,,true
378,1,BMI,M,,377,-0.42200000,16.75000000,0.07998000,,true
379,1,BMI,M,,378,-0.42290000,16.74590000,0.07997000,,true
380,1,BMI,M,,379,-0.42380000,16.74180000,0.07996000,,true
381,1,BMI,M,,380,-0.42470000,16.73770000,0.07996000,,true
382,1,BMI,M,,381,-0.42550000,16.73370000,0.07995000,,true
383,1,BMI,M,,382,-0.42640000,16.72960000,0.07994000,,true
384,1,BMI,M,,383,-0.42730000,16.72550000,0.07993000,,true
385,1,BMI,M,,384,-0.42820000,16.72150000,0.07992000,,true
386,1,BMI,M,,385,-0.42900000,16.71740000,0.07991000,,true
387,1,BMI,M,,386,-0.42990000,16.71340000,0.07990000,,true
388,1,BMI,M,,387,-0.43080000,16.70930000,0.07990000,,true
389,1,BMI,M,,388,-0.43160000,16.70530000,0.07989000,,true
390,1,BMI,M,,389,-0.43250000,16.70120000,0.07988000,,true
391,1,BMI,M,,390,-0.43330000,16.69720000,0.07987000,,true
392,1,BMI,M,,391,-0.43420000,16.69320000,0.07986000,,true
393,1,BMI,M,,392,-0.43500000,16.68910000,0.07985000,,true
394,1,BMI,M,,393,-0.43590000,16.68510000,0.07984000,,true
395,1,BMI,M,,394,-0.43670000,16.68110000,0.07984000,,true
396,1,BMI,M,,395,-0.43760000,16.67710000,0.07983000,,true
397,1,BMI,M,,396,-0.43840000,16.67310000,0.07982000,,true
398,1,BMI,M,,397,-0.43930000,16.66910000,0.07981000,,true
399,1,BMI,M,,398,-0.44010000,16.66510000,0.07980000,,true
400,1,BMI,M,,399,-0.44100000,16.66110000,0.07980000,,true
401,1,BMI,M,,400,-0.44180000,16.65710000,0.07979000,,true
402,1,BMI,M,,401,-0.44260000,16.65310000,0.07978000,,true
403,1,BMI,M,,402,-0.44350000,16.64910000,0.07977000,,true
404,1,BMI,M,,403,-0.44430000,16.64510000,0.07976000,,true
405,1,BMI,M,,404,-0.44510000,16.64120000,0.07975000,,true
406,1,BMI,M,,405,-0.44600000,16.63720000,0.07975000,,true
407,1,BMI,M,,406,-0.44680000,16.63320000,0.07974000,,true
408,1,BMI,M,,407,-0.44760000,16.62930000,0.07973000,,true
409,1,BMI,M,,408,-0.44840000,16.62530000,0.07972000,,true
410,1,BMI,M,,409,-0.44930000,16.62140000,0.07971000,,true
411,1,BMI,M,,410,-0.45010000,16.61750000,0.07971000,,true
412,1,BMI,M,,411,-0.45090000,16.61350000,0.07970000,,true
413,1,BMI,M,,412,-0.45170000,16.60960000,0.07969000,,true
414,1,BMI,M,,413,-0.45250000,16.60570000,0.07968000,,true
415,1,BMI,M,,414,-0.45330000,16.60180000,0.07967000,,true
416,1,BMI,M,,415,-0.45410000,16.59790000,0.07966000,,true
417,1,BMI,M,,416,-0.45500000,16.59400000,0.07966000,,true
418,1,BMI,M,,417,-0.45580000,16.59010000,0.07965000,,true
419,1,BMI,M,,418,-0.45660000,16.58620000,0.07964000,,true
420,1,BMI,M,,419,-0.45740000,16.58230000,0.07963000,,true
421,1,BMI,M,,420,-0.45820000,16.57840000,0.07963000,,true
422,1,BMI,M,,421,-0.45900000,16.57450000,0.07962000,,true
423,1,BMI,M,,422,-0.45980000,16.57070000,0.07961000,,true
424,1,BMI,M,,423,-0.46060000,16.56680000,0.07960000,,true
425,1,BMI,M,,424,-0.46140000,16.56290000,0.07959000,,true
426,1,BMI,M,,425,-0.46210000,16.55910000,0.07959000,,true
427,1,BMI,M,,426,-0.46290000,16.55530000,0.07958000,,true
428,1,BMI,M,,427,-0.46370000,16.55140000,0.07957000,,true
429,1,BMI,M,,428,-0.46450000,16.54760000,0.07956000,,true
430,1,BMI,M,,429,-0.46530000,16.54380000,0.07955000,,true
431,1,BMI,M,,430,-0.46610000,16.53990000,0.07955000,,true
432,1,BMI,M,,431,-0.46690000,16.53610000,0.07954000,,true
433,1,BMI,M,,432,-0.46770000,16.53230000,0.07953000,,true
434,1,BMI,M,,433,-0.46840000,16.52850000,0.07952000,,true
435,1,BMI,M,,434,-0.46920000,16.52470000,0.07952000,,true
436,1,BMI,M,,435,-0.47000000,16.52090000,0.07951000,,true
437,1,BMI,M,,436,-0.47080000,16.51720000,0.07950000,,true
438,1,BMI,M,,437,-0.47150000,16.51340000,0.07949000,,true
439,1,BMI,M,,438,-0.47230000,16.50960000,0.07949000,,true
440,1,BMI,M,,439,-0.47310000,16.50590000,0.07948000,,true
441,1,BMI,M,,440,-0.47380000,16.50210000,0.07947000,,true
442,1,BMI,M,,441,-0.47460000,16.49840000,0.07946000,,true
443,1,BMI,M,,442,-0.47540000,16.49460000,0.07946000,,true
444,1,BMI,M,,443,-0.47610000,16.49090000,0.07945000,,true
445,1,BMI,M,,444,-0.47690000,16.48710000,0.07944000,,true
446,1,BMI,M,,445,-0.47770000,16.48340000,0.07943000,,true
447,1,BMI,M,,446,-0.47840000,16.47970000,0.07943000,,true
448,1,BMI,M,,447,-0.47920000,16.47600000,0.07942000,,true
449,1,BMI,M,,448,-0.47990000,16.47230000,0.07941000,,true
450,1,BMI,M,,449,-0.48070000,16.46860000,0.07940000,,true
451,1,BMI,M,,450,-0.48140000,16.46490000,0.07940000,,true
452,1,BMI,M,,451,-0.48220000,16.46120000,0.07939000,,true
453,1,BMI,M,,452,-0.48290000,16.45760000,0.07938000,,true
454,1,BMI,M,,453,-0.48370000,16.45390000,0.07937000,,true
455,1,BMI,M,,454,-0.48440000,16.45020000,0.07937000,,true
456,1,BMI,M,,455,-0.48520000,16.44660000,0.07936000,,true
457,1,BMI,M,,456,-0.48590000,16.44290000,0.07935000,,true
458,1,BMI,M,,457,-0.48670000,16.43930000,0.07934000,,true
459,1,BMI,M,,458,-0.48740000,16.43570000,0.07934000,,true
460,1,BMI,M,,459,-0.48810000,16.43200000,0.07933000,,true
461,1,BMI,M,,460,-0.48890000,16.42840000,0.07932000,,true
462,1,BMI,M,,461,-0.48960000,16.42480000,0.07931000,,true
463,1,BMI,M,,462,-0.49030000,16.42120000,0.07931000,,true
464,1,BMI,M,,463,-0.49110000,16.41760000,0.07930000,,true
465,1,BMI,M,,464,-0.49180000,16.41400000,0.07929000,,true
466,1,BMI,M,,465,-0.49250000,16.41040000,0.07929000,,true
467,1,BMI,M,,466,-0.49330000,16.40690000,0.07928000,,true
468,1,BMI,M,,467,-0.49400000,16.40330000,0.07927000,,true
469,1,BMI,M,,468,-0.49470000,16.39970000,0.07926000,,true
470,1,BMI,M,,469,-0.49540000,16.39620000,0.07926000,,true
471,1,BMI,M,,470,-0.49620000,16.39260000,0.07925000,,true
472,1,BMI,M,,471,-0.49690000,16.38910000,0.07924000,,true
473,1,BMI,M,,472,-0.49760000,16.38560000,0.07924000,,true
474,1,BMI,M,,473,-0.49830000,16.38210000,0.07923000,,true
475,1,BMI,M,,474,-0.49900000,16.37850000,0.07922000,,true
476,1,BMI,M,,475,-0.49970000,16.37500000,0.07921000,,true
477,1,BMI,M,,476,-0.50050000,16.37150000,0.07921000,,true
478,1,BMI,M,,477,-0.50120000,16.36800000,0.07920000,,true
479,1,BMI,M,,478,-0.50190000,16.36460000,0.07919000,,true
480,1,BMI,M,,479,-0.50260000,16.36110000,0.07919000,,true
481,1,BMI,M,,480,-0.50330000,16.35760000,0.07918000,,true
482,1,BMI,M,,481,-0.50400000,16.35410000,0.07917000,,true
483,1,BMI,M,,482,-0.50470000,16.35070000,0.07916000,,true
484,1,BMI,M,,483,-0.50540000,16.34720000,0.07916000,,true
485,1,BMI,M,,484,-0.50610000,16.34380000,0.07915000,,true
486,1,BMI,M,,485,-0.50680000,16.34040000,0.07914000,,true
487,1,BMI,M,,486,-0.50750000,16.33690000,0.07914000,,true
488,1,BMI,M,,487,-0.50820000,16.33350000,0.07913000,,true
489,1,BMI,M,,488,-0.50890000,16.33010000,0.07912000,,true
490,1,BMI,M,,489,-0.50960000,16.32670000,0.07912000,,true
491,1,BMI,M,,490,-0.51030000,16.32330000,0.07911000,,true
492,1,BMI,M,,491,-0.51100000,16.31990000,0.07910000,,true
493,1,BMI,M,,492,-0.51170000,16.31650000,0.07909000,,true
494,1,BMI,M,,493,-0.51240000,16.31310000,0.07909000,,true
495,1,BMI,M,,494,-0.51310000,16.30980000,0.07908000,,true
496,1,BMI,M,,495,-0.51380000,16.30640000,0.07907000,,true
497,1,BMI,M,,496,-0.51440000,16.30310000,0.07907000,,true
498,1,BMI,M,,497,-0.51510000,16.29970000,0.07906000,,true
499,1,BMI,M,,498,-0.51580000,16.29640000,0.07905000,,true
500,1,BMI,M,,499,-0.51650000,16.29300000,0.07905000,,true
501,1,BMI,M,,500,-0.51720000,16.28970000,0.07904000,,true
502,1,BMI,M,,501,-0.51790000,16.28640000,0.07903000,,true
503,1,BMI,M,,502,-0.51850000,16.28310000,0.07903000,,true
504,1,BMI,M,,503,-0.51920000,16.27980000,0.07902000,,true
505,1,BMI,M,,504,-0.51990000,16.27650000,0.07901000,,true
506,1,BMI,M,,505,-0.52060000,16.27320000,0.07901000,,true
507,1,BMI,M,,506,-0.52120000,16.26990000,0.07900000,,true
508,1,BMI,M,,507,-0.52190000,16.26660000,0.07899000,,true
509,1,BMI,M,,508,-0.52260000,16.26340000,0.07899000,,true
510,1,BMI,M,,509,-0.52330000,16.26010000,0.07898000,,true
511,1,BMI,M,,510,-0.52390000,16.25680000,0.07897000,,true
512,1,BMI,M,,511,-0.52460000,16.25360000,0.07897000,,true
513,1,BMI,M,,512,-0.52530000,16.25040000,0.07896000,,true
514,1,BMI,M,,513,-0.52590000,16.24710000,0.07895000,,true
515,1,BMI,M,,514,-0.52660000,16.24390000,0.07895000,,true
516,1,BMI,M,,515,-0.52730000,16.24070000,0.07894000,,true
517,1,BMI,M,,516,-0.52790000,16.23750000,0.07893000,,true
518,1,BMI,M,,517,-0.52860000,16.23430000,0.07893000,,true
519,1,BMI,M,,518,-0.52920000,16.23110000,0.07892000,,true
520,1,BMI,M,,519,-0.52990000,16.22790000,0.07891000,,true
521,1,BMI,M,,520,-0.53060000,16.22470000,0.07891000,,true
522,1,BMI,M,,521,-0.53120000,16.22150000,0.07890000,,true
523,1,BMI,M,,522,-0.53190000,16.21840000,0.07889000,,true
524,1,BMI,M,,523,-0.53250000,16.21520000,0.07889000,,true
525,1,BMI,M,,524,-0.53320000,16.21210000,0.07888000,,true
526,1,BMI,M,,525,-0.53380000,16.20890000,0.07887000,,true
527,1,BMI,M,,526,-0.53450000,16.20580000,0.07887000,,true
528,1,BMI,M,,527,-0.53510000,16.20270000,0.07886000,,true
529,1,BMI,M,,528,-0.53580000,16.19960000,0.07885000,,true
530,1,BMI,M,,529,-0.53640000,16.19640000,0.07885000,,true
531,1,BMI,M,,530,-0.53710000,16.19330000,0.07884000,,true
532,1,BMI,M,,531,-0.53770000,16.19020000,0.07883000,,true
533,1,BMI,M,,532,-0.53830000,16.18720000,0.07883000,,true
534,1,BMI,M,,533,-0.53900000,16.18410000,0.07882000,,true
535,1,BMI,M,,534,-0.53960000,16.18100000,0.07881000,,true
536,1,BMI,M,,535,-0.54030000,16.17790000,0.07881000,,true
537,1,BMI,M,,536,-0.54090000,16.17490000,0.07880000,,true
538,1,BMI,M,,537,-0.54150000,16.17180000,0.07880000,,true
539,1,BMI,M,,538,-0.54220000,16.16880000,0.07879000,,true
540,1,BMI,M,,539,-0.54280000,16.16580000,0.07878000,,true
541,1,BMI,M,,540,-0.54340000,16.16270000,0.07878000,,true
542,1,BMI,M,,541,-0.54410000,16.15970000,0.07877000,,true
543,1,BMI,M,,542,-0.54470000,16.15670000,0.07876000,,true
544,1,BMI,M,,543,-0.54530000,16.15370000,0.07876000,,true
545,1,BMI,M,,544,-0.54600000,16.15070000,0.07875000,,true
546,1,BMI,M,,545,-0.54660000,16.14770000,0.07874000,,true
547,1,BMI,M,,546,-0.54720000,16.14470000,0.07874000,,true
548,1,BMI,M,,547,-0.54790000,16.14180000,0.07873000,,true
549,1,BMI,M,,548,-0.54850000,16.13880000,0.07873000,,true
550,1,BMI,M,,549,-0.54910000,16.13590000,0.07872000,,true
551,1,BMI,M,,550,-0.54970000,16.13290000,0.07871000,,true
552,1,BMI,M,,551,-0.55030000,16.13000000,0.07871000,,true
553,1,BMI,M,,552,-0.55100000,16.12700000,0.07870000,,true
554,1,BMI,M,,553,-0.55160000,16.12410000,0.07869000,,true
555,1,BMI,M,,554,-0.55220000,16.12120000,0.07869000,,true
556,1,BMI,M,,555,-0.55280000,16.11830000,0.07868000,,true
557,1,BMI,M,,556,-0.55340000,16.11540000,0.07867000,,true
558,1,BMI,M,,557,-0.55410000,16.11250000,0.07867000,,true
559,1,BMI,M,,558,-0.55470000,16.10960000,0.07866000,,true
560,1,BMI,M,,559,-0.55530000,16.10670000,0.07866000,,true
561,1,BMI,M,,560,-0.55590000,16.10390000,0.07865000,,true
562,1,BMI,M,,561,-0.55650000,16.10100000,0.07864000,,true
563,1,BMI,M,,562,-0.55710000,16.09810000,0.07864000,,true
564,1,BMI,M,,563,-0.55770000,16.09530000,0.07863000,,true
565,1,BMI,M,,564,-0.55830000,16.09250000,0.07863000,,true
566,1,BMI,M,,565,-0.55890000,16.08960000,0.07862000,,true
567,1,BMI,M,,566,-0.55950000,16.08680000,0.07861000,,true
568,1,BMI,M,,567,-0.56020000,16.08400000,0.07861000,,true
569,1,BMI,M,,568,-0.56080000,16.08120000,0.07860000,,true
570,1,BMI,M,,569,-0.56140000,16.07840000,0.07859000,,true
571,1,BMI,M,,570,-0.56200000,16.07560000,0.07859000,,true
572,1,BMI,M,,571,-0.56260000,16.07280000,0.07858000,,true
573,1,BMI,M,,572,-0.56320000,16.07010000,0.07858000,,true
574,1,BMI,M,,573,-0.56380000,16.06730000,0.07857000,,true
575,1,BMI,M,,574,-0.56440000,16.06460000,0.07856000,,true
576,1,BMI,M,,575,-0.56500000,16.06180000,0.07856000,,true
577,1,BMI,M,,576,-0.56560000,16.05910000,0.07855000,,true
578,1,BMI,M,,577,-0.56620000,16.05640000,0.07855000,,true
579,1,BMI,M,,578,-0.56670000,16.05360000,0.07854000,,true
580,1,BMI,M,,579,-0.56730000,16.05090000,0.07853000,,true
581,1,BMI,M,,580,-0.56790000,16.04820000,0.07853000,,true
582,1,BMI,M,,581,-0.56850000,16.04550000,0.07852000,,true
583,1,BMI,M,,582,-0.56910000,16.04290000,0.07852000,,true
584,1,BMI,M,,583,-0.56970000,16.04020000,0.07851000,,true
585,1,BMI,M,,584,-0.57030000,16.03750000,0.07850000,,true
586,1,BMI,M,,585,-0.57090000,16.03490000,0.07850000,,true
587,1,BMI,M,,586,-0.57150000,16.03220000,0.07849000,,true
588,1,BMI,M,,587,-0.57210000,16.02960000,0.07849000,,true
589,1,BMI,M,,588,-0.57260000,16.02690000,0.07848000,,true
590,1,BMI,M,,589,-0.57320000,16.02430000,0.07847000,,true
591,1,BMI,M,,590,-0.57380000,16.02170000,0.07847000,,true
592,1,BMI,M,,591,-0.57440000,16.01910000,0.07846000,,true
593,1,BMI,M,,592,-0.57500000,16.01650000,0.07846000,,true
594,1,BMI,M,,593,-0.57550000,16.01390000,0.07845000,,true
595,1,BMI,M,,594,-0.57610000,16.01130000,0.07844000,,true
596,1,BMI,M,,595,-0.57670000,16.00880000,0.07844000,,true
597,1,BMI,M,,596,-0.57730000,16.00620000,0.07843000,,true
598,1,BMI,M,,597,-0.57790000,16.00360000,0.07843000,,true
599,1,BMI,M,,598,-0.57840000,16.00110000,0.07842000,,true
600,1,BMI,M,,599,-0.57900000,15.99860000,0.07841000,,true
601,1,BMI,M,,600,-0.57960000,15.99600000,0.07841000,,true
602,1,BMI,M,,601,-0.58020000,15.99350000,0.07840000,,true
603,1,BMI,M,,602,-0.58070000,15.99100000,0.07840000,,true
604,1,BMI,M,,603,-0.58130000,15.98850000,0.07839000,,true
605,1,BMI,M,,604,-0.58190000,15.98600000,0.07838000,,true
606,1,BMI,M,,605,-0.58240000,15.98350000,0.07838000,,true
607,1,BMI,M,,606,-0.58300000,15.98110000,0.07837000,,true
608,1,BMI,M,,607,-0.58360000,15.97860000,0.07837000,,true
609,1,BMI,M,,608,-0.58410000,15.97610000,0.07836000,,true
610,1,BMI,M,,609,-0.58470000,15.97370000,0.07836000,,true
611,1,BMI,M,,610,-0.58530000,15.97130000,0.07835000,,true
612,1,BMI,M,,611,-0.58580000,15.96880000,0.07834000,,true
613,1,BMI,M,,612,-0.58640000,15.96640000,0.07834000,,true
614,1,BMI,M,,613,-0.58700000,15.96400000,0.07833000,,true
615,1,BMI,M,,614,-0.58750000,15.96160000,0.07833000,,true
616,1,BMI,M,,615,-0.58810000,15.95920000,0.07832000,,true
617,1,BMI,M,,616,-0.58860000,15.95680000,0.07832000,,true
618,1,BMI,M,,617,-0.58920000,15.95440000,0.07831000,,true
619,1,BMI,M,,618,-0.58980000,15.95210000,0.07830000,,true
620,1,BMI,M,,619,-0.59030000,15.94970000,0.07830000,,true
621,1,BMI,M,,620,-0.59090000,15.94730000,0.07829000,,true
622,1,BMI,M,,621,-0.59140000,15.94500000,0.07829000,,true
623,1,BMI,M,,622,-0.59200000,15.94270000,0.07828000,,true
624,1,BMI,M,,623,-0.59250000,15.94030000,0.07827000,,true
625,1,BMI,M,,624,-0.59310000,15.93800000,0.07827000,,true
626,1,BMI,M,,625,-0.59360000,15.93570000,0.07826000,,true
627,1,BMI,M,,626,-0.59420000,15.93340000,0.07826000,,true
628,1,BMI,M,,627,-0.59470000,15.93110000,0.07825000,,true
629,1,BMI,M,,628,-0.59530000,15.92880000,0.07825000,,true
630,1,BMI,M,,629,-0.59580000,15.92660000,0.07824000,,true
631,1,BMI,M,,630,-0.59640000,15.92430000,0.07824000,,true
632,1,BMI,M,,631,-0.59690000,15.92200000,0.07823000,,true
633,1,BMI,M,,632,-0.59750000,15.91980000,0.07822000,,true
634,1,BMI,M,,633,-0.59800000,15.91760000,0.07822000,,true
635,1,BMI,M,,634,-0.59860000,15.91530000,0.07821000,,true
636,1,BMI,M,,635,-0.59910000,15.91310000,0.07821000,,true
637,1,BMI,M,,636,-0.59960000,15.91090000,0.07820000,,true
638,1,BMI,M,,637,-0.60020000,15.90870000,0.07820000,,true
639,1,BMI,M,,638,-0.60070000,15.90650000,0.07819000,,true
640,1,BMI,M,,639,-0.60130000,15.90430000,0.07818000,,true
641,1,BMI,M,,640,-0.60180000,15.90210000,0.07818000,,true
642,1,BMI,M,,641,-0.60230000,15.90000000,0.07817000,,true
643,1,BMI,M,,642,-0.60290000,15.89780000,0.07817000,,true
644,1,BMI,M,,643,-0.60340000,15.89560000,0.07816000,,true
645,1,BMI,M,,644,-0.60400000,15.89350000,0.07816000,,true
646,1,BMI,M,,645,-0.60450000,15.89130000,0.07815000,,true
647,1,BMI,M,,646,-0.60500000,15.88920000,0.07815000,,true
648,1,BMI,M,,647,-0.60560000,15.88710000,0.07814000,,true
649,1,BMI,M,,648,-0.60610000,15.88500000,0.07813000,,true
650,1,BMI,M,,649,-0.60660000,15.88290000,0.07813000,,true
651,1,BMI,M,,650,-0.60720000,15.88080000,0.07812000,,true
652,1,BMI,M,,651,-0.60770000,15.87870000,0.07812000,,true
653,1,BMI,M,,652,-0.60820000,15.87660000,0.07811000,,true
654,1,BMI,M,,653,-0.60870000,15.87450000,0.07811000,,true
655,1,BMI,M,,654,-0.60930000,15.87250000,0.07810000,,true
656,1,BMI,M,,655,-0.60980000,15.87040000,0.07810000,,true
657,1,BMI,M,,656,-0.61030000,15.86840000,0.07809000,,true
658,1,BMI,M,,657,-0.61090000,15.86630000,0.07809000,,true
659,1,BMI,M,,658,-0.61140000,15.86430000,0.07808000,,true
660,1,BMI,M,,659,-0.61190000,15.86230000,0.07807000,,true
661,1,BMI,M,,660,-0.61240000,15.86020000,0.07807000,,true
662,1,BMI,M,,661,-0.61300000,15.85820000,0.07806000,,true
663,1,BMI,M,,662,-0.61350000,15.85620000,0.07806000,,true
664,1,BMI,M,,663,-0.61400000,15.85420000,0.07805000,,true
665,1,BMI,M,,664,-0.61450000,15.85220000,0.07805000,,true
666,1,BMI,M,,665,-0.61500000,15.85030000,0.07804000,,true
667,1,BMI,M,,666,-0.61560000,15.84830000,0.07804000,,true
668,1,BMI,M,,667,-0.61610000,15.84630000,0.07803000,,true
669,1,BMI,M,,668,-0.61660000,15.84440000,0.07803000,,true
670,1,BMI,M,,669,-0.61710000,15.84240000,0.07802000,,true
671,1,BMI,M,,670,-0.61760000,15.84050000,0.07802000,,true
672,1,BMI,M,,671,-0.61810000,15.83850000,0.07801000,,true
673,1,BMI,M,,672,-0.61870000,15.83660000,0.07800000,,true
674,1,BMI,M,,673,-0.61920000,15.83470000,0.07800000,,true
675,1,BMI,M,,674,-0.61970000,15.83280000,0.07799000,,true
676,1,BMI,M,,675,-0.62020000,15.83090000,0.07799000,,true
677,1,BMI,M,,676,-0.62070000,15.82900000,0.07798000,,true
678,1,BMI,M,,677,-0.62120000,15.82710000,0.07798000,,true
679,1,BMI,M,,678,-0.62170000,15.82520000,0.07797000,,true
680,1,BMI,M,,679,-0.62220000,15.82330000,0.07797000,,true
681,1,BMI,M,,680,-0.62270000,15.82140000,0.07796000,,true
682,1,BMI,M,,681,-0.62330000,15.81960000,0.07796000,,true
683,1,BMI,M,,682,-0.62380000,15.81770000,0.07795000,,true
684,1,BMI,M,,683,-0.62430000,15.81580000,0.07795000,,true
685,1,BMI,M,,684,-0.62480000,15.81400000,0.07794000,,true
686,1,BMI,M,,685,-0.62530000,15.81220000,0.07794000,,true
687,1,BMI,M,,686,-0.62580000,15.81030000,0.07793000,,true
688,1,BMI,M,,687,-0.62630000,15.80850000,0.07792000,,true
689,1,BMI,M,,688,-0.62680000,15.80670000,0.07792000,,true
690,1,BMI,M,,689,-0.62730000,15.80490000,0.07791000,,true
691,1,BMI,M,,690,-0.62780000,15.80310000,0.07791000,,true
692,1,BMI,M,,691,-0.62830000,15.80130000,0.07790000,,true
693,1,BMI,M,,692,-0.62880000,15.79950000,0.07790000,,true
694,1,BMI,M,,693,-0.62930000,15.79770000,0.07789000,,true
695,1,BMI,M,,694,-0.62980000,15.79590000,0.07789000,,true
696,1,BMI,M,,695,-0.63030000,15.79410000,0.07788000,,true
697,1,BMI,M,,696,-0.63080000,15.79240000,0.07788000,,true
698,1,BMI,M,,697,-0.63130000,15.79060000,0.07787000,,true
699,1,BMI,M,,698,-0.63180000,15.78880000,0.07787000,,true
700,1,BMI,M,,699,-0.63230000,15.78710000,0.07786000,,true
701,1,BMI,M,,700,-0.63280000,15.78530000,0.07786000,,true
702,1,BMI,M,,701,-0.63330000,15.78360000,0.07785000,,true
703,1,BMI,M,,702,-0.63380000,15.78190000,0.07785000,,true
704,1,BMI,M,,703,-0.63430000,15.78020000,0.07784000,,true
705,1,BMI,M,,704,-0.63480000,15.77840000,0.07784000,,true
706,1,BMI,M,,705,-0.63520000,15.77670000,0.07783000,,true
707,1,BMI,M,,706,-0.63570000,15.77500000,0.07783000,,true
708,1,BMI,M,,707,-0.63620000,15.77330000,0.07782000,,true
709,1,BMI,M,,708,-0.63670000,15.77160000,0.07782000,,true
710,1,BMI,M,,709,-0.63720000,15.76990000,0.07781000,,true
711,1,BMI,M,,710,-0.63770000,15.76820000,0.07781000,,true
712,1,BMI,M,,711,-0.63820000,15.76650000,0.07780000,,true
713,1,BMI,M,,712,-0.63870000,15.76490000,0.07780000,,true
714,1,BMI,M,,713,-0.63920000,15.76320000,0.07779000,,true
715,1,BMI,M,,714,-0.63960000,15.76150000,0.07779000,,true
716,1,BMI,M,,715,-0.64010000,15.75990000,0.07778000,,true
717,1,BMI,M,,716,-0.64060000,15.75820000,0.07778000,,true
718,1,BMI,M,,717,-0.64110000,15.75660000,0.07777000,,true
719,1,BMI,M,,718,-0.64160000,15.75490000,0.07777000,,true
720,1,BMI,M,,719,-0.64210000,15.75330000,0.07776000,,true
721,1,BMI,M,,720,-0.64250000,15.75170000,0.07776000,,true
722,1,BMI,M,,721,-0.64300000,15.75000000,0.07775000,,true
723,1,BMI,M,,722,-0.64350000,15.74840000,0.07775000,,true
724,1,BMI,M,,723,-0.64400000,15.74680000,0.07774000,,true
725,1,BMI,M,,724,-0.64450000,15.74520000,0.07774000,,true
726,1,BMI,M,,725,-0.64490000,15.74360000,0.07773000,,true
727,1,BMI,M,,726,-0.64540000,15.74200000,0.07773000,,true
728,1,BMI,M,,727,-0.64590000,15.74040000,0.07772000,,true
729,1,BMI,M,,728,-0.64640000,15.73880000,0.07772000,,true
730,1,BMI,M,,729,-0.64690000,15.73720000,0.07771000,,true
731,1,BMI,M,,730,-0.64730000,15.73560000,0.07771000,,true
732,1,BMI,M,,731,-0.61870000,16.01890000,0.07785000,,true
733,1,BMI,M,,732,-0.61750000,16.01760000,0.07785000,,true
734,1,BMI,M,,733,-0.61640000,16.01630000,0.07785000,,true
735,1,BMI,M,,734,-0.61520000,16.01500000,0.07785000,,true
736,1,BMI,M,,735,-0.61400000,16.01360000,0.07786000,,true
737,1,BMI,M,,736,-0.61290000,16.01230000,0.07786000,,true
738,1,BMI,M,,737,-0.61170000,16.01100000,0.07786000,,true
739,1,BMI,M,,738,-0.61050000,16.00970000,0.07786000,,true
740,1,BMI,M,,739,-0.60940000,16.00840000,0.07787000,,true
741,1,BMI,M,,740,-0.60820000,16.00710000,0.07787000,,true
742,1,BMI,M,,741,-0.60700000,16.00580000,0.07787000,,true
743,1,BMI,M,,742,-0.60590000,16.00450000,0.07787000,,true
744,1,BMI,M,,743,-0.60470000,16.00320000,0.07787000,,true
745,1,BMI,M,,744,-0.60360000,16.00190000,0.07788000,,true
746,1,BMI,M,,745,-0.60240000,16.00060000,0.07788000,,true
747,1,BMI,M,,746,-0.60120000,15.99930000,0.07788000,,true
748,1,BMI,M,,747,-0.60010000,15.99800000,0.07788000,,true
749,1,BMI,M,,748,-0.59890000,15.99670000,0.07789000,,true
750,1,BMI,M,,749,-0.59780000,15.99540000,0.07789000,,true
751,1,BMI,M,,750,-0.59660000,15.99410000,0.07789000,,true
752,1,BMI,M,,751,-0.59550000,15.99280000,0.07789000,,true
753,1,BMI,M,,752,-0.59430000,15.99150000,0.07789000,,true
754,1,BMI,M,,753,-0.59320000,15.99020000,0.07790000,,true
755,1,BMI,M,,754,-0.59200000,15.98890000,0.07790000,,true
756,1,BMI,M,,755,-0.59090000,15.98760000,0.07790000,,true
757,1,BMI,M,,756,-0.58970000,15.98630000,0.07790000,,true
758,1,BMI,M,,757,-0.58860000,15.98500000,0.07791000,,true
759,1,BMI,M,,758,-0.58740000,15.98380000,0.07791000,,true
760,1,BMI,M,,759,-0.58630000,15.98250000,0.07791000,,true
761,1,BMI,M,,760,-0.58510000,15.98120000,0.07791000,,true
762,1,BMI,M,,761,-0.58400000,15.97990000,0.07792000,,true
763,1,BMI,M,,762,-0.58280000,15.97860000,0.07792000,,true
764,1,BMI,M,,763,-0.58170000,15.97730000,0.07792000,,true
765,1,BMI,M,,764,-0.58050000,15.97600000,0.07792000,,true
766,1,BMI,M,,765,-0.57940000,15.97480000,0.07793000,,true
767,1,BMI,M,,766,-0.57830000,15.97350000,0.07793000,,true
768,1,BMI,M,,767,-0.57710000,15.97220000,0.07793000,,true
769,1,BMI,M,,768,-0.57600000,15.97090000,0.07793000,,true
770,1,BMI,M,,769,-0.57480000,15.96970000,0.07794000,,true
771,1,BMI,M,,770,-0.57370000,15.96840000,0.07794000,,true
772,1,BMI,M,,771,-0.57260000,15.96710000,0.07794000,,true
773,1,BMI,M,,772,-0.57140000,15.96580000,0.07794000,,true
774,1,BMI,M,,773,-0.57030000,15.96460000,0.07795000,,true
775,1,BMI,M,,774,-0.56920000,15.96330000,0.07795000,,true
776,1,BMI,M,,775,-0.56800000,15.96200000,0.07795000,,true
777,1,BMI,M,,776,-0.56690000,15.96070000,0.07795000,,true
778,1,BMI,M,,777,-0.56580000,15.95950000,0.07796000,,true
779,1,BMI,M,,778,-0.56470000,15.95820000,0.07796000,,true
780,1,BMI,M,,779,-0.56350000,15.95690000,0.07796000,,true
781,1,BMI,M,,780,-0.56240000,15.95570000,0.07796000,,true
782,1,BMI,M,,781,-0.56130000,15.95440000,0.07797000,,true
783,1,BMI,M,,782,-0.56020000,15.95320000,0.07797000,,true
784,1,BMI,M,,783,-0.55900000,15.95190000,0.07797000,,true
785,1,BMI,M,,784,-0.55790000,15.95060000,0.07798000,,true
786,1,BMI,M,,785,-0.55680000,15.94940000,0.07798000,,true
787,1,BMI,M,,786,-0.55570000,15.94810000,0.07798000,,true
788,1,BMI,M,,787,-0.55460000,15.94680000,0.07798000,,true
789,1,BMI,M,,788,-0.55350000,15.94560000,0.07799000,,true
790,1,BMI,M,,789,-0.55230000,15.94430000,0.07799000,,true
791,1,BMI,M,,790,-0.55120000,15.94310000,0.07799000,,true
792,1,BMI,M,,791,-0.55010000,15.94180000,0.07799000,,true
793,1,BMI,M,,792,-0.54900000,15.94060000,0.07800000,,true
794,1,BMI,M,,793,-0.54790000,15.93930000,0.07800000,,true
795,1,BMI,M,,794,-0.54680000,15.93810000,0.07800000,,true
796,1,BMI,M,,795,-0.54570000,15.93680000,0.07801000,,true
797,1,BMI,M,,796,-0.54460000,15.93560000,0.07801000,,true
798,1,BMI,M,,797,-0.54350000,15.93430000,0.07801000,,true
799,1,BMI,M,,798,-0.54240000,15.93310000,0.07801000,,true
800,1,BMI,M,,799,-0.54130000,15.93180000,0.07802000,,true
801,1,BMI,M,,800,-0.54020000,15.93060000,0.07802000,,true
802,1,BMI,M,,801,-0.53910000,15.92930000,0.07802000,,true
803,1,BMI,M,,802,-0.53800000,15.92810000,0.07803000,,true
804,1,BMI,M,,803,-0.53690000,15.92680000,0.07803000,,true
805,1,BMI,M,,804,-0.53580000,15.92560000,0.07803000,,true
806,1,BMI,M,,805,-0.53470000,15.92440000,0.07803000,,true
807,1,BMI,M,,806,-0.53360000,15.92310000,0.07804000,,true
808,1,BMI,M,,807,-0.53250000,15.92190000,0.07804000,,true
809,1,BMI,M,,808,-0.53150000,15.92060000,0.07804000,,true
810,1,BMI,M,,809,-0.53040000,15.91940000,0.07805000,,true
811,1,BMI,M,,810,-0.52930000,15.91820000,0.07805000,,true
812,1,BMI,M,,811,-0.52820000,15.91690000,0.07805000,,true
813,1,BMI,M,,812,-0.52710000,15.91570000,0.07805000,,true
814,1,BMI,M,,813,-0.52600000,15.91450000,0.07806000,,true
815,1,BMI,M,,814,-0.52500000,15.91320000,0.07806000,,true
816,1,BMI,M,,815,-0.52390000,15.91200000,0.07806000,,true
817,1,BMI,M,,816,-0.52280000,15.91080000,0.07807000,,true
818,1,BMI,M,,817,-0.52170000,15.90950000,0.07807000,,true
819,1,BMI,M,,818,-0.52070000,15.90830000,0.07807000,,true
820,1,BMI,M,,819,-0.51960000,15.90710000,0.07808000,,true
821,1,BMI,M,,820,-0.51850000,15.90580000,0.07808000,,true
822,1,BMI,M,,821,-0.51750000,15.90460000,0.07808000,,true
823,1,BMI,M,,822,-0.51640000,15.90340000,0.07809000,,true
824,1,BMI,M,,823,-0.51530000,15.90220000,0.07809000,,true
825,1,BMI,M,,824,-0.51430000,15.90090000,0.07809000,,true
826,1,BMI,M,,825,-0.51320000,15.89970000,0.07809000,,true
827,1,BMI,M,,826,-0.51220000,15.89850000,0.07810000,,true
828,1,BMI,M,,827,-0.51110000,15.89730000,0.07810000,,true
829,1,BMI,M,,828,-0.51010000,15.89610000,0.07810000,,true
830,1,BMI,M,,829,-0.50900000,15.89480000,0.07811000,,true
831,1,BMI,M,,830,-0.50800000,15.89360000,0.07811000,,true
832,1,BMI,M,,831,-0.50690000,15.89240000,0.07811000,,true
833,1,BMI,M,,832,-0.50590000,15.89120000,0.07812000,,true
834,1,BMI,M,,833,-0.50480000,15.89000000,0.07812000,,true
835,1,BMI,M,,834,-0.50380000,15.88880000,0.07812000,,true
836,1,BMI,M,,835,-0.50270000,15.88750000,0.07813000,,true
837,1,BMI,M,,836,-0.50170000,15.88630000,0.07813000,,true
838,1,BMI,M,,837,-0.50060000,15.88510000,0.07813000,,true
839,1,BMI,M,,838,-0.49960000,15.88390000,0.07814000,,true
840,1,BMI,M,,839,-0.49860000,15.88270000,0.07814000,,true
841,1,BMI,M,,840,-0.49750000,15.88150000,0.07814000,,true
842,1,BMI,M,,841,-0.49650000,15.88030000,0.07815000,,true
843,1,BMI,M,,842,-0.49550000,15.87910000,0.07815000,,true
844,1,BMI,M,,843,-0.49440000,15.87790000,0.07815000,,true
845,1,BMI,M,,844,-0.49340000,15.87670000,0.07816000,,true
846,1,BMI,M,,845,-0.49240000,15.87550000,0.07816000,,true
847,1,BMI,M,,846,-0.49140000,15.87420000,0.07816000,,true
848,1,BMI,M,,847,-0.49040000,15.87300000,0.07817000,,true
849,1,BMI,M,,848,-0.48930000,15.87180000,0.07817000,,true
850,1,BMI,M,,849,-0.48830000,15.87060000,0.07817000,,true
851,1,BMI,M,,850,-0.48730000,15.86940000,0.07818000,,true
852,1,BMI,M,,851,-0.48630000,15.86820000,0.07818000,,true
853,1,BMI,M,,852,-0.48530000,15.86700000,0.07818000,,true
854,1,BMI,M,,853,-0.48430000,15.86580000,0.07819000,,true
855,1,BMI,M,,854,-0.48330000,15.86460000,0.07819000,,true
856,1,BMI,M,,855,-0.48230000,15.86340000,0.07819000,,true
857,1,BMI,M,,856,-0.48130000,15.86220000,0.07820000,,true
858,1,BMI,M,,857,-0.48030000,15.86110000,0.07820000,,true
859,1,BMI,M,,858,-0.47930000,15.85990000,0.07820000,,true
860,1,BMI,M,,859,-0.47830000,15.85870000,0.07821000,,true
861,1,BMI,M,,860,-0.47730000,15.85750000,0.07821000,,true
862,1,BMI,M,,861,-0.47630000,15.85630000,0.07821000,,true
863,1,BMI,M,,862,-0.47530000,15.85510000,0.07822000,,true
864,1,BMI,M,,863,-0.47430000,15.85390000,0.07822000,,true
865,1,BMI,M,,864,-0.47330000,15.85270000,0.07822000,,true
866,1,BMI,M,,865,-0.47230000,15.85150000,0.07823000,,true
867,1,BMI,M,,866,-0.47130000,15.85030000,0.07823000,,true
868,1,BMI,M,,867,-0.47040000,15.84910000,0.07824000,,true
869,1,BMI,M,,868,-0.46940000,15.84800000,0.07824000,,true
870,1,BMI,M,,869,-0.46840000,15.84680000,0.07824000,,true
871,1,BMI,M,,870,-0.46740000,15.84560000,0.07825000,,true
872,1,BMI,M,,871,-0.46650000,15.84440000,0.07825000,,true
873,1,BMI,M,,872,-0.46550000,15.84320000,0.07825000,,true
874,1,BMI,M,,873,-0.46450000,15.84200000,0.07826000,,true
875,1,BMI,M,,874,-0.46360000,15.84090000,0.07826000,,true
876,1,BMI,M,,875,-0.46260000,15.83970000,0.07826000,,true
877,1,BMI,M,,876,-0.46160000,15.83850000,0.07827000,,true
878,1,BMI,M,,877,-0.46070000,15.83730000,0.07827000,,true
879,1,BMI,M,,878,-0.45970000,15.83610000,0.07828000,,true
880,1,BMI,M,,879,-0.45870000,15.83500000,0.07828000,,true
881,1,BMI,M,,880,-0.45780000,15.83380000,0.07828000,,true
882,1,BMI,M,,881,-0.45680000,15.83260000,0.07829000,,true
883,1,BMI,M,,882,-0.45590000,15.83140000,0.07829000,,true
884,1,BMI,M,,883,-0.45490000,15.83030000,0.07829000,,true
885,1,BMI,M,,884,-0.45400000,15.82910000,0.07830000,,true
886,1,BMI,M,,885,-0.45310000,15.82790000,0.07830000,,true
887,1,BMI,M,,886,-0.45210000,15.82670000,0.07831000,,true
888,1,BMI,M,,887,-0.45120000,15.82560000,0.07831000,,true
889,1,BMI,M,,888,-0.45020000,15.82440000,0.07831000,,true
890,1,BMI,M,,889,-0.44930000,15.82320000,0.07832000,,true
891,1,BMI,M,,890,-0.44840000,15.82210000,0.07832000,,true
892,1,BMI,M,,891,-0.44740000,15.82090000,0.07832000,,true
893,1,BMI,M,,892,-0.44650000,15.81970000,0.07833000,,true
894,1,BMI,M,,893,-0.44560000,15.81860000,0.07833000,,true
895,1,BMI,M,,894,-0.44460000,15.81740000,0.07834000,,true
896,1,BMI,M,,895,-0.44370000,15.81620000,0.07834000,,true
897,1,BMI,M,,896,-0.44280000,15.81510000,0.07834000,,true
898,1,BMI,M,,897,-0.44190000,15.81390000,0.07835000,,true
899,1,BMI,M,,898,-0.44100000,15.81270000,0.07835000,,true
900,1,BMI,M,,899,-0.44010000,15.81160000,0.07835000,,true
901,1,BMI,M,,900,-0.43910000,15.81040000,0.07836000,,true
902,1,BMI,M,,901,-0.43820000,15.80930000,0.07836000,,true
903,1,BMI,M,,902,-0.43730000,15.80810000,0.07837000,,true
904,1,BMI,M,,903,-0.43640000,15.80690000,0.07837000,,true
905,1,BMI,M,,904,-0.43550000,15.80580000,0.07837000,,true
906,1,BMI,M,,905,-0.43460000,15.80460000,0.07838000,,true
907,1,BMI,M,,906,-0.43370000,15.80350000,0.07838000,,true
908,1,BMI,M,,907,-0.43280000,15.80230000,0.07839000,,true
909,1,BMI,M,,908,-0.43190000,15.80120000,0.07839000,,true
910,1,BMI,M,,909,-0.43100000,15.80000000,0.07839000,,true
911,1,BMI,M,,910,-0.43010000,15.79890000,0.07840000,,true
912,1,BMI,M,,911,-0.42930000,15.79770000,0.07840000,,true
913,1,BMI,M,,912,-0.42840000,15.79660000,0.07841000,,true
914,1,BMI,M,,913,-0.42750000,15.79540000,0.07841000,,true
915,1,BMI,M,,914,-0.42660000,15.79430000,0.07841000,,true
916,1,BMI,M,,915,-0.42570000,15.79310000,0.07842000,,true
917,1,BMI,M,,916,-0.42490000,15.79200000,0.07842000,,true
918,1,BMI,M,,917,-0.42400000,15.79080000,0.07843000,,true
919,1,BMI,M,,918,-0.42310000,15.78970000,0.07843000,,true
920,1,BMI,M,,919,-0.42220000,15.78850000,0.07843000,,true
921,1,BMI,M,,920,-0.42140000,15.78740000,0.07844000,,true
922,1,BMI,M,,921,-0.42050000,15.78620000,0.07844000,,true
923,1,BMI,M,,922,-0.41960000,15.78510000,0.07845000,,true
924,1,BMI,M,,923,-0.41880000,15.78390000,0.07845000,,true
925,1,BMI,M,,924,-0.41790000,15.78280000,0.07845000,,true
926,1,BMI,M,,925,-0.41710000,15.78170000,0.07846000,,true
927,1,BMI,M,,926,-0.41620000,15.78050000,0.07846000,,true
928,1,BMI,M,,927,-0.41540000,15.77940000,0.07847000,,true
929,1,BMI,M,,928,-0.41450000,15.77820000,0.07847000,,true
930,1,BMI,M,,929,-0.41370000,15.77710000,0.07848000,,true
931,1,BMI,M,,930,-0.41280000,15.77600000,0.07848000,,true
932,1,BMI,M,,931,-0.41200000,15.77480000,0.07848000,,true
933,1,BMI,M,,932,-0.41110000,15.77370000,0.07849000,,true
934,1,BMI,M,,933,-0.41030000,15.77260000,0.07849000,,true
935,1,BMI,M,,934,-0.40950000,15.77140000,0.07850000,,true
936,1,BMI,M,,935,-0.40860000,15.77030000,0.07850000,,true
937,1,BMI,M,,936,-0.40780000,15.76920000,0.07850000,,true
938,1,BMI,M,,937,-0.40700000,15.76800000,0.07851000,,true
939,1,BMI,M,,938,-0.40620000,15.76690000,0.07851000,,true
940,1,BMI,M,,939,-0.40530000,15.76580000,0.07852000,,true
941,1,BMI,M,,940,-0.40450000,15.76460000,0.07852000,,true
942,1,BMI,M,,941,-0.40370000,15.76350000,0.07853000,,true
943,1,BMI,M,,942,-0.40290000,15.76240000,0.07853000,,true
944,1,BMI,M,,943,-0.40210000,15.76120000,0.07853000,,true
945,1,BMI,M,,944,-0.40130000,15.76010000,0.07854000,,true
946,1,BMI,M,,945,-0.40050000,15.75900000,0.07854000,,true
947,1,BMI,M,,946,-0.39970000,15.75790000,0.07855000,,true
948,1,BMI,M,,947,-0.39880000,15.75670000,0.07855000,,true
949,1,BMI,M,,948,-0.39800000,15.75560000,0.07856000,,true
950,1,BMI,M,,949,-0.39730000,15.75450000,0.07856000,,true
951,1,BMI,M,,950,-0.39650000,15.75340000,0.07857000,,true
952,1,BMI,M,,951,-0.39570000,15.75220000,0.07857000,,true
953,1,BMI,M,,952,-0.39490000,15.75110000,0.07857000,,true
954,1,BMI,M,,953,-0.39410000,15.75000000,0.07858000,,true
955,1,BMI,M,,954,-0.39330000,15.74890000,0.07858000,,true
956,1,BMI,M,,955,-0.39250000,15.74780000,0.07859000,,true
957,1,BMI,M,,956,-0.39170000,15.74660000,0.07859000,,true
958,1,BMI,M,,957,-0.39100000,15.74550000,0.07860000,,true
959,1,BMI,M,,958,-0.39020000,15.74440000,0.07860000,,true
960,1,BMI,M,,959,-0.38940000,15.74330000,0.07861000,,true
961,1,BMI,M,,960,-0.38860000,15.74220000,0.07861000,,true
962,1,BMI,M,,961,-0.38790000,15.74110000,0.07861000,,true
963,1,BMI,M,,962,-0.38710000,15.74000000,0.07862000,,true
964,1,BMI,M,,963,-0.38640000,15.73880000,0.07862000,,true
965,1,BMI,M,,964,-0.38560000,15.73770000,0.07863000,,true
966,1,BMI,M,,965,-0.38480000,15.73660000,0.07863000,,true
967,1,BMI,M,,966,-0.38410000,15.73550000,0.07864000,,true
968,1,BMI,M,,967,-0.38330000,15.73440000,0.07864000,,true
969,1,BMI,M,,968,-0.38260000,15.73330000,0.07865000,,true
970,1,BMI,M,,969,-0.38180000,15.73220000,0.07865000,,true
971,1,BMI,M,,970,-0.38110000,15.73110000,0.07865000,,true
972,1,BMI,M,,971,-0.38040000,15.73000000,0.07866000,,true
973,1,BMI,M,,972,-0.37960000,15.72890000,0.07866000,,true
974,1,BMI,M,,973,-0.37890000,15.72780000,0.07867000,,true
975,1,BMI,M,,974,-0.37820000,15.72670000,0.07867000,,true
976,1,BMI,M,,975,-0.37740000,15.72560000,0.07868000,,true
977,1,BMI,M,,976,-0.37670000,15.72450000,0.07868000,,true
978,1,BMI,M,,977,-0.37600000,15.72340000,0.07869000,,true
979,1,BMI,M,,978,-0.37530000,15.72220000,0.07869000,,true
980,1,BMI,M,,979,-0.37450000,15.72110000,0.07870000,,true
981,1,BMI,M,,980,-0.37380000,15.72000000,0.07870000,,true
982,1,BMI,M,,981,-0.37310000,15.71900000,0.07871000,,true
983,1,BMI,M,,982,-0.37240000,15.71790000,0.07871000,,true
984,1,BMI,M,,983,-0.37170000,15.71680000,0.07872000,,true
985,1,BMI,M,,984,-0.37100000,15.71570000,0.07872000,,true
986,1,BMI,M,,985,-0.37030000,15.71460000,0.07872000,,true
987,1,BMI,M,,986,-0.36960000,15.71350000,0.07873000,,true
988,1,BMI,M,,987,-0.36890000,15.71240000,0.07873000,,true
989,1,BMI,M,,988,-0.36820000,15.71130000,0.07874000,,true
990,1,BMI,M,,989,-0.36750000,15.71020000,0.07874000,,true
991,1,BMI,M,,990,-0.36680000,15.70910000,0.07875000,,true
992,1,BMI,M,,991,-0.36610000,15.70800000,0.07875000,,true
993,1,BMI,M,,992,-0.36550000,15.70690000,0.07876000,,true
994,1,BMI,M,,993,-0.36480000,15.70580000,0.07876000,,true
995,1,BMI,M,,994,-0.36410000,15.70470000,0.07877000,,true
996,1,BMI,M,,995,-0.36340000,15.70370000,0.07877000,,true
997,1,BMI,M,,996,-0.36280000,15.70260000,0.07878000,,true
998,1,BMI,M,,997,-0.36210000,15.70150000,0.07878000,,true
999,1,BMI,M,,998,-0.36140000,15.70040000,0.07879000,,true
1000,1,BMI,M,,999,-0.36080000,15.69930000,0.07879000,,true
1001,1,BMI,M,,1000,-0.36010000,15.69820000,0.07880000,,true
1002,1,BMI,M,,1001,-0.35940000,15.69710000,0.07880000,,true
1003,1,BMI,M,,1002,-0.35880000,15.69610000,0.07881000,,true
1004,1,BMI,M,,1003,-0.35810000,15.69500000,0.07881000,,true
1005,1,BMI,M,,1004,-0.35750000,15.69390000,0.07882000,,true
1006,1,BMI,M,,1005,-0.35680000,15.69280000,0.07882000,,true
1007,1,BMI,M,,1006,-0.35620000,15.69170000,0.07883000,,true
1008,1,BMI,M,,1007,-0.35560000,15.69070000,0.07883000,,true
1009,1,BMI,M,,1008,-0.35490000,15.68960000,0.07884000,,true
1010,1,BMI,M,,1009,-0.35430000,15.68850000,0.07884000,,true
1011,1,BMI,M,,1010,-0.35360000,15.68740000,0.07885000,,true
1012,1,BMI,M,,1011,-0.35300000,15.68640000,0.07885000,,true
1013,1,BMI,M,,1012,-0.35240000,15.68530000,0.07886000,,true
1014,1,BMI,M,,1013,-0.35180000,15.68420000,0.07886000,,true
1015,1,BMI,M,,1014,-0.35110000,15.68320000,0.07887000,,true
1016,1,BMI,M,,1015,-0.35050000,15.68210000,0.07887000,,true
1017,1,BMI,M,,1016,-0.34990000,15.68100000,0.07888000,,true
1018,1,BMI,M,,1017,-0.34930000,15.67990000,0.07888000,,true
1019,1,BMI,M,,1018,-0.34870000,15.67890000,0.07889000,,true
1020,1,BMI,M,,1019,-0.34810000,15.67780000,0.07889000,,true
1021,1,BMI,M,,1020,-0.34750000,15.67670000,0.07890000,,true
1022,1,BMI,M,,1021,-0.34690000,15.67570000,0.07890000,,true
1023,1,BMI,M,,1022,-0.34630000,15.67460000,0.07891000,,true
1024,1,BMI,M,,1023,-0.34570000,15.67350000,0.07891000,,true
1025,1,BMI,M,,1024,-0.34510000,15.67250000,0.07892000,,true
1026,1,BMI,M,,1025,-0.34450000,15.67140000,0.07892000,,true
1027,1,BMI,M,,1026,-0.34390000,15.67040000,0.07893000,,true
1028,1,BMI,M,,1027,-0.34330000,15.66930000,0.07893000,,true
1029,1,BMI,M,,1028,-0.34270000,15.66820000,0.07894000,,true
1030,1,BMI,M,,1029,-0.34220000,15.66720000,0.07894000,,true
1031,1,BMI,M,,1030,-0.34160000,15.66610000,0.07895000,,true
1032,1,BMI,M,,1031,-0.34100000,15.66510000,0.07895000,,true
1033,1,BMI,M,,1032,-0.34040000,15.66400000,0.07896000,,true
1034,1,BMI,M,,1033,-0.33990000,15.66300000,0.07896000,,true
1035,1,BMI,M,,1034,-0.33930000,15.66190000,0.07897000,,true
1036,1,BMI,M,,1035,-0.33880000,15.66090000,0.07897000,,true
1037,1,BMI,M,,1036,-0.33820000,15.65980000,0.07898000,,true
1038,1,BMI,M,,1037,-0.33760000,15.65880000,0.07898000,,true
1039,1,BMI,M,,1038,-0.33710000,15.65770000,0.07899000,,true
1040,1,BMI,M,,1039,-0.33650000,15.65670000,0.07899000,,true
1041,1,BMI,M,,1040,-0.33600000,15.65560000,0.07900000,,true
1042,1,BMI,M,,1041,-0.33540000,15.65460000,0.07900000,,true
1043,1,BMI,M,,1042,-0.33490000,15.65350000,0.07901000,,true
1044,1,BMI,M,,1043,-0.33440000,15.65250000,0.07901000,,true
1045,1,BMI,M,,1044,-0.33380000,15.65140000,0.07902000,,true
1046,1,BMI,M,,1045,-0.33330000,15.65040000,0.07903000,,true
1047,1,BMI,M,,1046,-0.33280000,15.64930000,0.07903000,,true
1048,1,BMI,M,,1047,-0.33220000,15.64830000,0.07904000,,true
1049,1,BMI,M,,1048,-0.33170000,15.64730000,0.07904000,,true
1050,1,BMI,M,,1049,-0.33120000,15.64620000,0.07905000,,true
1051,1,BMI,M,,1050,-0.33070000,15.64520000,0.07905000,,true
1052,1,BMI,M,,1051,-0.33020000,15.64410000,0.07906000,,true
1053,1,BMI,M,,1052,-0.32960000,15.64310000,0.07906000,,true
1054,1,BMI,M,,1053,-0.32910000,15.64210000,0.07907000,,true
1055,1,BMI,M,,1054,-0.32860000,15.64100000,0.07907000,,true
1056,1,BMI,M,,1055,-0.32810000,15.64000000,0.07908000,,true
1057,1,BMI,M,,1056,-0.32760000,15.63900000,0.07908000,,true
1058,1,BMI,M,,1057,-0.32710000,15.63790000,0.07909000,,true
1059,1,BMI,M,,1058,-0.32660000,15.63690000,0.07910000,,true
1060,1,BMI,M,,1059,-0.32610000,15.63590000,0.07910000,,true
1061,1,BMI,M,,1060,-0.32570000,15.63490000,0.07911000,,true
1062,1,BMI,M,,1061,-0.32520000,15.63380000,0.07911000,,true
1063,1,BMI,M,,1062,-0.32470000,15.63280000,0.07912000,,true
1064,1,BMI,M,,1063,-0.32420000,15.63180000,0.07912000,,true
1065,1,BMI,M,,1064,-0.32370000,15.63080000,0.07913000,,true
1066,1,BMI,M,,1065,-0.32330000,15.62970000,0.07913000,,true
1067,1,BMI,M,,1066,-0.32280000,15.62870000,0.07914000,,true
1068,1,BMI,M,,1067,-0.32230000,15.62770000,0.07915000,,true
1069,1,BMI,M,,1068,-0.32180000,15.62670000,0.07915000,,true
1070,1,BMI,M,,1069,-0.32140000,15.62560000,0.07916000,,true
1071,1,BMI,M,,1070,-0.32090000,15.62460000,0.07916000,,true
1072,1,BMI,M,,1071,-0.32050000,15.62360000,0.07917000,,true
1073,1,BMI,M,,1072,-0.32000000,15.62260000,0.07917000,,true
1074,1,BMI,M,,1073,-0.31960000,15.62160000,0.07918000,,true
1075,1,BMI,M,,1074,-0.31910000,15.62060000,0.07918000,,true
1076,1,BMI,M,,1075,-0.31870000,15.61960000,0.07919000,,true
1077,1,BMI,M,,1076,-0.31820000,15.61850000,0.07920000,,true
1078,1,BMI,M,,1077,-0.31780000,15.61750000,0.07920000,,true
1079,1,BMI,M,,1078,-0.31740000,15.61650000,0.07921000,,true
1080,1,BMI,M,,1079,-0.31690000,15.61550000,0.07921000,,true
1081,1,BMI,M,,1080,-0.31650000,15.61450000,0.07922000,,true
1082,1,BMI,M,,1081,-0.31610000,15.61350000,0.07922000,,true
1083,1,BMI,M,,1082,-0.31560000,15.61250000,0.07923000,,true
1084,1,BMI,M,,1083,-0.31520000,15.61150000,0.07924000,,true
1085,1,BMI,M,,1084,-0.31480000,15.61050000,0.07924000,,true
1086,1,BMI,M,,1085,-0.31440000,15.60950000,0.07925000,,true
1087,1,BMI,M,,1086,-0.31400000,15.60850000,0.07925000,,true
1088,1,BMI,M,,1087,-0.31360000,15.60750000,0.07926000,,true
1089,1,BMI,M,,1088,-0.31320000,15.60650000,0.07926000,,true
1090,1,BMI,M,,1089,-0.31280000,15.60550000,0.07927000,,true
1091,1,BMI,M,,1090,-0.31240000,15.60450000,0.07928000,,true
1092,1,BMI,M,,1091,-0.31200000,15.60350000,0.07928000,,true
1093,1,BMI,M,,1092,-0.31160000,15.60250000,0.07929000,,true
1094,1,BMI,M,,1093,-0.31120000,15.60150000,0.07929000,,true
1095,1,BMI,M,,1094,-0.31080000,15.60050000,0.07930000,,true
1096,1,BMI,M,,1095,-0.31040000,15.59950000,0.07931000,,true
1097,1,BMI,M,,1096,-0.31000000,15.59860000,0.07931000,,true
1098,1,BMI,M,,1097,-0.30970000,15.59760000,0.07932000,,true
1099,1,BMI,M,,1098,-0.30930000,15.59660000,0.07932000,,true
1100,1,BMI,M,,1099,-0.30890000,15.59560000,0.07933000,,true
1101,1,BMI,M,,1100,-0.30850000,15.59460000,0.07934000,,true
1102,1,BMI,M,,1101,-0.30820000,15.59360000,0.07934000,,true
1103,1,BMI,M,,1102,-0.30780000,15.59260000,0.07935000,,true
1104,1,BMI,M,,1103,-0.30740000,15.59170000,0.07935000,,true
1105,1,BMI,M,,1104,-0.30710000,15.59070000,0.07936000,,true
1106,1,BMI,M,,1105,-0.30670000,15.58970000,0.07936000,,true
1107,1,BMI,M,,1106,-0.30640000,15.58870000,0.07937000,,true
1108,1,BMI,M,,1107,-0.30600000,15.58780000,0.07938000,,true
1109,1,BMI,M,,1108,-0.30570000,15.58680000,0.07938000,,true
1110,1,BMI,M,,1109,-0.30540000,15.58580000,0.07939000,,true
1111,1,BMI,M,,1110,-0.30500000,15.58480000,0.07940000,,true
1112,1,BMI,M,,1111,-0.30470000,15.58390000,0.07940000,,true
1113,1,BMI,M,,1112,-0.30430000,15.58290000,0.07941000,,true
1114,1,BMI,M,,1113,-0.30400000,15.58190000,0.07941000,,true
1115,1,BMI,M,,1114,-0.30370000,15.58100000,0.07942000,,true
1116,1,BMI,M,,1115,-0.30340000,15.58000000,0.07943000,,true
1117,1,BMI,M,,1116,-0.30310000,15.57900000,0.07943000,,true
1118,1,BMI,M,,1117,-0.30270000,15.57810000,0.07944000,,true
1119,1,BMI,M,,1118,-0.30240000,15.57710000,0.07944000,,true
1120,1,BMI,M,,1119,-0.30210000,15.57610000,0.07945000,,true
1121,1,BMI,M,,1120,-0.30180000,15.57520000,0.07946000,,true
1122,1,BMI,M,,1121,-0.30150000,15.57420000,0.07946000,,true
1123,1,BMI,M,,1122,-0.30120000,15.57330000,0.07947000,,true
1124,1,BMI,M,,1123,-0.30090000,15.57230000,0.07948000,,true
1125,1,BMI,M,,1124,-0.30060000,15.57140000,0.07948000,,true
1126,1,BMI,M,,1125,-0.30030000,15.57040000,0.07949000,,true
1127,1,BMI,M,,1126,-0.30000000,15.56950000,0.07949000,,true
1128,1,BMI,M,,1127,-0.29970000,15.56850000,0.07950000,,true
1129,1,BMI,M,,1128,-0.29950000,15.56760000,0.07951000,,true
1130,1,BMI,M,,1129,-0.29920000,15.56660000,0.07951000,,true
1131,1,BMI,M,,1130,-0.29890000,15.56570000,0.07952000,,true
1132,1,BMI,M,,1131,-0.29860000,15.56470000,0.07953000,,true
1133,1,BMI,M,,1132,-0.29840000,15.56380000,0.07953000,,true
1134,1,BMI,M,,1133,-0.29810000,15.56280000,0.07954000,,true
1135,1,BMI,M,,1134,-0.29780000,15.56190000,0.07954000,,true
1136,1,BMI,M,,1135,-0.29760000,15.56090000,0.07955000,,true
1137,1,BMI,M,,1136,-0.29730000,15.56000000,0.07956000,,true
1138,1,BMI,M,,1137,-0.29710000,15.55910000,0.07956000,,true
1139,1,BMI,M,,1138,-0.29680000,15.55810000,0.07957000,,true
1140,1,BMI,M,,1139,-0.29660000,15.55720000,0.07958000,,true
1141,1,BMI,M,,1140,-0.29630000,15.55630000,0.07958000,,true
1142,1,BMI,M,,1141,-0.29610000,15.55530000,0.07959000,,true
1143,1,BMI,M,,1142,-0.29590000,15.55440000,0.07960000,,true
1144,1,BMI,M,,1143,-0.29560000,15.55350000,0.07960000,,true
1145,1,BMI,M,,1144,-0.29540000,15.55250000,0.07961000,,true
1146,1,BMI,M,,1145,-0.29520000,15.55160000,0.07962000,,true
1147,1,BMI,M,,1146,-0.29490000,15.55070000,0.07962000,,true
1148,1,BMI,M,,1147,-0.29470000,15.54980000,0.07963000,,true
1149,1,BMI,M,,1148,-0.29450000,15.54890000,0.07964000,,true
1150,1,BMI,M,,1149,-0.29430000,15.54790000,0.07964000,,true
1151,1,BMI,M,,1150,-0.29410000,15.54700000,0.07965000,,true
1152,1,BMI,M,,1151,-0.29390000,15.54610000,0.07966000,,true
1153,1,BMI,M,,1152,-0.29370000,15.54520000,0.07966000,,true
1154,1,BMI,M,,1153,-0.29340000,15.54430000,0.07967000,,true
1155,1,BMI,M,,1154,-0.29320000,15.54340000,0.07967000,,true
1156,1,BMI,M,,1155,-0.29310000,15.54240000,0.07968000,,true
1157,1,BMI,M,,1156,-0.29290000,15.54150000,0.07969000,,true
1158,1,BMI,M,,1157,-0.29270000,15.54060000,0.07969000,,true
1159,1,BMI,M,,1158,-0.29250000,15.53970000,0.07970000,,true
1160,1,BMI,M,,1159,-0.29230000,15.53880000,0.07971000,,true
1161,1,BMI,M,,1160,-0.29210000,15.53790000,0.07972000,,true
1162,1,BMI,M,,1161,-0.29190000,15.53700000,0.07972000,,true
1163,1,BMI,M,,1162,-0.29180000,15.53610000,0.07973000,,true
1164,1,BMI,M,,1163,-0.29160000,15.53520000,0.07974000,,true
1165,1,BMI,M,,1164,-0.29140000,15.53430000,0.07974000,,true
1166,1,BMI,M,,1165,-0.29130000,15.53340000,0.07975000,,true
1167,1,BMI,M,,1166,-0.29110000,15.53250000,0.07976000,,true
1168,1,BMI,M,,1167,-0.29090000,15.53160000,0.07976000,,true
1169,1,BMI,M,,1168,-0.29080000,15.53070000,0.07977000,,true
1170,1,BMI,M,,1169,-0.29060000,15.52980000,0.07978000,,true
1171,1,BMI,M,,1170,-0.29050000,15.52890000,0.07978000,,true
1172,1,BMI,M,,1171,-0.29030000,15.52810000,0.07979000,,true
1173,1,BMI,M,,1172,-0.29020000,15.52720000,0.07980000,,true
1174,1,BMI,M,,1173,-0.29010000,15.52630000,0.07980000,,true
1175,1,BMI,M,,1174,-0.28990000,15.52540000,0.07981000,,true
1176,1,BMI,M,,1175,-0.28980000,15.52450000,0.07982000,,true
1177,1,BMI,M,,1176,-0.28970000,15.52360000,0.07982000,,true
1178,1,BMI,M,,1177,-0.28950000,15.52280000,0.07983000,,true
1179,1,BMI,M,,1178,-0.28940000,15.52190000,0.07984000,,true
1180,1,BMI,M,,1179,-0.28930000,15.52100000,0.07985000,,true
1181,1,BMI,M,,1180,-0.28920000,15.52010000,0.07985000,,true
1182,1,BMI,M,,1181,-0.28900000,15.51930000,0.07986000,,true
1183,1,BMI,M,,1182,-0.28890000,15.51840000,0.07987000,,true
1184,1,BMI,M,,1183,-0.28880000,15.51750000,0.07987000,,true
1185,1,BMI,M,,1184,-0.28870000,15.51670000,0.07988000,,true
1186,1,BMI,M,,1185,-0.28860000,15.51580000,0.07989000,,true
1187,1,BMI,M,,1186,-0.28850000,15.51490000,0.07989000,,true
1188,1,BMI,M,,1187,-0.28840000,15.51410000,0.07990000,,true
1189,1,BMI,M,,1188,-0.28830000,15.51320000,0.07991000,,true
1190,1,BMI,M,,1189,-0.28820000,15.51230000,0.07992000,,true
1191,1,BMI,M,,1190,-0.28810000,15.51150000,0.07992000,,true
1192,1,BMI,M,,1191,-0.28810000,15.51060000,0.07993000,,true
1193,1,BMI,M,,1192,-0.28800000,15.50980000,0.07994000,,true
1194,1,BMI,M,,1193,-0.28790000,15.50890000,0.07994000,,true
1195,1,BMI,M,,1194,-0.28780000,15.50810000,0.07995000,,true
1196,1,BMI,M,,1195,-0.28770000,15.50720000,0.07996000,,true
1197,1,BMI,M,,1196,-0.28770000,15.50640000,0.07997000,,true
1198,1,BMI,M,,1197,-0.28760000,15.50550000,0.07997000,,true
1199,1,BMI,M,,1198,-0.28750000,15.50470000,0.07998000,,true
1200,1,BMI,M,,1199,-0.28750000,15.50380000,0.07999000,,true
1201,1,BMI,M,,1200,-0.28740000,15.50300000,0.07999000,,true
1202,1,BMI,M,,1201,-0.28740000,15.50210000,0.08000000,,true
1203,1,BMI,M,,1202,-0.28730000,15.50130000,0.08001000,,true
1204,1,BMI,M,,1203,-0.28730000,15.50050000,0.08002000,,true
1205,1,BMI,M,,1204,-0.28720000,15.49960000,0.08002000,,true
1206,1,BMI,M,,1205,-0.28720000,15.49880000,0.08003000,,true
1207,1,BMI,M,,1206,-0.28710000,15.49800000,0.08004000,,true
1208,1,BMI,M,,1207,-0.28710000,15.49710000,0.08005000,,true
1209,1,BMI,M,,1208,-0.28710000,15.49630000,0.08005000,,true
1210,1,BMI,M,,1209,-0.28700000,15.49550000,0.08006000,,true
1211,1,BMI,M,,1210,-0.28700000,15.49460000,0.08007000,,true
1212,1,BMI,M,,1211,-0.28700000,15.49380000,0.08008000,,true
1213,1,BMI,M,,1212,-0.28700000,15.49300000,0.08008000,,true
1214,1,BMI,M,,1213,-0.28690000,15.49220000,0.08009000,,true
1215,1,BMI,M,,1214,-0.28690000,15.49140000,0.08010000,,true
1216,1,BMI,M,,1215,-0.28690000,15.49050000,0.08011000,,true
1217,1,BMI,M,,1216,-0.28690000,15.48970000,0.08011000,,true
1218,1,BMI,M,,1217,-0.28690000,15.48890000,0.08012000,,true
1219,1,BMI,M,,1218,-0.28690000,15.48810000,0.08013000,,true
1220,1,BMI,M,,1219,-0.28690000,15.48730000,0.08014000,,true
1221,1,BMI,M,,1220,-0.28690000,15.48650000,0.08014000,,true
1222,1,BMI,M,,1221,-0.28690000,15.48570000,0.08015000,,true
1223,1,BMI,M,,1222,-0.28690000,15.48480000,0.08016000,,true
1224,1,BMI,M,,1223,-0.28690000,15.48400000,0.08017000,,true
1225,1,BMI,M,,1224,-0.28690000,15.48320000,0.08017000,,true
1226,1,BMI,M,,1225,-0.28690000,15.48240000,0.08018000,,true
1227,1,BMI,M,,1226,-0.28700000,15.48160000,0.08019000,,true
1228,1,BMI,M,,1227,-0.28700000,15.48080000,0.08020000,,true
1229,1,BMI,M,,1228,-0.28700000,15.48000000,0.08020000,,true
1230,1,BMI,M,,1229,-0.28700000,15.47920000,0.08021000,,true
1231,1,BMI,M,,1230,-0.28710000,15.47850000,0.08022000,,true
1232,1,BMI,M,,1231,-0.28710000,15.47770000,0.08023000,,true
1233,1,BMI,M,,1232,-0.28710000,15.47690000,0.08023000,,true
1234,1,BMI,M,,1233,-0.28720000,15.47610000,0.08024000,,true
1235,1,BMI,M,,1234,-0.28720000,15.47530000,0.08025000,,true
1236,1,BMI,M,,1235,-0.28730000,15.47450000,0.08026000,,true
1237,1,BMI,M,,1236,-0.28730000,15.47370000,0.08027000,,true
1238,1,BMI,M,,1237,-0.28740000,15.47290000,0.08027000,,true
1239,1,BMI,M,,1238,-0.28740000,15.47220000,0.08028000,,true
1240,1,BMI,M,,1239,-0.28750000,15.47140000,0.08029000,,true
1241,1,BMI,M,,1240,-0.28750000,15.47060000,0.08030000,,true
1242,1,BMI,M,,1241,-0.28760000,15.46980000,0.08031000,,true
1243,1,BMI,M,,1242,-0.28770000,15.46910000,0.08031000,,true
1244,1,BMI,M,,1243,-0.28770000,15.46830000,0.08032000,,true
1245,1,BMI,M,,1244,-0.28780000,15.46750000,0.08033000,,true
1246,1,BMI,M,,1245,-0.28790000,15.46670000,0.08034000,,true
1247,1,BMI,M,,1246,-0.28800000,15.46600000,0.08034000,,true
1248,1,BMI,M,,1247,-0.28800000,15.46520000,0.08035000,,true
1249,1,BMI,M,,1248,-0.28810000,15.46450000,0.08036000,,true
1250,1,BMI,M,,1249,-0.28820000,15.46370000,0.08037000,,true
1251,1,BMI,M,,1250,-0.28830000,15.46290000,0.08038000,,true
1252,1,BMI,M,,1251,-0.28840000,15.46220000,0.08038000,,true
1253,1,BMI,M,,1252,-0.28850000,15.46140000,0.08039000,,true
1254,1,BMI,M,,1253,-0.28860000,15.46070000,0.08040000,,true
1255,1,BMI,M,,1254,-0.28870000,15.45990000,0.08041000,,true
1256,1,BMI,M,,1255,-0.28880000,15.45920000,0.08042000,,true
1257,1,BMI,M,,1256,-0.28890000,15.45840000,0.08042000,,true
1258,1,BMI,M,,1257,-0.28900000,15.45770000,0.08043000,,true
1259,1,BMI,M,,1258,-0.28910000,15.45690000,0.08044000,,true
1260,1,BMI,M,,1259,-0.28920000,15.45620000,0.08045000,,true
1261,1,BMI,M,,1260,-0.28930000,15.45540000,0.08046000,,true
1262,1,BMI,M,,1261,-0.28940000,15.45470000,0.08046000,,true
1263,1,BMI,M,,1262,-0.28960000,15.45390000,0.08047000,,true
1264,1,BMI,M,,1263,-0.28970000,15.45320000,0.08048000,,true
1265,1,BMI,M,,1264,-0.28980000,15.45250000,0.08049000,,true
1266,1,BMI,M,,1265,-0.28990000,15.45170000,0.08050000,,true
1267,1,BMI,M,,1266,-0.29010000,15.45100000,0.08051000,,true
1268,1,BMI,M,,1267,-0.29020000,15.45030000,0.08051000,,true
1269,1,BMI,M,,1268,-0.29030000,15.44950000,0.08052000,,true
1270,1,BMI,M,,1269,-0.29050000,15.44880000,0.08053000,,true
1271,1,BMI,M,,1270,-0.29060000,15.44810000,0.08054000,,true
1272,1,BMI,M,,1271,-0.29080000,15.44730000,0.08055000,,true
1273,1,BMI,M,,1272,-0.29090000,15.44660000,0.08056000,,true
1274,1,BMI,M,,1273,-0.29110000,15.44590000,0.08056000,,true
1275,1,BMI,M,,1274,-0.29120000,15.44520000,0.08057000,,true
1276,1,BMI,M,,1275,-0.29140000,15.44450000,0.08058000,,true
1277,1,BMI,M,,1276,-0.29150000,15.44370000,0.08059000,,true
1278,1,BMI,M,,1277,-0.29170000,15.44300000,0.08060000,,true
1279,1,BMI,M,,1278,-0.29180000,15.44230000,0.08061000,,true
1280,1,BMI,M,,1279,-0.29200000,15.44160000,0.08061000,,true
1281,1,BMI,M,,1280,-0.29220000,15.44090000,0.08062000,,true
1282,1,BMI,M,,1281,-0.29240000,15.44020000,0.08063000,,true
1283,1,BMI,M,,1282,-0.29250000,15.43950000,0.08064000,,true
1284,1,BMI,M,,1283,-0.29270000,15.43880000,0.08065000,,true
1285,1,BMI,M,,1284,-0.29290000,15.43800000,0.08066000,,true
1286,1,BMI,M,,1285,-0.29310000,15.43730000,0.08066000,,true
1287,1,BMI,M,,1286,-0.29330000,15.43660000,0.08067000,,true
1288,1,BMI,M,,1287,-0.29340000,15.43590000,0.08068000,,true
1289,1,BMI,M,,1288,-0.29360000,15.43520000,0.08069000,,true
1290,1,BMI,M,,1289,-0.29380000,15.43450000,0.08070000,,true
1291,1,BMI,M,,1290,-0.29400000,15.43380000,0.08071000,,true
1292,1,BMI,M,,1291,-0.29420000,15.43320000,0.08072000,,true
1293,1,BMI,M,,1292,-0.29440000,15.43250000,0.08072000,,true
1294,1,BMI,M,,1293,-0.29460000,15.43180000,0.08073000,,true
1295,1,BMI,M,,1294,-0.29480000,15.43110000,0.08074000,,true
1296,1,BMI,M,,1295,-0.29500000,15.43040000,0.08075000,,true
1297,1,BMI,M,,1296,-0.29520000,15.42970000,0.08076000,,true
1298,1,BMI,M,,1297,-0.29540000,15.42900000,0.08077000,,true
1299,1,BMI,M,,1298,-0.29570000,15.42830000,0.08078000,,true
1300,1,BMI,M,,1299,-0.29590000,15.42760000,0.08078000,,true
1301,1,BMI,M,,1300,-0.29610000,15.42700000,0.08079000,,true
1302,1,BMI,M,,1301,-0.29630000,15.42630000,0.08080000,,true
1303,1,BMI,M,,1302,-0.29650000,15.42560000,0.08081000,,true
1304,1,BMI,M,,1303,-0.29680000,15.42490000,0.08082000,,true
1305,1,BMI,M,,1304,-0.29700000,15.42430000,0.08083000,,true
1306,1,BMI,M,,1305,-0.29720000,15.42360000,0.08084000,,true
1307,1,BMI,M,,1306,-0.29750000,15.42290000,0.08085000,,true
1308,1,BMI,M,,1307,-0.29770000,15.42220000,0.08085000,,true
1309,1,BMI,M,,1308,-0.29790000,15.42160000,0.08086000,,true
1310,1,BMI,M,,1309,-0.29820000,15.42090000,0.08087000,,true
1311,1,BMI,M,,1310,-0.29840000,15.42020000,0.08088000,,true
1312,1,BMI,M,,1311,-0.29870000,15.41960000,0.08089000,,true
1313,1,BMI,M,,1312,-0.29890000,15.41890000,0.08090000,,true
1314,1,BMI,M,,1313,-0.29920000,15.41820000,0.08091000,,true
1315,1,BMI,M,,1314,-0.29940000,15.41760000,0.08092000,,true
1316,1,BMI,M,,1315,-0.29970000,15.41690000,0.08093000,,true
1317,1,BMI,M,,1316,-0.30000000,15.41620000,0.08093000,,true
1318,1,BMI,M,,1317,-0.30020000,15.41560000,0.08094000,,true
1319,1,BMI,M,,1318,-0.30050000,15.41490000,0.08095000,,true
1320,1,BMI,M,,1319,-0.30080000,15.41430000,0.08096000,,true
1321,1,BMI,M,,1320,-0.30100000,15.41360000,0.08097000,,true
1322,1,BMI,M,,1321,-0.30130000,15.41300000,0.08098000,,true
1323,1,BMI,M,,1322,-0.30160000,15.41230000,0.08099000,,true
1324,1,BMI,M,,1323,-0.30180000,15.41170000,0.08100000,,true
1325,1,BMI,M,,1324,-0.30210000,15.41100000,0.08101000,,true
1326,1,BMI,M,,1325,-0.30240000,15.41040000,0.08102000,,true
1327,1,BMI,M,,1326,-0.30270000,15.40970000,0.08102000,,true
1328,1,BMI,M,,1327,-0.30300000,15.40910000,0.08103000,,true
1329,1,BMI,M,,1328,-0.30330000,15.40840000,0.08104000,,true
1330,1,BMI,M,,1329,-0.30360000,15.40780000,0.08105000,,true
1331,1,BMI,M,,1330,-0.30380000,15.40720000,0.08106000,,true
1332,1,BMI,M,,1331,-0.30410000,15.40650000,0.08107000,,true
1333,1,BMI,M,,1332,-0.30440000,15.40590000,0.08108000,,true
1334,1,BMI,M,,1333,-0.30470000,15.40520000,0.08109000,,true
1335,1,BMI,M,,1334,-0.30500000,15.40460000,0.08110000,,true
1336,1,BMI,M,,1335,-0.30540000,15.40400000,0.08111000,,true
1337,1,BMI,M,,1336,-0.30570000,15.40330000,0.08112000,,true
1338,1,BMI,M,,1337,-0.30600000,15.40270000,0.08113000,,true
1339,1,BMI,M,,1338,-0.30630000,15.40210000,0.08113000,,true
1340,1,BMI,M,,1339,-0.30660000,15.40150000,0.08114000,,true
1341,1,BMI,M,,1340,-0.30690000,15.40080000,0.08115000,,true
1342,1,BMI,M,,1341,-0.30720000,15.40020000,0.08116000,,true
1343,1,BMI,M,,1342,-0.30760000,15.39960000,0.08117000,,true
1344,1,BMI,M,,1343,-0.30790000,15.39900000,0.08118000,,true
1345,1,BMI,M,,1344,-0.30820000,15.39830000,0.08119000,,true
1346,1,BMI,M,,1345,-0.30850000,15.39770000,0.08120000,,true
1347,1,BMI,M,,1346,-0.30890000,15.39710000,0.08121000,,true
1348,1,BMI,M,,1347,-0.30920000,15.39650000,0.08122000,,true
1349,1,BMI,M,,1348,-0.30950000,15.39580000,0.08123000,,true
1350,1,BMI,M,,1349,-0.30990000,15.39520000,0.08124000,,true
1351,1,BMI,M,,1350,-0.31020000,15.39460000,0.08125000,,true
1352,1,BMI,M,,1351,-0.31060000,15.39400000,0.08126000,,true
1353,1,BMI,M,,1352,-0.31090000,15.39340000,0.08127000,,true
1354,1,BMI,M,,1353,-0.31130000,15.39280000,0.08128000,,true
1355,1,BMI,M,,1354,-0.31160000,15.39220000,0.08128000,,true
1356,1,BMI,M,,1355,-0.31200000,15.39160000,0.08129000,,true
1357,1,BMI,M,,1356,-0.31230000,15.39090000,0.08130000,,true
1358,1,BMI,M,,1357,-0.31270000,15.39030000,0.08131000,,true
1359,1,BMI,M,,1358,-0.31300000,15.38970000,0.08132000,,true
1360,1,BMI,M,,1359,-0.31340000,15.38910000,0.08133000,,true
1361,1,BMI,M,,1360,-0.31380000,15.38850000,0.08134000,,true
1362,1,BMI,M,,1361,-0.31410000,15.38790000,0.08135000,,true
1363,1,BMI,M,,1362,-0.31450000,15.38730000,0.08136000,,true
1364,1,BMI,M,,1363,-0.31490000,15.38670000,0.08137000,,true
1365,1,BMI,M,,1364,-0.31520000,15.38610000,0.08138000,,true
1366,1,BMI,M,,1365,-0.31560000,15.38550000,0.08139000,,true
1367,1,BMI,M,,1366,-0.31600000,15.38490000,0.08140000,,true
1368,1,BMI,M,,1367,-0.31640000,15.38430000,0.08141000,,true
1369,1,BMI,M,,1368,-0.31680000,15.38370000,0.08142000,,true
1370,1,BMI,M,,1369,-0.31710000,15.38310000,0.08143000,,true
1371,1,BMI,M,,1370,-0.31750000,15.38250000,0.08144000,,true
1372,1,BMI,M,,1371,-0.31790000,15.38200000,0.08145000,,true
1373,1,BMI,M,,1372,-0.31830000,15.38140000,0.08146000,,true
1374,1,BMI,M,,1373,-0.31870000,15.38080000,0.08147000,,true
1375,1,BMI,M,,1374,-0.31910000,15.38020000,0.08148000,,true
1376,1,BMI,M,,1375,-0.31950000,15.37960000,0.08149000,,true
1377,1,BMI,M,,1376,-0.31990000,15.37900000,0.08150000,,true
1378,1,BMI,M,,1377,-0.32030000,15.37840000,0.08151000,,true
1379,1,BMI,M,,1378,-0.32070000,15.37780000,0.08152000,,true
1380,1,BMI,M,,1379,-0.32110000,15.37730000,0.08153000,,true
1381,1,BMI,M,,1380,-0.32150000,15.37670000,0.08154000,,true
1382,1,BMI,M,,1381,-0.32200000,15.37610000,0.08155000,,true
1383,1,BMI,M,,1382,-0.32240000,15.37550000,0.08156000,,true
1384,1,BMI,M,,1383,-0.32280000,15.37490000,0.08157000,,true
1385,1,BMI,M,,1384,-0.32320000,15.37440000,0.08158000,,true
1386,1,BMI,M,,1385,-0.32360000,15.37380000,0.08159000,,true
1387,1,BMI,M,,1386,-0.32410000,15.37320000,0.08160000,,true
1388,1,BMI,M,,1387,-0.32450000,15.37260000,0.08161000,,true
1389,1,BMI,M,,1388,-0.32490000,15.37210000,0.08162000,,true
1390,1,BMI,M,,1389,-0.32530000,15.37150000,0.08163000,,true
1391,1,BMI,M,,1390,-0.32580000,15.37090000,0.08164000,,true
1392,1,BMI,M,,1391,-0.32620000,15.37030000,0.08165000,,true
1393,1,BMI,M,,1392,-0.32660000,15.36980000,0.08166000,,true
1394,1,BMI,M,,1393,-0.32710000,15.36920000,0.08167000,,true
1395,1,BMI,M,,1394,-0.32750000,15.36860000,0.08168000,,true
1396,1,BMI,M,,1395,-0.32800000,15.36810000,0.08169000,,true
1397,1,BMI,M,,1396,-0.32840000,15.36750000,0.08170000,,true
1398,1,BMI,M,,1397,-0.32890000,15.36690000,0.08171000,,true
1399,1,BMI,M,,1398,-0.32930000,15.36640000,0.08172000,,true
1400,1,BMI,M,,1399,-0.32980000,15.36580000,0.08173000,,true
1401,1,BMI,M,,1400,-0.33020000,15.36520000,0.08174000,,true
1402,1,BMI,M,,1401,-0.33070000,15.36470000,0.08175000,,true
1403,1,BMI,M,,1402,-0.33120000,15.36410000,0.08176000,,true
1404,1,BMI,M,,1403,-0.33160000,15.36360000,0.08177000,,true
1405,1,BMI,M,,1404,-0.33210000,15.36300000,0.08178000,,true
1406,1,BMI,M,,1405,-0.33250000,15.36240000,0.08179000,,true
1407,1,BMI,M,,1406,-0.33300000,15.36190000,0.08180000,,true
1408,1,BMI,M,,1407,-0.33350000,15.36130000,0.08181000,,true
1409,1,BMI,M,,1408,-0.33400000,15.36080000,0.08182000,,true
1410,1,BMI,M,,1409,-0.33440000,15.36020000,0.08183000,,true
1411,1,BMI,M,,1410,-0.33490000,15.35970000,0.08184000,,true
1412,1,BMI,M,,1411,-0.33540000,15.35910000,0.08185000,,true
1413,1,BMI,M,,1412,-0.33590000,15.35860000,0.08186000,,true
1414,1,BMI,M,,1413,-0.33640000,15.35800000,0.08187000,,true
1415,1,BMI,M,,1414,-0.33690000,15.35750000,0.08188000,,true
1416,1,BMI,M,,1415,-0.33730000,15.35690000,0.08189000,,true
1417,1,BMI,M,,1416,-0.33780000,15.35640000,0.08190000,,true
1418,1,BMI,M,,1417,-0.33830000,15.35580000,0.08191000,,true
1419,1,BMI,M,,1418,-0.33880000,15.35530000,0.08192000,,true
1420,1,BMI,M,,1419,-0.33930000,15.35470000,0.08193000,,true
1421,1,BMI,M,,1420,-0.33980000,15.35420000,0.08194000,,true
1422,1,BMI,M,,1421,-0.34030000,15.35370000,0.08195000,,true
1423,1,BMI,M,,1422,-0.34080000,15.35310000,0.08196000,,true
1424,1,BMI,M,,1423,-0.34130000,15.35260000,0.08197000,,true
1425,1,BMI,M,,1424,-0.34180000,15.35200000,0.08198000,,true
1426,1,BMI,M,,1425,-0.34240000,15.35150000,0.08200000,,true
1427,1,BMI,M,,1426,-0.34290000,15.35100000,0.08201000,,true
1428,1,BMI,M,,1427,-0.34340000,15.35040000,0.08202000,,true
1429,1,BMI,M,,1428,-0.34390000,15.34990000,0.08203000,,true
1430,1,BMI,M,,1429,-0.34440000,15.34930000,0.08204000,,true
1431,1,BMI,M,,1430,-0.34490000,15.34880000,0.08205000,,true
1432,1,BMI,M,,1431,-0.34550000,15.34830000,0.08206000,,true
1433,1,BMI,M,,1432,-0.34600000,15.34770000,0.08207000,,true
1434,1,BMI,M,,1433,-0.34650000,15.34720000,0.08208000,,true
1435,1,BMI,M,,1434,-0.34710000,15.34670000,0.08209000,,true
1436,1,BMI,M,,1435,-0.34760000,15.34610000,0.08210000,,true
1437,1,BMI,M,,1436,-0.34810000,15.34560000,0.08211000,,true
1438,1,BMI,M,,1437,-0.34870000,15.34510000,0.08212000,,true
1439,1,BMI,M,,1438,-0.34920000,15.34450000,0.08213000,,true
1440,1,BMI,M,,1439,-0.34970000,15.34400000,0.08214000,,true
1441,1,BMI,M,,1440,-0.35030000,15.34350000,0.08215000,,true
1442,1,BMI,M,,1441,-0.35080000,15.34300000,0.08216000,,true
1443,1,BMI,M,,1442,-0.35140000,15.34240000,0.08218000,,true
1444,1,BMI,M,,1443,-0.35190000,15.34190000,0.08219000,,true
1445,1,BMI,M,,1444,-0.35250000,15.34140000,0.08220000,,true
1446,1,BMI,M,,1445,-0.35300000,15.34090000,0.08221000,,true
1447,1,BMI,M,,1446,-0.35360000,15.34030000,0.08222000,,true
1448,1,BMI,M,,1447,-0.35410000,15.33980000,0.08223000,,true
1449,1,BMI,M,,1448,-0.35470000,15.33930000,0.08224000,,true
1450,1,BMI,M,,1449,-0.35530000,15.33880000,0.08225000,,true
1451,1,BMI,M,,1450,-0.35580000,15.33830000,0.08226000,,true
1452,1,BMI,M,,1451,-0.35640000,15.33770000,0.08227000,,true
1453,1,BMI,M,,1452,-0.35700000,15.33720000,0.08228000,,true
1454,1,BMI,M,,1453,-0.35750000,15.33670000,0.08229000,,true
1455,1,BMI,M,,1454,-0.35810000,15.33620000,0.08231000,,true
1456,1,BMI,M,,1455,-0.35870000,15.33570000,0.08232000,,true
1457,1,BMI,M,,1456,-0.35930000,15.33520000,0.08233000,,true
1458,1,BMI,M,,1457,-0.35980000,15.33460000,0.08234000,,true
1459,1,BMI,M,,1458,-0.36040000,15.33410000,0.08235000,,true
1460,1,BMI,M,,1459,-0.36100000,15.33360000,0.08236000,,true
1461,1,BMI,M,,1460,-0.36160000,15.33310000,0.08237000,,true
1462,1,BMI,M,,1461,-0.36220000,15.33260000,0.08238000,,true
1463,1,BMI,M,,1462,-0.36280000,15.33210000,0.08239000,,true
1464,1,BMI,M,,1463,-0.36340000,15.33160000,0.08240000,,true
1465,1,BMI,M,,1464,-0.36400000,15.33110000,0.08241000,,true
1466,1,BMI,M,,1465,-0.36460000,15.33060000,0.08243000,,true
1467,1,BMI,M,,1466,-0.36520000,15.33010000,0.08244000,,true
1468,1,BMI,M,,1467,-0.36580000,15.32950000,0.08245000,,true
1469,1,BMI,M,,1468,-0.36640000,15.32900000,0.08246000,,true
1470,1,BMI,M,,1469,-0.36700000,15.32850000,0.08247000,,true
1471,1,BMI,M,,1470,-0.36760000,15.32800000,0.08248000,,true
1472,1,BMI,M,,1471,-0.36820000,15.32750000,0.08249000,,true
1473,1,BMI,M,,1472,-0.36880000,15.32700000,0.08250000,,true
1474,1,BMI,M,,1473,-0.36940000,15.32650000,0.08251000,,true
1475,1,BMI,M,,1474,-0.37000000,15.32600000,0.08253000,,true
1476,1,BMI,M,,1475,-0.37060000,15.32550000,0.08254000,,true
1477,1,BMI,M,,1476,-0.37130000,15.32500000,0.08255000,,true
1478,1,BMI,M,,1477,-0.37190000,15.32450000,0.08256000,,true
1479,1,BMI,M,,1478,-0.37250000,15.32400000,0.08257000,,true
1480,1,BMI,M,,1479,-0.37310000,15.32350000,0.08258000,,true
1481,1,BMI,M,,1480,-0.37380000,15.32300000,0.08259000,,true
1482,1,BMI,M,,1481,-0.37440000,15.32250000,0.08260000,,true
1483,1,BMI,M,,1482,-0.37500000,15.32200000,0.08262000,,true
1484,1,BMI,M,,1483,-0.37560000,15.32150000,0.08263000,,true
1485,1,BMI,M,,1484,-0.37630000,15.32110000,0.08264000,,true
1486,1,BMI,M,,1485,-0.37690000,15.32060000,0.08265000,,true
1487,1,BMI,M,,1486,-0.37760000,15.32010000,0.08266000,,true
1488,1,BMI,M,,1487,-0.37820000,15.31960000,0.08267000,,true
1489,1,BMI,M,,1488,-0.37890000,15.31910000,0.08268000,,true
1490,1,BMI,M,,1489,-0.37950000,15.31860000,0.08269000,,true
1491,1,BMI,M,,1490,-0.38010000,15.31810000,0.08271000,,true
1492,1,BMI,M,,1491,-0.38080000,15.31760000,0.08272000,,true
1493,1,BMI,M,,1492,-0.38150000,15.31710000,0.08273000,,true
1494,1,BMI,M,,1493,-0.38210000,15.31660000,0.08274000,,true
1495,1,BMI,M,,1494,-0.38280000,15.31620000,0.08275000,,true
1496,1,BMI,M,,1495,-0.38340000,15.31570000,0.08276000,,true
1497,1,BMI,M,,1496,-0.38410000,15.31520000,0.08277000,,true
1498,1,BMI,M,,1497,-0.38470000,15.31470000,0.08279000,,true
1499,1,BMI,M,,1498,-0.38540000,15.31420000,0.08280000,,true
1500,1,BMI,M,,1499,-0.38610000,15.31370000,0.08281000,,true
1501,1,BMI,M,,1500,-0.38670000,15.31330000,0.08282000,,true
1502,1,BMI,M,,1501,-0.38740000,15.31280000,0.08283000,,true
1503,1,BMI,M,,1502,-0.38810000,15.31230000,0.08284000,,true
1504,1,BMI,M,,1503,-0.38880000,15.31180000,0.08285000,,true
1505,1,BMI,M,,1504,-0.38940000,15.31130000,0.08287000,,true
1506,1,BMI,M,,1505,-0.39010000,15.31090000,0.08288000,,true
1507,1,BMI,M,,1506,-0.39080000,15.31040000,0.08289000,,true
1508,1,BMI,M,,1507,-0.39150000,15.30990000,0.08290000,,true
1509,1,BMI,M,,1508,-0.39220000,15.30940000,0.08291000,,true
1510,1,BMI,M,,1509,-0.39290000,15.30900000,0.08292000,,true
1511,1,BMI,M,,1510,-0.39360000,15.30850000,0.08293000,,true
1512,1,BMI,M,,1511,-0.39420000,15.30800000,0.08295000,,true
1513,1,BMI,M,,1512,-0.39490000,15.30750000,0.08296000,,true
1514,1,BMI,M,,1513,-0.39560000,15.30710000,0.08297000,,true
1515,1,BMI,M,,1514,-0.39630000,15.30660000,0.08298000,,true
1516,1,BMI,M,,1515,-0.39700000,15.30610000,0.08299000,,true
1517,1,BMI,M,,1516,-0.39770000,15.30570000,0.08300000,,true
1518,1,BMI,M,,1517,-0.39840000,15.30520000,0.08302000,,true
1519,1,BMI,M,,1518,-0.39910000,15.30470000,0.08303000,,true
1520,1,BMI,M,,1519,-0.39980000,15.30430000,0.08304000,,true
1521,1,BMI,M,,1520,-0.40060000,15.30380000,0.08305000,,true
1522,1,BMI,M,,1521,-0.40130000,15.30330000,0.08306000,,true
1523,1,BMI,M,,1522,-0.40200000,15.30290000,0.08307000,,true
1524,1,BMI,M,,1523,-0.40270000,15.30240000,0.08309000,,true
1525,1,BMI,M,,1524,-0.40340000,15.30190000,0.08310000,,true
1526,1,BMI,M,,1525,-0.40410000,15.30150000,0.08311000,,true
1527,1,BMI,M,,1526,-0.40490000,15.30100000,0.08312000,,true
1528,1,BMI,M,,1527,-0.40560000,15.30050000,0.08313000,,true
1529,1,BMI,M,,1528,-0.40630000,15.30010000,0.08314000,,true
1530,1,BMI,M,,1529,-0.40700000,15.29960000,0.08316000,,true
1531,1,BMI,M,,1530,-0.40780000,15.29920000,0.08317000,,true
1532,1,BMI,M,,1531,-0.40850000,15.29870000,0.08318000,,true
1533,1,BMI,M,,1532,-0.40920000,15.29820000,0.08319000,,true
1534,1,BMI,M,,1533,-0.41000000,15.29780000,0.08320000,,true
1535,1,BMI,M,,1534,-0.41070000,15.29730000,0.08322000,,true
1536,1,BMI,M,,1535,-0.41140000,15.29690000,0.08323000,,true
1537,1,BMI,M,,1536,-0.41220000,15.29640000,0.08324000,,true
1538,1,BMI,M,,1537,-0.41290000,15.29590000,0.08325000,,true
1539,1,BMI,M,,1538,-0.41370000,15.29550000,0.08326000,,true
1540,1,BMI,M,,1539,-0.41440000,15.29500000,0.08327000,,true
1541,1,BMI,M,,1540,-0.41510000,15.29460000,0.08329000,,true
1542,1,BMI,M,,1541,-0.41590000,15.29410000,0.08330000,,true
1543,1,BMI,M,,1542,-0.41660000,15.29370000,0.08331000,,true
1544,1,BMI,M,,1543,-0.41740000,15.29320000,0.08332000,,true
1545,1,BMI,M,,1544,-0.41820000,15.29280000,0.08333000,,true
1546,1,BMI,M,,1545,-0.41890000,15.29230000,0.08335000,,true
1547,1,BMI,M,,1546,-0.41970000,15.29190000,0.08336000,,true
1548,1,BMI,M,,1547,-0.42040000,15.29140000,0.08337000,,true
1549,1,BMI,M,,1548,-0.42120000,15.29100000,0.08338000,,true
1550,1,BMI,M,,1549,-0.42200000,15.29050000,0.08339000,,true
1551,1,BMI,M,,1550,-0.42270000,15.29010000,0.08341000,,true
1552,1,BMI,M,,1551,-0.42350000,15.28960000,0.08342000,,true
1553,1,BMI,M,,1552,-0.42430000,15.28920000,0.08343000,,true
1554,1,BMI,M,,1553,-0.42500000,15.28880000,0.08344000,,true
1555,1,BMI,M,,1554,-0.42580000,15.28830000,0.08345000,,true
1556,1,BMI,M,,1555,-0.42660000,15.28790000,0.08347000,,true
1557,1,BMI,M,,1556,-0.42740000,15.28740000,0.08348000,,true
1558,1,BMI,M,,1557,-0.42810000,15.28700000,0.08349000,,true
1559,1,BMI,M,,1558,-0.42890000,15.28650000,0.08350000,,true
1560,1,BMI,M,,1559,-0.42970000,15.28610000,0.08351000,,true
1561,1,BMI,M,,1560,-0.43050000,15.28570000,0.08353000,,true
1562,1,BMI,M,,1561,-0.43130000,15.28520000,0.08354000,,true
1563,1,BMI,M,,1562,-0.43210000,15.28480000,0.08355000,,true
1564,1,BMI,M,,1563,-0.43280000,15.28440000,0.08356000,,true
1565,1,BMI,M,,1564,-0.43360000,15.28390000,0.08357000,,true
1566,1,BMI,M,,1565,-0.43440000,15.28350000,0.08359000,,true
1567,1,BMI,M,,1566,-0.43520000,15.28300000,0.08360000,,true
1568,1,BMI,M,,1567,-0.43600000,15.28260000,0.08361000,,true
1569,1,BMI,M,,1568,-0.43680000,15.28220000,0.08362000,,true
1570,1,BMI,M,,1569,-0.43760000,15.28170000,0.08364000,,true
1571,1,BMI,M,,1570,-0.43840000,15.28130000,0.08365000,,true
1572,1,BMI,M,,1571,-0.43920000,15.28090000,0.08366000,,true
1573,1,BMI,M,,1572,-0.44000000,15.28050000,0.08367000,,true
1574,1,BMI,M,,1573,-0.44080000,15.28000000,0.08368000,,true
1575,1,BMI,M,,1574,-0.44170000,15.27960000,0.08370000,,true
1576,1,BMI,M,,1575,-0.44250000,15.27920000,0.08371000,,true
1577,1,BMI,M,,1576,-0.44330000,15.27870000,0.08372000,,true
1578,1,BMI,M,,1577,-0.44410000,15.27830000,0.08373000,,true
1579,1,BMI,M,,1578,-0.44490000,15.27790000,0.08375000,,true
1580,1,BMI,M,,1579,-0.44570000,15.27750000,0.08376000,,true
1581,1,BMI,M,,1580,-0.44650000,15.27700000,0.08377000,,true
1582,1,BMI,M,,1581,-0.44740000,15.27660000,0.08378000,,true
1583,1,BMI,M,,1582,-0.44820000,15.27620000,0.08379000,,true
1584,1,BMI,M,,1583,-0.44900000,15.27580000,0.08381000,,true
1585,1,BMI,M,,1584,-0.44980000,15.27530000,0.08382000,,true
1586,1,BMI,M,,1585,-0.45070000,15.27490000,0.08383000,,true
1587,1,BMI,M,,1586,-0.45150000,15.27450000,0.08384000,,true
1588,1,BMI,M,,1587,-0.45230000,15.27410000,0.08386000,,true
1589,1,BMI,M,,1588,-0.45320000,15.27370000,0.08387000,,true
1590,1,BMI,M,,1589,-0.45400000,15.27320000,0.08388000,,true
1591,1,BMI,M,,1590,-0.45480000,15.27280000,0.08389000,,true
1592,1,BMI,M,,1591,-0.45570000,15.27240000,0.08391000,,true
1593,1,BMI,M,,1592,-0.45650000,15.27200000,0.08392000,,true
1594,1,BMI,M,,1593,-0.45740000,15.27160000,0.08393000,,true
1595,1,BMI,M,,1594,-0.45820000,15.27120000,0.08394000,,true
1596,1,BMI,M,,1595,-0.45900000,15.27080000,0.08395000,,true
1597,1,BMI,M,,1596,-0.45990000,15.27030000,0.08397000,,true
1598,1,BMI,M,,1597,-0.46070000,15.26990000,0.08398000,,true
1599,1,BMI,M,,1598,-0.46160000,15.26950000,0.08399000,,true
1600,1,BMI,M,,1599,-0.46240000,15.26910000,0.08400000,,true
1601,1,BMI,M,,1600,-0.46330000,15.26870000,0.08402000,,true
1602,1,BMI,M,,1601,-0.46410000,15.26830000,0.08403000,,true
1603,1,BMI,M,,1602,-0.46500000,15.26790000,0.08404000,,true
1604,1,BMI,M,,1603,-0.46590000,15.26750000,0.08405000,,true
1605,1,BMI,M,,1604,-0.46670000,15.26710000,0.08407000,,true
1606,1,BMI,M,,1605,-0.46760000,15.26670000,0.08408000,,true
1607,1,BMI,M,,1606,-0.46840000,15.26620000,0.08409000,,true
1608,1,BMI,M,,1607,-0.46930000,15.26580000,0.08410000,,true
1609,1,BMI,M,,1608,-0.47020000,15.26540000,0.08412000,,true
1610,1,BMI,M,,1609,-0.47100000,15.26500000,0.08413000,,true
1611,1,BMI,M,,1610,-0.47190000,15.26460000,0.08414000,,true
1612,1,BMI,M,,1611,-0.47280000,15.26420000,0.08415000,,true
1613,1,BMI,M,,1612,-0.47360000,15.26380000,0.08417000,,true
1614,1,BMI,M,,1613,-0.47450000,15.26340000,0.08418000,,true
1615,1,BMI,M,,1614,-0.47540000,15.26300000,0.08419000,,true
1616,1,BMI,M,,1615,-0.47620000,15.26260000,0.08420000,,true
1617,1,BMI,M,,1616,-0.47710000,15.26220000,0.08422000,,true
1618,1,BMI,M,,1617,-0.47800000,15.26180000,0.08423000,,true
1619,1,BMI,M,,1618,-0.47890000,15.26140000,0.08424000,,true
1620,1,BMI,M,,1619,-0.47980000,15.26100000,0.08425000,,true
1621,1,BMI,M,,1620,-0.48060000,15.26060000,0.08427000,,true
1622,1,BMI,M,,1621,-0.48150000,15.26020000,0.08428000,,true
1623,1,BMI,M,,1622,-0.48240000,15.25980000,0.08429000,,true
1624,1,BMI,M,,1623,-0.48330000,15.25940000,0.08431000,,true
1625,1,BMI,M,,1624,-0.48420000,15.25900000,0.08432000,,true
1626,1,BMI,M,,1625,-0.48510000,15.25860000,0.08433000,,true
1627,1,BMI,M,,1626,-0.48600000,15.25820000,0.08434000,,true
1628,1,BMI,M,,1627,-0.48690000,15.25790000,0.08436000,,true
1629,1,BMI,M,,1628,-0.48770000,15.25750000,0.08437000,,true
1630,1,BMI,M,,1629,-0.48860000,15.25710000,0.08438000,,true
1631,1,BMI,M,,1630,-0.48950000,15.25670000,0.08439000,,true
1632,1,BMI,M,,1631,-0.49040000,15.25630000,0.08441000,,true
1633,1,BMI,M,,1632,-0.49130000,15.25590000,0.08442000,,true
1634,1,BMI,M,,1633,-0.49220000,15.25550000,0.08443000,,true
1635,1,BMI,M,,1634,-0.49310000,15.25510000,0.08444000,,true
1636,1,BMI,M,,1635,-0.49400000,15.25470000,0.08446000,,true
1637,1,BMI,M,,1636,-0.49490000,15.25430000,0.08447000,,true
1638,1,BMI,M,,1637,-0.49580000,15.25400000,0.08448000,,true
1639,1,BMI,M,,1638,-0.49680000,15.25360000,0.08450000,,true
1640,1,BMI,M,,1639,-0.49770000,15.25320000,0.08451000,,true
1641,1,BMI,M,,1640,-0.49860000,15.25280000,0.08452000,,true
1642,1,BMI,M,,1641,-0.49950000,15.25240000,0.08453000,,true
1643,1,BMI,M,,1642,-0.50040000,15.25200000,0.08455000,,true
1644,1,BMI,M,,1643,-0.50130000,15.25160000,0.08456000,,true
1645,1,BMI,M,,1644,-0.50220000,15.25130000,0.08457000,,true
1646,1,BMI,M,,1645,-0.50310000,15.25090000,0.08459000,,true
1647,1,BMI,M,,1646,-0.50400000,15.25050000,0.08460000,,true
1648,1,BMI,M,,1647,-0.50500000,15.25010000,0.08461000,,true
1649,1,BMI,M,,1648,-0.50590000,15.24970000,0.08462000,,true
1650,1,BMI,M,,1649,-0.50680000,15.24940000,0.08464000,,true
1651,1,BMI,M,,1650,-0.50770000,15.24900000,0.08465000,,true
1652,1,BMI,M,,1651,-0.50870000,15.24860000,0.08466000,,true
1653,1,BMI,M,,1652,-0.50960000,15.24820000,0.08468000,,true
1654,1,BMI,M,,1653,-0.51050000,15.24780000,0.08469000,,true
1655,1,BMI,M,,1654,-0.51140000,15.24750000,0.08470000,,true
1656,1,BMI,M,,1655,-0.51240000,15.24710000,0.08471000,,true
1657,1,BMI,M,,1656,-0.51330000,15.24670000,0.08473000,,true
1658,1,BMI,M,,1657,-0.51420000,15.24630000,0.08474000,,true
1659,1,BMI,M,,1658,-0.51510000,15.24600000,0.08475000,,true
1660,1,BMI,M,,1659,-0.51610000,15.24560000,0.08477000,,true
1661,1,BMI,M,,1660,-0.51700000,15.24520000,0.08478000,,true
1662,1,BMI,M,,1661,-0.51800000,15.24480000,0.08479000,,true
1663,1,BMI,M,,1662,-0.51890000,15.24450000,0.08480000,,true
1664,1,BMI,M,,1663,-0.51980000,15.24410000,0.08482000,,true
1665,1,BMI,M,,1664,-0.52080000,15.24370000,0.08483000,,true
1666,1,BMI,M,,1665,-0.52170000,15.24330000,0.08484000,,true
1667,1,BMI,M,,1666,-0.52270000,15.24300000,0.08486000,,true
1668,1,BMI,M,,1667,-0.52360000,15.24260000,0.08487000,,true
1669,1,BMI,M,,1668,-0.52450000,15.24220000,0.08488000,,true
1670,1,BMI,M,,1669,-0.52550000,15.24190000,0.08490000,,true
1671,1,BMI,M,,1670,-0.52640000,15.24150000,0.08491000,,true
1672,1,BMI,M,,1671,-0.52740000,15.24110000,0.08492000,,true
1673,1,BMI,M,,1672,-0.52830000,15.24080000,0.08493000,,true
1674,1,BMI,M,,1673,-0.52930000,15.24040000,0.08495000,,true
1675,1,BMI,M,,1674,-0.53020000,15.24000000,0.08496000,,true
1676,1,BMI,M,,1675,-0.53120000,15.23970000,0.08497000,,true
1677,1,BMI,M,,1676,-0.53210000,15.23930000,0.08499000,,true
1678,1,BMI,M,,1677,-0.53310000,15.23890000,0.08500000,,true
1679,1,BMI,M,,1678,-0.53410000,15.23860000,0.08501000,,true
1680,1,BMI,M,,1679,-0.53500000,15.23820000,0.08503000,,true
1681,1,BMI,M,,1680,-0.53600000,15.23780000,0.08504000,,true
1682,1,BMI,M,,1681,-0.53690000,15.23750000,0.08505000,,true
1683,1,BMI,M,,1682,-0.53790000,15.23710000,0.08506000,,true
1684,1,BMI,M,,1683,-0.53890000,15.23680000,0.08508000,,true
1685,1,BMI,M,,1684,-0.53980000,15.23640000,0.08509000,,true
1686,1,BMI,M,,1685,-0.54080000,15.23600000,0.08510000,,true
1687,1,BMI,M,,1686,-0.54180000,15.23570000,0.08512000,,true
1688,1,BMI,M,,1687,-0.54270000,15.23530000,0.08513000,,true
1689,1,BMI,M,,1688,-0.54370000,15.23500000,0.08514000,,true
1690,1,BMI,M,,1689,-0.54470000,15.23460000,0.08516000,,true
1691,1,BMI,M,,1690,-0.54560000,15.23420000,0.08517000,,true
1692,1,BMI,M,,1691,-0.54660000,15.23390000,0.08518000,,true
1693,1,BMI,M,,1692,-0.54760000,15.23350000,0.08520000,,true
1694,1,BMI,M,,1693,-0.54860000,15.23320000,0.08521000,,true
1695,1,BMI,M,,1694,-0.54950000,15.23280000,0.08522000,,true
1696,1,BMI,M,,1695,-0.55050000,15.23250000,0.08524000,,true
1697,1,BMI,M,,1696,-0.55150000,15.23210000,0.08525000,,true
1698,1,BMI,M,,1697,-0.55250000,15.23180000,0.08526000,,true
1699,1,BMI,M,,1698,-0.55350000,15.23140000,0.08527000,,true
1700,1,BMI,M,,1699,-0.55440000,15.23110000,0.08529000,,true
1701,1,BMI,M,,1700,-0.55540000,15.23070000,0.08530000,,true
1702,1,BMI,M,,1701,-0.55640000,15.23040000,0.08531000,,true
1703,1,BMI,M,,1702,-0.55740000,15.23000000,0.08533000,,true
1704,1,BMI,M,,1703,-0.55840000,15.22970000,0.08534000,,true
1705,1,BMI,M,,1704,-0.55940000,15.22930000,0.08535000,,true
1706,1,BMI,M,,1705,-0.56040000,15.22900000,0.08537000,,true
1707,1,BMI,M,,1706,-0.56140000,15.22860000,0.08538000,,true
1708,1,BMI,M,,1707,-0.56230000,15.22830000,0.08539000,,true
1709,1,BMI,M,,1708,-0.56330000,15.22790000,0.08541000,,true
1710,1,BMI,M,,1709,-0.56430000,15.22760000,0.08542000,,true
1711,1,BMI,M,,1710,-0.56530000,15.22720000,0.08543000,,true
1712,1,BMI,M,,1711,-0.56630000,15.22690000,0.08545000,,true
1713,1,BMI,M,,1712,-0.56730000,15.22650000,0.08546000,,true
1714,1,BMI,M,,1713,-0.56830000,15.22620000,0.08547000,,true
1715,1,BMI,M,,1714,-0.56930000,15.22580000,0.08549000,,true
1716,1,BMI,M,,1715,-0.57030000,15.22550000,0.08550000,,true
1717,1,BMI,M,,1716,-0.57130000,15.22520000,0.08551000,,true
1718,1,BMI,M,,1717,-0.57230000,15.22480000,0.08553000,,true
1719,1,BMI,M,,1718,-0.57330000,15.22450000,0.08554000,,true
1720,1,BMI,M,,1719,-0.57430000,15.22410000,0.08555000,,true
1721,1,BMI,M,,1720,-0.57540000,15.22380000,0.08557000,,true
1722,1,BMI,M,,1721,-0.57640000,15.22350000,0.08558000,,true
1723,1,BMI,M,,1722,-0.57740000,15.22310000,0.08559000,,true
1724,1,BMI,M,,1723,-0.57840000,15.22280000,0.08561000,,true
1725,1,BMI,M,,1724,-0.57940000,15.22240000,0.08562000,,true
1726,1,BMI,M,,1725,-0.58040000,15.22210000,0.08563000,,true
1727,1,BMI,M,,1726,-0.58140000,15.22180000,0.08565000,,true
1728,1,BMI,M,,1727,-0.58240000,15.22140000,0.08566000,,true
1729,1,BMI,M,,1728,-0.58350000,15.22110000,0.08567000,,true
1730,1,BMI,M,,1729,-0.58450000,15.22080000,0.08569000,,true
1731,1,BMI,M,,1730,-0.58550000,15.22040000,0.08570000,,true
1732,1,BMI,M,,1731,-0.58650000,15.22010000,0.08571000,,true
1733,1,BMI,M,,1732,-0.58750000,15.21980000,0.08573000,,true
1734,1,BMI,M,,1733,-0.58860000,15.21940000,0.08574000,,true
1735,1,BMI,M,,1734,-0.58960000,15.21910000,0.08575000,,true
1736,1,BMI,M,,1735,-0.59060000,15.21880000,0.08577000,,true
1737,1,BMI,M,,1736,-0.59160000,15.21840000,0.08578000,,true
1738,1,BMI,M,,1737,-0.59270000,15.21810000,0.08579000,,true
1739,1,BMI,M,,1738,-0.59370000,15.21780000,0.08581000,,true
1740,1,BMI,M,,1739,-0.59470000,15.21750000,0.08582000,,true
1741,1,BMI,M,,1740,-0.59580000,15.21710000,0.08583000,,true
1742,1,BMI,M,,1741,-0.59680000,15.21680000,0.08585000,,true
1743,1,BMI,M,,1742,-0.59780000,15.21650000,0.08586000,,true
1744,1,BMI,M,,1743,-0.59890000,15.21620000,0.08587000,,true
1745,1,BMI,M,,1744,-0.59990000,15.21580000,0.08589000,,true
1746,1,BMI,M,,1745,-0.60090000,15.21550000,0.08590000,,true
1747,1,BMI,M,,1746,-0.60200000,15.21520000,0.08591000,,true
1748,1,BMI,M,,1747,-0.60300000,15.21490000,0.08593000,,true
1749,1,BMI,M,,1748,-0.60400000,15.21450000,0.08594000,,true
1750,1,BMI,M,,1749,-0.60510000,15.21420000,0.08595000,,true
1751,1,BMI,M,,1750,-0.60610000,15.21390000,0.08597000,,true
1752,1,BMI,M,,1751,-0.60720000,15.21360000,0.08598000,,true
1753,1,BMI,M,,1752,-0.60820000,15.21330000,0.08599000,,true
1754,1,BMI,M,,1753,-0.60930000,15.21300000,0.08601000,,true
1755,1,BMI,M,,1754,-0.61030000,15.21260000,0.08602000,,true
1756,1,BMI,M,,1755,-0.61140000,15.21230000,0.08603000,,true
1757,1,BMI,M,,1756,-0.61240000,15.21200000,0.08605000,,true
1758,1,BMI,M,,1757,-0.61350000,15.21170000,0.08606000,,true
1759,1,BMI,M,,1758,-0.61450000,15.21140000,0.08608000,,true
1760,1,BMI,M,,1759,-0.61560000,15.21110000,0.08609000,,true
1761,1,BMI,M,,1760,-0.61660000,15.21080000,0.08610000,,true
1762,1,BMI,M,,1761,-0.61770000,15.21040000,0.08612000,,true
1763,1,BMI,M,,1762,-0.61870000,15.21010000,0.08613000,,true
1764,1,BMI,M,,1763,-0.61980000,15.20980000,0.08614000,,true
1765,1,BMI,M,,1764,-0.62090000,15.20950000,0.08616000,,true
1766,1,BMI,M,,1765,-0.62190000,15.20920000,0.08617000,,true
1767,1,BMI,M,,1766,-0.62300000,15.20890000,0.08618000,,true
1768,1,BMI,M,,1767,-0.62410000,15.20860000,0.08620000,,true
1769,1,BMI,M,,1768,-0.62510000,15.20830000,0.08621000,,true
1770,1,BMI,M,,1769,-0.62620000,15.20800000,0.08622000,,true
1771,1,BMI,M,,1770,-0.62730000,15.20770000,0.08624000,,true
1772,1,BMI,M,,1771,-0.62830000,15.20740000,0.08625000,,true
1773,1,BMI,M,,1772,-0.62940000,15.20710000,0.08626000,,true
1774,1,BMI,M,,1773,-0.63050000,15.20680000,0.08628000,,true
1775,1,BMI,M,,1774,-0.63150000,15.20650000,0.08629000,,true
1776,1,BMI,M,,1775,-0.63260000,15.20610000,0.08630000,,true
1777,1,BMI,M,,1776,-0.63370000,15.20580000,0.08632000,,true
1778,1,BMI,M,,1777,-0.63480000,15.20550000,0.08633000,,true
1779,1,BMI,M,,1778,-0.63580000,15.20520000,0.08634000,,true
1780,1,BMI,M,,1779,-0.63690000,15.20490000,0.08636000,,true
1781,1,BMI,M,,1780,-0.63800000,15.20470000,0.08637000,,true
1782,1,BMI,M,,1781,-0.63910000,15.20440000,0.08639000,,true
1783,1,BMI,M,,1782,-0.64020000,15.20410000,0.08640000,,true
1784,1,BMI,M,,1783,-0.64120000,15.20380000,0.08641000,,true
1785,1,BMI,M,,1784,-0.64230000,15.20350000,0.08643000,,true
1786,1,BMI,M,,1785,-0.64340000,15.20320000,0.08644000,,true
1787,1,BMI,M,,1786,-0.64450000,15.20290000,0.08645000,,true
1788,1,BMI,M,,1787,-0.64560000,15.20260000,0.08647000,,true
1789,1,BMI,M,,1788,-0.64670000,15.20230000,0.08648000,,true
1790,1,BMI,M,,1789,-0.64780000,15.20200000,0.08649000,,true
1791,1,BMI,M,,1790,-0.64880000,15.20170000,0.08651000,,true
1792,1,BMI,M,,1791,-0.64990000,15.20140000,0.08652000,,true
1793,1,BMI,M,,1792,-0.65100000,15.20110000,0.08653000,,true
1794,1,BMI,M,,1793,-0.65210000,15.20080000,0.08655000,,true
1795,1,BMI,M,,1794,-0.65320000,15.20050000,0.08656000,,true
1796,1,BMI,M,,1795,-0.65430000,15.20030000,0.08657000,,true
1797,1,BMI,M,,1796,-0.65540000,15.20000000,0.08659000,,true
1798,1,BMI,M,,1797,-0.65650000,15.19970000,0.08660000,,true
1799,1,BMI,M,,1798,-0.65760000,15.19940000,0.08662000,,true
1800,1,BMI,M,,1799,-0.65870000,15.19910000,0.08663000,,true
1801,1,BMI,M,,1800,-0.65980000,15.19880000,0.08664000,,true
1802,1,BMI,M,,1801,-0.66090000,15.19850000,0.08666000,,true
1803,1,BMI,M,,1802,-0.66200000,15.19830000,0.08667000,,true
1804,1,BMI,M,,1803,-0.66310000,15.19800000,0.08668000,,true
1805,1,BMI,M,,1804,-0.66420000,15.19770000,0.08670000,,true
1806,1,BMI,M,,1805,-0.66530000,15.19740000,0.08671000,,true
1807,1,BMI,M,,1806,-0.66650000,15.19710000,0.08672000,,true
1808,1,BMI,M,,1807,-0.66760000,15.19690000,0.08674000,,true
1809,1,BMI,M,,1808,-0.66870000,15.19660000,0.08675000,,true
1810,1,BMI,M,,1809,-0.66980000,15.19630000,0.08676000,,true
1811,1,BMI,M,,1810,-0.67090000,15.19600000,0.08678000,,true
1812,1,BMI,M,,1811,-0.67200000,15.19580000,0.08679000,,true
1813,1,BMI,M,,1812,-0.67310000,15.19550000,0.08680000,,true
1814,1,BMI,M,,1813,-0.67430000,15.19520000,0.08682000,,true
1815,1,BMI,M,,1814,-0.67540000,15.19490000,0.08683000,,true
1816,1,BMI,M,,1815,-0.67650000,15.19470000,0.08685000,,true
1817,1,BMI,M,,1816,-0.67760000,15.19440000,0.08686000,,true
1818,1,BMI,M,,1817,-0.67870000,15.19410000,0.08687000,,true
1819,1,BMI,M,,1818,-0.67990000,15.19380000,0.08689000,,true
1820,1,BMI,M,,1819,-0.68100000,15.19360000,0.08690000,,true
1821,1,BMI,M,,1820,-0.68210000,15.19330000,0.08691000,,true
1822,1,BMI,M,,1821,-0.68330000,15.19300000,0.08693000,,true
1823,1,BMI,M,,1822,-0.68440000,15.19280000,0.08694000,,true
1824,1,BMI,M,,1823,-0.68550000,15.19250000,0.08695000,,true
1825,1,BMI,M,,1824,-0.68660000,15.19220000,0.08697000,,true
1826,1,BMI,M,,1825,-0.68780000,15.19200000,0.08698000,,true
1827,1,BMI,M,,1826,-0.68890000,15.19170000,0.08699000,,true
1828,1,BMI,M,,1827,-0.69000000,15.19140000,0.08701000,,true
1829,1,BMI,M,,1828,-0.69120000,15.19120000,0.08702000,,true
1830,1,BMI,M,,1829,-0.69230000,15.19090000,0.08704000,,true
1831,1,BMI,M,,1830,-0.69350000,15.19060000,0.08705000,,true
1832,1,BMI,M,,1831,-0.69460000,15.19040000,0.08706000,,true
1833,1,BMI,M,,1832,-0.69570000,15.19010000,0.08708000,,true
1834,1,BMI,M,,1833,-0.69690000,15.18990000,0.08709000,,true
1835,1,BMI,M,,1834,-0.69800000,15.18960000,0.08710000,,true
1836,1,BMI,M,,1835,-0.69920000,15.18930000,0.08712000,,true
1837,1,BMI,M,,1836,-0.70030000,15.18910000,0.08713000,,true
1838,1,BMI,M,,1837,-0.70150000,15.18880000,0.08714000,,true
1839,1,BMI,M,,1838,-0.70260000,15.18860000,0.08716000,,true
1840,1,BMI,M,,1839,-0.70380000,15.18830000,0.08717000,,true
1841,1,BMI,M,,1840,-0.70490000,15.18800000,0.08718000,,true
1842,1,BMI,M,,1841,-0.70610000,15.18780000,0.08720000,,true
1843,1,BMI,M,,1842,-0.70720000,15.18750000,0.08721000,,true
1844,1,BMI,M,,1843,-0.70840000,15.18730000,0.08722000,,true
1845,1,BMI,M,,1844,-0.70950000,15.18700000,0.08724000,,true
1846,1,BMI,M,,1845,-0.71070000,15.18680000,0.08725000,,true
1847,1,BMI,M,,1846,-0.71180000,15.18650000,0.08727000,,true
1848,1,BMI,M,,1847,-0.71300000,15.18630000,0.08728000,,true
1849,1,BMI,M,,1848,-0.71410000,15.18600000,0.08729000,,true
1850,1,BMI,M,,1849,-0.71530000,15.18580000,0.08731000,,true
1851,1,BMI,M,,1850,-0.71650000,15.18550000,0.08732000,,true
1852,1,BMI,M,,1851,-0.71760000,15.18530000,0.08733000,,true
1853,1,BMI,M,,1852,-0.71880000,15.18500000,0.08735000,,true
1854,1,BMI,M,,1853,-0.72000000,15.18480000,0.08736000,,true
1855,1,BMI,M,,1854,-0.72110000,15.18450000,0.08737000,,true
1856,1,BMI,M,,1855,-0.72230000,15.18430000,0.08739000,,true
1857,1,BMI,M,,1856,-0.72350000,15.18400000,0.08740000,,true
1858,2,BMI,F,,0,-0.06310000,13.33630000,0.09272000,,true
1859,2,BMI,F,,1,0.03620000,13.31850000,0.09360000,,true
1860,2,BMI,F,,2,0.13550000,13.30060000,0.09448000,,true
1861,2,BMI,F,,3,0.23470000,13.28280000,0.09535000,,true
1862,2,BMI,F,,4,0.33400000,13.26490000,0.09623000,,true
1863,2,BMI,F,,5,0.43330000,13.24700000,0.09711000,,true
1864,2,BMI,F,,6,0.53260000,13.22920000,0.09799000,,true
1865,2,BMI,F,,7,0.63190000,13.21130000,0.09887000,,true
1866,2,BMI,F,,8,0.61420000,13.24550000,0.09866000,,true
1867,2,BMI,F,,9,0.59650000,13.27960000,0.09845000,,true
1868,2,BMI,F,,10,0.57890000,13.31370000,0.09824000,,true
1869,2,BMI,F,,11,0.56120000,13.34780000,0.09804000,,true
1870,2,BMI,F,,12,0.54350000,13.38190000,0.09783000,,true
1871,2,BMI,F,,13,0.52580000,13.41600000,0.09762000,,true
1872,2,BMI,F,,14,0.50820000,13.45010000,0.09741000,,true
1873,2,BMI,F,,15,0.49470000,13.51690000,0.09726000,,true
1874,2,BMI,F,,16,0.48200000,13.58730000,0.09711000,,true
1875,2,BMI,F,,17,0.46990000,13.65950000,0.09697000,,true
1876,2,BMI,F,,18,0.45830000,13.73250000,0.09684000,,true
1877,2,BMI,F,,19,0.44720000,13.80560000,0.09671000,,true
1878,2,BMI,F,,20,0.43650000,13.87840000,0.09659000,,true
1879,2,BMI,F,,21,0.42630000,13.95050000,0.09647000,,true
1880,2,BMI,F,,22,0.41640000,14.02160000,0.09636000,,true
1881,2,BMI,F,,23,0.40690000,14.09160000,0.09625000,,true
1882,2,BMI,F,,24,0.39770000,14.16030000,0.09615000,,true
1883,2,BMI,F,,25,0.38880000,14.22760000,0.09605000,,true
1884,2,BMI,F,,26,0.38020000,14.29350000,0.09595000,,true
1885,2,BMI,F,,27,0.37180000,14.35790000,0.09586000,,true
1886,2,BMI,F,,28,0.36370000,14.42080000,0.09577000,,true
1887,2,BMI,F,,29,0.35580000,14.48240000,0.09568000,,true
1888,2,BMI,F,,30,0.34810000,14.54220000,0.09559000,,true
1889,2,BMI,F,,31,0.34060000,14.60030000,0.09551000,,true
1890,2,BMI,F,,32,0.33330000,14.65660000,0.09543000,,true
1891,2,BMI,F,,33,0.32620000,14.71120000,0.09535000,,true
1892,2,BMI,F,,34,0.31920000,14.76420000,0.09527000,,true
1893,2,BMI,F,,35,0.31240000,14.81570000,0.09520000,,true
1894,2,BMI,F,,36,0.30580000,14.86570000,0.09513000,,true
1895,2,BMI,F,,37,0.29930000,14.91420000,0.09506000,,true
1896,2,BMI,F,,38,0.29290000,14.96140000,0.09499000,,true
1897,2,BMI,F,,39,0.28670000,15.00730000,0.09492000,,true
1898,2,BMI,F,,40,0.28060000,15.05200000,0.09485000,,true
1899,2,BMI,F,,41,0.27470000,15.09550000,0.09479000,,true
1900,2,BMI,F,,42,0.26880000,15.13800000,0.09472000,,true
1901,2,BMI,F,,43,0.26300000,15.17940000,0.09466000,,true
1902,2,BMI,F,,44,0.25740000,15.21980000,0.09460000,,true
1903,2,BMI,F,,45,0.25190000,15.25910000,0.09454000,,true
1904,2,BMI,F,,46,0.24640000,15.29740000,0.09448000,,true
1905,2,BMI,F,,47,0.24110000,15.33470000,0.09442000,,true
1906,2,BMI,F,,48,0.23580000,15.37090000,0.09436000,,true
1907,2,BMI,F,,49,0.23060000,15.40630000,0.09431000,,true
1908,2,BMI,F,,50,0.22550000,15.44080000,0.09425000,,true
1909,2,BMI,F,,51,0.22050000,15.47440000,0.09420000,,true
1910,2,BMI,F,,52,0.21560000,15.50720000,0.09415000,,true
1911,2,BMI,F,,53,0.21070000,15.53930000,0.09410000,,true
1912,2,BMI,F,,54,0.20590000,15.57060000,0.09404000,,true
1913,2,BMI,F,,55,0.20120000,15.60120000,0.09399000,,true
1914,2,BMI,F,,56,0.19660000,15.63110000,0.09394000,,true
1915,2,BMI,F,,57,0.19200000,15.66040000,0.09389000,,true
1916,2,BMI,F,,58,0.18750000,15.68900000,0.09385000,,true
1917,2,BMI,F,,59,0.18300000,15.71700000,0.09380000,,true
1918,2,BMI,F,,60,0.17870000,15.74440000,0.09375000,,true
1919,2,BMI,F,,61,0.17430000,15.77130000,0.09371000,,true
1920,2,BMI,F,,62,0.17000000,15.79750000,0.09366000,,true
1921,2,BMI,F,,63,0.16580000,15.82320000,0.09361000,,true
1922,2,BMI,F,,64,0.16170000,15.84830000,0.09357000,,true
1923,2,BMI,F,,65,0.15750000,15.87290000,0.09353000,,true
1924,2,BMI,F,,66,0.15350000,15.89680000,0.09348000,,true
1925,2,BMI,F,,67,0.14950000,15.92020000,0.09344000,,true
1926,2,BMI,F,,68,0.14550000,15.94310000,0.09340000,,true
1927,2,BMI,F,,69,0.14160000,15.96550000,0.09336000,,true
1928,2,BMI,F,,70,0.13770000,15.98740000,0.09332000,,true
1929,2,BMI,F,,71,0.13390000,16.00870000,0.09328000,,true
1930,2,BMI,F,,72,0.13010000,16.02970000,0.09324000,,true
1931,2,BMI,F,,73,0.12630000,16.05010000,0.09320000,,true
1932,2,BMI,F,,74,0.12260000,16.07020000,0.09316000,,true
1933,2,BMI,F,,75,0.11900000,16.08970000,0.09312000,,true
1934,2,BMI,F,,76,0.11540000,16.10890000,0.09308000,,true
1935,2,BMI,F,,77,0.11180000,16.12770000,0.09304000,,true
1936,2,BMI,F,,78,0.10820000,16.14610000,0.09300000,,true
1937,2,BMI,F,,79,0.10470000,16.16400000,0.09297000,,true
1938,2,BMI,F,,80,0.10130000,16.18170000,0.09293000,,true
1939,2,BMI,F,,81,0.09780000,16.19890000,0.09289000,,true
1940,2,BMI,F,,82,0.09440000,16.21580000,0.09286000,,true
1941,2,BMI,F,,83,0.09110000,16.23230000,0.09282000,,true
1942,2,BMI,F,,84,0.08770000,16.24850000,0.09279000,,true
1943,2,BMI,F,,85,0.08440000,16.26440000,0.09275000,,true
1944,2,BMI,F,,86,0.08110000,16.28000000,0.09272000,,true
1945,2,BMI,F,,87,0.07790000,16.29520000,0.09268000,,true
1946,2,BMI,F,,88,0.07470000,16.31010000,0.09265000,,true
1947,2,BMI,F,,89,0.07150000,16.32470000,0.09262000,,true
1948,2,BMI,F,,90,0.06840000,16.33900000,0.09258000,,true
1949,2,BMI,F,,91,0.06520000,16.35310000,0.09255000,,true
1950,2,BMI,F,,92,0.06210000,16.36680000,0.09252000,,true
1951,2,BMI,F,,93,0.05910000,16.38030000,0.09249000,,true
1952,2,BMI,F,,94,0.05600000,16.39350000,0.09245000,,true
1953,2,BMI,F,,95,0.05300000,16.40650000,0.09242000,,true
1954,2,BMI,F,,96,0.05000000,16.41920000,0.09239000,,true
1955,2,BMI,F,,97,0.04710000,16.43160000,0.09236000,,true
1956,2,BMI,F,,98,0.04420000,16.44380000,0.09233000,,true
1957,2,BMI,F,,99,0.04120000,16.45570000,0.09230000,,true
1958,2,BMI,F,,100,0.03840000,16.46730000,0.09227000,,true
1959,2,BMI,F,,101,0.03550000,16.47880000,0.09224000,,true
1960,2,BMI,F,,102,0.03270000,16.49000000,0.09221000,,true
1961,2,BMI,F,,103,0.02980000,16.50090000,0.09218000,,true
1962,2,BMI,F,,104,0.02700000,16.51170000,0.09215000,,true
1963,2,BMI,F,,105,0.02430000,16.52220000,0.09212000,,true
1964,2,BMI,F,,106,0.02150000,16.53250000,0.09209000,,true
1965,2,BMI,F,,107,0.01880000,16.54260000,0.09206000,,true
1966,2,BMI,F,,108,0.01610000,16.55250000,0.09203000,,true
1967,2,BMI,F,,109,0.01340000,16.56220000,0.09201000,,true
1968,2,BMI,F,,110,0.01070000,16.57170000,0.09198000,,true
1969,2,BMI,F,,111,0.00810000,16.58100000,0.09195000,,true
1970,2,BMI,F,,112,0.00550000,16.59010000,0.09192000,,true
1971,2,BMI,F,,113,0.00290000,16.59910000,0.09189000,,true
1972,2,BMI,F,,114,0.00030000,16.60780000,0.09187000,,true
1973,2,BMI,F,,115,-0.00230000,16.61640000,0.09184000,,true
1974,2,BMI,F,,116,-0.00480000,16.62490000,0.09181000,,true
1975,2,BMI,F,,117,-0.00740000,16.63310000,0.09179000,,true
1976,2,BMI,F,,118,-0.00990000,16.64120000,0.09176000,,true
1977,2,BMI,F,,119,-0.01240000,16.64920000,0.09173000,,true
1978,2,BMI,F,,120,-0.01480000,16.65700000,0.09171000,,true
1979,2,BMI,F,,121,-0.01730000,16.66470000,0.09168000,,true
1980,2,BMI,F,,122,-0.01970000,16.67220000,0.09166000,,true
1981,2,BMI,F,,123,-0.02220000,16.67950000,0.09163000,,true
1982,2,BMI,F,,124,-0.02460000,16.68680000,0.09161000,,true
1983,2,BMI,F,,125,-0.02700000,16.69390000,0.09158000,,true
1984,2,BMI,F,,126,-0.02930000,16.70090000,0.09156000,,true
1985,2,BMI,F,,127,-0.03170000,16.70770000,0.09153000,,true
1986,2,BMI,F,,128,-0.03400000,16.71440000,0.09151000,,true
1987,2,BMI,F,,129,-0.03640000,16.72100000,0.09148000,,true
1988,2,BMI,F,,130,-0.03870000,16.72740000,0.09146000,,true
1989,2,BMI,F,,131,-0.04100000,16.73370000,0.09143000,,true
1990,2,BMI,F,,132,-0.04330000,16.73990000,0.09141000,,true
1991,2,BMI,F,,133,-0.04550000,16.74600000,0.09139000,,true
1992,2,BMI,F,,134,-0.04780000,16.75190000,0.09136000,,true
1993,2,BMI,F,,135,-0.05000000,16.75770000,0.09134000,,true
1994,2,BMI,F,,136,-0.05220000,16.76340000,0.09131000,,true
1995,2,BMI,F,,137,-0.05450000,16.76890000,0.09129000,,true
1996,2,BMI,F,,138,-0.05660000,16.77430000,0.09127000,,true
1997,2,BMI,F,,139,-0.05880000,16.77970000,0.09125000,,true
1998,2,BMI,F,,140,-0.06100000,16.78480000,0.09122000,,true
1999,2,BMI,F,,141,-0.06320000,16.78990000,0.09120000,,true
2000,2,BMI,F,,142,-0.06530000,16.79480000,0.09118000,,true
2001,2,BMI,F,,143,-0.06740000,16.79970000,0.09116000,,true
2002,2,BMI,F,,144,-0.06960000,16.80440000,0.09113000,,true
2003,2,BMI,F,,145,-0.07170000,16.80900000,0.09111000,,true
2004,2,BMI,F,,146,-0.07370000,16.81340000,0.09109000,,true
2005,2,BMI,F,,147,-0.07580000,16.81780000,0.09107000,,true
2006,2,BMI,F,,148,-0.07790000,16.82200000,0.09104000,,true
2007,2,BMI,F,,149,-0.08000000,16.82620000,0.09102000,,true
2008,2,BMI,F,,150,-0.08200000,16.83020000,0.09100000,,true
2009,2,BMI,F,,151,-0.08400000,16.83410000,0.09098000,,true
2010,2,BMI,F,,152,-0.08600000,16.83790000,0.09096000,,true
2011,2,BMI,F,,153,-0.08810000,16.84160000,0.09094000,,true
2012,2,BMI,F,,154,-0.09010000,16.84520000,0.09092000,,true
2013,2,BMI,F,,155,-0.09200000,16.84870000,0.09090000,,true
2014,2,BMI,F,,156,-0.09400000,16.85210000,0.09088000,,true
2015,2,BMI,F,,157,-0.09600000,16.85540000,0.09085000,,true
2016,2,BMI,F,,158,-0.09790000,16.85860000,0.09083000,,true
2017,2,BMI,F,,159,-0.09990000,16.86170000,0.09081000,,true
2018,2,BMI,F,,160,-0.10180000,16.86480000,0.09079000,,true
2019,2,BMI,F,,161,-0.10370000,16.86770000,0.09077000,,true
2020,2,BMI,F,,162,-0.10560000,16.87050000,0.09075000,,true
2021,2,BMI,F,,163,-0.10750000,16.87320000,0.09073000,,true
2022,2,BMI,F,,164,-0.10940000,16.87590000,0.09071000,,true
2023,2,BMI,F,,165,-0.11130000,16.87840000,0.09069000,,true
2024,2,BMI,F,,166,-0.11320000,16.88080000,0.09067000,,true
2025,2,BMI,F,,167,-0.11500000,16.88320000,0.09065000,,true
2026,2,BMI,F,,168,-0.11690000,16.88540000,0.09063000,,true
2027,2,BMI,F,,169,-0.11870000,16.88760000,0.09061000,,true
2028,2,BMI,F,,170,-0.12060000,16.88970000,0.09059000,,true
2029,2,BMI,F,,171,-0.12240000,16.89170000,0.09058000,,true
2030,2,BMI,F,,172,-0.12420000,16.89360000,0.09056000,,true
2031,2,BMI,F,,173,-0.12600000,16.89540000,0.09054000,,true
2032,2,BMI,F,,174,-0.12780000,16.89710000,0.09052000,,true
2033,2,BMI,F,,175,-0.12960000,16.89870000,0.09050000,,true
2034,2,BMI,F,,176,-0.13140000,16.90020000,0.09048000,,true
2035,2,BMI,F,,177,-0.13310000,16.90170000,0.09046000,,true
2036,2,BMI,F,,178,-0.13490000,16.90310000,0.09044000,,true
2037,2,BMI,F,,179,-0.13660000,16.90430000,0.09043000,,true
2038,2,BMI,F,,180,-0.13840000,16.90550000,0.09041000,,true
2039,2,BMI,F,,181,-0.14010000,16.90660000,0.09039000,,true
2040,2,BMI,F,,182,-0.14180000,16.90770000,0.09037000,,true
2041,2,BMI,F,,183,-0.14360000,16.90860000,0.09035000,,true
2042,2,BMI,F,,184,-0.14530000,16.90950000,0.09033000,,true
2043,2,BMI,F,,185,-0.14700000,16.91020000,0.09032000,,true
2044,2,BMI,F,,186,-0.14870000,16.91090000,0.09030000,,true
2045,2,BMI,F,,187,-0.15030000,16.91160000,0.09028000,,true
2046,2,BMI,F,,188,-0.15200000,16.91210000,0.09026000,,true
2047,2,BMI,F,,189,-0.15370000,16.91250000,0.09024000,,true
2048,2,BMI,F,,190,-0.15540000,16.91290000,0.09023000,,true
2049,2,BMI,F,,191,-0.15700000,16.91320000,0.09021000,,true
2050,2,BMI,F,,192,-0.15870000,16.91350000,0.09019000,,true
2051,2,BMI,F,,193,-0.16030000,16.91360000,0.09017000,,true
2052,2,BMI,F,,194,-0.16190000,16.91370000,0.09016000,,true
2053,2,BMI,F,,195,-0.16350000,16.91370000,0.09014000,,true
2054,2,BMI,F,,196,-0.16520000,16.91360000,0.09012000,,true
2055,2,BMI,F,,197,-0.16680000,16.91350000,0.09011000,,true
2056,2,BMI,F,,198,-0.16840000,16.91330000,0.09009000,,true
2057,2,BMI,F,,199,-0.17000000,16.91300000,0.09007000,,true
2058,2,BMI,F,,200,-0.17150000,16.91270000,0.09006000,,true
2059,2,BMI,F,,201,-0.17310000,16.91220000,0.09004000,,true
2060,2,BMI,F,,202,-0.17470000,16.91180000,0.09002000,,true
2061,2,BMI,F,,203,-0.17630000,16.91120000,0.09001000,,true
2062,2,BMI,F,,204,-0.17780000,16.91060000,0.08999000,,true
2063,2,BMI,F,,205,-0.17940000,16.90990000,0.08997000,,true
2064,2,BMI,F,,206,-0.18090000,16.90910000,0.08996000,,true
2065,2,BMI,F,,207,-0.18240000,16.90830000,0.08994000,,true
2066,2,BMI,F,,208,-0.18400000,16.90740000,0.08992000,,true
2067,2,BMI,F,,209,-0.18550000,16.90650000,0.08991000,,true
2068,2,BMI,F,,210,-0.18700000,16.90550000,0.08989000,,true
2069,2,BMI,F,,211,-0.18850000,16.90440000,0.08988000,,true
2070,2,BMI,F,,212,-0.19000000,16.90330000,0.08986000,,true
2071,2,BMI,F,,213,-0.19150000,16.90210000,0.08984000,,true
2072,2,BMI,F,,214,-0.19300000,16.90080000,0.08983000,,true
2073,2,BMI,F,,215,-0.19450000,16.89950000,0.08981000,,true
2074,2,BMI,F,,216,-0.19600000,16.89810000,0.08980000,,true
2075,2,BMI,F,,217,-0.19750000,16.89670000,0.08978000,,true
2076,2,BMI,F,,218,-0.19890000,16.89520000,0.08976000,,true
2077,2,BMI,F,,219,-0.20040000,16.89370000,0.08975000,,true
2078,2,BMI,F,,220,-0.20180000,16.89210000,0.08973000,,true
2079,2,BMI,F,,221,-0.20330000,16.89050000,0.08972000,,true
2080,2,BMI,F,,222,-0.20470000,16.88880000,0.08970000,,true
2081,2,BMI,F,,223,-0.20620000,16.88700000,0.08969000,,true
2082,2,BMI,F,,224,-0.20760000,16.88520000,0.08967000,,true
2083,2,BMI,F,,225,-0.20900000,16.88340000,0.08966000,,true
2084,2,BMI,F,,226,-0.21040000,16.88140000,0.08964000,,true
2085,2,BMI,F,,227,-0.21190000,16.87950000,0.08963000,,true
2086,2,BMI,F,,228,-0.21330000,16.87750000,0.08961000,,true
2087,2,BMI,F,,229,-0.21470000,16.87540000,0.08960000,,true
2088,2,BMI,F,,230,-0.21610000,16.87330000,0.08958000,,true
2089,2,BMI,F,,231,-0.21750000,16.87120000,0.08957000,,true
2090,2,BMI,F,,232,-0.21880000,16.86900000,0.08955000,,true
2091,2,BMI,F,,233,-0.22020000,16.86670000,0.08954000,,true
2092,2,BMI,F,,234,-0.22160000,16.86440000,0.08952000,,true
2093,2,BMI,F,,235,-0.22300000,16.86210000,0.08951000,,true
2094,2,BMI,F,,236,-0.22430000,16.85970000,0.08949000,,true
2095,2,BMI,F,,237,-0.22570000,16.85720000,0.08948000,,true
2096,2,BMI,F,,238,-0.22700000,16.85480000,0.08947000,,true
2097,2,BMI,F,,239,-0.22840000,16.85220000,0.08945000,,true
2098,2,BMI,F,,240,-0.22970000,16.84970000,0.08944000,,true
2099,2,BMI,F,,241,-0.23110000,16.84710000,0.08942000,,true
2100,2,BMI,F,,242,-0.23240000,16.84440000,0.08941000,,true
2101,2,BMI,F,,243,-0.23370000,16.84170000,0.08939000,,true
2102,2,BMI,F,,244,-0.23510000,16.83900000,0.08938000,,true
2103,2,BMI,F,,245,-0.23640000,16.83620000,0.08937000,,true
2104,2,BMI,F,,246,-0.23770000,16.83340000,0.08935000,,true
2105,2,BMI,F,,247,-0.23900000,16.83050000,0.08934000,,true
2106,2,BMI,F,,248,-0.24030000,16.82760000,0.08932000,,true
2107,2,BMI,F,,249,-0.24160000,16.82470000,0.08931000,,true
2108,2,BMI,F,,250,-0.24290000,16.82170000,0.08930000,,true
2109,2,BMI,F,,251,-0.24420000,16.81870000,0.08928000,,true
2110,2,BMI,F,,252,-0.24550000,16.81570000,0.08927000,,true
2111,2,BMI,F,,253,-0.24670000,16.81260000,0.08926000,,true
2112,2,BMI,F,,254,-0.24800000,16.80950000,0.08924000,,true
2113,2,BMI,F,,255,-0.24930000,16.80630000,0.08923000,,true
2114,2,BMI,F,,256,-0.25050000,16.80310000,0.08921000,,true
2115,2,BMI,F,,257,-0.25180000,16.79990000,0.08920000,,true
2116,2,BMI,F,,258,-0.25310000,16.79670000,0.08919000,,true
2117,2,BMI,F,,259,-0.25430000,16.79340000,0.08917000,,true
2118,2,BMI,F,,260,-0.25560000,16.79000000,0.08916000,,true
2119,2,BMI,F,,261,-0.25680000,16.78670000,0.08915000,,true
2120,2,BMI,F,,262,-0.25800000,16.78330000,0.08913000,,true
2121,2,BMI,F,,263,-0.25930000,16.77990000,0.08912000,,true
2122,2,BMI,F,,264,-0.26050000,16.77640000,0.08911000,,true
2123,2,BMI,F,,265,-0.26170000,16.77300000,0.08909000,,true
2124,2,BMI,F,,266,-0.26300000,16.76950000,0.08908000,,true
2125,2,BMI,F,,267,-0.26420000,16.76590000,0.08907000,,true
2126,2,BMI,F,,268,-0.26540000,16.76240000,0.08906000,,true
2127,2,BMI,F,,269,-0.26660000,16.75880000,0.08904000,,true
2128,2,BMI,F,,270,-0.26780000,16.75510000,0.08903000,,true
2129,2,BMI,F,,271,-0.26900000,16.75150000,0.08902000,,true
2130,2,BMI,F,,272,-0.27020000,16.74780000,0.08900000,,true
2131,2,BMI,F,,273,-0.27140000,16.74410000,0.08899000,,true
2132,2,BMI,F,,274,-0.27260000,16.74040000,0.08898000,,true
2133,2,BMI,F,,275,-0.27370000,16.73670000,0.08897000,,true
2134,2,BMI,F,,276,-0.27490000,16.73290000,0.08895000,,true
2135,2,BMI,F,,277,-0.27610000,16.72910000,0.08894000,,true
2136,2,BMI,F,,278,-0.27730000,16.72530000,0.08893000,,true
2137,2,BMI,F,,279,-0.27840000,16.72140000,0.08892000,,true
2138,2,BMI,F,,280,-0.27960000,16.71760000,0.08890000,,true
2139,2,BMI,F,,281,-0.28080000,16.71370000,0.08889000,,true
2140,2,BMI,F,,282,-0.28190000,16.70980000,0.08888000,,true
2141,2,BMI,F,,283,-0.28310000,16.70590000,0.08887000,,true
2142,2,BMI,F,,284,-0.28420000,16.70190000,0.08885000,,true
2143,2,BMI,F,,285,-0.28540000,16.69800000,0.08884000,,true
2144,2,BMI,F,,286,-0.28650000,16.69400000,0.08883000,,true
2145,2,BMI,F,,287,-0.28760000,16.69000000,0.08882000,,true
2146,2,BMI,F,,288,-0.28880000,16.68600000,0.08881000,,true
2147,2,BMI,F,,289,-0.28990000,16.68200000,0.08879000,,true
2148,2,BMI,F,,290,-0.29100000,16.67790000,0.08878000,,true
2149,2,BMI,F,,291,-0.29220000,16.67390000,0.08877000,,true
2150,2,BMI,F,,292,-0.29330000,16.66980000,0.08876000,,true
2151,2,BMI,F,,293,-0.29440000,16.66570000,0.08874000,,true
2152,2,BMI,F,,294,-0.29550000,16.66160000,0.08873000,,true
2153,2,BMI,F,,295,-0.29660000,16.65750000,0.08872000,,true
2154,2,BMI,F,,296,-0.29770000,16.65340000,0.08871000,,true
2155,2,BMI,F,,297,-0.29880000,16.64920000,0.08870000,,true
2156,2,BMI,F,,298,-0.29990000,16.64510000,0.08869000,,true
2157,2,BMI,F,,299,-0.30100000,16.64090000,0.08867000,,true
2158,2,BMI,F,,300,-0.30210000,16.63670000,0.08866000,,true
2159,2,BMI,F,,301,-0.30320000,16.63260000,0.08865000,,true
2160,2,BMI,F,,302,-0.30430000,16.62840000,0.08864000,,true
2161,2,BMI,F,,303,-0.30530000,16.62420000,0.08863000,,true
2162,2,BMI,F,,304,-0.30640000,16.62000000,0.08862000,,true
2163,2,BMI,F,,305,-0.30750000,16.61570000,0.08860000,,true
2164,2,BMI,F,,306,-0.30860000,16.61150000,0.08859000,,true
2165,2,BMI,F,,307,-0.30960000,16.60730000,0.08858000,,true
2166,2,BMI,F,,308,-0.31070000,16.60300000,0.08857000,,true
2167,2,BMI,F,,309,-0.31180000,16.59880000,0.08856000,,true
2168,2,BMI,F,,310,-0.31280000,16.59450000,0.08855000,,true
2169,2,BMI,F,,311,-0.31390000,16.59030000,0.08854000,,true
2170,2,BMI,F,,312,-0.31490000,16.58600000,0.08852000,,true
2171,2,BMI,F,,313,-0.31600000,16.58170000,0.08851000,,true
2172,2,BMI,F,,314,-0.31700000,16.57740000,0.08850000,,true
2173,2,BMI,F,,315,-0.31810000,16.57310000,0.08849000,,true
2174,2,BMI,F,,316,-0.31910000,16.56880000,0.08848000,,true
2175,2,BMI,F,,317,-0.32010000,16.56450000,0.08847000,,true
2176,2,BMI,F,,318,-0.32120000,16.56020000,0.08846000,,true
2177,2,BMI,F,,319,-0.32220000,16.55590000,0.08845000,,true
2178,2,BMI,F,,320,-0.32320000,16.55160000,0.08843000,,true
2179,2,BMI,F,,321,-0.32420000,16.54730000,0.08842000,,true
2180,2,BMI,F,,322,-0.32530000,16.54300000,0.08841000,,true
2181,2,BMI,F,,323,-0.32630000,16.53870000,0.08840000,,true
2182,2,BMI,F,,324,-0.32730000,16.53430000,0.08839000,,true
2183,2,BMI,F,,325,-0.32830000,16.53000000,0.08838000,,true
2184,2,BMI,F,,326,-0.32930000,16.52570000,0.08837000,,true
2185,2,BMI,F,,327,-0.33030000,16.52130000,0.08836000,,true
2186,2,BMI,F,,328,-0.33130000,16.51700000,0.08835000,,true
2187,2,BMI,F,,329,-0.33230000,16.51270000,0.08834000,,true
2188,2,BMI,F,,330,-0.33330000,16.50830000,0.08833000,,true
2189,2,BMI,F,,331,-0.33430000,16.50400000,0.08832000,,true
2190,2,BMI,F,,332,-0.33530000,16.49970000,0.08830000,,true
2191,2,BMI,F,,333,-0.33630000,16.49530000,0.08829000,,true
2192,2,BMI,F,,334,-0.33730000,16.49100000,0.08828000,,true
2193,2,BMI,F,,335,-0.33820000,16.48670000,0.08827000,,true
2194,2,BMI,F,,336,-0.33920000,16.48230000,0.08826000,,true
2195,2,BMI,F,,337,-0.34020000,16.47800000,0.08825000,,true
2196,2,BMI,F,,338,-0.34120000,16.47370000,0.08824000,,true
2197,2,BMI,F,,339,-0.34210000,16.46930000,0.08823000,,true
2198,2,BMI,F,,340,-0.34310000,16.46500000,0.08822000,,true
2199,2,BMI,F,,341,-0.34410000,16.46070000,0.08821000,,true
2200,2,BMI,F,,342,-0.34500000,16.45630000,0.08820000,,true
2201,2,BMI,F,,343,-0.34600000,16.45200000,0.08819000,,true
2202,2,BMI,F,,344,-0.34700000,16.44770000,0.08818000,,true
2203,2,BMI,F,,345,-0.34790000,16.44340000,0.08817000,,true
2204,2,BMI,F,,346,-0.34890000,16.43910000,0.08816000,,true
2205,2,BMI,F,,347,-0.34980000,16.43470000,0.08815000,,true
2206,2,BMI,F,,348,-0.35080000,16.43040000,0.08814000,,true
2207,2,BMI,F,,349,-0.35170000,16.42610000,0.08813000,,true
2208,2,BMI,F,,350,-0.35260000,16.42180000,0.08812000,,true
2209,2,BMI,F,,351,-0.35360000,16.41750000,0.08811000,,true
2210,2,BMI,F,,352,-0.35450000,16.41320000,0.08810000,,true
2211,2,BMI,F,,353,-0.35550000,16.40890000,0.08809000,,true
2212,2,BMI,F,,354,-0.35640000,16.40460000,0.08808000,,true
2213,2,BMI,F,,355,-0.35730000,16.40040000,0.08807000,,true
2214,2,BMI,F,,356,-0.35820000,16.39610000,0.08806000,,true
2215,2,BMI,F,,357,-0.35920000,16.39180000,0.08805000,,true
2216,2,BMI,F,,358,-0.36010000,16.38750000,0.08804000,,true
2217,2,BMI,F,,359,-0.36100000,16.38330000,0.08803000,,true
2218,2,BMI,F,,360,-0.36190000,16.37900000,0.08802000,,true
2219,2,BMI,F,,361,-0.36280000,16.37480000,0.08801000,,true
2220,2,BMI,F,,362,-0.36380000,16.37050000,0.08800000,,true
2221,2,BMI,F,,363,-0.36470000,16.36630000,0.08799000,,true
2222,2,BMI,F,,364,-0.36560000,16.36210000,0.08798000,,true
2223,2,BMI,F,,365,-0.36650000,16.35780000,0.08797000,,true
2224,2,BMI,F,,366,-0.36740000,16.35360000,0.08796000,,true
2225,2,BMI,F,,367,-0.36830000,16.34940000,0.08795000,,true
2226,2,BMI,F,,368,-0.36920000,16.34520000,0.08794000,,true
2227,2,BMI,F,,369,-0.37010000,16.34100000,0.08793000,,true
2228,2,BMI,F,,370,-0.37100000,16.33680000,0.08792000,,true
2229,2,BMI,F,,371,-0.37190000,16.33260000,0.08791000,,true
2230,2,BMI,F,,372,-0.37270000,16.32840000,0.08790000,,true
2231,2,BMI,F,,373,-0.37360000,16.32420000,0.08789000,,true
2232,2,BMI,F,,374,-0.37450000,16.32000000,0.08788000,,true
2233,2,BMI,F,,375,-0.37540000,16.31580000,0.08787000,,true
2234,2,BMI,F,,376,-0.37630000,16.31170000,0.08786000,,true
2235,2,BMI,F,,377,-0.37720000,16.30750000,0.08785000,,true
2236,2,BMI,F,,378,-0.37800000,16.30340000,0.08784000,,true
2237,2,BMI,F,,379,-0.37890000,16.29920000,0.08783000,,true
2238,2,BMI,F,,380,-0.37980000,16.29510000,0.08782000,,true
2239,2,BMI,F,,381,-0.38060000,16.29100000,0.08782000,,true
2240,2,BMI,F,,382,-0.38150000,16.28680000,0.08781000,,true
2241,2,BMI,F,,383,-0.38240000,16.28270000,0.08780000,,true
2242,2,BMI,F,,384,-0.38320000,16.27860000,0.08779000,,true
2243,2,BMI,F,,385,-0.38410000,16.27450000,0.08778000,,true
2244,2,BMI,F,,386,-0.38500000,16.27040000,0.08777000,,true
2245,2,BMI,F,,387,-0.38580000,16.26630000,0.08776000,,true
2246,2,BMI,F,,388,-0.38670000,16.26220000,0.08775000,,true
2247,2,BMI,F,,389,-0.38750000,16.25820000,0.08774000,,true
2248,2,BMI,F,,390,-0.38840000,16.25410000,0.08773000,,true
2249,2,BMI,F,,391,-0.38920000,16.25000000,0.08772000,,true
2250,2,BMI,F,,392,-0.39010000,16.24600000,0.08771000,,true
2251,2,BMI,F,,393,-0.39090000,16.24190000,0.08770000,,true
2252,2,BMI,F,,394,-0.39170000,16.23790000,0.08769000,,true
2253,2,BMI,F,,395,-0.39260000,16.23390000,0.08769000,,true
2254,2,BMI,F,,396,-0.39340000,16.22980000,0.08768000,,true
2255,2,BMI,F,,397,-0.39430000,16.22580000,0.08767000,,true
2256,2,BMI,F,,398,-0.39510000,16.22180000,0.08766000,,true
2257,2,BMI,F,,399,-0.39590000,16.21780000,0.08765000,,true
2258,2,BMI,F,,400,-0.39680000,16.21380000,0.08764000,,true
2259,2,BMI,F,,401,-0.39760000,16.20990000,0.08763000,,true
2260,2,BMI,F,,402,-0.39840000,16.20590000,0.08762000,,true
2261,2,BMI,F,,403,-0.39920000,16.20190000,0.08761000,,true
2262,2,BMI,F,,404,-0.40010000,16.19800000,0.08761000,,true
2263,2,BMI,F,,405,-0.40090000,16.19400000,0.08760000,,true
2264,2,BMI,F,,406,-0.40170000,16.19010000,0.08759000,,true
2265,2,BMI,F,,407,-0.40250000,16.18620000,0.08758000,,true
2266,2,BMI,F,,408,-0.40330000,16.18220000,0.08757000,,true
2267,2,BMI,F,,409,-0.40410000,16.17830000,0.08756000,,true
2268,2,BMI,F,,410,-0.40490000,16.17440000,0.08755000,,true
2269,2,BMI,F,,411,-0.40570000,16.17050000,0.08754000,,true
2270,2,BMI,F,,412,-0.40660000,16.16670000,0.08753000,,true
2271,2,BMI,F,,413,-0.40740000,16.16280000,0.08753000,,true
2272,2,BMI,F,,414,-0.40820000,16.15890000,0.08752000,,true
2273,2,BMI,F,,415,-0.40900000,16.15510000,0.08751000,,true
2274,2,BMI,F,,416,-0.40980000,16.15120000,0.08750000,,true
2275,2,BMI,F,,417,-0.41060000,16.14740000,0.08749000,,true
2276,2,BMI,F,,418,-0.41140000,16.14350000,0.08748000,,true
2277,2,BMI,F,,419,-0.41210000,16.13970000,0.08747000,,true
2278,2,BMI,F,,420,-0.41290000,16.13590000,0.08747000,,true
2279,2,BMI,F,,421,-0.41370000,16.13210000,0.08746000,,true
2280,2,BMI,F,,422,-0.41450000,16.12830000,0.08745000,,true
2281,2,BMI,F,,423,-0.41530000,16.12450000,0.08744000,,true
2282,2,BMI,F,,424,-0.41610000,16.12070000,0.08743000,,true
2283,2,BMI,F,,425,-0.41690000,16.11700000,0.08742000,,true
2284,2,BMI,F,,426,-0.41760000,16.11320000,0.08741000,,true
2285,2,BMI,F,,427,-0.41840000,16.10950000,0.08741000,,true
2286,2,BMI,F,,428,-0.41920000,16.10570000,0.08740000,,true
2287,2,BMI,F,,429,-0.42000000,16.10200000,0.08739000,,true
2288,2,BMI,F,,430,-0.42080000,16.09830000,0.08738000,,true
2289,2,BMI,F,,431,-0.42150000,16.09460000,0.08737000,,true
2290,2,BMI,F,,432,-0.42230000,16.09090000,0.08736000,,true
2291,2,BMI,F,,433,-0.42310000,16.08720000,0.08736000,,true
2292,2,BMI,F,,434,-0.42380000,16.08350000,0.08735000,,true
2293,2,BMI,F,,435,-0.42460000,16.07980000,0.08734000,,true
2294,2,BMI,F,,436,-0.42540000,16.07620000,0.08733000,,true
2295,2,BMI,F,,437,-0.42610000,16.07250000,0.08732000,,true
2296,2,BMI,F,,438,-0.42690000,16.06890000,0.08731000,,true
2297,2,BMI,F,,439,-0.42760000,16.06520000,0.08731000,,true
2298,2,BMI,F,,440,-0.42840000,16.06160000,0.08730000,,true
2299,2,BMI,F,,441,-0.42920000,16.05800000,0.08729000,,true
2300,2,BMI,F,,442,-0.42990000,16.05440000,0.08728000,,true
2301,2,BMI,F,,443,-0.43070000,16.05080000,0.08727000,,true
2302,2,BMI,F,,444,-0.43140000,16.04720000,0.08727000,,true
2303,2,BMI,F,,445,-0.43220000,16.04360000,0.08726000,,true
2304,2,BMI,F,,446,-0.43290000,16.04000000,0.08725000,,true
2305,2,BMI,F,,447,-0.43370000,16.03650000,0.08724000,,true
2306,2,BMI,F,,448,-0.43440000,16.03290000,0.08723000,,true
2307,2,BMI,F,,449,-0.43510000,16.02940000,0.08722000,,true
2308,2,BMI,F,,450,-0.43590000,16.02580000,0.08722000,,true
2309,2,BMI,F,,451,-0.43660000,16.02230000,0.08721000,,true
2310,2,BMI,F,,452,-0.43740000,16.01880000,0.08720000,,true
2311,2,BMI,F,,453,-0.43810000,16.01530000,0.08719000,,true
2312,2,BMI,F,,454,-0.43880000,16.01180000,0.08718000,,true
2313,2,BMI,F,,455,-0.43960000,16.00830000,0.08718000,,true
2314,2,BMI,F,,456,-0.44030000,16.00480000,0.08717000,,true
2315,2,BMI,F,,457,-0.44100000,16.00130000,0.08716000,,true
2316,2,BMI,F,,458,-0.44180000,15.99790000,0.08715000,,true
2317,2,BMI,F,,459,-0.44250000,15.99440000,0.08714000,,true
2318,2,BMI,F,,460,-0.44320000,15.99100000,0.08714000,,true
2319,2,BMI,F,,461,-0.44390000,15.98750000,0.08713000,,true
2320,2,BMI,F,,462,-0.44470000,15.98410000,0.08712000,,true
2321,2,BMI,F,,463,-0.44540000,15.98070000,0.08711000,,true
2322,2,BMI,F,,464,-0.44610000,15.97730000,0.08711000,,true
2323,2,BMI,F,,465,-0.44680000,15.97390000,0.08710000,,true
2324,2,BMI,F,,466,-0.44750000,15.97050000,0.08709000,,true
2325,2,BMI,F,,467,-0.44820000,15.96710000,0.08708000,,true
2326,2,BMI,F,,468,-0.44900000,15.96380000,0.08707000,,true
2327,2,BMI,F,,469,-0.44970000,15.96040000,0.08707000,,true
2328,2,BMI,F,,470,-0.45040000,15.95710000,0.08706000,,true
2329,2,BMI,F,,471,-0.45110000,15.95370000,0.08705000,,true
2330,2,BMI,F,,472,-0.45180000,15.95040000,0.08704000,,true
2331,2,BMI,F,,473,-0.45250000,15.94710000,0.08704000,,true
2332,2,BMI,F,,474,-0.45320000,15.94380000,0.08703000,,true
2333,2,BMI,F,,475,-0.45390000,15.94050000,0.08702000,,true
2334,2,BMI,F,,476,-0.45460000,15.93720000,0.08701000,,true
2335,2,BMI,F,,477,-0.45530000,15.93390000,0.08701000,,true
2336,2,BMI,F,,478,-0.45600000,15.93070000,0.08700000,,true
2337,2,BMI,F,,479,-0.45670000,15.92740000,0.08699000,,true
2338,2,BMI,F,,480,-0.45740000,15.92410000,0.08698000,,true
2339,2,BMI,F,,481,-0.45810000,15.92090000,0.08698000,,true
2340,2,BMI,F,,482,-0.45880000,15.91770000,0.08697000,,true
2341,2,BMI,F,,483,-0.45950000,15.91450000,0.08696000,,true
2342,2,BMI,F,,484,-0.46020000,15.91120000,0.08695000,,true
2343,2,BMI,F,,485,-0.46090000,15.90800000,0.08695000,,true
2344,2,BMI,F,,486,-0.46160000,15.90490000,0.08694000,,true
2345,2,BMI,F,,487,-0.46230000,15.90170000,0.08693000,,true
2346,2,BMI,F,,488,-0.46290000,15.89850000,0.08692000,,true
2347,2,BMI,F,,489,-0.46360000,15.89530000,0.08692000,,true
2348,2,BMI,F,,490,-0.46430000,15.89220000,0.08691000,,true
2349,2,BMI,F,,491,-0.46500000,15.88910000,0.08690000,,true
2350,2,BMI,F,,492,-0.46570000,15.88590000,0.08689000,,true
2351,2,BMI,F,,493,-0.46630000,15.88280000,0.08689000,,true
2352,2,BMI,F,,494,-0.46700000,15.87970000,0.08688000,,true
2353,2,BMI,F,,495,-0.46770000,15.87660000,0.08687000,,true
2354,2,BMI,F,,496,-0.46840000,15.87350000,0.08686000,,true
2355,2,BMI,F,,497,-0.46900000,15.87040000,0.08686000,,true
2356,2,BMI,F,,498,-0.46970000,15.86730000,0.08685000,,true
2357,2,BMI,F,,499,-0.47040000,15.86430000,0.08684000,,true
2358,2,BMI,F,,500,-0.47110000,15.86120000,0.08683000,,true
2359,2,BMI,F,,501,-0.47170000,15.85820000,0.08683000,,true
2360,2,BMI,F,,502,-0.47240000,15.85520000,0.08682000,,true
2361,2,BMI,F,,503,-0.47310000,15.85210000,0.08681000,,true
2362,2,BMI,F,,504,-0.47370000,15.84910000,0.08681000,,true
2363,2,BMI,F,,505,-0.47440000,15.84610000,0.08680000,,true
2364,2,BMI,F,,506,-0.47510000,15.84310000,0.08679000,,true
2365,2,BMI,F,,507,-0.47570000,15.84010000,0.08678000,,true
2366,2,BMI,F,,508,-0.47640000,15.83720000,0.08678000,,true
2367,2,BMI,F,,509,-0.47700000,15.83420000,0.08677000,,true
2368,2,BMI,F,,510,-0.47770000,15.83130000,0.08676000,,true
2369,2,BMI,F,,511,-0.47830000,15.82830000,0.08676000,,true
2370,2,BMI,F,,512,-0.47900000,15.82540000,0.08675000,,true
2371,2,BMI,F,,513,-0.47970000,15.82240000,0.08674000,,true
2372,2,BMI,F,,514,-0.48030000,15.81950000,0.08673000,,true
2373,2,BMI,F,,515,-0.48100000,15.81660000,0.08673000,,true
2374,2,BMI,F,,516,-0.48160000,15.81370000,0.08672000,,true
2375,2,BMI,F,,517,-0.48230000,15.81080000,0.08671000,,true
2376,2,BMI,F,,518,-0.48290000,15.80800000,0.08671000,,true
2377,2,BMI,F,,519,-0.48360000,15.80510000,0.08670000,,true
2378,2,BMI,F,,520,-0.48420000,15.80220000,0.08669000,,true
2379,2,BMI,F,,521,-0.48480000,15.79940000,0.08668000,,true
2380,2,BMI,F,,522,-0.48550000,15.79650000,0.08668000,,true
2381,2,BMI,F,,523,-0.48610000,15.79370000,0.08667000,,true
2382,2,BMI,F,,524,-0.48680000,15.79090000,0.08666000,,true
2383,2,BMI,F,,525,-0.48740000,15.78810000,0.08666000,,true
2384,2,BMI,F,,526,-0.48800000,15.78530000,0.08665000,,true
2385,2,BMI,F,,527,-0.48870000,15.78250000,0.08664000,,true
2386,2,BMI,F,,528,-0.48930000,15.77970000,0.08664000,,true
2387,2,BMI,F,,529,-0.49000000,15.77690000,0.08663000,,true
2388,2,BMI,F,,530,-0.49060000,15.77420000,0.08662000,,true
2389,2,BMI,F,,531,-0.49120000,15.77140000,0.08662000,,true
2390,2,BMI,F,,532,-0.49190000,15.76870000,0.08661000,,true
2391,2,BMI,F,,533,-0.49250000,15.76590000,0.08660000,,true
2392,2,BMI,F,,534,-0.49310000,15.76320000,0.08660000,,true
2393,2,BMI,F,,535,-0.49370000,15.76050000,0.08659000,,true
2394,2,BMI,F,,536,-0.49440000,15.75780000,0.08658000,,true
2395,2,BMI,F,,537,-0.49500000,15.75510000,0.08657000,,true
2396,2,BMI,F,,538,-0.49560000,15.75240000,0.08657000,,true
2397,2,BMI,F,,539,-0.49620000,15.74970000,0.08656000,,true
2398,2,BMI,F,,540,-0.49690000,15.74700000,0.08655000,,true
2399,2,BMI,F,,541,-0.49750000,15.74440000,0.08655000,,true
2400,2,BMI,F,,542,-0.49810000,15.74170000,0.08654000,,true
2401,2,BMI,F,,543,-0.49870000,15.73910000,0.08653000,,true
2402,2,BMI,F,,544,-0.49930000,15.73640000,0.08653000,,true
2403,2,BMI,F,,545,-0.50000000,15.73380000,0.08652000,,true
2404,2,BMI,F,,546,-0.50060000,15.73120000,0.08651000,,true
2405,2,BMI,F,,547,-0.50120000,15.72860000,0.08651000,,true
2406,2,BMI,F,,548,-0.50180000,15.72600000,0.08650000,,true
2407,2,BMI,F,,549,-0.50240000,15.72340000,0.08649000,,true
2408,2,BMI,F,,550,-0.50300000,15.72080000,0.08649000,,true
2409,2,BMI,F,,551,-0.50360000,15.71830000,0.08648000,,true
2410,2,BMI,F,,552,-0.50430000,15.71570000,0.08647000,,true
2411,2,BMI,F,,553,-0.50490000,15.71320000,0.08647000,,true
2412,2,BMI,F,,554,-0.50550000,15.71060000,0.08646000,,true
2413,2,BMI,F,,555,-0.50610000,15.70810000,0.08645000,,true
2414,2,BMI,F,,556,-0.50670000,15.70560000,0.08645000,,true
2415,2,BMI,F,,557,-0.50730000,15.70300000,0.08644000,,true
2416,2,BMI,F,,558,-0.50790000,15.70050000,0.08643000,,true
2417,2,BMI,F,,559,-0.50850000,15.69800000,0.08643000,,true
2418,2,BMI,F,,560,-0.50910000,15.69560000,0.08642000,,true
2419,2,BMI,F,,561,-0.50970000,15.69310000,0.08642000,,true
2420,2,BMI,F,,562,-0.51030000,15.69060000,0.08641000,,true
2421,2,BMI,F,,563,-0.51090000,15.68820000,0.08640000,,true
2422,2,BMI,F,,564,-0.51150000,15.68570000,0.08640000,,true
2423,2,BMI,F,,565,-0.51210000,15.68330000,0.08639000,,true
2424,2,BMI,F,,566,-0.51270000,15.68080000,0.08638000,,true
2425,2,BMI,F,,567,-0.51330000,15.67840000,0.08638000,,true
2426,2,BMI,F,,568,-0.51390000,15.67600000,0.08637000,,true
2427,2,BMI,F,,569,-0.51450000,15.67360000,0.08636000,,true
2428,2,BMI,F,,570,-0.51510000,15.67120000,0.08636000,,true
2429,2,BMI,F,,571,-0.51560000,15.66880000,0.08635000,,true
2430,2,BMI,F,,572,-0.51620000,15.66650000,0.08634000,,true
2431,2,BMI,F,,573,-0.51680000,15.66410000,0.08634000,,true
2432,2,BMI,F,,574,-0.51740000,15.66170000,0.08633000,,true
2433,2,BMI,F,,575,-0.51800000,15.65940000,0.08632000,,true
2434,2,BMI,F,,576,-0.51860000,15.65710000,0.08632000,,true
2435,2,BMI,F,,577,-0.51920000,15.65470000,0.08631000,,true
2436,2,BMI,F,,578,-0.51970000,15.65240000,0.08631000,,true
2437,2,BMI,F,,579,-0.52030000,15.65010000,0.08630000,,true
2438,2,BMI,F,,580,-0.52090000,15.64780000,0.08629000,,true
2439,2,BMI,F,,581,-0.52150000,15.64550000,0.08629000,,true
2440,2,BMI,F,,582,-0.52210000,15.64320000,0.08628000,,true
2441,2,BMI,F,,583,-0.52260000,15.64090000,0.08627000,,true
2442,2,BMI,F,,584,-0.52320000,15.63870000,0.08627000,,true
2443,2,BMI,F,,585,-0.52380000,15.63640000,0.08626000,,true
2444,2,BMI,F,,586,-0.52440000,15.63420000,0.08626000,,true
2445,2,BMI,F,,587,-0.52500000,15.63190000,0.08625000,,true
2446,2,BMI,F,,588,-0.52550000,15.62970000,0.08624000,,true
2447,2,BMI,F,,589,-0.52610000,15.62750000,0.08624000,,true
2448,2,BMI,F,,590,-0.52670000,15.62530000,0.08623000,,true
2449,2,BMI,F,,591,-0.52720000,15.62310000,0.08622000,,true
2450,2,BMI,F,,592,-0.52780000,15.62090000,0.08622000,,true
2451,2,BMI,F,,593,-0.52840000,15.61870000,0.08621000,,true
2452,2,BMI,F,,594,-0.52900000,15.61650000,0.08621000,,true
2453,2,BMI,F,,595,-0.52950000,15.61440000,0.08620000,,true
2454,2,BMI,F,,596,-0.53010000,15.61220000,0.08619000,,true
2455,2,BMI,F,,597,-0.53070000,15.61000000,0.08619000,,true
2456,2,BMI,F,,598,-0.53120000,15.60790000,0.08618000,,true
2457,2,BMI,F,,599,-0.53180000,15.60580000,0.08618000,,true
2458,2,BMI,F,,600,-0.53230000,15.60370000,0.08617000,,true
2459,2,BMI,F,,601,-0.53290000,15.60150000,0.08616000,,true
2460,2,BMI,F,,602,-0.53350000,15.59940000,0.08616000,,true
2461,2,BMI,F,,603,-0.53400000,15.59730000,0.08615000,,true
2462,2,BMI,F,,604,-0.53460000,15.59530000,0.08614000,,true
2463,2,BMI,F,,605,-0.53510000,15.59320000,0.08614000,,true
2464,2,BMI,F,,606,-0.53570000,15.59110000,0.08613000,,true
2465,2,BMI,F,,607,-0.53630000,15.58900000,0.08613000,,true
2466,2,BMI,F,,608,-0.53680000,15.58700000,0.08612000,,true
2467,2,BMI,F,,609,-0.53740000,15.58500000,0.08611000,,true
2468,2,BMI,F,,610,-0.53790000,15.58290000,0.08611000,,true
2469,2,BMI,F,,611,-0.53850000,15.58090000,0.08610000,,true
2470,2,BMI,F,,612,-0.53900000,15.57890000,0.08610000,,true
2471,2,BMI,F,,613,-0.53960000,15.57690000,0.08609000,,true
2472,2,BMI,F,,614,-0.54010000,15.57490000,0.08608000,,true
2473,2,BMI,F,,615,-0.54070000,15.57290000,0.08608000,,true
2474,2,BMI,F,,616,-0.54120000,15.57090000,0.08607000,,true
2475,2,BMI,F,,617,-0.54180000,15.56900000,0.08607000,,true
2476,2,BMI,F,,618,-0.54230000,15.56700000,0.08606000,,true
2477,2,BMI,F,,619,-0.54290000,15.56510000,0.08605000,,true
2478,2,BMI,F,,620,-0.54340000,15.56310000,0.08605000,,true
2479,2,BMI,F,,621,-0.54400000,15.56120000,0.08604000,,true
2480,2,BMI,F,,622,-0.54450000,15.55930000,0.08604000,,true
2481,2,BMI,F,,623,-0.54510000,15.55740000,0.08603000,,true
2482,2,BMI,F,,624,-0.54560000,15.55550000,0.08603000,,true
2483,2,BMI,F,,625,-0.54610000,15.55360000,0.08602000,,true
2484,2,BMI,F,,626,-0.54670000,15.55170000,0.08601000,,true
2485,2,BMI,F,,627,-0.54720000,15.54980000,0.08601000,,true
2486,2,BMI,F,,628,-0.54780000,15.54800000,0.08600000,,true
2487,2,BMI,F,,629,-0.54830000,15.54610000,0.08600000,,true
2488,2,BMI,F,,630,-0.54880000,15.54430000,0.08599000,,true
2489,2,BMI,F,,631,-0.54940000,15.54240000,0.08598000,,true
2490,2,BMI,F,,632,-0.54990000,15.54060000,0.08598000,,true
2491,2,BMI,F,,633,-0.55040000,15.53880000,0.08597000,,true
2492,2,BMI,F,,634,-0.55100000,15.53700000,0.08597000,,true
2493,2,BMI,F,,635,-0.55150000,15.53520000,0.08596000,,true
2494,2,BMI,F,,636,-0.55200000,15.53340000,0.08596000,,true
2495,2,BMI,F,,637,-0.55260000,15.53160000,0.08595000,,true
2496,2,BMI,F,,638,-0.55310000,15.52990000,0.08594000,,true
2497,2,BMI,F,,639,-0.55360000,15.52810000,0.08594000,,true
2498,2,BMI,F,,640,-0.55420000,15.52630000,0.08593000,,true
2499,2,BMI,F,,641,-0.55470000,15.52460000,0.08593000,,true
2500,2,BMI,F,,642,-0.55520000,15.52290000,0.08592000,,true
2501,2,BMI,F,,643,-0.55570000,15.52120000,0.08591000,,true
2502,2,BMI,F,,644,-0.55630000,15.51940000,0.08591000,,true
2503,2,BMI,F,,645,-0.55680000,15.51770000,0.08590000,,true
2504,2,BMI,F,,646,-0.55730000,15.51610000,0.08590000,,true
2505,2,BMI,F,,647,-0.55780000,15.51440000,0.08589000,,true
2506,2,BMI,F,,648,-0.55840000,15.51270000,0.08589000,,true
2507,2,BMI,F,,649,-0.55890000,15.51100000,0.08588000,,true
2508,2,BMI,F,,650,-0.55940000,15.50940000,0.08587000,,true
2509,2,BMI,F,,651,-0.55990000,15.50770000,0.08587000,,true
2510,2,BMI,F,,652,-0.56050000,15.50610000,0.08586000,,true
2511,2,BMI,F,,653,-0.56100000,15.50450000,0.08586000,,true
2512,2,BMI,F,,654,-0.56150000,15.50280000,0.08585000,,true
2513,2,BMI,F,,655,-0.56200000,15.50120000,0.08585000,,true
2514,2,BMI,F,,656,-0.56250000,15.49960000,0.08584000,,true
2515,2,BMI,F,,657,-0.56300000,15.49800000,0.08584000,,true
2516,2,BMI,F,,658,-0.56360000,15.49650000,0.08583000,,true
2517,2,BMI,F,,659,-0.56410000,15.49490000,0.08582000,,true
2518,2,BMI,F,,660,-0.56460000,15.49330000,0.08582000,,true
2519,2,BMI,F,,661,-0.56510000,15.49180000,0.08581000,,true
2520,2,BMI,F,,662,-0.56560000,15.49020000,0.08581000,,true
2521,2,BMI,F,,663,-0.56610000,15.48870000,0.08580000,,true
2522,2,BMI,F,,664,-0.56660000,15.48720000,0.08580000,,true
2523,2,BMI,F,,665,-0.56720000,15.48560000,0.08579000,,true
2524,2,BMI,F,,666,-0.56770000,15.48410000,0.08579000,,true
2525,2,BMI,F,,667,-0.56820000,15.48260000,0.08578000,,true
2526,2,BMI,F,,668,-0.56870000,15.48110000,0.08577000,,true
2527,2,BMI,F,,669,-0.56920000,15.47970000,0.08577000,,true
2528,2,BMI,F,,670,-0.56970000,15.47820000,0.08576000,,true
2529,2,BMI,F,,671,-0.57020000,15.47670000,0.08576000,,true
2530,2,BMI,F,,672,-0.57070000,15.47530000,0.08575000,,true
2531,2,BMI,F,,673,-0.57120000,15.47380000,0.08575000,,true
2532,2,BMI,F,,674,-0.57170000,15.47240000,0.08574000,,true
2533,2,BMI,F,,675,-0.57220000,15.47100000,0.08574000,,true
2534,2,BMI,F,,676,-0.57270000,15.46950000,0.08573000,,true
2535,2,BMI,F,,677,-0.57320000,15.46810000,0.08573000,,true
2536,2,BMI,F,,678,-0.57370000,15.46670000,0.08572000,,true
2537,2,BMI,F,,679,-0.57420000,15.46530000,0.08571000,,true
2538,2,BMI,F,,680,-0.57470000,15.46390000,0.08571000,,true
2539,2,BMI,F,,681,-0.57520000,15.46260000,0.08570000,,true
2540,2,BMI,F,,682,-0.57570000,15.46120000,0.08570000,,true
2541,2,BMI,F,,683,-0.57620000,15.45980000,0.08569000,,true
2542,2,BMI,F,,684,-0.57670000,15.45850000,0.08569000,,true
2543,2,BMI,F,,685,-0.57720000,15.45720000,0.08568000,,true
2544,2,BMI,F,,686,-0.57770000,15.45580000,0.08568000,,true
2545,2,BMI,F,,687,-0.57820000,15.45450000,0.08567000,,true
2546,2,BMI,F,,688,-0.57870000,15.45320000,0.08567000,,true
2547,2,BMI,F,,689,-0.57920000,15.45190000,0.08566000,,true
2548,2,BMI,F,,690,-0.57970000,15.45060000,0.08565000,,true
2549,2,BMI,F,,691,-0.58020000,15.44930000,0.08565000,,true
2550,2,BMI,F,,692,-0.58070000,15.44800000,0.08564000,,true
2551,2,BMI,F,,693,-0.58120000,15.44670000,0.08564000,,true
2552,2,BMI,F,,694,-0.58170000,15.44550000,0.08563000,,true
2553,2,BMI,F,,695,-0.58210000,15.44420000,0.08563000,,true
2554,2,BMI,F,,696,-0.58260000,15.44300000,0.08562000,,true
2555,2,BMI,F,,697,-0.58310000,15.44170000,0.08562000,,true
2556,2,BMI,F,,698,-0.58360000,15.44050000,0.08561000,,true
2557,2,BMI,F,,699,-0.58410000,15.43930000,0.08561000,,true
2558,2,BMI,F,,700,-0.58460000,15.43810000,0.08560000,,true
2559,2,BMI,F,,701,-0.58510000,15.43680000,0.08560000,,true
2560,2,BMI,F,,702,-0.58550000,15.43560000,0.08559000,,true
2561,2,BMI,F,,703,-0.58600000,15.43450000,0.08559000,,true
2562,2,BMI,F,,704,-0.58650000,15.43330000,0.08558000,,true
2563,2,BMI,F,,705,-0.58700000,15.43210000,0.08558000,,true
2564,2,BMI,F,,706,-0.58750000,15.43090000,0.08557000,,true
2565,2,BMI,F,,707,-0.58800000,15.42980000,0.08556000,,true
2566,2,BMI,F,,708,-0.58840000,15.42860000,0.08556000,,true
2567,2,BMI,F,,709,-0.58890000,15.42750000,0.08555000,,true
2568,2,BMI,F,,710,-0.58940000,15.42630000,0.08555000,,true
2569,2,BMI,F,,711,-0.58990000,15.42520000,0.08554000,,true
2570,2,BMI,F,,712,-0.59040000,15.42410000,0.08554000,,true
2571,2,BMI,F,,713,-0.59080000,15.42300000,0.08553000,,true
2572,2,BMI,F,,714,-0.59130000,15.42190000,0.08553000,,true
2573,2,BMI,F,,715,-0.59180000,15.42080000,0.08552000,,true
2574,2,BMI,F,,716,-0.59230000,15.41970000,0.08552000,,true
2575,2,BMI,F,,717,-0.59270000,15.41860000,0.08551000,,true
2576,2,BMI,F,,718,-0.59320000,15.41750000,0.08551000,,true
2577,2,BMI,F,,719,-0.59370000,15.41640000,0.08550000,,true
2578,2,BMI,F,,720,-0.59420000,15.41540000,0.08550000,,true
2579,2,BMI,F,,721,-0.59460000,15.41430000,0.08549000,,true
2580,2,BMI,F,,722,-0.59510000,15.41330000,0.08549000,,true
2581,2,BMI,F,,723,-0.59560000,15.41220000,0.08548000,,true
2582,2,BMI,F,,724,-0.59610000,15.41120000,0.08548000,,true
2583,2,BMI,F,,725,-0.59650000,15.41020000,0.08547000,,true
2584,2,BMI,F,,726,-0.59700000,15.40920000,0.08547000,,true
2585,2,BMI,F,,727,-0.59750000,15.40820000,0.08546000,,true
2586,2,BMI,F,,728,-0.59790000,15.40720000,0.08546000,,true
2587,2,BMI,F,,729,-0.59840000,15.40620000,0.08545000,,true
2588,2,BMI,F,,730,-0.59890000,15.40520000,0.08545000,,true
2589,2,BMI,F,,731,-0.56840000,15.68810000,0.08454000,,true
2590,2,BMI,F,,732,-0.56840000,15.68710000,0.08454000,,true
2591,2,BMI,F,,733,-0.56840000,15.68610000,0.08454000,,true
2592,2,BMI,F,,734,-0.56840000,15.68510000,0.08454000,,true
2593,2,BMI,F,,735,-0.56840000,15.68410000,0.08454000,,true
2594,2,BMI,F,,736,-0.56840000,15.68310000,0.08454000,,true
2595,2,BMI,F,,737,-0.56840000,15.68220000,0.08454000,,true
2596,2,BMI,F,,738,-0.56840000,15.68120000,0.08454000,,true
2597,2,BMI,F,,739,-0.56840000,15.68020000,0.08454000,,true
2598,2,BMI,F,,740,-0.56840000,15.67920000,0.08454000,,true
2599,2,BMI,F,,741,-0.56840000,15.67820000,0.08454000,,true
2600,2,BMI,F,,742,-0.56840000,15.67720000,0.08454000,,true
2601,2,BMI,F,,743,-0.56840000,15.67630000,0.08454000,,true
2602,2,BMI,F,,744,-0.56840000,15.67530000,0.08454000,,true
2603,2,BMI,F,,745,-0.56840000,15.67430000,0.08453000,,true
2604,2,BMI,F,,746,-0.56840000,15.67330000,0.08453000,,true
2605,2,BMI,F,,747,-0.56840000,15.67240000,0.08453000,,true
2606,2,BMI,F,,748,-0.56840000,15.67140000,0.08453000,,true
2607,2,BMI,F,,749,-0.56840000,15.67040000,0.08453000,,true
2608,2,BMI,F,,750,-0.56840000,15.66950000,0.08453000,,true
2609,2,BMI,F,,751,-0.56840000,15.66850000,0.08453000,,true
2610,2,BMI,F,,752,-0.56840000,15.66750000,0.08453000,,true
2611,2,BMI,F,,753,-0.56840000,15.66660000,0.08453000,,true
2612,2,BMI,F,,754,-0.56840000,15.66560000,0.08453000,,true
2613,2,BMI,F,,755,-0.56840000,15.66460000,0.08453000,,true
2614,2,BMI,F,,756,-0.56840000,15.66370000,0.08453000,,true
2615,2,BMI,F,,757,-0.56840000,15.66270000,0.08452000,,true
2616,2,BMI,F,,758,-0.56840000,15.66180000,0.08452000,,true
2617,2,BMI,F,,759,-0.56840000,15.66080000,0.08452000,,true
2618,2,BMI,F,,760,-0.56840000,15.65990000,0.08452000,,true
2619,2,BMI,F,,761,-0.56840000,15.65890000,0.08452000,,true
2620,2,BMI,F,,762,-0.56840000,15.65800000,0.08452000,,true
2621,2,BMI,F,,763,-0.56840000,15.65700000,0.08452000,,true
2622,2,BMI,F,,764,-0.56840000,15.65610000,0.08452000,,true
2623,2,BMI,F,,765,-0.56840000,15.65510000,0.08452000,,true
2624,2,BMI,F,,766,-0.56840000,15.65420000,0.08452000,,true
2625,2,BMI,F,,767,-0.56840000,15.65320000,0.08451000,,true
2626,2,BMI,F,,768,-0.56840000,15.65230000,0.08451000,,true
2627,2,BMI,F,,769,-0.56840000,15.65140000,0.08451000,,true
2628,2,BMI,F,,770,-0.56840000,15.65040000,0.08451000,,true
2629,2,BMI,F,,771,-0.56840000,15.64950000,0.08451000,,true
2630,2,BMI,F,,772,-0.56840000,15.64860000,0.08451000,,true
2631,2,BMI,F,,773,-0.56840000,15.64760000,0.08451000,,true
2632,2,BMI,F,,774,-0.56840000,15.64670000,0.08451000,,true
2633,2,BMI,F,,775,-0.56840000,15.64580000,0.08451000,,true
2634,2,BMI,F,,776,-0.56840000,15.64480000,0.08451000,,true
2635,2,BMI,F,,777,-0.56840000,15.64390000,0.08451000,,true
2636,2,BMI,F,,778,-0.56840000,15.64300000,0.08450000,,true
2637,2,BMI,F,,779,-0.56840000,15.64210000,0.08450000,,true
2638,2,BMI,F,,780,-0.56840000,15.64110000,0.08450000,,true
2639,2,BMI,F,,781,-0.56840000,15.64020000,0.08450000,,true
2640,2,BMI,F,,782,-0.56840000,15.63930000,0.08450000,,true
2641,2,BMI,F,,783,-0.56840000,15.63840000,0.08450000,,true
2642,2,BMI,F,,784,-0.56840000,15.63750000,0.08450000,,true
2643,2,BMI,F,,785,-0.56840000,15.63660000,0.08450000,,true
2644,2,BMI,F,,786,-0.56840000,15.63560000,0.08450000,,true
2645,2,BMI,F,,787,-0.56840000,15.63470000,0.08450000,,true
2646,2,BMI,F,,788,-0.56840000,15.63380000,0.08449000,,true
2647,2,BMI,F,,789,-0.56840000,15.63290000,0.08449000,,true
2648,2,BMI,F,,790,-0.56840000,15.63200000,0.08449000,,true
2649,2,BMI,F,,791,-0.56840000,15.63110000,0.08449000,,true
2650,2,BMI,F,,792,-0.56840000,15.63020000,0.08449000,,true
2651,2,BMI,F,,793,-0.56840000,15.62930000,0.08449000,,true
2652,2,BMI,F,,794,-0.56840000,15.62840000,0.08449000,,true
2653,2,BMI,F,,795,-0.56840000,15.62750000,0.08449000,,true
2654,2,BMI,F,,796,-0.56840000,15.62660000,0.08449000,,true
2655,2,BMI,F,,797,-0.56840000,15.62570000,0.08449000,,true
2656,2,BMI,F,,798,-0.56840000,15.62480000,0.08448000,,true
2657,2,BMI,F,,799,-0.56840000,15.62390000,0.08448000,,true
2658,2,BMI,F,,800,-0.56840000,15.62300000,0.08448000,,true
2659,2,BMI,F,,801,-0.56840000,15.62210000,0.08448000,,true
2660,2,BMI,F,,802,-0.56840000,15.62120000,0.08448000,,true
2661,2,BMI,F,,803,-0.56840000,15.62030000,0.08448000,,true
2662,2,BMI,F,,804,-0.56840000,15.61940000,0.08448000,,true
2663,2,BMI,F,,805,-0.56840000,15.61850000,0.08448000,,true
2664,2,BMI,F,,806,-0.56840000,15.61760000,0.08448000,,true
2665,2,BMI,F,,807,-0.56840000,15.61680000,0.08448000,,true
2666,2,BMI,F,,808,-0.56840000,15.61590000,0.08447000,,true
2667,2,BMI,F,,809,-0.56840000,15.61500000,0.08447000,,true
2668,2,BMI,F,,810,-0.56840000,15.61410000,0.08447000,,true
2669,2,BMI,F,,811,-0.56840000,15.61320000,0.08447000,,true
2670,2,BMI,F,,812,-0.56840000,15.61230000,0.08447000,,true
2671,2,BMI,F,,813,-0.56840000,15.61150000,0.08447000,,true
2672,2,BMI,F,,814,-0.56840000,15.61060000,0.08447000,,true
2673,2,BMI,F,,815,-0.56840000,15.60970000,0.08447000,,true
2674,2,BMI,F,,816,-0.56840000,15.60880000,0.08447000,,true
2675,2,BMI,F,,817,-0.56840000,15.60790000,0.08447000,,true
2676,2,BMI,F,,818,-0.56840000,15.60710000,0.08447000,,true
2677,2,BMI,F,,819,-0.56840000,15.60620000,0.08447000,,true
2678,2,BMI,F,,820,-0.56840000,15.60530000,0.08446000,,true
2679,2,BMI,F,,821,-0.56840000,15.60440000,0.08446000,,true
2680,2,BMI,F,,822,-0.56840000,15.60360000,0.08446000,,true
2681,2,BMI,F,,823,-0.56840000,15.60270000,0.08446000,,true
2682,2,BMI,F,,824,-0.56840000,15.60180000,0.08446000,,true
2683,2,BMI,F,,825,-0.56840000,15.60100000,0.08446000,,true
2684,2,BMI,F,,826,-0.56840000,15.60010000,0.08446000,,true
2685,2,BMI,F,,827,-0.56840000,15.59920000,0.08446000,,true
2686,2,BMI,F,,828,-0.56840000,15.59840000,0.08446000,,true
2687,2,BMI,F,,829,-0.56840000,15.59750000,0.08446000,,true
2688,2,BMI,F,,830,-0.56840000,15.59660000,0.08446000,,true
2689,2,BMI,F,,831,-0.56840000,15.59580000,0.08446000,,true
2690,2,BMI,F,,832,-0.56840000,15.59490000,0.08445000,,true
2691,2,BMI,F,,833,-0.56840000,15.59410000,0.08445000,,true
2692,2,BMI,F,,834,-0.56840000,15.59320000,0.08445000,,true
2693,2,BMI,F,,835,-0.56840000,15.59230000,0.08445000,,true
2694,2,BMI,F,,836,-0.56840000,15.59150000,0.08445000,,true
2695,2,BMI,F,,837,-0.56840000,15.59060000,0.08445000,,true
2696,2,BMI,F,,838,-0.56840000,15.58980000,0.08445000,,true
2697,2,BMI,F,,839,-0.56840000,15.58890000,0.08445000,,true
2698,2,BMI,F,,840,-0.56840000,15.58810000,0.08445000,,true
2699,2,BMI,F,,841,-0.56840000,15.58720000,0.08445000,,true
2700,2,BMI,F,,842,-0.56840000,15.58630000,0.08445000,,true
2701,2,BMI,F,,843,-0.56840000,15.58550000,0.08445000,,true
2702,2,BMI,F,,844,-0.56840000,15.58460000,0.08445000,,true
2703,2,BMI,F,,845,-0.56840000,15.58380000,0.08445000,,true
2704,2,BMI,F,,846,-0.56840000,15.58290000,0.08444000,,true
2705,2,BMI,F,,847,-0.56840000,15.58210000,0.08444000,,true
2706,2,BMI,F,,848,-0.56840000,15.58120000,0.08444000,,true
2707,2,BMI,F,,849,-0.56840000,15.58040000,0.08444000,,true
2708,2,BMI,F,,850,-0.56840000,15.57960000,0.08444000,,true
2709,2,BMI,F,,851,-0.56840000,15.57870000,0.08444000,,true
2710,2,BMI,F,,852,-0.56840000,15.57790000,0.08444000,,true
2711,2,BMI,F,,853,-0.56840000,15.57700000,0.08444000,,true
2712,2,BMI,F,,854,-0.56840000,15.57620000,0.08444000,,true
2713,2,BMI,F,,855,-0.56840000,15.57530000,0.08444000,,true
2714,2,BMI,F,,856,-0.56840000,15.57450000,0.08444000,,true
2715,2,BMI,F,,857,-0.56840000,15.57370000,0.08444000,,true
2716,2,BMI,F,,858,-0.56840000,15.57280000,0.08444000,,true
2717,2,BMI,F,,859,-0.56840000,15.57200000,0.08444000,,true
2718,2,BMI,F,,860,-0.56840000,15.57110000,0.08444000,,true
2719,2,BMI,F,,861,-0.56840000,15.57030000,0.08444000,,true
2720,2,BMI,F,,862,-0.56840000,15.56950000,0.08444000,,true
2721,2,BMI,F,,863,-0.56840000,15.56860000,0.08444000,,true
2722,2,BMI,F,,864,-0.56840000,15.56780000,0.08443000,,true
2723,2,BMI,F,,865,-0.56840000,15.56700000,0.08443000,,true
2724,2,BMI,F,,866,-0.56840000,15.56610000,0.08443000,,true
2725,2,BMI,F,,867,-0.56840000,15.56530000,0.08443000,,true
2726,2,BMI,F,,868,-0.56840000,15.56450000,0.08443000,,true
2727,2,BMI,F,,869,-0.56840000,15.56360000,0.08443000,,true
2728,2,BMI,F,,870,-0.56840000,15.56280000,0.08443000,,true
2729,2,BMI,F,,871,-0.56840000,15.56200000,0.08443000,,true
2730,2,BMI,F,,872,-0.56840000,15.56110000,0.08443000,,true
2731,2,BMI,F,,873,-0.56840000,15.56030000,0.08443000,,true
2732,2,BMI,F,,874,-0.56840000,15.55950000,0.08443000,,true
2733,2,BMI,F,,875,-0.56840000,15.55870000,0.08443000,,true
2734,2,BMI,F,,876,-0.56840000,15.55780000,0.08443000,,true
2735,2,BMI,F,,877,-0.56840000,15.55700000,0.08443000,,true
2736,2,BMI,F,,878,-0.56840000,15.55620000,0.08443000,,true
2737,2,BMI,F,,879,-0.56840000,15.55540000,0.08443000,,true
2738,2,BMI,F,,880,-0.56840000,15.55450000,0.08443000,,true
2739,2,BMI,F,,881,-0.56840000,15.55370000,0.08443000,,true
2740,2,BMI,F,,882,-0.56840000,15.55290000,0.08443000,,true
2741,2,BMI,F,,883,-0.56840000,15.55210000,0.08443000,,true
2742,2,BMI,F,,884,-0.56840000,15.55130000,0.08443000,,true
2743,2,BMI,F,,885,-0.56840000,15.55040000,0.08443000,,true
2744,2,BMI,F,,886,-0.56840000,15.54960000,0.08443000,,true
2745,2,BMI,F,,887,-0.56840000,15.54880000,0.08443000,,true
2746,2,BMI,F,,888,-0.56840000,15.54800000,0.08443000,,true
2747,2,BMI,F,,889,-0.56840000,15.54720000,0.08443000,,true
2748,2,BMI,F,,890,-0.56840000,15.54630000,0.08443000,,true
2749,2,BMI,F,,891,-0.56840000,15.54550000,0.08443000,,true
2750,2,BMI,F,,892,-0.56840000,15.54470000,0.08443000,,true
2751,2,BMI,F,,893,-0.56840000,15.54390000,0.08443000,,true
2752,2,BMI,F,,894,-0.56840000,15.54310000,0.08443000,,true
2753,2,BMI,F,,895,-0.56840000,15.54230000,0.08443000,,true
2754,2,BMI,F,,896,-0.56840000,15.54140000,0.08443000,,true
2755,2,BMI,F,,897,-0.56840000,15.54060000,0.08443000,,true
2756,2,BMI,F,,898,-0.56840000,15.53980000,0.08443000,,true
2757,2,BMI,F,,899,-0.56840000,15.53900000,0.08443000,,true
2758,2,BMI,F,,900,-0.56840000,15.53820000,0.08443000,,true
2759,2,BMI,F,,901,-0.56840000,15.53740000,0.08443000,,true
2760,2,BMI,F,,902,-0.56840000,15.53660000,0.08443000,,true
2761,2,BMI,F,,903,-0.56840000,15.53580000,0.08443000,,true
2762,2,BMI,F,,904,-0.56840000,15.53500000,0.08443000,,true
2763,2,BMI,F,,905,-0.56840000,15.53410000,0.08443000,,true
2764,2,BMI,F,,906,-0.56840000,15.53330000,0.08443000,,true
2765,2,BMI,F,,907,-0.56840000,15.53250000,0.08443000,,true
2766,2,BMI,F,,908,-0.56840000,15.53170000,0.08444000,,true
2767,2,BMI,F,,909,-0.56840000,15.53090000,0.08444000,,true
2768,2,BMI,F,,910,-0.56840000,15.53010000,0.08444000,,true
2769,2,BMI,F,,911,-0.56840000,15.52930000,0.08444000,,true
2770,2,BMI,F,,912,-0.56840000,15.52850000,0.08444000,,true
2771,2,BMI,F,,913,-0.56840000,15.52770000,0.08444000,,true
2772,2,BMI,F,,914,-0.56840000,15.52690000,0.08444000,,true
2773,2,BMI,F,,915,-0.56840000,15.52610000,0.08444000,,true
2774,2,BMI,F,,916,-0.56840000,15.52530000,0.08444000,,true
2775,2,BMI,F,,917,-0.56840000,15.52450000,0.08444000,,true
2776,2,BMI,F,,918,-0.56840000,15.52370000,0.08444000,,true
2777,2,BMI,F,,919,-0.56840000,15.52290000,0.08444000,,true
2778,2,BMI,F,,920,-0.56840000,15.52210000,0.08444000,,true
2779,2,BMI,F,,921,-0.56840000,15.52130000,0.08445000,,true
2780,2,BMI,F,,922,-0.56840000,15.52050000,0.08445000,,true
2781,2,BMI,F,,923,-0.56840000,15.51970000,0.08445000,,true
2782,2,BMI,F,,924,-0.56840000,15.51890000,0.08445000,,true
2783,2,BMI,F,,925,-0.56840000,15.51810000,0.08445000,,true
2784,2,BMI,F,,926,-0.56840000,15.51730000,0.08445000,,true
2785,2,BMI,F,,927,-0.56840000,15.51650000,0.08445000,,true
2786,2,BMI,F,,928,-0.56840000,15.51570000,0.08445000,,true
2787,2,BMI,F,,929,-0.56840000,15.51490000,0.08445000,,true
2788,2,BMI,F,,930,-0.56840000,15.51410000,0.08446000,,true
2789,2,BMI,F,,931,-0.56840000,15.51330000,0.08446000,,true
2790,2,BMI,F,,932,-0.56840000,15.51250000,0.08446000,,true
2791,2,BMI,F,,933,-0.56840000,15.51170000,0.08446000,,true
2792,2,BMI,F,,934,-0.56840000,15.51090000,0.08446000,,true
2793,2,BMI,F,,935,-0.56840000,15.51010000,0.08446000,,true
2794,2,BMI,F,,936,-0.56840000,15.50930000,0.08446000,,true
2795,2,BMI,F,,937,-0.56840000,15.50860000,0.08447000,,true
2796,2,BMI,F,,938,-0.56840000,15.50780000,0.08447000,,true
2797,2,BMI,F,,939,-0.56840000,15.50700000,0.08447000,,true
2798,2,BMI,F,,940,-0.56840000,15.50620000,0.08447000,,true
2799,2,BMI,F,,941,-0.56840000,15.50540000,0.08447000,,true
2800,2,BMI,F,,942,-0.56840000,15.50460000,0.08447000,,true
2801,2,BMI,F,,943,-0.56840000,15.50380000,0.08448000,,true
2802,2,BMI,F,,944,-0.56840000,15.50300000,0.08448000,,true
2803,2,BMI,F,,945,-0.56840000,15.50230000,0.08448000,,true
2804,2,BMI,F,,946,-0.56840000,15.50150000,0.08448000,,true
2805,2,BMI,F,,947,-0.56840000,15.50070000,0.08448000,,true
2806,2,BMI,F,,948,-0.56840000,15.49990000,0.08448000,,true
2807,2,BMI,F,,949,-0.56840000,15.49910000,0.08449000,,true
2808,2,BMI,F,,950,-0.56840000,15.49830000,0.08449000,,true
2809,2,BMI,F,,951,-0.56840000,15.49760000,0.08449000,,true
2810,2,BMI,F,,952,-0.56840000,15.49680000,0.08449000,,true
2811,2,BMI,F,,953,-0.56840000,15.49600000,0.08450000,,true
2812,2,BMI,F,,954,-0.56840000,15.49520000,0.08450000,,true
2813,2,BMI,F,,955,-0.56840000,15.49440000,0.08450000,,true
2814,2,BMI,F,,956,-0.56840000,15.49370000,0.08450000,,true
2815,2,BMI,F,,957,-0.56840000,15.49290000,0.08450000,,true
2816,2,BMI,F,,958,-0.56840000,15.49210000,0.08451000,,true
2817,2,BMI,F,,959,-0.56840000,15.49130000,0.08451000,,true
2818,2,BMI,F,,960,-0.56840000,15.49060000,0.08451000,,true
2819,2,BMI,F,,961,-0.56840000,15.48980000,0.08451000,,true
2820,2,BMI,F,,962,-0.56840000,15.48900000,0.08452000,,true
2821,2,BMI,F,,963,-0.56840000,15.48830000,0.08452000,,true
2822,2,BMI,F,,964,-0.56840000,15.48750000,0.08452000,,true
2823,2,BMI,F,,965,-0.56840000,15.48670000,0.08452000,,true
2824,2,BMI,F,,966,-0.56840000,15.48590000,0.08453000,,true
2825,2,BMI,F,,967,-0.56840000,15.48520000,0.08453000,,true
2826,2,BMI,F,,968,-0.56840000,15.48440000,0.08453000,,true
2827,2,BMI,F,,969,-0.56840000,15.48360000,0.08454000,,true
2828,2,BMI,F,,970,-0.56840000,15.48290000,0.08454000,,true
2829,2,BMI,F,,971,-0.56840000,15.48210000,0.08454000,,true
2830,2,BMI,F,,972,-0.56840000,15.48140000,0.08455000,,true
2831,2,BMI,F,,973,-0.56840000,15.48060000,0.08455000,,true
2832,2,BMI,F,,974,-0.56840000,15.47980000,0.08455000,,true
2833,2,BMI,F,,975,-0.56840000,15.47910000,0.08455000,,true
2834,2,BMI,F,,976,-0.56840000,15.47830000,0.08456000,,true
2835,2,BMI,F,,977,-0.56840000,15.47760000,0.08456000,,true
2836,2,BMI,F,,978,-0.56840000,15.47680000,0.08456000,,true
2837,2,BMI,F,,979,-0.56840000,15.47600000,0.08457000,,true
2838,2,BMI,F,,980,-0.56840000,15.47530000,0.08457000,,true
2839,2,BMI,F,,981,-0.56840000,15.47450000,0.08457000,,true
2840,2,BMI,F,,982,-0.56840000,15.47380000,0.08458000,,true
2841,2,BMI,F,,983,-0.56840000,15.47300000,0.08458000,,true
2842,2,BMI,F,,984,-0.56840000,15.47230000,0.08459000,,true
2843,2,BMI,F,,985,-0.56840000,15.47150000,0.08459000,,true
2844,2,BMI,F,,986,-0.56840000,15.47080000,0.08459000,,true
2845,2,BMI,F,,987,-0.56840000,15.47000000,0.08460000,,true
2846,2,BMI,F,,988,-0.56840000,15.46930000,0.08460000,,true
2847,2,BMI,F,,989,-0.56840000,15.46850000,0.08460000,,true
2848,2,BMI,F,,990,-0.56840000,15.46780000,0.08461000,,true
2849,2,BMI,F,,991,-0.56840000,15.46700000,0.08461000,,true
2850,2,BMI,F,,992,-0.56840000,15.46630000,0.08462000,,true
2851,2,BMI,F,,993,-0.56840000,15.46560000,0.08462000,,true
2852,2,BMI,F,,994,-0.56840000,15.46480000,0.08462000,,true
2853,2,BMI,F,,995,-0.56840000,15.46410000,0.08463000,,true
2854,2,BMI,F,,996,-0.56840000,15.46330000,0.08463000,,true
2855,2,BMI,F,,997,-0.56840000,15.46260000,0.08464000,,true
2856,2,BMI,F,,998,-0.56840000,15.46190000,0.08464000,,true
2857,2,BMI,F,,999,-0.56840000,15.46110000,0.08465000,,true
2858,2,BMI,F,,1000,-0.56840000,15.46040000,0.08465000,,true
2859,2,BMI,F,,1001,-0.56840000,15.45970000,0.08465000,,true
2860,2,BMI,F,,1002,-0.56840000,15.45890000,0.08466000,,true
2861,2,BMI,F,,1003,-0.56840000,15.45820000,0.08466000,,true
2862,2,BMI,F,,1004,-0.56840000,15.45750000,0.08467000,,true
2863,2,BMI,F,,1005,-0.56840000,15.45680000,0.08467000,,true
2864,2,BMI,F,,1006,-0.56840000,15.45600000,0.08468000,,true
2865,2,BMI,F,,1007,-0.56840000,15.45530000,0.08468000,,true
2866,2,BMI,F,,1008,-0.56840000,15.45460000,0.08469000,,true
2867,2,BMI,F,,1009,-0.56840000,15.45390000,0.08469000,,true
2868,2,BMI,F,,1010,-0.56840000,15.45310000,0.08470000,,true
2869,2,BMI,F,,1011,-0.56840000,15.45240000,0.08470000,,true
2870,2,BMI,F,,1012,-0.56840000,15.45170000,0.08471000,,true
2871,2,BMI,F,,1013,-0.56840000,15.45100000,0.08471000,,true
2872,2,BMI,F,,1014,-0.56840000,15.45030000,0.08472000,,true
2873,2,BMI,F,,1015,-0.56840000,15.44950000,0.08472000,,true
2874,2,BMI,F,,1016,-0.56840000,15.44880000,0.08473000,,true
2875,2,BMI,F,,1017,-0.56840000,15.44810000,0.08473000,,true
2876,2,BMI,F,,1018,-0.56840000,15.44740000,0.08474000,,true
2877,2,BMI,F,,1019,-0.56840000,15.44670000,0.08474000,,true
2878,2,BMI,F,,1020,-0.56840000,15.44600000,0.08475000,,true
2879,2,BMI,F,,1021,-0.56840000,15.44530000,0.08476000,,true
2880,2,BMI,F,,1022,-0.56840000,15.44460000,0.08476000,,true
2881,2,BMI,F,,1023,-0.56840000,15.44390000,0.08477000,,true
2882,2,BMI,F,,1024,-0.56840000,15.44320000,0.08477000,,true
2883,2,BMI,F,,1025,-0.56840000,15.44250000,0.08478000,,true
2884,2,BMI,F,,1026,-0.56840000,15.44180000,0.08478000,,true
2885,2,BMI,F,,1027,-0.56840000,15.44110000,0.08479000,,true
2886,2,BMI,F,,1028,-0.56840000,15.44040000,0.08480000,,true
2887,2,BMI,F,,1029,-0.56840000,15.43970000,0.08480000,,true
2888,2,BMI,F,,1030,-0.56840000,15.43900000,0.08481000,,true
2889,2,BMI,F,,1031,-0.56840000,15.43830000,0.08482000,,true
2890,2,BMI,F,,1032,-0.56840000,15.43760000,0.08482000,,true
2891,2,BMI,F,,1033,-0.56840000,15.43690000,0.08483000,,true
2892,2,BMI,F,,1034,-0.56840000,15.43620000,0.08483000,,true
2893,2,BMI,F,,1035,-0.56840000,15.43550000,0.08484000,,true
2894,2,BMI,F,,1036,-0.56840000,15.43490000,0.08485000,,true
2895,2,BMI,F,,1037,-0.56840000,15.43420000,0.08485000,,true
2896,2,BMI,F,,1038,-0.56840000,15.43350000,0.08486000,,true
2897,2,BMI,F,,1039,-0.56840000,15.43280000,0.08487000,,true
2898,2,BMI,F,,1040,-0.56840000,15.43210000,0.08487000,,true
2899,2,BMI,F,,1041,-0.56840000,15.43150000,0.08488000,,true
2900,2,BMI,F,,1042,-0.56840000,15.43080000,0.08489000,,true
2901,2,BMI,F,,1043,-0.56840000,15.43010000,0.08489000,,true
2902,2,BMI,F,,1044,-0.56840000,15.42940000,0.08490000,,true
2903,2,BMI,F,,1045,-0.56840000,15.42880000,0.08491000,,true
2904,2,BMI,F,,1046,-0.56840000,15.42810000,0.08492000,,true
2905,2,BMI,F,,1047,-0.56840000,15.42740000,0.08492000,,true
2906,2,BMI,F,,1048,-0.56840000,15.42680000,0.08493000,,true
2907,2,BMI,F,,1049,-0.56840000,15.42610000,0.08494000,,true
2908,2,BMI,F,,1050,-0.56840000,15.42540000,0.08494000,,true
2909,2,BMI,F,,1051,-0.56840000,15.42480000,0.08495000,,true
2910,2,BMI,F,,1052,-0.56840000,15.42410000,0.08496000,,true
2911,2,BMI,F,,1053,-0.56840000,15.42340000,0.08497000,,true
2912,2,BMI,F,,1054,-0.56840000,15.42280000,0.08497000,,true
2913,2,BMI,F,,1055,-0.56840000,15.42210000,0.08498000,,true
2914,2,BMI,F,,1056,-0.56840000,15.42150000,0.08499000,,true
2915,2,BMI,F,,1057,-0.56840000,15.42080000,0.08500000,,true
2916,2,BMI,F,,1058,-0.56840000,15.42020000,0.08501000,,true
2917,2,BMI,F,,1059,-0.56840000,15.41950000,0.08501000,,true
2918,2,BMI,F,,1060,-0.56840000,15.41890000,0.08502000,,true
2919,2,BMI,F,,1061,-0.56840000,15.41820000,0.08503000,,true
2920,2,BMI,F,,1062,-0.56840000,15.41760000,0.08504000,,true
2921,2,BMI,F,,1063,-0.56840000,15.41690000,0.08505000,,true
2922,2,BMI,F,,1064,-0.56840000,15.41630000,0.08505000,,true
2923,2,BMI,F,,1065,-0.56840000,15.41570000,0.08506000,,true
2924,2,BMI,F,,1066,-0.56840000,15.41500000,0.08507000,,true
2925,2,BMI,F,,1067,-0.56840000,15.41440000,0.08508000,,true
2926,2,BMI,F,,1068,-0.56840000,15.41370000,0.08509000,,true
2927,2,BMI,F,,1069,-0.56840000,15.41310000,0.08510000,,true
2928,2,BMI,F,,1070,-0.56840000,15.41250000,0.08510000,,true
2929,2,BMI,F,,1071,-0.56840000,15.41190000,0.08511000,,true
2930,2,BMI,F,,1072,-0.56840000,15.41120000,0.08512000,,true
2931,2,BMI,F,,1073,-0.56840000,15.41060000,0.08513000,,true
2932,2,BMI,F,,1074,-0.56840000,15.41000000,0.08514000,,true
2933,2,BMI,F,,1075,-0.56840000,15.40930000,0.08515000,,true
2934,2,BMI,F,,1076,-0.56840000,15.40870000,0.08516000,,true
2935,2,BMI,F,,1077,-0.56840000,15.40810000,0.08517000,,true
2936,2,BMI,F,,1078,-0.56840000,15.40750000,0.08517000,,true
2937,2,BMI,F,,1079,-0.56840000,15.40690000,0.08518000,,true
2938,2,BMI,F,,1080,-0.56840000,15.40630000,0.08519000,,true
2939,2,BMI,F,,1081,-0.56840000,15.40560000,0.08520000,,true
2940,2,BMI,F,,1082,-0.56840000,15.40500000,0.08521000,,true
2941,2,BMI,F,,1083,-0.56840000,15.40440000,0.08522000,,true
2942,2,BMI,F,,1084,-0.56840000,15.40380000,0.08523000,,true
2943,2,BMI,F,,1085,-0.56840000,15.40320000,0.08524000,,true
2944,2,BMI,F,,1086,-0.56840000,15.40260000,0.08525000,,true
2945,2,BMI,F,,1087,-0.56840000,15.40200000,0.08526000,,true
2946,2,BMI,F,,1088,-0.56840000,15.40140000,0.08527000,,true
2947,2,BMI,F,,1089,-0.56840000,15.40080000,0.08528000,,true
2948,2,BMI,F,,1090,-0.56840000,15.40020000,0.08529000,,true
2949,2,BMI,F,,1091,-0.56840000,15.39960000,0.08530000,,true
2950,2,BMI,F,,1092,-0.56840000,15.39900000,0.08531000,,true
2951,2,BMI,F,,1093,-0.56840000,15.39840000,0.08532000,,true
2952,2,BMI,F,,1094,-0.56840000,15.39780000,0.08533000,,true
2953,2,BMI,F,,1095,-0.56840000,15.39720000,0.08534000,,true
2954,2,BMI,F,,1096,-0.56840000,15.39660000,0.08535000,,true
2955,2,BMI,F,,1097,-0.56840000,15.39600000,0.08536000,,true
2956,2,BMI,F,,1098,-0.56840000,15.39540000,0.08537000,,true
2957,2,BMI,F,,1099,-0.56840000,15.39490000,0.08538000,,true
2958,2,BMI,F,,1100,-0.56840000,15.39430000,0.08539000,,true
2959,2,BMI,F,,1101,-0.56840000,15.39370000,0.08540000,,true
2960,2,BMI,F,,1102,-0.56840000,15.39310000,0.08541000,,true
2961,2,BMI,F,,1103,-0.56840000,15.39250000,0.08542000,,true
2962,2,BMI,F,,1104,-0.56840000,15.39200000,0.08543000,,true
2963,2,BMI,F,,1105,-0.56840000,15.39140000,0.08544000,,true
2964,2,BMI,F,,1106,-0.56840000,15.39080000,0.08545000,,true
2965,2,BMI,F,,1107,-0.56840000,15.39020000,0.08547000,,true
2966,2,BMI,F,,1108,-0.56840000,15.38970000,0.08548000,,true
2967,2,BMI,F,,1109,-0.56840000,15.38910000,0.08549000,,true
2968,2,BMI,F,,1110,-0.56840000,15.38850000,0.08550000,,true
2969,2,BMI,F,,1111,-0.56840000,15.38800000,0.08551000,,true
2970,2,BMI,F,,1112,-0.56840000,15.38740000,0.08552000,,true
2971,2,BMI,F,,1113,-0.56840000,15.38680000,0.08553000,,true
2972,2,BMI,F,,1114,-0.56840000,15.38630000,0.08554000,,true
2973,2,BMI,F,,1115,-0.56840000,15.38570000,0.08556000,,true
2974,2,BMI,F,,1116,-0.56840000,15.38520000,0.08557000,,true
2975,2,BMI,F,,1117,-0.56840000,15.38460000,0.08558000,,true
2976,2,BMI,F,,1118,-0.56840000,15.38400000,0.08559000,,true
2977,2,BMI,F,,1119,-0.56840000,15.38350000,0.08560000,,true
2978,2,BMI,F,,1120,-0.56840000,15.38290000,0.08561000,,true
2979,2,BMI,F,,1121,-0.56840000,15.38240000,0.08563000,,true
2980,2,BMI,F,,1122,-0.56840000,15.38180000,0.08564000,,true
2981,2,BMI,F,,1123,-0.56840000,15.38130000,0.08565000,,true
2982,2,BMI,F,,1124,-0.56840000,15.38080000,0.08566000,,true
2983,2,BMI,F,,1125,-0.56840000,15.38020000,0.08567000,,true
2984,2,BMI,F,,1126,-0.56840000,15.37970000,0.08569000,,true
2985,2,BMI,F,,1127,-0.56840000,15.37910000,0.08570000,,true
2986,2,BMI,F,,1128,-0.56840000,15.37860000,0.08571000,,true
2987,2,BMI,F,,1129,-0.56840000,15.37800000,0.08572000,,true
2988,2,BMI,F,,1130,-0.56840000,15.37750000,0.08574000,,true
2989,2,BMI,F,,1131,-0.56840000,15.37700000,0.08575000,,true
2990,2,BMI,F,,1132,-0.56840000,15.37640000,0.08576000,,true
2991,2,BMI,F,,1133,-0.56840000,15.37590000,0.08577000,,true
2992,2,BMI,F,,1134,-0.56840000,15.37540000,0.08579000,,true
2993,2,BMI,F,,1135,-0.56840000,15.37480000,0.08580000,,true
2994,2,BMI,F,,1136,-0.56840000,15.37430000,0.08581000,,true
2995,2,BMI,F,,1137,-0.56840000,15.37380000,0.08582000,,true
2996,2,BMI,F,,1138,-0.56840000,15.37330000,0.08584000,,true
2997,2,BMI,F,,1139,-0.56840000,15.37270000,0.08585000,,true
2998,2,BMI,F,,1140,-0.56840000,15.37220000,0.08586000,,true
2999,2,BMI,F,,1141,-0.56840000,15.37170000,0.08588000,,true
3000,2,BMI,F,,1142,-0.56840000,15.37120000,0.08589000,,true
3001,2,BMI,F,,1143,-0.56840000,15.37070000,0.08590000,,true
3002,2,BMI,F,,1144,-0.56840000,15.37020000,0.08592000,,true
3003,2,BMI,F,,1145,-0.56840000,15.36960000,0.08593000,,true
3004,2,BMI,F,,1146,-0.56840000,15.36910000,0.08594000,,true
3005,2,BMI,F,,1147,-0.56840000,15.36860000,0.08596000,,true
3006,2,BMI,F,,1148,-0.56840000,15.36810000,0.08597000,,true
3007,2,BMI,F,,1149,-0.56840000,15.36760000,0.08598000,,true
3008,2,BMI,F,,1150,-0.56840000,15.36710000,0.08600000,,true
3009,2,BMI,F,,1151,-0.56840000,15.36660000,0.08601000,,true
3010,2,BMI,F,,1152,-0.56840000,15.36610000,0.08602000,,true
3011,2,BMI,F,,1153,-0.56840000,15.36560000,0.08604000,,true
3012,2,BMI,F,,1154,-0.56840000,15.36510000,0.08605000,,true
3013,2,BMI,F,,1155,-0.56840000,15.36460000,0.08606000,,true
3014,2,BMI,F,,1156,-0.56840000,15.36410000,0.08608000,,true
3015,2,BMI,F,,1157,-0.56840000,15.36360000,0.08609000,,true
3016,2,BMI,F,,1158,-0.56840000,15.36310000,0.08611000,,true
3017,2,BMI,F,,1159,-0.56840000,15.36260000,0.08612000,,true
3018,2,BMI,F,,1160,-0.56840000,15.36210000,0.08614000,,true
3019,2,BMI,F,,1161,-0.56840000,15.36160000,0.08615000,,true
3020,2,BMI,F,,1162,-0.56840000,15.36110000,0.08616000,,true
3021,2,BMI,F,,1163,-0.56840000,15.36060000,0.08618000,,true
3022,2,BMI,F,,1164,-0.56840000,15.36010000,0.08619000,,true
3023,2,BMI,F,,1165,-0.56840000,15.35970000,0.08621000,,true
3024,2,BMI,F,,1166,-0.56840000,15.35920000,0.08622000,,true
3025,2,BMI,F,,1167,-0.56840000,15.35870000,0.08624000,,true
3026,2,BMI,F,,1168,-0.56840000,15.35820000,0.08625000,,true
3027,2,BMI,F,,1169,-0.56840000,15.35770000,0.08627000,,true
3028,2,BMI,F,,1170,-0.56840000,15.35720000,0.08628000,,true
3029,2,BMI,F,,1171,-0.56840000,15.35680000,0.08629000,,true
3030,2,BMI,F,,1172,-0.56840000,15.35630000,0.08631000,,true
3031,2,BMI,F,,1173,-0.56840000,15.35580000,0.08632000,,true
3032,2,BMI,F,,1174,-0.56840000,15.35530000,0.08634000,,true
3033,2,BMI,F,,1175,-0.56840000,15.35490000,0.08635000,,true
3034,2,BMI,F,,1176,-0.56840000,15.35440000,0.08637000,,true
3035,2,BMI,F,,1177,-0.56840000,15.35390000,0.08638000,,true
3036,2,BMI,F,,1178,-0.56840000,15.35350000,0.08640000,,true
3037,2,BMI,F,,1179,-0.56840000,15.35300000,0.08641000,,true
3038,2,BMI,F,,1180,-0.56840000,15.35250000,0.08643000,,true
3039,2,BMI,F,,1181,-0.56840000,15.35210000,0.08645000,,true
3040,2,BMI,F,,1182,-0.56840000,15.35160000,0.08646000,,true
3041,2,BMI,F,,1183,-0.56840000,15.35110000,0.08648000,,true
3042,2,BMI,F,,1184,-0.56840000,15.35070000,0.08649000,,true
3043,2,BMI,F,,1185,-0.56840000,15.35020000,0.08651000,,true
3044,2,BMI,F,,1186,-0.56840000,15.34970000,0.08652000,,true
3045,2,BMI,F,,1187,-0.56840000,15.34930000,0.08654000,,true
3046,2,BMI,F,,1188,-0.56840000,15.34880000,0.08655000,,true
3047,2,BMI,F,,1189,-0.56840000,15.34840000,0.08657000,,true
3048,2,BMI,F,,1190,-0.56840000,15.34790000,0.08659000,,true
3049,2,BMI,F,,1191,-0.56840000,15.34750000,0.08660000,,true
3050,2,BMI,F,,1192,-0.56840000,15.34700000,0.08662000,,true
3051,2,BMI,F,,1193,-0.56840000,15.34650000,0.08663000,,true
3052,2,BMI,F,,1194,-0.56840000,15.34610000,0.08665000,,true
3053,2,BMI,F,,1195,-0.56840000,15.34560000,0.08666000,,true
3054,2,BMI,F,,1196,-0.56840000,15.34520000,0.08668000,,true
3055,2,BMI,F,,1197,-0.56840000,15.34480000,0.08670000,,true
3056,2,BMI,F,,1198,-0.56840000,15.34430000,0.08671000,,true
3057,2,BMI,F,,1199,-0.56840000,15.34390000,0.08673000,,true
3058,2,BMI,F,,1200,-0.56840000,15.34340000,0.08675000,,true
3059,2,BMI,F,,1201,-0.56840000,15.34300000,0.08676000,,true
3060,2,BMI,F,,1202,-0.56840000,15.34250000,0.08678000,,true
3061,2,BMI,F,,1203,-0.56840000,15.34210000,0.08679000,,true
3062,2,BMI,F,,1204,-0.56840000,15.34160000,0.08681000,,true
3063,2,BMI,F,,1205,-0.56840000,15.34120000,0.08683000,,true
3064,2,BMI,F,,1206,-0.56840000,15.34080000,0.08684000,,true
3065,2,BMI,F,,1207,-0.56840000,15.34030000,0.08686000,,true
3066,2,BMI,F,,1208,-0.56840000,15.33990000,0.08688000,,true
3067,2,BMI,F,,1209,-0.56840000,15.33950000,0.08689000,,true
3068,2,BMI,F,,1210,-0.56840000,15.33900000,0.08691000,,true
3069,2,BMI,F,,1211,-0.56840000,15.33860000,0.08693000,,true
3070,2,BMI,F,,1212,-0.56840000,15.33820000,0.08694000,,true
3071,2,BMI,F,,1213,-0.56840000,15.33770000,0.08696000,,true
3072,2,BMI,F,,1214,-0.56840000,15.33730000,0.08698000,,true
3073,2,BMI,F,,1215,-0.56840000,15.33690000,0.08699000,,true
3074,2,BMI,F,,1216,-0.56840000,15.33640000,0.08701000,,true
3075,2,BMI,F,,1217,-0.56840000,15.33600000,0.08703000,,true
3076,2,BMI,F,,1218,-0.56840000,15.33560000,0.08704000,,true
3077,2,BMI,F,,1219,-0.56840000,15.33520000,0.08706000,,true
3078,2,BMI,F,,1220,-0.56840000,15.33470000,0.08708000,,true
3079,2,BMI,F,,1221,-0.56840000,15.33430000,0.08710000,,true
3080,2,BMI,F,,1222,-0.56840000,15.33390000,0.08711000,,true
3081,2,BMI,F,,1223,-0.56840000,15.33350000,0.08713000,,true
3082,2,BMI,F,,1224,-0.56840000,15.33310000,0.08715000,,true
3083,2,BMI,F,,1225,-0.56840000,15.33260000,0.08716000,,true
3084,2,BMI,F,,1226,-0.56840000,15.33220000,0.08718000,,true
3085,2,BMI,F,,1227,-0.56840000,15.33180000,0.08720000,,true
3086,2,BMI,F,,1228,-0.56840000,15.33140000,0.08722000,,true
3087,2,BMI,F,,1229,-0.56840000,15.33100000,0.08723000,,true
3088,2,BMI,F,,1230,-0.56840000,15.33060000,0.08725000,,true
3089,2,BMI,F,,1231,-0.56840000,15.33010000,0.08727000,,true
3090,2,BMI,F,,1232,-0.56840000,15.32970000,0.08729000,,true
3091,2,BMI,F,,1233,-0.56840000,15.32930000,0.08730000,,true
3092,2,BMI,F,,1234,-0.56840000,15.32890000,0.08732000,,true
3093,2,BMI,F,,1235,-0.56840000,15.32850000,0.08734000,,true
3094,2,BMI,F,,1236,-0.56840000,15.32810000,0.08736000,,true
3095,2,BMI,F,,1237,-0.56840000,15.32770000,0.08737000,,true
3096,2,BMI,F,,1238,-0.56840000,15.32730000,0.08739000,,true
3097,2,BMI,F,,1239,-0.56840000,15.32690000,0.08741000,,true
3098,2,BMI,F,,1240,-0.56840000,15.32650000,0.08743000,,true
3099,2,BMI,F,,1241,-0.56840000,15.32610000,0.08745000,,true
3100,2,BMI,F,,1242,-0.56840000,15.32570000,0.08746000,,true
3101,2,BMI,F,,1243,-0.56840000,15.32520000,0.08748000,,true
3102,2,BMI,F,,1244,-0.56840000,15.32480000,0.08750000,,true
3103,2,BMI,F,,1245,-0.56840000,15.32440000,0.08752000,,true
3104,2,BMI,F,,1246,-0.56840000,15.32400000,0.08753000,,true
3105,2,BMI,F,,1247,-0.56840000,15.32360000,0.08755000,,true
3106,2,BMI,F,,1248,-0.56840000,15.32330000,0.08757000,,true
3107,2,BMI,F,,1249,-0.56840000,15.32290000,0.08759000,,true
3108,2,BMI,F,,1250,-0.56840000,15.32250000,0.08761000,,true
3109,2,BMI,F,,1251,-0.56840000,15.32210000,0.08763000,,true
3110,2,BMI,F,,1252,-0.56840000,15.32170000,0.08764000,,true
3111,2,BMI,F,,1253,-0.56840000,15.32130000,0.08766000,,true
3112,2,BMI,F,,1254,-0.56840000,15.32090000,0.08768000,,true
3113,2,BMI,F,,1255,-0.56840000,15.32050000,0.08770000,,true
3114,2,BMI,F,,1256,-0.56840000,15.32010000,0.08772000,,true
3115,2,BMI,F,,1257,-0.56840000,15.31970000,0.08773000,,true
3116,2,BMI,F,,1258,-0.56840000,15.31930000,0.08775000,,true
3117,2,BMI,F,,1259,-0.56840000,15.31890000,0.08777000,,true
3118,2,BMI,F,,1260,-0.56840000,15.31850000,0.08779000,,true
3119,2,BMI,F,,1261,-0.56840000,15.31820000,0.08781000,,true
3120,2,BMI,F,,1262,-0.56840000,15.31780000,0.08783000,,true
3121,2,BMI,F,,1263,-0.56840000,15.31740000,0.08785000,,true
3122,2,BMI,F,,1264,-0.56840000,15.31700000,0.08786000,,true
3123,2,BMI,F,,1265,-0.56840000,15.31660000,0.08788000,,true
3124,2,BMI,F,,1266,-0.56840000,15.31620000,0.08790000,,true
3125,2,BMI,F,,1267,-0.56840000,15.31590000,0.08792000,,true
3126,2,BMI,F,,1268,-0.56840000,15.31550000,0.08794000,,true
3127,2,BMI,F,,1269,-0.56840000,15.31510000,0.08796000,,true
3128,2,BMI,F,,1270,-0.56840000,15.31470000,0.08798000,,true
3129,2,BMI,F,,1271,-0.56840000,15.31430000,0.08799000,,true
3130,2,BMI,F,,1272,-0.56840000,15.31400000,0.08801000,,true
3131,2,BMI,F,,1273,-0.56840000,15.31360000,0.08803000,,true
3132,2,BMI,F,,1274,-0.56840000,15.31320000,0.08805000,,true
3133,2,BMI,F,,1275,-0.56840000,15.31280000,0.08807000,,true
3134,2,BMI,F,,1276,-0.56840000,15.31250000,0.08809000,,true
3135,2,BMI,F,,1277,-0.56840000,15.31210000,0.08811000,,true
3136,2,BMI,F,,1278,-0.56840000,15.31170000,0.08813000,,true
3137,2,BMI,F,,1279,-0.56840000,15.31140000,0.08814000,,true
3138,2,BMI,F,,1280,-0.56840000,15.31100000,0.08816000,,true
3139,2,BMI,F,,1281,-0.56840000,15.31060000,0.08818000,,true
3140,2,BMI,F,,1282,-0.56840000,15.31020000,0.08820000,,true
3141,2,BMI,F,,1283,-0.56840000,15.30990000,0.08822000,,true
3142,2,BMI,F,,1284,-0.56840000,15.30950000,0.08824000,,true
3143,2,BMI,F,,1285,-0.56840000,15.30910000,0.08826000,,true
3144,2,BMI,F,,1286,-0.56840000,15.30880000,0.08828000,,true
3145,2,BMI,F,,1287,-0.56840000,15.30840000,0.08830000,,true
3146,2,BMI,F,,1288,-0.56840000,15.30800000,0.08832000,,true
3147,2,BMI,F,,1289,-0.56840000,15.30770000,0.08833000,,true
3148,2,BMI,F,,1290,-0.56840000,15.30730000,0.08835000,,true
3149,2,BMI,F,,1291,-0.56840000,15.30700000,0.08837000,,true
3150,2,BMI,F,,1292,-0.56840000,15.30660000,0.08839000,,true
3151,2,BMI,F,,1293,-0.56840000,15.30620000,0.08841000,,true
3152,2,BMI,F,,1294,-0.56840000,15.30590000,0.08843000,,true
3153,2,BMI,F,,1295,-0.56840000,15.30550000,0.08845000,,true
3154,2,BMI,F,,1296,-0.56840000,15.30520000,0.08847000,,true
3155,2,BMI,F,,1297,-0.56840000,15.30480000,0.08849000,,true
3156,2,BMI,F,,1298,-0.56840000,15.30440000,0.08851000,,true
3157,2,BMI,F,,1299,-0.56840000,15.30410000,0.08853000,,true
3158,2,BMI,F,,1300,-0.56840000,15.30370000,0.08855000,,true
3159,2,BMI,F,,1301,-0.56840000,15.30340000,0.08857000,,true
3160,2,BMI,F,,1302,-0.56840000,15.30300000,0.08859000,,true
3161,2,BMI,F,,1303,-0.56840000,15.30270000,0.08860000,,true
3162,2,BMI,F,,1304,-0.56840000,15.30230000,0.08862000,,true
3163,2,BMI,F,,1305,-0.56840000,15.30200000,0.08864000,,true
3164,2,BMI,F,,1306,-0.56840000,15.30160000,0.08866000,,true
3165,2,BMI,F,,1307,-0.56840000,15.30130000,0.08868000,,true
3166,2,BMI,F,,1308,-0.56840000,15.30090000,0.08870000,,true
3167,2,BMI,F,,1309,-0.56840000,15.30060000,0.08872000,,true
3168,2,BMI,F,,1310,-0.56840000,15.30020000,0.08874000,,true
3169,2,BMI,F,,1311,-0.56840000,15.29990000,0.08876000,,true
3170,2,BMI,F,,1312,-0.56840000,15.29960000,0.08878000,,true
3171,2,BMI,F,,1313,-0.56840000,15.29920000,0.08880000,,true
3172,2,BMI,F,,1314,-0.56840000,15.29890000,0.08882000,,true
3173,2,BMI,F,,1315,-0.56840000,15.29850000,0.08884000,,true
3174,2,BMI,F,,1316,-0.56840000,15.29820000,0.08886000,,true
3175,2,BMI,F,,1317,-0.56840000,15.29780000,0.08888000,,true
3176,2,BMI,F,,1318,-0.56840000,15.29750000,0.08890000,,true
3177,2,BMI,F,,1319,-0.56840000,15.29720000,0.08892000,,true
3178,2,BMI,F,,1320,-0.56840000,15.29680000,0.08894000,,true
3179,2,BMI,F,,1321,-0.56840000,15.29650000,0.08896000,,true
3180,2,BMI,F,,1322,-0.56840000,15.29620000,0.08898000,,true
3181,2,BMI,F,,1323,-0.56840000,15.29580000,0.08900000,,true
3182,2,BMI,F,,1324,-0.56840000,15.29550000,0.08901000,,true
3183,2,BMI,F,,1325,-0.56840000,15.29520000,0.08903000,,true
3184,2,BMI,F,,1326,-0.56840000,15.29480000,0.08905000,,true
3185,2,BMI,F,,1327,-0.56840000,15.29450000,0.08907000,,true
3186,2,BMI,F,,1328,-0.56840000,15.29420000,0.08909000,,true
3187,2,BMI,F,,1329,-0.56840000,15.29380000,0.08911000,,true
3188,2,BMI,F,,1330,-0.56840000,15.29350000,0.08913000,,true
3189,2,BMI,F,,1331,-0.56840000,15.29320000,0.08915000,,true
3190,2,BMI,F,,1332,-0.56840000,15.29290000,0.08917000,,true
3191,2,BMI,F,,1333,-0.56840000,15.29250000,0.08919000,,true
3192,2,BMI,F,,1334,-0.56840000,15.29220000,0.08921000,,true
3193,2,BMI,F,,1335,-0.56840000,15.29190000,0.08923000,,true
3194,2,BMI,F,,1336,-0.56840000,15.29160000,0.08925000,,true
3195,2,BMI,F,,1337,-0.56840000,15.29130000,0.08927000,,true
3196,2,BMI,F,,1338,-0.56840000,15.29090000,0.08929000,,true
3197,2,BMI,F,,1339,-0.56840000,15.29060000,0.08931000,,true
3198,2,BMI,F,,1340,-0.56840000,15.29030000,0.08933000,,true
3199,2,BMI,F,,1341,-0.56840000,15.29000000,0.08935000,,true
3200,2,BMI,F,,1342,-0.56840000,15.28970000,0.08937000,,true
3201,2,BMI,F,,1343,-0.56840000,15.28940000,0.08939000,,true
3202,2,BMI,F,,1344,-0.56840000,15.28900000,0.08941000,,true
3203,2,BMI,F,,1345,-0.56840000,15.28870000,0.08943000,,true
3204,2,BMI,F,,1346,-0.56840000,15.28840000,0.08945000,,true
3205,2,BMI,F,,1347,-0.56840000,15.28810000,0.08947000,,true
3206,2,BMI,F,,1348,-0.56840000,15.28780000,0.08949000,,true
3207,2,BMI,F,,1349,-0.56840000,15.28750000,0.08951000,,true
3208,2,BMI,F,,1350,-0.56840000,15.28720000,0.08953000,,true
3209,2,BMI,F,,1351,-0.56840000,15.28690000,0.08955000,,true
3210,2,BMI,F,,1352,-0.56840000,15.28660000,0.08957000,,true
3211,2,BMI,F,,1353,-0.56840000,15.28630000,0.08959000,,true
3212,2,BMI,F,,1354,-0.56840000,15.28600000,0.08961000,,true
3213,2,BMI,F,,1355,-0.56840000,15.28570000,0.08963000,,true
3214,2,BMI,F,,1356,-0.56840000,15.28540000,0.08964000,,true
3215,2,BMI,F,,1357,-0.56840000,15.28510000,0.08966000,,true
3216,2,BMI,F,,1358,-0.56840000,15.28480000,0.08968000,,true
3217,2,BMI,F,,1359,-0.56840000,15.28450000,0.08970000,,true
3218,2,BMI,F,,1360,-0.56840000,15.28420000,0.08972000,,true
3219,2,BMI,F,,1361,-0.56840000,15.28390000,0.08974000,,true
3220,2,BMI,F,,1362,-0.56840000,15.28360000,0.08976000,,true
3221,2,BMI,F,,1363,-0.56840000,15.28330000,0.08978000,,true
3222,2,BMI,F,,1364,-0.56840000,15.28300000,0.08980000,,true
3223,2,BMI,F,,1365,-0.56840000,15.28270000,0.08982000,,true
3224,2,BMI,F,,1366,-0.56840000,15.28240000,0.08984000,,true
3225,2,BMI,F,,1367,-0.56840000,15.28210000,0.08986000,,true
3226,2,BMI,F,,1368,-0.56840000,15.28180000,0.08988000,,true
3227,2,BMI,F,,1369,-0.56840000,15.28160000,0.08990000,,true
3228,2,BMI,F,,1370,-0.56840000,15.28130000,0.08992000,,true
3229,2,BMI,F,,1371,-0.56840000,15.28100000,0.08994000,,true
3230,2,BMI,F,,1372,-0.56840000,15.28070000,0.08996000,,true
3231,2,BMI,F,,1373,-0.56840000,15.28040000,0.08998000,,true
3232,2,BMI,F,,1374,-0.56840000,15.28010000,0.09000000,,true
3233,2,BMI,F,,1375,-0.56840000,15.27990000,0.09002000,,true
3234,2,BMI,F,,1376,-0.56840000,15.27960000,0.09004000,,true
3235,2,BMI,F,,1377,-0.56840000,15.27930000,0.09006000,,true
3236,2,BMI,F,,1378,-0.56840000,15.27900000,0.09008000,,true
3237,2,BMI,F,,1379,-0.56840000,15.27880000,0.09010000,,true
3238,2,BMI,F,,1380,-0.56840000,15.27850000,0.09012000,,true
3239,2,BMI,F,,1381,-0.56840000,15.27820000,0.09013000,,true
3240,2,BMI,F,,1382,-0.56840000,15.27790000,0.09015000,,true
3241,2,BMI,F,,1383,-0.56840000,15.27770000,0.09017000,,true
3242,2,BMI,F,,1384,-0.56840000,15.27740000,0.09019000,,true
3243,2,BMI,F,,1385,-0.56840000,15.27710000,0.09021000,,true
3244,2,BMI,F,,1386,-0.56840000,15.27690000,0.09023000,,true
3245,2,BMI,F,,1387,-0.56840000,15.27660000,0.09025000,,true
3246,2,BMI,F,,1388,-0.56840000,15.27630000,0.09027000,,true
3247,2,BMI,F,,1389,-0.56840000,15.27610000,0.09029000,,true
3248,2,BMI,F,,1390,-0.56840000,15.27580000,0.09031000,,true
3249,2,BMI,F,,1391,-0.56840000,15.27550000,0.09033000,,true
3250,2,BMI,F,,1392,-0.56840000,15.27530000,0.09035000,,true
3251,2,BMI,F,,1393,-0.56840000,15.27500000,0.09037000,,true
3252,2,BMI,F,,1394,-0.56840000,15.27480000,0.09039000,,true
3253,2,BMI,F,,1395,-0.56840000,15.27450000,0.09041000,,true
3254,2,BMI,F,,1396,-0.56840000,15.27420000,0.09043000,,true
3255,2,BMI,F,,1397,-0.56840000,15.27400000,0.09045000,,true
3256,2,BMI,F,,1398,-0.56840000,15.27370000,0.09047000,,true
3257,2,BMI,F,,1399,-0.56840000,15.27350000,0.09049000,,true
3258,2,BMI,F,,1400,-0.56840000,15.27320000,0.09050000,,true
3259,2,BMI,F,,1401,-0.56840000,15.27300000,0.09052000,,true
3260,2,BMI,F,,1402,-0.56840000,15.27270000,0.09054000,,true
3261,2,BMI,F,,1403,-0.56840000,15.27250000,0.09056000,,true
3262,2,BMI,F,,1404,-0.56840000,15.27220000,0.09058000,,true
3263,2,BMI,F,,1405,-0.56840000,15.27200000,0.09060000,,true
3264,2,BMI,F,,1406,-0.56840000,15.27170000,0.09062000,,true
3265,2,BMI,F,,1407,-0.56840000,15.27150000,0.09064000,,true
3266,2,BMI,F,,1408,-0.56840000,15.27130000,0.09066000,,true
3267,2,BMI,F,,1409,-0.56840000,15.27100000,0.09068000,,true
3268,2,BMI,F,,1410,-0.56840000,15.27080000,0.09070000,,true
3269,2,BMI,F,,1411,-0.56840000,15.27050000,0.09072000,,true
3270,2,BMI,F,,1412,-0.56840000,15.27030000,0.09074000,,true
3271,2,BMI,F,,1413,-0.56840000,15.27010000,0.09076000,,true
3272,2,BMI,F,,1414,-0.56840000,15.26980000,0.09078000,,true
3273,2,BMI,F,,1415,-0.56840000,15.26960000,0.09080000,,true
3274,2,BMI,F,,1416,-0.56840000,15.26940000,0.09081000,,true
3275,2,BMI,F,,1417,-0.56840000,15.26910000,0.09083000,,true
3276,2,BMI,F,,1418,-0.56840000,15.26890000,0.09085000,,true
3277,2,BMI,F,,1419,-0.56840000,15.26870000,0.09087000,,true
3278,2,BMI,F,,1420,-0.56840000,15.26850000,0.09089000,,true
3279,2,BMI,F,,1421,-0.56840000,15.26820000,0.09091000,,true
3280,2,BMI,F,,1422,-0.56840000,15.26800000,0.09093000,,true
3281,2,BMI,F,,1423,-0.56840000,15.26780000,0.09095000,,true
3282,2,BMI,F,,1424,-0.56840000,15.26760000,0.09097000,,true
3283,2,BMI,F,,1425,-0.56840000,15.26730000,0.09099000,,true
3284,2,BMI,F,,1426,-0.56840000,15.26710000,0.09101000,,true
3285,2,BMI,F,,1427,-0.56840000,15.26690000,0.09103000,,true
3286,2,BMI,F,,1428,-0.56840000,15.26670000,0.09105000,,true
3287,2,BMI,F,,1429,-0.56840000,15.26650000,0.09107000,,true
3288,2,BMI,F,,1430,-0.56840000,15.26620000,0.09109000,,true
3289,2,BMI,F,,1431,-0.56840000,15.26600000,0.09110000,,true
3290,2,BMI,F,,1432,-0.56840000,15.26580000,0.09112000,,true
3291,2,BMI,F,,1433,-0.56840000,15.26560000,0.09114000,,true
3292,2,BMI,F,,1434,-0.56840000,15.26540000,0.09116000,,true
3293,2,BMI,F,,1435,-0.56840000,15.26520000,0.09118000,,true
3294,2,BMI,F,,1436,-0.56840000,15.26500000,0.09120000,,true
3295,2,BMI,F,,1437,-0.56840000,15.26480000,0.09122000,,true
3296,2,BMI,F,,1438,-0.56840000,15.26460000,0.09124000,,true
3297,2,BMI,F,,1439,-0.56840000,15.26440000,0.09126000,,true
3298,2,BMI,F,,1440,-0.56840000,15.26420000,0.09128000,,true
3299,2,BMI,F,,1441,-0.56840000,15.26400000,0.09130000,,true
3300,2,BMI,F,,1442,-0.56840000,15.26380000,0.09132000,,true
3301,2,BMI,F,,1443,-0.56840000,15.26360000,0.09134000,,true
3302,2,BMI,F,,1444,-0.56840000,15.26340000,0.09136000,,true
3303,2,BMI,F,,1445,-0.56840000,15.26320000,0.09138000,,true
3304,2,BMI,F,,1446,-0.56840000,15.26300000,0.09139000,,true
3305,2,BMI,F,,1447,-0.56840000,15.26280000,0.09141000,,true
3306,2,BMI,F,,1448,-0.56840000,15.26260000,0.09143000,,true
3307,2,BMI,F,,1449,-0.56840000,15.26240000,0.09145000,,true
3308,2,BMI,F,,1450,-0.56840000,15.26220000,0.09147000,,true
3309,2,BMI,F,,1451,-0.56840000,15.26200000,0.09149000,,true
3310,2,BMI,F,,1452,-0.56840000,15.26190000,0.09151000,,true
3311,2,BMI,F,,1453,-0.56840000,15.26170000,0.09153000,,true
3312,2,BMI,F,,1454,-0.56840000,15.26150000,0.09155000,,true
3313,2,BMI,F,,1455,-0.56840000,15.26130000,0.09157000,,true
3314,2,BMI,F,,1456,-0.56840000,15.26110000,0.09159000,,true
3315,2,BMI,F,,1457,-0.56840000,15.26090000,0.09161000,,true
3316,2,BMI,F,,1458,-0.56840000,15.26080000,0.09163000,,true
3317,2,BMI,F,,1459,-0.56840000,15.26060000,0.09165000,,true
3318,2,BMI,F,,1460,-0.56840000,15.26040000,0.09167000,,true
3319,2,BMI,F,,1461,-0.56840000,15.26020000,0.09168000,,true
3320,2,BMI,F,,1462,-0.56840000,15.26010000,0.09170000,,true
3321,2,BMI,F,,1463,-0.56840000,15.25990000,0.09172000,,true
3322,2,BMI,F,,1464,-0.56840000,15.25970000,0.09174000,,true
3323,2,BMI,F,,1465,-0.56840000,15.25960000,0.09176000,,true
3324,2,BMI,F,,1466,-0.56840000,15.25940000,0.09178000,,true
3325,2,BMI,F,,1467,-0.56840000,15.25920000,0.09180000,,true
3326,2,BMI,F,,1468,-0.56840000,15.25910000,0.09182000,,true
3327,2,BMI,F,,1469,-0.56840000,15.25890000,0.09184000,,true
3328,2,BMI,F,,1470,-0.56840000,15.25870000,0.09186000,,true
3329,2,BMI,F,,1471,-0.56840000,15.25860000,0.09188000,,true
3330,2,BMI,F,,1472,-0.56840000,15.25840000,0.09190000,,true
3331,2,BMI,F,,1473,-0.56840000,15.25830000,0.09192000,,true
3332,2,BMI,F,,1474,-0.56840000,15.25810000,0.09194000,,true
3333,2,BMI,F,,1475,-0.56840000,15.25790000,0.09196000,,true
3334,2,BMI,F,,1476,-0.56840000,15.25780000,0.09198000,,true
3335,2,BMI,F,,1477,-0.56840000,15.25760000,0.09200000,,true
3336,2,BMI,F,,1478,-0.56840000,15.25750000,0.09201000,,true
3337,2,BMI,F,,1479,-0.56840000,15.25730000,0.09203000,,true
3338,2,BMI,F,,1480,-0.56840000,15.25720000,0.09205000,,true
3339,2,BMI,F,,1481,-0.56840000,15.25700000,0.09207000,,true
3340,2,BMI,F,,1482,-0.56840000,15.25690000,0.09209000,,true
3341,2,BMI,F,,1483,-0.56840000,15.25680000,0.09211000,,true
3342,2,BMI,F,,1484,-0.56840000,15.25660000,0.09213000,,true
3343,2,BMI,F,,1485,-0.56840000,15.25650000,0.09215000,,true
3344,2,BMI,F,,1486,-0.56840000,15.25630000,0.09217000,,true
3345,2,BMI,F,,1487,-0.56840000,15.25620000,0.09219000,,true
3346,2,BMI,F,,1488,-0.56840000,15.25610000,0.09221000,,true
3347,2,BMI,F,,1489,-0.56840000,15.25590000,0.09223000,,true
3348,2,BMI,F,,1490,-0.56840000,15.25580000,0.09225000,,true
3349,2,BMI,F,,1491,-0.56840000,15.25570000,0.09227000,,true
3350,2,BMI,F,,1492,-0.56840000,15.25550000,0.09229000,,true
3351,2,BMI,F,,1493,-0.56840000,15.25540000,0.09231000,,true
3352,2,BMI,F,,1494,-0.56840000,15.25530000,0.09232000,,true
3353,2,BMI,F,,1495,-0.56840000,15.25510000,0.09234000,,true
3354,2,BMI,F,,1496,-0.56840000,15.25500000,0.09236000,,true
3355,2,BMI,F,,1497,-0.56840000,15.25490000,0.09238000,,true
3356,2,BMI,F,,1498,-0.56840000,15.25480000,0.09240000,,true
3357,2,BMI,F,,1499,-0.56840000,15.25470000,0.09242000,,true
3358,2,BMI,F,,1500,-0.56840000,15.25450000,0.09244000,,true
3359,2,BMI,F,,1501,-0.56840000,15.25440000,0.09246000,,true
3360,2,BMI,F,,1502,-0.56840000,15.25430000,0.09248000,,true
3361,2,BMI,F,,1503,-0.56840000,15.25420000,0.09250000,,true
3362,2,BMI,F,,1504,-0.56840000,15.25410000,0.09252000,,true
3363,2,BMI,F,,1505,-0.56840000,15.25400000,0.09254000,,true
3364,2,BMI,F,,1506,-0.56840000,15.25380000,0.09256000,,true
3365,2,BMI,F,,1507,-0.56840000,15.25370000,0.09258000,,true
3366,2,BMI,F,,1508,-0.56840000,15.25360000,0.09260000,,true
3367,2,BMI,F,,1509,-0.56840000,15.25350000,0.09262000,,true
3368,2,BMI,F,,1510,-0.56840000,15.25340000,0.09263000,,true
3369,2,BMI,F,,1511,-0.56840000,15.25330000,0.09265000,,true
3370,2,BMI,F,,1512,-0.56840000,15.25320000,0.09267000,,true
3371,2,BMI,F,,1513,-0.56840000,15.25310000,0.09269000,,true
3372,2,BMI,F,,1514,-0.56840000,15.25300000,0.09271000,,true
3373,2,BMI,F,,1515,-0.56840000,15.25290000,0.09273000,,true
3374,2,BMI,F,,1516,-0.56840000,15.25280000,0.09275000,,true
3375,2,BMI,F,,1517,-0.56840000,15.25270000,0.09277000,,true
3376,2,BMI,F,,1518,-0.56840000,15.25260000,0.09279000,,true
3377,2,BMI,F,,1519,-0.56840000,15.25250000,0.09281000,,true
3378,2,BMI,F,,1520,-0.56840000,15.25250000,0.09283000,,true
3379,2,BMI,F,,1521,-0.56840000,15.25240000,0.09285000,,true
3380,2,BMI,F,,1522,-0.56840000,15.25230000,0.09287000,,true
3381,2,BMI,F,,1523,-0.56840000,15.25220000,0.09289000,,true
3382,2,BMI,F,,1524,-0.56840000,15.25210000,0.09291000,,true
3383,2,BMI,F,,1525,-0.56840000,15.25200000,0.09292000,,true
3384,2,BMI,F,,1526,-0.56840000,15.25190000,0.09294000,,true
3385,2,BMI,F,,1527,-0.56840000,15.25190000,0.09296000,,true
3386,2,BMI,F,,1528,-0.56840000,15.25180000,0.09298000,,true
3387,2,BMI,F,,1529,-0.56840000,15.25170000,0.09300000,,true
3388,2,BMI,F,,1530,-0.56840000,15.25160000,0.09302000,,true
3389,2,BMI,F,,1531,-0.56840000,15.25150000,0.09304000,,true
3390,2,BMI,F,,1532,-0.56840000,15.25150000,0.09306000,,true
3391,2,BMI,F,,1533,-0.56840000,15.25140000,0.09308000,,true
3392,2,BMI,F,,1534,-0.56840000,15.25130000,0.09310000,,true
3393,2,BMI,F,,1535,-0.56840000,15.25130000,0.09312000,,true
3394,2,BMI,F,,1536,-0.56840000,15.25120000,0.09314000,,true
3395,2,BMI,F,,1537,-0.56840000,15.25110000,0.09316000,,true
3396,2,BMI,F,,1538,-0.56840000,15.25110000,0.09318000,,true
3397,2,BMI,F,,1539,-0.56840000,15.25100000,0.09320000,,true
3398,2,BMI,F,,1540,-0.56840000,15.25090000,0.09321000,,true
3399,2,BMI,F,,1541,-0.56840000,15.25090000,0.09323000,,true
3400,2,BMI,F,,1542,-0.56840000,15.25080000,0.09325000,,true
3401,2,BMI,F,,1543,-0.56840000,15.25080000,0.09327000,,true
3402,2,BMI,F,,1544,-0.56840000,15.25070000,0.09329000,,true
3403,2,BMI,F,,1545,-0.56840000,15.25070000,0.09331000,,true
3404,2,BMI,F,,1546,-0.56840000,15.25060000,0.09333000,,true
3405,2,BMI,F,,1547,-0.56840000,15.25060000,0.09335000,,true
3406,2,BMI,F,,1548,-0.56840000,15.25050000,0.09337000,,true
3407,2,BMI,F,,1549,-0.56840000,15.25050000,0.09339000,,true
3408,2,BMI,F,,1550,-0.56840000,15.25040000,0.09341000,,true
3409,2,BMI,F,,1551,-0.56840000,15.25040000,0.09343000,,true
3410,2,BMI,F,,1552,-0.56840000,15.25030000,0.09345000,,true
3411,2,BMI,F,,1553,-0.56840000,15.25030000,0.09346000,,true
3412,2,BMI,F,,1554,-0.56840000,15.25020000,0.09348000,,true
3413,2,BMI,F,,1555,-0.56840000,15.25020000,0.09350000,,true
3414,2,BMI,F,,1556,-0.56840000,15.25020000,0.09352000,,true
3415,2,BMI,F,,1557,-0.56840000,15.25010000,0.09354000,,true
3416,2,BMI,F,,1558,-0.56840000,15.25010000,0.09356000,,true
3417,2,BMI,F,,1559,-0.56840000,15.25000000,0.09358000,,true
3418,2,BMI,F,,1560,-0.56840000,15.25000000,0.09360000,,true
3419,2,BMI,F,,1561,-0.56840000,15.25000000,0.09362000,,true
3420,2,BMI,F,,1562,-0.56840000,15.25000000,0.09364000,,true
3421,2,BMI,F,,1563,-0.56840000,15.24990000,0.09366000,,true
3422,2,BMI,F,,1564,-0.56840000,15.24990000,0.09368000,,true
3423,2,BMI,F,,1565,-0.56840000,15.24990000,0.09369000,,true
3424,2,BMI,F,,1566,-0.56840000,15.24980000,0.09371000,,true
3425,2,BMI,F,,1567,-0.56840000,15.24980000,0.09373000,,true
3426,2,BMI,F,,1568,-0.56840000,15.24980000,0.09375000,,true
3427,2,BMI,F,,1569,-0.56840000,15.24980000,0.09377000,,true
3428,2,BMI,F,,1570,-0.56840000,15.24980000,0.09379000,,true
3429,2,BMI,F,,1571,-0.56840000,15.24970000,0.09381000,,true
3430,2,BMI,F,,1572,-0.56840000,15.24970000,0.09383000,,true
3431,2,BMI,F,,1573,-0.56840000,15.24970000,0.09385000,,true
3432,2,BMI,F,,1574,-0.56840000,15.24970000,0.09387000,,true
3433,2,BMI,F,,1575,-0.56840000,15.24970000,0.09388000,,true
3434,2,BMI,F,,1576,-0.56840000,15.24970000,0.09390000,,true
3435,2,BMI,F,,1577,-0.56840000,15.24970000,0.09392000,,true
3436,2,BMI,F,,1578,-0.56840000,15.24970000,0.09394000,,true
3437,2,BMI,F,,1579,-0.56840000,15.24970000,0.09396000,,true
3438,2,BMI,F,,1580,-0.56840000,15.24970000,0.09398000,,true
3439,2,BMI,F,,1581,-0.56840000,15.24960000,0.09400000,,true
3440,2,BMI,F,,1582,-0.56840000,15.24960000,0.09402000,,true
3441,2,BMI,F,,1583,-0.56840000,15.24960000,0.09404000,,true
3442,2,BMI,F,,1584,-0.56840000,15.24960000,0.09406000,,true
3443,2,BMI,F,,1585,-0.56840000,15.24960000,0.09407000,,true
3444,2,BMI,F,,1586,-0.56840000,15.24970000,0.09409000,,true
3445,2,BMI,F,,1587,-0.56840000,15.24970000,0.09411000,,true
3446,2,BMI,F,,1588,-0.56840000,15.24970000,0.09413000,,true
3447,2,BMI,F,,1589,-0.56840000,15.24970000,0.09415000,,true
3448,2,BMI,F,,1590,-0.56840000,15.24970000,0.09417000,,true
3449,2,BMI,F,,1591,-0.56840000,15.24970000,0.09419000,,true
3450,2,BMI,F,,1592,-0.56840000,15.24970000,0.09421000,,true
3451,2,BMI,F,,1593,-0.56840000,15.24970000,0.09422000,,true
3452,2,BMI,F,,1594,-0.56840000,15.24970000,0.09424000,,true
3453,2,BMI,F,,1595,-0.56840000,15.24970000,0.09426000,,true
3454,2,BMI,F,,1596,-0.56840000,15.24980000,0.09428000,,true
3455,2,BMI,F,,1597,-0.56840000,15.24980000,0.09430000,,true
3456,2,BMI,F,,1598,-0.56840000,15.24980000,0.09432000,,true
3457,2,BMI,F,,1599,-0.56840000,15.24980000,0.09434000,,true
3458,2,BMI,F,,1600,-0.56840000,15.24980000,0.09436000,,true
3459,2,BMI,F,,1601,-0.56840000,15.24990000,0.09437000,,true
3460,2,BMI,F,,1602,-0.56840000,15.24990000,0.09439000,,true
3461,2,BMI,F,,1603,-0.56840000,15.24990000,0.09441000,,true
3462,2,BMI,F,,1604,-0.56840000,15.24990000,0.09443000,,true
3463,2,BMI,F,,1605,-0.56840000,15.25000000,0.09445000,,true
3464,2,BMI,F,,1606,-0.56840000,15.25000000,0.09447000,,true
3465,2,BMI,F,,1607,-0.56840000,15.25000000,0.09449000,,true
3466,2,BMI,F,,1608,-0.56840000,15.25000000,0.09450000,,true
3467,2,BMI,F,,1609,-0.56840000,15.25010000,0.09452000,,true
3468,2,BMI,F,,1610,-0.56840000,15.25010000,0.09454000,,true
3469,2,BMI,F,,1611,-0.56840000,15.25010000,0.09456000,,true
3470,2,BMI,F,,1612,-0.56840000,15.25020000,0.09458000,,true
3471,2,BMI,F,,1613,-0.56840000,15.25020000,0.09460000,,true
3472,2,BMI,F,,1614,-0.56840000,15.25020000,0.09461000,,true
3473,2,BMI,F,,1615,-0.56840000,15.25030000,0.09463000,,true
3474,2,BMI,F,,1616,-0.56840000,15.25030000,0.09465000,,true
3475,2,BMI,F,,1617,-0.56840000,15.25040000,0.09467000,,true
3476,2,BMI,F,,1618,-0.56840000,15.25040000,0.09469000,,true
3477,2,BMI,F,,1619,-0.56840000,15.25050000,0.09471000,,true
3478,2,BMI,F,,1620,-0.56840000,15.25050000,0.09472000,,true
3479,2,BMI,F,,1621,-0.56840000,15.25050000,0.09474000,,true
3480,2,BMI,F,,1622,-0.56840000,15.25060000,0.09476000,,true
3481,2,BMI,F,,1623,-0.56840000,15.25060000,0.09478000,,true
3482,2,BMI,F,,1624,-0.56840000,15.25070000,0.09480000,,true
3483,2,BMI,F,,1625,-0.56840000,15.25070000,0.09481000,,true
3484,2,BMI,F,,1626,-0.56840000,15.25080000,0.09483000,,true
3485,2,BMI,F,,1627,-0.56840000,15.25080000,0.09485000,,true
3486,2,BMI,F,,1628,-0.56840000,15.25090000,0.09487000,,true
3487,2,BMI,F,,1629,-0.56840000,15.25090000,0.09489000,,true
3488,2,BMI,F,,1630,-0.56840000,15.25100000,0.09491000,,true
3489,2,BMI,F,,1631,-0.56840000,15.25110000,0.09492000,,true
3490,2,BMI,F,,1632,-0.56840000,15.25110000,0.09494000,,true
3491,2,BMI,F,,1633,-0.56840000,15.25120000,0.09496000,,true
3492,2,BMI,F,,1634,-0.56840000,15.25120000,0.09498000,,true
3493,2,BMI,F,,1635,-0.56840000,15.25130000,0.09500000,,true
3494,2,BMI,F,,1636,-0.56840000,15.25140000,0.09501000,,true
3495,2,BMI,F,,1637,-0.56840000,15.25140000,0.09503000,,true
3496,2,BMI,F,,1638,-0.56840000,15.25150000,0.09505000,,true
3497,2,BMI,F,,1639,-0.56840000,15.25150000,0.09507000,,true
3498,2,BMI,F,,1640,-0.56840000,15.25160000,0.09508000,,true
3499,2,BMI,F,,1641,-0.56840000,15.25170000,0.09510000,,true
3500,2,BMI,F,,1642,-0.56840000,15.25170000,0.09512000,,true
3501,2,BMI,F,,1643,-0.56840000,15.25180000,0.09514000,,true
3502,2,BMI,F,,1644,-0.56840000,15.25190000,0.09516000,,true
3503,2,BMI,F,,1645,-0.56840000,15.25190000,0.09517000,,true
3504,2,BMI,F,,1646,-0.56840000,15.25200000,0.09519000,,true
3505,2,BMI,F,,1647,-0.56840000,15.25210000,0.09521000,,true
3506,2,BMI,F,,1648,-0.56840000,15.25220000,0.09523000,,true
3507,2,BMI,F,,1649,-0.56840000,15.25220000,0.09524000,,true
3508,2,BMI,F,,1650,-0.56840000,15.25230000,0.09526000,,true
3509,2,BMI,F,,1651,-0.56840000,15.25240000,0.09528000,,true
3510,2,BMI,F,,1652,-0.56840000,15.25250000,0.09530000,,true
3511,2,BMI,F,,1653,-0.56840000,15.25250000,0.09531000,,true
3512,2,BMI,F,,1654,-0.56840000,15.25260000,0.09533000,,true
3513,2,BMI,F,,1655,-0.56840000,15.25270000,0.09535000,,true
3514,2,BMI,F,,1656,-0.56840000,15.25280000,0.09537000,,true
3515,2,BMI,F,,1657,-0.56840000,15.25290000,0.09538000,,true
3516,2,BMI,F,,1658,-0.56840000,15.25290000,0.09540000,,true
3517,2,BMI,F,,1659,-0.56840000,15.25300000,0.09542000,,true
3518,2,BMI,F,,1660,-0.56840000,15.25310000,0.09544000,,true
3519,2,BMI,F,,1661,-0.56840000,15.25320000,0.09545000,,true
3520,2,BMI,F,,1662,-0.56840000,15.25330000,0.09547000,,true
3521,2,BMI,F,,1663,-0.56840000,15.25340000,0.09549000,,true
3522,2,BMI,F,,1664,-0.56840000,15.25340000,0.09550000,,true
3523,2,BMI,F,,1665,-0.56840000,15.25350000,0.09552000,,true
3524,2,BMI,F,,1666,-0.56840000,15.25360000,0.09554000,,true
3525,2,BMI,F,,1667,-0.56840000,15.25370000,0.09556000,,true
3526,2,BMI,F,,1668,-0.56840000,15.25380000,0.09557000,,true
3527,2,BMI,F,,1669,-0.56840000,15.25390000,0.09559000,,true
3528,2,BMI,F,,1670,-0.56840000,15.25400000,0.09561000,,true
3529,2,BMI,F,,1671,-0.56840000,15.25410000,0.09562000,,true
3530,2,BMI,F,,1672,-0.56840000,15.25420000,0.09564000,,true
3531,2,BMI,F,,1673,-0.56840000,15.25430000,0.09566000,,true
3532,2,BMI,F,,1674,-0.56840000,15.25430000,0.09567000,,true
3533,2,BMI,F,,1675,-0.56840000,15.25440000,0.09569000,,true
3534,2,BMI,F,,1676,-0.56840000,15.25450000,0.09571000,,true
3535,2,BMI,F,,1677,-0.56840000,15.25460000,0.09573000,,true
3536,2,BMI,F,,1678,-0.56840000,15.25470000,0.09574000,,true
3537,2,BMI,F,,1679,-0.56840000,15.25480000,0.09576000,,true
3538,2,BMI,F,,1680,-0.56840000,15.25490000,0.09578000,,true
3539,2,BMI,F,,1681,-0.56840000,15.25500000,0.09579000,,true
3540,2,BMI,F,,1682,-0.56840000,15.25510000,0.09581000,,true
3541,2,BMI,F,,1683,-0.56840000,15.25520000,0.09583000,,true
3542,2,BMI,F,,1684,-0.56840000,15.25530000,0.09584000,,true
3543,2,BMI,F,,1685,-0.56840000,15.25540000,0.09586000,,true
3544,2,BMI,F,,1686,-0.56840000,15.25550000,0.09588000,,true
3545,2,BMI,F,,1687,-0.56840000,15.25560000,0.09589000,,true
3546,2,BMI,F,,1688,-0.56840000,15.25570000,0.09591000,,true
3547,2,BMI,F,,1689,-0.56840000,15.25580000,0.09593000,,true
3548,2,BMI,F,,1690,-0.56840000,15.25590000,0.09594000,,true
3549,2,BMI,F,,1691,-0.56840000,15.25600000,0.09596000,,true
3550,2,BMI,F,,1692,-0.56840000,15.25610000,0.09597000,,true
3551,2,BMI,F,,1693,-0.56840000,15.25630000,0.09599000,,true
3552,2,BMI,F,,1694,-0.56840000,15.25640000,0.09601000,,true
3553,2,BMI,F,,1695,-0.56840000,15.25650000,0.09602000,,true
3554,2,BMI,F,,1696,-0.56840000,15.25660000,0.09604000,,true
3555,2,BMI,F,,1697,-0.56840000,15.25670000,0.09606000,,true
3556,2,BMI,F,,1698,-0.56840000,15.25680000,0.09607000,,true
3557,2,BMI,F,,1699,-0.56840000,15.25690000,0.09609000,,true
3558,2,BMI,F,,1700,-0.56840000,15.25700000,0.09610000,,true
3559,2,BMI,F,,1701,-0.56840000,15.25710000,0.09612000,,true
3560,2,BMI,F,,1702,-0.56840000,15.25720000,0.09614000,,true
3561,2,BMI,F,,1703,-0.56840000,15.25740000,0.09615000,,true
3562,2,BMI,F,,1704,-0.56840000,15.25750000,0.09617000,,true
3563,2,BMI,F,,1705,-0.56840000,15.25760000,0.09618000,,true
3564,2,BMI,F,,1706,-0.56840000,15.25770000,0.09620000,,true
3565,2,BMI,F,,1707,-0.56840000,15.25780000,0.09622000,,true
3566,2,BMI,F,,1708,-0.56840000,15.25790000,0.09623000,,true
3567,2,BMI,F,,1709,-0.56840000,15.25800000,0.09625000,,true
3568,2,BMI,F,,1710,-0.56840000,15.25820000,0.09626000,,true
3569,2,BMI,F,,1711,-0.56840000,15.25830000,0.09628000,,true
3570,2,BMI,F,,1712,-0.56840000,15.25840000,0.09630000,,true
3571,2,BMI,F,,1713,-0.56840000,15.25850000,0.09631000,,true
3572,2,BMI,F,,1714,-0.56840000,15.25860000,0.09633000,,true
3573,2,BMI,F,,1715,-0.56840000,15.25870000,0.09634000,,true
3574,2,BMI,F,,1716,-0.56840000,15.25890000,0.09636000,,true
3575,2,BMI,F,,1717,-0.56840000,15.25900000,0.09637000,,true
3576,2,BMI,F,,1718,-0.56840000,15.25910000,0.09639000,,true
3577,2,BMI,F,,1719,-0.56840000,15.25920000,0.09641000,,true
3578,2,BMI,F,,1720,-0.56840000,15.25930000,0.09642000,,true
3579,2,BMI,F,,1721,-0.56840000,15.25950000,0.09644000,,true
3580,2,BMI,F,,1722,-0.56840000,15.25960000,0.09645000,,true
3581,2,BMI,F,,1723,-0.56840000,15.25970000,0.09647000,,true
3582,2,BMI,F,,1724,-0.56840000,15.25980000,0.09648000,,true
3583,2,BMI,F,,1725,-0.56840000,15.25990000,0.09650000,,true
3584,2,BMI,F,,1726,-0.56840000,15.26010000,0.09651000,,true
3585,2,BMI,F,,1727,-0.56840000,15.26020000,0.09653000,,true
3586,2,BMI,F,,1728,-0.56840000,15.26030000,0.09654000,,true
3587,2,BMI,F,,1729,-0.56840000,15.26040000,0.09656000,,true
3588,2,BMI,F,,1730,-0.56840000,15.26060000,0.09657000,,true
3589,2,BMI,F,,1731,-0.56840000,15.26070000,0.09659000,,true
3590,2,BMI,F,,1732,-0.56840000,15.26080000,0.09660000,,true
3591,2,BMI,F,,1733,-0.56840000,15.26100000,0.09662000,,true
3592,2,BMI,F,,1734,-0.56840000,15.26110000,0.09663000,,true
3593,2,BMI,F,,1735,-0.56840000,15.26120000,0.09665000,,true
3594,2,BMI,F,,1736,-0.56840000,15.26130000,0.09666000,,true
3595,2,BMI,F,,1737,-0.56840000,15.26150000,0.09668000,,true
3596,2,BMI,F,,1738,-0.56840000,15.26160000,0.09669000,,true
3597,2,BMI,F,,1739,-0.56840000,15.26170000,0.09671000,,true
3598,2,BMI,F,,1740,-0.56840000,15.26190000,0.09672000,,true
3599,2,BMI,F,,1741,-0.56840000,15.26200000,0.09674000,,true
3600,2,BMI,F,,1742,-0.56840000,15.26210000,0.09675000,,true
3601,2,BMI,F,,1743,-0.56840000,15.26220000,0.09677000,,true
3602,2,BMI,F,,1744,-0.56840000,15.26240000,0.09678000,,true
3603,2,BMI,F,,1745,-0.56840000,15.26250000,0.09680000,,true
3604,2,BMI,F,,1746,-0.56840000,15.26260000,0.09681000,,true
3605,2,BMI,F,,1747,-0.56840000,15.26280000,0.09683000,,true
3606,2,BMI,F,,1748,-0.56840000,15.26290000,0.09684000,,true
3607,2,BMI,F,,1749,-0.56840000,15.26300000,0.09686000,,true
3608,2,BMI,F,,1750,-0.56840000,15.26320000,0.09687000,,true
3609,2,BMI,F,,1751,-0.56840000,15.26330000,0.09688000,,true
3610,2,BMI,F,,1752,-0.56840000,15.26350000,0.09690000,,true
3611,2,BMI,F,,1753,-0.56840000,15.26360000,0.09691000,,true
3612,2,BMI,F,,1754,-0.56840000,15.26370000,0.09693000,,true
3613,2,BMI,F,,1755,-0.56840000,15.26390000,0.09694000,,true
3614,2,BMI,F,,1756,-0.56840000,15.26400000,0.09696000,,true
3615,2,BMI,F,,1757,-0.56840000,15.26410000,0.09697000,,true
3616,2,BMI,F,,1758,-0.56840000,15.26430000,0.09699000,,true
3617,2,BMI,F,,1759,-0.56840000,15.26440000,0.09700000,,true
3618,2,BMI,F,,1760,-0.56840000,15.26460000,0.09701000,,true
3619,2,BMI,F,,1761,-0.56840000,15.26470000,0.09703000,,true
3620,2,BMI,F,,1762,-0.56840000,15.26480000,0.09704000,,true
3621,2,BMI,F,,1763,-0.56840000,15.26500000,0.09706000,,true
3622,2,BMI,F,,1764,-0.56840000,15.26510000,0.09707000,,true
3623,2,BMI,F,,1765,-0.56840000,15.26530000,0.09708000,,true
3624,2,BMI,F,,1766,-0.56840000,15.26540000,0.09710000,,true
3625,2,BMI,F,,1767,-0.56840000,15.26550000,0.09711000,,true
3626,2,BMI,F,,1768,-0.56840000,15.26570000,0.09713000,,true
3627,2,BMI,F,,1769,-0.56840000,15.26580000,0.09714000,,true
3628,2,BMI,F,,1770,-0.56840000,15.26600000,0.09715000,,true
3629,2,BMI,F,,1771,-0.56840000,15.26610000,0.09717000,,true
3630,2,BMI,F,,1772,-0.56840000,15.26630000,0.09718000,,true
3631,2,BMI,F,,1773,-0.56840000,15.26640000,0.09720000,,true
3632,2,BMI,F,,1774,-0.56840000,15.26650000,0.09721000,,true
3633,2,BMI,F,,1775,-0.56840000,15.26670000,0.09722000,,true
3634,2,BMI,F,,1776,-0.56840000,15.26680000,0.09724000,,true
3635,2,BMI,F,,1777,-0.56840000,15.26700000,0.09725000,,true
3636,2,BMI,F,,1778,-0.56840000,15.26710000,0.09726000,,true
3637,2,BMI,F,,1779,-0.56840000,15.26730000,0.09728000,,true
3638,2,BMI,F,,1780,-0.56840000,15.26740000,0.09729000,,true
3639,2,BMI,F,,1781,-0.56840000,15.26760000,0.09730000,,true
3640,2,BMI,F,,1782,-0.56840000,15.26770000,0.09732000,,true
3641,2,BMI,F,,1783,-0.56840000,15.26790000,0.09733000,,true
3642,2,BMI,F,,1784,-0.56840000,15.26800000,0.09734000,,true
3643,2,BMI,F,,1785,-0.56840000,15.26820000,0.09736000,,true
3644,2,BMI,F,,1786,-0.56840000,15.26830000,0.09737000,,true
3645,2,BMI,F,,1787,-0.56840000,15.26850000,0.09739000,,true
3646,2,BMI,F,,1788,-0.56840000,15.26860000,0.09740000,,true
3647,2,BMI,F,,1789,-0.56840000,15.26880000,0.09741000,,true
3648,2,BMI,F,,1790,-0.56840000,15.26890000,0.09743000,,true
3649,2,BMI,F,,1791,-0.56840000,15.26910000,0.09744000,,true
3650,2,BMI,F,,1792,-0.56840000,15.26920000,0.09745000,,true
3651,2,BMI,F,,1793,-0.56840000,15.26940000,0.09746000,,true
3652,2,BMI,F,,1794,-0.56840000,15.26950000,0.09748000,,true
3653,2,BMI,F,,1795,-0.56840000,15.26970000,0.09749000,,true
3654,2,BMI,F,,1796,-0.56840000,15.26980000,0.09750000,,true
3655,2,BMI,F,,1797,-0.56840000,15.27000000,0.09752000,,true
3656,2,BMI,F,,1798,-0.56840000,15.27020000,0.09753000,,true
3657,2,BMI,F,,1799,-0.56840000,15.27030000,0.09754000,,true
3658,2,BMI,F,,1800,-0.56840000,15.27050000,0.09756000,,true
3659,2,BMI,F,,1801,-0.56840000,15.27060000,0.09757000,,true
3660,2,BMI,F,,1802,-0.56840000,15.27080000,0.09758000,,true
3661,2,BMI,F,,1803,-0.56840000,15.27090000,0.09760000,,true
3662,2,BMI,F,,1804,-0.56840000,15.27110000,0.09761000,,true
3663,2,BMI,F,,1805,-0.56840000,15.27130000,0.09762000,,true
3664,2,BMI,F,,1806,-0.56840000,15.27140000,0.09763000,,true
3665,2,BMI,F,,1807,-0.56840000,15.27160000,0.09765000,,true
3666,2,BMI,F,,1808,-0.56840000,15.27170000,0.09766000,,true
3667,2,BMI,F,,1809,-0.56840000,15.27190000,0.09767000,,true
3668,2,BMI,F,,1810,-0.56840000,15.27200000,0.09769000,,true
3669,2,BMI,F,,1811,-0.56840000,15.27220000,0.09770000,,true
3670,2,BMI,F,,1812,-0.56840000,15.27240000,0.09771000,,true
3671,2,BMI,F,,1813,-0.56840000,15.27250000,0.09772000,,true
3672,2,BMI,F,,1814,-0.56840000,15.27270000,0.09774000,,true
3673,2,BMI,F,,1815,-0.56840000,15.27290000,0.09775000,,true
3674,2,BMI,F,,1816,-0.56840000,15.27300000,0.09776000,,true
3675,2,BMI,F,,1817,-0.56840000,15.27320000,0.09777000,,true
3676,2,BMI,F,,1818,-0.56840000,15.27330000,0.09779000,,true
3677,2,BMI,F,,1819,-0.56840000,15.27350000,0.09780000,,true
3678,2,BMI,F,,1820,-0.56840000,15.27370000,0.09781000,,true
3679,2,BMI,F,,1821,-0.56840000,15.27380000,0.09782000,,true
3680,2,BMI,F,,1822,-0.56840000,15.27400000,0.09784000,,true
3681,2,BMI,F,,1823,-0.56840000,15.27420000,0.09785000,,true
3682,2,BMI,F,,1824,-0.56840000,15.27430000,0.09786000,,true
3683,2,BMI,F,,1825,-0.56840000,15.27450000,0.09787000,,true
3684,2,BMI,F,,1826,-0.56840000,15.27470000,0.09789000,,true
3685,2,BMI,F,,1827,-0.56840000,15.27480000,0.09790000,,true
3686,2,BMI,F,,1828,-0.56840000,15.27500000,0.09791000,,true
3687,2,BMI,F,,1829,-0.56840000,15.27520000,0.09792000,,true
3688,2,BMI,F,,1830,-0.56840000,15.27530000,0.09794000,,true
3689,2,BMI,F,,1831,-0.56840000,15.27550000,0.09795000,,true
3690,2,BMI,F,,1832,-0.56840000,15.27570000,0.09796000,,true
3691,2,BMI,F,,1833,-0.56840000,15.27580000,0.09797000,,true
3692,2,BMI,F,,1834,-0.56840000,15.27600000,0.09799000,,true
3693,2,BMI,F,,1835,-0.56840000,15.27620000,0.09800000,,true
3694,2,BMI,F,,1836,-0.56840000,15.27630000,0.09801000,,true
3695,2,BMI,F,,1837,-0.56840000,15.27650000,0.09802000,,true
3696,2,BMI,F,,1838,-0.56840000,15.27670000,0.09803000,,true
3697,2,BMI,F,,1839,-0.56840000,15.27680000,0.09805000,,true
3698,2,BMI,F,,1840,-0.56840000,15.27700000,0.09806000,,true
3699,2,BMI,F,,1841,-0.56840000,15.27720000,0.09807000,,true
3700,2,BMI,F,,1842,-0.56840000,15.27730000,0.09808000,,true
3701,2,BMI,F,,1843,-0.56840000,15.27750000,0.09810000,,true
3702,2,BMI,F,,1844,-0.56840000,15.27770000,0.09811000,,true
3703,2,BMI,F,,1845,-0.56840000,15.27790000,0.09812000,,true
3704,2,BMI,F,,1846,-0.56840000,15.27800000,0.09813000,,true
3705,2,BMI,F,,1847,-0.56840000,15.27820000,0.09814000,,true
3706,2,BMI,F,,1848,-0.56840000,15.27840000,0.09816000,,true
3707,2,BMI,F,,1849,-0.56840000,15.27850000,0.09817000,,true
3708,2,BMI,F,,1850,-0.56840000,15.27870000,0.09818000,,true
3709,2,BMI,F,,1851,-0.56840000,15.27890000,0.09819000,,true
3710,2,BMI,F,,1852,-0.56840000,15.27910000,0.09820000,,true
3711,2,BMI,F,,1853,-0.56840000,15.27920000,0.09822000,,true
3712,2,BMI,F,,1854,-0.56840000,15.27940000,0.09823000,,true
3713,2,BMI,F,,1855,-0.56840000,15.27960000,0.09824000,,true
3714,2,BMI,F,,1856,-0.56840000,15.27980000,0.09825000,,true
3715,3,HFA,M,,0,1.00000000,49.88420000,0.03795000,,true
3716,3,HFA,M,,1,1.00000000,50.06010000,0.03785000,,true
3717,3,HFA,M,,2,1.00000000,50.23590000,0.03775000,,true
3718,3,HFA,M,,3,1.00000000,50.41180000,0.03764000,,true
3719,3,HFA,M,,4,1.00000000,50.58760000,0.03754000,,true
3720,3,HFA,M,,5,1.00000000,50.76350000,0.03744000,,true
3721,3,HFA,M,,6,1.00000000,50.93930000,0.03734000,,true
3722,3,HFA,M,,7,1.00000000,51.11520000,0.03723000,,true
3723,3,HFA,M,,8,1.00000000,51.29100000,0.03713000,,true
3724,3,HFA,M,,9,1.00000000,51.46690000,0.03703000,,true
3725,3,HFA,M,,10,1.00000000,51.64270000,0.03693000,,true
3726,3,HFA,M,,11,1.00000000,51.81860000,0.03682000,,true
3727,3,HFA,M,,12,1.00000000,51.99440000,0.03672000,,true
3728,3,HFA,M,,13,1.00000000,52.17020000,0.03662000,,true
3729,3,HFA,M,,14,1.00000000,52.34610000,0.03652000,,true
3730,3,HFA,M,,15,1.00000000,52.49780000,0.03645000,,true
3731,3,HFA,M,,16,1.00000000,52.64880000,0.03639000,,true
3732,3,HFA,M,,17,1.00000000,52.79900000,0.03633000,,true
3733,3,HFA,M,,18,1.00000000,52.94830000,0.03627000,,true
3734,3,HFA,M,,19,1.00000000,53.09670000,0.03621000,,true
3735,3,HFA,M,,20,1.00000000,53.24410000,0.03615000,,true
3736,3,HFA,M,,21,1.00000000,53.39050000,0.03609000,,true
3737,3,HFA,M,,22,1.00000000,53.53600000,0.03603000,,true
3738,3,HFA,M,,23,1.00000000,53.68050000,0.03597000,,true
3739,3,HFA,M,,24,1.00000000,53.82390000,0.03592000,,true
3740,3,HFA,M,,25,1.00000000,53.96640000,0.03586000,,true
3741,3,HFA,M,,26,1.00000000,54.10790000,0.03581000,,true
3742,3,HFA,M,,27,1.00000000,54.24850000,0.03575000,,true
3743,3,HFA,M,,28,1.00000000,54.38810000,0.03570000,,true
3744,3,HFA,M,,29,1.00000000,54.52680000,0.03565000,,true
3745,3,HFA,M,,30,1.00000000,54.66450000,0.03559000,,true
3746,3,HFA,M,,31,1.00000000,54.80120000,0.03554000,,true
3747,3,HFA,M,,32,1.00000000,54.93680000,0.03549000,,true
3748,3,HFA,M,,33,1.00000000,55.07140000,0.03544000,,true
3749,3,HFA,M,,34,1.00000000,55.20490000,0.03539000,,true
3750,3,HFA,M,,35,1.00000000,55.33740000,0.03534000,,true
3751,3,HFA,M,,36,1.00000000,55.46880000,0.03529000,,true
3752,3,HFA,M,,37,1.00000000,55.59920000,0.03524000,,true
3753,3,HFA,M,,38,1.00000000,55.72850000,0.03520000,,true
3754,3,HFA,M,,39,1.00000000,55.85680000,0.03515000,,true
3755,3,HFA,M,,40,1.00000000,55.98410000,0.03510000,,true
3756,3,HFA,M,,41,1.00000000,56.11040000,0.03506000,,true
3757,3,HFA,M,,42,1.00000000,56.23570000,0.03501000,,true
3758,3,HFA,M,,43,1.00000000,56.35990000,0.03496000,,true
3759,3,HFA,M,,44,1.00000000,56.48330000,0.03492000,,true
3760,3,HFA,M,,45,1.00000000,56.60560000,0.03488000,,true
3761,3,HFA,M,,46,1.00000000,56.72690000,0.03483000,,true
3762,3,HFA,M,,47,1.00000000,56.84720000,0.03479000,,true
3763,3,HFA,M,,48,1.00000000,56.96660000,0.03475000,,true
3764,3,HFA,M,,49,1.00000000,57.08510000,0.03470000,,true
3765,3,HFA,M,,50,1.00000000,57.20260000,0.03466000,,true
3766,3,HFA,M,,51,1.00000000,57.31920000,0.03462000,,true
3767,3,HFA,M,,52,1.00000000,57.43490000,0.03458000,,true
3768,3,HFA,M,,53,1.00000000,57.54970000,0.03454000,,true
3769,3,HFA,M,,54,1.00000000,57.66370000,0.03450000,,true
3770,3,HFA,M,,55,1.00000000,57.77670000,0.03446000,,true
3771,3,HFA,M,,56,1.00000000,57.88890000,0.03442000,,true
3772,3,HFA,M,,57,1.00000000,58.00030000,0.03438000,,true
3773,3,HFA,M,,58,1.00000000,58.11090000,0.03434000,,true
3774,3,HFA,M,,59,1.00000000,58.22070000,0.03431000,,true
3775,3,HFA,M,,60,1.00000000,58.32990000,0.03427000,,true
3776,3,HFA,M,,61,1.00000000,58.43840000,0.03423000,,true
3777,3,HFA,M,,62,1.00000000,58.54630000,0.03420000,,true
3778,3,HFA,M,,63,1.00000000,58.65360000,0.03416000,,true
3779,3,HFA,M,,64,1.00000000,58.76030000,0.03412000,,true
3780,3,HFA,M,,65,1.00000000,58.86640000,0.03409000,,true
3781,3,HFA,M,,66,1.00000000,58.97180000,0.03405000,,true
3782,3,HFA,M,,67,1.00000000,59.07660000,0.03402000,,true
3783,3,HFA,M,,68,1.00000000,59.18080000,0.03398000,,true
3784,3,HFA,M,,69,1.00000000,59.28430000,0.03395000,,true
3785,3,HFA,M,,70,1.00000000,59.38720000,0.03392000,,true
3786,3,HFA,M,,71,1.00000000,59.48940000,0.03388000,,true
3787,3,HFA,M,,72,1.00000000,59.59100000,0.03385000,,true
3788,3,HFA,M,,73,1.00000000,59.69200000,0.03382000,,true
3789,3,HFA,M,,74,1.00000000,59.79230000,0.03379000,,true
3790,3,HFA,M,,75,1.00000000,59.89200000,0.03375000,,true
3791,3,HFA,M,,76,1.00000000,59.99100000,0.03372000,,true
3792,3,HFA,M,,77,1.00000000,60.08940000,0.03369000,,true
3793,3,HFA,M,,78,1.00000000,60.18720000,0.03366000,,true
3794,3,HFA,M,,79,1.00000000,60.28430000,0.03363000,,true
3795,3,HFA,M,,80,1.00000000,60.38080000,0.03360000,,true
3796,3,HFA,M,,81,1.00000000,60.47670000,0.03357000,,true
3797,3,HFA,M,,82,1.00000000,60.57190000,0.03354000,,true
3798,3,HFA,M,,83,1.00000000,60.66650000,0.03351000,,true
3799,3,HFA,M,,84,1.00000000,60.76050000,0.03348000,,true
3800,3,HFA,M,,85,1.00000000,60.85390000,0.03345000,,true
3801,3,HFA,M,,86,1.00000000,60.94660000,0.03342000,,true
3802,3,HFA,M,,87,1.00000000,61.03880000,0.03340000,,true
3803,3,HFA,M,,88,1.00000000,61.13030000,0.03337000,,true
3804,3,HFA,M,,89,1.00000000,61.22120000,0.03334000,,true
3805,3,HFA,M,,90,1.00000000,61.31150000,0.03331000,,true
3806,3,HFA,M,,91,1.00000000,61.40130000,0.03329000,,true
3807,3,HFA,M,,92,1.00000000,61.49040000,0.03326000,,true
3808,3,HFA,M,,93,1.00000000,61.57900000,0.03323000,,true
3809,3,HFA,M,,94,1.00000000,61.66700000,0.03321000,,true
3810,3,HFA,M,,95,1.00000000,61.75430000,0.03318000,,true
3811,3,HFA,M,,96,1.00000000,61.84110000,0.03316000,,true
3812,3,HFA,M,,97,1.00000000,61.92740000,0.03313000,,true
3813,3,HFA,M,,98,1.00000000,62.01300000,0.03311000,,true
3814,3,HFA,M,,99,1.00000000,62.09810000,0.03308000,,true
3815,3,HFA,M,,100,1.00000000,62.18260000,0.03306000,,true
3816,3,HFA,M,,101,1.00000000,62.26650000,0.03303000,,true
3817,3,HFA,M,,102,1.00000000,62.34990000,0.03301000,,true
3818,3,HFA,M,,103,1.00000000,62.43270000,0.03298000,,true
3819,3,HFA,M,,104,1.00000000,62.51490000,0.03296000,,true
3820,3,HFA,M,,105,1.00000000,62.59660000,0.03294000,,true
3821,3,HFA,M,,106,1.00000000,62.67780000,0.03291000,,true
3822,3,HFA,M,,107,1.00000000,62.75840000,0.03289000,,true
3823,3,HFA,M,,108,1.00000000,62.83840000,0.03287000,,true
3824,3,HFA,M,,109,1.00000000,62.91800000,0.03284000,,true
3825,3,HFA,M,,110,1.00000000,62.99690000,0.03282000,,true
3826,3,HFA,M,,111,1.00000000,63.07540000,0.03280000,,true
3827,3,HFA,M,,112,1.00000000,63.15330000,0.03278000,,true
3828,3,HFA,M,,113,1.00000000,63.23070000,0.03276000,,true
3829,3,HFA,M,,114,1.00000000,63.30760000,0.03273000,,true
3830,3,HFA,M,,115,1.00000000,63.38390000,0.03271000,,true
3831,3,HFA,M,,116,1.00000000,63.45980000,0.03269000,,true
3832,3,HFA,M,,117,1.00000000,63.53510000,0.03267000,,true
3833,3,HFA,M,,118,1.00000000,63.60990000,0.03265000,,true
3834,3,HFA,M,,119,1.00000000,63.68420000,0.03263000,,true
3835,3,HFA,M,,120,1.00000000,63.75800000,0.03261000,,true
3836,3,HFA,M,,121,1.00000000,63.83130000,0.03259000,,true
3837,3,HFA,M,,122,1.00000000,63.90410000,0.03257000,,true
3838,3,HFA,M,,123,1.00000000,63.97650000,0.03255000,,true
3839,3,HFA,M,,124,1.00000000,64.04830000,0.03253000,,true
3840,3,HFA,M,,125,1.00000000,64.11970000,0.03251000,,true
3841,3,HFA,M,,126,1.00000000,64.19060000,0.03249000,,true
3842,3,HFA,M,,127,1.00000000,64.26100000,0.03247000,,true
3843,3,HFA,M,,128,1.00000000,64.33100000,0.03245000,,true
3844,3,HFA,M,,129,1.00000000,64.40060000,0.03243000,,true
3845,3,HFA,M,,130,1.00000000,64.46970000,0.03241000,,true
3846,3,HFA,M,,131,1.00000000,64.53830000,0.03239000,,true
3847,3,HFA,M,,132,1.00000000,64.60660000,0.03238000,,true
3848,3,HFA,M,,133,1.00000000,64.67440000,0.03236000,,true
3849,3,HFA,M,,134,1.00000000,64.74180000,0.03234000,,true
3850,3,HFA,M,,135,1.00000000,64.80880000,0.03232000,,true
3851,3,HFA,M,,136,1.00000000,64.87550000,0.03230000,,true
3852,3,HFA,M,,137,1.00000000,64.94170000,0.03229000,,true
3853,3,HFA,M,,138,1.00000000,65.00750000,0.03227000,,true
3854,3,HFA,M,,139,1.00000000,65.07300000,0.03225000,,true
3855,3,HFA,M,,140,1.00000000,65.13800000,0.03223000,,true
3856,3,HFA,M,,141,1.00000000,65.20270000,0.03222000,,true
3857,3,HFA,M,,142,1.00000000,65.26710000,0.03220000,,true
3858,3,HFA,M,,143,1.00000000,65.33100000,0.03218000,,true
3859,3,HFA,M,,144,1.00000000,65.39460000,0.03217000,,true
3860,3,HFA,M,,145,1.00000000,65.45790000,0.03215000,,true
3861,3,HFA,M,,146,1.00000000,65.52080000,0.03214000,,true
3862,3,HFA,M,,147,1.00000000,65.58340000,0.03212000,,true
3863,3,HFA,M,,148,1.00000000,65.64560000,0.03210000,,true
3864,3,HFA,M,,149,1.00000000,65.70750000,0.03209000,,true
3865,3,HFA,M,,150,1.00000000,65.76900000,0.03207000,,true
3866,3,HFA,M,,151,1.00000000,65.83030000,0.03206000,,true
3867,3,HFA,M,,152,1.00000000,65.89120000,0.03204000,,true
3868,3,HFA,M,,153,1.00000000,65.95180000,0.03203000,,true
3869,3,HFA,M,,154,1.00000000,66.01210000,0.03201000,,true
3870,3,HFA,M,,155,1.00000000,66.07210000,0.03200000,,true
3871,3,HFA,M,,156,1.00000000,66.13170000,0.03198000,,true
3872,3,HFA,M,,157,1.00000000,66.19110000,0.03197000,,true
3873,3,HFA,M,,158,1.00000000,66.25020000,0.03196000,,true
3874,3,HFA,M,,159,1.00000000,66.30890000,0.03194000,,true
3875,3,HFA,M,,160,1.00000000,66.36740000,0.03193000,,true
3876,3,HFA,M,,161,1.00000000,66.42560000,0.03191000,,true
3877,3,HFA,M,,162,1.00000000,66.48350000,0.03190000,,true
3878,3,HFA,M,,163,1.00000000,66.54120000,0.03189000,,true
3879,3,HFA,M,,164,1.00000000,66.59850000,0.03187000,,true
3880,3,HFA,M,,165,1.00000000,66.65560000,0.03186000,,true
3881,3,HFA,M,,166,1.00000000,66.71250000,0.03185000,,true
3882,3,HFA,M,,167,1.00000000,66.76910000,0.03183000,,true
3883,3,HFA,M,,168,1.00000000,66.82540000,0.03182000,,true
3884,3,HFA,M,,169,1.00000000,66.88150000,0.03181000,,true
3885,3,HFA,M,,170,1.00000000,66.93730000,0.03180000,,true
3886,3,HFA,M,,171,1.00000000,66.99300000,0.03179000,,true
3887,3,HFA,M,,172,1.00000000,67.04830000,0.03177000,,true
3888,3,HFA,M,,173,1.00000000,67.10350000,0.03176000,,true
3889,3,HFA,M,,174,1.00000000,67.15840000,0.03175000,,true
3890,3,HFA,M,,175,1.00000000,67.21320000,0.03174000,,true
3891,3,HFA,M,,176,1.00000000,67.26770000,0.03173000,,true
3892,3,HFA,M,,177,1.00000000,67.32190000,0.03171000,,true
3893,3,HFA,M,,178,1.00000000,67.37600000,0.03170000,,true
3894,3,HFA,M,,179,1.00000000,67.42990000,0.03169000,,true
3895,3,HFA,M,,180,1.00000000,67.48360000,0.03168000,,true
3896,3,HFA,M,,181,1.00000000,67.53710000,0.03167000,,true
3897,3,HFA,M,,182,1.00000000,67.59040000,0.03166000,,true
3898,3,HFA,M,,183,1.00000000,67.64350000,0.03165000,,true
3899,3,HFA,M,,184,1.00000000,67.69640000,0.03164000,,true
3900,3,HFA,M,,185,1.00000000,67.74910000,0.03163000,,true
3901,3,HFA,M,,186,1.00000000,67.80170000,0.03162000,,true
3902,3,HFA,M,,187,1.00000000,67.85410000,0.03161000,,true
3903,3,HFA,M,,188,1.00000000,67.90620000,0.03160000,,true
3904,3,HFA,M,,189,1.00000000,67.95830000,0.03159000,,true
3905,3,HFA,M,,190,1.00000000,68.01010000,0.03158000,,true
3906,3,HFA,M,,191,1.00000000,68.06180000,0.03157000,,true
3907,3,HFA,M,,192,1.00000000,68.11330000,0.03156000,,true
3908,3,HFA,M,,193,1.00000000,68.16470000,0.03155000,,true
3909,3,HFA,M,,194,1.00000000,68.21580000,0.03154000,,true
3910,3,HFA,M,,195,1.00000000,68.26690000,0.03153000,,true
3911,3,HFA,M,,196,1.00000000,68.31770000,0.03152000,,true
3912,3,HFA,M,,197,1.00000000,68.36850000,0.03152000,,true
3913,3,HFA,M,,198,1.00000000,68.41900000,0.03151000,,true
3914,3,HFA,M,,199,1.00000000,68.46950000,0.03150000,,true
3915,3,HFA,M,,200,1.00000000,68.51980000,0.03149000,,true
3916,3,HFA,M,,201,1.00000000,68.56990000,0.03148000,,true
3917,3,HFA,M,,202,1.00000000,68.61990000,0.03147000,,true
3918,3,HFA,M,,203,1.00000000,68.66980000,0.03147000,,true
3919,3,HFA,M,,204,1.00000000,68.71950000,0.03146000,,true
3920,3,HFA,M,,205,1.00000000,68.76910000,0.03145000,,true
3921,3,HFA,M,,206,1.00000000,68.81860000,0.03144000,,true
3922,3,HFA,M,,207,1.00000000,68.86790000,0.03144000,,true
3923,3,HFA,M,,208,1.00000000,68.91710000,0.03143000,,true
3924,3,HFA,M,,209,1.00000000,68.96620000,0.03142000,,true
3925,3,HFA,M,,210,1.00000000,69.01520000,0.03141000,,true
3926,3,HFA,M,,211,1.00000000,69.06410000,0.03141000,,true
3927,3,HFA,M,,212,1.00000000,69.11280000,0.03140000,,true
3928,3,HFA,M,,213,1.00000000,69.16150000,0.03139000,,true
3929,3,HFA,M,,214,1.00000000,69.21000000,0.03139000,,true
3930,3,HFA,M,,215,1.00000000,69.25840000,0.03138000,,true
3931,3,HFA,M,,216,1.00000000,69.30670000,0.03137000,,true
3932,3,HFA,M,,217,1.00000000,69.35490000,0.03137000,,true
3933,3,HFA,M,,218,1.00000000,69.40310000,0.03136000,,true
3934,3,HFA,M,,219,1.00000000,69.45110000,0.03136000,,true
3935,3,HFA,M,,220,1.00000000,69.49900000,0.03135000,,true
3936,3,HFA,M,,221,1.00000000,69.54680000,0.03134000,,true
3937,3,HFA,M,,222,1.00000000,69.59450000,0.03134000,,true
3938,3,HFA,M,,223,1.00000000,69.64210000,0.03133000,,true
3939,3,HFA,M,,224,1.00000000,69.68960000,0.03133000,,true
3940,3,HFA,M,,225,1.00000000,69.73700000,0.03132000,,true
3941,3,HFA,M,,226,1.00000000,69.78440000,0.03132000,,true
3942,3,HFA,M,,227,1.00000000,69.83160000,0.03131000,,true
3943,3,HFA,M,,228,1.00000000,69.87870000,0.03131000,,true
3944,3,HFA,M,,229,1.00000000,69.92580000,0.03130000,,true
3945,3,HFA,M,,230,1.00000000,69.97280000,0.03130000,,true
3946,3,HFA,M,,231,1.00000000,70.01970000,0.03129000,,true
3947,3,HFA,M,,232,1.00000000,70.06650000,0.03129000,,true
3948,3,HFA,M,,233,1.00000000,70.11320000,0.03128000,,true
3949,3,HFA,M,,234,1.00000000,70.15990000,0.03128000,,true
3950,3,HFA,M,,235,1.00000000,70.20640000,0.03127000,,true
3951,3,HFA,M,,236,1.00000000,70.25290000,0.03127000,,true
3952,3,HFA,M,,237,1.00000000,70.29940000,0.03126000,,true
3953,3,HFA,M,,238,1.00000000,70.34570000,0.03126000,,true
3954,3,HFA,M,,239,1.00000000,70.39200000,0.03126000,,true
3955,3,HFA,M,,240,1.00000000,70.43820000,0.03125000,,true
3956,3,HFA,M,,241,1.00000000,70.48430000,0.03125000,,true
3957,3,HFA,M,,242,1.00000000,70.53040000,0.03125000,,true
3958,3,HFA,M,,243,1.00000000,70.57640000,0.03124000,,true
3959,3,HFA,M,,244,1.00000000,70.62240000,0.03124000,,true
3960,3,HFA,M,,245,1.00000000,70.66830000,0.03123000,,true
3961,3,HFA,M,,246,1.00000000,70.71410000,0.03123000,,true
3962,3,HFA,M,,247,1.00000000,70.75980000,0.03123000,,true
3963,3,HFA,M,,248,1.00000000,70.80550000,0.03122000,,true
3964,3,HFA,M,,249,1.00000000,70.85110000,0.03122000,,true
3965,3,HFA,M,,250,1.00000000,70.89670000,0.03122000,,true
3966,3,HFA,M,,251,1.00000000,70.94220000,0.03122000,,true
3967,3,HFA,M,,252,1.00000000,70.98760000,0.03121000,,true
3968,3,HFA,M,,253,1.00000000,71.03300000,0.03121000,,true
3969,3,HFA,M,,254,1.00000000,71.07830000,0.03121000,,true
3970,3,HFA,M,,255,1.00000000,71.12350000,0.03121000,,true
3971,3,HFA,M,,256,1.00000000,71.16870000,0.03120000,,true
3972,3,HFA,M,,257,1.00000000,71.21380000,0.03120000,,true
3973,3,HFA,M,,258,1.00000000,71.25890000,0.03120000,,true
3974,3,HFA,M,,259,1.00000000,71.30390000,0.03120000,,true
3975,3,HFA,M,,260,1.00000000,71.34880000,0.03119000,,true
3976,3,HFA,M,,261,1.00000000,71.39370000,0.03119000,,true
3977,3,HFA,M,,262,1.00000000,71.43850000,0.03119000,,true
3978,3,HFA,M,,263,1.00000000,71.48320000,0.03119000,,true
3979,3,HFA,M,,264,1.00000000,71.52790000,0.03119000,,true
3980,3,HFA,M,,265,1.00000000,71.57250000,0.03118000,,true
3981,3,HFA,M,,266,1.00000000,71.61710000,0.03118000,,true
3982,3,HFA,M,,267,1.00000000,71.66160000,0.03118000,,true
3983,3,HFA,M,,268,1.00000000,71.70600000,0.03118000,,true
3984,3,HFA,M,,269,1.00000000,71.75040000,0.03118000,,true
3985,3,HFA,M,,270,1.00000000,71.79470000,0.03118000,,true
3986,3,HFA,M,,271,1.00000000,71.83900000,0.03118000,,true
3987,3,HFA,M,,272,1.00000000,71.88320000,0.03118000,,true
3988,3,HFA,M,,273,1.00000000,71.92730000,0.03117000,,true
3989,3,HFA,M,,274,1.00000000,71.97140000,0.03117000,,true
3990,3,HFA,M,,275,1.00000000,72.01540000,0.03117000,,true
3991,3,HFA,M,,276,1.00000000,72.05940000,0.03117000,,true
3992,3,HFA,M,,277,1.00000000,72.10330000,0.03117000,,true
3993,3,HFA,M,,278,1.00000000,72.14720000,0.03117000,,true
3994,3,HFA,M,,279,1.00000000,72.19090000,0.03117000,,true
3995,3,HFA,M,,280,1.00000000,72.23470000,0.03117000,,true
3996,3,HFA,M,,281,1.00000000,72.27830000,0.03117000,,true
3997,3,HFA,M,,282,1.00000000,72.32190000,0.03117000,,true
3998,3,HFA,M,,283,1.00000000,72.36550000,0.03117000,,true
3999,3,HFA,M,,284,1.00000000,72.40890000,0.03117000,,true
4000,3,HFA,M,,285,1.00000000,72.45230000,0.03117000,,true
4001,3,HFA,M,,286,1.00000000,72.49570000,0.03117000,,true
4002,3,HFA,M,,287,1.00000000,72.53900000,0.03117000,,true
4003,3,HFA,M,,288,1.00000000,72.58220000,0.03117000,,true
4004,3,HFA,M,,289,1.00000000,72.62530000,0.03117000,,true
4005,3,HFA,M,,290,1.00000000,72.66840000,0.03117000,,true
4006,3,HFA,M,,291,1.00000000,72.71150000,0.03117000,,true
4007,3,HFA,M,,292,1.00000000,72.75440000,0.03117000,,true
4008,3,HFA,M,,293,1.00000000,72.79740000,0.03117000,,true
4009,3,HFA,M,,294,1.00000000,72.84020000,0.03117000,,true
4010,3,HFA,M,,295,1.00000000,72.88300000,0.03117000,,true
4011,3,HFA,M,,296,1.00000000,72.92570000,0.03117000,,true
4012,3,HFA,M,,297,1.00000000,72.96840000,0.03117000,,true
4013,3,HFA,M,,298,1.00000000,73.01100000,0.03117000,,true
4014,3,HFA,M,,299,1.00000000,73.05350000,0.03118000,,true
4015,3,HFA,M,,300,1.00000000,73.09600000,0.03118000,,true
4016,3,HFA,M,,301,1.00000000,73.13840000,0.03118000,,true
4017,3,HFA,M,,302,1.00000000,73.18080000,0.03118000,,true
4018,3,HFA,M,,303,1.00000000,73.22310000,0.03118000,,true
4019,3,HFA,M,,304,1.00000000,73.26530000,0.03118000,,true
4020,3,HFA,M,,305,1.00000000,73.30750000,0.03118000,,true
4021,3,HFA,M,,306,1.00000000,73.34970000,0.03118000,,true
4022,3,HFA,M,,307,1.00000000,73.39170000,0.03119000,,true
4023,3,HFA,M,,308,1.00000000,73.43370000,0.03119000,,true
4024,3,HFA,M,,309,1.00000000,73.47570000,0.03119000,,true
4025,3,HFA,M,,310,1.00000000,73.51760000,0.03119000,,true
4026,3,HFA,M,,311,1.00000000,73.55940000,0.03119000,,true
4027,3,HFA,M,,312,1.00000000,73.60120000,0.03119000,,true
4028,3,HFA,M,,313,1.00000000,73.64290000,0.03120000,,true
4029,3,HFA,M,,314,1.00000000,73.68450000,0.03120000,,true
4030,3,HFA,M,,315,1.00000000,73.72610000,0.03120000,,true
4031,3,HFA,M,,316,1.00000000,73.76770000,0.03120000,,true
4032,3,HFA,M,,317,1.00000000,73.80910000,0.03120000,,true
4033,3,HFA,M,,318,1.00000000,73.85060000,0.03121000,,true
4034,3,HFA,M,,319,1.00000000,73.89190000,0.03121000,,true
4035,3,HFA,M,,320,1.00000000,73.93330000,0.03121000,,true
4036,3,HFA,M,,321,1.00000000,73.97450000,0.03121000,,true
4037,3,HFA,M,,322,1.00000000,74.01570000,0.03122000,,true
4038,3,HFA,M,,323,1.00000000,74.05690000,0.03122000,,true
4039,3,HFA,M,,324,1.00000000,74.09790000,0.03122000,,true
4040,3,HFA,M,,325,1.00000000,74.13900000,0.03122000,,true
4041,3,HFA,M,,326,1.00000000,74.18000000,0.03123000,,true
4042,3,HFA,M,,327,1.00000000,74.22090000,0.03123000,,true
4043,3,HFA,M,,328,1.00000000,74.26180000,0.03123000,,true
4044,3,HFA,M,,329,1.00000000,74.30260000,0.03124000,,true
4045,3,HFA,M,,330,1.00000000,74.34330000,0.03124000,,true
4046,3,HFA,M,,331,1.00000000,74.38410000,0.03124000,,true
4047,3,HFA,M,,332,1.00000000,74.42470000,0.03124000,,true
4048,3,HFA,M,,333,1.00000000,74.46530000,0.03125000,,true
4049,3,HFA,M,,334,1.00000000,74.50590000,0.03125000,,true
4050,3,HFA,M,,335,1.00000000,74.54640000,0.03125000,,true
4051,3,HFA,M,,336,1.00000000,74.58680000,0.03126000,,true
4052,3,HFA,M,,337,1.00000000,74.62720000,0.03126000,,true
4053,3,HFA,M,,338,1.00000000,74.66760000,0.03126000,,true
4054,3,HFA,M,,339,1.00000000,74.70790000,0.03127000,,true
4055,3,HFA,M,,340,1.00000000,74.74810000,0.03127000,,true
4056,3,HFA,M,,341,1.00000000,74.78830000,0.03127000,,true
4057,3,HFA,M,,342,1.00000000,74.82850000,0.03128000,,true
4058,3,HFA,M,,343,1.00000000,74.86860000,0.03128000,,true
4059,3,HFA,M,,344,1.00000000,74.90860000,0.03128000,,true
4060,3,HFA,M,,345,1.00000000,74.94860000,0.03129000,,true
4061,3,HFA,M,,346,1.00000000,74.98860000,0.03129000,,true
4062,3,HFA,M,,347,1.00000000,75.02850000,0.03130000,,true
4063,3,HFA,M,,348,1.00000000,75.06830000,0.03130000,,true
4064,3,HFA,M,,349,1.00000000,75.10810000,0.03130000,,true
4065,3,HFA,M,,350,1.00000000,75.14790000,0.03131000,,true
4066,3,HFA,M,,351,1.00000000,75.18760000,0.03131000,,true
4067,3,HFA,M,,352,1.00000000,75.22730000,0.03132000,,true
4068,3,HFA,M,,353,1.00000000,75.26690000,0.03132000,,true
4069,3,HFA,M,,354,1.00000000,75.30650000,0.03132000,,true
4070,3,HFA,M,,355,1.00000000,75.34600000,0.03133000,,true
4071,3,HFA,M,,356,1.00000000,75.38550000,0.03133000,,true
4072,3,HFA,M,,357,1.00000000,75.42500000,0.03134000,,true
4073,3,HFA,M,,358,1.00000000,75.46440000,0.03134000,,true
4074,3,HFA,M,,359,1.00000000,75.50370000,0.03135000,,true
4075,3,HFA,M,,360,1.00000000,75.54310000,0.03135000,,true
4076,3,HFA,M,,361,1.00000000,75.58240000,0.03136000,,true
4077,3,HFA,M,,362,1.00000000,75.62160000,0.03136000,,true
4078,3,HFA,M,,363,1.00000000,75.66080000,0.03136000,,true
4079,3,HFA,M,,364,1.00000000,75.69990000,0.03137000,,true
4080,3,HFA,M,,365,1.00000000,75.73910000,0.03137000,,true
4081,3,HFA,M,,366,1.00000000,75.77810000,0.03138000,,true
4082,3,HFA,M,,367,1.00000000,75.81720000,0.03138000,,true
4083,3,HFA,M,,368,1.00000000,75.85620000,0.03139000,,true
4084,3,HFA,M,,369,1.00000000,75.89510000,0.03139000,,true
4085,3,HFA,M,,370,1.00000000,75.93400000,0.03140000,,true
4086,3,HFA,M,,371,1.00000000,75.97290000,0.03140000,,true
4087,3,HFA,M,,372,1.00000000,76.01170000,0.03141000,,true
4088,3,HFA,M,,373,1.00000000,76.05050000,0.03141000,,true
4089,3,HFA,M,,374,1.00000000,76.08920000,0.03142000,,true
4090,3,HFA,M,,375,1.00000000,76.12790000,0.03142000,,true
4091,3,HFA,M,,376,1.00000000,76.16650000,0.03143000,,true
4092,3,HFA,M,,377,1.00000000,76.20510000,0.03143000,,true
4093,3,HFA,M,,378,1.00000000,76.24370000,0.03144000,,true
4094,3,HFA,M,,379,1.00000000,76.28220000,0.03144000,,true
4095,3,HFA,M,,380,1.00000000,76.32070000,0.03145000,,true
4096,3,HFA,M,,381,1.00000000,76.35910000,0.03146000,,true
4097,3,HFA,M,,382,1.00000000,76.39750000,0.03146000,,true
4098,3,HFA,M,,383,1.00000000,76.43580000,0.03147000,,true
4099,3,HFA,M,,384,1.00000000,76.47410000,0.03147000,,true
4100,3,HFA,M,,385,1.00000000,76.51240000,0.03148000,,true
4101,3,HFA,M,,386,1.00000000,76.55060000,0.03148000,,true
4102,3,HFA,M,,387,1.00000000,76.58880000,0.03149000,,true
4103,3,HFA,M,,388,1.00000000,76.62690000,0.03149000,,true
4104,3,HFA,M,,389,1.00000000,76.66500000,0.03150000,,true
4105,3,HFA,M,,390,1.00000000,76.70300000,0.03151000,,true
4106,3,HFA,M,,391,1.00000000,76.74100000,0.03151000,,true
4107,3,HFA,M,,392,1.00000000,76.77900000,0.03152000,,true
4108,3,HFA,M,,393,1.00000000,76.81690000,0.03152000,,true
4109,3,HFA,M,,394,1.00000000,76.85480000,0.03153000,,true
4110,3,HFA,M,,395,1.00000000,76.89260000,0.03154000,,true
4111,3,HFA,M,,396,1.00000000,76.93040000,0.03154000,,true
4112,3,HFA,M,,397,1.00000000,76.96820000,0.03155000,,true
4113,3,HFA,M,,398,1.00000000,77.00590000,0.03155000,,true
4114,3,HFA,M,,399,1.00000000,77.04350000,0.03156000,,true
4115,3,HFA,M,,400,1.00000000,77.08120000,0.03157000,,true
4116,3,HFA,M,,401,1.00000000,77.11870000,0.03157000,,true
4117,3,HFA,M,,402,1.00000000,77.15630000,0.03158000,,true
4118,3,HFA,M,,403,1.00000000,77.19380000,0.03159000,,true
4119,3,HFA,M,,404,1.00000000,77.23130000,0.03159000,,true
4120,3,HFA,M,,405,1.00000000,77.26870000,0.03160000,,true
4121,3,HFA,M,,406,1.00000000,77.30600000,0.03160000,,true
4122,3,HFA,M,,407,1.00000000,77.34340000,0.03161000,,true
4123,3,HFA,M,,408,1.00000000,77.38070000,0.03162000,,true
4124,3,HFA,M,,409,1.00000000,77.41790000,0.03162000,,true
4125,3,HFA,M,,410,1.00000000,77.45510000,0.03163000,,true
4126,3,HFA,M,,411,1.00000000,77.49230000,0.03164000,,true
4127,3,HFA,M,,412,1.00000000,77.52950000,0.03164000,,true
4128,3,HFA,M,,413,1.00000000,77.56650000,0.03165000,,true
4129,3,HFA,M,,414,1.00000000,77.60360000,0.03166000,,true
4130,3,HFA,M,,415,1.00000000,77.64060000,0.03166000,,true
4131,3,HFA,M,,416,1.00000000,77.67760000,0.03167000,,true
4132,3,HFA,M,,417,1.00000000,77.71450000,0.03168000,,true
4133,3,HFA,M,,418,1.00000000,77.75140000,0.03168000,,true
4134,3,HFA,M,,419,1.00000000,77.78830000,0.03169000,,true
4135,3,HFA,M,,420,1.00000000,77.82510000,0.03170000,,true
4136,3,HFA,M,,421,1.00000000,77.86180000,0.03170000,,true
4137,3,HFA,M,,422,1.00000000,77.89860000,0.03171000,,true
4138,3,HFA,M,,423,1.00000000,77.93530000,0.03172000,,true
4139,3,HFA,M,,424,1.00000000,77.97190000,0.03172000,,true
4140,3,HFA,M,,425,1.00000000,78.00850000,0.03173000,,true
4141,3,HFA,M,,426,1.00000000,78.04510000,0.03174000,,true
4142,3,HFA,M,,427,1.00000000,78.08170000,0.03175000,,true
4143,3,HFA,M,,428,1.00000000,78.11820000,0.03175000,,true
4144,3,HFA,M,,429,1.00000000,78.15460000,0.03176000,,true
4145,3,HFA,M,,430,1.00000000,78.19110000,0.03177000,,true
4146,3,HFA,M,,431,1.00000000,78.22750000,0.03177000,,true
4147,3,HFA,M,,432,1.00000000,78.26380000,0.03178000,,true
4148,3,HFA,M,,433,1.00000000,78.30010000,0.03179000,,true
4149,3,HFA,M,,434,1.00000000,78.33640000,0.03180000,,true
4150,3,HFA,M,,435,1.00000000,78.37270000,0.03180000,,true
4151,3,HFA,M,,436,1.00000000,78.40890000,0.03181000,,true
4152,3,HFA,M,,437,1.00000000,78.44510000,0.03182000,,true
4153,3,HFA,M,,438,1.00000000,78.48120000,0.03183000,,true
4154,3,HFA,M,,439,1.00000000,78.51730000,0.03183000,,true
4155,3,HFA,M,,440,1.00000000,78.55340000,0.03184000,,true
4156,3,HFA,M,,441,1.00000000,78.58940000,0.03185000,,true
4157,3,HFA,M,,442,1.00000000,78.62540000,0.03186000,,true
4158,3,HFA,M,,443,1.00000000,78.66140000,0.03186000,,true
4159,3,HFA,M,,444,1.00000000,78.69730000,0.03187000,,true
4160,3,HFA,M,,445,1.00000000,78.73320000,0.03188000,,true
4161,3,HFA,M,,446,1.00000000,78.76910000,0.03189000,,true
4162,3,HFA,M,,447,1.00000000,78.80490000,0.03189000,,true
4163,3,HFA,M,,448,1.00000000,78.84070000,0.03190000,,true
4164,3,HFA,M,,449,1.00000000,78.87640000,0.03191000,,true
4165,3,HFA,M,,450,1.00000000,78.91220000,0.03192000,,true
4166,3,HFA,M,,451,1.00000000,78.94790000,0.03192000,,true
4167,3,HFA,M,,452,1.00000000,78.98350000,0.03193000,,true
4168,3,HFA,M,,453,1.00000000,79.01910000,0.03194000,,true
4169,3,HFA,M,,454,1.00000000,79.05470000,0.03195000,,true
4170,3,HFA,M,,455,1.00000000,79.09030000,0.03196000,,true
4171,3,HFA,M,,456,1.00000000,79.12580000,0.03196000,,true
4172,3,HFA,M,,457,1.00000000,79.16130000,0.03197000,,true
4173,3,HFA,M,,458,1.00000000,79.19680000,0.03198000,,true
4174,3,HFA,M,,459,1.00000000,79.23220000,0.03199000,,true
4175,3,HFA,M,,460,1.00000000,79.26760000,0.03200000,,true
4176,3,HFA,M,,461,1.00000000,79.30300000,0.03200000,,true
4177,3,HFA,M,,462,1.00000000,79.33830000,0.03201000,,true
4178,3,HFA,M,,463,1.00000000,79.37360000,0.03202000,,true
4179,3,HFA,M,,464,1.00000000,79.40890000,0.03203000,,true
4180,3,HFA,M,,465,1.00000000,79.44410000,0.03204000,,true
4181,3,HFA,M,,466,1.00000000,79.47930000,0.03204000,,true
4182,3,HFA,M,,467,1.00000000,79.51450000,0.03205000,,true
4183,3,HFA,M,,468,1.00000000,79.54960000,0.03206000,,true
4184,3,HFA,M,,469,1.00000000,79.58470000,0.03207000,,true
4185,3,HFA,M,,470,1.00000000,79.61980000,0.03208000,,true
4186,3,HFA,M,,471,1.00000000,79.65480000,0.03209000,,true
4187,3,HFA,M,,472,1.00000000,79.68980000,0.03209000,,true
4188,3,HFA,M,,473,1.00000000,79.72480000,0.03210000,,true
4189,3,HFA,M,,474,1.00000000,79.75980000,0.03211000,,true
4190,3,HFA,M,,475,1.00000000,79.79470000,0.03212000,,true
4191,3,HFA,M,,476,1.00000000,79.82960000,0.03213000,,true
4192,3,HFA,M,,477,1.00000000,79.86440000,0.03214000,,true
4193,3,HFA,M,,478,1.00000000,79.89930000,0.03214000,,true
4194,3,HFA,M,,479,1.00000000,79.93410000,0.03215000,,true
4195,3,HFA,M,,480,1.00000000,79.96880000,0.03216000,,true
4196,3,HFA,M,,481,1.00000000,80.00360000,0.03217000,,true
4197,3,HFA,M,,482,1.00000000,80.03830000,0.03218000,,true
4198,3,HFA,M,,483,1.00000000,80.07290000,0.03219000,,true
4199,3,HFA,M,,484,1.00000000,80.10760000,0.03220000,,true
4200,3,HFA,M,,485,1.00000000,80.14220000,0.03220000,,true
4201,3,HFA,M,,486,1.00000000,80.17680000,0.03221000,,true
4202,3,HFA,M,,487,1.00000000,80.21130000,0.03222000,,true
4203,3,HFA,M,,488,1.00000000,80.24590000,0.03223000,,true
4204,3,HFA,M,,489,1.00000000,80.28040000,0.03224000,,true
4205,3,HFA,M,,490,1.00000000,80.31480000,0.03225000,,true
4206,3,HFA,M,,491,1.00000000,80.34930000,0.03226000,,true
4207,3,HFA,M,,492,1.00000000,80.38370000,0.03226000,,true
4208,3,HFA,M,,493,1.00000000,80.41810000,0.03227000,,true
4209,3,HFA,M,,494,1.00000000,80.45240000,0.03228000,,true
4210,3,HFA,M,,495,1.00000000,80.48670000,0.03229000,,true
4211,3,HFA,M,,496,1.00000000,80.52100000,0.03230000,,true
4212,3,HFA,M,,497,1.00000000,80.55530000,0.03231000,,true
4213,3,HFA,M,,498,1.00000000,80.58950000,0.03232000,,true
4214,3,HFA,M,,499,1.00000000,80.62370000,0.03233000,,true
4215,3,HFA,M,,500,1.00000000,80.65780000,0.03234000,,true
4216,3,HFA,M,,501,1.00000000,80.69200000,0.03234000,,true
4217,3,HFA,M,,502,1.00000000,80.72610000,0.03235000,,true
4218,3,HFA,M,,503,1.00000000,80.76020000,0.03236000,,true
4219,3,HFA,M,,504,1.00000000,80.79420000,0.03237000,,true
4220,3,HFA,M,,505,1.00000000,80.82820000,0.03238000,,true
4221,3,HFA,M,,506,1.00000000,80.86220000,0.03239000,,true
4222,3,HFA,M,,507,1.00000000,80.89610000,0.03240000,,true
4223,3,HFA,M,,508,1.00000000,80.93010000,0.03241000,,true
4224,3,HFA,M,,509,1.00000000,80.96400000,0.03242000,,true
4225,3,HFA,M,,510,1.00000000,80.99780000,0.03243000,,true
4226,3,HFA,M,,511,1.00000000,81.03170000,0.03244000,,true
4227,3,HFA,M,,512,1.00000000,81.06550000,0.03245000,,true
4228,3,HFA,M,,513,1.00000000,81.09920000,0.03245000,,true
4229,3,HFA,M,,514,1.00000000,81.13300000,0.03246000,,true
4230,3,HFA,M,,515,1.00000000,81.16670000,0.03247000,,true
4231,3,HFA,M,,516,1.00000000,81.20040000,0.03248000,,true
4232,3,HFA,M,,517,1.00000000,81.23400000,0.03249000,,true
4233,3,HFA,M,,518,1.00000000,81.26770000,0.03250000,,true
4234,3,HFA,M,,519,1.00000000,81.30130000,0.03251000,,true
4235,3,HFA,M,,520,1.00000000,81.33480000,0.03252000,,true
4236,3,HFA,M,,521,1.00000000,81.36840000,0.03253000,,true
4237,3,HFA,M,,522,1.00000000,81.40190000,0.03254000,,true
4238,3,HFA,M,,523,1.00000000,81.43530000,0.03255000,,true
4239,3,HFA,M,,524,1.00000000,81.46880000,0.03256000,,true
4240,3,HFA,M,,525,1.00000000,81.50220000,0.03257000,,true
4241,3,HFA,M,,526,1.00000000,81.53560000,0.03258000,,true
4242,3,HFA,M,,527,1.00000000,81.56900000,0.03259000,,true
4243,3,HFA,M,,528,1.00000000,81.60230000,0.03260000,,true
4244,3,HFA,M,,529,1.00000000,81.63560000,0.03261000,,true
4245,3,HFA,M,,530,1.00000000,81.66890000,0.03261000,,true
4246,3,HFA,M,,531,1.00000000,81.70210000,0.03262000,,true
4247,3,HFA,M,,532,1.00000000,81.73530000,0.03263000,,true
4248,3,HFA,M,,533,1.00000000,81.76850000,0.03264000,,true
4249,3,HFA,M,,534,1.00000000,81.80170000,0.03265000,,true
4250,3,HFA,M,,535,1.00000000,81.83480000,0.03266000,,true
4251,3,HFA,M,,536,1.00000000,81.86790000,0.03267000,,true
4252,3,HFA,M,,537,1.00000000,81.90090000,0.03268000,,true
4253,3,HFA,M,,538,1.00000000,81.93400000,0.03269000,,true
4254,3,HFA,M,,539,1.00000000,81.96700000,0.03270000,,true
4255,3,HFA,M,,540,1.00000000,82.00000000,0.03271000,,true
4256,3,HFA,M,,541,1.00000000,82.03290000,0.03272000,,true
4257,3,HFA,M,,542,1.00000000,82.06590000,0.03273000,,true
4258,3,HFA,M,,543,1.00000000,82.09870000,0.03274000,,true
4259,3,HFA,M,,544,1.00000000,82.13160000,0.03275000,,true
4260,3,HFA,M,,545,1.00000000,82.16440000,0.03276000,,true
4261,3,HFA,M,,546,1.00000000,82.19730000,0.03277000,,true
4262,3,HFA,M,,547,1.00000000,82.23000000,0.03278000,,true
4263,3,HFA,M,,548,1.00000000,82.26280000,0.03279000,,true
4264,3,HFA,M,,549,1.00000000,82.29550000,0.03280000,,true
4265,3,HFA,M,,550,1.00000000,82.32820000,0.03281000,,true
4266,3,HFA,M,,551,1.00000000,82.36090000,0.03282000,,true
4267,3,HFA,M,,552,1.00000000,82.39350000,0.03283000,,true
4268,3,HFA,M,,553,1.00000000,82.42610000,0.03284000,,true
4269,3,HFA,M,,554,1.00000000,82.45870000,0.03285000,,true
4270,3,HFA,M,,555,1.00000000,82.49120000,0.03286000,,true
4271,3,HFA,M,,556,1.00000000,82.52370000,0.03287000,,true
4272,3,HFA,M,,557,1.00000000,82.55620000,0.03288000,,true
4273,3,HFA,M,,558,1.00000000,82.58870000,0.03289000,,true
4274,3,HFA,M,,559,1.00000000,82.62110000,0.03290000,,true
4275,3,HFA,M,,560,1.00000000,82.65350000,0.03291000,,true
4276,3,HFA,M,,561,1.00000000,82.68590000,0.03292000,,true
4277,3,HFA,M,,562,1.00000000,82.71820000,0.03293000,,true
4278,3,HFA,M,,563,1.00000000,82.75050000,0.03294000,,true
4279,3,HFA,M,,564,1.00000000,82.78280000,0.03295000,,true
4280,3,HFA,M,,565,1.00000000,82.81510000,0.03296000,,true
4281,3,HFA,M,,566,1.00000000,82.84730000,0.03297000,,true
4282,3,HFA,M,,567,1.00000000,82.87950000,0.03298000,,true
4283,3,HFA,M,,568,1.00000000,82.91170000,0.03299000,,true
4284,3,HFA,M,,569,1.00000000,82.94380000,0.03300000,,true
4285,3,HFA,M,,570,1.00000000,82.97590000,0.03301000,,true
4286,3,HFA,M,,571,1.00000000,83.00800000,0.03302000,,true
4287,3,HFA,M,,572,1.00000000,83.04000000,0.03303000,,true
4288,3,HFA,M,,573,1.00000000,83.07210000,0.03304000,,true
4289,3,HFA,M,,574,1.00000000,83.10410000,0.03305000,,true
4290,3,HFA,M,,575,1.00000000,83.13600000,0.03306000,,true
4291,3,HFA,M,,576,1.00000000,83.16800000,0.03308000,,true
4292,3,HFA,M,,577,1.00000000,83.19990000,0.03309000,,true
4293,3,HFA,M,,578,1.00000000,83.23180000,0.03310000,,true
4294,3,HFA,M,,579,1.00000000,83.26370000,0.03311000,,true
4295,3,HFA,M,,580,1.00000000,83.29550000,0.03312000,,true
4296,3,HFA,M,,581,1.00000000,83.32730000,0.03313000,,true
4297,3,HFA,M,,582,1.00000000,83.35910000,0.03314000,,true
4298,3,HFA,M,,583,1.00000000,83.39080000,0.03315000,,true
4299,3,HFA,M,,584,1.00000000,83.42260000,0.03316000,,true
4300,3,HFA,M,,585,1.00000000,83.45430000,0.03317000,,true
4301,3,HFA,M,,586,1.00000000,83.48590000,0.03318000,,true
4302,3,HFA,M,,587,1.00000000,83.51760000,0.03319000,,true
4303,3,HFA,M,,588,1.00000000,83.54920000,0.03320000,,true
4304,3,HFA,M,,589,1.00000000,83.58080000,0.03321000,,true
4305,3,HFA,M,,590,1.00000000,83.61240000,0.03322000,,true
4306,3,HFA,M,,591,1.00000000,83.64390000,0.03323000,,true
4307,3,HFA,M,,592,1.00000000,83.67540000,0.03324000,,true
4308,3,HFA,M,,593,1.00000000,83.70690000,0.03325000,,true
4309,3,HFA,M,,594,1.00000000,83.73840000,0.03326000,,true
4310,3,HFA,M,,595,1.00000000,83.76980000,0.03327000,,true
4311,3,HFA,M,,596,1.00000000,83.80120000,0.03329000,,true
4312,3,HFA,M,,597,1.00000000,83.83260000,0.03330000,,true
4313,3,HFA,M,,598,1.00000000,83.86400000,0.03331000,,true
4314,3,HFA,M,,599,1.00000000,83.89530000,0.03332000,,true
4315,3,HFA,M,,600,1.00000000,83.92670000,0.03333000,,true
4316,3,HFA,M,,601,1.00000000,83.95790000,0.03334000,,true
4317,3,HFA,M,,602,1.00000000,83.98920000,0.03335000,,true
4318,3,HFA,M,,603,1.00000000,84.02050000,0.03336000,,true
4319,3,HFA,M,,604,1.00000000,84.05170000,0.03337000,,true
4320,3,HFA,M,,605,1.00000000,84.08290000,0.03338000,,true
4321,3,HFA,M,,606,1.00000000,84.11400000,0.03339000,,true
4322,3,HFA,M,,607,1.00000000,84.14520000,0.03340000,,true
4323,3,HFA,M,,608,1.00000000,84.17630000,0.03341000,,true
4324,3,HFA,M,,609,1.00000000,84.20740000,0.03342000,,true
4325,3,HFA,M,,610,1.00000000,84.23850000,0.03344000,,true
4326,3,HFA,M,,611,1.00000000,84.26950000,0.03345000,,true
4327,3,HFA,M,,612,1.00000000,84.30060000,0.03346000,,true
4328,3,HFA,M,,613,1.00000000,84.33160000,0.03347000,,true
4329,3,HFA,M,,614,1.00000000,84.36260000,0.03348000,,true
4330,3,HFA,M,,615,1.00000000,84.39350000,0.03349000,,true
4331,3,HFA,M,,616,1.00000000,84.42450000,0.03350000,,true
4332,3,HFA,M,,617,1.00000000,84.45540000,0.03351000,,true
4333,3,HFA,M,,618,1.00000000,84.48620000,0.03352000,,true
4334,3,HFA,M,,619,1.00000000,84.51710000,0.03353000,,true
4335,3,HFA,M,,620,1.00000000,84.54790000,0.03354000,,true
4336,3,HFA,M,,621,1.00000000,84.57870000,0.03356000,,true
4337,3,HFA,M,,622,1.00000000,84.60950000,0.03357000,,true
4338,3,HFA,M,,623,1.00000000,84.64030000,0.03358000,,true
4339,3,HFA,M,,624,1.00000000,84.67100000,0.03359000,,true
4340,3,HFA,M,,625,1.00000000,84.70170000,0.03360000,,true
4341,3,HFA,M,,626,1.00000000,84.73240000,0.03361000,,true
4342,3,HFA,M,,627,1.00000000,84.76310000,0.03362000,,true
4343,3,HFA,M,,628,1.00000000,84.79370000,0.03363000,,true
4344,3,HFA,M,,629,1.00000000,84.82430000,0.03364000,,true
4345,3,HFA,M,,630,1.00000000,84.85490000,0.03365000,,true
4346,3,HFA,M,,631,1.00000000,84.88550000,0.03367000,,true
4347,3,HFA,M,,632,1.00000000,84.91600000,0.03368000,,true
4348,3,HFA,M,,633,1.00000000,84.94650000,0.03369000,,true
4349,3,HFA,M,,634,1.00000000,84.97700000,0.03370000,,true
4350,3,HFA,M,,635,1.00000000,85.00750000,0.03371000,,true
4351,3,HFA,M,,636,1.00000000,85.03790000,0.03372000,,true
4352,3,HFA,M,,637,1.00000000,85.06830000,0.03373000,,true
4353,3,HFA,M,,638,1.00000000,85.09870000,0.03374000,,true
4354,3,HFA,M,,639,1.00000000,85.12910000,0.03375000,,true
4355,3,HFA,M,,640,1.00000000,85.15940000,0.03377000,,true
4356,3,HFA,M,,641,1.00000000,85.18970000,0.03378000,,true
4357,3,HFA,M,,642,1.00000000,85.22000000,0.03379000,,true
4358,3,HFA,M,,643,1.00000000,85.25030000,0.03380000,,true
4359,3,HFA,M,,644,1.00000000,85.28050000,0.03381000,,true
4360,3,HFA,M,,645,1.00000000,85.31080000,0.03382000,,true
4361,3,HFA,M,,646,1.00000000,85.34100000,0.03383000,,true
4362,3,HFA,M,,647,1.00000000,85.37110000,0.03384000,,true
4363,3,HFA,M,,648,1.00000000,85.40130000,0.03385000,,true
4364,3,HFA,M,,649,1.00000000,85.43140000,0.03387000,,true
4365,3,HFA,M,,650,1.00000000,85.46150000,0.03388000,,true
4366,3,HFA,M,,651,1.00000000,85.49160000,0.03389000,,true
4367,3,HFA,M,,652,1.00000000,85.52170000,0.03390000,,true
4368,3,HFA,M,,653,1.00000000,85.55170000,0.03391000,,true
4369,3,HFA,M,,654,1.00000000,85.58170000,0.03392000,,true
4370,3,HFA,M,,655,1.00000000,85.61170000,0.03393000,,true
4371,3,HFA,M,,656,1.00000000,85.64170000,0.03394000,,true
4372,3,HFA,M,,657,1.00000000,85.67160000,0.03396000,,true
4373,3,HFA,M,,658,1.00000000,85.70150000,0.03397000,,true
4374,3,HFA,M,,659,1.00000000,85.73140000,0.03398000,,true
4375,3,HFA,M,,660,1.00000000,85.76130000,0.03399000,,true
4376,3,HFA,M,,661,1.00000000,85.79120000,0.03400000,,true
4377,3,HFA,M,,662,1.00000000,85.82100000,0.03401000,,true
4378,3,HFA,M,,663,1.00000000,85.85080000,0.03402000,,true
4379,3,HFA,M,,664,1.00000000,85.88060000,0.03404000,,true
4380,3,HFA,M,,665,1.00000000,85.91040000,0.03405000,,true
4381,3,HFA,M,,666,1.00000000,85.94010000,0.03406000,,true
4382,3,HFA,M,,667,1.00000000,85.96980000,0.03407000,,true
4383,3,HFA,M,,668,1.00000000,85.99950000,0.03408000,,true
4384,3,HFA,M,,669,1.00000000,86.02920000,0.03409000,,true
4385,3,HFA,M,,670,1.00000000,86.05890000,0.03410000,,true
4386,3,HFA,M,,671,1.00000000,86.08850000,0.03411000,,true
4387,3,HFA,M,,672,1.00000000,86.11810000,0.03413000,,true
4388,3,HFA,M,,673,1.00000000,86.14770000,0.03414000,,true
4389,3,HFA,M,,674,1.00000000,86.17730000,0.03415000,,true
4390,3,HFA,M,,675,1.00000000,86.20680000,0.03416000,,true
4391,3,HFA,M,,676,1.00000000,86.23630000,0.03417000,,true
4392,3,HFA,M,,677,1.00000000,86.26590000,0.03418000,,true
4393,3,HFA,M,,678,1.00000000,86.29540000,0.03419000,,true
4394,3,HFA,M,,679,1.00000000,86.32480000,0.03421000,,true
4395,3,HFA,M,,680,1.00000000,86.35430000,0.03422000,,true
4396,3,HFA,M,,681,1.00000000,86.38370000,0.03423000,,true
4397,3,HFA,M,,682,1.00000000,86.41310000,0.03424000,,true
4398,3,HFA,M,,683,1.00000000,86.44250000,0.03425000,,true
4399,3,HFA,M,,684,1.00000000,86.47190000,0.03426000,,true
4400,3,HFA,M,,685,1.00000000,86.50120000,0.03427000,,true
4401,3,HFA,M,,686,1.00000000,86.53060000,0.03429000,,true
4402,3,HFA,M,,687,1.00000000,86.55990000,0.03430000,,true
4403,3,HFA,M,,688,1.00000000,86.58920000,0.03431000,,true
4404,3,HFA,M,,689,1.00000000,86.61840000,0.03432000,,true
4405,3,HFA,M,,690,1.00000000,86.64770000,0.03433000,,true
4406,3,HFA,M,,691,1.00000000,86.67690000,0.03434000,,true
4407,3,HFA,M,,692,1.00000000,86.70610000,0.03435000,,true
4408,3,HFA,M,,693,1.00000000,86.73530000,0.03437000,,true
4409,3,HFA,M,,694,1.00000000,86.76450000,0.03438000,,true
4410,3,HFA,M,,695,1.00000000,86.79370000,0.03439000,,true
4411,3,HFA,M,,696,1.00000000,86.82280000,0.03440000,,true
4412,3,HFA,M,,697,1.00000000,86.85190000,0.03441000,,true
4413,3,HFA,M,,698,1.00000000,86.88100000,0.03442000,,true
4414,3,HFA,M,,699,1.00000000,86.91010000,0.03443000,,true
4415,3,HFA,M,,700,1.00000000,86.93920000,0.03445000,,true
4416,3,HFA,M,,701,1.00000000,86.96820000,0.03446000,,true
4417,3,HFA,M,,702,1.00000000,86.99720000,0.03447000,,true
4418,3,HFA,M,,703,1.00000000,87.02620000,0.03448000,,true
4419,3,HFA,M,,704,1.00000000,87.05520000,0.03449000,,true
4420,3,HFA,M,,705,1.00000000,87.08420000,0.03450000,,true
4421,3,HFA,M,,706,1.00000000,87.11310000,0.03451000,,true
4422,3,HFA,M,,707,1.00000000,87.14200000,0.03453000,,true
4423,3,HFA,M,,708,1.00000000,87.17090000,0.03454000,,true
4424,3,HFA,M,,709,1.00000000,87.19980000,0.03455000,,true
4425,3,HFA,M,,710,1.00000000,87.22870000,0.03456000,,true
4426,3,HFA,M,,711,1.00000000,87.25750000,0.03457000,,true
4427,3,HFA,M,,712,1.00000000,87.28630000,0.03458000,,true
4428,3,HFA,M,,713,1.00000000,87.31510000,0.03459000,,true
4429,3,HFA,M,,714,1.00000000,87.34390000,0.03461000,,true
4430,3,HFA,M,,715,1.00000000,87.37270000,0.03462000,,true
4431,3,HFA,M,,716,1.00000000,87.40140000,0.03463000,,true
4432,3,HFA,M,,717,1.00000000,87.43020000,0.03464000,,true
4433,3,HFA,M,,718,1.00000000,87.45890000,0.03465000,,true
4434,3,HFA,M,,719,1.00000000,87.48760000,0.03466000,,true
4435,3,HFA,M,,720,1.00000000,87.51620000,0.03467000,,true
4436,3,HFA,M,,721,1.00000000,87.54490000,0.03469000,,true
4437,3,HFA,M,,722,1.00000000,87.57350000,0.03470000,,true
4438,3,HFA,M,,723,1.00000000,87.60210000,0.03471000,,true
4439,3,HFA,M,,724,1.00000000,87.63070000,0.03472000,,true
4440,3,HFA,M,,725,1.00000000,87.65930000,0.03473000,,true
4441,3,HFA,M,,726,1.00000000,87.68780000,0.03474000,,true
4442,3,HFA,M,,727,1.00000000,87.71640000,0.03475000,,true
4443,3,HFA,M,,728,1.00000000,87.74490000,0.03477000,,true
4444,3,HFA,M,,729,1.00000000,87.77340000,0.03478000,,true
4445,3,HFA,M,,730,1.00000000,87.80180000,0.03479000,,true
4446,3,HFA,M,,731,1.00000000,87.13030000,0.03508000,,true
4447,3,HFA,M,,732,1.00000000,87.15870000,0.03509000,,true
4448,3,HFA,M,,733,1.00000000,87.18710000,0.03510000,,true
4449,3,HFA,M,,734,1.00000000,87.21550000,0.03511000,,true
4450,3,HFA,M,,735,1.00000000,87.24390000,0.03513000,,true
4451,3,HFA,M,,736,1.00000000,87.27220000,0.03514000,,true
4452,3,HFA,M,,737,1.00000000,87.30060000,0.03515000,,true
4453,3,HFA,M,,738,1.00000000,87.32890000,0.03516000,,true
4454,3,HFA,M,,739,1.00000000,87.35710000,0.03517000,,true
4455,3,HFA,M,,740,1.00000000,87.38540000,0.03518000,,true
4456,3,HFA,M,,741,1.00000000,87.41360000,0.03519000,,true
4457,3,HFA,M,,742,1.00000000,87.44190000,0.03521000,,true
4458,3,HFA,M,,743,1.00000000,87.47010000,0.03522000,,true
4459,3,HFA,M,,744,1.00000000,87.49820000,0.03523000,,true
4460,3,HFA,M,,745,1.00000000,87.52640000,0.03524000,,true
4461,3,HFA,M,,746,1.00000000,87.55450000,0.03525000,,true
4462,3,HFA,M,,747,1.00000000,87.58260000,0.03526000,,true
4463,3,HFA,M,,748,1.00000000,87.61070000,0.03527000,,true
4464,3,HFA,M,,749,1.00000000,87.63880000,0.03528000,,true
4465,3,HFA,M,,750,1.00000000,87.66680000,0.03530000,,true
4466,3,HFA,M,,751,1.00000000,87.69480000,0.03531000,,true
4467,3,HFA,M,,752,1.00000000,87.72280000,0.03532000,,true
4468,3,HFA,M,,753,1.00000000,87.75080000,0.03533000,,true
4469,3,HFA,M,,754,1.00000000,87.77880000,0.03534000,,true
4470,3,HFA,M,,755,1.00000000,87.80670000,0.03535000,,true
4471,3,HFA,M,,756,1.00000000,87.83460000,0.03536000,,true
4472,3,HFA,M,,757,1.00000000,87.86250000,0.03538000,,true
4473,3,HFA,M,,758,1.00000000,87.89030000,0.03539000,,true
4474,3,HFA,M,,759,1.00000000,87.91810000,0.03540000,,true
4475,3,HFA,M,,760,1.00000000,87.94600000,0.03541000,,true
4476,3,HFA,M,,761,1.00000000,87.97370000,0.03542000,,true
4477,3,HFA,M,,762,1.00000000,88.00150000,0.03543000,,true
4478,3,HFA,M,,763,1.00000000,88.02920000,0.03544000,,true
4479,3,HFA,M,,764,1.00000000,88.05700000,0.03545000,,true
4480,3,HFA,M,,765,1.00000000,88.08460000,0.03547000,,true
4481,3,HFA,M,,766,1.00000000,88.11230000,0.03548000,,true
4482,3,HFA,M,,767,1.00000000,88.14000000,0.03549000,,true
4483,3,HFA,M,,768,1.00000000,88.16760000,0.03550000,,true
4484,3,HFA,M,,769,1.00000000,88.19520000,0.03551000,,true
4485,3,HFA,M,,770,1.00000000,88.22280000,0.03552000,,true
4486,3,HFA,M,,771,1.00000000,88.25030000,0.03553000,,true
4487,3,HFA,M,,772,1.00000000,88.27780000,0.03555000,,true
4488,3,HFA,M,,773,1.00000000,88.30530000,0.03556000,,true
4489,3,HFA,M,,774,1.00000000,88.33280000,0.03557000,,true
4490,3,HFA,M,,775,1.00000000,88.36030000,0.03558000,,true
4491,3,HFA,M,,776,1.00000000,88.38770000,0.03559000,,true
4492,3,HFA,M,,777,1.00000000,88.41510000,0.03560000,,true
4493,3,HFA,M,,778,1.00000000,88.44250000,0.03561000,,true
4494,3,HFA,M,,779,1.00000000,88.46990000,0.03562000,,true
4495,3,HFA,M,,780,1.00000000,88.49720000,0.03564000,,true
4496,3,HFA,M,,781,1.00000000,88.52450000,0.03565000,,true
4497,3,HFA,M,,782,1.00000000,88.55180000,0.03566000,,true
4498,3,HFA,M,,783,1.00000000,88.57910000,0.03567000,,true
4499,3,HFA,M,,784,1.00000000,88.60630000,0.03568000,,true
4500,3,HFA,M,,785,1.00000000,88.63350000,0.03569000,,true
4501,3,HFA,M,,786,1.00000000,88.66070000,0.03570000,,true
4502,3,HFA,M,,787,1.00000000,88.68790000,0.03571000,,true
4503,3,HFA,M,,788,1.00000000,88.71500000,0.03572000,,true
4504,3,HFA,M,,789,1.00000000,88.74220000,0.03574000,,true
4505,3,HFA,M,,790,1.00000000,88.76930000,0.03575000,,true
4506,3,HFA,M,,791,1.00000000,88.79640000,0.03576000,,true
4507,3,HFA,M,,792,1.00000000,88.82340000,0.03577000,,true
4508,3,HFA,M,,793,1.00000000,88.85040000,0.03578000,,true
4509,3,HFA,M,,794,1.00000000,88.87750000,0.03579000,,true
4510,3,HFA,M,,795,1.00000000,88.90440000,0.03580000,,true
4511,3,HFA,M,,796,1.00000000,88.93140000,0.03581000,,true
4512,3,HFA,M,,797,1.00000000,88.95840000,0.03582000,,true
4513,3,HFA,M,,798,1.00000000,88.98530000,0.03584000,,true
4514,3,HFA,M,,799,1.00000000,89.01220000,0.03585000,,true
4515,3,HFA,M,,800,1.00000000,89.03910000,0.03586000,,true
4516,3,HFA,M,,801,1.00000000,89.06590000,0.03587000,,true
4517,3,HFA,M,,802,1.00000000,89.09270000,0.03588000,,true
4518,3,HFA,M,,803,1.00000000,89.11950000,0.03589000,,true
4519,3,HFA,M,,804,1.00000000,89.14630000,0.03590000,,true
4520,3,HFA,M,,805,1.00000000,89.17310000,0.03591000,,true
4521,3,HFA,M,,806,1.00000000,89.19980000,0.03592000,,true
4522,3,HFA,M,,807,1.00000000,89.22660000,0.03593000,,true
4523,3,HFA,M,,808,1.00000000,89.25330000,0.03595000,,true
4524,3,HFA,M,,809,1.00000000,89.27990000,0.03596000,,true
4525,3,HFA,M,,810,1.00000000,89.30660000,0.03597000,,true
4526,3,HFA,M,,811,1.00000000,89.33320000,0.03598000,,true
4527,3,HFA,M,,812,1.00000000,89.35980000,0.03599000,,true
4528,3,HFA,M,,813,1.00000000,89.38640000,0.03600000,,true
4529,3,HFA,M,,814,1.00000000,89.41300000,0.03601000,,true
4530,3,HFA,M,,815,1.00000000,89.43950000,0.03602000,,true
4531,3,HFA,M,,816,1.00000000,89.46600000,0.03603000,,true
4532,3,HFA,M,,817,1.00000000,89.49250000,0.03604000,,true
4533,3,HFA,M,,818,1.00000000,89.51900000,0.03605000,,true
4534,3,HFA,M,,819,1.00000000,89.54550000,0.03607000,,true
4535,3,HFA,M,,820,1.00000000,89.57190000,0.03608000,,true
4536,3,HFA,M,,821,1.00000000,89.59830000,0.03609000,,true
4537,3,HFA,M,,822,1.00000000,89.62470000,0.03610000,,true
4538,3,HFA,M,,823,1.00000000,89.65100000,0.03611000,,true
4539,3,HFA,M,,824,1.00000000,89.67740000,0.03612000,,true
4540,3,HFA,M,,825,1.00000000,89.70370000,0.03613000,,true
4541,3,HFA,M,,826,1.00000000,89.73000000,0.03614000,,true
4542,3,HFA,M,,827,1.00000000,89.75630000,0.03615000,,true
4543,3,HFA,M,,828,1.00000000,89.78250000,0.03616000,,true
4544,3,HFA,M,,829,1.00000000,89.80870000,0.03617000,,true
4545,3,HFA,M,,830,1.00000000,89.83490000,0.03618000,,true
4546,3,HFA,M,,831,1.00000000,89.86110000,0.03620000,,true
4547,3,HFA,M,,832,1.00000000,89.88730000,0.03621000,,true
4548,3,HFA,M,,833,1.00000000,89.91340000,0.03622000,,true
4549,3,HFA,M,,834,1.00000000,89.93950000,0.03623000,,true
4550,3,HFA,M,,835,1.00000000,89.96560000,0.03624000,,true
4551,3,HFA,M,,836,1.00000000,89.99170000,0.03625000,,true
4552,3,HFA,M,,837,1.00000000,90.01770000,0.03626000,,true
4553,3,HFA,M,,838,1.00000000,90.04370000,0.03627000,,true
4554,3,HFA,M,,839,1.00000000,90.06970000,0.03628000,,true
4555,3,HFA,M,,840,1.00000000,90.09570000,0.03629000,,true
4556,3,HFA,M,,841,1.00000000,90.12160000,0.03630000,,true
4557,3,HFA,M,,842,1.00000000,90.14760000,0.03631000,,true
4558,3,HFA,M,,843,1.00000000,90.17350000,0.03632000,,true
4559,3,HFA,M,,844,1.00000000,90.19940000,0.03633000,,true
4560,3,HFA,M,,845,1.00000000,90.22520000,0.03634000,,true
4561,3,HFA,M,,846,1.00000000,90.25100000,0.03636000,,true
4562,3,HFA,M,,847,1.00000000,90.27690000,0.03637000,,true
4563,3,HFA,M,,848,1.00000000,90.30260000,0.03638000,,true
4564,3,HFA,M,,849,1.00000000,90.32840000,0.03639000,,true
4565,3,HFA,M,,850,1.00000000,90.35410000,0.03640000,,true
4566,3,HFA,M,,851,1.00000000,90.37990000,0.03641000,,true
4567,3,HFA,M,,852,1.00000000,90.40560000,0.03642000,,true
4568,3,HFA,M,,853,1.00000000,90.43120000,0.03643000,,true
4569,3,HFA,M,,854,1.00000000,90.45690000,0.03644000,,true
4570,3,HFA,M,,855,1.00000000,90.48250000,0.03645000,,true
4571,3,HFA,M,,856,1.00000000,90.50810000,0.03646000,,true
4572,3,HFA,M,,857,1.00000000,90.53370000,0.03647000,,true
4573,3,HFA,M,,858,1.00000000,90.55920000,0.03648000,,true
4574,3,HFA,M,,859,1.00000000,90.58480000,0.03649000,,true
4575,3,HFA,M,,860,1.00000000,90.61030000,0.03650000,,true
4576,3,HFA,M,,861,1.00000000,90.63580000,0.03651000,,true
4577,3,HFA,M,,862,1.00000000,90.66120000,0.03652000,,true
4578,3,HFA,M,,863,1.00000000,90.68670000,0.03653000,,true
4579,3,HFA,M,,864,1.00000000,90.71210000,0.03654000,,true
4580,3,HFA,M,,865,1.00000000,90.73750000,0.03655000,,true
4581,3,HFA,M,,866,1.00000000,90.76280000,0.03656000,,true
4582,3,HFA,M,,867,1.00000000,90.78820000,0.03657000,,true
4583,3,HFA,M,,868,1.00000000,90.81350000,0.03659000,,true
4584,3,HFA,M,,869,1.00000000,90.83880000,0.03660000,,true
4585,3,HFA,M,,870,1.00000000,90.86410000,0.03661000,,true
4586,3,HFA,M,,871,1.00000000,90.88930000,0.03662000,,true
4587,3,HFA,M,,872,1.00000000,90.91460000,0.03663000,,true
4588,3,HFA,M,,873,1.00000000,90.93980000,0.03664000,,true
4589,3,HFA,M,,874,1.00000000,90.96500000,0.03665000,,true
4590,3,HFA,M,,875,1.00000000,90.99010000,0.03666000,,true
4591,3,HFA,M,,876,1.00000000,91.01530000,0.03667000,,true
4592,3,HFA,M,,877,1.00000000,91.04040000,0.03668000,,true
4593,3,HFA,M,,878,1.00000000,91.06550000,0.03669000,,true
4594,3,HFA,M,,879,1.00000000,91.09050000,0.03670000,,true
4595,3,HFA,M,,880,1.00000000,91.11560000,0.03671000,,true
4596,3,HFA,M,,881,1.00000000,91.14060000,0.03672000,,true
4597,3,HFA,M,,882,1.00000000,91.16560000,0.03673000,,true
4598,3,HFA,M,,883,1.00000000,91.19060000,0.03674000,,true
4599,3,HFA,M,,884,1.00000000,91.21550000,0.03675000,,true
4600,3,HFA,M,,885,1.00000000,91.24050000,0.03676000,,true
4601,3,HFA,M,,886,1.00000000,91.26540000,0.03677000,,true
4602,3,HFA,M,,887,1.00000000,91.29030000,0.03678000,,true
4603,3,HFA,M,,888,1.00000000,91.31510000,0.03679000,,true
4604,3,HFA,M,,889,1.00000000,91.34000000,0.03680000,,true
4605,3,HFA,M,,890,1.00000000,91.36480000,0.03681000,,true
4606,3,HFA,M,,891,1.00000000,91.38960000,0.03682000,,true
4607,3,HFA,M,,892,1.00000000,91.41440000,0.03683000,,true
4608,3,HFA,M,,893,1.00000000,91.43910000,0.03684000,,true
4609,3,HFA,M,,894,1.00000000,91.46390000,0.03685000,,true
4610,3,HFA,M,,895,1.00000000,91.48860000,0.03686000,,true
4611,3,HFA,M,,896,1.00000000,91.51330000,0.03687000,,true
4612,3,HFA,M,,897,1.00000000,91.53790000,0.03688000,,true
4613,3,HFA,M,,898,1.00000000,91.56260000,0.03689000,,true
4614,3,HFA,M,,899,1.00000000,91.58720000,0.03690000,,true
4615,3,HFA,M,,900,1.00000000,91.61180000,0.03691000,,true
4616,3,HFA,M,,901,1.00000000,91.63640000,0.03692000,,true
4617,3,HFA,M,,902,1.00000000,91.66090000,0.03693000,,true
4618,3,HFA,M,,903,1.00000000,91.68550000,0.03694000,,true
4619,3,HFA,M,,904,1.00000000,91.71000000,0.03695000,,true
4620,3,HFA,M,,905,1.00000000,91.73450000,0.03696000,,true
4621,3,HFA,M,,906,1.00000000,91.75900000,0.03697000,,true
4622,3,HFA,M,,907,1.00000000,91.78340000,0.03698000,,true
4623,3,HFA,M,,908,1.00000000,91.80780000,0.03699000,,true
4624,3,HFA,M,,909,1.00000000,91.83230000,0.03700000,,true
4625,3,HFA,M,,910,1.00000000,91.85660000,0.03701000,,true
4626,3,HFA,M,,911,1.00000000,91.88100000,0.03702000,,true
4627,3,HFA,M,,912,1.00000000,91.90530000,0.03703000,,true
4628,3,HFA,M,,913,1.00000000,91.92970000,0.03704000,,true
4629,3,HFA,M,,914,1.00000000,91.95400000,0.03705000,,true
4630,3,HFA,M,,915,1.00000000,91.97830000,0.03706000,,true
4631,3,HFA,M,,916,1.00000000,92.00250000,0.03707000,,true
4632,3,HFA,M,,917,1.00000000,92.02680000,0.03708000,,true
4633,3,HFA,M,,918,1.00000000,92.05100000,0.03709000,,true
4634,3,HFA,M,,919,1.00000000,92.07520000,0.03710000,,true
4635,3,HFA,M,,920,1.00000000,92.09930000,0.03711000,,true
4636,3,HFA,M,,921,1.00000000,92.12350000,0.03711000,,true
4637,3,HFA,M,,922,1.00000000,92.14760000,0.03712000,,true
4638,3,HFA,M,,923,1.00000000,92.17170000,0.03713000,,true
4639,3,HFA,M,,924,1.00000000,92.19580000,0.03714000,,true
4640,3,HFA,M,,925,1.00000000,92.21990000,0.03715000,,true
4641,3,HFA,M,,926,1.00000000,92.24400000,0.03716000,,true
4642,3,HFA,M,,927,1.00000000,92.26800000,0.03717000,,true
4643,3,HFA,M,,928,1.00000000,92.29200000,0.03718000,,true
4644,3,HFA,M,,929,1.00000000,92.31600000,0.03719000,,true
4645,3,HFA,M,,930,1.00000000,92.34000000,0.03720000,,true
4646,3,HFA,M,,931,1.00000000,92.36390000,0.03721000,,true
4647,3,HFA,M,,932,1.00000000,92.38790000,0.03722000,,true
4648,3,HFA,M,,933,1.00000000,92.41180000,0.03723000,,true
4649,3,HFA,M,,934,1.00000000,92.43570000,0.03724000,,true
4650,3,HFA,M,,935,1.00000000,92.45950000,0.03725000,,true
4651,3,HFA,M,,936,1.00000000,92.48340000,0.03726000,,true
4652,3,HFA,M,,937,1.00000000,92.50720000,0.03727000,,true
4653,3,HFA,M,,938,1.00000000,92.53100000,0.03728000,,true
4654,3,HFA,M,,939,1.00000000,92.55480000,0.03729000,,true
4655,3,HFA,M,,940,1.00000000,92.57860000,0.03730000,,true
4656,3,HFA,M,,941,1.00000000,92.60230000,0.03730000,,true
4657,3,HFA,M,,942,1.00000000,92.62610000,0.03731000,,true
4658,3,HFA,M,,943,1.00000000,92.64980000,0.03732000,,true
4659,3,HFA,M,,944,1.00000000,92.67350000,0.03733000,,true
4660,3,HFA,M,,945,1.00000000,92.69710000,0.03734000,,true
4661,3,HFA,M,,946,1.00000000,92.72080000,0.03735000,,true
4662,3,HFA,M,,947,1.00000000,92.74440000,0.03736000,,true
4663,3,HFA,M,,948,1.00000000,92.76800000,0.03737000,,true
4664,3,HFA,M,,949,1.00000000,92.79160000,0.03738000,,true
4665,3,HFA,M,,950,1.00000000,92.81520000,0.03739000,,true
4666,3,HFA,M,,951,1.00000000,92.83880000,0.03740000,,true
4667,3,HFA,M,,952,1.00000000,92.86230000,0.03741000,,true
4668,3,HFA,M,,953,1.00000000,92.88580000,0.03742000,,true
4669,3,HFA,M,,954,1.00000000,92.90930000,0.03743000,,true
4670,3,HFA,M,,955,1.00000000,92.93280000,0.03743000,,true
4671,3,HFA,M,,956,1.00000000,92.95620000,0.03744000,,true
4672,3,HFA,M,,957,1.00000000,92.97970000,0.03745000,,true
4673,3,HFA,M,,958,1.00000000,93.00310000,0.03746000,,true
4674,3,HFA,M,,959,1.00000000,93.02650000,0.03747000,,true
4675,3,HFA,M,,960,1.00000000,93.04990000,0.03748000,,true
4676,3,HFA,M,,961,1.00000000,93.07320000,0.03749000,,true
4677,3,HFA,M,,962,1.00000000,93.09660000,0.03750000,,true
4678,3,HFA,M,,963,1.00000000,93.11990000,0.03751000,,true
4679,3,HFA,M,,964,1.00000000,93.14320000,0.03752000,,true
4680,3,HFA,M,,965,1.00000000,93.16650000,0.03753000,,true
4681,3,HFA,M,,966,1.00000000,93.18980000,0.03753000,,true
4682,3,HFA,M,,967,1.00000000,93.21300000,0.03754000,,true
4683,3,HFA,M,,968,1.00000000,93.23630000,0.03755000,,true
4684,3,HFA,M,,969,1.00000000,93.25950000,0.03756000,,true
4685,3,HFA,M,,970,1.00000000,93.28270000,0.03757000,,true
4686,3,HFA,M,,971,1.00000000,93.30590000,0.03758000,,true
4687,3,HFA,M,,972,1.00000000,93.32900000,0.03759000,,true
4688,3,HFA,M,,973,1.00000000,93.35220000,0.03760000,,true
4689,3,HFA,M,,974,1.00000000,93.37530000,0.03761000,,true
4690,3,HFA,M,,975,1.00000000,93.39840000,0.03762000,,true
4691,3,HFA,M,,976,1.00000000,93.42150000,0.03762000,,true
4692,3,HFA,M,,977,1.00000000,93.44460000,0.03763000,,true
4693,3,HFA,M,,978,1.00000000,93.46760000,0.03764000,,true
4694,3,HFA,M,,979,1.00000000,93.49060000,0.03765000,,true
4695,3,HFA,M,,980,1.00000000,93.51370000,0.03766000,,true
4696,3,HFA,M,,981,1.00000000,93.53670000,0.03767000,,true
4697,3,HFA,M,,982,1.00000000,93.55960000,0.03768000,,true
4698,3,HFA,M,,983,1.00000000,93.58260000,0.03769000,,true
4699,3,HFA,M,,984,1.00000000,93.60560000,0.03769000,,true
4700,3,HFA,M,,985,1.00000000,93.62850000,0.03770000,,true
4701,3,HFA,M,,986,1.00000000,93.65140000,0.03771000,,true
4702,3,HFA,M,,987,1.00000000,93.67430000,0.03772000,,true
4703,3,HFA,M,,988,1.00000000,93.69720000,0.03773000,,true
4704,3,HFA,M,,989,1.00000000,93.72010000,0.03774000,,true
4705,3,HFA,M,,990,1.00000000,93.74290000,0.03775000,,true
4706,3,HFA,M,,991,1.00000000,93.76580000,0.03776000,,true
4707,3,HFA,M,,992,1.00000000,93.78860000,0.03776000,,true
4708,3,HFA,M,,993,1.00000000,93.81140000,0.03777000,,true
4709,3,HFA,M,,994,1.00000000,93.83420000,0.03778000,,true
4710,3,HFA,M,,995,1.00000000,93.85690000,0.03779000,,true
4711,3,HFA,M,,996,1.00000000,93.87970000,0.03780000,,true
4712,3,HFA,M,,997,1.00000000,93.90240000,0.03781000,,true
4713,3,HFA,M,,998,1.00000000,93.92520000,0.03782000,,true
4714,3,HFA,M,,999,1.00000000,93.94790000,0.03782000,,true
4715,3,HFA,M,,1000,1.00000000,93.97060000,0.03783000,,true
4716,3,HFA,M,,1001,1.00000000,93.99320000,0.03784000,,true
4717,3,HFA,M,,1002,1.00000000,94.01590000,0.03785000,,true
4718,3,HFA,M,,1003,1.00000000,94.03850000,0.03786000,,true
4719,3,HFA,M,,1004,1.00000000,94.06120000,0.03787000,,true
4720,3,HFA,M,,1005,1.00000000,94.08380000,0.03788000,,true
4721,3,HFA,M,,1006,1.00000000,94.10640000,0.03788000,,true
4722,3,HFA,M,,1007,1.00000000,94.12900000,0.03789000,,true
4723,3,HFA,M,,1008,1.00000000,94.15160000,0.03790000,,true
4724,3,HFA,M,,1009,1.00000000,94.17410000,0.03791000,,true
4725,3,HFA,M,,1010,1.00000000,94.19670000,0.03792000,,true
4726,3,HFA,M,,1011,1.00000000,94.21920000,0.03793000,,true
4727,3,HFA,M,,1012,1.00000000,94.24170000,0.03793000,,true
4728,3,HFA,M,,1013,1.00000000,94.26420000,0.03794000,,true
4729,3,HFA,M,,1014,1.00000000,94.28670000,0.03795000,,true
4730,3,HFA,M,,1015,1.00000000,94.30920000,0.03796000,,true
4731,3,HFA,M,,1016,1.00000000,94.33170000,0.03797000,,true
4732,3,HFA,M,,1017,1.00000000,94.35410000,0.03798000,,true
4733,3,HFA,M,,1018,1.00000000,94.37650000,0.03798000,,true
4734,3,HFA,M,,1019,1.00000000,94.39900000,0.03799000,,true
4735,3,HFA,M,,1020,1.00000000,94.42140000,0.03800000,,true
4736,3,HFA,M,,1021,1.00000000,94.44380000,0.03801000,,true
4737,3,HFA,M,,1022,1.00000000,94.46620000,0.03802000,,true
4738,3,HFA,M,,1023,1.00000000,94.48850000,0.03802000,,true
4739,3,HFA,M,,1024,1.00000000,94.51090000,0.03803000,,true
4740,3,HFA,M,,1025,1.00000000,94.53320000,0.03804000,,true
4741,3,HFA,M,,1026,1.00000000,94.55560000,0.03805000,,true
4742,3,HFA,M,,1027,1.00000000,94.57790000,0.03806000,,true
4743,3,HFA,M,,1028,1.00000000,94.60020000,0.03807000,,true
4744,3,HFA,M,,1029,1.00000000,94.62250000,0.03807000,,true
4745,3,HFA,M,,1030,1.00000000,94.64470000,0.03808000,,true
4746,3,HFA,M,,1031,1.00000000,94.66700000,0.03809000,,true
4747,3,HFA,M,,1032,1.00000000,94.68930000,0.03810000,,true
4748,3,HFA,M,,1033,1.00000000,94.71150000,0.03811000,,true
4749,3,HFA,M,,1034,1.00000000,94.73370000,0.03811000,,true
4750,3,HFA,M,,1035,1.00000000,94.75590000,0.03812000,,true
4751,3,HFA,M,,1036,1.00000000,94.77820000,0.03813000,,true
4752,3,HFA,M,,1037,1.00000000,94.80030000,0.03814000,,true
4753,3,HFA,M,,1038,1.00000000,94.82250000,0.03815000,,true
4754,3,HFA,M,,1039,1.00000000,94.84470000,0.03815000,,true
4755,3,HFA,M,,1040,1.00000000,94.86680000,0.03816000,,true
4756,3,HFA,M,,1041,1.00000000,94.88900000,0.03817000,,true
4757,3,HFA,M,,1042,1.00000000,94.91110000,0.03818000,,true
4758,3,HFA,M,,1043,1.00000000,94.93320000,0.03819000,,true
4759,3,HFA,M,,1044,1.00000000,94.95530000,0.03819000,,true
4760,3,HFA,M,,1045,1.00000000,94.97740000,0.03820000,,true
4761,3,HFA,M,,1046,1.00000000,94.99950000,0.03821000,,true
4762,3,HFA,M,,1047,1.00000000,95.02160000,0.03822000,,true
4763,3,HFA,M,,1048,1.00000000,95.04360000,0.03822000,,true
4764,3,HFA,M,,1049,1.00000000,95.06570000,0.03823000,,true
4765,3,HFA,M,,1050,1.00000000,95.08770000,0.03824000,,true
4766,3,HFA,M,,1051,1.00000000,95.10970000,0.03825000,,true
4767,3,HFA,M,,1052,1.00000000,95.13170000,0.03826000,,true
4768,3,HFA,M,,1053,1.00000000,95.15370000,0.03826000,,true
4769,3,HFA,M,,1054,1.00000000,95.17570000,0.03827000,,true
4770,3,HFA,M,,1055,1.00000000,95.19770000,0.03828000,,true
4771,3,HFA,M,,1056,1.00000000,95.21970000,0.03829000,,true
4772,3,HFA,M,,1057,1.00000000,95.24160000,0.03829000,,true
4773,3,HFA,M,,1058,1.00000000,95.26360000,0.03830000,,true
4774,3,HFA,M,,1059,1.00000000,95.28550000,0.03831000,,true
4775,3,HFA,M,,1060,1.00000000,95.30740000,0.03832000,,true
4776,3,HFA,M,,1061,1.00000000,95.32930000,0.03833000,,true
4777,3,HFA,M,,1062,1.00000000,95.35120000,0.03833000,,true
4778,3,HFA,M,,1063,1.00000000,95.37310000,0.03834000,,true
4779,3,HFA,M,,1064,1.00000000,95.39490000,0.03835000,,true
4780,3,HFA,M,,1065,1.00000000,95.41680000,0.03836000,,true
4781,3,HFA,M,,1066,1.00000000,95.43860000,0.03836000,,true
4782,3,HFA,M,,1067,1.00000000,95.46050000,0.03837000,,true
4783,3,HFA,M,,1068,1.00000000,95.48230000,0.03838000,,true
4784,3,HFA,M,,1069,1.00000000,95.50410000,0.03839000,,true
4785,3,HFA,M,,1070,1.00000000,95.52590000,0.03839000,,true
4786,3,HFA,M,,1071,1.00000000,95.54770000,0.03840000,,true
4787,3,HFA,M,,1072,1.00000000,95.56950000,0.03841000,,true
4788,3,HFA,M,,1073,1.00000000,95.59130000,0.03842000,,true
4789,3,HFA,M,,1074,1.00000000,95.61300000,0.03842000,,true
4790,3,HFA,M,,1075,1.00000000,95.63480000,0.03843000,,true
4791,3,HFA,M,,1076,1.00000000,95.65650000,0.03844000,,true
4792,3,HFA,M,,1077,1.00000000,95.67820000,0.03845000,,true
4793,3,HFA,M,,1078,1.00000000,95.69990000,0.03845000,,true
4794,3,HFA,M,,1079,1.00000000,95.72160000,0.03846000,,true
4795,3,HFA,M,,1080,1.00000000,95.74330000,0.03847000,,true
4796,3,HFA,M,,1081,1.00000000,95.76500000,0.03848000,,true
4797,3,HFA,M,,1082,1.00000000,95.78670000,0.03848000,,true
4798,3,HFA,M,,1083,1.00000000,95.80830000,0.03849000,,true
4799,3,HFA,M,,1084,1.00000000,95.83000000,0.03850000,,true
4800,3,HFA,M,,1085,1.00000000,95.85160000,0.03850000,,true
4801,3,HFA,M,,1086,1.00000000,95.87320000,0.03851000,,true
4802,3,HFA,M,,1087,1.00000000,95.89480000,0.03852000,,true
4803,3,HFA,M,,1088,1.00000000,95.91650000,0.03853000,,true
4804,3,HFA,M,,1089,1.00000000,95.93800000,0.03853000,,true
4805,3,HFA,M,,1090,1.00000000,95.95960000,0.03854000,,true
4806,3,HFA,M,,1091,1.00000000,95.98120000,0.03855000,,true
4807,3,HFA,M,,1092,1.00000000,96.00280000,0.03856000,,true
4808,3,HFA,M,,1093,1.00000000,96.02430000,0.03856000,,true
4809,3,HFA,M,,1094,1.00000000,96.04590000,0.03857000,,true
4810,3,HFA,M,,1095,1.00000000,96.06740000,0.03858000,,true
4811,3,HFA,M,,1096,1.00000000,96.08890000,0.03858000,,true
4812,3,HFA,M,,1097,1.00000000,96.11040000,0.03859000,,true
4813,3,HFA,M,,1098,1.00000000,96.13190000,0.03860000,,true
4814,3,HFA,M,,1099,1.00000000,96.15340000,0.03861000,,true
4815,3,HFA,M,,1100,1.00000000,96.17490000,0.03861000,,true
4816,3,HFA,M,,1101,1.00000000,96.19640000,0.03862000,,true
4817,3,HFA,M,,1102,1.00000000,96.21780000,0.03863000,,true
4818,3,HFA,M,,1103,1.00000000,96.23930000,0.03863000,,true
4819,3,HFA,M,,1104,1.00000000,96.26070000,0.03864000,,true
4820,3,HFA,M,,1105,1.00000000,96.28210000,0.03865000,,true
4821,3,HFA,M,,1106,1.00000000,96.30350000,0.03866000,,true
4822,3,HFA,M,,1107,1.00000000,96.32500000,0.03866000,,true
4823,3,HFA,M,,1108,1.00000000,96.34640000,0.03867000,,true
4824,3,HFA,M,,1109,1.00000000,96.36770000,0.03868000,,true
4825,3,HFA,M,,1110,1.00000000,96.38910000,0.03868000,,true
4826,3,HFA,M,,1111,1.00000000,96.41050000,0.03869000,,true
4827,3,HFA,M,,1112,1.00000000,96.43180000,0.03870000,,true
4828,3,HFA,M,,1113,1.00000000,96.45320000,0.03870000,,true
4829,3,HFA,M,,1114,1.00000000,96.47450000,0.03871000,,true
4830,3,HFA,M,,1115,1.00000000,96.49580000,0.03872000,,true
4831,3,HFA,M,,1116,1.00000000,96.51720000,0.03873000,,true
4832,3,HFA,M,,1117,1.00000000,96.53850000,0.03873000,,true
4833,3,HFA,M,,1118,1.00000000,96.55980000,0.03874000,,true
4834,3,HFA,M,,1119,1.00000000,96.58100000,0.03875000,,true
4835,3,HFA,M,,1120,1.00000000,96.60230000,0.03875000,,true
4836,3,HFA,M,,1121,1.00000000,96.62360000,0.03876000,,true
4837,3,HFA,M,,1122,1.00000000,96.64480000,0.03877000,,true
4838,3,HFA,M,,1123,1.00000000,96.66610000,0.03877000,,true
4839,3,HFA,M,,1124,1.00000000,96.68730000,0.03878000,,true
4840,3,HFA,M,,1125,1.00000000,96.70850000,0.03879000,,true
4841,3,HFA,M,,1126,1.00000000,96.72980000,0.03879000,,true
4842,3,HFA,M,,1127,1.00000000,96.75100000,0.03880000,,true
4843,3,HFA,M,,1128,1.00000000,96.77220000,0.03881000,,true
4844,3,HFA,M,,1129,1.00000000,96.79330000,0.03881000,,true
4845,3,HFA,M,,1130,1.00000000,96.81450000,0.03882000,,true
4846,3,HFA,M,,1131,1.00000000,96.83570000,0.03883000,,true
4847,3,HFA,M,,1132,1.00000000,96.85680000,0.03883000,,true
4848,3,HFA,M,,1133,1.00000000,96.87800000,0.03884000,,true
4849,3,HFA,M,,1134,1.00000000,96.89910000,0.03885000,,true
4850,3,HFA,M,,1135,1.00000000,96.92030000,0.03885000,,true
4851,3,HFA,M,,1136,1.00000000,96.94140000,0.03886000,,true
4852,3,HFA,M,,1137,1.00000000,96.96250000,0.03887000,,true
4853,3,HFA,M,,1138,1.00000000,96.98360000,0.03887000,,true
4854,3,HFA,M,,1139,1.00000000,97.00470000,0.03888000,,true
4855,3,HFA,M,,1140,1.00000000,97.02580000,0.03889000,,true
4856,3,HFA,M,,1141,1.00000000,97.04680000,0.03889000,,true
4857,3,HFA,M,,1142,1.00000000,97.06790000,0.03890000,,true
4858,3,HFA,M,,1143,1.00000000,97.08890000,0.03891000,,true
4859,3,HFA,M,,1144,1.00000000,97.11000000,0.03891000,,true
4860,3,HFA,M,,1145,1.00000000,97.13100000,0.03892000,,true
4861,3,HFA,M,,1146,1.00000000,97.15210000,0.03893000,,true
4862,3,HFA,M,,1147,1.00000000,97.17310000,0.03893000,,true
4863,3,HFA,M,,1148,1.00000000,97.19410000,0.03894000,,true
4864,3,HFA,M,,1149,1.00000000,97.21510000,0.03895000,,true
4865,3,HFA,M,,1150,1.00000000,97.23610000,0.03895000,,true
4866,3,HFA,M,,1151,1.00000000,97.25700000,0.03896000,,true
4867,3,HFA,M,,1152,1.00000000,97.27800000,0.03897000,,true
4868,3,HFA,M,,1153,1.00000000,97.29900000,0.03897000,,true
4869,3,HFA,M,,1154,1.00000000,97.31990000,0.03898000,,true
4870,3,HFA,M,,1155,1.00000000,97.34090000,0.03899000,,true
4871,3,HFA,M,,1156,1.00000000,97.36180000,0.03899000,,true
4872,3,HFA,M,,1157,1.00000000,97.38270000,0.03900000,,true
4873,3,HFA,M,,1158,1.00000000,97.40360000,0.03901000,,true
4874,3,HFA,M,,1159,1.00000000,97.42450000,0.03901000,,true
4875,3,HFA,M,,1160,1.00000000,97.44540000,0.03902000,,true
4876,3,HFA,M,,1161,1.00000000,97.46630000,0.03902000,,true
4877,3,HFA,M,,1162,1.00000000,97.48720000,0.03903000,,true
4878,3,HFA,M,,1163,1.00000000,97.50810000,0.03904000,,true
4879,3,HFA,M,,1164,1.00000000,97.52890000,0.03904000,,true
4880,3,HFA,M,,1165,1.00000000,97.54980000,0.03905000,,true
4881,3,HFA,M,,1166,1.00000000,97.57060000,0.03906000,,true
4882,3,HFA,M,,1167,1.00000000,97.59140000,0.03906000,,true
4883,3,HFA,M,,1168,1.00000000,97.61230000,0.03907000,,true
4884,3,HFA,M,,1169,1.00000000,97.63310000,0.03908000,,true
4885,3,HFA,M,,1170,1.00000000,97.65390000,0.03908000,,true
4886,3,HFA,M,,1171,1.00000000,97.67470000,0.03909000,,true
4887,3,HFA,M,,1172,1.00000000,97.69540000,0.03909000,,true
4888,3,HFA,M,,1173,1.00000000,97.71620000,0.03910000,,true
4889,3,HFA,M,,1174,1.00000000,97.73700000,0.03911000,,true
4890,3,HFA,M,,1175,1.00000000,97.75770000,0.03911000,,true
4891,3,HFA,M,,1176,1.00000000,97.77850000,0.03912000,,true
4892,3,HFA,M,,1177,1.00000000,97.79920000,0.03913000,,true
4893,3,HFA,M,,1178,1.00000000,97.81990000,0.03913000,,true
4894,3,HFA,M,,1179,1.00000000,97.84060000,0.03914000,,true
4895,3,HFA,M,,1180,1.00000000,97.86140000,0.03914000,,true
4896,3,HFA,M,,1181,1.00000000,97.88210000,0.03915000,,true
4897,3,HFA,M,,1182,1.00000000,97.90270000,0.03916000,,true
4898,3,HFA,M,,1183,1.00000000,97.92340000,0.03916000,,true
4899,3,HFA,M,,1184,1.00000000,97.94410000,0.03917000,,true
4900,3,HFA,M,,1185,1.00000000,97.96470000,0.03917000,,true
4901,3,HFA,M,,1186,1.00000000,97.98540000,0.03918000,,true
4902,3,HFA,M,,1187,1.00000000,98.00600000,0.03919000,,true
4903,3,HFA,M,,1188,1.00000000,98.02670000,0.03919000,,true
4904,3,HFA,M,,1189,1.00000000,98.04730000,0.03920000,,true
4905,3,HFA,M,,1190,1.00000000,98.06790000,0.03920000,,true
4906,3,HFA,M,,1191,1.00000000,98.08850000,0.03921000,,true
4907,3,HFA,M,,1192,1.00000000,98.10910000,0.03922000,,true
4908,3,HFA,M,,1193,1.00000000,98.12970000,0.03922000,,true
4909,3,HFA,M,,1194,1.00000000,98.15030000,0.03923000,,true
4910,3,HFA,M,,1195,1.00000000,98.17080000,0.03924000,,true
4911,3,HFA,M,,1196,1.00000000,98.19140000,0.03924000,,true
4912,3,HFA,M,,1197,1.00000000,98.21190000,0.03925000,,true
4913,3,HFA,M,,1198,1.00000000,98.23250000,0.03925000,,true
4914,3,HFA,M,,1199,1.00000000,98.25300000,0.03926000,,true
4915,3,HFA,M,,1200,1.00000000,98.27350000,0.03927000,,true
4916,3,HFA,M,,1201,1.00000000,98.29400000,0.03927000,,true
4917,3,HFA,M,,1202,1.00000000,98.31450000,0.03928000,,true
4918,3,HFA,M,,1203,1.00000000,98.33500000,0.03928000,,true
4919,3,HFA,M,,1204,1.00000000,98.35550000,0.03929000,,true
4920,3,HFA,M,,1205,1.00000000,98.37590000,0.03929000,,true
4921,3,HFA,M,,1206,1.00000000,98.39640000,0.03930000,,true
4922,3,HFA,M,,1207,1.00000000,98.41690000,0.03931000,,true
4923,3,HFA,M,,1208,1.00000000,98.43730000,0.03931000,,true
4924,3,HFA,M,,1209,1.00000000,98.45770000,0.03932000,,true
4925,3,HFA,M,,1210,1.00000000,98.47820000,0.03932000,,true
4926,3,HFA,M,,1211,1.00000000,98.49860000,0.03933000,,true
4927,3,HFA,M,,1212,1.00000000,98.51900000,0.03934000,,true
4928,3,HFA,M,,1213,1.00000000,98.53940000,0.03934000,,true
4929,3,HFA,M,,1214,1.00000000,98.55980000,0.03935000,,true
4930,3,HFA,M,,1215,1.00000000,98.58010000,0.03935000,,true
4931,3,HFA,M,,1216,1.00000000,98.60050000,0.03936000,,true
4932,3,HFA,M,,1217,1.00000000,98.62090000,0.03937000,,true
4933,3,HFA,M,,1218,1.00000000,98.64120000,0.03937000,,true
4934,3,HFA,M,,1219,1.00000000,98.66150000,0.03938000,,true
4935,3,HFA,M,,1220,1.00000000,98.68190000,0.03938000,,true
4936,3,HFA,M,,1221,1.00000000,98.70220000,0.03939000,,true
4937,3,HFA,M,,1222,1.00000000,98.72250000,0.03939000,,true
4938,3,HFA,M,,1223,1.00000000,98.74280000,0.03940000,,true
4939,3,HFA,M,,1224,1.00000000,98.76310000,0.03941000,,true
4940,3,HFA,M,,1225,1.00000000,98.78340000,0.03941000,,true
4941,3,HFA,M,,1226,1.00000000,98.80360000,0.03942000,,true
4942,3,HFA,M,,1227,1.00000000,98.82390000,0.03942000,,true
4943,3,HFA,M,,1228,1.00000000,98.84420000,0.03943000,,true
4944,3,HFA,M,,1229,1.00000000,98.86440000,0.03943000,,true
4945,3,HFA,M,,1230,1.00000000,98.88460000,0.03944000,,true
4946,3,HFA,M,,1231,1.00000000,98.90490000,0.03945000,,true
4947,3,HFA,M,,1232,1.00000000,98.92510000,0.03945000,,true
4948,3,HFA,M,,1233,1.00000000,98.94530000,0.03946000,,true
4949,3,HFA,M,,1234,1.00000000,98.96550000,0.03946000,,true
4950,3,HFA,M,,1235,1.00000000,98.98570000,0.03947000,,true
4951,3,HFA,M,,1236,1.00000000,99.00580000,0.03947000,,true
4952,3,HFA,M,,1237,1.00000000,99.02600000,0.03948000,,true
4953,3,HFA,M,,1238,1.00000000,99.04610000,0.03949000,,true
4954,3,HFA,M,,1239,1.00000000,99.06630000,0.03949000,,true
4955,3,HFA,M,,1240,1.00000000,99.08640000,0.03950000,,true
4956,3,HFA,M,,1241,1.00000000,99.10650000,0.03950000,,true
4957,3,HFA,M,,1242,1.00000000,99.12670000,0.03951000,,true
4958,3,HFA,M,,1243,1.00000000,99.14680000,0.03951000,,true
4959,3,HFA,M,,1244,1.00000000,99.16690000,0.03952000,,true
4960,3,HFA,M,,1245,1.00000000,99.18690000,0.03952000,,true
4961,3,HFA,M,,1246,1.00000000,99.20700000,0.03953000,,true
4962,3,HFA,M,,1247,1.00000000,99.22710000,0.03954000,,true
4963,3,HFA,M,,1248,1.00000000,99.24710000,0.03954000,,true
4964,3,HFA,M,,1249,1.00000000,99.26720000,0.03955000,,true
4965,3,HFA,M,,1250,1.00000000,99.28720000,0.03955000,,true
4966,3,HFA,M,,1251,1.00000000,99.30720000,0.03956000,,true
4967,3,HFA,M,,1252,1.00000000,99.32720000,0.03956000,,true
4968,3,HFA,M,,1253,1.00000000,99.34720000,0.03957000,,true
4969,3,HFA,M,,1254,1.00000000,99.36720000,0.03957000,,true
4970,3,HFA,M,,1255,1.00000000,99.38720000,0.03958000,,true
4971,3,HFA,M,,1256,1.00000000,99.40720000,0.03958000,,true
4972,3,HFA,M,,1257,1.00000000,99.42720000,0.03959000,,true
4973,3,HFA,M,,1258,1.00000000,99.44710000,0.03960000,,true
4974,3,HFA,M,,1259,1.00000000,99.46710000,0.03960000,,true
4975,3,HFA,M,,1260,1.00000000,99.48700000,0.03961000,,true
4976,3,HFA,M,,1261,1.00000000,99.50690000,0.03961000,,true
4977,3,HFA,M,,1262,1.00000000,99.52680000,0.03962000,,true
4978,3,HFA,M,,1263,1.00000000,99.54670000,0.03962000,,true
4979,3,HFA,M,,1264,1.00000000,99.56660000,0.03963000,,true
4980,3,HFA,M,,1265,1.00000000,99.58650000,0.03963000,,true
4981,3,HFA,M,,1266,1.00000000,99.60640000,0.03964000,,true
4982,3,HFA,M,,1267,1.00000000,99.62620000,0.03964000,,true
4983,3,HFA,M,,1268,1.00000000,99.64610000,0.03965000,,true
4984,3,HFA,M,,1269,1.00000000,99.66600000,0.03966000,,true
4985,3,HFA,M,,1270,1.00000000,99.68580000,0.03966000,,true
4986,3,HFA,M,,1271,1.00000000,99.70560000,0.03967000,,true
4987,3,HFA,M,,1272,1.00000000,99.72540000,0.03967000,,true
4988,3,HFA,M,,1273,1.00000000,99.74520000,0.03968000,,true
4989,3,HFA,M,,1274,1.00000000,99.76500000,0.03968000,,true
4990,3,HFA,M,,1275,1.00000000,99.78480000,0.03969000,,true
4991,3,HFA,M,,1276,1.00000000,99.80460000,0.03969000,,true
4992,3,HFA,M,,1277,1.00000000,99.82440000,0.03970000,,true
4993,3,HFA,M,,1278,1.00000000,99.84410000,0.03970000,,true
4994,3,HFA,M,,1279,1.00000000,99.86390000,0.03971000,,true
4995,3,HFA,M,,1280,1.00000000,99.88360000,0.03971000,,true
4996,3,HFA,M,,1281,1.00000000,99.90340000,0.03972000,,true
4997,3,HFA,M,,1282,1.00000000,99.92310000,0.03972000,,true
4998,3,HFA,M,,1283,1.00000000,99.94280000,0.03973000,,true
4999,3,HFA,M,,1284,1.00000000,99.96250000,0.03973000,,true
5000,3,HFA,M,,1285,1.00000000,99.98220000,0.03974000,,true
5001,3,HFA,M,,1286,1.00000000,100.00190000,0.03975000,,true
5002,3,HFA,M,,1287,1.00000000,100.02160000,0.03975000,,true
5003,3,HFA,M,,1288,1.00000000,100.04120000,0.03976000,,true
5004,3,HFA,M,,1289,1.00000000,100.06090000,0.03976000,,true
5005,3,HFA,M,,1290,1.00000000,100.08050000,0.03977000,,true
5006,3,HFA,M,,1291,1.00000000,100.10020000,0.03977000,,true
5007,3,HFA,M,,1292,1.00000000,100.11980000,0.03978000,,true
5008,3,HFA,M,,1293,1.00000000,100.13940000,0.03978000,,true
5009,3,HFA,M,,1294,1.00000000,100.15910000,0.03979000,,true
5010,3,HFA,M,,1295,1.00000000,100.17870000,0.03979000,,true
5011,3,HFA,M,,1296,1.00000000,100.19830000,0.03980000,,true
5012,3,HFA,M,,1297,1.00000000,100.21780000,0.03980000,,true
5013,3,HFA,M,,1298,1.00000000,100.23740000,0.03981000,,true
5014,3,HFA,M,,1299,1.00000000,100.25700000,0.03981000,,true
5015,3,HFA,M,,1300,1.00000000,100.27650000,0.03982000,,true
5016,3,HFA,M,,1301,1.00000000,100.29610000,0.03982000,,true
5017,3,HFA,M,,1302,1.00000000,100.31560000,0.03983000,,true
5018,3,HFA,M,,1303,1.00000000,100.33520000,0.03983000,,true
5019,3,HFA,M,,1304,1.00000000,100.35470000,0.03984000,,true
5020,3,HFA,M,,1305,1.00000000,100.37420000,0.03984000,,true
5021,3,HFA,M,,1306,1.00000000,100.39370000,0.03985000,,true
5022,3,HFA,M,,1307,1.00000000,100.41320000,0.03985000,,true
5023,3,HFA,M,,1308,1.00000000,100.43270000,0.03986000,,true
5024,3,HFA,M,,1309,1.00000000,100.45220000,0.03986000,,true
5025,3,HFA,M,,1310,1.00000000,100.47170000,0.03987000,,true
5026,3,HFA,M,,1311,1.00000000,100.49110000,0.03987000,,true
5027,3,HFA,M,,1312,1.00000000,100.51060000,0.03988000,,true
5028,3,HFA,M,,1313,1.00000000,100.53000000,0.03988000,,true
5029,3,HFA,M,,1314,1.00000000,100.54950000,0.03989000,,true
5030,3,HFA,M,,1315,1.00000000,100.56890000,0.03990000,,true
5031,3,HFA,M,,1316,1.00000000,100.58830000,0.03990000,,true
5032,3,HFA,M,,1317,1.00000000,100.60770000,0.03991000,,true
5033,3,HFA,M,,1318,1.00000000,100.62710000,0.03991000,,true
5034,3,HFA,M,,1319,1.00000000,100.64650000,0.03992000,,true
5035,3,HFA,M,,1320,1.00000000,100.66590000,0.03992000,,true
5036,3,HFA,M,,1321,1.00000000,100.68530000,0.03993000,,true
5037,3,HFA,M,,1322,1.00000000,100.70460000,0.03993000,,true
5038,3,HFA,M,,1323,1.00000000,100.72400000,0.03994000,,true
5039,3,HFA,M,,1324,1.00000000,100.74340000,0.03994000,,true
5040,3,HFA,M,,1325,1.00000000,100.76270000,0.03995000,,true
5041,3,HFA,M,,1326,1.00000000,100.78200000,0.03995000,,true
5042,3,HFA,M,,1327,1.00000000,100.80130000,0.03996000,,true
5043,3,HFA,M,,1328,1.00000000,100.82070000,0.03996000,,true
5044,3,HFA,M,,1329,1.00000000,100.84000000,0.03997000,,true
5045,3,HFA,M,,1330,1.00000000,100.85930000,0.03997000,,true
5046,3,HFA,M,,1331,1.00000000,100.87860000,0.03998000,,true
5047,3,HFA,M,,1332,1.00000000,100.89780000,0.03998000,,true
5048,3,HFA,M,,1333,1.00000000,100.91710000,0.03999000,,true
5049,3,HFA,M,,1334,1.00000000,100.93640000,0.03999000,,true
5050,3,HFA,M,,1335,1.00000000,100.95560000,0.04000000,,true
5051,3,HFA,M,,1336,1.00000000,100.97490000,0.04000000,,true
5052,3,HFA,M,,1337,1.00000000,100.99410000,0.04001000,,true
5053,3,HFA,M,,1338,1.00000000,101.01340000,0.04001000,,true
5054,3,HFA,M,,1339,1.00000000,101.03260000,0.04002000,,true
5055,3,HFA,M,,1340,1.00000000,101.05180000,0.04002000,,true
5056,3,HFA,M,,1341,1.00000000,101.07100000,0.04003000,,true
5057,3,HFA,M,,1342,1.00000000,101.09020000,0.04003000,,true
5058,3,HFA,M,,1343,1.00000000,101.10940000,0.04004000,,true
5059,3,HFA,M,,1344,1.00000000,101.12860000,0.04004000,,true
5060,3,HFA,M,,1345,1.00000000,101.14770000,0.04004000,,true
5061,3,HFA,M,,1346,1.00000000,101.16690000,0.04005000,,true
5062,3,HFA,M,,1347,1.00000000,101.18610000,0.04005000,,true
5063,3,HFA,M,,1348,1.00000000,101.20520000,0.04006000,,true
5064,3,HFA,M,,1349,1.00000000,101.22440000,0.04006000,,true
5065,3,HFA,M,,1350,1.00000000,101.24350000,0.04007000,,true
5066,3,HFA,M,,1351,1.00000000,101.26260000,0.04007000,,true
5067,3,HFA,M,,1352,1.00000000,101.28170000,0.04008000,,true
5068,3,HFA,M,,1353,1.00000000,101.30080000,0.04008000,,true
5069,3,HFA,M,,1354,1.00000000,101.32000000,0.04009000,,true
5070,3,HFA,M,,1355,1.00000000,101.33900000,0.04009000,,true
5071,3,HFA,M,,1356,1.00000000,101.35810000,0.04010000,,true
5072,3,HFA,M,,1357,1.00000000,101.37720000,0.04010000,,true
5073,3,HFA,M,,1358,1.00000000,101.39630000,0.04011000,,true
5074,3,HFA,M,,1359,1.00000000,101.41530000,0.04011000,,true
5075,3,HFA,M,,1360,1.00000000,101.43440000,0.04012000,,true
5076,3,HFA,M,,1361,1.00000000,101.45350000,0.04012000,,true
5077,3,HFA,M,,1362,1.00000000,101.47250000,0.04013000,,true
5078,3,HFA,M,,1363,1.00000000,101.49150000,0.04013000,,true
5079,3,HFA,M,,1364,1.00000000,101.51060000,0.04014000,,true
5080,3,HFA,M,,1365,1.00000000,101.52960000,0.04014000,,true
5081,3,HFA,M,,1366,1.00000000,101.54860000,0.04015000,,true
5082,3,HFA,M,,1367,1.00000000,101.56760000,0.04015000,,true
5083,3,HFA,M,,1368,1.00000000,101.58660000,0.04016000,,true
5084,3,HFA,M,,1369,1.00000000,101.60560000,0.04016000,,true
5085,3,HFA,M,,1370,1.00000000,101.62460000,0.04017000,,true
5086,3,HFA,M,,1371,1.00000000,101.64350000,0.04017000,,true
5087,3,HFA,M,,1372,1.00000000,101.66250000,0.04018000,,true
5088,3,HFA,M,,1373,1.00000000,101.68150000,0.04018000,,true
5089,3,HFA,M,,1374,1.00000000,101.70040000,0.04019000,,true
5090,3,HFA,M,,1375,1.00000000,101.71940000,0.04019000,,true
5091,3,HFA,M,,1376,1.00000000,101.73830000,0.04020000,,true
5092,3,HFA,M,,1377,1.00000000,101.75720000,0.04020000,,true
5093,3,HFA,M,,1378,1.00000000,101.77620000,0.04020000,,true
5094,3,HFA,M,,1379,1.00000000,101.79510000,0.04021000,,true
5095,3,HFA,M,,1380,1.00000000,101.81400000,0.04021000,,true
5096,3,HFA,M,,1381,1.00000000,101.83290000,0.04022000,,true
5097,3,HFA,M,,1382,1.00000000,101.85180000,0.04022000,,true
5098,3,HFA,M,,1383,1.00000000,101.87070000,0.04023000,,true
5099,3,HFA,M,,1384,1.00000000,101.88960000,0.04023000,,true
5100,3,HFA,M,,1385,1.00000000,101.90850000,0.04024000,,true
5101,3,HFA,M,,1386,1.00000000,101.92740000,0.04024000,,true
5102,3,HFA,M,,1387,1.00000000,101.94620000,0.04025000,,true
5103,3,HFA,M,,1388,1.00000000,101.96510000,0.04025000,,true
5104,3,HFA,M,,1389,1.00000000,101.98390000,0.04026000,,true
5105,3,HFA,M,,1390,1.00000000,102.00280000,0.04026000,,true
5106,3,HFA,M,,1391,1.00000000,102.02160000,0.04027000,,true
5107,3,HFA,M,,1392,1.00000000,102.04050000,0.04027000,,true
5108,3,HFA,M,,1393,1.00000000,102.05930000,0.04028000,,true
5109,3,HFA,M,,1394,1.00000000,102.07810000,0.04028000,,true
5110,3,HFA,M,,1395,1.00000000,102.09700000,0.04029000,,true
5111,3,HFA,M,,1396,1.00000000,102.11580000,0.04029000,,true
5112,3,HFA,M,,1397,1.00000000,102.13460000,0.04030000,,true
5113,3,HFA,M,,1398,1.00000000,102.15340000,0.04030000,,true
5114,3,HFA,M,,1399,1.00000000,102.17220000,0.04030000,,true
5115,3,HFA,M,,1400,1.00000000,102.19100000,0.04031000,,true
5116,3,HFA,M,,1401,1.00000000,102.20970000,0.04031000,,true
5117,3,HFA,M,,1402,1.00000000,102.22850000,0.04032000,,true
5118,3,HFA,M,,1403,1.00000000,102.24730000,0.04032000,,true
5119,3,HFA,M,,1404,1.00000000,102.26610000,0.04033000,,true
5120,3,HFA,M,,1405,1.00000000,102.28480000,0.04033000,,true
5121,3,HFA,M,,1406,1.00000000,102.30360000,0.04034000,,true
5122,3,HFA,M,,1407,1.00000000,102.32230000,0.04034000,,true
5123,3,HFA,M,,1408,1.00000000,102.34110000,0.04035000,,true
5124,3,HFA,M,,1409,1.00000000,102.35980000,0.04035000,,true
5125,3,HFA,M,,1410,1.00000000,102.37850000,0.04036000,,true
5126,3,HFA,M,,1411,1.00000000,102.39720000,0.04036000,,true
5127,3,HFA,M,,1412,1.00000000,102.41600000,0.04037000,,true
5128,3,HFA,M,,1413,1.00000000,102.43470000,0.04037000,,true
5129,3,HFA,M,,1414,1.00000000,102.45340000,0.04037000,,true
5130,3,HFA,M,,1415,1.00000000,102.47210000,0.04038000,,true
5131,3,HFA,M,,1416,1.00000000,102.49080000,0.04038000,,true
5132,3,HFA,M,,1417,1.00000000,102.50950000,0.04039000,,true
5133,3,HFA,M,,1418,1.00000000,102.52820000,0.04039000,,true
5134,3,HFA,M,,1419,1.00000000,102.54690000,0.04040000,,true
5135,3,HFA,M,,1420,1.00000000,102.56550000,0.04040000,,true
5136,3,HFA,M,,1421,1.00000000,102.58420000,0.04041000,,true
5137,3,HFA,M,,1422,1.00000000,102.60290000,0.04041000,,true
5138,3,HFA,M,,1423,1.00000000,102.62150000,0.04042000,,true
5139,3,HFA,M,,1424,1.00000000,102.64020000,0.04042000,,true
5140,3,HFA,M,,1425,1.00000000,102.65880000,0.04043000,,true
5141,3,HFA,M,,1426,1.00000000,102.67750000,0.04043000,,true
5142,3,HFA,M,,1427,1.00000000,102.69610000,0.04044000,,true
5143,3,HFA,M,,1428,1.00000000,102.71480000,0.04044000,,true
5144,3,HFA,M,,1429,1.00000000,102.73340000,0.04044000,,true
5145,3,HFA,M,,1430,1.00000000,102.75200000,0.04045000,,true
5146,3,HFA,M,,1431,1.00000000,102.77060000,0.04045000,,true
5147,3,HFA,M,,1432,1.00000000,102.78930000,0.04046000,,true
5148,3,HFA,M,,1433,1.00000000,102.80790000,0.04046000,,true
5149,3,HFA,M,,1434,1.00000000,102.82650000,0.04047000,,true
5150,3,HFA,M,,1435,1.00000000,102.84510000,0.04047000,,true
5151,3,HFA,M,,1436,1.00000000,102.86370000,0.04048000,,true
5152,3,HFA,M,,1437,1.00000000,102.88230000,0.04048000,,true
5153,3,HFA,M,,1438,1.00000000,102.90090000,0.04049000,,true
5154,3,HFA,M,,1439,1.00000000,102.91950000,0.04049000,,true
5155,3,HFA,M,,1440,1.00000000,102.93800000,0.04050000,,true
5156,3,HFA,M,,1441,1.00000000,102.95660000,0.04050000,,true
5157,3,HFA,M,,1442,1.00000000,102.97520000,0.04050000,,true
5158,3,HFA,M,,1443,1.00000000,102.99380000,0.04051000,,true
5159,3,HFA,M,,1444,1.00000000,103.01230000,0.04051000,,true
5160,3,HFA,M,,1445,1.00000000,103.03090000,0.04052000,,true
5161,3,HFA,M,,1446,1.00000000,103.04940000,0.04052000,,true
5162,3,HFA,M,,1447,1.00000000,103.06800000,0.04053000,,true
5163,3,HFA,M,,1448,1.00000000,103.08650000,0.04053000,,true
5164,3,HFA,M,,1449,1.00000000,103.10510000,0.04054000,,true
5165,3,HFA,M,,1450,1.00000000,103.12360000,0.04054000,,true
5166,3,HFA,M,,1451,1.00000000,103.14210000,0.04055000,,true
5167,3,HFA,M,,1452,1.00000000,103.16070000,0.04055000,,true
5168,3,HFA,M,,1453,1.00000000,103.17920000,0.04055000,,true
5169,3,HFA,M,,1454,1.00000000,103.19770000,0.04056000,,true
5170,3,HFA,M,,1455,1.00000000,103.21620000,0.04056000,,true
5171,3,HFA,M,,1456,1.00000000,103.23480000,0.04057000,,true
5172,3,HFA,M,,1457,1.00000000,103.25330000,0.04057000,,true
5173,3,HFA,M,,1458,1.00000000,103.27180000,0.04058000,,true
5174,3,HFA,M,,1459,1.00000000,103.29030000,0.04058000,,true
5175,3,HFA,M,,1460,1.00000000,103.30880000,0.04059000,,true
5176,3,HFA,M,,1461,1.00000000,103.32730000,0.04059000,,true
5177,3,HFA,M,,1462,1.00000000,103.34580000,0.04060000,,true
5178,3,HFA,M,,1463,1.00000000,103.36430000,0.04060000,,true
5179,3,HFA,M,,1464,1.00000000,103.38270000,0.04060000,,true
5180,3,HFA,M,,1465,1.00000000,103.40120000,0.04061000,,true
5181,3,HFA,M,,1466,1.00000000,103.41970000,0.04061000,,true
5182,3,HFA,M,,1467,1.00000000,103.43820000,0.04062000,,true
5183,3,HFA,M,,1468,1.00000000,103.45660000,0.04062000,,true
5184,3,HFA,M,,1469,1.00000000,103.47510000,0.04063000,,true
5185,3,HFA,M,,1470,1.00000000,103.49360000,0.04063000,,true
5186,3,HFA,M,,1471,1.00000000,103.51200000,0.04064000,,true
5187,3,HFA,M,,1472,1.00000000,103.53050000,0.04064000,,true
5188,3,HFA,M,,1473,1.00000000,103.54890000,0.04065000,,true
5189,3,HFA,M,,1474,1.00000000,103.56740000,0.04065000,,true
5190,3,HFA,M,,1475,1.00000000,103.58580000,0.04065000,,true
5191,3,HFA,M,,1476,1.00000000,103.60430000,0.04066000,,true
5192,3,HFA,M,,1477,1.00000000,103.62270000,0.04066000,,true
5193,3,HFA,M,,1478,1.00000000,103.64120000,0.04067000,,true
5194,3,HFA,M,,1479,1.00000000,103.65960000,0.04067000,,true
5195,3,HFA,M,,1480,1.00000000,103.67800000,0.04068000,,true
5196,3,HFA,M,,1481,1.00000000,103.69650000,0.04068000,,true
5197,3,HFA,M,,1482,1.00000000,103.71490000,0.04069000,,true
5198,3,HFA,M,,1483,1.00000000,103.73330000,0.04069000,,true
5199,3,HFA,M,,1484,1.00000000,103.75170000,0.04069000,,true
5200,3,HFA,M,,1485,1.00000000,103.77010000,0.04070000,,true
5201,3,HFA,M,,1486,1.00000000,103.78850000,0.04070000,,true
5202,3,HFA,M,,1487,1.00000000,103.80700000,0.04071000,,true
5203,3,HFA,M,,1488,1.00000000,103.82540000,0.04071000,,true
5204,3,HFA,M,,1489,1.00000000,103.84380000,0.04072000,,true
5205,3,HFA,M,,1490,1.00000000,103.86220000,0.04072000,,true
5206,3,HFA,M,,1491,1.00000000,103.88060000,0.04073000,,true
5207,3,HFA,M,,1492,1.00000000,103.89900000,0.04073000,,true
5208,3,HFA,M,,1493,1.00000000,103.91740000,0.04073000,,true
5209,3,HFA,M,,1494,1.00000000,103.93570000,0.04074000,,true
5210,3,HFA,M,,1495,1.00000000,103.95410000,0.04074000,,true
5211,3,HFA,M,,1496,1.00000000,103.97250000,0.04075000,,true
5212,3,HFA,M,,1497,1.00000000,103.99090000,0.04075000,,true
5213,3,HFA,M,,1498,1.00000000,104.00930000,0.04076000,,true
5214,3,HFA,M,,1499,1.00000000,104.02770000,0.04076000,,true
5215,3,HFA,M,,1500,1.00000000,104.04600000,0.04077000,,true
5216,3,HFA,M,,1501,1.00000000,104.06440000,0.04077000,,true
5217,3,HFA,M,,1502,1.00000000,104.08280000,0.04078000,,true
5218,3,HFA,M,,1503,1.00000000,104.10110000,0.04078000,,true
5219,3,HFA,M,,1504,1.00000000,104.11950000,0.04078000,,true
5220,3,HFA,M,,1505,1.00000000,104.13790000,0.04079000,,true
5221,3,HFA,M,,1506,1.00000000,104.15620000,0.04079000,,true
5222,3,HFA,M,,1507,1.00000000,104.17460000,0.04080000,,true
5223,3,HFA,M,,1508,1.00000000,104.19290000,0.04080000,,true
5224,3,HFA,M,,1509,1.00000000,104.21130000,0.04081000,,true
5225,3,HFA,M,,1510,1.00000000,104.22960000,0.04081000,,true
5226,3,HFA,M,,1511,1.00000000,104.24800000,0.04082000,,true
5227,3,HFA,M,,1512,1.00000000,104.26630000,0.04082000,,true
5228,3,HFA,M,,1513,1.00000000,104.28470000,0.04082000,,true
5229,3,HFA,M,,1514,1.00000000,104.30300000,0.04083000,,true
5230,3,HFA,M,,1515,1.00000000,104.32130000,0.04083000,,true
5231,3,HFA,M,,1516,1.00000000,104.33970000,0.04084000,,true
5232,3,HFA,M,,1517,1.00000000,104.35800000,0.04084000,,true
5233,3,HFA,M,,1518,1.00000000,104.37630000,0.04085000,,true
5234,3,HFA,M,,1519,1.00000000,104.39470000,0.04085000,,true
5235,3,HFA,M,,1520,1.00000000,104.41300000,0.04086000,,true
5236,3,HFA,M,,1521,1.00000000,104.43130000,0.04086000,,true
5237,3,HFA,M,,1522,1.00000000,104.44960000,0.04086000,,true
5238,3,HFA,M,,1523,1.00000000,104.46790000,0.04087000,,true
5239,3,HFA,M,,1524,1.00000000,104.48630000,0.04087000,,true
5240,3,HFA,M,,1525,1.00000000,104.50460000,0.04088000,,true
5241,3,HFA,M,,1526,1.00000000,104.52290000,0.04088000,,true
5242,3,HFA,M,,1527,1.00000000,104.54120000,0.04089000,,true
5243,3,HFA,M,,1528,1.00000000,104.55950000,0.04089000,,true
5244,3,HFA,M,,1529,1.00000000,104.57780000,0.04089000,,true
5245,3,HFA,M,,1530,1.00000000,104.59610000,0.04090000,,true
5246,3,HFA,M,,1531,1.00000000,104.61440000,0.04090000,,true
5247,3,HFA,M,,1532,1.00000000,104.63270000,0.04091000,,true
5248,3,HFA,M,,1533,1.00000000,104.65100000,0.04091000,,true
5249,3,HFA,M,,1534,1.00000000,104.66930000,0.04092000,,true
5250,3,HFA,M,,1535,1.00000000,104.68760000,0.04092000,,true
5251,3,HFA,M,,1536,1.00000000,104.70590000,0.04093000,,true
5252,3,HFA,M,,1537,1.00000000,104.72420000,0.04093000,,true
5253,3,HFA,M,,1538,1.00000000,104.74250000,0.04093000,,true
5254,3,HFA,M,,1539,1.00000000,104.76080000,0.04094000,,true
5255,3,HFA,M,,1540,1.00000000,104.77910000,0.04094000,,true
5256,3,HFA,M,,1541,1.00000000,104.79740000,0.04095000,,true
5257,3,HFA,M,,1542,1.00000000,104.81570000,0.04095000,,true
5258,3,HFA,M,,1543,1.00000000,104.83390000,0.04096000,,true
5259,3,HFA,M,,1544,1.00000000,104.85220000,0.04096000,,true
5260,3,HFA,M,,1545,1.00000000,104.87050000,0.04097000,,true
5261,3,HFA,M,,1546,1.00000000,104.88880000,0.04097000,,true
5262,3,HFA,M,,1547,1.00000000,104.90710000,0.04097000,,true
5263,3,HFA,M,,1548,1.00000000,104.92530000,0.04098000,,true
5264,3,HFA,M,,1549,1.00000000,104.94360000,0.04098000,,true
5265,3,HFA,M,,1550,1.00000000,104.96190000,0.04099000,,true
5266,3,HFA,M,,1551,1.00000000,104.98020000,0.04099000,,true
5267,3,HFA,M,,1552,1.00000000,104.99840000,0.04100000,,true
5268,3,HFA,M,,1553,1.00000000,105.01670000,0.04100000,,true
5269,3,HFA,M,,1554,1.00000000,105.03500000,0.04100000,,true
5270,3,HFA,M,,1555,1.00000000,105.05320000,0.04101000,,true
5271,3,HFA,M,,1556,1.00000000,105.07150000,0.04101000,,true
5272,3,HFA,M,,1557,1.00000000,105.08980000,0.04102000,,true
5273,3,HFA,M,,1558,1.00000000,105.10800000,0.04102000,,true
5274,3,HFA,M,,1559,1.00000000,105.12630000,0.04103000,,true
5275,3,HFA,M,,1560,1.00000000,105.14450000,0.04103000,,true
5276,3,HFA,M,,1561,1.00000000,105.16280000,0.04104000,,true
5277,3,HFA,M,,1562,1.00000000,105.18110000,0.04104000,,true
5278,3,HFA,M,,1563,1.00000000,105.19930000,0.04104000,,true
5279,3,HFA,M,,1564,1.00000000,105.21760000,0.04105000,,true
5280,3,HFA,M,,1565,1.00000000,105.23580000,0.04105000,,true
5281,3,HFA,M,,1566,1.00000000,105.25410000,0.04106000,,true
5282,3,HFA,M,,1567,1.00000000,105.27230000,0.04106000,,true
5283,3,HFA,M,,1568,1.00000000,105.29060000,0.04107000,,true
5284,3,HFA,M,,1569,1.00000000,105.30880000,0.04107000,,true
5285,3,HFA,M,,1570,1.00000000,105.32710000,0.04107000,,true
5286,3,HFA,M,,1571,1.00000000,105.34530000,0.04108000,,true
5287,3,HFA,M,,1572,1.00000000,105.36350000,0.04108000,,true
5288,3,HFA,M,,1573,1.00000000,105.38180000,0.04109000,,true
5289,3,HFA,M,,1574,1.00000000,105.40000000,0.04109000,,true
5290,3,HFA,M,,1575,1.00000000,105.41830000,0.04110000,,true
5291,3,HFA,M,,1576,1.00000000,105.43650000,0.04110000,,true
5292,3,HFA,M,,1577,1.00000000,105.45470000,0.04111000,,true
5293,3,HFA,M,,1578,1.00000000,105.47300000,0.04111000,,true
5294,3,HFA,M,,1579,1.00000000,105.49120000,0.04111000,,true
5295,3,HFA,M,,1580,1.00000000,105.50940000,0.04112000,,true
5296,3,HFA,M,,1581,1.00000000,105.52770000,0.04112000,,true
5297,3,HFA,M,,1582,1.00000000,105.54590000,0.04113000,,true
5298,3,HFA,M,,1583,1.00000000,105.56410000,0.04113000,,true
5299,3,HFA,M,,1584,1.00000000,105.58240000,0.04114000,,true
5300,3,HFA,M,,1585,1.00000000,105.60060000,0.04114000,,true
5301,3,HFA,M,,1586,1.00000000,105.61880000,0.04114000,,true
5302,3,HFA,M,,1587,1.00000000,105.63700000,0.04115000,,true
5303,3,HFA,M,,1588,1.00000000,105.65530000,0.04115000,,true
5304,3,HFA,M,,1589,1.00000000,105.67350000,0.04116000,,true
5305,3,HFA,M,,1590,1.00000000,105.69170000,0.04116000,,true
5306,3,HFA,M,,1591,1.00000000,105.70990000,0.04117000,,true
5307,3,HFA,M,,1592,1.00000000,105.72810000,0.04117000,,true
5308,3,HFA,M,,1593,1.00000000,105.74630000,0.04117000,,true
5309,3,HFA,M,,1594,1.00000000,105.76460000,0.04118000,,true
5310,3,HFA,M,,1595,1.00000000,105.78280000,0.04118000,,true
5311,3,HFA,M,,1596,1.00000000,105.80100000,0.04119000,,true
5312,3,HFA,M,,1597,1.00000000,105.81920000,0.04119000,,true
5313,3,HFA,M,,1598,1.00000000,105.83740000,0.04120000,,true
5314,3,HFA,M,,1599,1.00000000,105.85560000,0.04120000,,true
5315,3,HFA,M,,1600,1.00000000,105.87380000,0.04120000,,true
5316,3,HFA,M,,1601,1.00000000,105.89200000,0.04121000,,true
5317,3,HFA,M,,1602,1.00000000,105.91020000,0.04121000,,true
5318,3,HFA,M,,1603,1.00000000,105.92840000,0.04122000,,true
5319,3,HFA,M,,1604,1.00000000,105.94660000,0.04122000,,true
5320,3,HFA,M,,1605,1.00000000,105.96480000,0.04123000,,true
5321,3,HFA,M,,1606,1.00000000,105.98300000,0.04123000,,true
5322,3,HFA,M,,1607,1.00000000,106.00120000,0.04123000,,true
5323,3,HFA,M,,1608,1.00000000,106.01940000,0.04124000,,true
5324,3,HFA,M,,1609,1.00000000,106.03760000,0.04124000,,true
5325,3,HFA,M,,1610,1.00000000,106.05580000,0.04125000,,true
5326,3,HFA,M,,1611,1.00000000,106.07400000,0.04125000,,true
5327,3,HFA,M,,1612,1.00000000,106.09220000,0.04126000,,true
5328,3,HFA,M,,1613,1.00000000,106.11040000,0.04126000,,true
5329,3,HFA,M,,1614,1.00000000,106.12860000,0.04127000,,true
5330,3,HFA,M,,1615,1.00000000,106.14670000,0.04127000,,true
5331,3,HFA,M,,1616,1.00000000,106.16490000,0.04127000,,true
5332,3,HFA,M,,1617,1.00000000,106.18310000,0.04128000,,true
5333,3,HFA,M,,1618,1.00000000,106.20130000,0.04128000,,true
5334,3,HFA,M,,1619,1.00000000,106.21950000,0.04129000,,true
5335,3,HFA,M,,1620,1.00000000,106.23770000,0.04129000,,true
5336,3,HFA,M,,1621,1.00000000,106.25580000,0.04130000,,true
5337,3,HFA,M,,1622,1.00000000,106.27400000,0.04130000,,true
5338,3,HFA,M,,1623,1.00000000,106.29220000,0.04130000,,true
5339,3,HFA,M,,1624,1.00000000,106.31040000,0.04131000,,true
5340,3,HFA,M,,1625,1.00000000,106.32850000,0.04131000,,true
5341,3,HFA,M,,1626,1.00000000,106.34670000,0.04132000,,true
5342,3,HFA,M,,1627,1.00000000,106.36490000,0.04132000,,true
5343,3,HFA,M,,1628,1.00000000,106.38310000,0.04132000,,true
5344,3,HFA,M,,1629,1.00000000,106.40120000,0.04133000,,true
5345,3,HFA,M,,1630,1.00000000,106.41940000,0.04133000,,true
5346,3,HFA,M,,1631,1.00000000,106.43760000,0.04134000,,true
5347,3,HFA,M,,1632,1.00000000,106.45570000,0.04134000,,true
5348,3,HFA,M,,1633,1.00000000,106.47390000,0.04135000,,true
5349,3,HFA,M,,1634,1.00000000,106.49210000,0.04135000,,true
5350,3,HFA,M,,1635,1.00000000,106.51020000,0.04135000,,true
5351,3,HFA,M,,1636,1.00000000,106.52840000,0.04136000,,true
5352,3,HFA,M,,1637,1.00000000,106.54650000,0.04136000,,true
5353,3,HFA,M,,1638,1.00000000,106.56470000,0.04137000,,true
5354,3,HFA,M,,1639,1.00000000,106.58290000,0.04137000,,true
5355,3,HFA,M,,1640,1.00000000,106.60100000,0.04138000,,true
5356,3,HFA,M,,1641,1.00000000,106.61920000,0.04138000,,true
5357,3,HFA,M,,1642,1.00000000,106.63730000,0.04138000,,true
5358,3,HFA,M,,1643,1.00000000,106.65550000,0.04139000,,true
5359,3,HFA,M,,1644,1.00000000,106.67360000,0.04139000,,true
5360,3,HFA,M,,1645,1.00000000,106.69180000,0.04140000,,true
5361,3,HFA,M,,1646,1.00000000,106.70990000,0.04140000,,true
5362,3,HFA,M,,1647,1.00000000,106.72810000,0.04141000,,true
5363,3,HFA,M,,1648,1.00000000,106.74620000,0.04141000,,true
5364,3,HFA,M,,1649,1.00000000,106.76440000,0.04141000,,true
5365,3,HFA,M,,1650,1.00000000,106.78250000,0.04142000,,true
5366,3,HFA,M,,1651,1.00000000,106.80060000,0.04142000,,true
5367,3,HFA,M,,1652,1.00000000,106.81880000,0.04143000,,true
5368,3,HFA,M,,1653,1.00000000,106.83690000,0.04143000,,true
5369,3,HFA,M,,1654,1.00000000,106.85510000,0.04144000,,true
5370,3,HFA,M,,1655,1.00000000,106.87320000,0.04144000,,true
5371,3,HFA,M,,1656,1.00000000,106.89130000,0.04144000,,true
5372,3,HFA,M,,1657,1.00000000,106.90950000,0.04145000,,true
5373,3,HFA,M,,1658,1.00000000,106.92760000,0.04145000,,true
5374,3,HFA,M,,1659,1.00000000,106.94570000,0.04146000,,true
5375,3,HFA,M,,1660,1.00000000,106.96390000,0.04146000,,true
5376,3,HFA,M,,1661,1.00000000,106.98200000,0.04147000,,true
5377,3,HFA,M,,1662,1.00000000,107.00010000,0.04147000,,true
5378,3,HFA,M,,1663,1.00000000,107.01830000,0.04147000,,true
5379,3,HFA,M,,1664,1.00000000,107.03640000,0.04148000,,true
5380,3,HFA,M,,1665,1.00000000,107.05450000,0.04148000,,true
5381,3,HFA,M,,1666,1.00000000,107.07270000,0.04149000,,true
5382,3,HFA,M,,1667,1.00000000,107.09080000,0.04149000,,true
5383,3,HFA,M,,1668,1.00000000,107.10890000,0.04149000,,true
5384,3,HFA,M,,1669,1.00000000,107.12700000,0.04150000,,true
5385,3,HFA,M,,1670,1.00000000,107.14520000,0.04150000,,true
5386,3,HFA,M,,1671,1.00000000,107.16330000,0.04151000,,true
5387,3,HFA,M,,1672,1.00000000,107.18140000,0.04151000,,true
5388,3,HFA,M,,1673,1.00000000,107.19950000,0.04152000,,true
5389,3,HFA,M,,1674,1.00000000,107.21760000,0.04152000,,true
5390,3,HFA,M,,1675,1.00000000,107.23580000,0.04152000,,true
5391,3,HFA,M,,1676,1.00000000,107.25390000,0.04153000,,true
5392,3,HFA,M,,1677,1.00000000,107.27200000,0.04153000,,true
5393,3,HFA,M,,1678,1.00000000,107.29010000,0.04154000,,true
5394,3,HFA,M,,1679,1.00000000,107.30820000,0.04154000,,true
5395,3,HFA,M,,1680,1.00000000,107.32630000,0.04154000,,true
5396,3,HFA,M,,1681,1.00000000,107.34440000,0.04155000,,true
5397,3,HFA,M,,1682,1.00000000,107.36250000,0.04155000,,true
5398,3,HFA,M,,1683,1.00000000,107.38060000,0.04156000,,true
5399,3,HFA,M,,1684,1.00000000,107.39880000,0.04156000,,true
5400,3,HFA,M,,1685,1.00000000,107.41690000,0.04157000,,true
5401,3,HFA,M,,1686,1.00000000,107.43500000,0.04157000,,true
5402,3,HFA,M,,1687,1.00000000,107.45310000,0.04157000,,true
5403,3,HFA,M,,1688,1.00000000,107.47120000,0.04158000,,true
5404,3,HFA,M,,1689,1.00000000,107.48930000,0.04158000,,true
5405,3,HFA,M,,1690,1.00000000,107.50740000,0.04159000,,true
5406,3,HFA,M,,1691,1.00000000,107.52550000,0.04159000,,true
5407,3,HFA,M,,1692,1.00000000,107.54360000,0.04160000,,true
5408,3,HFA,M,,1693,1.00000000,107.56170000,0.04160000,,true
5409,3,HFA,M,,1694,1.00000000,107.57980000,0.04160000,,true
5410,3,HFA,M,,1695,1.00000000,107.59790000,0.04161000,,true
5411,3,HFA,M,,1696,1.00000000,107.61600000,0.04161000,,true
5412,3,HFA,M,,1697,1.00000000,107.63410000,0.04162000,,true
5413,3,HFA,M,,1698,1.00000000,107.65220000,0.04162000,,true
5414,3,HFA,M,,1699,1.00000000,107.67020000,0.04162000,,true
5415,3,HFA,M,,1700,1.00000000,107.68830000,0.04163000,,true
5416,3,HFA,M,,1701,1.00000000,107.70640000,0.04163000,,true
5417,3,HFA,M,,1702,1.00000000,107.72450000,0.04164000,,true
5418,3,HFA,M,,1703,1.00000000,107.74260000,0.04164000,,true
5419,3,HFA,M,,1704,1.00000000,107.76070000,0.04165000,,true
5420,3,HFA,M,,1705,1.00000000,107.77880000,0.04165000,,true
5421,3,HFA,M,,1706,1.00000000,107.79690000,0.04165000,,true
5422,3,HFA,M,,1707,1.00000000,107.81490000,0.04166000,,true
5423,3,HFA,M,,1708,1.00000000,107.83300000,0.04166000,,true
5424,3,HFA,M,,1709,1.00000000,107.85110000,0.04167000,,true
5425,3,HFA,M,,1710,1.00000000,107.86920000,0.04167000,,true
5426,3,HFA,M,,1711,1.00000000,107.88730000,0.04167000,,true
5427,3,HFA,M,,1712,1.00000000,107.90530000,0.04168000,,true
5428,3,HFA,M,,1713,1.00000000,107.92340000,0.04168000,,true
5429,3,HFA,M,,1714,1.00000000,107.94150000,0.04169000,,true
5430,3,HFA,M,,1715,1.00000000,107.95960000,0.04169000,,true
5431,3,HFA,M,,1716,1.00000000,107.97770000,0.04169000,,true
5432,3,HFA,M,,1717,1.00000000,107.99570000,0.04170000,,true
5433,3,HFA,M,,1718,1.00000000,108.01380000,0.04170000,,true
5434,3,HFA,M,,1719,1.00000000,108.03190000,0.04171000,,true
5435,3,HFA,M,,1720,1.00000000,108.04990000,0.04171000,,true
5436,3,HFA,M,,1721,1.00000000,108.06800000,0.04172000,,true
5437,3,HFA,M,,1722,1.00000000,108.08610000,0.04172000,,true
5438,3,HFA,M,,1723,1.00000000,108.10410000,0.04172000,,true
5439,3,HFA,M,,1724,1.00000000,108.12220000,0.04173000,,true
5440,3,HFA,M,,1725,1.00000000,108.14030000,0.04173000,,true
5441,3,HFA,M,,1726,1.00000000,108.15830000,0.04174000,,true
5442,3,HFA,M,,1727,1.00000000,108.17640000,0.04174000,,true
5443,3,HFA,M,,1728,1.00000000,108.19450000,0.04174000,,true
5444,3,HFA,M,,1729,1.00000000,108.21250000,0.04175000,,true
5445,3,HFA,M,,1730,1.00000000,108.23060000,0.04175000,,true
5446,3,HFA,M,,1731,1.00000000,108.24870000,0.04176000,,true
5447,3,HFA,M,,1732,1.00000000,108.26670000,0.04176000,,true
5448,3,HFA,M,,1733,1.00000000,108.28480000,0.04176000,,true
5449,3,HFA,M,,1734,1.00000000,108.30280000,0.04177000,,true
5450,3,HFA,M,,1735,1.00000000,108.32090000,0.04177000,,true
5451,3,HFA,M,,1736,1.00000000,108.33890000,0.04178000,,true
5452,3,HFA,M,,1737,1.00000000,108.35700000,0.04178000,,true
5453,3,HFA,M,,1738,1.00000000,108.37500000,0.04179000,,true
5454,3,HFA,M,,1739,1.00000000,108.39310000,0.04179000,,true
5455,3,HFA,M,,1740,1.00000000,108.41120000,0.04179000,,true
5456,3,HFA,M,,1741,1.00000000,108.42920000,0.04180000,,true
5457,3,HFA,M,,1742,1.00000000,108.44730000,0.04180000,,true
5458,3,HFA,M,,1743,1.00000000,108.46530000,0.04181000,,true
5459,3,HFA,M,,1744,1.00000000,108.48330000,0.04181000,,true
5460,3,HFA,M,,1745,1.00000000,108.50140000,0.04181000,,true
5461,3,HFA,M,,1746,1.00000000,108.51940000,0.04182000,,true
5462,3,HFA,M,,1747,1.00000000,108.53750000,0.04182000,,true
5463,3,HFA,M,,1748,1.00000000,108.55550000,0.04183000,,true
5464,3,HFA,M,,1749,1.00000000,108.57360000,0.04183000,,true
5465,3,HFA,M,,1750,1.00000000,108.59160000,0.04183000,,true
5466,3,HFA,M,,1751,1.00000000,108.60970000,0.04184000,,true
5467,3,HFA,M,,1752,1.00000000,108.62770000,0.04184000,,true
5468,3,HFA,M,,1753,1.00000000,108.64570000,0.04185000,,true
5469,3,HFA,M,,1754,1.00000000,108.66380000,0.04185000,,true
5470,3,HFA,M,,1755,1.00000000,108.68180000,0.04185000,,true
5471,3,HFA,M,,1756,1.00000000,108.69980000,0.04186000,,true
5472,3,HFA,M,,1757,1.00000000,108.71790000,0.04186000,,true
5473,3,HFA,M,,1758,1.00000000,108.73590000,0.04187000,,true
5474,3,HFA,M,,1759,1.00000000,108.75390000,0.04187000,,true
5475,3,HFA,M,,1760,1.00000000,108.77200000,0.04188000,,true
5476,3,HFA,M,,1761,1.00000000,108.79000000,0.04188000,,true
5477,3,HFA,M,,1762,1.00000000,108.80800000,0.04188000,,true
5478,3,HFA,M,,1763,1.00000000,108.82610000,0.04189000,,true
5479,3,HFA,M,,1764,1.00000000,108.84410000,0.04189000,,true
5480,3,HFA,M,,1765,1.00000000,108.86210000,0.04190000,,true
5481,3,HFA,M,,1766,1.00000000,108.88010000,0.04190000,,true
5482,3,HFA,M,,1767,1.00000000,108.89820000,0.04190000,,true
5483,3,HFA,M,,1768,1.00000000,108.91620000,0.04191000,,true
5484,3,HFA,M,,1769,1.00000000,108.93420000,0.04191000,,true
5485,3,HFA,M,,1770,1.00000000,108.95220000,0.04192000,,true
5486,3,HFA,M,,1771,1.00000000,108.97020000,0.04192000,,true
5487,3,HFA,M,,1772,1.00000000,108.98830000,0.04192000,,true
5488,3,HFA,M,,1773,1.00000000,109.00630000,0.04193000,,true
5489,3,HFA,M,,1774,1.00000000,109.02430000,0.04193000,,true
5490,3,HFA,M,,1775,1.00000000,109.04230000,0.04194000,,true
5491,3,HFA,M,,1776,1.00000000,109.06030000,0.04194000,,true
5492,3,HFA,M,,1777,1.00000000,109.07830000,0.04194000,,true
5493,3,HFA,M,,1778,1.00000000,109.09630000,0.04195000,,true
5494,3,HFA,M,,1779,1.00000000,109.11440000,0.04195000,,true
5495,3,HFA,M,,1780,1.00000000,109.13240000,0.04196000,,true
5496,3,HFA,M,,1781,1.00000000,109.15040000,0.04196000,,true
5497,3,HFA,M,,1782,1.00000000,109.16840000,0.04196000,,true
5498,3,HFA,M,,1783,1.00000000,109.18640000,0.04197000,,true
5499,3,HFA,M,,1784,1.00000000,109.20440000,0.04197000,,true
5500,3,HFA,M,,1785,1.00000000,109.22240000,0.04198000,,true
5501,3,HFA,M,,1786,1.00000000,109.24040000,0.04198000,,true
5502,3,HFA,M,,1787,1.00000000,109.25840000,0.04198000,,true
5503,3,HFA,M,,1788,1.00000000,109.27640000,0.04199000,,true
5504,3,HFA,M,,1789,1.00000000,109.29440000,0.04199000,,true
5505,3,HFA,M,,1790,1.00000000,109.31240000,0.04200000,,true
5506,3,HFA,M,,1791,1.00000000,109.33040000,0.04200000,,true
5507,3,HFA,M,,1792,1.00000000,109.34840000,0.04200000,,true
5508,3,HFA,M,,1793,1.00000000,109.36640000,0.04201000,,true
5509,3,HFA,M,,1794,1.00000000,109.38430000,0.04201000,,true
5510,3,HFA,M,,1795,1.00000000,109.40230000,0.04202000,,true
5511,3,HFA,M,,1796,1.00000000,109.42030000,0.04202000,,true
5512,3,HFA,M,,1797,1.00000000,109.43830000,0.04202000,,true
5513,3,HFA,M,,1798,1.00000000,109.45630000,0.04203000,,true
5514,3,HFA,M,,1799,1.00000000,109.47430000,0.04203000,,true
5515,3,HFA,M,,1800,1.00000000,109.49230000,0.04204000,,true
5516,3,HFA,M,,1801,1.00000000,109.51020000,0.04204000,,true
5517,3,HFA,M,,1802,1.00000000,109.52820000,0.04204000,,true
5518,3,HFA,M,,1803,1.00000000,109.54620000,0.04205000,,true
5519,3,HFA,M,,1804,1.00000000,109.56420000,0.04205000,,true
5520,3,HFA,M,,1805,1.00000000,109.58220000,0.04206000,,true
5521,3,HFA,M,,1806,1.00000000,109.60010000,0.04206000,,true
5522,3,HFA,M,,1807,1.00000000,109.61810000,0.04206000,,true
5523,3,HFA,M,,1808,1.00000000,109.63610000,0.04207000,,true
5524,3,HFA,M,,1809,1.00000000,109.65400000,0.04207000,,true
5525,3,HFA,M,,1810,1.00000000,109.67200000,0.04208000,,true
5526,3,HFA,M,,1811,1.00000000,109.69000000,0.04208000,,true
5527,3,HFA,M,,1812,1.00000000,109.70790000,0.04208000,,true
5528,3,HFA,M,,1813,1.00000000,109.72590000,0.04209000,,true
5529,3,HFA,M,,1814,1.00000000,109.74390000,0.04209000,,true
5530,3,HFA,M,,1815,1.00000000,109.76180000,0.04210000,,true
5531,3,HFA,M,,1816,1.00000000,109.77980000,0.04210000,,true
5532,3,HFA,M,,1817,1.00000000,109.79780000,0.04210000,,true
5533,3,HFA,M,,1818,1.00000000,109.81570000,0.04211000,,true
5534,3,HFA,M,,1819,1.00000000,109.83370000,0.04211000,,true
5535,3,HFA,M,,1820,1.00000000,109.85160000,0.04212000,,true
5536,3,HFA,M,,1821,1.00000000,109.86960000,0.04212000,,true
5537,3,HFA,M,,1822,1.00000000,109.88750000,0.04212000,,true
5538,3,HFA,M,,1823,1.00000000,109.90550000,0.04213000,,true
5539,3,HFA,M,,1824,1.00000000,109.92340000,0.04213000,,true
5540,3,HFA,M,,1825,1.00000000,109.94140000,0.04214000,,true
5541,3,HFA,M,,1826,1.00000000,109.95930000,0.04214000,,true
5542,3,HFA,M,,1827,1.00000000,109.97730000,0.04214000,,true
5543,3,HFA,M,,1828,1.00000000,109.99520000,0.04215000,,true
5544,3,HFA,M,,1829,1.00000000,110.01310000,0.04215000,,true
5545,3,HFA,M,,1830,1.00000000,110.03110000,0.04216000,,true
5546,3,HFA,M,,1831,1.00000000,110.04900000,0.04216000,,true
5547,3,HFA,M,,1832,1.00000000,110.06690000,0.04216000,,true
5548,3,HFA,M,,1833,1.00000000,110.08490000,0.04217000,,true
5549,3,HFA,M,,1834,1.00000000,110.10280000,0.04217000,,true
5550,3,HFA,M,,1835,1.00000000,110.12070000,0.04218000,,true
5551,3,HFA,M,,1836,1.00000000,110.13870000,0.04218000,,true
5552,3,HFA,M,,1837,1.00000000,110.15660000,0.04218000,,true
5553,3,HFA,M,,1838,1.00000000,110.17450000,0.04219000,,true
5554,3,HFA,M,,1839,1.00000000,110.19240000,0.04219000,,true
5555,3,HFA,M,,1840,1.00000000,110.21040000,0.04220000,,true
5556,3,HFA,M,,1841,1.00000000,110.22830000,0.04220000,,true
5557,3,HFA,M,,1842,1.00000000,110.24620000,0.04220000,,true
5558,3,HFA,M,,1843,1.00000000,110.26410000,0.04221000,,true
5559,3,HFA,M,,1844,1.00000000,110.28200000,0.04221000,,true
5560,3,HFA,M,,1845,1.00000000,110.30000000,0.04222000,,true
5561,3,HFA,M,,1846,1.00000000,110.31790000,0.04222000,,true
5562,3,HFA,M,,1847,1.00000000,110.33580000,0.04222000,,true
5563,3,HFA,M,,1848,1.00000000,110.35370000,0.04223000,,true
5564,3,HFA,M,,1849,1.00000000,110.37160000,0.04223000,,true
5565,3,HFA,M,,1850,1.00000000,110.38950000,0.04223000,,true
5566,3,HFA,M,,1851,1.00000000,110.40740000,0.04224000,,true
5567,3,HFA,M,,1852,1.00000000,110.42530000,0.04224000,,true
5568,3,HFA,M,,1853,1.00000000,110.44320000,0.04225000,,true
5569,3,HFA,M,,1854,1.00000000,110.46110000,0.04225000,,true
5570,3,HFA,M,,1855,1.00000000,110.47900000,0.04225000,,true
5571,3,HFA,M,,1856,1.00000000,110.49690000,0.04226000,,true
5572,4,HFA,F,,0,1.00000000,49.14770000,0.03790000,,true
5573,4,HFA,F,,1,1.00000000,49.31660000,0.03783000,,true
5574,4,HFA,F,,2,1.00000000,49.48540000,0.03776000,,true
5575,4,HFA,F,,3,1.00000000,49.65430000,0.03770000,,true
5576,4,HFA,F,,4,1.00000000,49.82320000,0.03763000,,true
5577,4,HFA,F,,5,1.00000000,49.99210000,0.03756000,,true
5578,4,HFA,F,,6,1.00000000,50.16090000,0.03749000,,true
5579,4,HFA,F,,7,1.00000000,50.32980000,0.03742000,,true
5580,4,HFA,F,,8,1.00000000,50.49870000,0.03735000,,true
5581,4,HFA,F,,9,1.00000000,50.66760000,0.03728000,,true
5582,4,HFA,F,,10,1.00000000,50.83650000,0.03722000,,true
5583,4,HFA,F,,11,1.00000000,51.00530000,0.03715000,,true
5584,4,HFA,F,,12,1.00000000,51.17420000,0.03708000,,true
5585,4,HFA,F,,13,1.00000000,51.34310000,0.03701000,,true
5586,4,HFA,F,,14,1.00000000,51.51200000,0.03694000,,true
5587,4,HFA,F,,15,1.00000000,51.65100000,0.03690000,,true
5588,4,HFA,F,,16,1.00000000,51.78950000,0.03687000,,true
5589,4,HFA,F,,17,1.00000000,51.92720000,0.03683000,,true
5590,4,HFA,F,,18,1.00000000,52.06410000,0.03680000,,true
5591,4,HFA,F,,19,1.00000000,52.20020000,0.03676000,,true
5592,4,HFA,F,,20,1.00000000,52.33530000,0.03673000,,true
5593,4,HFA,F,,21,1.00000000,52.46950000,0.03669000,,true
5594,4,HFA,F,,22,1.00000000,52.60270000,0.03666000,,true
5595,4,HFA,F,,23,1.00000000,52.73490000,0.03663000,,true
5596,4,HFA,F,,24,1.00000000,52.86610000,0.03660000,,true
5597,4,HFA,F,,25,1.00000000,52.99630000,0.03656000,,true
5598,4,HFA,F,,26,1.00000000,53.12550000,0.03653000,,true
5599,4,HFA,F,,27,1.00000000,53.25370000,0.03650000,,true
5600,4,HFA,F,,28,1.00000000,53.38090000,0.03647000,,true
5601,4,HFA,F,,29,1.00000000,53.50720000,0.03644000,,true
5602,4,HFA,F,,30,1.00000000,53.63260000,0.03641000,,true
5603,4,HFA,F,,31,1.00000000,53.75710000,0.03638000,,true
5604,4,HFA,F,,32,1.00000000,53.88060000,0.03636000,,true
5605,4,HFA,F,,33,1.00000000,54.00310000,0.03633000,,true
5606,4,HFA,F,,34,1.00000000,54.12470000,0.03630000,,true
5607,4,HFA,F,,35,1.00000000,54.24540000,0.03627000,,true
5608,4,HFA,F,,36,1.00000000,54.36510000,0.03625000,,true
5609,4,HFA,F,,37,1.00000000,54.48390000,0.03622000,,true
5610,4,HFA,F,,38,1.00000000,54.60180000,0.03619000,,true
5611,4,HFA,F,,39,1.00000000,54.71870000,0.03617000,,true
5612,4,HFA,F,,40,1.00000000,54.83480000,0.03614000,,true
5613,4,HFA,F,,41,1.00000000,54.94990000,0.03612000,,true
5614,4,HFA,F,,42,1.00000000,55.06420000,0.03609000,,true
5615,4,HFA,F,,43,1.00000000,55.17770000,0.03607000,,true
5616,4,HFA,F,,44,1.00000000,55.29030000,0.03604000,,true
5617,4,HFA,F,,45,1.00000000,55.40210000,0.03602000,,true
5618,4,HFA,F,,46,1.00000000,55.51300000,0.03600000,,true
5619,4,HFA,F,,47,1.00000000,55.62300000,0.03597000,,true
5620,4,HFA,F,,48,1.00000000,55.73220000,0.03595000,,true
5621,4,HFA,F,,49,1.00000000,55.84060000,0.03593000,,true
5622,4,HFA,F,,50,1.00000000,55.94820000,0.03591000,,true
5623,4,HFA,F,,51,1.00000000,56.05490000,0.03588000,,true
5624,4,HFA,F,,52,1.00000000,56.16090000,0.03586000,,true
5625,4,HFA,F,,53,1.00000000,56.26600000,0.03584000,,true
5626,4,HFA,F,,54,1.00000000,56.37040000,0.03582000,,true
5627,4,HFA,F,,55,1.00000000,56.47390000,0.03580000,,true
5628,4,HFA,F,,56,1.00000000,56.57670000,0.03578000,,true
5629,4,HFA,F,,57,1.00000000,56.67880000,0.03576000,,true
5630,4,HFA,F,,58,1.00000000,56.78000000,0.03574000,,true
5631,4,HFA,F,,59,1.00000000,56.88060000,0.03572000,,true
5632,4,HFA,F,,60,1.00000000,56.98050000,0.03570000,,true
5633,4,HFA,F,,61,1.00000000,57.07960000,0.03568000,,true
5634,4,HFA,F,,62,1.00000000,57.17820000,0.03566000,,true
5635,4,HFA,F,,63,1.00000000,57.27610000,0.03564000,,true
5636,4,HFA,F,,64,1.00000000,57.37330000,0.03562000,,true
5637,4,HFA,F,,65,1.00000000,57.46990000,0.03561000,,true
5638,4,HFA,F,,66,1.00000000,57.56590000,0.03559000,,true
5639,4,HFA,F,,67,1.00000000,57.66130000,0.03557000,,true
5640,4,HFA,F,,68,1.00000000,57.75600000,0.03555000,,true
5641,4,HFA,F,,69,1.00000000,57.85010000,0.03553000,,true
5642,4,HFA,F,,70,1.00000000,57.94360000,0.03552000,,true
5643,4,HFA,F,,71,1.00000000,58.03650000,0.03550000,,true
5644,4,HFA,F,,72,1.00000000,58.12880000,0.03548000,,true
5645,4,HFA,F,,73,1.00000000,58.22060000,0.03547000,,true
5646,4,HFA,F,,74,1.00000000,58.31170000,0.03545000,,true
5647,4,HFA,F,,75,1.00000000,58.40220000,0.03543000,,true
5648,4,HFA,F,,76,1.00000000,58.49220000,0.03542000,,true
5649,4,HFA,F,,77,1.00000000,58.58160000,0.03540000,,true
5650,4,HFA,F,,78,1.00000000,58.67050000,0.03539000,,true
5651,4,HFA,F,,79,1.00000000,58.75880000,0.03537000,,true
5652,4,HFA,F,,80,1.00000000,58.84650000,0.03536000,,true
5653,4,HFA,F,,81,1.00000000,58.93370000,0.03534000,,true
5654,4,HFA,F,,82,1.00000000,59.02040000,0.03533000,,true
5655,4,HFA,F,,83,1.00000000,59.10660000,0.03531000,,true
5656,4,HFA,F,,84,1.00000000,59.19220000,0.03530000,,true
5657,4,HFA,F,,85,1.00000000,59.27730000,0.03528000,,true
5658,4,HFA,F,,86,1.00000000,59.36190000,0.03527000,,true
5659,4,HFA,F,,87,1.00000000,59.44590000,0.03526000,,true
5660,4,HFA,F,,88,1.00000000,59.52950000,0.03524000,,true
5661,4,HFA,F,,89,1.00000000,59.61260000,0.03523000,,true
5662,4,HFA,F,,90,1.00000000,59.69520000,0.03521000,,true
5663,4,HFA,F,,91,1.00000000,59.77730000,0.03520000,,true
5664,4,HFA,F,,92,1.00000000,59.85890000,0.03519000,,true
5665,4,HFA,F,,93,1.00000000,59.94010000,0.03517000,,true
5666,4,HFA,F,,94,1.00000000,60.02090000,0.03516000,,true
5667,4,HFA,F,,95,1.00000000,60.10110000,0.03515000,,true
5668,4,HFA,F,,96,1.00000000,60.18100000,0.03514000,,true
5669,4,HFA,F,,97,1.00000000,60.26030000,0.03512000,,true
5670,4,HFA,F,,98,1.00000000,60.33930000,0.03511000,,true
5671,4,HFA,F,,99,1.00000000,60.41780000,0.03510000,,true
5672,4,HFA,F,,100,1.00000000,60.49580000,0.03509000,,true
5673,4,HFA,F,,101,1.00000000,60.57340000,0.03508000,,true
5674,4,HFA,F,,102,1.00000000,60.65060000,0.03506000,,true
5675,4,HFA,F,,103,1.00000000,60.72730000,0.03505000,,true
5676,4,HFA,F,,104,1.00000000,60.80360000,0.03504000,,true
5677,4,HFA,F,,105,1.00000000,60.87950000,0.03503000,,true
5678,4,HFA,F,,106,1.00000000,60.95500000,0.03502000,,true
5679,4,HFA,F,,107,1.00000000,61.03010000,0.03501000,,true
5680,4,HFA,F,,108,1.00000000,61.10470000,0.03500000,,true
5681,4,HFA,F,,109,1.00000000,61.17890000,0.03499000,,true
5682,4,HFA,F,,110,1.00000000,61.25270000,0.03497000,,true
5683,4,HFA,F,,111,1.00000000,61.32610000,0.03496000,,true
5684,4,HFA,F,,112,1.00000000,61.39910000,0.03495000,,true
5685,4,HFA,F,,113,1.00000000,61.47170000,0.03494000,,true
5686,4,HFA,F,,114,1.00000000,61.54390000,0.03493000,,true
5687,4,HFA,F,,115,1.00000000,61.61560000,0.03492000,,true
5688,4,HFA,F,,116,1.00000000,61.68700000,0.03491000,,true
5689,4,HFA,F,,117,1.00000000,61.75800000,0.03490000,,true
5690,4,HFA,F,,118,1.00000000,61.82860000,0.03489000,,true
5691,4,HFA,F,,119,1.00000000,61.89880000,0.03488000,,true
5692,4,HFA,F,,120,1.00000000,61.96860000,0.03487000,,true
5693,4,HFA,F,,121,1.00000000,62.03810000,0.03487000,,true
5694,4,HFA,F,,122,1.00000000,62.10710000,0.03486000,,true
5695,4,HFA,F,,123,1.00000000,62.17580000,0.03485000,,true
5696,4,HFA,F,,124,1.00000000,62.24410000,0.03484000,,true
5697,4,HFA,F,,125,1.00000000,62.31200000,0.03483000,,true
5698,4,HFA,F,,126,1.00000000,62.37950000,0.03482000,,true
5699,4,HFA,F,,127,1.00000000,62.44670000,0.03481000,,true
5700,4,HFA,F,,128,1.00000000,62.51350000,0.03480000,,true
5701,4,HFA,F,,129,1.00000000,62.58000000,0.03479000,,true
5702,4,HFA,F,,130,1.00000000,62.64610000,0.03479000,,true
5703,4,HFA,F,,131,1.00000000,62.71180000,0.03478000,,true
5704,4,HFA,F,,132,1.00000000,62.77720000,0.03477000,,true
5705,4,HFA,F,,133,1.00000000,62.84230000,0.03476000,,true
5706,4,HFA,F,,134,1.00000000,62.90700000,0.03475000,,true
5707,4,HFA,F,,135,1.00000000,62.97140000,0.03475000,,true
5708,4,HFA,F,,136,1.00000000,63.03540000,0.03474000,,true
5709,4,HFA,F,,137,1.00000000,63.09910000,0.03473000,,true
5710,4,HFA,F,,138,1.00000000,63.16260000,0.03472000,,true
5711,4,HFA,F,,139,1.00000000,63.22570000,0.03471000,,true
5712,4,HFA,F,,140,1.00000000,63.28840000,0.03471000,,true
5713,4,HFA,F,,141,1.00000000,63.35090000,0.03470000,,true
5714,4,HFA,F,,142,1.00000000,63.41310000,0.03469000,,true
5715,4,HFA,F,,143,1.00000000,63.47500000,0.03469000,,true
5716,4,HFA,F,,144,1.00000000,63.53650000,0.03468000,,true
5717,4,HFA,F,,145,1.00000000,63.59780000,0.03467000,,true
5718,4,HFA,F,,146,1.00000000,63.65880000,0.03467000,,true
5719,4,HFA,F,,147,1.00000000,63.71960000,0.03466000,,true
5720,4,HFA,F,,148,1.00000000,63.78000000,0.03465000,,true
5721,4,HFA,F,,149,1.00000000,63.84020000,0.03465000,,true
5722,4,HFA,F,,150,1.00000000,63.90000000,0.03464000,,true
5723,4,HFA,F,,151,1.00000000,63.95970000,0.03463000,,true
5724,4,HFA,F,,152,1.00000000,64.01900000,0.03463000,,true
5725,4,HFA,F,,153,1.00000000,64.07810000,0.03462000,,true
5726,4,HFA,F,,154,1.00000000,64.13700000,0.03461000,,true
5727,4,HFA,F,,155,1.00000000,64.19560000,0.03461000,,true
5728,4,HFA,F,,156,1.00000000,64.25390000,0.03460000,,true
5729,4,HFA,F,,157,1.00000000,64.31200000,0.03460000,,true
5730,4,HFA,F,,158,1.00000000,64.36990000,0.03459000,,true
5731,4,HFA,F,,159,1.00000000,64.42760000,0.03459000,,true
5732,4,HFA,F,,160,1.00000000,64.48500000,0.03458000,,true
5733,4,HFA,F,,161,1.00000000,64.54220000,0.03457000,,true
5734,4,HFA,F,,162,1.00000000,64.59910000,0.03457000,,true
5735,4,HFA,F,,163,1.00000000,64.65590000,0.03456000,,true
5736,4,HFA,F,,164,1.00000000,64.71240000,0.03456000,,true
5737,4,HFA,F,,165,1.00000000,64.76880000,0.03455000,,true
5738,4,HFA,F,,166,1.00000000,64.82490000,0.03455000,,true
5739,4,HFA,F,,167,1.00000000,64.88080000,0.03454000,,true
5740,4,HFA,F,,168,1.00000000,64.93660000,0.03454000,,true
5741,4,HFA,F,,169,1.00000000,64.99210000,0.03453000,,true
5742,4,HFA,F,,170,1.00000000,65.04740000,0.03453000,,true
5743,4,HFA,F,,171,1.00000000,65.10260000,0.03453000,,true
5744,4,HFA,F,,172,1.00000000,65.15760000,0.03452000,,true
5745,4,HFA,F,,173,1.00000000,65.21230000,0.03452000,,true
5746,4,HFA,F,,174,1.00000000,65.26700000,0.03451000,,true
5747,4,HFA,F,,175,1.00000000,65.32140000,0.03451000,,true
5748,4,HFA,F,,176,1.00000000,65.37570000,0.03450000,,true
5749,4,HFA,F,,177,1.00000000,65.42980000,0.03450000,,true
5750,4,HFA,F,,178,1.00000000,65.48370000,0.03450000,,true
5751,4,HFA,F,,179,1.00000000,65.53750000,0.03449000,,true
5752,4,HFA,F,,180,1.00000000,65.59110000,0.03449000,,true
5753,4,HFA,F,,181,1.00000000,65.64450000,0.03449000,,true
5754,4,HFA,F,,182,1.00000000,65.69780000,0.03448000,,true
5755,4,HFA,F,,183,1.00000000,65.75100000,0.03448000,,true
5756,4,HFA,F,,184,1.00000000,65.80400000,0.03447000,,true
5757,4,HFA,F,,185,1.00000000,65.85680000,0.03447000,,true
5758,4,HFA,F,,186,1.00000000,65.90950000,0.03447000,,true
5759,4,HFA,F,,187,1.00000000,65.96210000,0.03447000,,true
5760,4,HFA,F,,188,1.00000000,66.01450000,0.03446000,,true
5761,4,HFA,F,,189,1.00000000,66.06680000,0.03446000,,true
5762,4,HFA,F,,190,1.00000000,66.11890000,0.03446000,,true
5763,4,HFA,F,,191,1.00000000,66.17090000,0.03445000,,true
5764,4,HFA,F,,192,1.00000000,66.22280000,0.03445000,,true
5765,4,HFA,F,,193,1.00000000,66.27450000,0.03445000,,true
5766,4,HFA,F,,194,1.00000000,66.32610000,0.03444000,,true
5767,4,HFA,F,,195,1.00000000,66.37760000,0.03444000,,true
5768,4,HFA,F,,196,1.00000000,66.42900000,0.03444000,,true
5769,4,HFA,F,,197,1.00000000,66.48020000,0.03444000,,true
5770,4,HFA,F,,198,1.00000000,66.53130000,0.03444000,,true
5771,4,HFA,F,,199,1.00000000,66.58230000,0.03443000,,true
5772,4,HFA,F,,200,1.00000000,66.63310000,0.03443000,,true
5773,4,HFA,F,,201,1.00000000,66.68390000,0.03443000,,true
5774,4,HFA,F,,202,1.00000000,66.73450000,0.03443000,,true
5775,4,HFA,F,,203,1.00000000,66.78500000,0.03442000,,true
5776,4,HFA,F,,204,1.00000000,66.83540000,0.03442000,,true
5777,4,HFA,F,,205,1.00000000,66.88570000,0.03442000,,true
5778,4,HFA,F,,206,1.00000000,66.93590000,0.03442000,,true
5779,4,HFA,F,,207,1.00000000,66.98590000,0.03442000,,true
5780,4,HFA,F,,208,1.00000000,67.03590000,0.03442000,,true
5781,4,HFA,F,,209,1.00000000,67.08580000,0.03441000,,true
5782,4,HFA,F,,210,1.00000000,67.13550000,0.03441000,,true
5783,4,HFA,F,,211,1.00000000,67.18520000,0.03441000,,true
5784,4,HFA,F,,212,1.00000000,67.23470000,0.03441000,,true
5785,4,HFA,F,,213,1.00000000,67.28420000,0.03441000,,true
5786,4,HFA,F,,214,1.00000000,67.33350000,0.03441000,,true
5787,4,HFA,F,,215,1.00000000,67.38280000,0.03441000,,true
5788,4,HFA,F,,216,1.00000000,67.43200000,0.03441000,,true
5789,4,HFA,F,,217,1.00000000,67.48100000,0.03440000,,true
5790,4,HFA,F,,218,1.00000000,67.53000000,0.03440000,,true
5791,4,HFA,F,,219,1.00000000,67.57890000,0.03440000,,true
5792,4,HFA,F,,220,1.00000000,67.62770000,0.03440000,,true
5793,4,HFA,F,,221,1.00000000,67.67640000,0.03440000,,true
5794,4,HFA,F,,222,1.00000000,67.72500000,0.03440000,,true
5795,4,HFA,F,,223,1.00000000,67.77350000,0.03440000,,true
5796,4,HFA,F,,224,1.00000000,67.82190000,0.03440000,,true
5797,4,HFA,F,,225,1.00000000,67.87030000,0.03440000,,true
5798,4,HFA,F,,226,1.00000000,67.91850000,0.03440000,,true
5799,4,HFA,F,,227,1.00000000,67.96670000,0.03440000,,true
5800,4,HFA,F,,228,1.00000000,68.01480000,0.03440000,,true
5801,4,HFA,F,,229,1.00000000,68.06280000,0.03440000,,true
5802,4,HFA,F,,230,1.00000000,68.11070000,0.03440000,,true
5803,4,HFA,F,,231,1.00000000,68.15850000,0.03440000,,true
5804,4,HFA,F,,232,1.00000000,68.20630000,0.03440000,,true
5805,4,HFA,F,,233,1.00000000,68.25400000,0.03440000,,true
5806,4,HFA,F,,234,1.00000000,68.30160000,0.03440000,,true
5807,4,HFA,F,,235,1.00000000,68.34910000,0.03440000,,true
5808,4,HFA,F,,236,1.00000000,68.39650000,0.03440000,,true
5809,4,HFA,F,,237,1.00000000,68.44390000,0.03440000,,true
5810,4,HFA,F,,238,1.00000000,68.49110000,0.03440000,,true
5811,4,HFA,F,,239,1.00000000,68.53830000,0.03440000,,true
5812,4,HFA,F,,240,1.00000000,68.58550000,0.03440000,,true
5813,4,HFA,F,,241,1.00000000,68.63250000,0.03440000,,true
5814,4,HFA,F,,242,1.00000000,68.67950000,0.03440000,,true
5815,4,HFA,F,,243,1.00000000,68.72640000,0.03440000,,true
5816,4,HFA,F,,244,1.00000000,68.77320000,0.03440000,,true
5817,4,HFA,F,,245,1.00000000,68.82000000,0.03440000,,true
5818,4,HFA,F,,246,1.00000000,68.86660000,0.03440000,,true
5819,4,HFA,F,,247,1.00000000,68.91330000,0.03440000,,true
5820,4,HFA,F,,248,1.00000000,68.95980000,0.03440000,,true
5821,4,HFA,F,,249,1.00000000,69.00630000,0.03440000,,true
5822,4,HFA,F,,250,1.00000000,69.05270000,0.03440000,,true
5823,4,HFA,F,,251,1.00000000,69.09900000,0.03441000,,true
5824,4,HFA,F,,252,1.00000000,69.14520000,0.03441000,,true
5825,4,HFA,F,,253,1.00000000,69.19140000,0.03441000,,true
5826,4,HFA,F,,254,1.00000000,69.23760000,0.03441000,,true
5827,4,HFA,F,,255,1.00000000,69.28360000,0.03441000,,true
5828,4,HFA,F,,256,1.00000000,69.32960000,0.03441000,,true
5829,4,HFA,F,,257,1.00000000,69.37550000,0.03441000,,true
5830,4,HFA,F,,258,1.00000000,69.42140000,0.03441000,,true
5831,4,HFA,F,,259,1.00000000,69.46720000,0.03441000,,true
5832,4,HFA,F,,260,1.00000000,69.51290000,0.03442000,,true
5833,4,HFA,F,,261,1.00000000,69.55850000,0.03442000,,true
5834,4,HFA,F,,262,1.00000000,69.60410000,0.03442000,,true
5835,4,HFA,F,,263,1.00000000,69.64960000,0.03442000,,true
5836,4,HFA,F,,264,1.00000000,69.69510000,0.03442000,,true
5837,4,HFA,F,,265,1.00000000,69.74050000,0.03442000,,true
5838,4,HFA,F,,266,1.00000000,69.78580000,0.03443000,,true
5839,4,HFA,F,,267,1.00000000,69.83110000,0.03443000,,true
5840,4,HFA,F,,268,1.00000000,69.87630000,0.03443000,,true
5841,4,HFA,F,,269,1.00000000,69.92150000,0.03443000,,true
5842,4,HFA,F,,270,1.00000000,69.96660000,0.03443000,,true
5843,4,HFA,F,,271,1.00000000,70.01160000,0.03444000,,true
5844,4,HFA,F,,272,1.00000000,70.05660000,0.03444000,,true
5845,4,HFA,F,,273,1.00000000,70.10150000,0.03444000,,true
5846,4,HFA,F,,274,1.00000000,70.14630000,0.03444000,,true
5847,4,HFA,F,,275,1.00000000,70.19110000,0.03444000,,true
5848,4,HFA,F,,276,1.00000000,70.23580000,0.03445000,,true
5849,4,HFA,F,,277,1.00000000,70.28050000,0.03445000,,true
5850,4,HFA,F,,278,1.00000000,70.32510000,0.03445000,,true
5851,4,HFA,F,,279,1.00000000,70.36970000,0.03445000,,true
5852,4,HFA,F,,280,1.00000000,70.41420000,0.03445000,,true
5853,4,HFA,F,,281,1.00000000,70.45860000,0.03446000,,true
5854,4,HFA,F,,282,1.00000000,70.50300000,0.03446000,,true
5855,4,HFA,F,,283,1.00000000,70.54740000,0.03446000,,true
5856,4,HFA,F,,284,1.00000000,70.59170000,0.03446000,,true
5857,4,HFA,F,,285,1.00000000,70.63590000,0.03447000,,true
5858,4,HFA,F,,286,1.00000000,70.68000000,0.03447000,,true
5859,4,HFA,F,,287,1.00000000,70.72410000,0.03447000,,true
5860,4,HFA,F,,288,1.00000000,70.76820000,0.03448000,,true
5861,4,HFA,F,,289,1.00000000,70.81220000,0.03448000,,true
5862,4,HFA,F,,290,1.00000000,70.85610000,0.03448000,,true
5863,4,HFA,F,,291,1.00000000,70.90000000,0.03448000,,true
5864,4,HFA,F,,292,1.00000000,70.94390000,0.03449000,,true
5865,4,HFA,F,,293,1.00000000,70.98760000,0.03449000,,true
5866,4,HFA,F,,294,1.00000000,71.03140000,0.03449000,,true
5867,4,HFA,F,,295,1.00000000,71.07500000,0.03450000,,true
5868,4,HFA,F,,296,1.00000000,71.11870000,0.03450000,,true
5869,4,HFA,F,,297,1.00000000,71.16220000,0.03450000,,true
5870,4,HFA,F,,298,1.00000000,71.20570000,0.03450000,,true
5871,4,HFA,F,,299,1.00000000,71.24920000,0.03451000,,true
5872,4,HFA,F,,300,1.00000000,71.29260000,0.03451000,,true
5873,4,HFA,F,,301,1.00000000,71.33590000,0.03451000,,true
5874,4,HFA,F,,302,1.00000000,71.37920000,0.03452000,,true
5875,4,HFA,F,,303,1.00000000,71.42240000,0.03452000,,true
5876,4,HFA,F,,304,1.00000000,71.46560000,0.03452000,,true
5877,4,HFA,F,,305,1.00000000,71.50880000,0.03453000,,true
5878,4,HFA,F,,306,1.00000000,71.55180000,0.03453000,,true
5879,4,HFA,F,,307,1.00000000,71.59490000,0.03453000,,true
5880,4,HFA,F,,308,1.00000000,71.63780000,0.03454000,,true
5881,4,HFA,F,,309,1.00000000,71.68080000,0.03454000,,true
5882,4,HFA,F,,310,1.00000000,71.72360000,0.03454000,,true
5883,4,HFA,F,,311,1.00000000,71.76640000,0.03455000,,true
5884,4,HFA,F,,312,1.00000000,71.80920000,0.03455000,,true
5885,4,HFA,F,,313,1.00000000,71.85190000,0.03456000,,true
5886,4,HFA,F,,314,1.00000000,71.89460000,0.03456000,,true
5887,4,HFA,F,,315,1.00000000,71.93720000,0.03456000,,true
5888,4,HFA,F,,316,1.00000000,71.97980000,0.03457000,,true
5889,4,HFA,F,,317,1.00000000,72.02230000,0.03457000,,true
5890,4,HFA,F,,318,1.00000000,72.06470000,0.03457000,,true
5891,4,HFA,F,,319,1.00000000,72.10710000,0.03458000,,true
5892,4,HFA,F,,320,1.00000000,72.14950000,0.03458000,,true
5893,4,HFA,F,,321,1.00000000,72.19180000,0.03459000,,true
5894,4,HFA,F,,322,1.00000000,72.23400000,0.03459000,,true
5895,4,HFA,F,,323,1.00000000,72.27620000,0.03459000,,true
5896,4,HFA,F,,324,1.00000000,72.31840000,0.03460000,,true
5897,4,HFA,F,,325,1.00000000,72.36050000,0.03460000,,true
5898,4,HFA,F,,326,1.00000000,72.40250000,0.03461000,,true
5899,4,HFA,F,,327,1.00000000,72.44450000,0.03461000,,true
5900,4,HFA,F,,328,1.00000000,72.48650000,0.03461000,,true
5901,4,HFA,F,,329,1.00000000,72.52840000,0.03462000,,true
5902,4,HFA,F,,330,1.00000000,72.57020000,0.03462000,,true
5903,4,HFA,F,,331,1.00000000,72.61200000,0.03463000,,true
5904,4,HFA,F,,332,1.00000000,72.65380000,0.03463000,,true
5905,4,HFA,F,,333,1.00000000,72.69550000,0.03464000,,true
5906,4,HFA,F,,334,1.00000000,72.73720000,0.03464000,,true
5907,4,HFA,F,,335,1.00000000,72.77880000,0.03464000,,true
5908,4,HFA,F,,336,1.00000000,72.82030000,0.03465000,,true
5909,4,HFA,F,,337,1.00000000,72.86180000,0.03465000,,true
5910,4,HFA,F,,338,1.00000000,72.90330000,0.03466000,,true
5911,4,HFA,F,,339,1.00000000,72.94470000,0.03466000,,true
5912,4,HFA,F,,340,1.00000000,72.98610000,0.03467000,,true
5913,4,HFA,F,,341,1.00000000,73.02740000,0.03467000,,true
5914,4,HFA,F,,342,1.00000000,73.06860000,0.03468000,,true
5915,4,HFA,F,,343,1.00000000,73.10990000,0.03468000,,true
5916,4,HFA,F,,344,1.00000000,73.15100000,0.03469000,,true
5917,4,HFA,F,,345,1.00000000,73.19220000,0.03469000,,true
5918,4,HFA,F,,346,1.00000000,73.23320000,0.03469000,,true
5919,4,HFA,F,,347,1.00000000,73.27430000,0.03470000,,true
5920,4,HFA,F,,348,1.00000000,73.31520000,0.03470000,,true
5921,4,HFA,F,,349,1.00000000,73.35620000,0.03471000,,true
5922,4,HFA,F,,350,1.00000000,73.39710000,0.03471000,,true
5923,4,HFA,F,,351,1.00000000,73.43790000,0.03472000,,true
5924,4,HFA,F,,352,1.00000000,73.47870000,0.03472000,,true
5925,4,HFA,F,,353,1.00000000,73.51950000,0.03473000,,true
5926,4,HFA,F,,354,1.00000000,73.56020000,0.03473000,,true
5927,4,HFA,F,,355,1.00000000,73.60080000,0.03474000,,true
5928,4,HFA,F,,356,1.00000000,73.64140000,0.03474000,,true
5929,4,HFA,F,,357,1.00000000,73.68200000,0.03475000,,true
5930,4,HFA,F,,358,1.00000000,73.72250000,0.03475000,,true
5931,4,HFA,F,,359,1.00000000,73.76300000,0.03476000,,true
5932,4,HFA,F,,360,1.00000000,73.80340000,0.03476000,,true
5933,4,HFA,F,,361,1.00000000,73.84380000,0.03477000,,true
5934,4,HFA,F,,362,1.00000000,73.88420000,0.03477000,,true
5935,4,HFA,F,,363,1.00000000,73.92450000,0.03478000,,true
5936,4,HFA,F,,364,1.00000000,73.96470000,0.03478000,,true
5937,4,HFA,F,,365,1.00000000,74.00490000,0.03479000,,true
5938,4,HFA,F,,366,1.00000000,74.04510000,0.03479000,,true
5939,4,HFA,F,,367,1.00000000,74.08520000,0.03480000,,true
5940,4,HFA,F,,368,1.00000000,74.12530000,0.03480000,,true
5941,4,HFA,F,,369,1.00000000,74.16530000,0.03481000,,true
5942,4,HFA,F,,370,1.00000000,74.20530000,0.03482000,,true
5943,4,HFA,F,,371,1.00000000,74.24520000,0.03482000,,true
5944,4,HFA,F,,372,1.00000000,74.28510000,0.03483000,,true
5945,4,HFA,F,,373,1.00000000,74.32500000,0.03483000,,true
5946,4,HFA,F,,374,1.00000000,74.36480000,0.03484000,,true
5947,4,HFA,F,,375,1.00000000,74.40450000,0.03484000,,true
5948,4,HFA,F,,376,1.00000000,74.44430000,0.03485000,,true
5949,4,HFA,F,,377,1.00000000,74.48390000,0.03485000,,true
5950,4,HFA,F,,378,1.00000000,74.52360000,0.03486000,,true
5951,4,HFA,F,,379,1.00000000,74.56320000,0.03486000,,true
5952,4,HFA,F,,380,1.00000000,74.60270000,0.03487000,,true
5953,4,HFA,F,,381,1.00000000,74.64220000,0.03488000,,true
5954,4,HFA,F,,382,1.00000000,74.68170000,0.03488000,,true
5955,4,HFA,F,,383,1.00000000,74.72110000,0.03489000,,true
5956,4,HFA,F,,384,1.00000000,74.76050000,0.03489000,,true
5957,4,HFA,F,,385,1.00000000,74.79980000,0.03490000,,true
5958,4,HFA,F,,386,1.00000000,74.83910000,0.03490000,,true
5959,4,HFA,F,,387,1.00000000,74.87840000,0.03491000,,true
5960,4,HFA,F,,388,1.00000000,74.91760000,0.03491000,,true
5961,4,HFA,F,,389,1.00000000,74.95670000,0.03492000,,true
5962,4,HFA,F,,390,1.00000000,74.99590000,0.03493000,,true
5963,4,HFA,F,,391,1.00000000,75.03490000,0.03493000,,true
5964,4,HFA,F,,392,1.00000000,75.07400000,0.03494000,,true
5965,4,HFA,F,,393,1.00000000,75.11300000,0.03494000,,true
5966,4,HFA,F,,394,1.00000000,75.15190000,0.03495000,,true
5967,4,HFA,F,,395,1.00000000,75.19080000,0.03495000,,true
5968,4,HFA,F,,396,1.00000000,75.22970000,0.03496000,,true
5969,4,HFA,F,,397,1.00000000,75.26860000,0.03497000,,true
5970,4,HFA,F,,398,1.00000000,75.30730000,0.03497000,,true
5971,4,HFA,F,,399,1.00000000,75.34610000,0.03498000,,true
5972,4,HFA,F,,400,1.00000000,75.38480000,0.03498000,,true
5973,4,HFA,F,,401,1.00000000,75.42350000,0.03499000,,true
5974,4,HFA,F,,402,1.00000000,75.46210000,0.03500000,,true
5975,4,HFA,F,,403,1.00000000,75.50070000,0.03500000,,true
5976,4,HFA,F,,404,1.00000000,75.53920000,0.03501000,,true
5977,4,HFA,F,,405,1.00000000,75.57770000,0.03501000,,true
5978,4,HFA,F,,406,1.00000000,75.61620000,0.03502000,,true
5979,4,HFA,F,,407,1.00000000,75.65460000,0.03503000,,true
5980,4,HFA,F,,408,1.00000000,75.69300000,0.03503000,,true
5981,4,HFA,F,,409,1.00000000,75.73130000,0.03504000,,true
5982,4,HFA,F,,410,1.00000000,75.76960000,0.03504000,,true
5983,4,HFA,F,,411,1.00000000,75.80790000,0.03505000,,true
5984,4,HFA,F,,412,1.00000000,75.84610000,0.03506000,,true
5985,4,HFA,F,,413,1.00000000,75.88430000,0.03506000,,true
5986,4,HFA,F,,414,1.00000000,75.92240000,0.03507000,,true
5987,4,HFA,F,,415,1.00000000,75.96050000,0.03507000,,true
5988,4,HFA,F,,416,1.00000000,75.99860000,0.03508000,,true
5989,4,HFA,F,,417,1.00000000,76.03660000,0.03509000,,true
5990,4,HFA,F,,418,1.00000000,76.07460000,0.03509000,,true
5991,4,HFA,F,,419,1.00000000,76.11250000,0.03510000,,true
5992,4,HFA,F,,420,1.00000000,76.15040000,0.03511000,,true
5993,4,HFA,F,,421,1.00000000,76.18830000,0.03511000,,true
5994,4,HFA,F,,422,1.00000000,76.22610000,0.03512000,,true
5995,4,HFA,F,,423,1.00000000,76.26390000,0.03512000,,true
5996,4,HFA,F,,424,1.00000000,76.30160000,0.03513000,,true
5997,4,HFA,F,,425,1.00000000,76.33930000,0.03514000,,true
5998,4,HFA,F,,426,1.00000000,76.37700000,0.03514000,,true
5999,4,HFA,F,,427,1.00000000,76.41460000,0.03515000,,true
6000,4,HFA,F,,428,1.00000000,76.45220000,0.03516000,,true
6001,4,HFA,F,,429,1.00000000,76.48970000,0.03516000,,true
6002,4,HFA,F,,430,1.00000000,76.52720000,0.03517000,,true
6003,4,HFA,F,,431,1.00000000,76.56470000,0.03518000,,true
6004,4,HFA,F,,432,1.00000000,76.60210000,0.03518000,,true
6005,4,HFA,F,,433,1.00000000,76.63950000,0.03519000,,true
6006,4,HFA,F,,434,1.00000000,76.67690000,0.03519000,,true
6007,4,HFA,F,,435,1.00000000,76.71420000,0.03520000,,true
6008,4,HFA,F,,436,1.00000000,76.75150000,0.03521000,,true
6009,4,HFA,F,,437,1.00000000,76.78870000,0.03521000,,true
6010,4,HFA,F,,438,1.00000000,76.82590000,0.03522000,,true
6011,4,HFA,F,,439,1.00000000,76.86310000,0.03523000,,true
6012,4,HFA,F,,440,1.00000000,76.90020000,0.03523000,,true
6013,4,HFA,F,,441,1.00000000,76.93730000,0.03524000,,true
6014,4,HFA,F,,442,1.00000000,76.97440000,0.03525000,,true
6015,4,HFA,F,,443,1.00000000,77.01140000,0.03525000,,true
6016,4,HFA,F,,444,1.00000000,77.04840000,0.03526000,,true
6017,4,HFA,F,,445,1.00000000,77.08530000,0.03527000,,true
6018,4,HFA,F,,446,1.00000000,77.12220000,0.03527000,,true
6019,4,HFA,F,,447,1.00000000,77.15910000,0.03528000,,true
6020,4,HFA,F,,448,1.00000000,77.19590000,0.03529000,,true
6021,4,HFA,F,,449,1.00000000,77.23270000,0.03529000,,true
6022,4,HFA,F,,450,1.00000000,77.26950000,0.03530000,,true
6023,4,HFA,F,,451,1.00000000,77.30620000,0.03530000,,true
6024,4,HFA,F,,452,1.00000000,77.34290000,0.03531000,,true
6025,4,HFA,F,,453,1.00000000,77.37960000,0.03532000,,true
6026,4,HFA,F,,454,1.00000000,77.41620000,0.03532000,,true
6027,4,HFA,F,,455,1.00000000,77.45280000,0.03533000,,true
6028,4,HFA,F,,456,1.00000000,77.48930000,0.03534000,,true
6029,4,HFA,F,,457,1.00000000,77.52580000,0.03534000,,true
6030,4,HFA,F,,458,1.00000000,77.56230000,0.03535000,,true
6031,4,HFA,F,,459,1.00000000,77.59880000,0.03536000,,true
6032,4,HFA,F,,460,1.00000000,77.63520000,0.03536000,,true
6033,4,HFA,F,,461,1.00000000,77.67160000,0.03537000,,true
6034,4,HFA,F,,462,1.00000000,77.70790000,0.03538000,,true
6035,4,HFA,F,,463,1.00000000,77.74420000,0.03538000,,true
6036,4,HFA,F,,464,1.00000000,77.78050000,0.03539000,,true
6037,4,HFA,F,,465,1.00000000,77.81670000,0.03540000,,true
6038,4,HFA,F,,466,1.00000000,77.85290000,0.03540000,,true
6039,4,HFA,F,,467,1.00000000,77.88910000,0.03541000,,true
6040,4,HFA,F,,468,1.00000000,77.92520000,0.03542000,,true
6041,4,HFA,F,,469,1.00000000,77.96130000,0.03543000,,true
6042,4,HFA,F,,470,1.00000000,77.99740000,0.03543000,,true
6043,4,HFA,F,,471,1.00000000,78.03340000,0.03544000,,true
6044,4,HFA,F,,472,1.00000000,78.06940000,0.03545000,,true
6045,4,HFA,F,,473,1.00000000,78.10540000,0.03545000,,true
6046,4,HFA,F,,474,1.00000000,78.14130000,0.03546000,,true
6047,4,HFA,F,,475,1.00000000,78.17720000,0.03547000,,true
6048,4,HFA,F,,476,1.00000000,78.21310000,0.03547000,,true
6049,4,HFA,F,,477,1.00000000,78.24900000,0.03548000,,true
6050,4,HFA,F,,478,1.00000000,78.28480000,0.03549000,,true
6051,4,HFA,F,,479,1.00000000,78.32050000,0.03549000,,true
6052,4,HFA,F,,480,1.00000000,78.35630000,0.03550000,,true
6053,4,HFA,F,,481,1.00000000,78.39200000,0.03551000,,true
6054,4,HFA,F,,482,1.00000000,78.42760000,0.03551000,,true
6055,4,HFA,F,,483,1.00000000,78.46330000,0.03552000,,true
6056,4,HFA,F,,484,1.00000000,78.49890000,0.03553000,,true
6057,4,HFA,F,,485,1.00000000,78.53450000,0.03553000,,true
6058,4,HFA,F,,486,1.00000000,78.57000000,0.03554000,,true
6059,4,HFA,F,,487,1.00000000,78.60550000,0.03555000,,true
6060,4,HFA,F,,488,1.00000000,78.64100000,0.03556000,,true
6061,4,HFA,F,,489,1.00000000,78.67640000,0.03556000,,true
6062,4,HFA,F,,490,1.00000000,78.71180000,0.03557000,,true
6063,4,HFA,F,,491,1.00000000,78.74720000,0.03558000,,true
6064,4,HFA,F,,492,1.00000000,78.78260000,0.03558000,,true
6065,4,HFA,F,,493,1.00000000,78.81790000,0.03559000,,true
6066,4,HFA,F,,494,1.00000000,78.85320000,0.03560000,,true
6067,4,HFA,F,,495,1.00000000,78.88840000,0.03560000,,true
6068,4,HFA,F,,496,1.00000000,78.92360000,0.03561000,,true
6069,4,HFA,F,,497,1.00000000,78.95880000,0.03562000,,true
6070,4,HFA,F,,498,1.00000000,78.99400000,0.03562000,,true
6071,4,HFA,F,,499,1.00000000,79.02910000,0.03563000,,true
6072,4,HFA,F,,500,1.00000000,79.06420000,0.03564000,,true
6073,4,HFA,F,,501,1.00000000,79.09930000,0.03565000,,true
6074,4,HFA,F,,502,1.00000000,79.13430000,0.03565000,,true
6075,4,HFA,F,,503,1.00000000,79.16930000,0.03566000,,true
6076,4,HFA,F,,504,1.00000000,79.20420000,0.03567000,,true
6077,4,HFA,F,,505,1.00000000,79.23920000,0.03567000,,true
6078,4,HFA,F,,506,1.00000000,79.27410000,0.03568000,,true
6079,4,HFA,F,,507,1.00000000,79.30890000,0.03569000,,true
6080,4,HFA,F,,508,1.00000000,79.34380000,0.03569000,,true
6081,4,HFA,F,,509,1.00000000,79.37860000,0.03570000,,true
6082,4,HFA,F,,510,1.00000000,79.41340000,0.03571000,,true
6083,4,HFA,F,,511,1.00000000,79.44810000,0.03572000,,true
6084,4,HFA,F,,512,1.00000000,79.48280000,0.03572000,,true
6085,4,HFA,F,,513,1.00000000,79.51750000,0.03573000,,true
6086,4,HFA,F,,514,1.00000000,79.55210000,0.03574000,,true
6087,4,HFA,F,,515,1.00000000,79.58680000,0.03574000,,true
6088,4,HFA,F,,516,1.00000000,79.62130000,0.03575000,,true
6089,4,HFA,F,,517,1.00000000,79.65590000,0.03576000,,true
6090,4,HFA,F,,518,1.00000000,79.69040000,0.03577000,,true
6091,4,HFA,F,,519,1.00000000,79.72490000,0.03577000,,true
6092,4,HFA,F,,520,1.00000000,79.75940000,0.03578000,,true
6093,4,HFA,F,,521,1.00000000,79.79380000,0.03579000,,true
6094,4,HFA,F,,522,1.00000000,79.82820000,0.03579000,,true
6095,4,HFA,F,,523,1.00000000,79.86260000,0.03580000,,true
6096,4,HFA,F,,524,1.00000000,79.89690000,0.03581000,,true
6097,4,HFA,F,,525,1.00000000,79.93120000,0.03582000,,true
6098,4,HFA,F,,526,1.00000000,79.96550000,0.03582000,,true
6099,4,HFA,F,,527,1.00000000,79.99980000,0.03583000,,true
6100,4,HFA,F,,528,1.00000000,80.03400000,0.03584000,,true
6101,4,HFA,F,,529,1.00000000,80.06820000,0.03584000,,true
6102,4,HFA,F,,530,1.00000000,80.10230000,0.03585000,,true
6103,4,HFA,F,,531,1.00000000,80.13650000,0.03586000,,true
6104,4,HFA,F,,532,1.00000000,80.17060000,0.03587000,,true
6105,4,HFA,F,,533,1.00000000,80.20460000,0.03587000,,true
6106,4,HFA,F,,534,1.00000000,80.23870000,0.03588000,,true
6107,4,HFA,F,,535,1.00000000,80.27270000,0.03589000,,true
6108,4,HFA,F,,536,1.00000000,80.30670000,0.03589000,,true
6109,4,HFA,F,,537,1.00000000,80.34060000,0.03590000,,true
6110,4,HFA,F,,538,1.00000000,80.37450000,0.03591000,,true
6111,4,HFA,F,,539,1.00000000,80.40840000,0.03592000,,true
6112,4,HFA,F,,540,1.00000000,80.44230000,0.03592000,,true
6113,4,HFA,F,,541,1.00000000,80.47610000,0.03593000,,true
6114,4,HFA,F,,542,1.00000000,80.50990000,0.03594000,,true
6115,4,HFA,F,,543,1.00000000,80.54370000,0.03594000,,true
6116,4,HFA,F,,544,1.00000000,80.57740000,0.03595000,,true
6117,4,HFA,F,,545,1.00000000,80.61120000,0.03596000,,true
6118,4,HFA,F,,546,1.00000000,80.64480000,0.03597000,,true
6119,4,HFA,F,,547,1.00000000,80.67850000,0.03597000,,true
6120,4,HFA,F,,548,1.00000000,80.71210000,0.03598000,,true
6121,4,HFA,F,,549,1.00000000,80.74570000,0.03599000,,true
6122,4,HFA,F,,550,1.00000000,80.77930000,0.03600000,,true
6123,4,HFA,F,,551,1.00000000,80.81280000,0.03600000,,true
6124,4,HFA,F,,552,1.00000000,80.84640000,0.03601000,,true
6125,4,HFA,F,,553,1.00000000,80.87980000,0.03602000,,true
6126,4,HFA,F,,554,1.00000000,80.91330000,0.03602000,,true
6127,4,HFA,F,,555,1.00000000,80.94670000,0.03603000,,true
6128,4,HFA,F,,556,1.00000000,80.98010000,0.03604000,,true
6129,4,HFA,F,,557,1.00000000,81.01350000,0.03605000,,true
6130,4,HFA,F,,558,1.00000000,81.04680000,0.03605000,,true
6131,4,HFA,F,,559,1.00000000,81.08020000,0.03606000,,true
6132,4,HFA,F,,560,1.00000000,81.11340000,0.03607000,,true
6133,4,HFA,F,,561,1.00000000,81.14670000,0.03608000,,true
6134,4,HFA,F,,562,1.00000000,81.17990000,0.03608000,,true
6135,4,HFA,F,,563,1.00000000,81.21310000,0.03609000,,true
6136,4,HFA,F,,564,1.00000000,81.24630000,0.03610000,,true
6137,4,HFA,F,,565,1.00000000,81.27950000,0.03611000,,true
6138,4,HFA,F,,566,1.00000000,81.31260000,0.03611000,,true
6139,4,HFA,F,,567,1.00000000,81.34570000,0.03612000,,true
6140,4,HFA,F,,568,1.00000000,81.37880000,0.03613000,,true
6141,4,HFA,F,,569,1.00000000,81.41180000,0.03613000,,true
6142,4,HFA,F,,570,1.00000000,81.44480000,0.03614000,,true
6143,4,HFA,F,,571,1.00000000,81.47780000,0.03615000,,true
6144,4,HFA,F,,572,1.00000000,81.51080000,0.03616000,,true
6145,4,HFA,F,,573,1.00000000,81.54370000,0.03616000,,true
6146,4,HFA,F,,574,1.00000000,81.57660000,0.03617000,,true
6147,4,HFA,F,,575,1.00000000,81.60950000,0.03618000,,true
6148,4,HFA,F,,576,1.00000000,81.64230000,0.03619000,,true
6149,4,HFA,F,,577,1.00000000,81.67520000,0.03619000,,true
6150,4,HFA,F,,578,1.00000000,81.70800000,0.03620000,,true
6151,4,HFA,F,,579,1.00000000,81.74070000,0.03621000,,true
6152,4,HFA,F,,580,1.00000000,81.77350000,0.03622000,,true
6153,4,HFA,F,,581,1.00000000,81.80620000,0.03622000,,true
6154,4,HFA,F,,582,1.00000000,81.83890000,0.03623000,,true
6155,4,HFA,F,,583,1.00000000,81.87150000,0.03624000,,true
6156,4,HFA,F,,584,1.00000000,81.90420000,0.03624000,,true
6157,4,HFA,F,,585,1.00000000,81.93680000,0.03625000,,true
6158,4,HFA,F,,586,1.00000000,81.96940000,0.03626000,,true
6159,4,HFA,F,,587,1.00000000,82.00190000,0.03627000,,true
6160,4,HFA,F,,588,1.00000000,82.03450000,0.03627000,,true
6161,4,HFA,F,,589,1.00000000,82.06700000,0.03628000,,true
6162,4,HFA,F,,590,1.00000000,82.09940000,0.03629000,,true
6163,4,HFA,F,,591,1.00000000,82.13190000,0.03630000,,true
6164,4,HFA,F,,592,1.00000000,82.16430000,0.03630000,,true
6165,4,HFA,F,,593,1.00000000,82.19670000,0.03631000,,true
6166,4,HFA,F,,594,1.00000000,82.22910000,0.03632000,,true
6167,4,HFA,F,,595,1.00000000,82.26140000,0.03633000,,true
6168,4,HFA,F,,596,1.00000000,82.29380000,0.03633000,,true
6169,4,HFA,F,,597,1.00000000,82.32610000,0.03634000,,true
6170,4,HFA,F,,598,1.00000000,82.35830000,0.03635000,,true
6171,4,HFA,F,,599,1.00000000,82.39060000,0.03636000,,true
6172,4,HFA,F,,600,1.00000000,82.42280000,0.03636000,,true
6173,4,HFA,F,,601,1.00000000,82.45500000,0.03637000,,true
6174,4,HFA,F,,602,1.00000000,82.48720000,0.03638000,,true
6175,4,HFA,F,,603,1.00000000,82.51930000,0.03639000,,true
6176,4,HFA,F,,604,1.00000000,82.55140000,0.03639000,,true
6177,4,HFA,F,,605,1.00000000,82.58350000,0.03640000,,true
6178,4,HFA,F,,606,1.00000000,82.61560000,0.03641000,,true
6179,4,HFA,F,,607,1.00000000,82.64760000,0.03642000,,true
6180,4,HFA,F,,608,1.00000000,82.67960000,0.03642000,,true
6181,4,HFA,F,,609,1.00000000,82.71160000,0.03643000,,true
6182,4,HFA,F,,610,1.00000000,82.74360000,0.03644000,,true
6183,4,HFA,F,,611,1.00000000,82.77550000,0.03645000,,true
6184,4,HFA,F,,612,1.00000000,82.80740000,0.03645000,,true
6185,4,HFA,F,,613,1.00000000,82.83930000,0.03646000,,true
6186,4,HFA,F,,614,1.00000000,82.87120000,0.03647000,,true
6187,4,HFA,F,,615,1.00000000,82.90300000,0.03648000,,true
6188,4,HFA,F,,616,1.00000000,82.93480000,0.03648000,,true
6189,4,HFA,F,,617,1.00000000,82.96660000,0.03649000,,true
6190,4,HFA,F,,618,1.00000000,82.99840000,0.03650000,,true
6191,4,HFA,F,,619,1.00000000,83.03010000,0.03650000,,true
6192,4,HFA,F,,620,1.00000000,83.06180000,0.03651000,,true
6193,4,HFA,F,,621,1.00000000,83.09350000,0.03652000,,true
6194,4,HFA,F,,622,1.00000000,83.12510000,0.03653000,,true
6195,4,HFA,F,,623,1.00000000,83.15680000,0.03653000,,true
6196,4,HFA,F,,624,1.00000000,83.18840000,0.03654000,,true
6197,4,HFA,F,,625,1.00000000,83.22000000,0.03655000,,true
6198,4,HFA,F,,626,1.00000000,83.25150000,0.03656000,,true
6199,4,HFA,F,,627,1.00000000,83.28310000,0.03656000,,true
6200,4,HFA,F,,628,1.00000000,83.31460000,0.03657000,,true
6201,4,HFA,F,,629,1.00000000,83.34610000,0.03658000,,true
6202,4,HFA,F,,630,1.00000000,83.37750000,0.03659000,,true
6203,4,HFA,F,,631,1.00000000,83.40890000,0.03659000,,true
6204,4,HFA,F,,632,1.00000000,83.44030000,0.03660000,,true
6205,4,HFA,F,,633,1.00000000,83.47170000,0.03661000,,true
6206,4,HFA,F,,634,1.00000000,83.50310000,0.03662000,,true
6207,4,HFA,F,,635,1.00000000,83.53440000,0.03662000,,true
6208,4,HFA,F,,636,1.00000000,83.56570000,0.03663000,,true
6209,4,HFA,F,,637,1.00000000,83.59700000,0.03664000,,true
6210,4,HFA,F,,638,1.00000000,83.62830000,0.03665000,,true
6211,4,HFA,F,,639,1.00000000,83.65950000,0.03665000,,true
6212,4,HFA,F,,640,1.00000000,83.69070000,0.03666000,,true
6213,4,HFA,F,,641,1.00000000,83.72190000,0.03667000,,true
6214,4,HFA,F,,642,1.00000000,83.75300000,0.03668000,,true
6215,4,HFA,F,,643,1.00000000,83.78420000,0.03668000,,true
6216,4,HFA,F,,644,1.00000000,83.81530000,0.03669000,,true
6217,4,HFA,F,,645,1.00000000,83.84640000,0.03670000,,true
6218,4,HFA,F,,646,1.00000000,83.87740000,0.03671000,,true
6219,4,HFA,F,,647,1.00000000,83.90850000,0.03671000,,true
6220,4,HFA,F,,648,1.00000000,83.93950000,0.03672000,,true
6221,4,HFA,F,,649,1.00000000,83.97050000,0.03673000,,true
6222,4,HFA,F,,650,1.00000000,84.00140000,0.03674000,,true
6223,4,HFA,F,,651,1.00000000,84.03240000,0.03674000,,true
6224,4,HFA,F,,652,1.00000000,84.06330000,0.03675000,,true
6225,4,HFA,F,,653,1.00000000,84.09410000,0.03676000,,true
6226,4,HFA,F,,654,1.00000000,84.12500000,0.03677000,,true
6227,4,HFA,F,,655,1.00000000,84.15580000,0.03677000,,true
6228,4,HFA,F,,656,1.00000000,84.18670000,0.03678000,,true
6229,4,HFA,F,,657,1.00000000,84.21740000,0.03679000,,true
6230,4,HFA,F,,658,1.00000000,84.24820000,0.03680000,,true
6231,4,HFA,F,,659,1.00000000,84.27890000,0.03680000,,true
6232,4,HFA,F,,660,1.00000000,84.30960000,0.03681000,,true
6233,4,HFA,F,,661,1.00000000,84.34030000,0.03682000,,true
6234,4,HFA,F,,662,1.00000000,84.37100000,0.03683000,,true
6235,4,HFA,F,,663,1.00000000,84.40160000,0.03683000,,true
6236,4,HFA,F,,664,1.00000000,84.43230000,0.03684000,,true
6237,4,HFA,F,,665,1.00000000,84.46280000,0.03685000,,true
6238,4,HFA,F,,666,1.00000000,84.49340000,0.03686000,,true
6239,4,HFA,F,,667,1.00000000,84.52390000,0.03686000,,true
6240,4,HFA,F,,668,1.00000000,84.55450000,0.03687000,,true
6241,4,HFA,F,,669,1.00000000,84.58500000,0.03688000,,true
6242,4,HFA,F,,670,1.00000000,84.61540000,0.03689000,,true
6243,4,HFA,F,,671,1.00000000,84.64590000,0.03689000,,true
6244,4,HFA,F,,672,1.00000000,84.67630000,0.03690000,,true
6245,4,HFA,F,,673,1.00000000,84.70670000,0.03691000,,true
6246,4,HFA,F,,674,1.00000000,84.73700000,0.03692000,,true
6247,4,HFA,F,,675,1.00000000,84.76740000,0.03692000,,true
6248,4,HFA,F,,676,1.00000000,84.79770000,0.03693000,,true
6249,4,HFA,F,,677,1.00000000,84.82800000,0.03694000,,true
6250,4,HFA,F,,678,1.00000000,84.85830000,0.03695000,,true
6251,4,HFA,F,,679,1.00000000,84.88850000,0.03695000,,true
6252,4,HFA,F,,680,1.00000000,84.91880000,0.03696000,,true
6253,4,HFA,F,,681,1.00000000,84.94900000,0.03697000,,true
6254,4,HFA,F,,682,1.00000000,84.97910000,0.03698000,,true
6255,4,HFA,F,,683,1.00000000,85.00930000,0.03698000,,true
6256,4,HFA,F,,684,1.00000000,85.03940000,0.03699000,,true
6257,4,HFA,F,,685,1.00000000,85.06950000,0.03700000,,true
6258,4,HFA,F,,686,1.00000000,85.09960000,0.03701000,,true
6259,4,HFA,F,,687,1.00000000,85.12970000,0.03701000,,true
6260,4,HFA,F,,688,1.00000000,85.15970000,0.03702000,,true
6261,4,HFA,F,,689,1.00000000,85.18970000,0.03703000,,true
6262,4,HFA,F,,690,1.00000000,85.21970000,0.03704000,,true
6263,4,HFA,F,,691,1.00000000,85.24970000,0.03704000,,true
6264,4,HFA,F,,692,1.00000000,85.27960000,0.03705000,,true
6265,4,HFA,F,,693,1.00000000,85.30960000,0.03706000,,true
6266,4,HFA,F,,694,1.00000000,85.33950000,0.03706000,,true
6267,4,HFA,F,,695,1.00000000,85.36930000,0.03707000,,true
6268,4,HFA,F,,696,1.00000000,85.39920000,0.03708000,,true
6269,4,HFA,F,,697,1.00000000,85.42900000,0.03709000,,true
6270,4,HFA,F,,698,1.00000000,85.45880000,0.03709000,,true
6271,4,HFA,F,,699,1.00000000,85.48860000,0.03710000,,true
6272,4,HFA,F,,700,1.00000000,85.51840000,0.03711000,,true
6273,4,HFA,F,,701,1.00000000,85.54810000,0.03712000,,true
6274,4,HFA,F,,702,1.00000000,85.57780000,0.03712000,,true
6275,4,HFA,F,,703,1.00000000,85.60750000,0.03713000,,true
6276,4,HFA,F,,704,1.00000000,85.63720000,0.03714000,,true
6277,4,HFA,F,,705,1.00000000,85.66680000,0.03715000,,true
6278,4,HFA,F,,706,1.00000000,85.69640000,0.03715000,,true
6279,4,HFA,F,,707,1.00000000,85.72600000,0.03716000,,true
6280,4,HFA,F,,708,1.00000000,85.75560000,0.03717000,,true
6281,4,HFA,F,,709,1.00000000,85.78520000,0.03718000,,true
6282,4,HFA,F,,710,1.00000000,85.81470000,0.03718000,,true
6283,4,HFA,F,,711,1.00000000,85.84420000,0.03719000,,true
6284,4,HFA,F,,712,1.00000000,85.87370000,0.03720000,,true
6285,4,HFA,F,,713,1.00000000,85.90320000,0.03721000,,true
6286,4,HFA,F,,714,1.00000000,85.93260000,0.03721000,,true
6287,4,HFA,F,,715,1.00000000,85.96210000,0.03722000,,true
6288,4,HFA,F,,716,1.00000000,85.99150000,0.03723000,,true
6289,4,HFA,F,,717,1.00000000,86.02080000,0.03724000,,true
6290,4,HFA,F,,718,1.00000000,86.05020000,0.03724000,,true
6291,4,HFA,F,,719,1.00000000,86.07950000,0.03725000,,true
6292,4,HFA,F,,720,1.00000000,86.10890000,0.03726000,,true
6293,4,HFA,F,,721,1.00000000,86.13810000,0.03727000,,true
6294,4,HFA,F,,722,1.00000000,86.16740000,0.03727000,,true
6295,4,HFA,F,,723,1.00000000,86.19670000,0.03728000,,true
6296,4,HFA,F,,724,1.00000000,86.22590000,0.03729000,,true
6297,4,HFA,F,,725,1.00000000,86.25510000,0.03729000,,true
6298,4,HFA,F,,726,1.00000000,86.28430000,0.03730000,,true
6299,4,HFA,F,,727,1.00000000,86.31340000,0.03731000,,true
6300,4,HFA,F,,728,1.00000000,86.34260000,0.03732000,,true
6301,4,HFA,F,,729,1.00000000,86.37170000,0.03732000,,true
6302,4,HFA,F,,730,1.00000000,86.40080000,0.03733000,,true
6303,4,HFA,F,,731,1.00000000,85.72990000,0.03764000,,true
6304,4,HFA,F,,732,1.00000000,85.75890000,0.03765000,,true
6305,4,HFA,F,,733,1.00000000,85.78800000,0.03766000,,true
6306,4,HFA,F,,734,1.00000000,85.81700000,0.03767000,,true
6307,4,HFA,F,,735,1.00000000,85.84600000,0.03767000,,true
6308,4,HFA,F,,736,1.00000000,85.87490000,0.03768000,,true
6309,4,HFA,F,,737,1.00000000,85.90390000,0.03769000,,true
6310,4,HFA,F,,738,1.00000000,85.93280000,0.03770000,,true
6311,4,HFA,F,,739,1.00000000,85.96170000,0.03770000,,true
6312,4,HFA,F,,740,1.00000000,85.99060000,0.03771000,,true
6313,4,HFA,F,,741,1.00000000,86.01940000,0.03772000,,true
6314,4,HFA,F,,742,1.00000000,86.04830000,0.03772000,,true
6315,4,HFA,F,,743,1.00000000,86.07710000,0.03773000,,true
6316,4,HFA,F,,744,1.00000000,86.10590000,0.03774000,,true
6317,4,HFA,F,,745,1.00000000,86.13470000,0.03775000,,true
6318,4,HFA,F,,746,1.00000000,86.16340000,0.03775000,,true
6319,4,HFA,F,,747,1.00000000,86.19210000,0.03776000,,true
6320,4,HFA,F,,748,1.00000000,86.22090000,0.03777000,,true
6321,4,HFA,F,,749,1.00000000,86.24950000,0.03778000,,true
6322,4,HFA,F,,750,1.00000000,86.27820000,0.03778000,,true
6323,4,HFA,F,,751,1.00000000,86.30690000,0.03779000,,true
6324,4,HFA,F,,752,1.00000000,86.33550000,0.03780000,,true
6325,4,HFA,F,,753,1.00000000,86.36410000,0.03780000,,true
6326,4,HFA,F,,754,1.00000000,86.39270000,0.03781000,,true
6327,4,HFA,F,,755,1.00000000,86.42120000,0.03782000,,true
6328,4,HFA,F,,756,1.00000000,86.44980000,0.03783000,,true
6329,4,HFA,F,,757,1.00000000,86.47830000,0.03783000,,true
6330,4,HFA,F,,758,1.00000000,86.50680000,0.03784000,,true
6331,4,HFA,F,,759,1.00000000,86.53530000,0.03785000,,true
6332,4,HFA,F,,760,1.00000000,86.56380000,0.03786000,,true
6333,4,HFA,F,,761,1.00000000,86.59220000,0.03786000,,true
6334,4,HFA,F,,762,1.00000000,86.62060000,0.03787000,,true
6335,4,HFA,F,,763,1.00000000,86.64900000,0.03788000,,true
6336,4,HFA,F,,764,1.00000000,86.67740000,0.03788000,,true
6337,4,HFA,F,,765,1.00000000,86.70570000,0.03789000,,true
6338,4,HFA,F,,766,1.00000000,86.73410000,0.03790000,,true
6339,4,HFA,F,,767,1.00000000,86.76240000,0.03791000,,true
6340,4,HFA,F,,768,1.00000000,86.79070000,0.03791000,,true
6341,4,HFA,F,,769,1.00000000,86.81900000,0.03792000,,true
6342,4,HFA,F,,770,1.00000000,86.84720000,0.03793000,,true
6343,4,HFA,F,,771,1.00000000,86.87540000,0.03794000,,true
6344,4,HFA,F,,772,1.00000000,86.90370000,0.03794000,,true
6345,4,HFA,F,,773,1.00000000,86.93190000,0.03795000,,true
6346,4,HFA,F,,774,1.00000000,86.96000000,0.03796000,,true
6347,4,HFA,F,,775,1.00000000,86.98820000,0.03796000,,true
6348,4,HFA,F,,776,1.00000000,87.01630000,0.03797000,,true
6349,4,HFA,F,,777,1.00000000,87.04440000,0.03798000,,true
6350,4,HFA,F,,778,1.00000000,87.07250000,0.03799000,,true
6351,4,HFA,F,,779,1.00000000,87.10060000,0.03799000,,true
6352,4,HFA,F,,780,1.00000000,87.12860000,0.03800000,,true
6353,4,HFA,F,,781,1.00000000,87.15670000,0.03801000,,true
6354,4,HFA,F,,782,1.00000000,87.18470000,0.03801000,,true
6355,4,HFA,F,,783,1.00000000,87.21260000,0.03802000,,true
6356,4,HFA,F,,784,1.00000000,87.24060000,0.03803000,,true
6357,4,HFA,F,,785,1.00000000,87.26860000,0.03804000,,true
6358,4,HFA,F,,786,1.00000000,87.29650000,0.03804000,,true
6359,4,HFA,F,,787,1.00000000,87.32440000,0.03805000,,true
6360,4,HFA,F,,788,1.00000000,87.35230000,0.03806000,,true
6361,4,HFA,F,,789,1.00000000,87.38010000,0.03806000,,true
6362,4,HFA,F,,790,1.00000000,87.40800000,0.03807000,,true
6363,4,HFA,F,,791,1.00000000,87.43580000,0.03808000,,true
6364,4,HFA,F,,792,1.00000000,87.46360000,0.03809000,,true
6365,4,HFA,F,,793,1.00000000,87.49140000,0.03809000,,true
6366,4,HFA,F,,794,1.00000000,87.51920000,0.03810000,,true
6367,4,HFA,F,,795,1.00000000,87.54690000,0.03811000,,true
6368,4,HFA,F,,796,1.00000000,87.57460000,0.03812000,,true
6369,4,HFA,F,,797,1.00000000,87.60230000,0.03812000,,true
6370,4,HFA,F,,798,1.00000000,87.63000000,0.03813000,,true
6371,4,HFA,F,,799,1.00000000,87.65770000,0.03814000,,true
6372,4,HFA,F,,800,1.00000000,87.68530000,0.03814000,,true
6373,4,HFA,F,,801,1.00000000,87.71290000,0.03815000,,true
6374,4,HFA,F,,802,1.00000000,87.74050000,0.03816000,,true
6375,4,HFA,F,,803,1.00000000,87.76810000,0.03817000,,true
6376,4,HFA,F,,804,1.00000000,87.79560000,0.03817000,,true
6377,4,HFA,F,,805,1.00000000,87.82320000,0.03818000,,true
6378,4,HFA,F,,806,1.00000000,87.85070000,0.03819000,,true
6379,4,HFA,F,,807,1.00000000,87.87820000,0.03819000,,true
6380,4,HFA,F,,808,1.00000000,87.90560000,0.03820000,,true
6381,4,HFA,F,,809,1.00000000,87.93310000,0.03821000,,true
6382,4,HFA,F,,810,1.00000000,87.96050000,0.03821000,,true
6383,4,HFA,F,,811,1.00000000,87.98790000,0.03822000,,true
6384,4,HFA,F,,812,1.00000000,88.01530000,0.03823000,,true
6385,4,HFA,F,,813,1.00000000,88.04270000,0.03824000,,true
6386,4,HFA,F,,814,1.00000000,88.07000000,0.03824000,,true
6387,4,HFA,F,,815,1.00000000,88.09740000,0.03825000,,true
6388,4,HFA,F,,816,1.00000000,88.12470000,0.03826000,,true
6389,4,HFA,F,,817,1.00000000,88.15190000,0.03826000,,true
6390,4,HFA,F,,818,1.00000000,88.17920000,0.03827000,,true
6391,4,HFA,F,,819,1.00000000,88.20650000,0.03828000,,true
6392,4,HFA,F,,820,1.00000000,88.23370000,0.03829000,,true
6393,4,HFA,F,,821,1.00000000,88.26090000,0.03829000,,true
6394,4,HFA,F,,822,1.00000000,88.28810000,0.03830000,,true
6395,4,HFA,F,,823,1.00000000,88.31520000,0.03831000,,true
6396,4,HFA,F,,824,1.00000000,88.34230000,0.03831000,,true
6397,4,HFA,F,,825,1.00000000,88.36950000,0.03832000,,true
6398,4,HFA,F,,826,1.00000000,88.39660000,0.03833000,,true
6399,4,HFA,F,,827,1.00000000,88.42360000,0.03834000,,true
6400,4,HFA,F,,828,1.00000000,88.45070000,0.03834000,,true
6401,4,HFA,F,,829,1.00000000,88.47770000,0.03835000,,true
6402,4,HFA,F,,830,1.00000000,88.50470000,0.03836000,,true
6403,4,HFA,F,,831,1.00000000,88.53170000,0.03836000,,true
6404,4,HFA,F,,832,1.00000000,88.55870000,0.03837000,,true
6405,4,HFA,F,,833,1.00000000,88.58560000,0.03838000,,true
6406,4,HFA,F,,834,1.00000000,88.61260000,0.03838000,,true
6407,4,HFA,F,,835,1.00000000,88.63950000,0.03839000,,true
6408,4,HFA,F,,836,1.00000000,88.66640000,0.03840000,,true
6409,4,HFA,F,,837,1.00000000,88.69320000,0.03841000,,true
6410,4,HFA,F,,838,1.00000000,88.72010000,0.03841000,,true
6411,4,HFA,F,,839,1.00000000,88.74690000,0.03842000,,true
6412,4,HFA,F,,840,1.00000000,88.77370000,0.03843000,,true
6413,4,HFA,F,,841,1.00000000,88.80050000,0.03843000,,true
6414,4,HFA,F,,842,1.00000000,88.82730000,0.03844000,,true
6415,4,HFA,F,,843,1.00000000,88.85400000,0.03845000,,true
6416,4,HFA,F,,844,1.00000000,88.88070000,0.03845000,,true
6417,4,HFA,F,,845,1.00000000,88.90740000,0.03846000,,true
6418,4,HFA,F,,846,1.00000000,88.93410000,0.03847000,,true
6419,4,HFA,F,,847,1.00000000,88.96080000,0.03848000,,true
6420,4,HFA,F,,848,1.00000000,88.98740000,0.03848000,,true
6421,4,HFA,F,,849,1.00000000,89.01400000,0.03849000,,true
6422,4,HFA,F,,850,1.00000000,89.04060000,0.03850000,,true
6423,4,HFA,F,,851,1.00000000,89.06720000,0.03850000,,true
6424,4,HFA,F,,852,1.00000000,89.09380000,0.03851000,,true
6425,4,HFA,F,,853,1.00000000,89.12030000,0.03852000,,true
6426,4,HFA,F,,854,1.00000000,89.14680000,0.03852000,,true
6427,4,HFA,F,,855,1.00000000,89.17330000,0.03853000,,true
6428,4,HFA,F,,856,1.00000000,89.19980000,0.03854000,,true
6429,4,HFA,F,,857,1.00000000,89.22630000,0.03855000,,true
6430,4,HFA,F,,858,1.00000000,89.25270000,0.03855000,,true
6431,4,HFA,F,,859,1.00000000,89.27910000,0.03856000,,true
6432,4,HFA,F,,860,1.00000000,89.30550000,0.03857000,,true
6433,4,HFA,F,,861,1.00000000,89.33190000,0.03857000,,true
6434,4,HFA,F,,862,1.00000000,89.35830000,0.03858000,,true
6435,4,HFA,F,,863,1.00000000,89.38460000,0.03859000,,true
6436,4,HFA,F,,864,1.00000000,89.41090000,0.03859000,,true
6437,4,HFA,F,,865,1.00000000,89.43720000,0.03860000,,true
6438,4,HFA,F,,866,1.00000000,89.46350000,0.03861000,,true
6439,4,HFA,F,,867,1.00000000,89.48980000,0.03861000,,true
6440,4,HFA,F,,868,1.00000000,89.51600000,0.03862000,,true
6441,4,HFA,F,,869,1.00000000,89.54220000,0.03863000,,true
6442,4,HFA,F,,870,1.00000000,89.56840000,0.03864000,,true
6443,4,HFA,F,,871,1.00000000,89.59460000,0.03864000,,true
6444,4,HFA,F,,872,1.00000000,89.62080000,0.03865000,,true
6445,4,HFA,F,,873,1.00000000,89.64690000,0.03866000,,true
6446,4,HFA,F,,874,1.00000000,89.67300000,0.03866000,,true
6447,4,HFA,F,,875,1.00000000,89.69910000,0.03867000,,true
6448,4,HFA,F,,876,1.00000000,89.72520000,0.03868000,,true
6449,4,HFA,F,,877,1.00000000,89.75130000,0.03868000,,true
6450,4,HFA,F,,878,1.00000000,89.77730000,0.03869000,,true
6451,4,HFA,F,,879,1.00000000,89.80330000,0.03870000,,true
6452,4,HFA,F,,880,1.00000000,89.82930000,0.03870000,,true
6453,4,HFA,F,,881,1.00000000,89.85530000,0.03871000,,true
6454,4,HFA,F,,882,1.00000000,89.88130000,0.03872000,,true
6455,4,HFA,F,,883,1.00000000,89.90720000,0.03872000,,true
6456,4,HFA,F,,884,1.00000000,89.93310000,0.03873000,,true
6457,4,HFA,F,,885,1.00000000,89.95910000,0.03874000,,true
6458,4,HFA,F,,886,1.00000000,89.98490000,0.03874000,,true
6459,4,HFA,F,,887,1.00000000,90.01080000,0.03875000,,true
6460,4,HFA,F,,888,1.00000000,90.03660000,0.03876000,,true
6461,4,HFA,F,,889,1.00000000,90.06250000,0.03877000,,true
6462,4,HFA,F,,890,1.00000000,90.08830000,0.03877000,,true
6463,4,HFA,F,,891,1.00000000,90.11410000,0.03878000,,true
6464,4,HFA,F,,892,1.00000000,90.13980000,0.03879000,,true
6465,4,HFA,F,,893,1.00000000,90.16560000,0.03879000,,true
6466,4,HFA,F,,894,1.00000000,90.19130000,0.03880000,,true
6467,4,HFA,F,,895,1.00000000,90.21700000,0.03881000,,true
6468,4,HFA,F,,896,1.00000000,90.24270000,0.03881000,,true
6469,4,HFA,F,,897,1.00000000,90.26840000,0.03882000,,true
6470,4,HFA,F,,898,1.00000000,90.29400000,0.03883000,,true
6471,4,HFA,F,,899,1.00000000,90.31970000,0.03883000,,true
6472,4,HFA,F,,900,1.00000000,90.34530000,0.03884000,,true
6473,4,HFA,F,,901,1.00000000,90.37090000,0.03885000,,true
6474,4,HFA,F,,902,1.00000000,90.39650000,0.03885000,,true
6475,4,HFA,F,,903,1.00000000,90.42200000,0.03886000,,true
6476,4,HFA,F,,904,1.00000000,90.44760000,0.03887000,,true
6477,4,HFA,F,,905,1.00000000,90.47310000,0.03887000,,true
6478,4,HFA,F,,906,1.00000000,90.49860000,0.03888000,,true
6479,4,HFA,F,,907,1.00000000,90.52400000,0.03889000,,true
6480,4,HFA,F,,908,1.00000000,90.54950000,0.03889000,,true
6481,4,HFA,F,,909,1.00000000,90.57500000,0.03890000,,true
6482,4,HFA,F,,910,1.00000000,90.60040000,0.03891000,,true
6483,4,HFA,F,,911,1.00000000,90.62580000,0.03891000,,true
6484,4,HFA,F,,912,1.00000000,90.65120000,0.03892000,,true
6485,4,HFA,F,,913,1.00000000,90.67650000,0.03893000,,true
6486,4,HFA,F,,914,1.00000000,90.70190000,0.03893000,,true
6487,4,HFA,F,,915,1.00000000,90.72720000,0.03894000,,true
6488,4,HFA,F,,916,1.00000000,90.75250000,0.03895000,,true
6489,4,HFA,F,,917,1.00000000,90.77780000,0.03895000,,true
6490,4,HFA,F,,918,1.00000000,90.80310000,0.03896000,,true
6491,4,HFA,F,,919,1.00000000,90.82830000,0.03897000,,true
6492,4,HFA,F,,920,1.00000000,90.85360000,0.03897000,,true
6493,4,HFA,F,,921,1.00000000,90.87880000,0.03898000,,true
6494,4,HFA,F,,922,1.00000000,90.90400000,0.03899000,,true
6495,4,HFA,F,,923,1.00000000,90.92920000,0.03899000,,true
6496,4,HFA,F,,924,1.00000000,90.95440000,0.03900000,,true
6497,4,HFA,F,,925,1.00000000,90.97950000,0.03901000,,true
6498,4,HFA,F,,926,1.00000000,91.00460000,0.03901000,,true
6499,4,HFA,F,,927,1.00000000,91.02970000,0.03902000,,true
6500,4,HFA,F,,928,1.00000000,91.05480000,0.03903000,,true
6501,4,HFA,F,,929,1.00000000,91.07990000,0.03903000,,true
6502,4,HFA,F,,930,1.00000000,91.10500000,0.03904000,,true
6503,4,HFA,F,,931,1.00000000,91.13000000,0.03905000,,true
6504,4,HFA,F,,932,1.00000000,91.15500000,0.03905000,,true
6505,4,HFA,F,,933,1.00000000,91.18000000,0.03906000,,true
6506,4,HFA,F,,934,1.00000000,91.20500000,0.03907000,,true
6507,4,HFA,F,,935,1.00000000,91.23000000,0.03907000,,true
6508,4,HFA,F,,936,1.00000000,91.25490000,0.03908000,,true
6509,4,HFA,F,,937,1.00000000,91.27990000,0.03909000,,true
6510,4,HFA,F,,938,1.00000000,91.30480000,0.03909000,,true
6511,4,HFA,F,,939,1.00000000,91.32970000,0.03910000,,true
6512,4,HFA,F,,940,1.00000000,91.35450000,0.03911000,,true
6513,4,HFA,F,,941,1.00000000,91.37940000,0.03911000,,true
6514,4,HFA,F,,942,1.00000000,91.40430000,0.03912000,,true
6515,4,HFA,F,,943,1.00000000,91.42910000,0.03913000,,true
6516,4,HFA,F,,944,1.00000000,91.45390000,0.03913000,,true
6517,4,HFA,F,,945,1.00000000,91.47870000,0.03914000,,true
6518,4,HFA,F,,946,1.00000000,91.50350000,0.03915000,,true
6519,4,HFA,F,,947,1.00000000,91.52820000,0.03915000,,true
6520,4,HFA,F,,948,1.00000000,91.55300000,0.03916000,,true
6521,4,HFA,F,,949,1.00000000,91.57770000,0.03917000,,true
6522,4,HFA,F,,950,1.00000000,91.60240000,0.03917000,,true
6523,4,HFA,F,,951,1.00000000,91.62710000,0.03918000,,true
6524,4,HFA,F,,952,1.00000000,91.65180000,0.03918000,,true
6525,4,HFA,F,,953,1.00000000,91.67640000,0.03919000,,true
6526,4,HFA,F,,954,1.00000000,91.70110000,0.03920000,,true
6527,4,HFA,F,,955,1.00000000,91.72570000,0.03920000,,true
6528,4,HFA,F,,956,1.00000000,91.75030000,0.03921000,,true
6529,4,HFA,F,,957,1.00000000,91.77490000,0.03922000,,true
6530,4,HFA,F,,958,1.00000000,91.79950000,0.03922000,,true
6531,4,HFA,F,,959,1.00000000,91.82410000,0.03923000,,true
6532,4,HFA,F,,960,1.00000000,91.84860000,0.03924000,,true
6533,4,HFA,F,,961,1.00000000,91.87310000,0.03924000,,true
6534,4,HFA,F,,962,1.00000000,91.89760000,0.03925000,,true
6535,4,HFA,F,,963,1.00000000,91.92210000,0.03926000,,true
6536,4,HFA,F,,964,1.00000000,91.94660000,0.03926000,,true
6537,4,HFA,F,,965,1.00000000,91.97110000,0.03927000,,true
6538,4,HFA,F,,966,1.00000000,91.99550000,0.03928000,,true
6539,4,HFA,F,,967,1.00000000,92.02000000,0.03928000,,true
6540,4,HFA,F,,968,1.00000000,92.04440000,0.03929000,,true
6541,4,HFA,F,,969,1.00000000,92.06880000,0.03929000,,true
6542,4,HFA,F,,970,1.00000000,92.09320000,0.03930000,,true
6543,4,HFA,F,,971,1.00000000,92.11750000,0.03931000,,true
6544,4,HFA,F,,972,1.00000000,92.14190000,0.03931000,,true
6545,4,HFA,F,,973,1.00000000,92.16620000,0.03932000,,true
6546,4,HFA,F,,974,1.00000000,92.19060000,0.03933000,,true
6547,4,HFA,F,,975,1.00000000,92.21490000,0.03933000,,true
6548,4,HFA,F,,976,1.00000000,92.23920000,0.03934000,,true
6549,4,HFA,F,,977,1.00000000,92.26350000,0.03935000,,true
6550,4,HFA,F,,978,1.00000000,92.28770000,0.03935000,,true
6551,4,HFA,F,,979,1.00000000,92.31200000,0.03936000,,true
6552,4,HFA,F,,980,1.00000000,92.33620000,0.03936000,,true
6553,4,HFA,F,,981,1.00000000,92.36040000,0.03937000,,true
6554,4,HFA,F,,982,1.00000000,92.38460000,0.03938000,,true
6555,4,HFA,F,,983,1.00000000,92.40880000,0.03938000,,true
6556,4,HFA,F,,984,1.00000000,92.43300000,0.03939000,,true
6557,4,HFA,F,,985,1.00000000,92.45720000,0.03940000,,true
6558,4,HFA,F,,986,1.00000000,92.48130000,0.03940000,,true
6559,4,HFA,F,,987,1.00000000,92.50540000,0.03941000,,true
6560,4,HFA,F,,988,1.00000000,92.52950000,0.03942000,,true
6561,4,HFA,F,,989,1.00000000,92.55360000,0.03942000,,true
6562,4,HFA,F,,990,1.00000000,92.57770000,0.03943000,,true
6563,4,HFA,F,,991,1.00000000,92.60180000,0.03943000,,true
6564,4,HFA,F,,992,1.00000000,92.62590000,0.03944000,,true
6565,4,HFA,F,,993,1.00000000,92.64990000,0.03945000,,true
6566,4,HFA,F,,994,1.00000000,92.67390000,0.03945000,,true
6567,4,HFA,F,,995,1.00000000,92.69800000,0.03946000,,true
6568,4,HFA,F,,996,1.00000000,92.72200000,0.03947000,,true
6569,4,HFA,F,,997,1.00000000,92.74590000,0.03947000,,true
6570,4,HFA,F,,998,1.00000000,92.76990000,0.03948000,,true
6571,4,HFA,F,,999,1.00000000,92.79390000,0.03948000,,true
6572,4,HFA,F,,1000,1.00000000,92.81780000,0.03949000,,true
6573,4,HFA,F,,1001,1.00000000,92.84180000,0.03950000,,true
6574,4,HFA,F,,1002,1.00000000,92.86570000,0.03950000,,true
6575,4,HFA,F,,1003,1.00000000,92.88960000,0.03951000,,true
6576,4,HFA,F,,1004,1.00000000,92.91350000,0.03952000,,true
6577,4,HFA,F,,1005,1.00000000,92.93730000,0.03952000,,true
6578,4,HFA,F,,1006,1.00000000,92.96120000,0.03953000,,true
6579,4,HFA,F,,1007,1.00000000,92.98500000,0.03953000,,true
6580,4,HFA,F,,1008,1.00000000,93.00890000,0.03954000,,true
6581,4,HFA,F,,1009,1.00000000,93.03270000,0.03955000,,true
6582,4,HFA,F,,1010,1.00000000,93.05650000,0.03955000,,true
6583,4,HFA,F,,1011,1.00000000,93.08030000,0.03956000,,true
6584,4,HFA,F,,1012,1.00000000,93.10410000,0.03957000,,true
6585,4,HFA,F,,1013,1.00000000,93.12780000,0.03957000,,true
6586,4,HFA,F,,1014,1.00000000,93.15160000,0.03958000,,true
6587,4,HFA,F,,1015,1.00000000,93.17530000,0.03958000,,true
6588,4,HFA,F,,1016,1.00000000,93.19910000,0.03959000,,true
6589,4,HFA,F,,1017,1.00000000,93.22280000,0.03960000,,true
6590,4,HFA,F,,1018,1.00000000,93.24650000,0.03960000,,true
6591,4,HFA,F,,1019,1.00000000,93.27020000,0.03961000,,true
6592,4,HFA,F,,1020,1.00000000,93.29380000,0.03961000,,true
6593,4,HFA,F,,1021,1.00000000,93.31750000,0.03962000,,true
6594,4,HFA,F,,1022,1.00000000,93.34110000,0.03963000,,true
6595,4,HFA,F,,1023,1.00000000,93.36480000,0.03963000,,true
6596,4,HFA,F,,1024,1.00000000,93.38840000,0.03964000,,true
6597,4,HFA,F,,1025,1.00000000,93.41200000,0.03964000,,true
6598,4,HFA,F,,1026,1.00000000,93.43560000,0.03965000,,true
6599,4,HFA,F,,1027,1.00000000,93.45920000,0.03966000,,true
6600,4,HFA,F,,1028,1.00000000,93.48270000,0.03966000,,true
6601,4,HFA,F,,1029,1.00000000,93.50630000,0.03967000,,true
6602,4,HFA,F,,1030,1.00000000,93.52980000,0.03968000,,true
6603,4,HFA,F,,1031,1.00000000,93.55340000,0.03968000,,true
6604,4,HFA,F,,1032,1.00000000,93.57690000,0.03969000,,true
6605,4,HFA,F,,1033,1.00000000,93.60040000,0.03969000,,true
6606,4,HFA,F,,1034,1.00000000,93.62390000,0.03970000,,true
6607,4,HFA,F,,1035,1.00000000,93.64730000,0.03971000,,true
6608,4,HFA,F,,1036,1.00000000,93.67080000,0.03971000,,true
6609,4,HFA,F,,1037,1.00000000,93.69430000,0.03972000,,true
6610,4,HFA,F,,1038,1.00000000,93.71770000,0.03972000,,true
6611,4,HFA,F,,1039,1.00000000,93.74110000,0.03973000,,true
6612,4,HFA,F,,1040,1.00000000,93.76460000,0.03974000,,true
6613,4,HFA,F,,1041,1.00000000,93.78800000,0.03974000,,true
6614,4,HFA,F,,1042,1.00000000,93.81130000,0.03975000,,true
6615,4,HFA,F,,1043,1.00000000,93.83470000,0.03975000,,true
6616,4,HFA,F,,1044,1.00000000,93.85810000,0.03976000,,true
6617,4,HFA,F,,1045,1.00000000,93.88140000,0.03977000,,true
6618,4,HFA,F,,1046,1.00000000,93.90480000,0.03977000,,true
6619,4,HFA,F,,1047,1.00000000,93.92810000,0.03978000,,true
6620,4,HFA,F,,1048,1.00000000,93.95140000,0.03978000,,true
6621,4,HFA,F,,1049,1.00000000,93.97470000,0.03979000,,true
6622,4,HFA,F,,1050,1.00000000,93.99800000,0.03980000,,true
6623,4,HFA,F,,1051,1.00000000,94.02130000,0.03980000,,true
6624,4,HFA,F,,1052,1.00000000,94.04460000,0.03981000,,true
6625,4,HFA,F,,1053,1.00000000,94.06780000,0.03981000,,true
6626,4,HFA,F,,1054,1.00000000,94.09110000,0.03982000,,true
6627,4,HFA,F,,1055,1.00000000,94.11430000,0.03983000,,true
6628,4,HFA,F,,1056,1.00000000,94.13760000,0.03983000,,true
6629,4,HFA,F,,1057,1.00000000,94.16080000,0.03984000,,true
6630,4,HFA,F,,1058,1.00000000,94.18400000,0.03984000,,true
6631,4,HFA,F,,1059,1.00000000,94.20710000,0.03985000,,true
6632,4,HFA,F,,1060,1.00000000,94.23030000,0.03986000,,true
6633,4,HFA,F,,1061,1.00000000,94.25350000,0.03986000,,true
6634,4,HFA,F,,1062,1.00000000,94.27660000,0.03987000,,true
6635,4,HFA,F,,1063,1.00000000,94.29980000,0.03987000,,true
6636,4,HFA,F,,1064,1.00000000,94.32290000,0.03988000,,true
6637,4,HFA,F,,1065,1.00000000,94.34600000,0.03989000,,true
6638,4,HFA,F,,1066,1.00000000,94.36910000,0.03989000,,true
6639,4,HFA,F,,1067,1.00000000,94.39220000,0.03990000,,true
6640,4,HFA,F,,1068,1.00000000,94.41530000,0.03990000,,true
6641,4,HFA,F,,1069,1.00000000,94.43840000,0.03991000,,true
6642,4,HFA,F,,1070,1.00000000,94.46150000,0.03991000,,true
6643,4,HFA,F,,1071,1.00000000,94.48450000,0.03992000,,true
6644,4,HFA,F,,1072,1.00000000,94.50750000,0.03993000,,true
6645,4,HFA,F,,1073,1.00000000,94.53060000,0.03993000,,true
6646,4,HFA,F,,1074,1.00000000,94.55360000,0.03994000,,true
6647,4,HFA,F,,1075,1.00000000,94.57660000,0.03994000,,true
6648,4,HFA,F,,1076,1.00000000,94.59960000,0.03995000,,true
6649,4,HFA,F,,1077,1.00000000,94.62260000,0.03996000,,true
6650,4,HFA,F,,1078,1.00000000,94.64550000,0.03996000,,true
6651,4,HFA,F,,1079,1.00000000,94.66850000,0.03997000,,true
6652,4,HFA,F,,1080,1.00000000,94.69140000,0.03997000,,true
6653,4,HFA,F,,1081,1.00000000,94.71440000,0.03998000,,true
6654,4,HFA,F,,1082,1.00000000,94.73730000,0.03999000,,true
6655,4,HFA,F,,1083,1.00000000,94.76020000,0.03999000,,true
6656,4,HFA,F,,1084,1.00000000,94.78310000,0.04000000,,true
6657,4,HFA,F,,1085,1.00000000,94.80600000,0.04000000,,true
6658,4,HFA,F,,1086,1.00000000,94.82890000,0.04001000,,true
6659,4,HFA,F,,1087,1.00000000,94.85180000,0.04001000,,true
6660,4,HFA,F,,1088,1.00000000,94.87470000,0.04002000,,true
6661,4,HFA,F,,1089,1.00000000,94.89750000,0.04003000,,true
6662,4,HFA,F,,1090,1.00000000,94.92030000,0.04003000,,true
6663,4,HFA,F,,1091,1.00000000,94.94320000,0.04004000,,true
6664,4,HFA,F,,1092,1.00000000,94.96600000,0.04004000,,true
6665,4,HFA,F,,1093,1.00000000,94.98880000,0.04005000,,true
6666,4,HFA,F,,1094,1.00000000,95.01160000,0.04005000,,true
6667,4,HFA,F,,1095,1.00000000,95.03440000,0.04006000,,true
6668,4,HFA,F,,1096,1.00000000,95.05720000,0.04007000,,true
6669,4,HFA,F,,1097,1.00000000,95.07990000,0.04007000,,true
6670,4,HFA,F,,1098,1.00000000,95.10270000,0.04008000,,true
6671,4,HFA,F,,1099,1.00000000,95.12540000,0.04008000,,true
6672,4,HFA,F,,1100,1.00000000,95.14820000,0.04009000,,true
6673,4,HFA,F,,1101,1.00000000,95.17090000,0.04009000,,true
6674,4,HFA,F,,1102,1.00000000,95.19360000,0.04010000,,true
6675,4,HFA,F,,1103,1.00000000,95.21630000,0.04011000,,true
6676,4,HFA,F,,1104,1.00000000,95.23900000,0.04011000,,true
6677,4,HFA,F,,1105,1.00000000,95.26170000,0.04012000,,true
6678,4,HFA,F,,1106,1.00000000,95.28440000,0.04012000,,true
6679,4,HFA,F,,1107,1.00000000,95.30700000,0.04013000,,true
6680,4,HFA,F,,1108,1.00000000,95.32970000,0.04013000,,true
6681,4,HFA,F,,1109,1.00000000,95.35230000,0.04014000,,true
6682,4,HFA,F,,1110,1.00000000,95.37500000,0.04015000,,true
6683,4,HFA,F,,1111,1.00000000,95.39760000,0.04015000,,true
6684,4,HFA,F,,1112,1.00000000,95.42020000,0.04016000,,true
6685,4,HFA,F,,1113,1.00000000,95.44280000,0.04016000,,true
6686,4,HFA,F,,1114,1.00000000,95.46540000,0.04017000,,true
6687,4,HFA,F,,1115,1.00000000,95.48800000,0.04017000,,true
6688,4,HFA,F,,1116,1.00000000,95.51050000,0.04018000,,true
6689,4,HFA,F,,1117,1.00000000,95.53310000,0.04019000,,true
6690,4,HFA,F,,1118,1.00000000,95.55560000,0.04019000,,true
6691,4,HFA,F,,1119,1.00000000,95.57820000,0.04020000,,true
6692,4,HFA,F,,1120,1.00000000,95.60070000,0.04020000,,true
6693,4,HFA,F,,1121,1.00000000,95.62320000,0.04021000,,true
6694,4,HFA,F,,1122,1.00000000,95.64570000,0.04021000,,true
6695,4,HFA,F,,1123,1.00000000,95.66820000,0.04022000,,true
6696,4,HFA,F,,1124,1.00000000,95.69070000,0.04023000,,true
6697,4,HFA,F,,1125,1.00000000,95.71320000,0.04023000,,true
6698,4,HFA,F,,1126,1.00000000,95.73560000,0.04024000,,true
6699,4,HFA,F,,1127,1.00000000,95.75810000,0.04024000,,true
6700,4,HFA,F,,1128,1.00000000,95.78050000,0.04025000,,true
6701,4,HFA,F,,1129,1.00000000,95.80300000,0.04025000,,true
6702,4,HFA,F,,1130,1.00000000,95.82540000,0.04026000,,true
6703,4,HFA,F,,1131,1.00000000,95.84780000,0.04026000,,true
6704,4,HFA,F,,1132,1.00000000,95.87020000,0.04027000,,true
6705,4,HFA,F,,1133,1.00000000,95.89260000,0.04028000,,true
6706,4,HFA,F,,1134,1.00000000,95.91500000,0.04028000,,true
6707,4,HFA,F,,1135,1.00000000,95.93740000,0.04029000,,true
6708,4,HFA,F,,1136,1.00000000,95.95970000,0.04029000,,true
6709,4,HFA,F,,1137,1.00000000,95.98210000,0.04030000,,true
6710,4,HFA,F,,1138,1.00000000,96.00440000,0.04030000,,true
6711,4,HFA,F,,1139,1.00000000,96.02680000,0.04031000,,true
6712,4,HFA,F,,1140,1.00000000,96.04910000,0.04032000,,true
6713,4,HFA,F,,1141,1.00000000,96.07140000,0.04032000,,true
6714,4,HFA,F,,1142,1.00000000,96.09370000,0.04033000,,true
6715,4,HFA,F,,1143,1.00000000,96.11600000,0.04033000,,true
6716,4,HFA,F,,1144,1.00000000,96.13830000,0.04034000,,true
6717,4,HFA,F,,1145,1.00000000,96.16060000,0.04034000,,true
6718,4,HFA,F,,1146,1.00000000,96.18280000,0.04035000,,true
6719,4,HFA,F,,1147,1.00000000,96.20510000,0.04035000,,true
6720,4,HFA,F,,1148,1.00000000,96.22730000,0.04036000,,true
6721,4,HFA,F,,1149,1.00000000,96.24950000,0.04036000,,true
6722,4,HFA,F,,1150,1.00000000,96.27180000,0.04037000,,true
6723,4,HFA,F,,1151,1.00000000,96.29400000,0.04038000,,true
6724,4,HFA,F,,1152,1.00000000,96.31620000,0.04038000,,true
6725,4,HFA,F,,1153,1.00000000,96.33840000,0.04039000,,true
6726,4,HFA,F,,1154,1.00000000,96.36060000,0.04039000,,true
6727,4,HFA,F,,1155,1.00000000,96.38270000,0.04040000,,true
6728,4,HFA,F,,1156,1.00000000,96.40490000,0.04040000,,true
6729,4,HFA,F,,1157,1.00000000,96.42700000,0.04041000,,true
6730,4,HFA,F,,1158,1.00000000,96.44920000,0.04041000,,true
6731,4,HFA,F,,1159,1.00000000,96.47130000,0.04042000,,true
6732,4,HFA,F,,1160,1.00000000,96.49340000,0.04043000,,true
6733,4,HFA,F,,1161,1.00000000,96.51560000,0.04043000,,true
6734,4,HFA,F,,1162,1.00000000,96.53770000,0.04044000,,true
6735,4,HFA,F,,1163,1.00000000,96.55980000,0.04044000,,true
6736,4,HFA,F,,1164,1.00000000,96.58180000,0.04045000,,true
6737,4,HFA,F,,1165,1.00000000,96.60390000,0.04045000,,true
6738,4,HFA,F,,1166,1.00000000,96.62600000,0.04046000,,true
6739,4,HFA,F,,1167,1.00000000,96.64800000,0.04046000,,true
6740,4,HFA,F,,1168,1.00000000,96.67010000,0.04047000,,true
6741,4,HFA,F,,1169,1.00000000,96.69210000,0.04047000,,true
6742,4,HFA,F,,1170,1.00000000,96.71410000,0.04048000,,true
6743,4,HFA,F,,1171,1.00000000,96.73620000,0.04049000,,true
6744,4,HFA,F,,1172,1.00000000,96.75820000,0.04049000,,true
6745,4,HFA,F,,1173,1.00000000,96.78020000,0.04050000,,true
6746,4,HFA,F,,1174,1.00000000,96.80210000,0.04050000,,true
6747,4,HFA,F,,1175,1.00000000,96.82410000,0.04051000,,true
6748,4,HFA,F,,1176,1.00000000,96.84610000,0.04051000,,true
6749,4,HFA,F,,1177,1.00000000,96.86800000,0.04052000,,true
6750,4,HFA,F,,1178,1.00000000,96.89000000,0.04052000,,true
6751,4,HFA,F,,1179,1.00000000,96.91190000,0.04053000,,true
6752,4,HFA,F,,1180,1.00000000,96.93390000,0.04053000,,true
6753,4,HFA,F,,1181,1.00000000,96.95580000,0.04054000,,true
6754,4,HFA,F,,1182,1.00000000,96.97770000,0.04054000,,true
6755,4,HFA,F,,1183,1.00000000,96.99960000,0.04055000,,true
6756,4,HFA,F,,1184,1.00000000,97.02150000,0.04056000,,true
6757,4,HFA,F,,1185,1.00000000,97.04340000,0.04056000,,true
6758,4,HFA,F,,1186,1.00000000,97.06520000,0.04057000,,true
6759,4,HFA,F,,1187,1.00000000,97.08710000,0.04057000,,true
6760,4,HFA,F,,1188,1.00000000,97.10890000,0.04058000,,true
6761,4,HFA,F,,1189,1.00000000,97.13080000,0.04058000,,true
6762,4,HFA,F,,1190,1.00000000,97.15260000,0.04059000,,true
6763,4,HFA,F,,1191,1.00000000,97.17440000,0.04059000,,true
6764,4,HFA,F,,1192,1.00000000,97.19630000,0.04060000,,true
6765,4,HFA,F,,1193,1.00000000,97.21810000,0.04060000,,true
6766,4,HFA,F,,1194,1.00000000,97.23990000,0.04061000,,true
6767,4,HFA,F,,1195,1.00000000,97.26160000,0.04061000,,true
6768,4,HFA,F,,1196,1.00000000,97.28340000,0.04062000,,true
6769,4,HFA,F,,1197,1.00000000,97.30520000,0.04063000,,true
6770,4,HFA,F,,1198,1.00000000,97.32690000,0.04063000,,true
6771,4,HFA,F,,1199,1.00000000,97.34870000,0.04064000,,true
6772,4,HFA,F,,1200,1.00000000,97.37040000,0.04064000,,true
6773,4,HFA,F,,1201,1.00000000,97.39220000,0.04065000,,true
6774,4,HFA,F,,1202,1.00000000,97.41390000,0.04065000,,true
6775,4,HFA,F,,1203,1.00000000,97.43560000,0.04066000,,true
6776,4,HFA,F,,1204,1.00000000,97.45730000,0.04066000,,true
6777,4,HFA,F,,1205,1.00000000,97.47900000,0.04067000,,true
6778,4,HFA,F,,1206,1.00000000,97.50070000,0.04067000,,true
6779,4,HFA,F,,1207,1.00000000,97.52230000,0.04068000,,true
6780,4,HFA,F,,1208,1.00000000,97.54400000,0.04068000,,true
6781,4,HFA,F,,1209,1.00000000,97.56570000,0.04069000,,true
6782,4,HFA,F,,1210,1.00000000,97.58730000,0.04069000,,true
6783,4,HFA,F,,1211,1.00000000,97.60890000,0.04070000,,true
6784,4,HFA,F,,1212,1.00000000,97.63060000,0.04070000,,true
6785,4,HFA,F,,1213,1.00000000,97.65220000,0.04071000,,true
6786,4,HFA,F,,1214,1.00000000,97.67380000,0.04072000,,true
6787,4,HFA,F,,1215,1.00000000,97.69540000,0.04072000,,true
6788,4,HFA,F,,1216,1.00000000,97.71700000,0.04073000,,true
6789,4,HFA,F,,1217,1.00000000,97.73850000,0.04073000,,true
6790,4,HFA,F,,1218,1.00000000,97.76010000,0.04074000,,true
6791,4,HFA,F,,1219,1.00000000,97.78170000,0.04074000,,true
6792,4,HFA,F,,1220,1.00000000,97.80320000,0.04075000,,true
6793,4,HFA,F,,1221,1.00000000,97.82480000,0.04075000,,true
6794,4,HFA,F,,1222,1.00000000,97.84630000,0.04076000,,true
6795,4,HFA,F,,1223,1.00000000,97.86780000,0.04076000,,true
6796,4,HFA,F,,1224,1.00000000,97.88930000,0.04077000,,true
6797,4,HFA,F,,1225,1.00000000,97.91080000,0.04077000,,true
6798,4,HFA,F,,1226,1.00000000,97.93230000,0.04078000,,true
6799,4,HFA,F,,1227,1.00000000,97.95380000,0.04078000,,true
6800,4,HFA,F,,1228,1.00000000,97.97530000,0.04079000,,true
6801,4,HFA,F,,1229,1.00000000,97.99680000,0.04079000,,true
6802,4,HFA,F,,1230,1.00000000,98.01820000,0.04080000,,true
6803,4,HFA,F,,1231,1.00000000,98.03970000,0.04080000,,true
6804,4,HFA,F,,1232,1.00000000,98.06110000,0.04081000,,true
6805,4,HFA,F,,1233,1.00000000,98.08250000,0.04081000,,true
6806,4,HFA,F,,1234,1.00000000,98.10390000,0.04082000,,true
6807,4,HFA,F,,1235,1.00000000,98.12530000,0.04082000,,true
6808,4,HFA,F,,1236,1.00000000,98.14670000,0.04083000,,true
6809,4,HFA,F,,1237,1.00000000,98.16810000,0.04084000,,true
6810,4,HFA,F,,1238,1.00000000,98.18950000,0.04084000,,true
6811,4,HFA,F,,1239,1.00000000,98.21090000,0.04085000,,true
6812,4,HFA,F,,1240,1.00000000,98.23220000,0.04085000,,true
6813,4,HFA,F,,1241,1.00000000,98.25360000,0.04086000,,true
6814,4,HFA,F,,1242,1.00000000,98.27490000,0.04086000,,true
6815,4,HFA,F,,1243,1.00000000,98.29630000,0.04087000,,true
6816,4,HFA,F,,1244,1.00000000,98.31760000,0.04087000,,true
6817,4,HFA,F,,1245,1.00000000,98.33890000,0.04088000,,true
6818,4,HFA,F,,1246,1.00000000,98.36020000,0.04088000,,true
6819,4,HFA,F,,1247,1.00000000,98.38150000,0.04089000,,true
6820,4,HFA,F,,1248,1.00000000,98.40280000,0.04089000,,true
6821,4,HFA,F,,1249,1.00000000,98.42410000,0.04090000,,true
6822,4,HFA,F,,1250,1.00000000,98.44530000,0.04090000,,true
6823,4,HFA,F,,1251,1.00000000,98.46660000,0.04091000,,true
6824,4,HFA,F,,1252,1.00000000,98.48780000,0.04091000,,true
6825,4,HFA,F,,1253,1.00000000,98.50910000,0.04092000,,true
6826,4,HFA,F,,1254,1.00000000,98.53030000,0.04092000,,true
6827,4,HFA,F,,1255,1.00000000,98.55150000,0.04093000,,true
6828,4,HFA,F,,1256,1.00000000,98.57270000,0.04093000,,true
6829,4,HFA,F,,1257,1.00000000,98.59390000,0.04094000,,true
6830,4,HFA,F,,1258,1.00000000,98.61510000,0.04094000,,true
6831,4,HFA,F,,1259,1.00000000,98.63630000,0.04095000,,true
6832,4,HFA,F,,1260,1.00000000,98.65750000,0.04095000,,true
6833,4,HFA,F,,1261,1.00000000,98.67860000,0.04096000,,true
6834,4,HFA,F,,1262,1.00000000,98.69980000,0.04096000,,true
6835,4,HFA,F,,1263,1.00000000,98.72090000,0.04097000,,true
6836,4,HFA,F,,1264,1.00000000,98.74210000,0.04097000,,true
6837,4,HFA,F,,1265,1.00000000,98.76320000,0.04098000,,true
6838,4,HFA,F,,1266,1.00000000,98.78430000,0.04098000,,true
6839,4,HFA,F,,1267,1.00000000,98.80540000,0.04099000,,true
6840,4,HFA,F,,1268,1.00000000,98.82650000,0.04099000,,true
6841,4,HFA,F,,1269,1.00000000,98.84760000,0.04100000,,true
6842,4,HFA,F,,1270,1.00000000,98.86870000,0.04100000,,true
6843,4,HFA,F,,1271,1.00000000,98.88970000,0.04101000,,true
6844,4,HFA,F,,1272,1.00000000,98.91080000,0.04101000,,true
6845,4,HFA,F,,1273,1.00000000,98.93180000,0.04102000,,true
6846,4,HFA,F,,1274,1.00000000,98.95290000,0.04103000,,true
6847,4,HFA,F,,1275,1.00000000,98.97390000,0.04103000,,true
6848,4,HFA,F,,1276,1.00000000,98.99490000,0.04104000,,true
6849,4,HFA,F,,1277,1.00000000,99.01590000,0.04104000,,true
6850,4,HFA,F,,1278,1.00000000,99.03690000,0.04105000,,true
6851,4,HFA,F,,1279,1.00000000,99.05790000,0.04105000,,true
6852,4,HFA,F,,1280,1.00000000,99.07890000,0.04106000,,true
6853,4,HFA,F,,1281,1.00000000,99.09990000,0.04106000,,true
6854,4,HFA,F,,1282,1.00000000,99.12080000,0.04107000,,true
6855,4,HFA,F,,1283,1.00000000,99.14180000,0.04107000,,true
6856,4,HFA,F,,1284,1.00000000,99.16280000,0.04108000,,true
6857,4,HFA,F,,1285,1.00000000,99.18370000,0.04108000,,true
6858,4,HFA,F,,1286,1.00000000,99.20460000,0.04109000,,true
6859,4,HFA,F,,1287,1.00000000,99.22550000,0.04109000,,true
6860,4,HFA,F,,1288,1.00000000,99.24640000,0.04110000,,true
6861,4,HFA,F,,1289,1.00000000,99.26730000,0.04110000,,true
6862,4,HFA,F,,1290,1.00000000,99.28820000,0.04111000,,true
6863,4,HFA,F,,1291,1.00000000,99.30910000,0.04111000,,true
6864,4,HFA,F,,1292,1.00000000,99.33000000,0.04112000,,true
6865,4,HFA,F,,1293,1.00000000,99.35090000,0.04112000,,true
6866,4,HFA,F,,1294,1.00000000,99.37170000,0.04113000,,true
6867,4,HFA,F,,1295,1.00000000,99.39260000,0.04113000,,true
6868,4,HFA,F,,1296,1.00000000,99.41340000,0.04114000,,true
6869,4,HFA,F,,1297,1.00000000,99.43420000,0.04114000,,true
6870,4,HFA,F,,1298,1.00000000,99.45500000,0.04115000,,true
6871,4,HFA,F,,1299,1.00000000,99.47580000,0.04115000,,true
6872,4,HFA,F,,1300,1.00000000,99.49660000,0.04116000,,true
6873,4,HFA,F,,1301,1.00000000,99.51740000,0.04116000,,true
6874,4,HFA,F,,1302,1.00000000,99.53820000,0.04117000,,true
6875,4,HFA,F,,1303,1.00000000,99.55900000,0.04117000,,true
6876,4,HFA,F,,1304,1.00000000,99.57980000,0.04118000,,true
6877,4,HFA,F,,1305,1.00000000,99.60050000,0.04118000,,true
6878,4,HFA,F,,1306,1.00000000,99.62120000,0.04119000,,true
6879,4,HFA,F,,1307,1.00000000,99.64200000,0.04119000,,true
6880,4,HFA,F,,1308,1.00000000,99.66270000,0.04120000,,true
6881,4,HFA,F,,1309,1.00000000,99.68340000,0.04120000,,true
6882,4,HFA,F,,1310,1.00000000,99.70410000,0.04121000,,true
6883,4,HFA,F,,1311,1.00000000,99.72480000,0.04121000,,true
6884,4,HFA,F,,1312,1.00000000,99.74550000,0.04122000,,true
6885,4,HFA,F,,1313,1.00000000,99.76620000,0.04122000,,true
6886,4,HFA,F,,1314,1.00000000,99.78690000,0.04123000,,true
6887,4,HFA,F,,1315,1.00000000,99.80750000,0.04123000,,true
6888,4,HFA,F,,1316,1.00000000,99.82820000,0.04124000,,true
6889,4,HFA,F,,1317,1.00000000,99.84880000,0.04124000,,true
6890,4,HFA,F,,1318,1.00000000,99.86950000,0.04125000,,true
6891,4,HFA,F,,1319,1.00000000,99.89010000,0.04125000,,true
6892,4,HFA,F,,1320,1.00000000,99.91070000,0.04126000,,true
6893,4,HFA,F,,1321,1.00000000,99.93130000,0.04126000,,true
6894,4,HFA,F,,1322,1.00000000,99.95190000,0.04126000,,true
6895,4,HFA,F,,1323,1.00000000,99.97250000,0.04127000,,true
6896,4,HFA,F,,1324,1.00000000,99.99310000,0.04127000,,true
6897,4,HFA,F,,1325,1.00000000,100.01370000,0.04128000,,true
6898,4,HFA,F,,1326,1.00000000,100.03420000,0.04128000,,true
6899,4,HFA,F,,1327,1.00000000,100.05480000,0.04129000,,true
6900,4,HFA,F,,1328,1.00000000,100.07530000,0.04129000,,true
6901,4,HFA,F,,1329,1.00000000,100.09590000,0.04130000,,true
6902,4,HFA,F,,1330,1.00000000,100.11640000,0.04130000,,true
6903,4,HFA,F,,1331,1.00000000,100.13690000,0.04131000,,true
6904,4,HFA,F,,1332,1.00000000,100.15740000,0.04131000,,true
6905,4,HFA,F,,1333,1.00000000,100.17790000,0.04132000,,true
6906,4,HFA,F,,1334,1.00000000,100.19840000,0.04132000,,true
6907,4,HFA,F,,1335,1.00000000,100.21890000,0.04133000,,true
6908,4,HFA,F,,1336,1.00000000,100.23940000,0.04133000,,true
6909,4,HFA,F,,1337,1.00000000,100.25980000,0.04134000,,true
6910,4,HFA,F,,1338,1.00000000,100.28030000,0.04134000,,true
6911,4,HFA,F,,1339,1.00000000,100.30070000,0.04135000,,true
6912,4,HFA,F,,1340,1.00000000,100.32120000,0.04135000,,true
6913,4,HFA,F,,1341,1.00000000,100.34160000,0.04136000,,true
6914,4,HFA,F,,1342,1.00000000,100.36200000,0.04136000,,true
6915,4,HFA,F,,1343,1.00000000,100.38240000,0.04137000,,true
6916,4,HFA,F,,1344,1.00000000,100.40280000,0.04137000,,true
6917,4,HFA,F,,1345,1.00000000,100.42320000,0.04138000,,true
6918,4,HFA,F,,1346,1.00000000,100.44360000,0.04138000,,true
6919,4,HFA,F,,1347,1.00000000,100.46400000,0.04139000,,true
6920,4,HFA,F,,1348,1.00000000,100.48430000,0.04139000,,true
6921,4,HFA,F,,1349,1.00000000,100.50470000,0.04140000,,true
6922,4,HFA,F,,1350,1.00000000,100.52500000,0.04140000,,true
6923,4,HFA,F,,1351,1.00000000,100.54540000,0.04141000,,true
6924,4,HFA,F,,1352,1.00000000,100.56570000,0.04141000,,true
6925,4,HFA,F,,1353,1.00000000,100.58600000,0.04142000,,true
6926,4,HFA,F,,1354,1.00000000,100.60630000,0.04142000,,true
6927,4,HFA,F,,1355,1.00000000,100.62660000,0.04143000,,true
6928,4,HFA,F,,1356,1.00000000,100.64690000,0.04143000,,true
6929,4,HFA,F,,1357,1.00000000,100.66720000,0.04144000,,true
6930,4,HFA,F,,1358,1.00000000,100.68750000,0.04144000,,true
6931,4,HFA,F,,1359,1.00000000,100.70770000,0.04145000,,true
6932,4,HFA,F,,1360,1.00000000,100.72800000,0.04145000,,true
6933,4,HFA,F,,1361,1.00000000,100.74820000,0.04146000,,true
6934,4,HFA,F,,1362,1.00000000,100.76850000,0.04146000,,true
6935,4,HFA,F,,1363,1.00000000,100.78870000,0.04146000,,true
6936,4,HFA,F,,1364,1.00000000,100.80890000,0.04147000,,true
6937,4,HFA,F,,1365,1.00000000,100.82910000,0.04147000,,true
6938,4,HFA,F,,1366,1.00000000,100.84930000,0.04148000,,true
6939,4,HFA,F,,1367,1.00000000,100.86950000,0.04148000,,true
6940,4,HFA,F,,1368,1.00000000,100.88970000,0.04149000,,true
6941,4,HFA,F,,1369,1.00000000,100.90990000,0.04149000,,true
6942,4,HFA,F,,1370,1.00000000,100.93010000,0.04150000,,true
6943,4,HFA,F,,1371,1.00000000,100.95020000,0.04150000,,true
6944,4,HFA,F,,1372,1.00000000,100.97040000,0.04151000,,true
6945,4,HFA,F,,1373,1.00000000,100.99050000,0.04151000,,true
6946,4,HFA,F,,1374,1.00000000,101.01070000,0.04152000,,true
6947,4,HFA,F,,1375,1.00000000,101.03080000,0.04152000,,true
6948,4,HFA,F,,1376,1.00000000,101.05090000,0.04153000,,true
6949,4,HFA,F,,1377,1.00000000,101.07100000,0.04153000,,true
6950,4,HFA,F,,1378,1.00000000,101.09110000,0.04154000,,true
6951,4,HFA,F,,1379,1.00000000,101.11120000,0.04154000,,true
6952,4,HFA,F,,1380,1.00000000,101.13130000,0.04155000,,true
6953,4,HFA,F,,1381,1.00000000,101.15140000,0.04155000,,true
6954,4,HFA,F,,1382,1.00000000,101.17140000,0.04156000,,true
6955,4,HFA,F,,1383,1.00000000,101.19150000,0.04156000,,true
6956,4,HFA,F,,1384,1.00000000,101.21150000,0.04157000,,true
6957,4,HFA,F,,1385,1.00000000,101.23160000,0.04157000,,true
6958,4,HFA,F,,1386,1.00000000,101.25160000,0.04158000,,true
6959,4,HFA,F,,1387,1.00000000,101.27160000,0.04158000,,true
6960,4,HFA,F,,1388,1.00000000,101.29170000,0.04158000,,true
6961,4,HFA,F,,1389,1.00000000,101.31170000,0.04159000,,true
6962,4,HFA,F,,1390,1.00000000,101.33170000,0.04159000,,true
6963,4,HFA,F,,1391,1.00000000,101.35170000,0.04160000,,true
6964,4,HFA,F,,1392,1.00000000,101.37160000,0.04160000,,true
6965,4,HFA,F,,1393,1.00000000,101.39160000,0.04161000,,true
6966,4,HFA,F,,1394,1.00000000,101.41160000,0.04161000,,true
6967,4,HFA,F,,1395,1.00000000,101.43150000,0.04162000,,true
6968,4,HFA,F,,1396,1.00000000,101.45150000,0.04162000,,true
6969,4,HFA,F,,1397,1.00000000,101.47140000,0.04163000,,true
6970,4,HFA,F,,1398,1.00000000,101.49140000,0.04163000,,true
6971,4,HFA,F,,1399,1.00000000,101.51130000,0.04164000,,true
6972,4,HFA,F,,1400,1.00000000,101.53120000,0.04164000,,true
6973,4,HFA,F,,1401,1.00000000,101.55110000,0.04165000,,true
6974,4,HFA,F,,1402,1.00000000,101.57100000,0.04165000,,true
6975,4,HFA,F,,1403,1.00000000,101.59090000,0.04166000,,true
6976,4,HFA,F,,1404,1.00000000,101.61080000,0.04166000,,true
6977,4,HFA,F,,1405,1.00000000,101.63060000,0.04167000,,true
6978,4,HFA,F,,1406,1.00000000,101.65050000,0.04167000,,true
6979,4,HFA,F,,1407,1.00000000,101.67040000,0.04167000,,true
6980,4,HFA,F,,1408,1.00000000,101.69020000,0.04168000,,true
6981,4,HFA,F,,1409,1.00000000,101.71010000,0.04168000,,true
6982,4,HFA,F,,1410,1.00000000,101.72990000,0.04169000,,true
6983,4,HFA,F,,1411,1.00000000,101.74970000,0.04169000,,true
6984,4,HFA,F,,1412,1.00000000,101.76950000,0.04170000,,true
6985,4,HFA,F,,1413,1.00000000,101.78930000,0.04170000,,true
6986,4,HFA,F,,1414,1.00000000,101.80910000,0.04171000,,true
6987,4,HFA,F,,1415,1.00000000,101.82890000,0.04171000,,true
6988,4,HFA,F,,1416,1.00000000,101.84870000,0.04172000,,true
6989,4,HFA,F,,1417,1.00000000,101.86850000,0.04172000,,true
6990,4,HFA,F,,1418,1.00000000,101.88830000,0.04173000,,true
6991,4,HFA,F,,1419,1.00000000,101.90800000,0.04173000,,true
6992,4,HFA,F,,1420,1.00000000,101.92780000,0.04174000,,true
6993,4,HFA,F,,1421,1.00000000,101.94750000,0.04174000,,true
6994,4,HFA,F,,1422,1.00000000,101.96730000,0.04175000,,true
6995,4,HFA,F,,1423,1.00000000,101.98700000,0.04175000,,true
6996,4,HFA,F,,1424,1.00000000,102.00670000,0.04175000,,true
6997,4,HFA,F,,1425,1.00000000,102.02640000,0.04176000,,true
6998,4,HFA,F,,1426,1.00000000,102.04610000,0.04176000,,true
6999,4,HFA,F,,1427,1.00000000,102.06580000,0.04177000,,true
7000,4,HFA,F,,1428,1.00000000,102.08550000,0.04177000,,true
7001,4,HFA,F,,1429,1.00000000,102.10520000,0.04178000,,true
7002,4,HFA,F,,1430,1.00000000,102.12490000,0.04178000,,true
7003,4,HFA,F,,1431,1.00000000,102.14460000,0.04179000,,true
7004,4,HFA,F,,1432,1.00000000,102.16420000,0.04179000,,true
7005,4,HFA,F,,1433,1.00000000,102.18390000,0.04180000,,true
7006,4,HFA,F,,1434,1.00000000,102.20350000,0.04180000,,true
7007,4,HFA,F,,1435,1.00000000,102.22320000,0.04181000,,true
7008,4,HFA,F,,1436,1.00000000,102.24280000,0.04181000,,true
7009,4,HFA,F,,1437,1.00000000,102.26240000,0.04181000,,true
7010,4,HFA,F,,1438,1.00000000,102.28200000,0.04182000,,true
7011,4,HFA,F,,1439,1.00000000,102.30160000,0.04182000,,true
7012,4,HFA,F,,1440,1.00000000,102.32120000,0.04183000,,true
7013,4,HFA,F,,1441,1.00000000,102.34080000,0.04183000,,true
7014,4,HFA,F,,1442,1.00000000,102.36040000,0.04184000,,true
7015,4,HFA,F,,1443,1.00000000,102.38000000,0.04184000,,true
7016,4,HFA,F,,1444,1.00000000,102.39960000,0.04185000,,true
7017,4,HFA,F,,1445,1.00000000,102.41910000,0.04185000,,true
7018,4,HFA,F,,1446,1.00000000,102.43870000,0.04186000,,true
7019,4,HFA,F,,1447,1.00000000,102.45820000,0.04186000,,true
7020,4,HFA,F,,1448,1.00000000,102.47780000,0.04187000,,true
7021,4,HFA,F,,1449,1.00000000,102.49730000,0.04187000,,true
7022,4,HFA,F,,1450,1.00000000,102.51680000,0.04187000,,true
7023,4,HFA,F,,1451,1.00000000,102.53640000,0.04188000,,true
7024,4,HFA,F,,1452,1.00000000,102.55590000,0.04188000,,true
7025,4,HFA,F,,1453,1.00000000,102.57540000,0.04189000,,true
7026,4,HFA,F,,1454,1.00000000,102.59490000,0.04189000,,true
7027,4,HFA,F,,1455,1.00000000,102.61440000,0.04190000,,true
7028,4,HFA,F,,1456,1.00000000,102.63380000,0.04190000,,true
7029,4,HFA,F,,1457,1.00000000,102.65330000,0.04191000,,true
7030,4,HFA,F,,1458,1.00000000,102.67280000,0.04191000,,true
7031,4,HFA,F,,1459,1.00000000,102.69230000,0.04192000,,true
7032,4,HFA,F,,1460,1.00000000,102.71170000,0.04192000,,true
7033,4,HFA,F,,1461,1.00000000,102.73120000,0.04193000,,true
7034,4,HFA,F,,1462,1.00000000,102.75060000,0.04193000,,true
7035,4,HFA,F,,1463,1.00000000,102.77000000,0.04193000,,true
7036,4,HFA,F,,1464,1.00000000,102.78950000,0.04194000,,true
7037,4,HFA,F,,1465,1.00000000,102.80890000,0.04194000,,true
7038,4,HFA,F,,1466,1.00000000,102.82830000,0.04195000,,true
7039,4,HFA,F,,1467,1.00000000,102.84770000,0.04195000,,true
7040,4,HFA,F,,1468,1.00000000,102.86710000,0.04196000,,true
7041,4,HFA,F,,1469,1.00000000,102.88650000,0.04196000,,true
7042,4,HFA,F,,1470,1.00000000,102.90590000,0.04197000,,true
7043,4,HFA,F,,1471,1.00000000,102.92520000,0.04197000,,true
7044,4,HFA,F,,1472,1.00000000,102.94460000,0.04198000,,true
7045,4,HFA,F,,1473,1.00000000,102.96400000,0.04198000,,true
7046,4,HFA,F,,1474,1.00000000,102.98330000,0.04198000,,true
7047,4,HFA,F,,1475,1.00000000,103.00270000,0.04199000,,true
7048,4,HFA,F,,1476,1.00000000,103.02200000,0.04199000,,true
7049,4,HFA,F,,1477,1.00000000,103.04140000,0.04200000,,true
7050,4,HFA,F,,1478,1.00000000,103.06070000,0.04200000,,true
7051,4,HFA,F,,1479,1.00000000,103.08000000,0.04201000,,true
7052,4,HFA,F,,1480,1.00000000,103.09930000,0.04201000,,true
7053,4,HFA,F,,1481,1.00000000,103.11860000,0.04202000,,true
7054,4,HFA,F,,1482,1.00000000,103.13790000,0.04202000,,true
7055,4,HFA,F,,1483,1.00000000,103.15720000,0.04203000,,true
7056,4,HFA,F,,1484,1.00000000,103.17650000,0.04203000,,true
7057,4,HFA,F,,1485,1.00000000,103.19580000,0.04203000,,true
7058,4,HFA,F,,1486,1.00000000,103.21510000,0.04204000,,true
7059,4,HFA,F,,1487,1.00000000,103.23430000,0.04204000,,true
7060,4,HFA,F,,1488,1.00000000,103.25360000,0.04205000,,true
7061,4,HFA,F,,1489,1.00000000,103.27280000,0.04205000,,true
7062,4,HFA,F,,1490,1.00000000,103.29210000,0.04206000,,true
7063,4,HFA,F,,1491,1.00000000,103.31130000,0.04206000,,true
7064,4,HFA,F,,1492,1.00000000,103.33060000,0.04207000,,true
7065,4,HFA,F,,1493,1.00000000,103.34980000,0.04207000,,true
7066,4,HFA,F,,1494,1.00000000,103.36900000,0.04208000,,true
7067,4,HFA,F,,1495,1.00000000,103.38820000,0.04208000,,true
7068,4,HFA,F,,1496,1.00000000,103.40740000,0.04208000,,true
7069,4,HFA,F,,1497,1.00000000,103.42660000,0.04209000,,true
7070,4,HFA,F,,1498,1.00000000,103.44580000,0.04209000,,true
7071,4,HFA,F,,1499,1.00000000,103.46500000,0.04210000,,true
7072,4,HFA,F,,1500,1.00000000,103.48420000,0.04210000,,true
7073,4,HFA,F,,1501,1.00000000,103.50340000,0.04211000,,true
7074,4,HFA,F,,1502,1.00000000,103.52250000,0.04211000,,true
7075,4,HFA,F,,1503,1.00000000,103.54170000,0.04212000,,true
7076,4,HFA,F,,1504,1.00000000,103.56080000,0.04212000,,true
7077,4,HFA,F,,1505,1.00000000,103.58000000,0.04212000,,true
7078,4,HFA,F,,1506,1.00000000,103.59910000,0.04213000,,true
7079,4,HFA,F,,1507,1.00000000,103.61830000,0.04213000,,true
7080,4,HFA,F,,1508,1.00000000,103.63740000,0.04214000,,true
7081,4,HFA,F,,1509,1.00000000,103.65650000,0.04214000,,true
7082,4,HFA,F,,1510,1.00000000,103.67560000,0.04215000,,true
7083,4,HFA,F,,1511,1.00000000,103.69470000,0.04215000,,true
7084,4,HFA,F,,1512,1.00000000,103.71380000,0.04216000,,true
7085,4,HFA,F,,1513,1.00000000,103.73290000,0.04216000,,true
7086,4,HFA,F,,1514,1.00000000,103.75200000,0.04216000,,true
7087,4,HFA,F,,1515,1.00000000,103.77110000,0.04217000,,true
7088,4,HFA,F,,1516,1.00000000,103.79020000,0.04217000,,true
7089,4,HFA,F,,1517,1.00000000,103.80920000,0.04218000,,true
7090,4,HFA,F,,1518,1.00000000,103.82830000,0.04218000,,true
7091,4,HFA,F,,1519,1.00000000,103.84730000,0.04219000,,true
7092,4,HFA,F,,1520,1.00000000,103.86640000,0.04219000,,true
7093,4,HFA,F,,1521,1.00000000,103.88540000,0.04220000,,true
7094,4,HFA,F,,1522,1.00000000,103.90450000,0.04220000,,true
7095,4,HFA,F,,1523,1.00000000,103.92350000,0.04220000,,true
7096,4,HFA,F,,1524,1.00000000,103.94250000,0.04221000,,true
7097,4,HFA,F,,1525,1.00000000,103.96160000,0.04221000,,true
7098,4,HFA,F,,1526,1.00000000,103.98060000,0.04222000,,true
7099,4,HFA,F,,1527,1.00000000,103.99960000,0.04222000,,true
7100,4,HFA,F,,1528,1.00000000,104.01860000,0.04223000,,true
7101,4,HFA,F,,1529,1.00000000,104.03760000,0.04223000,,true
7102,4,HFA,F,,1530,1.00000000,104.05650000,0.04224000,,true
7103,4,HFA,F,,1531,1.00000000,104.07550000,0.04224000,,true
7104,4,HFA,F,,1532,1.00000000,104.09450000,0.04224000,,true
7105,4,HFA,F,,1533,1.00000000,104.11350000,0.04225000,,true
7106,4,HFA,F,,1534,1.00000000,104.13240000,0.04225000,,true
7107,4,HFA,F,,1535,1.00000000,104.15140000,0.04226000,,true
7108,4,HFA,F,,1536,1.00000000,104.17030000,0.04226000,,true
7109,4,HFA,F,,1537,1.00000000,104.18930000,0.04227000,,true
7110,4,HFA,F,,1538,1.00000000,104.20820000,0.04227000,,true
7111,4,HFA,F,,1539,1.00000000,104.22710000,0.04227000,,true
7112,4,HFA,F,,1540,1.00000000,104.24610000,0.04228000,,true
7113,4,HFA,F,,1541,1.00000000,104.26500000,0.04228000,,true
7114,4,HFA,F,,1542,1.00000000,104.28390000,0.04229000,,true
7115,4,HFA,F,,1543,1.00000000,104.30280000,0.04229000,,true
7116,4,HFA,F,,1544,1.00000000,104.32170000,0.04230000,,true
7117,4,HFA,F,,1545,1.00000000,104.34060000,0.04230000,,true
7118,4,HFA,F,,1546,1.00000000,104.35950000,0.04231000,,true
7119,4,HFA,F,,1547,1.00000000,104.37840000,0.04231000,,true
7120,4,HFA,F,,1548,1.00000000,104.39720000,0.04231000,,true
7121,4,HFA,F,,1549,1.00000000,104.41610000,0.04232000,,true
7122,4,HFA,F,,1550,1.00000000,104.43500000,0.04232000,,true
7123,4,HFA,F,,1551,1.00000000,104.45380000,0.04233000,,true
7124,4,HFA,F,,1552,1.00000000,104.47270000,0.04233000,,true
7125,4,HFA,F,,1553,1.00000000,104.49150000,0.04234000,,true
7126,4,HFA,F,,1554,1.00000000,104.51040000,0.04234000,,true
7127,4,HFA,F,,1555,1.00000000,104.52920000,0.04234000,,true
7128,4,HFA,F,,1556,1.00000000,104.54800000,0.04235000,,true
7129,4,HFA,F,,1557,1.00000000,104.56680000,0.04235000,,true
7130,4,HFA,F,,1558,1.00000000,104.58560000,0.04236000,,true
7131,4,HFA,F,,1559,1.00000000,104.60450000,0.04236000,,true
7132,4,HFA,F,,1560,1.00000000,104.62330000,0.04237000,,true
7133,4,HFA,F,,1561,1.00000000,104.64210000,0.04237000,,true
7134,4,HFA,F,,1562,1.00000000,104.66080000,0.04238000,,true
7135,4,HFA,F,,1563,1.00000000,104.67960000,0.04238000,,true
7136,4,HFA,F,,1564,1.00000000,104.69840000,0.04238000,,true
7137,4,HFA,F,,1565,1.00000000,104.71720000,0.04239000,,true
7138,4,HFA,F,,1566,1.00000000,104.73600000,0.04239000,,true
7139,4,HFA,F,,1567,1.00000000,104.75470000,0.04240000,,true
7140,4,HFA,F,,1568,1.00000000,104.77350000,0.04240000,,true
7141,4,HFA,F,,1569,1.00000000,104.79220000,0.04241000,,true
7142,4,HFA,F,,1570,1.00000000,104.81100000,0.04241000,,true
7143,4,HFA,F,,1571,1.00000000,104.82970000,0.04241000,,true
7144,4,HFA,F,,1572,1.00000000,104.84840000,0.04242000,,true
7145,4,HFA,F,,1573,1.00000000,104.86720000,0.04242000,,true
7146,4,HFA,F,,1574,1.00000000,104.88590000,0.04243000,,true
7147,4,HFA,F,,1575,1.00000000,104.90460000,0.04243000,,true
7148,4,HFA,F,,1576,1.00000000,104.92330000,0.04244000,,true
7149,4,HFA,F,,1577,1.00000000,104.94200000,0.04244000,,true
7150,4,HFA,F,,1578,1.00000000,104.96070000,0.04244000,,true
7151,4,HFA,F,,1579,1.00000000,104.97940000,0.04245000,,true
7152,4,HFA,F,,1580,1.00000000,104.99810000,0.04245000,,true
7153,4,HFA,F,,1581,1.00000000,105.01670000,0.04246000,,true
7154,4,HFA,F,,1582,1.00000000,105.03540000,0.04246000,,true
7155,4,HFA,F,,1583,1.00000000,105.05410000,0.04247000,,true
7156,4,HFA,F,,1584,1.00000000,105.07270000,0.04247000,,true
7157,4,HFA,F,,1585,1.00000000,105.09140000,0.04247000,,true
7158,4,HFA,F,,1586,1.00000000,105.11000000,0.04248000,,true
7159,4,HFA,F,,1587,1.00000000,105.12870000,0.04248000,,true
7160,4,HFA,F,,1588,1.00000000,105.14730000,0.04249000,,true
7161,4,HFA,F,,1589,1.00000000,105.16600000,0.04249000,,true
7162,4,HFA,F,,1590,1.00000000,105.18460000,0.04250000,,true
7163,4,HFA,F,,1591,1.00000000,105.20320000,0.04250000,,true
7164,4,HFA,F,,1592,1.00000000,105.22180000,0.04250000,,true
7165,4,HFA,F,,1593,1.00000000,105.24040000,0.04251000,,true
7166,4,HFA,F,,1594,1.00000000,105.25900000,0.04251000,,true
7167,4,HFA,F,,1595,1.00000000,105.27760000,0.04252000,,true
7168,4,HFA,F,,1596,1.00000000,105.29620000,0.04252000,,true
7169,4,HFA,F,,1597,1.00000000,105.31480000,0.04253000,,true
7170,4,HFA,F,,1598,1.00000000,105.33340000,0.04253000,,true
7171,4,HFA,F,,1599,1.00000000,105.35200000,0.04253000,,true
7172,4,HFA,F,,1600,1.00000000,105.37050000,0.04254000,,true
7173,4,HFA,F,,1601,1.00000000,105.38910000,0.04254000,,true
7174,4,HFA,F,,1602,1.00000000,105.40760000,0.04255000,,true
7175,4,HFA,F,,1603,1.00000000,105.42620000,0.04255000,,true
7176,4,HFA,F,,1604,1.00000000,105.44470000,0.04256000,,true
7177,4,HFA,F,,1605,1.00000000,105.46330000,0.04256000,,true
7178,4,HFA,F,,1606,1.00000000,105.48180000,0.04256000,,true
7179,4,HFA,F,,1607,1.00000000,105.50030000,0.04257000,,true
7180,4,HFA,F,,1608,1.00000000,105.51890000,0.04257000,,true
7181,4,HFA,F,,1609,1.00000000,105.53740000,0.04258000,,true
7182,4,HFA,F,,1610,1.00000000,105.55590000,0.04258000,,true
7183,4,HFA,F,,1611,1.00000000,105.57440000,0.04259000,,true
7184,4,HFA,F,,1612,1.00000000,105.59290000,0.04259000,,true
7185,4,HFA,F,,1613,1.00000000,105.61140000,0.04259000,,true
7186,4,HFA,F,,1614,1.00000000,105.62990000,0.04260000,,true
7187,4,HFA,F,,1615,1.00000000,105.64830000,0.04260000,,true
7188,4,HFA,F,,1616,1.00000000,105.66680000,0.04261000,,true
7189,4,HFA,F,,1617,1.00000000,105.68530000,0.04261000,,true
7190,4,HFA,F,,1618,1.00000000,105.70370000,0.04262000,,true
7191,4,HFA,F,,1619,1.00000000,105.72220000,0.04262000,,true
7192,4,HFA,F,,1620,1.00000000,105.74060000,0.04262000,,true
7193,4,HFA,F,,1621,1.00000000,105.75910000,0.04263000,,true
7194,4,HFA,F,,1622,1.00000000,105.77750000,0.04263000,,true
7195,4,HFA,F,,1623,1.00000000,105.79600000,0.04264000,,true
7196,4,HFA,F,,1624,1.00000000,105.81440000,0.04264000,,true
7197,4,HFA,F,,1625,1.00000000,105.83280000,0.04264000,,true
7198,4,HFA,F,,1626,1.00000000,105.85120000,0.04265000,,true
7199,4,HFA,F,,1627,1.00000000,105.86960000,0.04265000,,true
7200,4,HFA,F,,1628,1.00000000,105.88800000,0.04266000,,true
7201,4,HFA,F,,1629,1.00000000,105.90640000,0.04266000,,true
7202,4,HFA,F,,1630,1.00000000,105.92480000,0.04267000,,true
7203,4,HFA,F,,1631,1.00000000,105.94320000,0.04267000,,true
7204,4,HFA,F,,1632,1.00000000,105.96160000,0.04267000,,true
7205,4,HFA,F,,1633,1.00000000,105.98000000,0.04268000,,true
7206,4,HFA,F,,1634,1.00000000,105.99830000,0.04268000,,true
7207,4,HFA,F,,1635,1.00000000,106.01670000,0.04269000,,true
7208,4,HFA,F,,1636,1.00000000,106.03510000,0.04269000,,true
7209,4,HFA,F,,1637,1.00000000,106.05340000,0.04270000,,true
7210,4,HFA,F,,1638,1.00000000,106.07180000,0.04270000,,true
7211,4,HFA,F,,1639,1.00000000,106.09010000,0.04270000,,true
7212,4,HFA,F,,1640,1.00000000,106.10840000,0.04271000,,true
7213,4,HFA,F,,1641,1.00000000,106.12680000,0.04271000,,true
7214,4,HFA,F,,1642,1.00000000,106.14510000,0.04272000,,true
7215,4,HFA,F,,1643,1.00000000,106.16340000,0.04272000,,true
7216,4,HFA,F,,1644,1.00000000,106.18170000,0.04272000,,true
7217,4,HFA,F,,1645,1.00000000,106.20000000,0.04273000,,true
7218,4,HFA,F,,1646,1.00000000,106.21830000,0.04273000,,true
7219,4,HFA,F,,1647,1.00000000,106.23660000,0.04274000,,true
7220,4,HFA,F,,1648,1.00000000,106.25490000,0.04274000,,true
7221,4,HFA,F,,1649,1.00000000,106.27320000,0.04275000,,true
7222,4,HFA,F,,1650,1.00000000,106.29150000,0.04275000,,true
7223,4,HFA,F,,1651,1.00000000,106.30970000,0.04275000,,true
7224,4,HFA,F,,1652,1.00000000,106.32800000,0.04276000,,true
7225,4,HFA,F,,1653,1.00000000,106.34630000,0.04276000,,true
7226,4,HFA,F,,1654,1.00000000,106.36450000,0.04277000,,true
7227,4,HFA,F,,1655,1.00000000,106.38280000,0.04277000,,true
7228,4,HFA,F,,1656,1.00000000,106.40100000,0.04277000,,true
7229,4,HFA,F,,1657,1.00000000,106.41920000,0.04278000,,true
7230,4,HFA,F,,1658,1.00000000,106.43750000,0.04278000,,true
7231,4,HFA,F,,1659,1.00000000,106.45570000,0.04279000,,true
7232,4,HFA,F,,1660,1.00000000,106.47390000,0.04279000,,true
7233,4,HFA,F,,1661,1.00000000,106.49210000,0.04280000,,true
7234,4,HFA,F,,1662,1.00000000,106.51030000,0.04280000,,true
7235,4,HFA,F,,1663,1.00000000,106.52850000,0.04280000,,true
7236,4,HFA,F,,1664,1.00000000,106.54670000,0.04281000,,true
7237,4,HFA,F,,1665,1.00000000,106.56490000,0.04281000,,true
7238,4,HFA,F,,1666,1.00000000,106.58310000,0.04282000,,true
7239,4,HFA,F,,1667,1.00000000,106.60130000,0.04282000,,true
7240,4,HFA,F,,1668,1.00000000,106.61950000,0.04282000,,true
7241,4,HFA,F,,1669,1.00000000,106.63760000,0.04283000,,true
7242,4,HFA,F,,1670,1.00000000,106.65580000,0.04283000,,true
7243,4,HFA,F,,1671,1.00000000,106.67390000,0.04284000,,true
7244,4,HFA,F,,1672,1.00000000,106.69210000,0.04284000,,true
7245,4,HFA,F,,1673,1.00000000,106.71020000,0.04285000,,true
7246,4,HFA,F,,1674,1.00000000,106.72840000,0.04285000,,true
7247,4,HFA,F,,1675,1.00000000,106.74650000,0.04285000,,true
7248,4,HFA,F,,1676,1.00000000,106.76460000,0.04286000,,true
7249,4,HFA,F,,1677,1.00000000,106.78280000,0.04286000,,true
7250,4,HFA,F,,1678,1.00000000,106.80090000,0.04287000,,true
7251,4,HFA,F,,1679,1.00000000,106.81900000,0.04287000,,true
7252,4,HFA,F,,1680,1.00000000,106.83710000,0.04287000,,true
7253,4,HFA,F,,1681,1.00000000,106.85520000,0.04288000,,true
7254,4,HFA,F,,1682,1.00000000,106.87330000,0.04288000,,true
7255,4,HFA,F,,1683,1.00000000,106.89140000,0.04289000,,true
7256,4,HFA,F,,1684,1.00000000,106.90940000,0.04289000,,true
7257,4,HFA,F,,1685,1.00000000,106.92750000,0.04289000,,true
7258,4,HFA,F,,1686,1.00000000,106.94560000,0.04290000,,true
7259,4,HFA,F,,1687,1.00000000,106.96360000,0.04290000,,true
7260,4,HFA,F,,1688,1.00000000,106.98170000,0.04291000,,true
7261,4,HFA,F,,1689,1.00000000,106.99980000,0.04291000,,true
7262,4,HFA,F,,1690,1.00000000,107.01780000,0.04292000,,true
7263,4,HFA,F,,1691,1.00000000,107.03580000,0.04292000,,true
7264,4,HFA,F,,1692,1.00000000,107.05390000,0.04292000,,true
7265,4,HFA,F,,1693,1.00000000,107.07190000,0.04293000,,true
7266,4,HFA,F,,1694,1.00000000,107.08990000,0.04293000,,true
7267,4,HFA,F,,1695,1.00000000,107.10790000,0.04294000,,true
7268,4,HFA,F,,1696,1.00000000,107.12600000,0.04294000,,true
7269,4,HFA,F,,1697,1.00000000,107.14400000,0.04294000,,true
7270,4,HFA,F,,1698,1.00000000,107.16200000,0.04295000,,true
7271,4,HFA,F,,1699,1.00000000,107.17990000,0.04295000,,true
7272,4,HFA,F,,1700,1.00000000,107.19790000,0.04296000,,true
7273,4,HFA,F,,1701,1.00000000,107.21590000,0.04296000,,true
7274,4,HFA,F,,1702,1.00000000,107.23390000,0.04296000,,true
7275,4,HFA,F,,1703,1.00000000,107.25190000,0.04297000,,true
7276,4,HFA,F,,1704,1.00000000,107.26980000,0.04297000,,true
7277,4,HFA,F,,1705,1.00000000,107.28780000,0.04298000,,true
7278,4,HFA,F,,1706,1.00000000,107.30570000,0.04298000,,true
7279,4,HFA,F,,1707,1.00000000,107.32370000,0.04299000,,true
7280,4,HFA,F,,1708,1.00000000,107.34160000,0.04299000,,true
7281,4,HFA,F,,1709,1.00000000,107.35960000,0.04299000,,true
7282,4,HFA,F,,1710,1.00000000,107.37750000,0.04300000,,true
7283,4,HFA,F,,1711,1.00000000,107.39540000,0.04300000,,true
7284,4,HFA,F,,1712,1.00000000,107.41330000,0.04301000,,true
7285,4,HFA,F,,1713,1.00000000,107.43120000,0.04301000,,true
7286,4,HFA,F,,1714,1.00000000,107.44920000,0.04301000,,true
7287,4,HFA,F,,1715,1.00000000,107.46710000,0.04302000,,true
7288,4,HFA,F,,1716,1.00000000,107.48490000,0.04302000,,true
7289,4,HFA,F,,1717,1.00000000,107.50280000,0.04303000,,true
7290,4,HFA,F,,1718,1.00000000,107.52070000,0.04303000,,true
7291,4,HFA,F,,1719,1.00000000,107.53860000,0.04303000,,true
7292,4,HFA,F,,1720,1.00000000,107.55650000,0.04304000,,true
7293,4,HFA,F,,1721,1.00000000,107.57430000,0.04304000,,true
7294,4,HFA,F,,1722,1.00000000,107.59220000,0.04305000,,true
7295,4,HFA,F,,1723,1.00000000,107.61000000,0.04305000,,true
7296,4,HFA,F,,1724,1.00000000,107.62790000,0.04305000,,true
7297,4,HFA,F,,1725,1.00000000,107.64570000,0.04306000,,true
7298,4,HFA,F,,1726,1.00000000,107.66360000,0.04306000,,true
7299,4,HFA,F,,1727,1.00000000,107.68140000,0.04307000,,true
7300,4,HFA,F,,1728,1.00000000,107.69920000,0.04307000,,true
7301,4,HFA,F,,1729,1.00000000,107.71700000,0.04308000,,true
7302,4,HFA,F,,1730,1.00000000,107.73490000,0.04308000,,true
7303,4,HFA,F,,1731,1.00000000,107.75270000,0.04308000,,true
7304,4,HFA,F,,1732,1.00000000,107.77050000,0.04309000,,true
7305,4,HFA,F,,1733,1.00000000,107.78830000,0.04309000,,true
7306,4,HFA,F,,1734,1.00000000,107.80600000,0.04310000,,true
7307,4,HFA,F,,1735,1.00000000,107.82380000,0.04310000,,true
7308,4,HFA,F,,1736,1.00000000,107.84160000,0.04310000,,true
7309,4,HFA,F,,1737,1.00000000,107.85940000,0.04311000,,true
7310,4,HFA,F,,1738,1.00000000,107.87720000,0.04311000,,true
7311,4,HFA,F,,1739,1.00000000,107.89490000,0.04312000,,true
7312,4,HFA,F,,1740,1.00000000,107.91270000,0.04312000,,true
7313,4,HFA,F,,1741,1.00000000,107.93040000,0.04312000,,true
7314,4,HFA,F,,1742,1.00000000,107.94820000,0.04313000,,true
7315,4,HFA,F,,1743,1.00000000,107.96590000,0.04313000,,true
7316,4,HFA,F,,1744,1.00000000,107.98360000,0.04314000,,true
7317,4,HFA,F,,1745,1.00000000,108.00140000,0.04314000,,true
7318,4,HFA,F,,1746,1.00000000,108.01910000,0.04314000,,true
7319,4,HFA,F,,1747,1.00000000,108.03680000,0.04315000,,true
7320,4,HFA,F,,1748,1.00000000,108.05450000,0.04315000,,true
7321,4,HFA,F,,1749,1.00000000,108.07220000,0.04316000,,true
7322,4,HFA,F,,1750,1.00000000,108.08990000,0.04316000,,true
7323,4,HFA,F,,1751,1.00000000,108.10760000,0.04316000,,true
7324,4,HFA,F,,1752,1.00000000,108.12530000,0.04317000,,true
7325,4,HFA,F,,1753,1.00000000,108.14300000,0.04317000,,true
7326,4,HFA,F,,1754,1.00000000,108.16070000,0.04318000,,true
7327,4,HFA,F,,1755,1.00000000,108.17830000,0.04318000,,true
7328,4,HFA,F,,1756,1.00000000,108.19600000,0.04318000,,true
7329,4,HFA,F,,1757,1.00000000,108.21370000,0.04319000,,true
7330,4,HFA,F,,1758,1.00000000,108.23130000,0.04319000,,true
7331,4,HFA,F,,1759,1.00000000,108.24900000,0.04320000,,true
7332,4,HFA,F,,1760,1.00000000,108.26660000,0.04320000,,true
7333,4,HFA,F,,1761,1.00000000,108.28420000,0.04321000,,true
7334,4,HFA,F,,1762,1.00000000,108.30190000,0.04321000,,true
7335,4,HFA,F,,1763,1.00000000,108.31950000,0.04321000,,true
7336,4,HFA,F,,1764,1.00000000,108.33710000,0.04322000,,true
7337,4,HFA,F,,1765,1.00000000,108.35470000,0.04322000,,true
7338,4,HFA,F,,1766,1.00000000,108.37230000,0.04323000,,true
7339,4,HFA,F,,1767,1.00000000,108.38990000,0.04323000,,true
7340,4,HFA,F,,1768,1.00000000,108.40750000,0.04323000,,true
7341,4,HFA,F,,1769,1.00000000,108.42510000,0.04324000,,true
7342,4,HFA,F,,1770,1.00000000,108.44270000,0.04324000,,true
7343,4,HFA,F,,1771,1.00000000,108.46030000,0.04325000,,true
7344,4,HFA,F,,1772,1.00000000,108.47790000,0.04325000,,true
7345,4,HFA,F,,1773,1.00000000,108.49540000,0.04325000,,true
7346,4,HFA,F,,1774,1.00000000,108.51300000,0.04326000,,true
7347,4,HFA,F,,1775,1.00000000,108.53060000,0.04326000,,true
7348,4,HFA,F,,1776,1.00000000,108.54810000,0.04327000,,true
7349,4,HFA,F,,1777,1.00000000,108.56570000,0.04327000,,true
7350,4,HFA,F,,1778,1.00000000,108.58320000,0.04327000,,true
7351,4,HFA,F,,1779,1.00000000,108.60080000,0.04328000,,true
7352,4,HFA,F,,1780,1.00000000,108.61830000,0.04328000,,true
7353,4,HFA,F,,1781,1.00000000,108.63580000,0.04329000,,true
7354,4,HFA,F,,1782,1.00000000,108.65330000,0.04329000,,true
7355,4,HFA,F,,1783,1.00000000,108.67090000,0.04329000,,true
7356,4,HFA,F,,1784,1.00000000,108.68840000,0.04330000,,true
7357,4,HFA,F,,1785,1.00000000,108.70590000,0.04330000,,true
7358,4,HFA,F,,1786,1.00000000,108.72340000,0.04331000,,true
7359,4,HFA,F,,1787,1.00000000,108.74090000,0.04331000,,true
7360,4,HFA,F,,1788,1.00000000,108.75830000,0.04331000,,true
7361,4,HFA,F,,1789,1.00000000,108.77580000,0.04332000,,true
7362,4,HFA,F,,1790,1.00000000,108.79330000,0.04332000,,true
7363,4,HFA,F,,1791,1.00000000,108.81080000,0.04333000,,true
7364,4,HFA,F,,1792,1.00000000,108.82820000,0.04333000,,true
7365,4,HFA,F,,1793,1.00000000,108.84570000,0.04333000,,true
7366,4,HFA,F,,1794,1.00000000,108.86320000,0.04334000,,true
7367,4,HFA,F,,1795,1.00000000,108.88060000,0.04334000,,true
7368,4,HFA,F,,1796,1.00000000,108.89810000,0.04335000,,true
7369,4,HFA,F,,1797,1.00000000,108.91550000,0.04335000,,true
7370,4,HFA,F,,1798,1.00000000,108.93290000,0.04335000,,true
7371,4,HFA,F,,1799,1.00000000,108.95040000,0.04336000,,true
7372,4,HFA,F,,1800,1.00000000,108.96780000,0.04336000,,true
7373,4,HFA,F,,1801,1.00000000,108.98520000,0.04337000,,true
7374,4,HFA,F,,1802,1.00000000,109.00260000,0.04337000,,true
7375,4,HFA,F,,1803,1.00000000,109.02000000,0.04337000,,true
7376,4,HFA,F,,1804,1.00000000,109.03740000,0.04338000,,true
7377,4,HFA,F,,1805,1.00000000,109.05480000,0.04338000,,true
7378,4,HFA,F,,1806,1.00000000,109.07220000,0.04339000,,true
7379,4,HFA,F,,1807,1.00000000,109.08960000,0.04339000,,true
7380,4,HFA,F,,1808,1.00000000,109.10700000,0.04339000,,true
7381,4,HFA,F,,1809,1.00000000,109.12440000,0.04340000,,true
7382,4,HFA,F,,1810,1.00000000,109.14170000,0.04340000,,true
7383,4,HFA,F,,1811,1.00000000,109.15910000,0.04341000,,true
7384,4,HFA,F,,1812,1.00000000,109.17640000,0.04341000,,true
7385,4,HFA,F,,1813,1.00000000,109.19380000,0.04341000,,true
7386,4,HFA,F,,1814,1.00000000,109.21120000,0.04342000,,true
7387,4,HFA,F,,1815,1.00000000,109.22850000,0.04342000,,true
7388,4,HFA,F,,1816,1.00000000,109.24580000,0.04343000,,true
7389,4,HFA,F,,1817,1.00000000,109.26320000,0.04343000,,true
7390,4,HFA,F,,1818,1.00000000,109.28050000,0.04343000,,true
7391,4,HFA,F,,1819,1.00000000,109.29780000,0.04344000,,true
7392,4,HFA,F,,1820,1.00000000,109.31510000,0.04344000,,true
7393,4,HFA,F,,1821,1.00000000,109.33240000,0.04345000,,true
7394,4,HFA,F,,1822,1.00000000,109.34980000,0.04345000,,true
7395,4,HFA,F,,1823,1.00000000,109.36710000,0.04345000,,true
7396,4,HFA,F,,1824,1.00000000,109.38440000,0.04346000,,true
7397,4,HFA,F,,1825,1.00000000,109.40160000,0.04346000,,true
7398,4,HFA,F,,1826,1.00000000,109.41890000,0.04346000,,true
7399,4,HFA,F,,1827,1.00000000,109.43620000,0.04347000,,true
7400,4,HFA,F,,1828,1.00000000,109.45350000,0.04347000,,true
7401,4,HFA,F,,1829,1.00000000,109.47080000,0.04348000,,true
7402,4,HFA,F,,1830,1.00000000,109.48800000,0.04348000,,true
7403,4,HFA,F,,1831,1.00000000,109.50530000,0.04348000,,true
7404,4,HFA,F,,1832,1.00000000,109.52250000,0.04349000,,true
7405,4,HFA,F,,1833,1.00000000,109.53980000,0.04349000,,true
7406,4,HFA,F,,1834,1.00000000,109.55700000,0.04350000,,true
7407,4,HFA,F,,1835,1.00000000,109.57430000,0.04350000,,true
7408,4,HFA,F,,1836,1.00000000,109.59150000,0.04350000,,true
7409,4,HFA,F,,1837,1.00000000,109.60880000,0.04351000,,true
7410,4,HFA,F,,1838,1.00000000,109.62600000,0.04351000,,true
7411,4,HFA,F,,1839,1.00000000,109.64320000,0.04352000,,true
7412,4,HFA,F,,1840,1.00000000,109.66040000,0.04352000,,true
7413,4,HFA,F,,1841,1.00000000,109.67760000,0.04352000,,true
7414,4,HFA,F,,1842,1.00000000,109.69480000,0.04353000,,true
7415,4,HFA,F,,1843,1.00000000,109.71200000,0.04353000,,true
7416,4,HFA,F,,1844,1.00000000,109.72920000,0.04354000,,true
7417,4,HFA,F,,1845,1.00000000,109.74640000,0.04354000,,true
7418,4,HFA,F,,1846,1.00000000,109.76360000,0.04354000,,true
7419,4,HFA,F,,1847,1.00000000,109.78080000,0.04355000,,true
7420,4,HFA,F,,1848,1.00000000,109.79800000,0.04355000,,true
7421,4,HFA,F,,1849,1.00000000,109.81510000,0.04356000,,true
7422,4,HFA,F,,1850,1.00000000,109.83230000,0.04356000,,true
7423,4,HFA,F,,1851,1.00000000,109.84940000,0.04356000,,true
7424,4,HFA,F,,1852,1.00000000,109.86660000,0.04357000,,true
7425,4,HFA,F,,1853,1.00000000,109.88370000,0.04357000,,true
7426,4,HFA,F,,1854,1.00000000,109.90090000,0.04358000,,true
7427,4,HFA,F,,1855,1.00000000,109.91800000,0.04358000,,true
7428,4,HFA,F,,1856,1.00000000,109.93520000,0.04358000,,true
7429,5,WFA,M,,0,0.34870000,3.34640000,0.14602000,,true
7430,5,WFA,M,,1,0.31270000,3.31740000,0.14693000,,true
7431,5,WFA,M,,2,0.30290000,3.33700000,0.14676000,,true
7432,5,WFA,M,,3,0.29590000,3.36270000,0.14647000,,true
7433,5,WFA,M,,4,0.29030000,3.39150000,0.14611000,,true
7434,5,WFA,M,,5,0.28550000,3.42230000,0.14571000,,true
7435,5,WFA,M,,6,0.28130000,3.45450000,0.14528000,,true
7436,5,WFA,M,,7,0.27760000,3.48790000,0.14483000,,true
7437,5,WFA,M,,8,0.27420000,3.52220000,0.14436000,,true
7438,5,WFA,M,,9,0.27110000,3.55760000,0.14388000,,true
7439,5,WFA,M,,10,0.26810000,3.59410000,0.14339000,,true
7440,5,WFA,M,,11,0.26540000,3.63190000,0.14290000,,true
7441,5,WFA,M,,12,0.26280000,3.67100000,0.14241000,,true
7442,5,WFA,M,,13,0.26040000,3.71130000,0.14192000,,true
7443,5,WFA,M,,14,0.25810000,3.75290000,0.14142000,,true
7444,5,WFA,M,,15,0.25580000,3.79560000,0.14093000,,true
7445,5,WFA,M,,16,0.25370000,3.83890000,0.14044000,,true
7446,5,WFA,M,,17,0.25170000,3.88280000,0.13996000,,true
7447,5,WFA,M,,18,0.24970000,3.92700000,0.13948000,,true
7448,5,WFA,M,,19,0.24780000,3.97140000,0.13900000,,true
7449,5,WFA,M,,20,0.24600000,4.01580000,0.13853000,,true
7450,5,WFA,M,,21,0.24420000,4.06030000,0.13807000,,true
7451,5,WFA,M,,22,0.24250000,4.10460000,0.13761000,,true
7452,5,WFA,M,,23,0.24080000,4.14890000,0.13715000,,true
7453,5,WFA,M,,24,0.23920000,4.19300000,0.13670000,,true
7454,5,WFA,M,,25,0.23760000,4.23690000,0.13626000,,true
7455,5,WFA,M,,26,0.23610000,4.28060000,0.13582000,,true
7456,5,WFA,M,,27,0.23460000,4.32400000,0.13539000,,true
7457,5,WFA,M,,28,0.23310000,4.36710000,0.13497000,,true
7458,5,WFA,M,,29,0.23170000,4.41000000,0.13455000,,true
7459,5,WFA,M,,30,0.23030000,4.45250000,0.13413000,,true
7460,5,WFA,M,,31,0.22900000,4.49460000,0.13372000,,true
7461,5,WFA,M,,32,0.22760000,4.53630000,0.13332000,,true
7462,5,WFA,M,,33,0.22630000,4.57760000,0.13292000,,true
7463,5,WFA,M,,34,0.22500000,4.61850000,0.13253000,,true
7464,5,WFA,M,,35,0.22370000,4.65900000,0.13215000,,true
7465,5,WFA,M,,36,0.22250000,4.69900000,0.13177000,,true
7466,5,WFA,M,,37,0.22130000,4.73860000,0.13139000,,true
7467,5,WFA,M,,38,0.22010000,4.77780000,0.13102000,,true
7468,5,WFA,M,,39,0.21890000,4.81660000,0.13066000,,true
7469,5,WFA,M,,40,0.21780000,4.85490000,0.13030000,,true
7470,5,WFA,M,,41,0.21660000,4.89280000,0.12994000,,true
7471,5,WFA,M,,42,0.21550000,4.93030000,0.12960000,,true
7472,5,WFA,M,,43,0.21440000,4.96740000,0.12925000,,true
7473,5,WFA,M,,44,0.21330000,5.00410000,0.12891000,,true
7474,5,WFA,M,,45,0.21220000,5.04040000,0.12858000,,true
7475,5,WFA,M,,46,0.21120000,5.07630000,0.12825000,,true
7476,5,WFA,M,,47,0.21010000,5.11180000,0.12792000,,true
7477,5,WFA,M,,48,0.20910000,5.14690000,0.12760000,,true
7478,5,WFA,M,,49,0.20810000,5.18170000,0.12729000,,true
7479,5,WFA,M,,50,0.20710000,5.21610000,0.12698000,,true
7480,5,WFA,M,,51,0.20610000,5.25010000,0.12667000,,true
7481,5,WFA,M,,52,0.20520000,5.28370000,0.12637000,,true
7482,5,WFA,M,,53,0.20420000,5.31710000,0.12607000,,true
7483,5,WFA,M,,54,0.20320000,5.35000000,0.12577000,,true
7484,5,WFA,M,,55,0.20230000,5.38260000,0.12548000,,true
7485,5,WFA,M,,56,0.20140000,5.41490000,0.12520000,,true
7486,5,WFA,M,,57,0.20050000,5.44680000,0.12491000,,true
7487,5,WFA,M,,58,0.19960000,5.47840000,0.12463000,,true
7488,5,WFA,M,,59,0.19870000,5.50970000,0.12436000,,true
7489,5,WFA,M,,60,0.19780000,5.54070000,0.12409000,,true
7490,5,WFA,M,,61,0.19690000,5.57140000,0.12382000,,true
7491,5,WFA,M,,62,0.19600000,5.60180000,0.12356000,,true
7492,5,WFA,M,,63,0.19520000,5.63190000,0.12330000,,true
7493,5,WFA,M,,64,0.19430000,5.66170000,0.12304000,,true
7494,5,WFA,M,,65,0.19350000,5.69120000,0.12279000,,true
7495,5,WFA,M,,66,0.19260000,5.72050000,0.12254000,,true
7496,5,WFA,M,,67,0.19180000,5.74940000,0.12229000,,true
7497,5,WFA,M,,68,0.19100000,5.77810000,0.12205000,,true
7498,5,WFA,M,,69,0.19020000,5.80650000,0.12181000,,true
7499,5,WFA,M,,70,0.18940000,5.83460000,0.12157000,,true
7500,5,WFA,M,,71,0.18860000,5.86250000,0.12134000,,true
7501,5,WFA,M,,72,0.18780000,5.89010000,0.12111000,,true
7502,5,WFA,M,,73,0.18700000,5.91740000,0.12088000,,true
7503,5,WFA,M,,74,0.18630000,5.94450000,0.12066000,,true
7504,5,WFA,M,,75,0.18550000,5.97130000,0.12044000,,true
7505,5,WFA,M,,76,0.18470000,5.99790000,0.12022000,,true
7506,5,WFA,M,,77,0.18400000,6.02420000,0.12001000,,true
7507,5,WFA,M,,78,0.18320000,6.05030000,0.11980000,,true
7508,5,WFA,M,,79,0.18250000,6.07620000,0.11959000,,true
7509,5,WFA,M,,80,0.18180000,6.10180000,0.11939000,,true
7510,5,WFA,M,,81,0.18100000,6.12720000,0.11918000,,true
7511,5,WFA,M,,82,0.18030000,6.15230000,0.11899000,,true
7512,5,WFA,M,,83,0.17960000,6.17720000,0.11879000,,true
7513,5,WFA,M,,84,0.17890000,6.20190000,0.11860000,,true
7514,5,WFA,M,,85,0.17820000,6.22640000,0.11841000,,true
7515,5,WFA,M,,86,0.17750000,6.25070000,0.11822000,,true
7516,5,WFA,M,,87,0.17680000,6.27480000,0.11803000,,true
7517,5,WFA,M,,88,0.17610000,6.29860000,0.11785000,,true
7518,5,WFA,M,,89,0.17540000,6.32230000,0.11767000,,true
7519,5,WFA,M,,90,0.17470000,6.34570000,0.11750000,,true
7520,5,WFA,M,,91,0.17400000,6.36900000,0.11732000,,true
7521,5,WFA,M,,92,0.17340000,6.39210000,0.11715000,,true
7522,5,WFA,M,,93,0.17270000,6.41490000,0.11698000,,true
7523,5,WFA,M,,94,0.17200000,6.43760000,0.11682000,,true
7524,5,WFA,M,,95,0.17140000,6.46010000,0.11666000,,true
7525,5,WFA,M,,96,0.17070000,6.48240000,0.11649000,,true
7526,5,WFA,M,,97,0.17010000,6.50460000,0.11634000,,true
7527,5,WFA,M,,98,0.16940000,6.52650000,0.11618000,,true
7528,5,WFA,M,,99,0.16880000,6.54830000,0.11603000,,true
7529,5,WFA,M,,100,0.16820000,6.56990000,0.11588000,,true
7530,5,WFA,M,,101,0.16750000,6.59140000,0.11573000,,true
7531,5,WFA,M,,102,0.16690000,6.61260000,0.11558000,,true
7532,5,WFA,M,,103,0.16630000,6.63380000,0.11544000,,true
7533,5,WFA,M,,104,0.16570000,6.65470000,0.11530000,,true
7534,5,WFA,M,,105,0.16510000,6.67550000,0.11516000,,true
7535,5,WFA,M,,106,0.16440000,6.69620000,0.11502000,,true
7536,5,WFA,M,,107,0.16380000,6.71660000,0.11489000,,true
7537,5,WFA,M,,108,0.16320000,6.73700000,0.11476000,,true
7538,5,WFA,M,,109,0.16260000,6.75720000,0.11463000,,true
7539,5,WFA,M,,110,0.16200000,6.77720000,0.11450000,,true
7540,5,WFA,M,,111,0.16140000,6.79710000,0.11438000,,true
7541,5,WFA,M,,112,0.16090000,6.81680000,0.11425000,,true
7542,5,WFA,M,,113,0.16030000,6.83650000,0.11413000,,true
7543,5,WFA,M,,114,0.15970000,6.85590000,0.11401000,,true
7544,5,WFA,M,,115,0.15910000,6.87530000,0.11390000,,true
7545,5,WFA,M,,116,0.15850000,6.89450000,0.11378000,,true
7546,5,WFA,M,,117,0.15800000,6.91350000,0.11367000,,true
7547,5,WFA,M,,118,0.15740000,6.93250000,0.11356000,,true
7548,5,WFA,M,,119,0.15680000,6.95130000,0.11345000,,true
7549,5,WFA,M,,120,0.15630000,6.96990000,0.11334000,,true
7550,5,WFA,M,,121,0.15570000,6.98850000,0.11324000,,true
7551,5,WFA,M,,122,0.15510000,7.00690000,0.11313000,,true
7552,5,WFA,M,,123,0.15460000,7.02520000,0.11303000,,true
7553,5,WFA,M,,124,0.15400000,7.04340000,0.11293000,,true
7554,5,WFA,M,,125,0.15350000,7.06150000,0.11283000,,true
7555,5,WFA,M,,126,0.15290000,7.07940000,0.11274000,,true
7556,5,WFA,M,,127,0.15240000,7.09720000,0.11265000,,true
7557,5,WFA,M,,128,0.15190000,7.11490000,0.11255000,,true
7558,5,WFA,M,,129,0.15130000,7.13250000,0.11246000,,true
7559,5,WFA,M,,130,0.15080000,7.15000000,0.11237000,,true
7560,5,WFA,M,,131,0.15020000,7.16740000,0.11229000,,true
7561,5,WFA,M,,132,0.14970000,7.18460000,0.11220000,,true
7562,5,WFA,M,,133,0.14920000,7.20180000,0.11212000,,true
7563,5,WFA,M,,134,0.14870000,7.21880000,0.11204000,,true
7564,5,WFA,M,,135,0.14810000,7.23570000,0.11196000,,true
7565,5,WFA,M,,136,0.14760000,7.25250000,0.11188000,,true
7566,5,WFA,M,,137,0.14710000,7.26920000,0.11180000,,true
7567,5,WFA,M,,138,0.14660000,7.28580000,0.11172000,,true
7568,5,WFA,M,,139,0.14610000,7.30230000,0.11165000,,true
7569,5,WFA,M,,140,0.14560000,7.31870000,0.11158000,,true
7570,5,WFA,M,,141,0.14510000,7.33500000,0.11150000,,true
7571,5,WFA,M,,142,0.14460000,7.35120000,0.11143000,,true
7572,5,WFA,M,,143,0.14410000,7.36730000,0.11137000,,true
7573,5,WFA,M,,144,0.14360000,7.38330000,0.11130000,,true
7574,5,WFA,M,,145,0.14310000,7.39920000,0.11123000,,true
7575,5,WFA,M,,146,0.14260000,7.41500000,0.11117000,,true
7576,5,WFA,M,,147,0.14210000,7.43070000,0.11111000,,true
7577,5,WFA,M,,148,0.14160000,7.44630000,0.11104000,,true
7578,5,WFA,M,,149,0.14110000,7.46180000,0.11098000,,true
7579,5,WFA,M,,150,0.14060000,7.47720000,0.11092000,,true
7580,5,WFA,M,,151,0.14010000,7.49250000,0.11087000,,true
7581,5,WFA,M,,152,0.13960000,7.50770000,0.11081000,,true
7582,5,WFA,M,,153,0.13910000,7.52280000,0.11075000,,true
7583,5,WFA,M,,154,0.13870000,7.53790000,0.11070000,,true
7584,5,WFA,M,,155,0.13820000,7.55280000,0.11065000,,true
7585,5,WFA,M,,156,0.13770000,7.56770000,0.11059000,,true
7586,5,WFA,M,,157,0.13720000,7.58240000,0.11054000,,true
7587,5,WFA,M,,158,0.13680000,7.59710000,0.11049000,,true
7588,5,WFA,M,,159,0.13630000,7.61170000,0.11044000,,true
7589,5,WFA,M,,160,0.13580000,7.62620000,0.11040000,,true
7590,5,WFA,M,,161,0.13540000,7.64060000,0.11035000,,true
7591,5,WFA,M,,162,0.13490000,7.65500000,0.11031000,,true
7592,5,WFA,M,,163,0.13440000,7.66920000,0.11026000,,true
7593,5,WFA,M,,164,0.13400000,7.68340000,0.11022000,,true
7594,5,WFA,M,,165,0.13350000,7.69750000,0.11018000,,true
7595,5,WFA,M,,166,0.13310000,7.71150000,0.11013000,,true
7596,5,WFA,M,,167,0.13260000,7.72550000,0.11009000,,true
7597,5,WFA,M,,168,0.13220000,7.73940000,0.11005000,,true
7598,5,WFA,M,,169,0.13170000,7.75320000,0.11002000,,true
7599,5,WFA,M,,170,0.13130000,7.76690000,0.10998000,,true
7600,5,WFA,M,,171,0.13080000,7.78050000,0.10994000,,true
7601,5,WFA,M,,172,0.13040000,7.79410000,0.10991000,,true
7602,5,WFA,M,,173,0.12990000,7.80760000,0.10987000,,true
7603,5,WFA,M,,174,0.12950000,7.82100000,0.10984000,,true
7604,5,WFA,M,,175,0.12900000,7.83440000,0.10980000,,true
7605,5,WFA,M,,176,0.12860000,7.84770000,0.10977000,,true
7606,5,WFA,M,,177,0.12820000,7.86090000,0.10974000,,true
7607,5,WFA,M,,178,0.12770000,7.87410000,0.10971000,,true
7608,5,WFA,M,,179,0.12730000,7.88710000,0.10968000,,true
7609,5,WFA,M,,180,0.12690000,7.90020000,0.10965000,,true
7610,5,WFA,M,,181,0.12640000,7.91310000,0.10962000,,true
7611,5,WFA,M,,182,0.12600000,7.92600000,0.10959000,,true
7612,5,WFA,M,,183,0.12560000,7.93890000,0.10957000,,true
7613,5,WFA,M,,184,0.12510000,7.95160000,0.10954000,,true
7614,5,WFA,M,,185,0.12470000,7.96430000,0.10951000,,true
7615,5,WFA,M,,186,0.12430000,7.97700000,0.10949000,,true
7616,5,WFA,M,,187,0.12390000,7.98950000,0.10946000,,true
7617,5,WFA,M,,188,0.12350000,8.00210000,0.10944000,,true
7618,5,WFA,M,,189,0.12300000,8.01450000,0.10942000,,true
7619,5,WFA,M,,190,0.12260000,8.02690000,0.10940000,,true
7620,5,WFA,M,,191,0.12220000,8.03920000,0.10937000,,true
7621,5,WFA,M,,192,0.12180000,8.05150000,0.10935000,,true
7622,5,WFA,M,,193,0.12140000,8.06370000,0.10933000,,true
7623,5,WFA,M,,194,0.12100000,8.07590000,0.10931000,,true
7624,5,WFA,M,,195,0.12060000,8.08790000,0.10929000,,true
7625,5,WFA,M,,196,0.12010000,8.10000000,0.10927000,,true
7626,5,WFA,M,,197,0.11970000,8.11200000,0.10925000,,true
7627,5,WFA,M,,198,0.11930000,8.12390000,0.10924000,,true
7628,5,WFA,M,,199,0.11890000,8.13570000,0.10922000,,true
7629,5,WFA,M,,200,0.11850000,8.14750000,0.10920000,,true
7630,5,WFA,M,,201,0.11810000,8.15930000,0.10919000,,true
7631,5,WFA,M,,202,0.11770000,8.17100000,0.10917000,,true
7632,5,WFA,M,,203,0.11730000,8.18260000,0.10915000,,true
7633,5,WFA,M,,204,0.11690000,8.19420000,0.10914000,,true
7634,5,WFA,M,,205,0.11650000,8.20580000,0.10913000,,true
7635,5,WFA,M,,206,0.11610000,8.21730000,0.10911000,,true
7636,5,WFA,M,,207,0.11570000,8.22870000,0.10910000,,true
7637,5,WFA,M,,208,0.11530000,8.24010000,0.10908000,,true
7638,5,WFA,M,,209,0.11490000,8.25140000,0.10907000,,true
7639,5,WFA,M,,210,0.11450000,8.26270000,0.10906000,,true
7640,5,WFA,M,,211,0.11420000,8.27390000,0.10905000,,true
7641,5,WFA,M,,212,0.11380000,8.28510000,0.10903000,,true
7642,5,WFA,M,,213,0.11340000,8.29630000,0.10902000,,true
7643,5,WFA,M,,214,0.11300000,8.30740000,0.10901000,,true
7644,5,WFA,M,,215,0.11260000,8.31840000,0.10900000,,true
7645,5,WFA,M,,216,0.11220000,8.32940000,0.10899000,,true
7646,5,WFA,M,,217,0.11180000,8.34040000,0.10898000,,true
7647,5,WFA,M,,218,0.11150000,8.35130000,0.10897000,,true
7648,5,WFA,M,,219,0.11110000,8.36210000,0.10896000,,true
7649,5,WFA,M,,220,0.11070000,8.37290000,0.10895000,,true
7650,5,WFA,M,,221,0.11030000,8.38370000,0.10894000,,true
7651,5,WFA,M,,222,0.10990000,8.39440000,0.10894000,,true
7652,5,WFA,M,,223,0.10960000,8.40510000,0.10893000,,true
7653,5,WFA,M,,224,0.10920000,8.41570000,0.10892000,,true
7654,5,WFA,M,,225,0.10880000,8.42630000,0.10891000,,true
7655,5,WFA,M,,226,0.10840000,8.43690000,0.10891000,,true
7656,5,WFA,M,,227,0.10810000,8.44740000,0.10890000,,true
7657,5,WFA,M,,228,0.10770000,8.45780000,0.10889000,,true
7658,5,WFA,M,,229,0.10730000,8.46830000,0.10889000,,true
7659,5,WFA,M,,230,0.10700000,8.47870000,0.10888000,,true
7660,5,WFA,M,,231,0.10660000,8.48900000,0.10887000,,true
7661,5,WFA,M,,232,0.10620000,8.49930000,0.10887000,,true
7662,5,WFA,M,,233,0.10590000,8.50960000,0.10886000,,true
7663,5,WFA,M,,234,0.10550000,8.51980000,0.10886000,,true
7664,5,WFA,M,,235,0.10510000,8.53000000,0.10885000,,true
7665,5,WFA,M,,236,0.10480000,8.54010000,0.10885000,,true
7666,5,WFA,M,,237,0.10440000,8.55020000,0.10884000,,true
7667,5,WFA,M,,238,0.10400000,8.56030000,0.10884000,,true
7668,5,WFA,M,,239,0.10370000,8.57040000,0.10884000,,true
7669,5,WFA,M,,240,0.10330000,8.58040000,0.10883000,,true
7670,5,WFA,M,,241,0.10300000,8.59030000,0.10883000,,true
7671,5,WFA,M,,242,0.10260000,8.60030000,0.10882000,,true
7672,5,WFA,M,,243,0.10230000,8.61020000,0.10882000,,true
7673,5,WFA,M,,244,0.10190000,8.62000000,0.10882000,,true
7674,5,WFA,M,,245,0.10150000,8.62990000,0.10882000,,true
7675,5,WFA,M,,246,0.10120000,8.63970000,0.10881000,,true
7676,5,WFA,M,,247,0.10080000,8.64940000,0.10881000,,true
7677,5,WFA,M,,248,0.10050000,8.65920000,0.10881000,,true
7678,5,WFA,M,,249,0.10010000,8.66890000,0.10881000,,true
7679,5,WFA,M,,250,0.09980000,8.67850000,0.10881000,,true
7680,5,WFA,M,,251,0.09940000,8.68820000,0.10880000,,true
7681,5,WFA,M,,252,0.09910000,8.69780000,0.10880000,,true
7682,5,WFA,M,,253,0.09870000,8.70730000,0.10880000,,true
7683,5,WFA,M,,254,0.09840000,8.71690000,0.10880000,,true
7684,5,WFA,M,,255,0.09810000,8.72640000,0.10880000,,true
7685,5,WFA,M,,256,0.09770000,8.73590000,0.10880000,,true
7686,5,WFA,M,,257,0.09740000,8.74530000,0.10880000,,true
7687,5,WFA,M,,258,0.09700000,8.75480000,0.10880000,,true
7688,5,WFA,M,,259,0.09670000,8.76420000,0.10880000,,true
7689,5,WFA,M,,260,0.09630000,8.77350000,0.10880000,,true
7690,5,WFA,M,,261,0.09600000,8.78290000,0.10880000,,true
7691,5,WFA,M,,262,0.09570000,8.79220000,0.10880000,,true
7692,5,WFA,M,,263,0.09530000,8.80150000,0.10880000,,true
7693,5,WFA,M,,264,0.09500000,8.81070000,0.10880000,,true
7694,5,WFA,M,,265,0.09470000,8.82000000,0.10880000,,true
7695,5,WFA,M,,266,0.09430000,8.82920000,0.10880000,,true
7696,5,WFA,M,,267,0.09400000,8.83840000,0.10880000,,true
7697,5,WFA,M,,268,0.09370000,8.84750000,0.10880000,,true
7698,5,WFA,M,,269,0.09330000,8.85670000,0.10880000,,true
7699,5,WFA,M,,270,0.09300000,8.86580000,0.10880000,,true
7700,5,WFA,M,,271,0.09270000,8.87480000,0.10880000,,true
7701,5,WFA,M,,272,0.09230000,8.88390000,0.10881000,,true
7702,5,WFA,M,,273,0.09200000,8.89290000,0.10881000,,true
7703,5,WFA,M,,274,0.09170000,8.90190000,0.10881000,,true
7704,5,WFA,M,,275,0.09130000,8.91090000,0.10881000,,true
7705,5,WFA,M,,276,0.09100000,8.91990000,0.10881000,,true
7706,5,WFA,M,,277,0.09070000,8.92880000,0.10882000,,true
7707,5,WFA,M,,278,0.09040000,8.93770000,0.10882000,,true
7708,5,WFA,M,,279,0.09000000,8.94660000,0.10882000,,true
7709,5,WFA,M,,280,0.08970000,8.95550000,0.10882000,,true
7710,5,WFA,M,,281,0.08940000,8.96430000,0.10882000,,true
7711,5,WFA,M,,282,0.08910000,8.97310000,0.10883000,,true
7712,5,WFA,M,,283,0.08870000,8.98190000,0.10883000,,true
7713,5,WFA,M,,284,0.08840000,8.99070000,0.10883000,,true
7714,5,WFA,M,,285,0.08810000,8.99950000,0.10884000,,true
7715,5,WFA,M,,286,0.08780000,9.00820000,0.10884000,,true
7716,5,WFA,M,,287,0.08750000,9.01690000,0.10884000,,true
7717,5,WFA,M,,288,0.08710000,9.02560000,0.10884000,,true
7718,5,WFA,M,,289,0.08680000,9.03420000,0.10885000,,true
7719,5,WFA,M,,290,0.08650000,9.04290000,0.10885000,,true
7720,5,WFA,M,,291,0.08620000,9.05150000,0.10885000,,true
7721,5,WFA,M,,292,0.08590000,9.06010000,0.10886000,,true
7722,5,WFA,M,,293,0.08560000,9.06870000,0.10886000,,true
7723,5,WFA,M,,294,0.08520000,9.07720000,0.10887000,,true
7724,5,WFA,M,,295,0.08490000,9.08580000,0.10887000,,true
7725,5,WFA,M,,296,0.08460000,9.09430000,0.10887000,,true
7726,5,WFA,M,,297,0.08430000,9.10280000,0.10888000,,true
7727,5,WFA,M,,298,0.08400000,9.11130000,0.10888000,,true
7728,5,WFA,M,,299,0.08370000,9.11980000,0.10888000,,true
7729,5,WFA,M,,300,0.08340000,9.12820000,0.10889000,,true
7730,5,WFA,M,,301,0.08310000,9.13660000,0.10889000,,true
7731,5,WFA,M,,302,0.08270000,9.14500000,0.10890000,,true
7732,5,WFA,M,,303,0.08240000,9.15340000,0.10890000,,true
7733,5,WFA,M,,304,0.08210000,9.16180000,0.10890000,,true
7734,5,WFA,M,,305,0.08180000,9.17010000,0.10891000,,true
7735,5,WFA,M,,306,0.08150000,9.17850000,0.10891000,,true
7736,5,WFA,M,,307,0.08120000,9.18680000,0.10892000,,true
7737,5,WFA,M,,308,0.08090000,9.19510000,0.10892000,,true
7738,5,WFA,M,,309,0.08060000,9.20340000,0.10893000,,true
7739,5,WFA,M,,310,0.08030000,9.21170000,0.10893000,,true
7740,5,WFA,M,,311,0.08000000,9.21990000,0.10894000,,true
7741,5,WFA,M,,312,0.07970000,9.22820000,0.10894000,,true
7742,5,WFA,M,,313,0.07940000,9.23640000,0.10894000,,true
7743,5,WFA,M,,314,0.07910000,9.24460000,0.10895000,,true
7744,5,WFA,M,,315,0.07880000,9.25280000,0.10895000,,true
7745,5,WFA,M,,316,0.07850000,9.26100000,0.10896000,,true
7746,5,WFA,M,,317,0.07820000,9.26910000,0.10896000,,true
7747,5,WFA,M,,318,0.07790000,9.27730000,0.10897000,,true
7748,5,WFA,M,,319,0.07760000,9.28540000,0.10897000,,true
7749,5,WFA,M,,320,0.07730000,9.29350000,0.10898000,,true
7750,5,WFA,M,,321,0.07700000,9.30160000,0.10898000,,true
7751,5,WFA,M,,322,0.07670000,9.30970000,0.10899000,,true
7752,5,WFA,M,,323,0.07640000,9.31780000,0.10899000,,true
7753,5,WFA,M,,324,0.07610000,9.32580000,0.10900000,,true
7754,5,WFA,M,,325,0.07580000,9.33390000,0.10901000,,true
7755,5,WFA,M,,326,0.07550000,9.34190000,0.10901000,,true
7756,5,WFA,M,,327,0.07520000,9.34990000,0.10902000,,true
7757,5,WFA,M,,328,0.07490000,9.35790000,0.10902000,,true
7758,5,WFA,M,,329,0.07460000,9.36590000,0.10903000,,true
7759,5,WFA,M,,330,0.07440000,9.37390000,0.10903000,,true
7760,5,WFA,M,,331,0.07410000,9.38190000,0.10904000,,true
7761,5,WFA,M,,332,0.07380000,9.38980000,0.10904000,,true
7762,5,WFA,M,,333,0.07350000,9.39780000,0.10905000,,true
7763,5,WFA,M,,334,0.07320000,9.40570000,0.10905000,,true
7764,5,WFA,M,,335,0.07290000,9.41360000,0.10906000,,true
7765,5,WFA,M,,336,0.07260000,9.42150000,0.10907000,,true
7766,5,WFA,M,,337,0.07230000,9.42940000,0.10907000,,true
7767,5,WFA,M,,338,0.07200000,9.43730000,0.10908000,,true
7768,5,WFA,M,,339,0.07180000,9.44520000,0.10908000,,true
7769,5,WFA,M,,340,0.07150000,9.45300000,0.10909000,,true
7770,5,WFA,M,,341,0.07120000,9.46090000,0.10910000,,true
7771,5,WFA,M,,342,0.07090000,9.46870000,0.10910000,,true
7772,5,WFA,M,,343,0.07060000,9.47650000,0.10911000,,true
7773,5,WFA,M,,344,0.07030000,9.48440000,0.10911000,,true
7774,5,WFA,M,,345,0.07010000,9.49220000,0.10912000,,true
7775,5,WFA,M,,346,0.06980000,9.49990000,0.10913000,,true
7776,5,WFA,M,,347,0.06950000,9.50770000,0.10913000,,true
7777,5,WFA,M,,348,0.06920000,9.51550000,0.10914000,,true
7778,5,WFA,M,,349,0.06890000,9.52320000,0.10915000,,true
7779,5,WFA,M,,350,0.06860000,9.53100000,0.10915000,,true
7780,5,WFA,M,,351,0.06840000,9.53870000,0.10916000,,true
7781,5,WFA,M,,352,0.06810000,9.54640000,0.10916000,,true
7782,5,WFA,M,,353,0.06780000,9.55420000,0.10917000,,true
7783,5,WFA,M,,354,0.06750000,9.56190000,0.10918000,,true
7784,5,WFA,M,,355,0.06720000,9.56960000,0.10918000,,true
7785,5,WFA,M,,356,0.06700000,9.57720000,0.10919000,,true
7786,5,WFA,M,,357,0.06670000,9.58490000,0.10920000,,true
7787,5,WFA,M,,358,0.06640000,9.59260000,0.10920000,,true
7788,5,WFA,M,,359,0.06610000,9.60020000,0.10921000,,true
7789,5,WFA,M,,360,0.06590000,9.60790000,0.10922000,,true
7790,5,WFA,M,,361,0.06560000,9.61550000,0.10922000,,true
7791,5,WFA,M,,362,0.06530000,9.62310000,0.10923000,,true
7792,5,WFA,M,,363,0.06500000,9.63080000,0.10924000,,true
7793,5,WFA,M,,364,0.06480000,9.63840000,0.10925000,,true
7794,5,WFA,M,,365,0.06450000,9.64600000,0.10925000,,true
7795,5,WFA,M,,366,0.06420000,9.65350000,0.10926000,,true
7796,5,WFA,M,,367,0.06400000,9.66110000,0.10927000,,true
7797,5,WFA,M,,368,0.06370000,9.66870000,0.10927000,,true
7798,5,WFA,M,,369,0.06340000,9.67630000,0.10928000,,true
7799,5,WFA,M,,370,0.06310000,9.68380000,0.10929000,,true
7800,5,WFA,M,,371,0.06290000,9.69140000,0.10930000,,true
7801,5,WFA,M,,372,0.06260000,9.69890000,0.10930000,,true
7802,5,WFA,M,,373,0.06230000,9.70640000,0.10931000,,true
7803,5,WFA,M,,374,0.06210000,9.71390000,0.10932000,,true
7804,5,WFA,M,,375,0.06180000,9.72140000,0.10933000,,true
7805,5,WFA,M,,376,0.06150000,9.72890000,0.10933000,,true
7806,5,WFA,M,,377,0.06130000,9.73640000,0.10934000,,true
7807,5,WFA,M,,378,0.06100000,9.74390000,0.10935000,,true
7808,5,WFA,M,,379,0.06070000,9.75140000,0.10936000,,true
7809,5,WFA,M,,380,0.06050000,9.75880000,0.10936000,,true
7810,5,WFA,M,,381,0.06020000,9.76630000,0.10937000,,true
7811,5,WFA,M,,382,0.05990000,9.77380000,0.10938000,,true
7812,5,WFA,M,,383,0.05970000,9.78120000,0.10939000,,true
7813,5,WFA,M,,384,0.05940000,9.78860000,0.10939000,,true
7814,5,WFA,M,,385,0.05910000,9.79600000,0.10940000,,true
7815,5,WFA,M,,386,0.05890000,9.80350000,0.10941000,,true
7816,5,WFA,M,,387,0.05860000,9.81090000,0.10942000,,true
7817,5,WFA,M,,388,0.05830000,9.81830000,0.10943000,,true
7818,5,WFA,M,,389,0.05810000,9.82570000,0.10943000,,true
7819,5,WFA,M,,390,0.05780000,9.83300000,0.10944000,,true
7820,5,WFA,M,,391,0.05760000,9.84040000,0.10945000,,true
7821,5,WFA,M,,392,0.05730000,9.84780000,0.10946000,,true
7822,5,WFA,M,,393,0.05700000,9.85510000,0.10947000,,true
7823,5,WFA,M,,394,0.05680000,9.86250000,0.10948000,,true
7824,5,WFA,M,,395,0.05650000,9.86990000,0.10948000,,true
7825,5,WFA,M,,396,0.05630000,9.87720000,0.10949000,,true
7826,5,WFA,M,,397,0.05600000,9.88450000,0.10950000,,true
7827,5,WFA,M,,398,0.05570000,9.89180000,0.10951000,,true
7828,5,WFA,M,,399,0.05550000,9.89920000,0.10952000,,true
7829,5,WFA,M,,400,0.05520000,9.90650000,0.10953000,,true
7830,5,WFA,M,,401,0.05500000,9.91380000,0.10954000,,true
7831,5,WFA,M,,402,0.05470000,9.92110000,0.10954000,,true
7832,5,WFA,M,,403,0.05450000,9.92840000,0.10955000,,true
7833,5,WFA,M,,404,0.05420000,9.93570000,0.10956000,,true
7834,5,WFA,M,,405,0.05400000,9.94290000,0.10957000,,true
7835,5,WFA,M,,406,0.05370000,9.95020000,0.10958000,,true
7836,5,WFA,M,,407,0.05340000,9.95750000,0.10959000,,true
7837,5,WFA,M,,408,0.05320000,9.96470000,0.10960000,,true
7838,5,WFA,M,,409,0.05290000,9.97200000,0.10961000,,true
7839,5,WFA,M,,410,0.05270000,9.97920000,0.10961000,,true
7840,5,WFA,M,,411,0.05240000,9.98650000,0.10962000,,true
7841,5,WFA,M,,412,0.05220000,9.99370000,0.10963000,,true
7842,5,WFA,M,,413,0.05190000,10.00090000,0.10964000,,true
7843,5,WFA,M,,414,0.05170000,10.00820000,0.10965000,,true
7844,5,WFA,M,,415,0.05140000,10.01540000,0.10966000,,true
7845,5,WFA,M,,416,0.05120000,10.02260000,0.10967000,,true
7846,5,WFA,M,,417,0.05090000,10.02980000,0.10968000,,true
7847,5,WFA,M,,418,0.05070000,10.03700000,0.10969000,,true
7848,5,WFA,M,,419,0.05040000,10.04420000,0.10970000,,true
7849,5,WFA,M,,420,0.05020000,10.05140000,0.10971000,,true
7850,5,WFA,M,,421,0.04990000,10.05860000,0.10971000,,true
7851,5,WFA,M,,422,0.04970000,10.06570000,0.10972000,,true
7852,5,WFA,M,,423,0.04940000,10.07290000,0.10973000,,true
7853,5,WFA,M,,424,0.04920000,10.08010000,0.10974000,,true
7854,5,WFA,M,,425,0.04890000,10.08720000,0.10975000,,true
7855,5,WFA,M,,426,0.04870000,10.09440000,0.10976000,,true
7856,5,WFA,M,,427,0.04840000,10.10150000,0.10977000,,true
7857,5,WFA,M,,428,0.04820000,10.10870000,0.10978000,,true
7858,5,WFA,M,,429,0.04790000,10.11580000,0.10979000,,true
7859,5,WFA,M,,430,0.04770000,10.12300000,0.10980000,,true
7860,5,WFA,M,,431,0.04750000,10.13010000,0.10981000,,true
7861,5,WFA,M,,432,0.04720000,10.13720000,0.10982000,,true
7862,5,WFA,M,,433,0.04700000,10.14430000,0.10983000,,true
7863,5,WFA,M,,434,0.04670000,10.15150000,0.10984000,,true
7864,5,WFA,M,,435,0.04650000,10.15860000,0.10985000,,true
7865,5,WFA,M,,436,0.04620000,10.16570000,0.10986000,,true
7866,5,WFA,M,,437,0.04600000,10.17280000,0.10987000,,true
7867,5,WFA,M,,438,0.04580000,10.17990000,0.10988000,,true
7868,5,WFA,M,,439,0.04550000,10.18700000,0.10989000,,true
7869,5,WFA,M,,440,0.04530000,10.19410000,0.10990000,,true
7870,5,WFA,M,,441,0.04500000,10.20110000,0.10991000,,true
7871,5,WFA,M,,442,0.04480000,10.20820000,0.10992000,,true
7872,5,WFA,M,,443,0.04450000,10.21530000,0.10993000,,true
7873,5,WFA,M,,444,0.04430000,10.22240000,0.10994000,,true
7874,5,WFA,M,,445,0.04410000,10.22940000,0.10995000,,true
7875,5,WFA,M,,446,0.04380000,10.23650000,0.10996000,,true
7876,5,WFA,M,,447,0.04360000,10.24350000,0.10997000,,true
7877,5,WFA,M,,448,0.04330000,10.25060000,0.10998000,,true
7878,5,WFA,M,,449,0.04310000,10.25760000,0.10999000,,true
7879,5,WFA,M,,450,0.04290000,10.26470000,0.11000000,,true
7880,5,WFA,M,,451,0.04260000,10.27170000,0.11001000,,true
7881,5,WFA,M,,452,0.04240000,10.27880000,0.11002000,,true
7882,5,WFA,M,,453,0.04220000,10.28580000,0.11003000,,true
7883,5,WFA,M,,454,0.04190000,10.29280000,0.11005000,,true
7884,5,WFA,M,,455,0.04170000,10.29980000,0.11006000,,true
7885,5,WFA,M,,456,0.04140000,10.30690000,0.11007000,,true
7886,5,WFA,M,,457,0.04120000,10.31390000,0.11008000,,true
7887,5,WFA,M,,458,0.04100000,10.32090000,0.11009000,,true
7888,5,WFA,M,,459,0.04070000,10.32790000,0.11010000,,true
7889,5,WFA,M,,460,0.04050000,10.33490000,0.11011000,,true
7890,5,WFA,M,,461,0.04030000,10.34190000,0.11012000,,true
7891,5,WFA,M,,462,0.04000000,10.34890000,0.11013000,,true
7892,5,WFA,M,,463,0.03980000,10.35590000,0.11014000,,true
7893,5,WFA,M,,464,0.03960000,10.36290000,0.11015000,,true
7894,5,WFA,M,,465,0.03930000,10.36990000,0.11016000,,true
7895,5,WFA,M,,466,0.03910000,10.37690000,0.11017000,,true
7896,5,WFA,M,,467,0.03890000,10.38390000,0.11019000,,true
7897,5,WFA,M,,468,0.03860000,10.39080000,0.11020000,,true
7898,5,WFA,M,,469,0.03840000,10.39780000,0.11021000,,true
7899,5,WFA,M,,470,0.03820000,10.40480000,0.11022000,,true
7900,5,WFA,M,,471,0.03790000,10.41180000,0.11023000,,true
7901,5,WFA,M,,472,0.03770000,10.41870000,0.11024000,,true
7902,5,WFA,M,,473,0.03750000,10.42570000,0.11025000,,true
7903,5,WFA,M,,474,0.03730000,10.43260000,0.11026000,,true
7904,5,WFA,M,,475,0.03700000,10.43960000,0.11027000,,true
7905,5,WFA,M,,476,0.03680000,10.44650000,0.11029000,,true
7906,5,WFA,M,,477,0.03660000,10.45350000,0.11030000,,true
7907,5,WFA,M,,478,0.03630000,10.46040000,0.11031000,,true
7908,5,WFA,M,,479,0.03610000,10.46740000,0.11032000,,true
7909,5,WFA,M,,480,0.03590000,10.47430000,0.11033000,,true
7910,5,WFA,M,,481,0.03570000,10.48130000,0.11034000,,true
7911,5,WFA,M,,482,0.03540000,10.48820000,0.11035000,,true
7912,5,WFA,M,,483,0.03520000,10.49510000,0.11037000,,true
7913,5,WFA,M,,484,0.03500000,10.50200000,0.11038000,,true
7914,5,WFA,M,,485,0.03470000,10.50900000,0.11039000,,true
7915,5,WFA,M,,486,0.03450000,10.51590000,0.11040000,,true
7916,5,WFA,M,,487,0.03430000,10.52280000,0.11041000,,true
7917,5,WFA,M,,488,0.03410000,10.52970000,0.11042000,,true
7918,5,WFA,M,,489,0.03380000,10.53660000,0.11044000,,true
7919,5,WFA,M,,490,0.03360000,10.54350000,0.11045000,,true
7920,5,WFA,M,,491,0.03340000,10.55050000,0.11046000,,true
7921,5,WFA,M,,492,0.03320000,10.55740000,0.11047000,,true
7922,5,WFA,M,,493,0.03290000,10.56430000,0.11048000,,true
7923,5,WFA,M,,494,0.03270000,10.57120000,0.11050000,,true
7924,5,WFA,M,,495,0.03250000,10.57800000,0.11051000,,true
7925,5,WFA,M,,496,0.03230000,10.58490000,0.11052000,,true
7926,5,WFA,M,,497,0.03200000,10.59180000,0.11053000,,true
7927,5,WFA,M,,498,0.03180000,10.59870000,0.11054000,,true
7928,5,WFA,M,,499,0.03160000,10.60560000,0.11056000,,true
7929,5,WFA,M,,500,0.03140000,10.61250000,0.11057000,,true
7930,5,WFA,M,,501,0.03120000,10.61930000,0.11058000,,true
7931,5,WFA,M,,502,0.03090000,10.62620000,0.11059000,,true
7932,5,WFA,M,,503,0.03070000,10.63310000,0.11060000,,true
7933,5,WFA,M,,504,0.03050000,10.63990000,0.11062000,,true
7934,5,WFA,M,,505,0.03030000,10.64680000,0.11063000,,true
7935,5,WFA,M,,506,0.03000000,10.65370000,0.11064000,,true
7936,5,WFA,M,,507,0.02980000,10.66050000,0.11065000,,true
7937,5,WFA,M,,508,0.02960000,10.66740000,0.11067000,,true
7938,5,WFA,M,,509,0.02940000,10.67420000,0.11068000,,true
7939,5,WFA,M,,510,0.02920000,10.68110000,0.11069000,,true
7940,5,WFA,M,,511,0.02890000,10.68790000,0.11070000,,true
7941,5,WFA,M,,512,0.02870000,10.69480000,0.11072000,,true
7942,5,WFA,M,,513,0.02850000,10.70160000,0.11073000,,true
7943,5,WFA,M,,514,0.02830000,10.70840000,0.11074000,,true
7944,5,WFA,M,,515,0.02810000,10.71530000,0.11075000,,true
7945,5,WFA,M,,516,0.02790000,10.72210000,0.11077000,,true
7946,5,WFA,M,,517,0.02760000,10.72890000,0.11078000,,true
7947,5,WFA,M,,518,0.02740000,10.73570000,0.11079000,,true
7948,5,WFA,M,,519,0.02720000,10.74260000,0.11081000,,true
7949,5,WFA,M,,520,0.02700000,10.74940000,0.11082000,,true
7950,5,WFA,M,,521,0.02680000,10.75620000,0.11083000,,true
7951,5,WFA,M,,522,0.02660000,10.76300000,0.11084000,,true
7952,5,WFA,M,,523,0.02630000,10.76980000,0.11086000,,true
7953,5,WFA,M,,524,0.02610000,10.77660000,0.11087000,,true
7954,5,WFA,M,,525,0.02590000,10.78350000,0.11088000,,true
7955,5,WFA,M,,526,0.02570000,10.79030000,0.11090000,,true
7956,5,WFA,M,,527,0.02550000,10.79710000,0.11091000,,true
7957,5,WFA,M,,528,0.02530000,10.80390000,0.11092000,,true
7958,5,WFA,M,,529,0.02500000,10.81070000,0.11094000,,true
7959,5,WFA,M,,530,0.02480000,10.81740000,0.11095000,,true
7960,5,WFA,M,,531,0.02460000,10.82420000,0.11096000,,true
7961,5,WFA,M,,532,0.02440000,10.83100000,0.11098000,,true
7962,5,WFA,M,,533,0.02420000,10.83780000,0.11099000,,true
7963,5,WFA,M,,534,0.02400000,10.84460000,0.11100000,,true
7964,5,WFA,M,,535,0.02380000,10.85140000,0.11102000,,true
7965,5,WFA,M,,536,0.02360000,10.85820000,0.11103000,,true
7966,5,WFA,M,,537,0.02330000,10.86490000,0.11104000,,true
7967,5,WFA,M,,538,0.02310000,10.87170000,0.11106000,,true
7968,5,WFA,M,,539,0.02290000,10.87850000,0.11107000,,true
7969,5,WFA,M,,540,0.02270000,10.88520000,0.11108000,,true
7970,5,WFA,M,,541,0.02250000,10.89200000,0.11110000,,true
7971,5,WFA,M,,542,0.02230000,10.89880000,0.11111000,,true
7972,5,WFA,M,,543,0.02210000,10.90550000,0.11113000,,true
7973,5,WFA,M,,544,0.02190000,10.91230000,0.11114000,,true
7974,5,WFA,M,,545,0.02170000,10.91910000,0.11115000,,true
7975,5,WFA,M,,546,0.02140000,10.92580000,0.11117000,,true
7976,5,WFA,M,,547,0.02120000,10.93260000,0.11118000,,true
7977,5,WFA,M,,548,0.02100000,10.93930000,0.11120000,,true
7978,5,WFA,M,,549,0.02080000,10.94610000,0.11121000,,true
7979,5,WFA,M,,550,0.02060000,10.95280000,0.11122000,,true
7980,5,WFA,M,,551,0.02040000,10.95960000,0.11124000,,true
7981,5,WFA,M,,552,0.02020000,10.96630000,0.11125000,,true
7982,5,WFA,M,,553,0.02000000,10.97300000,0.11127000,,true
7983,5,WFA,M,,554,0.01980000,10.97980000,0.11128000,,true
7984,5,WFA,M,,555,0.01960000,10.98650000,0.11129000,,true
7985,5,WFA,M,,556,0.01940000,10.99320000,0.11131000,,true
7986,5,WFA,M,,557,0.01920000,11.00000000,0.11132000,,true
7987,5,WFA,M,,558,0.01890000,11.00670000,0.11134000,,true
7988,5,WFA,M,,559,0.01870000,11.01340000,0.11135000,,true
7989,5,WFA,M,,560,0.01850000,11.02020000,0.11137000,,true
7990,5,WFA,M,,561,0.01830000,11.02690000,0.11138000,,true
7991,5,WFA,M,,562,0.01810000,11.03360000,0.11139000,,true
7992,5,WFA,M,,563,0.01790000,11.04030000,0.11141000,,true
7993,5,WFA,M,,564,0.01770000,11.04700000,0.11142000,,true
7994,5,WFA,M,,565,0.01750000,11.05370000,0.11144000,,true
7995,5,WFA,M,,566,0.01730000,11.06050000,0.11145000,,true
7996,5,WFA,M,,567,0.01710000,11.06720000,0.11147000,,true
7997,5,WFA,M,,568,0.01690000,11.07390000,0.11148000,,true
7998,5,WFA,M,,569,0.01670000,11.08060000,0.11150000,,true
7999,5,WFA,M,,570,0.01650000,11.08730000,0.11151000,,true
8000,5,WFA,M,,571,0.01630000,11.09400000,0.11153000,,true
8001,5,WFA,M,,572,0.01610000,11.10070000,0.11154000,,true
8002,5,WFA,M,,573,0.01590000,11.10740000,0.11156000,,true
8003,5,WFA,M,,574,0.01570000,11.11410000,0.11157000,,true
8004,5,WFA,M,,575,0.01550000,11.12080000,0.11159000,,true
8005,5,WFA,M,,576,0.01530000,11.12750000,0.11160000,,true
8006,5,WFA,M,,577,0.01510000,11.13420000,0.11162000,,true
8007,5,WFA,M,,578,0.01490000,11.14090000,0.11163000,,true
8008,5,WFA,M,,579,0.01470000,11.14760000,0.11165000,,true
8009,5,WFA,M,,580,0.01440000,11.15430000,0.11166000,,true
8010,5,WFA,M,,581,0.01420000,11.16100000,0.11168000,,true
8011,5,WFA,M,,582,0.01400000,11.16760000,0.11169000,,true
8012,5,WFA,M,,583,0.01380000,11.17430000,0.11171000,,true
8013,5,WFA,M,,584,0.01360000,11.18100000,0.11172000,,true
8014,5,WFA,M,,585,0.01340000,11.18770000,0.11174000,,true
8015,5,WFA,M,,586,0.01320000,11.19440000,0.11175000,,true
8016,5,WFA,M,,587,0.01300000,11.20110000,0.11177000,,true
8017,5,WFA,M,,588,0.01280000,11.20770000,0.11178000,,true
8018,5,WFA,M,,589,0.01260000,11.21440000,0.11180000,,true
8019,5,WFA,M,,590,0.01240000,11.22110000,0.11182000,,true
8020,5,WFA,M,,591,0.01220000,11.22780000,0.11183000,,true
8021,5,WFA,M,,592,0.01200000,11.23450000,0.11185000,,true
8022,5,WFA,M,,593,0.01180000,11.24110000,0.11186000,,true
8023,5,WFA,M,,594,0.01160000,11.24780000,0.11188000,,true
8024,5,WFA,M,,595,0.01140000,11.25450000,0.11189000,,true
8025,5,WFA,M,,596,0.01120000,11.26120000,0.11191000,,true
8026,5,WFA,M,,597,0.01110000,11.26780000,0.11192000,,true
8027,5,WFA,M,,598,0.01090000,11.27450000,0.11194000,,true
8028,5,WFA,M,,599,0.01070000,11.28120000,0.11196000,,true
8029,5,WFA,M,,600,0.01050000,11.28780000,0.11197000,,true
8030,5,WFA,M,,601,0.01030000,11.29450000,0.11199000,,true
8031,5,WFA,M,,602,0.01010000,11.30120000,0.11200000,,true
8032,5,WFA,M,,603,0.00990000,11.30780000,0.11202000,,true
8033,5,WFA,M,,604,0.00970000,11.31450000,0.11204000,,true
8034,5,WFA,M,,605,0.00950000,11.32120000,0.11205000,,true
8035,5,WFA,M,,606,0.00930000,11.32780000,0.11207000,,true
8036,5,WFA,M,,607,0.00910000,11.33450000,0.11208000,,true
8037,5,WFA,M,,608,0.00890000,11.34120000,0.11210000,,true
8038,5,WFA,M,,609,0.00870000,11.34780000,0.11212000,,true
8039,5,WFA,M,,610,0.00850000,11.35450000,0.11213000,,true
8040,5,WFA,M,,611,0.00830000,11.36120000,0.11215000,,true
8041,5,WFA,M,,612,0.00810000,11.36780000,0.11216000,,true
8042,5,WFA,M,,613,0.00790000,11.37450000,0.11218000,,true
8043,5,WFA,M,,614,0.00770000,11.38110000,0.11220000,,true
8044,5,WFA,M,,615,0.00750000,11.38780000,0.11221000,,true
8045,5,WFA,M,,616,0.00730000,11.39450000,0.11223000,,true
8046,5,WFA,M,,617,0.00710000,11.40110000,0.11224000,,true
8047,5,WFA,M,,618,0.00690000,11.40780000,0.11226000,,true
8048,5,WFA,M,,619,0.00670000,11.41440000,0.11228000,,true
8049,5,WFA,M,,620,0.00660000,11.42110000,0.11229000,,true
8050,5,WFA,M,,621,0.00640000,11.42770000,0.11231000,,true
8051,5,WFA,M,,622,0.00620000,11.43440000,0.11233000,,true
8052,5,WFA,M,,623,0.00600000,11.44100000,0.11234000,,true
8053,5,WFA,M,,624,0.00580000,11.44770000,0.11236000,,true
8054,5,WFA,M,,625,0.00560000,11.45430000,0.11238000,,true
8055,5,WFA,M,,626,0.00540000,11.46100000,0.11239000,,true
8056,5,WFA,M,,627,0.00520000,11.46760000,0.11241000,,true
8057,5,WFA,M,,628,0.00500000,11.47430000,0.11243000,,true
8058,5,WFA,M,,629,0.00480000,11.48090000,0.11244000,,true
8059,5,WFA,M,,630,0.00460000,11.48760000,0.11246000,,true
8060,5,WFA,M,,631,0.00440000,11.49420000,0.11248000,,true
8061,5,WFA,M,,632,0.00430000,11.50090000,0.11249000,,true
8062,5,WFA,M,,633,0.00410000,11.50750000,0.11251000,,true
8063,5,WFA,M,,634,0.00390000,11.51420000,0.11253000,,true
8064,5,WFA,M,,635,0.00370000,11.52080000,0.11254000,,true
8065,5,WFA,M,,636,0.00350000,11.52740000,0.11256000,,true
8066,5,WFA,M,,637,0.00330000,11.53410000,0.11258000,,true
8067,5,WFA,M,,638,0.00310000,11.54070000,0.11259000,,true
8068,5,WFA,M,,639,0.00290000,11.54740000,0.11261000,,true
8069,5,WFA,M,,640,0.00270000,11.55400000,0.11263000,,true
8070,5,WFA,M,,641,0.00250000,11.56060000,0.11265000,,true
8071,5,WFA,M,,642,0.00240000,11.56730000,0.11266000,,true
8072,5,WFA,M,,643,0.00220000,11.57390000,0.11268000,,true
8073,5,WFA,M,,644,0.00200000,11.58060000,0.11270000,,true
8074,5,WFA,M,,645,0.00180000,11.58720000,0.11271000,,true
8075,5,WFA,M,,646,0.00160000,11.59380000,0.11273000,,true
8076,5,WFA,M,,647,0.00140000,11.60050000,0.11275000,,true
8077,5,WFA,M,,648,0.00120000,11.60710000,0.11276000,,true
8078,5,WFA,M,,649,0.00100000,11.61370000,0.11278000,,true
8079,5,WFA,M,,650,0.00080000,11.62040000,0.11280000,,true
8080,5,WFA,M,,651,0.00070000,11.62700000,0.11282000,,true
8081,5,WFA,M,,652,0.00050000,11.63360000,0.11283000,,true
8082,5,WFA,M,,653,0.00030000,11.64030000,0.11285000,,true
8083,5,WFA,M,,654,0.00010000,11.64690000,0.11287000,,true
8084,5,WFA,M,,655,-0.00010000,11.65350000,0.11289000,,true
8085,5,WFA,M,,656,-0.00030000,11.66010000,0.11290000,,true
8086,5,WFA,M,,657,-0.00050000,11.66680000,0.11292000,,true
8087,5,WFA,M,,658,-0.00060000,11.67340000,0.11294000,,true
8088,5,WFA,M,,659,-0.00080000,11.68000000,0.11296000,,true
8089,5,WFA,M,,660,-0.00100000,11.68660000,0.11297000,,true
8090,5,WFA,M,,661,-0.00120000,11.69330000,0.11299000,,true
8091,5,WFA,M,,662,-0.00140000,11.69990000,0.11301000,,true
8092,5,WFA,M,,663,-0.00160000,11.70650000,0.11303000,,true
8093,5,WFA,M,,664,-0.00180000,11.71310000,0.11304000,,true
8094,5,WFA,M,,665,-0.00190000,11.71980000,0.11306000,,true
8095,5,WFA,M,,666,-0.00210000,11.72640000,0.11308000,,true
8096,5,WFA,M,,667,-0.00230000,11.73300000,0.11310000,,true
8097,5,WFA,M,,668,-0.00250000,11.73960000,0.11311000,,true
8098,5,WFA,M,,669,-0.00270000,11.74620000,0.11313000,,true
8099,5,WFA,M,,670,-0.00290000,11.75280000,0.11315000,,true
8100,5,WFA,M,,671,-0.00300000,11.75950000,0.11317000,,true
8101,5,WFA,M,,672,-0.00320000,11.76610000,0.11318000,,true
8102,5,WFA,M,,673,-0.00340000,11.77270000,0.11320000,,true
8103,5,WFA,M,,674,-0.00360000,11.77930000,0.11322000,,true
8104,5,WFA,M,,675,-0.00380000,11.78590000,0.11324000,,true
8105,5,WFA,M,,676,-0.00400000,11.79250000,0.11326000,,true
8106,5,WFA,M,,677,-0.00410000,11.79910000,0.11327000,,true
8107,5,WFA,M,,678,-0.00430000,11.80570000,0.11329000,,true
8108,5,WFA,M,,679,-0.00450000,11.81240000,0.11331000,,true
8109,5,WFA,M,,680,-0.00470000,11.81900000,0.11333000,,true
8110,5,WFA,M,,681,-0.00490000,11.82560000,0.11335000,,true
8111,5,WFA,M,,682,-0.00510000,11.83220000,0.11336000,,true
8112,5,WFA,M,,683,-0.00520000,11.83880000,0.11338000,,true
8113,5,WFA,M,,684,-0.00540000,11.84540000,0.11340000,,true
8114,5,WFA,M,,685,-0.00560000,11.85200000,0.11342000,,true
8115,5,WFA,M,,686,-0.00580000,11.85860000,0.11344000,,true
8116,5,WFA,M,,687,-0.00600000,11.86520000,0.11345000,,true
8117,5,WFA,M,,688,-0.00610000,11.87180000,0.11347000,,true
8118,5,WFA,M,,689,-0.00630000,11.87840000,0.11349000,,true
8119,5,WFA,M,,690,-0.00650000,11.88500000,0.11351000,,true
8120,5,WFA,M,,691,-0.00670000,11.89160000,0.11353000,,true
8121,5,WFA,M,,692,-0.00690000,11.89820000,0.11354000,,true
8122,5,WFA,M,,693,-0.00700000,11.90480000,0.11356000,,true
8123,5,WFA,M,,694,-0.00720000,11.91140000,0.11358000,,true
8124,5,WFA,M,,695,-0.00740000,11.91800000,0.11360000,,true
8125,5,WFA,M,,696,-0.00760000,11.92460000,0.11362000,,true
8126,5,WFA,M,,697,-0.00780000,11.93120000,0.11364000,,true
8127,5,WFA,M,,698,-0.00790000,11.93780000,0.11365000,,true
8128,5,WFA,M,,699,-0.00810000,11.94440000,0.11367000,,true
8129,5,WFA,M,,700,-0.00830000,11.95100000,0.11369000,,true
8130,5,WFA,M,,701,-0.00850000,11.95760000,0.11371000,,true
8131,5,WFA,M,,702,-0.00870000,11.96420000,0.11373000,,true
8132,5,WFA,M,,703,-0.00880000,11.97070000,0.11375000,,true
8133,5,WFA,M,,704,-0.00900000,11.97730000,0.11376000,,true
8134,5,WFA,M,,705,-0.00920000,11.98390000,0.11378000,,true
8135,5,WFA,M,,706,-0.00940000,11.99050000,0.11380000,,true
8136,5,WFA,M,,707,-0.00950000,11.99710000,0.11382000,,true
8137,5,WFA,M,,708,-0.00970000,12.00370000,0.11384000,,true
8138,5,WFA,M,,709,-0.00990000,12.01030000,0.11386000,,true
8139,5,WFA,M,,710,-0.01010000,12.01680000,0.11388000,,true
8140,5,WFA,M,,711,-0.01020000,12.02340000,0.11389000,,true
8141,5,WFA,M,,712,-0.01040000,12.03000000,0.11391000,,true
8142,5,WFA,M,,713,-0.01060000,12.03660000,0.11393000,,true
8143,5,WFA,M,,714,-0.01080000,12.04310000,0.11395000,,true
8144,5,WFA,M,,715,-0.01100000,12.04970000,0.11397000,,true
8145,5,WFA,M,,716,-0.01110000,12.05630000,0.11399000,,true
8146,5,WFA,M,,717,-0.01130000,12.06290000,0.11401000,,true
8147,5,WFA,M,,718,-0.01150000,12.06940000,0.11403000,,true
8148,5,WFA,M,,719,-0.01170000,12.07600000,0.11404000,,true
8149,5,WFA,M,,720,-0.01180000,12.08260000,0.11406000,,true
8150,5,WFA,M,,721,-0.01200000,12.08910000,0.11408000,,true
8151,5,WFA,M,,722,-0.01220000,12.09570000,0.11410000,,true
8152,5,WFA,M,,723,-0.01240000,12.10230000,0.11412000,,true
8153,5,WFA,M,,724,-0.01250000,12.10880000,0.11414000,,true
8154,5,WFA,M,,725,-0.01270000,12.11540000,0.11416000,,true
8155,5,WFA,M,,726,-0.01290000,12.12200000,0.11418000,,true
8156,5,WFA,M,,727,-0.01310000,12.12850000,0.11420000,,true
8157,5,WFA,M,,728,-0.01320000,12.13510000,0.11421000,,true
8158,5,WFA,M,,729,-0.01340000,12.14160000,0.11423000,,true
8159,5,WFA,M,,730,-0.01360000,12.14820000,0.11425000,,true
8160,5,WFA,M,,731,-0.01370000,12.15480000,0.11427000,,true
8161,5,WFA,M,,732,-0.01390000,12.16130000,0.11429000,,true
8162,5,WFA,M,,733,-0.01410000,12.16790000,0.11431000,,true
8163,5,WFA,M,,734,-0.01430000,12.17440000,0.11433000,,true
8164,5,WFA,M,,735,-0.01440000,12.18100000,0.11435000,,true
8165,5,WFA,M,,736,-0.01460000,12.18750000,0.11437000,,true
8166,5,WFA,M,,737,-0.01480000,12.19410000,0.11439000,,true
8167,5,WFA,M,,738,-0.01500000,12.20060000,0.11440000,,true
8168,5,WFA,M,,739,-0.01510000,12.20720000,0.11442000,,true
8169,5,WFA,M,,740,-0.01530000,12.21370000,0.11444000,,true
8170,5,WFA,M,,741,-0.01550000,12.22020000,0.11446000,,true
8171,5,WFA,M,,742,-0.01560000,12.22680000,0.11448000,,true
8172,5,WFA,M,,743,-0.01580000,12.23330000,0.11450000,,true
8173,5,WFA,M,,744,-0.01600000,12.23980000,0.11452000,,true
8174,5,WFA,M,,745,-0.01620000,12.24640000,0.11454000,,true
8175,5,WFA,M,,746,-0.01630000,12.25290000,0.11456000,,true
8176,5,WFA,M,,747,-0.01650000,12.25940000,0.11458000,,true
8177,5,WFA,M,,748,-0.01670000,12.26600000,0.11460000,,true
8178,5,WFA,M,,749,-0.01680000,12.27250000,0.11462000,,true
8179,5,WFA,M,,750,-0.01700000,12.27900000,0.11464000,,true
8180,5,WFA,M,,751,-0.01720000,12.28550000,0.11465000,,true
8181,5,WFA,M,,752,-0.01740000,12.29200000,0.11467000,,true
8182,5,WFA,M,,753,-0.01750000,12.29860000,0.11469000,,true
8183,5,WFA,M,,754,-0.01770000,12.30510000,0.11471000,,true
8184,5,WFA,M,,755,-0.01790000,12.31160000,0.11473000,,true
8185,5,WFA,M,,756,-0.01800000,12.31810000,0.11475000,,true
8186,5,WFA,M,,757,-0.01820000,12.32460000,0.11477000,,true
8187,5,WFA,M,,758,-0.01840000,12.33110000,0.11479000,,true
8188,5,WFA,M,,759,-0.01850000,12.33760000,0.11481000,,true
8189,5,WFA,M,,760,-0.01870000,12.34410000,0.11483000,,true
8190,5,WFA,M,,761,-0.01890000,12.35060000,0.11485000,,true
8191,5,WFA,M,,762,-0.01910000,12.35710000,0.11487000,,true
8192,5,WFA,M,,763,-0.01920000,12.36360000,0.11489000,,true
8193,5,WFA,M,,764,-0.01940000,12.37010000,0.11491000,,true
8194,5,WFA,M,,765,-0.01960000,12.37660000,0.11493000,,true
8195,5,WFA,M,,766,-0.01970000,12.38300000,0.11495000,,true
8196,5,WFA,M,,767,-0.01990000,12.38950000,0.11497000,,true
8197,5,WFA,M,,768,-0.02010000,12.39600000,0.11498000,,true
8198,5,WFA,M,,769,-0.02020000,12.40250000,0.11500000,,true
8199,5,WFA,M,,770,-0.02040000,12.40900000,0.11502000,,true
8200,5,WFA,M,,771,-0.02060000,12.41540000,0.11504000,,true
8201,5,WFA,M,,772,-0.02070000,12.42190000,0.11506000,,true
8202,5,WFA,M,,773,-0.02090000,12.42840000,0.11508000,,true
8203,5,WFA,M,,774,-0.02110000,12.43480000,0.11510000,,true
8204,5,WFA,M,,775,-0.02120000,12.44130000,0.11512000,,true
8205,5,WFA,M,,776,-0.02140000,12.44770000,0.11514000,,true
8206,5,WFA,M,,777,-0.02160000,12.45420000,0.11516000,,true
8207,5,WFA,M,,778,-0.02170000,12.46060000,0.11518000,,true
8208,5,WFA,M,,779,-0.02190000,12.46710000,0.11520000,,true
8209,5,WFA,M,,780,-0.02210000,12.47350000,0.11522000,,true
8210,5,WFA,M,,781,-0.02220000,12.48000000,0.11524000,,true
8211,5,WFA,M,,782,-0.02240000,12.48640000,0.11526000,,true
8212,5,WFA,M,,783,-0.02260000,12.49290000,0.11528000,,true
8213,5,WFA,M,,784,-0.02270000,12.49930000,0.11530000,,true
8214,5,WFA,M,,785,-0.02290000,12.50570000,0.11532000,,true
8215,5,WFA,M,,786,-0.02310000,12.51210000,0.11534000,,true
8216,5,WFA,M,,787,-0.02320000,12.51860000,0.11536000,,true
8217,5,WFA,M,,788,-0.02340000,12.52500000,0.11538000,,true
8218,5,WFA,M,,789,-0.02360000,12.53140000,0.11540000,,true
8219,5,WFA,M,,790,-0.02370000,12.53780000,0.11542000,,true
8220,5,WFA,M,,791,-0.02390000,12.54420000,0.11544000,,true
8221,5,WFA,M,,792,-0.02410000,12.55060000,0.11545000,,true
8222,5,WFA,M,,793,-0.02420000,12.55700000,0.11547000,,true
8223,5,WFA,M,,794,-0.02440000,12.56340000,0.11549000,,true
8224,5,WFA,M,,795,-0.02460000,12.56980000,0.11551000,,true
8225,5,WFA,M,,796,-0.02470000,12.57620000,0.11553000,,true
8226,5,WFA,M,,797,-0.02490000,12.58260000,0.11555000,,true
8227,5,WFA,M,,798,-0.02500000,12.58900000,0.11557000,,true
8228,5,WFA,M,,799,-0.02520000,12.59540000,0.11559000,,true
8229,5,WFA,M,,800,-0.02540000,12.60180000,0.11561000,,true
8230,5,WFA,M,,801,-0.02550000,12.60820000,0.11563000,,true
8231,5,WFA,M,,802,-0.02570000,12.61450000,0.11565000,,true
8232,5,WFA,M,,803,-0.02590000,12.62090000,0.11567000,,true
8233,5,WFA,M,,804,-0.02600000,12.62730000,0.11569000,,true
8234,5,WFA,M,,805,-0.02620000,12.63360000,0.11571000,,true
8235,5,WFA,M,,806,-0.02640000,12.64000000,0.11573000,,true
8236,5,WFA,M,,807,-0.02650000,12.64640000,0.11575000,,true
8237,5,WFA,M,,808,-0.02670000,12.65270000,0.11577000,,true
8238,5,WFA,M,,809,-0.02680000,12.65910000,0.11579000,,true
8239,5,WFA,M,,810,-0.02700000,12.66540000,0.11581000,,true
8240,5,WFA,M,,811,-0.02720000,12.67180000,0.11583000,,true
8241,5,WFA,M,,812,-0.02730000,12.67810000,0.11585000,,true
8242,5,WFA,M,,813,-0.02750000,12.68440000,0.11587000,,true
8243,5,WFA,M,,814,-0.02770000,12.69080000,0.11589000,,true
8244,5,WFA,M,,815,-0.02780000,12.69710000,0.11591000,,true
8245,5,WFA,M,,816,-0.02800000,12.70340000,0.11593000,,true
8246,5,WFA,M,,817,-0.02810000,12.70980000,0.11595000,,true
8247,5,WFA,M,,818,-0.02830000,12.71610000,0.11597000,,true
8248,5,WFA,M,,819,-0.02850000,12.72240000,0.11599000,,true
8249,5,WFA,M,,820,-0.02860000,12.72870000,0.11601000,,true
8250,5,WFA,M,,821,-0.02880000,12.73500000,0.11602000,,true
8251,5,WFA,M,,822,-0.02890000,12.74130000,0.11604000,,true
8252,5,WFA,M,,823,-0.02910000,12.74760000,0.11606000,,true
8253,5,WFA,M,,824,-0.02930000,12.75390000,0.11608000,,true
8254,5,WFA,M,,825,-0.02940000,12.76020000,0.11610000,,true
8255,5,WFA,M,,826,-0.02960000,12.76650000,0.11612000,,true
8256,5,WFA,M,,827,-0.02970000,12.77280000,0.11614000,,true
8257,5,WFA,M,,828,-0.02990000,12.77910000,0.11616000,,true
8258,5,WFA,M,,829,-0.03010000,12.78540000,0.11618000,,true
8259,5,WFA,M,,830,-0.03020000,12.79160000,0.11620000,,true
8260,5,WFA,M,,831,-0.03040000,12.79790000,0.11622000,,true
8261,5,WFA,M,,832,-0.03050000,12.80420000,0.11624000,,true
8262,5,WFA,M,,833,-0.03070000,12.81040000,0.11626000,,true
8263,5,WFA,M,,834,-0.03090000,12.81670000,0.11628000,,true
8264,5,WFA,M,,835,-0.03100000,12.82300000,0.11630000,,true
8265,5,WFA,M,,836,-0.03120000,12.82920000,0.11632000,,true
8266,5,WFA,M,,837,-0.03130000,12.83550000,0.11634000,,true
8267,5,WFA,M,,838,-0.03150000,12.84170000,0.11636000,,true
8268,5,WFA,M,,839,-0.03170000,12.84800000,0.11638000,,true
8269,5,WFA,M,,840,-0.03180000,12.85420000,0.11640000,,true
8270,5,WFA,M,,841,-0.03200000,12.86040000,0.11642000,,true
8271,5,WFA,M,,842,-0.03210000,12.86670000,0.11644000,,true
8272,5,WFA,M,,843,-0.03230000,12.87290000,0.11646000,,true
8273,5,WFA,M,,844,-0.03240000,12.87910000,0.11647000,,true
8274,5,WFA,M,,845,-0.03260000,12.88530000,0.11649000,,true
8275,5,WFA,M,,846,-0.03280000,12.89150000,0.11651000,,true
8276,5,WFA,M,,847,-0.03290000,12.89780000,0.11653000,,true
8277,5,WFA,M,,848,-0.03310000,12.90400000,0.11655000,,true
8278,5,WFA,M,,849,-0.03320000,12.91020000,0.11657000,,true
8279,5,WFA,M,,850,-0.03340000,12.91640000,0.11659000,,true
8280,5,WFA,M,,851,-0.03360000,12.92260000,0.11661000,,true
8281,5,WFA,M,,852,-0.03370000,12.92880000,0.11663000,,true
8282,5,WFA,M,,853,-0.03390000,12.93500000,0.11665000,,true
8283,5,WFA,M,,854,-0.03400000,12.94110000,0.11667000,,true
8284,5,WFA,M,,855,-0.03420000,12.94730000,0.11669000,,true
8285,5,WFA,M,,856,-0.03430000,12.95350000,0.11671000,,true
8286,5,WFA,M,,857,-0.03450000,12.95970000,0.11673000,,true
8287,5,WFA,M,,858,-0.03460000,12.96580000,0.11675000,,true
8288,5,WFA,M,,859,-0.03480000,12.97200000,0.11677000,,true
8289,5,WFA,M,,860,-0.03500000,12.97820000,0.11679000,,true
8290,5,WFA,M,,861,-0.03510000,12.98430000,0.11681000,,true
8291,5,WFA,M,,862,-0.03530000,12.99050000,0.11683000,,true
8292,5,WFA,M,,863,-0.03540000,12.99660000,0.11684000,,true
8293,5,WFA,M,,864,-0.03560000,13.00280000,0.11686000,,true
8294,5,WFA,M,,865,-0.03570000,13.00890000,0.11688000,,true
8295,5,WFA,M,,866,-0.03590000,13.01510000,0.11690000,,true
8296,5,WFA,M,,867,-0.03610000,13.02120000,0.11692000,,true
8297,5,WFA,M,,868,-0.03620000,13.02730000,0.11694000,,true
8298,5,WFA,M,,869,-0.03640000,13.03340000,0.11696000,,true
8299,5,WFA,M,,870,-0.03650000,13.03960000,0.11698000,,true
8300,5,WFA,M,,871,-0.03670000,13.04570000,0.11700000,,true
8301,5,WFA,M,,872,-0.03680000,13.05180000,0.11702000,,true
8302,5,WFA,M,,873,-0.03700000,13.05790000,0.11704000,,true
8303,5,WFA,M,,874,-0.03710000,13.06400000,0.11706000,,true
8304,5,WFA,M,,875,-0.03730000,13.07010000,0.11708000,,true
8305,5,WFA,M,,876,-0.03740000,13.07620000,0.11710000,,true
8306,5,WFA,M,,877,-0.03760000,13.08230000,0.11712000,,true
8307,5,WFA,M,,878,-0.03780000,13.08840000,0.11713000,,true
8308,5,WFA,M,,879,-0.03790000,13.09450000,0.11715000,,true
8309,5,WFA,M,,880,-0.03810000,13.10060000,0.11717000,,true
8310,5,WFA,M,,881,-0.03820000,13.10670000,0.11719000,,true
8311,5,WFA,M,,882,-0.03840000,13.11270000,0.11721000,,true
8312,5,WFA,M,,883,-0.03850000,13.11880000,0.11723000,,true
8313,5,WFA,M,,884,-0.03870000,13.12490000,0.11725000,,true
8314,5,WFA,M,,885,-0.03880000,13.13100000,0.11727000,,true
8315,5,WFA,M,,886,-0.03900000,13.13700000,0.11729000,,true
8316,5,WFA,M,,887,-0.03910000,13.14310000,0.11731000,,true
8317,5,WFA,M,,888,-0.03930000,13.14910000,0.11733000,,true
8318,5,WFA,M,,889,-0.03940000,13.15520000,0.11735000,,true
8319,5,WFA,M,,890,-0.03960000,13.16120000,0.11737000,,true
8320,5,WFA,M,,891,-0.03970000,13.16730000,0.11739000,,true
8321,5,WFA,M,,892,-0.03990000,13.17330000,0.11740000,,true
8322,5,WFA,M,,893,-0.04010000,13.17930000,0.11742000,,true
8323,5,WFA,M,,894,-0.04020000,13.18540000,0.11744000,,true
8324,5,WFA,M,,895,-0.04040000,13.19140000,0.11746000,,true
8325,5,WFA,M,,896,-0.04050000,13.19740000,0.11748000,,true
8326,5,WFA,M,,897,-0.04070000,13.20340000,0.11750000,,true
8327,5,WFA,M,,898,-0.04080000,13.20950000,0.11752000,,true
8328,5,WFA,M,,899,-0.04100000,13.21550000,0.11754000,,true
8329,5,WFA,M,,900,-0.04110000,13.22150000,0.11756000,,true
8330,5,WFA,M,,901,-0.04130000,13.22750000,0.11758000,,true
8331,5,WFA,M,,902,-0.04140000,13.23350000,0.11760000,,true
8332,5,WFA,M,,903,-0.04160000,13.23950000,0.11762000,,true
8333,5,WFA,M,,904,-0.04170000,13.24550000,0.11763000,,true
8334,5,WFA,M,,905,-0.04190000,13.25150000,0.11765000,,true
8335,5,WFA,M,,906,-0.04200000,13.25750000,0.11767000,,true
8336,5,WFA,M,,907,-0.04220000,13.26340000,0.11769000,,true
8337,5,WFA,M,,908,-0.04230000,13.26940000,0.11771000,,true
8338,5,WFA,M,,909,-0.04250000,13.27540000,0.11773000,,true
8339,5,WFA,M,,910,-0.04260000,13.28140000,0.11775000,,true
8340,5,WFA,M,,911,-0.04280000,13.28730000,0.11777000,,true
8341,5,WFA,M,,912,-0.04290000,13.29330000,0.11779000,,true
8342,5,WFA,M,,913,-0.04310000,13.29930000,0.11781000,,true
8343,5,WFA,M,,914,-0.04320000,13.30520000,0.11783000,,true
8344,5,WFA,M,,915,-0.04340000,13.31120000,0.11785000,,true
8345,5,WFA,M,,916,-0.04350000,13.31710000,0.11786000,,true
8346,5,WFA,M,,917,-0.04370000,13.32310000,0.11788000,,true
8347,5,WFA,M,,918,-0.04380000,13.32900000,0.11790000,,true
8348,5,WFA,M,,919,-0.04400000,13.33500000,0.11792000,,true
8349,5,WFA,M,,920,-0.04410000,13.34090000,0.11794000,,true
8350,5,WFA,M,,921,-0.04430000,13.34680000,0.11796000,,true
8351,5,WFA,M,,922,-0.04440000,13.35280000,0.11798000,,true
8352,5,WFA,M,,923,-0.04460000,13.35870000,0.11800000,,true
8353,5,WFA,M,,924,-0.04470000,13.36460000,0.11802000,,true
8354,5,WFA,M,,925,-0.04490000,13.37050000,0.11804000,,true
8355,5,WFA,M,,926,-0.04500000,13.37650000,0.11805000,,true
8356,5,WFA,M,,927,-0.04520000,13.38240000,0.11807000,,true
8357,5,WFA,M,,928,-0.04530000,13.38830000,0.11809000,,true
8358,5,WFA,M,,929,-0.04550000,13.39420000,0.11811000,,true
8359,5,WFA,M,,930,-0.04560000,13.40010000,0.11813000,,true
8360,5,WFA,M,,931,-0.04580000,13.40600000,0.11815000,,true
8361,5,WFA,M,,932,-0.04590000,13.41190000,0.11817000,,true
8362,5,WFA,M,,933,-0.04610000,13.41780000,0.11819000,,true
8363,5,WFA,M,,934,-0.04620000,13.42370000,0.11821000,,true
8364,5,WFA,M,,935,-0.04640000,13.42960000,0.11823000,,true
8365,5,WFA,M,,936,-0.04650000,13.43540000,0.11825000,,true
8366,5,WFA,M,,937,-0.04660000,13.44130000,0.11826000,,true
8367,5,WFA,M,,938,-0.04680000,13.44720000,0.11828000,,true
8368,5,WFA,M,,939,-0.04690000,13.45310000,0.11830000,,true
8369,5,WFA,M,,940,-0.04710000,13.45890000,0.11832000,,true
8370,5,WFA,M,,941,-0.04720000,13.46480000,0.11834000,,true
8371,5,WFA,M,,942,-0.04740000,13.47070000,0.11836000,,true
8372,5,WFA,M,,943,-0.04750000,13.47650000,0.11838000,,true
8373,5,WFA,M,,944,-0.04770000,13.48240000,0.11840000,,true
8374,5,WFA,M,,945,-0.04780000,13.48830000,0.11842000,,true
8375,5,WFA,M,,946,-0.04800000,13.49410000,0.11843000,,true
8376,5,WFA,M,,947,-0.04810000,13.50000000,0.11845000,,true
8377,5,WFA,M,,948,-0.04830000,13.50580000,0.11847000,,true
8378,5,WFA,M,,949,-0.04840000,13.51160000,0.11849000,,true
8379,5,WFA,M,,950,-0.04860000,13.51750000,0.11851000,,true
8380,5,WFA,M,,951,-0.04870000,13.52330000,0.11853000,,true
8381,5,WFA,M,,952,-0.04890000,13.52910000,0.11855000,,true
8382,5,WFA,M,,953,-0.04900000,13.53500000,0.11857000,,true
8383,5,WFA,M,,954,-0.04910000,13.54080000,0.11859000,,true
8384,5,WFA,M,,955,-0.04930000,13.54660000,0.11860000,,true
8385,5,WFA,M,,956,-0.04940000,13.55240000,0.11862000,,true
8386,5,WFA,M,,957,-0.04960000,13.55830000,0.11864000,,true
8387,5,WFA,M,,958,-0.04970000,13.56410000,0.11866000,,true
8388,5,WFA,M,,959,-0.04990000,13.56990000,0.11868000,,true
8389,5,WFA,M,,960,-0.05000000,13.57570000,0.11870000,,true
8390,5,WFA,M,,961,-0.05020000,13.58150000,0.11872000,,true
8391,5,WFA,M,,962,-0.05030000,13.58730000,0.11874000,,true
8392,5,WFA,M,,963,-0.05050000,13.59310000,0.11876000,,true
8393,5,WFA,M,,964,-0.05060000,13.59890000,0.11877000,,true
8394,5,WFA,M,,965,-0.05070000,13.60470000,0.11879000,,true
8395,5,WFA,M,,966,-0.05090000,13.61050000,0.11881000,,true
8396,5,WFA,M,,967,-0.05100000,13.61630000,0.11883000,,true
8397,5,WFA,M,,968,-0.05120000,13.62200000,0.11885000,,true
8398,5,WFA,M,,969,-0.05130000,13.62780000,0.11887000,,true
8399,5,WFA,M,,970,-0.05150000,13.63360000,0.11889000,,true
8400,5,WFA,M,,971,-0.05160000,13.63940000,0.11891000,,true
8401,5,WFA,M,,972,-0.05180000,13.64520000,0.11892000,,true
8402,5,WFA,M,,973,-0.05190000,13.65090000,0.11894000,,true
8403,5,WFA,M,,974,-0.05200000,13.65670000,0.11896000,,true
8404,5,WFA,M,,975,-0.05220000,13.66250000,0.11898000,,true
8405,5,WFA,M,,976,-0.05230000,13.66820000,0.11900000,,true
8406,5,WFA,M,,977,-0.05250000,13.67400000,0.11902000,,true
8407,5,WFA,M,,978,-0.05260000,13.67970000,0.11904000,,true
8408,5,WFA,M,,979,-0.05280000,13.68550000,0.11906000,,true
8409,5,WFA,M,,980,-0.05290000,13.69120000,0.11907000,,true
8410,5,WFA,M,,981,-0.05300000,13.69700000,0.11909000,,true
8411,5,WFA,M,,982,-0.05320000,13.70270000,0.11911000,,true
8412,5,WFA,M,,983,-0.05330000,13.70850000,0.11913000,,true
8413,5,WFA,M,,984,-0.05350000,13.71420000,0.11915000,,true
8414,5,WFA,M,,985,-0.05360000,13.71990000,0.11917000,,true
8415,5,WFA,M,,986,-0.05380000,13.72570000,0.11919000,,true
8416,5,WFA,M,,987,-0.05390000,13.73140000,0.11920000,,true
8417,5,WFA,M,,988,-0.05400000,13.73710000,0.11922000,,true
8418,5,WFA,M,,989,-0.05420000,13.74290000,0.11924000,,true
8419,5,WFA,M,,990,-0.05430000,13.74860000,0.11926000,,true
8420,5,WFA,M,,991,-0.05450000,13.75430000,0.11928000,,true
8421,5,WFA,M,,992,-0.05460000,13.76000000,0.11930000,,true
8422,5,WFA,M,,993,-0.05480000,13.76570000,0.11932000,,true
8423,5,WFA,M,,994,-0.05490000,13.77150000,0.11933000,,true
8424,5,WFA,M,,995,-0.05500000,13.77720000,0.11935000,,true
8425,5,WFA,M,,996,-0.05520000,13.78290000,0.11937000,,true
8426,5,WFA,M,,997,-0.05530000,13.78860000,0.11939000,,true
8427,5,WFA,M,,998,-0.05550000,13.79430000,0.11941000,,true
8428,5,WFA,M,,999,-0.05560000,13.80000000,0.11943000,,true
8429,5,WFA,M,,1000,-0.05580000,13.80570000,0.11945000,,true
8430,5,WFA,M,,1001,-0.05590000,13.81140000,0.11946000,,true
8431,5,WFA,M,,1002,-0.05600000,13.81710000,0.11948000,,true
8432,5,WFA,M,,1003,-0.05620000,13.82280000,0.11950000,,true
8433,5,WFA,M,,1004,-0.05630000,13.82850000,0.11952000,,true
8434,5,WFA,M,,1005,-0.05650000,13.83410000,0.11954000,,true
8435,5,WFA,M,,1006,-0.05660000,13.83980000,0.11956000,,true
8436,5,WFA,M,,1007,-0.05670000,13.84550000,0.11957000,,true
8437,5,WFA,M,,1008,-0.05690000,13.85120000,0.11959000,,true
8438,5,WFA,M,,1009,-0.05700000,13.85690000,0.11961000,,true
8439,5,WFA,M,,1010,-0.05720000,13.86250000,0.11963000,,true
8440,5,WFA,M,,1011,-0.05730000,13.86820000,0.11965000,,true
8441,5,WFA,M,,1012,-0.05740000,13.87390000,0.11967000,,true
8442,5,WFA,M,,1013,-0.05760000,13.87960000,0.11968000,,true
8443,5,WFA,M,,1014,-0.05770000,13.88520000,0.11970000,,true
8444,5,WFA,M,,1015,-0.05790000,13.89090000,0.11972000,,true
8445,5,WFA,M,,1016,-0.05800000,13.89660000,0.11974000,,true
8446,5,WFA,M,,1017,-0.05810000,13.90220000,0.11976000,,true
8447,5,WFA,M,,1018,-0.05830000,13.90790000,0.11978000,,true
8448,5,WFA,M,,1019,-0.05840000,13.91350000,0.11979000,,true
8449,5,WFA,M,,1020,-0.05860000,13.91920000,0.11981000,,true
8450,5,WFA,M,,1021,-0.05870000,13.92480000,0.11983000,,true
8451,5,WFA,M,,1022,-0.05880000,13.93050000,0.11985000,,true
8452,5,WFA,M,,1023,-0.05900000,13.93610000,0.11987000,,true
8453,5,WFA,M,,1024,-0.05910000,13.94180000,0.11988000,,true
8454,5,WFA,M,,1025,-0.05930000,13.94740000,0.11990000,,true
8455,5,WFA,M,,1026,-0.05940000,13.95310000,0.11992000,,true
8456,5,WFA,M,,1027,-0.05950000,13.95870000,0.11994000,,true
8457,5,WFA,M,,1028,-0.05970000,13.96440000,0.11996000,,true
8458,5,WFA,M,,1029,-0.05980000,13.97000000,0.11998000,,true
8459,5,WFA,M,,1030,-0.06000000,13.97560000,0.11999000,,true
8460,5,WFA,M,,1031,-0.06010000,13.98130000,0.12001000,,true
8461,5,WFA,M,,1032,-0.06020000,13.98690000,0.12003000,,true
8462,5,WFA,M,,1033,-0.06040000,13.99250000,0.12005000,,true
8463,5,WFA,M,,1034,-0.06050000,13.99820000,0.12007000,,true
8464,5,WFA,M,,1035,-0.06070000,14.00380000,0.12008000,,true
8465,5,WFA,M,,1036,-0.06080000,14.00940000,0.12010000,,true
8466,5,WFA,M,,1037,-0.06090000,14.01500000,0.12012000,,true
8467,5,WFA,M,,1038,-0.06110000,14.02070000,0.12014000,,true
8468,5,WFA,M,,1039,-0.06120000,14.02630000,0.12016000,,true
8469,5,WFA,M,,1040,-0.06130000,14.03190000,0.12017000,,true
8470,5,WFA,M,,1041,-0.06150000,14.03750000,0.12019000,,true
8471,5,WFA,M,,1042,-0.06160000,14.04310000,0.12021000,,true
8472,5,WFA,M,,1043,-0.06180000,14.04880000,0.12023000,,true
8473,5,WFA,M,,1044,-0.06190000,14.05440000,0.12025000,,true
8474,5,WFA,M,,1045,-0.06200000,14.06000000,0.12026000,,true
8475,5,WFA,M,,1046,-0.06220000,14.06560000,0.12028000,,true
8476,5,WFA,M,,1047,-0.06230000,14.07120000,0.12030000,,true
8477,5,WFA,M,,1048,-0.06240000,14.07680000,0.12032000,,true
8478,5,WFA,M,,1049,-0.06260000,14.08240000,0.12033000,,true
8479,5,WFA,M,,1050,-0.06270000,14.08800000,0.12035000,,true
8480,5,WFA,M,,1051,-0.06290000,14.09360000,0.12037000,,true
8481,5,WFA,M,,1052,-0.06300000,14.09920000,0.12039000,,true
8482,5,WFA,M,,1053,-0.06310000,14.10480000,0.12041000,,true
8483,5,WFA,M,,1054,-0.06330000,14.11040000,0.12042000,,true
8484,5,WFA,M,,1055,-0.06340000,14.11600000,0.12044000,,true
8485,5,WFA,M,,1056,-0.06350000,14.12160000,0.12046000,,true
8486,5,WFA,M,,1057,-0.06370000,14.12720000,0.12048000,,true
8487,5,WFA,M,,1058,-0.06380000,14.13280000,0.12050000,,true
8488,5,WFA,M,,1059,-0.06390000,14.13840000,0.12051000,,true
8489,5,WFA,M,,1060,-0.06410000,14.14400000,0.12053000,,true
8490,5,WFA,M,,1061,-0.06420000,14.14950000,0.12055000,,true
8491,5,WFA,M,,1062,-0.06440000,14.15510000,0.12057000,,true
8492,5,WFA,M,,1063,-0.06450000,14.16070000,0.12058000,,true
8493,5,WFA,M,,1064,-0.06460000,14.16630000,0.12060000,,true
8494,5,WFA,M,,1065,-0.06480000,14.17190000,0.12062000,,true
8495,5,WFA,M,,1066,-0.06490000,14.17750000,0.12064000,,true
8496,5,WFA,M,,1067,-0.06500000,14.18300000,0.12065000,,true
8497,5,WFA,M,,1068,-0.06520000,14.18860000,0.12067000,,true
8498,5,WFA,M,,1069,-0.06530000,14.19420000,0.12069000,,true
8499,5,WFA,M,,1070,-0.06540000,14.19980000,0.12071000,,true
8500,5,WFA,M,,1071,-0.06560000,14.20530000,0.12073000,,true
8501,5,WFA,M,,1072,-0.06570000,14.21090000,0.12074000,,true
8502,5,WFA,M,,1073,-0.06580000,14.21650000,0.12076000,,true
8503,5,WFA,M,,1074,-0.06600000,14.22210000,0.12078000,,true
8504,5,WFA,M,,1075,-0.06610000,14.22760000,0.12080000,,true
8505,5,WFA,M,,1076,-0.06630000,14.23320000,0.12081000,,true
8506,5,WFA,M,,1077,-0.06640000,14.23880000,0.12083000,,true
8507,5,WFA,M,,1078,-0.06650000,14.24430000,0.12085000,,true
8508,5,WFA,M,,1079,-0.06670000,14.24990000,0.12087000,,true
8509,5,WFA,M,,1080,-0.06680000,14.25540000,0.12088000,,true
8510,5,WFA,M,,1081,-0.06690000,14.26100000,0.12090000,,true
8511,5,WFA,M,,1082,-0.06710000,14.26660000,0.12092000,,true
8512,5,WFA,M,,1083,-0.06720000,14.27210000,0.12094000,,true
8513,5,WFA,M,,1084,-0.06730000,14.27770000,0.12095000,,true
8514,5,WFA,M,,1085,-0.06750000,14.28320000,0.12097000,,true
8515,5,WFA,M,,1086,-0.06760000,14.28880000,0.12099000,,true
8516,5,WFA,M,,1087,-0.06770000,14.29440000,0.12101000,,true
8517,5,WFA,M,,1088,-0.06790000,14.29990000,0.12102000,,true
8518,5,WFA,M,,1089,-0.06800000,14.30550000,0.12104000,,true
8519,5,WFA,M,,1090,-0.06810000,14.31100000,0.12106000,,true
8520,5,WFA,M,,1091,-0.06830000,14.31660000,0.12108000,,true
8521,5,WFA,M,,1092,-0.06840000,14.32210000,0.12109000,,true
8522,5,WFA,M,,1093,-0.06850000,14.32770000,0.12111000,,true
8523,5,WFA,M,,1094,-0.06870000,14.33320000,0.12113000,,true
8524,5,WFA,M,,1095,-0.06880000,14.33870000,0.12115000,,true
8525,5,WFA,M,,1096,-0.06890000,14.34430000,0.12116000,,true
8526,5,WFA,M,,1097,-0.06910000,14.34980000,0.12118000,,true
8527,5,WFA,M,,1098,-0.06920000,14.35540000,0.12120000,,true
8528,5,WFA,M,,1099,-0.06930000,14.36090000,0.12121000,,true
8529,5,WFA,M,,1100,-0.06950000,14.36650000,0.12123000,,true
8530,5,WFA,M,,1101,-0.06960000,14.37200000,0.12125000,,true
8531,5,WFA,M,,1102,-0.06970000,14.37750000,0.12127000,,true
8532,5,WFA,M,,1103,-0.06990000,14.38310000,0.12128000,,true
8533,5,WFA,M,,1104,-0.07000000,14.38860000,0.12130000,,true
8534,5,WFA,M,,1105,-0.07010000,14.39420000,0.12132000,,true
8535,5,WFA,M,,1106,-0.07030000,14.39970000,0.12134000,,true
8536,5,WFA,M,,1107,-0.07040000,14.40520000,0.12135000,,true
8537,5,WFA,M,,1108,-0.07050000,14.41080000,0.12137000,,true
8538,5,WFA,M,,1109,-0.07070000,14.41630000,0.12139000,,true
8539,5,WFA,M,,1110,-0.07080000,14.42180000,0.12141000,,true
8540,5,WFA,M,,1111,-0.07090000,14.42740000,0.12142000,,true
8541,5,WFA,M,,1112,-0.07110000,14.43290000,0.12144000,,true
8542,5,WFA,M,,1113,-0.07120000,14.43840000,0.12146000,,true
8543,5,WFA,M,,1114,-0.07130000,14.44390000,0.12147000,,true
8544,5,WFA,M,,1115,-0.07150000,14.44950000,0.12149000,,true
8545,5,WFA,M,,1116,-0.07160000,14.45500000,0.12151000,,true
8546,5,WFA,M,,1117,-0.07170000,14.46050000,0.12153000,,true
8547,5,WFA,M,,1118,-0.07180000,14.46610000,0.12154000,,true
8548,5,WFA,M,,1119,-0.07200000,14.47160000,0.12156000,,true
8549,5,WFA,M,,1120,-0.07210000,14.47710000,0.12158000,,true
8550,5,WFA,M,,1121,-0.07220000,14.48260000,0.12159000,,true
8551,5,WFA,M,,1122,-0.07240000,14.48810000,0.12161000,,true
8552,5,WFA,M,,1123,-0.07250000,14.49370000,0.12163000,,true
8553,5,WFA,M,,1124,-0.07260000,14.49920000,0.12165000,,true
8554,5,WFA,M,,1125,-0.07280000,14.50470000,0.12166000,,true
8555,5,WFA,M,,1126,-0.07290000,14.51020000,0.12168000,,true
8556,5,WFA,M,,1127,-0.07300000,14.51580000,0.12170000,,true
8557,5,WFA,M,,1128,-0.07320000,14.52130000,0.12171000,,true
8558,5,WFA,M,,1129,-0.07330000,14.52680000,0.12173000,,true
8559,5,WFA,M,,1130,-0.07340000,14.53230000,0.12175000,,true
8560,5,WFA,M,,1131,-0.07360000,14.53780000,0.12177000,,true
8561,5,WFA,M,,1132,-0.07370000,14.54330000,0.12178000,,true
8562,5,WFA,M,,1133,-0.07380000,14.54890000,0.12180000,,true
8563,5,WFA,M,,1134,-0.07390000,14.55440000,0.12182000,,true
8564,5,WFA,M,,1135,-0.07410000,14.55990000,0.12183000,,true
8565,5,WFA,M,,1136,-0.07420000,14.56540000,0.12185000,,true
8566,5,WFA,M,,1137,-0.07430000,14.57090000,0.12187000,,true
8567,5,WFA,M,,1138,-0.07450000,14.57640000,0.12189000,,true
8568,5,WFA,M,,1139,-0.07460000,14.58190000,0.12190000,,true
8569,5,WFA,M,,1140,-0.07470000,14.58750000,0.12192000,,true
8570,5,WFA,M,,1141,-0.07490000,14.59300000,0.12194000,,true
8571,5,WFA,M,,1142,-0.07500000,14.59850000,0.12195000,,true
8572,5,WFA,M,,1143,-0.07510000,14.60400000,0.12197000,,true
8573,5,WFA,M,,1144,-0.07520000,14.60950000,0.12199000,,true
8574,5,WFA,M,,1145,-0.07540000,14.61500000,0.12200000,,true
8575,5,WFA,M,,1146,-0.07550000,14.62050000,0.12202000,,true
8576,5,WFA,M,,1147,-0.07560000,14.62600000,0.12204000,,true
8577,5,WFA,M,,1148,-0.07580000,14.63150000,0.12206000,,true
8578,5,WFA,M,,1149,-0.07590000,14.63710000,0.12207000,,true
8579,5,WFA,M,,1150,-0.07600000,14.64260000,0.12209000,,true
8580,5,WFA,M,,1151,-0.07620000,14.64810000,0.12211000,,true
8581,5,WFA,M,,1152,-0.07630000,14.65360000,0.12212000,,true
8582,5,WFA,M,,1153,-0.07640000,14.65910000,0.12214000,,true
8583,5,WFA,M,,1154,-0.07650000,14.66460000,0.12216000,,true
8584,5,WFA,M,,1155,-0.07670000,14.67010000,0.12217000,,true
8585,5,WFA,M,,1156,-0.07680000,14.67560000,0.12219000,,true
8586,5,WFA,M,,1157,-0.07690000,14.68110000,0.12221000,,true
8587,5,WFA,M,,1158,-0.07710000,14.68660000,0.12222000,,true
8588,5,WFA,M,,1159,-0.07720000,14.69210000,0.12224000,,true
8589,5,WFA,M,,1160,-0.07730000,14.69760000,0.12226000,,true
8590,5,WFA,M,,1161,-0.07740000,14.70320000,0.12228000,,true
8591,5,WFA,M,,1162,-0.07760000,14.70870000,0.12229000,,true
8592,5,WFA,M,,1163,-0.07770000,14.71420000,0.12231000,,true
8593,5,WFA,M,,1164,-0.07780000,14.71970000,0.12233000,,true
8594,5,WFA,M,,1165,-0.07800000,14.72520000,0.12234000,,true
8595,5,WFA,M,,1166,-0.07810000,14.73070000,0.12236000,,true
8596,5,WFA,M,,1167,-0.07820000,14.73620000,0.12238000,,true
8597,5,WFA,M,,1168,-0.07830000,14.74170000,0.12239000,,true
8598,5,WFA,M,,1169,-0.07850000,14.74720000,0.12241000,,true
8599,5,WFA,M,,1170,-0.07860000,14.75270000,0.12243000,,true
8600,5,WFA,M,,1171,-0.07870000,14.75820000,0.12244000,,true
8601,5,WFA,M,,1172,-0.07880000,14.76370000,0.12246000,,true
8602,5,WFA,M,,1173,-0.07900000,14.76920000,0.12248000,,true
8603,5,WFA,M,,1174,-0.07910000,14.77470000,0.12249000,,true
8604,5,WFA,M,,1175,-0.07920000,14.78020000,0.12251000,,true
8605,5,WFA,M,,1176,-0.07940000,14.78570000,0.12253000,,true
8606,5,WFA,M,,1177,-0.07950000,14.79120000,0.12254000,,true
8607,5,WFA,M,,1178,-0.07960000,14.79670000,0.12256000,,true
8608,5,WFA,M,,1179,-0.07970000,14.80220000,0.12258000,,true
8609,5,WFA,M,,1180,-0.07990000,14.80770000,0.12259000,,true
8610,5,WFA,M,,1181,-0.08000000,14.81320000,0.12261000,,true
8611,5,WFA,M,,1182,-0.08010000,14.81870000,0.12263000,,true
8612,5,WFA,M,,1183,-0.08020000,14.82420000,0.12265000,,true
8613,5,WFA,M,,1184,-0.08040000,14.82970000,0.12266000,,true
8614,5,WFA,M,,1185,-0.08050000,14.83520000,0.12268000,,true
8615,5,WFA,M,,1186,-0.08060000,14.84070000,0.12270000,,true
8616,5,WFA,M,,1187,-0.08080000,14.84620000,0.12271000,,true
8617,5,WFA,M,,1188,-0.08090000,14.85170000,0.12273000,,true
8618,5,WFA,M,,1189,-0.08100000,14.85720000,0.12275000,,true
8619,5,WFA,M,,1190,-0.08110000,14.86270000,0.12276000,,true
8620,5,WFA,M,,1191,-0.08130000,14.86820000,0.12278000,,true
8621,5,WFA,M,,1192,-0.08140000,14.87370000,0.12280000,,true
8622,5,WFA,M,,1193,-0.08150000,14.87920000,0.12281000,,true
8623,5,WFA,M,,1194,-0.08160000,14.88470000,0.12283000,,true
8624,5,WFA,M,,1195,-0.08180000,14.89020000,0.12285000,,true
8625,5,WFA,M,,1196,-0.08190000,14.89570000,0.12286000,,true
8626,5,WFA,M,,1197,-0.08200000,14.90120000,0.12288000,,true
8627,5,WFA,M,,1198,-0.08210000,14.90670000,0.12290000,,true
8628,5,WFA,M,,1199,-0.08230000,14.91220000,0.12291000,,true
8629,5,WFA,M,,1200,-0.08240000,14.91770000,0.12293000,,true
8630,5,WFA,M,,1201,-0.08250000,14.92320000,0.12295000,,true
8631,5,WFA,M,,1202,-0.08260000,14.92870000,0.12296000,,true
8632,5,WFA,M,,1203,-0.08280000,14.93420000,0.12298000,,true
8633,5,WFA,M,,1204,-0.08290000,14.93970000,0.12300000,,true
8634,5,WFA,M,,1205,-0.08300000,14.94520000,0.12301000,,true
8635,5,WFA,M,,1206,-0.08310000,14.95070000,0.12303000,,true
8636,5,WFA,M,,1207,-0.08330000,14.95620000,0.12305000,,true
8637,5,WFA,M,,1208,-0.08340000,14.96170000,0.12306000,,true
8638,5,WFA,M,,1209,-0.08350000,14.96720000,0.12308000,,true
8639,5,WFA,M,,1210,-0.08360000,14.97270000,0.12310000,,true
8640,5,WFA,M,,1211,-0.08380000,14.97820000,0.12311000,,true
8641,5,WFA,M,,1212,-0.08390000,14.98370000,0.12313000,,true
8642,5,WFA,M,,1213,-0.08400000,14.98920000,0.12315000,,true
8643,5,WFA,M,,1214,-0.08410000,14.99470000,0.12316000,,true
8644,5,WFA,M,,1215,-0.08430000,15.00020000,0.12318000,,true
8645,5,WFA,M,,1216,-0.08440000,15.00570000,0.12320000,,true
8646,5,WFA,M,,1217,-0.08450000,15.01120000,0.12321000,,true
8647,5,WFA,M,,1218,-0.08460000,15.01670000,0.12323000,,true
8648,5,WFA,M,,1219,-0.08480000,15.02220000,0.12325000,,true
8649,5,WFA,M,,1220,-0.08490000,15.02770000,0.12326000,,true
8650,5,WFA,M,,1221,-0.08500000,15.03320000,0.12328000,,true
8651,5,WFA,M,,1222,-0.08510000,15.03870000,0.12330000,,true
8652,5,WFA,M,,1223,-0.08530000,15.04420000,0.12331000,,true
8653,5,WFA,M,,1224,-0.08540000,15.04970000,0.12333000,,true
8654,5,WFA,M,,1225,-0.08550000,15.05520000,0.12335000,,true
8655,5,WFA,M,,1226,-0.08560000,15.06070000,0.12336000,,true
8656,5,WFA,M,,1227,-0.08580000,15.06620000,0.12338000,,true
8657,5,WFA,M,,1228,-0.08590000,15.07170000,0.12340000,,true
8658,5,WFA,M,,1229,-0.08600000,15.07720000,0.12342000,,true
8659,5,WFA,M,,1230,-0.08610000,15.08270000,0.12343000,,true
8660,5,WFA,M,,1231,-0.08630000,15.08820000,0.12345000,,true
8661,5,WFA,M,,1232,-0.08640000,15.09370000,0.12347000,,true
8662,5,WFA,M,,1233,-0.08650000,15.09920000,0.12348000,,true
8663,5,WFA,M,,1234,-0.08660000,15.10470000,0.12350000,,true
8664,5,WFA,M,,1235,-0.08680000,15.11020000,0.12352000,,true
8665,5,WFA,M,,1236,-0.08690000,15.11570000,0.12353000,,true
8666,5,WFA,M,,1237,-0.08700000,15.12120000,0.12355000,,true
8667,5,WFA,M,,1238,-0.08710000,15.12670000,0.12357000,,true
8668,5,WFA,M,,1239,-0.08720000,15.13220000,0.12358000,,true
8669,5,WFA,M,,1240,-0.08740000,15.13770000,0.12360000,,true
8670,5,WFA,M,,1241,-0.08750000,15.14320000,0.12362000,,true
8671,5,WFA,M,,1242,-0.08760000,15.14870000,0.12363000,,true
8672,5,WFA,M,,1243,-0.08770000,15.15420000,0.12365000,,true
8673,5,WFA,M,,1244,-0.08790000,15.15960000,0.12367000,,true
8674,5,WFA,M,,1245,-0.08800000,15.16510000,0.12368000,,true
8675,5,WFA,M,,1246,-0.08810000,15.17060000,0.12370000,,true
8676,5,WFA,M,,1247,-0.08820000,15.17610000,0.12372000,,true
8677,5,WFA,M,,1248,-0.08830000,15.18160000,0.12373000,,true
8678,5,WFA,M,,1249,-0.08850000,15.18710000,0.12375000,,true
8679,5,WFA,M,,1250,-0.08860000,15.19260000,0.12377000,,true
8680,5,WFA,M,,1251,-0.08870000,15.19810000,0.12379000,,true
8681,5,WFA,M,,1252,-0.08880000,15.20360000,0.12380000,,true
8682,5,WFA,M,,1253,-0.08900000,15.20910000,0.12382000,,true
8683,5,WFA,M,,1254,-0.08910000,15.21460000,0.12384000,,true
8684,5,WFA,M,,1255,-0.08920000,15.22010000,0.12385000,,true
8685,5,WFA,M,,1256,-0.08930000,15.22560000,0.12387000,,true
8686,5,WFA,M,,1257,-0.08940000,15.23110000,0.12389000,,true
8687,5,WFA,M,,1258,-0.08960000,15.23660000,0.12390000,,true
8688,5,WFA,M,,1259,-0.08970000,15.24210000,0.12392000,,true
8689,5,WFA,M,,1260,-0.08980000,15.24760000,0.12394000,,true
8690,5,WFA,M,,1261,-0.08990000,15.25310000,0.12395000,,true
8691,5,WFA,M,,1262,-0.09010000,15.25860000,0.12397000,,true
8692,5,WFA,M,,1263,-0.09020000,15.26410000,0.12399000,,true
8693,5,WFA,M,,1264,-0.09030000,15.26960000,0.12401000,,true
8694,5,WFA,M,,1265,-0.09040000,15.27510000,0.12402000,,true
8695,5,WFA,M,,1266,-0.09050000,15.28060000,0.12404000,,true
8696,5,WFA,M,,1267,-0.09070000,15.28610000,0.12406000,,true
8697,5,WFA,M,,1268,-0.09080000,15.29160000,0.12407000,,true
8698,5,WFA,M,,1269,-0.09090000,15.29710000,0.12409000,,true
8699,5,WFA,M,,1270,-0.09100000,15.30260000,0.12411000,,true
8700,5,WFA,M,,1271,-0.09120000,15.30810000,0.12412000,,true
8701,5,WFA,M,,1272,-0.09130000,15.31350000,0.12414000,,true
8702,5,WFA,M,,1273,-0.09140000,15.31900000,0.12416000,,true
8703,5,WFA,M,,1274,-0.09150000,15.32450000,0.12418000,,true
8704,5,WFA,M,,1275,-0.09160000,15.33000000,0.12419000,,true
8705,5,WFA,M,,1276,-0.09180000,15.33550000,0.12421000,,true
8706,5,WFA,M,,1277,-0.09190000,15.34100000,0.12423000,,true
8707,5,WFA,M,,1278,-0.09200000,15.34650000,0.12424000,,true
8708,5,WFA,M,,1279,-0.09210000,15.35200000,0.12426000,,true
8709,5,WFA,M,,1280,-0.09220000,15.35750000,0.12428000,,true
8710,5,WFA,M,,1281,-0.09240000,15.36300000,0.12430000,,true
8711,5,WFA,M,,1282,-0.09250000,15.36850000,0.12431000,,true
8712,5,WFA,M,,1283,-0.09260000,15.37400000,0.12433000,,true
8713,5,WFA,M,,1284,-0.09270000,15.37950000,0.12435000,,true
8714,5,WFA,M,,1285,-0.09280000,15.38500000,0.12436000,,true
8715,5,WFA,M,,1286,-0.09300000,15.39050000,0.12438000,,true
8716,5,WFA,M,,1287,-0.09310000,15.39600000,0.12440000,,true
8717,5,WFA,M,,1288,-0.09320000,15.40150000,0.12442000,,true
8718,5,WFA,M,,1289,-0.09330000,15.40700000,0.12443000,,true
8719,5,WFA,M,,1290,-0.09340000,15.41250000,0.12445000,,true
8720,5,WFA,M,,1291,-0.09360000,15.41790000,0.12447000,,true
8721,5,WFA,M,,1292,-0.09370000,15.42340000,0.12448000,,true
8722,5,WFA,M,,1293,-0.09380000,15.42890000,0.12450000,,true
8723,5,WFA,M,,1294,-0.09390000,15.43440000,0.12452000,,true
8724,5,WFA,M,,1295,-0.09400000,15.43990000,0.12454000,,true
8725,5,WFA,M,,1296,-0.09420000,15.44540000,0.12455000,,true
8726,5,WFA,M,,1297,-0.09430000,15.45090000,0.12457000,,true
8727,5,WFA,M,,1298,-0.09440000,15.45640000,0.12459000,,true
8728,5,WFA,M,,1299,-0.09450000,15.46190000,0.12461000,,true
8729,5,WFA,M,,1300,-0.09460000,15.46740000,0.12462000,,true
8730,5,WFA,M,,1301,-0.09480000,15.47290000,0.12464000,,true
8731,5,WFA,M,,1302,-0.09490000,15.47840000,0.12466000,,true
8732,5,WFA,M,,1303,-0.09500000,15.48390000,0.12467000,,true
8733,5,WFA,M,,1304,-0.09510000,15.48940000,0.12469000,,true
8734,5,WFA,M,,1305,-0.09520000,15.49480000,0.12471000,,true
8735,5,WFA,M,,1306,-0.09540000,15.50030000,0.12473000,,true
8736,5,WFA,M,,1307,-0.09550000,15.50580000,0.12474000,,true
8737,5,WFA,M,,1308,-0.09560000,15.51130000,0.12476000,,true
8738,5,WFA,M,,1309,-0.09570000,15.51680000,0.12478000,,true
8739,5,WFA,M,,1310,-0.09580000,15.52230000,0.12480000,,true
8740,5,WFA,M,,1311,-0.09590000,15.52780000,0.12481000,,true
8741,5,WFA,M,,1312,-0.09610000,15.53330000,0.12483000,,true
8742,5,WFA,M,,1313,-0.09620000,15.53880000,0.12485000,,true
8743,5,WFA,M,,1314,-0.09630000,15.54430000,0.12487000,,true
8744,5,WFA,M,,1315,-0.09640000,15.54980000,0.12488000,,true
8745,5,WFA,M,,1316,-0.09650000,15.55520000,0.12490000,,true
8746,5,WFA,M,,1317,-0.09670000,15.56070000,0.12492000,,true
8747,5,WFA,M,,1318,-0.09680000,15.56620000,0.12494000,,true
8748,5,WFA,M,,1319,-0.09690000,15.57170000,0.12495000,,true
8749,5,WFA,M,,1320,-0.09700000,15.57720000,0.12497000,,true
8750,5,WFA,M,,1321,-0.09710000,15.58270000,0.12499000,,true
8751,5,WFA,M,,1322,-0.09720000,15.58820000,0.12501000,,true
8752,5,WFA,M,,1323,-0.09740000,15.59370000,0.12502000,,true
8753,5,WFA,M,,1324,-0.09750000,15.59920000,0.12504000,,true
8754,5,WFA,M,,1325,-0.09760000,15.60470000,0.12506000,,true
8755,5,WFA,M,,1326,-0.09770000,15.61010000,0.12508000,,true
8756,5,WFA,M,,1327,-0.09780000,15.61560000,0.12510000,,true
8757,5,WFA,M,,1328,-0.09800000,15.62110000,0.12511000,,true
8758,5,WFA,M,,1329,-0.09810000,15.62660000,0.12513000,,true
8759,5,WFA,M,,1330,-0.09820000,15.63210000,0.12515000,,true
8760,5,WFA,M,,1331,-0.09830000,15.63760000,0.12517000,,true
8761,5,WFA,M,,1332,-0.09840000,15.64310000,0.12518000,,true
8762,5,WFA,M,,1333,-0.09850000,15.64860000,0.12520000,,true
8763,5,WFA,M,,1334,-0.09870000,15.65400000,0.12522000,,true
8764,5,WFA,M,,1335,-0.09880000,15.65950000,0.12524000,,true
8765,5,WFA,M,,1336,-0.09890000,15.66500000,0.12526000,,true
8766,5,WFA,M,,1337,-0.09900000,15.67050000,0.12527000,,true
8767,5,WFA,M,,1338,-0.09910000,15.67600000,0.12529000,,true
8768,5,WFA,M,,1339,-0.09920000,15.68150000,0.12531000,,true
8769,5,WFA,M,,1340,-0.09940000,15.68700000,0.12533000,,true
8770,5,WFA,M,,1341,-0.09950000,15.69240000,0.12534000,,true
8771,5,WFA,M,,1342,-0.09960000,15.69790000,0.12536000,,true
8772,5,WFA,M,,1343,-0.09970000,15.70340000,0.12538000,,true
8773,5,WFA,M,,1344,-0.09980000,15.70890000,0.12540000,,true
8774,5,WFA,M,,1345,-0.09990000,15.71440000,0.12542000,,true
8775,5,WFA,M,,1346,-0.10010000,15.71990000,0.12543000,,true
8776,5,WFA,M,,1347,-0.10020000,15.72530000,0.12545000,,true
8777,5,WFA,M,,1348,-0.10030000,15.73080000,0.12547000,,true
8778,5,WFA,M,,1349,-0.10040000,15.73630000,0.12549000,,true
8779,5,WFA,M,,1350,-0.10050000,15.74180000,0.12551000,,true
8780,5,WFA,M,,1351,-0.10060000,15.74730000,0.12552000,,true
8781,5,WFA,M,,1352,-0.10080000,15.75280000,0.12554000,,true
8782,5,WFA,M,,1353,-0.10090000,15.75820000,0.12556000,,true
8783,5,WFA,M,,1354,-0.10100000,15.76370000,0.12558000,,true
8784,5,WFA,M,,1355,-0.10110000,15.76920000,0.12560000,,true
8785,5,WFA,M,,1356,-0.10120000,15.77470000,0.12561000,,true
8786,5,WFA,M,,1357,-0.10130000,15.78020000,0.12563000,,true
8787,5,WFA,M,,1358,-0.10150000,15.78560000,0.12565000,,true
8788,5,WFA,M,,1359,-0.10160000,15.79110000,0.12567000,,true
8789,5,WFA,M,,1360,-0.10170000,15.79660000,0.12569000,,true
8790,5,WFA,M,,1361,-0.10180000,15.80210000,0.12570000,,true
8791,5,WFA,M,,1362,-0.10190000,15.80760000,0.12572000,,true
8792,5,WFA,M,,1363,-0.10200000,15.81300000,0.12574000,,true
8793,5,WFA,M,,1364,-0.10220000,15.81850000,0.12576000,,true
8794,5,WFA,M,,1365,-0.10230000,15.82400000,0.12578000,,true
8795,5,WFA,M,,1366,-0.10240000,15.82950000,0.12580000,,true
8796,5,WFA,M,,1367,-0.10250000,15.83500000,0.12581000,,true
8797,5,WFA,M,,1368,-0.10260000,15.84040000,0.12583000,,true
8798,5,WFA,M,,1369,-0.10270000,15.84590000,0.12585000,,true
8799,5,WFA,M,,1370,-0.10280000,15.85140000,0.12587000,,true
8800,5,WFA,M,,1371,-0.10300000,15.85690000,0.12589000,,true
8801,5,WFA,M,,1372,-0.10310000,15.86230000,0.12591000,,true
8802,5,WFA,M,,1373,-0.10320000,15.86780000,0.12592000,,true
8803,5,WFA,M,,1374,-0.10330000,15.87330000,0.12594000,,true
8804,5,WFA,M,,1375,-0.10340000,15.87880000,0.12596000,,true
8805,5,WFA,M,,1376,-0.10350000,15.88420000,0.12598000,,true
8806,5,WFA,M,,1377,-0.10370000,15.88970000,0.12600000,,true
8807,5,WFA,M,,1378,-0.10380000,15.89520000,0.12602000,,true
8808,5,WFA,M,,1379,-0.10390000,15.90070000,0.12603000,,true
8809,5,WFA,M,,1380,-0.10400000,15.90610000,0.12605000,,true
8810,5,WFA,M,,1381,-0.10410000,15.91160000,0.12607000,,true
8811,5,WFA,M,,1382,-0.10420000,15.91710000,0.12609000,,true
8812,5,WFA,M,,1383,-0.10430000,15.92260000,0.12611000,,true
8813,5,WFA,M,,1384,-0.10450000,15.92800000,0.12613000,,true
8814,5,WFA,M,,1385,-0.10460000,15.93350000,0.12615000,,true
8815,5,WFA,M,,1386,-0.10470000,15.93900000,0.12616000,,true
8816,5,WFA,M,,1387,-0.10480000,15.94450000,0.12618000,,true
8817,5,WFA,M,,1388,-0.10490000,15.94990000,0.12620000,,true
8818,5,WFA,M,,1389,-0.10500000,15.95540000,0.12622000,,true
8819,5,WFA,M,,1390,-0.10510000,15.96090000,0.12624000,,true
8820,5,WFA,M,,1391,-0.10530000,15.96640000,0.12626000,,true
8821,5,WFA,M,,1392,-0.10540000,15.97180000,0.12627000,,true
8822,5,WFA,M,,1393,-0.10550000,15.97730000,0.12629000,,true
8823,5,WFA,M,,1394,-0.10560000,15.98280000,0.12631000,,true
8824,5,WFA,M,,1395,-0.10570000,15.98820000,0.12633000,,true
8825,5,WFA,M,,1396,-0.10580000,15.99370000,0.12635000,,true
8826,5,WFA,M,,1397,-0.10590000,15.99920000,0.12637000,,true
8827,5,WFA,M,,1398,-0.10610000,16.00470000,0.12639000,,true
8828,5,WFA,M,,1399,-0.10620000,16.01010000,0.12641000,,true
8829,5,WFA,M,,1400,-0.10630000,16.01560000,0.12642000,,true
8830,5,WFA,M,,1401,-0.10640000,16.02110000,0.12644000,,true
8831,5,WFA,M,,1402,-0.10650000,16.02650000,0.12646000,,true
8832,5,WFA,M,,1403,-0.10660000,16.03200000,0.12648000,,true
8833,5,WFA,M,,1404,-0.10670000,16.03750000,0.12650000,,true
8834,5,WFA,M,,1405,-0.10680000,16.04300000,0.12652000,,true
8835,5,WFA,M,,1406,-0.10700000,16.04840000,0.12654000,,true
8836,5,WFA,M,,1407,-0.10710000,16.05390000,0.12656000,,true
8837,5,WFA,M,,1408,-0.10720000,16.05940000,0.12657000,,true
8838,5,WFA,M,,1409,-0.10730000,16.06480000,0.12659000,,true
8839,5,WFA,M,,1410,-0.10740000,16.07030000,0.12661000,,true
8840,5,WFA,M,,1411,-0.10750000,16.07580000,0.12663000,,true
8841,5,WFA,M,,1412,-0.10760000,16.08120000,0.12665000,,true
8842,5,WFA,M,,1413,-0.10780000,16.08670000,0.12667000,,true
8843,5,WFA,M,,1414,-0.10790000,16.09220000,0.12669000,,true
8844,5,WFA,M,,1415,-0.10800000,16.09760000,0.12671000,,true
8845,5,WFA,M,,1416,-0.10810000,16.10310000,0.12673000,,true
8846,5,WFA,M,,1417,-0.10820000,16.10860000,0.12674000,,true
8847,5,WFA,M,,1418,-0.10830000,16.11400000,0.12676000,,true
8848,5,WFA,M,,1419,-0.10840000,16.11950000,0.12678000,,true
8849,5,WFA,M,,1420,-0.10850000,16.12500000,0.12680000,,true
8850,5,WFA,M,,1421,-0.10870000,16.13040000,0.12682000,,true
8851,5,WFA,M,,1422,-0.10880000,16.13590000,0.12684000,,true
8852,5,WFA,M,,1423,-0.10890000,16.14140000,0.12686000,,true
8853,5,WFA,M,,1424,-0.10900000,16.14680000,0.12688000,,true
8854,5,WFA,M,,1425,-0.10910000,16.15230000,0.12690000,,true
8855,5,WFA,M,,1426,-0.10920000,16.15780000,0.12692000,,true
8856,5,WFA,M,,1427,-0.10930000,16.16320000,0.12693000,,true
8857,5,WFA,M,,1428,-0.10940000,16.16870000,0.12695000,,true
8858,5,WFA,M,,1429,-0.10960000,16.17420000,0.12697000,,true
8859,5,WFA,M,,1430,-0.10970000,16.17960000,0.12699000,,true
8860,5,WFA,M,,1431,-0.10980000,16.18510000,0.12701000,,true
8861,5,WFA,M,,1432,-0.10990000,16.19060000,0.12703000,,true
8862,5,WFA,M,,1433,-0.11000000,16.19600000,0.12705000,,true
8863,5,WFA,M,,1434,-0.11010000,16.20150000,0.12707000,,true
8864,5,WFA,M,,1435,-0.11020000,16.20690000,0.12709000,,true
8865,5,WFA,M,,1436,-0.11030000,16.21240000,0.12711000,,true
8866,5,WFA,M,,1437,-0.11050000,16.21790000,0.12713000,,true
8867,5,WFA,M,,1438,-0.11060000,16.22330000,0.12715000,,true
8868,5,WFA,M,,1439,-0.11070000,16.22880000,0.12717000,,true
8869,5,WFA,M,,1440,-0.11080000,16.23430000,0.12718000,,true
8870,5,WFA,M,,1441,-0.11090000,16.23970000,0.12720000,,true
8871,5,WFA,M,,1442,-0.11100000,16.24520000,0.12722000,,true
8872,5,WFA,M,,1443,-0.11110000,16.25060000,0.12724000,,true
8873,5,WFA,M,,1444,-0.11120000,16.25610000,0.12726000,,true
8874,5,WFA,M,,1445,-0.11130000,16.26160000,0.12728000,,true
8875,5,WFA,M,,1446,-0.11150000,16.26700000,0.12730000,,true
8876,5,WFA,M,,1447,-0.11160000,16.27250000,0.12732000,,true
8877,5,WFA,M,,1448,-0.11170000,16.27790000,0.12734000,,true
8878,5,WFA,M,,1449,-0.11180000,16.28340000,0.12736000,,true
8879,5,WFA,M,,1450,-0.11190000,16.28890000,0.12738000,,true
8880,5,WFA,M,,1451,-0.11200000,16.29430000,0.12740000,,true
8881,5,WFA,M,,1452,-0.11210000,16.29980000,0.12742000,,true
8882,5,WFA,M,,1453,-0.11220000,16.30530000,0.12744000,,true
8883,5,WFA,M,,1454,-0.11230000,16.31070000,0.12746000,,true
8884,5,WFA,M,,1455,-0.11250000,16.31620000,0.12747000,,true
8885,5,WFA,M,,1456,-0.11260000,16.32160000,0.12749000,,true
8886,5,WFA,M,,1457,-0.11270000,16.32710000,0.12751000,,true
8887,5,WFA,M,,1458,-0.11280000,16.33250000,0.12753000,,true
8888,5,WFA,M,,1459,-0.11290000,16.33800000,0.12755000,,true
8889,5,WFA,M,,1460,-0.11300000,16.34350000,0.12757000,,true
8890,5,WFA,M,,1461,-0.11310000,16.34890000,0.12759000,,true
8891,5,WFA,M,,1462,-0.11320000,16.35440000,0.12761000,,true
8892,5,WFA,M,,1463,-0.11330000,16.35980000,0.12763000,,true
8893,5,WFA,M,,1464,-0.11340000,16.36530000,0.12765000,,true
8894,5,WFA,M,,1465,-0.11360000,16.37080000,0.12767000,,true
8895,5,WFA,M,,1466,-0.11370000,16.37620000,0.12769000,,true
8896,5,WFA,M,,1467,-0.11380000,16.38170000,0.12771000,,true
8897,5,WFA,M,,1468,-0.11390000,16.38710000,0.12773000,,true
8898,5,WFA,M,,1469,-0.11400000,16.39260000,0.12775000,,true
8899,5,WFA,M,,1470,-0.11410000,16.39810000,0.12777000,,true
8900,5,WFA,M,,1471,-0.11420000,16.40350000,0.12779000,,true
8901,5,WFA,M,,1472,-0.11430000,16.40900000,0.12781000,,true
8902,5,WFA,M,,1473,-0.11440000,16.41440000,0.12783000,,true
8903,5,WFA,M,,1474,-0.11460000,16.41990000,0.12785000,,true
8904,5,WFA,M,,1475,-0.11470000,16.42530000,0.12787000,,true
8905,5,WFA,M,,1476,-0.11480000,16.43080000,0.12789000,,true
8906,5,WFA,M,,1477,-0.11490000,16.43630000,0.12791000,,true
8907,5,WFA,M,,1478,-0.11500000,16.44170000,0.12793000,,true
8908,5,WFA,M,,1479,-0.11510000,16.44720000,0.12795000,,true
8909,5,WFA,M,,1480,-0.11520000,16.45260000,0.12797000,,true
8910,5,WFA,M,,1481,-0.11530000,16.45810000,0.12799000,,true
8911,5,WFA,M,,1482,-0.11540000,16.46350000,0.12801000,,true
8912,5,WFA,M,,1483,-0.11550000,16.46900000,0.12803000,,true
8913,5,WFA,M,,1484,-0.11560000,16.47450000,0.12804000,,true
8914,5,WFA,M,,1485,-0.11580000,16.47990000,0.12806000,,true
8915,5,WFA,M,,1486,-0.11590000,16.48540000,0.12808000,,true
8916,5,WFA,M,,1487,-0.11600000,16.49080000,0.12810000,,true
8917,5,WFA,M,,1488,-0.11610000,16.49630000,0.12812000,,true
8918,5,WFA,M,,1489,-0.11620000,16.50170000,0.12814000,,true
8919,5,WFA,M,,1490,-0.11630000,16.50720000,0.12816000,,true
8920,5,WFA,M,,1491,-0.11640000,16.51260000,0.12818000,,true
8921,5,WFA,M,,1492,-0.11650000,16.51810000,0.12820000,,true
8922,5,WFA,M,,1493,-0.11660000,16.52360000,0.12822000,,true
8923,5,WFA,M,,1494,-0.11670000,16.52900000,0.12824000,,true
8924,5,WFA,M,,1495,-0.11680000,16.53450000,0.12826000,,true
8925,5,WFA,M,,1496,-0.11700000,16.53990000,0.12828000,,true
8926,5,WFA,M,,1497,-0.11710000,16.54540000,0.12830000,,true
8927,5,WFA,M,,1498,-0.11720000,16.55080000,0.12832000,,true
8928,5,WFA,M,,1499,-0.11730000,16.55630000,0.12834000,,true
8929,5,WFA,M,,1500,-0.11740000,16.56180000,0.12836000,,true
8930,5,WFA,M,,1501,-0.11750000,16.56720000,0.12838000,,true
8931,5,WFA,M,,1502,-0.11760000,16.57270000,0.12840000,,true
8932,5,WFA,M,,1503,-0.11770000,16.57810000,0.12842000,,true
8933,5,WFA,M,,1504,-0.11780000,16.58360000,0.12844000,,true
8934,5,WFA,M,,1505,-0.11790000,16.58900000,0.12846000,,true
8935,5,WFA,M,,1506,-0.11800000,16.59450000,0.12848000,,true
8936,5,WFA,M,,1507,-0.11820000,16.59990000,0.12850000,,true
8937,5,WFA,M,,1508,-0.11830000,16.60540000,0.12852000,,true
8938,5,WFA,M,,1509,-0.11840000,16.61090000,0.12854000,,true
8939,5,WFA,M,,1510,-0.11850000,16.61630000,0.12856000,,true
8940,5,WFA,M,,1511,-0.11860000,16.62180000,0.12858000,,true
8941,5,WFA,M,,1512,-0.11870000,16.62720000,0.12860000,,true
8942,5,WFA,M,,1513,-0.11880000,16.63270000,0.12863000,,true
8943,5,WFA,M,,1514,-0.11890000,16.63810000,0.12865000,,true
8944,5,WFA,M,,1515,-0.11900000,16.64360000,0.12867000,,true
8945,5,WFA,M,,1516,-0.11910000,16.64900000,0.12869000,,true
8946,5,WFA,M,,1517,-0.11920000,16.65450000,0.12871000,,true
8947,5,WFA,M,,1518,-0.11930000,16.65990000,0.12873000,,true
8948,5,WFA,M,,1519,-0.11950000,16.66540000,0.12875000,,true
8949,5,WFA,M,,1520,-0.11960000,16.67090000,0.12877000,,true
8950,5,WFA,M,,1521,-0.11970000,16.67630000,0.12879000,,true
8951,5,WFA,M,,1522,-0.11980000,16.68180000,0.12881000,,true
8952,5,WFA,M,,1523,-0.11990000,16.68720000,0.12883000,,true
8953,5,WFA,M,,1524,-0.12000000,16.69270000,0.12885000,,true
8954,5,WFA,M,,1525,-0.12010000,16.69810000,0.12887000,,true
8955,5,WFA,M,,1526,-0.12020000,16.70360000,0.12889000,,true
8956,5,WFA,M,,1527,-0.12030000,16.70900000,0.12891000,,true
8957,5,WFA,M,,1528,-0.12040000,16.71450000,0.12893000,,true
8958,5,WFA,M,,1529,-0.12050000,16.72000000,0.12895000,,true
8959,5,WFA,M,,1530,-0.12060000,16.72540000,0.12897000,,true
8960,5,WFA,M,,1531,-0.12070000,16.73090000,0.12899000,,true
8961,5,WFA,M,,1532,-0.12080000,16.73630000,0.12901000,,true
8962,5,WFA,M,,1533,-0.12100000,16.74180000,0.12903000,,true
8963,5,WFA,M,,1534,-0.12110000,16.74720000,0.12905000,,true
8964,5,WFA,M,,1535,-0.12120000,16.75270000,0.12907000,,true
8965,5,WFA,M,,1536,-0.12130000,16.75810000,0.12909000,,true
8966,5,WFA,M,,1537,-0.12140000,16.76360000,0.12911000,,true
8967,5,WFA,M,,1538,-0.12150000,16.76900000,0.12913000,,true
8968,5,WFA,M,,1539,-0.12160000,16.77450000,0.12915000,,true
8969,5,WFA,M,,1540,-0.12170000,16.78000000,0.12917000,,true
8970,5,WFA,M,,1541,-0.12180000,16.78540000,0.12919000,,true
8971,5,WFA,M,,1542,-0.12190000,16.79090000,0.12921000,,true
8972,5,WFA,M,,1543,-0.12200000,16.79630000,0.12923000,,true
8973,5,WFA,M,,1544,-0.12210000,16.80180000,0.12925000,,true
8974,5,WFA,M,,1545,-0.12220000,16.80720000,0.12928000,,true
8975,5,WFA,M,,1546,-0.12230000,16.81270000,0.12930000,,true
8976,5,WFA,M,,1547,-0.12250000,16.81810000,0.12932000,,true
8977,5,WFA,M,,1548,-0.12260000,16.82360000,0.12934000,,true
8978,5,WFA,M,,1549,-0.12270000,16.82900000,0.12936000,,true
8979,5,WFA,M,,1550,-0.12280000,16.83450000,0.12938000,,true
8980,5,WFA,M,,1551,-0.12290000,16.84000000,0.12940000,,true
8981,5,WFA,M,,1552,-0.12300000,16.84540000,0.12942000,,true
8982,5,WFA,M,,1553,-0.12310000,16.85090000,0.12944000,,true
8983,5,WFA,M,,1554,-0.12320000,16.85630000,0.12946000,,true
8984,5,WFA,M,,1555,-0.12330000,16.86180000,0.12948000,,true
8985,5,WFA,M,,1556,-0.12340000,16.86720000,0.12950000,,true
8986,5,WFA,M,,1557,-0.12350000,16.87270000,0.12952000,,true
8987,5,WFA,M,,1558,-0.12360000,16.87810000,0.12954000,,true
8988,5,WFA,M,,1559,-0.12370000,16.88360000,0.12956000,,true
8989,5,WFA,M,,1560,-0.12380000,16.88910000,0.12958000,,true
8990,5,WFA,M,,1561,-0.12390000,16.89450000,0.12960000,,true
8991,5,WFA,M,,1562,-0.12400000,16.90000000,0.12962000,,true
8992,5,WFA,M,,1563,-0.12420000,16.90540000,0.12965000,,true
8993,5,WFA,M,,1564,-0.12430000,16.91090000,0.12967000,,true
8994,5,WFA,M,,1565,-0.12440000,16.91630000,0.12969000,,true
8995,5,WFA,M,,1566,-0.12450000,16.92180000,0.12971000,,true
8996,5,WFA,M,,1567,-0.12460000,16.92720000,0.12973000,,true
8997,5,WFA,M,,1568,-0.12470000,16.93270000,0.12975000,,true
8998,5,WFA,M,,1569,-0.12480000,16.93820000,0.12977000,,true
8999,5,WFA,M,,1570,-0.12490000,16.94360000,0.12979000,,true
9000,5,WFA,M,,1571,-0.12500000,16.94910000,0.12981000,,true
9001,5,WFA,M,,1572,-0.12510000,16.95450000,0.12983000,,true
9002,5,WFA,M,,1573,-0.12520000,16.96000000,0.12985000,,true
9003,5,WFA,M,,1574,-0.12530000,16.96540000,0.12987000,,true
9004,5,WFA,M,,1575,-0.12540000,16.97090000,0.12989000,,true
9005,5,WFA,M,,1576,-0.12550000,16.97630000,0.12991000,,true
9006,5,WFA,M,,1577,-0.12560000,16.98180000,0.12993000,,true
9007,5,WFA,M,,1578,-0.12570000,16.98730000,0.12996000,,true
9008,5,WFA,M,,1579,-0.12580000,16.99270000,0.12998000,,true
9009,5,WFA,M,,1580,-0.12590000,16.99820000,0.13000000,,true
9010,5,WFA,M,,1581,-0.12600000,17.00360000,0.13002000,,true
9011,5,WFA,M,,1582,-0.12620000,17.00910000,0.13004000,,true
9012,5,WFA,M,,1583,-0.12630000,17.01450000,0.13006000,,true
9013,5,WFA,M,,1584,-0.12640000,17.02000000,0.13008000,,true
9014,5,WFA,M,,1585,-0.12650000,17.02550000,0.13010000,,true
9015,5,WFA,M,,1586,-0.12660000,17.03090000,0.13012000,,true
9016,5,WFA,M,,1587,-0.12670000,17.03640000,0.13014000,,true
9017,5,WFA,M,,1588,-0.12680000,17.04180000,0.13016000,,true
9018,5,WFA,M,,1589,-0.12690000,17.04730000,0.13018000,,true
9019,5,WFA,M,,1590,-0.12700000,17.05270000,0.13020000,,true
9020,5,WFA,M,,1591,-0.12710000,17.05820000,0.13023000,,true
9021,5,WFA,M,,1592,-0.12720000,17.06360000,0.13025000,,true
9022,5,WFA,M,,1593,-0.12730000,17.06910000,0.13027000,,true
9023,5,WFA,M,,1594,-0.12740000,17.07460000,0.13029000,,true
9024,5,WFA,M,,1595,-0.12750000,17.08000000,0.13031000,,true
9025,5,WFA,M,,1596,-0.12760000,17.08550000,0.13033000,,true
9026,5,WFA,M,,1597,-0.12770000,17.09090000,0.13035000,,true
9027,5,WFA,M,,1598,-0.12780000,17.09640000,0.13037000,,true
9028,5,WFA,M,,1599,-0.12790000,17.10180000,0.13039000,,true
9029,5,WFA,M,,1600,-0.12800000,17.10730000,0.13041000,,true
9030,5,WFA,M,,1601,-0.12810000,17.11270000,0.13043000,,true
9031,5,WFA,M,,1602,-0.12820000,17.11820000,0.13045000,,true
9032,5,WFA,M,,1603,-0.12830000,17.12370000,0.13047000,,true
9033,5,WFA,M,,1604,-0.12850000,17.12910000,0.13050000,,true
9034,5,WFA,M,,1605,-0.12860000,17.13460000,0.13052000,,true
9035,5,WFA,M,,1606,-0.12870000,17.14000000,0.13054000,,true
9036,5,WFA,M,,1607,-0.12880000,17.14550000,0.13056000,,true
9037,5,WFA,M,,1608,-0.12890000,17.15090000,0.13058000,,true
9038,5,WFA,M,,1609,-0.12900000,17.15640000,0.13060000,,true
9039,5,WFA,M,,1610,-0.12910000,17.16180000,0.13062000,,true
9040,5,WFA,M,,1611,-0.12920000,17.16730000,0.13064000,,true
9041,5,WFA,M,,1612,-0.12930000,17.17280000,0.13066000,,true
9042,5,WFA,M,,1613,-0.12940000,17.17820000,0.13068000,,true
9043,5,WFA,M,,1614,-0.12950000,17.18370000,0.13070000,,true
9044,5,WFA,M,,1615,-0.12960000,17.18910000,0.13073000,,true
9045,5,WFA,M,,1616,-0.12970000,17.19460000,0.13075000,,true
9046,5,WFA,M,,1617,-0.12980000,17.20000000,0.13077000,,true
9047,5,WFA,M,,1618,-0.12990000,17.20550000,0.13079000,,true
9048,5,WFA,M,,1619,-0.13000000,17.21090000,0.13081000,,true
9049,5,WFA,M,,1620,-0.13010000,17.21640000,0.13083000,,true
9050,5,WFA,M,,1621,-0.13020000,17.22180000,0.13085000,,true
9051,5,WFA,M,,1622,-0.13030000,17.22730000,0.13087000,,true
9052,5,WFA,M,,1623,-0.13040000,17.23280000,0.13089000,,true
9053,5,WFA,M,,1624,-0.13050000,17.23820000,0.13091000,,true
9054,5,WFA,M,,1625,-0.13060000,17.24370000,0.13093000,,true
9055,5,WFA,M,,1626,-0.13070000,17.24910000,0.13096000,,true
9056,5,WFA,M,,1627,-0.13080000,17.25460000,0.13098000,,true
9057,5,WFA,M,,1628,-0.13090000,17.26000000,0.13100000,,true
9058,5,WFA,M,,1629,-0.13100000,17.26550000,0.13102000,,true
9059,5,WFA,M,,1630,-0.13110000,17.27090000,0.13104000,,true
9060,5,WFA,M,,1631,-0.13120000,17.27640000,0.13106000,,true
9061,5,WFA,M,,1632,-0.13140000,17.28180000,0.13108000,,true
9062,5,WFA,M,,1633,-0.13150000,17.28730000,0.13110000,,true
9063,5,WFA,M,,1634,-0.13160000,17.29270000,0.13112000,,true
9064,5,WFA,M,,1635,-0.13170000,17.29820000,0.13114000,,true
9065,5,WFA,M,,1636,-0.13180000,17.30370000,0.13117000,,true
9066,5,WFA,M,,1637,-0.13190000,17.30910000,0.13119000,,true
9067,5,WFA,M,,1638,-0.13200000,17.31460000,0.13121000,,true
9068,5,WFA,M,,1639,-0.13210000,17.32000000,0.13123000,,true
9069,5,WFA,M,,1640,-0.13220000,17.32550000,0.13125000,,true
9070,5,WFA,M,,1641,-0.13230000,17.33090000,0.13127000,,true
9071,5,WFA,M,,1642,-0.13240000,17.33640000,0.13129000,,true
9072,5,WFA,M,,1643,-0.13250000,17.34180000,0.13131000,,true
9073,5,WFA,M,,1644,-0.13260000,17.34730000,0.13133000,,true
9074,5,WFA,M,,1645,-0.13270000,17.35270000,0.13135000,,true
9075,5,WFA,M,,1646,-0.13280000,17.35820000,0.13137000,,true
9076,5,WFA,M,,1647,-0.13290000,17.36360000,0.13140000,,true
9077,5,WFA,M,,1648,-0.13300000,17.36910000,0.13142000,,true
9078,5,WFA,M,,1649,-0.13310000,17.37450000,0.13144000,,true
9079,5,WFA,M,,1650,-0.13320000,17.38000000,0.13146000,,true
9080,5,WFA,M,,1651,-0.13330000,17.38540000,0.13148000,,true
9081,5,WFA,M,,1652,-0.13340000,17.39090000,0.13150000,,true
9082,5,WFA,M,,1653,-0.13350000,17.39630000,0.13152000,,true
9083,5,WFA,M,,1654,-0.13360000,17.40180000,0.13154000,,true
9084,5,WFA,M,,1655,-0.13370000,17.40720000,0.13156000,,true
9085,5,WFA,M,,1656,-0.13380000,17.41270000,0.13159000,,true
9086,5,WFA,M,,1657,-0.13390000,17.41810000,0.13161000,,true
9087,5,WFA,M,,1658,-0.13400000,17.42360000,0.13163000,,true
9088,5,WFA,M,,1659,-0.13410000,17.42900000,0.13165000,,true
9089,5,WFA,M,,1660,-0.13420000,17.43450000,0.13167000,,true
9090,5,WFA,M,,1661,-0.13430000,17.43990000,0.13169000,,true
9091,5,WFA,M,,1662,-0.13440000,17.44540000,0.13171000,,true
9092,5,WFA,M,,1663,-0.13450000,17.45080000,0.13173000,,true
9093,5,WFA,M,,1664,-0.13460000,17.45630000,0.13175000,,true
9094,5,WFA,M,,1665,-0.13470000,17.46170000,0.13177000,,true
9095,5,WFA,M,,1666,-0.13480000,17.46720000,0.13180000,,true
9096,5,WFA,M,,1667,-0.13490000,17.47260000,0.13182000,,true
9097,5,WFA,M,,1668,-0.13500000,17.47810000,0.13184000,,true
9098,5,WFA,M,,1669,-0.13510000,17.48350000,0.13186000,,true
9099,5,WFA,M,,1670,-0.13520000,17.48900000,0.13188000,,true
9100,5,WFA,M,,1671,-0.13530000,17.49440000,0.13190000,,true
9101,5,WFA,M,,1672,-0.13540000,17.49990000,0.13192000,,true
9102,5,WFA,M,,1673,-0.13550000,17.50530000,0.13194000,,true
9103,5,WFA,M,,1674,-0.13560000,17.51070000,0.13196000,,true
9104,5,WFA,M,,1675,-0.13570000,17.51620000,0.13199000,,true
9105,5,WFA,M,,1676,-0.13580000,17.52160000,0.13201000,,true
9106,5,WFA,M,,1677,-0.13590000,17.52710000,0.13203000,,true
9107,5,WFA,M,,1678,-0.13600000,17.53250000,0.13205000,,true
9108,5,WFA,M,,1679,-0.13610000,17.53800000,0.13207000,,true
9109,5,WFA,M,,1680,-0.13620000,17.54340000,0.13209000,,true
9110,5,WFA,M,,1681,-0.13630000,17.54890000,0.13211000,,true
9111,5,WFA,M,,1682,-0.13640000,17.55430000,0.13213000,,true
9112,5,WFA,M,,1683,-0.13650000,17.55980000,0.13215000,,true
9113,5,WFA,M,,1684,-0.13660000,17.56520000,0.13218000,,true
9114,5,WFA,M,,1685,-0.13670000,17.57060000,0.13220000,,true
9115,5,WFA,M,,1686,-0.13680000,17.57610000,0.13222000,,true
9116,5,WFA,M,,1687,-0.13690000,17.58150000,0.13224000,,true
9117,5,WFA,M,,1688,-0.13700000,17.58700000,0.13226000,,true
9118,5,WFA,M,,1689,-0.13710000,17.59240000,0.13228000,,true
9119,5,WFA,M,,1690,-0.13730000,17.59790000,0.13230000,,true
9120,5,WFA,M,,1691,-0.13740000,17.60330000,0.13232000,,true
9121,5,WFA,M,,1692,-0.13750000,17.60870000,0.13234000,,true
9122,5,WFA,M,,1693,-0.13760000,17.61420000,0.13237000,,true
9123,5,WFA,M,,1694,-0.13770000,17.61960000,0.13239000,,true
9124,5,WFA,M,,1695,-0.13780000,17.62510000,0.13241000,,true
9125,5,WFA,M,,1696,-0.13790000,17.63050000,0.13243000,,true
9126,5,WFA,M,,1697,-0.13800000,17.63600000,0.13245000,,true
9127,5,WFA,M,,1698,-0.13810000,17.64140000,0.13247000,,true
9128,5,WFA,M,,1699,-0.13820000,17.64680000,0.13249000,,true
9129,5,WFA,M,,1700,-0.13830000,17.65230000,0.13251000,,true
9130,5,WFA,M,,1701,-0.13840000,17.65770000,0.13253000,,true
9131,5,WFA,M,,1702,-0.13850000,17.66320000,0.13256000,,true
9132,5,WFA,M,,1703,-0.13860000,17.66860000,0.13258000,,true
9133,5,WFA,M,,1704,-0.13870000,17.67400000,0.13260000,,true
9134,5,WFA,M,,1705,-0.13880000,17.67950000,0.13262000,,true
9135,5,WFA,M,,1706,-0.13890000,17.68490000,0.13264000,,true
9136,5,WFA,M,,1707,-0.13900000,17.69040000,0.13266000,,true
9137,5,WFA,M,,1708,-0.13910000,17.69580000,0.13268000,,true
9138,5,WFA,M,,1709,-0.13920000,17.70120000,0.13270000,,true
9139,5,WFA,M,,1710,-0.13930000,17.70670000,0.13272000,,true
9140,5,WFA,M,,1711,-0.13940000,17.71210000,0.13275000,,true
9141,5,WFA,M,,1712,-0.13950000,17.71750000,0.13277000,,true
9142,5,WFA,M,,1713,-0.13960000,17.72300000,0.13279000,,true
9143,5,WFA,M,,1714,-0.13970000,17.72840000,0.13281000,,true
9144,5,WFA,M,,1715,-0.13980000,17.73390000,0.13283000,,true
9145,5,WFA,M,,1716,-0.13990000,17.73930000,0.13285000,,true
9146,5,WFA,M,,1717,-0.14000000,17.74470000,0.13287000,,true
9147,5,WFA,M,,1718,-0.14010000,17.75020000,0.13289000,,true
9148,5,WFA,M,,1719,-0.14020000,17.75560000,0.13291000,,true
9149,5,WFA,M,,1720,-0.14030000,17.76100000,0.13294000,,true
9150,5,WFA,M,,1721,-0.14040000,17.76650000,0.13296000,,true
9151,5,WFA,M,,1722,-0.14040000,17.77190000,0.13298000,,true
9152,5,WFA,M,,1723,-0.14050000,17.77730000,0.13300000,,true
9153,5,WFA,M,,1724,-0.14060000,17.78280000,0.13302000,,true
9154,5,WFA,M,,1725,-0.14070000,17.78820000,0.13304000,,true
9155,5,WFA,M,,1726,-0.14080000,17.79360000,0.13306000,,true
9156,5,WFA,M,,1727,-0.14090000,17.79910000,0.13308000,,true
9157,5,WFA,M,,1728,-0.14100000,17.80450000,0.13310000,,true
9158,5,WFA,M,,1729,-0.14110000,17.80990000,0.13313000,,true
9159,5,WFA,M,,1730,-0.14120000,17.81540000,0.13315000,,true
9160,5,WFA,M,,1731,-0.14130000,17.82080000,0.13317000,,true
9161,5,WFA,M,,1732,-0.14140000,17.82620000,0.13319000,,true
9162,5,WFA,M,,1733,-0.14150000,17.83170000,0.13321000,,true
9163,5,WFA,M,,1734,-0.14160000,17.83710000,0.13323000,,true
9164,5,WFA,M,,1735,-0.14170000,17.84250000,0.13325000,,true
9165,5,WFA,M,,1736,-0.14180000,17.84800000,0.13327000,,true
9166,5,WFA,M,,1737,-0.14190000,17.85340000,0.13329000,,true
9167,5,WFA,M,,1738,-0.14200000,17.85880000,0.13332000,,true
9168,5,WFA,M,,1739,-0.14210000,17.86420000,0.13334000,,true
9169,5,WFA,M,,1740,-0.14220000,17.86970000,0.13336000,,true
9170,5,WFA,M,,1741,-0.14230000,17.87510000,0.13338000,,true
9171,5,WFA,M,,1742,-0.14240000,17.88050000,0.13340000,,true
9172,5,WFA,M,,1743,-0.14250000,17.88600000,0.13342000,,true
9173,5,WFA,M,,1744,-0.14260000,17.89140000,0.13344000,,true
9174,5,WFA,M,,1745,-0.14270000,17.89680000,0.13346000,,true
9175,5,WFA,M,,1746,-0.14280000,17.90220000,0.13348000,,true
9176,5,WFA,M,,1747,-0.14290000,17.90770000,0.13351000,,true
9177,5,WFA,M,,1748,-0.14300000,17.91310000,0.13353000,,true
9178,5,WFA,M,,1749,-0.14310000,17.91850000,0.13355000,,true
9179,5,WFA,M,,1750,-0.14320000,17.92400000,0.13357000,,true
9180,5,WFA,M,,1751,-0.14330000,17.92940000,0.13359000,,true
9181,5,WFA,M,,1752,-0.14340000,17.93480000,0.13361000,,true
9182,5,WFA,M,,1753,-0.14350000,17.94020000,0.13363000,,true
9183,5,WFA,M,,1754,-0.14360000,17.94570000,0.13365000,,true
9184,5,WFA,M,,1755,-0.14370000,17.95110000,0.13367000,,true
9185,5,WFA,M,,1756,-0.14380000,17.95650000,0.13370000,,true
9186,5,WFA,M,,1757,-0.14390000,17.96190000,0.13372000,,true
9187,5,WFA,M,,1758,-0.14400000,17.96740000,0.13374000,,true
9188,5,WFA,M,,1759,-0.14410000,17.97280000,0.13376000,,true
9189,5,WFA,M,,1760,-0.14420000,17.97820000,0.13378000,,true
9190,5,WFA,M,,1761,-0.14430000,17.98360000,0.13380000,,true
9191,5,WFA,M,,1762,-0.14440000,17.98900000,0.13382000,,true
9192,5,WFA,M,,1763,-0.14450000,17.99450000,0.13384000,,true
9193,5,WFA,M,,1764,-0.14460000,17.99990000,0.13386000,,true
9194,5,WFA,M,,1765,-0.14470000,18.00530000,0.13389000,,true
9195,5,WFA,M,,1766,-0.14480000,18.01070000,0.13391000,,true
9196,5,WFA,M,,1767,-0.14490000,18.01620000,0.13393000,,true
9197,5,WFA,M,,1768,-0.14500000,18.02160000,0.13395000,,true
9198,5,WFA,M,,1769,-0.14510000,18.02700000,0.13397000,,true
9199,5,WFA,M,,1770,-0.14520000,18.03240000,0.13399000,,true
9200,5,WFA,M,,1771,-0.14530000,18.03780000,0.13401000,,true
9201,5,WFA,M,,1772,-0.14540000,18.04320000,0.13403000,,true
9202,5,WFA,M,,1773,-0.14550000,18.04870000,0.13405000,,true
9203,5,WFA,M,,1774,-0.14560000,18.05410000,0.13408000,,true
9204,5,WFA,M,,1775,-0.14570000,18.05950000,0.13410000,,true
9205,5,WFA,M,,1776,-0.14580000,18.06490000,0.13412000,,true
9206,5,WFA,M,,1777,-0.14590000,18.07030000,0.13414000,,true
9207,5,WFA,M,,1778,-0.14600000,18.07580000,0.13416000,,true
9208,5,WFA,M,,1779,-0.14610000,18.08120000,0.13418000,,true
9209,5,WFA,M,,1780,-0.14620000,18.08660000,0.13420000,,true
9210,5,WFA,M,,1781,-0.14620000,18.09200000,0.13422000,,true
9211,5,WFA,M,,1782,-0.14630000,18.09740000,0.13424000,,true
9212,5,WFA,M,,1783,-0.14640000,18.10280000,0.13426000,,true
9213,5,WFA,M,,1784,-0.14650000,18.10820000,0.13429000,,true
9214,5,WFA,M,,1785,-0.14660000,18.11370000,0.13431000,,true
9215,5,WFA,M,,1786,-0.14670000,18.11910000,0.13433000,,true
9216,5,WFA,M,,1787,-0.14680000,18.12450000,0.13435000,,true
9217,5,WFA,M,,1788,-0.14690000,18.12990000,0.13437000,,true
9218,5,WFA,M,,1789,-0.14700000,18.13530000,0.13439000,,true
9219,5,WFA,M,,1790,-0.14710000,18.14070000,0.13441000,,true
9220,5,WFA,M,,1791,-0.14720000,18.14610000,0.13443000,,true
9221,5,WFA,M,,1792,-0.14730000,18.15150000,0.13445000,,true
9222,5,WFA,M,,1793,-0.14740000,18.15700000,0.13448000,,true
9223,5,WFA,M,,1794,-0.14750000,18.16240000,0.13450000,,true
9224,5,WFA,M,,1795,-0.14760000,18.16780000,0.13452000,,true
9225,5,WFA,M,,1796,-0.14770000,18.17320000,0.13454000,,true
9226,5,WFA,M,,1797,-0.14780000,18.17860000,0.13456000,,true
9227,5,WFA,M,,1798,-0.14790000,18.18400000,0.13458000,,true
9228,5,WFA,M,,1799,-0.14800000,18.18940000,0.13460000,,true
9229,5,WFA,M,,1800,-0.14810000,18.19480000,0.13462000,,true
9230,5,WFA,M,,1801,-0.14820000,18.20020000,0.13464000,,true
9231,5,WFA,M,,1802,-0.14830000,18.20560000,0.13466000,,true
9232,5,WFA,M,,1803,-0.14840000,18.21100000,0.13469000,,true
9233,5,WFA,M,,1804,-0.14850000,18.21640000,0.13471000,,true
9234,5,WFA,M,,1805,-0.14860000,18.22180000,0.13473000,,true
9235,5,WFA,M,,1806,-0.14870000,18.22720000,0.13475000,,true
9236,5,WFA,M,,1807,-0.14880000,18.23270000,0.13477000,,true
9237,5,WFA,M,,1808,-0.14890000,18.23810000,0.13479000,,true
9238,5,WFA,M,,1809,-0.14900000,18.24350000,0.13481000,,true
9239,5,WFA,M,,1810,-0.14910000,18.24890000,0.13483000,,true
9240,5,WFA,M,,1811,-0.14910000,18.25430000,0.13485000,,true
9241,5,WFA,M,,1812,-0.14920000,18.25970000,0.13487000,,true
9242,5,WFA,M,,1813,-0.14930000,18.26510000,0.13490000,,true
9243,5,WFA,M,,1814,-0.14940000,18.27050000,0.13492000,,true
9244,5,WFA,M,,1815,-0.14950000,18.27590000,0.13494000,,true
9245,5,WFA,M,,1816,-0.14960000,18.28130000,0.13496000,,true
9246,5,WFA,M,,1817,-0.14970000,18.28670000,0.13498000,,true
9247,5,WFA,M,,1818,-0.14980000,18.29210000,0.13500000,,true
9248,5,WFA,M,,1819,-0.14990000,18.29750000,0.13502000,,true
9249,5,WFA,M,,1820,-0.15000000,18.30290000,0.13504000,,true
9250,5,WFA,M,,1821,-0.15010000,18.30830000,0.13506000,,true
9251,5,WFA,M,,1822,-0.15020000,18.31370000,0.13508000,,true
9252,5,WFA,M,,1823,-0.15030000,18.31900000,0.13511000,,true
9253,5,WFA,M,,1824,-0.15040000,18.32440000,0.13513000,,true
9254,5,WFA,M,,1825,-0.15050000,18.32980000,0.13515000,,true
9255,5,WFA,M,,1826,-0.15060000,18.33520000,0.13517000,,true
9256,5,WFA,M,,1827,-0.15070000,18.34060000,0.13519000,,true
9257,5,WFA,M,,1828,-0.15080000,18.34600000,0.13521000,,true
9258,5,WFA,M,,1829,-0.15090000,18.35140000,0.13523000,,true
9259,5,WFA,M,,1830,-0.15100000,18.35680000,0.13525000,,true
9260,5,WFA,M,,1831,-0.15110000,18.36220000,0.13527000,,true
9261,5,WFA,M,,1832,-0.15120000,18.36760000,0.13529000,,true
9262,5,WFA,M,,1833,-0.15130000,18.37300000,0.13531000,,true
9263,5,WFA,M,,1834,-0.15140000,18.37840000,0.13534000,,true
9264,5,WFA,M,,1835,-0.15140000,18.38380000,0.13536000,,true
9265,5,WFA,M,,1836,-0.15150000,18.38910000,0.13538000,,true
9266,5,WFA,M,,1837,-0.15160000,18.39450000,0.13540000,,true
9267,5,WFA,M,,1838,-0.15170000,18.39990000,0.13542000,,true
9268,5,WFA,M,,1839,-0.15180000,18.40530000,0.13544000,,true
9269,5,WFA,M,,1840,-0.15190000,18.41070000,0.13546000,,true
9270,5,WFA,M,,1841,-0.15200000,18.41610000,0.13548000,,true
9271,5,WFA,M,,1842,-0.15210000,18.42150000,0.13550000,,true
9272,5,WFA,M,,1843,-0.15220000,18.42680000,0.13552000,,true
9273,5,WFA,M,,1844,-0.15230000,18.43220000,0.13554000,,true
9274,5,WFA,M,,1845,-0.15240000,18.43760000,0.13557000,,true
9275,5,WFA,M,,1846,-0.15250000,18.44300000,0.13559000,,true
9276,5,WFA,M,,1847,-0.15260000,18.44840000,0.13561000,,true
9277,5,WFA,M,,1848,-0.15270000,18.45380000,0.13563000,,true
9278,5,WFA,M,,1849,-0.15280000,18.45910000,0.13565000,,true
9279,5,WFA,M,,1850,-0.15290000,18.46450000,0.13567000,,true
9280,5,WFA,M,,1851,-0.15300000,18.46990000,0.13569000,,true
9281,5,WFA,M,,1852,-0.15310000,18.47530000,0.13571000,,true
9282,5,WFA,M,,1853,-0.15320000,18.48070000,0.13573000,,true
9283,5,WFA,M,,1854,-0.15330000,18.48600000,0.13575000,,true
9284,5,WFA,M,,1855,-0.15330000,18.49140000,0.13577000,,true
9285,5,WFA,M,,1856,-0.15340000,18.49680000,0.13580000,,true
9286,6,WFA,F,,0,0.38090000,3.23220000,0.14171000,,true
9287,6,WFA,F,,1,0.32590000,3.19570000,0.14578000,,true
9288,6,WFA,F,,2,0.31010000,3.21040000,0.14637000,,true
9289,6,WFA,F,,3,0.29860000,3.23150000,0.14657000,,true
9290,6,WFA,F,,4,0.28910000,3.25580000,0.14658000,,true
9291,6,WFA,F,,5,0.28100000,3.28210000,0.14646000,,true
9292,6,WFA,F,,6,0.27370000,3.30990000,0.14626000,,true
9293,6,WFA,F,,7,0.26710000,3.33880000,0.14600000,,true
9294,6,WFA,F,,8,0.26090000,3.36870000,0.14569000,,true
9295,6,WFA,F,,9,0.25510000,3.39950000,0.14534000,,true
9296,6,WFA,F,,10,0.24970000,3.43140000,0.14498000,,true
9297,6,WFA,F,,11,0.24460000,3.46430000,0.14459000,,true
9298,6,WFA,F,,12,0.23970000,3.49830000,0.14420000,,true
9299,6,WFA,F,,13,0.23490000,3.53330000,0.14380000,,true
9300,6,WFA,F,,14,0.23040000,3.56930000,0.14339000,,true
9301,6,WFA,F,,15,0.22600000,3.60630000,0.14299000,,true
9302,6,WFA,F,,16,0.22180000,3.64380000,0.14258000,,true
9303,6,WFA,F,,17,0.21770000,3.68180000,0.14218000,,true
9304,6,WFA,F,,18,0.21370000,3.72010000,0.14177000,,true
9305,6,WFA,F,,19,0.20990000,3.75840000,0.14138000,,true
9306,6,WFA,F,,20,0.20610000,3.79680000,0.14098000,,true
9307,6,WFA,F,,21,0.20240000,3.83520000,0.14060000,,true
9308,6,WFA,F,,22,0.19890000,3.87350000,0.14021000,,true
9309,6,WFA,F,,23,0.19540000,3.91160000,0.13984000,,true
9310,6,WFA,F,,24,0.19190000,3.94950000,0.13947000,,true
9311,6,WFA,F,,25,0.18860000,3.98720000,0.13910000,,true
9312,6,WFA,F,,26,0.18530000,4.02470000,0.13875000,,true
9313,6,WFA,F,,27,0.18210000,4.06180000,0.13840000,,true
9314,6,WFA,F,,28,0.17890000,4.09870000,0.13805000,,true
9315,6,WFA,F,,29,0.17580000,4.13530000,0.13771000,,true
9316,6,WFA,F,,30,0.17270000,4.17160000,0.13738000,,true
9317,6,WFA,F,,31,0.16970000,4.20750000,0.13706000,,true
9318,6,WFA,F,,32,0.16680000,4.24310000,0.13674000,,true
9319,6,WFA,F,,33,0.16380000,4.27830000,0.13643000,,true
9320,6,WFA,F,,34,0.16100000,4.31310000,0.13613000,,true
9321,6,WFA,F,,35,0.15820000,4.34760000,0.13583000,,true
9322,6,WFA,F,,36,0.15540000,4.38180000,0.13554000,,true
9323,6,WFA,F,,37,0.15260000,4.41550000,0.13526000,,true
9324,6,WFA,F,,38,0.14990000,4.44900000,0.13498000,,true
9325,6,WFA,F,,39,0.14730000,4.48200000,0.13470000,,true
9326,6,WFA,F,,40,0.14460000,4.51480000,0.13444000,,true
9327,6,WFA,F,,41,0.14200000,4.54720000,0.13418000,,true
9328,6,WFA,F,,42,0.13950000,4.57930000,0.13392000,,true
9329,6,WFA,F,,43,0.13690000,4.61100000,0.13367000,,true
9330,6,WFA,F,,44,0.13440000,4.64250000,0.13342000,,true
9331,6,WFA,F,,45,0.13200000,4.67360000,0.13318000,,true
9332,6,WFA,F,,46,0.12950000,4.70440000,0.13295000,,true
9333,6,WFA,F,,47,0.12710000,4.73490000,0.13272000,,true
9334,6,WFA,F,,48,0.12470000,4.76510000,0.13250000,,true
9335,6,WFA,F,,49,0.12240000,4.79500000,0.13228000,,true
9336,6,WFA,F,,50,0.12000000,4.82450000,0.13206000,,true
9337,6,WFA,F,,51,0.11770000,4.85380000,0.13185000,,true
9338,6,WFA,F,,52,0.11540000,4.88280000,0.13165000,,true
9339,6,WFA,F,,53,0.11320000,4.91150000,0.13145000,,true
9340,6,WFA,F,,54,0.11090000,4.93990000,0.13125000,,true
9341,6,WFA,F,,55,0.10870000,4.96800000,0.13106000,,true
9342,6,WFA,F,,56,0.10650000,4.99590000,0.13087000,,true
9343,6,WFA,F,,57,0.10440000,5.02350000,0.13068000,,true
9344,6,WFA,F,,58,0.10220000,5.05090000,0.13050000,,true
9345,6,WFA,F,,59,0.10010000,5.07800000,0.13033000,,true
9346,6,WFA,F,,60,0.09800000,5.10490000,0.13015000,,true
9347,6,WFA,F,,61,0.09590000,5.13150000,0.12998000,,true
9348,6,WFA,F,,62,0.09380000,5.15800000,0.12982000,,true
9349,6,WFA,F,,63,0.09180000,5.18420000,0.12966000,,true
9350,6,WFA,F,,64,0.08970000,5.21020000,0.12950000,,true
9351,6,WFA,F,,65,0.08770000,5.23600000,0.12934000,,true
9352,6,WFA,F,,66,0.08570000,5.26160000,0.12919000,,true
9353,6,WFA,F,,67,0.08380000,5.28700000,0.12904000,,true
9354,6,WFA,F,,68,0.08180000,5.31210000,0.12889000,,true
9355,6,WFA,F,,69,0.07980000,5.33700000,0.12875000,,true
9356,6,WFA,F,,70,0.07790000,5.36180000,0.12861000,,true
9357,6,WFA,F,,71,0.07600000,5.38630000,0.12847000,,true
9358,6,WFA,F,,72,0.07410000,5.41070000,0.12834000,,true
9359,6,WFA,F,,73,0.07220000,5.43480000,0.12821000,,true
9360,6,WFA,F,,74,0.07040000,5.45870000,0.12808000,,true
9361,6,WFA,F,,75,0.06850000,5.48250000,0.12795000,,true
9362,6,WFA,F,,76,0.06670000,5.50610000,0.12783000,,true
9363,6,WFA,F,,77,0.06480000,5.52950000,0.12770000,,true
9364,6,WFA,F,,78,0.06300000,5.55270000,0.12758000,,true
9365,6,WFA,F,,79,0.06120000,5.57570000,0.12747000,,true
9366,6,WFA,F,,80,0.05950000,5.59860000,0.12735000,,true
9367,6,WFA,F,,81,0.05770000,5.62130000,0.12724000,,true
9368,6,WFA,F,,82,0.05590000,5.64380000,0.12713000,,true
9369,6,WFA,F,,83,0.05420000,5.66620000,0.12702000,,true
9370,6,WFA,F,,84,0.05250000,5.68830000,0.12691000,,true
9371,6,WFA,F,,85,0.05080000,5.71040000,0.12681000,,true
9372,6,WFA,F,,86,0.04900000,5.73220000,0.12671000,,true
9373,6,WFA,F,,87,0.04740000,5.75390000,0.12660000,,true
9374,6,WFA,F,,88,0.04570000,5.77550000,0.12651000,,true
9375,6,WFA,F,,89,0.04400000,5.79690000,0.12641000,,true
9376,6,WFA,F,,90,0.04240000,5.81810000,0.12631000,,true
9377,6,WFA,F,,91,0.04070000,5.83930000,0.12622000,,true
9378,6,WFA,F,,92,0.03910000,5.86020000,0.12613000,,true
9379,6,WFA,F,,93,0.03750000,5.88100000,0.12604000,,true
9380,6,WFA,F,,94,0.03580000,5.90170000,0.12595000,,true
9381,6,WFA,F,,95,0.03420000,5.92230000,0.12586000,,true
9382,6,WFA,F,,96,0.03270000,5.94270000,0.12577000,,true
9383,6,WFA,F,,97,0.03110000,5.96290000,0.12569000,,true
9384,6,WFA,F,,98,0.02950000,5.98310000,0.12561000,,true
9385,6,WFA,F,,99,0.02790000,6.00310000,0.12553000,,true
9386,6,WFA,F,,100,0.02640000,6.02290000,0.12545000,,true
9387,6,WFA,F,,101,0.02490000,6.04260000,0.12537000,,true
9388,6,WFA,F,,102,0.02330000,6.06220000,0.12529000,,true
9389,6,WFA,F,,103,0.02180000,6.08170000,0.12522000,,true
9390,6,WFA,F,,104,0.02030000,6.10100000,0.12514000,,true
9391,6,WFA,F,,105,0.01880000,6.12020000,0.12507000,,true
9392,6,WFA,F,,106,0.01730000,6.13930000,0.12500000,,true
9393,6,WFA,F,,107,0.01580000,6.15820000,0.12493000,,true
9394,6,WFA,F,,108,0.01440000,6.17710000,0.12486000,,true
9395,6,WFA,F,,109,0.01290000,6.19580000,0.12479000,,true
9396,6,WFA,F,,110,0.01140000,6.21430000,0.12472000,,true
9397,6,WFA,F,,111,0.01000000,6.23280000,0.12466000,,true
9398,6,WFA,F,,112,0.00860000,6.25110000,0.12459000,,true
9399,6,WFA,F,,113,0.00710000,6.26930000,0.12453000,,true
9400,6,WFA,F,,114,0.00570000,6.28740000,0.12447000,,true
9401,6,WFA,F,,115,0.00430000,6.30540000,0.12441000,,true
9402,6,WFA,F,,116,0.00290000,6.32320000,0.12435000,,true
9403,6,WFA,F,,117,0.00150000,6.34100000,0.12429000,,true
9404,6,WFA,F,,118,0.00010000,6.35860000,0.12423000,,true
9405,6,WFA,F,,119,-0.00130000,6.37610000,0.12417000,,true
9406,6,WFA,F,,120,-0.00260000,6.39350000,0.12412000,,true
9407,6,WFA,F,,121,-0.00400000,6.41080000,0.12406000,,true
9408,6,WFA,F,,122,-0.00530000,6.42800000,0.12401000,,true
9409,6,WFA,F,,123,-0.00670000,6.44500000,0.12395000,,true
9410,6,WFA,F,,124,-0.00800000,6.46200000,0.12390000,,true
9411,6,WFA,F,,125,-0.00940000,6.47880000,0.12385000,,true
9412,6,WFA,F,,126,-0.01070000,6.49560000,0.12380000,,true
9413,6,WFA,F,,127,-0.01200000,6.51220000,0.12375000,,true
9414,6,WFA,F,,128,-0.01330000,6.52880000,0.12370000,,true
9415,6,WFA,F,,129,-0.01460000,6.54520000,0.12365000,,true
9416,6,WFA,F,,130,-0.01590000,6.56150000,0.12360000,,true
9417,6,WFA,F,,131,-0.01720000,6.57770000,0.12355000,,true
9418,6,WFA,F,,132,-0.01850000,6.59390000,0.12351000,,true
9419,6,WFA,F,,133,-0.01980000,6.60990000,0.12346000,,true
9420,6,WFA,F,,134,-0.02100000,6.62580000,0.12342000,,true
9421,6,WFA,F,,135,-0.02230000,6.64160000,0.12337000,,true
9422,6,WFA,F,,136,-0.02350000,6.65730000,0.12333000,,true
9423,6,WFA,F,,137,-0.02480000,6.67290000,0.12329000,,true
9424,6,WFA,F,,138,-0.02600000,6.68840000,0.12325000,,true
9425,6,WFA,F,,139,-0.02730000,6.70390000,0.12321000,,true
9426,6,WFA,F,,140,-0.02850000,6.71920000,0.12317000,,true
9427,6,WFA,F,,141,-0.02970000,6.73440000,0.12313000,,true
9428,6,WFA,F,,142,-0.03090000,6.74950000,0.12309000,,true
9429,6,WFA,F,,143,-0.03210000,6.76460000,0.12305000,,true
9430,6,WFA,F,,144,-0.03330000,6.77950000,0.12301000,,true
9431,6,WFA,F,,145,-0.03450000,6.79440000,0.12298000,,true
9432,6,WFA,F,,146,-0.03570000,6.80910000,0.12294000,,true
9433,6,WFA,F,,147,-0.03690000,6.82380000,0.12291000,,true
9434,6,WFA,F,,148,-0.03810000,6.83840000,0.12287000,,true
9435,6,WFA,F,,149,-0.03930000,6.85290000,0.12284000,,true
9436,6,WFA,F,,150,-0.04040000,6.86730000,0.12281000,,true
9437,6,WFA,F,,151,-0.04160000,6.88160000,0.12277000,,true
9438,6,WFA,F,,152,-0.04280000,6.89590000,0.12274000,,true
9439,6,WFA,F,,153,-0.04390000,6.91000000,0.12271000,,true
9440,6,WFA,F,,154,-0.04500000,6.92410000,0.12268000,,true
9441,6,WFA,F,,155,-0.04620000,6.93810000,0.12265000,,true
9442,6,WFA,F,,156,-0.04730000,6.95200000,0.12262000,,true
9443,6,WFA,F,,157,-0.04840000,6.96590000,0.12259000,,true
9444,6,WFA,F,,158,-0.04960000,6.97970000,0.12256000,,true
9445,6,WFA,F,,159,-0.05070000,6.99340000,0.12254000,,true
9446,6,WFA,F,,160,-0.05180000,7.00700000,0.12251000,,true
9447,6,WFA,F,,161,-0.05290000,7.02050000,0.12248000,,true
9448,6,WFA,F,,162,-0.05400000,7.03400000,0.12246000,,true
9449,6,WFA,F,,163,-0.05510000,7.04740000,0.12243000,,true
9450,6,WFA,F,,164,-0.05620000,7.06070000,0.12241000,,true
9451,6,WFA,F,,165,-0.05730000,7.07400000,0.12238000,,true
9452,6,WFA,F,,166,-0.05830000,7.08720000,0.12236000,,true
9453,6,WFA,F,,167,-0.05940000,7.10030000,0.12234000,,true
9454,6,WFA,F,,168,-0.06050000,7.11330000,0.12231000,,true
9455,6,WFA,F,,169,-0.06150000,7.12630000,0.12229000,,true
9456,6,WFA,F,,170,-0.06260000,7.13930000,0.12227000,,true
9457,6,WFA,F,,171,-0.06370000,7.15210000,0.12225000,,true
9458,6,WFA,F,,172,-0.06470000,7.16490000,0.12223000,,true
9459,6,WFA,F,,173,-0.06580000,7.17760000,0.12221000,,true
9460,6,WFA,F,,174,-0.06680000,7.19030000,0.12219000,,true
9461,6,WFA,F,,175,-0.06780000,7.20290000,0.12217000,,true
9462,6,WFA,F,,176,-0.06890000,7.21540000,0.12215000,,true
9463,6,WFA,F,,177,-0.06990000,7.22790000,0.12214000,,true
9464,6,WFA,F,,178,-0.07090000,7.24030000,0.12212000,,true
9465,6,WFA,F,,179,-0.07190000,7.25270000,0.12210000,,true
9466,6,WFA,F,,180,-0.07290000,7.26500000,0.12208000,,true
9467,6,WFA,F,,181,-0.07390000,7.27720000,0.12207000,,true
9468,6,WFA,F,,182,-0.07490000,7.28940000,0.12205000,,true
9469,6,WFA,F,,183,-0.07590000,7.30160000,0.12204000,,true
9470,6,WFA,F,,184,-0.07690000,7.31360000,0.12202000,,true
9471,6,WFA,F,,185,-0.07790000,7.32560000,0.12201000,,true
9472,6,WFA,F,,186,-0.07890000,7.33760000,0.12200000,,true
9473,6,WFA,F,,187,-0.07990000,7.34950000,0.12198000,,true
9474,6,WFA,F,,188,-0.08080000,7.36140000,0.12197000,,true
9475,6,WFA,F,,189,-0.08180000,7.37320000,0.12196000,,true
9476,6,WFA,F,,190,-0.08280000,7.38490000,0.12195000,,true
9477,6,WFA,F,,191,-0.08370000,7.39660000,0.12194000,,true
9478,6,WFA,F,,192,-0.08470000,7.40820000,0.12192000,,true
9479,6,WFA,F,,193,-0.08570000,7.41980000,0.12191000,,true
9480,6,WFA,F,,194,-0.08660000,7.43140000,0.12190000,,true
9481,6,WFA,F,,195,-0.08750000,7.44290000,0.12189000,,true
9482,6,WFA,F,,196,-0.08850000,7.45430000,0.12188000,,true
9483,6,WFA,F,,197,-0.08940000,7.46570000,0.12188000,,true
9484,6,WFA,F,,198,-0.09040000,7.47700000,0.12187000,,true
9485,6,WFA,F,,199,-0.09130000,7.48830000,0.12186000,,true
9486,6,WFA,F,,200,-0.09220000,7.49950000,0.12185000,,true
9487,6,WFA,F,,201,-0.09310000,7.51070000,0.12184000,,true
9488,6,WFA,F,,202,-0.09400000,7.52190000,0.12184000,,true
9489,6,WFA,F,,203,-0.09500000,7.53300000,0.12183000,,true
9490,6,WFA,F,,204,-0.09590000,7.54400000,0.12182000,,true
9491,6,WFA,F,,205,-0.09680000,7.55510000,0.12182000,,true
9492,6,WFA,F,,206,-0.09770000,7.56600000,0.12181000,,true
9493,6,WFA,F,,207,-0.09860000,7.57690000,0.12181000,,true
9494,6,WFA,F,,208,-0.09950000,7.58780000,0.12180000,,true
9495,6,WFA,F,,209,-0.10030000,7.59860000,0.12180000,,true
9496,6,WFA,F,,210,-0.10120000,7.60940000,0.12179000,,true
9497,6,WFA,F,,211,-0.10210000,7.62020000,0.12179000,,true
9498,6,WFA,F,,212,-0.10300000,7.63090000,0.12179000,,true
9499,6,WFA,F,,213,-0.10390000,7.64160000,0.12178000,,true
9500,6,WFA,F,,214,-0.10470000,7.65220000,0.12178000,,true
9501,6,WFA,F,,215,-0.10560000,7.66280000,0.12178000,,true
9502,6,WFA,F,,216,-0.10650000,7.67330000,0.12177000,,true
9503,6,WFA,F,,217,-0.10730000,7.68380000,0.12177000,,true
9504,6,WFA,F,,218,-0.10820000,7.69430000,0.12177000,,true
9505,6,WFA,F,,219,-0.10900000,7.70470000,0.12177000,,true
9506,6,WFA,F,,220,-0.10990000,7.71510000,0.12177000,,true
9507,6,WFA,F,,221,-0.11070000,7.72540000,0.12177000,,true
9508,6,WFA,F,,222,-0.11160000,7.73570000,0.12177000,,true
9509,6,WFA,F,,223,-0.11240000,7.74600000,0.12176000,,true
9510,6,WFA,F,,224,-0.11320000,7.75620000,0.12176000,,true
9511,6,WFA,F,,225,-0.11410000,7.76640000,0.12176000,,true
9512,6,WFA,F,,226,-0.11490000,7.77660000,0.12176000,,true
9513,6,WFA,F,,227,-0.11570000,7.78670000,0.12177000,,true
9514,6,WFA,F,,228,-0.11650000,7.79680000,0.12177000,,true
9515,6,WFA,F,,229,-0.11730000,7.80680000,0.12177000,,true
9516,6,WFA,F,,230,-0.11810000,7.81690000,0.12177000,,true
9517,6,WFA,F,,231,-0.11900000,7.82680000,0.12177000,,true
9518,6,WFA,F,,232,-0.11980000,7.83680000,0.12177000,,true
9519,6,WFA,F,,233,-0.12060000,7.84670000,0.12177000,,true
9520,6,WFA,F,,234,-0.12140000,7.85660000,0.12178000,,true
9521,6,WFA,F,,235,-0.12220000,7.86640000,0.12178000,,true
9522,6,WFA,F,,236,-0.12290000,7.87620000,0.12178000,,true
9523,6,WFA,F,,237,-0.12370000,7.88600000,0.12178000,,true
9524,6,WFA,F,,238,-0.12450000,7.89570000,0.12179000,,true
9525,6,WFA,F,,239,-0.12530000,7.90540000,0.12179000,,true
9526,6,WFA,F,,240,-0.12610000,7.91510000,0.12179000,,true
9527,6,WFA,F,,241,-0.12690000,7.92470000,0.12180000,,true
9528,6,WFA,F,,242,-0.12760000,7.93430000,0.12180000,,true
9529,6,WFA,F,,243,-0.12840000,7.94390000,0.12180000,,true
9530,6,WFA,F,,244,-0.12920000,7.95340000,0.12181000,,true
9531,6,WFA,F,,245,-0.12990000,7.96290000,0.12181000,,true
9532,6,WFA,F,,246,-0.13070000,7.97240000,0.12182000,,true
9533,6,WFA,F,,247,-0.13140000,7.98190000,0.12182000,,true
9534,6,WFA,F,,248,-0.13220000,7.99130000,0.12182000,,true
9535,6,WFA,F,,249,-0.13290000,8.00070000,0.12183000,,true
9536,6,WFA,F,,250,-0.13370000,8.01000000,0.12183000,,true
9537,6,WFA,F,,251,-0.13440000,8.01930000,0.12184000,,true
9538,6,WFA,F,,252,-0.13520000,8.02860000,0.12185000,,true
9539,6,WFA,F,,253,-0.13590000,8.03790000,0.12185000,,true
9540,6,WFA,F,,254,-0.13670000,8.04710000,0.12186000,,true
9541,6,WFA,F,,255,-0.13740000,8.05630000,0.12186000,,true
9542,6,WFA,F,,256,-0.13810000,8.06550000,0.12187000,,true
9543,6,WFA,F,,257,-0.13880000,8.07460000,0.12187000,,true
9544,6,WFA,F,,258,-0.13960000,8.08370000,0.12188000,,true
9545,6,WFA,F,,259,-0.14030000,8.09280000,0.12189000,,true
9546,6,WFA,F,,260,-0.14100000,8.10190000,0.12189000,,true
9547,6,WFA,F,,261,-0.14170000,8.11090000,0.12190000,,true
9548,6,WFA,F,,262,-0.14240000,8.11990000,0.12190000,,true
9549,6,WFA,F,,263,-0.14310000,8.12890000,0.12191000,,true
9550,6,WFA,F,,264,-0.14380000,8.13780000,0.12192000,,true
9551,6,WFA,F,,265,-0.14450000,8.14680000,0.12192000,,true
9552,6,WFA,F,,266,-0.14520000,8.15570000,0.12193000,,true
9553,6,WFA,F,,267,-0.14590000,8.16450000,0.12194000,,true
9554,6,WFA,F,,268,-0.14660000,8.17340000,0.12194000,,true
9555,6,WFA,F,,269,-0.14730000,8.18220000,0.12195000,,true
9556,6,WFA,F,,270,-0.14800000,8.19100000,0.12196000,,true
9557,6,WFA,F,,271,-0.14870000,8.19980000,0.12197000,,true
9558,6,WFA,F,,272,-0.14940000,8.20850000,0.12197000,,true
9559,6,WFA,F,,273,-0.15010000,8.21720000,0.12198000,,true
9560,6,WFA,F,,274,-0.15070000,8.22590000,0.12199000,,true
9561,6,WFA,F,,275,-0.15140000,8.23460000,0.12199000,,true
9562,6,WFA,F,,276,-0.15210000,8.24320000,0.12200000,,true
9563,6,WFA,F,,277,-0.15280000,8.25190000,0.12201000,,true
9564,6,WFA,F,,278,-0.15340000,8.26050000,0.12202000,,true
9565,6,WFA,F,,279,-0.15410000,8.26900000,0.12202000,,true
9566,6,WFA,F,,280,-0.15470000,8.27760000,0.12203000,,true
9567,6,WFA,F,,281,-0.15540000,8.28610000,0.12204000,,true
9568,6,WFA,F,,282,-0.15610000,8.29460000,0.12205000,,true
9569,6,WFA,F,,283,-0.15670000,8.30310000,0.12206000,,true
9570,6,WFA,F,,284,-0.15740000,8.31160000,0.12206000,,true
9571,6,WFA,F,,285,-0.15800000,8.32010000,0.12207000,,true
9572,6,WFA,F,,286,-0.15870000,8.32850000,0.12208000,,true
9573,6,WFA,F,,287,-0.15930000,8.33690000,0.12209000,,true
9574,6,WFA,F,,288,-0.15990000,8.34530000,0.12209000,,true
9575,6,WFA,F,,289,-0.16060000,8.35360000,0.12210000,,true
9576,6,WFA,F,,290,-0.16120000,8.36200000,0.12211000,,true
9577,6,WFA,F,,291,-0.16180000,8.37030000,0.12212000,,true
9578,6,WFA,F,,292,-0.16250000,8.37860000,0.12213000,,true
9579,6,WFA,F,,293,-0.16310000,8.38690000,0.12213000,,true
9580,6,WFA,F,,294,-0.16370000,8.39520000,0.12214000,,true
9581,6,WFA,F,,295,-0.16430000,8.40350000,0.12215000,,true
9582,6,WFA,F,,296,-0.16500000,8.41170000,0.12216000,,true
9583,6,WFA,F,,297,-0.16560000,8.41990000,0.12217000,,true
9584,6,WFA,F,,298,-0.16620000,8.42810000,0.12218000,,true
9585,6,WFA,F,,299,-0.16680000,8.43630000,0.12218000,,true
9586,6,WFA,F,,300,-0.16740000,8.44450000,0.12219000,,true
9587,6,WFA,F,,301,-0.16800000,8.45260000,0.12220000,,true
9588,6,WFA,F,,302,-0.16860000,8.46070000,0.12221000,,true
9589,6,WFA,F,,303,-0.16920000,8.46880000,0.12222000,,true
9590,6,WFA,F,,304,-0.16980000,8.47690000,0.12222000,,true
9591,6,WFA,F,,305,-0.17040000,8.48500000,0.12223000,,true
9592,6,WFA,F,,306,-0.17100000,8.49310000,0.12224000,,true
9593,6,WFA,F,,307,-0.17160000,8.50110000,0.12225000,,true
9594,6,WFA,F,,308,-0.17220000,8.50920000,0.12226000,,true
9595,6,WFA,F,,309,-0.17280000,8.51720000,0.12227000,,true
9596,6,WFA,F,,310,-0.17340000,8.52520000,0.12227000,,true
9597,6,WFA,F,,311,-0.17400000,8.53320000,0.12228000,,true
9598,6,WFA,F,,312,-0.17450000,8.54110000,0.12229000,,true
9599,6,WFA,F,,313,-0.17510000,8.54910000,0.12230000,,true
9600,6,WFA,F,,314,-0.17570000,8.55700000,0.12231000,,true
9601,6,WFA,F,,315,-0.17630000,8.56500000,0.12231000,,true
9602,6,WFA,F,,316,-0.17680000,8.57290000,0.12232000,,true
9603,6,WFA,F,,317,-0.17740000,8.58080000,0.12233000,,true
9604,6,WFA,F,,318,-0.17800000,8.58870000,0.12234000,,true
9605,6,WFA,F,,319,-0.17850000,8.59650000,0.12235000,,true
9606,6,WFA,F,,320,-0.17910000,8.60440000,0.12235000,,true
9607,6,WFA,F,,321,-0.17970000,8.61220000,0.12236000,,true
9608,6,WFA,F,,322,-0.18020000,8.62010000,0.12237000,,true
9609,6,WFA,F,,323,-0.18080000,8.62790000,0.12238000,,true
9610,6,WFA,F,,324,-0.18130000,8.63570000,0.12239000,,true
9611,6,WFA,F,,325,-0.18190000,8.64350000,0.12239000,,true
9612,6,WFA,F,,326,-0.18240000,8.65120000,0.12240000,,true
9613,6,WFA,F,,327,-0.18300000,8.65900000,0.12241000,,true
9614,6,WFA,F,,328,-0.18350000,8.66670000,0.12242000,,true
9615,6,WFA,F,,329,-0.18410000,8.67450000,0.12243000,,true
9616,6,WFA,F,,330,-0.18460000,8.68220000,0.12243000,,true
9617,6,WFA,F,,331,-0.18510000,8.68990000,0.12244000,,true
9618,6,WFA,F,,332,-0.18570000,8.69760000,0.12245000,,true
9619,6,WFA,F,,333,-0.18620000,8.70530000,0.12246000,,true
9620,6,WFA,F,,334,-0.18670000,8.71300000,0.12246000,,true
9621,6,WFA,F,,335,-0.18730000,8.72070000,0.12247000,,true
9622,6,WFA,F,,336,-0.18780000,8.72830000,0.12248000,,true
9623,6,WFA,F,,337,-0.18830000,8.73600000,0.12249000,,true
9624,6,WFA,F,,338,-0.18890000,8.74360000,0.12249000,,true
9625,6,WFA,F,,339,-0.18940000,8.75120000,0.12250000,,true
9626,6,WFA,F,,340,-0.18990000,8.75880000,0.12251000,,true
9627,6,WFA,F,,341,-0.19040000,8.76640000,0.12252000,,true
9628,6,WFA,F,,342,-0.19090000,8.77400000,0.12252000,,true
9629,6,WFA,F,,343,-0.19140000,8.78160000,0.12253000,,true
9630,6,WFA,F,,344,-0.19200000,8.78920000,0.12254000,,true
9631,6,WFA,F,,345,-0.19250000,8.79680000,0.12254000,,true
9632,6,WFA,F,,346,-0.19300000,8.80430000,0.12255000,,true
9633,6,WFA,F,,347,-0.19350000,8.81190000,0.12256000,,true
9634,6,WFA,F,,348,-0.19400000,8.81940000,0.12256000,,true
9635,6,WFA,F,,349,-0.19450000,8.82690000,0.12257000,,true
9636,6,WFA,F,,350,-0.19500000,8.83440000,0.12258000,,true
9637,6,WFA,F,,351,-0.19550000,8.84200000,0.12259000,,true
9638,6,WFA,F,,352,-0.19600000,8.84950000,0.12259000,,true
9639,6,WFA,F,,353,-0.19650000,8.85690000,0.12260000,,true
9640,6,WFA,F,,354,-0.19700000,8.86440000,0.12261000,,true
9641,6,WFA,F,,355,-0.19740000,8.87190000,0.12261000,,true
9642,6,WFA,F,,356,-0.19790000,8.87940000,0.12262000,,true
9643,6,WFA,F,,357,-0.19840000,8.88680000,0.12262000,,true
9644,6,WFA,F,,358,-0.19890000,8.89430000,0.12263000,,true
9645,6,WFA,F,,359,-0.19940000,8.90170000,0.12264000,,true
9646,6,WFA,F,,360,-0.19990000,8.90920000,0.12264000,,true
9647,6,WFA,F,,361,-0.20030000,8.91660000,0.12265000,,true
9648,6,WFA,F,,362,-0.20080000,8.92400000,0.12266000,,true
9649,6,WFA,F,,363,-0.20130000,8.93140000,0.12266000,,true
9650,6,WFA,F,,364,-0.20180000,8.93880000,0.12267000,,true
9651,6,WFA,F,,365,-0.20220000,8.94620000,0.12267000,,true
9652,6,WFA,F,,366,-0.20270000,8.95360000,0.12268000,,true
9653,6,WFA,F,,367,-0.20320000,8.96100000,0.12269000,,true
9654,6,WFA,F,,368,-0.20360000,8.96840000,0.12269000,,true
9655,6,WFA,F,,369,-0.20410000,8.97570000,0.12270000,,true
9656,6,WFA,F,,370,-0.20460000,8.98310000,0.12270000,,true
9657,6,WFA,F,,371,-0.20500000,8.99040000,0.12271000,,true
9658,6,WFA,F,,372,-0.20550000,8.99780000,0.12272000,,true
9659,6,WFA,F,,373,-0.20590000,9.00510000,0.12272000,,true
9660,6,WFA,F,,374,-0.20640000,9.01250000,0.12273000,,true
9661,6,WFA,F,,375,-0.20680000,9.01980000,0.12273000,,true
9662,6,WFA,F,,376,-0.20730000,9.02710000,0.12274000,,true
9663,6,WFA,F,,377,-0.20770000,9.03440000,0.12274000,,true
9664,6,WFA,F,,378,-0.20820000,9.04170000,0.12275000,,true
9665,6,WFA,F,,379,-0.20860000,9.04900000,0.12275000,,true
9666,6,WFA,F,,380,-0.20910000,9.05630000,0.12276000,,true
9667,6,WFA,F,,381,-0.20950000,9.06360000,0.12276000,,true
9668,6,WFA,F,,382,-0.21000000,9.07090000,0.12277000,,true
9669,6,WFA,F,,383,-0.21040000,9.07820000,0.12277000,,true
9670,6,WFA,F,,384,-0.21080000,9.08540000,0.12278000,,true
9671,6,WFA,F,,385,-0.21130000,9.09270000,0.12278000,,true
9672,6,WFA,F,,386,-0.21170000,9.09990000,0.12279000,,true
9673,6,WFA,F,,387,-0.21210000,9.10720000,0.12279000,,true
9674,6,WFA,F,,388,-0.21260000,9.11440000,0.12280000,,true
9675,6,WFA,F,,389,-0.21300000,9.12170000,0.12280000,,true
9676,6,WFA,F,,390,-0.21340000,9.12890000,0.12281000,,true
9677,6,WFA,F,,391,-0.21390000,9.13610000,0.12281000,,true
9678,6,WFA,F,,392,-0.21430000,9.14340000,0.12282000,,true
9679,6,WFA,F,,393,-0.21470000,9.15060000,0.12282000,,true
9680,6,WFA,F,,394,-0.21510000,9.15780000,0.12282000,,true
9681,6,WFA,F,,395,-0.21550000,9.16500000,0.12283000,,true
9682,6,WFA,F,,396,-0.21600000,9.17220000,0.12283000,,true
9683,6,WFA,F,,397,-0.21640000,9.17940000,0.12284000,,true
9684,6,WFA,F,,398,-0.21680000,9.18660000,0.12284000,,true
9685,6,WFA,F,,399,-0.21720000,9.19380000,0.12285000,,true
9686,6,WFA,F,,400,-0.21760000,9.20090000,0.12285000,,true
9687,6,WFA,F,,401,-0.21800000,9.20810000,0.12285000,,true
9688,6,WFA,F,,402,-0.21840000,9.21530000,0.12286000,,true
9689,6,WFA,F,,403,-0.21880000,9.22250000,0.12286000,,true
9690,6,WFA,F,,404,-0.21920000,9.22960000,0.12287000,,true
9691,6,WFA,F,,405,-0.21960000,9.23680000,0.12287000,,true
9692,6,WFA,F,,406,-0.22000000,9.24390000,0.12287000,,true
9693,6,WFA,F,,407,-0.22040000,9.25110000,0.12288000,,true
9694,6,WFA,F,,408,-0.22080000,9.25820000,0.12288000,,true
9695,6,WFA,F,,409,-0.22120000,9.26540000,0.12288000,,true
9696,6,WFA,F,,410,-0.22160000,9.27250000,0.12289000,,true
9697,6,WFA,F,,411,-0.22200000,9.27960000,0.12289000,,true
9698,6,WFA,F,,412,-0.22240000,9.28670000,0.12289000,,true
9699,6,WFA,F,,413,-0.22280000,9.29390000,0.12290000,,true
9700,6,WFA,F,,414,-0.22320000,9.30100000,0.12290000,,true
9701,6,WFA,F,,415,-0.22360000,9.30810000,0.12290000,,true
9702,6,WFA,F,,416,-0.22400000,9.31520000,0.12291000,,true
9703,6,WFA,F,,417,-0.22430000,9.32230000,0.12291000,,true
9704,6,WFA,F,,418,-0.22470000,9.32940000,0.12291000,,true
9705,6,WFA,F,,419,-0.22510000,9.33650000,0.12292000,,true
9706,6,WFA,F,,420,-0.22550000,9.34360000,0.12292000,,true
9707,6,WFA,F,,421,-0.22590000,9.35070000,0.12292000,,true
9708,6,WFA,F,,422,-0.22620000,9.35780000,0.12292000,,true
9709,6,WFA,F,,423,-0.22660000,9.36490000,0.12293000,,true
9710,6,WFA,F,,424,-0.22700000,9.37200000,0.12293000,,true
9711,6,WFA,F,,425,-0.22740000,9.37900000,0.12293000,,true
9712,6,WFA,F,,426,-0.22770000,9.38610000,0.12294000,,true
9713,6,WFA,F,,427,-0.22810000,9.39320000,0.12294000,,true
9714,6,WFA,F,,428,-0.22850000,9.40020000,0.12294000,,true
9715,6,WFA,F,,429,-0.22880000,9.40730000,0.12294000,,true
9716,6,WFA,F,,430,-0.22920000,9.41440000,0.12295000,,true
9717,6,WFA,F,,431,-0.22960000,9.42140000,0.12295000,,true
9718,6,WFA,F,,432,-0.22990000,9.42850000,0.12295000,,true
9719,6,WFA,F,,433,-0.23030000,9.43550000,0.12295000,,true
9720,6,WFA,F,,434,-0.23070000,9.44260000,0.12295000,,true
9721,6,WFA,F,,435,-0.23100000,9.44960000,0.12296000,,true
9722,6,WFA,F,,436,-0.23140000,9.45670000,0.12296000,,true
9723,6,WFA,F,,437,-0.23170000,9.46370000,0.12296000,,true
9724,6,WFA,F,,438,-0.23210000,9.47070000,0.12296000,,true
9725,6,WFA,F,,439,-0.23240000,9.47780000,0.12296000,,true
9726,6,WFA,F,,440,-0.23280000,9.48480000,0.12297000,,true
9727,6,WFA,F,,441,-0.23310000,9.49180000,0.12297000,,true
9728,6,WFA,F,,442,-0.23350000,9.49880000,0.12297000,,true
9729,6,WFA,F,,443,-0.23380000,9.50580000,0.12297000,,true
9730,6,WFA,F,,444,-0.23420000,9.51290000,0.12297000,,true
9731,6,WFA,F,,445,-0.23450000,9.51990000,0.12298000,,true
9732,6,WFA,F,,446,-0.23490000,9.52690000,0.12298000,,true
9733,6,WFA,F,,447,-0.23520000,9.53390000,0.12298000,,true
9734,6,WFA,F,,448,-0.23550000,9.54090000,0.12298000,,true
9735,6,WFA,F,,449,-0.23590000,9.54790000,0.12298000,,true
9736,6,WFA,F,,450,-0.23620000,9.55490000,0.12298000,,true
9737,6,WFA,F,,451,-0.23660000,9.56190000,0.12299000,,true
9738,6,WFA,F,,452,-0.23690000,9.56890000,0.12299000,,true
9739,6,WFA,F,,453,-0.23720000,9.57590000,0.12299000,,true
9740,6,WFA,F,,454,-0.23760000,9.58290000,0.12299000,,true
9741,6,WFA,F,,455,-0.23790000,9.58980000,0.12299000,,true
9742,6,WFA,F,,456,-0.23820000,9.59680000,0.12299000,,true
9743,6,WFA,F,,457,-0.23850000,9.60380000,0.12299000,,true
9744,6,WFA,F,,458,-0.23890000,9.61080000,0.12300000,,true
9745,6,WFA,F,,459,-0.23920000,9.61780000,0.12300000,,true
9746,6,WFA,F,,460,-0.23950000,9.62470000,0.12300000,,true
9747,6,WFA,F,,461,-0.23980000,9.63170000,0.12300000,,true
9748,6,WFA,F,,462,-0.24020000,9.63870000,0.12300000,,true
9749,6,WFA,F,,463,-0.24050000,9.64570000,0.12300000,,true
9750,6,WFA,F,,464,-0.24080000,9.65260000,0.12300000,,true
9751,6,WFA,F,,465,-0.24110000,9.65960000,0.12300000,,true
9752,6,WFA,F,,466,-0.24140000,9.66650000,0.12301000,,true
9753,6,WFA,F,,467,-0.24180000,9.67350000,0.12301000,,true
9754,6,WFA,F,,468,-0.24210000,9.68050000,0.12301000,,true
9755,6,WFA,F,,469,-0.24240000,9.68740000,0.12301000,,true
9756,6,WFA,F,,470,-0.24270000,9.69440000,0.12301000,,true
9757,6,WFA,F,,471,-0.24300000,9.70130000,0.12301000,,true
9758,6,WFA,F,,472,-0.24330000,9.70830000,0.12301000,,true
9759,6,WFA,F,,473,-0.24360000,9.71520000,0.12301000,,true
9760,6,WFA,F,,474,-0.24390000,9.72220000,0.12301000,,true
9761,6,WFA,F,,475,-0.24420000,9.72910000,0.12302000,,true
9762,6,WFA,F,,476,-0.24460000,9.73610000,0.12302000,,true
9763,6,WFA,F,,477,-0.24490000,9.74300000,0.12302000,,true
9764,6,WFA,F,,478,-0.24520000,9.75000000,0.12302000,,true
9765,6,WFA,F,,479,-0.24550000,9.75690000,0.12302000,,true
9766,6,WFA,F,,480,-0.24580000,9.76380000,0.12302000,,true
9767,6,WFA,F,,481,-0.24610000,9.77080000,0.12302000,,true
9768,6,WFA,F,,482,-0.24640000,9.77770000,0.12302000,,true
9769,6,WFA,F,,483,-0.24670000,9.78460000,0.12302000,,true
9770,6,WFA,F,,484,-0.24700000,9.79160000,0.12302000,,true
9771,6,WFA,F,,485,-0.24720000,9.79850000,0.12303000,,true
9772,6,WFA,F,,486,-0.24750000,9.80540000,0.12303000,,true
9773,6,WFA,F,,487,-0.24780000,9.81240000,0.12303000,,true
9774,6,WFA,F,,488,-0.24810000,9.81930000,0.12303000,,true
9775,6,WFA,F,,489,-0.24840000,9.82620000,0.12303000,,true
9776,6,WFA,F,,490,-0.24870000,9.83310000,0.12303000,,true
9777,6,WFA,F,,491,-0.24900000,9.84010000,0.12303000,,true
9778,6,WFA,F,,492,-0.24930000,9.84700000,0.12303000,,true
9779,6,WFA,F,,493,-0.24960000,9.85390000,0.12303000,,true
9780,6,WFA,F,,494,-0.24990000,9.86080000,0.12303000,,true
9781,6,WFA,F,,495,-0.25010000,9.86770000,0.12303000,,true
9782,6,WFA,F,,496,-0.25040000,9.87460000,0.12304000,,true
9783,6,WFA,F,,497,-0.25070000,9.88160000,0.12304000,,true
9784,6,WFA,F,,498,-0.25100000,9.88850000,0.12304000,,true
9785,6,WFA,F,,499,-0.25130000,9.89540000,0.12304000,,true
9786,6,WFA,F,,500,-0.25150000,9.90230000,0.12304000,,true
9787,6,WFA,F,,501,-0.25180000,9.90920000,0.12304000,,true
9788,6,WFA,F,,502,-0.25210000,9.91610000,0.12304000,,true
9789,6,WFA,F,,503,-0.25240000,9.92300000,0.12304000,,true
9790,6,WFA,F,,504,-0.25260000,9.92990000,0.12304000,,true
9791,6,WFA,F,,505,-0.25290000,9.93680000,0.12304000,,true
9792,6,WFA,F,,506,-0.25320000,9.94370000,0.12304000,,true
9793,6,WFA,F,,507,-0.25350000,9.95060000,0.12305000,,true
9794,6,WFA,F,,508,-0.25370000,9.95750000,0.12305000,,true
9795,6,WFA,F,,509,-0.25400000,9.96440000,0.12305000,,true
9796,6,WFA,F,,510,-0.25430000,9.97130000,0.12305000,,true
9797,6,WFA,F,,511,-0.25450000,9.97820000,0.12305000,,true
9798,6,WFA,F,,512,-0.25480000,9.98510000,0.12305000,,true
9799,6,WFA,F,,513,-0.25510000,9.99200000,0.12305000,,true
9800,6,WFA,F,,514,-0.25530000,9.99890000,0.12305000,,true
9801,6,WFA,F,,515,-0.25560000,10.00580000,0.12305000,,true
9802,6,WFA,F,,516,-0.25580000,10.01270000,0.12305000,,true
9803,6,WFA,F,,517,-0.25610000,10.01960000,0.12305000,,true
9804,6,WFA,F,,518,-0.25640000,10.02650000,0.12306000,,true
9805,6,WFA,F,,519,-0.25660000,10.03340000,0.12306000,,true
9806,6,WFA,F,,520,-0.25690000,10.04020000,0.12306000,,true
9807,6,WFA,F,,521,-0.25710000,10.04710000,0.12306000,,true
9808,6,WFA,F,,522,-0.25740000,10.05400000,0.12306000,,true
9809,6,WFA,F,,523,-0.25770000,10.06090000,0.12306000,,true
9810,6,WFA,F,,524,-0.25790000,10.06780000,0.12306000,,true
9811,6,WFA,F,,525,-0.25820000,10.07460000,0.12306000,,true
9812,6,WFA,F,,526,-0.25840000,10.08150000,0.12306000,,true
9813,6,WFA,F,,527,-0.25870000,10.08840000,0.12307000,,true
9814,6,WFA,F,,528,-0.25890000,10.09530000,0.12307000,,true
9815,6,WFA,F,,529,-0.25920000,10.10210000,0.12307000,,true
9816,6,WFA,F,,530,-0.25940000,10.10900000,0.12307000,,true
9817,6,WFA,F,,531,-0.25970000,10.11590000,0.12307000,,true
9818,6,WFA,F,,532,-0.25990000,10.12270000,0.12307000,,true
9819,6,WFA,F,,533,-0.26010000,10.12960000,0.12307000,,true
9820,6,WFA,F,,534,-0.26040000,10.13650000,0.12307000,,true
9821,6,WFA,F,,535,-0.26060000,10.14330000,0.12308000,,true
9822,6,WFA,F,,536,-0.26090000,10.15020000,0.12308000,,true
9823,6,WFA,F,,537,-0.26110000,10.15700000,0.12308000,,true
9824,6,WFA,F,,538,-0.26140000,10.16390000,0.12308000,,true
9825,6,WFA,F,,539,-0.26160000,10.17070000,0.12308000,,true
9826,6,WFA,F,,540,-0.26180000,10.17760000,0.12308000,,true
9827,6,WFA,F,,541,-0.26210000,10.18450000,0.12308000,,true
9828,6,WFA,F,,542,-0.26230000,10.19130000,0.12309000,,true
9829,6,WFA,F,,543,-0.26250000,10.19820000,0.12309000,,true
9830,6,WFA,F,,544,-0.26280000,10.20500000,0.12309000,,true
9831,6,WFA,F,,545,-0.26300000,10.21190000,0.12309000,,true
9832,6,WFA,F,,546,-0.26320000,10.21870000,0.12309000,,true
9833,6,WFA,F,,547,-0.26350000,10.22550000,0.12309000,,true
9834,6,WFA,F,,548,-0.26370000,10.23240000,0.12309000,,true
9835,6,WFA,F,,549,-0.26390000,10.23920000,0.12310000,,true
9836,6,WFA,F,,550,-0.26420000,10.24610000,0.12310000,,true
9837,6,WFA,F,,551,-0.26440000,10.25290000,0.12310000,,true
9838,6,WFA,F,,552,-0.26460000,10.25970000,0.12310000,,true
9839,6,WFA,F,,553,-0.26490000,10.26660000,0.12310000,,true
9840,6,WFA,F,,554,-0.26510000,10.27340000,0.12310000,,true
9841,6,WFA,F,,555,-0.26530000,10.28030000,0.12311000,,true
9842,6,WFA,F,,556,-0.26550000,10.28710000,0.12311000,,true
9843,6,WFA,F,,557,-0.26580000,10.29390000,0.12311000,,true
9844,6,WFA,F,,558,-0.26600000,10.30080000,0.12311000,,true
9845,6,WFA,F,,559,-0.26620000,10.30760000,0.12311000,,true
9846,6,WFA,F,,560,-0.26640000,10.31440000,0.12311000,,true
9847,6,WFA,F,,561,-0.26660000,10.32130000,0.12312000,,true
9848,6,WFA,F,,562,-0.26690000,10.32810000,0.12312000,,true
9849,6,WFA,F,,563,-0.26710000,10.33490000,0.12312000,,true
9850,6,WFA,F,,564,-0.26730000,10.34170000,0.12312000,,true
9851,6,WFA,F,,565,-0.26750000,10.34860000,0.12312000,,true
9852,6,WFA,F,,566,-0.26770000,10.35540000,0.12313000,,true
9853,6,WFA,F,,567,-0.26790000,10.36220000,0.12313000,,true
9854,6,WFA,F,,568,-0.26820000,10.36900000,0.12313000,,true
9855,6,WFA,F,,569,-0.26840000,10.37590000,0.12313000,,true
9856,6,WFA,F,,570,-0.26860000,10.38270000,0.12313000,,true
9857,6,WFA,F,,571,-0.26880000,10.38950000,0.12314000,,true
9858,6,WFA,F,,572,-0.26900000,10.39630000,0.12314000,,true
9859,6,WFA,F,,573,-0.26920000,10.40310000,0.12314000,,true
9860,6,WFA,F,,574,-0.26940000,10.41000000,0.12314000,,true
9861,6,WFA,F,,575,-0.26960000,10.41680000,0.12314000,,true
9862,6,WFA,F,,576,-0.26980000,10.42360000,0.12315000,,true
9863,6,WFA,F,,577,-0.27000000,10.43040000,0.12315000,,true
9864,6,WFA,F,,578,-0.27020000,10.43720000,0.12315000,,true
9865,6,WFA,F,,579,-0.27050000,10.44400000,0.12315000,,true
9866,6,WFA,F,,580,-0.27070000,10.45080000,0.12316000,,true
9867,6,WFA,F,,581,-0.27090000,10.45770000,0.12316000,,true
9868,6,WFA,F,,582,-0.27110000,10.46450000,0.12316000,,true
9869,6,WFA,F,,583,-0.27130000,10.47130000,0.12316000,,true
9870,6,WFA,F,,584,-0.27150000,10.47810000,0.12316000,,true
9871,6,WFA,F,,585,-0.27170000,10.48490000,0.12317000,,true
9872,6,WFA,F,,586,-0.27190000,10.49170000,0.12317000,,true
9873,6,WFA,F,,587,-0.27210000,10.49850000,0.12317000,,true
9874,6,WFA,F,,588,-0.27230000,10.50530000,0.12317000,,true
9875,6,WFA,F,,589,-0.27250000,10.51210000,0.12318000,,true
9876,6,WFA,F,,590,-0.27270000,10.51890000,0.12318000,,true
9877,6,WFA,F,,591,-0.27290000,10.52570000,0.12318000,,true
9878,6,WFA,F,,592,-0.27300000,10.53250000,0.12319000,,true
9879,6,WFA,F,,593,-0.27320000,10.53930000,0.12319000,,true
9880,6,WFA,F,,594,-0.27340000,10.54610000,0.12319000,,true
9881,6,WFA,F,,595,-0.27360000,10.55290000,0.12319000,,true
9882,6,WFA,F,,596,-0.27380000,10.55970000,0.12320000,,true
9883,6,WFA,F,,597,-0.27400000,10.56650000,0.12320000,,true
9884,6,WFA,F,,598,-0.27420000,10.57330000,0.12320000,,true
9885,6,WFA,F,,599,-0.27440000,10.58010000,0.12320000,,true
9886,6,WFA,F,,600,-0.27460000,10.58690000,0.12321000,,true
9887,6,WFA,F,,601,-0.27480000,10.59370000,0.12321000,,true
9888,6,WFA,F,,602,-0.27500000,10.60050000,0.12321000,,true
9889,6,WFA,F,,603,-0.27510000,10.60730000,0.12322000,,true
9890,6,WFA,F,,604,-0.27530000,10.61410000,0.12322000,,true
9891,6,WFA,F,,605,-0.27550000,10.62090000,0.12322000,,true
9892,6,WFA,F,,606,-0.27570000,10.62770000,0.12323000,,true
9893,6,WFA,F,,607,-0.27590000,10.63450000,0.12323000,,true
9894,6,WFA,F,,608,-0.27610000,10.64130000,0.12323000,,true
9895,6,WFA,F,,609,-0.27630000,10.64810000,0.12324000,,true
9896,6,WFA,F,,610,-0.27640000,10.65490000,0.12324000,,true
9897,6,WFA,F,,611,-0.27660000,10.66170000,0.12324000,,true
9898,6,WFA,F,,612,-0.27680000,10.66850000,0.12325000,,true
9899,6,WFA,F,,613,-0.27700000,10.67530000,0.12325000,,true
9900,6,WFA,F,,614,-0.27720000,10.68210000,0.12325000,,true
9901,6,WFA,F,,615,-0.27730000,10.68890000,0.12326000,,true
9902,6,WFA,F,,616,-0.27750000,10.69570000,0.12326000,,true
9903,6,WFA,F,,617,-0.27770000,10.70250000,0.12326000,,true
9904,6,WFA,F,,618,-0.27790000,10.70930000,0.12327000,,true
9905,6,WFA,F,,619,-0.27800000,10.71610000,0.12327000,,true
9906,6,WFA,F,,620,-0.27820000,10.72290000,0.12327000,,true
9907,6,WFA,F,,621,-0.27840000,10.72970000,0.12328000,,true
9908,6,WFA,F,,622,-0.27860000,10.73650000,0.12328000,,true
9909,6,WFA,F,,623,-0.27870000,10.74330000,0.12328000,,true
9910,6,WFA,F,,624,-0.27890000,10.75010000,0.12329000,,true
9911,6,WFA,F,,625,-0.27910000,10.75690000,0.12329000,,true
9912,6,WFA,F,,626,-0.27930000,10.76370000,0.12330000,,true
9913,6,WFA,F,,627,-0.27940000,10.77050000,0.12330000,,true
9914,6,WFA,F,,628,-0.27960000,10.77730000,0.12330000,,true
9915,6,WFA,F,,629,-0.27980000,10.78410000,0.12331000,,true
9916,6,WFA,F,,630,-0.27990000,10.79090000,0.12331000,,true
9917,6,WFA,F,,631,-0.28010000,10.79770000,0.12332000,,true
9918,6,WFA,F,,632,-0.28030000,10.80450000,0.12332000,,true
9919,6,WFA,F,,633,-0.28040000,10.81130000,0.12332000,,true
9920,6,WFA,F,,634,-0.28060000,10.81810000,0.12333000,,true
9921,6,WFA,F,,635,-0.28080000,10.82490000,0.12333000,,true
9922,6,WFA,F,,636,-0.28090000,10.83170000,0.12334000,,true
9923,6,WFA,F,,637,-0.28110000,10.83850000,0.12334000,,true
9924,6,WFA,F,,638,-0.28130000,10.84530000,0.12335000,,true
9925,6,WFA,F,,639,-0.28140000,10.85210000,0.12335000,,true
9926,6,WFA,F,,640,-0.28160000,10.85890000,0.12336000,,true
9927,6,WFA,F,,641,-0.28180000,10.86570000,0.12336000,,true
9928,6,WFA,F,,642,-0.28190000,10.87250000,0.12336000,,true
9929,6,WFA,F,,643,-0.28210000,10.87930000,0.12337000,,true
9930,6,WFA,F,,644,-0.28220000,10.88610000,0.12337000,,true
9931,6,WFA,F,,645,-0.28240000,10.89290000,0.12338000,,true
9932,6,WFA,F,,646,-0.28260000,10.89970000,0.12338000,,true
9933,6,WFA,F,,647,-0.28270000,10.90650000,0.12339000,,true
9934,6,WFA,F,,648,-0.28290000,10.91330000,0.12339000,,true
9935,6,WFA,F,,649,-0.28300000,10.92020000,0.12340000,,true
9936,6,WFA,F,,650,-0.28320000,10.92700000,0.12340000,,true
9937,6,WFA,F,,651,-0.28340000,10.93380000,0.12341000,,true
9938,6,WFA,F,,652,-0.28350000,10.94060000,0.12341000,,true
9939,6,WFA,F,,653,-0.28370000,10.94740000,0.12342000,,true
9940,6,WFA,F,,654,-0.28380000,10.95420000,0.12342000,,true
9941,6,WFA,F,,655,-0.28400000,10.96100000,0.12343000,,true
9942,6,WFA,F,,656,-0.28410000,10.96790000,0.12343000,,true
9943,6,WFA,F,,657,-0.28430000,10.97470000,0.12344000,,true
9944,6,WFA,F,,658,-0.28440000,10.98150000,0.12344000,,true
9945,6,WFA,F,,659,-0.28460000,10.98830000,0.12345000,,true
9946,6,WFA,F,,660,-0.28470000,10.99510000,0.12345000,,true
9947,6,WFA,F,,661,-0.28490000,11.00190000,0.12346000,,true
9948,6,WFA,F,,662,-0.28500000,11.00880000,0.12346000,,true
9949,6,WFA,F,,663,-0.28520000,11.01560000,0.12347000,,true
9950,6,WFA,F,,664,-0.28530000,11.02240000,0.12347000,,true
9951,6,WFA,F,,665,-0.28550000,11.02920000,0.12348000,,true
9952,6,WFA,F,,666,-0.28560000,11.03600000,0.12348000,,true
9953,6,WFA,F,,667,-0.28580000,11.04290000,0.12349000,,true
9954,6,WFA,F,,668,-0.28590000,11.04970000,0.12350000,,true
9955,6,WFA,F,,669,-0.28610000,11.05650000,0.12350000,,true
9956,6,WFA,F,,670,-0.28620000,11.06330000,0.12351000,,true
9957,6,WFA,F,,671,-0.28640000,11.07020000,0.12351000,,true
9958,6,WFA,F,,672,-0.28650000,11.07700000,0.12352000,,true
9959,6,WFA,F,,673,-0.28660000,11.08380000,0.12352000,,true
9960,6,WFA,F,,674,-0.28680000,11.09060000,0.12353000,,true
9961,6,WFA,F,,675,-0.28690000,11.09750000,0.12353000,,true
9962,6,WFA,F,,676,-0.28710000,11.10430000,0.12354000,,true
9963,6,WFA,F,,677,-0.28720000,11.11110000,0.12355000,,true
9964,6,WFA,F,,678,-0.28740000,11.11800000,0.12355000,,true
9965,6,WFA,F,,679,-0.28750000,11.12480000,0.12356000,,true
9966,6,WFA,F,,680,-0.28760000,11.13160000,0.12356000,,true
9967,6,WFA,F,,681,-0.28780000,11.13840000,0.12357000,,true
9968,6,WFA,F,,682,-0.28790000,11.14530000,0.12358000,,true
9969,6,WFA,F,,683,-0.28810000,11.15210000,0.12358000,,true
9970,6,WFA,F,,684,-0.28820000,11.15890000,0.12359000,,true
9971,6,WFA,F,,685,-0.28830000,11.16580000,0.12359000,,true
9972,6,WFA,F,,686,-0.28850000,11.17260000,0.12360000,,true
9973,6,WFA,F,,687,-0.28860000,11.17950000,0.12361000,,true
9974,6,WFA,F,,688,-0.28870000,11.18630000,0.12361000,,true
9975,6,WFA,F,,689,-0.28890000,11.19310000,0.12362000,,true
9976,6,WFA,F,,690,-0.28900000,11.20000000,0.12362000,,true
9977,6,WFA,F,,691,-0.28910000,11.20680000,0.12363000,,true
9978,6,WFA,F,,692,-0.28930000,11.21370000,0.12364000,,true
9979,6,WFA,F,,693,-0.28940000,11.22050000,0.12364000,,true
9980,6,WFA,F,,694,-0.28950000,11.22730000,0.12365000,,true
9981,6,WFA,F,,695,-0.28970000,11.23420000,0.12366000,,true
9982,6,WFA,F,,696,-0.28980000,11.24100000,0.12366000,,true
9983,6,WFA,F,,697,-0.28990000,11.24790000,0.12367000,,true
9984,6,WFA,F,,698,-0.29010000,11.25470000,0.12367000,,true
9985,6,WFA,F,,699,-0.29020000,11.26160000,0.12368000,,true
9986,6,WFA,F,,700,-0.29030000,11.26840000,0.12369000,,true
9987,6,WFA,F,,701,-0.29050000,11.27530000,0.12369000,,true
9988,6,WFA,F,,702,-0.29060000,11.28210000,0.12370000,,true
9989,6,WFA,F,,703,-0.29070000,11.28890000,0.12371000,,true
9990,6,WFA,F,,704,-0.29090000,11.29580000,0.12371000,,true
9991,6,WFA,F,,705,-0.29100000,11.30260000,0.12372000,,true
9992,6,WFA,F,,706,-0.29110000,11.30950000,0.12373000,,true
9993,6,WFA,F,,707,-0.29120000,11.31630000,0.12373000,,true
9994,6,WFA,F,,708,-0.29140000,11.32320000,0.12374000,,true
9995,6,WFA,F,,709,-0.29150000,11.33000000,0.12375000,,true
9996,6,WFA,F,,710,-0.29160000,11.33690000,0.12375000,,true
9997,6,WFA,F,,711,-0.29170000,11.34380000,0.12376000,,true
9998,6,WFA,F,,712,-0.29190000,11.35060000,0.12377000,,true
9999,6,WFA,F,,713,-0.29200000,11.35750000,0.12377000,,true
10000,6,WFA,F,,714,-0.29210000,11.36430000,0.12378000,,true
10001,6,WFA,F,,715,-0.29220000,11.37120000,0.12379000,,true
10002,6,WFA,F,,716,-0.29240000,11.37800000,0.12379000,,true
10003,6,WFA,F,,717,-0.29250000,11.38490000,0.12380000,,true
10004,6,WFA,F,,718,-0.29260000,11.39170000,0.12381000,,true
10005,6,WFA,F,,719,-0.29270000,11.39860000,0.12382000,,true
10006,6,WFA,F,,720,-0.29280000,11.40550000,0.12382000,,true
10007,6,WFA,F,,721,-0.29300000,11.41230000,0.12383000,,true
10008,6,WFA,F,,722,-0.29310000,11.41920000,0.12384000,,true
10009,6,WFA,F,,723,-0.29320000,11.42600000,0.12384000,,true
10010,6,WFA,F,,724,-0.29330000,11.43290000,0.12385000,,true
10011,6,WFA,F,,725,-0.29340000,11.43970000,0.12386000,,true
10012,6,WFA,F,,726,-0.29360000,11.44660000,0.12387000,,true
10013,6,WFA,F,,727,-0.29370000,11.45350000,0.12387000,,true
10014,6,WFA,F,,728,-0.29380000,11.46030000,0.12388000,,true
10015,6,WFA,F,,729,-0.29390000,11.46720000,0.12389000,,true
10016,6,WFA,F,,730,-0.29400000,11.47410000,0.12389000,,true
10017,6,WFA,F,,731,-0.29420000,11.48090000,0.12390000,,true
10018,6,WFA,F,,732,-0.29430000,11.48780000,0.12391000,,true
10019,6,WFA,F,,733,-0.29440000,11.49460000,0.12392000,,true
10020,6,WFA,F,,734,-0.29450000,11.50150000,0.12392000,,true
10021,6,WFA,F,,735,-0.29460000,11.50840000,0.12393000,,true
10022,6,WFA,F,,736,-0.29470000,11.51520000,0.12394000,,true
10023,6,WFA,F,,737,-0.29480000,11.52210000,0.12395000,,true
10024,6,WFA,F,,738,-0.29500000,11.52900000,0.12395000,,true
10025,6,WFA,F,,739,-0.29510000,11.53580000,0.12396000,,true
10026,6,WFA,F,,740,-0.29520000,11.54270000,0.12397000,,true
10027,6,WFA,F,,741,-0.29530000,11.54960000,0.12398000,,true
10028,6,WFA,F,,742,-0.29540000,11.55640000,0.12399000,,true
10029,6,WFA,F,,743,-0.29550000,11.56330000,0.12399000,,true
10030,6,WFA,F,,744,-0.29560000,11.57020000,0.12400000,,true
10031,6,WFA,F,,745,-0.29570000,11.57700000,0.12401000,,true
10032,6,WFA,F,,746,-0.29590000,11.58390000,0.12402000,,true
10033,6,WFA,F,,747,-0.29600000,11.59070000,0.12402000,,true
10034,6,WFA,F,,748,-0.29610000,11.59760000,0.12403000,,true
10035,6,WFA,F,,749,-0.29620000,11.60450000,0.12404000,,true
10036,6,WFA,F,,750,-0.29630000,11.61130000,0.12405000,,true
10037,6,WFA,F,,751,-0.29640000,11.61820000,0.12406000,,true
10038,6,WFA,F,,752,-0.29650000,11.62510000,0.12406000,,true
10039,6,WFA,F,,753,-0.29660000,11.63190000,0.12407000,,true
10040,6,WFA,F,,754,-0.29670000,11.63880000,0.12408000,,true
10041,6,WFA,F,,755,-0.29680000,11.64560000,0.12409000,,true
10042,6,WFA,F,,756,-0.29690000,11.65250000,0.12410000,,true
10043,6,WFA,F,,757,-0.29700000,11.65940000,0.12410000,,true
10044,6,WFA,F,,758,-0.29720000,11.66620000,0.12411000,,true
10045,6,WFA,F,,759,-0.29730000,11.67310000,0.12412000,,true
10046,6,WFA,F,,760,-0.29740000,11.67990000,0.12413000,,true
10047,6,WFA,F,,761,-0.29750000,11.68680000,0.12414000,,true
10048,6,WFA,F,,762,-0.29760000,11.69370000,0.12415000,,true
10049,6,WFA,F,,763,-0.29770000,11.70050000,0.12415000,,true
10050,6,WFA,F,,764,-0.29780000,11.70740000,0.12416000,,true
10051,6,WFA,F,,765,-0.29790000,11.71420000,0.12417000,,true
10052,6,WFA,F,,766,-0.29800000,11.72110000,0.12418000,,true
10053,6,WFA,F,,767,-0.29810000,11.72790000,0.12419000,,true
10054,6,WFA,F,,768,-0.29820000,11.73480000,0.12420000,,true
10055,6,WFA,F,,769,-0.29830000,11.74160000,0.12421000,,true
10056,6,WFA,F,,770,-0.29840000,11.74850000,0.12421000,,true
10057,6,WFA,F,,771,-0.29850000,11.75530000,0.12422000,,true
10058,6,WFA,F,,772,-0.29860000,11.76220000,0.12423000,,true
10059,6,WFA,F,,773,-0.29870000,11.76900000,0.12424000,,true
10060,6,WFA,F,,774,-0.29880000,11.77590000,0.12425000,,true
10061,6,WFA,F,,775,-0.29890000,11.78270000,0.12426000,,true
10062,6,WFA,F,,776,-0.29900000,11.78960000,0.12427000,,true
10063,6,WFA,F,,777,-0.29910000,11.79640000,0.12428000,,true
10064,6,WFA,F,,778,-0.29920000,11.80330000,0.12429000,,true
10065,6,WFA,F,,779,-0.29930000,11.81010000,0.12429000,,true
10066,6,WFA,F,,780,-0.29940000,11.81700000,0.12430000,,true
10067,6,WFA,F,,781,-0.29950000,11.82380000,0.12431000,,true
10068,6,WFA,F,,782,-0.29960000,11.83070000,0.12432000,,true
10069,6,WFA,F,,783,-0.29970000,11.83750000,0.12433000,,true
10070,6,WFA,F,,784,-0.29980000,11.84430000,0.12434000,,true
10071,6,WFA,F,,785,-0.29990000,11.85120000,0.12435000,,true
10072,6,WFA,F,,786,-0.30000000,11.85800000,0.12436000,,true
10073,6,WFA,F,,787,-0.30010000,11.86480000,0.12437000,,true
10074,6,WFA,F,,788,-0.30020000,11.87170000,0.12438000,,true
10075,6,WFA,F,,789,-0.30030000,11.87850000,0.12439000,,true
10076,6,WFA,F,,790,-0.30040000,11.88530000,0.12440000,,true
10077,6,WFA,F,,791,-0.30050000,11.89220000,0.12441000,,true
10078,6,WFA,F,,792,-0.30060000,11.89900000,0.12441000,,true
10079,6,WFA,F,,793,-0.30070000,11.90580000,0.12442000,,true
10080,6,WFA,F,,794,-0.30070000,11.91260000,0.12443000,,true
10081,6,WFA,F,,795,-0.30080000,11.91940000,0.12444000,,true
10082,6,WFA,F,,796,-0.30090000,11.92630000,0.12445000,,true
10083,6,WFA,F,,797,-0.30100000,11.93310000,0.12446000,,true
10084,6,WFA,F,,798,-0.30110000,11.93990000,0.12447000,,true
10085,6,WFA,F,,799,-0.30120000,11.94670000,0.12448000,,true
10086,6,WFA,F,,800,-0.30130000,11.95350000,0.12449000,,true
10087,6,WFA,F,,801,-0.30140000,11.96030000,0.12450000,,true
10088,6,WFA,F,,802,-0.30150000,11.96710000,0.12451000,,true
10089,6,WFA,F,,803,-0.30160000,11.97390000,0.12452000,,true
10090,6,WFA,F,,804,-0.30170000,11.98080000,0.12453000,,true
10091,6,WFA,F,,805,-0.30180000,11.98760000,0.12454000,,true
10092,6,WFA,F,,806,-0.30190000,11.99440000,0.12455000,,true
10093,6,WFA,F,,807,-0.30190000,12.00110000,0.12456000,,true
10094,6,WFA,F,,808,-0.30200000,12.00790000,0.12457000,,true
10095,6,WFA,F,,809,-0.30210000,12.01470000,0.12458000,,true
10096,6,WFA,F,,810,-0.30220000,12.02150000,0.12459000,,true
10097,6,WFA,F,,811,-0.30230000,12.02830000,0.12460000,,true
10098,6,WFA,F,,812,-0.30240000,12.03510000,0.12461000,,true
10099,6,WFA,F,,813,-0.30250000,12.04190000,0.12462000,,true
10100,6,WFA,F,,814,-0.30260000,12.04870000,0.12463000,,true
10101,6,WFA,F,,815,-0.30270000,12.05540000,0.12465000,,true
10102,6,WFA,F,,816,-0.30270000,12.06220000,0.12466000,,true
10103,6,WFA,F,,817,-0.30280000,12.06900000,0.12467000,,true
10104,6,WFA,F,,818,-0.30290000,12.07580000,0.12468000,,true
10105,6,WFA,F,,819,-0.30300000,12.08250000,0.12469000,,true
10106,6,WFA,F,,820,-0.30310000,12.08930000,0.12470000,,true
10107,6,WFA,F,,821,-0.30320000,12.09610000,0.12471000,,true
10108,6,WFA,F,,822,-0.30330000,12.10280000,0.12472000,,true
10109,6,WFA,F,,823,-0.30330000,12.10960000,0.12473000,,true
10110,6,WFA,F,,824,-0.30340000,12.11630000,0.12474000,,true
10111,6,WFA,F,,825,-0.30350000,12.12310000,0.12475000,,true
10112,6,WFA,F,,826,-0.30360000,12.12980000,0.12476000,,true
10113,6,WFA,F,,827,-0.30370000,12.13660000,0.12477000,,true
10114,6,WFA,F,,828,-0.30380000,12.14330000,0.12479000,,true
10115,6,WFA,F,,829,-0.30390000,12.15000000,0.12480000,,true
10116,6,WFA,F,,830,-0.30390000,12.15680000,0.12481000,,true
10117,6,WFA,F,,831,-0.30400000,12.16350000,0.12482000,,true
10118,6,WFA,F,,832,-0.30410000,12.17020000,0.12483000,,true
10119,6,WFA,F,,833,-0.30420000,12.17700000,0.12484000,,true
10120,6,WFA,F,,834,-0.30430000,12.18370000,0.12485000,,true
10121,6,WFA,F,,835,-0.30440000,12.19040000,0.12486000,,true
10122,6,WFA,F,,836,-0.30440000,12.19710000,0.12487000,,true
10123,6,WFA,F,,837,-0.30450000,12.20390000,0.12489000,,true
10124,6,WFA,F,,838,-0.30460000,12.21060000,0.12490000,,true
10125,6,WFA,F,,839,-0.30470000,12.21730000,0.12491000,,true
10126,6,WFA,F,,840,-0.30480000,12.22400000,0.12492000,,true
10127,6,WFA,F,,841,-0.30480000,12.23070000,0.12493000,,true
10128,6,WFA,F,,842,-0.30490000,12.23740000,0.12494000,,true
10129,6,WFA,F,,843,-0.30500000,12.24410000,0.12495000,,true
10130,6,WFA,F,,844,-0.30510000,12.25080000,0.12497000,,true
10131,6,WFA,F,,845,-0.30520000,12.25750000,0.12498000,,true
10132,6,WFA,F,,846,-0.30520000,12.26420000,0.12499000,,true
10133,6,WFA,F,,847,-0.30530000,12.27090000,0.12500000,,true
10134,6,WFA,F,,848,-0.30540000,12.27750000,0.12501000,,true
10135,6,WFA,F,,849,-0.30550000,12.28420000,0.12503000,,true
10136,6,WFA,F,,850,-0.30560000,12.29090000,0.12504000,,true
10137,6,WFA,F,,851,-0.30560000,12.29760000,0.12505000,,true
10138,6,WFA,F,,852,-0.30570000,12.30420000,0.12506000,,true
10139,6,WFA,F,,853,-0.30580000,12.31090000,0.12507000,,true
10140,6,WFA,F,,854,-0.30590000,12.31760000,0.12509000,,true
10141,6,WFA,F,,855,-0.30590000,12.32420000,0.12510000,,true
10142,6,WFA,F,,856,-0.30600000,12.33090000,0.12511000,,true
10143,6,WFA,F,,857,-0.30610000,12.33750000,0.12512000,,true
10144,6,WFA,F,,858,-0.30620000,12.34420000,0.12513000,,true
10145,6,WFA,F,,859,-0.30630000,12.35080000,0.12515000,,true
10146,6,WFA,F,,860,-0.30630000,12.35750000,0.12516000,,true
10147,6,WFA,F,,861,-0.30640000,12.36410000,0.12517000,,true
10148,6,WFA,F,,862,-0.30650000,12.37070000,0.12518000,,true
10149,6,WFA,F,,863,-0.30660000,12.37740000,0.12520000,,true
10150,6,WFA,F,,864,-0.30660000,12.38400000,0.12521000,,true
10151,6,WFA,F,,865,-0.30670000,12.39060000,0.12522000,,true
10152,6,WFA,F,,866,-0.30680000,12.39730000,0.12523000,,true
10153,6,WFA,F,,867,-0.30690000,12.40390000,0.12525000,,true
10154,6,WFA,F,,868,-0.30690000,12.41050000,0.12526000,,true
10155,6,WFA,F,,869,-0.30700000,12.41710000,0.12527000,,true
10156,6,WFA,F,,870,-0.30710000,12.42370000,0.12528000,,true
10157,6,WFA,F,,871,-0.30720000,12.43030000,0.12530000,,true
10158,6,WFA,F,,872,-0.30720000,12.43690000,0.12531000,,true
10159,6,WFA,F,,873,-0.30730000,12.44350000,0.12532000,,true
10160,6,WFA,F,,874,-0.30740000,12.45010000,0.12533000,,true
10161,6,WFA,F,,875,-0.30740000,12.45670000,0.12535000,,true
10162,6,WFA,F,,876,-0.30750000,12.46330000,0.12536000,,true
10163,6,WFA,F,,877,-0.30760000,12.46990000,0.12537000,,true
10164,6,WFA,F,,878,-0.30770000,12.47650000,0.12539000,,true
10165,6,WFA,F,,879,-0.30770000,12.48310000,0.12540000,,true
10166,6,WFA,F,,880,-0.30780000,12.48960000,0.12541000,,true
10167,6,WFA,F,,881,-0.30790000,12.49620000,0.12543000,,true
10168,6,WFA,F,,882,-0.30800000,12.50280000,0.12544000,,true
10169,6,WFA,F,,883,-0.30800000,12.50930000,0.12545000,,true
10170,6,WFA,F,,884,-0.30810000,12.51590000,0.12547000,,true
10171,6,WFA,F,,885,-0.30820000,12.52250000,0.12548000,,true
10172,6,WFA,F,,886,-0.30820000,12.52900000,0.12549000,,true
10173,6,WFA,F,,887,-0.30830000,12.53560000,0.12551000,,true
10174,6,WFA,F,,888,-0.30840000,12.54210000,0.12552000,,true
10175,6,WFA,F,,889,-0.30850000,12.54870000,0.12553000,,true
10176,6,WFA,F,,890,-0.30850000,12.55520000,0.12555000,,true
10177,6,WFA,F,,891,-0.30860000,12.56170000,0.12556000,,true
10178,6,WFA,F,,892,-0.30870000,12.56830000,0.12557000,,true
10179,6,WFA,F,,893,-0.30870000,12.57480000,0.12559000,,true
10180,6,WFA,F,,894,-0.30880000,12.58130000,0.12560000,,true
10181,6,WFA,F,,895,-0.30890000,12.58790000,0.12561000,,true
10182,6,WFA,F,,896,-0.30890000,12.59440000,0.12563000,,true
10183,6,WFA,F,,897,-0.30900000,12.60090000,0.12564000,,true
10184,6,WFA,F,,898,-0.30910000,12.60740000,0.12566000,,true
10185,6,WFA,F,,899,-0.30910000,12.61390000,0.12567000,,true
10186,6,WFA,F,,900,-0.30920000,12.62040000,0.12568000,,true
10187,6,WFA,F,,901,-0.30930000,12.62690000,0.12570000,,true
10188,6,WFA,F,,902,-0.30930000,12.63340000,0.12571000,,true
10189,6,WFA,F,,903,-0.30940000,12.63990000,0.12573000,,true
10190,6,WFA,F,,904,-0.30950000,12.64640000,0.12574000,,true
10191,6,WFA,F,,905,-0.30950000,12.65290000,0.12575000,,true
10192,6,WFA,F,,906,-0.30960000,12.65940000,0.12577000,,true
10193,6,WFA,F,,907,-0.30970000,12.66590000,0.12578000,,true
10194,6,WFA,F,,908,-0.30970000,12.67230000,0.12580000,,true
10195,6,WFA,F,,909,-0.30980000,12.67880000,0.12581000,,true
10196,6,WFA,F,,910,-0.30990000,12.68530000,0.12583000,,true
10197,6,WFA,F,,911,-0.30990000,12.69180000,0.12584000,,true
10198,6,WFA,F,,912,-0.31000000,12.69820000,0.12585000,,true
10199,6,WFA,F,,913,-0.31010000,12.70470000,0.12587000,,true
10200,6,WFA,F,,914,-0.31010000,12.71110000,0.12588000,,true
10201,6,WFA,F,,915,-0.31020000,12.71760000,0.12590000,,true
10202,6,WFA,F,,916,-0.31030000,12.72400000,0.12591000,,true
10203,6,WFA,F,,917,-0.31030000,12.73050000,0.12593000,,true
10204,6,WFA,F,,918,-0.31040000,12.73690000,0.12594000,,true
10205,6,WFA,F,,919,-0.31050000,12.74340000,0.12596000,,true
10206,6,WFA,F,,920,-0.31050000,12.74980000,0.12597000,,true
10207,6,WFA,F,,921,-0.31060000,12.75630000,0.12599000,,true
10208,6,WFA,F,,922,-0.31070000,12.76270000,0.12600000,,true
10209,6,WFA,F,,923,-0.31070000,12.76910000,0.12602000,,true
10210,6,WFA,F,,924,-0.31080000,12.77550000,0.12603000,,true
10211,6,WFA,F,,925,-0.31090000,12.78200000,0.12605000,,true
10212,6,WFA,F,,926,-0.31090000,12.78840000,0.12606000,,true
10213,6,WFA,F,,927,-0.31100000,12.79480000,0.12608000,,true
10214,6,WFA,F,,928,-0.31100000,12.80120000,0.12609000,,true
10215,6,WFA,F,,929,-0.31110000,12.80760000,0.12611000,,true
10216,6,WFA,F,,930,-0.31120000,12.81400000,0.12612000,,true
10217,6,WFA,F,,931,-0.31120000,12.82040000,0.12614000,,true
10218,6,WFA,F,,932,-0.31130000,12.82680000,0.12615000,,true
10219,6,WFA,F,,933,-0.31140000,12.83320000,0.12617000,,true
10220,6,WFA,F,,934,-0.31140000,12.83960000,0.12618000,,true
10221,6,WFA,F,,935,-0.31150000,12.84600000,0.12620000,,true
10222,6,WFA,F,,936,-0.31160000,12.85240000,0.12621000,,true
10223,6,WFA,F,,937,-0.31160000,12.85880000,0.12623000,,true
10224,6,WFA,F,,938,-0.31170000,12.86510000,0.12625000,,true
10225,6,WFA,F,,939,-0.31170000,12.87150000,0.12626000,,true
10226,6,WFA,F,,940,-0.31180000,12.87790000,0.12628000,,true
10227,6,WFA,F,,941,-0.31190000,12.88430000,0.12629000,,true
10228,6,WFA,F,,942,-0.31190000,12.89060000,0.12631000,,true
10229,6,WFA,F,,943,-0.31200000,12.89700000,0.12632000,,true
10230,6,WFA,F,,944,-0.31200000,12.90330000,0.12634000,,true
10231,6,WFA,F,,945,-0.31210000,12.90970000,0.12636000,,true
10232,6,WFA,F,,946,-0.31220000,12.91610000,0.12637000,,true
10233,6,WFA,F,,947,-0.31220000,12.92240000,0.12639000,,true
10234,6,WFA,F,,948,-0.31230000,12.92880000,0.12640000,,true
10235,6,WFA,F,,949,-0.31230000,12.93510000,0.12642000,,true
10236,6,WFA,F,,950,-0.31240000,12.94150000,0.12644000,,true
10237,6,WFA,F,,951,-0.31250000,12.94780000,0.12645000,,true
10238,6,WFA,F,,952,-0.31250000,12.95410000,0.12647000,,true
10239,6,WFA,F,,953,-0.31260000,12.96050000,0.12648000,,true
10240,6,WFA,F,,954,-0.31260000,12.96680000,0.12650000,,true
10241,6,WFA,F,,955,-0.31270000,12.97320000,0.12652000,,true
10242,6,WFA,F,,956,-0.31280000,12.97950000,0.12653000,,true
10243,6,WFA,F,,957,-0.31280000,12.98580000,0.12655000,,true
10244,6,WFA,F,,958,-0.31290000,12.99210000,0.12656000,,true
10245,6,WFA,F,,959,-0.31290000,12.99850000,0.12658000,,true
10246,6,WFA,F,,960,-0.31300000,13.00480000,0.12660000,,true
10247,6,WFA,F,,961,-0.31310000,13.01110000,0.12661000,,true
10248,6,WFA,F,,962,-0.31310000,13.01740000,0.12663000,,true
10249,6,WFA,F,,963,-0.31320000,13.02370000,0.12665000,,true
10250,6,WFA,F,,964,-0.31320000,13.03000000,0.12666000,,true
10251,6,WFA,F,,965,-0.31330000,13.03630000,0.12668000,,true
10252,6,WFA,F,,966,-0.31340000,13.04270000,0.12670000,,true
10253,6,WFA,F,,967,-0.31340000,13.04900000,0.12671000,,true
10254,6,WFA,F,,968,-0.31350000,13.05530000,0.12673000,,true
10255,6,WFA,F,,969,-0.31350000,13.06160000,0.12675000,,true
10256,6,WFA,F,,970,-0.31360000,13.06790000,0.12676000,,true
10257,6,WFA,F,,971,-0.31360000,13.07420000,0.12678000,,true
10258,6,WFA,F,,972,-0.31370000,13.08040000,0.12680000,,true
10259,6,WFA,F,,973,-0.31380000,13.08670000,0.12681000,,true
10260,6,WFA,F,,974,-0.31380000,13.09300000,0.12683000,,true
10261,6,WFA,F,,975,-0.31390000,13.09930000,0.12685000,,true
10262,6,WFA,F,,976,-0.31390000,13.10560000,0.12687000,,true
10263,6,WFA,F,,977,-0.31400000,13.11190000,0.12688000,,true
10264,6,WFA,F,,978,-0.31400000,13.11820000,0.12690000,,true
10265,6,WFA,F,,979,-0.31410000,13.12450000,0.12692000,,true
10266,6,WFA,F,,980,-0.31420000,13.13070000,0.12693000,,true
10267,6,WFA,F,,981,-0.31420000,13.13700000,0.12695000,,true
10268,6,WFA,F,,982,-0.31430000,13.14330000,0.12697000,,true
10269,6,WFA,F,,983,-0.31430000,13.14960000,0.12699000,,true
10270,6,WFA,F,,984,-0.31440000,13.15580000,0.12700000,,true
10271,6,WFA,F,,985,-0.31440000,13.16210000,0.12702000,,true
10272,6,WFA,F,,986,-0.31450000,13.16840000,0.12704000,,true
10273,6,WFA,F,,987,-0.31450000,13.17460000,0.12706000,,true
10274,6,WFA,F,,988,-0.31460000,13.18090000,0.12707000,,true
10275,6,WFA,F,,989,-0.31470000,13.18720000,0.12709000,,true
10276,6,WFA,F,,990,-0.31470000,13.19340000,0.12711000,,true
10277,6,WFA,F,,991,-0.31480000,13.19970000,0.12713000,,true
10278,6,WFA,F,,992,-0.31480000,13.20590000,0.12714000,,true
10279,6,WFA,F,,993,-0.31490000,13.21220000,0.12716000,,true
10280,6,WFA,F,,994,-0.31490000,13.21850000,0.12718000,,true
10281,6,WFA,F,,995,-0.31500000,13.22470000,0.12720000,,true
10282,6,WFA,F,,996,-0.31500000,13.23100000,0.12721000,,true
10283,6,WFA,F,,997,-0.31510000,13.23720000,0.12723000,,true
10284,6,WFA,F,,998,-0.31520000,13.24350000,0.12725000,,true
10285,6,WFA,F,,999,-0.31520000,13.24970000,0.12727000,,true
10286,6,WFA,F,,1000,-0.31530000,13.25600000,0.12729000,,true
10287,6,WFA,F,,1001,-0.31530000,13.26220000,0.12730000,,true
10288,6,WFA,F,,1002,-0.31540000,13.26840000,0.12732000,,true
10289,6,WFA,F,,1003,-0.31540000,13.27470000,0.12734000,,true
10290,6,WFA,F,,1004,-0.31550000,13.28090000,0.12736000,,true
10291,6,WFA,F,,1005,-0.31550000,13.28720000,0.12738000,,true
10292,6,WFA,F,,1006,-0.31560000,13.29340000,0.12739000,,true
10293,6,WFA,F,,1007,-0.31560000,13.29960000,0.12741000,,true
10294,6,WFA,F,,1008,-0.31570000,13.30590000,0.12743000,,true
10295,6,WFA,F,,1009,-0.31580000,13.31210000,0.12745000,,true
10296,6,WFA,F,,1010,-0.31580000,13.31830000,0.12747000,,true
10297,6,WFA,F,,1011,-0.31590000,13.32460000,0.12749000,,true
10298,6,WFA,F,,1012,-0.31590000,13.33080000,0.12750000,,true
10299,6,WFA,F,,1013,-0.31600000,13.33700000,0.12752000,,true
10300,6,WFA,F,,1014,-0.31600000,13.34330000,0.12754000,,true
10301,6,WFA,F,,1015,-0.31610000,13.34950000,0.12756000,,true
10302,6,WFA,F,,1016,-0.31610000,13.35570000,0.12758000,,true
10303,6,WFA,F,,1017,-0.31620000,13.36190000,0.12760000,,true
10304,6,WFA,F,,1018,-0.31620000,13.36820000,0.12762000,,true
10305,6,WFA,F,,1019,-0.31630000,13.37440000,0.12763000,,true
10306,6,WFA,F,,1020,-0.31630000,13.38060000,0.12765000,,true
10307,6,WFA,F,,1021,-0.31640000,13.38680000,0.12767000,,true
10308,6,WFA,F,,1022,-0.31640000,13.39310000,0.12769000,,true
10309,6,WFA,F,,1023,-0.31650000,13.39930000,0.12771000,,true
10310,6,WFA,F,,1024,-0.31650000,13.40550000,0.12773000,,true
10311,6,WFA,F,,1025,-0.31660000,13.41170000,0.12775000,,true
10312,6,WFA,F,,1026,-0.31670000,13.41790000,0.12777000,,true
10313,6,WFA,F,,1027,-0.31670000,13.42420000,0.12779000,,true
10314,6,WFA,F,,1028,-0.31680000,13.43040000,0.12781000,,true
10315,6,WFA,F,,1029,-0.31680000,13.43660000,0.12782000,,true
10316,6,WFA,F,,1030,-0.31690000,13.44280000,0.12784000,,true
10317,6,WFA,F,,1031,-0.31690000,13.44900000,0.12786000,,true
10318,6,WFA,F,,1032,-0.31700000,13.45520000,0.12788000,,true
10319,6,WFA,F,,1033,-0.31700000,13.46140000,0.12790000,,true
10320,6,WFA,F,,1034,-0.31710000,13.46770000,0.12792000,,true
10321,6,WFA,F,,1035,-0.31710000,13.47390000,0.12794000,,true
10322,6,WFA,F,,1036,-0.31720000,13.48010000,0.12796000,,true
10323,6,WFA,F,,1037,-0.31720000,13.48630000,0.12798000,,true
10324,6,WFA,F,,1038,-0.31730000,13.49250000,0.12800000,,true
10325,6,WFA,F,,1039,-0.31730000,13.49870000,0.12802000,,true
10326,6,WFA,F,,1040,-0.31740000,13.50490000,0.12804000,,true
10327,6,WFA,F,,1041,-0.31740000,13.51110000,0.12806000,,true
10328,6,WFA,F,,1042,-0.31750000,13.51730000,0.12808000,,true
10329,6,WFA,F,,1043,-0.31750000,13.52350000,0.12810000,,true
10330,6,WFA,F,,1044,-0.31760000,13.52970000,0.12812000,,true
10331,6,WFA,F,,1045,-0.31760000,13.53590000,0.12814000,,true
10332,6,WFA,F,,1046,-0.31770000,13.54210000,0.12816000,,true
10333,6,WFA,F,,1047,-0.31770000,13.54830000,0.12818000,,true
10334,6,WFA,F,,1048,-0.31780000,13.55450000,0.12819000,,true
10335,6,WFA,F,,1049,-0.31780000,13.56070000,0.12821000,,true
10336,6,WFA,F,,1050,-0.31790000,13.56690000,0.12823000,,true
10337,6,WFA,F,,1051,-0.31790000,13.57310000,0.12825000,,true
10338,6,WFA,F,,1052,-0.31800000,13.57930000,0.12827000,,true
10339,6,WFA,F,,1053,-0.31800000,13.58550000,0.12829000,,true
10340,6,WFA,F,,1054,-0.31810000,13.59170000,0.12832000,,true
10341,6,WFA,F,,1055,-0.31810000,13.59790000,0.12834000,,true
10342,6,WFA,F,,1056,-0.31820000,13.60410000,0.12836000,,true
10343,6,WFA,F,,1057,-0.31820000,13.61030000,0.12838000,,true
10344,6,WFA,F,,1058,-0.31830000,13.61650000,0.12840000,,true
10345,6,WFA,F,,1059,-0.31830000,13.62270000,0.12842000,,true
10346,6,WFA,F,,1060,-0.31840000,13.62890000,0.12844000,,true
10347,6,WFA,F,,1061,-0.31840000,13.63510000,0.12846000,,true
10348,6,WFA,F,,1062,-0.31850000,13.64130000,0.12848000,,true
10349,6,WFA,F,,1063,-0.31850000,13.64750000,0.12850000,,true
10350,6,WFA,F,,1064,-0.31860000,13.65370000,0.12852000,,true
10351,6,WFA,F,,1065,-0.31860000,13.65990000,0.12854000,,true
10352,6,WFA,F,,1066,-0.31870000,13.66610000,0.12856000,,true
10353,6,WFA,F,,1067,-0.31870000,13.67230000,0.12858000,,true
10354,6,WFA,F,,1068,-0.31880000,13.67850000,0.12860000,,true
10355,6,WFA,F,,1069,-0.31880000,13.68470000,0.12862000,,true
10356,6,WFA,F,,1070,-0.31890000,13.69090000,0.12864000,,true
10357,6,WFA,F,,1071,-0.31890000,13.69710000,0.12866000,,true
10358,6,WFA,F,,1072,-0.31900000,13.70330000,0.12868000,,true
10359,6,WFA,F,,1073,-0.31900000,13.70950000,0.12871000,,true
10360,6,WFA,F,,1074,-0.31910000,13.71570000,0.12873000,,true
10361,6,WFA,F,,1075,-0.31910000,13.72180000,0.12875000,,true
10362,6,WFA,F,,1076,-0.31920000,13.72800000,0.12877000,,true
10363,6,WFA,F,,1077,-0.31920000,13.73420000,0.12879000,,true
10364,6,WFA,F,,1078,-0.31930000,13.74040000,0.12881000,,true
10365,6,WFA,F,,1079,-0.31930000,13.74660000,0.12883000,,true
10366,6,WFA,F,,1080,-0.31940000,13.75280000,0.12885000,,true
10367,6,WFA,F,,1081,-0.31940000,13.75900000,0.12887000,,true
10368,6,WFA,F,,1082,-0.31950000,13.76520000,0.12890000,,true
10369,6,WFA,F,,1083,-0.31950000,13.77140000,0.12892000,,true
10370,6,WFA,F,,1084,-0.31960000,13.77760000,0.12894000,,true
10371,6,WFA,F,,1085,-0.31960000,13.78380000,0.12896000,,true
10372,6,WFA,F,,1086,-0.31970000,13.78990000,0.12898000,,true
10373,6,WFA,F,,1087,-0.31970000,13.79610000,0.12900000,,true
10374,6,WFA,F,,1088,-0.31980000,13.80230000,0.12902000,,true
10375,6,WFA,F,,1089,-0.31980000,13.80850000,0.12905000,,true
10376,6,WFA,F,,1090,-0.31980000,13.81470000,0.12907000,,true
10377,6,WFA,F,,1091,-0.31990000,13.82090000,0.12909000,,true
10378,6,WFA,F,,1092,-0.31990000,13.82710000,0.12911000,,true
10379,6,WFA,F,,1093,-0.32000000,13.83330000,0.12913000,,true
10380,6,WFA,F,,1094,-0.32000000,13.83950000,0.12915000,,true
10381,6,WFA,F,,1095,-0.32010000,13.84560000,0.12918000,,true
10382,6,WFA,F,,1096,-0.32010000,13.85180000,0.12920000,,true
10383,6,WFA,F,,1097,-0.32020000,13.85800000,0.12922000,,true
10384,6,WFA,F,,1098,-0.32020000,13.86420000,0.12924000,,true
10385,6,WFA,F,,1099,-0.32030000,13.87040000,0.12926000,,true
10386,6,WFA,F,,1100,-0.32030000,13.87660000,0.12929000,,true
10387,6,WFA,F,,1101,-0.32040000,13.88280000,0.12931000,,true
10388,6,WFA,F,,1102,-0.32040000,13.88890000,0.12933000,,true
10389,6,WFA,F,,1103,-0.32050000,13.89510000,0.12935000,,true
10390,6,WFA,F,,1104,-0.32050000,13.90130000,0.12937000,,true
10391,6,WFA,F,,1105,-0.32060000,13.90750000,0.12940000,,true
10392,6,WFA,F,,1106,-0.32060000,13.91370000,0.12942000,,true
10393,6,WFA,F,,1107,-0.32070000,13.91990000,0.12944000,,true
10394,6,WFA,F,,1108,-0.32070000,13.92610000,0.12946000,,true
10395,6,WFA,F,,1109,-0.32080000,13.93220000,0.12948000,,true
10396,6,WFA,F,,1110,-0.32080000,13.93840000,0.12951000,,true
10397,6,WFA,F,,1111,-0.32080000,13.94460000,0.12953000,,true
10398,6,WFA,F,,1112,-0.32090000,13.95080000,0.12955000,,true
10399,6,WFA,F,,1113,-0.32090000,13.95700000,0.12957000,,true
10400,6,WFA,F,,1114,-0.32100000,13.96320000,0.12960000,,true
10401,6,WFA,F,,1115,-0.32100000,13.96930000,0.12962000,,true
10402,6,WFA,F,,1116,-0.32110000,13.97550000,0.12964000,,true
10403,6,WFA,F,,1117,-0.32110000,13.98170000,0.12967000,,true
10404,6,WFA,F,,1118,-0.32120000,13.98790000,0.12969000,,true
10405,6,WFA,F,,1119,-0.32120000,13.99410000,0.12971000,,true
10406,6,WFA,F,,1120,-0.32130000,14.00030000,0.12973000,,true
10407,6,WFA,F,,1121,-0.32130000,14.00640000,0.12976000,,true
10408,6,WFA,F,,1122,-0.32140000,14.01260000,0.12978000,,true
10409,6,WFA,F,,1123,-0.32140000,14.01880000,0.12980000,,true
10410,6,WFA,F,,1124,-0.32150000,14.02500000,0.12982000,,true
10411,6,WFA,F,,1125,-0.32150000,14.03120000,0.12985000,,true
10412,6,WFA,F,,1126,-0.32160000,14.03730000,0.12987000,,true
10413,6,WFA,F,,1127,-0.32160000,14.04350000,0.12989000,,true
10414,6,WFA,F,,1128,-0.32160000,14.04970000,0.12992000,,true
10415,6,WFA,F,,1129,-0.32170000,14.05590000,0.12994000,,true
10416,6,WFA,F,,1130,-0.32170000,14.06210000,0.12996000,,true
10417,6,WFA,F,,1131,-0.32180000,14.06820000,0.12999000,,true
10418,6,WFA,F,,1132,-0.32180000,14.07440000,0.13001000,,true
10419,6,WFA,F,,1133,-0.32190000,14.08060000,0.13003000,,true
10420,6,WFA,F,,1134,-0.32190000,14.08680000,0.13006000,,true
10421,6,WFA,F,,1135,-0.32200000,14.09300000,0.13008000,,true
10422,6,WFA,F,,1136,-0.32200000,14.09910000,0.13010000,,true
10423,6,WFA,F,,1137,-0.32210000,14.10530000,0.13013000,,true
10424,6,WFA,F,,1138,-0.32210000,14.11150000,0.13015000,,true
10425,6,WFA,F,,1139,-0.32220000,14.11770000,0.13017000,,true
10426,6,WFA,F,,1140,-0.32220000,14.12380000,0.13020000,,true
10427,6,WFA,F,,1141,-0.32220000,14.13000000,0.13022000,,true
10428,6,WFA,F,,1142,-0.32230000,14.13620000,0.13024000,,true
10429,6,WFA,F,,1143,-0.32230000,14.14240000,0.13027000,,true
10430,6,WFA,F,,1144,-0.32240000,14.14850000,0.13029000,,true
10431,6,WFA,F,,1145,-0.32240000,14.15470000,0.13032000,,true
10432,6,WFA,F,,1146,-0.32250000,14.16090000,0.13034000,,true
10433,6,WFA,F,,1147,-0.32250000,14.16710000,0.13036000,,true
10434,6,WFA,F,,1148,-0.32260000,14.17320000,0.13039000,,true
10435,6,WFA,F,,1149,-0.32260000,14.17940000,0.13041000,,true
10436,6,WFA,F,,1150,-0.32270000,14.18560000,0.13043000,,true
10437,6,WFA,F,,1151,-0.32270000,14.19170000,0.13046000,,true
10438,6,WFA,F,,1152,-0.32270000,14.19790000,0.13048000,,true
10439,6,WFA,F,,1153,-0.32280000,14.20410000,0.13051000,,true
10440,6,WFA,F,,1154,-0.32280000,14.21030000,0.13053000,,true
10441,6,WFA,F,,1155,-0.32290000,14.21640000,0.13055000,,true
10442,6,WFA,F,,1156,-0.32290000,14.22260000,0.13058000,,true
10443,6,WFA,F,,1157,-0.32300000,14.22880000,0.13060000,,true
10444,6,WFA,F,,1158,-0.32300000,14.23490000,0.13063000,,true
10445,6,WFA,F,,1159,-0.32310000,14.24110000,0.13065000,,true
10446,6,WFA,F,,1160,-0.32310000,14.24730000,0.13068000,,true
10447,6,WFA,F,,1161,-0.32320000,14.25340000,0.13070000,,true
10448,6,WFA,F,,1162,-0.32320000,14.25960000,0.13072000,,true
10449,6,WFA,F,,1163,-0.32320000,14.26580000,0.13075000,,true
10450,6,WFA,F,,1164,-0.32330000,14.27190000,0.13077000,,true
10451,6,WFA,F,,1165,-0.32330000,14.27810000,0.13080000,,true
10452,6,WFA,F,,1166,-0.32340000,14.28430000,0.13082000,,true
10453,6,WFA,F,,1167,-0.32340000,14.29040000,0.13085000,,true
10454,6,WFA,F,,1168,-0.32350000,14.29660000,0.13087000,,true
10455,6,WFA,F,,1169,-0.32350000,14.30280000,0.13090000,,true
10456,6,WFA,F,,1170,-0.32360000,14.30890000,0.13092000,,true
10457,6,WFA,F,,1171,-0.32360000,14.31510000,0.13095000,,true
10458,6,WFA,F,,1172,-0.32370000,14.32130000,0.13097000,,true
10459,6,WFA,F,,1173,-0.32370000,14.32740000,0.13099000,,true
10460,6,WFA,F,,1174,-0.32370000,14.33360000,0.13102000,,true
10461,6,WFA,F,,1175,-0.32380000,14.33970000,0.13104000,,true
10462,6,WFA,F,,1176,-0.32380000,14.34590000,0.13107000,,true
10463,6,WFA,F,,1177,-0.32390000,14.35210000,0.13109000,,true
10464,6,WFA,F,,1178,-0.32390000,14.35820000,0.13112000,,true
10465,6,WFA,F,,1179,-0.32400000,14.36440000,0.13114000,,true
10466,6,WFA,F,,1180,-0.32400000,14.37050000,0.13117000,,true
10467,6,WFA,F,,1181,-0.32410000,14.37670000,0.13119000,,true
10468,6,WFA,F,,1182,-0.32410000,14.38290000,0.13122000,,true
10469,6,WFA,F,,1183,-0.32410000,14.38900000,0.13124000,,true
10470,6,WFA,F,,1184,-0.32420000,14.39520000,0.13127000,,true
10471,6,WFA,F,,1185,-0.32420000,14.40130000,0.13129000,,true
10472,6,WFA,F,,1186,-0.32430000,14.40750000,0.13132000,,true
10473,6,WFA,F,,1187,-0.32430000,14.41360000,0.13134000,,true
10474,6,WFA,F,,1188,-0.32440000,14.41980000,0.13137000,,true
10475,6,WFA,F,,1189,-0.32440000,14.42590000,0.13140000,,true
10476,6,WFA,F,,1190,-0.32450000,14.43210000,0.13142000,,true
10477,6,WFA,F,,1191,-0.32450000,14.43820000,0.13145000,,true
10478,6,WFA,F,,1192,-0.32450000,14.44440000,0.13147000,,true
10479,6,WFA,F,,1193,-0.32460000,14.45050000,0.13150000,,true
10480,6,WFA,F,,1194,-0.32460000,14.45670000,0.13152000,,true
10481,6,WFA,F,,1195,-0.32470000,14.46280000,0.13155000,,true
10482,6,WFA,F,,1196,-0.32470000,14.46900000,0.13157000,,true
10483,6,WFA,F,,1197,-0.32480000,14.47510000,0.13160000,,true
10484,6,WFA,F,,1198,-0.32480000,14.48130000,0.13162000,,true
10485,6,WFA,F,,1199,-0.32490000,14.48740000,0.13165000,,true
10486,6,WFA,F,,1200,-0.32490000,14.49360000,0.13167000,,true
10487,6,WFA,F,,1201,-0.32490000,14.49970000,0.13170000,,true
10488,6,WFA,F,,1202,-0.32500000,14.50590000,0.13173000,,true
10489,6,WFA,F,,1203,-0.32500000,14.51200000,0.13175000,,true
10490,6,WFA,F,,1204,-0.32510000,14.51810000,0.13178000,,true
10491,6,WFA,F,,1205,-0.32510000,14.52430000,0.13180000,,true
10492,6,WFA,F,,1206,-0.32520000,14.53040000,0.13183000,,true
10493,6,WFA,F,,1207,-0.32520000,14.53660000,0.13185000,,true
10494,6,WFA,F,,1208,-0.32530000,14.54270000,0.13188000,,true
10495,6,WFA,F,,1209,-0.32530000,14.54880000,0.13191000,,true
10496,6,WFA,F,,1210,-0.32530000,14.55500000,0.13193000,,true
10497,6,WFA,F,,1211,-0.32540000,14.56110000,0.13196000,,true
10498,6,WFA,F,,1212,-0.32540000,14.56730000,0.13198000,,true
10499,6,WFA,F,,1213,-0.32550000,14.57340000,0.13201000,,true
10500,6,WFA,F,,1214,-0.32550000,14.57950000,0.13204000,,true
10501,6,WFA,F,,1215,-0.32560000,14.58570000,0.13206000,,true
10502,6,WFA,F,,1216,-0.32560000,14.59180000,0.13209000,,true
10503,6,WFA,F,,1217,-0.32570000,14.59790000,0.13211000,,true
10504,6,WFA,F,,1218,-0.32570000,14.60410000,0.13214000,,true
10505,6,WFA,F,,1219,-0.32570000,14.61020000,0.13217000,,true
10506,6,WFA,F,,1220,-0.32580000,14.61630000,0.13219000,,true
10507,6,WFA,F,,1221,-0.32580000,14.62250000,0.13222000,,true
10508,6,WFA,F,,1222,-0.32590000,14.62860000,0.13225000,,true
10509,6,WFA,F,,1223,-0.32590000,14.63470000,0.13227000,,true
10510,6,WFA,F,,1224,-0.32600000,14.64080000,0.13230000,,true
10511,6,WFA,F,,1225,-0.32600000,14.64700000,0.13232000,,true
10512,6,WFA,F,,1226,-0.32610000,14.65310000,0.13235000,,true
10513,6,WFA,F,,1227,-0.32610000,14.65920000,0.13238000,,true
10514,6,WFA,F,,1228,-0.32610000,14.66530000,0.13240000,,true
10515,6,WFA,F,,1229,-0.32620000,14.67150000,0.13243000,,true
10516,6,WFA,F,,1230,-0.32620000,14.67760000,0.13246000,,true
10517,6,WFA,F,,1231,-0.32630000,14.68370000,0.13248000,,true
10518,6,WFA,F,,1232,-0.32630000,14.68980000,0.13251000,,true
10519,6,WFA,F,,1233,-0.32640000,14.69600000,0.13254000,,true
10520,6,WFA,F,,1234,-0.32640000,14.70210000,0.13256000,,true
10521,6,WFA,F,,1235,-0.32640000,14.70820000,0.13259000,,true
10522,6,WFA,F,,1236,-0.32650000,14.71430000,0.13262000,,true
10523,6,WFA,F,,1237,-0.32650000,14.72040000,0.13264000,,true
10524,6,WFA,F,,1238,-0.32660000,14.72650000,0.13267000,,true
10525,6,WFA,F,,1239,-0.32660000,14.73270000,0.13269000,,true
10526,6,WFA,F,,1240,-0.32670000,14.73880000,0.13272000,,true
10527,6,WFA,F,,1241,-0.32670000,14.74490000,0.13275000,,true
10528,6,WFA,F,,1242,-0.32680000,14.75100000,0.13278000,,true
10529,6,WFA,F,,1243,-0.32680000,14.75710000,0.13280000,,true
10530,6,WFA,F,,1244,-0.32680000,14.76320000,0.13283000,,true
10531,6,WFA,F,,1245,-0.32690000,14.76930000,0.13286000,,true
10532,6,WFA,F,,1246,-0.32690000,14.77540000,0.13288000,,true
10533,6,WFA,F,,1247,-0.32700000,14.78160000,0.13291000,,true
10534,6,WFA,F,,1248,-0.32700000,14.78770000,0.13294000,,true
10535,6,WFA,F,,1249,-0.32710000,14.79380000,0.13296000,,true
10536,6,WFA,F,,1250,-0.32710000,14.79990000,0.13299000,,true
10537,6,WFA,F,,1251,-0.32710000,14.80600000,0.13302000,,true
10538,6,WFA,F,,1252,-0.32720000,14.81210000,0.13304000,,true
10539,6,WFA,F,,1253,-0.32720000,14.81820000,0.13307000,,true
10540,6,WFA,F,,1254,-0.32730000,14.82430000,0.13310000,,true
10541,6,WFA,F,,1255,-0.32730000,14.83040000,0.13312000,,true
10542,6,WFA,F,,1256,-0.32740000,14.83650000,0.13315000,,true
10543,6,WFA,F,,1257,-0.32740000,14.84260000,0.13318000,,true
10544,6,WFA,F,,1258,-0.32740000,14.84870000,0.13321000,,true
10545,6,WFA,F,,1259,-0.32750000,14.85480000,0.13323000,,true
10546,6,WFA,F,,1260,-0.32750000,14.86090000,0.13326000,,true
10547,6,WFA,F,,1261,-0.32760000,14.86700000,0.13329000,,true
10548,6,WFA,F,,1262,-0.32760000,14.87310000,0.13331000,,true
10549,6,WFA,F,,1263,-0.32770000,14.87920000,0.13334000,,true
10550,6,WFA,F,,1264,-0.32770000,14.88530000,0.13337000,,true
10551,6,WFA,F,,1265,-0.32780000,14.89130000,0.13339000,,true
10552,6,WFA,F,,1266,-0.32780000,14.89740000,0.13342000,,true
10553,6,WFA,F,,1267,-0.32780000,14.90350000,0.13345000,,true
10554,6,WFA,F,,1268,-0.32790000,14.90960000,0.13348000,,true
10555,6,WFA,F,,1269,-0.32790000,14.91570000,0.13350000,,true
10556,6,WFA,F,,1270,-0.32800000,14.92180000,0.13353000,,true
10557,6,WFA,F,,1271,-0.32800000,14.92790000,0.13356000,,true
10558,6,WFA,F,,1272,-0.32810000,14.93400000,0.13359000,,true
10559,6,WFA,F,,1273,-0.32810000,14.94000000,0.13361000,,true
10560,6,WFA,F,,1274,-0.32810000,14.94610000,0.13364000,,true
10561,6,WFA,F,,1275,-0.32820000,14.95220000,0.13367000,,true
10562,6,WFA,F,,1276,-0.32820000,14.95830000,0.13369000,,true
10563,6,WFA,F,,1277,-0.32830000,14.96440000,0.13372000,,true
10564,6,WFA,F,,1278,-0.32830000,14.97040000,0.13375000,,true
10565,6,WFA,F,,1279,-0.32840000,14.97650000,0.13378000,,true
10566,6,WFA,F,,1280,-0.32840000,14.98260000,0.13380000,,true
10567,6,WFA,F,,1281,-0.32840000,14.98870000,0.13383000,,true
10568,6,WFA,F,,1282,-0.32850000,14.99480000,0.13386000,,true
10569,6,WFA,F,,1283,-0.32850000,15.00080000,0.13389000,,true
10570,6,WFA,F,,1284,-0.32860000,15.00690000,0.13391000,,true
10571,6,WFA,F,,1285,-0.32860000,15.01300000,0.13394000,,true
10572,6,WFA,F,,1286,-0.32870000,15.01900000,0.13397000,,true
10573,6,WFA,F,,1287,-0.32870000,15.02510000,0.13400000,,true
10574,6,WFA,F,,1288,-0.32870000,15.03120000,0.13402000,,true
10575,6,WFA,F,,1289,-0.32880000,15.03730000,0.13405000,,true
10576,6,WFA,F,,1290,-0.32880000,15.04330000,0.13408000,,true
10577,6,WFA,F,,1291,-0.32890000,15.04940000,0.13411000,,true
10578,6,WFA,F,,1292,-0.32890000,15.05550000,0.13413000,,true
10579,6,WFA,F,,1293,-0.32900000,15.06150000,0.13416000,,true
10580,6,WFA,F,,1294,-0.32900000,15.06760000,0.13419000,,true
10581,6,WFA,F,,1295,-0.32900000,15.07360000,0.13422000,,true
10582,6,WFA,F,,1296,-0.32910000,15.07970000,0.13425000,,true
10583,6,WFA,F,,1297,-0.32910000,15.08580000,0.13427000,,true
10584,6,WFA,F,,1298,-0.32920000,15.09180000,0.13430000,,true
10585,6,WFA,F,,1299,-0.32920000,15.09790000,0.13433000,,true
10586,6,WFA,F,,1300,-0.32930000,15.10390000,0.13436000,,true
10587,6,WFA,F,,1301,-0.32930000,15.11000000,0.13438000,,true
10588,6,WFA,F,,1302,-0.32930000,15.11610000,0.13441000,,true
10589,6,WFA,F,,1303,-0.32940000,15.12210000,0.13444000,,true
10590,6,WFA,F,,1304,-0.32940000,15.12820000,0.13447000,,true
10591,6,WFA,F,,1305,-0.32950000,15.13420000,0.13449000,,true
10592,6,WFA,F,,1306,-0.32950000,15.14030000,0.13452000,,true
10593,6,WFA,F,,1307,-0.32960000,15.14630000,0.13455000,,true
10594,6,WFA,F,,1308,-0.32960000,15.15240000,0.13458000,,true
10595,6,WFA,F,,1309,-0.32960000,15.15840000,0.13461000,,true
10596,6,WFA,F,,1310,-0.32970000,15.16450000,0.13463000,,true
10597,6,WFA,F,,1311,-0.32970000,15.17050000,0.13466000,,true
10598,6,WFA,F,,1312,-0.32980000,15.17660000,0.13469000,,true
10599,6,WFA,F,,1313,-0.32980000,15.18260000,0.13472000,,true
10600,6,WFA,F,,1314,-0.32990000,15.18870000,0.13474000,,true
10601,6,WFA,F,,1315,-0.32990000,15.19470000,0.13477000,,true
10602,6,WFA,F,,1316,-0.32990000,15.20080000,0.13480000,,true
10603,6,WFA,F,,1317,-0.33000000,15.20680000,0.13483000,,true
10604,6,WFA,F,,1318,-0.33000000,15.21280000,0.13486000,,true
10605,6,WFA,F,,1319,-0.33010000,15.21890000,0.13488000,,true
10606,6,WFA,F,,1320,-0.33010000,15.22490000,0.13491000,,true
10607,6,WFA,F,,1321,-0.33020000,15.23100000,0.13494000,,true
10608,6,WFA,F,,1322,-0.33020000,15.23700000,0.13497000,,true
10609,6,WFA,F,,1323,-0.33020000,15.24300000,0.13500000,,true
10610,6,WFA,F,,1324,-0.33030000,15.24910000,0.13502000,,true
10611,6,WFA,F,,1325,-0.33030000,15.25510000,0.13505000,,true
10612,6,WFA,F,,1326,-0.33040000,15.26110000,0.13508000,,true
10613,6,WFA,F,,1327,-0.33040000,15.26720000,0.13511000,,true
10614,6,WFA,F,,1328,-0.33050000,15.27320000,0.13514000,,true
10615,6,WFA,F,,1329,-0.33050000,15.27920000,0.13516000,,true
10616,6,WFA,F,,1330,-0.33050000,15.28530000,0.13519000,,true
10617,6,WFA,F,,1331,-0.33060000,15.29130000,0.13522000,,true
10618,6,WFA,F,,1332,-0.33060000,15.29730000,0.13525000,,true
10619,6,WFA,F,,1333,-0.33070000,15.30340000,0.13527000,,true
10620,6,WFA,F,,1334,-0.33070000,15.30940000,0.13530000,,true
10621,6,WFA,F,,1335,-0.33080000,15.31540000,0.13533000,,true
10622,6,WFA,F,,1336,-0.33080000,15.32140000,0.13536000,,true
10623,6,WFA,F,,1337,-0.33080000,15.32750000,0.13539000,,true
10624,6,WFA,F,,1338,-0.33090000,15.33350000,0.13541000,,true
10625,6,WFA,F,,1339,-0.33090000,15.33950000,0.13544000,,true
10626,6,WFA,F,,1340,-0.33100000,15.34550000,0.13547000,,true
10627,6,WFA,F,,1341,-0.33100000,15.35160000,0.13550000,,true
10628,6,WFA,F,,1342,-0.33110000,15.35760000,0.13553000,,true
10629,6,WFA,F,,1343,-0.33110000,15.36360000,0.13555000,,true
10630,6,WFA,F,,1344,-0.33110000,15.36960000,0.13558000,,true
10631,6,WFA,F,,1345,-0.33120000,15.37560000,0.13561000,,true
10632,6,WFA,F,,1346,-0.33120000,15.38170000,0.13564000,,true
10633,6,WFA,F,,1347,-0.33130000,15.38770000,0.13567000,,true
10634,6,WFA,F,,1348,-0.33130000,15.39370000,0.13569000,,true
10635,6,WFA,F,,1349,-0.33140000,15.39970000,0.13572000,,true
10636,6,WFA,F,,1350,-0.33140000,15.40570000,0.13575000,,true
10637,6,WFA,F,,1351,-0.33140000,15.41170000,0.13578000,,true
10638,6,WFA,F,,1352,-0.33150000,15.41780000,0.13581000,,true
10639,6,WFA,F,,1353,-0.33150000,15.42380000,0.13584000,,true
10640,6,WFA,F,,1354,-0.33160000,15.42980000,0.13586000,,true
10641,6,WFA,F,,1355,-0.33160000,15.43580000,0.13589000,,true
10642,6,WFA,F,,1356,-0.33170000,15.44180000,0.13592000,,true
10643,6,WFA,F,,1357,-0.33170000,15.44780000,0.13595000,,true
10644,6,WFA,F,,1358,-0.33170000,15.45380000,0.13598000,,true
10645,6,WFA,F,,1359,-0.33180000,15.45980000,0.13600000,,true
10646,6,WFA,F,,1360,-0.33180000,15.46580000,0.13603000,,true
10647,6,WFA,F,,1361,-0.33190000,15.47190000,0.13606000,,true
10648,6,WFA,F,,1362,-0.33190000,15.47790000,0.13609000,,true
10649,6,WFA,F,,1363,-0.33200000,15.48390000,0.13612000,,true
10650,6,WFA,F,,1364,-0.33200000,15.48990000,0.13614000,,true
10651,6,WFA,F,,1365,-0.33200000,15.49590000,0.13617000,,true
10652,6,WFA,F,,1366,-0.33210000,15.50190000,0.13620000,,true
10653,6,WFA,F,,1367,-0.33210000,15.50790000,0.13623000,,true
10654,6,WFA,F,,1368,-0.33220000,15.51390000,0.13626000,,true
10655,6,WFA,F,,1369,-0.33220000,15.51990000,0.13628000,,true
10656,6,WFA,F,,1370,-0.33220000,15.52590000,0.13631000,,true
10657,6,WFA,F,,1371,-0.33230000,15.53190000,0.13634000,,true
10658,6,WFA,F,,1372,-0.33230000,15.53790000,0.13637000,,true
10659,6,WFA,F,,1373,-0.33240000,15.54390000,0.13640000,,true
10660,6,WFA,F,,1374,-0.33240000,15.54990000,0.13642000,,true
10661,6,WFA,F,,1375,-0.33250000,15.55590000,0.13645000,,true
10662,6,WFA,F,,1376,-0.33250000,15.56190000,0.13648000,,true
10663,6,WFA,F,,1377,-0.33250000,15.56790000,0.13651000,,true
10664,6,WFA,F,,1378,-0.33260000,15.57390000,0.13654000,,true
10665,6,WFA,F,,1379,-0.33260000,15.57990000,0.13656000,,true
10666,6,WFA,F,,1380,-0.33270000,15.58590000,0.13659000,,true
10667,6,WFA,F,,1381,-0.33270000,15.59180000,0.13662000,,true
10668,6,WFA,F,,1382,-0.33280000,15.59780000,0.13665000,,true
10669,6,WFA,F,,1383,-0.33280000,15.60380000,0.13668000,,true
10670,6,WFA,F,,1384,-0.33280000,15.60980000,0.13670000,,true
10671,6,WFA,F,,1385,-0.33290000,15.61580000,0.13673000,,true
10672,6,WFA,F,,1386,-0.33290000,15.62180000,0.13676000,,true
10673,6,WFA,F,,1387,-0.33300000,15.62780000,0.13679000,,true
10674,6,WFA,F,,1388,-0.33300000,15.63380000,0.13682000,,true
10675,6,WFA,F,,1389,-0.33310000,15.63980000,0.13684000,,true
10676,6,WFA,F,,1390,-0.33310000,15.64580000,0.13687000,,true
10677,6,WFA,F,,1391,-0.33310000,15.65170000,0.13690000,,true
10678,6,WFA,F,,1392,-0.33320000,15.65770000,0.13693000,,true
10679,6,WFA,F,,1393,-0.33320000,15.66370000,0.13696000,,true
10680,6,WFA,F,,1394,-0.33330000,15.66970000,0.13698000,,true
10681,6,WFA,F,,1395,-0.33330000,15.67570000,0.13701000,,true
10682,6,WFA,F,,1396,-0.33340000,15.68170000,0.13704000,,true
10683,6,WFA,F,,1397,-0.33340000,15.68770000,0.13707000,,true
10684,6,WFA,F,,1398,-0.33340000,15.69360000,0.13710000,,true
10685,6,WFA,F,,1399,-0.33350000,15.69960000,0.13712000,,true
10686,6,WFA,F,,1400,-0.33350000,15.70560000,0.13715000,,true
10687,6,WFA,F,,1401,-0.33360000,15.71160000,0.13718000,,true
10688,6,WFA,F,,1402,-0.33360000,15.71760000,0.13721000,,true
10689,6,WFA,F,,1403,-0.33370000,15.72360000,0.13724000,,true
10690,6,WFA,F,,1404,-0.33370000,15.72950000,0.13726000,,true
10691,6,WFA,F,,1405,-0.33370000,15.73550000,0.13729000,,true
10692,6,WFA,F,,1406,-0.33380000,15.74150000,0.13732000,,true
10693,6,WFA,F,,1407,-0.33380000,15.74750000,0.13735000,,true
10694,6,WFA,F,,1408,-0.33390000,15.75340000,0.13737000,,true
10695,6,WFA,F,,1409,-0.33390000,15.75940000,0.13740000,,true
10696,6,WFA,F,,1410,-0.33390000,15.76540000,0.13743000,,true
10697,6,WFA,F,,1411,-0.33400000,15.77140000,0.13746000,,true
10698,6,WFA,F,,1412,-0.33400000,15.77740000,0.13749000,,true
10699,6,WFA,F,,1413,-0.33410000,15.78330000,0.13751000,,true
10700,6,WFA,F,,1414,-0.33410000,15.78930000,0.13754000,,true
10701,6,WFA,F,,1415,-0.33420000,15.79530000,0.13757000,,true
10702,6,WFA,F,,1416,-0.33420000,15.80130000,0.13760000,,true
10703,6,WFA,F,,1417,-0.33420000,15.80720000,0.13763000,,true
10704,6,WFA,F,,1418,-0.33430000,15.81320000,0.13765000,,true
10705,6,WFA,F,,1419,-0.33430000,15.81920000,0.13768000,,true
10706,6,WFA,F,,1420,-0.33440000,15.82520000,0.13771000,,true
10707,6,WFA,F,,1421,-0.33440000,15.83110000,0.13774000,,true
10708,6,WFA,F,,1422,-0.33450000,15.83710000,0.13776000,,true
10709,6,WFA,F,,1423,-0.33450000,15.84310000,0.13779000,,true
10710,6,WFA,F,,1424,-0.33450000,15.84900000,0.13782000,,true
10711,6,WFA,F,,1425,-0.33460000,15.85500000,0.13785000,,true
10712,6,WFA,F,,1426,-0.33460000,15.86100000,0.13788000,,true
10713,6,WFA,F,,1427,-0.33470000,15.86690000,0.13790000,,true
10714,6,WFA,F,,1428,-0.33470000,15.87290000,0.13793000,,true
10715,6,WFA,F,,1429,-0.33480000,15.87890000,0.13796000,,true
10716,6,WFA,F,,1430,-0.33480000,15.88490000,0.13799000,,true
10717,6,WFA,F,,1431,-0.33480000,15.89080000,0.13801000,,true
10718,6,WFA,F,,1432,-0.33490000,15.89680000,0.13804000,,true
10719,6,WFA,F,,1433,-0.33490000,15.90280000,0.13807000,,true
10720,6,WFA,F,,1434,-0.33500000,15.90870000,0.13810000,,true
10721,6,WFA,F,,1435,-0.33500000,15.91470000,0.13813000,,true
10722,6,WFA,F,,1436,-0.33510000,15.92070000,0.13815000,,true
10723,6,WFA,F,,1437,-0.33510000,15.92660000,0.13818000,,true
10724,6,WFA,F,,1438,-0.33510000,15.93260000,0.13821000,,true
10725,6,WFA,F,,1439,-0.33520000,15.93860000,0.13824000,,true
10726,6,WFA,F,,1440,-0.33520000,15.94450000,0.13826000,,true
10727,6,WFA,F,,1441,-0.33530000,15.95050000,0.13829000,,true
10728,6,WFA,F,,1442,-0.33530000,15.95650000,0.13832000,,true
10729,6,WFA,F,,1443,-0.33540000,15.96240000,0.13835000,,true
10730,6,WFA,F,,1444,-0.33540000,15.96840000,0.13838000,,true
10731,6,WFA,F,,1445,-0.33540000,15.97440000,0.13840000,,true
10732,6,WFA,F,,1446,-0.33550000,15.98030000,0.13843000,,true
10733,6,WFA,F,,1447,-0.33550000,15.98630000,0.13846000,,true
10734,6,WFA,F,,1448,-0.33560000,15.99220000,0.13849000,,true
10735,6,WFA,F,,1449,-0.33560000,15.99820000,0.13851000,,true
10736,6,WFA,F,,1450,-0.33570000,16.00420000,0.13854000,,true
10737,6,WFA,F,,1451,-0.33570000,16.01010000,0.13857000,,true
10738,6,WFA,F,,1452,-0.33570000,16.01610000,0.13860000,,true
10739,6,WFA,F,,1453,-0.33580000,16.02210000,0.13862000,,true
10740,6,WFA,F,,1454,-0.33580000,16.02800000,0.13865000,,true
10741,6,WFA,F,,1455,-0.33590000,16.03400000,0.13868000,,true
10742,6,WFA,F,,1456,-0.33590000,16.03990000,0.13871000,,true
10743,6,WFA,F,,1457,-0.33590000,16.04590000,0.13873000,,true
10744,6,WFA,F,,1458,-0.33600000,16.05190000,0.13876000,,true
10745,6,WFA,F,,1459,-0.33600000,16.05780000,0.13879000,,true
10746,6,WFA,F,,1460,-0.33610000,16.06380000,0.13882000,,true
10747,6,WFA,F,,1461,-0.33610000,16.06970000,0.13884000,,true
10748,6,WFA,F,,1462,-0.33620000,16.07570000,0.13887000,,true
10749,6,WFA,F,,1463,-0.33620000,16.08170000,0.13890000,,true
10750,6,WFA,F,,1464,-0.33620000,16.08760000,0.13893000,,true
10751,6,WFA,F,,1465,-0.33630000,16.09360000,0.13895000,,true
10752,6,WFA,F,,1466,-0.33630000,16.09950000,0.13898000,,true
10753,6,WFA,F,,1467,-0.33640000,16.10550000,0.13901000,,true
10754,6,WFA,F,,1468,-0.33640000,16.11150000,0.13904000,,true
10755,6,WFA,F,,1469,-0.33650000,16.11740000,0.13907000,,true
10756,6,WFA,F,,1470,-0.33650000,16.12340000,0.13909000,,true
10757,6,WFA,F,,1471,-0.33650000,16.12930000,0.13912000,,true
10758,6,WFA,F,,1472,-0.33660000,16.13530000,0.13915000,,true
10759,6,WFA,F,,1473,-0.33660000,16.14130000,0.13918000,,true
10760,6,WFA,F,,1474,-0.33670000,16.14720000,0.13920000,,true
10761,6,WFA,F,,1475,-0.33670000,16.15320000,0.13923000,,true
10762,6,WFA,F,,1476,-0.33680000,16.15910000,0.13926000,,true
10763,6,WFA,F,,1477,-0.33680000,16.16510000,0.13928000,,true
10764,6,WFA,F,,1478,-0.33680000,16.17100000,0.13931000,,true
10765,6,WFA,F,,1479,-0.33690000,16.17700000,0.13934000,,true
10766,6,WFA,F,,1480,-0.33690000,16.18290000,0.13937000,,true
10767,6,WFA,F,,1481,-0.33700000,16.18890000,0.13939000,,true
10768,6,WFA,F,,1482,-0.33700000,16.19490000,0.13942000,,true
10769,6,WFA,F,,1483,-0.33710000,16.20080000,0.13945000,,true
10770,6,WFA,F,,1484,-0.33710000,16.20680000,0.13948000,,true
10771,6,WFA,F,,1485,-0.33710000,16.21270000,0.13950000,,true
10772,6,WFA,F,,1486,-0.33720000,16.21870000,0.13953000,,true
10773,6,WFA,F,,1487,-0.33720000,16.22460000,0.13956000,,true
10774,6,WFA,F,,1488,-0.33730000,16.23060000,0.13959000,,true
10775,6,WFA,F,,1489,-0.33730000,16.23650000,0.13961000,,true
10776,6,WFA,F,,1490,-0.33740000,16.24250000,0.13964000,,true
10777,6,WFA,F,,1491,-0.33740000,16.24850000,0.13967000,,true
10778,6,WFA,F,,1492,-0.33740000,16.25440000,0.13970000,,true
10779,6,WFA,F,,1493,-0.33750000,16.26040000,0.13972000,,true
10780,6,WFA,F,,1494,-0.33750000,16.26630000,0.13975000,,true
10781,6,WFA,F,,1495,-0.33760000,16.27230000,0.13978000,,true
10782,6,WFA,F,,1496,-0.33760000,16.27820000,0.13980000,,true
10783,6,WFA,F,,1497,-0.33770000,16.28420000,0.13983000,,true
10784,6,WFA,F,,1498,-0.33770000,16.29010000,0.13986000,,true
10785,6,WFA,F,,1499,-0.33770000,16.29610000,0.13989000,,true
10786,6,WFA,F,,1500,-0.33780000,16.30200000,0.13991000,,true
10787,6,WFA,F,,1501,-0.33780000,16.30800000,0.13994000,,true
10788,6,WFA,F,,1502,-0.33790000,16.31400000,0.13997000,,true
10789,6,WFA,F,,1503,-0.33790000,16.31990000,0.14000000,,true
10790,6,WFA,F,,1504,-0.33800000,16.32590000,0.14002000,,true
10791,6,WFA,F,,1505,-0.33800000,16.33180000,0.14005000,,true
10792,6,WFA,F,,1506,-0.33800000,16.33780000,0.14008000,,true
10793,6,WFA,F,,1507,-0.33810000,16.34370000,0.14010000,,true
10794,6,WFA,F,,1508,-0.33810000,16.34970000,0.14013000,,true
10795,6,WFA,F,,1509,-0.33820000,16.35560000,0.14016000,,true
10796,6,WFA,F,,1510,-0.33820000,16.36160000,0.14019000,,true
10797,6,WFA,F,,1511,-0.33830000,16.36750000,0.14021000,,true
10798,6,WFA,F,,1512,-0.33830000,16.37350000,0.14024000,,true
10799,6,WFA,F,,1513,-0.33830000,16.37940000,0.14027000,,true
10800,6,WFA,F,,1514,-0.33840000,16.38540000,0.14029000,,true
10801,6,WFA,F,,1515,-0.33840000,16.39130000,0.14032000,,true
10802,6,WFA,F,,1516,-0.33850000,16.39730000,0.14035000,,true
10803,6,WFA,F,,1517,-0.33850000,16.40320000,0.14038000,,true
10804,6,WFA,F,,1518,-0.33860000,16.40920000,0.14040000,,true
10805,6,WFA,F,,1519,-0.33860000,16.41510000,0.14043000,,true
10806,6,WFA,F,,1520,-0.33860000,16.42110000,0.14046000,,true
10807,6,WFA,F,,1521,-0.33870000,16.42700000,0.14048000,,true
10808,6,WFA,F,,1522,-0.33870000,16.43300000,0.14051000,,true
10809,6,WFA,F,,1523,-0.33880000,16.43890000,0.14054000,,true
10810,6,WFA,F,,1524,-0.33880000,16.44490000,0.14056000,,true
10811,6,WFA,F,,1525,-0.33890000,16.45080000,0.14059000,,true
10812,6,WFA,F,,1526,-0.33890000,16.45680000,0.14062000,,true
10813,6,WFA,F,,1527,-0.33890000,16.46270000,0.14065000,,true
10814,6,WFA,F,,1528,-0.33900000,16.46870000,0.14067000,,true
10815,6,WFA,F,,1529,-0.33900000,16.47460000,0.14070000,,true
10816,6,WFA,F,,1530,-0.33910000,16.48060000,0.14073000,,true
10817,6,WFA,F,,1531,-0.33910000,16.48650000,0.14075000,,true
10818,6,WFA,F,,1532,-0.33920000,16.49250000,0.14078000,,true
10819,6,WFA,F,,1533,-0.33920000,16.49840000,0.14081000,,true
10820,6,WFA,F,,1534,-0.33920000,16.50440000,0.14083000,,true
10821,6,WFA,F,,1535,-0.33930000,16.51030000,0.14086000,,true
10822,6,WFA,F,,1536,-0.33930000,16.51630000,0.14089000,,true
10823,6,WFA,F,,1537,-0.33940000,16.52220000,0.14091000,,true
10824,6,WFA,F,,1538,-0.33940000,16.52820000,0.14094000,,true
10825,6,WFA,F,,1539,-0.33950000,16.53410000,0.14097000,,true
10826,6,WFA,F,,1540,-0.33950000,16.54010000,0.14100000,,true
10827,6,WFA,F,,1541,-0.33960000,16.54600000,0.14102000,,true
10828,6,WFA,F,,1542,-0.33960000,16.55200000,0.14105000,,true
10829,6,WFA,F,,1543,-0.33960000,16.55790000,0.14108000,,true
10830,6,WFA,F,,1544,-0.33970000,16.56390000,0.14110000,,true
10831,6,WFA,F,,1545,-0.33970000,16.56980000,0.14113000,,true
10832,6,WFA,F,,1546,-0.33980000,16.57580000,0.14116000,,true
10833,6,WFA,F,,1547,-0.33980000,16.58170000,0.14118000,,true
10834,6,WFA,F,,1548,-0.33990000,16.58760000,0.14121000,,true
10835,6,WFA,F,,1549,-0.33990000,16.59360000,0.14124000,,true
10836,6,WFA,F,,1550,-0.33990000,16.59950000,0.14126000,,true
10837,6,WFA,F,,1551,-0.34000000,16.60550000,0.14129000,,true
10838,6,WFA,F,,1552,-0.34000000,16.61140000,0.14132000,,true
10839,6,WFA,F,,1553,-0.34010000,16.61740000,0.14134000,,true
10840,6,WFA,F,,1554,-0.34010000,16.62330000,0.14137000,,true
10841,6,WFA,F,,1555,-0.34020000,16.62930000,0.14140000,,true
10842,6,WFA,F,,1556,-0.34020000,16.63520000,0.14142000,,true
10843,6,WFA,F,,1557,-0.34020000,16.64120000,0.14145000,,true
10844,6,WFA,F,,1558,-0.34030000,16.64710000,0.14148000,,true
10845,6,WFA,F,,1559,-0.34030000,16.65300000,0.14150000,,true
10846,6,WFA,F,,1560,-0.34040000,16.65900000,0.14153000,,true
10847,6,WFA,F,,1561,-0.34040000,16.66490000,0.14156000,,true
10848,6,WFA,F,,1562,-0.34050000,16.67090000,0.14158000,,true
10849,6,WFA,F,,1563,-0.34050000,16.67680000,0.14161000,,true
10850,6,WFA,F,,1564,-0.34050000,16.68280000,0.14164000,,true
10851,6,WFA,F,,1565,-0.34060000,16.68870000,0.14166000,,true
10852,6,WFA,F,,1566,-0.34060000,16.69470000,0.14169000,,true
10853,6,WFA,F,,1567,-0.34070000,16.70060000,0.14172000,,true
10854,6,WFA,F,,1568,-0.34070000,16.70650000,0.14174000,,true
10855,6,WFA,F,,1569,-0.34080000,16.71250000,0.14177000,,true
10856,6,WFA,F,,1570,-0.34080000,16.71840000,0.14179000,,true
10857,6,WFA,F,,1571,-0.34080000,16.72440000,0.14182000,,true
10858,6,WFA,F,,1572,-0.34090000,16.73030000,0.14185000,,true
10859,6,WFA,F,,1573,-0.34090000,16.73630000,0.14187000,,true
10860,6,WFA,F,,1574,-0.34100000,16.74220000,0.14190000,,true
10861,6,WFA,F,,1575,-0.34100000,16.74810000,0.14193000,,true
10862,6,WFA,F,,1576,-0.34110000,16.75410000,0.14195000,,true
10863,6,WFA,F,,1577,-0.34110000,16.76000000,0.14198000,,true
10864,6,WFA,F,,1578,-0.34120000,16.76600000,0.14201000,,true
10865,6,WFA,F,,1579,-0.34120000,16.77190000,0.14203000,,true
10866,6,WFA,F,,1580,-0.34120000,16.77780000,0.14206000,,true
10867,6,WFA,F,,1581,-0.34130000,16.78380000,0.14209000,,true
10868,6,WFA,F,,1582,-0.34130000,16.78970000,0.14211000,,true
10869,6,WFA,F,,1583,-0.34140000,16.79570000,0.14214000,,true
10870,6,WFA,F,,1584,-0.34140000,16.80160000,0.14216000,,true
10871,6,WFA,F,,1585,-0.34150000,16.80750000,0.14219000,,true
10872,6,WFA,F,,1586,-0.34150000,16.81350000,0.14222000,,true
10873,6,WFA,F,,1587,-0.34150000,16.81940000,0.14224000,,true
10874,6,WFA,F,,1588,-0.34160000,16.82540000,0.14227000,,true
10875,6,WFA,F,,1589,-0.34160000,16.83130000,0.14230000,,true
10876,6,WFA,F,,1590,-0.34170000,16.83720000,0.14232000,,true
10877,6,WFA,F,,1591,-0.34170000,16.84320000,0.14235000,,true
10878,6,WFA,F,,1592,-0.34180000,16.84910000,0.14237000,,true
10879,6,WFA,F,,1593,-0.34180000,16.85500000,0.14240000,,true
10880,6,WFA,F,,1594,-0.34180000,16.86100000,0.14243000,,true
10881,6,WFA,F,,1595,-0.34190000,16.86690000,0.14245000,,true
10882,6,WFA,F,,1596,-0.34190000,16.87290000,0.14248000,,true
10883,6,WFA,F,,1597,-0.34200000,16.87880000,0.14251000,,true
10884,6,WFA,F,,1598,-0.34200000,16.88470000,0.14253000,,true
10885,6,WFA,F,,1599,-0.34210000,16.89070000,0.14256000,,true
10886,6,WFA,F,,1600,-0.34210000,16.89660000,0.14258000,,true
10887,6,WFA,F,,1601,-0.34210000,16.90250000,0.14261000,,true
10888,6,WFA,F,,1602,-0.34220000,16.90850000,0.14264000,,true
10889,6,WFA,F,,1603,-0.34220000,16.91440000,0.14266000,,true
10890,6,WFA,F,,1604,-0.34230000,16.92030000,0.14269000,,true
10891,6,WFA,F,,1605,-0.34230000,16.92630000,0.14271000,,true
10892,6,WFA,F,,1606,-0.34240000,16.93220000,0.14274000,,true
10893,6,WFA,F,,1607,-0.34240000,16.93810000,0.14277000,,true
10894,6,WFA,F,,1608,-0.34250000,16.94410000,0.14279000,,true
10895,6,WFA,F,,1609,-0.34250000,16.95000000,0.14282000,,true
10896,6,WFA,F,,1610,-0.34250000,16.95590000,0.14284000,,true
10897,6,WFA,F,,1611,-0.34260000,16.96190000,0.14287000,,true
10898,6,WFA,F,,1612,-0.34260000,16.96780000,0.14290000,,true
10899,6,WFA,F,,1613,-0.34270000,16.97370000,0.14292000,,true
10900,6,WFA,F,,1614,-0.34270000,16.97960000,0.14295000,,true
10901,6,WFA,F,,1615,-0.34280000,16.98560000,0.14297000,,true
10902,6,WFA,F,,1616,-0.34280000,16.99150000,0.14300000,,true
10903,6,WFA,F,,1617,-0.34280000,16.99740000,0.14303000,,true
10904,6,WFA,F,,1618,-0.34290000,17.00340000,0.14305000,,true
10905,6,WFA,F,,1619,-0.34290000,17.00930000,0.14308000,,true
10906,6,WFA,F,,1620,-0.34300000,17.01520000,0.14310000,,true
10907,6,WFA,F,,1621,-0.34300000,17.02110000,0.14313000,,true
10908,6,WFA,F,,1622,-0.34310000,17.02710000,0.14315000,,true
10909,6,WFA,F,,1623,-0.34310000,17.03300000,0.14318000,,true
10910,6,WFA,F,,1624,-0.34310000,17.03890000,0.14321000,,true
10911,6,WFA,F,,1625,-0.34320000,17.04480000,0.14323000,,true
10912,6,WFA,F,,1626,-0.34320000,17.05080000,0.14326000,,true
10913,6,WFA,F,,1627,-0.34330000,17.05670000,0.14328000,,true
10914,6,WFA,F,,1628,-0.34330000,17.06260000,0.14331000,,true
10915,6,WFA,F,,1629,-0.34340000,17.06850000,0.14334000,,true
10916,6,WFA,F,,1630,-0.34340000,17.07440000,0.14336000,,true
10917,6,WFA,F,,1631,-0.34340000,17.08040000,0.14339000,,true
10918,6,WFA,F,,1632,-0.34350000,17.08630000,0.14341000,,true
10919,6,WFA,F,,1633,-0.34350000,17.09220000,0.14344000,,true
10920,6,WFA,F,,1634,-0.34360000,17.09810000,0.14346000,,true
10921,6,WFA,F,,1635,-0.34360000,17.10400000,0.14349000,,true
10922,6,WFA,F,,1636,-0.34370000,17.11000000,0.14352000,,true
10923,6,WFA,F,,1637,-0.34370000,17.11590000,0.14354000,,true
10924,6,WFA,F,,1638,-0.34380000,17.12180000,0.14357000,,true
10925,6,WFA,F,,1639,-0.34380000,17.12770000,0.14359000,,true
10926,6,WFA,F,,1640,-0.34380000,17.13360000,0.14362000,,true
10927,6,WFA,F,,1641,-0.34390000,17.13950000,0.14364000,,true
10928,6,WFA,F,,1642,-0.34390000,17.14550000,0.14367000,,true
10929,6,WFA,F,,1643,-0.34400000,17.15140000,0.14369000,,true
10930,6,WFA,F,,1644,-0.34400000,17.15730000,0.14372000,,true
10931,6,WFA,F,,1645,-0.34410000,17.16320000,0.14375000,,true
10932,6,WFA,F,,1646,-0.34410000,17.16910000,0.14377000,,true
10933,6,WFA,F,,1647,-0.34410000,17.17500000,0.14380000,,true
10934,6,WFA,F,,1648,-0.34420000,17.18090000,0.14382000,,true
10935,6,WFA,F,,1649,-0.34420000,17.18680000,0.14385000,,true
10936,6,WFA,F,,1650,-0.34430000,17.19270000,0.14387000,,true
10937,6,WFA,F,,1651,-0.34430000,17.19870000,0.14390000,,true
10938,6,WFA,F,,1652,-0.34440000,17.20460000,0.14392000,,true
10939,6,WFA,F,,1653,-0.34440000,17.21050000,0.14395000,,true
10940,6,WFA,F,,1654,-0.34440000,17.21640000,0.14398000,,true
10941,6,WFA,F,,1655,-0.34450000,17.22230000,0.14400000,,true
10942,6,WFA,F,,1656,-0.34450000,17.22820000,0.14403000,,true
10943,6,WFA,F,,1657,-0.34460000,17.23410000,0.14405000,,true
10944,6,WFA,F,,1658,-0.34460000,17.24000000,0.14408000,,true
10945,6,WFA,F,,1659,-0.34470000,17.24590000,0.14410000,,true
10946,6,WFA,F,,1660,-0.34470000,17.25180000,0.14413000,,true
10947,6,WFA,F,,1661,-0.34480000,17.25770000,0.14415000,,true
10948,6,WFA,F,,1662,-0.34480000,17.26360000,0.14418000,,true
10949,6,WFA,F,,1663,-0.34480000,17.26950000,0.14420000,,true
10950,6,WFA,F,,1664,-0.34490000,17.27540000,0.14423000,,true
10951,6,WFA,F,,1665,-0.34490000,17.28130000,0.14426000,,true
10952,6,WFA,F,,1666,-0.34500000,17.28720000,0.14428000,,true
10953,6,WFA,F,,1667,-0.34500000,17.29310000,0.14431000,,true
10954,6,WFA,F,,1668,-0.34510000,17.29900000,0.14433000,,true
10955,6,WFA,F,,1669,-0.34510000,17.30490000,0.14436000,,true
10956,6,WFA,F,,1670,-0.34510000,17.31080000,0.14438000,,true
10957,6,WFA,F,,1671,-0.34520000,17.31670000,0.14441000,,true
10958,6,WFA,F,,1672,-0.34520000,17.32260000,0.14443000,,true
10959,6,WFA,F,,1673,-0.34530000,17.32850000,0.14446000,,true
10960,6,WFA,F,,1674,-0.34530000,17.33440000,0.14448000,,true
10961,6,WFA,F,,1675,-0.34540000,17.34020000,0.14451000,,true
10962,6,WFA,F,,1676,-0.34540000,17.34610000,0.14453000,,true
10963,6,WFA,F,,1677,-0.34540000,17.35200000,0.14456000,,true
10964,6,WFA,F,,1678,-0.34550000,17.35790000,0.14458000,,true
10965,6,WFA,F,,1679,-0.34550000,17.36380000,0.14461000,,true
10966,6,WFA,F,,1680,-0.34560000,17.36970000,0.14463000,,true
10967,6,WFA,F,,1681,-0.34560000,17.37560000,0.14466000,,true
10968,6,WFA,F,,1682,-0.34570000,17.38150000,0.14468000,,true
10969,6,WFA,F,,1683,-0.34570000,17.38730000,0.14471000,,true
10970,6,WFA,F,,1684,-0.34570000,17.39320000,0.14473000,,true
10971,6,WFA,F,,1685,-0.34580000,17.39910000,0.14476000,,true
10972,6,WFA,F,,1686,-0.34580000,17.40500000,0.14479000,,true
10973,6,WFA,F,,1687,-0.34590000,17.41090000,0.14481000,,true
10974,6,WFA,F,,1688,-0.34590000,17.41670000,0.14484000,,true
10975,6,WFA,F,,1689,-0.34600000,17.42260000,0.14486000,,true
10976,6,WFA,F,,1690,-0.34600000,17.42850000,0.14489000,,true
10977,6,WFA,F,,1691,-0.34600000,17.43440000,0.14491000,,true
10978,6,WFA,F,,1692,-0.34610000,17.44030000,0.14494000,,true
10979,6,WFA,F,,1693,-0.34610000,17.44610000,0.14496000,,true
10980,6,WFA,F,,1694,-0.34620000,17.45200000,0.14499000,,true
10981,6,WFA,F,,1695,-0.34620000,17.45790000,0.14501000,,true
10982,6,WFA,F,,1696,-0.34630000,17.46370000,0.14504000,,true
10983,6,WFA,F,,1697,-0.34630000,17.46960000,0.14506000,,true
10984,6,WFA,F,,1698,-0.34630000,17.47550000,0.14509000,,true
10985,6,WFA,F,,1699,-0.34640000,17.48140000,0.14511000,,true
10986,6,WFA,F,,1700,-0.34640000,17.48720000,0.14514000,,true
10987,6,WFA,F,,1701,-0.34650000,17.49310000,0.14516000,,true
10988,6,WFA,F,,1702,-0.34650000,17.49900000,0.14519000,,true
10989,6,WFA,F,,1703,-0.34660000,17.50480000,0.14521000,,true
10990,6,WFA,F,,1704,-0.34660000,17.51070000,0.14524000,,true
10991,6,WFA,F,,1705,-0.34670000,17.51660000,0.14526000,,true
10992,6,WFA,F,,1706,-0.34670000,17.52240000,0.14529000,,true
10993,6,WFA,F,,1707,-0.34670000,17.52830000,0.14531000,,true
10994,6,WFA,F,,1708,-0.34680000,17.53410000,0.14534000,,true
10995,6,WFA,F,,1709,-0.34680000,17.54000000,0.14536000,,true
10996,6,WFA,F,,1710,-0.34690000,17.54590000,0.14539000,,true
10997,6,WFA,F,,1711,-0.34690000,17.55170000,0.14541000,,true
10998,6,WFA,F,,1712,-0.34700000,17.55760000,0.14544000,,true
10999,6,WFA,F,,1713,-0.34700000,17.56340000,0.14546000,,true
11000,6,WFA,F,,1714,-0.34700000,17.56930000,0.14549000,,true
11001,6,WFA,F,,1715,-0.34710000,17.57510000,0.14551000,,true
11002,6,WFA,F,,1716,-0.34710000,17.58100000,0.14553000,,true
11003,6,WFA,F,,1717,-0.34720000,17.58680000,0.14556000,,true
11004,6,WFA,F,,1718,-0.34720000,17.59270000,0.14558000,,true
11005,6,WFA,F,,1719,-0.34730000,17.59850000,0.14561000,,true
11006,6,WFA,F,,1720,-0.34730000,17.60440000,0.14563000,,true
11007,6,WFA,F,,1721,-0.34730000,17.61020000,0.14566000,,true
11008,6,WFA,F,,1722,-0.34740000,17.61610000,0.14568000,,true
11009,6,WFA,F,,1723,-0.34740000,17.62190000,0.14571000,,true
11010,6,WFA,F,,1724,-0.34750000,17.62780000,0.14573000,,true
11011,6,WFA,F,,1725,-0.34750000,17.63360000,0.14576000,,true
11012,6,WFA,F,,1726,-0.34760000,17.63940000,0.14578000,,true
11013,6,WFA,F,,1727,-0.34760000,17.64530000,0.14581000,,true
11014,6,WFA,F,,1728,-0.34760000,17.65110000,0.14583000,,true
11015,6,WFA,F,,1729,-0.34770000,17.65700000,0.14586000,,true
11016,6,WFA,F,,1730,-0.34770000,17.66280000,0.14588000,,true
11017,6,WFA,F,,1731,-0.34780000,17.66860000,0.14591000,,true
11018,6,WFA,F,,1732,-0.34780000,17.67450000,0.14593000,,true
11019,6,WFA,F,,1733,-0.34790000,17.68030000,0.14596000,,true
11020,6,WFA,F,,1734,-0.34790000,17.68610000,0.14598000,,true
11021,6,WFA,F,,1735,-0.34790000,17.69200000,0.14600000,,true
11022,6,WFA,F,,1736,-0.34800000,17.69780000,0.14603000,,true
11023,6,WFA,F,,1737,-0.34800000,17.70360000,0.14605000,,true
11024,6,WFA,F,,1738,-0.34810000,17.70950000,0.14608000,,true
11025,6,WFA,F,,1739,-0.34810000,17.71530000,0.14610000,,true
11026,6,WFA,F,,1740,-0.34820000,17.72110000,0.14613000,,true
11027,6,WFA,F,,1741,-0.34820000,17.72690000,0.14615000,,true
11028,6,WFA,F,,1742,-0.34820000,17.73280000,0.14618000,,true
11029,6,WFA,F,,1743,-0.34830000,17.73860000,0.14620000,,true
11030,6,WFA,F,,1744,-0.34830000,17.74440000,0.14623000,,true
11031,6,WFA,F,,1745,-0.34840000,17.75020000,0.14625000,,true
11032,6,WFA,F,,1746,-0.34840000,17.75610000,0.14628000,,true
11033,6,WFA,F,,1747,-0.34850000,17.76190000,0.14630000,,true
11034,6,WFA,F,,1748,-0.34850000,17.76770000,0.14632000,,true
11035,6,WFA,F,,1749,-0.34850000,17.77350000,0.14635000,,true
11036,6,WFA,F,,1750,-0.34860000,17.77930000,0.14637000,,true
11037,6,WFA,F,,1751,-0.34860000,17.78510000,0.14640000,,true
11038,6,WFA,F,,1752,-0.34870000,17.79100000,0.14642000,,true
11039,6,WFA,F,,1753,-0.34870000,17.79680000,0.14645000,,true
11040,6,WFA,F,,1754,-0.34880000,17.80260000,0.14647000,,true
11041,6,WFA,F,,1755,-0.34880000,17.80840000,0.14650000,,true
11042,6,WFA,F,,1756,-0.34880000,17.81420000,0.14652000,,true
11043,6,WFA,F,,1757,-0.34890000,17.82000000,0.14654000,,true
11044,6,WFA,F,,1758,-0.34890000,17.82580000,0.14657000,,true
11045,6,WFA,F,,1759,-0.34900000,17.83160000,0.14659000,,true
11046,6,WFA,F,,1760,-0.34900000,17.83740000,0.14662000,,true
11047,6,WFA,F,,1761,-0.34910000,17.84320000,0.14664000,,true
11048,6,WFA,F,,1762,-0.34910000,17.84900000,0.14667000,,true
11049,6,WFA,F,,1763,-0.34910000,17.85480000,0.14669000,,true
11050,6,WFA,F,,1764,-0.34920000,17.86060000,0.14672000,,true
11051,6,WFA,F,,1765,-0.34920000,17.86640000,0.14674000,,true
11052,6,WFA,F,,1766,-0.34930000,17.87220000,0.14676000,,true
11053,6,WFA,F,,1767,-0.34930000,17.87800000,0.14679000,,true
11054,6,WFA,F,,1768,-0.34930000,17.88380000,0.14681000,,true
11055,6,WFA,F,,1769,-0.34940000,17.88960000,0.14684000,,true
11056,6,WFA,F,,1770,-0.34940000,17.89540000,0.14686000,,true
11057,6,WFA,F,,1771,-0.34950000,17.90120000,0.14689000,,true
11058,6,WFA,F,,1772,-0.34950000,17.90700000,0.14691000,,true
11059,6,WFA,F,,1773,-0.34960000,17.91280000,0.14693000,,true
11060,6,WFA,F,,1774,-0.34960000,17.91860000,0.14696000,,true
11061,6,WFA,F,,1775,-0.34960000,17.92430000,0.14698000,,true
11062,6,WFA,F,,1776,-0.34970000,17.93010000,0.14701000,,true
11063,6,WFA,F,,1777,-0.34970000,17.93590000,0.14703000,,true
11064,6,WFA,F,,1778,-0.34980000,17.94170000,0.14706000,,true
11065,6,WFA,F,,1779,-0.34980000,17.94750000,0.14708000,,true
11066,6,WFA,F,,1780,-0.34990000,17.95330000,0.14710000,,true
11067,6,WFA,F,,1781,-0.34990000,17.95900000,0.14713000,,true
11068,6,WFA,F,,1782,-0.34990000,17.96480000,0.14715000,,true
11069,6,WFA,F,,1783,-0.35000000,17.97060000,0.14718000,,true
11070,6,WFA,F,,1784,-0.35000000,17.97640000,0.14720000,,true
11071,6,WFA,F,,1785,-0.35010000,17.98210000,0.14722000,,true
11072,6,WFA,F,,1786,-0.35010000,17.98790000,0.14725000,,true
11073,6,WFA,F,,1787,-0.35020000,17.99370000,0.14727000,,true
11074,6,WFA,F,,1788,-0.35020000,17.99950000,0.14730000,,true
11075,6,WFA,F,,1789,-0.35020000,18.00520000,0.14732000,,true
11076,6,WFA,F,,1790,-0.35030000,18.01100000,0.14735000,,true
11077,6,WFA,F,,1791,-0.35030000,18.01680000,0.14737000,,true
11078,6,WFA,F,,1792,-0.35040000,18.02250000,0.14739000,,true
11079,6,WFA,F,,1793,-0.35040000,18.02830000,0.14742000,,true
11080,6,WFA,F,,1794,-0.35050000,18.03410000,0.14744000,,true
11081,6,WFA,F,,1795,-0.35050000,18.03980000,0.14747000,,true
11082,6,WFA,F,,1796,-0.35050000,18.04560000,0.14749000,,true
11083,6,WFA,F,,1797,-0.35060000,18.05130000,0.14751000,,true
11084,6,WFA,F,,1798,-0.35060000,18.05710000,0.14754000,,true
11085,6,WFA,F,,1799,-0.35070000,18.06290000,0.14756000,,true
11086,6,WFA,F,,1800,-0.35070000,18.06860000,0.14759000,,true
11087,6,WFA,F,,1801,-0.35070000,18.07440000,0.14761000,,true
11088,6,WFA,F,,1802,-0.35080000,18.08010000,0.14763000,,true
11089,6,WFA,F,,1803,-0.35080000,18.08590000,0.14766000,,true
11090,6,WFA,F,,1804,-0.35090000,18.09160000,0.14768000,,true
11091,6,WFA,F,,1805,-0.35090000,18.09740000,0.14771000,,true
11092,6,WFA,F,,1806,-0.35100000,18.10310000,0.14773000,,true
11093,6,WFA,F,,1807,-0.35100000,18.10890000,0.14775000,,true
11094,6,WFA,F,,1808,-0.35100000,18.11460000,0.14778000,,true
11095,6,WFA,F,,1809,-0.35110000,18.12040000,0.14780000,,true
11096,6,WFA,F,,1810,-0.35110000,18.12610000,0.14783000,,true
11097,6,WFA,F,,1811,-0.35120000,18.13190000,0.14785000,,true
11098,6,WFA,F,,1812,-0.35120000,18.13760000,0.14787000,,true
11099,6,WFA,F,,1813,-0.35130000,18.14340000,0.14790000,,true
11100,6,WFA,F,,1814,-0.35130000,18.14910000,0.14792000,,true
11101,6,WFA,F,,1815,-0.35130000,18.15480000,0.14794000,,true
11102,6,WFA,F,,1816,-0.35140000,18.16060000,0.14797000,,true
11103,6,WFA,F,,1817,-0.35140000,18.16630000,0.14799000,,true
11104,6,WFA,F,,1818,-0.35150000,18.17200000,0.14802000,,true
11105,6,WFA,F,,1819,-0.35150000,18.17780000,0.14804000,,true
11106,6,WFA,F,,1820,-0.35150000,18.18350000,0.14806000,,true
11107,6,WFA,F,,1821,-0.35160000,18.18920000,0.14809000,,true
11108,6,WFA,F,,1822,-0.35160000,18.19500000,0.14811000,,true
11109,6,WFA,F,,1823,-0.35170000,18.20070000,0.14814000,,true
11110,6,WFA,F,,1824,-0.35170000,18.20640000,0.14816000,,true
11111,6,WFA,F,,1825,-0.35180000,18.21220000,0.14818000,,true
11112,6,WFA,F,,1826,-0.35180000,18.21790000,0.14821000,,true
11113,6,WFA,F,,1827,-0.35180000,18.22360000,0.14823000,,true
11114,6,WFA,F,,1828,-0.35190000,18.22930000,0.14825000,,true
11115,6,WFA,F,,1829,-0.35190000,18.23500000,0.14828000,,true
11116,6,WFA,F,,1830,-0.35200000,18.24080000,0.14830000,,true
11117,6,WFA,F,,1831,-0.35200000,18.24650000,0.14833000,,true
11118,6,WFA,F,,1832,-0.35200000,18.25220000,0.14835000,,true
11119,6,WFA,F,,1833,-0.35210000,18.25790000,0.14837000,,true
11120,6,WFA,F,,1834,-0.35210000,18.26360000,0.14840000,,true
11121,6,WFA,F,,1835,-0.35220000,18.26930000,0.14842000,,true
11122,6,WFA,F,,1836,-0.35220000,18.27510000,0.14844000,,true
11123,6,WFA,F,,1837,-0.35230000,18.28080000,0.14847000,,true
11124,6,WFA,F,,1838,-0.35230000,18.28650000,0.14849000,,true
11125,6,WFA,F,,1839,-0.35230000,18.29220000,0.14852000,,true
11126,6,WFA,F,,1840,-0.35240000,18.29790000,0.14854000,,true
11127,6,WFA,F,,1841,-0.35240000,18.30360000,0.14856000,,true
11128,6,WFA,F,,1842,-0.35250000,18.30930000,0.14859000,,true
11129,6,WFA,F,,1843,-0.35250000,18.31500000,0.14861000,,true
11130,6,WFA,F,,1844,-0.35260000,18.32070000,0.14863000,,true
11131,6,WFA,F,,1845,-0.35260000,18.32640000,0.14866000,,true
11132,6,WFA,F,,1846,-0.35260000,18.33210000,0.14868000,,true
11133,6,WFA,F,,1847,-0.35270000,18.33780000,0.14871000,,true
11134,6,WFA,F,,1848,-0.35270000,18.34350000,0.14873000,,true
11135,6,WFA,F,,1849,-0.35280000,18.34920000,0.14875000,,true
11136,6,WFA,F,,1850,-0.35280000,18.35490000,0.14878000,,true
11137,6,WFA,F,,1851,-0.35280000,18.36060000,0.14880000,,true
11138,6,WFA,F,,1852,-0.35290000,18.36630000,0.14882000,,true
11139,6,WFA,F,,1853,-0.35290000,18.37200000,0.14885000,,true
11140,6,WFA,F,,1854,-0.35300000,18.37770000,0.14887000,,true
11141,6,WFA,F,,1855,-0.35300000,18.38340000,0.14889000,,true
11142,6,WFA,F,,1856,-0.35310000,18.38900000,0.14892000,,true
11143,7,BMI,M,61,,-0.73870000,15.26410000,0.08390000,,true
11144,7,BMI,M,62,,-0.76210000,15.26160000,0.08414000,,true
11145,7,BMI,M,63,,-0.78560000,15.26040000,0.08439000,,true
11146,7,BMI,M,64,,-0.80890000,15.26050000,0.08464000,,true
11147,7,BMI,M,65,,-0.83220000,15.26190000,0.08490000,,true
11148,7,BMI,M,66,,-0.85540000,15.26450000,0.08516000,,true
11149,7,BMI,M,67,,-0.87850000,15.26840000,0.08543000,,true
11150,7,BMI,M,68,,-0.90150000,15.27370000,0.08570000,,true
11151,7,BMI,M,69,,-0.92430000,15.28010000,0.08597000,,true
11152,7,BMI,M,70,,-0.94710000,15.28770000,0.08625000,,true
11153,7,BMI,M,71,,-0.96970000,15.29650000,0.08653000,,true
11154,7,BMI,M,72,,-0.99210000,15.30620000,0.08682000,,true
11155,7,BMI,M,73,,-1.01440000,15.31690000,0.08711000,,true
11156,7,BMI,M,74,,-1.03650000,15.32850000,0.08741000,,true
11157,7,BMI,M,75,,-1.05840000,15.34080000,0.08771000,,true
11158,7,BMI,M,76,,-1.08010000,15.35400000,0.08802000,,true
11159,7,BMI,M,77,,-1.10170000,15.36790000,0.08833000,,true
11160,7,BMI,M,78,,-1.12300000,15.38250000,0.08865000,,true
11161,7,BMI,M,79,,-1.14410000,15.39780000,0.08898000,,true
11162,7,BMI,M,80,,-1.16490000,15.41370000,0.08931000,,true
11163,7,BMI,M,81,,-1.18560000,15.43020000,0.08964000,,true
11164,7,BMI,M,82,,-1.20600000,15.44730000,0.08998000,,true
11165,7,BMI,M,83,,-1.22610000,15.46500000,0.09033000,,true
11166,7,BMI,M,84,,-1.24600000,15.48320000,0.09068000,,true
11167,7,BMI,M,85,,-1.26560000,15.50190000,0.09103000,,true
11168,7,BMI,M,86,,-1.28490000,15.52100000,0.09139000,,true
11169,7,BMI,M,87,,-1.30400000,15.54070000,0.09176000,,true
11170,7,BMI,M,88,,-1.32280000,15.56080000,0.09213000,,true
11171,7,BMI,M,89,,-1.34140000,15.58140000,0.09251000,,true
11172,7,BMI,M,90,,-1.35960000,15.60230000,0.09289000,,true
11173,7,BMI,M,91,,-1.37760000,15.62370000,0.09327000,,true
11174,7,BMI,M,92,,-1.39530000,15.64550000,0.09366000,,true
11175,7,BMI,M,93,,-1.41260000,15.66770000,0.09406000,,true
11176,7,BMI,M,94,,-1.42970000,15.69030000,0.09445000,,true
11177,7,BMI,M,95,,-1.44640000,15.71330000,0.09486000,,true
11178,7,BMI,M,96,,-1.46290000,15.73680000,0.09526000,,true
11179,7,BMI,M,97,,-1.47900000,15.76060000,0.09567000,,true
11180,7,BMI,M,98,,-1.49470000,15.78480000,0.09609000,,true
11181,7,BMI,M,99,,-1.51010000,15.80940000,0.09651000,,true
11182,7,BMI,M,100,,-1.52520000,15.83440000,0.09693000,,true
11183,7,BMI,M,101,,-1.53990000,15.85970000,0.09735000,,true
11184,7,BMI,M,102,,-1.55420000,15.88550000,0.09778000,,true
11185,7,BMI,M,103,,-1.56810000,15.91160000,0.09821000,,true
11186,7,BMI,M,104,,-1.58170000,15.93810000,0.09864000,,true
11187,7,BMI,M,105,,-1.59480000,15.96510000,0.09907000,,true
11188,7,BMI,M,106,,-1.60760000,15.99250000,0.09951000,,true
11189,7,BMI,M,107,,-1.61990000,16.02050000,0.09994000,,true
11190,7,BMI,M,108,,-1.63180000,16.04900000,0.10038000,,true
11191,7,BMI,M,109,,-1.64330000,16.07810000,0.10082000,,true
11192,7,BMI,M,110,,-1.65440000,16.10780000,0.10126000,,true
11193,7,BMI,M,111,,-1.66510000,16.13810000,0.10170000,,true
11194,7,BMI,M,112,,-1.67530000,16.16920000,0.10214000,,true
11195,7,BMI,M,113,,-1.68510000,16.20090000,0.10259000,,true
11196,7,BMI,M,114,,-1.69440000,16.23330000,0.10303000,,true
11197,7,BMI,M,115,,-1.70320000,16.26650000,0.10347000,,true
11198,7,BMI,M,116,,-1.71160000,16.30040000,0.10391000,,true
11199,7,BMI,M,117,,-1.71960000,16.33510000,0.10435000,,true
11200,7,BMI,M,118,,-1.72710000,16.37040000,0.10478000,,true
11201,7,BMI,M,119,,-1.73410000,16.40650000,0.10522000,,true
11202,7,BMI,M,120,,-1.74070000,16.44330000,0.10566000,,true
11203,7,BMI,M,121,,-1.74680000,16.48070000,0.10609000,,true
11204,7,BMI,M,122,,-1.75250000,16.51890000,0.10652000,,true
11205,7,BMI,M,123,,-1.75780000,16.55780000,0.10695000,,true
11206,7,BMI,M,124,,-1.76260000,16.59740000,0.10738000,,true
11207,7,BMI,M,125,,-1.76700000,16.63760000,0.10780000,,true
11208,7,BMI,M,126,,-1.77100000,16.67860000,0.10823000,,true
11209,7,BMI,M,127,,-1.77450000,16.72030000,0.10865000,,true
11210,7,BMI,M,128,,-1.77770000,16.76280000,0.10906000,,true
11211,7,BMI,M,129,,-1.78040000,16.80590000,0.10948000,,true
11212,7,BMI,M,130,,-1.78280000,16.84970000,0.10989000,,true
11213,7,BMI,M,131,,-1.78470000,16.89410000,0.11030000,,true
11214,7,BMI,M,132,,-1.78620000,16.93920000,0.11070000,,true
11215,7,BMI,M,133,,-1.78730000,16.98500000,0.11110000,,true
11216,7,BMI,M,134,,-1.78810000,17.03140000,0.11150000,,true
11217,7,BMI,M,135,,-1.78840000,17.07840000,0.11189000,,true
11218,7,BMI,M,136,,-1.78840000,17.12620000,0.11228000,,true
11219,7,BMI,M,137,,-1.78800000,17.17460000,0.11266000,,true
11220,7,BMI,M,138,,-1.78730000,17.22360000,0.11304000,,true
11221,7,BMI,M,139,,-1.78610000,17.27340000,0.11342000,,true
11222,7,BMI,M,140,,-1.78460000,17.32400000,0.11379000,,true
11223,7,BMI,M,141,,-1.78280000,17.37520000,0.11415000,,true
11224,7,BMI,M,142,,-1.78060000,17.42720000,0.11451000,,true
11225,7,BMI,M,143,,-1.77800000,17.47990000,0.11487000,,true
11226,7,BMI,M,144,,-1.77510000,17.53340000,0.11522000,,true
11227,7,BMI,M,145,,-1.77190000,17.58770000,0.11556000,,true
11228,7,BMI,M,146,,-1.76840000,17.64270000,0.11590000,,true
11229,7,BMI,M,147,,-1.76450000,17.69850000,0.11623000,,true
11230,7,BMI,M,148,,-1.76040000,17.75510000,0.11656000,,true
11231,7,BMI,M,149,,-1.75590000,17.81240000,0.11688000,,true
11232,7,BMI,M,150,,-1.75110000,17.87040000,0.11720000,,true
11233,7,BMI,M,151,,-1.74610000,17.92920000,0.11751000,,true
11234,7,BMI,M,152,,-1.74080000,17.98870000,0.11781000,,true
11235,7,BMI,M,153,,-1.73520000,18.04880000,0.11811000,,true
11236,7,BMI,M,154,,-1.72930000,18.10960000,0.11841000,,true
11237,7,BMI,M,155,,-1.72320000,18.17100000,0.11869000,,true
11238,7,BMI,M,156,,-1.71680000,18.23300000,0.11898000,,true
11239,7,BMI,M,157,,-1.71020000,18.29550000,0.11925000,,true
11240,7,BMI,M,158,,-1.70330000,18.35860000,0.11952000,,true
11241,7,BMI,M,159,,-1.69620000,18.42210000,0.11979000,,true
11242,7,BMI,M,160,,-1.68880000,18.48600000,0.12005000,,true
11243,7,BMI,M,161,,-1.68110000,18.55020000,0.12030000,,true
11244,7,BMI,M,162,,-1.67320000,18.61480000,0.12055000,,true
11245,7,BMI,M,163,,-1.66510000,18.67950000,0.12079000,,true
11246,7,BMI,M,164,,-1.65680000,18.74450000,0.12102000,,true
11247,7,BMI,M,165,,-1.64820000,18.80950000,0.12125000,,true
11248,7,BMI,M,166,,-1.63940000,18.87460000,0.12148000,,true
11249,7,BMI,M,167,,-1.63040000,18.93980000,0.12170000,,true
11250,7,BMI,M,168,,-1.62110000,19.00500000,0.12191000,,true
11251,7,BMI,M,169,,-1.61160000,19.07010000,0.12212000,,true
11252,7,BMI,M,170,,-1.60200000,19.13510000,0.12233000,,true
11253,7,BMI,M,171,,-1.59210000,19.20000000,0.12253000,,true
11254,7,BMI,M,172,,-1.58210000,19.26480000,0.12272000,,true
11255,7,BMI,M,173,,-1.57190000,19.32940000,0.12291000,,true
11256,7,BMI,M,174,,-1.56150000,19.39370000,0.12310000,,true
11257,7,BMI,M,175,,-1.55100000,19.45780000,0.12328000,,true
11258,7,BMI,M,176,,-1.54030000,19.52170000,0.12346000,,true
11259,7,BMI,M,177,,-1.52940000,19.58530000,0.12363000,,true
11260,7,BMI,M,178,,-1.51850000,19.64860000,0.12380000,,true
11261,7,BMI,M,179,,-1.50740000,19.71170000,0.12396000,,true
11262,7,BMI,M,180,,-1.49610000,19.77440000,0.12412000,,true
11263,7,BMI,M,181,,-1.48480000,19.83670000,0.12428000,,true
11264,7,BMI,M,182,,-1.47330000,19.89870000,0.12443000,,true
11265,7,BMI,M,183,,-1.46170000,19.96030000,0.12458000,,true
11266,7,BMI,M,184,,-1.45000000,20.02150000,0.12473000,,true
11267,7,BMI,M,185,,-1.43820000,20.08230000,0.12487000,,true
11268,7,BMI,M,186,,-1.42630000,20.14270000,0.12501000,,true
11269,7,BMI,M,187,,-1.41430000,20.20260000,0.12514000,,true
11270,7,BMI,M,188,,-1.40220000,20.26210000,0.12528000,,true
11271,7,BMI,M,189,,-1.39000000,20.32110000,0.12541000,,true
11272,7,BMI,M,190,,-1.37770000,20.37960000,0.12554000,,true
11273,7,BMI,M,191,,-1.36530000,20.43760000,0.12567000,,true
11274,7,BMI,M,192,,-1.35290000,20.49510000,0.12579000,,true
11275,7,BMI,M,193,,-1.34030000,20.55210000,0.12591000,,true
11276,7,BMI,M,194,,-1.32770000,20.60850000,0.12603000,,true
11277,7,BMI,M,195,,-1.31490000,20.66440000,0.12615000,,true
11278,7,BMI,M,196,,-1.30210000,20.71970000,0.12627000,,true
11279,7,BMI,M,197,,-1.28920000,20.77450000,0.12638000,,true
11280,7,BMI,M,198,,-1.27620000,20.82870000,0.12650000,,true
11281,7,BMI,M,199,,-1.26310000,20.88240000,0.12661000,,true
11282,7,BMI,M,200,,-1.24990000,20.93550000,0.12672000,,true
11283,7,BMI,M,201,,-1.23660000,20.98810000,0.12683000,,true
11284,7,BMI,M,202,,-1.22330000,21.04000000,0.12694000,,true
11285,7,BMI,M,203,,-1.20980000,21.09140000,0.12704000,,true
11286,7,BMI,M,204,,-1.19620000,21.14230000,0.12715000,,true
11287,7,BMI,M,205,,-1.18260000,21.19250000,0.12726000,,true
11288,7,BMI,M,206,,-1.16880000,21.24230000,0.12736000,,true
11289,7,BMI,M,207,,-1.15500000,21.29140000,0.12746000,,true
11290,7,BMI,M,208,,-1.14100000,21.34000000,0.12756000,,true
11291,7,BMI,M,209,,-1.12700000,21.38800000,0.12767000,,true
11292,7,BMI,M,210,,-1.11290000,21.43540000,0.12777000,,true
11293,7,BMI,M,211,,-1.09860000,21.48220000,0.12787000,,true
11294,7,BMI,M,212,,-1.08430000,21.52850000,0.12797000,,true
11295,7,BMI,M,213,,-1.06990000,21.57420000,0.12807000,,true
11296,7,BMI,M,214,,-1.05530000,21.61930000,0.12816000,,true
11297,7,BMI,M,215,,-1.04070000,21.66380000,0.12826000,,true
11298,7,BMI,M,216,,-1.02600000,21.70770000,0.12836000,,true
11299,7,BMI,M,217,,-1.01120000,21.75100000,0.12845000,,true
11300,7,BMI,M,218,,-0.99620000,21.79370000,0.12855000,,true
11301,7,BMI,M,219,,-0.98120000,21.83580000,0.12864000,,true
11302,7,BMI,M,220,,-0.96610000,21.87730000,0.12874000,,true
11303,7,BMI,M,221,,-0.95090000,21.91820000,0.12883000,,true
11304,7,BMI,M,222,,-0.93560000,21.95850000,0.12893000,,true
11305,7,BMI,M,223,,-0.92020000,21.99820000,0.12902000,,true
11306,7,BMI,M,224,,-0.90480000,22.03740000,0.12911000,,true
11307,7,BMI,M,225,,-0.88920000,22.07600000,0.12920000,,true
11308,7,BMI,M,226,,-0.87350000,22.11400000,0.12930000,,true
11309,7,BMI,M,227,,-0.85780000,22.15140000,0.12939000,,true
11310,7,BMI,M,228,,-0.84190000,22.18830000,0.12948000,,true
11311,8,BMI,F,61,,-0.88860000,15.24410000,0.09692000,,true
11312,8,BMI,F,62,,-0.90680000,15.24340000,0.09738000,,true
11313,8,BMI,F,63,,-0.92480000,15.24330000,0.09783000,,true
11314,8,BMI,F,64,,-0.94270000,15.24380000,0.09829000,,true
11315,8,BMI,F,65,,-0.96050000,15.24480000,0.09875000,,true
11316,8,BMI,F,66,,-0.97800000,15.24640000,0.09920000,,true
11317,8,BMI,F,67,,-0.99540000,15.24870000,0.09966000,,true
11318,8,BMI,F,68,,-1.01260000,15.25160000,0.10012000,,true
11319,8,BMI,F,69,,-1.02960000,15.25510000,0.10058000,,true
11320,8,BMI,F,70,,-1.04640000,15.25920000,0.10104000,,true
11321,8,BMI,F,71,,-1.06300000,15.26410000,0.10149000,,true
11322,8,BMI,F,72,,-1.07940000,15.26970000,0.10195000,,true
11323,8,BMI,F,73,,-1.09560000,15.27600000,0.10241000,,true
11324,8,BMI,F,74,,-1.11150000,15.28310000,0.10287000,,true
11325,8,BMI,F,75,,-1.12720000,15.29110000,0.10333000,,true
11326,8,BMI,F,76,,-1.14270000,15.29980000,0.10379000,,true
11327,8,BMI,F,77,,-1.15790000,15.30950000,0.10425000,,true
11328,8,BMI,F,78,,-1.17280000,15.32000000,0.10471000,,true
11329,8,BMI,F,79,,-1.18750000,15.33140000,0.10517000,,true
11330,8,BMI,F,80,,-1.20190000,15.34390000,0.10562000,,true
11331,8,BMI,F,81,,-1.21600000,15.35720000,0.10608000,,true
11332,8,BMI,F,82,,-1.22980000,15.37170000,0.10654000,,true
11333,8,BMI,F,83,,-1.24330000,15.38710000,0.10700000,,true
11334,8,BMI,F,84,,-1.25650000,15.40360000,0.10746000,,true
11335,8,BMI,F,85,,-1.26930000,15.42110000,0.10792000,,true
11336,8,BMI,F,86,,-1.28190000,15.43970000,0.10837000,,true
11337,8,BMI,F,87,,-1.29410000,15.45930000,0.10883000,,true
11338,8,BMI,F,88,,-1.30600000,15.47980000,0.10929000,,true
11339,8,BMI,F,89,,-1.31750000,15.50140000,0.10974000,,true
11340,8,BMI,F,90,,-1.32870000,15.52400000,0.11020000,,true
11341,8,BMI,F,91,,-1.33950000,15.54760000,0.11065000,,true
11342,8,BMI,F,92,,-1.34990000,15.57230000,0.11110000,,true
11343,8,BMI,F,93,,-1.36000000,15.59790000,0.11156000,,true
11344,8,BMI,F,94,,-1.36970000,15.62460000,0.11201000,,true
11345,8,BMI,F,95,,-1.37900000,15.65230000,0.11246000,,true
11346,8,BMI,F,96,,-1.38800000,15.68100000,0.11291000,,true
11347,8,BMI,F,97,,-1.39660000,15.71070000,0.11335000,,true
11348,8,BMI,F,98,,-1.40470000,15.74150000,0.11380000,,true
11349,8,BMI,F,99,,-1.41250000,15.77320000,0.11424000,,true
11350,8,BMI,F,100,,-1.41990000,15.80580000,0.11469000,,true
11351,8,BMI,F,101,,-1.42700000,15.83940000,0.11513000,,true
11352,8,BMI,F,102,,-1.43360000,15.87380000,0.11557000,,true
11353,8,BMI,F,103,,-1.43980000,15.90900000,0.11601000,,true
11354,8,BMI,F,104,,-1.44560000,15.94510000,0.11644000,,true
11355,8,BMI,F,105,,-1.45110000,15.98180000,0.11688000,,true
11356,8,BMI,F,106,,-1.45610000,16.01940000,0.11731000,,true
11357,8,BMI,F,107,,-1.46070000,16.05750000,0.11774000,,true
11358,8,BMI,F,108,,-1.46500000,16.09640000,0.11816000,,true
11359,8,BMI,F,109,,-1.46880000,16.13580000,0.11859000,,true
11360,8,BMI,F,110,,-1.47230000,16.17590000,0.11901000,,true
11361,8,BMI,F,111,,-1.47530000,16.21660000,0.11943000,,true
11362,8,BMI,F,112,,-1.47800000,16.25800000,0.11985000,,true
11363,8,BMI,F,113,,-1.48030000,16.29990000,0.12026000,,true
11364,8,BMI,F,114,,-1.48230000,16.34250000,0.12067000,,true
11365,8,BMI,F,115,,-1.48380000,16.38580000,0.12108000,,true
11366,8,BMI,F,116,,-1.48500000,16.42980000,0.12148000,,true
11367,8,BMI,F,117,,-1.48590000,16.47460000,0.12188000,,true
11368,8,BMI,F,118,,-1.48640000,16.52000000,0.12228000,,true
11369,8,BMI,F,119,,-1.48660000,16.56630000,0.12268000,,true
11370,8,BMI,F,120,,-1.48640000,16.61330000,0.12307000,,true
11371,8,BMI,F,121,,-1.48590000,16.66120000,0.12346000,,true
11372,8,BMI,F,122,,-1.48510000,16.71000000,0.12384000,,true
11373,8,BMI,F,123,,-1.48390000,16.75950000,0.12422000,,true
11374,8,BMI,F,124,,-1.48250000,16.81000000,0.12460000,,true
11375,8,BMI,F,125,,-1.48070000,16.86140000,0.12497000,,true
11376,8,BMI,F,126,,-1.47870000,16.91360000,0.12534000,,true
11377,8,BMI,F,127,,-1.47630000,16.96670000,0.12571000,,true
11378,8,BMI,F,128,,-1.47370000,17.02080000,0.12607000,,true
11379,8,BMI,F,129,,-1.47080000,17.07570000,0.12643000,,true
11380,8,BMI,F,130,,-1.46770000,17.13160000,0.12678000,,true
11381,8,BMI,F,131,,-1.46420000,17.18830000,0.12713000,,true
11382,8,BMI,F,132,,-1.46060000,17.24590000,0.12748000,,true
11383,8,BMI,F,133,,-1.45670000,17.30440000,0.12782000,,true
11384,8,BMI,F,134,,-1.45260000,17.36370000,0.12816000,,true
11385,8,BMI,F,135,,-1.44820000,17.42380000,0.12849000,,true
11386,8,BMI,F,136,,-1.44360000,17.48470000,0.12882000,,true
11387,8,BMI,F,137,,-1.43890000,17.54640000,0.12914000,,true
11388,8,BMI,F,138,,-1.43390000,17.60880000,0.12946000,,true
11389,8,BMI,F,139,,-1.42880000,17.67190000,0.12978000,,true
11390,8,BMI,F,140,,-1.42350000,17.73570000,0.13009000,,true
11391,8,BMI,F,141,,-1.41800000,17.80010000,0.13040000,,true
11392,8,BMI,F,142,,-1.41230000,17.86510000,0.13070000,,true
11393,8,BMI,F,143,,-1.40650000,17.93060000,0.13099000,,true
11394,8,BMI,F,144,,-1.40060000,17.99660000,0.13129000,,true
11395,8,BMI,F,145,,-1.39450000,18.06300000,0.13158000,,true
11396,8,BMI,F,146,,-1.38830000,18.12970000,0.13186000,,true
11397,8,BMI,F,147,,-1.38190000,18.19670000,0.13214000,,true
11398,8,BMI,F,148,,-1.37550000,18.26390000,0.13241000,,true
11399,8,BMI,F,149,,-1.36890000,18.33120000,0.13268000,,true
11400,8,BMI,F,150,,-1.36210000,18.39860000,0.13295000,,true
11401,8,BMI,F,151,,-1.35530000,18.46600000,0.13321000,,true
11402,8,BMI,F,152,,-1.34830000,18.53330000,0.13347000,,true
11403,8,BMI,F,153,,-1.34130000,18.60060000,0.13372000,,true
11404,8,BMI,F,154,,-1.33410000,18.66770000,0.13397000,,true
11405,8,BMI,F,155,,-1.32690000,18.73460000,0.13421000,,true
11406,8,BMI,F,156,,-1.31950000,18.80120000,0.13445000,,true
11407,8,BMI,F,157,,-1.31210000,18.86750000,0.13469000,,true
11408,8,BMI,F,158,,-1.30460000,18.93350000,0.13492000,,true
11409,8,BMI,F,159,,-1.29700000,18.99910000,0.13514000,,true
11410,8,BMI,F,160,,-1.28940000,19.06420000,0.13537000,,true
11411,8,BMI,F,161,,-1.28160000,19.12890000,0.13559000,,true
11412,8,BMI,F,162,,-1.27390000,19.19310000,0.13580000,,true
11413,8,BMI,F,163,,-1.26610000,19.25670000,0.13601000,,true
11414,8,BMI,F,164,,-1.25830000,19.31970000,0.13622000,,true
11415,8,BMI,F,165,,-1.25040000,19.38200000,0.13642000,,true
11416,8,BMI,F,166,,-1.24250000,19.44370000,0.13662000,,true
11417,8,BMI,F,167,,-1.23450000,19.50450000,0.13681000,,true
11418,8,BMI,F,168,,-1.22660000,19.56470000,0.13700000,,true
11419,8,BMI,F,169,,-1.21860000,19.62400000,0.13719000,,true
11420,8,BMI,F,170,,-1.21070000,19.68240000,0.13738000,,true
11421,8,BMI,F,171,,-1.20270000,19.74000000,0.13756000,,true
11422,8,BMI,F,172,,-1.19470000,19.79660000,0.13774000,,true
11423,8,BMI,F,173,,-1.18670000,19.85230000,0.13791000,,true
11424,8,BMI,F,174,,-1.17880000,19.90700000,0.13808000,,true
11425,8,BMI,F,175,,-1.17080000,19.96070000,0.13825000,,true
11426,8,BMI,F,176,,-1.16290000,20.01330000,0.13841000,,true
11427,8,BMI,F,177,,-1.15490000,20.06480000,0.13858000,,true
11428,8,BMI,F,178,,-1.14700000,20.11520000,0.13873000,,true
11429,8,BMI,F,179,,-1.13900000,20.16440000,0.13889000,,true
11430,8,BMI,F,180,,-1.13110000,20.21250000,0.13904000,,true
11431,8,BMI,F,181,,-1.12320000,20.25950000,0.13920000,,true
11432,8,BMI,F,182,,-1.11530000,20.30530000,0.13934000,,true
11433,8,BMI,F,183,,-1.10740000,20.34990000,0.13949000,,true
11434,8,BMI,F,184,,-1.09960000,20.39340000,0.13963000,,true
11435,8,BMI,F,185,,-1.09170000,20.43570000,0.13977000,,true
11436,8,BMI,F,186,,-1.08380000,20.47690000,0.13991000,,true
11437,8,BMI,F,187,,-1.07600000,20.51700000,0.14005000,,true
11438,8,BMI,F,188,,-1.06810000,20.55600000,0.14018000,,true
11439,8,BMI,F,189,,-1.06030000,20.59380000,0.14031000,,true
11440,8,BMI,F,190,,-1.05250000,20.63060000,0.14044000,,true
11441,8,BMI,F,191,,-1.04470000,20.66630000,0.14057000,,true
11442,8,BMI,F,192,,-1.03680000,20.70080000,0.14070000,,true
11443,8,BMI,F,193,,-1.02900000,20.73440000,0.14082000,,true
11444,8,BMI,F,194,,-1.02120000,20.76680000,0.14094000,,true
11445,8,BMI,F,195,,-1.01340000,20.79820000,0.14106000,,true
11446,8,BMI,F,196,,-1.00550000,20.82860000,0.14118000,,true
11447,8,BMI,F,197,,-0.99770000,20.85800000,0.14130000,,true
11448,8,BMI,F,198,,-0.98980000,20.88630000,0.14142000,,true
11449,8,BMI,F,199,,-0.98190000,20.91370000,0.14153000,,true
11450,8,BMI,F,200,,-0.97400000,20.94010000,0.14164000,,true
11451,8,BMI,F,201,,-0.96610000,20.96560000,0.14176000,,true
11452,8,BMI,F,202,,-0.95820000,20.99010000,0.14187000,,true
11453,8,BMI,F,203,,-0.95030000,21.01380000,0.14198000,,true
11454,8,BMI,F,204,,-0.94230000,21.03670000,0.14208000,,true
11455,8,BMI,F,205,,-0.93440000,21.05870000,0.14219000,,true
11456,8,BMI,F,206,,-0.92640000,21.08010000,0.14230000,,true
11457,8,BMI,F,207,,-0.91840000,21.10070000,0.14240000,,true
11458,8,BMI,F,208,,-0.91040000,21.12060000,0.14250000,,true
11459,8,BMI,F,209,,-0.90240000,21.13990000,0.14261000,,true
11460,8,BMI,F,210,,-0.89440000,21.15860000,0.14271000,,true
11461,8,BMI,F,211,,-0.88630000,21.17680000,0.14281000,,true
11462,8,BMI,F,212,,-0.87830000,21.19440000,0.14291000,,true
11463,8,BMI,F,213,,-0.87030000,21.21160000,0.14301000,,true
11464,8,BMI,F,214,,-0.86230000,21.22820000,0.14311000,,true
11465,8,BMI,F,215,,-0.85420000,21.24440000,0.14320000,,true
11466,8,BMI,F,216,,-0.84620000,21.26030000,0.14330000,,true
11467,8,BMI,F,217,,-0.83820000,21.27570000,0.14340000,,true
11468,8,BMI,F,218,,-0.83010000,21.29080000,0.14349000,,true
11469,8,BMI,F,219,,-0.82210000,21.30550000,0.14359000,,true
11470,8,BMI,F,220,,-0.81400000,21.32000000,0.14368000,,true
11471,8,BMI,F,221,,-0.80600000,21.33410000,0.14377000,,true
11472,8,BMI,F,222,,-0.79800000,21.34800000,0.14386000,,true
11473,8,BMI,F,223,,-0.78990000,21.36170000,0.14396000,,true
11474,8,BMI,F,224,,-0.78190000,21.37520000,0.14405000,,true
11475,8,BMI,F,225,,-0.77380000,21.38840000,0.14414000,,true
11476,8,BMI,F,226,,-0.76580000,21.40140000,0.14423000,,true
11477,8,BMI,F,227,,-0.75770000,21.41430000,0.14432000,,true
11478,8,BMI,F,228,,-0.74960000,21.42690000,0.14441000,,true
11479,9,HFA,M,61,,1.00000000,110.26470000,0.04164000,4.59140000,true
11480,9,HFA,M,62,,1.00000000,110.80060000,0.04172000,4.62260000,true
11481,9,HFA,M,63,,1.00000000,111.33380000,0.04180000,4.65380000,true
11482,9,HFA,M,64,,1.00000000,111.86360000,0.04187000,4.68370000,true
11483,9,HFA,M,65,,1.00000000,112.38950000,0.04195000,4.71470000,true
11484,9,HFA,M,66,,1.00000000,112.91100000,0.04203000,4.74560000,true
11485,9,HFA,M,67,,1.00000000,113.42800000,0.04211000,4.77650000,true
11486,9,HFA,M,68,,1.00000000,113.94100000,0.04218000,4.80600000,true
11487,9,HFA,M,69,,1.00000000,114.45000000,0.04226000,4.83670000,true
11488,9,HFA,M,70,,1.00000000,114.95470000,0.04234000,4.86720000,true
11489,9,HFA,M,71,,1.00000000,115.45490000,0.04241000,4.89640000,true
11490,9,HFA,M,72,,1.00000000,115.95090000,0.04249000,4.92680000,true
11491,9,HFA,M,73,,1.00000000,116.44320000,0.04257000,4.95700000,true
11492,9,HFA,M,74,,1.00000000,116.93250000,0.04264000,4.98600000,true
11493,9,HFA,M,75,,1.00000000,117.41960000,0.04272000,5.01620000,true
11494,9,HFA,M,76,,1.00000000,117.90460000,0.04280000,5.04630000,true
11495,9,HFA,M,77,,1.00000000,118.38800000,0.04287000,5.07530000,true
11496,9,HFA,M,78,,1.00000000,118.87000000,0.04295000,5.10550000,true
11497,9,HFA,M,79,,1.00000000,119.35080000,0.04303000,5.13570000,true
11498,9,HFA,M,80,,1.00000000,119.83030000,0.04311000,5.16590000,true
11499,9,HFA,M,81,,1.00000000,120.30850000,0.04318000,5.19490000,true
11500,9,HFA,M,82,,1.00000000,120.78530000,0.04326000,5.22520000,true
11501,9,HFA,M,83,,1.00000000,121.26040000,0.04334000,5.25540000,true
11502,9,HFA,M,84,,1.00000000,121.73380000,0.04342000,5.28570000,true
11503,9,HFA,M,85,,1.00000000,122.20530000,0.04350000,5.31590000,true
11504,9,HFA,M,86,,1.00000000,122.67500000,0.04358000,5.34620000,true
11505,9,HFA,M,87,,1.00000000,123.14290000,0.04366000,5.37640000,true
11506,9,HFA,M,88,,1.00000000,123.60920000,0.04374000,5.40670000,true
11507,9,HFA,M,89,,1.00000000,124.07360000,0.04382000,5.43690000,true
11508,9,HFA,M,90,,1.00000000,124.53610000,0.04390000,5.46710000,true
11509,9,HFA,M,91,,1.00000000,124.99640000,0.04398000,5.49730000,true
11510,9,HFA,M,92,,1.00000000,125.45450000,0.04406000,5.52750000,true
11511,9,HFA,M,93,,1.00000000,125.91040000,0.04414000,5.55770000,true
11512,9,HFA,M,94,,1.00000000,126.36400000,0.04422000,5.58780000,true
11513,9,HFA,M,95,,1.00000000,126.81560000,0.04430000,5.61790000,true
11514,9,HFA,M,96,,1.00000000,127.26510000,0.04438000,5.64800000,true
11515,9,HFA,M,97,,1.00000000,127.71290000,0.04446000,5.67810000,true
11516,9,HFA,M,98,,1.00000000,128.15900000,0.04454000,5.70820000,true
11517,9,HFA,M,99,,1.00000000,128.60340000,0.04462000,5.73830000,true
11518,9,HFA,M,100,,1.00000000,129.04660000,0.04470000,5.76840000,true
11519,9,HFA,M,101,,1.00000000,129.48870000,0.04478000,5.79850000,true
11520,9,HFA,M,102,,1.00000000,129.93000000,0.04487000,5.83000000,true
11521,9,HFA,M,103,,1.00000000,130.37050000,0.04495000,5.86020000,true
11522,9,HFA,M,104,,1.00000000,130.81030000,0.04503000,5.89040000,true
11523,9,HFA,M,105,,1.00000000,131.24950000,0.04511000,5.92070000,true
11524,9,HFA,M,106,,1.00000000,131.68840000,0.04519000,5.95100000,true
11525,9,HFA,M,107,,1.00000000,132.12690000,0.04527000,5.98140000,true
11526,9,HFA,M,108,,1.00000000,132.56520000,0.04535000,6.01180000,true
11527,9,HFA,M,109,,1.00000000,133.00310000,0.04543000,6.04230000,true
11528,9,HFA,M,110,,1.00000000,133.44040000,0.04551000,6.07290000,true
11529,9,HFA,M,111,,1.00000000,133.87700000,0.04559000,6.10350000,true
11530,9,HFA,M,112,,1.00000000,134.31300000,0.04566000,6.13270000,true
11531,9,HFA,M,113,,1.00000000,134.74830000,0.04574000,6.16340000,true
11532,9,HFA,M,114,,1.00000000,135.18290000,0.04582000,6.19410000,true
11533,9,HFA,M,115,,1.00000000,135.61680000,0.04589000,6.22350000,true
11534,9,HFA,M,116,,1.00000000,136.05010000,0.04597000,6.25420000,true
11535,9,HFA,M,117,,1.00000000,136.48290000,0.04604000,6.28370000,true
11536,9,HFA,M,118,,1.00000000,136.91530000,0.04612000,6.31450000,true
11537,9,HFA,M,119,,1.00000000,137.34740000,0.04619000,6.34410000,true
11538,9,HFA,M,120,,1.00000000,137.77950000,0.04626000,6.37370000,true
11539,9,HFA,M,121,,1.00000000,138.21190000,0.04633000,6.40340000,true
11540,9,HFA,M,122,,1.00000000,138.64520000,0.04640000,6.43310000,true
11541,9,HFA,M,123,,1.00000000,139.07970000,0.04647000,6.46300000,true
11542,9,HFA,M,124,,1.00000000,139.51580000,0.04654000,6.49310000,true
11543,9,HFA,M,125,,1.00000000,139.95400000,0.04661000,6.52330000,true
11544,9,HFA,M,126,,1.00000000,140.39480000,0.04667000,6.55220000,true
11545,9,HFA,M,127,,1.00000000,140.83870000,0.04674000,6.58280000,true
11546,9,HFA,M,128,,1.00000000,141.28590000,0.04680000,6.61220000,true
11547,9,HFA,M,129,,1.00000000,141.73680000,0.04686000,6.64180000,true
11548,9,HFA,M,130,,1.00000000,142.19160000,0.04692000,6.67160000,true
11549,9,HFA,M,131,,1.00000000,142.65010000,0.04698000,6.70170000,true
11550,9,HFA,M,132,,1.00000000,143.11260000,0.04703000,6.73060000,true
11551,9,HFA,M,133,,1.00000000,143.57950000,0.04709000,6.76120000,true
11552,9,HFA,M,134,,1.00000000,144.05110000,0.04714000,6.79060000,true
11553,9,HFA,M,135,,1.00000000,144.52760000,0.04719000,6.82030000,true
11554,9,HFA,M,136,,1.00000000,145.00930000,0.04723000,6.84880000,true
11555,9,HFA,M,137,,1.00000000,145.49640000,0.04728000,6.87910000,true
11556,9,HFA,M,138,,1.00000000,145.98910000,0.04732000,6.90820000,true
11557,9,HFA,M,139,,1.00000000,146.48780000,0.04736000,6.93770000,true
11558,9,HFA,M,140,,1.00000000,146.99270000,0.04740000,6.96750000,true
11559,9,HFA,M,141,,1.00000000,147.50410000,0.04744000,6.99760000,true
11560,9,HFA,M,142,,1.00000000,148.02240000,0.04747000,7.02660000,true
11561,9,HFA,M,143,,1.00000000,148.54780000,0.04750000,7.05600000,true
11562,9,HFA,M,144,,1.00000000,149.08070000,0.04753000,7.08580000,true
11563,9,HFA,M,145,,1.00000000,149.62120000,0.04755000,7.11450000,true
11564,9,HFA,M,146,,1.00000000,150.16940000,0.04758000,7.14510000,true
11565,9,HFA,M,147,,1.00000000,150.72560000,0.04759000,7.17300000,true
11566,9,HFA,M,148,,1.00000000,151.28990000,0.04761000,7.20290000,true
11567,9,HFA,M,149,,1.00000000,151.86230000,0.04762000,7.23170000,true
11568,9,HFA,M,150,,1.00000000,152.44250000,0.04763000,7.26080000,true
11569,9,HFA,M,151,,1.00000000,153.02980000,0.04763000,7.28880000,true
11570,9,HFA,M,152,,1.00000000,153.62340000,0.04764000,7.31860000,true
11571,9,HFA,M,153,,1.00000000,154.22230000,0.04763000,7.34560000,true
11572,9,HFA,M,154,,1.00000000,154.82580000,0.04763000,7.37440000,true
11573,9,HFA,M,155,,1.00000000,155.43290000,0.04762000,7.40170000,true
11574,9,HFA,M,156,,1.00000000,156.04260000,0.04760000,7.42760000,true
11575,9,HFA,M,157,,1.00000000,156.65390000,0.04758000,7.45360000,true
11576,9,HFA,M,158,,1.00000000,157.26600000,0.04756000,7.47960000,true
11577,9,HFA,M,159,,1.00000000,157.87750000,0.04754000,7.50550000,true
11578,9,HFA,M,160,,1.00000000,158.48710000,0.04751000,7.52970000,true
11579,9,HFA,M,161,,1.00000000,159.09370000,0.04747000,7.55220000,true
11580,9,HFA,M,162,,1.00000000,159.69620000,0.04744000,7.57600000,true
11581,9,HFA,M,163,,1.00000000,160.29390000,0.04740000,7.59790000,true
11582,9,HFA,M,164,,1.00000000,160.88610000,0.04735000,7.61800000,true
11583,9,HFA,M,165,,1.00000000,161.47200000,0.04730000,7.63760000,true
11584,9,HFA,M,166,,1.00000000,162.05050000,0.04725000,7.65690000,true
11585,9,HFA,M,167,,1.00000000,162.62070000,0.04720000,7.67570000,true
11586,9,HFA,M,168,,1.00000000,163.18160000,0.04714000,7.69240000,true
11587,9,HFA,M,169,,1.00000000,163.73210000,0.04707000,7.70690000,true
11588,9,HFA,M,170,,1.00000000,164.27170000,0.04701000,7.72240000,true
11589,9,HFA,M,171,,1.00000000,164.79940000,0.04694000,7.73570000,true
11590,9,HFA,M,172,,1.00000000,165.31450000,0.04687000,7.74830000,true
11591,9,HFA,M,173,,1.00000000,165.81650000,0.04679000,7.75860000,true
11592,9,HFA,M,174,,1.00000000,166.30500000,0.04671000,7.76810000,true
11593,9,HFA,M,175,,1.00000000,166.77990000,0.04663000,7.77690000,true
11594,9,HFA,M,176,,1.00000000,167.24150000,0.04655000,7.78510000,true
11595,9,HFA,M,177,,1.00000000,167.68990000,0.04646000,7.79090000,true
11596,9,HFA,M,178,,1.00000000,168.12550000,0.04637000,7.79600000,true
11597,9,HFA,M,179,,1.00000000,168.54820000,0.04628000,7.80040000,true
11598,9,HFA,M,180,,1.00000000,168.95800000,0.04619000,7.80420000,true
11599,9,HFA,M,181,,1.00000000,169.35490000,0.04609000,7.80560000,true
11600,9,HFA,M,182,,1.00000000,169.73890000,0.04599000,7.80630000,true
11601,9,HFA,M,183,,1.00000000,170.10990000,0.04589000,7.80630000,true
11602,9,HFA,M,184,,1.00000000,170.46800000,0.04579000,7.80570000,true
11603,9,HFA,M,185,,1.00000000,170.81360000,0.04569000,7.80450000,true
11604,9,HFA,M,186,,1.00000000,171.14680000,0.04559000,7.80260000,true
11605,9,HFA,M,187,,1.00000000,171.46800000,0.04548000,7.79840000,true
11606,9,HFA,M,188,,1.00000000,171.77730000,0.04538000,7.79530000,true
11607,9,HFA,M,189,,1.00000000,172.07480000,0.04527000,7.78980000,true
11608,9,HFA,M,190,,1.00000000,172.36060000,0.04516000,7.78380000,true
11609,9,HFA,M,191,,1.00000000,172.63450000,0.04506000,7.77890000,true
11610,9,HFA,M,192,,1.00000000,172.89670000,0.04495000,7.77170000,true
11611,9,HFA,M,193,,1.00000000,173.14700000,0.04484000,7.76390000,true
11612,9,HFA,M,194,,1.00000000,173.38560000,0.04473000,7.75550000,true
11613,9,HFA,M,195,,1.00000000,173.61260000,0.04462000,7.74660000,true
11614,9,HFA,M,196,,1.00000000,173.82800000,0.04451000,7.73710000,true
11615,9,HFA,M,197,,1.00000000,174.03210000,0.04440000,7.72700000,true
11616,9,HFA,M,198,,1.00000000,174.22510000,0.04429000,7.71640000,true
11617,9,HFA,M,199,,1.00000000,174.40710000,0.04418000,7.70530000,true
11618,9,HFA,M,200,,1.00000000,174.57840000,0.04407000,7.69370000,true
11619,9,HFA,M,201,,1.00000000,174.73920000,0.04396000,7.68150000,true
11620,9,HFA,M,202,,1.00000000,174.88960000,0.04385000,7.66890000,true
11621,9,HFA,M,203,,1.00000000,175.03010000,0.04375000,7.65760000,true
11622,9,HFA,M,204,,1.00000000,175.16090000,0.04364000,7.64400000,true
11623,9,HFA,M,205,,1.00000000,175.28240000,0.04353000,7.63000000,true
11624,9,HFA,M,206,,1.00000000,175.39510000,0.04343000,7.61740000,true
11625,9,HFA,M,207,,1.00000000,175.49950000,0.04332000,7.60260000,true
11626,9,HFA,M,208,,1.00000000,175.59590000,0.04322000,7.58930000,true
11627,9,HFA,M,209,,1.00000000,175.68500000,0.04311000,7.57380000,true
11628,9,HFA,M,210,,1.00000000,175.76720000,0.04301000,7.55970000,true
11629,9,HFA,M,211,,1.00000000,175.84320000,0.04291000,7.54540000,true
11630,9,HFA,M,212,,1.00000000,175.91330000,0.04281000,7.53080000,true
11631,9,HFA,M,213,,1.00000000,175.97810000,0.04271000,7.51600000,true
11632,9,HFA,M,214,,1.00000000,176.03800000,0.04261000,7.50100000,true
11633,9,HFA,M,215,,1.00000000,176.09350000,0.04251000,7.48570000,true
11634,9,HFA,M,216,,1.00000000,176.14490000,0.04241000,7.47030000,true
11635,9,HFA,M,217,,1.00000000,176.19250000,0.04232000,7.45650000,true
11636,9,HFA,M,218,,1.00000000,176.23680000,0.04222000,7.44070000,true
11637,9,HFA,M,219,,1.00000000,176.27790000,0.04213000,7.42660000,true
11638,9,HFA,M,220,,1.00000000,176.31620000,0.04204000,7.41230000,true
11639,9,HFA,M,221,,1.00000000,176.35180000,0.04195000,7.39800000,true
11640,9,HFA,M,222,,1.00000000,176.38510000,0.04185000,7.38170000,true
11641,9,HFA,M,223,,1.00000000,176.41620000,0.04177000,7.36890000,true
11642,9,HFA,M,224,,1.00000000,176.44530000,0.04168000,7.35420000,true
11643,9,HFA,M,225,,1.00000000,176.47240000,0.04159000,7.33950000,true
11644,9,HFA,M,226,,1.00000000,176.49760000,0.04150000,7.32470000,true
11645,9,HFA,M,227,,1.00000000,176.52110000,0.04142000,7.31150000,true
11646,9,HFA,M,228,,1.00000000,176.54320000,0.04134000,7.29830000,true
11647,10,HFA,F,61,,1.00000000,109.60160000,0.04355000,4.77310000,true
11648,10,HFA,F,62,,1.00000000,110.12580000,0.04364000,4.80590000,true
11649,10,HFA,F,63,,1.00000000,110.64510000,0.04373000,4.83850000,true
11650,10,HFA,F,64,,1.00000000,111.15960000,0.04382000,4.87100000,true
11651,10,HFA,F,65,,1.00000000,111.66960000,0.04390000,4.90230000,true
11652,10,HFA,F,66,,1.00000000,112.17530000,0.04399000,4.93460000,true
11653,10,HFA,F,67,,1.00000000,112.67670000,0.04407000,4.96570000,true
11654,10,HFA,F,68,,1.00000000,113.17400000,0.04415000,4.99660000,true
11655,10,HFA,F,69,,1.00000000,113.66720000,0.04423000,5.02750000,true
11656,10,HFA,F,70,,1.00000000,114.15650000,0.04431000,5.05830000,true
11657,10,HFA,F,71,,1.00000000,114.64210000,0.04439000,5.08900000,true
11658,10,HFA,F,72,,1.00000000,115.12440000,0.04447000,5.11960000,true
11659,10,HFA,F,73,,1.00000000,115.60390000,0.04454000,5.14900000,true
11660,10,HFA,F,74,,1.00000000,116.08120000,0.04461000,5.17840000,true
11661,10,HFA,F,75,,1.00000000,116.55680000,0.04469000,5.20890000,true
11662,10,HFA,F,76,,1.00000000,117.03110000,0.04475000,5.23710000,true
11663,10,HFA,F,77,,1.00000000,117.50440000,0.04482000,5.26650000,true
11664,10,HFA,F,78,,1.00000000,117.97690000,0.04489000,5.29600000,true
11665,10,HFA,F,79,,1.00000000,118.44890000,0.04495000,5.32430000,true
11666,10,HFA,F,80,,1.00000000,118.92080000,0.04502000,5.35380000,true
11667,10,HFA,F,81,,1.00000000,119.39260000,0.04508000,5.38220000,true
11668,10,HFA,F,82,,1.00000000,119.86480000,0.04514000,5.41070000,true
11669,10,HFA,F,83,,1.00000000,120.33740000,0.04520000,5.43930000,true
11670,10,HFA,F,84,,1.00000000,120.81050000,0.04525000,5.46670000,true
11671,10,HFA,F,85,,1.00000000,121.28430000,0.04531000,5.49540000,true
11672,10,HFA,F,86,,1.00000000,121.75870000,0.04536000,5.52300000,true
11673,10,HFA,F,87,,1.00000000,122.23380000,0.04542000,5.55190000,true
11674,10,HFA,F,88,,1.00000000,122.70980000,0.04547000,5.57960000,true
11675,10,HFA,F,89,,1.00000000,123.18680000,0.04551000,5.60620000,true
11676,10,HFA,F,90,,1.00000000,123.66460000,0.04556000,5.63420000,true
11677,10,HFA,F,91,,1.00000000,124.14350000,0.04561000,5.66220000,true
11678,10,HFA,F,92,,1.00000000,124.62340000,0.04565000,5.68910000,true
11679,10,HFA,F,93,,1.00000000,125.10450000,0.04569000,5.71600000,true
11680,10,HFA,F,94,,1.00000000,125.58690000,0.04573000,5.74310000,true
11681,10,HFA,F,95,,1.00000000,126.07060000,0.04577000,5.77030000,true
11682,10,HFA,F,96,,1.00000000,126.55580000,0.04581000,5.79750000,true
11683,10,HFA,F,97,,1.00000000,127.04240000,0.04585000,5.82490000,true
11684,10,HFA,F,98,,1.00000000,127.53040000,0.04588000,5.85110000,true
11685,10,HFA,F,99,,1.00000000,128.01990000,0.04591000,5.87740000,true
11686,10,HFA,F,100,,1.00000000,128.51090000,0.04594000,5.90380000,true
11687,10,HFA,F,101,,1.00000000,129.00350000,0.04597000,5.93030000,true
11688,10,HFA,F,102,,1.00000000,129.49750000,0.04600000,5.95690000,true
11689,10,HFA,F,103,,1.00000000,129.99320000,0.04602000,5.98230000,true
11690,10,HFA,F,104,,1.00000000,130.49040000,0.04604000,6.00780000,true
11691,10,HFA,F,105,,1.00000000,130.98910000,0.04607000,6.03470000,true
11692,10,HFA,F,106,,1.00000000,131.48950000,0.04608000,6.05900000,true
11693,10,HFA,F,107,,1.00000000,131.99120000,0.04610000,6.08480000,true
11694,10,HFA,F,108,,1.00000000,132.49440000,0.04612000,6.11060000,true
11695,10,HFA,F,109,,1.00000000,132.99890000,0.04613000,6.13520000,true
11696,10,HFA,F,110,,1.00000000,133.50460000,0.04614000,6.15990000,true
11697,10,HFA,F,111,,1.00000000,134.01180000,0.04615000,6.18460000,true
11698,10,HFA,F,112,,1.00000000,134.52020000,0.04616000,6.20950000,true
11699,10,HFA,F,113,,1.00000000,135.02990000,0.04616000,6.23300000,true
11700,10,HFA,F,114,,1.00000000,135.54100000,0.04617000,6.25790000,true
11701,10,HFA,F,115,,1.00000000,136.05330000,0.04617000,6.28160000,true
11702,10,HFA,F,116,,1.00000000,136.56700000,0.04616000,6.30390000,true
11703,10,HFA,F,117,,1.00000000,137.08210000,0.04616000,6.32770000,true
11704,10,HFA,F,118,,1.00000000,137.59870000,0.04616000,6.35160000,true
11705,10,HFA,F,119,,1.00000000,138.11670000,0.04615000,6.37410000,true
11706,10,HFA,F,120,,1.00000000,138.63630000,0.04614000,6.39670000,true
11707,10,HFA,F,121,,1.00000000,139.15750000,0.04612000,6.41790000,true
11708,10,HFA,F,122,,1.00000000,139.68030000,0.04611000,6.44070000,true
11709,10,HFA,F,123,,1.00000000,140.20490000,0.04609000,6.46200000,true
11710,10,HFA,F,124,,1.00000000,140.73130000,0.04607000,6.48350000,true
11711,10,HFA,F,125,,1.00000000,141.25940000,0.04605000,6.50500000,true
11712,10,HFA,F,126,,1.00000000,141.78920000,0.04603000,6.52660000,true
11713,10,HFA,F,127,,1.00000000,142.32060000,0.04600000,6.54670000,true
11714,10,HFA,F,128,,1.00000000,142.85340000,0.04597000,6.56700000,true
11715,10,HFA,F,129,,1.00000000,143.38740000,0.04594000,6.58720000,true
11716,10,HFA,F,130,,1.00000000,143.92220000,0.04591000,6.60750000,true
11717,10,HFA,F,131,,1.00000000,144.45750000,0.04588000,6.62770000,true
11718,10,HFA,F,132,,1.00000000,144.99290000,0.04584000,6.64650000,true
11719,10,HFA,F,133,,1.00000000,145.52800000,0.04580000,6.66520000,true
11720,10,HFA,F,134,,1.00000000,146.06220000,0.04576000,6.68380000,true
11721,10,HFA,F,135,,1.00000000,146.59510000,0.04571000,6.70090000,true
11722,10,HFA,F,136,,1.00000000,147.12620000,0.04567000,6.71930000,true
11723,10,HFA,F,137,,1.00000000,147.65480000,0.04562000,6.73600000,true
11724,10,HFA,F,138,,1.00000000,148.18040000,0.04557000,6.75260000,true
11725,10,HFA,F,139,,1.00000000,148.70230000,0.04552000,6.76890000,true
11726,10,HFA,F,140,,1.00000000,149.21970000,0.04546000,6.78350000,true
11727,10,HFA,F,141,,1.00000000,149.73220000,0.04541000,6.79930000,true
11728,10,HFA,F,142,,1.00000000,150.23900000,0.04535000,6.81330000,true
11729,10,HFA,F,143,,1.00000000,150.73940000,0.04529000,6.82700000,true
11730,10,HFA,F,144,,1.00000000,151.23270000,0.04523000,6.84030000,true
11731,10,HFA,F,145,,1.00000000,151.71820000,0.04516000,6.85160000,true
11732,10,HFA,F,146,,1.00000000,152.19510000,0.04510000,6.86400000,true
11733,10,HFA,F,147,,1.00000000,152.66280000,0.04503000,6.87440000,true
11734,10,HFA,F,148,,1.00000000,153.12060000,0.04497000,6.88580000,true
11735,10,HFA,F,149,,1.00000000,153.56780000,0.04490000,6.89520000,true
11736,10,HFA,F,150,,1.00000000,154.00410000,0.04483000,6.90400000,true
11737,10,HFA,F,151,,1.00000000,154.42900000,0.04476000,6.91220000,true
11738,10,HFA,F,152,,1.00000000,154.84230000,0.04468000,6.91840000,true
11739,10,HFA,F,153,,1.00000000,155.24370000,0.04461000,6.92540000,true
11740,10,HFA,F,154,,1.00000000,155.63300000,0.04454000,6.93190000,true
11741,10,HFA,F,155,,1.00000000,156.01010000,0.04446000,6.93620000,true
11742,10,HFA,F,156,,1.00000000,156.37480000,0.04439000,6.94150000,true
11743,10,HFA,F,157,,1.00000000,156.72690000,0.04431000,6.94460000,true
11744,10,HFA,F,158,,1.00000000,157.06660000,0.04423000,6.94710000,true
11745,10,HFA,F,159,,1.00000000,157.39360000,0.04415000,6.94890000,true
11746,10,HFA,F,160,,1.00000000,157.70820000,0.04408000,6.95180000,true
11747,10,HFA,F,161,,1.00000000,158.01020000,0.04400000,6.95240000,true
11748,10,HFA,F,162,,1.00000000,158.29970000,0.04392000,6.95250000,true
11749,10,HFA,F,163,,1.00000000,158.57710000,0.04384000,6.95200000,true
11750,10,HFA,F,164,,1.00000000,158.84250000,0.04376000,6.95090000,true
11751,10,HFA,F,165,,1.00000000,159.09610000,0.04369000,6.95090000,true
11752,10,HFA,F,166,,1.00000000,159.33820000,0.04361000,6.94870000,true
11753,10,HFA,F,167,,1.00000000,159.56910000,0.04353000,6.94600000,true
11754,10,HFA,F,168,,1.00000000,159.78900000,0.04345000,6.94280000,true
11755,10,HFA,F,169,,1.00000000,159.99830000,0.04337000,6.93910000,true
11756,10,HFA,F,170,,1.00000000,160.19710000,0.04330000,6.93650000,true
11757,10,HFA,F,171,,1.00000000,160.38570000,0.04322000,6.93190000,true
11758,10,HFA,F,172,,1.00000000,160.56430000,0.04314000,6.92670000,true
11759,10,HFA,F,173,,1.00000000,160.73320000,0.04307000,6.92280000,true
11760,10,HFA,F,174,,1.00000000,160.89270000,0.04299000,6.91680000,true
11761,10,HFA,F,175,,1.00000000,161.04300000,0.04292000,6.91200000,true
11762,10,HFA,F,176,,1.00000000,161.18450000,0.04284000,6.90510000,true
11763,10,HFA,F,177,,1.00000000,161.31760000,0.04277000,6.89960000,true
11764,10,HFA,F,178,,1.00000000,161.44250000,0.04270000,6.89360000,true
11765,10,HFA,F,179,,1.00000000,161.55960000,0.04263000,6.88730000,true
11766,10,HFA,F,180,,1.00000000,161.66920000,0.04255000,6.87900000,true
11767,10,HFA,F,181,,1.00000000,161.77170000,0.04248000,6.87210000,true
11768,10,HFA,F,182,,1.00000000,161.86730000,0.04241000,6.86480000,true
11769,10,HFA,F,183,,1.00000000,161.95640000,0.04235000,6.85890000,true
11770,10,HFA,F,184,,1.00000000,162.03930000,0.04228000,6.85100000,true
11771,10,HFA,F,185,,1.00000000,162.11640000,0.04221000,6.84290000,true
11772,10,HFA,F,186,,1.00000000,162.18800000,0.04214000,6.83460000,true
11773,10,HFA,F,187,,1.00000000,162.25420000,0.04208000,6.82770000,true
11774,10,HFA,F,188,,1.00000000,162.31540000,0.04201000,6.81890000,true
11775,10,HFA,F,189,,1.00000000,162.37190000,0.04195000,6.81150000,true
11776,10,HFA,F,190,,1.00000000,162.42390000,0.04189000,6.80390000,true
11777,10,HFA,F,191,,1.00000000,162.47170000,0.04182000,6.79460000,true
11778,10,HFA,F,192,,1.00000000,162.51560000,0.04176000,6.78670000,true
11779,10,HFA,F,193,,1.00000000,162.55600000,0.04170000,6.77860000,true
11780,10,HFA,F,194,,1.00000000,162.59330000,0.04164000,6.77040000,true
11781,10,HFA,F,195,,1.00000000,162.62760000,0.04158000,6.76210000,true
11782,10,HFA,F,196,,1.00000000,162.65940000,0.04152000,6.75360000,true
11783,10,HFA,F,197,,1.00000000,162.68900000,0.04147000,6.74670000,true
11784,10,HFA,F,198,,1.00000000,162.71650000,0.04141000,6.73810000,true
11785,10,HFA,F,199,,1.00000000,162.74250000,0.04136000,6.73100000,true
11786,10,HFA,F,200,,1.00000000,162.76700000,0.04130000,6.72230000,true
11787,10,HFA,F,201,,1.00000000,162.79040000,0.04125000,6.71510000,true
11788,10,HFA,F,202,,1.00000000,162.81260000,0.04119000,6.70630000,true
11789,10,HFA,F,203,,1.00000000,162.83400000,0.04114000,6.69900000,true
11790,10,HFA,F,204,,1.00000000,162.85450000,0.04109000,6.69170000,true
11791,10,HFA,F,205,,1.00000000,162.87430000,0.04104000,6.68440000,true
11792,10,HFA,F,206,,1.00000000,162.89350000,0.04099000,6.67700000,true
11793,10,HFA,F,207,,1.00000000,162.91200000,0.04094000,6.66960000,true
11794,10,HFA,F,208,,1.00000000,162.93000000,0.04089000,6.66220000,true
11795,10,HFA,F,209,,1.00000000,162.94760000,0.04084000,6.65480000,true
11796,10,HFA,F,210,,1.00000000,162.96490000,0.04080000,6.64900000,true
11797,10,HFA,F,211,,1.00000000,162.98170000,0.04075000,6.64150000,true
11798,10,HFA,F,212,,1.00000000,162.99830000,0.04071000,6.63570000,true
11799,10,HFA,F,213,,1.00000000,163.01440000,0.04066000,6.62820000,true
11800,10,HFA,F,214,,1.00000000,163.03000000,0.04062000,6.62230000,true
11801,10,HFA,F,215,,1.00000000,163.04510000,0.04058000,6.61640000,true
11802,10,HFA,F,216,,1.00000000,163.05950000,0.04053000,6.60880000,true
11803,10,HFA,F,217,,1.00000000,163.07330000,0.04049000,6.60280000,true
11804,10,HFA,F,218,,1.00000000,163.08620000,0.04045000,6.59680000,true
11805,10,HFA,F,219,,1.00000000,163.09820000,0.04041000,6.59080000,true
11806,10,HFA,F,220,,1.00000000,163.10920000,0.04037000,6.58470000,true
11807,10,HFA,F,221,,1.00000000,163.11920000,0.04034000,6.58020000,true
11808,10,HFA,F,222,,1.00000000,163.12790000,0.04030000,6.57410000,true
11809,10,HFA,F,223,,1.00000000,163.13550000,0.04026000,6.56780000,true
11810,10,HFA,F,224,,1.00000000,163.14180000,0.04023000,6.56320000,true
11811,10,HFA,F,225,,1.00000000,163.14690000,0.04019000,6.55690000,true
11812,10,HFA,F,226,,1.00000000,163.15080000,0.04016000,6.55210000,true
11813,10,HFA,F,227,,1.00000000,163.15340000,0.04012000,6.54570000,true
11814,10,HFA,F,228,,1.00000000,163.15480000,0.04009000,6.54090000,true
11815,11,WFA,M,61,,-0.20260000,18.50570000,0.12988000,,true
11816,11,WFA,M,62,,-0.21300000,18.68020000,0.13028000,,true
11817,11,WFA,M,63,,-0.22340000,18.85630000,0.13067000,,true
11818,11,WFA,M,64,,-0.23380000,19.03400000,0.13105000,,true
11819,11,WFA,M,65,,-0.24430000,19.21320000,0.13142000,,true
11820,11,WFA,M,66,,-0.25480000,19.39400000,0.13178000,,true
11821,11,WFA,M,67,,-0.26530000,19.57650000,0.13213000,,true
11822,11,WFA,M,68,,-0.27580000,19.76070000,0.13246000,,true
11823,11,WFA,M,69,,-0.28640000,19.94680000,0.13279000,,true
11824,11,WFA,M,70,,-0.29690000,20.13440000,0.13311000,,true
11825,11,WFA,M,71,,-0.30750000,20.32350000,0.13342000,,true
11826,11,WFA,M,72,,-0.31800000,20.51370000,0.13372000,,true
11827,11,WFA,M,73,,-0.32850000,20.70520000,0.13402000,,true
11828,11,WFA,M,74,,-0.33900000,20.89790000,0.13432000,,true
11829,11,WFA,M,75,,-0.34940000,21.09180000,0.13462000,,true
11830,11,WFA,M,76,,-0.35980000,21.28700000,0.13493000,,true
11831,11,WFA,M,77,,-0.37010000,21.48330000,0.13523000,,true
11832,11,WFA,M,78,,-0.38040000,21.68100000,0.13554000,,true
11833,11,WFA,M,79,,-0.39060000,21.87990000,0.13586000,,true
11834,11,WFA,M,80,,-0.40070000,22.08000000,0.13618000,,true
11835,11,WFA,M,81,,-0.41070000,22.28130000,0.13652000,,true
11836,11,WFA,M,82,,-0.42070000,22.48370000,0.13686000,,true
11837,11,WFA,M,83,,-0.43050000,22.68720000,0.13722000,,true
11838,11,WFA,M,84,,-0.44020000,22.89150000,0.13759000,,true
11839,11,WFA,M,85,,-0.44990000,23.09680000,0.13797000,,true
11840,11,WFA,M,86,,-0.45940000,23.30290000,0.13838000,,true
11841,11,WFA,M,87,,-0.46880000,23.51010000,0.13880000,,true
11842,11,WFA,M,88,,-0.47810000,23.71820000,0.13923000,,true
11843,11,WFA,M,89,,-0.48730000,23.92720000,0.13969000,,true
11844,11,WFA,M,90,,-0.49640000,24.13710000,0.14016000,,true
11845,11,WFA,M,91,,-0.50530000,24.34790000,0.14065000,,true
11846,11,WFA,M,92,,-0.51420000,24.55950000,0.14117000,,true
11847,11,WFA,M,93,,-0.52290000,24.77220000,0.14170000,,true
11848,11,WFA,M,94,,-0.53150000,24.98580000,0.14226000,,true
11849,11,WFA,M,95,,-0.53990000,25.20050000,0.14284000,,true
11850,11,WFA,M,96,,-0.54820000,25.41630000,0.14344000,,true
11851,11,WFA,M,97,,-0.55640000,25.63320000,0.14407000,,true
11852,11,WFA,M,98,,-0.56440000,25.85130000,0.14472000,,true
11853,11,WFA,M,99,,-0.57220000,26.07060000,0.14539000,,true
11854,11,WFA,M,100,,-0.57990000,26.29110000,0.14608000,,true
11855,11,WFA,M,101,,-0.58730000,26.51280000,0.14679000,,true
11856,11,WFA,M,102,,-0.59460000,26.73580000,0.14752000,,true
11857,11,WFA,M,103,,-0.60170000,26.96020000,0.14828000,,true
11858,11,WFA,M,104,,-0.60850000,27.18610000,0.14905000,,true
11859,11,WFA,M,105,,-0.61520000,27.41370000,0.14984000,,true
11860,11,WFA,M,106,,-0.62160000,27.64320000,0.15066000,,true
11861,11,WFA,M,107,,-0.62780000,27.87500000,0.15149000,,true
11862,11,WFA,M,108,,-0.63370000,28.10920000,0.15233000,,true
11863,11,WFA,M,109,,-0.63930000,28.34590000,0.15319000,,true
11864,11,WFA,M,110,,-0.64460000,28.58540000,0.15406000,,true
11865,11,WFA,M,111,,-0.64960000,28.82770000,0.15493000,,true
11866,11,WFA,M,112,,-0.65430000,29.07310000,0.15581000,,true
11867,11,WFA,M,113,,-0.65850000,29.32170000,0.15670000,,true
11868,11,WFA,M,114,,-0.66240000,29.57360000,0.15760000,,true
11869,11,WFA,M,115,,-0.66590000,29.82890000,0.15850000,,true
11870,11,WFA,M,116,,-0.66890000,30.08770000,0.15940000,,true
11871,11,WFA,M,117,,-0.67140000,30.35010000,0.16031000,,true
11872,11,WFA,M,118,,-0.67350000,30.61600000,0.16122000,,true
11873,11,WFA,M,119,,-0.67520000,30.88540000,0.16213000,,true
11874,11,WFA,M,120,,-0.67640000,31.15860000,0.16305000,,true
11875,12,WFA,F,61,,-0.46810000,18.25790000,0.14295000,,true
11876,12,WFA,F,62,,-0.47110000,18.43290000,0.14350000,,true
11877,12,WFA,F,63,,-0.47420000,18.60730000,0.14404000,,true
11878,12,WFA,F,64,,-0.47730000,18.78110000,0.14459000,,true
11879,12,WFA,F,65,,-0.48030000,18.95450000,0.14514000,,true
11880,12,WFA,F,66,,-0.48340000,19.12760000,0.14569000,,true
11881,12,WFA,F,67,,-0.48640000,19.30040000,0.14624000,,true
11882,12,WFA,F,68,,-0.48940000,19.47300000,0.14679000,,true
11883,12,WFA,F,69,,-0.49240000,19.64550000,0.14735000,,true
11884,12,WFA,F,70,,-0.49540000,19.81800000,0.14790000,,true
11885,12,WFA,F,71,,-0.49840000,19.99080000,0.14845000,,true
11886,12,WFA,F,72,,-0.50130000,20.16390000,0.14900000,,true
11887,12,WFA,F,73,,-0.50430000,20.33770000,0.14955000,,true
11888,12,WFA,F,74,,-0.50720000,20.51240000,0.15010000,,true
11889,12,WFA,F,75,,-0.51000000,20.68850000,0.15065000,,true
11890,12,WFA,F,76,,-0.51290000,20.86610000,0.15120000,,true
11891,12,WFA,F,77,,-0.51570000,21.04570000,0.15175000,,true
11892,12,WFA,F,78,,-0.51850000,21.22740000,0.15230000,,true
11893,12,WFA,F,79,,-0.52130000,21.41130000,0.15284000,,true
11894,12,WFA,F,80,,-0.52400000,21.59790000,0.15339000,,true
11895,12,WFA,F,81,,-0.52680000,21.78720000,0.15393000,,true
11896,12,WFA,F,82,,-0.52940000,21.97950000,0.15448000,,true
11897,12,WFA,F,83,,-0.53210000,22.17510000,0.15502000,,true
11898,12,WFA,F,84,,-0.53470000,22.37400000,0.15556000,,true
11899,12,WFA,F,85,,-0.53720000,22.57620000,0.15610000,,true
11900,12,WFA,F,86,,-0.53980000,22.78160000,0.15663000,,true
11901,12,WFA,F,87,,-0.54230000,22.99040000,0.15717000,,true
11902,12,WFA,F,88,,-0.54470000,23.20250000,0.15770000,,true
11903,12,WFA,F,89,,-0.54710000,23.41800000,0.15823000,,true
11904,12,WFA,F,90,,-0.54950000,23.63690000,0.15876000,,true
11905,12,WFA,F,91,,-0.55180000,23.85930000,0.15928000,,true
11906,12,WFA,F,92,,-0.55410000,24.08530000,0.15980000,,true
11907,12,WFA,F,93,,-0.55630000,24.31490000,0.16032000,,true
11908,12,WFA,F,94,,-0.55850000,24.54820000,0.16084000,,true
11909,12,WFA,F,95,,-0.56060000,24.78530000,0.16135000,,true
11910,12,WFA,F,96,,-0.56270000,25.02620000,0.16186000,,true
11911,12,WFA,F,97,,-0.56470000,25.27100000,0.16237000,,true
11912,12,WFA,F,98,,-0.56670000,25.51970000,0.16287000,,true
11913,12,WFA,F,99,,-0.56860000,25.77210000,0.16337000,,true
11914,12,WFA,F,100,,-0.57040000,26.02840000,0.16386000,,true
11915,12,WFA,F,101,,-0.57220000,26.28830000,0.16435000,,true
11916,12,WFA,F,102,,-0.57400000,26.55190000,0.16483000,,true
11917,12,WFA,F,103,,-0.57570000,26.81900000,0.16532000,,true
11918,12,WFA,F,104,,-0.57730000,27.08960000,0.16579000,,true
11919,12,WFA,F,105,,-0.57890000,27.36350000,0.16626000,,true
11920,12,WFA,F,106,,-0.58040000,27.64060000,0.16673000,,true
11921,12,WFA,F,107,,-0.58190000,27.92080000,0.16719000,,true
11922,12,WFA,F,108,,-0.58330000,28.20400000,0.16764000,,true
11923,12,WFA,F,109,,-0.58470000,28.49010000,0.16809000,,true
11924,12,WFA,F,110,,-0.58590000,28.77910000,0.16854000,,true
11925,12,WFA,F,111,,-0.58720000,29.07110000,0.16897000,,true
11926,12,WFA,F,112,,-0.58830000,29.36630000,0.16941000,,true
11927,12,WFA,F,113,,-0.58950000,29.66460000,0.16983000,,true
11928,12,WFA,F,114,,-0.59050000,29.96630000,0.17025000,,true
11929,12,WFA,F,115,,-0.59150000,30.27150000,0.17066000,,true
11930,12,WFA,F,116,,-0.59250000,30.58050000,0.17107000,,true
11931,12,WFA,F,117,,-0.59340000,30.89340000,0.17146000,,true
11932,12,WFA,F,118,,-0.59420000,31.21050000,0.17186000,,true
11933,12,WFA,F,119,,-0.59500000,31.53190000,0.17224000,,true
11934,12,WFA,F,120,,-0.59580000,31.85780000,0.17262000,,true
