id,id_curva,indicador_codigo,sexo_codigo,edad_valor,percentil_codigo,percentil,valor
1,1,BMI,M,61,P01,0.1,12.041
2,1,BMI,M,61,P1,1.0,12.72
3,1,BMI,M,61,P3,3.0,13.148
4,1,BMI,M,61,P5,5.0,13.384
5,1,BMI,M,61,P10,10.0,13.764
6,1,BMI,M,61,P15,15.0,14.03
7,1,BMI,M,61,P25,25.0,14.441
8,1,BMI,M,61,P50,50.0,15.264
9,1,BMI,M,61,P75,75.0,16.172
10,1,BMI,M,61,P85,85.0,16.7
11,1,BMI,M,61,P90,90.0,17.074
12,1,BMI,M,61,P95,95.0,17.656
13,1,BMI,M,61,P97,97.0,18.052
14,1,BMI,M,61,P99,99.0,18.845
15,1,BMI,M,61,P999,99.9,20.355
16,1,BMI,M,62,P01,0.1,12.039
17,1,BMI,M,62,P1,1.0,12.716
18,1,BMI,M,62,P3,3.0,13.144
19,1,BMI,M,62,P5,5.0,13.38
20,1,BMI,M,62,P10,10.0,13.759
21,1,BMI,M,62,P15,15.0,14.026
22,1,BMI,M,62,P25,25.0,14.437
23,1,BMI,M,62,P50,50.0,15.262
24,1,BMI,M,62,P75,75.0,16.173
25,1,BMI,M,62,P85,85.0,16.703
26,1,BMI,M,62,P90,90.0,17.079
27,1,BMI,M,62,P95,95.0,17.665
28,1,BMI,M,62,P97,97.0,18.065
29,1,BMI,M,62,P99,99.0,18.865
30,1,BMI,M,62,P999,99.9,20.392
31,1,BMI,M,63,P01,0.1,12.037
32,1,BMI,M,63,P1,1.0,12.714
33,1,BMI,M,63,P3,3.0,13.14
34,1,BMI,M,63,P5,5.0,13.377
35,1,BMI,M,63,P10,10.0,13.756
36,1,BMI,M,63,P15,15.0,14.023
37,1,BMI,M,63,P25,25.0,14.434
38,1,BMI,M,63,P50,50.0,15.26
39,1,BMI,M,63,P75,75.0,16.175
40,1,BMI,M,63,P85,85.0,16.708
41,1,BMI,M,63,P90,90.0,17.086
42,1,BMI,M,63,P95,95.0,17.677
43,1,BMI,M,63,P97,97.0,18.08
44,1,BMI,M,63,P99,99.0,18.887
45,1,BMI,M,63,P999,99.9,20.432
46,1,BMI,M,64,P01,0.1,12.037
47,1,BMI,M,64,P1,1.0,12.712
48,1,BMI,M,64,P3,3.0,13.138
49,1,BMI,M,64,P5,5.0,13.374
50,1,BMI,M,64,P10,10.0,13.754
51,1,BMI,M,64,P15,15.0,14.02
52,1,BMI,M,64,P25,25.0,14.432
53,1,BMI,M,64,P50,50.0,15.26
54,1,BMI,M,64,P75,75.0,16.179
55,1,BMI,M,64,P85,85.0,16.714
56,1,BMI,M,64,P90,90.0,17.095
57,1,BMI,M,64,P95,95.0,17.689
58,1,BMI,M,64,P97,97.0,18.096
59,1,BMI,M,64,P99,99.0,18.911
60,1,BMI,M,64,P999,99.9,20.474
61,1,BMI,M,65,P01,0.1,12.038
62,1,BMI,M,65,P1,1.0,12.711
63,1,BMI,M,65,P3,3.0,13.137
64,1,BMI,M,65,P5,5.0,13.373
65,1,BMI,M,65,P10,10.0,13.752
66,1,BMI,M,65,P15,15.0,14.019
67,1,BMI,M,65,P25,25.0,14.432
68,1,BMI,M,65,P50,50.0,15.262
69,1,BMI,M,65,P75,75.0,16.184
70,1,BMI,M,65,P85,85.0,16.722
71,1,BMI,M,65,P90,90.0,17.106
72,1,BMI,M,65,P95,95.0,17.704
73,1,BMI,M,65,P97,97.0,18.114
74,1,BMI,M,65,P99,99.0,18.937
75,1,BMI,M,65,P999,99.9,20.519
76,1,BMI,M,66,P01,0.1,12.039
77,1,BMI,M,66,P1,1.0,12.712
78,1,BMI,M,66,P3,3.0,13.137
79,1,BMI,M,66,P5,5.0,13.373
80,1,BMI,M,66,P10,10.0,13.752
81,1,BMI,M,66,P15,15.0,14.019
82,1,BMI,M,66,P25,25.0,14.432
83,1,BMI,M,66,P50,50.0,15.264
84,1,BMI,M,66,P75,75.0,16.191
85,1,BMI,M,66,P85,85.0,16.732
86,1,BMI,M,66,P90,90.0,17.118
87,1,BMI,M,66,P95,95.0,17.721
88,1,BMI,M,66,P97,97.0,18.134
89,1,BMI,M,66,P99,99.0,18.965
90,1,BMI,M,66,P999,99.9,20.567
91,1,BMI,M,67,P01,0.1,12.042
92,1,BMI,M,67,P1,1.0,12.713
93,1,BMI,M,67,P3,3.0,13.138
94,1,BMI,M,67,P5,5.0,13.374
95,1,BMI,M,67,P10,10.0,13.753
96,1,BMI,M,67,P15,15.0,14.02
97,1,BMI,M,67,P25,25.0,14.434
98,1,BMI,M,67,P50,50.0,15.268
99,1,BMI,M,67,P75,75.0,16.198
100,1,BMI,M,67,P85,85.0,16.743
101,1,BMI,M,67,P90,90.0,17.131
102,1,BMI,M,67,P95,95.0,17.739
103,1,BMI,M,67,P97,97.0,18.156
104,1,BMI,M,67,P99,99.0,18.995
105,1,BMI,M,67,P999,99.9,20.618
106,1,BMI,M,68,P01,0.1,12.045
107,1,BMI,M,68,P1,1.0,12.715
108,1,BMI,M,68,P3,3.0,13.14
109,1,BMI,M,68,P5,5.0,13.376
110,1,BMI,M,68,P10,10.0,13.755
111,1,BMI,M,68,P15,15.0,14.023
112,1,BMI,M,68,P25,25.0,14.437
113,1,BMI,M,68,P50,50.0,15.274
114,1,BMI,M,68,P75,75.0,16.208
115,1,BMI,M,68,P85,85.0,16.755
116,1,BMI,M,68,P90,90.0,17.146
117,1,BMI,M,68,P95,95.0,17.759
118,1,BMI,M,68,P97,97.0,18.18
119,1,BMI,M,68,P99,99.0,19.028
120,1,BMI,M,68,P999,99.9,20.671
121,1,BMI,M,69,P01,0.1,12.049
122,1,BMI,M,69,P1,1.0,12.718
123,1,BMI,M,69,P3,3.0,13.143
124,1,BMI,M,69,P5,5.0,13.379
125,1,BMI,M,69,P10,10.0,13.758
126,1,BMI,M,69,P15,15.0,14.026
127,1,BMI,M,69,P25,25.0,14.441
128,1,BMI,M,69,P50,50.0,15.28
129,1,BMI,M,69,P75,75.0,16.218
130,1,BMI,M,69,P85,85.0,16.769
131,1,BMI,M,69,P90,90.0,17.163
132,1,BMI,M,69,P95,95.0,17.78
133,1,BMI,M,69,P97,97.0,18.205
134,1,BMI,M,69,P99,99.0,19.062
135,1,BMI,M,69,P999,99.9,20.726
136,1,BMI,M,70,P01,0.1,12.054
137,1,BMI,M,70,P1,1.0,12.722
138,1,BMI,M,70,P3,3.0,13.146
139,1,BMI,M,70,P5,5.0,13.382
140,1,BMI,M,70,P10,10.0,13.762
141,1,BMI,M,70,P15,15.0,14.031
142,1,BMI,M,70,P25,25.0,14.446
143,1,BMI,M,70,P50,50.0,15.288
144,1,BMI,M,70,P75,75.0,16.23
145,1,BMI,M,70,P85,85.0,16.784
146,1,BMI,M,70,P90,90.0,17.181
147,1,BMI,M,70,P95,95.0,17.804
148,1,BMI,M,70,P97,97.0,18.232
149,1,BMI,M,70,P99,99.0,19.098
150,1,BMI,M,70,P999,99.9,20.785
151,1,BMI,M,71,P01,0.1,12.06
152,1,BMI,M,71,P1,1.0,12.727
153,1,BMI,M,71,P3,3.0,13.151
154,1,BMI,M,71,P5,5.0,13.387
155,1,BMI,M,71,P10,10.0,13.767
156,1,BMI,M,71,P15,15.0,14.036
157,1,BMI,M,71,P25,25.0,14.452
158,1,BMI,M,71,P50,50.0,15.296
159,1,BMI,M,71,P75,75.0,16.244
160,1,BMI,M,71,P85,85.0,16.801
161,1,BMI,M,71,P90,90.0,17.201
162,1,BMI,M,71,P95,95.0,17.828
163,1,BMI,M,71,P97,97.0,18.261
164,1,BMI,M,71,P99,99.0,19.136
165,1,BMI,M,71,P999,99.9,20.846
166,1,BMI,M,72,P01,0.1,12.066
167,1,BMI,M,72,P1,1.0,12.733
168,1,BMI,M,72,P3,3.0,13.157
169,1,BMI,M,72,P5,5.0,13.393
170,1,BMI,M,72,P10,10.0,13.773
171,1,BMI,M,72,P15,15.0,14.042
172,1,BMI,M,72,P25,25.0,14.459
173,1,BMI,M,72,P50,50.0,15.306
174,1,BMI,M,72,P75,75.0,16.258
175,1,BMI,M,72,P85,85.0,16.819
176,1,BMI,M,72,P90,90.0,17.221
177,1,BMI,M,72,P95,95.0,17.854
178,1,BMI,M,72,P97,97.0,18.291
179,1,BMI,M,72,P99,99.0,19.176
180,1,BMI,M,72,P999,99.9,20.91
181,1,BMI,M,73,P01,0.1,12.073
182,1,BMI,M,73,P1,1.0,12.739
183,1,BMI,M,73,P3,3.0,13.163
184,1,BMI,M,73,P5,5.0,13.399
185,1,BMI,M,73,P10,10.0,13.78
186,1,BMI,M,73,P15,15.0,14.049
187,1,BMI,M,73,P25,25.0,14.467
188,1,BMI,M,73,P50,50.0,15.317
189,1,BMI,M,73,P75,75.0,16.273
190,1,BMI,M,73,P85,85.0,16.838
191,1,BMI,M,73,P90,90.0,17.244
192,1,BMI,M,73,P95,95.0,17.882
193,1,BMI,M,73,P97,97.0,18.323
194,1,BMI,M,73,P99,99.0,19.217
195,1,BMI,M,73,P999,99.9,20.975
196,1,BMI,M,74,P01,0.1,12.08
197,1,BMI,M,74,P1,1.0,12.746
198,1,BMI,M,74,P3,3.0,13.17
199,1,BMI,M,74,P5,5.0,13.406
200,1,BMI,M,74,P10,10.0,13.787
201,1,BMI,M,74,P15,15.0,14.057
202,1,BMI,M,74,P25,25.0,14.476
203,1,BMI,M,74,P50,50.0,15.328
204,1,BMI,M,74,P75,75.0,16.29
205,1,BMI,M,74,P85,85.0,16.858
206,1,BMI,M,74,P90,90.0,17.267
207,1,BMI,M,74,P95,95.0,17.911
208,1,BMI,M,74,P97,97.0,18.356
209,1,BMI,M,74,P99,99.0,19.261
210,1,BMI,M,74,P999,99.9,21.044
211,1,BMI,M,75,P01,0.1,12.088
212,1,BMI,M,75,P1,1.0,12.753
213,1,BMI,M,75,P3,3.0,13.177
214,1,BMI,M,75,P5,5.0,13.413
215,1,BMI,M,75,P10,10.0,13.795
216,1,BMI,M,75,P15,15.0,14.065
217,1,BMI,M,75,P25,25.0,14.485
218,1,BMI,M,75,P50,50.0,15.341
219,1,BMI,M,75,P75,75.0,16.307
220,1,BMI,M,75,P85,85.0,16.879
221,1,BMI,M,75,P90,90.0,17.291
222,1,BMI,M,75,P95,95.0,17.941
223,1,BMI,M,75,P97,97.0,18.39
224,1,BMI,M,75,P99,99.0,19.305
225,1,BMI,M,75,P999,99.9,21.114
226,1,BMI,M,76,P01,0.1,12.096
227,1,BMI,M,76,P1,1.0,12.761
228,1,BMI,M,76,P3,3.0,13.185
229,1,BMI,M,76,P5,5.0,13.422
230,1,BMI,M,76,P10,10.0,13.804
231,1,BMI,M,76,P15,15.0,14.075
232,1,BMI,M,76,P25,25.0,14.495
233,1,BMI,M,76,P50,50.0,15.354
234,1,BMI,M,76,P75,75.0,16.326
235,1,BMI,M,76,P85,85.0,16.902
236,1,BMI,M,76,P90,90.0,17.317
237,1,BMI,M,76,P95,95.0,17.972
238,1,BMI,M,76,P97,97.0,18.426
239,1,BMI,M,76,P99,99.0,19.352
240,1,BMI,M,76,P999,99.9,21.188
241,1,BMI,M,77,P01,0.1,12.105
242,1,BMI,M,77,P1,1.0,12.769
243,1,BMI,M,77,P3,3.0,13.193
244,1,BMI,M,77,P5,5.0,13.43
245,1,BMI,M,77,P10,10.0,13.813
246,1,BMI,M,77,P15,15.0,14.084
247,1,BMI,M,77,P25,25.0,14.506
248,1,BMI,M,77,P50,50.0,15.368
249,1,BMI,M,77,P75,75.0,16.345
250,1,BMI,M,77,P85,85.0,16.925
251,1,BMI,M,77,P90,90.0,17.343
252,1,BMI,M,77,P95,95.0,18.004
253,1,BMI,M,77,P97,97.0,18.463
254,1,BMI,M,77,P99,99.0,19.4
255,1,BMI,M,77,P999,99.9,21.263
256,1,BMI,M,78,P01,0.1,12.114
257,1,BMI,M,78,P1,1.0,12.778
258,1,BMI,M,78,P3,3.0,13.202
259,1,BMI,M,78,P5,5.0,13.439
260,1,BMI,M,78,P10,10.0,13.823
261,1,BMI,M,78,P15,15.0,14.095
262,1,BMI,M,78,P25,25.0,14.518
263,1,BMI,M,78,P50,50.0,15.382
264,1,BMI,M,78,P75,75.0,16.365
265,1,BMI,M,78,P85,85.0,16.949
266,1,BMI,M,78,P90,90.0,17.37
267,1,BMI,M,78,P95,95.0,18.038
268,1,BMI,M,78,P97,97.0,18.501
269,1,BMI,M,78,P99,99.0,19.449
270,1,BMI,M,78,P999,99.9,21.341
271,1,BMI,M,79,P01,0.1,12.124
272,1,BMI,M,79,P1,1.0,12.787
273,1,BMI,M,79,P3,3.0,13.212
274,1,BMI,M,79,P5,5.0,13.449
275,1,BMI,M,79,P10,10.0,13.833
276,1,BMI,M,79,P15,15.0,14.105
277,1,BMI,M,79,P25,25.0,14.529
278,1,BMI,M,79,P50,50.0,15.398
279,1,BMI,M,79,P75,75.0,16.386
280,1,BMI,M,79,P85,85.0,16.974
281,1,BMI,M,79,P90,90.0,17.399
282,1,BMI,M,79,P95,95.0,18.073
283,1,BMI,M,79,P97,97.0,18.541
284,1,BMI,M,79,P99,99.0,19.501
285,1,BMI,M,79,P999,99.9,21.421
286,1,BMI,M,80,P01,0.1,12.133
287,1,BMI,M,80,P1,1.0,12.797
288,1,BMI,M,80,P3,3.0,13.222
289,1,BMI,M,80,P5,5.0,13.459
290,1,BMI,M,80,P10,10.0,13.843
291,1,BMI,M,80,P15,15.0,14.117
292,1,BMI,M,80,P25,25.0,14.542
293,1,BMI,M,80,P50,50.0,15.414
294,1,BMI,M,80,P75,75.0,16.407
295,1,BMI,M,80,P85,85.0,17.0
296,1,BMI,M,80,P90,90.0,17.428
297,1,BMI,M,80,P95,95.0,18.108
298,1,BMI,M,80,P97,97.0,18.582
299,1,BMI,M,80,P99,99.0,19.553
300,1,BMI,M,80,P999,99.9,21.504
301,1,BMI,M,81,P01,0.1,12.143
302,1,BMI,M,81,P1,1.0,12.807
303,1,BMI,M,81,P3,3.0,13.232
304,1,BMI,M,81,P5,5.0,13.47
305,1,BMI,M,81,P10,10.0,13.855
306,1,BMI,M,81,P15,15.0,14.128
307,1,BMI,M,81,P25,25.0,14.555
308,1,BMI,M,81,P50,50.0,15.43
309,1,BMI,M,81,P75,75.0,16.429
310,1,BMI,M,81,P85,85.0,17.026
311,1,BMI,M,81,P90,90.0,17.458
312,1,BMI,M,81,P95,95.0,18.145
313,1,BMI,M,81,P97,97.0,18.623
314,1,BMI,M,81,P99,99.0,19.607
315,1,BMI,M,81,P999,99.9,21.588
316,1,BMI,M,82,P01,0.1,12.154
317,1,BMI,M,82,P1,1.0,12.817
318,1,BMI,M,82,P3,3.0,13.242
319,1,BMI,M,82,P5,5.0,13.481
320,1,BMI,M,82,P10,10.0,13.866
321,1,BMI,M,82,P15,15.0,14.141
322,1,BMI,M,82,P25,25.0,14.569
323,1,BMI,M,82,P50,50.0,15.447
324,1,BMI,M,82,P75,75.0,16.452
325,1,BMI,M,82,P85,85.0,17.054
326,1,BMI,M,82,P90,90.0,17.489
327,1,BMI,M,82,P95,95.0,18.183
328,1,BMI,M,82,P97,97.0,18.666
329,1,BMI,M,82,P99,99.0,19.662
330,1,BMI,M,82,P999,99.9,21.675
331,1,BMI,M,83,P01,0.1,12.164
332,1,BMI,M,83,P1,1.0,12.828
333,1,BMI,M,83,P3,3.0,13.253
334,1,BMI,M,83,P5,5.0,13.492
335,1,BMI,M,83,P10,10.0,13.878
336,1,BMI,M,83,P15,15.0,14.153
337,1,BMI,M,83,P25,25.0,14.582
338,1,BMI,M,83,P50,50.0,15.465
339,1,BMI,M,83,P75,75.0,16.476
340,1,BMI,M,83,P85,85.0,17.082
341,1,BMI,M,83,P90,90.0,17.521
342,1,BMI,M,83,P95,95.0,18.221
343,1,BMI,M,83,P97,97.0,18.71
344,1,BMI,M,83,P99,99.0,19.719
345,1,BMI,M,83,P999,99.9,21.764
346,1,BMI,M,84,P01,0.1,12.175
347,1,BMI,M,84,P1,1.0,12.839
348,1,BMI,M,84,P3,3.0,13.265
349,1,BMI,M,84,P5,5.0,13.504
350,1,BMI,M,84,P10,10.0,13.891
351,1,BMI,M,84,P15,15.0,14.166
352,1,BMI,M,84,P25,25.0,14.597
353,1,BMI,M,84,P50,50.0,15.483
354,1,BMI,M,84,P75,75.0,16.5
355,1,BMI,M,84,P85,85.0,17.111
356,1,BMI,M,84,P90,90.0,17.554
357,1,BMI,M,84,P95,95.0,18.261
358,1,BMI,M,84,P97,97.0,18.756
359,1,BMI,M,84,P99,99.0,19.777
360,1,BMI,M,84,P999,99.9,21.855
361,1,BMI,M,85,P01,0.1,12.186
362,1,BMI,M,85,P1,1.0,12.85
363,1,BMI,M,85,P3,3.0,13.276
364,1,BMI,M,85,P5,5.0,13.516
365,1,BMI,M,85,P10,10.0,13.904
366,1,BMI,M,85,P15,15.0,14.18
367,1,BMI,M,85,P25,25.0,14.612
368,1,BMI,M,85,P50,50.0,15.502
369,1,BMI,M,85,P75,75.0,16.525
370,1,BMI,M,85,P85,85.0,17.14
371,1,BMI,M,85,P90,90.0,17.588
372,1,BMI,M,85,P95,95.0,18.301
373,1,BMI,M,85,P97,97.0,18.801
374,1,BMI,M,85,P99,99.0,19.836
375,1,BMI,M,85,P999,99.9,21.948
376,1,BMI,M,86,P01,0.1,12.198
377,1,BMI,M,86,P1,1.0,12.861
378,1,BMI,M,86,P3,3.0,13.288
379,1,BMI,M,86,P5,5.0,13.528
380,1,BMI,M,86,P10,10.0,13.917
381,1,BMI,M,86,P15,15.0,14.194
382,1,BMI,M,86,P25,25.0,14.627
383,1,BMI,M,86,P50,50.0,15.521
384,1,BMI,M,86,P75,75.0,16.55
385,1,BMI,M,86,P85,85.0,17.17
386,1,BMI,M,86,P90,90.0,17.622
387,1,BMI,M,86,P95,95.0,18.343
388,1,BMI,M,86,P97,97.0,18.848
389,1,BMI,M,86,P99,99.0,19.896
390,1,BMI,M,86,P999,99.9,22.044
391,1,BMI,M,87,P01,0.1,12.209
392,1,BMI,M,87,P1,1.0,12.873
393,1,BMI,M,87,P3,3.0,13.301
394,1,BMI,M,87,P5,5.0,13.54
395,1,BMI,M,87,P10,10.0,13.93
396,1,BMI,M,87,P15,15.0,14.208
397,1,BMI,M,87,P25,25.0,14.643
398,1,BMI,M,87,P50,50.0,15.541
399,1,BMI,M,87,P75,75.0,16.577
400,1,BMI,M,87,P85,85.0,17.202
401,1,BMI,M,87,P90,90.0,17.657
402,1,BMI,M,87,P95,95.0,18.385
403,1,BMI,M,87,P97,97.0,18.897
404,1,BMI,M,87,P99,99.0,19.958
405,1,BMI,M,87,P999,99.9,22.142
406,1,BMI,M,88,P01,0.1,12.221
407,1,BMI,M,88,P1,1.0,12.885
408,1,BMI,M,88,P3,3.0,13.313
409,1,BMI,M,88,P5,5.0,13.553
410,1,BMI,M,88,P10,10.0,13.944
411,1,BMI,M,88,P15,15.0,14.223
412,1,BMI,M,88,P25,25.0,14.659
413,1,BMI,M,88,P50,50.0,15.561
414,1,BMI,M,88,P75,75.0,16.603
415,1,BMI,M,88,P85,85.0,17.233
416,1,BMI,M,88,P90,90.0,17.692
417,1,BMI,M,88,P95,95.0,18.428
418,1,BMI,M,88,P97,97.0,18.945
419,1,BMI,M,88,P99,99.0,20.021
420,1,BMI,M,88,P999,99.9,22.243
421,1,BMI,M,89,P01,0.1,12.232
422,1,BMI,M,89,P1,1.0,12.897
423,1,BMI,M,89,P3,3.0,13.326
424,1,BMI,M,89,P5,5.0,13.567
425,1,BMI,M,89,P10,10.0,13.958
426,1,BMI,M,89,P15,15.0,14.238
427,1,BMI,M,89,P25,25.0,14.675
428,1,BMI,M,89,P50,50.0,15.581
429,1,BMI,M,89,P75,75.0,16.631
430,1,BMI,M,89,P85,85.0,17.265
431,1,BMI,M,89,P90,90.0,17.729
432,1,BMI,M,89,P95,95.0,18.472
433,1,BMI,M,89,P97,97.0,18.996
434,1,BMI,M,89,P99,99.0,20.086
435,1,BMI,M,89,P999,99.9,22.346
436,1,BMI,M,90,P01,0.1,12.244
437,1,BMI,M,90,P1,1.0,12.909
438,1,BMI,M,90,P3,3.0,13.339
439,1,BMI,M,90,P5,5.0,13.58
440,1,BMI,M,90,P10,10.0,13.972
441,1,BMI,M,90,P15,15.0,14.253
442,1,BMI,M,90,P25,25.0,14.692
443,1,BMI,M,90,P50,50.0,15.602
444,1,BMI,M,90,P75,75.0,16.658
445,1,BMI,M,90,P85,85.0,17.298
446,1,BMI,M,90,P90,90.0,17.766
447,1,BMI,M,90,P95,95.0,18.517
448,1,BMI,M,90,P97,97.0,19.047
449,1,BMI,M,90,P99,99.0,20.151
450,1,BMI,M,90,P999,99.9,22.45
451,1,BMI,M,91,P01,0.1,12.257
452,1,BMI,M,91,P1,1.0,12.922
453,1,BMI,M,91,P3,3.0,13.352
454,1,BMI,M,91,P5,5.0,13.594
455,1,BMI,M,91,P10,10.0,13.987
456,1,BMI,M,91,P15,15.0,14.268
457,1,BMI,M,91,P25,25.0,14.709
458,1,BMI,M,91,P50,50.0,15.624
459,1,BMI,M,91,P75,75.0,16.686
460,1,BMI,M,91,P85,85.0,17.332
461,1,BMI,M,91,P90,90.0,17.803
462,1,BMI,M,91,P95,95.0,18.562
463,1,BMI,M,91,P97,97.0,19.098
464,1,BMI,M,91,P99,99.0,20.218
465,1,BMI,M,91,P999,99.9,22.557
466,1,BMI,M,92,P01,0.1,12.269
467,1,BMI,M,92,P1,1.0,12.935
468,1,BMI,M,92,P3,3.0,13.365
469,1,BMI,M,92,P5,5.0,13.608
470,1,BMI,M,92,P10,10.0,14.002
471,1,BMI,M,92,P15,15.0,14.284
472,1,BMI,M,92,P25,25.0,14.726
473,1,BMI,M,92,P50,50.0,15.646
474,1,BMI,M,92,P75,75.0,16.715
475,1,BMI,M,92,P85,85.0,17.366
476,1,BMI,M,92,P90,90.0,17.842
477,1,BMI,M,92,P95,95.0,18.609
478,1,BMI,M,92,P97,97.0,19.151
479,1,BMI,M,92,P99,99.0,20.286
480,1,BMI,M,92,P999,99.9,22.667
481,1,BMI,M,93,P01,0.1,12.281
482,1,BMI,M,93,P1,1.0,12.948
483,1,BMI,M,93,P3,3.0,13.379
484,1,BMI,M,93,P5,5.0,13.622
485,1,BMI,M,93,P10,10.0,14.017
486,1,BMI,M,93,P15,15.0,14.3
487,1,BMI,M,93,P25,25.0,14.744
488,1,BMI,M,93,P50,50.0,15.668
489,1,BMI,M,93,P75,75.0,16.744
490,1,BMI,M,93,P85,85.0,17.4
491,1,BMI,M,93,P90,90.0,17.881
492,1,BMI,M,93,P95,95.0,18.656
493,1,BMI,M,93,P97,97.0,19.205
494,1,BMI,M,93,P99,99.0,20.356
495,1,BMI,M,93,P999,99.9,22.779
496,1,BMI,M,94,P01,0.1,12.294
497,1,BMI,M,94,P1,1.0,12.961
498,1,BMI,M,94,P3,3.0,13.393
499,1,BMI,M,94,P5,5.0,13.636
500,1,BMI,M,94,P10,10.0,14.033
501,1,BMI,M,94,P15,15.0,14.317
502,1,BMI,M,94,P25,25.0,14.762
503,1,BMI,M,94,P50,50.0,15.69
504,1,BMI,M,94,P75,75.0,16.774
505,1,BMI,M,94,P85,85.0,17.435
506,1,BMI,M,94,P90,90.0,17.921
507,1,BMI,M,94,P95,95.0,18.704
508,1,BMI,M,94,P97,97.0,19.259
509,1,BMI,M,94,P99,99.0,20.426
510,1,BMI,M,94,P999,99.9,22.892
511,1,BMI,M,95,P01,0.1,12.307
512,1,BMI,M,95,P1,1.0,12.975
513,1,BMI,M,95,P3,3.0,13.407
514,1,BMI,M,95,P5,5.0,13.651
515,1,BMI,M,95,P10,10.0,14.049
516,1,BMI,M,95,P15,15.0,14.333
517,1,BMI,M,95,P25,25.0,14.781
518,1,BMI,M,95,P50,50.0,15.713
519,1,BMI,M,95,P75,75.0,16.804
520,1,BMI,M,95,P85,85.0,17.471
521,1,BMI,M,95,P90,90.0,17.961
522,1,BMI,M,95,P95,95.0,18.753
523,1,BMI,M,95,P97,97.0,19.315
524,1,BMI,M,95,P99,99.0,20.498
525,1,BMI,M,95,P999,99.9,23.009
526,1,BMI,M,96,P01,0.1,12.32
527,1,BMI,M,96,P1,1.0,12.988
528,1,BMI,M,96,P3,3.0,13.422
529,1,BMI,M,96,P5,5.0,13.666
530,1,BMI,M,96,P10,10.0,14.065
531,1,BMI,M,96,P15,15.0,14.35
532,1,BMI,M,96,P25,25.0,14.799
533,1,BMI,M,96,P50,50.0,15.737
534,1,BMI,M,96,P75,75.0,16.835
535,1,BMI,M,96,P85,85.0,17.508
536,1,BMI,M,96,P90,90.0,18.002
537,1,BMI,M,96,P95,95.0,18.802
538,1,BMI,M,96,P97,97.0,19.371
539,1,BMI,M,96,P99,99.0,20.57
540,1,BMI,M,96,P999,99.9,23.127
541,1,BMI,M,97,P01,0.1,12.333
542,1,BMI,M,97,P1,1.0,13.002
543,1,BMI,M,97,P3,3.0,13.436
544,1,BMI,M,97,P5,5.0,13.681
545,1,BMI,M,97,P10,10.0,14.081
546,1,BMI,M,97,P15,15.0,14.368
547,1,BMI,M,97,P25,25.0,14.819
548,1,BMI,M,97,P50,50.0,15.761
549,1,BMI,M,97,P75,75.0,16.867
550,1,BMI,M,97,P85,85.0,17.544
551,1,BMI,M,97,P90,90.0,18.044
552,1,BMI,M,97,P95,95.0,18.852
553,1,BMI,M,97,P97,97.0,19.428
554,1,BMI,M,97,P99,99.0,20.645
555,1,BMI,M,97,P999,99.9,23.249
556,1,BMI,M,98,P01,0.1,12.346
557,1,BMI,M,98,P1,1.0,13.016
558,1,BMI,M,98,P3,3.0,13.451
559,1,BMI,M,98,P5,5.0,13.697
560,1,BMI,M,98,P10,10.0,14.098
561,1,BMI,M,98,P15,15.0,14.385
562,1,BMI,M,98,P25,25.0,14.838
563,1,BMI,M,98,P50,50.0,15.785
564,1,BMI,M,98,P75,75.0,16.898
565,1,BMI,M,98,P85,85.0,17.582
566,1,BMI,M,98,P90,90.0,18.086
567,1,BMI,M,98,P95,95.0,18.904
568,1,BMI,M,98,P97,97.0,19.486
569,1,BMI,M,98,P99,99.0,20.72
570,1,BMI,M,98,P999,99.9,23.373
571,1,BMI,M,99,P01,0.1,12.359
572,1,BMI,M,99,P1,1.0,13.03
573,1,BMI,M,99,P3,3.0,13.466
574,1,BMI,M,99,P5,5.0,13.712
575,1,BMI,M,99,P10,10.0,14.115
576,1,BMI,M,99,P15,15.0,14.403
577,1,BMI,M,99,P25,25.0,14.858
578,1,BMI,M,99,P50,50.0,15.809
579,1,BMI,M,99,P75,75.0,16.931
580,1,BMI,M,99,P85,85.0,17.62
581,1,BMI,M,99,P90,90.0,18.129
582,1,BMI,M,99,P95,95.0,18.956
583,1,BMI,M,99,P97,97.0,19.545
584,1,BMI,M,99,P99,99.0,20.797
585,1,BMI,M,99,P999,99.9,23.499
586,1,BMI,M,100,P01,0.1,12.373
587,1,BMI,M,100,P1,1.0,13.045
588,1,BMI,M,100,P3,3.0,13.482
589,1,BMI,M,100,P5,5.0,13.728
590,1,BMI,M,100,P10,10.0,14.132
591,1,BMI,M,100,P15,15.0,14.421
592,1,BMI,M,100,P25,25.0,14.878
593,1,BMI,M,100,P50,50.0,15.834
594,1,BMI,M,100,P75,75.0,16.963
595,1,BMI,M,100,P85,85.0,17.659
596,1,BMI,M,100,P90,90.0,18.172
597,1,BMI,M,100,P95,95.0,19.008
598,1,BMI,M,100,P97,97.0,19.605
599,1,BMI,M,100,P99,99.0,20.874
600,1,BMI,M,100,P999,99.9,23.627
601,1,BMI,M,101,P01,0.1,12.386
602,1,BMI,M,101,P1,1.0,13.059
603,1,BMI,M,101,P3,3.0,13.497
604,1,BMI,M,101,P5,5.0,13.745
605,1,BMI,M,101,P10,10.0,14.149
606,1,BMI,M,101,P15,15.0,14.44
607,1,BMI,M,101,P25,25.0,14.898
608,1,BMI,M,101,P50,50.0,15.86
609,1,BMI,M,101,P75,75.0,16.996
610,1,BMI,M,101,P85,85.0,17.698
611,1,BMI,M,101,P90,90.0,18.216
612,1,BMI,M,101,P95,95.0,19.061
613,1,BMI,M,101,P97,97.0,19.666
614,1,BMI,M,101,P99,99.0,20.953
615,1,BMI,M,101,P999,99.9,23.756
616,1,BMI,M,102,P01,0.1,12.4
617,1,BMI,M,102,P1,1.0,13.074
618,1,BMI,M,102,P3,3.0,13.513
619,1,BMI,M,102,P5,5.0,13.761
620,1,BMI,M,102,P10,10.0,14.167
621,1,BMI,M,102,P15,15.0,14.459
622,1,BMI,M,102,P25,25.0,14.919
623,1,BMI,M,102,P50,50.0,15.886
624,1,BMI,M,102,P75,75.0,17.03
625,1,BMI,M,102,P85,85.0,17.738
626,1,BMI,M,102,P90,90.0,18.261
627,1,BMI,M,102,P95,95.0,19.115
628,1,BMI,M,102,P97,97.0,19.727
629,1,BMI,M,102,P99,99.0,21.033
630,1,BMI,M,102,P999,99.9,23.89
631,1,BMI,M,103,P01,0.1,12.414
632,1,BMI,M,103,P1,1.0,13.089
633,1,BMI,M,103,P3,3.0,13.529
634,1,BMI,M,103,P5,5.0,13.778
635,1,BMI,M,103,P10,10.0,14.185
636,1,BMI,M,103,P15,15.0,14.478
637,1,BMI,M,103,P25,25.0,14.94
638,1,BMI,M,103,P50,50.0,15.912
639,1,BMI,M,103,P75,75.0,17.064
640,1,BMI,M,103,P85,85.0,17.778
641,1,BMI,M,103,P90,90.0,18.306
642,1,BMI,M,103,P95,95.0,19.17
643,1,BMI,M,103,P97,97.0,19.789
644,1,BMI,M,103,P99,99.0,21.114
645,1,BMI,M,103,P999,99.9,24.024
646,1,BMI,M,104,P01,0.1,12.428
647,1,BMI,M,104,P1,1.0,13.104
648,1,BMI,M,104,P3,3.0,13.545
649,1,BMI,M,104,P5,5.0,13.795
650,1,BMI,M,104,P10,10.0,14.203
651,1,BMI,M,104,P15,15.0,14.497
652,1,BMI,M,104,P25,25.0,14.961
653,1,BMI,M,104,P50,50.0,15.938
654,1,BMI,M,104,P75,75.0,17.099
655,1,BMI,M,104,P85,85.0,17.818
656,1,BMI,M,104,P90,90.0,18.352
657,1,BMI,M,104,P95,95.0,19.225
658,1,BMI,M,104,P97,97.0,19.852
659,1,BMI,M,104,P99,99.0,21.196
660,1,BMI,M,104,P999,99.9,24.161
661,1,BMI,M,105,P01,0.1,12.442
662,1,BMI,M,105,P1,1.0,13.12
663,1,BMI,M,105,P3,3.0,13.562
664,1,BMI,M,105,P5,5.0,13.812
665,1,BMI,M,105,P10,10.0,14.222
666,1,BMI,M,105,P15,15.0,14.517
667,1,BMI,M,105,P25,25.0,14.983
668,1,BMI,M,105,P50,50.0,15.965
669,1,BMI,M,105,P75,75.0,17.134
670,1,BMI,M,105,P85,85.0,17.86
671,1,BMI,M,105,P90,90.0,18.399
672,1,BMI,M,105,P95,95.0,19.281
673,1,BMI,M,105,P97,97.0,19.916
674,1,BMI,M,105,P99,99.0,21.278
675,1,BMI,M,105,P999,99.9,24.3
676,1,BMI,M,106,P01,0.1,12.457
677,1,BMI,M,106,P1,1.0,13.135
678,1,BMI,M,106,P3,3.0,13.579
679,1,BMI,M,106,P5,5.0,13.83
680,1,BMI,M,106,P10,10.0,14.241
681,1,BMI,M,106,P15,15.0,14.537
682,1,BMI,M,106,P25,25.0,15.005
683,1,BMI,M,106,P50,50.0,15.992
684,1,BMI,M,106,P75,75.0,17.17
685,1,BMI,M,106,P85,85.0,17.902
686,1,BMI,M,106,P90,90.0,18.446
687,1,BMI,M,106,P95,95.0,19.338
688,1,BMI,M,106,P97,97.0,19.981
689,1,BMI,M,106,P99,99.0,21.363
690,1,BMI,M,106,P999,99.9,24.442
691,1,BMI,M,107,P01,0.1,12.472
692,1,BMI,M,107,P1,1.0,13.152
693,1,BMI,M,107,P3,3.0,13.596
694,1,BMI,M,107,P5,5.0,13.848
695,1,BMI,M,107,P10,10.0,14.26
696,1,BMI,M,107,P15,15.0,14.558
697,1,BMI,M,107,P25,25.0,15.028
698,1,BMI,M,107,P50,50.0,16.02
699,1,BMI,M,107,P75,75.0,17.206
700,1,BMI,M,107,P85,85.0,17.944
701,1,BMI,M,107,P90,90.0,18.493
702,1,BMI,M,107,P95,95.0,19.395
703,1,BMI,M,107,P97,97.0,20.046
704,1,BMI,M,107,P99,99.0,21.448
705,1,BMI,M,107,P999,99.9,24.585
706,1,BMI,M,108,P01,0.1,12.487
707,1,BMI,M,108,P1,1.0,13.168
708,1,BMI,M,108,P3,3.0,13.614
709,1,BMI,M,108,P5,5.0,13.866
710,1,BMI,M,108,P10,10.0,14.28
711,1,BMI,M,108,P15,15.0,14.579
712,1,BMI,M,108,P25,25.0,15.051
713,1,BMI,M,108,P50,50.0,16.049
714,1,BMI,M,108,P75,75.0,17.243
715,1,BMI,M,108,P85,85.0,17.987
716,1,BMI,M,108,P90,90.0,18.542
717,1,BMI,M,108,P95,95.0,19.453
718,1,BMI,M,108,P97,97.0,20.112
719,1,BMI,M,108,P99,99.0,21.534
720,1,BMI,M,108,P999,99.9,24.731
721,1,BMI,M,109,P01,0.1,12.502
722,1,BMI,M,109,P1,1.0,13.185
723,1,BMI,M,109,P3,3.0,13.632
724,1,BMI,M,109,P5,5.0,13.885
725,1,BMI,M,109,P10,10.0,14.3
726,1,BMI,M,109,P15,15.0,14.6
727,1,BMI,M,109,P25,25.0,15.074
728,1,BMI,M,109,P50,50.0,16.078
729,1,BMI,M,109,P75,75.0,17.28
730,1,BMI,M,109,P85,85.0,18.031
731,1,BMI,M,109,P90,90.0,18.591
732,1,BMI,M,109,P95,95.0,19.513
733,1,BMI,M,109,P97,97.0,20.18
734,1,BMI,M,109,P99,99.0,21.622
735,1,BMI,M,109,P999,99.9,24.879
736,1,BMI,M,110,P01,0.1,12.518
737,1,BMI,M,110,P1,1.0,13.202
738,1,BMI,M,110,P3,3.0,13.65
739,1,BMI,M,110,P5,5.0,13.904
740,1,BMI,M,110,P10,10.0,14.321
741,1,BMI,M,110,P15,15.0,14.622
742,1,BMI,M,110,P25,25.0,15.098
743,1,BMI,M,110,P50,50.0,16.108
744,1,BMI,M,110,P75,75.0,17.319
745,1,BMI,M,110,P85,85.0,18.076
746,1,BMI,M,110,P90,90.0,18.641
747,1,BMI,M,110,P95,95.0,19.573
748,1,BMI,M,110,P97,97.0,20.248
749,1,BMI,M,110,P99,99.0,21.711
750,1,BMI,M,110,P999,99.9,25.029
751,1,BMI,M,111,P01,0.1,12.534
752,1,BMI,M,111,P1,1.0,13.22
753,1,BMI,M,111,P3,3.0,13.669
754,1,BMI,M,111,P5,5.0,13.924
755,1,BMI,M,111,P10,10.0,14.343
756,1,BMI,M,111,P15,15.0,14.645
757,1,BMI,M,111,P25,25.0,15.123
758,1,BMI,M,111,P50,50.0,16.138
759,1,BMI,M,111,P75,75.0,17.357
760,1,BMI,M,111,P85,85.0,18.121
761,1,BMI,M,111,P90,90.0,18.692
762,1,BMI,M,111,P95,95.0,19.634
763,1,BMI,M,111,P97,97.0,20.317
764,1,BMI,M,111,P99,99.0,21.801
765,1,BMI,M,111,P999,99.9,25.182
766,1,BMI,M,112,P01,0.1,12.55
767,1,BMI,M,112,P1,1.0,13.238
768,1,BMI,M,112,P3,3.0,13.689
769,1,BMI,M,112,P5,5.0,13.944
770,1,BMI,M,112,P10,10.0,14.364
771,1,BMI,M,112,P15,15.0,14.668
772,1,BMI,M,112,P25,25.0,15.149
773,1,BMI,M,112,P50,50.0,16.169
774,1,BMI,M,112,P75,75.0,17.397
775,1,BMI,M,112,P85,85.0,18.168
776,1,BMI,M,112,P90,90.0,18.744
777,1,BMI,M,112,P95,95.0,19.696
778,1,BMI,M,112,P97,97.0,20.388
779,1,BMI,M,112,P99,99.0,21.892
780,1,BMI,M,112,P999,99.9,25.337
781,1,BMI,M,113,P01,0.1,12.567
782,1,BMI,M,113,P1,1.0,13.256
783,1,BMI,M,113,P3,3.0,13.708
784,1,BMI,M,113,P5,5.0,13.965
785,1,BMI,M,113,P10,10.0,14.387
786,1,BMI,M,113,P15,15.0,14.691
787,1,BMI,M,113,P25,25.0,15.175
788,1,BMI,M,113,P50,50.0,16.201
789,1,BMI,M,113,P75,75.0,17.438
790,1,BMI,M,113,P85,85.0,18.215
791,1,BMI,M,113,P90,90.0,18.797
792,1,BMI,M,113,P95,95.0,19.759
793,1,BMI,M,113,P97,97.0,20.459
794,1,BMI,M,113,P99,99.0,21.985
795,1,BMI,M,113,P999,99.9,25.495
796,1,BMI,M,114,P01,0.1,12.584
797,1,BMI,M,114,P1,1.0,13.275
798,1,BMI,M,114,P3,3.0,13.729
799,1,BMI,M,114,P5,5.0,13.986
800,1,BMI,M,114,P10,10.0,14.41
801,1,BMI,M,114,P15,15.0,14.716
802,1,BMI,M,114,P25,25.0,15.201
803,1,BMI,M,114,P50,50.0,16.233
804,1,BMI,M,114,P75,75.0,17.479
805,1,BMI,M,114,P85,85.0,18.263
806,1,BMI,M,114,P90,90.0,18.85
807,1,BMI,M,114,P95,95.0,19.823
808,1,BMI,M,114,P97,97.0,20.531
809,1,BMI,M,114,P99,99.0,22.078
810,1,BMI,M,114,P999,99.9,25.654
811,1,BMI,M,115,P01,0.1,12.602
812,1,BMI,M,115,P1,1.0,13.295
813,1,BMI,M,115,P3,3.0,13.75
814,1,BMI,M,115,P5,5.0,14.008
815,1,BMI,M,115,P10,10.0,14.433
816,1,BMI,M,115,P15,15.0,14.741
817,1,BMI,M,115,P25,25.0,15.228
818,1,BMI,M,115,P50,50.0,16.266
819,1,BMI,M,115,P75,75.0,17.521
820,1,BMI,M,115,P85,85.0,18.311
821,1,BMI,M,115,P90,90.0,18.905
822,1,BMI,M,115,P95,95.0,19.887
823,1,BMI,M,115,P97,97.0,20.605
824,1,BMI,M,115,P99,99.0,22.173
825,1,BMI,M,115,P999,99.9,25.814
826,1,BMI,M,116,P01,0.1,12.62
827,1,BMI,M,116,P1,1.0,13.315
828,1,BMI,M,116,P3,3.0,13.771
829,1,BMI,M,116,P5,5.0,14.031
830,1,BMI,M,116,P10,10.0,14.458
831,1,BMI,M,116,P15,15.0,14.766
832,1,BMI,M,116,P25,25.0,15.256
833,1,BMI,M,116,P50,50.0,16.3
834,1,BMI,M,116,P75,75.0,17.564
835,1,BMI,M,116,P85,85.0,18.361
836,1,BMI,M,116,P90,90.0,18.96
837,1,BMI,M,116,P95,95.0,19.953
838,1,BMI,M,116,P97,97.0,20.679
839,1,BMI,M,116,P99,99.0,22.269
840,1,BMI,M,116,P999,99.9,25.977
841,1,BMI,M,117,P01,0.1,12.639
842,1,BMI,M,117,P1,1.0,13.336
843,1,BMI,M,117,P3,3.0,13.794
844,1,BMI,M,117,P5,5.0,14.054
845,1,BMI,M,117,P10,10.0,14.483
846,1,BMI,M,117,P15,15.0,14.793
847,1,BMI,M,117,P25,25.0,15.285
848,1,BMI,M,117,P50,50.0,16.335
849,1,BMI,M,117,P75,75.0,17.608
850,1,BMI,M,117,P85,85.0,18.412
851,1,BMI,M,117,P90,90.0,19.016
852,1,BMI,M,117,P95,95.0,20.02
853,1,BMI,M,117,P97,97.0,20.754
854,1,BMI,M,117,P99,99.0,22.366
855,1,BMI,M,117,P999,99.9,26.142
856,1,BMI,M,118,P01,0.1,12.658
857,1,BMI,M,118,P1,1.0,13.357
858,1,BMI,M,118,P3,3.0,13.816
859,1,BMI,M,118,P5,5.0,14.078
860,1,BMI,M,118,P10,10.0,14.508
861,1,BMI,M,118,P15,15.0,14.82
862,1,BMI,M,118,P25,25.0,15.314
863,1,BMI,M,118,P50,50.0,16.37
864,1,BMI,M,118,P75,75.0,17.652
865,1,BMI,M,118,P85,85.0,18.462
866,1,BMI,M,118,P90,90.0,19.073
867,1,BMI,M,118,P95,95.0,20.087
868,1,BMI,M,118,P97,97.0,20.83
869,1,BMI,M,118,P99,99.0,22.463
870,1,BMI,M,118,P999,99.9,26.306
871,1,BMI,M,119,P01,0.1,12.677
872,1,BMI,M,119,P1,1.0,13.379
873,1,BMI,M,119,P3,3.0,13.84
874,1,BMI,M,119,P5,5.0,14.102
875,1,BMI,M,119,P10,10.0,14.534
876,1,BMI,M,119,P15,15.0,14.847
877,1,BMI,M,119,P25,25.0,15.344
878,1,BMI,M,119,P50,50.0,16.406
879,1,BMI,M,119,P75,75.0,17.697
880,1,BMI,M,119,P85,85.0,18.515
881,1,BMI,M,119,P90,90.0,19.13
882,1,BMI,M,119,P95,95.0,20.155
883,1,BMI,M,119,P97,97.0,20.907
884,1,BMI,M,119,P99,99.0,22.562
885,1,BMI,M,119,P999,99.9,26.474
886,1,BMI,M,120,P01,0.1,12.697
887,1,BMI,M,120,P1,1.0,13.401
888,1,BMI,M,120,P3,3.0,13.863
889,1,BMI,M,120,P5,5.0,14.127
890,1,BMI,M,120,P10,10.0,14.561
891,1,BMI,M,120,P15,15.0,14.875
892,1,BMI,M,120,P25,25.0,15.375
893,1,BMI,M,120,P50,50.0,16.443
894,1,BMI,M,120,P75,75.0,17.743
895,1,BMI,M,120,P85,85.0,18.568
896,1,BMI,M,120,P90,90.0,19.189
897,1,BMI,M,120,P95,95.0,20.225
898,1,BMI,M,120,P97,97.0,20.985
899,1,BMI,M,120,P99,99.0,22.662
900,1,BMI,M,120,P999,99.9,26.644
901,1,BMI,M,121,P01,0.1,12.718
902,1,BMI,M,121,P1,1.0,13.423
903,1,BMI,M,121,P3,3.0,13.888
904,1,BMI,M,121,P5,5.0,14.152
905,1,BMI,M,121,P10,10.0,14.588
906,1,BMI,M,121,P15,15.0,14.904
907,1,BMI,M,121,P25,25.0,15.406
908,1,BMI,M,121,P50,50.0,16.481
909,1,BMI,M,121,P75,75.0,17.79
910,1,BMI,M,121,P85,85.0,18.621
911,1,BMI,M,121,P90,90.0,19.248
912,1,BMI,M,121,P95,95.0,20.294
913,1,BMI,M,121,P97,97.0,21.063
914,1,BMI,M,121,P99,99.0,22.762
915,1,BMI,M,121,P999,99.9,26.814
916,1,BMI,M,122,P01,0.1,12.738
917,1,BMI,M,122,P1,1.0,13.446
918,1,BMI,M,122,P3,3.0,13.913
919,1,BMI,M,122,P5,5.0,14.178
920,1,BMI,M,122,P10,10.0,14.616
921,1,BMI,M,122,P15,15.0,14.933
922,1,BMI,M,122,P25,25.0,15.438
923,1,BMI,M,122,P50,50.0,16.519
924,1,BMI,M,122,P75,75.0,17.837
925,1,BMI,M,122,P85,85.0,18.675
926,1,BMI,M,122,P90,90.0,19.308
927,1,BMI,M,122,P95,95.0,20.365
928,1,BMI,M,122,P97,97.0,21.142
929,1,BMI,M,122,P99,99.0,22.864
930,1,BMI,M,122,P999,99.9,26.985
931,1,BMI,M,123,P01,0.1,12.76
932,1,BMI,M,123,P1,1.0,13.47
933,1,BMI,M,123,P3,3.0,13.938
934,1,BMI,M,123,P5,5.0,14.205
935,1,BMI,M,123,P10,10.0,14.644
936,1,BMI,M,123,P15,15.0,14.963
937,1,BMI,M,123,P25,25.0,15.471
938,1,BMI,M,123,P50,50.0,16.558
939,1,BMI,M,123,P75,75.0,17.886
940,1,BMI,M,123,P85,85.0,18.73
941,1,BMI,M,123,P90,90.0,19.369
942,1,BMI,M,123,P95,95.0,20.436
943,1,BMI,M,123,P97,97.0,21.223
944,1,BMI,M,123,P99,99.0,22.966
945,1,BMI,M,123,P999,99.9,27.158
946,1,BMI,M,124,P01,0.1,12.781
947,1,BMI,M,124,P1,1.0,13.494
948,1,BMI,M,124,P3,3.0,13.964
949,1,BMI,M,124,P5,5.0,14.232
950,1,BMI,M,124,P10,10.0,14.673
951,1,BMI,M,124,P15,15.0,14.994
952,1,BMI,M,124,P25,25.0,15.504
953,1,BMI,M,124,P50,50.0,16.597
954,1,BMI,M,124,P75,75.0,17.935
955,1,BMI,M,124,P85,85.0,18.786
956,1,BMI,M,124,P90,90.0,19.431
957,1,BMI,M,124,P95,95.0,20.509
958,1,BMI,M,124,P97,97.0,21.304
959,1,BMI,M,124,P99,99.0,23.069
960,1,BMI,M,124,P999,99.9,27.332
961,1,BMI,M,125,P01,0.1,12.803
962,1,BMI,M,125,P1,1.0,13.519
963,1,BMI,M,125,P3,3.0,13.99
964,1,BMI,M,125,P5,5.0,14.259
965,1,BMI,M,125,P10,10.0,14.703
966,1,BMI,M,125,P15,15.0,15.025
967,1,BMI,M,125,P25,25.0,15.538
968,1,BMI,M,125,P50,50.0,16.638
969,1,BMI,M,125,P75,75.0,17.984
970,1,BMI,M,125,P85,85.0,18.843
971,1,BMI,M,125,P90,90.0,19.493
972,1,BMI,M,125,P95,95.0,20.581
973,1,BMI,M,125,P97,97.0,21.385
974,1,BMI,M,125,P99,99.0,23.173
975,1,BMI,M,125,P999,99.9,27.505
976,1,BMI,M,126,P01,0.1,12.826
977,1,BMI,M,126,P1,1.0,13.544
978,1,BMI,M,126,P3,3.0,14.017
979,1,BMI,M,126,P5,5.0,14.287
980,1,BMI,M,126,P10,10.0,14.733
981,1,BMI,M,126,P15,15.0,15.056
982,1,BMI,M,126,P25,25.0,15.572
983,1,BMI,M,126,P50,50.0,16.679
984,1,BMI,M,126,P75,75.0,18.035
985,1,BMI,M,126,P85,85.0,18.9
986,1,BMI,M,126,P90,90.0,19.556
987,1,BMI,M,126,P95,95.0,20.656
988,1,BMI,M,126,P97,97.0,21.468
989,1,BMI,M,126,P99,99.0,23.278
990,1,BMI,M,126,P999,99.9,27.682
991,1,BMI,M,127,P01,0.1,12.849
992,1,BMI,M,127,P1,1.0,13.569
993,1,BMI,M,127,P3,3.0,14.045
994,1,BMI,M,127,P5,5.0,14.316
995,1,BMI,M,127,P10,10.0,14.764
996,1,BMI,M,127,P15,15.0,15.089
997,1,BMI,M,127,P25,25.0,15.607
998,1,BMI,M,127,P50,50.0,16.72
999,1,BMI,M,127,P75,75.0,18.086
1000,1,BMI,M,127,P85,85.0,18.958
1001,1,BMI,M,127,P90,90.0,19.62
1002,1,BMI,M,127,P95,95.0,20.73
1003,1,BMI,M,127,P97,97.0,21.551
1004,1,BMI,M,127,P99,99.0,23.383
1005,1,BMI,M,127,P999,99.9,27.857
1006,1,BMI,M,128,P01,0.1,12.872
1007,1,BMI,M,128,P1,1.0,13.596
1008,1,BMI,M,128,P3,3.0,14.073
1009,1,BMI,M,128,P5,5.0,14.346
1010,1,BMI,M,128,P10,10.0,14.796
1011,1,BMI,M,128,P15,15.0,15.122
1012,1,BMI,M,128,P25,25.0,15.643
1013,1,BMI,M,128,P50,50.0,16.763
1014,1,BMI,M,128,P75,75.0,18.138
1015,1,BMI,M,128,P85,85.0,19.017
1016,1,BMI,M,128,P90,90.0,19.685
1017,1,BMI,M,128,P95,95.0,20.805
1018,1,BMI,M,128,P97,97.0,21.635
1019,1,BMI,M,128,P99,99.0,23.488
1020,1,BMI,M,128,P999,99.9,28.032
1021,1,BMI,M,129,P01,0.1,12.896
1022,1,BMI,M,129,P1,1.0,13.622
1023,1,BMI,M,129,P3,3.0,14.102
1024,1,BMI,M,129,P5,5.0,14.376
1025,1,BMI,M,129,P10,10.0,14.828
1026,1,BMI,M,129,P15,15.0,15.156
1027,1,BMI,M,129,P25,25.0,15.679
1028,1,BMI,M,129,P50,50.0,16.806
1029,1,BMI,M,129,P75,75.0,18.191
1030,1,BMI,M,129,P85,85.0,19.077
1031,1,BMI,M,129,P90,90.0,19.75
1032,1,BMI,M,129,P95,95.0,20.881
1033,1,BMI,M,129,P97,97.0,21.72
1034,1,BMI,M,129,P99,99.0,23.595
1035,1,BMI,M,129,P999,99.9,28.21
1036,1,BMI,M,130,P01,0.1,12.92
1037,1,BMI,M,130,P1,1.0,13.649
1038,1,BMI,M,130,P3,3.0,14.131
1039,1,BMI,M,130,P5,5.0,14.406
1040,1,BMI,M,130,P10,10.0,14.86
1041,1,BMI,M,130,P15,15.0,15.19
1042,1,BMI,M,130,P25,25.0,15.717
1043,1,BMI,M,130,P50,50.0,16.85
1044,1,BMI,M,130,P75,75.0,18.244
1045,1,BMI,M,130,P85,85.0,19.137
1046,1,BMI,M,130,P90,90.0,19.816
1047,1,BMI,M,130,P95,95.0,20.958
1048,1,BMI,M,130,P97,97.0,21.805
1049,1,BMI,M,130,P99,99.0,23.702
1050,1,BMI,M,130,P999,99.9,28.387
1051,1,BMI,M,131,P01,0.1,12.945
1052,1,BMI,M,131,P1,1.0,13.677
1053,1,BMI,M,131,P3,3.0,14.161
1054,1,BMI,M,131,P5,5.0,14.437
1055,1,BMI,M,131,P10,10.0,14.893
1056,1,BMI,M,131,P15,15.0,15.225
1057,1,BMI,M,131,P25,25.0,15.754
1058,1,BMI,M,131,P50,50.0,16.894
1059,1,BMI,M,131,P75,75.0,18.298
1060,1,BMI,M,131,P85,85.0,19.198
1061,1,BMI,M,131,P90,90.0,19.883
1062,1,BMI,M,131,P95,95.0,21.035
1063,1,BMI,M,131,P97,97.0,21.891
1064,1,BMI,M,131,P99,99.0,23.81
1065,1,BMI,M,131,P999,99.9,28.564
1066,1,BMI,M,132,P01,0.1,12.97
1067,1,BMI,M,132,P1,1.0,13.705
1068,1,BMI,M,132,P3,3.0,14.191
1069,1,BMI,M,132,P5,5.0,14.469
1070,1,BMI,M,132,P10,10.0,14.927
1071,1,BMI,M,132,P15,15.0,15.26
1072,1,BMI,M,132,P25,25.0,15.793
1073,1,BMI,M,132,P50,50.0,16.939
1074,1,BMI,M,132,P75,75.0,18.353
1075,1,BMI,M,132,P85,85.0,19.26
1076,1,BMI,M,132,P90,90.0,19.95
1077,1,BMI,M,132,P95,95.0,21.113
1078,1,BMI,M,132,P97,97.0,21.977
1079,1,BMI,M,132,P99,99.0,23.917
1080,1,BMI,M,132,P999,99.9,28.74
1081,1,BMI,M,133,P01,0.1,12.996
1082,1,BMI,M,133,P1,1.0,13.734
1083,1,BMI,M,133,P3,3.0,14.222
1084,1,BMI,M,133,P5,5.0,14.501
1085,1,BMI,M,133,P10,10.0,14.962
1086,1,BMI,M,133,P15,15.0,15.296
1087,1,BMI,M,133,P25,25.0,15.832
1088,1,BMI,M,133,P50,50.0,16.985
1089,1,BMI,M,133,P75,75.0,18.408
1090,1,BMI,M,133,P85,85.0,19.322
1091,1,BMI,M,133,P90,90.0,20.018
1092,1,BMI,M,133,P95,95.0,21.191
1093,1,BMI,M,133,P97,97.0,22.064
1094,1,BMI,M,133,P99,99.0,24.025
1095,1,BMI,M,133,P999,99.9,28.916
1096,1,BMI,M,134,P01,0.1,13.022
1097,1,BMI,M,134,P1,1.0,13.763
1098,1,BMI,M,134,P3,3.0,14.253
1099,1,BMI,M,134,P5,5.0,14.533
1100,1,BMI,M,134,P10,10.0,14.996
1101,1,BMI,M,134,P15,15.0,15.333
1102,1,BMI,M,134,P25,25.0,15.871
1103,1,BMI,M,134,P50,50.0,17.031
1104,1,BMI,M,134,P75,75.0,18.464
1105,1,BMI,M,134,P85,85.0,19.385
1106,1,BMI,M,134,P90,90.0,20.087
1107,1,BMI,M,134,P95,95.0,21.27
1108,1,BMI,M,134,P97,97.0,22.151
1109,1,BMI,M,134,P99,99.0,24.134
1110,1,BMI,M,134,P999,99.9,29.093
1111,1,BMI,M,135,P01,0.1,13.048
1112,1,BMI,M,135,P1,1.0,13.792
1113,1,BMI,M,135,P3,3.0,14.285
1114,1,BMI,M,135,P5,5.0,14.566
1115,1,BMI,M,135,P10,10.0,15.032
1116,1,BMI,M,135,P15,15.0,15.37
1117,1,BMI,M,135,P25,25.0,15.911
1118,1,BMI,M,135,P50,50.0,17.078
1119,1,BMI,M,135,P75,75.0,18.521
1120,1,BMI,M,135,P85,85.0,19.449
1121,1,BMI,M,135,P90,90.0,20.156
1122,1,BMI,M,135,P95,95.0,21.35
1123,1,BMI,M,135,P97,97.0,22.239
1124,1,BMI,M,135,P99,99.0,24.242
1125,1,BMI,M,135,P999,99.9,29.267
1126,1,BMI,M,136,P01,0.1,13.075
1127,1,BMI,M,136,P1,1.0,13.822
1128,1,BMI,M,136,P3,3.0,14.317
1129,1,BMI,M,136,P5,5.0,14.6
1130,1,BMI,M,136,P10,10.0,15.068
1131,1,BMI,M,136,P15,15.0,15.408
1132,1,BMI,M,136,P25,25.0,15.952
1133,1,BMI,M,136,P50,50.0,17.126
1134,1,BMI,M,136,P75,75.0,18.578
1135,1,BMI,M,136,P85,85.0,19.513
1136,1,BMI,M,136,P90,90.0,20.226
1137,1,BMI,M,136,P95,95.0,21.43
1138,1,BMI,M,136,P97,97.0,22.327
1139,1,BMI,M,136,P99,99.0,24.351
1140,1,BMI,M,136,P999,99.9,29.442
1141,1,BMI,M,137,P01,0.1,13.102
1142,1,BMI,M,137,P1,1.0,13.853
1143,1,BMI,M,137,P3,3.0,14.35
1144,1,BMI,M,137,P5,5.0,14.634
1145,1,BMI,M,137,P10,10.0,15.105
1146,1,BMI,M,137,P15,15.0,15.447
1147,1,BMI,M,137,P25,25.0,15.993
1148,1,BMI,M,137,P50,50.0,17.175
1149,1,BMI,M,137,P75,75.0,18.636
1150,1,BMI,M,137,P85,85.0,19.578
1151,1,BMI,M,137,P90,90.0,20.296
1152,1,BMI,M,137,P95,95.0,21.51
1153,1,BMI,M,137,P97,97.0,22.416
1154,1,BMI,M,137,P99,99.0,24.46
1155,1,BMI,M,137,P999,99.9,29.614
1156,1,BMI,M,138,P01,0.1,13.13
1157,1,BMI,M,138,P1,1.0,13.884
1158,1,BMI,M,138,P3,3.0,14.383
1159,1,BMI,M,138,P5,5.0,14.669
1160,1,BMI,M,138,P10,10.0,15.142
1161,1,BMI,M,138,P15,15.0,15.486
1162,1,BMI,M,138,P25,25.0,16.035
1163,1,BMI,M,138,P50,50.0,17.224
1164,1,BMI,M,138,P75,75.0,18.695
1165,1,BMI,M,138,P85,85.0,19.643
1166,1,BMI,M,138,P90,90.0,20.367
1167,1,BMI,M,138,P95,95.0,21.591
1168,1,BMI,M,138,P97,97.0,22.505
1169,1,BMI,M,138,P99,99.0,24.569
1170,1,BMI,M,138,P999,99.9,29.787
1171,1,BMI,M,139,P01,0.1,13.157
1172,1,BMI,M,139,P1,1.0,13.915
1173,1,BMI,M,139,P3,3.0,14.417
1174,1,BMI,M,139,P5,5.0,14.704
1175,1,BMI,M,139,P10,10.0,15.179
1176,1,BMI,M,139,P15,15.0,15.525
1177,1,BMI,M,139,P25,25.0,16.078
1178,1,BMI,M,139,P50,50.0,17.273
1179,1,BMI,M,139,P75,75.0,18.754
1180,1,BMI,M,139,P85,85.0,19.71
1181,1,BMI,M,139,P90,90.0,20.439
1182,1,BMI,M,139,P95,95.0,21.673
1183,1,BMI,M,139,P97,97.0,22.595
1184,1,BMI,M,139,P99,99.0,24.679
1185,1,BMI,M,139,P999,99.9,29.959
1186,1,BMI,M,140,P01,0.1,13.186
1187,1,BMI,M,140,P1,1.0,13.947
1188,1,BMI,M,140,P3,3.0,14.452
1189,1,BMI,M,140,P5,5.0,14.741
1190,1,BMI,M,140,P10,10.0,15.218
1191,1,BMI,M,140,P15,15.0,15.566
1192,1,BMI,M,140,P25,25.0,16.122
1193,1,BMI,M,140,P50,50.0,17.324
1194,1,BMI,M,140,P75,75.0,18.815
1195,1,BMI,M,140,P85,85.0,19.777
1196,1,BMI,M,140,P90,90.0,20.512
1197,1,BMI,M,140,P95,95.0,21.756
1198,1,BMI,M,140,P97,97.0,22.685
1199,1,BMI,M,140,P99,99.0,24.789
1200,1,BMI,M,140,P999,99.9,30.129
1201,1,BMI,M,141,P01,0.1,13.215
1202,1,BMI,M,141,P1,1.0,13.98
1203,1,BMI,M,141,P3,3.0,14.487
1204,1,BMI,M,141,P5,5.0,14.777
1205,1,BMI,M,141,P10,10.0,15.257
1206,1,BMI,M,141,P15,15.0,15.607
1207,1,BMI,M,141,P25,25.0,16.166
1208,1,BMI,M,141,P50,50.0,17.375
1209,1,BMI,M,141,P75,75.0,18.875
1210,1,BMI,M,141,P85,85.0,19.844
1211,1,BMI,M,141,P90,90.0,20.585
1212,1,BMI,M,141,P95,95.0,21.838
1213,1,BMI,M,141,P97,97.0,22.775
1214,1,BMI,M,141,P99,99.0,24.898
1215,1,BMI,M,141,P999,99.9,30.297
1216,1,BMI,M,142,P01,0.1,13.245
1217,1,BMI,M,142,P1,1.0,14.013
1218,1,BMI,M,142,P3,3.0,14.523
1219,1,BMI,M,142,P5,5.0,14.814
1220,1,BMI,M,142,P10,10.0,15.297
1221,1,BMI,M,142,P15,15.0,15.648
1222,1,BMI,M,142,P25,25.0,16.211
1223,1,BMI,M,142,P50,50.0,17.427
1224,1,BMI,M,142,P75,75.0,18.937
1225,1,BMI,M,142,P85,85.0,19.913
1226,1,BMI,M,142,P90,90.0,20.658
1227,1,BMI,M,142,P95,95.0,21.922
1228,1,BMI,M,142,P97,97.0,22.866
1229,1,BMI,M,142,P99,99.0,25.008
1230,1,BMI,M,142,P999,99.9,30.464
1231,1,BMI,M,143,P01,0.1,13.275
1232,1,BMI,M,143,P1,1.0,14.047
1233,1,BMI,M,143,P3,3.0,14.559
1234,1,BMI,M,143,P5,5.0,14.852
1235,1,BMI,M,143,P10,10.0,15.337
1236,1,BMI,M,143,P15,15.0,15.691
1237,1,BMI,M,143,P25,25.0,16.256
1238,1,BMI,M,143,P50,50.0,17.48
1239,1,BMI,M,143,P75,75.0,19.0
1240,1,BMI,M,143,P85,85.0,19.982
1241,1,BMI,M,143,P90,90.0,20.733
1242,1,BMI,M,143,P95,95.0,22.006
1243,1,BMI,M,143,P97,97.0,22.958
1244,1,BMI,M,143,P99,99.0,25.118
1245,1,BMI,M,143,P999,99.9,30.63
1246,1,BMI,M,144,P01,0.1,13.305
1247,1,BMI,M,144,P1,1.0,14.081
1248,1,BMI,M,144,P3,3.0,14.596
1249,1,BMI,M,144,P5,5.0,14.891
1250,1,BMI,M,144,P10,10.0,15.378
1251,1,BMI,M,144,P15,15.0,15.734
1252,1,BMI,M,144,P25,25.0,16.302
1253,1,BMI,M,144,P50,50.0,17.533
1254,1,BMI,M,144,P75,75.0,19.063
1255,1,BMI,M,144,P85,85.0,20.052
1256,1,BMI,M,144,P90,90.0,20.808
1257,1,BMI,M,144,P95,95.0,22.09
1258,1,BMI,M,144,P97,97.0,23.05
1259,1,BMI,M,144,P99,99.0,25.228
1260,1,BMI,M,144,P999,99.9,30.794
1261,1,BMI,M,145,P01,0.1,13.337
1262,1,BMI,M,145,P1,1.0,14.116
1263,1,BMI,M,145,P3,3.0,14.634
1264,1,BMI,M,145,P5,5.0,14.93
1265,1,BMI,M,145,P10,10.0,15.42
1266,1,BMI,M,145,P15,15.0,15.778
1267,1,BMI,M,145,P25,25.0,16.349
1268,1,BMI,M,145,P50,50.0,17.588
1269,1,BMI,M,145,P75,75.0,19.127
1270,1,BMI,M,145,P85,85.0,20.122
1271,1,BMI,M,145,P90,90.0,20.884
1272,1,BMI,M,145,P95,95.0,22.175
1273,1,BMI,M,145,P97,97.0,23.142
1274,1,BMI,M,145,P99,99.0,25.338
1275,1,BMI,M,145,P999,99.9,30.955
1276,1,BMI,M,146,P01,0.1,13.368
1277,1,BMI,M,146,P1,1.0,14.152
1278,1,BMI,M,146,P3,3.0,14.672
1279,1,BMI,M,146,P5,5.0,14.97
1280,1,BMI,M,146,P10,10.0,15.463
1281,1,BMI,M,146,P15,15.0,15.822
1282,1,BMI,M,146,P25,25.0,16.397
1283,1,BMI,M,146,P50,50.0,17.643
1284,1,BMI,M,146,P75,75.0,19.191
1285,1,BMI,M,146,P85,85.0,20.193
1286,1,BMI,M,146,P90,90.0,20.96
1287,1,BMI,M,146,P95,95.0,22.261
1288,1,BMI,M,146,P97,97.0,23.235
1289,1,BMI,M,146,P99,99.0,25.448
1290,1,BMI,M,146,P999,99.9,31.116
1291,1,BMI,M,147,P01,0.1,13.4
1292,1,BMI,M,147,P1,1.0,14.188
1293,1,BMI,M,147,P3,3.0,14.711
1294,1,BMI,M,147,P5,5.0,15.01
1295,1,BMI,M,147,P10,10.0,15.506
1296,1,BMI,M,147,P15,15.0,15.867
1297,1,BMI,M,147,P25,25.0,16.446
1298,1,BMI,M,147,P50,50.0,17.698
1299,1,BMI,M,147,P75,75.0,19.257
1300,1,BMI,M,147,P85,85.0,20.265
1301,1,BMI,M,147,P90,90.0,21.037
1302,1,BMI,M,147,P95,95.0,22.347
1303,1,BMI,M,147,P97,97.0,23.328
1304,1,BMI,M,147,P99,99.0,25.558
1305,1,BMI,M,147,P999,99.9,31.273
1306,1,BMI,M,148,P01,0.1,13.433
1307,1,BMI,M,148,P1,1.0,14.225
1308,1,BMI,M,148,P3,3.0,14.751
1309,1,BMI,M,148,P5,5.0,15.051
1310,1,BMI,M,148,P10,10.0,15.55
1311,1,BMI,M,148,P15,15.0,15.913
1312,1,BMI,M,148,P25,25.0,16.495
1313,1,BMI,M,148,P50,50.0,17.755
1314,1,BMI,M,148,P75,75.0,19.323
1315,1,BMI,M,148,P85,85.0,20.338
1316,1,BMI,M,148,P90,90.0,21.115
1317,1,BMI,M,148,P95,95.0,22.434
1318,1,BMI,M,148,P97,97.0,23.422
1319,1,BMI,M,148,P99,99.0,25.668
1320,1,BMI,M,148,P999,99.9,31.43
1321,1,BMI,M,149,P01,0.1,13.466
1322,1,BMI,M,149,P1,1.0,14.262
1323,1,BMI,M,149,P3,3.0,14.791
1324,1,BMI,M,149,P5,5.0,15.093
1325,1,BMI,M,149,P10,10.0,15.594
1326,1,BMI,M,149,P15,15.0,15.96
1327,1,BMI,M,149,P25,25.0,16.545
1328,1,BMI,M,149,P50,50.0,17.812
1329,1,BMI,M,149,P75,75.0,19.39
1330,1,BMI,M,149,P85,85.0,20.411
1331,1,BMI,M,149,P90,90.0,21.194
1332,1,BMI,M,149,P95,95.0,22.521
1333,1,BMI,M,149,P97,97.0,23.516
1334,1,BMI,M,149,P99,99.0,25.778
1335,1,BMI,M,149,P999,99.9,31.584
1336,1,BMI,M,150,P01,0.1,13.5
1337,1,BMI,M,150,P1,1.0,14.3
1338,1,BMI,M,150,P3,3.0,14.831
1339,1,BMI,M,150,P5,5.0,15.136
1340,1,BMI,M,150,P10,10.0,15.64
1341,1,BMI,M,150,P15,15.0,16.007
1342,1,BMI,M,150,P25,25.0,16.595
1343,1,BMI,M,150,P50,50.0,17.87
1344,1,BMI,M,150,P75,75.0,19.457
1345,1,BMI,M,150,P85,85.0,20.486
1346,1,BMI,M,150,P90,90.0,21.273
1347,1,BMI,M,150,P95,95.0,22.609
1348,1,BMI,M,150,P97,97.0,23.61
1349,1,BMI,M,150,P99,99.0,25.888
1350,1,BMI,M,150,P999,99.9,31.736
1351,1,BMI,M,151,P01,0.1,13.534
1352,1,BMI,M,151,P1,1.0,14.338
1353,1,BMI,M,151,P3,3.0,14.873
1354,1,BMI,M,151,P5,5.0,15.179
1355,1,BMI,M,151,P10,10.0,15.685
1356,1,BMI,M,151,P15,15.0,16.055
1357,1,BMI,M,151,P25,25.0,16.646
1358,1,BMI,M,151,P50,50.0,17.929
1359,1,BMI,M,151,P75,75.0,19.526
1360,1,BMI,M,151,P85,85.0,20.56
1361,1,BMI,M,151,P90,90.0,21.352
1362,1,BMI,M,151,P95,95.0,22.697
1363,1,BMI,M,151,P97,97.0,23.705
1364,1,BMI,M,151,P99,99.0,25.998
1365,1,BMI,M,151,P999,99.9,31.886
1366,1,BMI,M,152,P01,0.1,13.569
1367,1,BMI,M,152,P1,1.0,14.377
1368,1,BMI,M,152,P3,3.0,14.915
1369,1,BMI,M,152,P5,5.0,15.222
1370,1,BMI,M,152,P10,10.0,15.732
1371,1,BMI,M,152,P15,15.0,16.103
1372,1,BMI,M,152,P25,25.0,16.698
1373,1,BMI,M,152,P50,50.0,17.989
1374,1,BMI,M,152,P75,75.0,19.595
1375,1,BMI,M,152,P85,85.0,20.636
1376,1,BMI,M,152,P90,90.0,21.433
1377,1,BMI,M,152,P95,95.0,22.785
1378,1,BMI,M,152,P97,97.0,23.8
1379,1,BMI,M,152,P99,99.0,26.107
1380,1,BMI,M,152,P999,99.9,32.033
1381,1,BMI,M,153,P01,0.1,13.604
1382,1,BMI,M,153,P1,1.0,14.417
1383,1,BMI,M,153,P3,3.0,14.957
1384,1,BMI,M,153,P5,5.0,15.266
1385,1,BMI,M,153,P10,10.0,15.779
1386,1,BMI,M,153,P15,15.0,16.153
1387,1,BMI,M,153,P25,25.0,16.751
1388,1,BMI,M,153,P50,50.0,18.049
1389,1,BMI,M,153,P75,75.0,19.665
1390,1,BMI,M,153,P85,85.0,20.711
1391,1,BMI,M,153,P90,90.0,21.513
1392,1,BMI,M,153,P95,95.0,22.874
1393,1,BMI,M,153,P97,97.0,23.895
1394,1,BMI,M,153,P99,99.0,26.216
1395,1,BMI,M,153,P999,99.9,32.178
1396,1,BMI,M,154,P01,0.1,13.639
1397,1,BMI,M,154,P1,1.0,14.457
1398,1,BMI,M,154,P3,3.0,15.0
1399,1,BMI,M,154,P5,5.0,15.311
1400,1,BMI,M,154,P10,10.0,15.827
1401,1,BMI,M,154,P15,15.0,16.202
1402,1,BMI,M,154,P25,25.0,16.804
1403,1,BMI,M,154,P50,50.0,18.11
1404,1,BMI,M,154,P75,75.0,19.735
1405,1,BMI,M,154,P85,85.0,20.788
1406,1,BMI,M,154,P90,90.0,21.595
1407,1,BMI,M,154,P95,95.0,22.964
1408,1,BMI,M,154,P97,97.0,23.991
1409,1,BMI,M,154,P99,99.0,26.326
1410,1,BMI,M,154,P999,99.9,32.322
1411,1,BMI,M,155,P01,0.1,13.675
1412,1,BMI,M,155,P1,1.0,14.497
1413,1,BMI,M,155,P3,3.0,15.044
1414,1,BMI,M,155,P5,5.0,15.357
1415,1,BMI,M,155,P10,10.0,15.875
1416,1,BMI,M,155,P15,15.0,16.253
1417,1,BMI,M,155,P25,25.0,16.858
1418,1,BMI,M,155,P50,50.0,18.171
1419,1,BMI,M,155,P75,75.0,19.806
1420,1,BMI,M,155,P85,85.0,20.865
1421,1,BMI,M,155,P90,90.0,21.676
1422,1,BMI,M,155,P95,95.0,23.053
1423,1,BMI,M,155,P97,97.0,24.086
1424,1,BMI,M,155,P99,99.0,26.434
1425,1,BMI,M,155,P999,99.9,32.46
1426,1,BMI,M,156,P01,0.1,13.711
1427,1,BMI,M,156,P1,1.0,14.538
1428,1,BMI,M,156,P3,3.0,15.087
1429,1,BMI,M,156,P5,5.0,15.402
1430,1,BMI,M,156,P10,10.0,15.923
1431,1,BMI,M,156,P15,15.0,16.303
1432,1,BMI,M,156,P25,25.0,16.912
1433,1,BMI,M,156,P50,50.0,18.233
1434,1,BMI,M,156,P75,75.0,19.877
1435,1,BMI,M,156,P85,85.0,20.943
1436,1,BMI,M,156,P90,90.0,21.759
1437,1,BMI,M,156,P95,95.0,23.144
1438,1,BMI,M,156,P97,97.0,24.182
1439,1,BMI,M,156,P99,99.0,26.543
1440,1,BMI,M,156,P999,99.9,32.6
1441,1,BMI,M,157,P01,0.1,13.748
1442,1,BMI,M,157,P1,1.0,14.58
1443,1,BMI,M,157,P3,3.0,15.132
1444,1,BMI,M,157,P5,5.0,15.448
1445,1,BMI,M,157,P10,10.0,15.973
1446,1,BMI,M,157,P15,15.0,16.355
1447,1,BMI,M,157,P25,25.0,16.967
1448,1,BMI,M,157,P50,50.0,18.296
1449,1,BMI,M,157,P75,75.0,19.949
1450,1,BMI,M,157,P85,85.0,21.021
1451,1,BMI,M,157,P90,90.0,21.841
1452,1,BMI,M,157,P95,95.0,23.234
1453,1,BMI,M,157,P97,97.0,24.278
1454,1,BMI,M,157,P99,99.0,26.65
1455,1,BMI,M,157,P999,99.9,32.733
1456,1,BMI,M,158,P01,0.1,13.785
1457,1,BMI,M,158,P1,1.0,14.621
1458,1,BMI,M,158,P3,3.0,15.177
1459,1,BMI,M,158,P5,5.0,15.495
1460,1,BMI,M,158,P10,10.0,16.023
1461,1,BMI,M,158,P15,15.0,16.407
1462,1,BMI,M,158,P25,25.0,17.023
1463,1,BMI,M,158,P50,50.0,18.359
1464,1,BMI,M,158,P75,75.0,20.022
1465,1,BMI,M,158,P85,85.0,21.099
1466,1,BMI,M,158,P90,90.0,21.924
1467,1,BMI,M,158,P95,95.0,23.324
1468,1,BMI,M,158,P97,97.0,24.373
1469,1,BMI,M,158,P99,99.0,26.758
1470,1,BMI,M,158,P999,99.9,32.865
1471,1,BMI,M,159,P01,0.1,13.822
1472,1,BMI,M,159,P1,1.0,14.663
1473,1,BMI,M,159,P3,3.0,15.222
1474,1,BMI,M,159,P5,5.0,15.542
1475,1,BMI,M,159,P10,10.0,16.073
1476,1,BMI,M,159,P15,15.0,16.459
1477,1,BMI,M,159,P25,25.0,17.079
1478,1,BMI,M,159,P50,50.0,18.422
1479,1,BMI,M,159,P75,75.0,20.095
1480,1,BMI,M,159,P85,85.0,21.178
1481,1,BMI,M,159,P90,90.0,22.008
1482,1,BMI,M,159,P95,95.0,23.415
1483,1,BMI,M,159,P97,97.0,24.47
1484,1,BMI,M,159,P99,99.0,26.865
1485,1,BMI,M,159,P999,99.9,32.996
1486,1,BMI,M,160,P01,0.1,13.86
1487,1,BMI,M,160,P1,1.0,14.706
1488,1,BMI,M,160,P3,3.0,15.268
1489,1,BMI,M,160,P5,5.0,15.59
1490,1,BMI,M,160,P10,10.0,16.123
1491,1,BMI,M,160,P15,15.0,16.512
1492,1,BMI,M,160,P25,25.0,17.135
1493,1,BMI,M,160,P50,50.0,18.486
1494,1,BMI,M,160,P75,75.0,20.168
1495,1,BMI,M,160,P85,85.0,21.257
1496,1,BMI,M,160,P90,90.0,22.091
1497,1,BMI,M,160,P95,95.0,23.505
1498,1,BMI,M,160,P97,97.0,24.565
1499,1,BMI,M,160,P99,99.0,26.972
1500,1,BMI,M,160,P999,99.9,33.122
1501,1,BMI,M,161,P01,0.1,13.897
1502,1,BMI,M,161,P1,1.0,14.748
1503,1,BMI,M,161,P3,3.0,15.313
1504,1,BMI,M,161,P5,5.0,15.637
1505,1,BMI,M,161,P10,10.0,16.174
1506,1,BMI,M,161,P15,15.0,16.565
1507,1,BMI,M,161,P25,25.0,17.192
1508,1,BMI,M,161,P50,50.0,18.55
1509,1,BMI,M,161,P75,75.0,20.241
1510,1,BMI,M,161,P85,85.0,21.336
1511,1,BMI,M,161,P90,90.0,22.174
1512,1,BMI,M,161,P95,95.0,23.596
1513,1,BMI,M,161,P97,97.0,24.66
1514,1,BMI,M,161,P99,99.0,27.077
1515,1,BMI,M,161,P999,99.9,33.243
1516,1,BMI,M,162,P01,0.1,13.935
1517,1,BMI,M,162,P1,1.0,14.791
1518,1,BMI,M,162,P3,3.0,15.36
1519,1,BMI,M,162,P5,5.0,15.685
1520,1,BMI,M,162,P10,10.0,16.225
1521,1,BMI,M,162,P15,15.0,16.618
1522,1,BMI,M,162,P25,25.0,17.248
1523,1,BMI,M,162,P50,50.0,18.615
1524,1,BMI,M,162,P75,75.0,20.315
1525,1,BMI,M,162,P85,85.0,21.416
1526,1,BMI,M,162,P90,90.0,22.258
1527,1,BMI,M,162,P95,95.0,23.686
1528,1,BMI,M,162,P97,97.0,24.755
1529,1,BMI,M,162,P99,99.0,27.181
1530,1,BMI,M,162,P999,99.9,33.364
1531,1,BMI,M,163,P01,0.1,13.973
1532,1,BMI,M,163,P1,1.0,14.834
1533,1,BMI,M,163,P3,3.0,15.406
1534,1,BMI,M,163,P5,5.0,15.733
1535,1,BMI,M,163,P10,10.0,16.276
1536,1,BMI,M,163,P15,15.0,16.672
1537,1,BMI,M,163,P25,25.0,17.306
1538,1,BMI,M,163,P50,50.0,18.68
1539,1,BMI,M,163,P75,75.0,20.389
1540,1,BMI,M,163,P85,85.0,21.495
1541,1,BMI,M,163,P90,90.0,22.341
1542,1,BMI,M,163,P95,95.0,23.776
1543,1,BMI,M,163,P97,97.0,24.85
1544,1,BMI,M,163,P99,99.0,27.285
1545,1,BMI,M,163,P999,99.9,33.48
1546,1,BMI,M,164,P01,0.1,14.011
1547,1,BMI,M,164,P1,1.0,14.877
1548,1,BMI,M,164,P3,3.0,15.452
1549,1,BMI,M,164,P5,5.0,15.782
1550,1,BMI,M,164,P10,10.0,16.328
1551,1,BMI,M,164,P15,15.0,16.726
1552,1,BMI,M,164,P25,25.0,17.363
1553,1,BMI,M,164,P50,50.0,18.744
1554,1,BMI,M,164,P75,75.0,20.463
1555,1,BMI,M,164,P85,85.0,21.574
1556,1,BMI,M,164,P90,90.0,22.425
1557,1,BMI,M,164,P95,95.0,23.866
1558,1,BMI,M,164,P97,97.0,24.944
1559,1,BMI,M,164,P99,99.0,27.387
1560,1,BMI,M,164,P999,99.9,33.592
1561,1,BMI,M,165,P01,0.1,14.049
1562,1,BMI,M,165,P1,1.0,14.92
1563,1,BMI,M,165,P3,3.0,15.499
1564,1,BMI,M,165,P5,5.0,15.83
1565,1,BMI,M,165,P10,10.0,16.379
1566,1,BMI,M,165,P15,15.0,16.779
1567,1,BMI,M,165,P25,25.0,17.42
1568,1,BMI,M,165,P50,50.0,18.81
1569,1,BMI,M,165,P75,75.0,20.537
1570,1,BMI,M,165,P85,85.0,21.654
1571,1,BMI,M,165,P90,90.0,22.508
1572,1,BMI,M,165,P95,95.0,23.955
1573,1,BMI,M,165,P97,97.0,25.037
1574,1,BMI,M,165,P99,99.0,27.488
1575,1,BMI,M,165,P999,99.9,33.701
1576,1,BMI,M,166,P01,0.1,14.087
1577,1,BMI,M,166,P1,1.0,14.963
1578,1,BMI,M,166,P3,3.0,15.545
1579,1,BMI,M,166,P5,5.0,15.879
1580,1,BMI,M,166,P10,10.0,16.431
1581,1,BMI,M,166,P15,15.0,16.833
1582,1,BMI,M,166,P25,25.0,17.478
1583,1,BMI,M,166,P50,50.0,18.875
1584,1,BMI,M,166,P75,75.0,20.611
1585,1,BMI,M,166,P85,85.0,21.733
1586,1,BMI,M,166,P90,90.0,22.591
1587,1,BMI,M,166,P95,95.0,24.044
1588,1,BMI,M,166,P97,97.0,25.131
1589,1,BMI,M,166,P99,99.0,27.589
1590,1,BMI,M,166,P999,99.9,33.809
1591,1,BMI,M,167,P01,0.1,14.125
1592,1,BMI,M,167,P1,1.0,15.007
1593,1,BMI,M,167,P3,3.0,15.592
1594,1,BMI,M,167,P5,5.0,15.927
1595,1,BMI,M,167,P10,10.0,16.483
1596,1,BMI,M,167,P15,15.0,16.887
1597,1,BMI,M,167,P25,25.0,17.535
1598,1,BMI,M,167,P50,50.0,18.94
1599,1,BMI,M,167,P75,75.0,20.685
1600,1,BMI,M,167,P85,85.0,21.812
1601,1,BMI,M,167,P90,90.0,22.674
1602,1,BMI,M,167,P95,95.0,24.133
1603,1,BMI,M,167,P97,97.0,25.223
1604,1,BMI,M,167,P99,99.0,27.688
1605,1,BMI,M,167,P999,99.9,33.913
1606,1,BMI,M,168,P01,0.1,14.163
1607,1,BMI,M,168,P1,1.0,15.05
1608,1,BMI,M,168,P3,3.0,15.639
1609,1,BMI,M,168,P5,5.0,15.976
1610,1,BMI,M,168,P10,10.0,16.534
1611,1,BMI,M,168,P15,15.0,16.941
1612,1,BMI,M,168,P25,25.0,17.593
1613,1,BMI,M,168,P50,50.0,19.005
1614,1,BMI,M,168,P75,75.0,20.758
1615,1,BMI,M,168,P85,85.0,21.891
1616,1,BMI,M,168,P90,90.0,22.757
1617,1,BMI,M,168,P95,95.0,24.221
1618,1,BMI,M,168,P97,97.0,25.315
1619,1,BMI,M,168,P99,99.0,27.786
1620,1,BMI,M,168,P999,99.9,34.011
1621,1,BMI,M,169,P01,0.1,14.201
1622,1,BMI,M,169,P1,1.0,15.093
1623,1,BMI,M,169,P3,3.0,15.685
1624,1,BMI,M,169,P5,5.0,16.024
1625,1,BMI,M,169,P10,10.0,16.586
1626,1,BMI,M,169,P15,15.0,16.995
1627,1,BMI,M,169,P25,25.0,17.651
1628,1,BMI,M,169,P50,50.0,19.07
1629,1,BMI,M,169,P75,75.0,20.832
1630,1,BMI,M,169,P85,85.0,21.97
1631,1,BMI,M,169,P90,90.0,22.839
1632,1,BMI,M,169,P95,95.0,24.309
1633,1,BMI,M,169,P97,97.0,25.406
1634,1,BMI,M,169,P99,99.0,27.882
1635,1,BMI,M,169,P999,99.9,34.107
1636,1,BMI,M,170,P01,0.1,14.239
1637,1,BMI,M,170,P1,1.0,15.136
1638,1,BMI,M,170,P3,3.0,15.731
1639,1,BMI,M,170,P5,5.0,16.073
1640,1,BMI,M,170,P10,10.0,16.638
1641,1,BMI,M,170,P15,15.0,17.049
1642,1,BMI,M,170,P25,25.0,17.708
1643,1,BMI,M,170,P50,50.0,19.135
1644,1,BMI,M,170,P75,75.0,20.906
1645,1,BMI,M,170,P85,85.0,22.049
1646,1,BMI,M,170,P90,90.0,22.921
1647,1,BMI,M,170,P95,95.0,24.396
1648,1,BMI,M,170,P97,97.0,25.496
1649,1,BMI,M,170,P99,99.0,27.979
1650,1,BMI,M,170,P999,99.9,34.202
1651,1,BMI,M,171,P01,0.1,14.276
1652,1,BMI,M,171,P1,1.0,15.178
1653,1,BMI,M,171,P3,3.0,15.778
1654,1,BMI,M,171,P5,5.0,16.121
1655,1,BMI,M,171,P10,10.0,16.689
1656,1,BMI,M,171,P15,15.0,17.103
1657,1,BMI,M,171,P25,25.0,17.766
1658,1,BMI,M,171,P50,50.0,19.2
1659,1,BMI,M,171,P75,75.0,20.979
1660,1,BMI,M,171,P85,85.0,22.127
1661,1,BMI,M,171,P90,90.0,23.003
1662,1,BMI,M,171,P95,95.0,24.482
1663,1,BMI,M,171,P97,97.0,25.586
1664,1,BMI,M,171,P99,99.0,28.073
1665,1,BMI,M,171,P999,99.9,34.292
1666,1,BMI,M,172,P01,0.1,14.314
1667,1,BMI,M,172,P1,1.0,15.221
1668,1,BMI,M,172,P3,3.0,15.824
1669,1,BMI,M,172,P5,5.0,16.169
1670,1,BMI,M,172,P10,10.0,16.741
1671,1,BMI,M,172,P15,15.0,17.157
1672,1,BMI,M,172,P25,25.0,17.823
1673,1,BMI,M,172,P50,50.0,19.265
1674,1,BMI,M,172,P75,75.0,21.052
1675,1,BMI,M,172,P85,85.0,22.204
1676,1,BMI,M,172,P90,90.0,23.084
1677,1,BMI,M,172,P95,95.0,24.568
1678,1,BMI,M,172,P97,97.0,25.674
1679,1,BMI,M,172,P99,99.0,28.165
1680,1,BMI,M,172,P999,99.9,34.378
1681,1,BMI,M,173,P01,0.1,14.351
1682,1,BMI,M,173,P1,1.0,15.264
1683,1,BMI,M,173,P3,3.0,15.87
1684,1,BMI,M,173,P5,5.0,16.217
1685,1,BMI,M,173,P10,10.0,16.792
1686,1,BMI,M,173,P15,15.0,17.21
1687,1,BMI,M,173,P25,25.0,17.88
1688,1,BMI,M,173,P50,50.0,19.329
1689,1,BMI,M,173,P75,75.0,21.125
1690,1,BMI,M,173,P85,85.0,22.282
1691,1,BMI,M,173,P90,90.0,23.164
1692,1,BMI,M,173,P95,95.0,24.653
1693,1,BMI,M,173,P97,97.0,25.762
1694,1,BMI,M,173,P99,99.0,28.257
1695,1,BMI,M,173,P999,99.9,34.462
1696,1,BMI,M,174,P01,0.1,14.387
1697,1,BMI,M,174,P1,1.0,15.306
1698,1,BMI,M,174,P3,3.0,15.916
1699,1,BMI,M,174,P5,5.0,16.265
1700,1,BMI,M,174,P10,10.0,16.843
1701,1,BMI,M,174,P15,15.0,17.264
1702,1,BMI,M,174,P25,25.0,17.937
1703,1,BMI,M,174,P50,50.0,19.394
1704,1,BMI,M,174,P75,75.0,21.197
1705,1,BMI,M,174,P85,85.0,22.359
1706,1,BMI,M,174,P90,90.0,23.244
1707,1,BMI,M,174,P95,95.0,24.738
1708,1,BMI,M,174,P97,97.0,25.849
1709,1,BMI,M,174,P99,99.0,28.347
1710,1,BMI,M,174,P999,99.9,34.544
1711,1,BMI,M,175,P01,0.1,14.424
1712,1,BMI,M,175,P1,1.0,15.348
1713,1,BMI,M,175,P3,3.0,15.961
1714,1,BMI,M,175,P5,5.0,16.313
1715,1,BMI,M,175,P10,10.0,16.894
1716,1,BMI,M,175,P15,15.0,17.317
1717,1,BMI,M,175,P25,25.0,17.994
1718,1,BMI,M,175,P50,50.0,19.458
1719,1,BMI,M,175,P75,75.0,21.269
1720,1,BMI,M,175,P85,85.0,22.436
1721,1,BMI,M,175,P90,90.0,23.324
1722,1,BMI,M,175,P95,95.0,24.822
1723,1,BMI,M,175,P97,97.0,25.935
1724,1,BMI,M,175,P99,99.0,28.436
1725,1,BMI,M,175,P999,99.9,34.622
1726,1,BMI,M,176,P01,0.1,14.46
1727,1,BMI,M,176,P1,1.0,15.39
1728,1,BMI,M,176,P3,3.0,16.007
1729,1,BMI,M,176,P5,5.0,16.36
1730,1,BMI,M,176,P10,10.0,16.944
1731,1,BMI,M,176,P15,15.0,17.37
1732,1,BMI,M,176,P25,25.0,18.051
1733,1,BMI,M,176,P50,50.0,19.522
1734,1,BMI,M,176,P75,75.0,21.341
1735,1,BMI,M,176,P85,85.0,22.512
1736,1,BMI,M,176,P90,90.0,23.403
1737,1,BMI,M,176,P95,95.0,24.905
1738,1,BMI,M,176,P97,97.0,26.021
1739,1,BMI,M,176,P99,99.0,28.524
1740,1,BMI,M,176,P999,99.9,34.698
1741,1,BMI,M,177,P01,0.1,14.497
1742,1,BMI,M,177,P1,1.0,15.432
1743,1,BMI,M,177,P3,3.0,16.052
1744,1,BMI,M,177,P5,5.0,16.407
1745,1,BMI,M,177,P10,10.0,16.995
1746,1,BMI,M,177,P15,15.0,17.423
1747,1,BMI,M,177,P25,25.0,18.107
1748,1,BMI,M,177,P50,50.0,19.585
1749,1,BMI,M,177,P75,75.0,21.413
1750,1,BMI,M,177,P85,85.0,22.587
1751,1,BMI,M,177,P90,90.0,23.482
1752,1,BMI,M,177,P95,95.0,24.987
1753,1,BMI,M,177,P97,97.0,26.105
1754,1,BMI,M,177,P99,99.0,28.609
1755,1,BMI,M,177,P999,99.9,34.769
1756,1,BMI,M,178,P01,0.1,14.532
1757,1,BMI,M,178,P1,1.0,15.473
1758,1,BMI,M,178,P3,3.0,16.097
1759,1,BMI,M,178,P5,5.0,16.454
1760,1,BMI,M,178,P10,10.0,17.045
1761,1,BMI,M,178,P15,15.0,17.475
1762,1,BMI,M,178,P25,25.0,18.163
1763,1,BMI,M,178,P50,50.0,19.649
1764,1,BMI,M,178,P75,75.0,21.484
1765,1,BMI,M,178,P85,85.0,22.663
1766,1,BMI,M,178,P90,90.0,23.56
1767,1,BMI,M,178,P95,95.0,25.069
1768,1,BMI,M,178,P97,97.0,26.189
1769,1,BMI,M,178,P99,99.0,28.695
1770,1,BMI,M,178,P999,99.9,34.84
1771,1,BMI,M,179,P01,0.1,14.568
1772,1,BMI,M,179,P1,1.0,15.514
1773,1,BMI,M,179,P3,3.0,16.142
1774,1,BMI,M,179,P5,5.0,16.501
1775,1,BMI,M,179,P10,10.0,17.095
1776,1,BMI,M,179,P15,15.0,17.528
1777,1,BMI,M,179,P25,25.0,18.219
1778,1,BMI,M,179,P50,50.0,19.712
1779,1,BMI,M,179,P75,75.0,21.554
1780,1,BMI,M,179,P85,85.0,22.737
1781,1,BMI,M,179,P90,90.0,23.637
1782,1,BMI,M,179,P95,95.0,25.149
1783,1,BMI,M,179,P97,97.0,26.271
1784,1,BMI,M,179,P99,99.0,28.778
1785,1,BMI,M,179,P999,99.9,34.906
1786,1,BMI,M,180,P01,0.1,14.603
1787,1,BMI,M,180,P1,1.0,15.555
1788,1,BMI,M,180,P3,3.0,16.186
1789,1,BMI,M,180,P5,5.0,16.547
1790,1,BMI,M,180,P10,10.0,17.145
1791,1,BMI,M,180,P15,15.0,17.58
1792,1,BMI,M,180,P25,25.0,18.275
1793,1,BMI,M,180,P50,50.0,19.774
1794,1,BMI,M,180,P75,75.0,21.625
1795,1,BMI,M,180,P85,85.0,22.812
1796,1,BMI,M,180,P90,90.0,23.714
1797,1,BMI,M,180,P95,95.0,25.229
1798,1,BMI,M,180,P97,97.0,26.352
1799,1,BMI,M,180,P99,99.0,28.86
1800,1,BMI,M,180,P999,99.9,34.97
1801,1,BMI,M,181,P01,0.1,14.638
1802,1,BMI,M,181,P1,1.0,15.595
1803,1,BMI,M,181,P3,3.0,16.23
1804,1,BMI,M,181,P5,5.0,16.593
1805,1,BMI,M,181,P10,10.0,17.194
1806,1,BMI,M,181,P15,15.0,17.631
1807,1,BMI,M,181,P25,25.0,18.33
1808,1,BMI,M,181,P50,50.0,19.837
1809,1,BMI,M,181,P75,75.0,21.694
1810,1,BMI,M,181,P85,85.0,22.885
1811,1,BMI,M,181,P90,90.0,23.79
1812,1,BMI,M,181,P95,95.0,25.309
1813,1,BMI,M,181,P97,97.0,26.433
1814,1,BMI,M,181,P99,99.0,28.941
1815,1,BMI,M,181,P999,99.9,35.034
1816,1,BMI,M,182,P01,0.1,14.673
1817,1,BMI,M,182,P1,1.0,15.636
1818,1,BMI,M,182,P3,3.0,16.274
1819,1,BMI,M,182,P5,5.0,16.639
1820,1,BMI,M,182,P10,10.0,17.243
1821,1,BMI,M,182,P15,15.0,17.683
1822,1,BMI,M,182,P25,25.0,18.385
1823,1,BMI,M,182,P50,50.0,19.899
1824,1,BMI,M,182,P75,75.0,21.764
1825,1,BMI,M,182,P85,85.0,22.958
1826,1,BMI,M,182,P90,90.0,23.865
1827,1,BMI,M,182,P95,95.0,25.387
1828,1,BMI,M,182,P97,97.0,26.513
1829,1,BMI,M,182,P99,99.0,29.021
1830,1,BMI,M,182,P999,99.9,35.093
1831,1,BMI,M,183,P01,0.1,14.707
1832,1,BMI,M,183,P1,1.0,15.676
1833,1,BMI,M,183,P3,3.0,16.318
1834,1,BMI,M,183,P5,5.0,16.685
1835,1,BMI,M,183,P10,10.0,17.292
1836,1,BMI,M,183,P15,15.0,17.734
1837,1,BMI,M,183,P25,25.0,18.439
1838,1,BMI,M,183,P50,50.0,19.96
1839,1,BMI,M,183,P75,75.0,21.832
1840,1,BMI,M,183,P85,85.0,23.031
1841,1,BMI,M,183,P90,90.0,23.94
1842,1,BMI,M,183,P95,95.0,25.465
1843,1,BMI,M,183,P97,97.0,26.592
1844,1,BMI,M,183,P99,99.0,29.099
1845,1,BMI,M,183,P999,99.9,35.151
1846,1,BMI,M,184,P01,0.1,14.741
1847,1,BMI,M,184,P1,1.0,15.715
1848,1,BMI,M,184,P3,3.0,16.361
1849,1,BMI,M,184,P5,5.0,16.73
1850,1,BMI,M,184,P10,10.0,17.34
1851,1,BMI,M,184,P15,15.0,17.784
1852,1,BMI,M,184,P25,25.0,18.494
1853,1,BMI,M,184,P50,50.0,20.022
1854,1,BMI,M,184,P75,75.0,21.901
1855,1,BMI,M,184,P85,85.0,23.103
1856,1,BMI,M,184,P90,90.0,24.014
1857,1,BMI,M,184,P95,95.0,25.542
1858,1,BMI,M,184,P97,97.0,26.67
1859,1,BMI,M,184,P99,99.0,29.176
1860,1,BMI,M,184,P999,99.9,35.208
1861,1,BMI,M,185,P01,0.1,14.774
1862,1,BMI,M,185,P1,1.0,15.754
1863,1,BMI,M,185,P3,3.0,16.404
1864,1,BMI,M,185,P5,5.0,16.775
1865,1,BMI,M,185,P10,10.0,17.389
1866,1,BMI,M,185,P15,15.0,17.835
1867,1,BMI,M,185,P25,25.0,18.548
1868,1,BMI,M,185,P50,50.0,20.082
1869,1,BMI,M,185,P75,75.0,21.969
1870,1,BMI,M,185,P85,85.0,23.174
1871,1,BMI,M,185,P90,90.0,24.088
1872,1,BMI,M,185,P95,95.0,25.618
1873,1,BMI,M,185,P97,97.0,26.747
1874,1,BMI,M,185,P99,99.0,29.252
1875,1,BMI,M,185,P999,99.9,35.261
1876,1,BMI,M,186,P01,0.1,14.807
1877,1,BMI,M,186,P1,1.0,15.793
1878,1,BMI,M,186,P3,3.0,16.446
1879,1,BMI,M,186,P5,5.0,16.819
1880,1,BMI,M,186,P10,10.0,17.436
1881,1,BMI,M,186,P15,15.0,17.885
1882,1,BMI,M,186,P25,25.0,18.601
1883,1,BMI,M,186,P50,50.0,20.143
1884,1,BMI,M,186,P75,75.0,22.036
1885,1,BMI,M,186,P85,85.0,23.245
1886,1,BMI,M,186,P90,90.0,24.161
1887,1,BMI,M,186,P95,95.0,25.693
1888,1,BMI,M,186,P97,97.0,26.823
1889,1,BMI,M,186,P99,99.0,29.326
1890,1,BMI,M,186,P999,99.9,35.313
1891,1,BMI,M,187,P01,0.1,14.84
1892,1,BMI,M,187,P1,1.0,15.832
1893,1,BMI,M,187,P3,3.0,16.488
1894,1,BMI,M,187,P5,5.0,16.864
1895,1,BMI,M,187,P10,10.0,17.484
1896,1,BMI,M,187,P15,15.0,17.935
1897,1,BMI,M,187,P25,25.0,18.654
1898,1,BMI,M,187,P50,50.0,20.203
1899,1,BMI,M,187,P75,75.0,22.103
1900,1,BMI,M,187,P85,85.0,23.315
1901,1,BMI,M,187,P90,90.0,24.233
1902,1,BMI,M,187,P95,95.0,25.767
1903,1,BMI,M,187,P97,97.0,26.897
1904,1,BMI,M,187,P99,99.0,29.399
1905,1,BMI,M,187,P999,99.9,35.36
1906,1,BMI,M,188,P01,0.1,14.872
1907,1,BMI,M,188,P1,1.0,15.869
1908,1,BMI,M,188,P3,3.0,16.53
1909,1,BMI,M,188,P5,5.0,16.907
1910,1,BMI,M,188,P10,10.0,17.531
1911,1,BMI,M,188,P15,15.0,17.984
1912,1,BMI,M,188,P25,25.0,18.707
1913,1,BMI,M,188,P50,50.0,20.262
1914,1,BMI,M,188,P75,75.0,22.169
1915,1,BMI,M,188,P85,85.0,23.385
1916,1,BMI,M,188,P90,90.0,24.304
1917,1,BMI,M,188,P95,95.0,25.841
1918,1,BMI,M,188,P97,97.0,26.971
1919,1,BMI,M,188,P99,99.0,29.472
1920,1,BMI,M,188,P999,99.9,35.41
1921,1,BMI,M,189,P01,0.1,14.904
1922,1,BMI,M,189,P1,1.0,15.907
1923,1,BMI,M,189,P3,3.0,16.571
1924,1,BMI,M,189,P5,5.0,16.95
1925,1,BMI,M,189,P10,10.0,17.577
1926,1,BMI,M,189,P15,15.0,18.032
1927,1,BMI,M,189,P25,25.0,18.759
1928,1,BMI,M,189,P50,50.0,20.321
1929,1,BMI,M,189,P75,75.0,22.235
1930,1,BMI,M,189,P85,85.0,23.453
1931,1,BMI,M,189,P90,90.0,24.375
1932,1,BMI,M,189,P95,95.0,25.913
1933,1,BMI,M,189,P97,97.0,27.044
1934,1,BMI,M,189,P99,99.0,29.542
1935,1,BMI,M,189,P999,99.9,35.455
1936,1,BMI,M,190,P01,0.1,14.935
1937,1,BMI,M,190,P1,1.0,15.944
1938,1,BMI,M,190,P3,3.0,16.612
1939,1,BMI,M,190,P5,5.0,16.993
1940,1,BMI,M,190,P10,10.0,17.623
1941,1,BMI,M,190,P15,15.0,18.081
1942,1,BMI,M,190,P25,25.0,18.811
1943,1,BMI,M,190,P50,50.0,20.38
1944,1,BMI,M,190,P75,75.0,22.3
1945,1,BMI,M,190,P85,85.0,23.522
1946,1,BMI,M,190,P90,90.0,24.445
1947,1,BMI,M,190,P95,95.0,25.985
1948,1,BMI,M,190,P97,97.0,27.116
1949,1,BMI,M,190,P99,99.0,29.612
1950,1,BMI,M,190,P999,99.9,35.499
1951,1,BMI,M,191,P01,0.1,14.966
1952,1,BMI,M,191,P1,1.0,15.981
1953,1,BMI,M,191,P3,3.0,16.652
1954,1,BMI,M,191,P5,5.0,17.035
1955,1,BMI,M,191,P10,10.0,17.669
1956,1,BMI,M,191,P15,15.0,18.129
1957,1,BMI,M,191,P25,25.0,18.862
1958,1,BMI,M,191,P50,50.0,20.438
1959,1,BMI,M,191,P75,75.0,22.364
1960,1,BMI,M,191,P85,85.0,23.589
1961,1,BMI,M,191,P90,90.0,24.514
1962,1,BMI,M,191,P95,95.0,26.056
1963,1,BMI,M,191,P97,97.0,27.188
1964,1,BMI,M,191,P99,99.0,29.68
1965,1,BMI,M,191,P999,99.9,35.542
1966,1,BMI,M,192,P01,0.1,14.997
1967,1,BMI,M,192,P1,1.0,16.017
1968,1,BMI,M,192,P3,3.0,16.692
1969,1,BMI,M,192,P5,5.0,17.078
1970,1,BMI,M,192,P10,10.0,17.714
1971,1,BMI,M,192,P15,15.0,18.176
1972,1,BMI,M,192,P25,25.0,18.913
1973,1,BMI,M,192,P50,50.0,20.495
1974,1,BMI,M,192,P75,75.0,22.428
1975,1,BMI,M,192,P85,85.0,23.656
1976,1,BMI,M,192,P90,90.0,24.582
1977,1,BMI,M,192,P95,95.0,26.126
1978,1,BMI,M,192,P97,97.0,27.258
1979,1,BMI,M,192,P99,99.0,29.747
1980,1,BMI,M,192,P999,99.9,35.582
1981,1,BMI,M,193,P01,0.1,15.027
1982,1,BMI,M,193,P1,1.0,16.053
1983,1,BMI,M,193,P3,3.0,16.732
1984,1,BMI,M,193,P5,5.0,17.119
1985,1,BMI,M,193,P10,10.0,17.759
1986,1,BMI,M,193,P15,15.0,18.223
1987,1,BMI,M,193,P25,25.0,18.964
1988,1,BMI,M,193,P50,50.0,20.552
1989,1,BMI,M,193,P75,75.0,22.491
1990,1,BMI,M,193,P85,85.0,23.722
1991,1,BMI,M,193,P90,90.0,24.65
1992,1,BMI,M,193,P95,95.0,26.195
1993,1,BMI,M,193,P97,97.0,27.326
1994,1,BMI,M,193,P99,99.0,29.813
1995,1,BMI,M,193,P999,99.9,35.62
1996,1,BMI,M,194,P01,0.1,15.056
1997,1,BMI,M,194,P1,1.0,16.088
1998,1,BMI,M,194,P3,3.0,16.77
1999,1,BMI,M,194,P5,5.0,17.16
2000,1,BMI,M,194,P10,10.0,17.803
2001,1,BMI,M,194,P15,15.0,18.27
2002,1,BMI,M,194,P25,25.0,19.014
2003,1,BMI,M,194,P50,50.0,20.608
2004,1,BMI,M,194,P75,75.0,22.554
2005,1,BMI,M,194,P85,85.0,23.787
2006,1,BMI,M,194,P90,90.0,24.717
2007,1,BMI,M,194,P95,95.0,26.263
2008,1,BMI,M,194,P97,97.0,27.395
2009,1,BMI,M,194,P99,99.0,29.877
2010,1,BMI,M,194,P999,99.9,35.658
2011,1,BMI,M,195,P01,0.1,15.085
2012,1,BMI,M,195,P1,1.0,16.123
2013,1,BMI,M,195,P3,3.0,16.809
2014,1,BMI,M,195,P5,5.0,17.2
2015,1,BMI,M,195,P10,10.0,17.847
2016,1,BMI,M,195,P15,15.0,18.316
2017,1,BMI,M,195,P25,25.0,19.063
2018,1,BMI,M,195,P50,50.0,20.664
2019,1,BMI,M,195,P75,75.0,22.616
2020,1,BMI,M,195,P85,85.0,23.852
2021,1,BMI,M,195,P90,90.0,24.783
2022,1,BMI,M,195,P95,95.0,26.33
2023,1,BMI,M,195,P97,97.0,27.462
2024,1,BMI,M,195,P99,99.0,29.941
2025,1,BMI,M,195,P999,99.9,35.693
2026,1,BMI,M,196,P01,0.1,15.113
2027,1,BMI,M,196,P1,1.0,16.157
2028,1,BMI,M,196,P3,3.0,16.847
2029,1,BMI,M,196,P5,5.0,17.24
2030,1,BMI,M,196,P10,10.0,17.89
2031,1,BMI,M,196,P15,15.0,18.361
2032,1,BMI,M,196,P25,25.0,19.112
2033,1,BMI,M,196,P50,50.0,20.72
2034,1,BMI,M,196,P75,75.0,22.677
2035,1,BMI,M,196,P85,85.0,23.916
2036,1,BMI,M,196,P90,90.0,24.849
2037,1,BMI,M,196,P95,95.0,26.397
2038,1,BMI,M,196,P97,97.0,27.528
2039,1,BMI,M,196,P99,99.0,30.003
2040,1,BMI,M,196,P999,99.9,35.728
2041,1,BMI,M,197,P01,0.1,15.141
2042,1,BMI,M,197,P1,1.0,16.191
2043,1,BMI,M,197,P3,3.0,16.884
2044,1,BMI,M,197,P5,5.0,17.28
2045,1,BMI,M,197,P10,10.0,17.933
2046,1,BMI,M,197,P15,15.0,18.406
2047,1,BMI,M,197,P25,25.0,19.161
2048,1,BMI,M,197,P50,50.0,20.774
2049,1,BMI,M,197,P75,75.0,22.738
2050,1,BMI,M,197,P85,85.0,23.979
2051,1,BMI,M,197,P90,90.0,24.913
2052,1,BMI,M,197,P95,95.0,26.462
2053,1,BMI,M,197,P97,97.0,27.593
2054,1,BMI,M,197,P99,99.0,30.064
2055,1,BMI,M,197,P999,99.9,35.759
2056,1,BMI,M,198,P01,0.1,15.168
2057,1,BMI,M,198,P1,1.0,16.224
2058,1,BMI,M,198,P3,3.0,16.921
2059,1,BMI,M,198,P5,5.0,17.319
2060,1,BMI,M,198,P10,10.0,17.975
2061,1,BMI,M,198,P15,15.0,18.451
2062,1,BMI,M,198,P25,25.0,19.208
2063,1,BMI,M,198,P50,50.0,20.829
2064,1,BMI,M,198,P75,75.0,22.798
2065,1,BMI,M,198,P85,85.0,24.042
2066,1,BMI,M,198,P90,90.0,24.977
2067,1,BMI,M,198,P95,95.0,26.527
2068,1,BMI,M,198,P97,97.0,27.657
2069,1,BMI,M,198,P99,99.0,30.124
2070,1,BMI,M,198,P999,99.9,35.792
2071,1,BMI,M,199,P01,0.1,15.195
2072,1,BMI,M,199,P1,1.0,16.257
2073,1,BMI,M,199,P3,3.0,16.958
2074,1,BMI,M,199,P5,5.0,17.357
2075,1,BMI,M,199,P10,10.0,18.017
2076,1,BMI,M,199,P15,15.0,18.495
2077,1,BMI,M,199,P25,25.0,19.256
2078,1,BMI,M,199,P50,50.0,20.882
2079,1,BMI,M,199,P75,75.0,22.857
2080,1,BMI,M,199,P85,85.0,24.104
2081,1,BMI,M,199,P90,90.0,25.04
2082,1,BMI,M,199,P95,95.0,26.591
2083,1,BMI,M,199,P97,97.0,27.72
2084,1,BMI,M,199,P99,99.0,30.182
2085,1,BMI,M,199,P999,99.9,35.821
2086,1,BMI,M,200,P01,0.1,15.221
2087,1,BMI,M,200,P1,1.0,16.289
2088,1,BMI,M,200,P3,3.0,16.994
2089,1,BMI,M,200,P5,5.0,17.395
2090,1,BMI,M,200,P10,10.0,18.058
2091,1,BMI,M,200,P15,15.0,18.538
2092,1,BMI,M,200,P25,25.0,19.303
2093,1,BMI,M,200,P50,50.0,20.936
2094,1,BMI,M,200,P75,75.0,22.916
2095,1,BMI,M,200,P85,85.0,24.165
2096,1,BMI,M,200,P90,90.0,25.102
2097,1,BMI,M,200,P95,95.0,26.653
2098,1,BMI,M,200,P97,97.0,27.782
2099,1,BMI,M,200,P99,99.0,30.24
2100,1,BMI,M,200,P999,99.9,35.849
2101,1,BMI,M,201,P01,0.1,15.247
2102,1,BMI,M,201,P1,1.0,16.32
2103,1,BMI,M,201,P3,3.0,17.029
2104,1,BMI,M,201,P5,5.0,17.433
2105,1,BMI,M,201,P10,10.0,18.099
2106,1,BMI,M,201,P15,15.0,18.581
2107,1,BMI,M,201,P25,25.0,19.349
2108,1,BMI,M,201,P50,50.0,20.988
2109,1,BMI,M,201,P75,75.0,22.974
2110,1,BMI,M,201,P85,85.0,24.226
2111,1,BMI,M,201,P90,90.0,25.164
2112,1,BMI,M,201,P95,95.0,26.715
2113,1,BMI,M,201,P97,97.0,27.844
2114,1,BMI,M,201,P99,99.0,30.296
2115,1,BMI,M,201,P999,99.9,35.875
2116,1,BMI,M,202,P01,0.1,15.272
2117,1,BMI,M,202,P1,1.0,16.351
2118,1,BMI,M,202,P3,3.0,17.064
2119,1,BMI,M,202,P5,5.0,17.47
2120,1,BMI,M,202,P10,10.0,18.139
2121,1,BMI,M,202,P15,15.0,18.624
2122,1,BMI,M,202,P25,25.0,19.395
2123,1,BMI,M,202,P50,50.0,21.04
2124,1,BMI,M,202,P75,75.0,23.032
2125,1,BMI,M,202,P85,85.0,24.285
2126,1,BMI,M,202,P90,90.0,25.225
2127,1,BMI,M,202,P95,95.0,26.777
2128,1,BMI,M,202,P97,97.0,27.904
2129,1,BMI,M,202,P99,99.0,30.351
2130,1,BMI,M,202,P999,99.9,35.901
2131,1,BMI,M,203,P01,0.1,15.297
2132,1,BMI,M,203,P1,1.0,16.382
2133,1,BMI,M,203,P3,3.0,17.098
2134,1,BMI,M,203,P5,5.0,17.506
2135,1,BMI,M,203,P10,10.0,18.179
2136,1,BMI,M,203,P15,15.0,18.666
2137,1,BMI,M,203,P25,25.0,19.44
2138,1,BMI,M,203,P50,50.0,21.091
2139,1,BMI,M,203,P75,75.0,23.088
2140,1,BMI,M,203,P85,85.0,24.344
2141,1,BMI,M,203,P90,90.0,25.284
2142,1,BMI,M,203,P95,95.0,26.836
2143,1,BMI,M,203,P97,97.0,27.963
2144,1,BMI,M,203,P99,99.0,30.405
2145,1,BMI,M,203,P999,99.9,35.924
2146,1,BMI,M,204,P01,0.1,15.321
2147,1,BMI,M,204,P1,1.0,16.412
2148,1,BMI,M,204,P3,3.0,17.132
2149,1,BMI,M,204,P5,5.0,17.542
2150,1,BMI,M,204,P10,10.0,18.218
2151,1,BMI,M,204,P15,15.0,18.707
2152,1,BMI,M,204,P25,25.0,19.485
2153,1,BMI,M,204,P50,50.0,21.142
2154,1,BMI,M,204,P75,75.0,23.145
2155,1,BMI,M,204,P85,85.0,24.402
2156,1,BMI,M,204,P90,90.0,25.344
2157,1,BMI,M,204,P95,95.0,26.896
2158,1,BMI,M,204,P97,97.0,28.021
2159,1,BMI,M,204,P99,99.0,30.458
2160,1,BMI,M,204,P999,99.9,35.947
2161,1,BMI,M,205,P01,0.1,15.344
2162,1,BMI,M,205,P1,1.0,16.442
2163,1,BMI,M,205,P3,3.0,17.165
2164,1,BMI,M,205,P5,5.0,17.577
2165,1,BMI,M,205,P10,10.0,18.256
2166,1,BMI,M,205,P15,15.0,18.748
2167,1,BMI,M,205,P25,25.0,19.529
2168,1,BMI,M,205,P50,50.0,21.192
2169,1,BMI,M,205,P75,75.0,23.2
2170,1,BMI,M,205,P85,85.0,24.46
2171,1,BMI,M,205,P90,90.0,25.402
2172,1,BMI,M,205,P95,95.0,26.954
2173,1,BMI,M,205,P97,97.0,28.079
2174,1,BMI,M,205,P99,99.0,30.51
2175,1,BMI,M,205,P999,99.9,35.97
2176,1,BMI,M,206,P01,0.1,15.367
2177,1,BMI,M,206,P1,1.0,16.471
2178,1,BMI,M,206,P3,3.0,17.198
2179,1,BMI,M,206,P5,5.0,17.613
2180,1,BMI,M,206,P10,10.0,18.295
2181,1,BMI,M,206,P15,15.0,18.788
2182,1,BMI,M,206,P25,25.0,19.573
2183,1,BMI,M,206,P50,50.0,21.242
2184,1,BMI,M,206,P75,75.0,23.255
2185,1,BMI,M,206,P85,85.0,24.517
2186,1,BMI,M,206,P90,90.0,25.46
2187,1,BMI,M,206,P95,95.0,27.012
2188,1,BMI,M,206,P97,97.0,28.135
2189,1,BMI,M,206,P99,99.0,30.56
2190,1,BMI,M,206,P999,99.9,35.989
2191,1,BMI,M,207,P01,0.1,15.389
2192,1,BMI,M,207,P1,1.0,16.499
2193,1,BMI,M,207,P3,3.0,17.231
2194,1,BMI,M,207,P5,5.0,17.647
2195,1,BMI,M,207,P10,10.0,18.332
2196,1,BMI,M,207,P15,15.0,18.828
2197,1,BMI,M,207,P25,25.0,19.616
2198,1,BMI,M,207,P50,50.0,21.291
2199,1,BMI,M,207,P75,75.0,23.309
2200,1,BMI,M,207,P85,85.0,24.573
2201,1,BMI,M,207,P90,90.0,25.516
2202,1,BMI,M,207,P95,95.0,27.068
2203,1,BMI,M,207,P97,97.0,28.19
2204,1,BMI,M,207,P99,99.0,30.61
2205,1,BMI,M,207,P999,99.9,36.007
2206,1,BMI,M,208,P01,0.1,15.411
2207,1,BMI,M,208,P1,1.0,16.527
2208,1,BMI,M,208,P3,3.0,17.262
2209,1,BMI,M,208,P5,5.0,17.681
2210,1,BMI,M,208,P10,10.0,18.369
2211,1,BMI,M,208,P15,15.0,18.868
2212,1,BMI,M,208,P25,25.0,19.659
2213,1,BMI,M,208,P50,50.0,21.34
2214,1,BMI,M,208,P75,75.0,23.363
2215,1,BMI,M,208,P85,85.0,24.628
2216,1,BMI,M,208,P90,90.0,25.572
2217,1,BMI,M,208,P95,95.0,27.124
2218,1,BMI,M,208,P97,97.0,28.245
2219,1,BMI,M,208,P99,99.0,30.658
2220,1,BMI,M,208,P999,99.9,36.024
2221,1,BMI,M,209,P01,0.1,15.432
2222,1,BMI,M,209,P1,1.0,16.554
2223,1,BMI,M,209,P3,3.0,17.293
2224,1,BMI,M,209,P5,5.0,17.714
2225,1,BMI,M,209,P10,10.0,18.406
2226,1,BMI,M,209,P15,15.0,18.906
2227,1,BMI,M,209,P25,25.0,19.701
2228,1,BMI,M,209,P50,50.0,21.388
2229,1,BMI,M,209,P75,75.0,23.416
2230,1,BMI,M,209,P85,85.0,24.683
2231,1,BMI,M,209,P90,90.0,25.628
2232,1,BMI,M,209,P95,95.0,27.179
2233,1,BMI,M,209,P97,97.0,28.299
2234,1,BMI,M,209,P99,99.0,30.706
2235,1,BMI,M,209,P999,99.9,36.042
2236,1,BMI,M,210,P01,0.1,15.452
2237,1,BMI,M,210,P1,1.0,16.581
2238,1,BMI,M,210,P3,3.0,17.324
2239,1,BMI,M,210,P5,5.0,17.747
2240,1,BMI,M,210,P10,10.0,18.442
2241,1,BMI,M,210,P15,15.0,18.944
2242,1,BMI,M,210,P25,25.0,19.742
2243,1,BMI,M,210,P50,50.0,21.435
2244,1,BMI,M,210,P75,75.0,23.468
2245,1,BMI,M,210,P85,85.0,24.737
2246,1,BMI,M,210,P90,90.0,25.683
2247,1,BMI,M,210,P95,95.0,27.233
2248,1,BMI,M,210,P97,97.0,28.352
2249,1,BMI,M,210,P99,99.0,30.752
2250,1,BMI,M,210,P999,99.9,36.057
2251,1,BMI,M,211,P01,0.1,15.472
2252,1,BMI,M,211,P1,1.0,16.607
2253,1,BMI,M,211,P3,3.0,17.354
2254,1,BMI,M,211,P5,5.0,17.779
2255,1,BMI,M,211,P10,10.0,18.477
2256,1,BMI,M,211,P15,15.0,18.982
2257,1,BMI,M,211,P25,25.0,19.783
2258,1,BMI,M,211,P50,50.0,21.482
2259,1,BMI,M,211,P75,75.0,23.52
2260,1,BMI,M,211,P85,85.0,24.79
2261,1,BMI,M,211,P90,90.0,25.736
2262,1,BMI,M,211,P95,95.0,27.287
2263,1,BMI,M,211,P97,97.0,28.403
2264,1,BMI,M,211,P99,99.0,30.797
2265,1,BMI,M,211,P999,99.9,36.071
2266,1,BMI,M,212,P01,0.1,15.491
2267,1,BMI,M,212,P1,1.0,16.633
2268,1,BMI,M,212,P3,3.0,17.383
2269,1,BMI,M,212,P5,5.0,17.81
2270,1,BMI,M,212,P10,10.0,18.512
2271,1,BMI,M,212,P15,15.0,19.019
2272,1,BMI,M,212,P25,25.0,19.823
2273,1,BMI,M,212,P50,50.0,21.528
2274,1,BMI,M,212,P75,75.0,23.571
2275,1,BMI,M,212,P85,85.0,24.843
2276,1,BMI,M,212,P90,90.0,25.789
2277,1,BMI,M,212,P95,95.0,27.339
2278,1,BMI,M,212,P97,97.0,28.454
2279,1,BMI,M,212,P99,99.0,30.841
2280,1,BMI,M,212,P999,99.9,36.084
2281,1,BMI,M,213,P01,0.1,15.51
2282,1,BMI,M,213,P1,1.0,16.658
2283,1,BMI,M,213,P3,3.0,17.412
2284,1,BMI,M,213,P5,5.0,17.841
2285,1,BMI,M,213,P10,10.0,18.547
2286,1,BMI,M,213,P15,15.0,19.056
2287,1,BMI,M,213,P25,25.0,19.863
2288,1,BMI,M,213,P50,50.0,21.574
2289,1,BMI,M,213,P75,75.0,23.621
2290,1,BMI,M,213,P85,85.0,24.895
2291,1,BMI,M,213,P90,90.0,25.842
2292,1,BMI,M,213,P95,95.0,27.391
2293,1,BMI,M,213,P97,97.0,28.504
2294,1,BMI,M,213,P99,99.0,30.885
2295,1,BMI,M,213,P999,99.9,36.096
2296,1,BMI,M,214,P01,0.1,15.528
2297,1,BMI,M,214,P1,1.0,16.683
2298,1,BMI,M,214,P3,3.0,17.441
2299,1,BMI,M,214,P5,5.0,17.872
2300,1,BMI,M,214,P10,10.0,18.581
2301,1,BMI,M,214,P15,15.0,19.092
2302,1,BMI,M,214,P25,25.0,19.903
2303,1,BMI,M,214,P50,50.0,21.619
2304,1,BMI,M,214,P75,75.0,23.67
2305,1,BMI,M,214,P85,85.0,24.946
2306,1,BMI,M,214,P90,90.0,25.893
2307,1,BMI,M,214,P95,95.0,27.441
2308,1,BMI,M,214,P97,97.0,28.552
2309,1,BMI,M,214,P99,99.0,30.926
2310,1,BMI,M,214,P999,99.9,36.105
2311,1,BMI,M,215,P01,0.1,15.546
2312,1,BMI,M,215,P1,1.0,16.706
2313,1,BMI,M,215,P3,3.0,17.469
2314,1,BMI,M,215,P5,5.0,17.902
2315,1,BMI,M,215,P10,10.0,18.614
2316,1,BMI,M,215,P15,15.0,19.128
2317,1,BMI,M,215,P25,25.0,19.942
2318,1,BMI,M,215,P50,50.0,21.664
2319,1,BMI,M,215,P75,75.0,23.72
2320,1,BMI,M,215,P85,85.0,24.996
2321,1,BMI,M,215,P90,90.0,25.943
2322,1,BMI,M,215,P95,95.0,27.49
2323,1,BMI,M,215,P97,97.0,28.6
2324,1,BMI,M,215,P99,99.0,30.967
2325,1,BMI,M,215,P999,99.9,36.115
2326,1,BMI,M,216,P01,0.1,15.563
2327,1,BMI,M,216,P1,1.0,16.73
2328,1,BMI,M,216,P3,3.0,17.496
2329,1,BMI,M,216,P5,5.0,17.931
2330,1,BMI,M,216,P10,10.0,18.647
2331,1,BMI,M,216,P15,15.0,19.163
2332,1,BMI,M,216,P25,25.0,19.98
2333,1,BMI,M,216,P50,50.0,21.708
2334,1,BMI,M,216,P75,75.0,23.768
2335,1,BMI,M,216,P85,85.0,25.046
2336,1,BMI,M,216,P90,90.0,25.993
2337,1,BMI,M,216,P95,95.0,27.539
2338,1,BMI,M,216,P97,97.0,28.648
2339,1,BMI,M,216,P99,99.0,31.007
2340,1,BMI,M,216,P999,99.9,36.124
2341,1,BMI,M,217,P01,0.1,15.579
2342,1,BMI,M,217,P1,1.0,16.753
2343,1,BMI,M,217,P3,3.0,17.523
2344,1,BMI,M,217,P5,5.0,17.96
2345,1,BMI,M,217,P10,10.0,18.679
2346,1,BMI,M,217,P15,15.0,19.197
2347,1,BMI,M,217,P25,25.0,20.018
2348,1,BMI,M,217,P50,50.0,21.751
2349,1,BMI,M,217,P75,75.0,23.815
2350,1,BMI,M,217,P85,85.0,25.094
2351,1,BMI,M,217,P90,90.0,26.042
2352,1,BMI,M,217,P95,95.0,27.587
2353,1,BMI,M,217,P97,97.0,28.693
2354,1,BMI,M,217,P99,99.0,31.045
2355,1,BMI,M,217,P999,99.9,36.13
2356,1,BMI,M,218,P01,0.1,15.595
2357,1,BMI,M,218,P1,1.0,16.775
2358,1,BMI,M,218,P3,3.0,17.549
2359,1,BMI,M,218,P5,5.0,17.989
2360,1,BMI,M,218,P10,10.0,18.71
2361,1,BMI,M,218,P15,15.0,19.231
2362,1,BMI,M,218,P25,25.0,20.055
2363,1,BMI,M,218,P50,50.0,21.794
2364,1,BMI,M,218,P75,75.0,23.862
2365,1,BMI,M,218,P85,85.0,25.143
2366,1,BMI,M,218,P90,90.0,26.091
2367,1,BMI,M,218,P95,95.0,27.634
2368,1,BMI,M,218,P97,97.0,28.738
2369,1,BMI,M,218,P99,99.0,31.083
2370,1,BMI,M,218,P999,99.9,36.136
2371,1,BMI,M,219,P01,0.1,15.61
2372,1,BMI,M,219,P1,1.0,16.796
2373,1,BMI,M,219,P3,3.0,17.575
2374,1,BMI,M,219,P5,5.0,18.017
2375,1,BMI,M,219,P10,10.0,18.742
2376,1,BMI,M,219,P15,15.0,19.264
2377,1,BMI,M,219,P25,25.0,20.091
2378,1,BMI,M,219,P50,50.0,21.836
2379,1,BMI,M,219,P75,75.0,23.909
2380,1,BMI,M,219,P85,85.0,25.19
2381,1,BMI,M,219,P90,90.0,26.138
2382,1,BMI,M,219,P95,95.0,27.68
2383,1,BMI,M,219,P97,97.0,28.782
2384,1,BMI,M,219,P99,99.0,31.12
2385,1,BMI,M,219,P999,99.9,36.14
2386,1,BMI,M,220,P01,0.1,15.624
2387,1,BMI,M,220,P1,1.0,16.817
2388,1,BMI,M,220,P3,3.0,17.6
2389,1,BMI,M,220,P5,5.0,18.044
2390,1,BMI,M,220,P10,10.0,18.772
2391,1,BMI,M,220,P15,15.0,19.297
2392,1,BMI,M,220,P25,25.0,20.127
2393,1,BMI,M,220,P50,50.0,21.877
2394,1,BMI,M,220,P75,75.0,23.954
2395,1,BMI,M,220,P85,85.0,25.237
2396,1,BMI,M,220,P90,90.0,26.185
2397,1,BMI,M,220,P95,95.0,27.726
2398,1,BMI,M,220,P97,97.0,28.826
2399,1,BMI,M,220,P99,99.0,31.156
2400,1,BMI,M,220,P999,99.9,36.145
2401,1,BMI,M,221,P01,0.1,15.638
2402,1,BMI,M,221,P1,1.0,16.838
2403,1,BMI,M,221,P3,3.0,17.624
2404,1,BMI,M,221,P5,5.0,18.07
2405,1,BMI,M,221,P10,10.0,18.802
2406,1,BMI,M,221,P15,15.0,19.329
2407,1,BMI,M,221,P25,25.0,20.163
2408,1,BMI,M,221,P50,50.0,21.918
2409,1,BMI,M,221,P75,75.0,23.999
2410,1,BMI,M,221,P85,85.0,25.282
2411,1,BMI,M,221,P90,90.0,26.23
2412,1,BMI,M,221,P95,95.0,27.77
2413,1,BMI,M,221,P97,97.0,28.868
2414,1,BMI,M,221,P99,99.0,31.19
2415,1,BMI,M,221,P999,99.9,36.148
2416,1,BMI,M,222,P01,0.1,15.651
2417,1,BMI,M,222,P1,1.0,16.857
2418,1,BMI,M,222,P3,3.0,17.648
2419,1,BMI,M,222,P5,5.0,18.096
2420,1,BMI,M,222,P10,10.0,18.831
2421,1,BMI,M,222,P15,15.0,19.361
2422,1,BMI,M,222,P25,25.0,20.197
2423,1,BMI,M,222,P50,50.0,21.958
2424,1,BMI,M,222,P75,75.0,24.043
2425,1,BMI,M,222,P85,85.0,25.328
2426,1,BMI,M,222,P90,90.0,26.276
2427,1,BMI,M,222,P95,95.0,27.814
2428,1,BMI,M,222,P97,97.0,28.91
2429,1,BMI,M,222,P99,99.0,31.224
2430,1,BMI,M,222,P999,99.9,36.151
2431,1,BMI,M,223,P01,0.1,15.663
2432,1,BMI,M,223,P1,1.0,16.877
2433,1,BMI,M,223,P3,3.0,17.671
2434,1,BMI,M,223,P5,5.0,18.122
2435,1,BMI,M,223,P10,10.0,18.86
2436,1,BMI,M,223,P15,15.0,19.392
2437,1,BMI,M,223,P25,25.0,20.232
2438,1,BMI,M,223,P50,50.0,21.998
2439,1,BMI,M,223,P75,75.0,24.087
2440,1,BMI,M,223,P85,85.0,25.372
2441,1,BMI,M,223,P90,90.0,26.32
2442,1,BMI,M,223,P95,95.0,27.857
2443,1,BMI,M,223,P97,97.0,28.95
2444,1,BMI,M,223,P99,99.0,31.256
2445,1,BMI,M,223,P999,99.9,36.151
2446,1,BMI,M,224,P01,0.1,15.675
2447,1,BMI,M,224,P1,1.0,16.895
2448,1,BMI,M,224,P3,3.0,17.694
2449,1,BMI,M,224,P5,5.0,18.147
2450,1,BMI,M,224,P10,10.0,18.889
2451,1,BMI,M,224,P15,15.0,19.422
2452,1,BMI,M,224,P25,25.0,20.265
2453,1,BMI,M,224,P50,50.0,22.037
2454,1,BMI,M,224,P75,75.0,24.13
2455,1,BMI,M,224,P85,85.0,25.416
2456,1,BMI,M,224,P90,90.0,26.364
2457,1,BMI,M,224,P95,95.0,27.898
2458,1,BMI,M,224,P97,97.0,28.99
2459,1,BMI,M,224,P99,99.0,31.288
2460,1,BMI,M,224,P999,99.9,36.151
2461,1,BMI,M,225,P01,0.1,15.687
2462,1,BMI,M,225,P1,1.0,16.914
2463,1,BMI,M,225,P3,3.0,17.716
2464,1,BMI,M,225,P5,5.0,18.171
2465,1,BMI,M,225,P10,10.0,18.916
2466,1,BMI,M,225,P15,15.0,19.452
2467,1,BMI,M,225,P25,25.0,20.299
2468,1,BMI,M,225,P50,50.0,22.076
2469,1,BMI,M,225,P75,75.0,24.172
2470,1,BMI,M,225,P85,85.0,25.459
2471,1,BMI,M,225,P90,90.0,26.406
2472,1,BMI,M,225,P95,95.0,27.939
2473,1,BMI,M,225,P97,97.0,29.028
2474,1,BMI,M,225,P99,99.0,31.318
2475,1,BMI,M,225,P999,99.9,36.15
2476,1,BMI,M,226,P01,0.1,15.697
2477,1,BMI,M,226,P1,1.0,16.931
2478,1,BMI,M,226,P3,3.0,17.738
2479,1,BMI,M,226,P5,5.0,18.195
2480,1,BMI,M,226,P10,10.0,18.943
2481,1,BMI,M,226,P15,15.0,19.482
2482,1,BMI,M,226,P25,25.0,20.331
2483,1,BMI,M,226,P50,50.0,22.114
2484,1,BMI,M,226,P75,75.0,24.214
2485,1,BMI,M,226,P85,85.0,25.501
2486,1,BMI,M,226,P90,90.0,26.449
2487,1,BMI,M,226,P95,95.0,27.98
2488,1,BMI,M,226,P97,97.0,29.067
2489,1,BMI,M,226,P99,99.0,31.349
2490,1,BMI,M,226,P999,99.9,36.149
2491,1,BMI,M,227,P01,0.1,15.707
2492,1,BMI,M,227,P1,1.0,16.948
2493,1,BMI,M,227,P3,3.0,17.759
2494,1,BMI,M,227,P5,5.0,18.218
2495,1,BMI,M,227,P10,10.0,18.97
2496,1,BMI,M,227,P15,15.0,19.511
2497,1,BMI,M,227,P25,25.0,20.363
2498,1,BMI,M,227,P50,50.0,22.151
2499,1,BMI,M,227,P75,75.0,24.255
2500,1,BMI,M,227,P85,85.0,25.543
2501,1,BMI,M,227,P90,90.0,26.49
2502,1,BMI,M,227,P95,95.0,28.019
2503,1,BMI,M,227,P97,97.0,29.103
2504,1,BMI,M,227,P99,99.0,31.378
2505,1,BMI,M,227,P999,99.9,36.147
2506,1,BMI,M,228,P01,0.1,15.717
2507,1,BMI,M,228,P1,1.0,16.964
2508,1,BMI,M,228,P3,3.0,17.779
2509,1,BMI,M,228,P5,5.0,18.241
2510,1,BMI,M,228,P10,10.0,18.996
2511,1,BMI,M,228,P15,15.0,19.539
2512,1,BMI,M,228,P25,25.0,20.395
2513,1,BMI,M,228,P50,50.0,22.188
2514,1,BMI,M,228,P75,75.0,24.295
2515,1,BMI,M,228,P85,85.0,25.584
2516,1,BMI,M,228,P90,90.0,26.531
2517,1,BMI,M,228,P95,95.0,28.058
2518,1,BMI,M,228,P97,97.0,29.14
2519,1,BMI,M,228,P99,99.0,31.405
2520,1,BMI,M,228,P999,99.9,36.143
2521,2,BMI,F,61,P01,0.1,11.689
2522,2,BMI,F,61,P1,1.0,12.412
2523,2,BMI,F,61,P3,3.0,12.874
2524,2,BMI,F,61,P5,5.0,13.133
2525,2,BMI,F,61,P10,10.0,13.55
2526,2,BMI,F,61,P15,15.0,13.846
2527,2,BMI,F,61,P25,25.0,14.306
2528,2,BMI,F,61,P50,50.0,15.244
2529,2,BMI,F,61,P75,75.0,16.306
2530,2,BMI,F,61,P85,85.0,16.936
2531,2,BMI,F,61,P90,90.0,17.388
2532,2,BMI,F,61,P95,95.0,18.103
2533,2,BMI,F,61,P97,97.0,18.598
2534,2,BMI,F,61,P99,99.0,19.605
2535,2,BMI,F,61,P999,99.9,21.594
2536,2,BMI,F,62,P01,0.1,11.682
2537,2,BMI,F,62,P1,1.0,12.405
2538,2,BMI,F,62,P3,3.0,12.868
2539,2,BMI,F,62,P5,5.0,13.126
2540,2,BMI,F,62,P10,10.0,13.544
2541,2,BMI,F,62,P15,15.0,13.84
2542,2,BMI,F,62,P25,25.0,14.301
2543,2,BMI,F,62,P50,50.0,15.243
2544,2,BMI,F,62,P75,75.0,16.311
2545,2,BMI,F,62,P85,85.0,16.945
2546,2,BMI,F,62,P90,90.0,17.402
2547,2,BMI,F,62,P95,95.0,18.124
2548,2,BMI,F,62,P97,97.0,18.624
2549,2,BMI,F,62,P99,99.0,19.643
2550,2,BMI,F,62,P999,99.9,21.662
2551,2,BMI,F,63,P01,0.1,11.676
2552,2,BMI,F,63,P1,1.0,12.399
2553,2,BMI,F,63,P3,3.0,12.861
2554,2,BMI,F,63,P5,5.0,13.12
2555,2,BMI,F,63,P10,10.0,13.538
2556,2,BMI,F,63,P15,15.0,13.835
2557,2,BMI,F,63,P25,25.0,14.298
2558,2,BMI,F,63,P50,50.0,15.243
2559,2,BMI,F,63,P75,75.0,16.317
2560,2,BMI,F,63,P85,85.0,16.956
2561,2,BMI,F,63,P90,90.0,17.416
2562,2,BMI,F,63,P95,95.0,18.145
2563,2,BMI,F,63,P97,97.0,18.65
2564,2,BMI,F,63,P99,99.0,19.681
2565,2,BMI,F,63,P999,99.9,21.731
2566,2,BMI,F,64,P01,0.1,11.671
2567,2,BMI,F,64,P1,1.0,12.393
2568,2,BMI,F,64,P3,3.0,12.855
2569,2,BMI,F,64,P5,5.0,13.114
2570,2,BMI,F,64,P10,10.0,13.533
2571,2,BMI,F,64,P15,15.0,13.831
2572,2,BMI,F,64,P25,25.0,14.294
2573,2,BMI,F,64,P50,50.0,15.244
2574,2,BMI,F,64,P75,75.0,16.324
2575,2,BMI,F,64,P85,85.0,16.967
2576,2,BMI,F,64,P90,90.0,17.431
2577,2,BMI,F,64,P95,95.0,18.167
2578,2,BMI,F,64,P97,97.0,18.677
2579,2,BMI,F,64,P99,99.0,19.721
2580,2,BMI,F,64,P999,99.9,21.802
2581,2,BMI,F,65,P01,0.1,11.665
2582,2,BMI,F,65,P1,1.0,12.387
2583,2,BMI,F,65,P3,3.0,12.85
2584,2,BMI,F,65,P5,5.0,13.109
2585,2,BMI,F,65,P10,10.0,13.529
2586,2,BMI,F,65,P15,15.0,13.827
2587,2,BMI,F,65,P25,25.0,14.292
2588,2,BMI,F,65,P50,50.0,15.245
2589,2,BMI,F,65,P75,75.0,16.331
2590,2,BMI,F,65,P85,85.0,16.979
2591,2,BMI,F,65,P90,90.0,17.447
2592,2,BMI,F,65,P95,95.0,18.189
2593,2,BMI,F,65,P97,97.0,18.705
2594,2,BMI,F,65,P99,99.0,19.763
2595,2,BMI,F,65,P999,99.9,21.876
2596,2,BMI,F,66,P01,0.1,11.661
2597,2,BMI,F,66,P1,1.0,12.382
2598,2,BMI,F,66,P3,3.0,12.845
2599,2,BMI,F,66,P5,5.0,13.104
2600,2,BMI,F,66,P10,10.0,13.525
2601,2,BMI,F,66,P15,15.0,13.824
2602,2,BMI,F,66,P25,25.0,14.29
2603,2,BMI,F,66,P50,50.0,15.246
2604,2,BMI,F,66,P75,75.0,16.339
2605,2,BMI,F,66,P85,85.0,16.991
2606,2,BMI,F,66,P90,90.0,17.463
2607,2,BMI,F,66,P95,95.0,18.212
2608,2,BMI,F,66,P97,97.0,18.734
2609,2,BMI,F,66,P99,99.0,19.804
2610,2,BMI,F,66,P999,99.9,21.95
2611,2,BMI,F,67,P01,0.1,11.657
2612,2,BMI,F,67,P1,1.0,12.378
2613,2,BMI,F,67,P3,3.0,12.841
2614,2,BMI,F,67,P5,5.0,13.1
2615,2,BMI,F,67,P10,10.0,13.521
2616,2,BMI,F,67,P15,15.0,13.821
2617,2,BMI,F,67,P25,25.0,14.288
2618,2,BMI,F,67,P50,50.0,15.249
2619,2,BMI,F,67,P75,75.0,16.347
2620,2,BMI,F,67,P85,85.0,17.005
2621,2,BMI,F,67,P90,90.0,17.481
2622,2,BMI,F,67,P95,95.0,18.237
2623,2,BMI,F,67,P97,97.0,18.764
2624,2,BMI,F,67,P99,99.0,19.848
2625,2,BMI,F,67,P999,99.9,22.027
2626,2,BMI,F,68,P01,0.1,11.653
2627,2,BMI,F,68,P1,1.0,12.374
2628,2,BMI,F,68,P3,3.0,12.837
2629,2,BMI,F,68,P5,5.0,13.097
2630,2,BMI,F,68,P10,10.0,13.518
2631,2,BMI,F,68,P15,15.0,13.819
2632,2,BMI,F,68,P25,25.0,14.287
2633,2,BMI,F,68,P50,50.0,15.252
2634,2,BMI,F,68,P75,75.0,16.357
2635,2,BMI,F,68,P85,85.0,17.019
2636,2,BMI,F,68,P90,90.0,17.499
2637,2,BMI,F,68,P95,95.0,18.262
2638,2,BMI,F,68,P97,97.0,18.795
2639,2,BMI,F,68,P99,99.0,19.892
2640,2,BMI,F,68,P999,99.9,22.106
2641,2,BMI,F,69,P01,0.1,11.649
2642,2,BMI,F,69,P1,1.0,12.37
2643,2,BMI,F,69,P3,3.0,12.834
2644,2,BMI,F,69,P5,5.0,13.094
2645,2,BMI,F,69,P10,10.0,13.516
2646,2,BMI,F,69,P15,15.0,13.817
2647,2,BMI,F,69,P25,25.0,14.287
2648,2,BMI,F,69,P50,50.0,15.255
2649,2,BMI,F,69,P75,75.0,16.367
2650,2,BMI,F,69,P85,85.0,17.034
2651,2,BMI,F,69,P90,90.0,17.518
2652,2,BMI,F,69,P95,95.0,18.289
2653,2,BMI,F,69,P97,97.0,18.827
2654,2,BMI,F,69,P99,99.0,19.938
2655,2,BMI,F,69,P999,99.9,22.187
2656,2,BMI,F,70,P01,0.1,11.646
2657,2,BMI,F,70,P1,1.0,12.367
2658,2,BMI,F,70,P3,3.0,12.831
2659,2,BMI,F,70,P5,5.0,13.091
2660,2,BMI,F,70,P10,10.0,13.514
2661,2,BMI,F,70,P15,15.0,13.816
2662,2,BMI,F,70,P25,25.0,14.287
2663,2,BMI,F,70,P50,50.0,15.259
2664,2,BMI,F,70,P75,75.0,16.377
2665,2,BMI,F,70,P85,85.0,17.049
2666,2,BMI,F,70,P90,90.0,17.537
2667,2,BMI,F,70,P95,95.0,18.316
2668,2,BMI,F,70,P97,97.0,18.86
2669,2,BMI,F,70,P99,99.0,19.985
2670,2,BMI,F,70,P999,99.9,22.27
2671,2,BMI,F,71,P01,0.1,11.645
2672,2,BMI,F,71,P1,1.0,12.365
2673,2,BMI,F,71,P3,3.0,12.829
2674,2,BMI,F,71,P5,5.0,13.09
2675,2,BMI,F,71,P10,10.0,13.513
2676,2,BMI,F,71,P15,15.0,13.816
2677,2,BMI,F,71,P25,25.0,14.288
2678,2,BMI,F,71,P50,50.0,15.264
2679,2,BMI,F,71,P75,75.0,16.388
2680,2,BMI,F,71,P85,85.0,17.065
2681,2,BMI,F,71,P90,90.0,17.558
2682,2,BMI,F,71,P95,95.0,18.344
2683,2,BMI,F,71,P97,97.0,18.894
2684,2,BMI,F,71,P99,99.0,20.033
2685,2,BMI,F,71,P999,99.9,22.354
2686,2,BMI,F,72,P01,0.1,11.643
2687,2,BMI,F,72,P1,1.0,12.363
2688,2,BMI,F,72,P3,3.0,12.828
2689,2,BMI,F,72,P5,5.0,13.089
2690,2,BMI,F,72,P10,10.0,13.513
2691,2,BMI,F,72,P15,15.0,13.816
2692,2,BMI,F,72,P25,25.0,14.29
2693,2,BMI,F,72,P50,50.0,15.27
2694,2,BMI,F,72,P75,75.0,16.401
2695,2,BMI,F,72,P85,85.0,17.083
2696,2,BMI,F,72,P90,90.0,17.579
2697,2,BMI,F,72,P95,95.0,18.373
2698,2,BMI,F,72,P97,97.0,18.929
2699,2,BMI,F,72,P99,99.0,20.082
2700,2,BMI,F,72,P999,99.9,22.441
2701,2,BMI,F,73,P01,0.1,11.642
2702,2,BMI,F,73,P1,1.0,12.362
2703,2,BMI,F,73,P3,3.0,12.827
2704,2,BMI,F,73,P5,5.0,13.088
2705,2,BMI,F,73,P10,10.0,13.513
2706,2,BMI,F,73,P15,15.0,13.817
2707,2,BMI,F,73,P25,25.0,14.292
2708,2,BMI,F,73,P50,50.0,15.276
2709,2,BMI,F,73,P75,75.0,16.414
2710,2,BMI,F,73,P85,85.0,17.101
2711,2,BMI,F,73,P90,90.0,17.601
2712,2,BMI,F,73,P95,95.0,18.403
2713,2,BMI,F,73,P97,97.0,18.966
2714,2,BMI,F,73,P99,99.0,20.133
2715,2,BMI,F,73,P999,99.9,22.531
2716,2,BMI,F,74,P01,0.1,11.641
2717,2,BMI,F,74,P1,1.0,12.361
2718,2,BMI,F,74,P3,3.0,12.826
2719,2,BMI,F,74,P5,5.0,13.088
2720,2,BMI,F,74,P10,10.0,13.514
2721,2,BMI,F,74,P15,15.0,13.818
2722,2,BMI,F,74,P25,25.0,14.295
2723,2,BMI,F,74,P50,50.0,15.283
2724,2,BMI,F,74,P75,75.0,16.427
2725,2,BMI,F,74,P85,85.0,17.12
2726,2,BMI,F,74,P90,90.0,17.625
2727,2,BMI,F,74,P95,95.0,18.434
2728,2,BMI,F,74,P97,97.0,19.003
2729,2,BMI,F,74,P99,99.0,20.186
2730,2,BMI,F,74,P999,99.9,22.623
2731,2,BMI,F,75,P01,0.1,11.641
2732,2,BMI,F,75,P1,1.0,12.361
2733,2,BMI,F,75,P3,3.0,12.827
2734,2,BMI,F,75,P5,5.0,13.089
2735,2,BMI,F,75,P10,10.0,13.516
2736,2,BMI,F,75,P15,15.0,13.821
2737,2,BMI,F,75,P25,25.0,14.299
2738,2,BMI,F,75,P50,50.0,15.291
2739,2,BMI,F,75,P75,75.0,16.442
2740,2,BMI,F,75,P85,85.0,17.14
2741,2,BMI,F,75,P90,90.0,17.649
2742,2,BMI,F,75,P95,95.0,18.466
2743,2,BMI,F,75,P97,97.0,19.042
2744,2,BMI,F,75,P99,99.0,20.239
2745,2,BMI,F,75,P999,99.9,22.717
2746,2,BMI,F,76,P01,0.1,11.642
2747,2,BMI,F,76,P1,1.0,12.362
2748,2,BMI,F,76,P3,3.0,12.828
2749,2,BMI,F,76,P5,5.0,13.09
2750,2,BMI,F,76,P10,10.0,13.518
2751,2,BMI,F,76,P15,15.0,13.824
2752,2,BMI,F,76,P25,25.0,14.303
2753,2,BMI,F,76,P50,50.0,15.3
2754,2,BMI,F,76,P75,75.0,16.458
2755,2,BMI,F,76,P85,85.0,17.161
2756,2,BMI,F,76,P90,90.0,17.674
2757,2,BMI,F,76,P95,95.0,18.5
2758,2,BMI,F,76,P97,97.0,19.081
2759,2,BMI,F,76,P99,99.0,20.295
2760,2,BMI,F,76,P999,99.9,22.813
2761,2,BMI,F,77,P01,0.1,11.643
2762,2,BMI,F,77,P1,1.0,12.363
2763,2,BMI,F,77,P3,3.0,12.83
2764,2,BMI,F,77,P5,5.0,13.093
2765,2,BMI,F,77,P10,10.0,13.521
2766,2,BMI,F,77,P15,15.0,13.828
2767,2,BMI,F,77,P25,25.0,14.309
2768,2,BMI,F,77,P50,50.0,15.31
2769,2,BMI,F,77,P75,75.0,16.475
2770,2,BMI,F,77,P85,85.0,17.183
2771,2,BMI,F,77,P90,90.0,17.701
2772,2,BMI,F,77,P95,95.0,18.534
2773,2,BMI,F,77,P97,97.0,19.123
2774,2,BMI,F,77,P99,99.0,20.352
2775,2,BMI,F,77,P999,99.9,22.912
2776,2,BMI,F,78,P01,0.1,11.645
2777,2,BMI,F,78,P1,1.0,12.365
2778,2,BMI,F,78,P3,3.0,12.832
2779,2,BMI,F,78,P5,5.0,13.096
2780,2,BMI,F,78,P10,10.0,13.525
2781,2,BMI,F,78,P15,15.0,13.832
2782,2,BMI,F,78,P25,25.0,14.315
2783,2,BMI,F,78,P50,50.0,15.32
2784,2,BMI,F,78,P75,75.0,16.492
2785,2,BMI,F,78,P85,85.0,17.206
2786,2,BMI,F,78,P90,90.0,17.728
2787,2,BMI,F,78,P95,95.0,18.57
2788,2,BMI,F,78,P97,97.0,19.165
2789,2,BMI,F,78,P99,99.0,20.41
2790,2,BMI,F,78,P999,99.9,23.013
2791,2,BMI,F,79,P01,0.1,11.647
2792,2,BMI,F,79,P1,1.0,12.368
2793,2,BMI,F,79,P3,3.0,12.836
2794,2,BMI,F,79,P5,5.0,13.099
2795,2,BMI,F,79,P10,10.0,13.53
2796,2,BMI,F,79,P15,15.0,13.838
2797,2,BMI,F,79,P25,25.0,14.322
2798,2,BMI,F,79,P50,50.0,15.331
2799,2,BMI,F,79,P75,75.0,16.511
2800,2,BMI,F,79,P85,85.0,17.23
2801,2,BMI,F,79,P90,90.0,17.757
2802,2,BMI,F,79,P95,95.0,18.607
2803,2,BMI,F,79,P97,97.0,19.209
2804,2,BMI,F,79,P99,99.0,20.47
2805,2,BMI,F,79,P999,99.9,23.117
2806,2,BMI,F,80,P01,0.1,11.651
2807,2,BMI,F,80,P1,1.0,12.372
2808,2,BMI,F,80,P3,3.0,12.84
2809,2,BMI,F,80,P5,5.0,13.104
2810,2,BMI,F,80,P10,10.0,13.535
2811,2,BMI,F,80,P15,15.0,13.844
2812,2,BMI,F,80,P25,25.0,14.33
2813,2,BMI,F,80,P50,50.0,15.344
2814,2,BMI,F,80,P75,75.0,16.53
2815,2,BMI,F,80,P85,85.0,17.255
2816,2,BMI,F,80,P90,90.0,17.787
2817,2,BMI,F,80,P95,95.0,18.645
2818,2,BMI,F,80,P97,97.0,19.254
2819,2,BMI,F,80,P99,99.0,20.531
2820,2,BMI,F,80,P999,99.9,23.222
2821,2,BMI,F,81,P01,0.1,11.654
2822,2,BMI,F,81,P1,1.0,12.376
2823,2,BMI,F,81,P3,3.0,12.845
2824,2,BMI,F,81,P5,5.0,13.11
2825,2,BMI,F,81,P10,10.0,13.542
2826,2,BMI,F,81,P15,15.0,13.851
2827,2,BMI,F,81,P25,25.0,14.339
2828,2,BMI,F,81,P50,50.0,15.357
2829,2,BMI,F,81,P75,75.0,16.551
2830,2,BMI,F,81,P85,85.0,17.281
2831,2,BMI,F,81,P90,90.0,17.818
2832,2,BMI,F,81,P95,95.0,18.685
2833,2,BMI,F,81,P97,97.0,19.3
2834,2,BMI,F,81,P99,99.0,20.594
2835,2,BMI,F,81,P999,99.9,23.331
2836,2,BMI,F,82,P01,0.1,11.659
2837,2,BMI,F,82,P1,1.0,12.381
2838,2,BMI,F,82,P3,3.0,12.851
2839,2,BMI,F,82,P5,5.0,13.116
2840,2,BMI,F,82,P10,10.0,13.549
2841,2,BMI,F,82,P15,15.0,13.86
2842,2,BMI,F,82,P25,25.0,14.349
2843,2,BMI,F,82,P50,50.0,15.372
2844,2,BMI,F,82,P75,75.0,16.573
2845,2,BMI,F,82,P85,85.0,17.309
2846,2,BMI,F,82,P90,90.0,17.85
2847,2,BMI,F,82,P95,95.0,18.726
2848,2,BMI,F,82,P97,97.0,19.348
2849,2,BMI,F,82,P99,99.0,20.659
2850,2,BMI,F,82,P999,99.9,23.443
2851,2,BMI,F,83,P01,0.1,11.664
2852,2,BMI,F,83,P1,1.0,12.387
2853,2,BMI,F,83,P3,3.0,12.857
2854,2,BMI,F,83,P5,5.0,13.123
2855,2,BMI,F,83,P10,10.0,13.557
2856,2,BMI,F,83,P15,15.0,13.869
2857,2,BMI,F,83,P25,25.0,14.36
2858,2,BMI,F,83,P50,50.0,15.387
2859,2,BMI,F,83,P75,75.0,16.596
2860,2,BMI,F,83,P85,85.0,17.337
2861,2,BMI,F,83,P90,90.0,17.883
2862,2,BMI,F,83,P95,95.0,18.768
2863,2,BMI,F,83,P97,97.0,19.397
2864,2,BMI,F,83,P99,99.0,20.726
2865,2,BMI,F,83,P999,99.9,23.557
2866,2,BMI,F,84,P01,0.1,11.671
2867,2,BMI,F,84,P1,1.0,12.394
2868,2,BMI,F,84,P3,3.0,12.865
2869,2,BMI,F,84,P5,5.0,13.131
2870,2,BMI,F,84,P10,10.0,13.566
2871,2,BMI,F,84,P15,15.0,13.879
2872,2,BMI,F,84,P25,25.0,14.371
2873,2,BMI,F,84,P50,50.0,15.404
2874,2,BMI,F,84,P75,75.0,16.62
2875,2,BMI,F,84,P85,85.0,17.367
2876,2,BMI,F,84,P90,90.0,17.918
2877,2,BMI,F,84,P95,95.0,18.812
2878,2,BMI,F,84,P97,97.0,19.448
2879,2,BMI,F,84,P99,99.0,20.794
2880,2,BMI,F,84,P999,99.9,23.674
2881,2,BMI,F,85,P01,0.1,11.677
2882,2,BMI,F,85,P1,1.0,12.401
2883,2,BMI,F,85,P3,3.0,12.873
2884,2,BMI,F,85,P5,5.0,13.14
2885,2,BMI,F,85,P10,10.0,13.576
2886,2,BMI,F,85,P15,15.0,13.89
2887,2,BMI,F,85,P25,25.0,14.384
2888,2,BMI,F,85,P50,50.0,15.421
2889,2,BMI,F,85,P75,75.0,16.645
2890,2,BMI,F,85,P85,85.0,17.398
2891,2,BMI,F,85,P90,90.0,17.954
2892,2,BMI,F,85,P95,95.0,18.857
2893,2,BMI,F,85,P97,97.0,19.501
2894,2,BMI,F,85,P99,99.0,20.864
2895,2,BMI,F,85,P999,99.9,23.793
2896,2,BMI,F,86,P01,0.1,11.685
2897,2,BMI,F,86,P1,1.0,12.41
2898,2,BMI,F,86,P3,3.0,12.882
2899,2,BMI,F,86,P5,5.0,13.15
2900,2,BMI,F,86,P10,10.0,13.587
2901,2,BMI,F,86,P15,15.0,13.902
2902,2,BMI,F,86,P25,25.0,14.398
2903,2,BMI,F,86,P50,50.0,15.44
2904,2,BMI,F,86,P75,75.0,16.671
2905,2,BMI,F,86,P85,85.0,17.43
2906,2,BMI,F,86,P90,90.0,17.991
2907,2,BMI,F,86,P95,95.0,18.903
2908,2,BMI,F,86,P97,97.0,19.554
2909,2,BMI,F,86,P99,99.0,20.935
2910,2,BMI,F,86,P999,99.9,23.914
2911,2,BMI,F,87,P01,0.1,11.693
2912,2,BMI,F,87,P1,1.0,12.419
2913,2,BMI,F,87,P3,3.0,12.892
2914,2,BMI,F,87,P5,5.0,13.16
2915,2,BMI,F,87,P10,10.0,13.599
2916,2,BMI,F,87,P15,15.0,13.914
2917,2,BMI,F,87,P25,25.0,14.412
2918,2,BMI,F,87,P50,50.0,15.459
2919,2,BMI,F,87,P75,75.0,16.699
2920,2,BMI,F,87,P85,85.0,17.464
2921,2,BMI,F,87,P90,90.0,18.03
2922,2,BMI,F,87,P95,95.0,18.951
2923,2,BMI,F,87,P97,97.0,19.609
2924,2,BMI,F,87,P99,99.0,21.009
2925,2,BMI,F,87,P999,99.9,24.039
2926,2,BMI,F,88,P01,0.1,11.702
2927,2,BMI,F,88,P1,1.0,12.429
2928,2,BMI,F,88,P3,3.0,12.903
2929,2,BMI,F,88,P5,5.0,13.172
2930,2,BMI,F,88,P10,10.0,13.611
2931,2,BMI,F,88,P15,15.0,13.928
2932,2,BMI,F,88,P25,25.0,14.428
2933,2,BMI,F,88,P50,50.0,15.48
2934,2,BMI,F,88,P75,75.0,16.727
2935,2,BMI,F,88,P85,85.0,17.499
2936,2,BMI,F,88,P90,90.0,18.069
2937,2,BMI,F,88,P95,95.0,19.0
2938,2,BMI,F,88,P97,97.0,19.666
2939,2,BMI,F,88,P99,99.0,21.084
2940,2,BMI,F,88,P999,99.9,24.167
2941,2,BMI,F,89,P01,0.1,11.712
2942,2,BMI,F,89,P1,1.0,12.439
2943,2,BMI,F,89,P3,3.0,12.915
2944,2,BMI,F,89,P5,5.0,13.184
2945,2,BMI,F,89,P10,10.0,13.625
2946,2,BMI,F,89,P15,15.0,13.943
2947,2,BMI,F,89,P25,25.0,14.444
2948,2,BMI,F,89,P50,50.0,15.501
2949,2,BMI,F,89,P75,75.0,16.757
2950,2,BMI,F,89,P85,85.0,17.534
2951,2,BMI,F,89,P90,90.0,18.11
2952,2,BMI,F,89,P95,95.0,19.05
2953,2,BMI,F,89,P97,97.0,19.723
2954,2,BMI,F,89,P99,99.0,21.16
2955,2,BMI,F,89,P999,99.9,24.295
2956,2,BMI,F,90,P01,0.1,11.722
2957,2,BMI,F,90,P1,1.0,12.451
2958,2,BMI,F,90,P3,3.0,12.927
2959,2,BMI,F,90,P5,5.0,13.197
2960,2,BMI,F,90,P10,10.0,13.639
2961,2,BMI,F,90,P15,15.0,13.958
2962,2,BMI,F,90,P25,25.0,14.462
2963,2,BMI,F,90,P50,50.0,15.524
2964,2,BMI,F,90,P75,75.0,16.788
2965,2,BMI,F,90,P85,85.0,17.571
2966,2,BMI,F,90,P90,90.0,18.152
2967,2,BMI,F,90,P95,95.0,19.102
2968,2,BMI,F,90,P97,97.0,19.783
2969,2,BMI,F,90,P99,99.0,21.239
2970,2,BMI,F,90,P999,99.9,24.428
2971,2,BMI,F,91,P01,0.1,11.733
2972,2,BMI,F,91,P1,1.0,12.463
2973,2,BMI,F,91,P3,3.0,12.94
2974,2,BMI,F,91,P5,5.0,13.211
2975,2,BMI,F,91,P10,10.0,13.655
2976,2,BMI,F,91,P15,15.0,13.974
2977,2,BMI,F,91,P25,25.0,14.48
2978,2,BMI,F,91,P50,50.0,15.548
2979,2,BMI,F,91,P75,75.0,16.819
2980,2,BMI,F,91,P85,85.0,17.609
2981,2,BMI,F,91,P90,90.0,18.195
2982,2,BMI,F,91,P95,95.0,19.154
2983,2,BMI,F,91,P97,97.0,19.843
2984,2,BMI,F,91,P99,99.0,21.318
2985,2,BMI,F,91,P999,99.9,24.562
2986,2,BMI,F,92,P01,0.1,11.745
2987,2,BMI,F,92,P1,1.0,12.476
2988,2,BMI,F,92,P3,3.0,12.954
2989,2,BMI,F,92,P5,5.0,13.226
2990,2,BMI,F,92,P10,10.0,13.671
2991,2,BMI,F,92,P15,15.0,13.992
2992,2,BMI,F,92,P25,25.0,14.499
2993,2,BMI,F,92,P50,50.0,15.572
2994,2,BMI,F,92,P75,75.0,16.852
2995,2,BMI,F,92,P85,85.0,17.648
2996,2,BMI,F,92,P90,90.0,18.24
2997,2,BMI,F,92,P95,95.0,19.208
2998,2,BMI,F,92,P97,97.0,19.905
2999,2,BMI,F,92,P99,99.0,21.399
3000,2,BMI,F,92,P999,99.9,24.698
3001,2,BMI,F,93,P01,0.1,11.757
3002,2,BMI,F,93,P1,1.0,12.489
3003,2,BMI,F,93,P3,3.0,12.969
3004,2,BMI,F,93,P5,5.0,13.241
3005,2,BMI,F,93,P10,10.0,13.688
3006,2,BMI,F,93,P15,15.0,14.01
3007,2,BMI,F,93,P25,25.0,14.52
3008,2,BMI,F,93,P50,50.0,15.598
3009,2,BMI,F,93,P75,75.0,16.887
3010,2,BMI,F,93,P85,85.0,17.689
3011,2,BMI,F,93,P90,90.0,18.286
3012,2,BMI,F,93,P95,95.0,19.264
3013,2,BMI,F,93,P97,97.0,19.969
3014,2,BMI,F,93,P99,99.0,21.483
3015,2,BMI,F,93,P999,99.9,24.838
3016,2,BMI,F,94,P01,0.1,11.77
3017,2,BMI,F,94,P1,1.0,12.504
3018,2,BMI,F,94,P3,3.0,12.984
3019,2,BMI,F,94,P5,5.0,13.257
3020,2,BMI,F,94,P10,10.0,13.706
3021,2,BMI,F,94,P15,15.0,14.029
3022,2,BMI,F,94,P25,25.0,14.541
3023,2,BMI,F,94,P50,50.0,15.625
3024,2,BMI,F,94,P75,75.0,16.922
3025,2,BMI,F,94,P85,85.0,17.73
3026,2,BMI,F,94,P90,90.0,18.333
3027,2,BMI,F,94,P95,95.0,19.321
3028,2,BMI,F,94,P97,97.0,20.034
3029,2,BMI,F,94,P99,99.0,21.567
3030,2,BMI,F,94,P999,99.9,24.979
3031,2,BMI,F,95,P01,0.1,11.783
3032,2,BMI,F,95,P1,1.0,12.519
3033,2,BMI,F,95,P3,3.0,13.001
3034,2,BMI,F,95,P5,5.0,13.275
3035,2,BMI,F,95,P10,10.0,13.724
3036,2,BMI,F,95,P15,15.0,14.049
3037,2,BMI,F,95,P25,25.0,14.563
3038,2,BMI,F,95,P50,50.0,15.652
3039,2,BMI,F,95,P75,75.0,16.958
3040,2,BMI,F,95,P85,85.0,17.773
3041,2,BMI,F,95,P90,90.0,18.381
3042,2,BMI,F,95,P95,95.0,19.379
3043,2,BMI,F,95,P97,97.0,20.1
3044,2,BMI,F,95,P99,99.0,21.653
3045,2,BMI,F,95,P999,99.9,25.122
3046,2,BMI,F,96,P01,0.1,11.798
3047,2,BMI,F,96,P1,1.0,12.535
3048,2,BMI,F,96,P3,3.0,13.018
3049,2,BMI,F,96,P5,5.0,13.293
3050,2,BMI,F,96,P10,10.0,13.744
3051,2,BMI,F,96,P15,15.0,14.07
3052,2,BMI,F,96,P25,25.0,14.586
3053,2,BMI,F,96,P50,50.0,15.681
3054,2,BMI,F,96,P75,75.0,16.995
3055,2,BMI,F,96,P85,85.0,17.817
3056,2,BMI,F,96,P90,90.0,18.43
3057,2,BMI,F,96,P95,95.0,19.438
3058,2,BMI,F,96,P97,97.0,20.167
3059,2,BMI,F,96,P99,99.0,21.74
3060,2,BMI,F,96,P999,99.9,25.268
3061,2,BMI,F,97,P01,0.1,11.813
3062,2,BMI,F,97,P1,1.0,12.551
3063,2,BMI,F,97,P3,3.0,13.036
3064,2,BMI,F,97,P5,5.0,13.312
3065,2,BMI,F,97,P10,10.0,13.764
3066,2,BMI,F,97,P15,15.0,14.091
3067,2,BMI,F,97,P25,25.0,14.61
3068,2,BMI,F,97,P50,50.0,15.711
3069,2,BMI,F,97,P75,75.0,17.034
3070,2,BMI,F,97,P85,85.0,17.862
3071,2,BMI,F,97,P90,90.0,18.48
3072,2,BMI,F,97,P95,95.0,19.498
3073,2,BMI,F,97,P97,97.0,20.235
3074,2,BMI,F,97,P99,99.0,21.828
3075,2,BMI,F,97,P999,99.9,25.415
3076,2,BMI,F,98,P01,0.1,11.828
3077,2,BMI,F,98,P1,1.0,12.569
3078,2,BMI,F,98,P3,3.0,13.055
3079,2,BMI,F,98,P5,5.0,13.331
3080,2,BMI,F,98,P10,10.0,13.786
3081,2,BMI,F,98,P15,15.0,14.114
3082,2,BMI,F,98,P25,25.0,14.635
3083,2,BMI,F,98,P50,50.0,15.742
3084,2,BMI,F,98,P75,75.0,17.073
3085,2,BMI,F,98,P85,85.0,17.908
3086,2,BMI,F,98,P90,90.0,18.532
3087,2,BMI,F,98,P95,95.0,19.56
3088,2,BMI,F,98,P97,97.0,20.305
3089,2,BMI,F,98,P99,99.0,21.919
3090,2,BMI,F,98,P999,99.9,25.565
3091,2,BMI,F,99,P01,0.1,11.845
3092,2,BMI,F,99,P1,1.0,12.587
3093,2,BMI,F,99,P3,3.0,13.075
3094,2,BMI,F,99,P5,5.0,13.352
3095,2,BMI,F,99,P10,10.0,13.808
3096,2,BMI,F,99,P15,15.0,14.137
3097,2,BMI,F,99,P25,25.0,14.661
3098,2,BMI,F,99,P50,50.0,15.773
3099,2,BMI,F,99,P75,75.0,17.114
3100,2,BMI,F,99,P85,85.0,17.955
3101,2,BMI,F,99,P90,90.0,18.585
3102,2,BMI,F,99,P95,95.0,19.623
3103,2,BMI,F,99,P97,97.0,20.376
3104,2,BMI,F,99,P99,99.0,22.01
3105,2,BMI,F,99,P999,99.9,25.716
3106,2,BMI,F,100,P01,0.1,11.862
3107,2,BMI,F,100,P1,1.0,12.605
3108,2,BMI,F,100,P3,3.0,13.095
3109,2,BMI,F,100,P5,5.0,13.373
3110,2,BMI,F,100,P10,10.0,13.831
3111,2,BMI,F,100,P15,15.0,14.162
3112,2,BMI,F,100,P25,25.0,14.687
3113,2,BMI,F,100,P50,50.0,15.806
3114,2,BMI,F,100,P75,75.0,17.156
3115,2,BMI,F,100,P85,85.0,18.004
3116,2,BMI,F,100,P90,90.0,18.639
3117,2,BMI,F,100,P95,95.0,19.687
3118,2,BMI,F,100,P97,97.0,20.449
3119,2,BMI,F,100,P99,99.0,22.103
3120,2,BMI,F,100,P999,99.9,25.871
3121,2,BMI,F,101,P01,0.1,11.879
3122,2,BMI,F,101,P1,1.0,12.625
3123,2,BMI,F,101,P3,3.0,13.116
3124,2,BMI,F,101,P5,5.0,13.395
3125,2,BMI,F,101,P10,10.0,13.854
3126,2,BMI,F,101,P15,15.0,14.187
3127,2,BMI,F,101,P25,25.0,14.715
3128,2,BMI,F,101,P50,50.0,15.839
3129,2,BMI,F,101,P75,75.0,17.198
3130,2,BMI,F,101,P85,85.0,18.053
3131,2,BMI,F,101,P90,90.0,18.693
3132,2,BMI,F,101,P95,95.0,19.752
3133,2,BMI,F,101,P97,97.0,20.522
3134,2,BMI,F,101,P99,99.0,22.198
3135,2,BMI,F,101,P999,99.9,26.026
3136,2,BMI,F,102,P01,0.1,11.897
3137,2,BMI,F,102,P1,1.0,12.645
3138,2,BMI,F,102,P3,3.0,13.137
3139,2,BMI,F,102,P5,5.0,13.418
3140,2,BMI,F,102,P10,10.0,13.879
3141,2,BMI,F,102,P15,15.0,14.213
3142,2,BMI,F,102,P25,25.0,14.743
3143,2,BMI,F,102,P50,50.0,15.874
3144,2,BMI,F,102,P75,75.0,17.242
3145,2,BMI,F,102,P85,85.0,18.103
3146,2,BMI,F,102,P90,90.0,18.749
3147,2,BMI,F,102,P95,95.0,19.818
3148,2,BMI,F,102,P97,97.0,20.597
3149,2,BMI,F,102,P99,99.0,22.293
3150,2,BMI,F,102,P999,99.9,26.183
3151,2,BMI,F,103,P01,0.1,11.915
3152,2,BMI,F,103,P1,1.0,12.666
3153,2,BMI,F,103,P3,3.0,13.159
3154,2,BMI,F,103,P5,5.0,13.441
3155,2,BMI,F,103,P10,10.0,13.904
3156,2,BMI,F,103,P15,15.0,14.239
3157,2,BMI,F,103,P25,25.0,14.772
3158,2,BMI,F,103,P50,50.0,15.909
3159,2,BMI,F,103,P75,75.0,17.286
3160,2,BMI,F,103,P85,85.0,18.154
3161,2,BMI,F,103,P90,90.0,18.806
3162,2,BMI,F,103,P95,95.0,19.885
3163,2,BMI,F,103,P97,97.0,20.672
3164,2,BMI,F,103,P99,99.0,22.389
3165,2,BMI,F,103,P999,99.9,26.341
3166,2,BMI,F,104,P01,0.1,11.934
3167,2,BMI,F,104,P1,1.0,12.687
3168,2,BMI,F,104,P3,3.0,13.182
3169,2,BMI,F,104,P5,5.0,13.465
3170,2,BMI,F,104,P10,10.0,13.93
3171,2,BMI,F,104,P15,15.0,14.266
3172,2,BMI,F,104,P25,25.0,14.802
3173,2,BMI,F,104,P50,50.0,15.945
3174,2,BMI,F,104,P75,75.0,17.331
3175,2,BMI,F,104,P85,85.0,18.206
3176,2,BMI,F,104,P90,90.0,18.864
3177,2,BMI,F,104,P95,95.0,19.953
3178,2,BMI,F,104,P97,97.0,20.748
3179,2,BMI,F,104,P99,99.0,22.486
3180,2,BMI,F,104,P999,99.9,26.499
3181,2,BMI,F,105,P01,0.1,11.954
3182,2,BMI,F,105,P1,1.0,12.708
3183,2,BMI,F,105,P3,3.0,13.206
3184,2,BMI,F,105,P5,5.0,13.489
3185,2,BMI,F,105,P10,10.0,13.956
3186,2,BMI,F,105,P15,15.0,14.294
3187,2,BMI,F,105,P25,25.0,14.832
3188,2,BMI,F,105,P50,50.0,15.982
3189,2,BMI,F,105,P75,75.0,17.377
3190,2,BMI,F,105,P85,85.0,18.259
3191,2,BMI,F,105,P90,90.0,18.922
3192,2,BMI,F,105,P95,95.0,20.022
3193,2,BMI,F,105,P97,97.0,20.826
3194,2,BMI,F,105,P99,99.0,22.584
3195,2,BMI,F,105,P999,99.9,26.661
3196,2,BMI,F,106,P01,0.1,11.974
3197,2,BMI,F,106,P1,1.0,12.731
3198,2,BMI,F,106,P3,3.0,13.23
3199,2,BMI,F,106,P5,5.0,13.514
3200,2,BMI,F,106,P10,10.0,13.983
3201,2,BMI,F,106,P15,15.0,14.323
3202,2,BMI,F,106,P25,25.0,14.864
3203,2,BMI,F,106,P50,50.0,16.019
3204,2,BMI,F,106,P75,75.0,17.424
3205,2,BMI,F,106,P85,85.0,18.313
3206,2,BMI,F,106,P90,90.0,18.982
3207,2,BMI,F,106,P95,95.0,20.092
3208,2,BMI,F,106,P97,97.0,20.904
3209,2,BMI,F,106,P99,99.0,22.683
3210,2,BMI,F,106,P999,99.9,26.821
3211,2,BMI,F,107,P01,0.1,11.994
3212,2,BMI,F,107,P1,1.0,12.753
3213,2,BMI,F,107,P3,3.0,13.254
3214,2,BMI,F,107,P5,5.0,13.54
3215,2,BMI,F,107,P10,10.0,14.011
3216,2,BMI,F,107,P15,15.0,14.352
3217,2,BMI,F,107,P25,25.0,14.895
3218,2,BMI,F,107,P50,50.0,16.058
3219,2,BMI,F,107,P75,75.0,17.472
3220,2,BMI,F,107,P85,85.0,18.367
3221,2,BMI,F,107,P90,90.0,19.042
3222,2,BMI,F,107,P95,95.0,20.162
3223,2,BMI,F,107,P97,97.0,20.983
3224,2,BMI,F,107,P99,99.0,22.783
3225,2,BMI,F,107,P999,99.9,26.983
3226,2,BMI,F,108,P01,0.1,12.014
3227,2,BMI,F,108,P1,1.0,12.776
3228,2,BMI,F,108,P3,3.0,13.279
3229,2,BMI,F,108,P5,5.0,13.566
3230,2,BMI,F,108,P10,10.0,14.039
3231,2,BMI,F,108,P15,15.0,14.382
3232,2,BMI,F,108,P25,25.0,14.928
3233,2,BMI,F,108,P50,50.0,16.096
3234,2,BMI,F,108,P75,75.0,17.52
3235,2,BMI,F,108,P85,85.0,18.422
3236,2,BMI,F,108,P90,90.0,19.102
3237,2,BMI,F,108,P95,95.0,20.233
3238,2,BMI,F,108,P97,97.0,21.062
3239,2,BMI,F,108,P99,99.0,22.882
3240,2,BMI,F,108,P999,99.9,27.144
3241,2,BMI,F,109,P01,0.1,12.035
3242,2,BMI,F,109,P1,1.0,12.8
3243,2,BMI,F,109,P3,3.0,13.305
3244,2,BMI,F,109,P5,5.0,13.592
3245,2,BMI,F,109,P10,10.0,14.067
3246,2,BMI,F,109,P15,15.0,14.412
3247,2,BMI,F,109,P25,25.0,14.96
3248,2,BMI,F,109,P50,50.0,16.136
3249,2,BMI,F,109,P75,75.0,17.569
3250,2,BMI,F,109,P85,85.0,18.478
3251,2,BMI,F,109,P90,90.0,19.164
3252,2,BMI,F,109,P95,95.0,20.305
3253,2,BMI,F,109,P97,97.0,21.142
3254,2,BMI,F,109,P99,99.0,22.983
3255,2,BMI,F,109,P999,99.9,27.308
3256,2,BMI,F,110,P01,0.1,12.057
3257,2,BMI,F,110,P1,1.0,12.824
3258,2,BMI,F,110,P3,3.0,13.331
3259,2,BMI,F,110,P5,5.0,13.62
3260,2,BMI,F,110,P10,10.0,14.097
3261,2,BMI,F,110,P15,15.0,14.443
3262,2,BMI,F,110,P25,25.0,14.994
3263,2,BMI,F,110,P50,50.0,16.176
3264,2,BMI,F,110,P75,75.0,17.618
3265,2,BMI,F,110,P85,85.0,18.535
3266,2,BMI,F,110,P90,90.0,19.226
3267,2,BMI,F,110,P95,95.0,20.378
3268,2,BMI,F,110,P97,97.0,21.223
3269,2,BMI,F,110,P99,99.0,23.084
3270,2,BMI,F,110,P999,99.9,27.471
3271,2,BMI,F,111,P01,0.1,12.078
3272,2,BMI,F,111,P1,1.0,12.848
3273,2,BMI,F,111,P3,3.0,13.357
3274,2,BMI,F,111,P5,5.0,13.647
3275,2,BMI,F,111,P10,10.0,14.126
3276,2,BMI,F,111,P15,15.0,14.474
3277,2,BMI,F,111,P25,25.0,15.028
3278,2,BMI,F,111,P50,50.0,16.217
3279,2,BMI,F,111,P75,75.0,17.669
3280,2,BMI,F,111,P85,85.0,18.592
3281,2,BMI,F,111,P90,90.0,19.289
3282,2,BMI,F,111,P95,95.0,20.451
3283,2,BMI,F,111,P97,97.0,21.304
3284,2,BMI,F,111,P99,99.0,23.186
3285,2,BMI,F,111,P999,99.9,27.633
3286,2,BMI,F,112,P01,0.1,12.1
3287,2,BMI,F,112,P1,1.0,12.873
3288,2,BMI,F,112,P3,3.0,13.384
3289,2,BMI,F,112,P5,5.0,13.675
3290,2,BMI,F,112,P10,10.0,14.156
3291,2,BMI,F,112,P15,15.0,14.506
3292,2,BMI,F,112,P25,25.0,15.063
3293,2,BMI,F,112,P50,50.0,16.258
3294,2,BMI,F,112,P75,75.0,17.72
3295,2,BMI,F,112,P85,85.0,18.65
3296,2,BMI,F,112,P90,90.0,19.352
3297,2,BMI,F,112,P95,95.0,20.524
3298,2,BMI,F,112,P97,97.0,21.386
3299,2,BMI,F,112,P99,99.0,23.289
3300,2,BMI,F,112,P999,99.9,27.798
3301,2,BMI,F,113,P01,0.1,12.122
3302,2,BMI,F,113,P1,1.0,12.898
3303,2,BMI,F,113,P3,3.0,13.411
3304,2,BMI,F,113,P5,5.0,13.704
3305,2,BMI,F,113,P10,10.0,14.187
3306,2,BMI,F,113,P15,15.0,14.538
3307,2,BMI,F,113,P25,25.0,15.098
3308,2,BMI,F,113,P50,50.0,16.3
3309,2,BMI,F,113,P75,75.0,17.771
3310,2,BMI,F,113,P85,85.0,18.708
3311,2,BMI,F,113,P90,90.0,19.416
3312,2,BMI,F,113,P95,95.0,20.598
3313,2,BMI,F,113,P97,97.0,21.468
3314,2,BMI,F,113,P99,99.0,23.391
3315,2,BMI,F,113,P999,99.9,27.96
3316,2,BMI,F,114,P01,0.1,12.145
3317,2,BMI,F,114,P1,1.0,12.924
3318,2,BMI,F,114,P3,3.0,13.439
3319,2,BMI,F,114,P5,5.0,13.733
3320,2,BMI,F,114,P10,10.0,14.218
3321,2,BMI,F,114,P15,15.0,14.571
3322,2,BMI,F,114,P25,25.0,15.134
3323,2,BMI,F,114,P50,50.0,16.343
3324,2,BMI,F,114,P75,75.0,17.823
3325,2,BMI,F,114,P85,85.0,18.767
3326,2,BMI,F,114,P90,90.0,19.481
3327,2,BMI,F,114,P95,95.0,20.673
3328,2,BMI,F,114,P97,97.0,21.551
3329,2,BMI,F,114,P99,99.0,23.494
3330,2,BMI,F,114,P999,99.9,28.123
3331,2,BMI,F,115,P01,0.1,12.168
3332,2,BMI,F,115,P1,1.0,12.95
3333,2,BMI,F,115,P3,3.0,13.467
3334,2,BMI,F,115,P5,5.0,13.762
3335,2,BMI,F,115,P10,10.0,14.25
3336,2,BMI,F,115,P15,15.0,14.605
3337,2,BMI,F,115,P25,25.0,15.17
3338,2,BMI,F,115,P50,50.0,16.386
3339,2,BMI,F,115,P75,75.0,17.876
3340,2,BMI,F,115,P85,85.0,18.827
3341,2,BMI,F,115,P90,90.0,19.546
3342,2,BMI,F,115,P95,95.0,20.749
3343,2,BMI,F,115,P97,97.0,21.635
3344,2,BMI,F,115,P99,99.0,23.598
3345,2,BMI,F,115,P999,99.9,28.286
3346,2,BMI,F,116,P01,0.1,12.191
3347,2,BMI,F,116,P1,1.0,12.976
3348,2,BMI,F,116,P3,3.0,13.496
3349,2,BMI,F,116,P5,5.0,13.792
3350,2,BMI,F,116,P10,10.0,14.283
3351,2,BMI,F,116,P15,15.0,14.639
3352,2,BMI,F,116,P25,25.0,15.207
3353,2,BMI,F,116,P50,50.0,16.43
3354,2,BMI,F,116,P75,75.0,17.93
3355,2,BMI,F,116,P85,85.0,18.887
3356,2,BMI,F,116,P90,90.0,19.612
3357,2,BMI,F,116,P95,95.0,20.825
3358,2,BMI,F,116,P97,97.0,21.719
3359,2,BMI,F,116,P99,99.0,23.701
3360,2,BMI,F,116,P999,99.9,28.448
3361,2,BMI,F,117,P01,0.1,12.215
3362,2,BMI,F,117,P1,1.0,13.003
3363,2,BMI,F,117,P3,3.0,13.525
3364,2,BMI,F,117,P5,5.0,13.823
3365,2,BMI,F,117,P10,10.0,14.316
3366,2,BMI,F,117,P15,15.0,14.674
3367,2,BMI,F,117,P25,25.0,15.245
3368,2,BMI,F,117,P50,50.0,16.475
3369,2,BMI,F,117,P75,75.0,17.984
3370,2,BMI,F,117,P85,85.0,18.949
3371,2,BMI,F,117,P90,90.0,19.679
3372,2,BMI,F,117,P95,95.0,20.902
3373,2,BMI,F,117,P97,97.0,21.804
3374,2,BMI,F,117,P99,99.0,23.806
3375,2,BMI,F,117,P999,99.9,28.611
3376,2,BMI,F,118,P01,0.1,12.24
3377,2,BMI,F,118,P1,1.0,13.031
3378,2,BMI,F,118,P3,3.0,13.555
3379,2,BMI,F,118,P5,5.0,13.854
3380,2,BMI,F,118,P10,10.0,14.349
3381,2,BMI,F,118,P15,15.0,14.709
3382,2,BMI,F,118,P25,25.0,15.283
3383,2,BMI,F,118,P50,50.0,16.52
3384,2,BMI,F,118,P75,75.0,18.039
3385,2,BMI,F,118,P85,85.0,19.011
3386,2,BMI,F,118,P90,90.0,19.746
3387,2,BMI,F,118,P95,95.0,20.979
3388,2,BMI,F,118,P97,97.0,21.889
3389,2,BMI,F,118,P99,99.0,23.911
3390,2,BMI,F,118,P999,99.9,28.774
3391,2,BMI,F,119,P01,0.1,12.264
3392,2,BMI,F,119,P1,1.0,13.059
3393,2,BMI,F,119,P3,3.0,13.585
3394,2,BMI,F,119,P5,5.0,13.886
3395,2,BMI,F,119,P10,10.0,14.384
3396,2,BMI,F,119,P15,15.0,14.745
3397,2,BMI,F,119,P25,25.0,15.323
3398,2,BMI,F,119,P50,50.0,16.566
3399,2,BMI,F,119,P75,75.0,18.096
3400,2,BMI,F,119,P85,85.0,19.074
3401,2,BMI,F,119,P90,90.0,19.815
3402,2,BMI,F,119,P95,95.0,21.058
3403,2,BMI,F,119,P97,97.0,21.976
3404,2,BMI,F,119,P99,99.0,24.017
3405,2,BMI,F,119,P999,99.9,28.937
3406,2,BMI,F,120,P01,0.1,12.29
3407,2,BMI,F,120,P1,1.0,13.088
3408,2,BMI,F,120,P3,3.0,13.616
3409,2,BMI,F,120,P5,5.0,13.919
3410,2,BMI,F,120,P10,10.0,14.418
3411,2,BMI,F,120,P15,15.0,14.782
3412,2,BMI,F,120,P25,25.0,15.362
3413,2,BMI,F,120,P50,50.0,16.613
3414,2,BMI,F,120,P75,75.0,18.152
3415,2,BMI,F,120,P85,85.0,19.137
3416,2,BMI,F,120,P90,90.0,19.884
3417,2,BMI,F,120,P95,95.0,21.137
3418,2,BMI,F,120,P97,97.0,22.063
3419,2,BMI,F,120,P99,99.0,24.123
3420,2,BMI,F,120,P999,99.9,29.098
3421,2,BMI,F,121,P01,0.1,12.315
3422,2,BMI,F,121,P1,1.0,13.117
3423,2,BMI,F,121,P3,3.0,13.648
3424,2,BMI,F,121,P5,5.0,13.952
3425,2,BMI,F,121,P10,10.0,14.454
3426,2,BMI,F,121,P15,15.0,14.819
3427,2,BMI,F,121,P25,25.0,15.403
3428,2,BMI,F,121,P50,50.0,16.661
3429,2,BMI,F,121,P75,75.0,18.21
3430,2,BMI,F,121,P85,85.0,19.202
3431,2,BMI,F,121,P90,90.0,19.954
3432,2,BMI,F,121,P95,95.0,21.217
3433,2,BMI,F,121,P97,97.0,22.151
3434,2,BMI,F,121,P99,99.0,24.23
3435,2,BMI,F,121,P999,99.9,29.26
3436,2,BMI,F,122,P01,0.1,12.342
3437,2,BMI,F,122,P1,1.0,13.147
3438,2,BMI,F,122,P3,3.0,13.681
3439,2,BMI,F,122,P5,5.0,13.986
3440,2,BMI,F,122,P10,10.0,14.491
3441,2,BMI,F,122,P15,15.0,14.858
3442,2,BMI,F,122,P25,25.0,15.445
3443,2,BMI,F,122,P50,50.0,16.71
3444,2,BMI,F,122,P75,75.0,18.269
3445,2,BMI,F,122,P85,85.0,19.267
3446,2,BMI,F,122,P90,90.0,20.025
3447,2,BMI,F,122,P95,95.0,21.298
3448,2,BMI,F,122,P97,97.0,22.239
3449,2,BMI,F,122,P99,99.0,24.337
3450,2,BMI,F,122,P999,99.9,29.421
3451,2,BMI,F,123,P01,0.1,12.368
3452,2,BMI,F,123,P1,1.0,13.177
3453,2,BMI,F,123,P3,3.0,13.714
3454,2,BMI,F,123,P5,5.0,14.02
3455,2,BMI,F,123,P10,10.0,14.528
3456,2,BMI,F,123,P15,15.0,14.897
3457,2,BMI,F,123,P25,25.0,15.487
3458,2,BMI,F,123,P50,50.0,16.76
3459,2,BMI,F,123,P75,75.0,18.328
3460,2,BMI,F,123,P85,85.0,19.334
3461,2,BMI,F,123,P90,90.0,20.097
3462,2,BMI,F,123,P95,95.0,21.379
3463,2,BMI,F,123,P97,97.0,22.328
3464,2,BMI,F,123,P99,99.0,24.444
3465,2,BMI,F,123,P999,99.9,29.581
3466,2,BMI,F,124,P01,0.1,12.396
3467,2,BMI,F,124,P1,1.0,13.208
3468,2,BMI,F,124,P3,3.0,13.747
3469,2,BMI,F,124,P5,5.0,14.055
3470,2,BMI,F,124,P10,10.0,14.566
3471,2,BMI,F,124,P15,15.0,14.937
3472,2,BMI,F,124,P25,25.0,15.53
3473,2,BMI,F,124,P50,50.0,16.81
3474,2,BMI,F,124,P75,75.0,18.389
3475,2,BMI,F,124,P85,85.0,19.401
3476,2,BMI,F,124,P90,90.0,20.17
3477,2,BMI,F,124,P95,95.0,21.462
3478,2,BMI,F,124,P97,97.0,22.418
3479,2,BMI,F,124,P99,99.0,24.553
3480,2,BMI,F,124,P999,99.9,29.742
3481,2,BMI,F,125,P01,0.1,12.424
3482,2,BMI,F,125,P1,1.0,13.24
3483,2,BMI,F,125,P3,3.0,13.782
3484,2,BMI,F,125,P5,5.0,14.092
3485,2,BMI,F,125,P10,10.0,14.604
3486,2,BMI,F,125,P15,15.0,14.977
3487,2,BMI,F,125,P25,25.0,15.574
3488,2,BMI,F,125,P50,50.0,16.861
3489,2,BMI,F,125,P75,75.0,18.45
3490,2,BMI,F,125,P85,85.0,19.469
3491,2,BMI,F,125,P90,90.0,20.244
3492,2,BMI,F,125,P95,95.0,21.545
3493,2,BMI,F,125,P97,97.0,22.509
3494,2,BMI,F,125,P99,99.0,24.661
3495,2,BMI,F,125,P999,99.9,29.901
3496,2,BMI,F,126,P01,0.1,12.452
3497,2,BMI,F,126,P1,1.0,13.272
3498,2,BMI,F,126,P3,3.0,13.817
3499,2,BMI,F,126,P5,5.0,14.128
3500,2,BMI,F,126,P10,10.0,14.644
3501,2,BMI,F,126,P15,15.0,15.019
3502,2,BMI,F,126,P25,25.0,15.619
3503,2,BMI,F,126,P50,50.0,16.914
3504,2,BMI,F,126,P75,75.0,18.512
3505,2,BMI,F,126,P85,85.0,19.538
3506,2,BMI,F,126,P90,90.0,20.318
3507,2,BMI,F,126,P95,95.0,21.629
3508,2,BMI,F,126,P97,97.0,22.601
3509,2,BMI,F,126,P99,99.0,24.77
3510,2,BMI,F,126,P999,99.9,30.06
3511,2,BMI,F,127,P01,0.1,12.481
3512,2,BMI,F,127,P1,1.0,13.305
3513,2,BMI,F,127,P3,3.0,13.852
3514,2,BMI,F,127,P5,5.0,14.165
3515,2,BMI,F,127,P10,10.0,14.684
3516,2,BMI,F,127,P15,15.0,15.061
3517,2,BMI,F,127,P25,25.0,15.664
3518,2,BMI,F,127,P50,50.0,16.967
3519,2,BMI,F,127,P75,75.0,18.575
3520,2,BMI,F,127,P85,85.0,19.608
3521,2,BMI,F,127,P90,90.0,20.394
3522,2,BMI,F,127,P95,95.0,21.714
3523,2,BMI,F,127,P97,97.0,22.693
3524,2,BMI,F,127,P99,99.0,24.88
3525,2,BMI,F,127,P999,99.9,30.219
3526,2,BMI,F,128,P01,0.1,12.511
3527,2,BMI,F,128,P1,1.0,13.339
3528,2,BMI,F,128,P3,3.0,13.889
3529,2,BMI,F,128,P5,5.0,14.204
3530,2,BMI,F,128,P10,10.0,14.724
3531,2,BMI,F,128,P15,15.0,15.104
3532,2,BMI,F,128,P25,25.0,15.71
3533,2,BMI,F,128,P50,50.0,17.021
3534,2,BMI,F,128,P75,75.0,18.64
3535,2,BMI,F,128,P85,85.0,19.679
3536,2,BMI,F,128,P90,90.0,20.47
3537,2,BMI,F,128,P95,95.0,21.8
3538,2,BMI,F,128,P97,97.0,22.786
3539,2,BMI,F,128,P99,99.0,24.991
3540,2,BMI,F,128,P999,99.9,30.377
3541,2,BMI,F,129,P01,0.1,12.54
3542,2,BMI,F,129,P1,1.0,13.373
3543,2,BMI,F,129,P3,3.0,13.926
3544,2,BMI,F,129,P5,5.0,14.242
3545,2,BMI,F,129,P10,10.0,14.766
3546,2,BMI,F,129,P15,15.0,15.147
3547,2,BMI,F,129,P25,25.0,15.758
3548,2,BMI,F,129,P50,50.0,17.076
3549,2,BMI,F,129,P75,75.0,18.705
3550,2,BMI,F,129,P85,85.0,19.751
3551,2,BMI,F,129,P90,90.0,20.547
3552,2,BMI,F,129,P95,95.0,21.887
3553,2,BMI,F,129,P97,97.0,22.88
3554,2,BMI,F,129,P99,99.0,25.102
3555,2,BMI,F,129,P999,99.9,30.534
3556,2,BMI,F,130,P01,0.1,12.571
3557,2,BMI,F,130,P1,1.0,13.408
3558,2,BMI,F,130,P3,3.0,13.964
3559,2,BMI,F,130,P5,5.0,14.282
3560,2,BMI,F,130,P10,10.0,14.809
3561,2,BMI,F,130,P15,15.0,15.192
3562,2,BMI,F,130,P25,25.0,15.806
3563,2,BMI,F,130,P50,50.0,17.132
3564,2,BMI,F,130,P75,75.0,18.771
3565,2,BMI,F,130,P85,85.0,19.824
3566,2,BMI,F,130,P90,90.0,20.626
3567,2,BMI,F,130,P95,95.0,21.974
3568,2,BMI,F,130,P97,97.0,22.975
3569,2,BMI,F,130,P99,99.0,25.213
3570,2,BMI,F,130,P999,99.9,30.69
3571,2,BMI,F,131,P01,0.1,12.602
3572,2,BMI,F,131,P1,1.0,13.444
3573,2,BMI,F,131,P3,3.0,14.002
3574,2,BMI,F,131,P5,5.0,14.322
3575,2,BMI,F,131,P10,10.0,14.852
3576,2,BMI,F,131,P15,15.0,15.237
3577,2,BMI,F,131,P25,25.0,15.854
3578,2,BMI,F,131,P50,50.0,17.188
3579,2,BMI,F,131,P75,75.0,18.838
3580,2,BMI,F,131,P85,85.0,19.898
3581,2,BMI,F,131,P90,90.0,20.705
3582,2,BMI,F,131,P95,95.0,22.063
3583,2,BMI,F,131,P97,97.0,23.07
3584,2,BMI,F,131,P99,99.0,25.325
3585,2,BMI,F,131,P999,99.9,30.845
3586,2,BMI,F,132,P01,0.1,12.634
3587,2,BMI,F,132,P1,1.0,13.48
3588,2,BMI,F,132,P3,3.0,14.041
3589,2,BMI,F,132,P5,5.0,14.363
3590,2,BMI,F,132,P10,10.0,14.896
3591,2,BMI,F,132,P15,15.0,15.283
3592,2,BMI,F,132,P25,25.0,15.904
3593,2,BMI,F,132,P50,50.0,17.246
3594,2,BMI,F,132,P75,75.0,18.906
3595,2,BMI,F,132,P85,85.0,19.973
3596,2,BMI,F,132,P90,90.0,20.785
3597,2,BMI,F,132,P95,95.0,22.152
3598,2,BMI,F,132,P97,97.0,23.167
3599,2,BMI,F,132,P99,99.0,25.438
3600,2,BMI,F,132,P999,99.9,31.002
3601,2,BMI,F,133,P01,0.1,12.666
3602,2,BMI,F,133,P1,1.0,13.516
3603,2,BMI,F,133,P3,3.0,14.081
3604,2,BMI,F,133,P5,5.0,14.405
3605,2,BMI,F,133,P10,10.0,14.94
3606,2,BMI,F,133,P15,15.0,15.33
3607,2,BMI,F,133,P25,25.0,15.955
3608,2,BMI,F,133,P50,50.0,17.304
3609,2,BMI,F,133,P75,75.0,18.974
3610,2,BMI,F,133,P85,85.0,20.048
3611,2,BMI,F,133,P90,90.0,20.866
3612,2,BMI,F,133,P95,95.0,22.242
3613,2,BMI,F,133,P97,97.0,23.264
3614,2,BMI,F,133,P99,99.0,25.55
3615,2,BMI,F,133,P999,99.9,31.155
3616,2,BMI,F,134,P01,0.1,12.699
3617,2,BMI,F,134,P1,1.0,13.554
3618,2,BMI,F,134,P3,3.0,14.122
3619,2,BMI,F,134,P5,5.0,14.447
3620,2,BMI,F,134,P10,10.0,14.986
3621,2,BMI,F,134,P15,15.0,15.378
3622,2,BMI,F,134,P25,25.0,16.006
3623,2,BMI,F,134,P50,50.0,17.364
3624,2,BMI,F,134,P75,75.0,19.044
3625,2,BMI,F,134,P85,85.0,20.125
3626,2,BMI,F,134,P90,90.0,20.948
3627,2,BMI,F,134,P95,95.0,22.333
3628,2,BMI,F,134,P97,97.0,23.361
3629,2,BMI,F,134,P99,99.0,25.664
3630,2,BMI,F,134,P999,99.9,31.309
3631,2,BMI,F,135,P01,0.1,12.732
3632,2,BMI,F,135,P1,1.0,13.592
3633,2,BMI,F,135,P3,3.0,14.163
3634,2,BMI,F,135,P5,5.0,14.49
3635,2,BMI,F,135,P10,10.0,15.032
3636,2,BMI,F,135,P15,15.0,15.426
3637,2,BMI,F,135,P25,25.0,16.058
3638,2,BMI,F,135,P50,50.0,17.424
3639,2,BMI,F,135,P75,75.0,19.114
3640,2,BMI,F,135,P85,85.0,20.202
3641,2,BMI,F,135,P90,90.0,21.03
3642,2,BMI,F,135,P95,95.0,22.424
3643,2,BMI,F,135,P97,97.0,23.459
3644,2,BMI,F,135,P99,99.0,25.777
3645,2,BMI,F,135,P999,99.9,31.46
3646,2,BMI,F,136,P01,0.1,12.766
3647,2,BMI,F,136,P1,1.0,13.63
3648,2,BMI,F,136,P3,3.0,14.205
3649,2,BMI,F,136,P5,5.0,14.533
3650,2,BMI,F,136,P10,10.0,15.078
3651,2,BMI,F,136,P15,15.0,15.475
3652,2,BMI,F,136,P25,25.0,16.11
3653,2,BMI,F,136,P50,50.0,17.485
3654,2,BMI,F,136,P75,75.0,19.186
3655,2,BMI,F,136,P85,85.0,20.28
3656,2,BMI,F,136,P90,90.0,21.113
3657,2,BMI,F,136,P95,95.0,22.516
3658,2,BMI,F,136,P97,97.0,23.558
3659,2,BMI,F,136,P99,99.0,25.891
3660,2,BMI,F,136,P999,99.9,31.612
3661,2,BMI,F,137,P01,0.1,12.801
3662,2,BMI,F,137,P1,1.0,13.669
3663,2,BMI,F,137,P3,3.0,14.247
3664,2,BMI,F,137,P5,5.0,14.578
3665,2,BMI,F,137,P10,10.0,15.126
3666,2,BMI,F,137,P15,15.0,15.525
3667,2,BMI,F,137,P25,25.0,16.164
3668,2,BMI,F,137,P50,50.0,17.546
3669,2,BMI,F,137,P75,75.0,19.258
3670,2,BMI,F,137,P85,85.0,20.359
3671,2,BMI,F,137,P90,90.0,21.197
3672,2,BMI,F,137,P95,95.0,22.609
3673,2,BMI,F,137,P97,97.0,23.658
3674,2,BMI,F,137,P99,99.0,26.005
3675,2,BMI,F,137,P999,99.9,31.761
3676,2,BMI,F,138,P01,0.1,12.835
3677,2,BMI,F,138,P1,1.0,13.709
3678,2,BMI,F,138,P3,3.0,14.29
3679,2,BMI,F,138,P5,5.0,14.623
3680,2,BMI,F,138,P10,10.0,15.174
3681,2,BMI,F,138,P15,15.0,15.575
3682,2,BMI,F,138,P25,25.0,16.218
3683,2,BMI,F,138,P50,50.0,17.609
3684,2,BMI,F,138,P75,75.0,19.331
3685,2,BMI,F,138,P85,85.0,20.439
3686,2,BMI,F,138,P90,90.0,21.282
3687,2,BMI,F,138,P95,95.0,22.703
3688,2,BMI,F,138,P97,97.0,23.758
3689,2,BMI,F,138,P99,99.0,26.12
3690,2,BMI,F,138,P999,99.9,31.91
3691,2,BMI,F,139,P01,0.1,12.87
3692,2,BMI,F,139,P1,1.0,13.749
3693,2,BMI,F,139,P3,3.0,14.333
3694,2,BMI,F,139,P5,5.0,14.668
3695,2,BMI,F,139,P10,10.0,15.222
3696,2,BMI,F,139,P15,15.0,15.626
3697,2,BMI,F,139,P25,25.0,16.273
3698,2,BMI,F,139,P50,50.0,17.672
3699,2,BMI,F,139,P75,75.0,19.404
3700,2,BMI,F,139,P85,85.0,20.519
3701,2,BMI,F,139,P90,90.0,21.368
3702,2,BMI,F,139,P95,95.0,22.797
3703,2,BMI,F,139,P97,97.0,23.858
3704,2,BMI,F,139,P99,99.0,26.235
3705,2,BMI,F,139,P999,99.9,32.06
3706,2,BMI,F,140,P01,0.1,12.906
3707,2,BMI,F,140,P1,1.0,13.79
3708,2,BMI,F,140,P3,3.0,14.377
3709,2,BMI,F,140,P5,5.0,14.714
3710,2,BMI,F,140,P10,10.0,15.271
3711,2,BMI,F,140,P15,15.0,15.678
3712,2,BMI,F,140,P25,25.0,16.328
3713,2,BMI,F,140,P50,50.0,17.736
3714,2,BMI,F,140,P75,75.0,19.478
3715,2,BMI,F,140,P85,85.0,20.6
3716,2,BMI,F,140,P90,90.0,21.454
3717,2,BMI,F,140,P95,95.0,22.892
3718,2,BMI,F,140,P97,97.0,23.959
3719,2,BMI,F,140,P99,99.0,26.35
3720,2,BMI,F,140,P999,99.9,32.206
3721,2,BMI,F,141,P01,0.1,12.942
3722,2,BMI,F,141,P1,1.0,13.831
3723,2,BMI,F,141,P3,3.0,14.422
3724,2,BMI,F,141,P5,5.0,14.76
3725,2,BMI,F,141,P10,10.0,15.321
3726,2,BMI,F,141,P15,15.0,15.73
3727,2,BMI,F,141,P25,25.0,16.384
3728,2,BMI,F,141,P50,50.0,17.8
3729,2,BMI,F,141,P75,75.0,19.553
3730,2,BMI,F,141,P85,85.0,20.682
3731,2,BMI,F,141,P90,90.0,21.54
3732,2,BMI,F,141,P95,95.0,22.987
3733,2,BMI,F,141,P97,97.0,24.061
3734,2,BMI,F,141,P99,99.0,26.465
3735,2,BMI,F,141,P999,99.9,32.353
3736,2,BMI,F,142,P01,0.1,12.978
3737,2,BMI,F,142,P1,1.0,13.872
3738,2,BMI,F,142,P3,3.0,14.467
3739,2,BMI,F,142,P5,5.0,14.807
3740,2,BMI,F,142,P10,10.0,15.371
3741,2,BMI,F,142,P15,15.0,15.782
3742,2,BMI,F,142,P25,25.0,16.441
3743,2,BMI,F,142,P50,50.0,17.865
3744,2,BMI,F,142,P75,75.0,19.629
3745,2,BMI,F,142,P85,85.0,20.764
3746,2,BMI,F,142,P90,90.0,21.628
3747,2,BMI,F,142,P95,95.0,23.082
3748,2,BMI,F,142,P97,97.0,24.162
3749,2,BMI,F,142,P99,99.0,26.579
3750,2,BMI,F,142,P999,99.9,32.496
3751,2,BMI,F,143,P01,0.1,13.015
3752,2,BMI,F,143,P1,1.0,13.914
3753,2,BMI,F,143,P3,3.0,14.512
3754,2,BMI,F,143,P5,5.0,14.855
3755,2,BMI,F,143,P10,10.0,15.422
3756,2,BMI,F,143,P15,15.0,15.836
3757,2,BMI,F,143,P25,25.0,16.498
3758,2,BMI,F,143,P50,50.0,17.931
3759,2,BMI,F,143,P75,75.0,19.705
3760,2,BMI,F,143,P85,85.0,20.846
3761,2,BMI,F,143,P90,90.0,21.715
3762,2,BMI,F,143,P95,95.0,23.178
3763,2,BMI,F,143,P97,97.0,24.264
3764,2,BMI,F,143,P99,99.0,26.694
3765,2,BMI,F,143,P999,99.9,32.638
3766,2,BMI,F,144,P01,0.1,13.052
3767,2,BMI,F,144,P1,1.0,13.956
3768,2,BMI,F,144,P3,3.0,14.558
3769,2,BMI,F,144,P5,5.0,14.902
3770,2,BMI,F,144,P10,10.0,15.473
3771,2,BMI,F,144,P15,15.0,15.889
3772,2,BMI,F,144,P25,25.0,16.555
3773,2,BMI,F,144,P50,50.0,17.997
3774,2,BMI,F,144,P75,75.0,19.781
3775,2,BMI,F,144,P85,85.0,20.929
3776,2,BMI,F,144,P90,90.0,21.803
3777,2,BMI,F,144,P95,95.0,23.275
3778,2,BMI,F,144,P97,97.0,24.366
3779,2,BMI,F,144,P99,99.0,26.809
3780,2,BMI,F,144,P999,99.9,32.781
3781,2,BMI,F,145,P01,0.1,13.089
3782,2,BMI,F,145,P1,1.0,13.999
3783,2,BMI,F,145,P3,3.0,14.604
3784,2,BMI,F,145,P5,5.0,14.95
3785,2,BMI,F,145,P10,10.0,15.524
3786,2,BMI,F,145,P15,15.0,15.943
3787,2,BMI,F,145,P25,25.0,16.613
3788,2,BMI,F,145,P50,50.0,18.063
3789,2,BMI,F,145,P75,75.0,19.858
3790,2,BMI,F,145,P85,85.0,21.013
3791,2,BMI,F,145,P90,90.0,21.892
3792,2,BMI,F,145,P95,95.0,23.371
3793,2,BMI,F,145,P97,97.0,24.469
3794,2,BMI,F,145,P99,99.0,26.924
3795,2,BMI,F,145,P999,99.9,32.922
3796,2,BMI,F,146,P01,0.1,13.126
3797,2,BMI,F,146,P1,1.0,14.041
3798,2,BMI,F,146,P3,3.0,14.65
3799,2,BMI,F,146,P5,5.0,14.999
3800,2,BMI,F,146,P10,10.0,15.576
3801,2,BMI,F,146,P15,15.0,15.997
3802,2,BMI,F,146,P25,25.0,16.671
3803,2,BMI,F,146,P50,50.0,18.13
3804,2,BMI,F,146,P75,75.0,19.935
3805,2,BMI,F,146,P85,85.0,21.096
3806,2,BMI,F,146,P90,90.0,21.98
3807,2,BMI,F,146,P95,95.0,23.467
3808,2,BMI,F,146,P97,97.0,24.571
3809,2,BMI,F,146,P99,99.0,27.038
3810,2,BMI,F,146,P999,99.9,33.059
3811,2,BMI,F,147,P01,0.1,13.164
3812,2,BMI,F,147,P1,1.0,14.084
3813,2,BMI,F,147,P3,3.0,14.696
3814,2,BMI,F,147,P5,5.0,15.047
3815,2,BMI,F,147,P10,10.0,15.628
3816,2,BMI,F,147,P15,15.0,16.052
3817,2,BMI,F,147,P25,25.0,16.73
3818,2,BMI,F,147,P50,50.0,18.197
3819,2,BMI,F,147,P75,75.0,20.012
3820,2,BMI,F,147,P85,85.0,21.18
3821,2,BMI,F,147,P90,90.0,22.069
3822,2,BMI,F,147,P95,95.0,23.564
3823,2,BMI,F,147,P97,97.0,24.673
3824,2,BMI,F,147,P99,99.0,27.152
3825,2,BMI,F,147,P999,99.9,33.196
3826,2,BMI,F,148,P01,0.1,13.201
3827,2,BMI,F,148,P1,1.0,14.127
3828,2,BMI,F,148,P3,3.0,14.743
3829,2,BMI,F,148,P5,5.0,15.096
3830,2,BMI,F,148,P10,10.0,15.68
3831,2,BMI,F,148,P15,15.0,16.106
3832,2,BMI,F,148,P25,25.0,16.788
3833,2,BMI,F,148,P50,50.0,18.264
3834,2,BMI,F,148,P75,75.0,20.09
3835,2,BMI,F,148,P85,85.0,21.264
3836,2,BMI,F,148,P90,90.0,22.157
3837,2,BMI,F,148,P95,95.0,23.66
3838,2,BMI,F,148,P97,97.0,24.775
3839,2,BMI,F,148,P99,99.0,27.265
3840,2,BMI,F,148,P999,99.9,33.33
3841,2,BMI,F,149,P01,0.1,13.239
3842,2,BMI,F,149,P1,1.0,14.17
3843,2,BMI,F,149,P3,3.0,14.79
3844,2,BMI,F,149,P5,5.0,15.145
3845,2,BMI,F,149,P10,10.0,15.733
3846,2,BMI,F,149,P15,15.0,16.161
3847,2,BMI,F,149,P25,25.0,16.847
3848,2,BMI,F,149,P50,50.0,18.331
3849,2,BMI,F,149,P75,75.0,20.167
3850,2,BMI,F,149,P85,85.0,21.348
3851,2,BMI,F,149,P90,90.0,22.246
3852,2,BMI,F,149,P95,95.0,23.756
3853,2,BMI,F,149,P97,97.0,24.876
3854,2,BMI,F,149,P99,99.0,27.378
3855,2,BMI,F,149,P999,99.9,33.463
3856,2,BMI,F,150,P01,0.1,13.276
3857,2,BMI,F,150,P1,1.0,14.213
3858,2,BMI,F,150,P3,3.0,14.836
3859,2,BMI,F,150,P5,5.0,15.193
3860,2,BMI,F,150,P10,10.0,15.785
3861,2,BMI,F,150,P15,15.0,16.216
3862,2,BMI,F,150,P25,25.0,16.906
3863,2,BMI,F,150,P50,50.0,18.399
3864,2,BMI,F,150,P75,75.0,20.245
3865,2,BMI,F,150,P85,85.0,21.432
3866,2,BMI,F,150,P90,90.0,22.335
3867,2,BMI,F,150,P95,95.0,23.853
3868,2,BMI,F,150,P97,97.0,24.978
3869,2,BMI,F,150,P99,99.0,27.49
3870,2,BMI,F,150,P999,99.9,33.594
3871,2,BMI,F,151,P01,0.1,13.314
3872,2,BMI,F,151,P1,1.0,14.256
3873,2,BMI,F,151,P3,3.0,14.883
3874,2,BMI,F,151,P5,5.0,15.242
3875,2,BMI,F,151,P10,10.0,15.837
3876,2,BMI,F,151,P15,15.0,16.271
3877,2,BMI,F,151,P25,25.0,16.965
3878,2,BMI,F,151,P50,50.0,18.466
3879,2,BMI,F,151,P75,75.0,20.323
3880,2,BMI,F,151,P85,85.0,21.516
3881,2,BMI,F,151,P90,90.0,22.423
3882,2,BMI,F,151,P95,95.0,23.948
3883,2,BMI,F,151,P97,97.0,25.079
3884,2,BMI,F,151,P99,99.0,27.601
3885,2,BMI,F,151,P999,99.9,33.723
3886,2,BMI,F,152,P01,0.1,13.351
3887,2,BMI,F,152,P1,1.0,14.299
3888,2,BMI,F,152,P3,3.0,14.93
3889,2,BMI,F,152,P5,5.0,15.291
3890,2,BMI,F,152,P10,10.0,15.889
3891,2,BMI,F,152,P15,15.0,16.325
3892,2,BMI,F,152,P25,25.0,17.024
3893,2,BMI,F,152,P50,50.0,18.533
3894,2,BMI,F,152,P75,75.0,20.4
3895,2,BMI,F,152,P85,85.0,21.6
3896,2,BMI,F,152,P90,90.0,22.511
3897,2,BMI,F,152,P95,95.0,24.044
3898,2,BMI,F,152,P97,97.0,25.179
3899,2,BMI,F,152,P99,99.0,27.712
3900,2,BMI,F,152,P999,99.9,33.85
3901,2,BMI,F,153,P01,0.1,13.389
3902,2,BMI,F,153,P1,1.0,14.342
3903,2,BMI,F,153,P3,3.0,14.976
3904,2,BMI,F,153,P5,5.0,15.34
3905,2,BMI,F,153,P10,10.0,15.942
3906,2,BMI,F,153,P15,15.0,16.38
3907,2,BMI,F,153,P25,25.0,17.082
3908,2,BMI,F,153,P50,50.0,18.601
3909,2,BMI,F,153,P75,75.0,20.477
3910,2,BMI,F,153,P85,85.0,21.683
3911,2,BMI,F,153,P90,90.0,22.599
3912,2,BMI,F,153,P95,95.0,24.139
3913,2,BMI,F,153,P97,97.0,25.279
3914,2,BMI,F,153,P99,99.0,27.821
3915,2,BMI,F,153,P999,99.9,33.974
3916,2,BMI,F,154,P01,0.1,13.426
3917,2,BMI,F,154,P1,1.0,14.385
3918,2,BMI,F,154,P3,3.0,15.023
3919,2,BMI,F,154,P5,5.0,15.388
3920,2,BMI,F,154,P10,10.0,15.994
3921,2,BMI,F,154,P15,15.0,16.435
3922,2,BMI,F,154,P25,25.0,17.141
3923,2,BMI,F,154,P50,50.0,18.668
3924,2,BMI,F,154,P75,75.0,20.555
3925,2,BMI,F,154,P85,85.0,21.766
3926,2,BMI,F,154,P90,90.0,22.687
3927,2,BMI,F,154,P95,95.0,24.233
3928,2,BMI,F,154,P97,97.0,25.378
3929,2,BMI,F,154,P99,99.0,27.929
3930,2,BMI,F,154,P999,99.9,34.097
3931,2,BMI,F,155,P01,0.1,13.463
3932,2,BMI,F,155,P1,1.0,14.428
3933,2,BMI,F,155,P3,3.0,15.069
3934,2,BMI,F,155,P5,5.0,15.437
3935,2,BMI,F,155,P10,10.0,16.046
3936,2,BMI,F,155,P15,15.0,16.489
3937,2,BMI,F,155,P25,25.0,17.2
3938,2,BMI,F,155,P50,50.0,18.735
3939,2,BMI,F,155,P75,75.0,20.631
3940,2,BMI,F,155,P85,85.0,21.849
3941,2,BMI,F,155,P90,90.0,22.774
3942,2,BMI,F,155,P95,95.0,24.327
3943,2,BMI,F,155,P97,97.0,25.477
3944,2,BMI,F,155,P99,99.0,28.036
3945,2,BMI,F,155,P999,99.9,34.216
3946,2,BMI,F,156,P01,0.1,13.499
3947,2,BMI,F,156,P1,1.0,14.47
3948,2,BMI,F,156,P3,3.0,15.115
3949,2,BMI,F,156,P5,5.0,15.485
3950,2,BMI,F,156,P10,10.0,16.097
3951,2,BMI,F,156,P15,15.0,16.544
3952,2,BMI,F,156,P25,25.0,17.258
3953,2,BMI,F,156,P50,50.0,18.801
3954,2,BMI,F,156,P75,75.0,20.708
3955,2,BMI,F,156,P85,85.0,21.931
3956,2,BMI,F,156,P90,90.0,22.86
3957,2,BMI,F,156,P95,95.0,24.42
3958,2,BMI,F,156,P97,97.0,25.574
3959,2,BMI,F,156,P99,99.0,28.143
3960,2,BMI,F,156,P999,99.9,34.333
3961,2,BMI,F,157,P01,0.1,13.536
3962,2,BMI,F,157,P1,1.0,14.512
3963,2,BMI,F,157,P3,3.0,15.161
3964,2,BMI,F,157,P5,5.0,15.533
3965,2,BMI,F,157,P10,10.0,16.149
3966,2,BMI,F,157,P15,15.0,16.598
3967,2,BMI,F,157,P25,25.0,17.316
3968,2,BMI,F,157,P50,50.0,18.868
3969,2,BMI,F,157,P75,75.0,20.784
3970,2,BMI,F,157,P85,85.0,22.013
3971,2,BMI,F,157,P90,90.0,22.946
3972,2,BMI,F,157,P95,95.0,24.513
3973,2,BMI,F,157,P97,97.0,25.671
3974,2,BMI,F,157,P99,99.0,28.248
3975,2,BMI,F,157,P999,99.9,34.449
3976,2,BMI,F,158,P01,0.1,13.572
3977,2,BMI,F,158,P1,1.0,14.554
3978,2,BMI,F,158,P3,3.0,15.207
3979,2,BMI,F,158,P5,5.0,15.581
3980,2,BMI,F,158,P10,10.0,16.2
3981,2,BMI,F,158,P15,15.0,16.651
3982,2,BMI,F,158,P25,25.0,17.373
3983,2,BMI,F,158,P50,50.0,18.934
3984,2,BMI,F,158,P75,75.0,20.859
3985,2,BMI,F,158,P85,85.0,22.094
3986,2,BMI,F,158,P90,90.0,23.032
3987,2,BMI,F,158,P95,95.0,24.605
3988,2,BMI,F,158,P97,97.0,25.767
3989,2,BMI,F,158,P99,99.0,28.352
3990,2,BMI,F,158,P999,99.9,34.561
3991,2,BMI,F,159,P01,0.1,13.608
3992,2,BMI,F,159,P1,1.0,14.595
3993,2,BMI,F,159,P3,3.0,15.252
3994,2,BMI,F,159,P5,5.0,15.628
3995,2,BMI,F,159,P10,10.0,16.251
3996,2,BMI,F,159,P15,15.0,16.705
3997,2,BMI,F,159,P25,25.0,17.431
3998,2,BMI,F,159,P50,50.0,18.999
3999,2,BMI,F,159,P75,75.0,20.934
4000,2,BMI,F,159,P85,85.0,22.175
4001,2,BMI,F,159,P90,90.0,23.116
4002,2,BMI,F,159,P95,95.0,24.695
4003,2,BMI,F,159,P97,97.0,25.862
4004,2,BMI,F,159,P99,99.0,28.454
4005,2,BMI,F,159,P999,99.9,34.67
4006,2,BMI,F,160,P01,0.1,13.643
4007,2,BMI,F,160,P1,1.0,14.636
4008,2,BMI,F,160,P3,3.0,15.297
4009,2,BMI,F,160,P5,5.0,15.675
4010,2,BMI,F,160,P10,10.0,16.301
4011,2,BMI,F,160,P15,15.0,16.758
4012,2,BMI,F,160,P25,25.0,17.488
4013,2,BMI,F,160,P50,50.0,19.064
4014,2,BMI,F,160,P75,75.0,21.009
4015,2,BMI,F,160,P85,85.0,22.255
4016,2,BMI,F,160,P90,90.0,23.201
4017,2,BMI,F,160,P95,95.0,24.786
4018,2,BMI,F,160,P97,97.0,25.956
4019,2,BMI,F,160,P99,99.0,28.556
4020,2,BMI,F,160,P999,99.9,34.779
4021,2,BMI,F,161,P01,0.1,13.678
4022,2,BMI,F,161,P1,1.0,14.677
4023,2,BMI,F,161,P3,3.0,15.341
4024,2,BMI,F,161,P5,5.0,15.722
4025,2,BMI,F,161,P10,10.0,16.351
4026,2,BMI,F,161,P15,15.0,16.81
4027,2,BMI,F,161,P25,25.0,17.544
4028,2,BMI,F,161,P50,50.0,19.129
4029,2,BMI,F,161,P75,75.0,21.083
4030,2,BMI,F,161,P85,85.0,22.335
4031,2,BMI,F,161,P90,90.0,23.284
4032,2,BMI,F,161,P95,95.0,24.875
4033,2,BMI,F,161,P97,97.0,26.05
4034,2,BMI,F,161,P99,99.0,28.655
4035,2,BMI,F,161,P999,99.9,34.884
4036,2,BMI,F,162,P01,0.1,13.713
4037,2,BMI,F,162,P1,1.0,14.718
4038,2,BMI,F,162,P3,3.0,15.386
4039,2,BMI,F,162,P5,5.0,15.768
4040,2,BMI,F,162,P10,10.0,16.401
4041,2,BMI,F,162,P15,15.0,16.862
4042,2,BMI,F,162,P25,25.0,17.6
4043,2,BMI,F,162,P50,50.0,19.193
4044,2,BMI,F,162,P75,75.0,21.156
4045,2,BMI,F,162,P85,85.0,22.413
4046,2,BMI,F,162,P90,90.0,23.367
4047,2,BMI,F,162,P95,95.0,24.963
4048,2,BMI,F,162,P97,97.0,26.141
4049,2,BMI,F,162,P99,99.0,28.753
4050,2,BMI,F,162,P999,99.9,34.986
4051,2,BMI,F,163,P01,0.1,13.748
4052,2,BMI,F,163,P1,1.0,14.758
4053,2,BMI,F,163,P3,3.0,15.429
4054,2,BMI,F,163,P5,5.0,15.814
4055,2,BMI,F,163,P10,10.0,16.451
4056,2,BMI,F,163,P15,15.0,16.914
4057,2,BMI,F,163,P25,25.0,17.656
4058,2,BMI,F,163,P50,50.0,19.257
4059,2,BMI,F,163,P75,75.0,21.229
4060,2,BMI,F,163,P85,85.0,22.491
4061,2,BMI,F,163,P90,90.0,23.448
4062,2,BMI,F,163,P95,95.0,25.05
4063,2,BMI,F,163,P97,97.0,26.232
4064,2,BMI,F,163,P99,99.0,28.85
4065,2,BMI,F,163,P999,99.9,35.086
4066,2,BMI,F,164,P01,0.1,13.781
4067,2,BMI,F,164,P1,1.0,14.797
4068,2,BMI,F,164,P3,3.0,15.472
4069,2,BMI,F,164,P5,5.0,15.859
4070,2,BMI,F,164,P10,10.0,16.499
4071,2,BMI,F,164,P15,15.0,16.965
4072,2,BMI,F,164,P25,25.0,17.711
4073,2,BMI,F,164,P50,50.0,19.32
4074,2,BMI,F,164,P75,75.0,21.301
4075,2,BMI,F,164,P85,85.0,22.569
4076,2,BMI,F,164,P90,90.0,23.529
4077,2,BMI,F,164,P95,95.0,25.137
4078,2,BMI,F,164,P97,97.0,26.322
4079,2,BMI,F,164,P99,99.0,28.946
4080,2,BMI,F,164,P999,99.9,35.185
4081,2,BMI,F,165,P01,0.1,13.815
4082,2,BMI,F,165,P1,1.0,14.836
4083,2,BMI,F,165,P3,3.0,15.515
4084,2,BMI,F,165,P5,5.0,15.904
4085,2,BMI,F,165,P10,10.0,16.547
4086,2,BMI,F,165,P15,15.0,17.016
4087,2,BMI,F,165,P25,25.0,17.765
4088,2,BMI,F,165,P50,50.0,19.382
4089,2,BMI,F,165,P75,75.0,21.372
4090,2,BMI,F,165,P85,85.0,22.645
4091,2,BMI,F,165,P90,90.0,23.609
4092,2,BMI,F,165,P95,95.0,25.222
4093,2,BMI,F,165,P97,97.0,26.41
4094,2,BMI,F,165,P99,99.0,29.039
4095,2,BMI,F,165,P999,99.9,35.279
4096,2,BMI,F,166,P01,0.1,13.848
4097,2,BMI,F,166,P1,1.0,14.875
4098,2,BMI,F,166,P3,3.0,15.557
4099,2,BMI,F,166,P5,5.0,15.948
4100,2,BMI,F,166,P10,10.0,16.595
4101,2,BMI,F,166,P15,15.0,17.066
4102,2,BMI,F,166,P25,25.0,17.819
4103,2,BMI,F,166,P50,50.0,19.444
4104,2,BMI,F,166,P75,75.0,21.443
4105,2,BMI,F,166,P85,85.0,22.72
4106,2,BMI,F,166,P90,90.0,23.688
4107,2,BMI,F,166,P95,95.0,25.306
4108,2,BMI,F,166,P97,97.0,26.497
4109,2,BMI,F,166,P99,99.0,29.132
4110,2,BMI,F,166,P999,99.9,35.373
4111,2,BMI,F,167,P01,0.1,13.88
4112,2,BMI,F,167,P1,1.0,14.913
4113,2,BMI,F,167,P3,3.0,15.599
4114,2,BMI,F,167,P5,5.0,15.992
4115,2,BMI,F,167,P10,10.0,16.642
4116,2,BMI,F,167,P15,15.0,17.115
4117,2,BMI,F,167,P25,25.0,17.872
4118,2,BMI,F,167,P50,50.0,19.504
4119,2,BMI,F,167,P75,75.0,21.512
4120,2,BMI,F,167,P85,85.0,22.795
4121,2,BMI,F,167,P90,90.0,23.765
4122,2,BMI,F,167,P95,95.0,25.388
4123,2,BMI,F,167,P97,97.0,26.583
4124,2,BMI,F,167,P99,99.0,29.222
4125,2,BMI,F,167,P999,99.9,35.461
4126,2,BMI,F,168,P01,0.1,13.912
4127,2,BMI,F,168,P1,1.0,14.95
4128,2,BMI,F,168,P3,3.0,15.64
4129,2,BMI,F,168,P5,5.0,16.035
4130,2,BMI,F,168,P10,10.0,16.688
4131,2,BMI,F,168,P15,15.0,17.164
4132,2,BMI,F,168,P25,25.0,17.925
4133,2,BMI,F,168,P50,50.0,19.565
4134,2,BMI,F,168,P75,75.0,21.581
4135,2,BMI,F,168,P85,85.0,22.868
4136,2,BMI,F,168,P90,90.0,23.842
4137,2,BMI,F,168,P95,95.0,25.47
4138,2,BMI,F,168,P97,97.0,26.667
4139,2,BMI,F,168,P99,99.0,29.311
4140,2,BMI,F,168,P999,99.9,35.549
4141,2,BMI,F,169,P01,0.1,13.943
4142,2,BMI,F,169,P1,1.0,14.987
4143,2,BMI,F,169,P3,3.0,15.68
4144,2,BMI,F,169,P5,5.0,16.077
4145,2,BMI,F,169,P10,10.0,16.734
4146,2,BMI,F,169,P15,15.0,17.212
4147,2,BMI,F,169,P25,25.0,17.977
4148,2,BMI,F,169,P50,50.0,19.624
4149,2,BMI,F,169,P75,75.0,21.648
4150,2,BMI,F,169,P85,85.0,22.94
4151,2,BMI,F,169,P90,90.0,23.918
4152,2,BMI,F,169,P95,95.0,25.55
4153,2,BMI,F,169,P97,97.0,26.75
4154,2,BMI,F,169,P99,99.0,29.398
4155,2,BMI,F,169,P999,99.9,35.634
4156,2,BMI,F,170,P01,0.1,13.973
4157,2,BMI,F,170,P1,1.0,15.023
4158,2,BMI,F,170,P3,3.0,15.72
4159,2,BMI,F,170,P5,5.0,16.119
4160,2,BMI,F,170,P10,10.0,16.779
4161,2,BMI,F,170,P15,15.0,17.259
4162,2,BMI,F,170,P25,25.0,18.028
4163,2,BMI,F,170,P50,50.0,19.682
4164,2,BMI,F,170,P75,75.0,21.715
4165,2,BMI,F,170,P85,85.0,23.012
4166,2,BMI,F,170,P90,90.0,23.992
4167,2,BMI,F,170,P95,95.0,25.629
4168,2,BMI,F,170,P97,97.0,26.832
4169,2,BMI,F,170,P99,99.0,29.484
4170,2,BMI,F,170,P999,99.9,35.719
4171,2,BMI,F,171,P01,0.1,14.003
4172,2,BMI,F,171,P1,1.0,15.058
4173,2,BMI,F,171,P3,3.0,15.759
4174,2,BMI,F,171,P5,5.0,16.16
4175,2,BMI,F,171,P10,10.0,16.823
4176,2,BMI,F,171,P15,15.0,17.306
4177,2,BMI,F,171,P25,25.0,18.078
4178,2,BMI,F,171,P50,50.0,19.74
4179,2,BMI,F,171,P75,75.0,21.781
4180,2,BMI,F,171,P85,85.0,23.082
4181,2,BMI,F,171,P90,90.0,24.065
4182,2,BMI,F,171,P95,95.0,25.707
4183,2,BMI,F,171,P97,97.0,26.912
4184,2,BMI,F,171,P99,99.0,29.568
4185,2,BMI,F,171,P999,99.9,35.799
4186,2,BMI,F,172,P01,0.1,14.033
4187,2,BMI,F,172,P1,1.0,15.093
4188,2,BMI,F,172,P3,3.0,15.797
4189,2,BMI,F,172,P5,5.0,16.2
4190,2,BMI,F,172,P10,10.0,16.867
4191,2,BMI,F,172,P15,15.0,17.352
4192,2,BMI,F,172,P25,25.0,18.127
4193,2,BMI,F,172,P50,50.0,19.797
4194,2,BMI,F,172,P75,75.0,21.845
4195,2,BMI,F,172,P85,85.0,23.151
4196,2,BMI,F,172,P90,90.0,24.137
4197,2,BMI,F,172,P95,95.0,25.783
4198,2,BMI,F,172,P97,97.0,26.991
4199,2,BMI,F,172,P99,99.0,29.65
4200,2,BMI,F,172,P999,99.9,35.877
4201,2,BMI,F,173,P01,0.1,14.061
4202,2,BMI,F,173,P1,1.0,15.127
4203,2,BMI,F,173,P3,3.0,15.834
4204,2,BMI,F,173,P5,5.0,16.239
4205,2,BMI,F,173,P10,10.0,16.909
4206,2,BMI,F,173,P15,15.0,17.397
4207,2,BMI,F,173,P25,25.0,18.176
4208,2,BMI,F,173,P50,50.0,19.852
4209,2,BMI,F,173,P75,75.0,21.909
4210,2,BMI,F,173,P85,85.0,23.219
4211,2,BMI,F,173,P90,90.0,24.208
4212,2,BMI,F,173,P95,95.0,25.857
4213,2,BMI,F,173,P97,97.0,27.067
4214,2,BMI,F,173,P99,99.0,29.729
4215,2,BMI,F,173,P999,99.9,35.951
4216,2,BMI,F,174,P01,0.1,14.089
4217,2,BMI,F,174,P1,1.0,15.16
4218,2,BMI,F,174,P3,3.0,15.871
4219,2,BMI,F,174,P5,5.0,16.278
4220,2,BMI,F,174,P10,10.0,16.951
4221,2,BMI,F,174,P15,15.0,17.441
4222,2,BMI,F,174,P25,25.0,18.223
4223,2,BMI,F,174,P50,50.0,19.907
4224,2,BMI,F,174,P75,75.0,21.971
4225,2,BMI,F,174,P85,85.0,23.285
4226,2,BMI,F,174,P90,90.0,24.277
4227,2,BMI,F,174,P95,95.0,25.93
4228,2,BMI,F,174,P97,97.0,27.143
4229,2,BMI,F,174,P99,99.0,29.808
4230,2,BMI,F,174,P999,99.9,36.024
4231,2,BMI,F,175,P01,0.1,14.116
4232,2,BMI,F,175,P1,1.0,15.193
4233,2,BMI,F,175,P3,3.0,15.907
4234,2,BMI,F,175,P5,5.0,16.316
4235,2,BMI,F,175,P10,10.0,16.992
4236,2,BMI,F,175,P15,15.0,17.484
4237,2,BMI,F,175,P25,25.0,18.27
4238,2,BMI,F,175,P50,50.0,19.961
4239,2,BMI,F,175,P75,75.0,22.032
4240,2,BMI,F,175,P85,85.0,23.35
4241,2,BMI,F,175,P90,90.0,24.345
4242,2,BMI,F,175,P95,95.0,26.002
4243,2,BMI,F,175,P97,97.0,27.217
4244,2,BMI,F,175,P99,99.0,29.884
4245,2,BMI,F,175,P999,99.9,36.094
4246,2,BMI,F,176,P01,0.1,14.143
4247,2,BMI,F,176,P1,1.0,15.224
4248,2,BMI,F,176,P3,3.0,15.942
4249,2,BMI,F,176,P5,5.0,16.353
4250,2,BMI,F,176,P10,10.0,17.033
4251,2,BMI,F,176,P15,15.0,17.527
4252,2,BMI,F,176,P25,25.0,18.316
4253,2,BMI,F,176,P50,50.0,20.013
4254,2,BMI,F,176,P75,75.0,22.092
4255,2,BMI,F,176,P85,85.0,23.414
4256,2,BMI,F,176,P90,90.0,24.411
4257,2,BMI,F,176,P95,95.0,26.072
4258,2,BMI,F,176,P97,97.0,27.288
4259,2,BMI,F,176,P99,99.0,29.958
4260,2,BMI,F,176,P999,99.9,36.161
4261,2,BMI,F,177,P01,0.1,14.168
4262,2,BMI,F,177,P1,1.0,15.255
4263,2,BMI,F,177,P3,3.0,15.976
4264,2,BMI,F,177,P5,5.0,16.389
4265,2,BMI,F,177,P10,10.0,17.072
4266,2,BMI,F,177,P15,15.0,17.568
4267,2,BMI,F,177,P25,25.0,18.361
4268,2,BMI,F,177,P50,50.0,20.065
4269,2,BMI,F,177,P75,75.0,22.151
4270,2,BMI,F,177,P85,85.0,23.477
4271,2,BMI,F,177,P90,90.0,24.477
4272,2,BMI,F,177,P95,95.0,26.141
4273,2,BMI,F,177,P97,97.0,27.359
4274,2,BMI,F,177,P99,99.0,30.031
4275,2,BMI,F,177,P999,99.9,36.227
4276,2,BMI,F,178,P01,0.1,14.194
4277,2,BMI,F,178,P1,1.0,15.285
4278,2,BMI,F,178,P3,3.0,16.01
4279,2,BMI,F,178,P5,5.0,16.425
4280,2,BMI,F,178,P10,10.0,17.11
4281,2,BMI,F,178,P15,15.0,17.609
4282,2,BMI,F,178,P25,25.0,18.404
4283,2,BMI,F,178,P50,50.0,20.115
4284,2,BMI,F,178,P75,75.0,22.208
4285,2,BMI,F,178,P85,85.0,23.538
4286,2,BMI,F,178,P90,90.0,24.54
4287,2,BMI,F,178,P95,95.0,26.207
4288,2,BMI,F,178,P97,97.0,27.427
4289,2,BMI,F,178,P99,99.0,30.1
4290,2,BMI,F,178,P999,99.9,36.288
4291,2,BMI,F,179,P01,0.1,14.218
4292,2,BMI,F,179,P1,1.0,15.314
4293,2,BMI,F,179,P3,3.0,16.042
4294,2,BMI,F,179,P5,5.0,16.459
4295,2,BMI,F,179,P10,10.0,17.147
4296,2,BMI,F,179,P15,15.0,17.648
4297,2,BMI,F,179,P25,25.0,18.447
4298,2,BMI,F,179,P50,50.0,20.164
4299,2,BMI,F,179,P75,75.0,22.264
4300,2,BMI,F,179,P85,85.0,23.598
4301,2,BMI,F,179,P90,90.0,24.602
4302,2,BMI,F,179,P95,95.0,26.273
4303,2,BMI,F,179,P97,97.0,27.494
4304,2,BMI,F,179,P99,99.0,30.169
4305,2,BMI,F,179,P999,99.9,36.348
4306,2,BMI,F,180,P01,0.1,14.241
4307,2,BMI,F,180,P1,1.0,15.343
4308,2,BMI,F,180,P3,3.0,16.074
4309,2,BMI,F,180,P5,5.0,16.492
4310,2,BMI,F,180,P10,10.0,17.184
4311,2,BMI,F,180,P15,15.0,17.687
4312,2,BMI,F,180,P25,25.0,18.489
4313,2,BMI,F,180,P50,50.0,20.212
4314,2,BMI,F,180,P75,75.0,22.319
4315,2,BMI,F,180,P85,85.0,23.656
4316,2,BMI,F,180,P90,90.0,24.663
4317,2,BMI,F,180,P95,95.0,26.336
4318,2,BMI,F,180,P97,97.0,27.559
4319,2,BMI,F,180,P99,99.0,30.235
4320,2,BMI,F,180,P999,99.9,36.404
4321,2,BMI,F,181,P01,0.1,14.263
4322,2,BMI,F,181,P1,1.0,15.37
4323,2,BMI,F,181,P3,3.0,16.105
4324,2,BMI,F,181,P5,5.0,16.525
4325,2,BMI,F,181,P10,10.0,17.219
4326,2,BMI,F,181,P15,15.0,17.724
4327,2,BMI,F,181,P25,25.0,18.529
4328,2,BMI,F,181,P50,50.0,20.26
4329,2,BMI,F,181,P75,75.0,22.373
4330,2,BMI,F,181,P85,85.0,23.713
4331,2,BMI,F,181,P90,90.0,24.722
4332,2,BMI,F,181,P95,95.0,26.398
4333,2,BMI,F,181,P97,97.0,27.623
4334,2,BMI,F,181,P99,99.0,30.3
4335,2,BMI,F,181,P999,99.9,36.461
4336,2,BMI,F,182,P01,0.1,14.285
4337,2,BMI,F,182,P1,1.0,15.397
4338,2,BMI,F,182,P3,3.0,16.135
4339,2,BMI,F,182,P5,5.0,16.557
4340,2,BMI,F,182,P10,10.0,17.254
4341,2,BMI,F,182,P15,15.0,17.761
4342,2,BMI,F,182,P25,25.0,18.569
4343,2,BMI,F,182,P50,50.0,20.305
4344,2,BMI,F,182,P75,75.0,22.425
4345,2,BMI,F,182,P85,85.0,23.768
4346,2,BMI,F,182,P90,90.0,24.779
4347,2,BMI,F,182,P95,95.0,26.458
4348,2,BMI,F,182,P97,97.0,27.684
4349,2,BMI,F,182,P99,99.0,30.361
4350,2,BMI,F,182,P999,99.9,36.511
4351,2,BMI,F,183,P01,0.1,14.306
4352,2,BMI,F,183,P1,1.0,15.423
4353,2,BMI,F,183,P3,3.0,16.164
4354,2,BMI,F,183,P5,5.0,16.587
4355,2,BMI,F,183,P10,10.0,17.287
4356,2,BMI,F,183,P15,15.0,17.796
4357,2,BMI,F,183,P25,25.0,18.608
4358,2,BMI,F,183,P50,50.0,20.35
4359,2,BMI,F,183,P75,75.0,22.476
4360,2,BMI,F,183,P85,85.0,23.822
4361,2,BMI,F,183,P90,90.0,24.836
4362,2,BMI,F,183,P95,95.0,26.517
4363,2,BMI,F,183,P97,97.0,27.744
4364,2,BMI,F,183,P99,99.0,30.422
4365,2,BMI,F,183,P999,99.9,36.561
4366,2,BMI,F,184,P01,0.1,14.326
4367,2,BMI,F,184,P1,1.0,15.448
4368,2,BMI,F,184,P3,3.0,16.192
4369,2,BMI,F,184,P5,5.0,16.617
4370,2,BMI,F,184,P10,10.0,17.32
4371,2,BMI,F,184,P15,15.0,17.831
4372,2,BMI,F,184,P25,25.0,18.645
4373,2,BMI,F,184,P50,50.0,20.393
4374,2,BMI,F,184,P75,75.0,22.525
4375,2,BMI,F,184,P85,85.0,23.875
4376,2,BMI,F,184,P90,90.0,24.89
4377,2,BMI,F,184,P95,95.0,26.574
4378,2,BMI,F,184,P97,97.0,27.802
4379,2,BMI,F,184,P99,99.0,30.48
4380,2,BMI,F,184,P999,99.9,36.608
4381,2,BMI,F,185,P01,0.1,14.345
4382,2,BMI,F,185,P1,1.0,15.472
4383,2,BMI,F,185,P3,3.0,16.219
4384,2,BMI,F,185,P5,5.0,16.646
4385,2,BMI,F,185,P10,10.0,17.352
4386,2,BMI,F,185,P15,15.0,17.864
4387,2,BMI,F,185,P25,25.0,18.682
4388,2,BMI,F,185,P50,50.0,20.436
4389,2,BMI,F,185,P75,75.0,22.573
4390,2,BMI,F,185,P85,85.0,23.926
4391,2,BMI,F,185,P90,90.0,24.943
4392,2,BMI,F,185,P95,95.0,26.629
4393,2,BMI,F,185,P97,97.0,27.858
4394,2,BMI,F,185,P99,99.0,30.536
4395,2,BMI,F,185,P999,99.9,36.652
4396,2,BMI,F,186,P01,0.1,14.364
4397,2,BMI,F,186,P1,1.0,15.495
4398,2,BMI,F,186,P3,3.0,16.245
4399,2,BMI,F,186,P5,5.0,16.674
4400,2,BMI,F,186,P10,10.0,17.382
4401,2,BMI,F,186,P15,15.0,17.897
4402,2,BMI,F,186,P25,25.0,18.717
4403,2,BMI,F,186,P50,50.0,20.477
4404,2,BMI,F,186,P75,75.0,22.62
4405,2,BMI,F,186,P85,85.0,23.976
4406,2,BMI,F,186,P90,90.0,24.995
4407,2,BMI,F,186,P95,95.0,26.683
4408,2,BMI,F,186,P97,97.0,27.913
4409,2,BMI,F,186,P99,99.0,30.591
4410,2,BMI,F,186,P999,99.9,36.695
4411,2,BMI,F,187,P01,0.1,14.381
4412,2,BMI,F,187,P1,1.0,15.517
4413,2,BMI,F,187,P3,3.0,16.27
4414,2,BMI,F,187,P5,5.0,16.701
4415,2,BMI,F,187,P10,10.0,17.412
4416,2,BMI,F,187,P15,15.0,17.928
4417,2,BMI,F,187,P25,25.0,18.752
4418,2,BMI,F,187,P50,50.0,20.517
4419,2,BMI,F,187,P75,75.0,22.666
4420,2,BMI,F,187,P85,85.0,24.025
4421,2,BMI,F,187,P90,90.0,25.045
4422,2,BMI,F,187,P95,95.0,26.735
4423,2,BMI,F,187,P97,97.0,27.966
4424,2,BMI,F,187,P99,99.0,30.643
4425,2,BMI,F,187,P999,99.9,36.735
4426,2,BMI,F,188,P01,0.1,14.398
4427,2,BMI,F,188,P1,1.0,15.539
4428,2,BMI,F,188,P3,3.0,16.295
4429,2,BMI,F,188,P5,5.0,16.727
4430,2,BMI,F,188,P10,10.0,17.441
4431,2,BMI,F,188,P15,15.0,17.959
4432,2,BMI,F,188,P25,25.0,18.785
4433,2,BMI,F,188,P50,50.0,20.556
4434,2,BMI,F,188,P75,75.0,22.71
4435,2,BMI,F,188,P85,85.0,24.072
4436,2,BMI,F,188,P90,90.0,25.094
4437,2,BMI,F,188,P95,95.0,26.785
4438,2,BMI,F,188,P97,97.0,28.017
4439,2,BMI,F,188,P99,99.0,30.693
4440,2,BMI,F,188,P999,99.9,36.772
4441,2,BMI,F,189,P01,0.1,14.415
4442,2,BMI,F,189,P1,1.0,15.56
4443,2,BMI,F,189,P3,3.0,16.319
4444,2,BMI,F,189,P5,5.0,16.752
4445,2,BMI,F,189,P10,10.0,17.469
4446,2,BMI,F,189,P15,15.0,17.989
4447,2,BMI,F,189,P25,25.0,18.818
4448,2,BMI,F,189,P50,50.0,20.594
4449,2,BMI,F,189,P75,75.0,22.754
4450,2,BMI,F,189,P85,85.0,24.117
4451,2,BMI,F,189,P90,90.0,25.141
4452,2,BMI,F,189,P95,95.0,26.834
4453,2,BMI,F,189,P97,97.0,28.066
4454,2,BMI,F,189,P99,99.0,30.742
4455,2,BMI,F,189,P999,99.9,36.806
4456,2,BMI,F,190,P01,0.1,14.43
4457,2,BMI,F,190,P1,1.0,15.58
4458,2,BMI,F,190,P3,3.0,16.342
4459,2,BMI,F,190,P5,5.0,16.777
4460,2,BMI,F,190,P10,10.0,17.496
4461,2,BMI,F,190,P15,15.0,18.018
4462,2,BMI,F,190,P25,25.0,18.849
4463,2,BMI,F,190,P50,50.0,20.631
4464,2,BMI,F,190,P75,75.0,22.795
4465,2,BMI,F,190,P85,85.0,24.162
4466,2,BMI,F,190,P90,90.0,25.187
4467,2,BMI,F,190,P95,95.0,26.882
4468,2,BMI,F,190,P97,97.0,28.114
4469,2,BMI,F,190,P99,99.0,30.789
4470,2,BMI,F,190,P999,99.9,36.84
4471,2,BMI,F,191,P01,0.1,14.445
4472,2,BMI,F,191,P1,1.0,15.599
4473,2,BMI,F,191,P3,3.0,16.363
4474,2,BMI,F,191,P5,5.0,16.8
4475,2,BMI,F,191,P10,10.0,17.522
4476,2,BMI,F,191,P15,15.0,18.045
4477,2,BMI,F,191,P25,25.0,18.88
4478,2,BMI,F,191,P50,50.0,20.666
4479,2,BMI,F,191,P75,75.0,22.836
4480,2,BMI,F,191,P85,85.0,24.205
4481,2,BMI,F,191,P90,90.0,25.231
4482,2,BMI,F,191,P95,95.0,26.928
4483,2,BMI,F,191,P97,97.0,28.16
4484,2,BMI,F,191,P99,99.0,30.834
4485,2,BMI,F,191,P999,99.9,36.871
4486,2,BMI,F,192,P01,0.1,14.458
4487,2,BMI,F,192,P1,1.0,15.617
4488,2,BMI,F,192,P3,3.0,16.384
4489,2,BMI,F,192,P5,5.0,16.823
4490,2,BMI,F,192,P10,10.0,17.547
4491,2,BMI,F,192,P15,15.0,18.072
4492,2,BMI,F,192,P25,25.0,18.909
4493,2,BMI,F,192,P50,50.0,20.701
4494,2,BMI,F,192,P75,75.0,22.876
4495,2,BMI,F,192,P85,85.0,24.247
4496,2,BMI,F,192,P90,90.0,25.274
4497,2,BMI,F,192,P95,95.0,26.972
4498,2,BMI,F,192,P97,97.0,28.205
4499,2,BMI,F,192,P99,99.0,30.877
4500,2,BMI,F,192,P999,99.9,36.899
4501,2,BMI,F,193,P01,0.1,14.472
4502,2,BMI,F,193,P1,1.0,15.635
4503,2,BMI,F,193,P3,3.0,16.405
4504,2,BMI,F,193,P5,5.0,16.845
4505,2,BMI,F,193,P10,10.0,17.571
4506,2,BMI,F,193,P15,15.0,18.098
4507,2,BMI,F,193,P25,25.0,18.938
4508,2,BMI,F,193,P50,50.0,20.734
4509,2,BMI,F,193,P75,75.0,22.914
4510,2,BMI,F,193,P85,85.0,24.287
4511,2,BMI,F,193,P90,90.0,25.316
4512,2,BMI,F,193,P95,95.0,27.015
4513,2,BMI,F,193,P97,97.0,28.248
4514,2,BMI,F,193,P99,99.0,30.918
4515,2,BMI,F,193,P999,99.9,36.925
4516,2,BMI,F,194,P01,0.1,14.484
4517,2,BMI,F,194,P1,1.0,15.651
4518,2,BMI,F,194,P3,3.0,16.424
4519,2,BMI,F,194,P5,5.0,16.866
4520,2,BMI,F,194,P10,10.0,17.595
4521,2,BMI,F,194,P15,15.0,18.123
4522,2,BMI,F,194,P25,25.0,18.966
4523,2,BMI,F,194,P50,50.0,20.767
4524,2,BMI,F,194,P75,75.0,22.951
4525,2,BMI,F,194,P85,85.0,24.326
4526,2,BMI,F,194,P90,90.0,25.356
4527,2,BMI,F,194,P95,95.0,27.056
4528,2,BMI,F,194,P97,97.0,28.289
4529,2,BMI,F,194,P99,99.0,30.957
4530,2,BMI,F,194,P999,99.9,36.948
4531,2,BMI,F,195,P01,0.1,14.496
4532,2,BMI,F,195,P1,1.0,15.667
4533,2,BMI,F,195,P3,3.0,16.443
4534,2,BMI,F,195,P5,5.0,16.886
4535,2,BMI,F,195,P10,10.0,17.617
4536,2,BMI,F,195,P15,15.0,18.148
4537,2,BMI,F,195,P25,25.0,18.992
4538,2,BMI,F,195,P50,50.0,20.798
4539,2,BMI,F,195,P75,75.0,22.987
4540,2,BMI,F,195,P85,85.0,24.364
4541,2,BMI,F,195,P90,90.0,25.395
4542,2,BMI,F,195,P95,95.0,27.096
4543,2,BMI,F,195,P97,97.0,28.329
4544,2,BMI,F,195,P99,99.0,30.995
4545,2,BMI,F,195,P999,99.9,36.97
4546,2,BMI,F,196,P01,0.1,14.506
4547,2,BMI,F,196,P1,1.0,15.682
4548,2,BMI,F,196,P3,3.0,16.461
4549,2,BMI,F,196,P5,5.0,16.905
4550,2,BMI,F,196,P10,10.0,17.639
4551,2,BMI,F,196,P15,15.0,18.171
4552,2,BMI,F,196,P25,25.0,19.018
4553,2,BMI,F,196,P50,50.0,20.829
4554,2,BMI,F,196,P75,75.0,23.021
4555,2,BMI,F,196,P85,85.0,24.4
4556,2,BMI,F,196,P90,90.0,25.433
4557,2,BMI,F,196,P95,95.0,27.134
4558,2,BMI,F,196,P97,97.0,28.367
4559,2,BMI,F,196,P99,99.0,31.031
4560,2,BMI,F,196,P999,99.9,36.989
4561,2,BMI,F,197,P01,0.1,14.517
4562,2,BMI,F,197,P1,1.0,15.697
4563,2,BMI,F,197,P3,3.0,16.478
4564,2,BMI,F,197,P5,5.0,16.924
4565,2,BMI,F,197,P10,10.0,17.66
4566,2,BMI,F,197,P15,15.0,18.193
4567,2,BMI,F,197,P25,25.0,19.043
4568,2,BMI,F,197,P50,50.0,20.858
4569,2,BMI,F,197,P75,75.0,23.055
4570,2,BMI,F,197,P85,85.0,24.436
4571,2,BMI,F,197,P90,90.0,25.469
4572,2,BMI,F,197,P95,95.0,27.171
4573,2,BMI,F,197,P97,97.0,28.404
4574,2,BMI,F,197,P99,99.0,31.065
4575,2,BMI,F,197,P999,99.9,37.008
4576,2,BMI,F,198,P01,0.1,14.526
4577,2,BMI,F,198,P1,1.0,15.71
4578,2,BMI,F,198,P3,3.0,16.494
4579,2,BMI,F,198,P5,5.0,16.941
4580,2,BMI,F,198,P10,10.0,17.679
4581,2,BMI,F,198,P15,15.0,18.215
4582,2,BMI,F,198,P25,25.0,19.067
4583,2,BMI,F,198,P50,50.0,20.886
4584,2,BMI,F,198,P75,75.0,23.087
4585,2,BMI,F,198,P85,85.0,24.47
4586,2,BMI,F,198,P90,90.0,25.504
4587,2,BMI,F,198,P95,95.0,27.207
4588,2,BMI,F,198,P97,97.0,28.439
4589,2,BMI,F,198,P99,99.0,31.098
4590,2,BMI,F,198,P999,99.9,37.024
4591,2,BMI,F,199,P01,0.1,14.535
4592,2,BMI,F,199,P1,1.0,15.723
4593,2,BMI,F,199,P3,3.0,16.509
4594,2,BMI,F,199,P5,5.0,16.958
4595,2,BMI,F,199,P10,10.0,17.699
4596,2,BMI,F,199,P15,15.0,18.235
4597,2,BMI,F,199,P25,25.0,19.09
4598,2,BMI,F,199,P50,50.0,20.914
4599,2,BMI,F,199,P75,75.0,23.119
4600,2,BMI,F,199,P85,85.0,24.503
4601,2,BMI,F,199,P90,90.0,25.538
4602,2,BMI,F,199,P95,95.0,27.241
4603,2,BMI,F,199,P97,97.0,28.473
4604,2,BMI,F,199,P99,99.0,31.128
4605,2,BMI,F,199,P999,99.9,37.036
4606,2,BMI,F,200,P01,0.1,14.543
4607,2,BMI,F,200,P1,1.0,15.735
4608,2,BMI,F,200,P3,3.0,16.524
4609,2,BMI,F,200,P5,5.0,16.974
4610,2,BMI,F,200,P10,10.0,17.717
4611,2,BMI,F,200,P15,15.0,18.255
4612,2,BMI,F,200,P25,25.0,19.112
4613,2,BMI,F,200,P50,50.0,20.94
4614,2,BMI,F,200,P75,75.0,23.149
4615,2,BMI,F,200,P85,85.0,24.535
4616,2,BMI,F,200,P90,90.0,25.57
4617,2,BMI,F,200,P95,95.0,27.273
4618,2,BMI,F,200,P97,97.0,28.505
4619,2,BMI,F,200,P99,99.0,31.157
4620,2,BMI,F,200,P999,99.9,37.047
4621,2,BMI,F,201,P01,0.1,14.55
4622,2,BMI,F,201,P1,1.0,15.746
4623,2,BMI,F,201,P3,3.0,16.538
4624,2,BMI,F,201,P5,5.0,16.989
4625,2,BMI,F,201,P10,10.0,17.734
4626,2,BMI,F,201,P15,15.0,18.274
4627,2,BMI,F,201,P25,25.0,19.133
4628,2,BMI,F,201,P50,50.0,20.966
4629,2,BMI,F,201,P75,75.0,23.178
4630,2,BMI,F,201,P85,85.0,24.565
4631,2,BMI,F,201,P90,90.0,25.601
4632,2,BMI,F,201,P95,95.0,27.305
4633,2,BMI,F,201,P97,97.0,28.536
4634,2,BMI,F,201,P99,99.0,31.186
4635,2,BMI,F,201,P999,99.9,37.058
4636,2,BMI,F,202,P01,0.1,14.556
4637,2,BMI,F,202,P1,1.0,15.757
4638,2,BMI,F,202,P3,3.0,16.551
4639,2,BMI,F,202,P5,5.0,17.004
4640,2,BMI,F,202,P10,10.0,17.751
4641,2,BMI,F,202,P15,15.0,18.292
4642,2,BMI,F,202,P25,25.0,19.154
4643,2,BMI,F,202,P50,50.0,20.99
4644,2,BMI,F,202,P75,75.0,23.206
4645,2,BMI,F,202,P85,85.0,24.595
4646,2,BMI,F,202,P90,90.0,25.631
4647,2,BMI,F,202,P95,95.0,27.335
4648,2,BMI,F,202,P97,97.0,28.566
4649,2,BMI,F,202,P99,99.0,31.212
4650,2,BMI,F,202,P999,99.9,37.066
4651,2,BMI,F,203,P01,0.1,14.562
4652,2,BMI,F,203,P1,1.0,15.767
4653,2,BMI,F,203,P3,3.0,16.564
4654,2,BMI,F,203,P5,5.0,17.018
4655,2,BMI,F,203,P10,10.0,17.767
4656,2,BMI,F,203,P15,15.0,18.31
4657,2,BMI,F,203,P25,25.0,19.173
4658,2,BMI,F,203,P50,50.0,21.014
4659,2,BMI,F,203,P75,75.0,23.233
4660,2,BMI,F,203,P85,85.0,24.623
4661,2,BMI,F,203,P90,90.0,25.66
4662,2,BMI,F,203,P95,95.0,27.364
4663,2,BMI,F,203,P97,97.0,28.594
4664,2,BMI,F,203,P99,99.0,31.236
4665,2,BMI,F,203,P999,99.9,37.072
4666,2,BMI,F,204,P01,0.1,14.568
4667,2,BMI,F,204,P1,1.0,15.777
4668,2,BMI,F,204,P3,3.0,16.576
4669,2,BMI,F,204,P5,5.0,17.031
4670,2,BMI,F,204,P10,10.0,17.783
4671,2,BMI,F,204,P15,15.0,18.327
4672,2,BMI,F,204,P25,25.0,19.193
4673,2,BMI,F,204,P50,50.0,21.037
4674,2,BMI,F,204,P75,75.0,23.259
4675,2,BMI,F,204,P85,85.0,24.651
4676,2,BMI,F,204,P90,90.0,25.688
4677,2,BMI,F,204,P95,95.0,27.392
4678,2,BMI,F,204,P97,97.0,28.62
4679,2,BMI,F,204,P99,99.0,31.259
4680,2,BMI,F,204,P999,99.9,37.075
4681,2,BMI,F,205,P01,0.1,14.573
4682,2,BMI,F,205,P1,1.0,15.785
4683,2,BMI,F,205,P3,3.0,16.587
4684,2,BMI,F,205,P5,5.0,17.044
4685,2,BMI,F,205,P10,10.0,17.797
4686,2,BMI,F,205,P15,15.0,18.343
4687,2,BMI,F,205,P25,25.0,19.211
4688,2,BMI,F,205,P50,50.0,21.059
4689,2,BMI,F,205,P75,75.0,23.285
4690,2,BMI,F,205,P85,85.0,24.677
4691,2,BMI,F,205,P90,90.0,25.715
4692,2,BMI,F,205,P95,95.0,27.418
4693,2,BMI,F,205,P97,97.0,28.646
4694,2,BMI,F,205,P99,99.0,31.281
4695,2,BMI,F,205,P999,99.9,37.078
4696,2,BMI,F,206,P01,0.1,14.577
4697,2,BMI,F,206,P1,1.0,15.793
4698,2,BMI,F,206,P3,3.0,16.597
4699,2,BMI,F,206,P5,5.0,17.056
4700,2,BMI,F,206,P10,10.0,17.811
4701,2,BMI,F,206,P15,15.0,18.358
4702,2,BMI,F,206,P25,25.0,19.228
4703,2,BMI,F,206,P50,50.0,21.08
4704,2,BMI,F,206,P75,75.0,23.309
4705,2,BMI,F,206,P85,85.0,24.703
4706,2,BMI,F,206,P90,90.0,25.741
4707,2,BMI,F,206,P95,95.0,27.444
4708,2,BMI,F,206,P97,97.0,28.672
4709,2,BMI,F,206,P99,99.0,31.302
4710,2,BMI,F,206,P999,99.9,37.08
4711,2,BMI,F,207,P01,0.1,14.581
4712,2,BMI,F,207,P1,1.0,15.801
4713,2,BMI,F,207,P3,3.0,16.607
4714,2,BMI,F,207,P5,5.0,17.067
4715,2,BMI,F,207,P10,10.0,17.825
4716,2,BMI,F,207,P15,15.0,18.373
4717,2,BMI,F,207,P25,25.0,19.245
4718,2,BMI,F,207,P50,50.0,21.101
4719,2,BMI,F,207,P75,75.0,23.333
4720,2,BMI,F,207,P85,85.0,24.727
4721,2,BMI,F,207,P90,90.0,25.766
4722,2,BMI,F,207,P95,95.0,27.469
4723,2,BMI,F,207,P97,97.0,28.695
4724,2,BMI,F,207,P99,99.0,31.321
4725,2,BMI,F,207,P999,99.9,37.079
4726,2,BMI,F,208,P01,0.1,14.584
4727,2,BMI,F,208,P1,1.0,15.808
4728,2,BMI,F,208,P3,3.0,16.617
4729,2,BMI,F,208,P5,5.0,17.078
4730,2,BMI,F,208,P10,10.0,17.838
4731,2,BMI,F,208,P15,15.0,18.388
4732,2,BMI,F,208,P25,25.0,19.262
4733,2,BMI,F,208,P50,50.0,21.121
4734,2,BMI,F,208,P75,75.0,23.355
4735,2,BMI,F,208,P85,85.0,24.751
4736,2,BMI,F,208,P90,90.0,25.79
4737,2,BMI,F,208,P95,95.0,27.492
4738,2,BMI,F,208,P97,97.0,28.717
4739,2,BMI,F,208,P99,99.0,31.339
4740,2,BMI,F,208,P999,99.9,37.077
4741,2,BMI,F,209,P01,0.1,14.587
4742,2,BMI,F,209,P1,1.0,15.815
4743,2,BMI,F,209,P3,3.0,16.626
4744,2,BMI,F,209,P5,5.0,17.088
4745,2,BMI,F,209,P10,10.0,17.85
4746,2,BMI,F,209,P15,15.0,18.401
4747,2,BMI,F,209,P25,25.0,19.277
4748,2,BMI,F,209,P50,50.0,21.14
4749,2,BMI,F,209,P75,75.0,23.378
4750,2,BMI,F,209,P85,85.0,24.774
4751,2,BMI,F,209,P90,90.0,25.813
4752,2,BMI,F,209,P95,95.0,27.515
4753,2,BMI,F,209,P97,97.0,28.739
4754,2,BMI,F,209,P99,99.0,31.357
4755,2,BMI,F,209,P999,99.9,37.076
4756,2,BMI,F,210,P01,0.1,14.589
4757,2,BMI,F,210,P1,1.0,15.821
4758,2,BMI,F,210,P3,3.0,16.635
4759,2,BMI,F,210,P5,5.0,17.098
4760,2,BMI,F,210,P10,10.0,17.862
4761,2,BMI,F,210,P15,15.0,18.414
4762,2,BMI,F,210,P25,25.0,19.292
4763,2,BMI,F,210,P50,50.0,21.159
4764,2,BMI,F,210,P75,75.0,23.399
4765,2,BMI,F,210,P85,85.0,24.796
4766,2,BMI,F,210,P90,90.0,25.836
4767,2,BMI,F,210,P95,95.0,27.537
4768,2,BMI,F,210,P97,97.0,28.76
4769,2,BMI,F,210,P99,99.0,31.373
4770,2,BMI,F,210,P999,99.9,37.072
4771,2,BMI,F,211,P01,0.1,14.591
4772,2,BMI,F,211,P1,1.0,15.827
4773,2,BMI,F,211,P3,3.0,16.643
4774,2,BMI,F,211,P5,5.0,17.108
4775,2,BMI,F,211,P10,10.0,17.873
4776,2,BMI,F,211,P15,15.0,18.427
4777,2,BMI,F,211,P25,25.0,19.307
4778,2,BMI,F,211,P50,50.0,21.177
4779,2,BMI,F,211,P75,75.0,23.42
4780,2,BMI,F,211,P85,85.0,24.818
4781,2,BMI,F,211,P90,90.0,25.857
4782,2,BMI,F,211,P95,95.0,27.558
4783,2,BMI,F,211,P97,97.0,28.78
4784,2,BMI,F,211,P99,99.0,31.388
4785,2,BMI,F,211,P999,99.9,37.067
4786,2,BMI,F,212,P01,0.1,14.593
4787,2,BMI,F,212,P1,1.0,15.832
4788,2,BMI,F,212,P3,3.0,16.65
4789,2,BMI,F,212,P5,5.0,17.116
4790,2,BMI,F,212,P10,10.0,17.884
4791,2,BMI,F,212,P15,15.0,18.439
4792,2,BMI,F,212,P25,25.0,19.321
4793,2,BMI,F,212,P50,50.0,21.194
4794,2,BMI,F,212,P75,75.0,23.44
4795,2,BMI,F,212,P85,85.0,24.839
4796,2,BMI,F,212,P90,90.0,25.878
4797,2,BMI,F,212,P95,95.0,27.578
4798,2,BMI,F,212,P97,97.0,28.799
4799,2,BMI,F,212,P99,99.0,31.403
4800,2,BMI,F,212,P999,99.9,37.061
4801,2,BMI,F,213,P01,0.1,14.594
4802,2,BMI,F,213,P1,1.0,15.837
4803,2,BMI,F,213,P3,3.0,16.658
4804,2,BMI,F,213,P5,5.0,17.125
4805,2,BMI,F,213,P10,10.0,17.895
4806,2,BMI,F,213,P15,15.0,18.451
4807,2,BMI,F,213,P25,25.0,19.335
4808,2,BMI,F,213,P50,50.0,21.212
4809,2,BMI,F,213,P75,75.0,23.46
4810,2,BMI,F,213,P85,85.0,24.859
4811,2,BMI,F,213,P90,90.0,25.899
4812,2,BMI,F,213,P95,95.0,27.598
4813,2,BMI,F,213,P97,97.0,28.817
4814,2,BMI,F,213,P99,99.0,31.417
4815,2,BMI,F,213,P999,99.9,37.055
4816,2,BMI,F,214,P01,0.1,14.595
4817,2,BMI,F,214,P1,1.0,15.842
4818,2,BMI,F,214,P3,3.0,16.665
4819,2,BMI,F,214,P5,5.0,17.133
4820,2,BMI,F,214,P10,10.0,17.905
4821,2,BMI,F,214,P15,15.0,18.463
4822,2,BMI,F,214,P25,25.0,19.348
4823,2,BMI,F,214,P50,50.0,21.228
4824,2,BMI,F,214,P75,75.0,23.479
4825,2,BMI,F,214,P85,85.0,24.879
4826,2,BMI,F,214,P90,90.0,25.919
4827,2,BMI,F,214,P95,95.0,27.617
4828,2,BMI,F,214,P97,97.0,28.835
4829,2,BMI,F,214,P99,99.0,31.43
4830,2,BMI,F,214,P999,99.9,37.048
4831,2,BMI,F,215,P01,0.1,14.596
4832,2,BMI,F,215,P1,1.0,15.846
4833,2,BMI,F,215,P3,3.0,16.671
4834,2,BMI,F,215,P5,5.0,17.141
4835,2,BMI,F,215,P10,10.0,17.915
4836,2,BMI,F,215,P15,15.0,18.474
4837,2,BMI,F,215,P25,25.0,19.361
4838,2,BMI,F,215,P50,50.0,21.244
4839,2,BMI,F,215,P75,75.0,23.498
4840,2,BMI,F,215,P85,85.0,24.898
4841,2,BMI,F,215,P90,90.0,25.938
4842,2,BMI,F,215,P95,95.0,27.635
4843,2,BMI,F,215,P97,97.0,28.852
4844,2,BMI,F,215,P99,99.0,31.441
4845,2,BMI,F,215,P999,99.9,37.038
4846,2,BMI,F,216,P01,0.1,14.596
4847,2,BMI,F,216,P1,1.0,15.85
4848,2,BMI,F,216,P3,3.0,16.678
4849,2,BMI,F,216,P5,5.0,17.149
4850,2,BMI,F,216,P10,10.0,17.924
4851,2,BMI,F,216,P15,15.0,18.485
4852,2,BMI,F,216,P25,25.0,19.374
4853,2,BMI,F,216,P50,50.0,21.26
4854,2,BMI,F,216,P75,75.0,23.516
4855,2,BMI,F,216,P85,85.0,24.917
4856,2,BMI,F,216,P90,90.0,25.957
4857,2,BMI,F,216,P95,95.0,27.653
4858,2,BMI,F,216,P97,97.0,28.868
4859,2,BMI,F,216,P99,99.0,31.453
4860,2,BMI,F,216,P999,99.9,37.031
4861,2,BMI,F,217,P01,0.1,14.596
4862,2,BMI,F,217,P1,1.0,15.854
4863,2,BMI,F,217,P3,3.0,16.683
4864,2,BMI,F,217,P5,5.0,17.156
4865,2,BMI,F,217,P10,10.0,17.933
4866,2,BMI,F,217,P15,15.0,18.495
4867,2,BMI,F,217,P25,25.0,19.386
4868,2,BMI,F,217,P50,50.0,21.276
4869,2,BMI,F,217,P75,75.0,23.534
4870,2,BMI,F,217,P85,85.0,24.936
4871,2,BMI,F,217,P90,90.0,25.975
4872,2,BMI,F,217,P95,95.0,27.671
4873,2,BMI,F,217,P97,97.0,28.884
4874,2,BMI,F,217,P99,99.0,31.464
4875,2,BMI,F,217,P999,99.9,37.022
4876,2,BMI,F,218,P01,0.1,14.596
4877,2,BMI,F,218,P1,1.0,15.857
4878,2,BMI,F,218,P3,3.0,16.689
4879,2,BMI,F,218,P5,5.0,17.163
4880,2,BMI,F,218,P10,10.0,17.942
4881,2,BMI,F,218,P15,15.0,18.505
4882,2,BMI,F,218,P25,25.0,19.398
4883,2,BMI,F,218,P50,50.0,21.291
4884,2,BMI,F,218,P75,75.0,23.551
4885,2,BMI,F,218,P85,85.0,24.953
4886,2,BMI,F,218,P90,90.0,25.993
4887,2,BMI,F,218,P95,95.0,27.687
4888,2,BMI,F,218,P97,97.0,28.899
4889,2,BMI,F,218,P99,99.0,31.474
4890,2,BMI,F,218,P999,99.9,37.011
4891,2,BMI,F,219,P01,0.1,14.595
4892,2,BMI,F,219,P1,1.0,15.86
4893,2,BMI,F,219,P3,3.0,16.694
4894,2,BMI,F,219,P5,5.0,17.169
4895,2,BMI,F,219,P10,10.0,17.95
4896,2,BMI,F,219,P15,15.0,18.515
4897,2,BMI,F,219,P25,25.0,19.41
4898,2,BMI,F,219,P50,50.0,21.306
4899,2,BMI,F,219,P75,75.0,23.568
4900,2,BMI,F,219,P85,85.0,24.971
4901,2,BMI,F,219,P90,90.0,26.01
4902,2,BMI,F,219,P95,95.0,27.704
4903,2,BMI,F,219,P97,97.0,28.915
4904,2,BMI,F,219,P99,99.0,31.484
4905,2,BMI,F,219,P999,99.9,37.002
4906,2,BMI,F,220,P01,0.1,14.594
4907,2,BMI,F,220,P1,1.0,15.863
4908,2,BMI,F,220,P3,3.0,16.7
4909,2,BMI,F,220,P5,5.0,17.176
4910,2,BMI,F,220,P10,10.0,17.959
4911,2,BMI,F,220,P15,15.0,18.524
4912,2,BMI,F,220,P25,25.0,19.421
4913,2,BMI,F,220,P50,50.0,21.32
4914,2,BMI,F,220,P75,75.0,23.585
4915,2,BMI,F,220,P85,85.0,24.988
4916,2,BMI,F,220,P90,90.0,26.027
4917,2,BMI,F,220,P95,95.0,27.719
4918,2,BMI,F,220,P97,97.0,28.929
4919,2,BMI,F,220,P99,99.0,31.493
4920,2,BMI,F,220,P999,99.9,36.99
4921,2,BMI,F,221,P01,0.1,14.593
4922,2,BMI,F,221,P1,1.0,15.866
4923,2,BMI,F,221,P3,3.0,16.705
4924,2,BMI,F,221,P5,5.0,17.182
4925,2,BMI,F,221,P10,10.0,17.967
4926,2,BMI,F,221,P15,15.0,18.534
4927,2,BMI,F,221,P25,25.0,19.432
4928,2,BMI,F,221,P50,50.0,21.334
4929,2,BMI,F,221,P75,75.0,23.601
4930,2,BMI,F,221,P85,85.0,25.004
4931,2,BMI,F,221,P90,90.0,26.043
4932,2,BMI,F,221,P95,95.0,27.734
4933,2,BMI,F,221,P97,97.0,28.942
4934,2,BMI,F,221,P99,99.0,31.502
4935,2,BMI,F,221,P999,99.9,36.978
4936,2,BMI,F,222,P01,0.1,14.592
4937,2,BMI,F,222,P1,1.0,15.869
4938,2,BMI,F,222,P3,3.0,16.709
4939,2,BMI,F,222,P5,5.0,17.188
4940,2,BMI,F,222,P10,10.0,17.975
4941,2,BMI,F,222,P15,15.0,18.543
4942,2,BMI,F,222,P25,25.0,19.443
4943,2,BMI,F,222,P50,50.0,21.348
4944,2,BMI,F,222,P75,75.0,23.617
4945,2,BMI,F,222,P85,85.0,25.021
4946,2,BMI,F,222,P90,90.0,26.059
4947,2,BMI,F,222,P95,95.0,27.749
4948,2,BMI,F,222,P97,97.0,28.956
4949,2,BMI,F,222,P99,99.0,31.51
4950,2,BMI,F,222,P999,99.9,36.966
4951,2,BMI,F,223,P01,0.1,14.59
4952,2,BMI,F,223,P1,1.0,15.871
4953,2,BMI,F,223,P3,3.0,16.714
4954,2,BMI,F,223,P5,5.0,17.193
4955,2,BMI,F,223,P10,10.0,17.982
4956,2,BMI,F,223,P15,15.0,18.552
4957,2,BMI,F,223,P25,25.0,19.454
4958,2,BMI,F,223,P50,50.0,21.362
4959,2,BMI,F,223,P75,75.0,23.633
4960,2,BMI,F,223,P85,85.0,25.037
4961,2,BMI,F,223,P90,90.0,26.076
4962,2,BMI,F,223,P95,95.0,27.764
4963,2,BMI,F,223,P97,97.0,28.969
4964,2,BMI,F,223,P99,99.0,31.519
4965,2,BMI,F,223,P999,99.9,36.955
4966,2,BMI,F,224,P01,0.1,14.589
4967,2,BMI,F,224,P1,1.0,15.873
4968,2,BMI,F,224,P3,3.0,16.718
4969,2,BMI,F,224,P5,5.0,17.199
4970,2,BMI,F,224,P10,10.0,17.99
4971,2,BMI,F,224,P15,15.0,18.56
4972,2,BMI,F,224,P25,25.0,19.464
4973,2,BMI,F,224,P50,50.0,21.375
4974,2,BMI,F,224,P75,75.0,23.648
4975,2,BMI,F,224,P85,85.0,25.053
4976,2,BMI,F,224,P90,90.0,26.091
4977,2,BMI,F,224,P95,95.0,27.779
4978,2,BMI,F,224,P97,97.0,28.982
4979,2,BMI,F,224,P99,99.0,31.526
4980,2,BMI,F,224,P999,99.9,36.943
4981,2,BMI,F,225,P01,0.1,14.587
4982,2,BMI,F,225,P1,1.0,15.875
4983,2,BMI,F,225,P3,3.0,16.722
4984,2,BMI,F,225,P5,5.0,17.204
4985,2,BMI,F,225,P10,10.0,17.997
4986,2,BMI,F,225,P15,15.0,18.569
4987,2,BMI,F,225,P25,25.0,19.475
4988,2,BMI,F,225,P50,50.0,21.388
4989,2,BMI,F,225,P75,75.0,23.663
4990,2,BMI,F,225,P85,85.0,25.068
4991,2,BMI,F,225,P90,90.0,26.106
4992,2,BMI,F,225,P95,95.0,27.793
4993,2,BMI,F,225,P97,97.0,28.995
4994,2,BMI,F,225,P99,99.0,31.533
4995,2,BMI,F,225,P999,99.9,36.929
4996,2,BMI,F,226,P01,0.1,14.585
4997,2,BMI,F,226,P1,1.0,15.876
4998,2,BMI,F,226,P3,3.0,16.726
4999,2,BMI,F,226,P5,5.0,17.21
5000,2,BMI,F,226,P10,10.0,18.004
5001,2,BMI,F,226,P15,15.0,18.577
5002,2,BMI,F,226,P25,25.0,19.485
5003,2,BMI,F,226,P50,50.0,21.401
5004,2,BMI,F,226,P75,75.0,23.678
5005,2,BMI,F,226,P85,85.0,25.084
5006,2,BMI,F,226,P90,90.0,26.121
5007,2,BMI,F,226,P95,95.0,27.807
5008,2,BMI,F,226,P97,97.0,29.007
5009,2,BMI,F,226,P99,99.0,31.54
5010,2,BMI,F,226,P999,99.9,36.917
5011,2,BMI,F,227,P01,0.1,14.583
5012,2,BMI,F,227,P1,1.0,15.878
5013,2,BMI,F,227,P3,3.0,16.73
5014,2,BMI,F,227,P5,5.0,17.215
5015,2,BMI,F,227,P10,10.0,18.011
5016,2,BMI,F,227,P15,15.0,18.585
5017,2,BMI,F,227,P25,25.0,19.495
5018,2,BMI,F,227,P50,50.0,21.414
5019,2,BMI,F,227,P75,75.0,23.693
5020,2,BMI,F,227,P85,85.0,25.099
5021,2,BMI,F,227,P90,90.0,26.136
5022,2,BMI,F,227,P95,95.0,27.82
5023,2,BMI,F,227,P97,97.0,29.019
5024,2,BMI,F,227,P99,99.0,31.547
5025,2,BMI,F,227,P999,99.9,36.903
5026,2,BMI,F,228,P01,0.1,14.58
5027,2,BMI,F,228,P1,1.0,15.879
5028,2,BMI,F,228,P3,3.0,16.734
5029,2,BMI,F,228,P5,5.0,17.22
5030,2,BMI,F,228,P10,10.0,18.017
5031,2,BMI,F,228,P15,15.0,18.593
5032,2,BMI,F,228,P25,25.0,19.504
5033,2,BMI,F,228,P50,50.0,21.427
5034,2,BMI,F,228,P75,75.0,23.707
5035,2,BMI,F,228,P85,85.0,25.113
5036,2,BMI,F,228,P90,90.0,26.151
5037,2,BMI,F,228,P95,95.0,27.833
5038,2,BMI,F,228,P97,97.0,29.03
5039,2,BMI,F,228,P99,99.0,31.553
5040,2,BMI,F,228,P999,99.9,36.889
5041,3,HFA,M,61,P01,0.1,96.076
5042,3,HFA,M,61,P1,1.0,99.583
5043,3,HFA,M,61,P3,3.0,101.629
5044,3,HFA,M,61,P5,5.0,102.712
5045,3,HFA,M,61,P10,10.0,104.381
5046,3,HFA,M,61,P15,15.0,105.506
5047,3,HFA,M,61,P25,25.0,107.168
5048,3,HFA,M,61,P50,50.0,110.265
5049,3,HFA,M,61,P75,75.0,113.362
5050,3,HFA,M,61,P85,85.0,115.023
5051,3,HFA,M,61,P90,90.0,116.149
5052,3,HFA,M,61,P95,95.0,117.817
5053,3,HFA,M,61,P97,97.0,118.9
5054,3,HFA,M,61,P99,99.0,120.946
5055,3,HFA,M,61,P999,99.9,124.453
5056,3,HFA,M,62,P01,0.1,96.516
5057,3,HFA,M,62,P1,1.0,100.047
5058,3,HFA,M,62,P3,3.0,102.106
5059,3,HFA,M,62,P5,5.0,103.197
5060,3,HFA,M,62,P10,10.0,104.876
5061,3,HFA,M,62,P15,15.0,106.01
5062,3,HFA,M,62,P25,25.0,107.683
5063,3,HFA,M,62,P50,50.0,110.801
5064,3,HFA,M,62,P75,75.0,113.918
5065,3,HFA,M,62,P85,85.0,115.592
5066,3,HFA,M,62,P90,90.0,116.725
5067,3,HFA,M,62,P95,95.0,118.404
5068,3,HFA,M,62,P97,97.0,119.495
5069,3,HFA,M,62,P99,99.0,121.554
5070,3,HFA,M,62,P999,99.9,125.086
5071,3,HFA,M,63,P01,0.1,96.953
5072,3,HFA,M,63,P1,1.0,100.508
5073,3,HFA,M,63,P3,3.0,102.581
5074,3,HFA,M,63,P5,5.0,103.679
5075,3,HFA,M,63,P10,10.0,105.37
5076,3,HFA,M,63,P15,15.0,106.51
5077,3,HFA,M,63,P25,25.0,108.195
5078,3,HFA,M,63,P50,50.0,111.334
5079,3,HFA,M,63,P75,75.0,114.473
5080,3,HFA,M,63,P85,85.0,116.157
5081,3,HFA,M,63,P90,90.0,117.298
5082,3,HFA,M,63,P95,95.0,118.989
5083,3,HFA,M,63,P97,97.0,120.087
5084,3,HFA,M,63,P99,99.0,122.16
5085,3,HFA,M,63,P999,99.9,125.715
5086,3,HFA,M,64,P01,0.1,97.39
5087,3,HFA,M,64,P1,1.0,100.968
5088,3,HFA,M,64,P3,3.0,103.054
5089,3,HFA,M,64,P5,5.0,104.16
5090,3,HFA,M,64,P10,10.0,105.861
5091,3,HFA,M,64,P15,15.0,107.009
5092,3,HFA,M,64,P25,25.0,108.704
5093,3,HFA,M,64,P50,50.0,111.864
5094,3,HFA,M,64,P75,75.0,115.023
5095,3,HFA,M,64,P85,85.0,116.718
5096,3,HFA,M,64,P90,90.0,117.866
5097,3,HFA,M,64,P95,95.0,119.568
5098,3,HFA,M,64,P97,97.0,120.673
5099,3,HFA,M,64,P99,99.0,122.76
5100,3,HFA,M,64,P999,99.9,126.337
5101,3,HFA,M,65,P01,0.1,97.82
5102,3,HFA,M,65,P1,1.0,101.421
5103,3,HFA,M,65,P3,3.0,103.522
5104,3,HFA,M,65,P5,5.0,104.634
5105,3,HFA,M,65,P10,10.0,106.347
5106,3,HFA,M,65,P15,15.0,107.503
5107,3,HFA,M,65,P25,25.0,109.209
5108,3,HFA,M,65,P50,50.0,112.39
5109,3,HFA,M,65,P75,75.0,115.57
5110,3,HFA,M,65,P85,85.0,117.276
5111,3,HFA,M,65,P90,90.0,118.432
5112,3,HFA,M,65,P95,95.0,120.145
5113,3,HFA,M,65,P97,97.0,121.257
5114,3,HFA,M,65,P99,99.0,123.358
5115,3,HFA,M,65,P999,99.9,126.959
5116,3,HFA,M,66,P01,0.1,98.246
5117,3,HFA,M,66,P1,1.0,101.871
5118,3,HFA,M,66,P3,3.0,103.985
5119,3,HFA,M,66,P5,5.0,105.105
5120,3,HFA,M,66,P10,10.0,106.829
5121,3,HFA,M,66,P15,15.0,107.992
5122,3,HFA,M,66,P25,25.0,109.71
5123,3,HFA,M,66,P50,50.0,112.911
5124,3,HFA,M,66,P75,75.0,116.112
5125,3,HFA,M,66,P85,85.0,117.83
5126,3,HFA,M,66,P90,90.0,118.993
5127,3,HFA,M,66,P95,95.0,120.717
5128,3,HFA,M,66,P97,97.0,121.837
5129,3,HFA,M,66,P99,99.0,123.951
5130,3,HFA,M,66,P999,99.9,127.576
5131,3,HFA,M,67,P01,0.1,98.668
5132,3,HFA,M,67,P1,1.0,102.316
5133,3,HFA,M,67,P3,3.0,104.444
5134,3,HFA,M,67,P5,5.0,105.571
5135,3,HFA,M,67,P10,10.0,107.307
5136,3,HFA,M,67,P15,15.0,108.478
5137,3,HFA,M,67,P25,25.0,110.206
5138,3,HFA,M,67,P50,50.0,113.428
5139,3,HFA,M,67,P75,75.0,116.65
5140,3,HFA,M,67,P85,85.0,118.378
5141,3,HFA,M,67,P90,90.0,119.549
5142,3,HFA,M,67,P95,95.0,121.285
5143,3,HFA,M,67,P97,97.0,122.412
5144,3,HFA,M,67,P99,99.0,124.54
5145,3,HFA,M,67,P999,99.9,128.188
5146,3,HFA,M,68,P01,0.1,99.089
5147,3,HFA,M,68,P1,1.0,102.76
5148,3,HFA,M,68,P3,3.0,104.902
5149,3,HFA,M,68,P5,5.0,106.036
5150,3,HFA,M,68,P10,10.0,107.782
5151,3,HFA,M,68,P15,15.0,108.96
5152,3,HFA,M,68,P25,25.0,110.699
5153,3,HFA,M,68,P50,50.0,113.941
5154,3,HFA,M,68,P75,75.0,117.183
5155,3,HFA,M,68,P85,85.0,118.922
5156,3,HFA,M,68,P90,90.0,120.1
5157,3,HFA,M,68,P95,95.0,121.846
5158,3,HFA,M,68,P97,97.0,122.98
5159,3,HFA,M,68,P99,99.0,125.122
5160,3,HFA,M,68,P999,99.9,128.793
5161,3,HFA,M,69,P01,0.1,99.504
5162,3,HFA,M,69,P1,1.0,103.198
5163,3,HFA,M,69,P3,3.0,105.353
5164,3,HFA,M,69,P5,5.0,106.494
5165,3,HFA,M,69,P10,10.0,108.252
5166,3,HFA,M,69,P15,15.0,109.437
5167,3,HFA,M,69,P25,25.0,111.188
5168,3,HFA,M,69,P50,50.0,114.45
5169,3,HFA,M,69,P75,75.0,117.712
5170,3,HFA,M,69,P85,85.0,119.463
5171,3,HFA,M,69,P90,90.0,120.648
5172,3,HFA,M,69,P95,95.0,122.406
5173,3,HFA,M,69,P97,97.0,123.547
5174,3,HFA,M,69,P99,99.0,125.702
5175,3,HFA,M,69,P999,99.9,129.396
5176,3,HFA,M,70,P01,0.1,99.914
5177,3,HFA,M,70,P1,1.0,103.632
5178,3,HFA,M,70,P3,3.0,105.801
5179,3,HFA,M,70,P5,5.0,106.949
5180,3,HFA,M,70,P10,10.0,108.717
5181,3,HFA,M,70,P15,15.0,109.91
5182,3,HFA,M,70,P25,25.0,111.672
5183,3,HFA,M,70,P50,50.0,114.955
5184,3,HFA,M,70,P75,75.0,118.238
5185,3,HFA,M,70,P85,85.0,119.999
5186,3,HFA,M,70,P90,90.0,121.192
5187,3,HFA,M,70,P95,95.0,122.961
5188,3,HFA,M,70,P97,97.0,124.109
5189,3,HFA,M,70,P99,99.0,126.277
5190,3,HFA,M,70,P999,99.9,129.995
5191,3,HFA,M,71,P01,0.1,100.324
5192,3,HFA,M,71,P1,1.0,104.064
5193,3,HFA,M,71,P3,3.0,106.246
5194,3,HFA,M,71,P5,5.0,107.401
5195,3,HFA,M,71,P10,10.0,109.18
5196,3,HFA,M,71,P15,15.0,110.38
5197,3,HFA,M,71,P25,25.0,112.152
5198,3,HFA,M,71,P50,50.0,115.455
5199,3,HFA,M,71,P75,75.0,118.758
5200,3,HFA,M,71,P85,85.0,120.53
5201,3,HFA,M,71,P90,90.0,121.73
5202,3,HFA,M,71,P95,95.0,123.509
5203,3,HFA,M,71,P97,97.0,124.664
5204,3,HFA,M,71,P99,99.0,126.846
5205,3,HFA,M,71,P999,99.9,130.586
5206,3,HFA,M,72,P01,0.1,100.726
5207,3,HFA,M,72,P1,1.0,104.49
5208,3,HFA,M,72,P3,3.0,106.685
5209,3,HFA,M,72,P5,5.0,107.847
5210,3,HFA,M,72,P10,10.0,109.637
5211,3,HFA,M,72,P15,15.0,110.845
5212,3,HFA,M,72,P25,25.0,112.628
5213,3,HFA,M,72,P50,50.0,115.951
5214,3,HFA,M,72,P75,75.0,119.274
5215,3,HFA,M,72,P85,85.0,121.057
5216,3,HFA,M,72,P90,90.0,122.265
5217,3,HFA,M,72,P95,95.0,124.055
5218,3,HFA,M,72,P97,97.0,125.217
5219,3,HFA,M,72,P99,99.0,127.412
5220,3,HFA,M,72,P999,99.9,131.176
5221,3,HFA,M,73,P01,0.1,101.125
5222,3,HFA,M,73,P1,1.0,104.912
5223,3,HFA,M,73,P3,3.0,107.12
5224,3,HFA,M,73,P5,5.0,108.29
5225,3,HFA,M,73,P10,10.0,110.091
5226,3,HFA,M,73,P15,15.0,111.306
5227,3,HFA,M,73,P25,25.0,113.1
5228,3,HFA,M,73,P50,50.0,116.443
5229,3,HFA,M,73,P75,75.0,119.787
5230,3,HFA,M,73,P85,85.0,121.581
5231,3,HFA,M,73,P90,90.0,122.796
5232,3,HFA,M,73,P95,95.0,124.597
5233,3,HFA,M,73,P97,97.0,125.766
5234,3,HFA,M,73,P99,99.0,127.975
5235,3,HFA,M,73,P999,99.9,131.761
5236,3,HFA,M,74,P01,0.1,101.525
5237,3,HFA,M,74,P1,1.0,105.333
5238,3,HFA,M,74,P3,3.0,107.555
5239,3,HFA,M,74,P5,5.0,108.731
5240,3,HFA,M,74,P10,10.0,110.543
5241,3,HFA,M,74,P15,15.0,111.765
5242,3,HFA,M,74,P25,25.0,113.569
5243,3,HFA,M,74,P50,50.0,116.932
5244,3,HFA,M,74,P75,75.0,120.296
5245,3,HFA,M,74,P85,85.0,122.1
5246,3,HFA,M,74,P90,90.0,123.322
5247,3,HFA,M,74,P95,95.0,125.134
5248,3,HFA,M,74,P97,97.0,126.31
5249,3,HFA,M,74,P99,99.0,128.532
5250,3,HFA,M,74,P999,99.9,132.34
5251,3,HFA,M,75,P01,0.1,101.918
5252,3,HFA,M,75,P1,1.0,105.75
5253,3,HFA,M,75,P3,3.0,107.985
5254,3,HFA,M,75,P5,5.0,109.169
5255,3,HFA,M,75,P10,10.0,110.991
5256,3,HFA,M,75,P15,15.0,112.221
5257,3,HFA,M,75,P25,25.0,114.036
5258,3,HFA,M,75,P50,50.0,117.42
5259,3,HFA,M,75,P75,75.0,120.803
5260,3,HFA,M,75,P85,85.0,122.619
5261,3,HFA,M,75,P90,90.0,123.848
5262,3,HFA,M,75,P95,95.0,125.67
5263,3,HFA,M,75,P97,97.0,126.854
5264,3,HFA,M,75,P99,99.0,129.089
5265,3,HFA,M,75,P999,99.9,132.921
5266,3,HFA,M,76,P01,0.1,102.31
5267,3,HFA,M,76,P1,1.0,106.165
5268,3,HFA,M,76,P3,3.0,108.414
5269,3,HFA,M,76,P5,5.0,109.604
5270,3,HFA,M,76,P10,10.0,111.437
5271,3,HFA,M,76,P15,15.0,112.674
5272,3,HFA,M,76,P25,25.0,114.501
5273,3,HFA,M,76,P50,50.0,117.905
5274,3,HFA,M,76,P75,75.0,121.308
5275,3,HFA,M,76,P85,85.0,123.135
5276,3,HFA,M,76,P90,90.0,124.372
5277,3,HFA,M,76,P95,95.0,126.205
5278,3,HFA,M,76,P97,97.0,127.396
5279,3,HFA,M,76,P99,99.0,129.644
5280,3,HFA,M,76,P999,99.9,133.499
5281,3,HFA,M,77,P01,0.1,102.704
5282,3,HFA,M,77,P1,1.0,106.581
5283,3,HFA,M,77,P3,3.0,108.842
5284,3,HFA,M,77,P5,5.0,110.04
5285,3,HFA,M,77,P10,10.0,111.884
5286,3,HFA,M,77,P15,15.0,113.128
5287,3,HFA,M,77,P25,25.0,114.965
5288,3,HFA,M,77,P50,50.0,118.388
5289,3,HFA,M,77,P75,75.0,121.811
5290,3,HFA,M,77,P85,85.0,123.648
5291,3,HFA,M,77,P90,90.0,124.892
5292,3,HFA,M,77,P95,95.0,126.736
5293,3,HFA,M,77,P97,97.0,127.934
5294,3,HFA,M,77,P99,99.0,130.195
5295,3,HFA,M,77,P999,99.9,134.072
5296,3,HFA,M,78,P01,0.1,103.093
5297,3,HFA,M,78,P1,1.0,106.993
5298,3,HFA,M,78,P3,3.0,109.268
5299,3,HFA,M,78,P5,5.0,110.472
5300,3,HFA,M,78,P10,10.0,112.327
5301,3,HFA,M,78,P15,15.0,113.579
5302,3,HFA,M,78,P25,25.0,115.426
5303,3,HFA,M,78,P50,50.0,118.87
5304,3,HFA,M,78,P75,75.0,122.314
5305,3,HFA,M,78,P85,85.0,124.161
5306,3,HFA,M,78,P90,90.0,125.413
5307,3,HFA,M,78,P95,95.0,127.268
5308,3,HFA,M,78,P97,97.0,128.472
5309,3,HFA,M,78,P99,99.0,130.747
5310,3,HFA,M,78,P999,99.9,134.647
5311,3,HFA,M,79,P01,0.1,103.48
5312,3,HFA,M,79,P1,1.0,107.403
5313,3,HFA,M,79,P3,3.0,109.692
5314,3,HFA,M,79,P5,5.0,110.903
5315,3,HFA,M,79,P10,10.0,112.769
5316,3,HFA,M,79,P15,15.0,114.028
5317,3,HFA,M,79,P25,25.0,115.887
5318,3,HFA,M,79,P50,50.0,119.351
5319,3,HFA,M,79,P75,75.0,122.815
5320,3,HFA,M,79,P85,85.0,124.674
5321,3,HFA,M,79,P90,90.0,125.932
5322,3,HFA,M,79,P95,95.0,127.798
5323,3,HFA,M,79,P97,97.0,129.01
5324,3,HFA,M,79,P99,99.0,131.298
5325,3,HFA,M,79,P999,99.9,135.221
5326,3,HFA,M,80,P01,0.1,103.867
5327,3,HFA,M,80,P1,1.0,107.813
5328,3,HFA,M,80,P3,3.0,110.114
5329,3,HFA,M,80,P5,5.0,111.333
5330,3,HFA,M,80,P10,10.0,113.21
5331,3,HFA,M,80,P15,15.0,114.476
5332,3,HFA,M,80,P25,25.0,116.346
5333,3,HFA,M,80,P50,50.0,119.83
5334,3,HFA,M,80,P75,75.0,123.315
5335,3,HFA,M,80,P85,85.0,125.184
5336,3,HFA,M,80,P90,90.0,126.451
5337,3,HFA,M,80,P95,95.0,128.327
5338,3,HFA,M,80,P97,97.0,129.546
5339,3,HFA,M,80,P99,99.0,131.848
5340,3,HFA,M,80,P999,99.9,135.794
5341,3,HFA,M,81,P01,0.1,104.255
5342,3,HFA,M,81,P1,1.0,108.223
5343,3,HFA,M,81,P3,3.0,110.538
5344,3,HFA,M,81,P5,5.0,111.764
5345,3,HFA,M,81,P10,10.0,113.651
5346,3,HFA,M,81,P15,15.0,114.924
5347,3,HFA,M,81,P25,25.0,116.805
5348,3,HFA,M,81,P50,50.0,120.308
5349,3,HFA,M,81,P75,75.0,123.812
5350,3,HFA,M,81,P85,85.0,125.693
5351,3,HFA,M,81,P90,90.0,126.966
5352,3,HFA,M,81,P95,95.0,128.853
5353,3,HFA,M,81,P97,97.0,130.079
5354,3,HFA,M,81,P99,99.0,132.394
5355,3,HFA,M,81,P999,99.9,136.362
5356,3,HFA,M,82,P01,0.1,104.638
5357,3,HFA,M,82,P1,1.0,108.63
5358,3,HFA,M,82,P3,3.0,110.958
5359,3,HFA,M,82,P5,5.0,112.191
5360,3,HFA,M,82,P10,10.0,114.089
5361,3,HFA,M,82,P15,15.0,115.37
5362,3,HFA,M,82,P25,25.0,117.261
5363,3,HFA,M,82,P50,50.0,120.785
5364,3,HFA,M,82,P75,75.0,124.31
5365,3,HFA,M,82,P85,85.0,126.201
5366,3,HFA,M,82,P90,90.0,127.482
5367,3,HFA,M,82,P95,95.0,129.38
5368,3,HFA,M,82,P97,97.0,130.613
5369,3,HFA,M,82,P99,99.0,132.941
5370,3,HFA,M,82,P999,99.9,136.932
5371,3,HFA,M,83,P01,0.1,105.02
5372,3,HFA,M,83,P1,1.0,109.034
5373,3,HFA,M,83,P3,3.0,111.376
5374,3,HFA,M,83,P5,5.0,112.616
5375,3,HFA,M,83,P10,10.0,114.525
5376,3,HFA,M,83,P15,15.0,115.814
5377,3,HFA,M,83,P25,25.0,117.716
5378,3,HFA,M,83,P50,50.0,121.26
5379,3,HFA,M,83,P75,75.0,124.805
5380,3,HFA,M,83,P85,85.0,126.707
5381,3,HFA,M,83,P90,90.0,127.995
5382,3,HFA,M,83,P95,95.0,129.905
5383,3,HFA,M,83,P97,97.0,131.145
5384,3,HFA,M,83,P99,99.0,133.486
5385,3,HFA,M,83,P999,99.9,137.501
5386,3,HFA,M,84,P01,0.1,105.4
5387,3,HFA,M,84,P1,1.0,109.437
5388,3,HFA,M,84,P3,3.0,111.793
5389,3,HFA,M,84,P5,5.0,113.04
5390,3,HFA,M,84,P10,10.0,114.96
5391,3,HFA,M,84,P15,15.0,116.256
5392,3,HFA,M,84,P25,25.0,118.169
5393,3,HFA,M,84,P50,50.0,121.734
5394,3,HFA,M,84,P75,75.0,125.299
5395,3,HFA,M,84,P85,85.0,127.212
5396,3,HFA,M,84,P90,90.0,128.508
5397,3,HFA,M,84,P95,95.0,130.428
5398,3,HFA,M,84,P97,97.0,131.675
5399,3,HFA,M,84,P99,99.0,134.03
5400,3,HFA,M,84,P999,99.9,138.068
5401,3,HFA,M,85,P01,0.1,105.778
5402,3,HFA,M,85,P1,1.0,109.839
5403,3,HFA,M,85,P3,3.0,112.207
5404,3,HFA,M,85,P5,5.0,113.461
5405,3,HFA,M,85,P10,10.0,115.393
5406,3,HFA,M,85,P15,15.0,116.696
5407,3,HFA,M,85,P25,25.0,118.62
5408,3,HFA,M,85,P50,50.0,122.205
5409,3,HFA,M,85,P75,75.0,125.791
5410,3,HFA,M,85,P85,85.0,127.715
5411,3,HFA,M,85,P90,90.0,129.018
5412,3,HFA,M,85,P95,95.0,130.949
5413,3,HFA,M,85,P97,97.0,132.203
5414,3,HFA,M,85,P99,99.0,134.572
5415,3,HFA,M,85,P999,99.9,138.633
5416,3,HFA,M,86,P01,0.1,106.154
5417,3,HFA,M,86,P1,1.0,110.238
5418,3,HFA,M,86,P3,3.0,112.62
5419,3,HFA,M,86,P5,5.0,113.881
5420,3,HFA,M,86,P10,10.0,115.824
5421,3,HFA,M,86,P15,15.0,117.134
5422,3,HFA,M,86,P25,25.0,119.069
5423,3,HFA,M,86,P50,50.0,122.675
5424,3,HFA,M,86,P75,75.0,126.281
5425,3,HFA,M,86,P85,85.0,128.216
5426,3,HFA,M,86,P90,90.0,129.526
5427,3,HFA,M,86,P95,95.0,131.469
5428,3,HFA,M,86,P97,97.0,132.73
5429,3,HFA,M,86,P99,99.0,135.112
5430,3,HFA,M,86,P999,99.9,139.196
5431,3,HFA,M,87,P01,0.1,106.529
5432,3,HFA,M,87,P1,1.0,110.635
5433,3,HFA,M,87,P3,3.0,113.031
5434,3,HFA,M,87,P5,5.0,114.299
5435,3,HFA,M,87,P10,10.0,116.253
5436,3,HFA,M,87,P15,15.0,117.571
5437,3,HFA,M,87,P25,25.0,119.517
5438,3,HFA,M,87,P50,50.0,123.143
5439,3,HFA,M,87,P75,75.0,126.769
5440,3,HFA,M,87,P85,85.0,128.715
5441,3,HFA,M,87,P90,90.0,130.033
5442,3,HFA,M,87,P95,95.0,131.986
5443,3,HFA,M,87,P97,97.0,133.255
5444,3,HFA,M,87,P99,99.0,135.65
5445,3,HFA,M,87,P999,99.9,139.757
5446,3,HFA,M,88,P01,0.1,106.901
5447,3,HFA,M,88,P1,1.0,111.031
5448,3,HFA,M,88,P3,3.0,113.44
5449,3,HFA,M,88,P5,5.0,114.716
5450,3,HFA,M,88,P10,10.0,116.68
5451,3,HFA,M,88,P15,15.0,118.006
5452,3,HFA,M,88,P25,25.0,119.962
5453,3,HFA,M,88,P50,50.0,123.609
5454,3,HFA,M,88,P75,75.0,127.256
5455,3,HFA,M,88,P85,85.0,129.213
5456,3,HFA,M,88,P90,90.0,130.538
5457,3,HFA,M,88,P95,95.0,132.502
5458,3,HFA,M,88,P97,97.0,133.778
5459,3,HFA,M,88,P99,99.0,136.187
5460,3,HFA,M,88,P999,99.9,140.317
5461,3,HFA,M,89,P01,0.1,107.272
5462,3,HFA,M,89,P1,1.0,111.425
5463,3,HFA,M,89,P3,3.0,113.848
5464,3,HFA,M,89,P5,5.0,115.131
5465,3,HFA,M,89,P10,10.0,117.106
5466,3,HFA,M,89,P15,15.0,118.439
5467,3,HFA,M,89,P25,25.0,120.406
5468,3,HFA,M,89,P50,50.0,124.074
5469,3,HFA,M,89,P75,75.0,127.741
5470,3,HFA,M,89,P85,85.0,129.709
5471,3,HFA,M,89,P90,90.0,131.041
5472,3,HFA,M,89,P95,95.0,133.017
5473,3,HFA,M,89,P97,97.0,134.299
5474,3,HFA,M,89,P99,99.0,136.722
5475,3,HFA,M,89,P999,99.9,140.875
5476,3,HFA,M,90,P01,0.1,107.641
5477,3,HFA,M,90,P1,1.0,111.818
5478,3,HFA,M,90,P3,3.0,114.254
5479,3,HFA,M,90,P5,5.0,115.543
5480,3,HFA,M,90,P10,10.0,117.53
5481,3,HFA,M,90,P15,15.0,118.87
5482,3,HFA,M,90,P25,25.0,120.849
5483,3,HFA,M,90,P50,50.0,124.536
5484,3,HFA,M,90,P75,75.0,128.224
5485,3,HFA,M,90,P85,85.0,130.202
5486,3,HFA,M,90,P90,90.0,131.543
5487,3,HFA,M,90,P95,95.0,133.529
5488,3,HFA,M,90,P97,97.0,134.819
5489,3,HFA,M,90,P99,99.0,137.255
5490,3,HFA,M,90,P999,99.9,141.431
5491,3,HFA,M,91,P01,0.1,108.008
5492,3,HFA,M,91,P1,1.0,112.208
5493,3,HFA,M,91,P3,3.0,114.657
5494,3,HFA,M,91,P5,5.0,115.954
5495,3,HFA,M,91,P10,10.0,117.951
5496,3,HFA,M,91,P15,15.0,119.299
5497,3,HFA,M,91,P25,25.0,121.288
5498,3,HFA,M,91,P50,50.0,124.996
5499,3,HFA,M,91,P75,75.0,128.704
5500,3,HFA,M,91,P85,85.0,130.694
5501,3,HFA,M,91,P90,90.0,132.042
5502,3,HFA,M,91,P95,95.0,134.039
5503,3,HFA,M,91,P97,97.0,135.336
5504,3,HFA,M,91,P99,99.0,137.785
5505,3,HFA,M,91,P999,99.9,141.984
5506,3,HFA,M,92,P01,0.1,108.373
5507,3,HFA,M,92,P1,1.0,112.596
5508,3,HFA,M,92,P3,3.0,115.058
5509,3,HFA,M,92,P5,5.0,116.363
5510,3,HFA,M,92,P10,10.0,118.371
5511,3,HFA,M,92,P15,15.0,119.726
5512,3,HFA,M,92,P25,25.0,121.726
5513,3,HFA,M,92,P50,50.0,125.454
5514,3,HFA,M,92,P75,75.0,129.183
5515,3,HFA,M,92,P85,85.0,131.183
5516,3,HFA,M,92,P90,90.0,132.538
5517,3,HFA,M,92,P95,95.0,134.546
5518,3,HFA,M,92,P97,97.0,135.851
5519,3,HFA,M,92,P99,99.0,138.313
5520,3,HFA,M,92,P999,99.9,142.536
5521,3,HFA,M,93,P01,0.1,108.736
5522,3,HFA,M,93,P1,1.0,112.981
5523,3,HFA,M,93,P3,3.0,115.458
5524,3,HFA,M,93,P5,5.0,116.769
5525,3,HFA,M,93,P10,10.0,118.788
5526,3,HFA,M,93,P15,15.0,120.15
5527,3,HFA,M,93,P25,25.0,122.162
5528,3,HFA,M,93,P50,50.0,125.91
5529,3,HFA,M,93,P75,75.0,129.659
5530,3,HFA,M,93,P85,85.0,131.671
5531,3,HFA,M,93,P90,90.0,133.033
5532,3,HFA,M,93,P95,95.0,135.052
5533,3,HFA,M,93,P97,97.0,136.363
5534,3,HFA,M,93,P99,99.0,138.84
5535,3,HFA,M,93,P999,99.9,143.085
5536,3,HFA,M,94,P01,0.1,109.096
5537,3,HFA,M,94,P1,1.0,113.365
5538,3,HFA,M,94,P3,3.0,115.854
5539,3,HFA,M,94,P5,5.0,117.173
5540,3,HFA,M,94,P10,10.0,119.203
5541,3,HFA,M,94,P15,15.0,120.573
5542,3,HFA,M,94,P25,25.0,122.595
5543,3,HFA,M,94,P50,50.0,126.364
5544,3,HFA,M,94,P75,75.0,130.133
5545,3,HFA,M,94,P85,85.0,132.155
5546,3,HFA,M,94,P90,90.0,133.525
5547,3,HFA,M,94,P95,95.0,135.555
5548,3,HFA,M,94,P97,97.0,136.874
5549,3,HFA,M,94,P99,99.0,139.363
5550,3,HFA,M,94,P999,99.9,143.632
5551,3,HFA,M,95,P01,0.1,109.455
5552,3,HFA,M,95,P1,1.0,113.746
5553,3,HFA,M,95,P3,3.0,116.249
5554,3,HFA,M,95,P5,5.0,117.575
5555,3,HFA,M,95,P10,10.0,119.616
5556,3,HFA,M,95,P15,15.0,120.993
5557,3,HFA,M,95,P25,25.0,123.026
5558,3,HFA,M,95,P50,50.0,126.816
5559,3,HFA,M,95,P75,75.0,130.605
5560,3,HFA,M,95,P85,85.0,132.638
5561,3,HFA,M,95,P90,90.0,134.015
5562,3,HFA,M,95,P95,95.0,136.056
5563,3,HFA,M,95,P97,97.0,137.382
5564,3,HFA,M,95,P99,99.0,139.885
5565,3,HFA,M,95,P999,99.9,144.176
5566,3,HFA,M,96,P01,0.1,109.811
5567,3,HFA,M,96,P1,1.0,114.126
5568,3,HFA,M,96,P3,3.0,116.642
5569,3,HFA,M,96,P5,5.0,117.975
5570,3,HFA,M,96,P10,10.0,120.027
5571,3,HFA,M,96,P15,15.0,121.411
5572,3,HFA,M,96,P25,25.0,123.456
5573,3,HFA,M,96,P50,50.0,127.265
5574,3,HFA,M,96,P75,75.0,131.075
5575,3,HFA,M,96,P85,85.0,133.119
5576,3,HFA,M,96,P90,90.0,134.503
5577,3,HFA,M,96,P95,95.0,136.555
5578,3,HFA,M,96,P97,97.0,137.888
5579,3,HFA,M,96,P99,99.0,140.404
5580,3,HFA,M,96,P999,99.9,144.719
5581,3,HFA,M,97,P01,0.1,110.166
5582,3,HFA,M,97,P1,1.0,114.504
5583,3,HFA,M,97,P3,3.0,117.034
5584,3,HFA,M,97,P5,5.0,118.373
5585,3,HFA,M,97,P10,10.0,120.436
5586,3,HFA,M,97,P15,15.0,121.828
5587,3,HFA,M,97,P25,25.0,123.883
5588,3,HFA,M,97,P50,50.0,127.713
5589,3,HFA,M,97,P75,75.0,131.543
5590,3,HFA,M,97,P85,85.0,133.598
5591,3,HFA,M,97,P90,90.0,134.99
5592,3,HFA,M,97,P95,95.0,137.053
5593,3,HFA,M,97,P97,97.0,138.392
5594,3,HFA,M,97,P99,99.0,140.922
5595,3,HFA,M,97,P999,99.9,145.26
5596,3,HFA,M,98,P01,0.1,110.519
5597,3,HFA,M,98,P1,1.0,114.88
5598,3,HFA,M,98,P3,3.0,117.423
5599,3,HFA,M,98,P5,5.0,118.77
5600,3,HFA,M,98,P10,10.0,120.844
5601,3,HFA,M,98,P15,15.0,122.243
5602,3,HFA,M,98,P25,25.0,124.309
5603,3,HFA,M,98,P50,50.0,128.159
5604,3,HFA,M,98,P75,75.0,132.009
5605,3,HFA,M,98,P85,85.0,134.075
5606,3,HFA,M,98,P90,90.0,135.474
5607,3,HFA,M,98,P95,95.0,137.548
5608,3,HFA,M,98,P97,97.0,138.895
5609,3,HFA,M,98,P99,99.0,141.438
5610,3,HFA,M,98,P999,99.9,145.799
5611,3,HFA,M,99,P01,0.1,110.871
5612,3,HFA,M,99,P1,1.0,115.254
5613,3,HFA,M,99,P3,3.0,117.811
5614,3,HFA,M,99,P5,5.0,119.165
5615,3,HFA,M,99,P10,10.0,121.249
5616,3,HFA,M,99,P15,15.0,122.656
5617,3,HFA,M,99,P25,25.0,124.733
5618,3,HFA,M,99,P50,50.0,128.603
5619,3,HFA,M,99,P75,75.0,132.474
5620,3,HFA,M,99,P85,85.0,134.551
5621,3,HFA,M,99,P90,90.0,135.957
5622,3,HFA,M,99,P95,95.0,138.042
5623,3,HFA,M,99,P97,97.0,139.396
5624,3,HFA,M,99,P99,99.0,141.953
5625,3,HFA,M,99,P999,99.9,146.336
5626,3,HFA,M,100,P01,0.1,111.221
5627,3,HFA,M,100,P1,1.0,115.627
5628,3,HFA,M,100,P3,3.0,118.197
5629,3,HFA,M,100,P5,5.0,119.558
5630,3,HFA,M,100,P10,10.0,121.654
5631,3,HFA,M,100,P15,15.0,123.068
5632,3,HFA,M,100,P25,25.0,125.156
5633,3,HFA,M,100,P50,50.0,129.047
5634,3,HFA,M,100,P75,75.0,132.937
5635,3,HFA,M,100,P85,85.0,135.025
5636,3,HFA,M,100,P90,90.0,136.439
5637,3,HFA,M,100,P95,95.0,138.535
5638,3,HFA,M,100,P97,97.0,139.896
5639,3,HFA,M,100,P99,99.0,142.466
5640,3,HFA,M,100,P999,99.9,146.872
5641,3,HFA,M,101,P01,0.1,111.57
5642,3,HFA,M,101,P1,1.0,115.999
5643,3,HFA,M,101,P3,3.0,118.583
5644,3,HFA,M,101,P5,5.0,119.951
5645,3,HFA,M,101,P10,10.0,122.058
5646,3,HFA,M,101,P15,15.0,123.479
5647,3,HFA,M,101,P25,25.0,125.578
5648,3,HFA,M,101,P50,50.0,129.489
5649,3,HFA,M,101,P75,75.0,133.4
5650,3,HFA,M,101,P85,85.0,135.498
5651,3,HFA,M,101,P90,90.0,136.92
5652,3,HFA,M,101,P95,95.0,139.026
5653,3,HFA,M,101,P97,97.0,140.394
5654,3,HFA,M,101,P99,99.0,142.978
5655,3,HFA,M,101,P999,99.9,147.407
5656,3,HFA,M,102,P01,0.1,111.914
5657,3,HFA,M,102,P1,1.0,116.367
5658,3,HFA,M,102,P3,3.0,118.965
5659,3,HFA,M,102,P5,5.0,120.341
5660,3,HFA,M,102,P10,10.0,122.459
5661,3,HFA,M,102,P15,15.0,123.888
5662,3,HFA,M,102,P25,25.0,125.998
5663,3,HFA,M,102,P50,50.0,129.93
5664,3,HFA,M,102,P75,75.0,133.862
5665,3,HFA,M,102,P85,85.0,135.972
5666,3,HFA,M,102,P90,90.0,137.401
5667,3,HFA,M,102,P95,95.0,139.519
5668,3,HFA,M,102,P97,97.0,140.895
5669,3,HFA,M,102,P99,99.0,143.493
5670,3,HFA,M,102,P999,99.9,147.946
5671,3,HFA,M,103,P01,0.1,112.261
5672,3,HFA,M,103,P1,1.0,116.738
5673,3,HFA,M,103,P3,3.0,119.349
5674,3,HFA,M,103,P5,5.0,120.731
5675,3,HFA,M,103,P10,10.0,122.86
5676,3,HFA,M,103,P15,15.0,124.297
5677,3,HFA,M,103,P25,25.0,126.418
5678,3,HFA,M,103,P50,50.0,130.37
5679,3,HFA,M,103,P75,75.0,134.323
5680,3,HFA,M,103,P85,85.0,136.444
5681,3,HFA,M,103,P90,90.0,137.881
5682,3,HFA,M,103,P95,95.0,140.01
5683,3,HFA,M,103,P97,97.0,141.392
5684,3,HFA,M,103,P99,99.0,144.003
5685,3,HFA,M,103,P999,99.9,148.48
5686,3,HFA,M,104,P01,0.1,112.608
5687,3,HFA,M,104,P1,1.0,117.107
5688,3,HFA,M,104,P3,3.0,119.732
5689,3,HFA,M,104,P5,5.0,121.121
5690,3,HFA,M,104,P10,10.0,123.261
5691,3,HFA,M,104,P15,15.0,124.705
5692,3,HFA,M,104,P25,25.0,126.837
5693,3,HFA,M,104,P50,50.0,130.81
5694,3,HFA,M,104,P75,75.0,134.783
5695,3,HFA,M,104,P85,85.0,136.915
5696,3,HFA,M,104,P90,90.0,138.359
5697,3,HFA,M,104,P95,95.0,140.499
5698,3,HFA,M,104,P97,97.0,141.889
5699,3,HFA,M,104,P99,99.0,144.513
5700,3,HFA,M,104,P999,99.9,149.013
5701,3,HFA,M,105,P01,0.1,112.953
5702,3,HFA,M,105,P1,1.0,117.476
5703,3,HFA,M,105,P3,3.0,120.114
5704,3,HFA,M,105,P5,5.0,121.511
5705,3,HFA,M,105,P10,10.0,123.662
5706,3,HFA,M,105,P15,15.0,125.113
5707,3,HFA,M,105,P25,25.0,127.256
5708,3,HFA,M,105,P50,50.0,131.25
5709,3,HFA,M,105,P75,75.0,135.243
5710,3,HFA,M,105,P85,85.0,137.386
5711,3,HFA,M,105,P90,90.0,138.837
5712,3,HFA,M,105,P95,95.0,140.988
5713,3,HFA,M,105,P97,97.0,142.385
5714,3,HFA,M,105,P99,99.0,145.023
5715,3,HFA,M,105,P999,99.9,149.546
5716,3,HFA,M,106,P01,0.1,113.298
5717,3,HFA,M,106,P1,1.0,117.844
5718,3,HFA,M,106,P3,3.0,120.496
5719,3,HFA,M,106,P5,5.0,121.9
5720,3,HFA,M,106,P10,10.0,124.062
5721,3,HFA,M,106,P15,15.0,125.521
5722,3,HFA,M,106,P25,25.0,127.675
5723,3,HFA,M,106,P50,50.0,131.688
5724,3,HFA,M,106,P75,75.0,135.702
5725,3,HFA,M,106,P85,85.0,137.856
5726,3,HFA,M,106,P90,90.0,139.315
5727,3,HFA,M,106,P95,95.0,141.477
5728,3,HFA,M,106,P97,97.0,142.881
5729,3,HFA,M,106,P99,99.0,145.532
5730,3,HFA,M,106,P999,99.9,150.078
5731,3,HFA,M,107,P01,0.1,113.643
5732,3,HFA,M,107,P1,1.0,118.212
5733,3,HFA,M,107,P3,3.0,120.877
5734,3,HFA,M,107,P5,5.0,122.288
5735,3,HFA,M,107,P10,10.0,124.461
5736,3,HFA,M,107,P15,15.0,125.928
5737,3,HFA,M,107,P25,25.0,128.093
5738,3,HFA,M,107,P50,50.0,132.127
5739,3,HFA,M,107,P75,75.0,136.161
5740,3,HFA,M,107,P85,85.0,138.326
5741,3,HFA,M,107,P90,90.0,139.792
5742,3,HFA,M,107,P95,95.0,141.965
5743,3,HFA,M,107,P97,97.0,143.377
5744,3,HFA,M,107,P99,99.0,146.042
5745,3,HFA,M,107,P999,99.9,150.611
5746,3,HFA,M,108,P01,0.1,113.987
5747,3,HFA,M,108,P1,1.0,118.58
5748,3,HFA,M,108,P3,3.0,121.258
5749,3,HFA,M,108,P5,5.0,122.677
5750,3,HFA,M,108,P10,10.0,124.861
5751,3,HFA,M,108,P15,15.0,126.334
5752,3,HFA,M,108,P25,25.0,128.51
5753,3,HFA,M,108,P50,50.0,132.565
5754,3,HFA,M,108,P75,75.0,136.62
5755,3,HFA,M,108,P85,85.0,138.796
5756,3,HFA,M,108,P90,90.0,140.27
5757,3,HFA,M,108,P95,95.0,142.454
5758,3,HFA,M,108,P97,97.0,143.872
5759,3,HFA,M,108,P99,99.0,146.551
5760,3,HFA,M,108,P999,99.9,151.143
5761,3,HFA,M,109,P01,0.1,114.331
5762,3,HFA,M,109,P1,1.0,118.947
5763,3,HFA,M,109,P3,3.0,121.639
5764,3,HFA,M,109,P5,5.0,123.064
5765,3,HFA,M,109,P10,10.0,125.26
5766,3,HFA,M,109,P15,15.0,126.741
5767,3,HFA,M,109,P25,25.0,128.928
5768,3,HFA,M,109,P50,50.0,133.003
5769,3,HFA,M,109,P75,75.0,137.079
5770,3,HFA,M,109,P85,85.0,139.266
5771,3,HFA,M,109,P90,90.0,140.747
5772,3,HFA,M,109,P95,95.0,142.942
5773,3,HFA,M,109,P97,97.0,144.367
5774,3,HFA,M,109,P99,99.0,147.06
5775,3,HFA,M,109,P999,99.9,151.675
5776,3,HFA,M,110,P01,0.1,114.674
5777,3,HFA,M,110,P1,1.0,119.313
5778,3,HFA,M,110,P3,3.0,122.019
5779,3,HFA,M,110,P5,5.0,123.451
5780,3,HFA,M,110,P10,10.0,125.658
5781,3,HFA,M,110,P15,15.0,127.146
5782,3,HFA,M,110,P25,25.0,129.344
5783,3,HFA,M,110,P50,50.0,133.44
5784,3,HFA,M,110,P75,75.0,137.536
5785,3,HFA,M,110,P85,85.0,139.735
5786,3,HFA,M,110,P90,90.0,141.223
5787,3,HFA,M,110,P95,95.0,143.429
5788,3,HFA,M,110,P97,97.0,144.862
5789,3,HFA,M,110,P99,99.0,147.568
5790,3,HFA,M,110,P999,99.9,152.207
5791,3,HFA,M,111,P01,0.1,115.016
5792,3,HFA,M,111,P1,1.0,119.678
5793,3,HFA,M,111,P3,3.0,122.398
5794,3,HFA,M,111,P5,5.0,123.838
5795,3,HFA,M,111,P10,10.0,126.055
5796,3,HFA,M,111,P15,15.0,127.551
5797,3,HFA,M,111,P25,25.0,129.76
5798,3,HFA,M,111,P50,50.0,133.877
5799,3,HFA,M,111,P75,75.0,137.994
5800,3,HFA,M,111,P85,85.0,140.203
5801,3,HFA,M,111,P90,90.0,141.699
5802,3,HFA,M,111,P95,95.0,143.916
5803,3,HFA,M,111,P97,97.0,145.356
5804,3,HFA,M,111,P99,99.0,148.076
5805,3,HFA,M,111,P999,99.9,152.738
5806,3,HFA,M,112,P01,0.1,115.361
5807,3,HFA,M,112,P1,1.0,120.046
5808,3,HFA,M,112,P3,3.0,122.779
5809,3,HFA,M,112,P5,5.0,124.226
5810,3,HFA,M,112,P10,10.0,126.454
5811,3,HFA,M,112,P15,15.0,127.957
5812,3,HFA,M,112,P25,25.0,130.177
5813,3,HFA,M,112,P50,50.0,134.313
5814,3,HFA,M,112,P75,75.0,138.449
5815,3,HFA,M,112,P85,85.0,140.669
5816,3,HFA,M,112,P90,90.0,142.172
5817,3,HFA,M,112,P95,95.0,144.4
5818,3,HFA,M,112,P97,97.0,145.847
5819,3,HFA,M,112,P99,99.0,148.58
5820,3,HFA,M,112,P999,99.9,153.265
5821,3,HFA,M,113,P01,0.1,115.702
5822,3,HFA,M,113,P1,1.0,120.41
5823,3,HFA,M,113,P3,3.0,123.156
5824,3,HFA,M,113,P5,5.0,124.61
5825,3,HFA,M,113,P10,10.0,126.85
5826,3,HFA,M,113,P15,15.0,128.36
5827,3,HFA,M,113,P25,25.0,130.591
5828,3,HFA,M,113,P50,50.0,134.748
5829,3,HFA,M,113,P75,75.0,138.905
5830,3,HFA,M,113,P85,85.0,141.136
5831,3,HFA,M,113,P90,90.0,142.647
5832,3,HFA,M,113,P95,95.0,144.886
5833,3,HFA,M,113,P97,97.0,146.34
5834,3,HFA,M,113,P99,99.0,149.086
5835,3,HFA,M,113,P999,99.9,153.795
5836,3,HFA,M,114,P01,0.1,116.042
5837,3,HFA,M,114,P1,1.0,120.773
5838,3,HFA,M,114,P3,3.0,123.533
5839,3,HFA,M,114,P5,5.0,124.995
5840,3,HFA,M,114,P10,10.0,127.245
5841,3,HFA,M,114,P15,15.0,128.763
5842,3,HFA,M,114,P25,25.0,131.005
5843,3,HFA,M,114,P50,50.0,135.183
5844,3,HFA,M,114,P75,75.0,139.361
5845,3,HFA,M,114,P85,85.0,141.603
5846,3,HFA,M,114,P90,90.0,143.121
5847,3,HFA,M,114,P95,95.0,145.371
5848,3,HFA,M,114,P97,97.0,146.833
5849,3,HFA,M,114,P99,99.0,149.592
5850,3,HFA,M,114,P999,99.9,154.324
5851,3,HFA,M,115,P01,0.1,116.385
5852,3,HFA,M,115,P1,1.0,121.139
5853,3,HFA,M,115,P3,3.0,123.912
5854,3,HFA,M,115,P5,5.0,125.38
5855,3,HFA,M,115,P10,10.0,127.641
5856,3,HFA,M,115,P15,15.0,129.167
5857,3,HFA,M,115,P25,25.0,131.419
5858,3,HFA,M,115,P50,50.0,135.617
5859,3,HFA,M,115,P75,75.0,139.814
5860,3,HFA,M,115,P85,85.0,142.067
5861,3,HFA,M,115,P90,90.0,143.592
5862,3,HFA,M,115,P95,95.0,145.853
5863,3,HFA,M,115,P97,97.0,147.322
5864,3,HFA,M,115,P99,99.0,150.095
5865,3,HFA,M,115,P999,99.9,154.849
5866,3,HFA,M,116,P01,0.1,116.723
5867,3,HFA,M,116,P1,1.0,121.501
5868,3,HFA,M,116,P3,3.0,124.287
5869,3,HFA,M,116,P5,5.0,125.763
5870,3,HFA,M,116,P10,10.0,128.035
5871,3,HFA,M,116,P15,15.0,129.568
5872,3,HFA,M,116,P25,25.0,131.832
5873,3,HFA,M,116,P50,50.0,136.05
5874,3,HFA,M,116,P75,75.0,140.269
5875,3,HFA,M,116,P85,85.0,142.532
5876,3,HFA,M,116,P90,90.0,144.065
5877,3,HFA,M,116,P95,95.0,146.337
5878,3,HFA,M,116,P97,97.0,147.813
5879,3,HFA,M,116,P99,99.0,150.6
5880,3,HFA,M,116,P999,99.9,155.377
5881,3,HFA,M,117,P01,0.1,117.065
5882,3,HFA,M,117,P1,1.0,121.865
5883,3,HFA,M,117,P3,3.0,124.665
5884,3,HFA,M,117,P5,5.0,126.147
5885,3,HFA,M,117,P10,10.0,128.43
5886,3,HFA,M,117,P15,15.0,129.97
5887,3,HFA,M,117,P25,25.0,132.245
5888,3,HFA,M,117,P50,50.0,136.483
5889,3,HFA,M,117,P75,75.0,140.721
5890,3,HFA,M,117,P85,85.0,142.996
5891,3,HFA,M,117,P90,90.0,144.536
5892,3,HFA,M,117,P95,95.0,146.819
5893,3,HFA,M,117,P97,97.0,148.301
5894,3,HFA,M,117,P99,99.0,151.101
5895,3,HFA,M,117,P999,99.9,155.901
5896,3,HFA,M,118,P01,0.1,117.402
5897,3,HFA,M,118,P1,1.0,122.225
5898,3,HFA,M,118,P3,3.0,125.039
5899,3,HFA,M,118,P5,5.0,126.529
5900,3,HFA,M,118,P10,10.0,128.823
5901,3,HFA,M,118,P15,15.0,130.371
5902,3,HFA,M,118,P25,25.0,132.656
5903,3,HFA,M,118,P50,50.0,136.915
5904,3,HFA,M,118,P75,75.0,141.174
5905,3,HFA,M,118,P85,85.0,143.46
5906,3,HFA,M,118,P90,90.0,145.008
5907,3,HFA,M,118,P95,95.0,147.302
5908,3,HFA,M,118,P97,97.0,148.792
5909,3,HFA,M,118,P99,99.0,151.605
5910,3,HFA,M,118,P999,99.9,156.429
5911,3,HFA,M,119,P01,0.1,117.743
5912,3,HFA,M,119,P1,1.0,122.589
5913,3,HFA,M,119,P3,3.0,125.416
5914,3,HFA,M,119,P5,5.0,126.912
5915,3,HFA,M,119,P10,10.0,129.217
5916,3,HFA,M,119,P15,15.0,130.772
5917,3,HFA,M,119,P25,25.0,133.068
5918,3,HFA,M,119,P50,50.0,137.347
5919,3,HFA,M,119,P75,75.0,141.626
5920,3,HFA,M,119,P85,85.0,143.923
5921,3,HFA,M,119,P90,90.0,145.478
5922,3,HFA,M,119,P95,95.0,147.782
5923,3,HFA,M,119,P97,97.0,149.279
5924,3,HFA,M,119,P99,99.0,152.106
5925,3,HFA,M,119,P999,99.9,156.952
5926,3,HFA,M,120,P01,0.1,118.083
5927,3,HFA,M,120,P1,1.0,122.952
5928,3,HFA,M,120,P3,3.0,125.792
5929,3,HFA,M,120,P5,5.0,127.296
5930,3,HFA,M,120,P10,10.0,129.611
5931,3,HFA,M,120,P15,15.0,131.174
5932,3,HFA,M,120,P25,25.0,133.481
5933,3,HFA,M,120,P50,50.0,137.78
5934,3,HFA,M,120,P75,75.0,142.078
5935,3,HFA,M,120,P85,85.0,144.385
5936,3,HFA,M,120,P90,90.0,145.948
5937,3,HFA,M,120,P95,95.0,148.263
5938,3,HFA,M,120,P97,97.0,149.767
5939,3,HFA,M,120,P99,99.0,152.607
5940,3,HFA,M,120,P999,99.9,157.476
5941,3,HFA,M,121,P01,0.1,118.424
5942,3,HFA,M,121,P1,1.0,123.315
5943,3,HFA,M,121,P3,3.0,126.169
5944,3,HFA,M,121,P5,5.0,127.679
5945,3,HFA,M,121,P10,10.0,130.006
5946,3,HFA,M,121,P15,15.0,131.575
5947,3,HFA,M,121,P25,25.0,133.893
5948,3,HFA,M,121,P50,50.0,138.212
5949,3,HFA,M,121,P75,75.0,142.531
5950,3,HFA,M,121,P85,85.0,144.849
5951,3,HFA,M,121,P90,90.0,146.418
5952,3,HFA,M,121,P95,95.0,148.744
5953,3,HFA,M,121,P97,97.0,150.255
5954,3,HFA,M,121,P99,99.0,153.108
5955,3,HFA,M,121,P999,99.9,158.0
5956,3,HFA,M,122,P01,0.1,118.765
5957,3,HFA,M,122,P1,1.0,123.679
5958,3,HFA,M,122,P3,3.0,126.546
5959,3,HFA,M,122,P5,5.0,128.064
5960,3,HFA,M,122,P10,10.0,130.401
5961,3,HFA,M,122,P15,15.0,131.978
5962,3,HFA,M,122,P25,25.0,134.306
5963,3,HFA,M,122,P50,50.0,138.645
5964,3,HFA,M,122,P75,75.0,142.984
5965,3,HFA,M,122,P85,85.0,145.313
5966,3,HFA,M,122,P90,90.0,146.89
5967,3,HFA,M,122,P95,95.0,149.227
5968,3,HFA,M,122,P97,97.0,150.745
5969,3,HFA,M,122,P99,99.0,153.611
5970,3,HFA,M,122,P999,99.9,158.525
5971,3,HFA,M,123,P01,0.1,119.107
5972,3,HFA,M,123,P1,1.0,124.044
5973,3,HFA,M,123,P3,3.0,126.924
5974,3,HFA,M,123,P5,5.0,128.449
5975,3,HFA,M,123,P10,10.0,130.797
5976,3,HFA,M,123,P15,15.0,132.381
5977,3,HFA,M,123,P25,25.0,134.72
5978,3,HFA,M,123,P50,50.0,139.08
5979,3,HFA,M,123,P75,75.0,143.439
5980,3,HFA,M,123,P85,85.0,145.778
5981,3,HFA,M,123,P90,90.0,147.362
5982,3,HFA,M,123,P95,95.0,149.71
5983,3,HFA,M,123,P97,97.0,151.235
5984,3,HFA,M,123,P99,99.0,154.115
5985,3,HFA,M,123,P999,99.9,159.052
5986,3,HFA,M,124,P01,0.1,119.451
5987,3,HFA,M,124,P1,1.0,124.411
5988,3,HFA,M,124,P3,3.0,127.304
5989,3,HFA,M,124,P5,5.0,128.836
5990,3,HFA,M,124,P10,10.0,131.195
5991,3,HFA,M,124,P15,15.0,132.786
5992,3,HFA,M,124,P25,25.0,135.136
5993,3,HFA,M,124,P50,50.0,139.516
5994,3,HFA,M,124,P75,75.0,143.895
5995,3,HFA,M,124,P85,85.0,146.245
5996,3,HFA,M,124,P90,90.0,147.837
5997,3,HFA,M,124,P95,95.0,150.196
5998,3,HFA,M,124,P97,97.0,151.728
5999,3,HFA,M,124,P99,99.0,154.621
6000,3,HFA,M,124,P999,99.9,159.581
6001,3,HFA,M,125,P01,0.1,119.796
6002,3,HFA,M,125,P1,1.0,124.779
6003,3,HFA,M,125,P3,3.0,127.685
6004,3,HFA,M,125,P5,5.0,129.224
6005,3,HFA,M,125,P10,10.0,131.594
6006,3,HFA,M,125,P15,15.0,133.193
6007,3,HFA,M,125,P25,25.0,135.554
6008,3,HFA,M,125,P50,50.0,139.954
6009,3,HFA,M,125,P75,75.0,144.354
6010,3,HFA,M,125,P85,85.0,146.715
6011,3,HFA,M,125,P90,90.0,148.314
6012,3,HFA,M,125,P95,95.0,150.684
6013,3,HFA,M,125,P97,97.0,152.223
6014,3,HFA,M,125,P99,99.0,155.129
6015,3,HFA,M,125,P999,99.9,160.112
6016,3,HFA,M,126,P01,0.1,120.147
6017,3,HFA,M,126,P1,1.0,125.152
6018,3,HFA,M,126,P3,3.0,128.071
6019,3,HFA,M,126,P5,5.0,129.617
6020,3,HFA,M,126,P10,10.0,131.998
6021,3,HFA,M,126,P15,15.0,133.604
6022,3,HFA,M,126,P25,25.0,135.975
6023,3,HFA,M,126,P50,50.0,140.395
6024,3,HFA,M,126,P75,75.0,144.814
6025,3,HFA,M,126,P85,85.0,147.186
6026,3,HFA,M,126,P90,90.0,148.792
6027,3,HFA,M,126,P95,95.0,151.172
6028,3,HFA,M,126,P97,97.0,152.718
6029,3,HFA,M,126,P99,99.0,155.638
6030,3,HFA,M,126,P999,99.9,160.643
6031,3,HFA,M,127,P01,0.1,120.496
6032,3,HFA,M,127,P1,1.0,125.525
6033,3,HFA,M,127,P3,3.0,128.458
6034,3,HFA,M,127,P5,5.0,130.011
6035,3,HFA,M,127,P10,10.0,132.403
6036,3,HFA,M,127,P15,15.0,134.016
6037,3,HFA,M,127,P25,25.0,136.399
6038,3,HFA,M,127,P50,50.0,140.839
6039,3,HFA,M,127,P75,75.0,145.279
6040,3,HFA,M,127,P85,85.0,147.661
6041,3,HFA,M,127,P90,90.0,149.275
6042,3,HFA,M,127,P95,95.0,151.666
6043,3,HFA,M,127,P97,97.0,153.22
6044,3,HFA,M,127,P99,99.0,156.153
6045,3,HFA,M,127,P999,99.9,161.181
6046,3,HFA,M,128,P01,0.1,120.853
6047,3,HFA,M,128,P1,1.0,125.904
6048,3,HFA,M,128,P3,3.0,128.85
6049,3,HFA,M,128,P5,5.0,130.41
6050,3,HFA,M,128,P10,10.0,132.812
6051,3,HFA,M,128,P15,15.0,134.433
6052,3,HFA,M,128,P25,25.0,136.826
6053,3,HFA,M,128,P50,50.0,141.286
6054,3,HFA,M,128,P75,75.0,145.746
6055,3,HFA,M,128,P85,85.0,148.139
6056,3,HFA,M,128,P90,90.0,149.76
6057,3,HFA,M,128,P95,95.0,152.162
6058,3,HFA,M,128,P97,97.0,153.722
6059,3,HFA,M,128,P99,99.0,156.668
6060,3,HFA,M,128,P999,99.9,161.719
6061,3,HFA,M,129,P01,0.1,121.212
6062,3,HFA,M,129,P1,1.0,126.286
6063,3,HFA,M,129,P3,3.0,129.245
6064,3,HFA,M,129,P5,5.0,130.812
6065,3,HFA,M,129,P10,10.0,133.225
6066,3,HFA,M,129,P15,15.0,134.853
6067,3,HFA,M,129,P25,25.0,137.257
6068,3,HFA,M,129,P50,50.0,141.737
6069,3,HFA,M,129,P75,75.0,146.217
6070,3,HFA,M,129,P85,85.0,148.621
6071,3,HFA,M,129,P90,90.0,150.249
6072,3,HFA,M,129,P95,95.0,152.662
6073,3,HFA,M,129,P97,97.0,154.229
6074,3,HFA,M,129,P99,99.0,157.188
6075,3,HFA,M,129,P999,99.9,162.261
6076,3,HFA,M,130,P01,0.1,121.575
6077,3,HFA,M,130,P1,1.0,126.671
6078,3,HFA,M,130,P3,3.0,129.644
6079,3,HFA,M,130,P5,5.0,131.218
6080,3,HFA,M,130,P10,10.0,133.642
6081,3,HFA,M,130,P15,15.0,135.277
6082,3,HFA,M,130,P25,25.0,137.692
6083,3,HFA,M,130,P50,50.0,142.192
6084,3,HFA,M,130,P75,75.0,146.692
6085,3,HFA,M,130,P85,85.0,149.106
6086,3,HFA,M,130,P90,90.0,150.742
6087,3,HFA,M,130,P95,95.0,153.165
6088,3,HFA,M,130,P97,97.0,154.74
6089,3,HFA,M,130,P99,99.0,157.712
6090,3,HFA,M,130,P999,99.9,162.808
6091,3,HFA,M,131,P01,0.1,121.94
6092,3,HFA,M,131,P1,1.0,127.06
6093,3,HFA,M,131,P3,3.0,130.046
6094,3,HFA,M,131,P5,5.0,131.627
6095,3,HFA,M,131,P10,10.0,134.062
6096,3,HFA,M,131,P15,15.0,135.704
6097,3,HFA,M,131,P25,25.0,138.13
6098,3,HFA,M,131,P50,50.0,142.65
6099,3,HFA,M,131,P75,75.0,147.17
6100,3,HFA,M,131,P85,85.0,149.596
6101,3,HFA,M,131,P90,90.0,151.239
6102,3,HFA,M,131,P95,95.0,153.673
6103,3,HFA,M,131,P97,97.0,155.255
6104,3,HFA,M,131,P99,99.0,158.241
6105,3,HFA,M,131,P999,99.9,163.36
6106,3,HFA,M,132,P01,0.1,122.314
6107,3,HFA,M,132,P1,1.0,127.455
6108,3,HFA,M,132,P3,3.0,130.454
6109,3,HFA,M,132,P5,5.0,132.042
6110,3,HFA,M,132,P10,10.0,134.487
6111,3,HFA,M,132,P15,15.0,136.137
6112,3,HFA,M,132,P25,25.0,138.573
6113,3,HFA,M,132,P50,50.0,143.113
6114,3,HFA,M,132,P75,75.0,147.652
6115,3,HFA,M,132,P85,85.0,150.088
6116,3,HFA,M,132,P90,90.0,151.738
6117,3,HFA,M,132,P95,95.0,154.183
6118,3,HFA,M,132,P97,97.0,155.771
6119,3,HFA,M,132,P99,99.0,158.77
6120,3,HFA,M,132,P999,99.9,163.912
6121,3,HFA,M,133,P01,0.1,122.686
6122,3,HFA,M,133,P1,1.0,127.851
6123,3,HFA,M,133,P3,3.0,130.863
6124,3,HFA,M,133,P5,5.0,132.458
6125,3,HFA,M,133,P10,10.0,134.915
6126,3,HFA,M,133,P15,15.0,136.572
6127,3,HFA,M,133,P25,25.0,139.019
6128,3,HFA,M,133,P50,50.0,143.58
6129,3,HFA,M,133,P75,75.0,148.14
6130,3,HFA,M,133,P85,85.0,150.587
6131,3,HFA,M,133,P90,90.0,152.244
6132,3,HFA,M,133,P95,95.0,154.701
6133,3,HFA,M,133,P97,97.0,156.296
6134,3,HFA,M,133,P99,99.0,159.308
6135,3,HFA,M,133,P999,99.9,164.473
6136,3,HFA,M,134,P01,0.1,123.067
6137,3,HFA,M,134,P1,1.0,128.254
6138,3,HFA,M,134,P3,3.0,131.279
6139,3,HFA,M,134,P5,5.0,132.882
6140,3,HFA,M,134,P10,10.0,135.349
6141,3,HFA,M,134,P15,15.0,137.013
6142,3,HFA,M,134,P25,25.0,139.471
6143,3,HFA,M,134,P50,50.0,144.051
6144,3,HFA,M,134,P75,75.0,148.631
6145,3,HFA,M,134,P85,85.0,151.089
6146,3,HFA,M,134,P90,90.0,152.754
6147,3,HFA,M,134,P95,95.0,155.221
6148,3,HFA,M,134,P97,97.0,156.823
6149,3,HFA,M,134,P99,99.0,159.848
6150,3,HFA,M,134,P999,99.9,165.036
6151,3,HFA,M,135,P01,0.1,123.451
6152,3,HFA,M,135,P1,1.0,128.661
6153,3,HFA,M,135,P3,3.0,131.7
6154,3,HFA,M,135,P5,5.0,133.309
6155,3,HFA,M,135,P10,10.0,135.787
6156,3,HFA,M,135,P15,15.0,137.459
6157,3,HFA,M,135,P25,25.0,139.927
6158,3,HFA,M,135,P50,50.0,144.528
6159,3,HFA,M,135,P75,75.0,149.128
6160,3,HFA,M,135,P85,85.0,151.596
6161,3,HFA,M,135,P90,90.0,153.268
6162,3,HFA,M,135,P95,95.0,155.746
6163,3,HFA,M,135,P97,97.0,157.355
6164,3,HFA,M,135,P99,99.0,160.394
6165,3,HFA,M,135,P999,99.9,165.604
6166,3,HFA,M,136,P01,0.1,123.845
6167,3,HFA,M,136,P1,1.0,129.077
6168,3,HFA,M,136,P3,3.0,132.128
6169,3,HFA,M,136,P5,5.0,133.744
6170,3,HFA,M,136,P10,10.0,136.232
6171,3,HFA,M,136,P15,15.0,137.911
6172,3,HFA,M,136,P25,25.0,140.39
6173,3,HFA,M,136,P50,50.0,145.009
6174,3,HFA,M,136,P75,75.0,149.629
6175,3,HFA,M,136,P85,85.0,152.108
6176,3,HFA,M,136,P90,90.0,153.786
6177,3,HFA,M,136,P95,95.0,156.275
6178,3,HFA,M,136,P97,97.0,157.89
6179,3,HFA,M,136,P99,99.0,160.942
6180,3,HFA,M,136,P999,99.9,166.174
6181,3,HFA,M,137,P01,0.1,124.238
6182,3,HFA,M,137,P1,1.0,129.493
6183,3,HFA,M,137,P3,3.0,132.558
6184,3,HFA,M,137,P5,5.0,134.181
6185,3,HFA,M,137,P10,10.0,136.681
6186,3,HFA,M,137,P15,15.0,138.367
6187,3,HFA,M,137,P25,25.0,140.857
6188,3,HFA,M,137,P50,50.0,145.496
6189,3,HFA,M,137,P75,75.0,150.136
6190,3,HFA,M,137,P85,85.0,152.626
6191,3,HFA,M,137,P90,90.0,154.312
6192,3,HFA,M,137,P95,95.0,156.811
6193,3,HFA,M,137,P97,97.0,158.435
6194,3,HFA,M,137,P99,99.0,161.5
6195,3,HFA,M,137,P999,99.9,166.754
6196,3,HFA,M,138,P01,0.1,124.641
6197,3,HFA,M,138,P1,1.0,129.918
6198,3,HFA,M,138,P3,3.0,132.996
6199,3,HFA,M,138,P5,5.0,134.626
6200,3,HFA,M,138,P10,10.0,137.136
6201,3,HFA,M,138,P15,15.0,138.829
6202,3,HFA,M,138,P25,25.0,141.33
6203,3,HFA,M,138,P50,50.0,145.989
6204,3,HFA,M,138,P75,75.0,150.649
6205,3,HFA,M,138,P85,85.0,153.149
6206,3,HFA,M,138,P90,90.0,154.842
6207,3,HFA,M,138,P95,95.0,157.352
6208,3,HFA,M,138,P97,97.0,158.982
6209,3,HFA,M,138,P99,99.0,162.06
6210,3,HFA,M,138,P999,99.9,167.337
6211,3,HFA,M,139,P01,0.1,125.049
6212,3,HFA,M,139,P1,1.0,130.348
6213,3,HFA,M,139,P3,3.0,133.439
6214,3,HFA,M,139,P5,5.0,135.076
6215,3,HFA,M,139,P10,10.0,137.597
6216,3,HFA,M,139,P15,15.0,139.297
6217,3,HFA,M,139,P25,25.0,141.808
6218,3,HFA,M,139,P50,50.0,146.488
6219,3,HFA,M,139,P75,75.0,151.167
6220,3,HFA,M,139,P85,85.0,153.678
6221,3,HFA,M,139,P90,90.0,155.379
6222,3,HFA,M,139,P95,95.0,157.899
6223,3,HFA,M,139,P97,97.0,159.536
6224,3,HFA,M,139,P99,99.0,162.627
6225,3,HFA,M,139,P999,99.9,167.927
6226,3,HFA,M,140,P01,0.1,125.462
6227,3,HFA,M,140,P1,1.0,130.784
6228,3,HFA,M,140,P3,3.0,133.888
6229,3,HFA,M,140,P5,5.0,135.532
6230,3,HFA,M,140,P10,10.0,138.064
6231,3,HFA,M,140,P15,15.0,139.771
6232,3,HFA,M,140,P25,25.0,142.293
6233,3,HFA,M,140,P50,50.0,146.993
6234,3,HFA,M,140,P75,75.0,151.692
6235,3,HFA,M,140,P85,85.0,154.214
6236,3,HFA,M,140,P90,90.0,155.922
6237,3,HFA,M,140,P95,95.0,158.453
6238,3,HFA,M,140,P97,97.0,160.097
6239,3,HFA,M,140,P99,99.0,163.201
6240,3,HFA,M,140,P999,99.9,168.524
6241,3,HFA,M,141,P01,0.1,125.88
6242,3,HFA,M,141,P1,1.0,131.225
6243,3,HFA,M,141,P3,3.0,134.343
6244,3,HFA,M,141,P5,5.0,135.994
6245,3,HFA,M,141,P10,10.0,138.536
6246,3,HFA,M,141,P15,15.0,140.252
6247,3,HFA,M,141,P25,25.0,142.784
6248,3,HFA,M,141,P50,50.0,147.504
6249,3,HFA,M,141,P75,75.0,152.224
6250,3,HFA,M,141,P85,85.0,154.757
6251,3,HFA,M,141,P90,90.0,156.472
6252,3,HFA,M,141,P95,95.0,159.014
6253,3,HFA,M,141,P97,97.0,160.665
6254,3,HFA,M,141,P99,99.0,163.783
6255,3,HFA,M,141,P999,99.9,169.128
6256,3,HFA,M,142,P01,0.1,126.309
6257,3,HFA,M,142,P1,1.0,131.676
6258,3,HFA,M,142,P3,3.0,134.807
6259,3,HFA,M,142,P5,5.0,136.465
6260,3,HFA,M,142,P10,10.0,139.017
6261,3,HFA,M,142,P15,15.0,140.74
6262,3,HFA,M,142,P25,25.0,143.283
6263,3,HFA,M,142,P50,50.0,148.022
6264,3,HFA,M,142,P75,75.0,152.762
6265,3,HFA,M,142,P85,85.0,155.305
6266,3,HFA,M,142,P90,90.0,157.027
6267,3,HFA,M,142,P95,95.0,159.58
6268,3,HFA,M,142,P97,97.0,161.238
6269,3,HFA,M,142,P99,99.0,164.369
6270,3,HFA,M,142,P999,99.9,169.736
6271,3,HFA,M,143,P01,0.1,126.743
6272,3,HFA,M,143,P1,1.0,132.133
6273,3,HFA,M,143,P3,3.0,135.277
6274,3,HFA,M,143,P5,5.0,136.942
6275,3,HFA,M,143,P10,10.0,139.505
6276,3,HFA,M,143,P15,15.0,141.235
6277,3,HFA,M,143,P25,25.0,143.789
6278,3,HFA,M,143,P50,50.0,148.548
6279,3,HFA,M,143,P75,75.0,153.307
6280,3,HFA,M,143,P85,85.0,155.861
6281,3,HFA,M,143,P90,90.0,157.59
6282,3,HFA,M,143,P95,95.0,160.154
6283,3,HFA,M,143,P97,97.0,161.819
6284,3,HFA,M,143,P99,99.0,164.963
6285,3,HFA,M,143,P999,99.9,170.353
6286,3,HFA,M,144,P01,0.1,127.184
6287,3,HFA,M,144,P1,1.0,132.597
6288,3,HFA,M,144,P3,3.0,135.754
6289,3,HFA,M,144,P5,5.0,137.426
6290,3,HFA,M,144,P10,10.0,140.0
6291,3,HFA,M,144,P15,15.0,141.737
6292,3,HFA,M,144,P25,25.0,144.301
6293,3,HFA,M,144,P50,50.0,149.081
6294,3,HFA,M,144,P75,75.0,153.86
6295,3,HFA,M,144,P85,85.0,156.425
6296,3,HFA,M,144,P90,90.0,158.162
6297,3,HFA,M,144,P95,95.0,160.736
6298,3,HFA,M,144,P97,97.0,162.408
6299,3,HFA,M,144,P99,99.0,165.565
6300,3,HFA,M,144,P999,99.9,170.977
6301,3,HFA,M,145,P01,0.1,127.636
6302,3,HFA,M,145,P1,1.0,133.07
6303,3,HFA,M,145,P3,3.0,136.24
6304,3,HFA,M,145,P5,5.0,137.919
6305,3,HFA,M,145,P10,10.0,140.504
6306,3,HFA,M,145,P15,15.0,142.248
6307,3,HFA,M,145,P25,25.0,144.823
6308,3,HFA,M,145,P50,50.0,149.621
6309,3,HFA,M,145,P75,75.0,154.42
6310,3,HFA,M,145,P85,85.0,156.995
6311,3,HFA,M,145,P90,90.0,158.739
6312,3,HFA,M,145,P95,95.0,161.323
6313,3,HFA,M,145,P97,97.0,163.002
6314,3,HFA,M,145,P99,99.0,166.172
6315,3,HFA,M,145,P999,99.9,171.607
6316,3,HFA,M,146,P01,0.1,128.09
6317,3,HFA,M,146,P1,1.0,133.548
6318,3,HFA,M,146,P3,3.0,136.731
6319,3,HFA,M,146,P5,5.0,138.417
6320,3,HFA,M,146,P10,10.0,141.013
6321,3,HFA,M,146,P15,15.0,142.764
6322,3,HFA,M,146,P25,25.0,145.35
6323,3,HFA,M,146,P50,50.0,150.169
6324,3,HFA,M,146,P75,75.0,154.989
6325,3,HFA,M,146,P85,85.0,157.575
6326,3,HFA,M,146,P90,90.0,159.326
6327,3,HFA,M,146,P95,95.0,161.922
6328,3,HFA,M,146,P97,97.0,163.608
6329,3,HFA,M,146,P99,99.0,166.791
6330,3,HFA,M,146,P999,99.9,172.249
6331,3,HFA,M,147,P01,0.1,128.559
6332,3,HFA,M,147,P1,1.0,134.039
6333,3,HFA,M,147,P3,3.0,137.235
6334,3,HFA,M,147,P5,5.0,138.927
6335,3,HFA,M,147,P10,10.0,141.533
6336,3,HFA,M,147,P15,15.0,143.291
6337,3,HFA,M,147,P25,25.0,145.887
6338,3,HFA,M,147,P50,50.0,150.726
6339,3,HFA,M,147,P75,75.0,155.564
6340,3,HFA,M,147,P85,85.0,158.16
6341,3,HFA,M,147,P90,90.0,159.918
6342,3,HFA,M,147,P95,95.0,162.524
6343,3,HFA,M,147,P97,97.0,164.217
6344,3,HFA,M,147,P99,99.0,167.413
6345,3,HFA,M,147,P999,99.9,172.892
6346,3,HFA,M,148,P01,0.1,129.031
6347,3,HFA,M,148,P1,1.0,134.533
6348,3,HFA,M,148,P3,3.0,137.743
6349,3,HFA,M,148,P5,5.0,139.442
6350,3,HFA,M,148,P10,10.0,142.059
6351,3,HFA,M,148,P15,15.0,143.825
6352,3,HFA,M,148,P25,25.0,146.432
6353,3,HFA,M,148,P50,50.0,151.29
6354,3,HFA,M,148,P75,75.0,156.148
6355,3,HFA,M,148,P85,85.0,158.755
6356,3,HFA,M,148,P90,90.0,160.521
6357,3,HFA,M,148,P95,95.0,163.138
6358,3,HFA,M,148,P97,97.0,164.837
6359,3,HFA,M,148,P99,99.0,168.046
6360,3,HFA,M,148,P999,99.9,173.549
6361,3,HFA,M,149,P01,0.1,129.515
6362,3,HFA,M,149,P1,1.0,135.039
6363,3,HFA,M,149,P3,3.0,138.261
6364,3,HFA,M,149,P5,5.0,139.967
6365,3,HFA,M,149,P10,10.0,142.595
6366,3,HFA,M,149,P15,15.0,144.367
6367,3,HFA,M,149,P25,25.0,146.985
6368,3,HFA,M,149,P50,50.0,151.862
6369,3,HFA,M,149,P75,75.0,156.74
6370,3,HFA,M,149,P85,85.0,159.357
6371,3,HFA,M,149,P90,90.0,161.13
6372,3,HFA,M,149,P95,95.0,163.757
6373,3,HFA,M,149,P97,97.0,165.464
6374,3,HFA,M,149,P99,99.0,168.686
6375,3,HFA,M,149,P999,99.9,174.21
6376,3,HFA,M,150,P01,0.1,130.005
6377,3,HFA,M,150,P1,1.0,135.551
6378,3,HFA,M,150,P3,3.0,138.786
6379,3,HFA,M,150,P5,5.0,140.499
6380,3,HFA,M,150,P10,10.0,143.137
6381,3,HFA,M,150,P15,15.0,144.917
6382,3,HFA,M,150,P25,25.0,147.545
6383,3,HFA,M,150,P50,50.0,152.442
6384,3,HFA,M,150,P75,75.0,157.34
6385,3,HFA,M,150,P85,85.0,159.968
6386,3,HFA,M,150,P90,90.0,161.748
6387,3,HFA,M,150,P95,95.0,164.386
6388,3,HFA,M,150,P97,97.0,166.099
6389,3,HFA,M,150,P99,99.0,169.334
6390,3,HFA,M,150,P999,99.9,174.88
6391,3,HFA,M,151,P01,0.1,130.506
6392,3,HFA,M,151,P1,1.0,136.073
6393,3,HFA,M,151,P3,3.0,139.321
6394,3,HFA,M,151,P5,5.0,141.041
6395,3,HFA,M,151,P10,10.0,143.689
6396,3,HFA,M,151,P15,15.0,145.475
6397,3,HFA,M,151,P25,25.0,148.114
6398,3,HFA,M,151,P50,50.0,153.03
6399,3,HFA,M,151,P75,75.0,157.946
6400,3,HFA,M,151,P85,85.0,160.584
6401,3,HFA,M,151,P90,90.0,162.371
6402,3,HFA,M,151,P95,95.0,165.019
6403,3,HFA,M,151,P97,97.0,166.739
6404,3,HFA,M,151,P99,99.0,169.986
6405,3,HFA,M,151,P999,99.9,175.554
6406,3,HFA,M,152,P01,0.1,131.007
6407,3,HFA,M,152,P1,1.0,136.598
6408,3,HFA,M,152,P3,3.0,139.859
6409,3,HFA,M,152,P5,5.0,141.585
6410,3,HFA,M,152,P10,10.0,144.244
6411,3,HFA,M,152,P15,15.0,146.038
6412,3,HFA,M,152,P25,25.0,148.687
6413,3,HFA,M,152,P50,50.0,153.623
6414,3,HFA,M,152,P75,75.0,158.56
6415,3,HFA,M,152,P85,85.0,161.209
6416,3,HFA,M,152,P90,90.0,163.003
6417,3,HFA,M,152,P95,95.0,165.661
6418,3,HFA,M,152,P97,97.0,167.388
6419,3,HFA,M,152,P99,99.0,170.649
6420,3,HFA,M,152,P999,99.9,176.24
6421,3,HFA,M,153,P01,0.1,131.523
6422,3,HFA,M,153,P1,1.0,137.134
6423,3,HFA,M,153,P3,3.0,140.407
6424,3,HFA,M,153,P5,5.0,142.14
6425,3,HFA,M,153,P10,10.0,144.809
6426,3,HFA,M,153,P15,15.0,146.609
6427,3,HFA,M,153,P25,25.0,149.268
6428,3,HFA,M,153,P50,50.0,154.222
6429,3,HFA,M,153,P75,75.0,159.177
6430,3,HFA,M,153,P85,85.0,161.836
6431,3,HFA,M,153,P90,90.0,163.636
6432,3,HFA,M,153,P95,95.0,166.305
6433,3,HFA,M,153,P97,97.0,168.038
6434,3,HFA,M,153,P99,99.0,171.311
6435,3,HFA,M,153,P999,99.9,176.922
6436,3,HFA,M,154,P01,0.1,132.037
6437,3,HFA,M,154,P1,1.0,137.67
6438,3,HFA,M,154,P3,3.0,140.956
6439,3,HFA,M,154,P5,5.0,142.696
6440,3,HFA,M,154,P10,10.0,145.375
6441,3,HFA,M,154,P15,15.0,147.183
6442,3,HFA,M,154,P25,25.0,149.852
6443,3,HFA,M,154,P50,50.0,154.826
6444,3,HFA,M,154,P75,75.0,159.8
6445,3,HFA,M,154,P85,85.0,162.469
6446,3,HFA,M,154,P90,90.0,164.276
6447,3,HFA,M,154,P95,95.0,166.956
6448,3,HFA,M,154,P97,97.0,168.695
6449,3,HFA,M,154,P99,99.0,171.981
6450,3,HFA,M,154,P999,99.9,177.614
6451,3,HFA,M,155,P01,0.1,132.56
6452,3,HFA,M,155,P1,1.0,138.214
6453,3,HFA,M,155,P3,3.0,141.512
6454,3,HFA,M,155,P5,5.0,143.258
6455,3,HFA,M,155,P10,10.0,145.947
6456,3,HFA,M,155,P15,15.0,147.762
6457,3,HFA,M,155,P25,25.0,150.441
6458,3,HFA,M,155,P50,50.0,155.433
6459,3,HFA,M,155,P75,75.0,160.425
6460,3,HFA,M,155,P85,85.0,163.104
6461,3,HFA,M,155,P90,90.0,164.919
6462,3,HFA,M,155,P95,95.0,167.608
6463,3,HFA,M,155,P97,97.0,169.354
6464,3,HFA,M,155,P99,99.0,172.652
6465,3,HFA,M,155,P999,99.9,178.306
6466,3,HFA,M,156,P01,0.1,133.09
6467,3,HFA,M,156,P1,1.0,138.763
6468,3,HFA,M,156,P3,3.0,142.073
6469,3,HFA,M,156,P5,5.0,143.825
6470,3,HFA,M,156,P10,10.0,146.524
6471,3,HFA,M,156,P15,15.0,148.344
6472,3,HFA,M,156,P25,25.0,151.033
6473,3,HFA,M,156,P50,50.0,156.043
6474,3,HFA,M,156,P75,75.0,161.052
6475,3,HFA,M,156,P85,85.0,163.741
6476,3,HFA,M,156,P90,90.0,165.561
6477,3,HFA,M,156,P95,95.0,168.26
6478,3,HFA,M,156,P97,97.0,170.012
6479,3,HFA,M,156,P99,99.0,173.322
6480,3,HFA,M,156,P999,99.9,178.996
6481,3,HFA,M,157,P01,0.1,133.621
6482,3,HFA,M,157,P1,1.0,139.314
6483,3,HFA,M,157,P3,3.0,142.635
6484,3,HFA,M,157,P5,5.0,144.394
6485,3,HFA,M,157,P10,10.0,147.102
6486,3,HFA,M,157,P15,15.0,148.929
6487,3,HFA,M,157,P25,25.0,151.627
6488,3,HFA,M,157,P50,50.0,156.654
6489,3,HFA,M,157,P75,75.0,161.681
6490,3,HFA,M,157,P85,85.0,164.379
6491,3,HFA,M,157,P90,90.0,166.206
6492,3,HFA,M,157,P95,95.0,168.914
6493,3,HFA,M,157,P97,97.0,170.673
6494,3,HFA,M,157,P99,99.0,173.994
6495,3,HFA,M,157,P999,99.9,179.687
6496,3,HFA,M,158,P01,0.1,134.152
6497,3,HFA,M,158,P1,1.0,139.866
6498,3,HFA,M,158,P3,3.0,143.198
6499,3,HFA,M,158,P5,5.0,144.963
6500,3,HFA,M,158,P10,10.0,147.681
6501,3,HFA,M,158,P15,15.0,149.514
6502,3,HFA,M,158,P25,25.0,152.221
6503,3,HFA,M,158,P50,50.0,157.266
6504,3,HFA,M,158,P75,75.0,162.311
6505,3,HFA,M,158,P85,85.0,165.018
6506,3,HFA,M,158,P90,90.0,166.851
6507,3,HFA,M,158,P95,95.0,169.569
6508,3,HFA,M,158,P97,97.0,171.334
6509,3,HFA,M,158,P99,99.0,174.666
6510,3,HFA,M,158,P999,99.9,180.38
6511,3,HFA,M,159,P01,0.1,134.684
6512,3,HFA,M,159,P1,1.0,140.417
6513,3,HFA,M,159,P3,3.0,143.761
6514,3,HFA,M,159,P5,5.0,145.532
6515,3,HFA,M,159,P10,10.0,148.259
6516,3,HFA,M,159,P15,15.0,150.099
6517,3,HFA,M,159,P25,25.0,152.815
6518,3,HFA,M,159,P50,50.0,157.878
6519,3,HFA,M,159,P75,75.0,162.94
6520,3,HFA,M,159,P85,85.0,165.656
6521,3,HFA,M,159,P90,90.0,167.496
6522,3,HFA,M,159,P95,95.0,170.223
6523,3,HFA,M,159,P97,97.0,171.994
6524,3,HFA,M,159,P99,99.0,175.338
6525,3,HFA,M,159,P999,99.9,181.071
6526,3,HFA,M,160,P01,0.1,135.219
6527,3,HFA,M,160,P1,1.0,140.97
6528,3,HFA,M,160,P3,3.0,144.325
6529,3,HFA,M,160,P5,5.0,146.102
6530,3,HFA,M,160,P10,10.0,148.837
6531,3,HFA,M,160,P15,15.0,150.683
6532,3,HFA,M,160,P25,25.0,153.408
6533,3,HFA,M,160,P50,50.0,158.487
6534,3,HFA,M,160,P75,75.0,163.566
6535,3,HFA,M,160,P85,85.0,166.291
6536,3,HFA,M,160,P90,90.0,168.137
6537,3,HFA,M,160,P95,95.0,170.872
6538,3,HFA,M,160,P97,97.0,172.649
6539,3,HFA,M,160,P99,99.0,176.004
6540,3,HFA,M,160,P999,99.9,181.756
6541,3,HFA,M,161,P01,0.1,135.756
6542,3,HFA,M,161,P1,1.0,141.525
6543,3,HFA,M,161,P3,3.0,144.89
6544,3,HFA,M,161,P5,5.0,146.671
6545,3,HFA,M,161,P10,10.0,149.415
6546,3,HFA,M,161,P15,15.0,151.266
6547,3,HFA,M,161,P25,25.0,154.0
6548,3,HFA,M,161,P50,50.0,159.094
6549,3,HFA,M,161,P75,75.0,164.188
6550,3,HFA,M,161,P85,85.0,166.921
6551,3,HFA,M,161,P90,90.0,168.772
6552,3,HFA,M,161,P95,95.0,171.516
6553,3,HFA,M,161,P97,97.0,173.298
6554,3,HFA,M,161,P99,99.0,176.663
6555,3,HFA,M,161,P999,99.9,182.432
6556,3,HFA,M,162,P01,0.1,136.285
6557,3,HFA,M,162,P1,1.0,142.072
6558,3,HFA,M,162,P3,3.0,145.447
6559,3,HFA,M,162,P5,5.0,147.235
6560,3,HFA,M,162,P10,10.0,149.987
6561,3,HFA,M,162,P15,15.0,151.844
6562,3,HFA,M,162,P25,25.0,154.586
6563,3,HFA,M,162,P50,50.0,159.696
6564,3,HFA,M,162,P75,75.0,164.806
6565,3,HFA,M,162,P85,85.0,167.548
6566,3,HFA,M,162,P90,90.0,169.405
6567,3,HFA,M,162,P95,95.0,172.158
6568,3,HFA,M,162,P97,97.0,173.945
6569,3,HFA,M,162,P99,99.0,177.321
6570,3,HFA,M,162,P999,99.9,183.108
6571,3,HFA,M,163,P01,0.1,136.815
6572,3,HFA,M,163,P1,1.0,142.618
6573,3,HFA,M,163,P3,3.0,146.004
6574,3,HFA,M,163,P5,5.0,147.796
6575,3,HFA,M,163,P10,10.0,150.557
6576,3,HFA,M,163,P15,15.0,152.419
6577,3,HFA,M,163,P25,25.0,155.169
6578,3,HFA,M,163,P50,50.0,160.294
6579,3,HFA,M,163,P75,75.0,165.419
6580,3,HFA,M,163,P85,85.0,168.169
6581,3,HFA,M,163,P90,90.0,170.031
6582,3,HFA,M,163,P95,95.0,172.791
6583,3,HFA,M,163,P97,97.0,174.584
6584,3,HFA,M,163,P99,99.0,177.969
6585,3,HFA,M,163,P999,99.9,183.773
6586,3,HFA,M,164,P01,0.1,137.345
6587,3,HFA,M,164,P1,1.0,143.164
6588,3,HFA,M,164,P3,3.0,146.558
6589,3,HFA,M,164,P5,5.0,148.356
6590,3,HFA,M,164,P10,10.0,151.123
6591,3,HFA,M,164,P15,15.0,152.991
6592,3,HFA,M,164,P25,25.0,155.748
6593,3,HFA,M,164,P50,50.0,160.886
6594,3,HFA,M,164,P75,75.0,166.024
6595,3,HFA,M,164,P85,85.0,168.782
6596,3,HFA,M,164,P90,90.0,170.649
6597,3,HFA,M,164,P95,95.0,173.417
6598,3,HFA,M,164,P97,97.0,175.214
6599,3,HFA,M,164,P99,99.0,178.608
6600,3,HFA,M,164,P999,99.9,184.427
6601,3,HFA,M,165,P01,0.1,137.87
6602,3,HFA,M,165,P1,1.0,143.704
6603,3,HFA,M,165,P3,3.0,147.107
6604,3,HFA,M,165,P5,5.0,148.909
6605,3,HFA,M,165,P10,10.0,151.684
6606,3,HFA,M,165,P15,15.0,153.556
6607,3,HFA,M,165,P25,25.0,156.32
6608,3,HFA,M,165,P50,50.0,161.472
6609,3,HFA,M,165,P75,75.0,166.624
6610,3,HFA,M,165,P85,85.0,169.388
6611,3,HFA,M,165,P90,90.0,171.26
6612,3,HFA,M,165,P95,95.0,174.035
6613,3,HFA,M,165,P97,97.0,175.837
6614,3,HFA,M,165,P99,99.0,179.24
6615,3,HFA,M,165,P999,99.9,185.074
6616,3,HFA,M,166,P01,0.1,138.389
6617,3,HFA,M,166,P1,1.0,144.238
6618,3,HFA,M,166,P3,3.0,147.649
6619,3,HFA,M,166,P5,5.0,149.456
6620,3,HFA,M,166,P10,10.0,152.238
6621,3,HFA,M,166,P15,15.0,154.115
6622,3,HFA,M,166,P25,25.0,156.886
6623,3,HFA,M,166,P50,50.0,162.05
6624,3,HFA,M,166,P75,75.0,167.215
6625,3,HFA,M,166,P85,85.0,169.986
6626,3,HFA,M,166,P90,90.0,171.863
6627,3,HFA,M,166,P95,95.0,174.645
6628,3,HFA,M,166,P97,97.0,176.452
6629,3,HFA,M,166,P99,99.0,179.863
6630,3,HFA,M,166,P999,99.9,185.712
6631,3,HFA,M,167,P01,0.1,138.901
6632,3,HFA,M,167,P1,1.0,144.764
6633,3,HFA,M,167,P3,3.0,148.184
6634,3,HFA,M,167,P5,5.0,149.995
6635,3,HFA,M,167,P10,10.0,152.784
6636,3,HFA,M,167,P15,15.0,154.665
6637,3,HFA,M,167,P25,25.0,157.444
6638,3,HFA,M,167,P50,50.0,162.621
6639,3,HFA,M,167,P75,75.0,167.798
6640,3,HFA,M,167,P85,85.0,170.576
6641,3,HFA,M,167,P90,90.0,172.458
6642,3,HFA,M,167,P95,95.0,175.246
6643,3,HFA,M,167,P97,97.0,177.057
6644,3,HFA,M,167,P99,99.0,180.477
6645,3,HFA,M,167,P999,99.9,186.34
6646,3,HFA,M,168,P01,0.1,139.41
6647,3,HFA,M,168,P1,1.0,145.286
6648,3,HFA,M,168,P3,3.0,148.714
6649,3,HFA,M,168,P5,5.0,150.529
6650,3,HFA,M,168,P10,10.0,153.323
6651,3,HFA,M,168,P15,15.0,155.209
6652,3,HFA,M,168,P25,25.0,157.993
6653,3,HFA,M,168,P50,50.0,163.182
6654,3,HFA,M,168,P75,75.0,168.37
6655,3,HFA,M,168,P85,85.0,171.154
6656,3,HFA,M,168,P90,90.0,173.04
6657,3,HFA,M,168,P95,95.0,175.834
6658,3,HFA,M,168,P97,97.0,177.649
6659,3,HFA,M,168,P99,99.0,181.077
6660,3,HFA,M,168,P999,99.9,186.953
6661,3,HFA,M,169,P01,0.1,139.916
6662,3,HFA,M,169,P1,1.0,145.803
6663,3,HFA,M,169,P3,3.0,149.237
6664,3,HFA,M,169,P5,5.0,151.055
6665,3,HFA,M,169,P10,10.0,153.855
6666,3,HFA,M,169,P15,15.0,155.744
6667,3,HFA,M,169,P25,25.0,158.534
6668,3,HFA,M,169,P50,50.0,163.732
6669,3,HFA,M,169,P75,75.0,168.93
6670,3,HFA,M,169,P85,85.0,171.72
6671,3,HFA,M,169,P90,90.0,173.609
6672,3,HFA,M,169,P95,95.0,176.409
6673,3,HFA,M,169,P97,97.0,178.227
6674,3,HFA,M,169,P99,99.0,181.661
6675,3,HFA,M,169,P999,99.9,187.548
6676,3,HFA,M,170,P01,0.1,140.408
6677,3,HFA,M,170,P1,1.0,146.307
6678,3,HFA,M,170,P3,3.0,149.747
6679,3,HFA,M,170,P5,5.0,151.569
6680,3,HFA,M,170,P10,10.0,154.375
6681,3,HFA,M,170,P15,15.0,156.268
6682,3,HFA,M,170,P25,25.0,159.063
6683,3,HFA,M,170,P50,50.0,164.272
6684,3,HFA,M,170,P75,75.0,169.48
6685,3,HFA,M,170,P85,85.0,172.275
6686,3,HFA,M,170,P90,90.0,174.168
6687,3,HFA,M,170,P95,95.0,176.974
6688,3,HFA,M,170,P97,97.0,178.796
6689,3,HFA,M,170,P99,99.0,182.237
6690,3,HFA,M,170,P999,99.9,188.136
6691,3,HFA,M,171,P01,0.1,140.894
6692,3,HFA,M,171,P1,1.0,146.804
6693,3,HFA,M,171,P3,3.0,150.25
6694,3,HFA,M,171,P5,5.0,152.075
6695,3,HFA,M,171,P10,10.0,154.886
6696,3,HFA,M,171,P15,15.0,156.782
6697,3,HFA,M,171,P25,25.0,159.582
6698,3,HFA,M,171,P50,50.0,164.799
6699,3,HFA,M,171,P75,75.0,170.017
6700,3,HFA,M,171,P85,85.0,172.817
6701,3,HFA,M,171,P90,90.0,174.713
6702,3,HFA,M,171,P95,95.0,177.523
6703,3,HFA,M,171,P97,97.0,179.349
6704,3,HFA,M,171,P99,99.0,182.795
6705,3,HFA,M,171,P999,99.9,188.704
6706,3,HFA,M,172,P01,0.1,141.37
6707,3,HFA,M,172,P1,1.0,147.289
6708,3,HFA,M,172,P3,3.0,150.742
6709,3,HFA,M,172,P5,5.0,152.57
6710,3,HFA,M,172,P10,10.0,155.385
6711,3,HFA,M,172,P15,15.0,157.284
6712,3,HFA,M,172,P25,25.0,160.088
6713,3,HFA,M,172,P50,50.0,165.314
6714,3,HFA,M,172,P75,75.0,170.541
6715,3,HFA,M,172,P85,85.0,173.345
6716,3,HFA,M,172,P90,90.0,175.244
6717,3,HFA,M,172,P95,95.0,178.059
6718,3,HFA,M,172,P97,97.0,179.887
6719,3,HFA,M,172,P99,99.0,183.34
6720,3,HFA,M,172,P999,99.9,189.259
6721,3,HFA,M,173,P01,0.1,141.841
6722,3,HFA,M,173,P1,1.0,147.767
6723,3,HFA,M,173,P3,3.0,151.224
6724,3,HFA,M,173,P5,5.0,153.055
6725,3,HFA,M,173,P10,10.0,155.874
6726,3,HFA,M,173,P15,15.0,157.775
6727,3,HFA,M,173,P25,25.0,160.583
6728,3,HFA,M,173,P50,50.0,165.816
6729,3,HFA,M,173,P75,75.0,171.05
6730,3,HFA,M,173,P85,85.0,173.858
6731,3,HFA,M,173,P90,90.0,175.759
6732,3,HFA,M,173,P95,95.0,178.578
6733,3,HFA,M,173,P97,97.0,180.409
6734,3,HFA,M,173,P99,99.0,183.866
6735,3,HFA,M,173,P999,99.9,189.792
6736,3,HFA,M,174,P01,0.1,142.3
6737,3,HFA,M,174,P1,1.0,148.234
6738,3,HFA,M,174,P3,3.0,151.695
6739,3,HFA,M,174,P5,5.0,153.528
6740,3,HFA,M,174,P10,10.0,156.35
6741,3,HFA,M,174,P15,15.0,158.254
6742,3,HFA,M,174,P25,25.0,161.065
6743,3,HFA,M,174,P50,50.0,166.305
6744,3,HFA,M,174,P75,75.0,171.545
6745,3,HFA,M,174,P85,85.0,174.356
6746,3,HFA,M,174,P90,90.0,176.26
6747,3,HFA,M,174,P95,95.0,179.082
6748,3,HFA,M,174,P97,97.0,180.915
6749,3,HFA,M,174,P99,99.0,184.376
6750,3,HFA,M,174,P999,99.9,190.31
6751,3,HFA,M,175,P01,0.1,142.747
6752,3,HFA,M,175,P1,1.0,148.688
6753,3,HFA,M,175,P3,3.0,152.153
6754,3,HFA,M,175,P5,5.0,153.988
6755,3,HFA,M,175,P10,10.0,156.813
6756,3,HFA,M,175,P15,15.0,158.72
6757,3,HFA,M,175,P25,25.0,161.534
6758,3,HFA,M,175,P50,50.0,166.78
6759,3,HFA,M,175,P75,75.0,172.025
6760,3,HFA,M,175,P85,85.0,174.84
6761,3,HFA,M,175,P90,90.0,176.746
6762,3,HFA,M,175,P95,95.0,179.572
6763,3,HFA,M,175,P97,97.0,181.407
6764,3,HFA,M,175,P99,99.0,184.872
6765,3,HFA,M,175,P999,99.9,190.812
6766,3,HFA,M,176,P01,0.1,143.184
6767,3,HFA,M,176,P1,1.0,149.131
6768,3,HFA,M,176,P3,3.0,152.599
6769,3,HFA,M,176,P5,5.0,154.436
6770,3,HFA,M,176,P10,10.0,157.265
6771,3,HFA,M,176,P15,15.0,159.173
6772,3,HFA,M,176,P25,25.0,161.991
6773,3,HFA,M,176,P50,50.0,167.242
6774,3,HFA,M,176,P75,75.0,172.492
6775,3,HFA,M,176,P85,85.0,175.31
6776,3,HFA,M,176,P90,90.0,177.218
6777,3,HFA,M,176,P95,95.0,180.047
6778,3,HFA,M,176,P97,97.0,181.884
6779,3,HFA,M,176,P99,99.0,185.352
6780,3,HFA,M,176,P999,99.9,191.299
6781,3,HFA,M,177,P01,0.1,143.614
6782,3,HFA,M,177,P1,1.0,149.566
6783,3,HFA,M,177,P3,3.0,153.037
6784,3,HFA,M,177,P5,5.0,154.875
6785,3,HFA,M,177,P10,10.0,157.705
6786,3,HFA,M,177,P15,15.0,159.615
6787,3,HFA,M,177,P25,25.0,162.435
6788,3,HFA,M,177,P50,50.0,167.69
6789,3,HFA,M,177,P75,75.0,172.945
6790,3,HFA,M,177,P85,85.0,175.765
6791,3,HFA,M,177,P90,90.0,177.674
6792,3,HFA,M,177,P95,95.0,180.505
6793,3,HFA,M,177,P97,97.0,182.343
6794,3,HFA,M,177,P99,99.0,185.814
6795,3,HFA,M,177,P999,99.9,191.766
6796,3,HFA,M,178,P01,0.1,144.034
6797,3,HFA,M,178,P1,1.0,149.989
6798,3,HFA,M,178,P3,3.0,153.463
6799,3,HFA,M,178,P5,5.0,155.302
6800,3,HFA,M,178,P10,10.0,158.135
6801,3,HFA,M,178,P15,15.0,160.045
6802,3,HFA,M,178,P25,25.0,162.867
6803,3,HFA,M,178,P50,50.0,168.126
6804,3,HFA,M,178,P75,75.0,173.384
6805,3,HFA,M,178,P85,85.0,176.206
6806,3,HFA,M,178,P90,90.0,178.116
6807,3,HFA,M,178,P95,95.0,180.949
6808,3,HFA,M,178,P97,97.0,182.788
6809,3,HFA,M,178,P99,99.0,186.262
6810,3,HFA,M,178,P999,99.9,192.217
6811,3,HFA,M,179,P01,0.1,144.443
6812,3,HFA,M,179,P1,1.0,150.402
6813,3,HFA,M,179,P3,3.0,153.877
6814,3,HFA,M,179,P5,5.0,155.718
6815,3,HFA,M,179,P10,10.0,158.552
6816,3,HFA,M,179,P15,15.0,160.464
6817,3,HFA,M,179,P25,25.0,163.287
6818,3,HFA,M,179,P50,50.0,168.548
6819,3,HFA,M,179,P75,75.0,173.809
6820,3,HFA,M,179,P85,85.0,176.633
6821,3,HFA,M,179,P90,90.0,178.545
6822,3,HFA,M,179,P95,95.0,181.379
6823,3,HFA,M,179,P97,97.0,183.219
6824,3,HFA,M,179,P99,99.0,186.695
6825,3,HFA,M,179,P999,99.9,192.653
6826,3,HFA,M,180,P01,0.1,144.841
6827,3,HFA,M,180,P1,1.0,150.803
6828,3,HFA,M,180,P3,3.0,154.28
6829,3,HFA,M,180,P5,5.0,156.121
6830,3,HFA,M,180,P10,10.0,158.957
6831,3,HFA,M,180,P15,15.0,160.869
6832,3,HFA,M,180,P25,25.0,163.694
6833,3,HFA,M,180,P50,50.0,168.958
6834,3,HFA,M,180,P75,75.0,174.222
6835,3,HFA,M,180,P85,85.0,177.047
6836,3,HFA,M,180,P90,90.0,178.959
6837,3,HFA,M,180,P95,95.0,181.795
6838,3,HFA,M,180,P97,97.0,183.636
6839,3,HFA,M,180,P99,99.0,187.113
6840,3,HFA,M,180,P999,99.9,193.075
6841,3,HFA,M,181,P01,0.1,145.234
6842,3,HFA,M,181,P1,1.0,151.196
6843,3,HFA,M,181,P3,3.0,154.674
6844,3,HFA,M,181,P5,5.0,156.516
6845,3,HFA,M,181,P10,10.0,159.352
6846,3,HFA,M,181,P15,15.0,161.265
6847,3,HFA,M,181,P25,25.0,164.09
6848,3,HFA,M,181,P50,50.0,169.355
6849,3,HFA,M,181,P75,75.0,174.62
6850,3,HFA,M,181,P85,85.0,177.445
6851,3,HFA,M,181,P90,90.0,179.358
6852,3,HFA,M,181,P95,95.0,182.194
6853,3,HFA,M,181,P97,97.0,184.036
6854,3,HFA,M,181,P99,99.0,187.513
6855,3,HFA,M,181,P999,99.9,193.476
6856,3,HFA,M,182,P01,0.1,145.616
6857,3,HFA,M,182,P1,1.0,151.579
6858,3,HFA,M,182,P3,3.0,155.057
6859,3,HFA,M,182,P5,5.0,156.899
6860,3,HFA,M,182,P10,10.0,159.735
6861,3,HFA,M,182,P15,15.0,161.648
6862,3,HFA,M,182,P25,25.0,164.474
6863,3,HFA,M,182,P50,50.0,169.739
6864,3,HFA,M,182,P75,75.0,175.004
6865,3,HFA,M,182,P85,85.0,177.83
6866,3,HFA,M,182,P90,90.0,179.743
6867,3,HFA,M,182,P95,95.0,182.579
6868,3,HFA,M,182,P97,97.0,184.421
6869,3,HFA,M,182,P99,99.0,187.899
6870,3,HFA,M,182,P999,99.9,193.862
6871,3,HFA,M,183,P01,0.1,145.986
6872,3,HFA,M,183,P1,1.0,151.95
6873,3,HFA,M,183,P3,3.0,155.428
6874,3,HFA,M,183,P5,5.0,157.27
6875,3,HFA,M,183,P10,10.0,160.106
6876,3,HFA,M,183,P15,15.0,162.019
6877,3,HFA,M,183,P25,25.0,164.845
6878,3,HFA,M,183,P50,50.0,170.11
6879,3,HFA,M,183,P75,75.0,175.375
6880,3,HFA,M,183,P85,85.0,178.201
6881,3,HFA,M,183,P90,90.0,180.114
6882,3,HFA,M,183,P95,95.0,182.95
6883,3,HFA,M,183,P97,97.0,184.792
6884,3,HFA,M,183,P99,99.0,188.27
6885,3,HFA,M,183,P999,99.9,194.233
6886,3,HFA,M,184,P01,0.1,146.346
6887,3,HFA,M,184,P1,1.0,152.309
6888,3,HFA,M,184,P3,3.0,155.787
6889,3,HFA,M,184,P5,5.0,157.629
6890,3,HFA,M,184,P10,10.0,160.465
6891,3,HFA,M,184,P15,15.0,162.378
6892,3,HFA,M,184,P25,25.0,165.203
6893,3,HFA,M,184,P50,50.0,170.468
6894,3,HFA,M,184,P75,75.0,175.733
6895,3,HFA,M,184,P85,85.0,178.558
6896,3,HFA,M,184,P90,90.0,180.471
6897,3,HFA,M,184,P95,95.0,183.307
6898,3,HFA,M,184,P97,97.0,185.149
6899,3,HFA,M,184,P99,99.0,188.627
6900,3,HFA,M,184,P999,99.9,194.59
6901,3,HFA,M,185,P01,0.1,146.696
6902,3,HFA,M,185,P1,1.0,152.658
6903,3,HFA,M,185,P3,3.0,156.135
6904,3,HFA,M,185,P5,5.0,157.976
6905,3,HFA,M,185,P10,10.0,160.812
6906,3,HFA,M,185,P15,15.0,162.725
6907,3,HFA,M,185,P25,25.0,165.55
6908,3,HFA,M,185,P50,50.0,170.814
6909,3,HFA,M,185,P75,75.0,176.078
6910,3,HFA,M,185,P85,85.0,178.902
6911,3,HFA,M,185,P90,90.0,180.815
6912,3,HFA,M,185,P95,95.0,183.651
6913,3,HFA,M,185,P97,97.0,185.492
6914,3,HFA,M,185,P99,99.0,188.97
6915,3,HFA,M,185,P999,99.9,194.931
6916,3,HFA,M,186,P01,0.1,147.035
6917,3,HFA,M,186,P1,1.0,152.995
6918,3,HFA,M,186,P3,3.0,156.472
6919,3,HFA,M,186,P5,5.0,158.313
6920,3,HFA,M,186,P10,10.0,161.147
6921,3,HFA,M,186,P15,15.0,163.06
6922,3,HFA,M,186,P25,25.0,165.884
6923,3,HFA,M,186,P50,50.0,171.147
6924,3,HFA,M,186,P75,75.0,176.41
6925,3,HFA,M,186,P85,85.0,179.234
6926,3,HFA,M,186,P90,90.0,181.146
6927,3,HFA,M,186,P95,95.0,183.981
6928,3,HFA,M,186,P97,97.0,185.822
6929,3,HFA,M,186,P99,99.0,189.298
6930,3,HFA,M,186,P999,99.9,195.259
6931,3,HFA,M,187,P01,0.1,147.369
6932,3,HFA,M,187,P1,1.0,153.326
6933,3,HFA,M,187,P3,3.0,156.801
6934,3,HFA,M,187,P5,5.0,158.641
6935,3,HFA,M,187,P10,10.0,161.474
6936,3,HFA,M,187,P15,15.0,163.386
6937,3,HFA,M,187,P25,25.0,166.208
6938,3,HFA,M,187,P50,50.0,171.468
6939,3,HFA,M,187,P75,75.0,176.728
6940,3,HFA,M,187,P85,85.0,179.55
6941,3,HFA,M,187,P90,90.0,181.462
6942,3,HFA,M,187,P95,95.0,184.295
6943,3,HFA,M,187,P97,97.0,186.135
6944,3,HFA,M,187,P99,99.0,189.61
6945,3,HFA,M,187,P999,99.9,195.567
6946,3,HFA,M,188,P01,0.1,147.688
6947,3,HFA,M,188,P1,1.0,153.643
6948,3,HFA,M,188,P3,3.0,157.116
6949,3,HFA,M,188,P5,5.0,158.955
6950,3,HFA,M,188,P10,10.0,161.787
6951,3,HFA,M,188,P15,15.0,163.698
6952,3,HFA,M,188,P25,25.0,166.519
6953,3,HFA,M,188,P50,50.0,171.777
6954,3,HFA,M,188,P75,75.0,177.035
6955,3,HFA,M,188,P85,85.0,179.857
6956,3,HFA,M,188,P90,90.0,181.767
6957,3,HFA,M,188,P95,95.0,184.599
6958,3,HFA,M,188,P97,97.0,186.439
6959,3,HFA,M,188,P99,99.0,189.912
6960,3,HFA,M,188,P999,99.9,195.866
6961,3,HFA,M,189,P01,0.1,148.002
6962,3,HFA,M,189,P1,1.0,153.953
6963,3,HFA,M,189,P3,3.0,157.424
6964,3,HFA,M,189,P5,5.0,159.262
6965,3,HFA,M,189,P10,10.0,162.092
6966,3,HFA,M,189,P15,15.0,164.001
6967,3,HFA,M,189,P25,25.0,166.821
6968,3,HFA,M,189,P50,50.0,172.075
6969,3,HFA,M,189,P75,75.0,177.329
6970,3,HFA,M,189,P85,85.0,180.148
6971,3,HFA,M,189,P90,90.0,182.058
6972,3,HFA,M,189,P95,95.0,184.888
6973,3,HFA,M,189,P97,97.0,186.726
6974,3,HFA,M,189,P99,99.0,190.197
6975,3,HFA,M,189,P999,99.9,196.147
6976,3,HFA,M,190,P01,0.1,148.307
6977,3,HFA,M,190,P1,1.0,154.253
6978,3,HFA,M,190,P3,3.0,157.721
6979,3,HFA,M,190,P5,5.0,159.557
6980,3,HFA,M,190,P10,10.0,162.385
6981,3,HFA,M,190,P15,15.0,164.293
6982,3,HFA,M,190,P25,25.0,167.111
6983,3,HFA,M,190,P50,50.0,172.361
6984,3,HFA,M,190,P75,75.0,177.611
6985,3,HFA,M,190,P85,85.0,180.428
6986,3,HFA,M,190,P90,90.0,182.336
6987,3,HFA,M,190,P95,95.0,185.164
6988,3,HFA,M,190,P97,97.0,187.0
6989,3,HFA,M,190,P99,99.0,190.468
6990,3,HFA,M,190,P999,99.9,196.414
6991,3,HFA,M,191,P01,0.1,148.596
6992,3,HFA,M,191,P1,1.0,154.538
6993,3,HFA,M,191,P3,3.0,158.004
6994,3,HFA,M,191,P5,5.0,159.839
6995,3,HFA,M,191,P10,10.0,162.665
6996,3,HFA,M,191,P15,15.0,164.572
6997,3,HFA,M,191,P25,25.0,167.388
6998,3,HFA,M,191,P50,50.0,172.634
6999,3,HFA,M,191,P75,75.0,177.881
7000,3,HFA,M,191,P85,85.0,180.697
7001,3,HFA,M,191,P90,90.0,182.604
7002,3,HFA,M,191,P95,95.0,185.43
7003,3,HFA,M,191,P97,97.0,187.265
7004,3,HFA,M,191,P99,99.0,190.731
7005,3,HFA,M,191,P999,99.9,196.673
7006,3,HFA,M,192,P01,0.1,148.88
7007,3,HFA,M,192,P1,1.0,154.817
7008,3,HFA,M,192,P3,3.0,158.28
7009,3,HFA,M,192,P5,5.0,160.113
7010,3,HFA,M,192,P10,10.0,162.937
7011,3,HFA,M,192,P15,15.0,164.842
7012,3,HFA,M,192,P25,25.0,167.655
7013,3,HFA,M,192,P50,50.0,172.897
7014,3,HFA,M,192,P75,75.0,178.139
7015,3,HFA,M,192,P85,85.0,180.952
7016,3,HFA,M,192,P90,90.0,182.857
7017,3,HFA,M,192,P95,95.0,185.68
7018,3,HFA,M,192,P97,97.0,187.514
7019,3,HFA,M,192,P99,99.0,190.976
7020,3,HFA,M,192,P999,99.9,196.913
7021,3,HFA,M,193,P01,0.1,149.155
7022,3,HFA,M,193,P1,1.0,155.085
7023,3,HFA,M,193,P3,3.0,158.545
7024,3,HFA,M,193,P5,5.0,160.377
7025,3,HFA,M,193,P10,10.0,163.197
7026,3,HFA,M,193,P15,15.0,165.1
7027,3,HFA,M,193,P25,25.0,167.91
7028,3,HFA,M,193,P50,50.0,173.147
7029,3,HFA,M,193,P75,75.0,178.384
7030,3,HFA,M,193,P85,85.0,181.194
7031,3,HFA,M,193,P90,90.0,183.097
7032,3,HFA,M,193,P95,95.0,185.917
7033,3,HFA,M,193,P97,97.0,187.749
7034,3,HFA,M,193,P99,99.0,191.209
7035,3,HFA,M,193,P999,99.9,197.139
7036,3,HFA,M,194,P01,0.1,149.419
7037,3,HFA,M,194,P1,1.0,155.344
7038,3,HFA,M,194,P3,3.0,158.799
7039,3,HFA,M,194,P5,5.0,160.629
7040,3,HFA,M,194,P10,10.0,163.446
7041,3,HFA,M,194,P15,15.0,165.348
7042,3,HFA,M,194,P25,25.0,168.155
7043,3,HFA,M,194,P50,50.0,173.386
7044,3,HFA,M,194,P75,75.0,178.617
7045,3,HFA,M,194,P85,85.0,181.424
7046,3,HFA,M,194,P90,90.0,183.325
7047,3,HFA,M,194,P95,95.0,186.142
7048,3,HFA,M,194,P97,97.0,187.972
7049,3,HFA,M,194,P99,99.0,191.428
7050,3,HFA,M,194,P999,99.9,197.352
7051,3,HFA,M,195,P01,0.1,149.674
7052,3,HFA,M,195,P1,1.0,155.591
7053,3,HFA,M,195,P3,3.0,159.043
7054,3,HFA,M,195,P5,5.0,160.871
7055,3,HFA,M,195,P10,10.0,163.685
7056,3,HFA,M,195,P15,15.0,165.584
7057,3,HFA,M,195,P25,25.0,168.388
7058,3,HFA,M,195,P50,50.0,173.613
7059,3,HFA,M,195,P75,75.0,178.838
7060,3,HFA,M,195,P85,85.0,181.641
7061,3,HFA,M,195,P90,90.0,183.54
7062,3,HFA,M,195,P95,95.0,186.355
7063,3,HFA,M,195,P97,97.0,188.182
7064,3,HFA,M,195,P99,99.0,191.634
7065,3,HFA,M,195,P999,99.9,197.551
7066,3,HFA,M,196,P01,0.1,149.919
7067,3,HFA,M,196,P1,1.0,155.829
7068,3,HFA,M,196,P3,3.0,159.276
7069,3,HFA,M,196,P5,5.0,161.102
7070,3,HFA,M,196,P10,10.0,163.913
7071,3,HFA,M,196,P15,15.0,165.809
7072,3,HFA,M,196,P25,25.0,168.609
7073,3,HFA,M,196,P50,50.0,173.828
7074,3,HFA,M,196,P75,75.0,179.047
7075,3,HFA,M,196,P85,85.0,181.847
7076,3,HFA,M,196,P90,90.0,183.743
7077,3,HFA,M,196,P95,95.0,186.554
7078,3,HFA,M,196,P97,97.0,188.38
7079,3,HFA,M,196,P99,99.0,191.827
7080,3,HFA,M,196,P999,99.9,197.737
7081,3,HFA,M,197,P01,0.1,150.154
7082,3,HFA,M,197,P1,1.0,156.056
7083,3,HFA,M,197,P3,3.0,159.499
7084,3,HFA,M,197,P5,5.0,161.322
7085,3,HFA,M,197,P10,10.0,164.13
7086,3,HFA,M,197,P15,15.0,166.024
7087,3,HFA,M,197,P25,25.0,168.82
7088,3,HFA,M,197,P50,50.0,174.032
7089,3,HFA,M,197,P75,75.0,179.244
7090,3,HFA,M,197,P85,85.0,182.041
7091,3,HFA,M,197,P90,90.0,183.935
7092,3,HFA,M,197,P95,95.0,186.742
7093,3,HFA,M,197,P97,97.0,188.565
7094,3,HFA,M,197,P99,99.0,192.008
7095,3,HFA,M,197,P999,99.9,197.91
7096,3,HFA,M,198,P01,0.1,150.38
7097,3,HFA,M,198,P1,1.0,156.274
7098,3,HFA,M,198,P3,3.0,159.712
7099,3,HFA,M,198,P5,5.0,161.533
7100,3,HFA,M,198,P10,10.0,164.336
7101,3,HFA,M,198,P15,15.0,166.228
7102,3,HFA,M,198,P25,25.0,169.02
7103,3,HFA,M,198,P50,50.0,174.225
7104,3,HFA,M,198,P75,75.0,179.43
7105,3,HFA,M,198,P85,85.0,182.223
7106,3,HFA,M,198,P90,90.0,184.114
7107,3,HFA,M,198,P95,95.0,186.917
7108,3,HFA,M,198,P97,97.0,188.738
7109,3,HFA,M,198,P99,99.0,192.176
7110,3,HFA,M,198,P999,99.9,198.071
7111,3,HFA,M,199,P01,0.1,150.596
7112,3,HFA,M,199,P1,1.0,156.482
7113,3,HFA,M,199,P3,3.0,159.915
7114,3,HFA,M,199,P5,5.0,161.733
7115,3,HFA,M,199,P10,10.0,164.532
7116,3,HFA,M,199,P15,15.0,166.421
7117,3,HFA,M,199,P25,25.0,169.21
7118,3,HFA,M,199,P50,50.0,174.407
7119,3,HFA,M,199,P75,75.0,179.604
7120,3,HFA,M,199,P85,85.0,182.393
7121,3,HFA,M,199,P90,90.0,184.282
7122,3,HFA,M,199,P95,95.0,187.081
7123,3,HFA,M,199,P97,97.0,188.899
7124,3,HFA,M,199,P99,99.0,192.332
7125,3,HFA,M,199,P999,99.9,198.218
7126,3,HFA,M,200,P01,0.1,150.803
7127,3,HFA,M,200,P1,1.0,156.68
7128,3,HFA,M,200,P3,3.0,160.108
7129,3,HFA,M,200,P5,5.0,161.923
7130,3,HFA,M,200,P10,10.0,164.719
7131,3,HFA,M,200,P15,15.0,166.604
7132,3,HFA,M,200,P25,25.0,169.389
7133,3,HFA,M,200,P50,50.0,174.578
7134,3,HFA,M,200,P75,75.0,179.768
7135,3,HFA,M,200,P85,85.0,182.552
7136,3,HFA,M,200,P90,90.0,184.438
7137,3,HFA,M,200,P95,95.0,187.233
7138,3,HFA,M,200,P97,97.0,189.049
7139,3,HFA,M,200,P99,99.0,192.477
7140,3,HFA,M,200,P999,99.9,198.354
7141,3,HFA,M,201,P01,0.1,151.001
7142,3,HFA,M,201,P1,1.0,156.869
7143,3,HFA,M,201,P3,3.0,160.292
7144,3,HFA,M,201,P5,5.0,162.104
7145,3,HFA,M,201,P10,10.0,164.895
7146,3,HFA,M,201,P15,15.0,166.778
7147,3,HFA,M,201,P25,25.0,169.558
7148,3,HFA,M,201,P50,50.0,174.739
7149,3,HFA,M,201,P75,75.0,179.92
7150,3,HFA,M,201,P85,85.0,182.701
7151,3,HFA,M,201,P90,90.0,184.583
7152,3,HFA,M,201,P95,95.0,187.374
7153,3,HFA,M,201,P97,97.0,189.187
7154,3,HFA,M,201,P99,99.0,192.609
7155,3,HFA,M,201,P999,99.9,198.477
7156,3,HFA,M,202,P01,0.1,151.191
7157,3,HFA,M,202,P1,1.0,157.049
7158,3,HFA,M,202,P3,3.0,160.466
7159,3,HFA,M,202,P5,5.0,162.275
7160,3,HFA,M,202,P10,10.0,165.061
7161,3,HFA,M,202,P15,15.0,166.941
7162,3,HFA,M,202,P25,25.0,169.717
7163,3,HFA,M,202,P50,50.0,174.89
7164,3,HFA,M,202,P75,75.0,180.062
7165,3,HFA,M,202,P85,85.0,182.838
7166,3,HFA,M,202,P90,90.0,184.718
7167,3,HFA,M,202,P95,95.0,187.504
7168,3,HFA,M,202,P97,97.0,189.313
7169,3,HFA,M,202,P99,99.0,192.73
7170,3,HFA,M,202,P999,99.9,198.588
7171,3,HFA,M,203,P01,0.1,151.366
7172,3,HFA,M,203,P1,1.0,157.216
7173,3,HFA,M,203,P3,3.0,160.628
7174,3,HFA,M,203,P5,5.0,162.435
7175,3,HFA,M,203,P10,10.0,165.217
7176,3,HFA,M,203,P15,15.0,167.094
7177,3,HFA,M,203,P25,25.0,169.865
7178,3,HFA,M,203,P50,50.0,175.03
7179,3,HFA,M,203,P75,75.0,180.195
7180,3,HFA,M,203,P85,85.0,182.967
7181,3,HFA,M,203,P90,90.0,184.844
7182,3,HFA,M,203,P95,95.0,187.626
7183,3,HFA,M,203,P97,97.0,189.432
7184,3,HFA,M,203,P99,99.0,192.844
7185,3,HFA,M,203,P999,99.9,198.694
7186,3,HFA,M,204,P01,0.1,151.539
7187,3,HFA,M,204,P1,1.0,157.378
7188,3,HFA,M,204,P3,3.0,160.784
7189,3,HFA,M,204,P5,5.0,162.588
7190,3,HFA,M,204,P10,10.0,165.365
7191,3,HFA,M,204,P15,15.0,167.238
7192,3,HFA,M,204,P25,25.0,170.005
7193,3,HFA,M,204,P50,50.0,175.161
7194,3,HFA,M,204,P75,75.0,180.317
7195,3,HFA,M,204,P85,85.0,183.083
7196,3,HFA,M,204,P90,90.0,184.957
7197,3,HFA,M,204,P95,95.0,187.734
7198,3,HFA,M,204,P97,97.0,189.538
7199,3,HFA,M,204,P99,99.0,192.944
7200,3,HFA,M,204,P999,99.9,198.783
7201,3,HFA,M,205,P01,0.1,151.704
7202,3,HFA,M,205,P1,1.0,157.532
7203,3,HFA,M,205,P3,3.0,160.932
7204,3,HFA,M,205,P5,5.0,162.732
7205,3,HFA,M,205,P10,10.0,165.504
7206,3,HFA,M,205,P15,15.0,167.374
7207,3,HFA,M,205,P25,25.0,170.136
7208,3,HFA,M,205,P50,50.0,175.282
7209,3,HFA,M,205,P75,75.0,180.429
7210,3,HFA,M,205,P85,85.0,183.19
7211,3,HFA,M,205,P90,90.0,185.061
7212,3,HFA,M,205,P95,95.0,187.833
7213,3,HFA,M,205,P97,97.0,189.633
7214,3,HFA,M,205,P99,99.0,193.033
7215,3,HFA,M,205,P999,99.9,198.861
7216,3,HFA,M,206,P01,0.1,151.856
7217,3,HFA,M,206,P1,1.0,157.674
7218,3,HFA,M,206,P3,3.0,161.068
7219,3,HFA,M,206,P5,5.0,162.866
7220,3,HFA,M,206,P10,10.0,165.633
7221,3,HFA,M,206,P15,15.0,167.5
7222,3,HFA,M,206,P25,25.0,170.257
7223,3,HFA,M,206,P50,50.0,175.395
7224,3,HFA,M,206,P75,75.0,180.533
7225,3,HFA,M,206,P85,85.0,183.29
7226,3,HFA,M,206,P90,90.0,185.157
7227,3,HFA,M,206,P95,95.0,187.925
7228,3,HFA,M,206,P97,97.0,189.722
7229,3,HFA,M,206,P99,99.0,193.116
7230,3,HFA,M,206,P999,99.9,198.935
7231,3,HFA,M,207,P01,0.1,152.006
7232,3,HFA,M,207,P1,1.0,157.813
7233,3,HFA,M,207,P3,3.0,161.201
7234,3,HFA,M,207,P5,5.0,162.994
7235,3,HFA,M,207,P10,10.0,165.756
7236,3,HFA,M,207,P15,15.0,167.62
7237,3,HFA,M,207,P25,25.0,170.372
7238,3,HFA,M,207,P50,50.0,175.5
7239,3,HFA,M,207,P75,75.0,180.627
7240,3,HFA,M,207,P85,85.0,183.379
7241,3,HFA,M,207,P90,90.0,185.243
7242,3,HFA,M,207,P95,95.0,188.005
7243,3,HFA,M,207,P97,97.0,189.798
7244,3,HFA,M,207,P99,99.0,193.186
7245,3,HFA,M,207,P999,99.9,198.993
7246,3,HFA,M,208,P01,0.1,152.143
7247,3,HFA,M,208,P1,1.0,157.941
7248,3,HFA,M,208,P3,3.0,161.322
7249,3,HFA,M,208,P5,5.0,163.113
7250,3,HFA,M,208,P10,10.0,165.87
7251,3,HFA,M,208,P15,15.0,167.73
7252,3,HFA,M,208,P25,25.0,170.477
7253,3,HFA,M,208,P50,50.0,175.596
7254,3,HFA,M,208,P75,75.0,180.715
7255,3,HFA,M,208,P85,85.0,183.462
7256,3,HFA,M,208,P90,90.0,185.322
7257,3,HFA,M,208,P95,95.0,188.079
7258,3,HFA,M,208,P97,97.0,189.87
7259,3,HFA,M,208,P99,99.0,193.251
7260,3,HFA,M,208,P999,99.9,199.048
7261,3,HFA,M,209,P01,0.1,152.28
7262,3,HFA,M,209,P1,1.0,158.066
7263,3,HFA,M,209,P3,3.0,161.44
7264,3,HFA,M,209,P5,5.0,163.227
7265,3,HFA,M,209,P10,10.0,165.979
7266,3,HFA,M,209,P15,15.0,167.835
7267,3,HFA,M,209,P25,25.0,170.577
7268,3,HFA,M,209,P50,50.0,175.685
7269,3,HFA,M,209,P75,75.0,180.793
7270,3,HFA,M,209,P85,85.0,183.535
7271,3,HFA,M,209,P90,90.0,185.391
7272,3,HFA,M,209,P95,95.0,188.143
7273,3,HFA,M,209,P97,97.0,189.93
7274,3,HFA,M,209,P99,99.0,193.304
7275,3,HFA,M,209,P999,99.9,199.09
7276,3,HFA,M,210,P01,0.1,152.406
7277,3,HFA,M,210,P1,1.0,158.181
7278,3,HFA,M,210,P3,3.0,161.549
7279,3,HFA,M,210,P5,5.0,163.333
7280,3,HFA,M,210,P10,10.0,166.079
7281,3,HFA,M,210,P15,15.0,167.932
7282,3,HFA,M,210,P25,25.0,170.668
7283,3,HFA,M,210,P50,50.0,175.767
7284,3,HFA,M,210,P75,75.0,180.866
7285,3,HFA,M,210,P85,85.0,183.602
7286,3,HFA,M,210,P90,90.0,185.455
7287,3,HFA,M,210,P95,95.0,188.202
7288,3,HFA,M,210,P97,97.0,189.986
7289,3,HFA,M,210,P99,99.0,193.354
7290,3,HFA,M,210,P999,99.9,199.129
7291,3,HFA,M,211,P01,0.1,152.526
7292,3,HFA,M,211,P1,1.0,158.29
7293,3,HFA,M,211,P3,3.0,161.652
7294,3,HFA,M,211,P5,5.0,163.432
7295,3,HFA,M,211,P10,10.0,166.173
7296,3,HFA,M,211,P15,15.0,168.023
7297,3,HFA,M,211,P25,25.0,170.754
7298,3,HFA,M,211,P50,50.0,175.843
7299,3,HFA,M,211,P75,75.0,180.933
7300,3,HFA,M,211,P85,85.0,183.664
7301,3,HFA,M,211,P90,90.0,185.513
7302,3,HFA,M,211,P95,95.0,188.254
7303,3,HFA,M,211,P97,97.0,190.035
7304,3,HFA,M,211,P99,99.0,193.396
7305,3,HFA,M,211,P999,99.9,199.16
7306,3,HFA,M,212,P01,0.1,152.641
7307,3,HFA,M,212,P1,1.0,158.394
7308,3,HFA,M,212,P3,3.0,161.749
7309,3,HFA,M,212,P5,5.0,163.526
7310,3,HFA,M,212,P10,10.0,166.262
7311,3,HFA,M,212,P15,15.0,168.108
7312,3,HFA,M,212,P25,25.0,170.834
7313,3,HFA,M,212,P50,50.0,175.913
7314,3,HFA,M,212,P75,75.0,180.993
7315,3,HFA,M,212,P85,85.0,183.719
7316,3,HFA,M,212,P90,90.0,185.564
7317,3,HFA,M,212,P95,95.0,188.3
7318,3,HFA,M,212,P97,97.0,190.077
7319,3,HFA,M,212,P99,99.0,193.433
7320,3,HFA,M,212,P999,99.9,199.185
7321,3,HFA,M,213,P01,0.1,152.752
7322,3,HFA,M,213,P1,1.0,158.493
7323,3,HFA,M,213,P3,3.0,161.842
7324,3,HFA,M,213,P5,5.0,163.615
7325,3,HFA,M,213,P10,10.0,166.346
7326,3,HFA,M,213,P15,15.0,168.188
7327,3,HFA,M,213,P25,25.0,170.909
7328,3,HFA,M,213,P50,50.0,175.978
7329,3,HFA,M,213,P75,75.0,181.048
7330,3,HFA,M,213,P85,85.0,183.768
7331,3,HFA,M,213,P90,90.0,185.61
7332,3,HFA,M,213,P95,95.0,188.341
7333,3,HFA,M,213,P97,97.0,190.114
7334,3,HFA,M,213,P99,99.0,193.463
7335,3,HFA,M,213,P999,99.9,199.204
7336,3,HFA,M,214,P01,0.1,152.858
7337,3,HFA,M,214,P1,1.0,158.588
7338,3,HFA,M,214,P3,3.0,161.93
7339,3,HFA,M,214,P5,5.0,163.7
7340,3,HFA,M,214,P10,10.0,166.425
7341,3,HFA,M,214,P15,15.0,168.264
7342,3,HFA,M,214,P25,25.0,170.979
7343,3,HFA,M,214,P50,50.0,176.038
7344,3,HFA,M,214,P75,75.0,181.097
7345,3,HFA,M,214,P85,85.0,183.812
7346,3,HFA,M,214,P90,90.0,185.651
7347,3,HFA,M,214,P95,95.0,188.376
7348,3,HFA,M,214,P97,97.0,190.146
7349,3,HFA,M,214,P99,99.0,193.488
7350,3,HFA,M,214,P999,99.9,199.218
7351,3,HFA,M,215,P01,0.1,152.961
7352,3,HFA,M,215,P1,1.0,158.679
7353,3,HFA,M,215,P3,3.0,162.014
7354,3,HFA,M,215,P5,5.0,163.781
7355,3,HFA,M,215,P10,10.0,166.5
7356,3,HFA,M,215,P15,15.0,168.335
7357,3,HFA,M,215,P25,25.0,171.044
7358,3,HFA,M,215,P50,50.0,176.094
7359,3,HFA,M,215,P75,75.0,181.143
7360,3,HFA,M,215,P85,85.0,183.852
7361,3,HFA,M,215,P90,90.0,185.687
7362,3,HFA,M,215,P95,95.0,188.406
7363,3,HFA,M,215,P97,97.0,190.173
7364,3,HFA,M,215,P99,99.0,193.508
7365,3,HFA,M,215,P999,99.9,199.226
7366,3,HFA,M,216,P01,0.1,153.06
7367,3,HFA,M,216,P1,1.0,158.766
7368,3,HFA,M,216,P3,3.0,162.095
7369,3,HFA,M,216,P5,5.0,163.857
7370,3,HFA,M,216,P10,10.0,166.571
7371,3,HFA,M,216,P15,15.0,168.402
7372,3,HFA,M,216,P25,25.0,171.106
7373,3,HFA,M,216,P50,50.0,176.145
7374,3,HFA,M,216,P75,75.0,181.184
7375,3,HFA,M,216,P85,85.0,183.887
7376,3,HFA,M,216,P90,90.0,185.718
7377,3,HFA,M,216,P95,95.0,188.432
7378,3,HFA,M,216,P97,97.0,190.195
7379,3,HFA,M,216,P99,99.0,193.523
7380,3,HFA,M,216,P999,99.9,199.23
7381,3,HFA,M,217,P01,0.1,153.15
7382,3,HFA,M,217,P1,1.0,158.846
7383,3,HFA,M,217,P3,3.0,162.168
7384,3,HFA,M,217,P5,5.0,163.928
7385,3,HFA,M,217,P10,10.0,166.637
7386,3,HFA,M,217,P15,15.0,168.464
7387,3,HFA,M,217,P25,25.0,171.163
7388,3,HFA,M,217,P50,50.0,176.192
7389,3,HFA,M,217,P75,75.0,181.222
7390,3,HFA,M,217,P85,85.0,183.921
7391,3,HFA,M,217,P90,90.0,185.748
7392,3,HFA,M,217,P95,95.0,188.457
7393,3,HFA,M,217,P97,97.0,190.217
7394,3,HFA,M,217,P99,99.0,193.539
7395,3,HFA,M,217,P999,99.9,199.235
7396,3,HFA,M,218,P01,0.1,153.243
7397,3,HFA,M,218,P1,1.0,158.927
7398,3,HFA,M,218,P3,3.0,162.242
7399,3,HFA,M,218,P5,5.0,163.998
7400,3,HFA,M,218,P10,10.0,166.701
7401,3,HFA,M,218,P15,15.0,168.525
7402,3,HFA,M,218,P25,25.0,171.218
7403,3,HFA,M,218,P50,50.0,176.237
7404,3,HFA,M,218,P75,75.0,181.255
7405,3,HFA,M,218,P85,85.0,183.949
7406,3,HFA,M,218,P90,90.0,185.772
7407,3,HFA,M,218,P95,95.0,188.476
7408,3,HFA,M,218,P97,97.0,190.231
7409,3,HFA,M,218,P99,99.0,193.546
7410,3,HFA,M,218,P999,99.9,199.23
7411,3,HFA,M,219,P01,0.1,153.328
7412,3,HFA,M,219,P1,1.0,159.001
7413,3,HFA,M,219,P3,3.0,162.31
7414,3,HFA,M,219,P5,5.0,164.062
7415,3,HFA,M,219,P10,10.0,166.76
7416,3,HFA,M,219,P15,15.0,168.581
7417,3,HFA,M,219,P25,25.0,171.269
7418,3,HFA,M,219,P50,50.0,176.278
7419,3,HFA,M,219,P75,75.0,181.287
7420,3,HFA,M,219,P85,85.0,183.975
7421,3,HFA,M,219,P90,90.0,185.795
7422,3,HFA,M,219,P95,95.0,188.494
7423,3,HFA,M,219,P97,97.0,190.246
7424,3,HFA,M,219,P99,99.0,193.555
7425,3,HFA,M,219,P999,99.9,199.228
7426,3,HFA,M,220,P01,0.1,153.41
7427,3,HFA,M,220,P1,1.0,159.073
7428,3,HFA,M,220,P3,3.0,162.375
7429,3,HFA,M,220,P5,5.0,164.124
7430,3,HFA,M,220,P10,10.0,166.817
7431,3,HFA,M,220,P15,15.0,168.634
7432,3,HFA,M,220,P25,25.0,171.317
7433,3,HFA,M,220,P50,50.0,176.316
7434,3,HFA,M,220,P75,75.0,181.316
7435,3,HFA,M,220,P85,85.0,183.999
7436,3,HFA,M,220,P90,90.0,185.815
7437,3,HFA,M,220,P95,95.0,188.508
7438,3,HFA,M,220,P97,97.0,190.257
7439,3,HFA,M,220,P99,99.0,193.56
7440,3,HFA,M,220,P999,99.9,199.222
7441,3,HFA,M,221,P01,0.1,153.49
7442,3,HFA,M,221,P1,1.0,159.142
7443,3,HFA,M,221,P3,3.0,162.438
7444,3,HFA,M,221,P5,5.0,164.183
7445,3,HFA,M,221,P10,10.0,166.871
7446,3,HFA,M,221,P15,15.0,168.684
7447,3,HFA,M,221,P25,25.0,171.362
7448,3,HFA,M,221,P50,50.0,176.352
7449,3,HFA,M,221,P75,75.0,181.342
7450,3,HFA,M,221,P85,85.0,184.019
7451,3,HFA,M,221,P90,90.0,185.833
7452,3,HFA,M,221,P95,95.0,188.52
7453,3,HFA,M,221,P97,97.0,190.266
7454,3,HFA,M,221,P99,99.0,193.562
7455,3,HFA,M,221,P999,99.9,199.213
7456,3,HFA,M,222,P01,0.1,153.574
7457,3,HFA,M,222,P1,1.0,159.213
7458,3,HFA,M,222,P3,3.0,162.502
7459,3,HFA,M,222,P5,5.0,164.243
7460,3,HFA,M,222,P10,10.0,166.925
7461,3,HFA,M,222,P15,15.0,168.734
7462,3,HFA,M,222,P25,25.0,171.406
7463,3,HFA,M,222,P50,50.0,176.385
7464,3,HFA,M,222,P75,75.0,181.364
7465,3,HFA,M,222,P85,85.0,184.036
7466,3,HFA,M,222,P90,90.0,185.845
7467,3,HFA,M,222,P95,95.0,188.527
7468,3,HFA,M,222,P97,97.0,190.269
7469,3,HFA,M,222,P99,99.0,193.558
7470,3,HFA,M,222,P999,99.9,199.196
7471,3,HFA,M,223,P01,0.1,153.645
7472,3,HFA,M,223,P1,1.0,159.274
7473,3,HFA,M,223,P3,3.0,162.557
7474,3,HFA,M,223,P5,5.0,164.295
7475,3,HFA,M,223,P10,10.0,166.973
7476,3,HFA,M,223,P15,15.0,168.779
7477,3,HFA,M,223,P25,25.0,171.446
7478,3,HFA,M,223,P50,50.0,176.416
7479,3,HFA,M,223,P75,75.0,181.386
7480,3,HFA,M,223,P85,85.0,184.054
7481,3,HFA,M,223,P90,90.0,185.86
7482,3,HFA,M,223,P95,95.0,188.537
7483,3,HFA,M,223,P97,97.0,190.276
7484,3,HFA,M,223,P99,99.0,193.559
7485,3,HFA,M,223,P999,99.9,199.188
7486,3,HFA,M,224,P01,0.1,153.719
7487,3,HFA,M,224,P1,1.0,159.337
7488,3,HFA,M,224,P3,3.0,162.613
7489,3,HFA,M,224,P5,5.0,164.349
7490,3,HFA,M,224,P10,10.0,167.02
7491,3,HFA,M,224,P15,15.0,168.823
7492,3,HFA,M,224,P25,25.0,171.485
7493,3,HFA,M,224,P50,50.0,176.445
7494,3,HFA,M,224,P75,75.0,181.406
7495,3,HFA,M,224,P85,85.0,184.067
7496,3,HFA,M,224,P90,90.0,185.87
7497,3,HFA,M,224,P95,95.0,188.542
7498,3,HFA,M,224,P97,97.0,190.277
7499,3,HFA,M,224,P99,99.0,193.554
7500,3,HFA,M,224,P999,99.9,199.172
7501,3,HFA,M,225,P01,0.1,153.792
7502,3,HFA,M,225,P1,1.0,159.398
7503,3,HFA,M,225,P3,3.0,162.668
7504,3,HFA,M,225,P5,5.0,164.4
7505,3,HFA,M,225,P10,10.0,167.066
7506,3,HFA,M,225,P15,15.0,168.866
7507,3,HFA,M,225,P25,25.0,171.522
7508,3,HFA,M,225,P50,50.0,176.472
7509,3,HFA,M,225,P75,75.0,181.423
7510,3,HFA,M,225,P85,85.0,184.079
7511,3,HFA,M,225,P90,90.0,185.878
7512,3,HFA,M,225,P95,95.0,188.545
7513,3,HFA,M,225,P97,97.0,190.276
7514,3,HFA,M,225,P99,99.0,193.547
7515,3,HFA,M,225,P999,99.9,199.153
7516,3,HFA,M,226,P01,0.1,153.863
7517,3,HFA,M,226,P1,1.0,159.458
7518,3,HFA,M,226,P3,3.0,162.721
7519,3,HFA,M,226,P5,5.0,164.45
7520,3,HFA,M,226,P10,10.0,167.111
7521,3,HFA,M,226,P15,15.0,168.906
7522,3,HFA,M,226,P25,25.0,171.557
7523,3,HFA,M,226,P50,50.0,176.498
7524,3,HFA,M,226,P75,75.0,181.438
7525,3,HFA,M,226,P85,85.0,184.089
7526,3,HFA,M,226,P90,90.0,185.885
7527,3,HFA,M,226,P95,95.0,188.546
7528,3,HFA,M,226,P97,97.0,190.274
7529,3,HFA,M,226,P99,99.0,193.537
7530,3,HFA,M,226,P999,99.9,199.132
7531,3,HFA,M,227,P01,0.1,153.927
7532,3,HFA,M,227,P1,1.0,159.512
7533,3,HFA,M,227,P3,3.0,162.77
7534,3,HFA,M,227,P5,5.0,164.495
7535,3,HFA,M,227,P10,10.0,167.151
7536,3,HFA,M,227,P15,15.0,168.943
7537,3,HFA,M,227,P25,25.0,171.59
7538,3,HFA,M,227,P50,50.0,176.521
7539,3,HFA,M,227,P75,75.0,181.453
7540,3,HFA,M,227,P85,85.0,184.099
7541,3,HFA,M,227,P90,90.0,185.891
7542,3,HFA,M,227,P95,95.0,188.547
7543,3,HFA,M,227,P97,97.0,190.273
7544,3,HFA,M,227,P99,99.0,193.53
7545,3,HFA,M,227,P999,99.9,199.115
7546,3,HFA,M,228,P01,0.1,153.99
7547,3,HFA,M,228,P1,1.0,159.565
7548,3,HFA,M,228,P3,3.0,162.817
7549,3,HFA,M,228,P5,5.0,164.539
7550,3,HFA,M,228,P10,10.0,167.19
7551,3,HFA,M,228,P15,15.0,168.979
7552,3,HFA,M,228,P25,25.0,171.621
7553,3,HFA,M,228,P50,50.0,176.543
7554,3,HFA,M,228,P75,75.0,181.466
7555,3,HFA,M,228,P85,85.0,184.107
7556,3,HFA,M,228,P90,90.0,185.896
7557,3,HFA,M,228,P95,95.0,188.548
7558,3,HFA,M,228,P97,97.0,190.27
7559,3,HFA,M,228,P99,99.0,193.522
7560,3,HFA,M,228,P999,99.9,199.097
7561,4,HFA,F,61,P01,0.1,94.851
7562,4,HFA,F,61,P1,1.0,98.498
7563,4,HFA,F,61,P3,3.0,100.624
7564,4,HFA,F,61,P5,5.0,101.75
7565,4,HFA,F,61,P10,10.0,103.485
7566,4,HFA,F,61,P15,15.0,104.655
7567,4,HFA,F,61,P25,25.0,106.382
7568,4,HFA,F,61,P50,50.0,109.602
7569,4,HFA,F,61,P75,75.0,112.821
7570,4,HFA,F,61,P85,85.0,114.549
7571,4,HFA,F,61,P90,90.0,115.719
7572,4,HFA,F,61,P95,95.0,117.453
7573,4,HFA,F,61,P97,97.0,118.579
7574,4,HFA,F,61,P99,99.0,120.706
7575,4,HFA,F,61,P999,99.9,124.352
7576,4,HFA,F,62,P01,0.1,95.274
7577,4,HFA,F,62,P1,1.0,98.946
7578,4,HFA,F,62,P3,3.0,101.087
7579,4,HFA,F,62,P5,5.0,102.221
7580,4,HFA,F,62,P10,10.0,103.967
7581,4,HFA,F,62,P15,15.0,105.145
7582,4,HFA,F,62,P25,25.0,106.884
7583,4,HFA,F,62,P50,50.0,110.126
7584,4,HFA,F,62,P75,75.0,113.367
7585,4,HFA,F,62,P85,85.0,115.107
7586,4,HFA,F,62,P90,90.0,116.285
7587,4,HFA,F,62,P95,95.0,118.031
7588,4,HFA,F,62,P97,97.0,119.165
7589,4,HFA,F,62,P99,99.0,121.306
7590,4,HFA,F,62,P999,99.9,124.977
7591,4,HFA,F,63,P01,0.1,95.693
7592,4,HFA,F,63,P1,1.0,99.389
7593,4,HFA,F,63,P3,3.0,101.545
7594,4,HFA,F,63,P5,5.0,102.686
7595,4,HFA,F,63,P10,10.0,104.444
7596,4,HFA,F,63,P15,15.0,105.63
7597,4,HFA,F,63,P25,25.0,107.382
7598,4,HFA,F,63,P50,50.0,110.645
7599,4,HFA,F,63,P75,75.0,113.909
7600,4,HFA,F,63,P85,85.0,115.66
7601,4,HFA,F,63,P90,90.0,116.846
7602,4,HFA,F,63,P95,95.0,118.604
7603,4,HFA,F,63,P97,97.0,119.745
7604,4,HFA,F,63,P99,99.0,121.901
7605,4,HFA,F,63,P999,99.9,125.597
7606,4,HFA,F,64,P01,0.1,96.107
7607,4,HFA,F,64,P1,1.0,99.828
7608,4,HFA,F,64,P3,3.0,101.998
7609,4,HFA,F,64,P5,5.0,103.147
7610,4,HFA,F,64,P10,10.0,104.917
7611,4,HFA,F,64,P15,15.0,106.111
7612,4,HFA,F,64,P25,25.0,107.874
7613,4,HFA,F,64,P50,50.0,111.16
7614,4,HFA,F,64,P75,75.0,114.445
7615,4,HFA,F,64,P85,85.0,116.208
7616,4,HFA,F,64,P90,90.0,117.402
7617,4,HFA,F,64,P95,95.0,119.172
7618,4,HFA,F,64,P97,97.0,120.321
7619,4,HFA,F,64,P99,99.0,122.491
7620,4,HFA,F,64,P999,99.9,126.212
7621,4,HFA,F,65,P01,0.1,96.52
7622,4,HFA,F,65,P1,1.0,100.265
7623,4,HFA,F,65,P3,3.0,102.449
7624,4,HFA,F,65,P5,5.0,103.606
7625,4,HFA,F,65,P10,10.0,105.387
7626,4,HFA,F,65,P15,15.0,106.589
7627,4,HFA,F,65,P25,25.0,108.363
7628,4,HFA,F,65,P50,50.0,111.67
7629,4,HFA,F,65,P75,75.0,114.976
7630,4,HFA,F,65,P85,85.0,116.751
7631,4,HFA,F,65,P90,90.0,117.952
7632,4,HFA,F,65,P95,95.0,119.733
7633,4,HFA,F,65,P97,97.0,120.89
7634,4,HFA,F,65,P99,99.0,123.074
7635,4,HFA,F,65,P999,99.9,126.819
7636,4,HFA,F,66,P01,0.1,96.926
7637,4,HFA,F,66,P1,1.0,100.696
7638,4,HFA,F,66,P3,3.0,102.894
7639,4,HFA,F,66,P5,5.0,104.059
7640,4,HFA,F,66,P10,10.0,105.851
7641,4,HFA,F,66,P15,15.0,107.061
7642,4,HFA,F,66,P25,25.0,108.847
7643,4,HFA,F,66,P50,50.0,112.175
7644,4,HFA,F,66,P75,75.0,115.504
7645,4,HFA,F,66,P85,85.0,117.29
7646,4,HFA,F,66,P90,90.0,118.499
7647,4,HFA,F,66,P95,95.0,120.292
7648,4,HFA,F,66,P97,97.0,121.456
7649,4,HFA,F,66,P99,99.0,123.655
7650,4,HFA,F,66,P999,99.9,127.424
7651,4,HFA,F,67,P01,0.1,97.332
7652,4,HFA,F,67,P1,1.0,101.125
7653,4,HFA,F,67,P3,3.0,103.337
7654,4,HFA,F,67,P5,5.0,104.509
7655,4,HFA,F,67,P10,10.0,106.313
7656,4,HFA,F,67,P15,15.0,107.53
7657,4,HFA,F,67,P25,25.0,109.327
7658,4,HFA,F,67,P50,50.0,112.677
7659,4,HFA,F,67,P75,75.0,116.026
7660,4,HFA,F,67,P85,85.0,117.823
7661,4,HFA,F,67,P90,90.0,119.04
7662,4,HFA,F,67,P95,95.0,120.844
7663,4,HFA,F,67,P97,97.0,122.016
7664,4,HFA,F,67,P99,99.0,124.229
7665,4,HFA,F,67,P999,99.9,128.022
7666,4,HFA,F,68,P01,0.1,97.733
7667,4,HFA,F,68,P1,1.0,101.55
7668,4,HFA,F,68,P3,3.0,103.776
7669,4,HFA,F,68,P5,5.0,104.955
7670,4,HFA,F,68,P10,10.0,106.771
7671,4,HFA,F,68,P15,15.0,107.995
7672,4,HFA,F,68,P25,25.0,109.804
7673,4,HFA,F,68,P50,50.0,113.174
7674,4,HFA,F,68,P75,75.0,116.544
7675,4,HFA,F,68,P85,85.0,118.353
7676,4,HFA,F,68,P90,90.0,119.577
7677,4,HFA,F,68,P95,95.0,121.393
7678,4,HFA,F,68,P97,97.0,122.572
7679,4,HFA,F,68,P99,99.0,124.798
7680,4,HFA,F,68,P999,99.9,128.615
7681,4,HFA,F,69,P01,0.1,98.131
7682,4,HFA,F,69,P1,1.0,101.971
7683,4,HFA,F,69,P3,3.0,104.212
7684,4,HFA,F,69,P5,5.0,105.398
7685,4,HFA,F,69,P10,10.0,107.224
7686,4,HFA,F,69,P15,15.0,108.457
7687,4,HFA,F,69,P25,25.0,110.276
7688,4,HFA,F,69,P50,50.0,113.667
7689,4,HFA,F,69,P75,75.0,117.058
7690,4,HFA,F,69,P85,85.0,118.878
7691,4,HFA,F,69,P90,90.0,120.11
7692,4,HFA,F,69,P95,95.0,121.937
7693,4,HFA,F,69,P97,97.0,123.123
7694,4,HFA,F,69,P99,99.0,125.363
7695,4,HFA,F,69,P999,99.9,129.203
7696,4,HFA,F,70,P01,0.1,98.525
7697,4,HFA,F,70,P1,1.0,102.389
7698,4,HFA,F,70,P3,3.0,104.643
7699,4,HFA,F,70,P5,5.0,105.836
7700,4,HFA,F,70,P10,10.0,107.674
7701,4,HFA,F,70,P15,15.0,108.914
7702,4,HFA,F,70,P25,25.0,110.745
7703,4,HFA,F,70,P50,50.0,114.156
7704,4,HFA,F,70,P75,75.0,117.568
7705,4,HFA,F,70,P85,85.0,119.399
7706,4,HFA,F,70,P90,90.0,120.639
7707,4,HFA,F,70,P95,95.0,122.477
7708,4,HFA,F,70,P97,97.0,123.67
7709,4,HFA,F,70,P99,99.0,125.924
7710,4,HFA,F,70,P999,99.9,129.788
7711,4,HFA,F,71,P01,0.1,98.916
7712,4,HFA,F,71,P1,1.0,102.803
7713,4,HFA,F,71,P3,3.0,105.071
7714,4,HFA,F,71,P5,5.0,106.272
7715,4,HFA,F,71,P10,10.0,108.12
7716,4,HFA,F,71,P15,15.0,109.368
7717,4,HFA,F,71,P25,25.0,111.21
7718,4,HFA,F,71,P50,50.0,114.642
7719,4,HFA,F,71,P75,75.0,118.075
7720,4,HFA,F,71,P85,85.0,119.916
7721,4,HFA,F,71,P90,90.0,121.164
7722,4,HFA,F,71,P95,95.0,123.013
7723,4,HFA,F,71,P97,97.0,124.213
7724,4,HFA,F,71,P99,99.0,126.481
7725,4,HFA,F,71,P999,99.9,130.368
7726,4,HFA,F,72,P01,0.1,99.304
7727,4,HFA,F,72,P1,1.0,103.214
7728,4,HFA,F,72,P3,3.0,105.496
7729,4,HFA,F,72,P5,5.0,106.703
7730,4,HFA,F,72,P10,10.0,108.563
7731,4,HFA,F,72,P15,15.0,109.818
7732,4,HFA,F,72,P25,25.0,111.671
7733,4,HFA,F,72,P50,50.0,115.124
7734,4,HFA,F,72,P75,75.0,118.578
7735,4,HFA,F,72,P85,85.0,120.431
7736,4,HFA,F,72,P90,90.0,121.685
7737,4,HFA,F,72,P95,95.0,123.545
7738,4,HFA,F,72,P97,97.0,124.753
7739,4,HFA,F,72,P99,99.0,127.034
7740,4,HFA,F,72,P999,99.9,130.945
7741,4,HFA,F,73,P01,0.1,99.692
7742,4,HFA,F,73,P1,1.0,103.626
7743,4,HFA,F,73,P3,3.0,105.92
7744,4,HFA,F,73,P5,5.0,107.135
7745,4,HFA,F,73,P10,10.0,109.005
7746,4,HFA,F,73,P15,15.0,110.267
7747,4,HFA,F,73,P25,25.0,112.131
7748,4,HFA,F,73,P50,50.0,115.604
7749,4,HFA,F,73,P75,75.0,119.077
7750,4,HFA,F,73,P85,85.0,120.94
7751,4,HFA,F,73,P90,90.0,122.203
7752,4,HFA,F,73,P95,95.0,124.073
7753,4,HFA,F,73,P97,97.0,125.288
7754,4,HFA,F,73,P99,99.0,127.582
7755,4,HFA,F,73,P999,99.9,131.515
7756,4,HFA,F,74,P01,0.1,100.079
7757,4,HFA,F,74,P1,1.0,104.034
7758,4,HFA,F,74,P3,3.0,106.342
7759,4,HFA,F,74,P5,5.0,107.564
7760,4,HFA,F,74,P10,10.0,109.445
7761,4,HFA,F,74,P15,15.0,110.714
7762,4,HFA,F,74,P25,25.0,112.588
7763,4,HFA,F,74,P50,50.0,116.081
7764,4,HFA,F,74,P75,75.0,119.574
7765,4,HFA,F,74,P85,85.0,121.448
7766,4,HFA,F,74,P90,90.0,122.718
7767,4,HFA,F,74,P95,95.0,124.599
7768,4,HFA,F,74,P97,97.0,125.821
7769,4,HFA,F,74,P99,99.0,128.128
7770,4,HFA,F,74,P999,99.9,132.084
7771,4,HFA,F,75,P01,0.1,100.46
7772,4,HFA,F,75,P1,1.0,104.439
7773,4,HFA,F,75,P3,3.0,106.76
7774,4,HFA,F,75,P5,5.0,107.989
7775,4,HFA,F,75,P10,10.0,109.881
7776,4,HFA,F,75,P15,15.0,111.158
7777,4,HFA,F,75,P25,25.0,113.043
7778,4,HFA,F,75,P50,50.0,116.557
7779,4,HFA,F,75,P75,75.0,120.07
7780,4,HFA,F,75,P85,85.0,121.956
7781,4,HFA,F,75,P90,90.0,123.232
7782,4,HFA,F,75,P95,95.0,125.125
7783,4,HFA,F,75,P97,97.0,126.354
7784,4,HFA,F,75,P99,99.0,128.675
7785,4,HFA,F,75,P999,99.9,132.654
7786,4,HFA,F,76,P01,0.1,100.847
7787,4,HFA,F,76,P1,1.0,104.848
7788,4,HFA,F,76,P3,3.0,107.181
7789,4,HFA,F,76,P5,5.0,108.417
7790,4,HFA,F,76,P10,10.0,110.319
7791,4,HFA,F,76,P15,15.0,111.603
7792,4,HFA,F,76,P25,25.0,113.499
7793,4,HFA,F,76,P50,50.0,117.031
7794,4,HFA,F,76,P75,75.0,120.563
7795,4,HFA,F,76,P85,85.0,122.459
7796,4,HFA,F,76,P90,90.0,123.743
7797,4,HFA,F,76,P95,95.0,125.645
7798,4,HFA,F,76,P97,97.0,126.881
7799,4,HFA,F,76,P99,99.0,129.215
7800,4,HFA,F,76,P999,99.9,133.215
7801,4,HFA,F,77,P01,0.1,101.23
7802,4,HFA,F,77,P1,1.0,105.253
7803,4,HFA,F,77,P3,3.0,107.599
7804,4,HFA,F,77,P5,5.0,108.842
7805,4,HFA,F,77,P10,10.0,110.755
7806,4,HFA,F,77,P15,15.0,112.046
7807,4,HFA,F,77,P25,25.0,113.952
7808,4,HFA,F,77,P50,50.0,117.504
7809,4,HFA,F,77,P75,75.0,121.057
7810,4,HFA,F,77,P85,85.0,122.963
7811,4,HFA,F,77,P90,90.0,124.254
7812,4,HFA,F,77,P95,95.0,126.167
7813,4,HFA,F,77,P97,97.0,127.41
7814,4,HFA,F,77,P99,99.0,129.756
7815,4,HFA,F,77,P999,99.9,133.779
7816,4,HFA,F,78,P01,0.1,101.611
7817,4,HFA,F,78,P1,1.0,105.657
7818,4,HFA,F,78,P3,3.0,108.016
7819,4,HFA,F,78,P5,5.0,109.266
7820,4,HFA,F,78,P10,10.0,111.19
7821,4,HFA,F,78,P15,15.0,112.488
7822,4,HFA,F,78,P25,25.0,114.405
7823,4,HFA,F,78,P50,50.0,117.977
7824,4,HFA,F,78,P75,75.0,121.549
7825,4,HFA,F,78,P85,85.0,123.466
7826,4,HFA,F,78,P90,90.0,124.764
7827,4,HFA,F,78,P95,95.0,126.688
7828,4,HFA,F,78,P97,97.0,127.938
7829,4,HFA,F,78,P99,99.0,130.297
7830,4,HFA,F,78,P999,99.9,134.343
7831,4,HFA,F,79,P01,0.1,101.996
7832,4,HFA,F,79,P1,1.0,106.063
7833,4,HFA,F,79,P3,3.0,108.435
7834,4,HFA,F,79,P5,5.0,109.691
7835,4,HFA,F,79,P10,10.0,111.626
7836,4,HFA,F,79,P15,15.0,112.931
7837,4,HFA,F,79,P25,25.0,114.858
7838,4,HFA,F,79,P50,50.0,118.449
7839,4,HFA,F,79,P75,75.0,122.04
7840,4,HFA,F,79,P85,85.0,123.967
7841,4,HFA,F,79,P90,90.0,125.272
7842,4,HFA,F,79,P95,95.0,127.207
7843,4,HFA,F,79,P97,97.0,128.463
7844,4,HFA,F,79,P99,99.0,130.835
7845,4,HFA,F,79,P999,99.9,134.902
7846,4,HFA,F,80,P01,0.1,102.376
7847,4,HFA,F,80,P1,1.0,106.466
7848,4,HFA,F,80,P3,3.0,108.851
7849,4,HFA,F,80,P5,5.0,110.115
7850,4,HFA,F,80,P10,10.0,112.06
7851,4,HFA,F,80,P15,15.0,113.372
7852,4,HFA,F,80,P25,25.0,115.31
7853,4,HFA,F,80,P50,50.0,118.921
7854,4,HFA,F,80,P75,75.0,122.532
7855,4,HFA,F,80,P85,85.0,124.47
7856,4,HFA,F,80,P90,90.0,125.782
7857,4,HFA,F,80,P95,95.0,127.727
7858,4,HFA,F,80,P97,97.0,128.99
7859,4,HFA,F,80,P99,99.0,131.376
7860,4,HFA,F,80,P999,99.9,135.465
7861,4,HFA,F,81,P01,0.1,102.76
7862,4,HFA,F,81,P1,1.0,106.872
7863,4,HFA,F,81,P3,3.0,109.27
7864,4,HFA,F,81,P5,5.0,110.54
7865,4,HFA,F,81,P10,10.0,112.495
7866,4,HFA,F,81,P15,15.0,113.814
7867,4,HFA,F,81,P25,25.0,115.762
7868,4,HFA,F,81,P50,50.0,119.393
7869,4,HFA,F,81,P75,75.0,123.023
7870,4,HFA,F,81,P85,85.0,124.971
7871,4,HFA,F,81,P90,90.0,126.29
7872,4,HFA,F,81,P95,95.0,128.246
7873,4,HFA,F,81,P97,97.0,129.515
7874,4,HFA,F,81,P99,99.0,131.914
7875,4,HFA,F,81,P999,99.9,136.025
7876,4,HFA,F,82,P01,0.1,103.144
7877,4,HFA,F,82,P1,1.0,107.278
7878,4,HFA,F,82,P3,3.0,109.688
7879,4,HFA,F,82,P5,5.0,110.965
7880,4,HFA,F,82,P10,10.0,112.931
7881,4,HFA,F,82,P15,15.0,114.257
7882,4,HFA,F,82,P25,25.0,116.215
7883,4,HFA,F,82,P50,50.0,119.865
7884,4,HFA,F,82,P75,75.0,123.514
7885,4,HFA,F,82,P85,85.0,125.473
7886,4,HFA,F,82,P90,90.0,126.799
7887,4,HFA,F,82,P95,95.0,128.765
7888,4,HFA,F,82,P97,97.0,130.041
7889,4,HFA,F,82,P99,99.0,132.452
7890,4,HFA,F,82,P999,99.9,136.585
7891,4,HFA,F,83,P01,0.1,103.529
7892,4,HFA,F,83,P1,1.0,107.684
7893,4,HFA,F,83,P3,3.0,110.107
7894,4,HFA,F,83,P5,5.0,111.391
7895,4,HFA,F,83,P10,10.0,113.367
7896,4,HFA,F,83,P15,15.0,114.7
7897,4,HFA,F,83,P25,25.0,116.669
7898,4,HFA,F,83,P50,50.0,120.337
7899,4,HFA,F,83,P75,75.0,124.006
7900,4,HFA,F,83,P85,85.0,125.975
7901,4,HFA,F,83,P90,90.0,127.308
7902,4,HFA,F,83,P95,95.0,129.284
7903,4,HFA,F,83,P97,97.0,130.568
7904,4,HFA,F,83,P99,99.0,132.991
7905,4,HFA,F,83,P999,99.9,137.146
7906,4,HFA,F,84,P01,0.1,103.917
7907,4,HFA,F,84,P1,1.0,108.093
7908,4,HFA,F,84,P3,3.0,110.529
7909,4,HFA,F,84,P5,5.0,111.819
7910,4,HFA,F,84,P10,10.0,113.805
7911,4,HFA,F,84,P15,15.0,115.145
7912,4,HFA,F,84,P25,25.0,117.123
7913,4,HFA,F,84,P50,50.0,120.81
7914,4,HFA,F,84,P75,75.0,124.498
7915,4,HFA,F,84,P85,85.0,126.476
7916,4,HFA,F,84,P90,90.0,127.816
7917,4,HFA,F,84,P95,95.0,129.802
7918,4,HFA,F,84,P97,97.0,131.092
7919,4,HFA,F,84,P99,99.0,133.528
7920,4,HFA,F,84,P999,99.9,137.704
7921,4,HFA,F,85,P01,0.1,104.302
7922,4,HFA,F,85,P1,1.0,108.5
7923,4,HFA,F,85,P3,3.0,110.949
7924,4,HFA,F,85,P5,5.0,112.245
7925,4,HFA,F,85,P10,10.0,114.242
7926,4,HFA,F,85,P15,15.0,115.589
7927,4,HFA,F,85,P25,25.0,117.578
7928,4,HFA,F,85,P50,50.0,121.284
7929,4,HFA,F,85,P75,75.0,124.991
7930,4,HFA,F,85,P85,85.0,126.98
7931,4,HFA,F,85,P90,90.0,128.327
7932,4,HFA,F,85,P95,95.0,130.323
7933,4,HFA,F,85,P97,97.0,131.62
7934,4,HFA,F,85,P99,99.0,134.068
7935,4,HFA,F,85,P999,99.9,138.266
7936,4,HFA,F,86,P01,0.1,104.691
7937,4,HFA,F,86,P1,1.0,108.91
7938,4,HFA,F,86,P3,3.0,111.371
7939,4,HFA,F,86,P5,5.0,112.674
7940,4,HFA,F,86,P10,10.0,114.681
7941,4,HFA,F,86,P15,15.0,116.035
7942,4,HFA,F,86,P25,25.0,118.034
7943,4,HFA,F,86,P50,50.0,121.759
7944,4,HFA,F,86,P75,75.0,125.484
7945,4,HFA,F,86,P85,85.0,127.483
7946,4,HFA,F,86,P90,90.0,128.837
7947,4,HFA,F,86,P95,95.0,130.843
7948,4,HFA,F,86,P97,97.0,132.146
7949,4,HFA,F,86,P99,99.0,134.607
7950,4,HFA,F,86,P999,99.9,138.826
7951,4,HFA,F,87,P01,0.1,105.077
7952,4,HFA,F,87,P1,1.0,109.318
7953,4,HFA,F,87,P3,3.0,111.792
7954,4,HFA,F,87,P5,5.0,113.102
7955,4,HFA,F,87,P10,10.0,115.119
7956,4,HFA,F,87,P15,15.0,116.48
7957,4,HFA,F,87,P25,25.0,118.489
7958,4,HFA,F,87,P50,50.0,122.234
7959,4,HFA,F,87,P75,75.0,125.978
7960,4,HFA,F,87,P85,85.0,127.988
7961,4,HFA,F,87,P90,90.0,129.349
7962,4,HFA,F,87,P95,95.0,131.366
7963,4,HFA,F,87,P97,97.0,132.676
7964,4,HFA,F,87,P99,99.0,135.149
7965,4,HFA,F,87,P999,99.9,139.39
7966,4,HFA,F,88,P01,0.1,105.467
7967,4,HFA,F,88,P1,1.0,109.73
7968,4,HFA,F,88,P3,3.0,112.216
7969,4,HFA,F,88,P5,5.0,113.532
7970,4,HFA,F,88,P10,10.0,115.559
7971,4,HFA,F,88,P15,15.0,116.927
7972,4,HFA,F,88,P25,25.0,118.946
7973,4,HFA,F,88,P50,50.0,122.71
7974,4,HFA,F,88,P75,75.0,126.473
7975,4,HFA,F,88,P85,85.0,128.493
7976,4,HFA,F,88,P90,90.0,129.86
7977,4,HFA,F,88,P95,95.0,131.887
7978,4,HFA,F,88,P97,97.0,133.204
7979,4,HFA,F,88,P99,99.0,135.69
7980,4,HFA,F,88,P999,99.9,139.952
7981,4,HFA,F,89,P01,0.1,105.862
7982,4,HFA,F,89,P1,1.0,110.145
7983,4,HFA,F,89,P3,3.0,112.643
7984,4,HFA,F,89,P5,5.0,113.965
7985,4,HFA,F,89,P10,10.0,116.002
7986,4,HFA,F,89,P15,15.0,117.376
7987,4,HFA,F,89,P25,25.0,119.405
7988,4,HFA,F,89,P50,50.0,123.187
7989,4,HFA,F,89,P75,75.0,126.968
7990,4,HFA,F,89,P85,85.0,128.997
7991,4,HFA,F,89,P90,90.0,130.371
7992,4,HFA,F,89,P95,95.0,132.408
7993,4,HFA,F,89,P97,97.0,133.731
7994,4,HFA,F,89,P99,99.0,136.229
7995,4,HFA,F,89,P999,99.9,140.511
7996,4,HFA,F,90,P01,0.1,106.254
7997,4,HFA,F,90,P1,1.0,110.558
7998,4,HFA,F,90,P3,3.0,113.068
7999,4,HFA,F,90,P5,5.0,114.397
8000,4,HFA,F,90,P10,10.0,116.444
8001,4,HFA,F,90,P15,15.0,117.825
8002,4,HFA,F,90,P25,25.0,119.864
8003,4,HFA,F,90,P50,50.0,123.665
8004,4,HFA,F,90,P75,75.0,127.465
8005,4,HFA,F,90,P85,85.0,129.504
8006,4,HFA,F,90,P90,90.0,130.885
8007,4,HFA,F,90,P95,95.0,132.932
8008,4,HFA,F,90,P97,97.0,134.261
8009,4,HFA,F,90,P99,99.0,136.772
8010,4,HFA,F,90,P999,99.9,141.075
8011,4,HFA,F,91,P01,0.1,106.646
8012,4,HFA,F,91,P1,1.0,110.971
8013,4,HFA,F,91,P3,3.0,113.494
8014,4,HFA,F,91,P5,5.0,114.83
8015,4,HFA,F,91,P10,10.0,116.887
8016,4,HFA,F,91,P15,15.0,118.275
8017,4,HFA,F,91,P25,25.0,120.324
8018,4,HFA,F,91,P50,50.0,124.144
8019,4,HFA,F,91,P75,75.0,127.963
8020,4,HFA,F,91,P85,85.0,130.012
8021,4,HFA,F,91,P90,90.0,131.4
8022,4,HFA,F,91,P95,95.0,133.457
8023,4,HFA,F,91,P97,97.0,134.793
8024,4,HFA,F,91,P99,99.0,137.316
8025,4,HFA,F,91,P999,99.9,141.641
8026,4,HFA,F,92,P01,0.1,107.043
8027,4,HFA,F,92,P1,1.0,111.389
8028,4,HFA,F,92,P3,3.0,113.923
8029,4,HFA,F,92,P5,5.0,115.266
8030,4,HFA,F,92,P10,10.0,117.333
8031,4,HFA,F,92,P15,15.0,118.727
8032,4,HFA,F,92,P25,25.0,120.786
8033,4,HFA,F,92,P50,50.0,124.623
8034,4,HFA,F,92,P75,75.0,128.461
8035,4,HFA,F,92,P85,85.0,130.52
8036,4,HFA,F,92,P90,90.0,131.914
8037,4,HFA,F,92,P95,95.0,133.981
8038,4,HFA,F,92,P97,97.0,135.323
8039,4,HFA,F,92,P99,99.0,137.858
8040,4,HFA,F,92,P999,99.9,142.204
8041,4,HFA,F,93,P01,0.1,107.441
8042,4,HFA,F,93,P1,1.0,111.807
8043,4,HFA,F,93,P3,3.0,114.354
8044,4,HFA,F,93,P5,5.0,115.702
8045,4,HFA,F,93,P10,10.0,117.779
8046,4,HFA,F,93,P15,15.0,119.18
8047,4,HFA,F,93,P25,25.0,121.249
8048,4,HFA,F,93,P50,50.0,125.104
8049,4,HFA,F,93,P75,75.0,128.96
8050,4,HFA,F,93,P85,85.0,131.029
8051,4,HFA,F,93,P90,90.0,132.43
8052,4,HFA,F,93,P95,95.0,134.507
8053,4,HFA,F,93,P97,97.0,135.855
8054,4,HFA,F,93,P99,99.0,138.402
8055,4,HFA,F,93,P999,99.9,142.768
8056,4,HFA,F,94,P01,0.1,107.839
8057,4,HFA,F,94,P1,1.0,112.226
8058,4,HFA,F,94,P3,3.0,114.785
8059,4,HFA,F,94,P5,5.0,116.14
8060,4,HFA,F,94,P10,10.0,118.227
8061,4,HFA,F,94,P15,15.0,119.635
8062,4,HFA,F,94,P25,25.0,121.713
8063,4,HFA,F,94,P50,50.0,125.587
8064,4,HFA,F,94,P75,75.0,129.461
8065,4,HFA,F,94,P85,85.0,131.539
8066,4,HFA,F,94,P90,90.0,132.947
8067,4,HFA,F,94,P95,95.0,135.033
8068,4,HFA,F,94,P97,97.0,136.388
8069,4,HFA,F,94,P99,99.0,138.947
8070,4,HFA,F,94,P999,99.9,143.334
8071,4,HFA,F,95,P01,0.1,108.239
8072,4,HFA,F,95,P1,1.0,112.647
8073,4,HFA,F,95,P3,3.0,115.218
8074,4,HFA,F,95,P5,5.0,116.579
8075,4,HFA,F,95,P10,10.0,118.676
8076,4,HFA,F,95,P15,15.0,120.09
8077,4,HFA,F,95,P25,25.0,122.179
8078,4,HFA,F,95,P50,50.0,126.071
8079,4,HFA,F,95,P75,75.0,129.963
8080,4,HFA,F,95,P85,85.0,132.051
8081,4,HFA,F,95,P90,90.0,133.465
8082,4,HFA,F,95,P95,95.0,135.562
8083,4,HFA,F,95,P97,97.0,136.923
8084,4,HFA,F,95,P99,99.0,139.494
8085,4,HFA,F,95,P999,99.9,143.902
8086,4,HFA,F,96,P01,0.1,108.64
8087,4,HFA,F,96,P1,1.0,113.069
8088,4,HFA,F,96,P3,3.0,115.652
8089,4,HFA,F,96,P5,5.0,117.02
8090,4,HFA,F,96,P10,10.0,119.126
8091,4,HFA,F,96,P15,15.0,120.547
8092,4,HFA,F,96,P25,25.0,122.645
8093,4,HFA,F,96,P50,50.0,126.556
8094,4,HFA,F,96,P75,75.0,130.466
8095,4,HFA,F,96,P85,85.0,132.565
8096,4,HFA,F,96,P90,90.0,133.986
8097,4,HFA,F,96,P95,95.0,136.092
8098,4,HFA,F,96,P97,97.0,137.46
8099,4,HFA,F,96,P99,99.0,140.043
8100,4,HFA,F,96,P999,99.9,144.471
8101,4,HFA,F,97,P01,0.1,109.042
8102,4,HFA,F,97,P1,1.0,113.492
8103,4,HFA,F,97,P3,3.0,116.087
8104,4,HFA,F,97,P5,5.0,117.461
8105,4,HFA,F,97,P10,10.0,119.577
8106,4,HFA,F,97,P15,15.0,121.005
8107,4,HFA,F,97,P25,25.0,123.114
8108,4,HFA,F,97,P50,50.0,127.042
8109,4,HFA,F,97,P75,75.0,130.971
8110,4,HFA,F,97,P85,85.0,133.08
8111,4,HFA,F,97,P90,90.0,134.507
8112,4,HFA,F,97,P95,95.0,136.623
8113,4,HFA,F,97,P97,97.0,137.998
8114,4,HFA,F,97,P99,99.0,140.593
8115,4,HFA,F,97,P999,99.9,145.043
8116,4,HFA,F,98,P01,0.1,109.449
8117,4,HFA,F,98,P1,1.0,113.919
8118,4,HFA,F,98,P3,3.0,116.526
8119,4,HFA,F,98,P5,5.0,117.906
8120,4,HFA,F,98,P10,10.0,120.032
8121,4,HFA,F,98,P15,15.0,121.466
8122,4,HFA,F,98,P25,25.0,123.584
8123,4,HFA,F,98,P50,50.0,127.53
8124,4,HFA,F,98,P75,75.0,131.477
8125,4,HFA,F,98,P85,85.0,133.595
8126,4,HFA,F,98,P90,90.0,135.029
8127,4,HFA,F,98,P95,95.0,137.155
8128,4,HFA,F,98,P97,97.0,138.535
8129,4,HFA,F,98,P99,99.0,141.142
8130,4,HFA,F,98,P999,99.9,145.612
8131,4,HFA,F,99,P01,0.1,109.857
8132,4,HFA,F,99,P1,1.0,114.347
8133,4,HFA,F,99,P3,3.0,116.966
8134,4,HFA,F,99,P5,5.0,118.352
8135,4,HFA,F,99,P10,10.0,120.488
8136,4,HFA,F,99,P15,15.0,121.928
8137,4,HFA,F,99,P25,25.0,124.056
8138,4,HFA,F,99,P50,50.0,128.02
8139,4,HFA,F,99,P75,75.0,131.984
8140,4,HFA,F,99,P85,85.0,134.111
8141,4,HFA,F,99,P90,90.0,135.552
8142,4,HFA,F,99,P95,95.0,137.687
8143,4,HFA,F,99,P97,97.0,139.074
8144,4,HFA,F,99,P99,99.0,141.693
8145,4,HFA,F,99,P999,99.9,146.182
8146,4,HFA,F,100,P01,0.1,110.267
8147,4,HFA,F,100,P1,1.0,114.777
8148,4,HFA,F,100,P3,3.0,117.407
8149,4,HFA,F,100,P5,5.0,118.8
8150,4,HFA,F,100,P10,10.0,120.945
8151,4,HFA,F,100,P15,15.0,122.392
8152,4,HFA,F,100,P25,25.0,124.529
8153,4,HFA,F,100,P50,50.0,128.511
8154,4,HFA,F,100,P75,75.0,132.493
8155,4,HFA,F,100,P85,85.0,134.63
8156,4,HFA,F,100,P90,90.0,136.077
8157,4,HFA,F,100,P95,95.0,138.222
8158,4,HFA,F,100,P97,97.0,139.615
8159,4,HFA,F,100,P99,99.0,142.245
8160,4,HFA,F,100,P999,99.9,146.755
8161,4,HFA,F,101,P01,0.1,110.678
8162,4,HFA,F,101,P1,1.0,115.208
8163,4,HFA,F,101,P3,3.0,117.85
8164,4,HFA,F,101,P5,5.0,119.249
8165,4,HFA,F,101,P10,10.0,121.404
8166,4,HFA,F,101,P15,15.0,122.857
8167,4,HFA,F,101,P25,25.0,125.004
8168,4,HFA,F,101,P50,50.0,129.004
8169,4,HFA,F,101,P75,75.0,133.003
8170,4,HFA,F,101,P85,85.0,135.15
8171,4,HFA,F,101,P90,90.0,136.603
8172,4,HFA,F,101,P95,95.0,138.758
8173,4,HFA,F,101,P97,97.0,140.157
8174,4,HFA,F,101,P99,99.0,142.799
8175,4,HFA,F,101,P999,99.9,147.329
8176,4,HFA,F,102,P01,0.1,111.089
8177,4,HFA,F,102,P1,1.0,115.64
8178,4,HFA,F,102,P3,3.0,118.294
8179,4,HFA,F,102,P5,5.0,119.699
8180,4,HFA,F,102,P10,10.0,121.863
8181,4,HFA,F,102,P15,15.0,123.324
8182,4,HFA,F,102,P25,25.0,125.48
8183,4,HFA,F,102,P50,50.0,129.498
8184,4,HFA,F,102,P75,75.0,133.515
8185,4,HFA,F,102,P85,85.0,135.671
8186,4,HFA,F,102,P90,90.0,137.132
8187,4,HFA,F,102,P95,95.0,139.296
8188,4,HFA,F,102,P97,97.0,140.701
8189,4,HFA,F,102,P99,99.0,143.355
8190,4,HFA,F,102,P999,99.9,147.906
8191,4,HFA,F,103,P01,0.1,111.507
8192,4,HFA,F,103,P1,1.0,116.076
8193,4,HFA,F,103,P3,3.0,118.742
8194,4,HFA,F,103,P5,5.0,120.153
8195,4,HFA,F,103,P10,10.0,122.327
8196,4,HFA,F,103,P15,15.0,123.793
8197,4,HFA,F,103,P25,25.0,125.958
8198,4,HFA,F,103,P50,50.0,129.993
8199,4,HFA,F,103,P75,75.0,134.028
8200,4,HFA,F,103,P85,85.0,136.193
8201,4,HFA,F,103,P90,90.0,137.66
8202,4,HFA,F,103,P95,95.0,139.833
8203,4,HFA,F,103,P97,97.0,141.245
8204,4,HFA,F,103,P99,99.0,143.91
8205,4,HFA,F,103,P999,99.9,148.48
8206,4,HFA,F,104,P01,0.1,111.925
8207,4,HFA,F,104,P1,1.0,116.514
8208,4,HFA,F,104,P3,3.0,119.191
8209,4,HFA,F,104,P5,5.0,120.608
8210,4,HFA,F,104,P10,10.0,122.791
8211,4,HFA,F,104,P15,15.0,124.264
8212,4,HFA,F,104,P25,25.0,126.438
8213,4,HFA,F,104,P50,50.0,130.49
8214,4,HFA,F,104,P75,75.0,134.543
8215,4,HFA,F,104,P85,85.0,136.717
8216,4,HFA,F,104,P90,90.0,138.19
8217,4,HFA,F,104,P95,95.0,140.372
8218,4,HFA,F,104,P97,97.0,141.79
8219,4,HFA,F,104,P99,99.0,144.467
8220,4,HFA,F,104,P999,99.9,149.056
8221,4,HFA,F,105,P01,0.1,112.341
8222,4,HFA,F,105,P1,1.0,116.95
8223,4,HFA,F,105,P3,3.0,119.639
8224,4,HFA,F,105,P5,5.0,121.063
8225,4,HFA,F,105,P10,10.0,123.255
8226,4,HFA,F,105,P15,15.0,124.735
8227,4,HFA,F,105,P25,25.0,126.919
8228,4,HFA,F,105,P50,50.0,130.989
8229,4,HFA,F,105,P75,75.0,135.059
8230,4,HFA,F,105,P85,85.0,137.244
8231,4,HFA,F,105,P90,90.0,138.723
8232,4,HFA,F,105,P95,95.0,140.915
8233,4,HFA,F,105,P97,97.0,142.339
8234,4,HFA,F,105,P99,99.0,145.028
8235,4,HFA,F,105,P999,99.9,149.638
8236,4,HFA,F,106,P01,0.1,112.766
8237,4,HFA,F,106,P1,1.0,117.394
8238,4,HFA,F,106,P3,3.0,120.094
8239,4,HFA,F,106,P5,5.0,121.523
8240,4,HFA,F,106,P10,10.0,123.725
8241,4,HFA,F,106,P15,15.0,125.21
8242,4,HFA,F,106,P25,25.0,127.403
8243,4,HFA,F,106,P50,50.0,131.49
8244,4,HFA,F,106,P75,75.0,135.576
8245,4,HFA,F,106,P85,85.0,137.769
8246,4,HFA,F,106,P90,90.0,139.254
8247,4,HFA,F,106,P95,95.0,141.456
8248,4,HFA,F,106,P97,97.0,142.885
8249,4,HFA,F,106,P99,99.0,145.585
8250,4,HFA,F,106,P999,99.9,150.213
8251,4,HFA,F,107,P01,0.1,113.188
8252,4,HFA,F,107,P1,1.0,117.836
8253,4,HFA,F,107,P3,3.0,120.547
8254,4,HFA,F,107,P5,5.0,121.983
8255,4,HFA,F,107,P10,10.0,124.193
8256,4,HFA,F,107,P15,15.0,125.685
8257,4,HFA,F,107,P25,25.0,127.887
8258,4,HFA,F,107,P50,50.0,131.991
8259,4,HFA,F,107,P75,75.0,136.095
8260,4,HFA,F,107,P85,85.0,138.298
8261,4,HFA,F,107,P90,90.0,139.789
8262,4,HFA,F,107,P95,95.0,142.0
8263,4,HFA,F,107,P97,97.0,143.435
8264,4,HFA,F,107,P99,99.0,146.147
8265,4,HFA,F,107,P999,99.9,150.795
8266,4,HFA,F,108,P01,0.1,113.611
8267,4,HFA,F,108,P1,1.0,118.279
8268,4,HFA,F,108,P3,3.0,121.002
8269,4,HFA,F,108,P5,5.0,122.443
8270,4,HFA,F,108,P10,10.0,124.663
8271,4,HFA,F,108,P15,15.0,126.161
8272,4,HFA,F,108,P25,25.0,128.373
8273,4,HFA,F,108,P50,50.0,132.494
8274,4,HFA,F,108,P75,75.0,136.616
8275,4,HFA,F,108,P85,85.0,138.828
8276,4,HFA,F,108,P90,90.0,140.326
8277,4,HFA,F,108,P95,95.0,142.546
8278,4,HFA,F,108,P97,97.0,143.987
8279,4,HFA,F,108,P99,99.0,146.71
8280,4,HFA,F,108,P999,99.9,151.378
8281,4,HFA,F,109,P01,0.1,114.04
8282,4,HFA,F,109,P1,1.0,118.726
8283,4,HFA,F,109,P3,3.0,121.46
8284,4,HFA,F,109,P5,5.0,122.907
8285,4,HFA,F,109,P10,10.0,125.136
8286,4,HFA,F,109,P15,15.0,126.64
8287,4,HFA,F,109,P25,25.0,128.861
8288,4,HFA,F,109,P50,50.0,132.999
8289,4,HFA,F,109,P75,75.0,137.137
8290,4,HFA,F,109,P85,85.0,139.358
8291,4,HFA,F,109,P90,90.0,140.862
8292,4,HFA,F,109,P95,95.0,143.09
8293,4,HFA,F,109,P97,97.0,144.538
8294,4,HFA,F,109,P99,99.0,147.272
8295,4,HFA,F,109,P999,99.9,151.958
8296,4,HFA,F,110,P01,0.1,114.469
8297,4,HFA,F,110,P1,1.0,119.175
8298,4,HFA,F,110,P3,3.0,121.919
8299,4,HFA,F,110,P5,5.0,123.372
8300,4,HFA,F,110,P10,10.0,125.61
8301,4,HFA,F,110,P15,15.0,127.12
8302,4,HFA,F,110,P25,25.0,129.35
8303,4,HFA,F,110,P50,50.0,133.505
8304,4,HFA,F,110,P75,75.0,137.659
8305,4,HFA,F,110,P85,85.0,139.889
8306,4,HFA,F,110,P90,90.0,141.399
8307,4,HFA,F,110,P95,95.0,143.637
8308,4,HFA,F,110,P97,97.0,145.09
8309,4,HFA,F,110,P99,99.0,147.835
8310,4,HFA,F,110,P999,99.9,152.54
8311,4,HFA,F,111,P01,0.1,114.9
8312,4,HFA,F,111,P1,1.0,119.624
8313,4,HFA,F,111,P3,3.0,122.38
8314,4,HFA,F,111,P5,5.0,123.839
8315,4,HFA,F,111,P10,10.0,126.086
8316,4,HFA,F,111,P15,15.0,127.602
8317,4,HFA,F,111,P25,25.0,129.84
8318,4,HFA,F,111,P50,50.0,134.012
8319,4,HFA,F,111,P75,75.0,138.183
8320,4,HFA,F,111,P85,85.0,140.422
8321,4,HFA,F,111,P90,90.0,141.938
8322,4,HFA,F,111,P95,95.0,144.185
8323,4,HFA,F,111,P97,97.0,145.644
8324,4,HFA,F,111,P99,99.0,148.399
8325,4,HFA,F,111,P999,99.9,153.124
8326,4,HFA,F,112,P01,0.1,115.332
8327,4,HFA,F,112,P1,1.0,120.075
8328,4,HFA,F,112,P3,3.0,122.842
8329,4,HFA,F,112,P5,5.0,124.307
8330,4,HFA,F,112,P10,10.0,126.562
8331,4,HFA,F,112,P15,15.0,128.085
8332,4,HFA,F,112,P25,25.0,130.332
8333,4,HFA,F,112,P50,50.0,134.52
8334,4,HFA,F,112,P75,75.0,138.708
8335,4,HFA,F,112,P85,85.0,140.956
8336,4,HFA,F,112,P90,90.0,142.478
8337,4,HFA,F,112,P95,95.0,144.734
8338,4,HFA,F,112,P97,97.0,146.199
8339,4,HFA,F,112,P99,99.0,148.966
8340,4,HFA,F,112,P999,99.9,153.709
8341,4,HFA,F,113,P01,0.1,115.769
8342,4,HFA,F,113,P1,1.0,120.53
8343,4,HFA,F,113,P3,3.0,123.307
8344,4,HFA,F,113,P5,5.0,124.778
8345,4,HFA,F,113,P10,10.0,127.042
8346,4,HFA,F,113,P15,15.0,128.57
8347,4,HFA,F,113,P25,25.0,130.826
8348,4,HFA,F,113,P50,50.0,135.03
8349,4,HFA,F,113,P75,75.0,139.234
8350,4,HFA,F,113,P85,85.0,141.49
8351,4,HFA,F,113,P90,90.0,143.018
8352,4,HFA,F,113,P95,95.0,145.282
8353,4,HFA,F,113,P97,97.0,146.753
8354,4,HFA,F,113,P99,99.0,149.53
8355,4,HFA,F,113,P999,99.9,154.291
8356,4,HFA,F,114,P01,0.1,116.203
8357,4,HFA,F,114,P1,1.0,120.983
8358,4,HFA,F,114,P3,3.0,123.771
8359,4,HFA,F,114,P5,5.0,125.248
8360,4,HFA,F,114,P10,10.0,127.521
8361,4,HFA,F,114,P15,15.0,129.055
8362,4,HFA,F,114,P25,25.0,131.32
8363,4,HFA,F,114,P50,50.0,135.541
8364,4,HFA,F,114,P75,75.0,139.762
8365,4,HFA,F,114,P85,85.0,142.027
8366,4,HFA,F,114,P90,90.0,143.561
8367,4,HFA,F,114,P95,95.0,145.834
8368,4,HFA,F,114,P97,97.0,147.311
8369,4,HFA,F,114,P99,99.0,150.099
8370,4,HFA,F,114,P999,99.9,154.879
8371,4,HFA,F,115,P01,0.1,116.642
8372,4,HFA,F,115,P1,1.0,121.44
8373,4,HFA,F,115,P3,3.0,124.239
8374,4,HFA,F,115,P5,5.0,125.721
8375,4,HFA,F,115,P10,10.0,128.003
8376,4,HFA,F,115,P15,15.0,129.543
8377,4,HFA,F,115,P25,25.0,131.816
8378,4,HFA,F,115,P50,50.0,136.053
8379,4,HFA,F,115,P75,75.0,140.29
8380,4,HFA,F,115,P85,85.0,142.564
8381,4,HFA,F,115,P90,90.0,144.103
8382,4,HFA,F,115,P95,95.0,146.386
8383,4,HFA,F,115,P97,97.0,147.868
8384,4,HFA,F,115,P99,99.0,150.666
8385,4,HFA,F,115,P999,99.9,155.465
8386,4,HFA,F,116,P01,0.1,117.086
8387,4,HFA,F,116,P1,1.0,121.902
8388,4,HFA,F,116,P3,3.0,124.711
8389,4,HFA,F,116,P5,5.0,126.198
8390,4,HFA,F,116,P10,10.0,128.488
8391,4,HFA,F,116,P15,15.0,130.033
8392,4,HFA,F,116,P25,25.0,132.315
8393,4,HFA,F,116,P50,50.0,136.567
8394,4,HFA,F,116,P75,75.0,140.819
8395,4,HFA,F,116,P85,85.0,143.101
8396,4,HFA,F,116,P90,90.0,144.646
8397,4,HFA,F,116,P95,95.0,146.936
8398,4,HFA,F,116,P97,97.0,148.423
8399,4,HFA,F,116,P99,99.0,151.232
8400,4,HFA,F,116,P999,99.9,156.048
8401,4,HFA,F,117,P01,0.1,117.528
8402,4,HFA,F,117,P1,1.0,122.362
8403,4,HFA,F,117,P3,3.0,125.181
8404,4,HFA,F,117,P5,5.0,126.674
8405,4,HFA,F,117,P10,10.0,128.973
8406,4,HFA,F,117,P15,15.0,130.524
8407,4,HFA,F,117,P25,25.0,132.814
8408,4,HFA,F,117,P50,50.0,137.082
8409,4,HFA,F,117,P75,75.0,141.35
8410,4,HFA,F,117,P85,85.0,143.64
8411,4,HFA,F,117,P90,90.0,145.191
8412,4,HFA,F,117,P95,95.0,147.49
8413,4,HFA,F,117,P97,97.0,148.983
8414,4,HFA,F,117,P99,99.0,151.803
8415,4,HFA,F,117,P999,99.9,156.636
8416,4,HFA,F,118,P01,0.1,117.971
8417,4,HFA,F,118,P1,1.0,122.823
8418,4,HFA,F,118,P3,3.0,125.653
8419,4,HFA,F,118,P5,5.0,127.151
8420,4,HFA,F,118,P10,10.0,129.459
8421,4,HFA,F,118,P15,15.0,131.016
8422,4,HFA,F,118,P25,25.0,133.315
8423,4,HFA,F,118,P50,50.0,137.599
8424,4,HFA,F,118,P75,75.0,141.883
8425,4,HFA,F,118,P85,85.0,144.182
8426,4,HFA,F,118,P90,90.0,145.739
8427,4,HFA,F,118,P95,95.0,148.046
8428,4,HFA,F,118,P97,97.0,149.545
8429,4,HFA,F,118,P99,99.0,152.375
8430,4,HFA,F,118,P999,99.9,157.226
8431,4,HFA,F,119,P01,0.1,118.419
8432,4,HFA,F,119,P1,1.0,123.288
8433,4,HFA,F,119,P3,3.0,126.128
8434,4,HFA,F,119,P5,5.0,127.632
8435,4,HFA,F,119,P10,10.0,129.948
8436,4,HFA,F,119,P15,15.0,131.51
8437,4,HFA,F,119,P25,25.0,133.817
8438,4,HFA,F,119,P50,50.0,138.117
8439,4,HFA,F,119,P75,75.0,142.416
8440,4,HFA,F,119,P85,85.0,144.723
8441,4,HFA,F,119,P90,90.0,146.285
8442,4,HFA,F,119,P95,95.0,148.601
8443,4,HFA,F,119,P97,97.0,150.105
8444,4,HFA,F,119,P99,99.0,152.945
8445,4,HFA,F,119,P999,99.9,157.814
8446,4,HFA,F,120,P01,0.1,118.869
8447,4,HFA,F,120,P1,1.0,123.755
8448,4,HFA,F,120,P3,3.0,126.605
8449,4,HFA,F,120,P5,5.0,128.115
8450,4,HFA,F,120,P10,10.0,130.439
8451,4,HFA,F,120,P15,15.0,132.007
8452,4,HFA,F,120,P25,25.0,134.322
8453,4,HFA,F,120,P50,50.0,138.636
8454,4,HFA,F,120,P75,75.0,142.951
8455,4,HFA,F,120,P85,85.0,145.266
8456,4,HFA,F,120,P90,90.0,146.834
8457,4,HFA,F,120,P95,95.0,149.158
8458,4,HFA,F,120,P97,97.0,150.667
8459,4,HFA,F,120,P99,99.0,153.517
8460,4,HFA,F,120,P999,99.9,158.404
8461,4,HFA,F,121,P01,0.1,119.325
8462,4,HFA,F,121,P1,1.0,124.227
8463,4,HFA,F,121,P3,3.0,127.087
8464,4,HFA,F,121,P5,5.0,128.601
8465,4,HFA,F,121,P10,10.0,130.933
8466,4,HFA,F,121,P15,15.0,132.506
8467,4,HFA,F,121,P25,25.0,134.829
8468,4,HFA,F,121,P50,50.0,139.158
8469,4,HFA,F,121,P75,75.0,143.486
8470,4,HFA,F,121,P85,85.0,145.809
8471,4,HFA,F,121,P90,90.0,147.382
8472,4,HFA,F,121,P95,95.0,149.714
8473,4,HFA,F,121,P97,97.0,151.228
8474,4,HFA,F,121,P99,99.0,154.088
8475,4,HFA,F,121,P999,99.9,158.99
8476,4,HFA,F,122,P01,0.1,119.777
8477,4,HFA,F,122,P1,1.0,124.697
8478,4,HFA,F,122,P3,3.0,127.567
8479,4,HFA,F,122,P5,5.0,129.086
8480,4,HFA,F,122,P10,10.0,131.426
8481,4,HFA,F,122,P15,15.0,133.005
8482,4,HFA,F,122,P25,25.0,135.336
8483,4,HFA,F,122,P50,50.0,139.68
8484,4,HFA,F,122,P75,75.0,144.024
8485,4,HFA,F,122,P85,85.0,146.356
8486,4,HFA,F,122,P90,90.0,147.934
8487,4,HFA,F,122,P95,95.0,150.274
8488,4,HFA,F,122,P97,97.0,151.794
8489,4,HFA,F,122,P99,99.0,154.664
8490,4,HFA,F,122,P999,99.9,159.583
8491,4,HFA,F,123,P01,0.1,120.236
8492,4,HFA,F,123,P1,1.0,125.172
8493,4,HFA,F,123,P3,3.0,128.051
8494,4,HFA,F,123,P5,5.0,129.576
8495,4,HFA,F,123,P10,10.0,131.923
8496,4,HFA,F,123,P15,15.0,133.507
8497,4,HFA,F,123,P25,25.0,135.846
8498,4,HFA,F,123,P50,50.0,140.205
8499,4,HFA,F,123,P75,75.0,144.563
8500,4,HFA,F,123,P85,85.0,146.902
8501,4,HFA,F,123,P90,90.0,148.486
8502,4,HFA,F,123,P95,95.0,150.834
8503,4,HFA,F,123,P97,97.0,152.359
8504,4,HFA,F,123,P99,99.0,155.238
8505,4,HFA,F,123,P999,99.9,160.174
8506,4,HFA,F,124,P01,0.1,120.696
8507,4,HFA,F,124,P1,1.0,125.648
8508,4,HFA,F,124,P3,3.0,128.537
8509,4,HFA,F,124,P5,5.0,130.067
8510,4,HFA,F,124,P10,10.0,132.422
8511,4,HFA,F,124,P15,15.0,134.012
8512,4,HFA,F,124,P25,25.0,136.358
8513,4,HFA,F,124,P50,50.0,140.731
8514,4,HFA,F,124,P75,75.0,145.104
8515,4,HFA,F,124,P85,85.0,147.451
8516,4,HFA,F,124,P90,90.0,149.04
8517,4,HFA,F,124,P95,95.0,151.396
8518,4,HFA,F,124,P97,97.0,152.925
8519,4,HFA,F,124,P99,99.0,155.814
8520,4,HFA,F,124,P999,99.9,160.767
8521,4,HFA,F,125,P01,0.1,121.157
8522,4,HFA,F,125,P1,1.0,126.127
8523,4,HFA,F,125,P3,3.0,129.025
8524,4,HFA,F,125,P5,5.0,130.56
8525,4,HFA,F,125,P10,10.0,132.923
8526,4,HFA,F,125,P15,15.0,134.517
8527,4,HFA,F,125,P25,25.0,136.872
8528,4,HFA,F,125,P50,50.0,141.259
8529,4,HFA,F,125,P75,75.0,145.647
8530,4,HFA,F,125,P85,85.0,148.001
8531,4,HFA,F,125,P90,90.0,149.596
8532,4,HFA,F,125,P95,95.0,151.959
8533,4,HFA,F,125,P97,97.0,153.494
8534,4,HFA,F,125,P99,99.0,156.392
8535,4,HFA,F,125,P999,99.9,161.361
8536,4,HFA,F,126,P01,0.1,121.621
8537,4,HFA,F,126,P1,1.0,126.606
8538,4,HFA,F,126,P3,3.0,129.514
8539,4,HFA,F,126,P5,5.0,131.054
8540,4,HFA,F,126,P10,10.0,133.425
8541,4,HFA,F,126,P15,15.0,135.025
8542,4,HFA,F,126,P25,25.0,137.387
8543,4,HFA,F,126,P50,50.0,141.789
8544,4,HFA,F,126,P75,75.0,146.191
8545,4,HFA,F,126,P85,85.0,148.554
8546,4,HFA,F,126,P90,90.0,150.153
8547,4,HFA,F,126,P95,95.0,152.524
8548,4,HFA,F,126,P97,97.0,154.064
8549,4,HFA,F,126,P99,99.0,156.972
8550,4,HFA,F,126,P999,99.9,161.958
8551,4,HFA,F,127,P01,0.1,122.09
8552,4,HFA,F,127,P1,1.0,127.091
8553,4,HFA,F,127,P3,3.0,130.008
8554,4,HFA,F,127,P5,5.0,131.552
8555,4,HFA,F,127,P10,10.0,133.931
8556,4,HFA,F,127,P15,15.0,135.535
8557,4,HFA,F,127,P25,25.0,137.905
8558,4,HFA,F,127,P50,50.0,142.321
8559,4,HFA,F,127,P75,75.0,146.736
8560,4,HFA,F,127,P85,85.0,149.106
8561,4,HFA,F,127,P90,90.0,150.711
8562,4,HFA,F,127,P95,95.0,153.089
8563,4,HFA,F,127,P97,97.0,154.634
8564,4,HFA,F,127,P99,99.0,157.551
8565,4,HFA,F,127,P999,99.9,162.552
8566,4,HFA,F,128,P01,0.1,122.56
8567,4,HFA,F,128,P1,1.0,127.576
8568,4,HFA,F,128,P3,3.0,130.502
8569,4,HFA,F,128,P5,5.0,132.052
8570,4,HFA,F,128,P10,10.0,134.437
8571,4,HFA,F,128,P15,15.0,136.047
8572,4,HFA,F,128,P25,25.0,138.424
8573,4,HFA,F,128,P50,50.0,142.853
8574,4,HFA,F,128,P75,75.0,147.283
8575,4,HFA,F,128,P85,85.0,149.66
8576,4,HFA,F,128,P90,90.0,151.269
8577,4,HFA,F,128,P95,95.0,153.655
8578,4,HFA,F,128,P97,97.0,155.205
8579,4,HFA,F,128,P99,99.0,158.13
8580,4,HFA,F,128,P999,99.9,163.147
8581,4,HFA,F,129,P01,0.1,123.031
8582,4,HFA,F,129,P1,1.0,128.063
8583,4,HFA,F,129,P3,3.0,130.998
8584,4,HFA,F,129,P5,5.0,132.552
8585,4,HFA,F,129,P10,10.0,134.946
8586,4,HFA,F,129,P15,15.0,136.56
8587,4,HFA,F,129,P25,25.0,138.944
8588,4,HFA,F,129,P50,50.0,143.387
8589,4,HFA,F,129,P75,75.0,147.83
8590,4,HFA,F,129,P85,85.0,150.215
8591,4,HFA,F,129,P90,90.0,151.829
8592,4,HFA,F,129,P95,95.0,154.222
8593,4,HFA,F,129,P97,97.0,155.777
8594,4,HFA,F,129,P99,99.0,158.712
8595,4,HFA,F,129,P999,99.9,163.743
8596,4,HFA,F,130,P01,0.1,123.504
8597,4,HFA,F,130,P1,1.0,128.551
8598,4,HFA,F,130,P3,3.0,131.495
8599,4,HFA,F,130,P5,5.0,133.054
8600,4,HFA,F,130,P10,10.0,135.454
8601,4,HFA,F,130,P15,15.0,137.074
8602,4,HFA,F,130,P25,25.0,139.466
8603,4,HFA,F,130,P50,50.0,143.922
8604,4,HFA,F,130,P75,75.0,148.379
8605,4,HFA,F,130,P85,85.0,150.77
8606,4,HFA,F,130,P90,90.0,152.39
8607,4,HFA,F,130,P95,95.0,154.791
8608,4,HFA,F,130,P97,97.0,156.349
8609,4,HFA,F,130,P99,99.0,159.293
8610,4,HFA,F,130,P999,99.9,164.341
8611,4,HFA,F,131,P01,0.1,123.976
8612,4,HFA,F,131,P1,1.0,129.039
8613,4,HFA,F,131,P3,3.0,131.992
8614,4,HFA,F,131,P5,5.0,133.556
8615,4,HFA,F,131,P10,10.0,135.964
8616,4,HFA,F,131,P15,15.0,137.588
8617,4,HFA,F,131,P25,25.0,139.987
8618,4,HFA,F,131,P50,50.0,144.458
8619,4,HFA,F,131,P75,75.0,148.928
8620,4,HFA,F,131,P85,85.0,151.327
8621,4,HFA,F,131,P90,90.0,152.951
8622,4,HFA,F,131,P95,95.0,155.359
8623,4,HFA,F,131,P97,97.0,156.923
8624,4,HFA,F,131,P99,99.0,159.876
8625,4,HFA,F,131,P999,99.9,164.939
8626,4,HFA,F,132,P01,0.1,124.454
8627,4,HFA,F,132,P1,1.0,129.531
8628,4,HFA,F,132,P3,3.0,132.492
8629,4,HFA,F,132,P5,5.0,134.06
8630,4,HFA,F,132,P10,10.0,136.475
8631,4,HFA,F,132,P15,15.0,138.104
8632,4,HFA,F,132,P25,25.0,140.51
8633,4,HFA,F,132,P50,50.0,144.993
8634,4,HFA,F,132,P75,75.0,149.476
8635,4,HFA,F,132,P85,85.0,151.882
8636,4,HFA,F,132,P90,90.0,153.511
8637,4,HFA,F,132,P95,95.0,155.925
8638,4,HFA,F,132,P97,97.0,157.494
8639,4,HFA,F,132,P99,99.0,160.455
8640,4,HFA,F,132,P999,99.9,165.532
8641,4,HFA,F,133,P01,0.1,124.931
8642,4,HFA,F,133,P1,1.0,130.022
8643,4,HFA,F,133,P3,3.0,132.992
8644,4,HFA,F,133,P5,5.0,134.565
8645,4,HFA,F,133,P10,10.0,136.986
8646,4,HFA,F,133,P15,15.0,138.62
8647,4,HFA,F,133,P25,25.0,141.032
8648,4,HFA,F,133,P50,50.0,145.528
8649,4,HFA,F,133,P75,75.0,150.024
8650,4,HFA,F,133,P85,85.0,152.436
8651,4,HFA,F,133,P90,90.0,154.07
8652,4,HFA,F,133,P95,95.0,156.491
8653,4,HFA,F,133,P97,97.0,158.064
8654,4,HFA,F,133,P99,99.0,161.034
8655,4,HFA,F,133,P999,99.9,166.125
8656,4,HFA,F,134,P01,0.1,125.408
8657,4,HFA,F,134,P1,1.0,130.513
8658,4,HFA,F,134,P3,3.0,133.491
8659,4,HFA,F,134,P5,5.0,135.068
8660,4,HFA,F,134,P10,10.0,137.497
8661,4,HFA,F,134,P15,15.0,139.135
8662,4,HFA,F,134,P25,25.0,141.554
8663,4,HFA,F,134,P50,50.0,146.062
8664,4,HFA,F,134,P75,75.0,150.57
8665,4,HFA,F,134,P85,85.0,152.99
8666,4,HFA,F,134,P90,90.0,154.628
8667,4,HFA,F,134,P95,95.0,157.056
8668,4,HFA,F,134,P97,97.0,158.633
8669,4,HFA,F,134,P99,99.0,161.611
8670,4,HFA,F,134,P999,99.9,166.717
8671,4,HFA,F,135,P01,0.1,125.888
8672,4,HFA,F,135,P1,1.0,131.007
8673,4,HFA,F,135,P3,3.0,133.992
8674,4,HFA,F,135,P5,5.0,135.573
8675,4,HFA,F,135,P10,10.0,138.008
8676,4,HFA,F,135,P15,15.0,139.65
8677,4,HFA,F,135,P25,25.0,142.075
8678,4,HFA,F,135,P50,50.0,146.595
8679,4,HFA,F,135,P75,75.0,151.115
8680,4,HFA,F,135,P85,85.0,153.54
8681,4,HFA,F,135,P90,90.0,155.183
8682,4,HFA,F,135,P95,95.0,157.617
8683,4,HFA,F,135,P97,97.0,159.198
8684,4,HFA,F,135,P99,99.0,162.184
8685,4,HFA,F,135,P999,99.9,167.302
8686,4,HFA,F,136,P01,0.1,126.362
8687,4,HFA,F,136,P1,1.0,131.495
8688,4,HFA,F,136,P3,3.0,134.489
8689,4,HFA,F,136,P5,5.0,136.074
8690,4,HFA,F,136,P10,10.0,138.515
8691,4,HFA,F,136,P15,15.0,140.162
8692,4,HFA,F,136,P25,25.0,142.594
8693,4,HFA,F,136,P50,50.0,147.126
8694,4,HFA,F,136,P75,75.0,151.658
8695,4,HFA,F,136,P85,85.0,154.09
8696,4,HFA,F,136,P90,90.0,155.737
8697,4,HFA,F,136,P95,95.0,158.178
8698,4,HFA,F,136,P97,97.0,159.764
8699,4,HFA,F,136,P99,99.0,162.758
8700,4,HFA,F,136,P999,99.9,167.89
8701,4,HFA,F,137,P01,0.1,126.839
8702,4,HFA,F,137,P1,1.0,131.984
8703,4,HFA,F,137,P3,3.0,134.986
8704,4,HFA,F,137,P5,5.0,136.575
8705,4,HFA,F,137,P10,10.0,139.022
8706,4,HFA,F,137,P15,15.0,140.673
8707,4,HFA,F,137,P25,25.0,143.111
8708,4,HFA,F,137,P50,50.0,147.655
8709,4,HFA,F,137,P75,75.0,152.198
8710,4,HFA,F,137,P85,85.0,154.636
8711,4,HFA,F,137,P90,90.0,156.287
8712,4,HFA,F,137,P95,95.0,158.735
8713,4,HFA,F,137,P97,97.0,160.324
8714,4,HFA,F,137,P99,99.0,163.325
8715,4,HFA,F,137,P999,99.9,168.471
8716,4,HFA,F,138,P01,0.1,127.313
8717,4,HFA,F,138,P1,1.0,132.472
8718,4,HFA,F,138,P3,3.0,135.48
8719,4,HFA,F,138,P5,5.0,137.073
8720,4,HFA,F,138,P10,10.0,139.527
8721,4,HFA,F,138,P15,15.0,141.182
8722,4,HFA,F,138,P25,25.0,143.626
8723,4,HFA,F,138,P50,50.0,148.18
8724,4,HFA,F,138,P75,75.0,152.735
8725,4,HFA,F,138,P85,85.0,155.179
8726,4,HFA,F,138,P90,90.0,156.834
8727,4,HFA,F,138,P95,95.0,159.287
8728,4,HFA,F,138,P97,97.0,160.881
8729,4,HFA,F,138,P99,99.0,163.889
8730,4,HFA,F,138,P999,99.9,169.047
8731,4,HFA,F,139,P01,0.1,127.785
8732,4,HFA,F,139,P1,1.0,132.955
8733,4,HFA,F,139,P3,3.0,135.971
8734,4,HFA,F,139,P5,5.0,137.568
8735,4,HFA,F,139,P10,10.0,140.028
8736,4,HFA,F,139,P15,15.0,141.687
8737,4,HFA,F,139,P25,25.0,144.137
8738,4,HFA,F,139,P50,50.0,148.702
8739,4,HFA,F,139,P75,75.0,153.268
8740,4,HFA,F,139,P85,85.0,155.718
8741,4,HFA,F,139,P90,90.0,157.377
8742,4,HFA,F,139,P95,95.0,159.836
8743,4,HFA,F,139,P97,97.0,161.433
8744,4,HFA,F,139,P99,99.0,164.449
8745,4,HFA,F,139,P999,99.9,169.62
8746,4,HFA,F,140,P01,0.1,128.257
8747,4,HFA,F,140,P1,1.0,133.439
8748,4,HFA,F,140,P3,3.0,136.461
8749,4,HFA,F,140,P5,5.0,138.062
8750,4,HFA,F,140,P10,10.0,140.526
8751,4,HFA,F,140,P15,15.0,142.189
8752,4,HFA,F,140,P25,25.0,144.644
8753,4,HFA,F,140,P50,50.0,149.22
8754,4,HFA,F,140,P75,75.0,153.795
8755,4,HFA,F,140,P85,85.0,156.25
8756,4,HFA,F,140,P90,90.0,157.913
8757,4,HFA,F,140,P95,95.0,160.378
8758,4,HFA,F,140,P97,97.0,161.978
8759,4,HFA,F,140,P99,99.0,165.001
8760,4,HFA,F,140,P999,99.9,170.182
8761,4,HFA,F,141,P01,0.1,128.721
8762,4,HFA,F,141,P1,1.0,133.915
8763,4,HFA,F,141,P3,3.0,136.944
8764,4,HFA,F,141,P5,5.0,138.548
8765,4,HFA,F,141,P10,10.0,141.018
8766,4,HFA,F,141,P15,15.0,142.685
8767,4,HFA,F,141,P25,25.0,145.146
8768,4,HFA,F,141,P50,50.0,149.732
8769,4,HFA,F,141,P75,75.0,154.318
8770,4,HFA,F,141,P85,85.0,156.779
8771,4,HFA,F,141,P90,90.0,158.446
8772,4,HFA,F,141,P95,95.0,160.916
8773,4,HFA,F,141,P97,97.0,162.52
8774,4,HFA,F,141,P99,99.0,165.55
8775,4,HFA,F,141,P999,99.9,170.744
8776,4,HFA,F,142,P01,0.1,129.184
8777,4,HFA,F,142,P1,1.0,134.389
8778,4,HFA,F,142,P3,3.0,137.425
8779,4,HFA,F,142,P5,5.0,139.032
8780,4,HFA,F,142,P10,10.0,141.507
8781,4,HFA,F,142,P15,15.0,143.177
8782,4,HFA,F,142,P25,25.0,145.643
8783,4,HFA,F,142,P50,50.0,150.239
8784,4,HFA,F,142,P75,75.0,154.835
8785,4,HFA,F,142,P85,85.0,157.301
8786,4,HFA,F,142,P90,90.0,158.971
8787,4,HFA,F,142,P95,95.0,161.446
8788,4,HFA,F,142,P97,97.0,163.053
8789,4,HFA,F,142,P99,99.0,166.089
8790,4,HFA,F,142,P999,99.9,171.294
8791,4,HFA,F,143,P01,0.1,129.642
8792,4,HFA,F,143,P1,1.0,134.857
8793,4,HFA,F,143,P3,3.0,137.899
8794,4,HFA,F,143,P5,5.0,139.51
8795,4,HFA,F,143,P10,10.0,141.99
8796,4,HFA,F,143,P15,15.0,143.664
8797,4,HFA,F,143,P25,25.0,146.135
8798,4,HFA,F,143,P50,50.0,150.739
8799,4,HFA,F,143,P75,75.0,155.344
8800,4,HFA,F,143,P85,85.0,157.815
8801,4,HFA,F,143,P90,90.0,159.489
8802,4,HFA,F,143,P95,95.0,161.969
8803,4,HFA,F,143,P97,97.0,163.58
8804,4,HFA,F,143,P99,99.0,166.621
8805,4,HFA,F,143,P999,99.9,171.836
8806,4,HFA,F,144,P01,0.1,130.095
8807,4,HFA,F,144,P1,1.0,135.32
8808,4,HFA,F,144,P3,3.0,138.368
8809,4,HFA,F,144,P5,5.0,139.981
8810,4,HFA,F,144,P10,10.0,142.467
8811,4,HFA,F,144,P15,15.0,144.143
8812,4,HFA,F,144,P25,25.0,146.619
8813,4,HFA,F,144,P50,50.0,151.233
8814,4,HFA,F,144,P75,75.0,155.846
8815,4,HFA,F,144,P85,85.0,158.322
8816,4,HFA,F,144,P90,90.0,159.999
8817,4,HFA,F,144,P95,95.0,162.484
8818,4,HFA,F,144,P97,97.0,164.098
8819,4,HFA,F,144,P99,99.0,167.146
8820,4,HFA,F,144,P999,99.9,172.371
8821,4,HFA,F,145,P01,0.1,130.545
8822,4,HFA,F,145,P1,1.0,135.779
8823,4,HFA,F,145,P3,3.0,138.832
8824,4,HFA,F,145,P5,5.0,140.448
8825,4,HFA,F,145,P10,10.0,142.938
8826,4,HFA,F,145,P15,15.0,144.617
8827,4,HFA,F,145,P25,25.0,147.097
8828,4,HFA,F,145,P50,50.0,151.718
8829,4,HFA,F,145,P75,75.0,156.34
8830,4,HFA,F,145,P85,85.0,158.819
8831,4,HFA,F,145,P90,90.0,160.499
8832,4,HFA,F,145,P95,95.0,162.988
8833,4,HFA,F,145,P97,97.0,164.605
8834,4,HFA,F,145,P99,99.0,167.657
8835,4,HFA,F,145,P999,99.9,172.891
8836,4,HFA,F,146,P01,0.1,130.984
8837,4,HFA,F,146,P1,1.0,136.227
8838,4,HFA,F,146,P3,3.0,139.285
8839,4,HFA,F,146,P5,5.0,140.905
8840,4,HFA,F,146,P10,10.0,143.399
8841,4,HFA,F,146,P15,15.0,145.081
8842,4,HFA,F,146,P25,25.0,147.565
8843,4,HFA,F,146,P50,50.0,152.195
8844,4,HFA,F,146,P75,75.0,156.825
8845,4,HFA,F,146,P85,85.0,159.309
8846,4,HFA,F,146,P90,90.0,160.992
8847,4,HFA,F,146,P95,95.0,163.485
8848,4,HFA,F,146,P97,97.0,165.105
8849,4,HFA,F,146,P99,99.0,168.163
8850,4,HFA,F,146,P999,99.9,173.406
8851,4,HFA,F,147,P01,0.1,131.419
8852,4,HFA,F,147,P1,1.0,136.671
8853,4,HFA,F,147,P3,3.0,139.733
8854,4,HFA,F,147,P5,5.0,141.355
8855,4,HFA,F,147,P10,10.0,143.853
8856,4,HFA,F,147,P15,15.0,145.538
8857,4,HFA,F,147,P25,25.0,148.026
8858,4,HFA,F,147,P50,50.0,152.663
8859,4,HFA,F,147,P75,75.0,157.3
8860,4,HFA,F,147,P85,85.0,159.788
8861,4,HFA,F,147,P90,90.0,161.473
8862,4,HFA,F,147,P95,95.0,163.97
8863,4,HFA,F,147,P97,97.0,165.592
8864,4,HFA,F,147,P99,99.0,168.655
8865,4,HFA,F,147,P999,99.9,173.906
8866,4,HFA,F,148,P01,0.1,131.842
8867,4,HFA,F,148,P1,1.0,137.102
8868,4,HFA,F,148,P3,3.0,140.17
8869,4,HFA,F,148,P5,5.0,141.794
8870,4,HFA,F,148,P10,10.0,144.296
8871,4,HFA,F,148,P15,15.0,145.984
8872,4,HFA,F,148,P25,25.0,148.476
8873,4,HFA,F,148,P50,50.0,153.121
8874,4,HFA,F,148,P75,75.0,157.765
8875,4,HFA,F,148,P85,85.0,160.257
8876,4,HFA,F,148,P90,90.0,161.945
8877,4,HFA,F,148,P95,95.0,164.447
8878,4,HFA,F,148,P97,97.0,166.071
8879,4,HFA,F,148,P99,99.0,169.139
8880,4,HFA,F,148,P999,99.9,174.399
8881,4,HFA,F,149,P01,0.1,132.26
8882,4,HFA,F,149,P1,1.0,137.527
8883,4,HFA,F,149,P3,3.0,140.599
8884,4,HFA,F,149,P5,5.0,142.226
8885,4,HFA,F,149,P10,10.0,144.731
8886,4,HFA,F,149,P15,15.0,146.421
8887,4,HFA,F,149,P25,25.0,148.917
8888,4,HFA,F,149,P50,50.0,153.568
8889,4,HFA,F,149,P75,75.0,158.219
8890,4,HFA,F,149,P85,85.0,160.714
8891,4,HFA,F,149,P90,90.0,162.404
8892,4,HFA,F,149,P95,95.0,164.909
8893,4,HFA,F,149,P97,97.0,166.536
8894,4,HFA,F,149,P99,99.0,169.608
8895,4,HFA,F,149,P999,99.9,174.876
8896,4,HFA,F,150,P01,0.1,132.669
8897,4,HFA,F,150,P1,1.0,137.943
8898,4,HFA,F,150,P3,3.0,141.019
8899,4,HFA,F,150,P5,5.0,142.648
8900,4,HFA,F,150,P10,10.0,145.156
8901,4,HFA,F,150,P15,15.0,146.849
8902,4,HFA,F,150,P25,25.0,149.347
8903,4,HFA,F,150,P50,50.0,154.004
8904,4,HFA,F,150,P75,75.0,158.661
8905,4,HFA,F,150,P85,85.0,161.16
8906,4,HFA,F,150,P90,90.0,162.852
8907,4,HFA,F,150,P95,95.0,165.36
8908,4,HFA,F,150,P97,97.0,166.989
8909,4,HFA,F,150,P99,99.0,170.065
8910,4,HFA,F,150,P999,99.9,175.339
8911,4,HFA,F,151,P01,0.1,133.069
8912,4,HFA,F,151,P1,1.0,138.349
8913,4,HFA,F,151,P3,3.0,141.428
8914,4,HFA,F,151,P5,5.0,143.059
8915,4,HFA,F,151,P10,10.0,145.571
8916,4,HFA,F,151,P15,15.0,147.265
8917,4,HFA,F,151,P25,25.0,149.767
8918,4,HFA,F,151,P50,50.0,154.429
8919,4,HFA,F,151,P75,75.0,159.091
8920,4,HFA,F,151,P85,85.0,161.593
8921,4,HFA,F,151,P90,90.0,163.287
8922,4,HFA,F,151,P95,95.0,165.799
8923,4,HFA,F,151,P97,97.0,167.43
8924,4,HFA,F,151,P99,99.0,170.509
8925,4,HFA,F,151,P999,99.9,175.789
8926,4,HFA,F,152,P01,0.1,133.463
8927,4,HFA,F,152,P1,1.0,138.748
8928,4,HFA,F,152,P3,3.0,141.83
8929,4,HFA,F,152,P5,5.0,143.463
8930,4,HFA,F,152,P10,10.0,145.976
8931,4,HFA,F,152,P15,15.0,147.672
8932,4,HFA,F,152,P25,25.0,150.176
8933,4,HFA,F,152,P50,50.0,154.842
8934,4,HFA,F,152,P75,75.0,159.509
8935,4,HFA,F,152,P85,85.0,162.013
8936,4,HFA,F,152,P90,90.0,163.709
8937,4,HFA,F,152,P95,95.0,166.222
8938,4,HFA,F,152,P97,97.0,167.854
8939,4,HFA,F,152,P99,99.0,170.937
8940,4,HFA,F,152,P999,99.9,176.222
8941,4,HFA,F,153,P01,0.1,133.843
8942,4,HFA,F,153,P1,1.0,139.133
8943,4,HFA,F,153,P3,3.0,142.218
8944,4,HFA,F,153,P5,5.0,143.852
8945,4,HFA,F,153,P10,10.0,146.368
8946,4,HFA,F,153,P15,15.0,148.066
8947,4,HFA,F,153,P25,25.0,150.573
8948,4,HFA,F,153,P50,50.0,155.244
8949,4,HFA,F,153,P75,75.0,159.915
8950,4,HFA,F,153,P85,85.0,162.421
8951,4,HFA,F,153,P90,90.0,164.119
8952,4,HFA,F,153,P95,95.0,166.635
8953,4,HFA,F,153,P97,97.0,168.269
8954,4,HFA,F,153,P99,99.0,171.355
8955,4,HFA,F,153,P999,99.9,176.645
8956,4,HFA,F,154,P01,0.1,134.212
8957,4,HFA,F,154,P1,1.0,139.507
8958,4,HFA,F,154,P3,3.0,142.596
8959,4,HFA,F,154,P5,5.0,144.231
8960,4,HFA,F,154,P10,10.0,146.749
8961,4,HFA,F,154,P15,15.0,148.449
8962,4,HFA,F,154,P25,25.0,150.958
8963,4,HFA,F,154,P50,50.0,155.633
8964,4,HFA,F,154,P75,75.0,160.308
8965,4,HFA,F,154,P85,85.0,162.817
8966,4,HFA,F,154,P90,90.0,164.517
8967,4,HFA,F,154,P95,95.0,167.035
8968,4,HFA,F,154,P97,97.0,168.67
8969,4,HFA,F,154,P99,99.0,171.759
8970,4,HFA,F,154,P999,99.9,177.054
8971,4,HFA,F,155,P01,0.1,134.576
8972,4,HFA,F,155,P1,1.0,139.874
8973,4,HFA,F,155,P3,3.0,142.965
8974,4,HFA,F,155,P5,5.0,144.601
8975,4,HFA,F,155,P10,10.0,147.121
8976,4,HFA,F,155,P15,15.0,148.821
8977,4,HFA,F,155,P25,25.0,151.332
8978,4,HFA,F,155,P50,50.0,156.01
8979,4,HFA,F,155,P75,75.0,160.689
8980,4,HFA,F,155,P85,85.0,163.199
8981,4,HFA,F,155,P90,90.0,164.899
8982,4,HFA,F,155,P95,95.0,167.419
8983,4,HFA,F,155,P97,97.0,169.056
8984,4,HFA,F,155,P99,99.0,172.146
8985,4,HFA,F,155,P999,99.9,177.445
8986,4,HFA,F,156,P01,0.1,134.924
8987,4,HFA,F,156,P1,1.0,140.227
8988,4,HFA,F,156,P3,3.0,143.319
8989,4,HFA,F,156,P5,5.0,144.957
8990,4,HFA,F,156,P10,10.0,147.479
8991,4,HFA,F,156,P15,15.0,149.18
8992,4,HFA,F,156,P25,25.0,151.693
8993,4,HFA,F,156,P50,50.0,156.375
8994,4,HFA,F,156,P75,75.0,161.057
8995,4,HFA,F,156,P85,85.0,163.569
8996,4,HFA,F,156,P90,90.0,165.271
8997,4,HFA,F,156,P95,95.0,167.793
8998,4,HFA,F,156,P97,97.0,169.43
8999,4,HFA,F,156,P99,99.0,172.523
9000,4,HFA,F,156,P999,99.9,177.826
9001,4,HFA,F,157,P01,0.1,135.267
9002,4,HFA,F,157,P1,1.0,140.571
9003,4,HFA,F,157,P3,3.0,143.666
9004,4,HFA,F,157,P5,5.0,145.304
9005,4,HFA,F,157,P10,10.0,147.827
9006,4,HFA,F,157,P15,15.0,149.529
9007,4,HFA,F,157,P25,25.0,152.043
9008,4,HFA,F,157,P50,50.0,156.727
9009,4,HFA,F,157,P75,75.0,161.411
9010,4,HFA,F,157,P85,85.0,163.924
9011,4,HFA,F,157,P90,90.0,165.627
9012,4,HFA,F,157,P95,95.0,168.15
9013,4,HFA,F,157,P97,97.0,169.788
9014,4,HFA,F,157,P99,99.0,172.882
9015,4,HFA,F,157,P999,99.9,178.187
9016,4,HFA,F,158,P01,0.1,135.599
9017,4,HFA,F,158,P1,1.0,140.905
9018,4,HFA,F,158,P3,3.0,144.001
9019,4,HFA,F,158,P5,5.0,145.64
9020,4,HFA,F,158,P10,10.0,148.164
9021,4,HFA,F,158,P15,15.0,149.866
9022,4,HFA,F,158,P25,25.0,152.381
9023,4,HFA,F,158,P50,50.0,157.067
9024,4,HFA,F,158,P75,75.0,161.752
9025,4,HFA,F,158,P85,85.0,164.267
9026,4,HFA,F,158,P90,90.0,165.97
9027,4,HFA,F,158,P95,95.0,168.493
9028,4,HFA,F,158,P97,97.0,170.133
9029,4,HFA,F,158,P99,99.0,173.228
9030,4,HFA,F,158,P999,99.9,178.535
9031,4,HFA,F,159,P01,0.1,135.92
9032,4,HFA,F,159,P1,1.0,141.228
9033,4,HFA,F,159,P3,3.0,144.324
9034,4,HFA,F,159,P5,5.0,145.964
9035,4,HFA,F,159,P10,10.0,148.488
9036,4,HFA,F,159,P15,15.0,150.191
9037,4,HFA,F,159,P25,25.0,152.707
9038,4,HFA,F,159,P50,50.0,157.394
9039,4,HFA,F,159,P75,75.0,162.081
9040,4,HFA,F,159,P85,85.0,164.596
9041,4,HFA,F,159,P90,90.0,166.299
9042,4,HFA,F,159,P95,95.0,168.824
9043,4,HFA,F,159,P97,97.0,170.463
9044,4,HFA,F,159,P99,99.0,173.559
9045,4,HFA,F,159,P999,99.9,178.867
9046,4,HFA,F,160,P01,0.1,136.226
9047,4,HFA,F,160,P1,1.0,141.536
9048,4,HFA,F,160,P3,3.0,144.633
9049,4,HFA,F,160,P5,5.0,146.274
9050,4,HFA,F,160,P10,10.0,148.799
9051,4,HFA,F,160,P15,15.0,150.503
9052,4,HFA,F,160,P25,25.0,153.019
9053,4,HFA,F,160,P50,50.0,157.708
9054,4,HFA,F,160,P75,75.0,162.397
9055,4,HFA,F,160,P85,85.0,164.913
9056,4,HFA,F,160,P90,90.0,166.617
9057,4,HFA,F,160,P95,95.0,169.143
9058,4,HFA,F,160,P97,97.0,170.783
9059,4,HFA,F,160,P99,99.0,173.88
9060,4,HFA,F,160,P999,99.9,179.191
9061,4,HFA,F,161,P01,0.1,136.526
9062,4,HFA,F,161,P1,1.0,141.836
9063,4,HFA,F,161,P3,3.0,144.934
9064,4,HFA,F,161,P5,5.0,146.574
9065,4,HFA,F,161,P10,10.0,149.1
9066,4,HFA,F,161,P15,15.0,150.804
9067,4,HFA,F,161,P25,25.0,153.321
9068,4,HFA,F,161,P50,50.0,158.01
9069,4,HFA,F,161,P75,75.0,162.7
9070,4,HFA,F,161,P85,85.0,165.216
9071,4,HFA,F,161,P90,90.0,166.92
9072,4,HFA,F,161,P95,95.0,169.446
9073,4,HFA,F,161,P97,97.0,171.086
9074,4,HFA,F,161,P99,99.0,174.184
9075,4,HFA,F,161,P999,99.9,179.495
9076,4,HFA,F,162,P01,0.1,136.815
9077,4,HFA,F,162,P1,1.0,142.126
9078,4,HFA,F,162,P3,3.0,145.223
9079,4,HFA,F,162,P5,5.0,146.864
9080,4,HFA,F,162,P10,10.0,149.39
9081,4,HFA,F,162,P15,15.0,151.094
9082,4,HFA,F,162,P25,25.0,153.61
9083,4,HFA,F,162,P50,50.0,158.3
9084,4,HFA,F,162,P75,75.0,162.989
9085,4,HFA,F,162,P85,85.0,165.506
9086,4,HFA,F,162,P90,90.0,167.21
9087,4,HFA,F,162,P95,95.0,169.736
9088,4,HFA,F,162,P97,97.0,171.376
9089,4,HFA,F,162,P99,99.0,174.474
9090,4,HFA,F,162,P999,99.9,179.785
9091,4,HFA,F,163,P01,0.1,137.094
9092,4,HFA,F,163,P1,1.0,142.404
9093,4,HFA,F,163,P3,3.0,145.502
9094,4,HFA,F,163,P5,5.0,147.142
9095,4,HFA,F,163,P10,10.0,149.668
9096,4,HFA,F,163,P15,15.0,151.372
9097,4,HFA,F,163,P25,25.0,153.888
9098,4,HFA,F,163,P50,50.0,158.577
9099,4,HFA,F,163,P75,75.0,163.266
9100,4,HFA,F,163,P85,85.0,165.782
9101,4,HFA,F,163,P90,90.0,167.486
9102,4,HFA,F,163,P95,95.0,170.012
9103,4,HFA,F,163,P97,97.0,171.652
9104,4,HFA,F,163,P99,99.0,174.75
9105,4,HFA,F,163,P999,99.9,180.06
9106,4,HFA,F,164,P01,0.1,137.362
9107,4,HFA,F,164,P1,1.0,142.672
9108,4,HFA,F,164,P3,3.0,145.769
9109,4,HFA,F,164,P5,5.0,147.409
9110,4,HFA,F,164,P10,10.0,149.935
9111,4,HFA,F,164,P15,15.0,151.638
9112,4,HFA,F,164,P25,25.0,154.154
9113,4,HFA,F,164,P50,50.0,158.842
9114,4,HFA,F,164,P75,75.0,163.531
9115,4,HFA,F,164,P85,85.0,166.047
9116,4,HFA,F,164,P90,90.0,167.75
9117,4,HFA,F,164,P95,95.0,170.276
9118,4,HFA,F,164,P97,97.0,171.916
9119,4,HFA,F,164,P99,99.0,175.013
9120,4,HFA,F,164,P999,99.9,180.323
9121,4,HFA,F,165,P01,0.1,137.616
9122,4,HFA,F,165,P1,1.0,142.926
9123,4,HFA,F,165,P3,3.0,146.023
9124,4,HFA,F,165,P5,5.0,147.663
9125,4,HFA,F,165,P10,10.0,150.188
9126,4,HFA,F,165,P15,15.0,151.892
9127,4,HFA,F,165,P25,25.0,154.408
9128,4,HFA,F,165,P50,50.0,159.096
9129,4,HFA,F,165,P75,75.0,163.784
9130,4,HFA,F,165,P85,85.0,166.3
9131,4,HFA,F,165,P90,90.0,168.004
9132,4,HFA,F,165,P95,95.0,170.529
9133,4,HFA,F,165,P97,97.0,172.169
9134,4,HFA,F,165,P99,99.0,175.266
9135,4,HFA,F,165,P999,99.9,180.576
9136,4,HFA,F,166,P01,0.1,137.865
9137,4,HFA,F,166,P1,1.0,143.173
9138,4,HFA,F,166,P3,3.0,146.269
9139,4,HFA,F,166,P5,5.0,147.909
9140,4,HFA,F,166,P10,10.0,150.433
9141,4,HFA,F,166,P15,15.0,152.136
9142,4,HFA,F,166,P25,25.0,154.651
9143,4,HFA,F,166,P50,50.0,159.338
9144,4,HFA,F,166,P75,75.0,164.025
9145,4,HFA,F,166,P85,85.0,166.54
9146,4,HFA,F,166,P90,90.0,168.243
9147,4,HFA,F,166,P95,95.0,170.768
9148,4,HFA,F,166,P97,97.0,172.407
9149,4,HFA,F,166,P99,99.0,175.503
9150,4,HFA,F,166,P999,99.9,180.811
9151,4,HFA,F,167,P01,0.1,138.104
9152,4,HFA,F,167,P1,1.0,143.41
9153,4,HFA,F,167,P3,3.0,146.505
9154,4,HFA,F,167,P5,5.0,148.144
9155,4,HFA,F,167,P10,10.0,150.667
9156,4,HFA,F,167,P15,15.0,152.37
9157,4,HFA,F,167,P25,25.0,154.884
9158,4,HFA,F,167,P50,50.0,159.569
9159,4,HFA,F,167,P75,75.0,164.254
9160,4,HFA,F,167,P85,85.0,166.768
9161,4,HFA,F,167,P90,90.0,168.471
9162,4,HFA,F,167,P95,95.0,170.994
9163,4,HFA,F,167,P97,97.0,172.633
9164,4,HFA,F,167,P99,99.0,175.728
9165,4,HFA,F,167,P999,99.9,181.034
9166,4,HFA,F,168,P01,0.1,138.334
9167,4,HFA,F,168,P1,1.0,143.638
9168,4,HFA,F,168,P3,3.0,146.731
9169,4,HFA,F,168,P5,5.0,148.369
9170,4,HFA,F,168,P10,10.0,150.891
9171,4,HFA,F,168,P15,15.0,152.593
9172,4,HFA,F,168,P25,25.0,155.106
9173,4,HFA,F,168,P50,50.0,159.789
9174,4,HFA,F,168,P75,75.0,164.472
9175,4,HFA,F,168,P85,85.0,166.985
9176,4,HFA,F,168,P90,90.0,168.687
9177,4,HFA,F,168,P95,95.0,171.209
9178,4,HFA,F,168,P97,97.0,172.847
9179,4,HFA,F,168,P99,99.0,175.94
9180,4,HFA,F,168,P999,99.9,181.244
9181,4,HFA,F,169,P01,0.1,138.555
9182,4,HFA,F,169,P1,1.0,143.855
9183,4,HFA,F,169,P3,3.0,146.947
9184,4,HFA,F,169,P5,5.0,148.584
9185,4,HFA,F,169,P10,10.0,151.105
9186,4,HFA,F,169,P15,15.0,152.806
9187,4,HFA,F,169,P25,25.0,155.318
9188,4,HFA,F,169,P50,50.0,159.998
9189,4,HFA,F,169,P75,75.0,164.679
9190,4,HFA,F,169,P85,85.0,167.19
9191,4,HFA,F,169,P90,90.0,168.891
9192,4,HFA,F,169,P95,95.0,171.412
9193,4,HFA,F,169,P97,97.0,173.049
9194,4,HFA,F,169,P99,99.0,176.141
9195,4,HFA,F,169,P999,99.9,181.442
9196,4,HFA,F,170,P01,0.1,138.762
9197,4,HFA,F,170,P1,1.0,144.06
9198,4,HFA,F,170,P3,3.0,147.151
9199,4,HFA,F,170,P5,5.0,148.788
9200,4,HFA,F,170,P10,10.0,151.308
9201,4,HFA,F,170,P15,15.0,153.008
9202,4,HFA,F,170,P25,25.0,155.518
9203,4,HFA,F,170,P50,50.0,160.197
9204,4,HFA,F,170,P75,75.0,164.876
9205,4,HFA,F,170,P85,85.0,167.386
9206,4,HFA,F,170,P90,90.0,169.087
9207,4,HFA,F,170,P95,95.0,171.607
9208,4,HFA,F,170,P97,97.0,173.243
9209,4,HFA,F,170,P99,99.0,176.334
9210,4,HFA,F,170,P999,99.9,181.633
9211,4,HFA,F,171,P01,0.1,138.965
9212,4,HFA,F,171,P1,1.0,144.26
9213,4,HFA,F,171,P3,3.0,147.348
9214,4,HFA,F,171,P5,5.0,148.984
9215,4,HFA,F,171,P10,10.0,151.502
9216,4,HFA,F,171,P15,15.0,153.201
9217,4,HFA,F,171,P25,25.0,155.71
9218,4,HFA,F,171,P50,50.0,160.386
9219,4,HFA,F,171,P75,75.0,165.061
9220,4,HFA,F,171,P85,85.0,167.57
9221,4,HFA,F,171,P90,90.0,169.269
9222,4,HFA,F,171,P95,95.0,171.788
9223,4,HFA,F,171,P97,97.0,173.423
9224,4,HFA,F,171,P99,99.0,176.512
9225,4,HFA,F,171,P999,99.9,181.807
9226,4,HFA,F,172,P01,0.1,139.159
9227,4,HFA,F,172,P1,1.0,144.45
9228,4,HFA,F,172,P3,3.0,147.537
9229,4,HFA,F,172,P5,5.0,149.171
9230,4,HFA,F,172,P10,10.0,151.687
9231,4,HFA,F,172,P15,15.0,153.385
9232,4,HFA,F,172,P25,25.0,155.892
9233,4,HFA,F,172,P50,50.0,160.564
9234,4,HFA,F,172,P75,75.0,165.236
9235,4,HFA,F,172,P85,85.0,167.743
9236,4,HFA,F,172,P90,90.0,169.441
9237,4,HFA,F,172,P95,95.0,171.958
9238,4,HFA,F,172,P97,97.0,173.592
9239,4,HFA,F,172,P99,99.0,176.678
9240,4,HFA,F,172,P999,99.9,181.97
9241,4,HFA,F,173,P01,0.1,139.34
9242,4,HFA,F,173,P1,1.0,144.628
9243,4,HFA,F,173,P3,3.0,147.713
9244,4,HFA,F,173,P5,5.0,149.346
9245,4,HFA,F,173,P10,10.0,151.861
9246,4,HFA,F,173,P15,15.0,153.558
9247,4,HFA,F,173,P25,25.0,156.064
9248,4,HFA,F,173,P50,50.0,160.733
9249,4,HFA,F,173,P75,75.0,165.403
9250,4,HFA,F,173,P85,85.0,167.908
9251,4,HFA,F,173,P90,90.0,169.605
9252,4,HFA,F,173,P95,95.0,172.12
9253,4,HFA,F,173,P97,97.0,173.754
9254,4,HFA,F,173,P99,99.0,176.838
9255,4,HFA,F,173,P999,99.9,182.126
9256,4,HFA,F,174,P01,0.1,139.518
9257,4,HFA,F,174,P1,1.0,144.802
9258,4,HFA,F,174,P3,3.0,147.884
9259,4,HFA,F,174,P5,5.0,149.516
9260,4,HFA,F,174,P10,10.0,152.028
9261,4,HFA,F,174,P15,15.0,153.724
9262,4,HFA,F,174,P25,25.0,156.227
9263,4,HFA,F,174,P50,50.0,160.893
9264,4,HFA,F,174,P75,75.0,165.558
9265,4,HFA,F,174,P85,85.0,168.061
9266,4,HFA,F,174,P90,90.0,169.757
9267,4,HFA,F,174,P95,95.0,172.27
9268,4,HFA,F,174,P97,97.0,173.902
9269,4,HFA,F,174,P99,99.0,176.984
9270,4,HFA,F,174,P999,99.9,182.267
9271,4,HFA,F,175,P01,0.1,139.683
9272,4,HFA,F,175,P1,1.0,144.963
9273,4,HFA,F,175,P3,3.0,148.043
9274,4,HFA,F,175,P5,5.0,149.674
9275,4,HFA,F,175,P10,10.0,152.185
9276,4,HFA,F,175,P15,15.0,153.879
9277,4,HFA,F,175,P25,25.0,156.381
9278,4,HFA,F,175,P50,50.0,161.043
9279,4,HFA,F,175,P75,75.0,165.705
9280,4,HFA,F,175,P85,85.0,168.207
9281,4,HFA,F,175,P90,90.0,169.901
9282,4,HFA,F,175,P95,95.0,172.412
9283,4,HFA,F,175,P97,97.0,174.043
9284,4,HFA,F,175,P99,99.0,177.123
9285,4,HFA,F,175,P999,99.9,182.403
9286,4,HFA,F,176,P01,0.1,139.846
9287,4,HFA,F,176,P1,1.0,145.121
9288,4,HFA,F,176,P3,3.0,148.197
9289,4,HFA,F,176,P5,5.0,149.827
9290,4,HFA,F,176,P10,10.0,152.335
9291,4,HFA,F,176,P15,15.0,154.028
9292,4,HFA,F,176,P25,25.0,156.527
9293,4,HFA,F,176,P50,50.0,161.184
9294,4,HFA,F,176,P75,75.0,165.842
9295,4,HFA,F,176,P85,85.0,168.341
9296,4,HFA,F,176,P90,90.0,170.034
9297,4,HFA,F,176,P95,95.0,172.542
9298,4,HFA,F,176,P97,97.0,174.172
9299,4,HFA,F,176,P99,99.0,177.248
9300,4,HFA,F,176,P999,99.9,182.523
9301,4,HFA,F,177,P01,0.1,139.996
9302,4,HFA,F,177,P1,1.0,145.267
9303,4,HFA,F,177,P3,3.0,148.341
9304,4,HFA,F,177,P5,5.0,149.969
9305,4,HFA,F,177,P10,10.0,152.475
9306,4,HFA,F,177,P15,15.0,154.167
9307,4,HFA,F,177,P25,25.0,156.664
9308,4,HFA,F,177,P50,50.0,161.318
9309,4,HFA,F,177,P75,75.0,165.971
9310,4,HFA,F,177,P85,85.0,168.469
9311,4,HFA,F,177,P90,90.0,170.16
9312,4,HFA,F,177,P95,95.0,172.666
9313,4,HFA,F,177,P97,97.0,174.294
9314,4,HFA,F,177,P99,99.0,177.368
9315,4,HFA,F,177,P999,99.9,182.639
9316,4,HFA,F,178,P01,0.1,140.14
9317,4,HFA,F,178,P1,1.0,145.406
9318,4,HFA,F,178,P3,3.0,148.477
9319,4,HFA,F,178,P5,5.0,150.104
9320,4,HFA,F,178,P10,10.0,152.608
9321,4,HFA,F,178,P15,15.0,154.298
9322,4,HFA,F,178,P25,25.0,156.793
9323,4,HFA,F,178,P50,50.0,161.442
9324,4,HFA,F,178,P75,75.0,166.092
9325,4,HFA,F,178,P85,85.0,168.587
9326,4,HFA,F,178,P90,90.0,170.277
9327,4,HFA,F,178,P95,95.0,172.781
9328,4,HFA,F,178,P97,97.0,174.408
9329,4,HFA,F,178,P99,99.0,177.479
9330,4,HFA,F,178,P999,99.9,182.745
9331,4,HFA,F,179,P01,0.1,140.276
9332,4,HFA,F,179,P1,1.0,145.537
9333,4,HFA,F,179,P3,3.0,148.606
9334,4,HFA,F,179,P5,5.0,150.231
9335,4,HFA,F,179,P10,10.0,152.733
9336,4,HFA,F,179,P15,15.0,154.421
9337,4,HFA,F,179,P25,25.0,156.914
9338,4,HFA,F,179,P50,50.0,161.56
9339,4,HFA,F,179,P75,75.0,166.205
9340,4,HFA,F,179,P85,85.0,168.698
9341,4,HFA,F,179,P90,90.0,170.386
9342,4,HFA,F,179,P95,95.0,172.888
9343,4,HFA,F,179,P97,97.0,174.513
9344,4,HFA,F,179,P99,99.0,177.582
9345,4,HFA,F,179,P999,99.9,182.843
9346,4,HFA,F,180,P01,0.1,140.411
9347,4,HFA,F,180,P1,1.0,145.666
9348,4,HFA,F,180,P3,3.0,148.731
9349,4,HFA,F,180,P5,5.0,150.354
9350,4,HFA,F,180,P10,10.0,152.853
9351,4,HFA,F,180,P15,15.0,154.54
9352,4,HFA,F,180,P25,25.0,157.029
9353,4,HFA,F,180,P50,50.0,161.669
9354,4,HFA,F,180,P75,75.0,166.309
9355,4,HFA,F,180,P85,85.0,168.799
9356,4,HFA,F,180,P90,90.0,170.485
9357,4,HFA,F,180,P95,95.0,172.984
9358,4,HFA,F,180,P97,97.0,174.607
9359,4,HFA,F,180,P99,99.0,177.672
9360,4,HFA,F,180,P999,99.9,182.927
9361,4,HFA,F,181,P01,0.1,140.535
9362,4,HFA,F,181,P1,1.0,145.785
9363,4,HFA,F,181,P3,3.0,148.847
9364,4,HFA,F,181,P5,5.0,150.468
9365,4,HFA,F,181,P10,10.0,152.965
9366,4,HFA,F,181,P15,15.0,154.649
9367,4,HFA,F,181,P25,25.0,157.137
9368,4,HFA,F,181,P50,50.0,161.772
9369,4,HFA,F,181,P75,75.0,166.407
9370,4,HFA,F,181,P85,85.0,168.894
9371,4,HFA,F,181,P90,90.0,170.579
9372,4,HFA,F,181,P95,95.0,173.075
9373,4,HFA,F,181,P97,97.0,174.697
9374,4,HFA,F,181,P99,99.0,177.759
9375,4,HFA,F,181,P999,99.9,183.008
9376,4,HFA,F,182,P01,0.1,140.653
9377,4,HFA,F,182,P1,1.0,145.897
9378,4,HFA,F,182,P3,3.0,148.956
9379,4,HFA,F,182,P5,5.0,150.576
9380,4,HFA,F,182,P10,10.0,153.07
9381,4,HFA,F,182,P15,15.0,154.752
9382,4,HFA,F,182,P25,25.0,157.237
9383,4,HFA,F,182,P50,50.0,161.867
9384,4,HFA,F,182,P75,75.0,166.498
9385,4,HFA,F,182,P85,85.0,168.982
9386,4,HFA,F,182,P90,90.0,170.665
9387,4,HFA,F,182,P95,95.0,173.159
9388,4,HFA,F,182,P97,97.0,174.779
9389,4,HFA,F,182,P99,99.0,177.837
9390,4,HFA,F,182,P999,99.9,183.081
9391,4,HFA,F,183,P01,0.1,140.761
9392,4,HFA,F,183,P1,1.0,146.0
9393,4,HFA,F,183,P3,3.0,149.056
9394,4,HFA,F,183,P5,5.0,150.675
9395,4,HFA,F,183,P10,10.0,153.166
9396,4,HFA,F,183,P15,15.0,154.848
9397,4,HFA,F,183,P25,25.0,157.33
9398,4,HFA,F,183,P50,50.0,161.956
9399,4,HFA,F,183,P75,75.0,166.583
9400,4,HFA,F,183,P85,85.0,169.065
9401,4,HFA,F,183,P90,90.0,170.746
9402,4,HFA,F,183,P95,95.0,173.238
9403,4,HFA,F,183,P97,97.0,174.856
9404,4,HFA,F,183,P99,99.0,177.912
9405,4,HFA,F,183,P999,99.9,183.152
9406,4,HFA,F,184,P01,0.1,140.868
9407,4,HFA,F,184,P1,1.0,146.101
9408,4,HFA,F,184,P3,3.0,149.154
9409,4,HFA,F,184,P5,5.0,150.77
9410,4,HFA,F,184,P10,10.0,153.259
9411,4,HFA,F,184,P15,15.0,154.939
9412,4,HFA,F,184,P25,25.0,157.418
9413,4,HFA,F,184,P50,50.0,162.039
9414,4,HFA,F,184,P75,75.0,166.66
9415,4,HFA,F,184,P85,85.0,169.14
9416,4,HFA,F,184,P90,90.0,170.819
9417,4,HFA,F,184,P95,95.0,173.308
9418,4,HFA,F,184,P97,97.0,174.925
9419,4,HFA,F,184,P99,99.0,177.977
9420,4,HFA,F,184,P999,99.9,183.211
9421,4,HFA,F,185,P01,0.1,140.97
9422,4,HFA,F,185,P1,1.0,146.197
9423,4,HFA,F,185,P3,3.0,149.246
9424,4,HFA,F,185,P5,5.0,150.861
9425,4,HFA,F,185,P10,10.0,153.347
9426,4,HFA,F,185,P15,15.0,155.024
9427,4,HFA,F,185,P25,25.0,157.501
9428,4,HFA,F,185,P50,50.0,162.116
9429,4,HFA,F,185,P75,75.0,166.732
9430,4,HFA,F,185,P85,85.0,169.209
9431,4,HFA,F,185,P90,90.0,170.886
9432,4,HFA,F,185,P95,95.0,173.372
9433,4,HFA,F,185,P97,97.0,174.987
9434,4,HFA,F,185,P99,99.0,178.035
9435,4,HFA,F,185,P999,99.9,183.263
9436,4,HFA,F,186,P01,0.1,141.067
9437,4,HFA,F,186,P1,1.0,146.288
9438,4,HFA,F,186,P3,3.0,149.334
9439,4,HFA,F,186,P5,5.0,150.946
9440,4,HFA,F,186,P10,10.0,153.429
9441,4,HFA,F,186,P15,15.0,155.104
9442,4,HFA,F,186,P25,25.0,157.578
9443,4,HFA,F,186,P50,50.0,162.188
9444,4,HFA,F,186,P75,75.0,166.798
9445,4,HFA,F,186,P85,85.0,169.272
9446,4,HFA,F,186,P90,90.0,170.947
9447,4,HFA,F,186,P95,95.0,173.43
9448,4,HFA,F,186,P97,97.0,175.042
9449,4,HFA,F,186,P99,99.0,178.088
9450,4,HFA,F,186,P999,99.9,183.309
9451,4,HFA,F,187,P01,0.1,141.155
9452,4,HFA,F,187,P1,1.0,146.371
9453,4,HFA,F,187,P3,3.0,149.413
9454,4,HFA,F,187,P5,5.0,151.024
9455,4,HFA,F,187,P10,10.0,153.504
9456,4,HFA,F,187,P15,15.0,155.178
9457,4,HFA,F,187,P25,25.0,157.649
9458,4,HFA,F,187,P50,50.0,162.254
9459,4,HFA,F,187,P75,75.0,166.859
9460,4,HFA,F,187,P85,85.0,169.331
9461,4,HFA,F,187,P90,90.0,171.004
9462,4,HFA,F,187,P95,95.0,173.485
9463,4,HFA,F,187,P97,97.0,175.096
9464,4,HFA,F,187,P99,99.0,178.138
9465,4,HFA,F,187,P999,99.9,183.353
9466,4,HFA,F,188,P01,0.1,141.244
9467,4,HFA,F,188,P1,1.0,146.452
9468,4,HFA,F,188,P3,3.0,149.491
9469,4,HFA,F,188,P5,5.0,151.099
9470,4,HFA,F,188,P10,10.0,153.577
9471,4,HFA,F,188,P15,15.0,155.248
9472,4,HFA,F,188,P25,25.0,157.716
9473,4,HFA,F,188,P50,50.0,162.315
9474,4,HFA,F,188,P75,75.0,166.915
9475,4,HFA,F,188,P85,85.0,169.383
9476,4,HFA,F,188,P90,90.0,171.054
9477,4,HFA,F,188,P95,95.0,173.531
9478,4,HFA,F,188,P97,97.0,175.14
9479,4,HFA,F,188,P99,99.0,178.178
9480,4,HFA,F,188,P999,99.9,183.387
9481,4,HFA,F,189,P01,0.1,141.323
9482,4,HFA,F,189,P1,1.0,146.526
9483,4,HFA,F,189,P3,3.0,149.561
9484,4,HFA,F,189,P5,5.0,151.168
9485,4,HFA,F,189,P10,10.0,153.643
9486,4,HFA,F,189,P15,15.0,155.312
9487,4,HFA,F,189,P25,25.0,157.778
9488,4,HFA,F,189,P50,50.0,162.372
9489,4,HFA,F,189,P75,75.0,166.966
9490,4,HFA,F,189,P85,85.0,169.432
9491,4,HFA,F,189,P90,90.0,171.101
9492,4,HFA,F,189,P95,95.0,173.576
9493,4,HFA,F,189,P97,97.0,175.183
9494,4,HFA,F,189,P99,99.0,178.218
9495,4,HFA,F,189,P999,99.9,183.421
9496,4,HFA,F,190,P01,0.1,141.398
9497,4,HFA,F,190,P1,1.0,146.596
9498,4,HFA,F,190,P3,3.0,149.627
9499,4,HFA,F,190,P5,5.0,151.232
9500,4,HFA,F,190,P10,10.0,153.704
9501,4,HFA,F,190,P15,15.0,155.372
9502,4,HFA,F,190,P25,25.0,157.835
9503,4,HFA,F,190,P50,50.0,162.424
9504,4,HFA,F,190,P75,75.0,167.013
9505,4,HFA,F,190,P85,85.0,169.476
9506,4,HFA,F,190,P90,90.0,171.143
9507,4,HFA,F,190,P95,95.0,173.615
9508,4,HFA,F,190,P97,97.0,175.221
9509,4,HFA,F,190,P99,99.0,178.252
9510,4,HFA,F,190,P999,99.9,183.45
9511,4,HFA,F,191,P01,0.1,141.475
9512,4,HFA,F,191,P1,1.0,146.665
9513,4,HFA,F,191,P3,3.0,149.693
9514,4,HFA,F,191,P5,5.0,151.296
9515,4,HFA,F,191,P10,10.0,153.764
9516,4,HFA,F,191,P15,15.0,155.43
9517,4,HFA,F,191,P25,25.0,157.889
9518,4,HFA,F,191,P50,50.0,162.472
9519,4,HFA,F,191,P75,75.0,167.055
9520,4,HFA,F,191,P85,85.0,169.514
9521,4,HFA,F,191,P90,90.0,171.179
9522,4,HFA,F,191,P95,95.0,173.648
9523,4,HFA,F,191,P97,97.0,175.251
9524,4,HFA,F,191,P99,99.0,178.278
9525,4,HFA,F,191,P999,99.9,183.468
9526,4,HFA,F,192,P01,0.1,141.543
9527,4,HFA,F,192,P1,1.0,146.727
9528,4,HFA,F,192,P3,3.0,149.751
9529,4,HFA,F,192,P5,5.0,151.353
9530,4,HFA,F,192,P10,10.0,153.818
9531,4,HFA,F,192,P15,15.0,155.482
9532,4,HFA,F,192,P25,25.0,157.938
9533,4,HFA,F,192,P50,50.0,162.516
9534,4,HFA,F,192,P75,75.0,167.093
9535,4,HFA,F,192,P85,85.0,169.55
9536,4,HFA,F,192,P90,90.0,171.213
9537,4,HFA,F,192,P95,95.0,173.679
9538,4,HFA,F,192,P97,97.0,175.28
9539,4,HFA,F,192,P99,99.0,178.304
9540,4,HFA,F,192,P999,99.9,183.488
9541,4,HFA,F,193,P01,0.1,141.609
9542,4,HFA,F,193,P1,1.0,146.787
9543,4,HFA,F,193,P3,3.0,149.807
9544,4,HFA,F,193,P5,5.0,151.406
9545,4,HFA,F,193,P10,10.0,153.869
9546,4,HFA,F,193,P15,15.0,155.53
9547,4,HFA,F,193,P25,25.0,157.984
9548,4,HFA,F,193,P50,50.0,162.556
9549,4,HFA,F,193,P75,75.0,167.128
9550,4,HFA,F,193,P85,85.0,169.582
9551,4,HFA,F,193,P90,90.0,171.243
9552,4,HFA,F,193,P95,95.0,173.706
9553,4,HFA,F,193,P97,97.0,175.305
9554,4,HFA,F,193,P99,99.0,178.325
9555,4,HFA,F,193,P999,99.9,183.503
9556,4,HFA,F,194,P01,0.1,141.671
9557,4,HFA,F,194,P1,1.0,146.843
9558,4,HFA,F,194,P3,3.0,149.86
9559,4,HFA,F,194,P5,5.0,151.457
9560,4,HFA,F,194,P10,10.0,153.917
9561,4,HFA,F,194,P15,15.0,155.576
9562,4,HFA,F,194,P25,25.0,158.027
9563,4,HFA,F,194,P50,50.0,162.593
9564,4,HFA,F,194,P75,75.0,167.16
9565,4,HFA,F,194,P85,85.0,169.61
9566,4,HFA,F,194,P90,90.0,171.27
9567,4,HFA,F,194,P95,95.0,173.73
9568,4,HFA,F,194,P97,97.0,175.327
9569,4,HFA,F,194,P99,99.0,178.344
9570,4,HFA,F,194,P999,99.9,183.515
9571,4,HFA,F,195,P01,0.1,141.731
9572,4,HFA,F,195,P1,1.0,146.897
9573,4,HFA,F,195,P3,3.0,149.91
9574,4,HFA,F,195,P5,5.0,151.505
9575,4,HFA,F,195,P10,10.0,153.962
9576,4,HFA,F,195,P15,15.0,155.619
9577,4,HFA,F,195,P25,25.0,158.067
9578,4,HFA,F,195,P50,50.0,162.628
9579,4,HFA,F,195,P75,75.0,167.189
9580,4,HFA,F,195,P85,85.0,169.636
9581,4,HFA,F,195,P90,90.0,171.294
9582,4,HFA,F,195,P95,95.0,173.75
9583,4,HFA,F,195,P97,97.0,175.346
9584,4,HFA,F,195,P99,99.0,178.358
9585,4,HFA,F,195,P999,99.9,183.524
9586,4,HFA,F,196,P01,0.1,141.789
9587,4,HFA,F,196,P1,1.0,146.948
9588,4,HFA,F,196,P3,3.0,149.957
9589,4,HFA,F,196,P5,5.0,151.551
9590,4,HFA,F,196,P10,10.0,154.004
9591,4,HFA,F,196,P15,15.0,155.66
9592,4,HFA,F,196,P25,25.0,158.104
9593,4,HFA,F,196,P50,50.0,162.659
9594,4,HFA,F,196,P75,75.0,167.215
9595,4,HFA,F,196,P85,85.0,169.659
9596,4,HFA,F,196,P90,90.0,171.315
9597,4,HFA,F,196,P95,95.0,173.768
9598,4,HFA,F,196,P97,97.0,175.362
9599,4,HFA,F,196,P99,99.0,178.371
9600,4,HFA,F,196,P999,99.9,183.53
9601,4,HFA,F,197,P01,0.1,141.84
9602,4,HFA,F,197,P1,1.0,146.994
9603,4,HFA,F,197,P3,3.0,150.0
9604,4,HFA,F,197,P5,5.0,151.592
9605,4,HFA,F,197,P10,10.0,154.043
9606,4,HFA,F,197,P15,15.0,155.696
9607,4,HFA,F,197,P25,25.0,158.138
9608,4,HFA,F,197,P50,50.0,162.689
9609,4,HFA,F,197,P75,75.0,167.24
9610,4,HFA,F,197,P85,85.0,169.682
9611,4,HFA,F,197,P90,90.0,171.335
9612,4,HFA,F,197,P95,95.0,173.786
9613,4,HFA,F,197,P97,97.0,175.378
9614,4,HFA,F,197,P99,99.0,178.384
9615,4,HFA,F,197,P999,99.9,183.538
9616,4,HFA,F,198,P01,0.1,141.894
9617,4,HFA,F,198,P1,1.0,147.041
9618,4,HFA,F,198,P3,3.0,150.044
9619,4,HFA,F,198,P5,5.0,151.633
9620,4,HFA,F,198,P10,10.0,154.081
9621,4,HFA,F,198,P15,15.0,155.733
9622,4,HFA,F,198,P25,25.0,158.172
9623,4,HFA,F,198,P50,50.0,162.716
9624,4,HFA,F,198,P75,75.0,167.261
9625,4,HFA,F,198,P85,85.0,169.7
9626,4,HFA,F,198,P90,90.0,171.352
9627,4,HFA,F,198,P95,95.0,173.8
9628,4,HFA,F,198,P97,97.0,175.389
9629,4,HFA,F,198,P99,99.0,178.392
9630,4,HFA,F,198,P999,99.9,183.539
9631,4,HFA,F,199,P01,0.1,141.942
9632,4,HFA,F,199,P1,1.0,147.084
9633,4,HFA,F,199,P3,3.0,150.083
9634,4,HFA,F,199,P5,5.0,151.671
9635,4,HFA,F,199,P10,10.0,154.116
9636,4,HFA,F,199,P15,15.0,155.766
9637,4,HFA,F,199,P25,25.0,158.202
9638,4,HFA,F,199,P50,50.0,162.742
9639,4,HFA,F,199,P75,75.0,167.283
9640,4,HFA,F,199,P85,85.0,169.719
9641,4,HFA,F,199,P90,90.0,171.369
9642,4,HFA,F,199,P95,95.0,173.814
9643,4,HFA,F,199,P97,97.0,175.402
9644,4,HFA,F,199,P99,99.0,178.401
9645,4,HFA,F,199,P999,99.9,183.543
9646,4,HFA,F,200,P01,0.1,141.994
9647,4,HFA,F,200,P1,1.0,147.129
9648,4,HFA,F,200,P3,3.0,150.124
9649,4,HFA,F,200,P5,5.0,151.71
9650,4,HFA,F,200,P10,10.0,154.152
9651,4,HFA,F,200,P15,15.0,155.8
9652,4,HFA,F,200,P25,25.0,158.233
9653,4,HFA,F,200,P50,50.0,162.767
9654,4,HFA,F,200,P75,75.0,167.301
9655,4,HFA,F,200,P85,85.0,169.734
9656,4,HFA,F,200,P90,90.0,171.382
9657,4,HFA,F,200,P95,95.0,173.824
9658,4,HFA,F,200,P97,97.0,175.41
9659,4,HFA,F,200,P99,99.0,178.405
9660,4,HFA,F,200,P999,99.9,183.54
9661,4,HFA,F,201,P01,0.1,142.039
9662,4,HFA,F,201,P1,1.0,147.169
9663,4,HFA,F,201,P3,3.0,150.161
9664,4,HFA,F,201,P5,5.0,151.745
9665,4,HFA,F,201,P10,10.0,154.185
9666,4,HFA,F,201,P15,15.0,155.831
9667,4,HFA,F,201,P25,25.0,158.261
9668,4,HFA,F,201,P50,50.0,162.79
9669,4,HFA,F,201,P75,75.0,167.32
9670,4,HFA,F,201,P85,85.0,169.75
9671,4,HFA,F,201,P90,90.0,171.396
9672,4,HFA,F,201,P95,95.0,173.836
9673,4,HFA,F,201,P97,97.0,175.42
9674,4,HFA,F,201,P99,99.0,178.412
9675,4,HFA,F,201,P999,99.9,183.542
9676,4,HFA,F,202,P01,0.1,142.089
9677,4,HFA,F,202,P1,1.0,147.212
9678,4,HFA,F,202,P3,3.0,150.2
9679,4,HFA,F,202,P5,5.0,151.782
9680,4,HFA,F,202,P10,10.0,154.218
9681,4,HFA,F,202,P15,15.0,155.862
9682,4,HFA,F,202,P25,25.0,158.289
9683,4,HFA,F,202,P50,50.0,162.813
9684,4,HFA,F,202,P75,75.0,167.336
9685,4,HFA,F,202,P85,85.0,169.763
9686,4,HFA,F,202,P90,90.0,171.407
9687,4,HFA,F,202,P95,95.0,173.843
9688,4,HFA,F,202,P97,97.0,175.426
9689,4,HFA,F,202,P99,99.0,178.414
9690,4,HFA,F,202,P999,99.9,183.536
9691,4,HFA,F,203,P01,0.1,142.133
9692,4,HFA,F,203,P1,1.0,147.25
9693,4,HFA,F,203,P3,3.0,150.235
9694,4,HFA,F,203,P5,5.0,151.815
9695,4,HFA,F,203,P10,10.0,154.249
9696,4,HFA,F,203,P15,15.0,155.891
9697,4,HFA,F,203,P25,25.0,158.316
9698,4,HFA,F,203,P50,50.0,162.834
9699,4,HFA,F,203,P75,75.0,167.352
9700,4,HFA,F,203,P85,85.0,169.777
9701,4,HFA,F,203,P90,90.0,171.419
9702,4,HFA,F,203,P95,95.0,173.853
9703,4,HFA,F,203,P97,97.0,175.433
9704,4,HFA,F,203,P99,99.0,178.418
9705,4,HFA,F,203,P999,99.9,183.535
9706,4,HFA,F,204,P01,0.1,142.176
9707,4,HFA,F,204,P1,1.0,147.287
9708,4,HFA,F,204,P3,3.0,150.269
9709,4,HFA,F,204,P5,5.0,151.848
9710,4,HFA,F,204,P10,10.0,154.279
9711,4,HFA,F,204,P15,15.0,155.919
9712,4,HFA,F,204,P25,25.0,158.341
9713,4,HFA,F,204,P50,50.0,162.854
9714,4,HFA,F,204,P75,75.0,167.368
9715,4,HFA,F,204,P85,85.0,169.79
9716,4,HFA,F,204,P90,90.0,171.43
9717,4,HFA,F,204,P95,95.0,173.861
9718,4,HFA,F,204,P97,97.0,175.44
9719,4,HFA,F,204,P99,99.0,178.422
9720,4,HFA,F,204,P999,99.9,183.533
9721,4,HFA,F,205,P01,0.1,142.218
9722,4,HFA,F,205,P1,1.0,147.324
9723,4,HFA,F,205,P3,3.0,150.302
9724,4,HFA,F,205,P5,5.0,151.88
9725,4,HFA,F,205,P10,10.0,154.308
9726,4,HFA,F,205,P15,15.0,155.946
9727,4,HFA,F,205,P25,25.0,158.366
9728,4,HFA,F,205,P50,50.0,162.874
9729,4,HFA,F,205,P75,75.0,167.383
9730,4,HFA,F,205,P85,85.0,169.802
9731,4,HFA,F,205,P90,90.0,171.441
9732,4,HFA,F,205,P95,95.0,173.869
9733,4,HFA,F,205,P97,97.0,175.446
9734,4,HFA,F,205,P99,99.0,178.424
9735,4,HFA,F,205,P999,99.9,183.531
9736,4,HFA,F,206,P01,0.1,142.26
9737,4,HFA,F,206,P1,1.0,147.36
9738,4,HFA,F,206,P3,3.0,150.335
9739,4,HFA,F,206,P5,5.0,151.911
9740,4,HFA,F,206,P10,10.0,154.337
9741,4,HFA,F,206,P15,15.0,155.973
9742,4,HFA,F,206,P25,25.0,158.39
9743,4,HFA,F,206,P50,50.0,162.894
9744,4,HFA,F,206,P75,75.0,167.397
9745,4,HFA,F,206,P85,85.0,169.814
9746,4,HFA,F,206,P90,90.0,171.45
9747,4,HFA,F,206,P95,95.0,173.876
9748,4,HFA,F,206,P97,97.0,175.452
9749,4,HFA,F,206,P99,99.0,178.427
9750,4,HFA,F,206,P999,99.9,183.527
9751,4,HFA,F,207,P01,0.1,142.301
9752,4,HFA,F,207,P1,1.0,147.396
9753,4,HFA,F,207,P3,3.0,150.368
9754,4,HFA,F,207,P5,5.0,151.941
9755,4,HFA,F,207,P10,10.0,154.365
9756,4,HFA,F,207,P15,15.0,155.999
9757,4,HFA,F,207,P25,25.0,158.413
9758,4,HFA,F,207,P50,50.0,162.912
9759,4,HFA,F,207,P75,75.0,167.411
9760,4,HFA,F,207,P85,85.0,169.825
9761,4,HFA,F,207,P90,90.0,171.459
9762,4,HFA,F,207,P95,95.0,173.883
9763,4,HFA,F,207,P97,97.0,175.456
9764,4,HFA,F,207,P99,99.0,178.428
9765,4,HFA,F,207,P999,99.9,183.523
9766,4,HFA,F,208,P01,0.1,142.342
9767,4,HFA,F,208,P1,1.0,147.431
9768,4,HFA,F,208,P3,3.0,150.4
9769,4,HFA,F,208,P5,5.0,151.972
9770,4,HFA,F,208,P10,10.0,154.392
9771,4,HFA,F,208,P15,15.0,156.025
9772,4,HFA,F,208,P25,25.0,158.436
9773,4,HFA,F,208,P50,50.0,162.93
9774,4,HFA,F,208,P75,75.0,167.424
9775,4,HFA,F,208,P85,85.0,169.835
9776,4,HFA,F,208,P90,90.0,171.468
9777,4,HFA,F,208,P95,95.0,173.888
9778,4,HFA,F,208,P97,97.0,175.46
9779,4,HFA,F,208,P99,99.0,178.429
9780,4,HFA,F,208,P999,99.9,183.518
9781,4,HFA,F,209,P01,0.1,142.383
9782,4,HFA,F,209,P1,1.0,147.466
9783,4,HFA,F,209,P3,3.0,150.431
9784,4,HFA,F,209,P5,5.0,152.001
9785,4,HFA,F,209,P10,10.0,154.419
9786,4,HFA,F,209,P15,15.0,156.05
9787,4,HFA,F,209,P25,25.0,158.459
9788,4,HFA,F,209,P50,50.0,162.948
9789,4,HFA,F,209,P75,75.0,167.436
9790,4,HFA,F,209,P85,85.0,169.845
9791,4,HFA,F,209,P90,90.0,171.476
9792,4,HFA,F,209,P95,95.0,173.894
9793,4,HFA,F,209,P97,97.0,175.464
9794,4,HFA,F,209,P99,99.0,178.429
9795,4,HFA,F,209,P999,99.9,183.512
9796,4,HFA,F,210,P01,0.1,142.418
9797,4,HFA,F,210,P1,1.0,147.497
9798,4,HFA,F,210,P3,3.0,150.46
9799,4,HFA,F,210,P5,5.0,152.028
9800,4,HFA,F,210,P10,10.0,154.444
9801,4,HFA,F,210,P15,15.0,156.074
9802,4,HFA,F,210,P25,25.0,158.48
9803,4,HFA,F,210,P50,50.0,162.965
9804,4,HFA,F,210,P75,75.0,167.45
9805,4,HFA,F,210,P85,85.0,169.856
9806,4,HFA,F,210,P90,90.0,171.486
9807,4,HFA,F,210,P95,95.0,173.901
9808,4,HFA,F,210,P97,97.0,175.47
9809,4,HFA,F,210,P99,99.0,178.433
9810,4,HFA,F,210,P999,99.9,183.512
9811,4,HFA,F,211,P01,0.1,142.458
9812,4,HFA,F,211,P1,1.0,147.531
9813,4,HFA,F,211,P3,3.0,150.49
9814,4,HFA,F,211,P5,5.0,152.057
9815,4,HFA,F,211,P10,10.0,154.47
9816,4,HFA,F,211,P15,15.0,156.098
9817,4,HFA,F,211,P25,25.0,158.502
9818,4,HFA,F,211,P50,50.0,162.982
9819,4,HFA,F,211,P75,75.0,167.461
9820,4,HFA,F,211,P85,85.0,169.865
9821,4,HFA,F,211,P90,90.0,171.493
9822,4,HFA,F,211,P95,95.0,173.906
9823,4,HFA,F,211,P97,97.0,175.473
9824,4,HFA,F,211,P99,99.0,178.432
9825,4,HFA,F,211,P999,99.9,183.505
9826,4,HFA,F,212,P01,0.1,142.493
9827,4,HFA,F,212,P1,1.0,147.561
9828,4,HFA,F,212,P3,3.0,150.518
9829,4,HFA,F,212,P5,5.0,152.084
9830,4,HFA,F,212,P10,10.0,154.494
9831,4,HFA,F,212,P15,15.0,156.121
9832,4,HFA,F,212,P25,25.0,158.523
9833,4,HFA,F,212,P50,50.0,162.998
9834,4,HFA,F,212,P75,75.0,167.474
9835,4,HFA,F,212,P85,85.0,169.876
9836,4,HFA,F,212,P90,90.0,171.502
9837,4,HFA,F,212,P95,95.0,173.913
9838,4,HFA,F,212,P97,97.0,175.479
9839,4,HFA,F,212,P99,99.0,178.435
9840,4,HFA,F,212,P999,99.9,183.504
9841,4,HFA,F,213,P01,0.1,142.532
9842,4,HFA,F,213,P1,1.0,147.595
9843,4,HFA,F,213,P3,3.0,150.548
9844,4,HFA,F,213,P5,5.0,152.112
9845,4,HFA,F,213,P10,10.0,154.52
9846,4,HFA,F,213,P15,15.0,156.145
9847,4,HFA,F,213,P25,25.0,158.544
9848,4,HFA,F,213,P50,50.0,163.014
9849,4,HFA,F,213,P75,75.0,167.485
9850,4,HFA,F,213,P85,85.0,169.884
9851,4,HFA,F,213,P90,90.0,171.509
9852,4,HFA,F,213,P95,95.0,173.917
9853,4,HFA,F,213,P97,97.0,175.481
9854,4,HFA,F,213,P99,99.0,178.434
9855,4,HFA,F,213,P999,99.9,183.497
9856,4,HFA,F,214,P01,0.1,142.566
9857,4,HFA,F,214,P1,1.0,147.624
9858,4,HFA,F,214,P3,3.0,150.575
9859,4,HFA,F,214,P5,5.0,152.137
9860,4,HFA,F,214,P10,10.0,154.543
9861,4,HFA,F,214,P15,15.0,156.166
9862,4,HFA,F,214,P25,25.0,158.563
9863,4,HFA,F,214,P50,50.0,163.03
9864,4,HFA,F,214,P75,75.0,167.497
9865,4,HFA,F,214,P85,85.0,169.894
9866,4,HFA,F,214,P90,90.0,171.517
9867,4,HFA,F,214,P95,95.0,173.923
9868,4,HFA,F,214,P97,97.0,175.485
9869,4,HFA,F,214,P99,99.0,178.436
9870,4,HFA,F,214,P999,99.9,183.494
9871,4,HFA,F,215,P01,0.1,142.599
9872,4,HFA,F,215,P1,1.0,147.653
9873,4,HFA,F,215,P3,3.0,150.601
9874,4,HFA,F,215,P5,5.0,152.162
9875,4,HFA,F,215,P10,10.0,154.566
9876,4,HFA,F,215,P15,15.0,156.188
9877,4,HFA,F,215,P25,25.0,158.582
9878,4,HFA,F,215,P50,50.0,163.045
9879,4,HFA,F,215,P75,75.0,167.508
9880,4,HFA,F,215,P85,85.0,169.903
9881,4,HFA,F,215,P90,90.0,171.524
9882,4,HFA,F,215,P95,95.0,173.928
9883,4,HFA,F,215,P97,97.0,175.489
9884,4,HFA,F,215,P99,99.0,178.437
9885,4,HFA,F,215,P999,99.9,183.491
9886,4,HFA,F,216,P01,0.1,142.637
9887,4,HFA,F,216,P1,1.0,147.685
9888,4,HFA,F,216,P3,3.0,150.63
9889,4,HFA,F,216,P5,5.0,152.189
9890,4,HFA,F,216,P10,10.0,154.59
9891,4,HFA,F,216,P15,15.0,156.21
9892,4,HFA,F,216,P25,25.0,158.602
9893,4,HFA,F,216,P50,50.0,163.06
9894,4,HFA,F,216,P75,75.0,167.517
9895,4,HFA,F,216,P85,85.0,169.909
9896,4,HFA,F,216,P90,90.0,171.529
9897,4,HFA,F,216,P95,95.0,173.93
9898,4,HFA,F,216,P97,97.0,175.489
9899,4,HFA,F,216,P99,99.0,178.434
9900,4,HFA,F,216,P999,99.9,183.482
9901,4,HFA,F,217,P01,0.1,142.669
9902,4,HFA,F,217,P1,1.0,147.713
9903,4,HFA,F,217,P3,3.0,150.655
9904,4,HFA,F,217,P5,5.0,152.213
9905,4,HFA,F,217,P10,10.0,154.611
9906,4,HFA,F,217,P15,15.0,156.23
9907,4,HFA,F,217,P25,25.0,158.62
9908,4,HFA,F,217,P50,50.0,163.073
9909,4,HFA,F,217,P75,75.0,167.527
9910,4,HFA,F,217,P85,85.0,169.917
9911,4,HFA,F,217,P90,90.0,171.535
9912,4,HFA,F,217,P95,95.0,173.934
9913,4,HFA,F,217,P97,97.0,175.492
9914,4,HFA,F,217,P99,99.0,178.434
9915,4,HFA,F,217,P999,99.9,183.478
9916,4,HFA,F,218,P01,0.1,142.7
9917,4,HFA,F,218,P1,1.0,147.74
9918,4,HFA,F,218,P3,3.0,150.679
9919,4,HFA,F,218,P5,5.0,152.235
9920,4,HFA,F,218,P10,10.0,154.632
9921,4,HFA,F,218,P15,15.0,156.249
9922,4,HFA,F,218,P25,25.0,158.637
9923,4,HFA,F,218,P50,50.0,163.086
9924,4,HFA,F,218,P75,75.0,167.536
9925,4,HFA,F,218,P85,85.0,169.923
9926,4,HFA,F,218,P90,90.0,171.54
9927,4,HFA,F,218,P95,95.0,173.937
9928,4,HFA,F,218,P97,97.0,175.493
9929,4,HFA,F,218,P99,99.0,178.433
9930,4,HFA,F,218,P999,99.9,183.472
9931,4,HFA,F,219,P01,0.1,142.731
9932,4,HFA,F,219,P1,1.0,147.766
9933,4,HFA,F,219,P3,3.0,150.702
9934,4,HFA,F,219,P5,5.0,152.257
9935,4,HFA,F,219,P10,10.0,154.652
9936,4,HFA,F,219,P15,15.0,156.267
9937,4,HFA,F,219,P25,25.0,158.653
9938,4,HFA,F,219,P50,50.0,163.098
9939,4,HFA,F,219,P75,75.0,167.544
9940,4,HFA,F,219,P85,85.0,169.929
9941,4,HFA,F,219,P90,90.0,171.545
9942,4,HFA,F,219,P95,95.0,173.939
9943,4,HFA,F,219,P97,97.0,175.494
9944,4,HFA,F,219,P99,99.0,178.431
9945,4,HFA,F,219,P999,99.9,183.465
9946,4,HFA,F,220,P01,0.1,142.761
9947,4,HFA,F,220,P1,1.0,147.791
9948,4,HFA,F,220,P3,3.0,150.725
9949,4,HFA,F,220,P5,5.0,152.278
9950,4,HFA,F,220,P10,10.0,154.671
9951,4,HFA,F,220,P15,15.0,156.285
9952,4,HFA,F,220,P25,25.0,158.668
9953,4,HFA,F,220,P50,50.0,163.109
9954,4,HFA,F,220,P75,75.0,167.551
9955,4,HFA,F,220,P85,85.0,169.934
9956,4,HFA,F,220,P90,90.0,171.548
9957,4,HFA,F,220,P95,95.0,173.94
9958,4,HFA,F,220,P97,97.0,175.494
9959,4,HFA,F,220,P99,99.0,178.428
9960,4,HFA,F,220,P999,99.9,183.458
9961,4,HFA,F,221,P01,0.1,142.785
9962,4,HFA,F,221,P1,1.0,147.811
9963,4,HFA,F,221,P3,3.0,150.743
9964,4,HFA,F,221,P5,5.0,152.296
9965,4,HFA,F,221,P10,10.0,154.686
9966,4,HFA,F,221,P15,15.0,156.299
9967,4,HFA,F,221,P25,25.0,158.681
9968,4,HFA,F,221,P50,50.0,163.119
9969,4,HFA,F,221,P75,75.0,167.557
9970,4,HFA,F,221,P85,85.0,169.939
9971,4,HFA,F,221,P90,90.0,171.552
9972,4,HFA,F,221,P95,95.0,173.943
9973,4,HFA,F,221,P97,97.0,175.495
9974,4,HFA,F,221,P99,99.0,178.427
9975,4,HFA,F,221,P999,99.9,183.454
9976,4,HFA,F,222,P01,0.1,142.813
9977,4,HFA,F,222,P1,1.0,147.834
9978,4,HFA,F,222,P3,3.0,150.763
9979,4,HFA,F,222,P5,5.0,152.315
9980,4,HFA,F,222,P10,10.0,154.703
9981,4,HFA,F,222,P15,15.0,156.314
9982,4,HFA,F,222,P25,25.0,158.694
9983,4,HFA,F,222,P50,50.0,163.128
9984,4,HFA,F,222,P75,75.0,167.562
9985,4,HFA,F,222,P85,85.0,169.941
9986,4,HFA,F,222,P90,90.0,171.553
9987,4,HFA,F,222,P95,95.0,173.941
9988,4,HFA,F,222,P97,97.0,175.492
9989,4,HFA,F,222,P99,99.0,178.421
9990,4,HFA,F,222,P999,99.9,183.443
9991,4,HFA,F,223,P01,0.1,142.839
9992,4,HFA,F,223,P1,1.0,147.856
9993,4,HFA,F,223,P3,3.0,150.783
9994,4,HFA,F,223,P5,5.0,152.332
9995,4,HFA,F,223,P10,10.0,154.718
9996,4,HFA,F,223,P15,15.0,156.328
9997,4,HFA,F,223,P25,25.0,158.706
9998,4,HFA,F,223,P50,50.0,163.136
9999,4,HFA,F,223,P75,75.0,167.565
10000,4,HFA,F,223,P85,85.0,169.943
10001,4,HFA,F,223,P90,90.0,171.553
10002,4,HFA,F,223,P95,95.0,173.939
10003,4,HFA,F,223,P97,97.0,175.488
10004,4,HFA,F,223,P99,99.0,178.415
10005,4,HFA,F,223,P999,99.9,183.432
10006,4,HFA,F,224,P01,0.1,142.86
10007,4,HFA,F,224,P1,1.0,147.874
10008,4,HFA,F,224,P3,3.0,150.798
10009,4,HFA,F,224,P5,5.0,152.346
10010,4,HFA,F,224,P10,10.0,154.731
10011,4,HFA,F,224,P15,15.0,156.339
10012,4,HFA,F,224,P25,25.0,158.715
10013,4,HFA,F,224,P50,50.0,163.142
10014,4,HFA,F,224,P75,75.0,167.569
10015,4,HFA,F,224,P85,85.0,169.944
10016,4,HFA,F,224,P90,90.0,171.553
10017,4,HFA,F,224,P95,95.0,173.937
10018,4,HFA,F,224,P97,97.0,175.486
10019,4,HFA,F,224,P99,99.0,178.41
10020,4,HFA,F,224,P999,99.9,183.424
10021,4,HFA,F,225,P01,0.1,142.885
10022,4,HFA,F,225,P1,1.0,147.893
10023,4,HFA,F,225,P3,3.0,150.815
10024,4,HFA,F,225,P5,5.0,152.362
10025,4,HFA,F,225,P10,10.0,154.744
10026,4,HFA,F,225,P15,15.0,156.351
10027,4,HFA,F,225,P25,25.0,158.724
10028,4,HFA,F,225,P50,50.0,163.147
10029,4,HFA,F,225,P75,75.0,167.569
10030,4,HFA,F,225,P85,85.0,169.943
10031,4,HFA,F,225,P90,90.0,171.55
10032,4,HFA,F,225,P95,95.0,173.932
10033,4,HFA,F,225,P97,97.0,175.479
10034,4,HFA,F,225,P99,99.0,178.4
10035,4,HFA,F,225,P999,99.9,183.409
10036,4,HFA,F,226,P01,0.1,142.903
10037,4,HFA,F,226,P1,1.0,147.908
10038,4,HFA,F,226,P3,3.0,150.828
10039,4,HFA,F,226,P5,5.0,152.373
10040,4,HFA,F,226,P10,10.0,154.754
10041,4,HFA,F,226,P15,15.0,156.36
10042,4,HFA,F,226,P25,25.0,158.731
10043,4,HFA,F,226,P50,50.0,163.151
10044,4,HFA,F,226,P75,75.0,167.57
10045,4,HFA,F,226,P85,85.0,169.942
10046,4,HFA,F,226,P90,90.0,171.548
10047,4,HFA,F,226,P95,95.0,173.928
10048,4,HFA,F,226,P97,97.0,175.474
10049,4,HFA,F,226,P99,99.0,178.393
10050,4,HFA,F,226,P999,99.9,183.398
10051,4,HFA,F,227,P01,0.1,142.926
10052,4,HFA,F,227,P1,1.0,147.926
10053,4,HFA,F,227,P3,3.0,150.842
10054,4,HFA,F,227,P5,5.0,152.387
10055,4,HFA,F,227,P10,10.0,154.765
10056,4,HFA,F,227,P15,15.0,156.369
10057,4,HFA,F,227,P25,25.0,158.738
10058,4,HFA,F,227,P50,50.0,163.153
10059,4,HFA,F,227,P75,75.0,167.568
10060,4,HFA,F,227,P85,85.0,169.938
10061,4,HFA,F,227,P90,90.0,171.542
10062,4,HFA,F,227,P95,95.0,173.92
10063,4,HFA,F,227,P97,97.0,175.465
10064,4,HFA,F,227,P99,99.0,178.381
10065,4,HFA,F,227,P999,99.9,183.381
10066,4,HFA,F,228,P01,0.1,142.942
10067,4,HFA,F,228,P1,1.0,147.938
10068,4,HFA,F,228,P3,3.0,150.853
10069,4,HFA,F,228,P5,5.0,152.396
10070,4,HFA,F,228,P10,10.0,154.772
10071,4,HFA,F,228,P15,15.0,156.376
10072,4,HFA,F,228,P25,25.0,158.743
10073,4,HFA,F,228,P50,50.0,163.155
10074,4,HFA,F,228,P75,75.0,167.567
10075,4,HFA,F,228,P85,85.0,169.934
10076,4,HFA,F,228,P90,90.0,171.537
10077,4,HFA,F,228,P95,95.0,173.914
10078,4,HFA,F,228,P97,97.0,175.457
10079,4,HFA,F,228,P99,99.0,178.371
10080,4,HFA,F,228,P999,99.9,183.368
