id,id_ingrediente,id_nutriente,valor_por_100g
1,1,1,365.00000000
2,1,2,9.40000000
3,1,3,0.00000000
4,1,4,11.20000000
5,1,5,73.10000000
6,1,6,72.40000000
7,1,7,0.66000000
8,1,8,0.00000000
9,1,9,4.20000000
10,1,10,2.10000000
11,1,11,0.32000000
12,1,12,0.24000000
13,1,13,0.81000000
14,1,14,0.00000000
15,1,15,1.80000000
16,1,16,0.00000000
17,1,17,11.00000000
18,1,18,0.00000000
19,1,19,2.20000000
20,1,20,2.80000000
21,1,21,0.52000000
22,1,22,0.20000000
23,1,23,4.70000000
24,1,24,0.15000000
25,1,25,57.00000000
26,1,26,0.00000000
27,1,27,0.68000000
28,1,28,0.00000000
29,1,29,0.00000000
30,1,30,36.00000000
31,1,31,349.00000000
32,1,32,3.50000000
33,1,33,0.00000000
34,1,34,3.60000000
35,1,35,111.00000000
36,1,36,17.00000000
37,1,37,521.00000000
38,1,38,0.00000000
39,1,39,0.66000000
40,1,40,70.70000000
41,1,41,0.03000000
42,1,42,0.00000000
43,1,43,40.00000000
44,1,44,0.00000000
45,2,1,364.00000000
46,2,2,9.40000000
47,2,3,0.00000000
48,2,4,6.70000000
49,2,5,81.60000000
50,2,6,81.40000000
51,2,7,0.16000000
52,2,8,0.00000000
53,2,9,1.40000000
54,2,10,0.90000000
55,2,11,0.19000000
56,2,12,0.23000000
57,2,13,0.32000000
58,2,14,0.00000000
59,2,15,0.00000000
60,2,16,0.00000000
61,2,17,0.00000000
62,2,18,0.00000000
63,2,19,0.07600000
64,2,20,1.00000000
65,2,21,0.05000000
66,2,22,0.04000000
67,2,23,4.90000000
68,2,24,0.20000000
69,2,25,20.00000000
70,2,26,0.00000000
71,2,27,0.00000000
72,2,28,3.00000000
73,2,29,20.00000000
74,2,30,14.00000000
75,2,31,150.00000000
76,2,32,0.80000000
77,2,33,14.00000000
78,2,34,1.50000000
79,2,35,31.00000000
80,2,36,3.90000000
81,2,37,109.00000000
82,2,38,1.20000000
83,2,39,2.00000000
84,2,40,7.00000000
85,2,41,0.01000000
86,2,42,0.00000000
87,2,43,1.00000000
88,2,44,0.00000000
89,3,1,349.00000000
90,3,2,12.90000000
91,3,3,0.00000000
92,3,4,6.90000000
93,3,5,78.20000000
94,3,6,78.20000000
95,3,7,0.00000000
96,3,8,0.00000000
97,3,9,1.40000000
98,3,10,0.60000000
99,3,11,0.15000000
100,3,12,0.17000000
101,3,13,0.20000000
102,3,14,0.00000000
103,3,15,0.00000000
104,3,16,0.00000000
105,3,17,0.00000000
106,3,18,0.00000000
107,3,19,0.10000000
108,3,20,1.00000000
109,3,21,0.22000000
110,3,22,0.06000000
111,3,23,4.70000000
112,3,24,0.38000000
113,3,25,20.00000000
114,3,26,0.00000000
115,3,27,1.10000000
116,3,28,3.00000000
117,3,29,0.00000000
118,3,30,34.00000000
119,3,31,150.00000000
120,3,32,1.40000000
121,3,33,14.00000000
122,3,34,1.80000000
123,3,35,31.00000000
124,3,36,4.00000000
125,3,37,150.00000000
126,3,38,1.20000000
127,3,39,0.37000000
128,3,40,10.00000000
129,3,41,0.00000000
130,3,42,0.00000000
131,3,43,0.00000000
132,3,44,0.00000000
133,4,1,350.00000000
134,4,2,14.20000000
135,4,3,0.00000000
136,4,4,7.30000000
137,4,5,74.10000000
138,4,6,72.70000000
139,4,7,1.40000000
140,4,8,0.00000000
141,4,9,2.20000000
142,4,10,2.20000000
143,4,11,0.61000000
144,4,12,0.55000000
145,4,13,0.81000000
146,4,14,0.00000000
147,4,15,0.00000000
148,4,16,0.00000000
149,4,17,0.00000000
150,4,18,0.00000000
151,4,19,0.74000000
152,4,20,1.00000000
153,4,21,0.41000000
154,4,22,0.09000000
155,4,23,6.60000000
156,4,24,0.28000000
157,4,25,49.00000000
158,4,26,0.00000000
159,4,27,1.50000000
160,4,28,12.00000000
161,4,29,0.00000000
162,4,30,21.00000000
163,4,31,310.00000000
164,4,32,1.70000000
165,4,33,2.20000000
166,4,34,1.60000000
167,4,35,110.00000000
168,4,36,10.00000000
169,4,37,238.00000000
170,4,38,2.10000000
171,4,39,0.29000000
172,4,40,10.00000000
173,4,41,0.04000000
174,4,42,0.00000000
175,4,43,25.00000000
176,4,44,0.00000000
177,5,1,353.00000000
178,5,2,15.80000000
179,5,3,0.00000000
180,5,4,11.70000000
181,5,5,55.70000000
182,5,6,55.70000000
183,5,7,0.00000000
184,5,8,0.00000000
185,5,9,9.70000000
186,5,10,7.10000000
187,5,11,1.50000000
188,5,12,2.60000000
189,5,13,2.90000000
190,5,14,0.00000000
191,5,15,0.00000000
192,5,16,0.00000000
193,5,17,0.00000000
194,5,18,0.00000000
195,5,19,0.84000000
196,5,20,50.00000000
197,5,21,0.67000000
198,5,22,0.17000000
199,5,23,3.40000000
200,5,24,0.96000000
201,5,25,33.00000000
202,5,26,0.00000000
203,5,27,0.71000000
204,5,28,13.00000000
205,5,29,0.00000000
206,5,30,80.00000000
207,5,31,342.00000000
208,5,32,5.80000000
209,5,33,7.70000000
210,5,34,3.20000000
211,5,35,129.00000000
212,5,36,8.40000000
213,5,37,355.00000000
214,5,38,3.10000000
215,5,39,0.42000000
216,5,40,7.10000000
217,5,41,0.11000000
218,5,42,0.00000000
219,5,43,80.00000000
220,5,44,0.00000000
221,6,1,330.00000000
222,6,2,10.10000000
223,6,3,0.00000000
224,6,4,9.90000000
225,6,5,62.10000000
226,6,6,61.30000000
227,6,7,0.80000000
228,6,8,0.00000000
229,6,9,15.60000000
230,6,10,1.20000000
231,6,11,0.24000000
232,6,12,0.15000000
233,6,13,0.56000000
234,6,14,0.00000000
235,6,15,2.20000000
236,6,16,0.00000000
237,6,17,13.00000000
238,6,18,0.00000000
239,6,19,0.02000000
240,6,20,2.20000000
241,6,21,0.19000000
242,6,22,0.11000000
243,6,23,4.60000000
244,6,24,0.26000000
245,6,25,23.00000000
246,6,26,0.00000000
247,6,27,0.28000000
248,6,28,0.00000000
249,6,29,0.00000000
250,6,30,29.00000000
251,6,31,221.00000000
252,6,32,2.50000000
253,6,33,0.00000000
254,6,34,2.10000000
255,6,35,79.00000000
256,6,36,9.00000000
257,6,37,280.00000000
258,6,38,1.30000000
259,6,39,0.42000000
260,6,40,37.70000000
261,6,41,0.08000000
262,6,42,0.00000000
263,6,43,72.90000000
264,6,44,0.00000000
265,7,1,372.00000000
266,7,2,0.00000000
267,7,3,0.00000000
268,7,4,14.80000000
269,7,5,65.20000000
270,7,6,64.20000000
271,7,7,1.10000000
272,7,8,0.00000000
273,7,9,14.60000000
274,7,10,2.50000000
275,7,11,0.29000000
276,7,12,0.30000000
277,7,13,1.10000000
278,7,14,0.00000000
279,7,15,1.20000000
280,7,16,0.00000000
281,7,17,7.00000000
282,7,18,0.00000000
283,7,19,1.90000000
284,7,20,5.90000000
285,7,21,0.32000000
286,7,22,0.25000000
287,7,23,4.30000000
288,7,24,0.29000000
289,7,25,38.00000000
290,7,26,0.00000000
291,7,27,1.50000000
292,7,28,0.00000000
293,7,29,0.00000000
294,7,30,33.00000000
295,7,31,374.00000000
296,7,32,2.70000000
297,7,33,10.00000000
298,7,34,3.70000000
299,7,35,121.00000000
300,7,36,6.00000000
301,7,37,264.00000000
302,7,38,0.00000000
303,7,39,0.45000000
304,7,40,35.30000000
305,7,41,0.06000000
306,7,42,0.00000000
307,7,43,65.00000000
308,7,44,0.00000000
309,8,1,356.00000000
310,8,2,10.90000000
311,8,3,0.00000000
312,8,4,0.41000000
313,8,5,88.00000000
314,8,6,88.00000000
315,8,7,0.00000000
316,8,8,0.00000000
317,8,9,0.60000000
318,8,10,0.08000000
319,8,11,0.01100000
320,8,12,0.02000000
321,8,13,0.03000000
322,8,14,0.00000000
323,8,15,0.00000000
324,8,16,0.00000000
325,8,17,0.00000000
326,8,18,0.00000000
327,8,19,0.00000000
328,8,20,1.00000000
329,8,21,0.00000000
330,8,22,0.00800000
331,8,23,0.03000000
332,8,24,0.00500000
333,8,25,1.00000000
334,8,26,0.00000000
335,8,27,0.00000000
336,8,28,0.00000000
337,8,29,0.00000000
338,8,30,1.00000000
339,8,31,30.00000000
340,8,32,0.50000000
341,8,33,2.50000000
342,8,34,0.30000000
343,8,35,2.00000000
344,8,36,3.00000000
345,8,37,7.00000000
346,8,38,1.00000000
347,8,39,0.05000000
348,8,40,2.80000000
349,8,41,0.00000000
350,8,42,0.00000000
351,8,43,0.00000000
352,8,44,0.00000000
353,9,1,349.00000000
354,9,2,11.90000000
355,9,3,0.00000000
356,9,4,7.60000000
357,9,5,78.00000000
358,9,6,77.90000000
359,9,7,0.12000000
360,9,8,0.00000000
361,9,9,0.00000000
362,9,10,0.70000000
363,9,11,0.20000000
364,9,12,0.22000000
365,9,13,0.19000000
366,9,14,0.00000000
367,9,15,0.00000000
368,9,16,0.00000000
369,9,17,0.00000000
370,9,18,0.00000000
371,9,19,0.11000000
372,9,20,0.00000000
373,9,21,0.14000000
374,9,22,0.02100000
375,9,23,2.60000000
376,9,24,0.44000000
377,9,25,4.00000000
378,9,26,0.00000000
379,9,27,0.00000000
380,9,28,0.00000000
381,9,29,0.00000000
382,9,30,10.00000000
383,9,31,98.00000000
384,9,32,0.35000000
385,9,33,0.00000000
386,9,34,0.80000000
387,9,35,35.00000000
388,9,36,0.00000000
389,9,37,76.00000000
390,9,38,0.00000000
391,9,39,0.00000000
392,9,40,0.00000000
393,9,41,0.01000000
394,9,42,0.00000000
395,9,43,1.00000000
396,9,44,0.00000000
397,10,1,326.00000000
398,10,2,13.40000000
399,10,3,0.00000000
400,10,4,10.00000000
401,10,5,59.70000000
402,10,6,59.70000000
403,10,7,0.00000000
404,10,8,0.00000000
405,10,9,15.00000000
406,10,10,1.90000000
407,10,11,0.24000000
408,10,12,0.20000000
409,10,13,0.85000000
410,10,14,0.00000000
411,10,15,0.00000000
412,10,16,0.00000000
413,10,17,0.00000000
414,10,18,0.00000000
415,10,19,1.50000000
416,10,20,0.00000000
417,10,21,0.30000000
418,10,22,0.20000000
419,10,23,1.60000000
420,10,24,0.30000000
421,10,25,70.00000000
422,10,26,0.00000000
423,10,27,0.00000000
424,10,28,0.00000000
425,10,29,0.00000000
426,10,30,27.00000000
427,10,31,286.00000000
428,10,32,2.60000000
429,10,33,0.00000000
430,10,34,3.00000000
431,10,35,82.00000000
432,10,36,2.00000000
433,10,37,390.00000000
434,10,38,0.00000000
435,10,39,0.00000000
436,10,40,14.40000000
437,10,41,0.04000000
438,10,42,0.00000000
439,10,43,45.00000000
440,10,44,0.00000000
441,11,1,342.00000000
442,11,2,13.20000000
443,11,3,0.00000000
444,11,4,8.30000000
445,11,5,66.30000000
446,11,6,66.30000000
447,11,7,0.00000000
448,11,8,0.00000000
449,11,9,9.40000000
450,11,10,2.80000000
451,11,11,0.35000000
452,11,12,0.88000000
453,11,13,1.40000000
454,11,14,0.00000000
455,11,15,50.00000000
456,11,16,0.00000000
457,11,17,300.00000000
458,11,18,0.00000000
459,11,19,0.00000000
460,11,20,1.00000000
461,11,21,0.44000000
462,11,22,0.13000000
463,11,23,0.82000000
464,11,24,0.06000000
465,11,25,10.00000000
466,11,26,0.00000000
467,11,27,0.55000000
468,11,28,6.60000000
469,11,29,0.00000000
470,11,30,18.00000000
471,11,31,39.00000000
472,11,32,2.40000000
473,11,33,80.00000000
474,11,34,1.60000000
475,11,35,47.00000000
476,11,36,0.70000000
477,11,37,120.00000000
478,11,38,0.46000000
479,11,39,0.13000000
480,11,40,15.40000000
481,11,41,0.03000000
482,11,42,0.00000000
483,11,43,10.00000000
484,11,44,0.00000000
485,12,1,341.00000000
486,12,2,14.00000000
487,12,3,0.00000000
488,12,4,9.90000000
489,12,5,70.60000000
490,12,6,69.90000000
491,12,7,0.70000000
492,12,8,0.00000000
493,12,9,4.30000000
494,12,10,1.20000000
495,12,11,0.16000000
496,12,12,0.13000000
497,12,13,0.51000000
498,12,14,0.00000000
499,12,15,0.17000000
500,12,16,0.00000000
501,12,17,1.00000000
502,12,18,0.00000000
503,12,19,0.34000000
504,12,20,32.70000000
505,12,21,0.11000000
506,12,22,0.03000000
507,12,23,2.30000000
508,12,24,0.10000000
509,12,25,16.00000000
510,12,26,0.00000000
511,12,27,0.40000000
512,12,28,1.10000000
513,12,29,0.00000000
514,12,30,17.00000000
515,12,31,108.00000000
516,12,32,1.00000000
517,12,33,10.00000000
518,12,34,0.78000000
519,12,35,23.00000000
520,12,36,2.00000000
521,12,37,146.00000000
522,12,38,0.69000000
523,12,39,0.14000000
524,12,40,4.00000000
525,12,41,0.02000000
526,12,42,0.00000000
527,12,43,68.30000000
528,12,44,0.00000000
529,13,1,322.00000000
530,13,2,17.80000000
531,13,3,0.00000000
532,13,4,12.70000000
533,13,5,58.30000000
534,13,6,56.20000000
535,13,7,2.10000000
536,13,8,0.00000000
537,13,9,9.00000000
538,13,10,2.20000000
539,13,11,0.28000000
540,13,12,0.21000000
541,13,13,0.89000000
542,13,14,0.00000000
543,13,15,0.00000000
544,13,16,0.00000000
545,13,17,0.00000000
546,13,18,0.00000000
547,13,19,1.40000000
548,13,20,65.50000000
549,13,21,0.47000000
550,13,22,0.09000000
551,13,23,8.20000000
552,13,24,0.50000000
553,13,25,57.00000000
554,13,26,0.00000000
555,13,27,0.80000000
556,13,28,7.00000000
557,13,29,0.00000000
558,13,30,38.00000000
559,13,31,320.00000000
560,13,32,3.90000000
561,13,33,0.00000000
562,13,34,2.90000000
563,13,35,120.00000000
564,13,36,3.00000000
565,13,37,340.00000000
566,13,38,3.10000000
567,13,39,0.45000000
568,13,40,53.00000000
569,13,41,0.07000000
570,13,42,0.00000000
571,13,43,90.50000000
572,13,44,0.00000000
573,14,1,356.00000000
574,14,2,6.10000000
575,14,3,0.00000000
576,14,4,10.10000000
577,14,5,64.80000000
578,14,6,63.40000000
579,14,7,1.40000000
580,14,8,0.00000000
581,14,9,16.20000000
582,14,10,2.70000000
583,14,11,0.31000000
584,14,12,0.36000000
585,14,13,1.20000000
586,14,14,0.00000000
587,14,15,0.00000000
588,14,16,0.00000000
589,14,17,0.00000000
590,14,18,0.00000000
591,14,19,0.40000000
592,14,20,0.00000000
593,14,21,0.21000000
594,14,22,0.04000000
595,14,23,4.60000000
596,14,24,0.30000000
597,14,25,25.00000000
598,14,26,0.00000000
599,14,27,0.00000000
600,14,28,0.00000000
601,14,29,0.00000000
602,14,30,16.80000000
603,14,31,314.00000000
604,14,32,6.80000000
605,14,33,0.00000000
606,14,34,0.70000000
607,14,35,103.00000000
608,14,36,214.00000000
609,14,37,136.00000000
610,14,38,0.00000000
611,14,39,0.00000000
612,14,40,0.00000000
613,14,41,0.05000000
614,14,42,0.00000000
615,14,43,50.00000000
616,14,44,0.00000000
617,15,1,102.00000000
618,15,2,74.90000000
619,15,3,0.00000000
620,15,4,3.30000000
621,15,5,18.20000000
622,15,6,13.70000000
623,15,7,4.50000000
624,15,8,0.00000000
625,15,9,2.30000000
626,15,10,1.30000000
627,15,11,0.20000000
628,15,12,0.37000000
629,15,13,0.60000000
630,15,14,0.00000000
631,15,15,13.00000000
632,15,16,0.00000000
633,15,17,0.00000000
634,15,18,0.00000000
635,15,19,0.45000000
636,15,20,1.00000000
637,15,21,0.04000000
638,15,22,0.08000000
639,15,23,1.80000000
640,15,24,0.09000000
641,15,25,33.00000000
642,15,26,0.00000000
643,15,27,0.88000000
644,15,28,0.00000000
645,15,29,1.00000000
646,15,30,3.00000000
647,15,31,69.00000000
648,15,32,0.60000000
649,15,33,1.00000000
650,15,34,0.30000000
651,15,35,22.00000000
652,15,36,288.00000000
653,15,37,200.00000000
654,15,38,0.19000000
655,15,39,0.05300000
656,15,40,0.80000000
657,15,41,0.02000000
658,15,42,0.00000000
659,15,43,15.00000000
660,15,44,0.00000000
661,16,1,346.00000000
662,16,2,13.70000000
663,16,3,0.00000000
664,16,4,8.60000000
665,16,5,64.70000000
666,16,6,58.50000000
667,16,7,6.20000000
668,16,8,0.00000000
669,16,9,9.20000000
670,16,10,3.80000000
671,16,11,0.57000000
672,16,12,1.00000000
673,16,13,1.50000000
674,16,14,0.00000000
675,16,15,21.40000000
676,16,16,0.00000000
677,16,17,129.00000000
678,16,18,0.00000000
679,16,19,1.10000000
680,16,20,1.00000000
681,16,21,0.36000000
682,16,22,0.20000000
683,16,23,1.50000000
684,16,24,0.40000000
685,16,25,26.00000000
686,16,26,0.00000000
687,16,27,0.65000000
688,16,28,0.00000000
689,16,29,0.00000000
690,16,30,7.00000000
691,16,31,256.00000000
692,16,32,2.40000000
693,16,33,2.00000000
694,16,34,1.70000000
695,16,35,93.00000000
696,16,36,6.00000000
697,16,37,330.00000000
698,16,38,0.46000000
699,16,39,0.23000000
700,16,40,15.40000000
701,16,41,0.02000000
702,16,42,0.00000000
703,16,43,20.00000000
704,16,44,0.00000000
705,17,1,110.00000000
706,17,2,72.30000000
707,17,3,0.00000000
708,17,4,3.40000000
709,17,5,18.60000000
710,17,6,14.00000000
711,17,7,4.50000000
712,17,8,0.00000000
713,17,9,4.20000000
714,17,10,1.50000000
715,17,11,0.20000000
716,17,12,0.40000000
717,17,13,0.60000000
718,17,14,0.00000000
719,17,15,26.30000000
720,17,16,0.00000000
721,17,17,158.00000000
722,17,18,0.00000000
723,17,19,0.70000000
724,17,20,1.00000000
725,17,21,0.22000000
726,17,22,0.07000000
727,17,23,2.00000000
728,17,24,0.10000000
729,17,25,31.00000000
730,17,26,0.00000000
731,17,27,0.37000000
732,17,28,0.00000000
733,17,29,7.00000000
734,17,30,3.00000000
735,17,31,103.00000000
736,17,32,0.60000000
737,17,33,1.00000000
738,17,34,0.30000000
739,17,35,33.00000000
740,17,36,17.00000000
741,17,37,251.00000000
742,17,38,0.14000000
743,17,39,0.04600000
744,17,40,0.70000000
745,17,41,0.02000000
746,17,42,0.00000000
747,17,43,18.00000000
748,17,44,0.00000000
749,18,1,354.00000000
750,18,2,13.30000000
751,18,3,0.00000000
752,18,4,14.10000000
753,18,5,57.20000000
754,18,6,52.20000000
755,18,7,5.00000000
756,18,8,0.00000000
757,18,9,7.00000000
758,18,10,6.10000000
759,18,11,0.71000000
760,18,12,1.60000000
761,18,13,3.30000000
762,18,14,0.00000000
763,18,15,1.40000000
764,18,16,0.00000000
765,18,17,8.50000000
766,18,18,0.00000000
767,18,19,2.90000000
768,18,20,0.00000000
769,18,21,0.36000000
770,18,22,0.32000000
771,18,23,1.50000000
772,18,24,0.49000000
773,18,25,184.00000000
774,18,26,0.00000000
775,18,27,0.00000000
776,18,28,0.00000000
777,18,29,0.00000000
778,18,30,0.33000000
779,18,31,457.00000000
780,18,32,4.60000000
781,18,33,0.00000000
782,18,34,3.10000000
783,18,35,197.00000000
784,18,36,5.00000000
785,18,37,563.00000000
786,18,38,2.00000000
787,18,39,0.59000000
788,18,40,8.50000000
789,18,41,0.26000000
790,18,42,0.00000000
791,18,43,45.00000000
792,18,44,0.00000000
793,19,1,351.00000000
794,19,2,10.10000000
795,19,3,0.00000000
796,19,4,12.70000000
797,19,5,69.00000000
798,19,6,68.70000000
799,19,7,0.32000000
800,19,8,0.00000000
801,19,9,7.20000000
802,19,10,1.10000000
803,19,11,0.15000000
804,19,12,0.12000000
805,19,13,0.43000000
806,19,14,0.00000000
807,19,15,0.00000000
808,19,16,0.00000000
809,19,17,0.00000000
810,19,18,0.00000000
811,19,19,0.26000000
812,19,20,98.20000000
813,19,21,0.28000000
814,19,22,0.08000000
815,19,23,6.00000000
816,19,24,0.10000000
817,19,25,72.00000000
818,19,26,0.00000000
819,19,27,0.58000000
820,19,28,0.00000000
821,19,29,0.00000000
822,19,30,17.00000000
823,19,31,136.00000000
824,19,32,1.20000000
825,19,33,5.10000000
826,19,34,1.10000000
827,19,35,47.00000000
828,19,36,1.00000000
829,19,37,186.00000000
830,19,38,0.62000000
831,19,39,0.19000000
832,19,40,2.50000000
833,19,41,0.02000000
834,19,42,0.00000000
835,19,43,12.00000000
836,19,44,0.00000000
837,20,1,544.00000000
838,20,2,8.40000000
839,20,3,0.00000000
840,20,4,7.40000000
841,20,5,41.30000000
842,20,6,39.40000000
843,20,7,1.90000000
844,20,8,0.00000000
845,20,9,1.50000000
846,20,10,38.50000000
847,20,11,5.50000000
848,20,12,8.30000000
849,20,13,22.20000000
850,20,14,1.00000000
851,20,15,0.00000000
852,20,16,0.00000000
853,20,17,0.00000000
854,20,18,1.00000000
855,20,19,2.40000000
856,20,20,14.40000000
857,20,21,0.32000000
858,20,22,0.25000000
859,20,23,5.20000000
860,20,24,0.01900000
861,20,25,47.00000000
862,20,26,0.00000000
863,20,27,0.00000000
864,20,28,0.00000000
865,20,29,0.00000000
866,20,30,10.00000000
867,20,31,60.00000000
868,20,32,2.60000000
869,20,33,17.20000000
870,20,34,0.54000000
871,20,35,16.00000000
872,20,36,253.00000000
873,20,37,62.00000000
874,20,38,0.49000000
875,20,39,0.11000000
876,20,40,24.50000000
877,20,41,0.05000000
878,20,42,2.80000000
879,20,43,5.00000000
880,20,44,0.00000000
881,21,1,372.00000000
882,21,2,32.80000000
883,21,3,0.00000000
884,21,4,6.10000000
885,21,5,39.30000000
886,21,6,37.80000000
887,21,7,1.50000000
888,21,8,1.50000000
889,21,9,0.90000000
890,21,10,20.90000000
891,21,11,8.80000000
892,21,12,0.00000000
893,21,13,0.00000000
894,21,14,114.00000000
895,21,15,35.80000000
896,21,16,35.50000000
897,21,17,1.60000000
898,21,18,0.52000000
899,21,19,1.00000000
900,21,20,17.90000000
901,21,21,0.07000000
902,21,22,0.07900000
903,21,23,1.60000000
904,21,24,0.06400000
905,21,25,16.10000000
906,21,26,0.36000000
907,21,27,0.49000000
908,21,28,4.50000000
909,21,29,0.00000000
910,21,30,22.40000000
911,21,31,89.00000000
912,21,32,0.85000000
913,21,33,7.20000000
914,21,34,0.70000000
915,21,35,14.60000000
916,21,36,460.00000000
917,21,37,95.70000000
918,21,38,0.33000000
919,21,39,0.08800000
920,21,40,3.90000000
921,21,41,0.05000000
922,21,42,1.90000000
923,21,43,4.00000000
924,21,44,0.00000000
925,22,1,243.00000000
926,22,2,39.60000000
927,22,3,0.00000000
928,22,4,8.30000000
929,22,5,47.00000000
930,22,6,42.20000000
931,22,7,4.80000000
932,22,8,0.00000000
933,22,9,3.50000000
934,22,10,1.60000000
935,22,11,0.39000000
936,22,12,0.28000000
937,22,13,0.34000000
938,22,14,0.00000000
939,22,15,0.33000000
940,22,16,0.00000000
941,22,17,2.00000000
942,22,18,0.00000000
943,22,19,0.00000000
944,22,20,1.90000000
945,22,21,0.08600000
946,22,22,0.06000000
947,22,23,3.00000000
948,22,24,0.06000000
949,22,25,23.00000000
950,22,26,0.00000000
951,22,27,0.30000000
952,22,28,1.00000000
953,22,29,0.00000000
954,22,30,56.00000000
955,22,31,91.00000000
956,22,32,1.60000000
957,22,33,4.70000000
958,22,34,0.61000000
959,22,35,25.10000000
960,22,36,424.00000000
961,22,37,110.00000000
962,22,38,0.50000000
963,22,39,0.19000000
964,22,40,28.00000000
965,22,41,0.04000000
966,22,42,0.10000000
967,22,43,20.00000000
968,22,44,0.00000000
969,23,1,265.00000000
970,23,2,33.50000000
971,23,3,0.00000000
972,23,4,8.00000000
973,23,5,53.90000000
974,23,6,52.00000000
975,23,7,1.90000000
976,23,8,0.00000000
977,23,9,3.50000000
978,23,10,1.10000000
979,23,11,0.20000000
980,23,12,0.10000000
981,23,13,0.40000000
982,23,14,0.00000000
983,23,15,0.00000000
984,23,16,0.00000000
985,23,17,0.00000000
986,23,18,0.00000000
987,23,19,0.18000000
988,23,20,1.90000000
989,23,21,0.09000000
990,23,22,0.05000000
991,23,23,2.60000000
992,23,24,0.12000000
993,23,25,23.00000000
994,23,26,0.00000000
995,23,27,0.30000000
996,23,28,0.00000000
997,23,29,0.00000000
998,23,30,20.00000000
999,23,31,90.00000000
1000,23,32,1.70000000
1001,23,33,5.00000000
1002,23,34,0.60000000
1003,23,35,26.00000000
1004,23,36,2.00000000
1005,23,37,100.00000000
1006,23,38,0.38000000
1007,23,39,0.13000000
1008,23,40,22.60000000
1009,23,41,0.04000000
1010,23,42,0.10000000
1011,23,43,20.00000000
1012,23,44,0.00000000
1013,24,1,273.00000000
1014,24,2,31.50000000
1015,24,3,0.00000000
1016,24,4,8.00000000
1017,24,5,55.90000000
1018,24,6,53.60000000
1019,24,7,2.30000000
1020,24,8,0.00000000
1021,24,9,3.50000000
1022,24,10,1.20000000
1023,24,11,0.20000000
1024,24,12,0.10000000
1025,24,13,0.40000000
1026,24,14,0.00000000
1027,24,15,0.00000000
1028,24,16,0.00000000
1029,24,17,0.00000000
1030,24,18,0.00000000
1031,24,19,0.18000000
1032,24,20,1.90000000
1033,24,21,0.09000000
1034,24,22,0.05000000
1035,24,23,3.30000000
1036,24,24,0.08000000
1037,24,25,24.00000000
1038,24,26,0.00000000
1039,24,27,0.39000000
1040,24,28,1.00000000
1041,24,29,0.00000000
1042,24,30,23.00000000
1043,24,31,110.00000000
1044,24,32,1.50000000
1045,24,33,6.00000000
1046,24,34,0.70000000
1047,24,35,28.00000000
1048,24,36,424.00000000
1049,24,37,130.00000000
1050,24,38,0.50000000
1051,24,39,0.16000000
1052,24,40,28.00000000
1053,24,41,0.04000000
1054,24,42,0.10000000
1055,24,43,20.00000000
1056,24,44,0.00000000
1057,25,1,389.00000000
1058,25,2,6.60000000
1059,25,3,0.00000000
1060,25,4,11.50000000
1061,25,5,73.40000000
1062,25,6,68.20000000
1063,25,7,5.20000000
1064,25,8,0.00000000
1065,25,9,3.90000000
1066,25,10,4.60000000
1067,25,11,0.50000000
1068,25,12,1.90000000
1069,25,13,0.98000000
1070,25,14,0.00000000
1071,25,15,0.00000000
1072,25,16,0.00000000
1073,25,17,0.00000000
1074,25,18,0.00000000
1075,25,19,0.01000000
1076,25,20,3.00000000
1077,25,21,0.36000000
1078,25,22,0.27000000
1079,25,23,6.20000000
1080,25,24,0.09000000
1081,25,25,21.00000000
1082,25,26,0.00000000
1083,25,27,0.30000000
1084,25,28,1.00000000
1085,25,29,0.00000000
1086,25,30,114.00000000
1087,25,31,92.00000000
1088,25,32,1.00000000
1089,25,33,7.00000000
1090,25,34,0.78000000
1091,25,35,25.00000000
1092,25,36,702.00000000
1093,25,37,160.00000000
1094,25,38,0.55000000
1095,25,39,0.17000000
1096,25,40,33.60000000
1097,25,41,0.04000000
1098,25,42,0.10000000
1099,25,43,18.00000000
1100,25,44,0.00000000
1101,26,1,389.00000000
1102,26,2,6.60000000
1103,26,3,0.00000000
1104,26,4,11.50000000
1105,26,5,73.40000000
1106,26,6,68.20000000
1107,26,7,5.20000000
1108,26,8,0.00000000
1109,26,9,5.20000000
1110,26,10,3.90000000
1111,26,11,0.50000000
1112,26,12,1.80000000
1113,26,13,0.82000000
1114,26,14,1.00000000
1115,26,15,0.00000000
1116,26,16,0.00000000
1117,26,17,0.00000000
1118,26,18,0.00000000
1119,26,19,0.01000000
1120,26,20,3.00000000
1121,26,21,0.42000000
1122,26,22,0.34000000
1123,26,23,5.70000000
1124,26,24,0.06300000
1125,26,25,26.00000000
1126,26,26,0.02000000
1127,26,27,0.28000000
1128,26,28,0.00000000
1129,26,29,0.00000000
1130,26,30,119.00000000
1131,26,31,103.00000000
1132,26,32,3.30000000
1133,26,33,7.00000000
1134,26,34,0.68000000
1135,26,35,26.00000000
1136,26,36,192.00000000
1137,26,37,131.00000000
1138,26,38,0.42000000
1139,26,39,0.14000000
1140,26,40,33.60000000
1141,26,41,0.04000000
1142,26,42,0.10000000
1143,26,43,18.00000000
1144,26,44,0.00000000
1145,27,1,275.00000000
1146,27,2,34.70000000
1147,27,3,0.00000000
1148,27,4,8.40000000
1149,27,5,48.50000000
1150,27,6,37.90000000
1151,27,7,10.60000000
1152,27,8,5.70000000
1153,27,9,4.00000000
1154,27,10,4.40000000
1155,27,11,0.70000000
1156,27,12,1.60000000
1157,27,13,1.70000000
1158,27,14,0.00000000
1159,27,15,2.00000000
1160,27,16,2.00000000
1161,27,17,0.00000000
1162,27,18,0.00000000
1163,27,19,0.61000000
1164,27,20,0.00000000
1165,27,21,0.40000000
1166,27,22,0.24000000
1167,27,23,3.10000000
1168,27,24,0.00000000
1169,27,25,0.00000000
1170,27,26,0.03000000
1171,27,27,0.34000000
1172,27,28,0.00000000
1173,27,29,0.00000000
1174,27,30,43.00000000
1175,27,31,147.00000000
1176,27,32,3.20000000
1177,27,33,0.00000000
1178,27,34,1.00000000
1179,27,35,68.00000000
1180,27,36,23.40000000
1181,27,37,165.00000000
1182,27,38,0.00000000
1183,27,39,0.21000000
1184,27,40,24.60000000
1185,27,41,0.08000000
1186,27,42,0.00000000
1187,27,43,45.00000000
1188,27,44,0.00000000
1189,28,1,248.00000000
1190,28,2,41.60000000
1191,28,3,0.00000000
1192,28,4,6.40000000
1193,28,5,43.50000000
1194,28,6,37.80000000
1195,28,7,5.70000000
1196,28,8,0.00000000
1197,28,9,4.00000000
1198,28,10,4.50000000
1199,28,11,0.70000000
1200,28,12,0.61000000
1201,28,13,1.60000000
1202,28,14,0.00000000
1203,28,15,0.83000000
1204,28,16,0.00000000
1205,28,17,5.00000000
1206,28,18,0.00000000
1207,28,19,0.00000000
1208,28,20,0.00000000
1209,28,21,0.41000000
1210,28,22,0.25000000
1211,28,23,5.60000000
1212,28,24,0.11000000
1213,28,25,85.00000000
1214,28,26,0.00000000
1215,28,27,0.00000000
1216,28,28,0.00000000
1217,28,29,0.20000000
1218,28,30,125.00000000
1219,28,31,129.00000000
1220,28,32,3.60000000
1221,28,33,0.00000000
1222,28,34,1.00000000
1223,28,35,41.00000000
1224,28,36,473.00000000
1225,28,37,141.00000000
1226,28,38,0.00000000
1227,28,39,0.15000000
1228,28,40,28.80000000
1229,28,41,0.06000000
1230,28,42,0.00000000
1231,28,43,40.00000000
1232,28,44,0.00000000
1233,29,1,245.00000000
1234,29,2,39.90000000
1235,29,3,0.00000000
1236,29,4,8.50000000
1237,29,5,42.50000000
1238,29,6,38.70000000
1239,29,7,3.90000000
1240,29,8,0.00000000
1241,29,9,5.80000000
1242,29,10,3.30000000
1243,29,11,0.63000000
1244,29,12,1.30000000
1245,29,13,0.80000000
1246,29,14,0.00000000
1247,29,15,0.00000000
1248,29,16,0.00000000
1249,29,17,0.00000000
1250,29,18,0.00000000
1251,29,19,0.33000000
1252,29,20,1.20000000
1253,29,21,0.43000000
1254,29,22,0.34000000
1255,29,23,3.80000000
1256,29,24,0.07500000
1257,29,25,59.00000000
1258,29,26,0.00000000
1259,29,27,0.44000000
1260,29,28,0.00000000
1261,29,29,0.40000000
1262,29,30,73.00000000
1263,29,31,125.00000000
1264,29,32,2.80000000
1265,29,33,0.00000000
1266,29,34,1.10000000
1267,29,35,40.00000000
1268,29,36,603.00000000
1269,29,37,166.00000000
1270,29,38,0.82000000
1271,29,39,0.19000000
1272,29,40,30.90000000
1273,29,41,0.05000000
1274,29,42,0.00000000
1275,29,43,50.00000000
1276,29,44,0.00000000
1277,30,1,274.00000000
1278,30,2,31.80000000
1279,30,3,0.00000000
1280,30,4,9.10000000
1281,30,5,55.70000000
1282,30,6,54.40000000
1283,30,7,1.30000000
1284,30,8,0.00000000
1285,30,9,2.20000000
1286,30,10,1.20000000
1287,30,11,0.17000000
1288,30,12,0.11000000
1289,30,13,0.54000000
1290,30,14,0.00000000
1291,30,15,8.30000000
1292,30,16,0.00000000
1293,30,17,50.00000000
1294,30,18,0.00000000
1295,30,19,0.07400000
1296,30,20,0.00000000
1297,30,21,0.11000000
1298,30,22,0.08000000
1299,30,23,2.60000000
1300,30,24,0.05000000
1301,30,25,21.00000000
1302,30,26,0.00000000
1303,30,27,0.00000000
1304,30,28,0.00000000
1305,30,29,0.00000000
1306,30,30,52.70000000
1307,30,31,153.00000000
1308,30,32,1.00000000
1309,30,33,10.00000000
1310,30,34,1.00000000
1311,30,35,18.10000000
1312,30,36,530.00000000
1313,30,37,134.00000000
1314,30,38,0.00000000
1315,30,39,0.00000000
1316,30,40,0.00000000
1317,30,41,0.03000000
1318,30,42,0.00000000
1319,30,43,15.00000000
1320,30,44,0.00000000
1321,31,1,243.00000000
1322,31,2,37.80000000
1323,31,3,0.00000000
1324,31,4,6.70000000
1325,31,5,49.00000000
1326,31,6,46.00000000
1327,31,7,3.00000000
1328,31,8,0.00000000
1329,31,9,5.50000000
1330,31,10,1.00000000
1331,31,11,0.13000000
1332,31,12,0.10000000
1333,31,13,0.47000000
1334,31,14,30.70000000
1335,31,15,0.00000000
1336,31,16,0.00000000
1337,31,17,0.00000000
1338,31,18,0.00000000
1339,31,19,1.20000000
1340,31,20,0.00000000
1341,31,21,0.18000000
1342,31,22,0.11000000
1343,31,23,1.20000000
1344,31,24,0.22000000
1345,31,25,16.00000000
1346,31,26,0.00000000
1347,31,27,0.00000000
1348,31,28,0.00000000
1349,31,29,0.00000000
1350,31,30,26.00000000
1351,31,31,114.00000000
1352,31,32,2.40000000
1353,31,33,9.30000000
1354,31,34,0.90000000
1355,31,35,33.00000000
1356,31,36,464.00000000
1357,31,37,130.00000000
1358,31,38,0.00000000
1359,31,39,0.00000000
1360,31,40,0.00000000
1361,31,41,0.06000000
1362,31,42,0.00000000
1363,31,43,60.00000000
1364,31,44,0.00000000
1365,32,1,259.00000000
1366,32,2,36.10000000
1367,32,3,0.00000000
1368,32,4,10.90000000
1369,32,5,44.00000000
1370,32,6,39.50000000
1371,32,7,4.50000000
1372,32,8,0.00000000
1373,32,9,6.00000000
1374,32,10,3.00000000
1375,32,11,0.54000000
1376,32,12,0.41000000
1377,32,13,1.20000000
1378,32,14,0.00000000
1379,32,15,0.00000000
1380,32,16,0.00000000
1381,32,17,0.00000000
1382,32,18,0.00000000
1383,32,19,0.18000000
1384,32,20,3.40000000
1385,32,21,0.34000000
1386,32,22,0.09000000
1387,32,23,5.50000000
1388,32,24,0.12000000
1389,32,25,39.00000000
1390,32,26,0.00000000
1391,32,27,0.65000000
1392,32,28,3.50000000
1393,32,29,0.00000000
1394,32,30,54.00000000
1395,32,31,200.00000000
1396,32,32,2.70000000
1397,32,33,1.00000000
1398,32,34,1.80000000
1399,32,35,76.00000000
1400,32,36,361.00000000
1401,32,37,230.00000000
1402,32,38,1.90000000
1403,32,39,0.25000000
1404,32,40,35.00000000
1405,32,41,0.10000000
1406,32,42,0.00000000
1407,32,43,215.70000000
1408,32,44,0.00000000
1409,33,1,385.00000000
1410,33,2,7.00000000
1411,33,3,0.00000000
1412,33,4,13.00000000
1413,33,5,62.00000000
1414,33,6,58.00000000
1415,33,7,4.00000000
1416,33,8,0.00000000
1417,33,9,11.00000000
1418,33,10,7.00000000
1419,33,11,0.00000000
1420,33,12,0.00000000
1421,33,13,0.00000000
1422,33,14,0.00000000
1423,33,15,0.33000000
1424,33,16,0.00000000
1425,33,17,2.00000000
1426,33,18,0.00000000
1427,33,19,0.20000000
1428,33,20,3.00000000
1429,33,21,0.34000000
1430,33,22,0.10000000
1431,33,23,7.00000000
1432,33,24,0.14000000
1433,33,25,46.00000000
1434,33,26,0.00000000
1435,33,27,0.70000000
1436,33,28,7.00000000
1437,33,29,0.00000000
1438,33,30,63.00000000
1439,33,31,230.00000000
1440,33,32,3.20000000
1441,33,33,0.00000000
1442,33,34,2.10000000
1443,33,35,89.00000000
1444,33,36,538.00000000
1445,33,37,270.00000000
1446,33,38,2.20000000
1447,33,39,0.30000000
1448,33,40,41.00000000
1449,33,41,0.10000000
1450,33,42,0.00000000
1451,33,43,195.00000000
1452,33,44,0.00000000
1453,34,1,242.00000000
1454,34,2,43.90000000
1455,34,3,0.00000000
1456,34,4,4.30000000
1457,34,5,42.30000000
1458,34,6,38.70000000
1459,34,7,3.50000000
1460,34,8,0.00000000
1461,34,9,4.30000000
1462,34,10,5.20000000
1463,34,11,0.98000000
1464,34,12,2.00000000
1465,34,13,0.52000000
1466,34,14,0.00000000
1467,34,15,0.00000000
1468,34,16,0.00000000
1469,34,17,0.00000000
1470,34,18,0.00000000
1471,34,19,0.60000000
1472,34,20,0.30000000
1473,34,21,0.38000000
1474,34,22,0.51000000
1475,34,23,2.80000000
1476,34,24,0.07300000
1477,34,25,36.00000000
1478,34,26,0.00000000
1479,34,27,0.00000000
1480,34,28,0.00000000
1481,34,29,0.00000000
1482,34,30,138.00000000
1483,34,31,51.00000000
1484,34,32,2.60000000
1485,34,33,0.00000000
1486,34,34,0.48000000
1487,34,35,12.00000000
1488,34,36,447.00000000
1489,34,37,75.00000000
1490,34,38,0.00000000
1491,34,39,0.07500000
1492,34,40,0.40000000
1493,34,41,0.02000000
1494,34,42,0.00000000
1495,34,43,10.00000000
1496,34,44,0.00000000
1497,35,1,271.00000000
1498,35,2,36.20000000
1499,35,3,0.00000000
1500,35,4,7.50000000
1501,35,5,47.50000000
1502,35,6,45.20000000
1503,35,7,2.30000000
1504,35,8,0.00000000
1505,35,9,4.10000000
1506,35,10,4.70000000
1507,35,11,1.00000000
1508,35,12,1.40000000
1509,35,13,1.30000000
1510,35,14,0.00000000
1511,35,15,0.01000000
1512,35,16,0.01000000
1513,35,17,0.00000000
1514,35,18,0.00000000
1515,35,19,0.26000000
1516,35,20,3.00000000
1517,35,21,0.32000000
1518,35,22,0.14000000
1519,35,23,2.50000000
1520,35,24,0.10000000
1521,35,25,26.00000000
1522,35,26,0.91000000
1523,35,27,0.30000000
1524,35,28,1.00000000
1525,35,29,0.00000000
1526,35,30,211.00000000
1527,35,31,150.00000000
1528,35,32,2.30000000
1529,35,33,2.60000000
1530,35,34,1.80000000
1531,35,35,34.00000000
1532,35,36,400.00000000
1533,35,37,110.00000000
1534,35,38,0.50000000
1535,35,39,0.13000000
1536,35,40,28.00000000
1537,35,41,0.03000000
1538,35,42,0.80000000
1539,35,43,15.00000000
1540,35,44,0.00000000
1541,36,1,524.00000000
1542,36,2,5.20000000
1543,36,3,0.00000000
1544,36,4,10.20000000
1545,36,5,46.90000000
1546,36,6,46.30000000
1547,36,7,0.60000000
1548,36,8,0.00000000
1549,36,9,6.20000000
1550,36,10,31.50000000
1551,36,11,4.40000000
1552,36,12,21.00000000
1553,36,13,6.10000000
1554,36,14,0.00000000
1555,36,15,0.00000000
1556,36,16,0.00000000
1557,36,17,0.00000000
1558,36,18,0.00000000
1559,36,19,0.00000000
1560,36,20,0.00000000
1561,36,21,0.00000000
1562,36,22,0.00000000
1563,36,23,0.00000000
1564,36,24,0.00000000
1565,36,25,0.00000000
1566,36,26,0.00000000
1567,36,27,0.00000000
1568,36,28,0.00000000
1569,36,29,0.00000000
1570,36,30,0.00000000
1571,36,31,0.00000000
1572,36,32,0.00000000
1573,36,33,0.00000000
1574,36,34,0.00000000
1575,36,35,0.00000000
1576,36,36,700.00000000
1577,36,37,0.00000000
1578,36,38,0.00000000
1579,36,39,0.00000000
1580,36,40,0.00000000
1581,36,41,0.50000000
1582,36,42,0.00000000
1583,36,43,20.00000000
1584,36,44,0.00000000
1585,37,1,305.00000000
1586,37,2,27.70000000
1587,37,3,0.00000000
1588,37,4,8.00000000
1589,37,5,56.60000000
1590,37,6,49.90000000
1591,37,7,2.10000000
1592,37,8,0.00000000
1593,37,9,3.20000000
1594,37,10,4.50000000
1595,37,11,0.75000000
1596,37,12,3.20000000
1597,37,13,0.47000000
1598,37,14,0.00000000
1599,37,15,0.00000000
1600,37,16,0.00000000
1601,37,17,0.00000000
1602,37,18,0.00000000
1603,37,19,0.00000000
1604,37,20,0.00000000
1605,37,21,0.23000000
1606,37,22,0.10000000
1607,37,23,3.40000000
1608,37,24,0.06000000
1609,37,25,48.00000000
1610,37,26,0.00000000
1611,37,27,0.00000000
1612,37,28,0.00000000
1613,37,29,0.00000000
1614,37,30,130.00000000
1615,37,31,78.20000000
1616,37,32,2.30000000
1617,37,33,19.00000000
1618,37,34,0.70000000
1619,37,35,31.00000000
1620,37,36,550.00000000
1621,37,37,110.00000000
1622,37,38,0.00000000
1623,37,39,0.00000000
1624,37,40,28.00000000
1625,37,41,0.06000000
1626,37,42,0.00000000
1627,37,43,35.00000000
1628,37,44,0.00000000
1629,38,1,371.00000000
1630,38,2,7.90000000
1631,38,3,0.00000000
1632,38,4,11.00000000
1633,38,5,75.60000000
1634,38,6,71.60000000
1635,38,7,4.00000000
1636,38,8,0.00000000
1637,38,9,3.50000000
1638,38,10,2.00000000
1639,38,11,0.40000000
1640,38,12,0.00000000
1641,38,13,0.00000000
1642,38,14,0.00000000
1643,38,15,0.00000000
1644,38,16,0.00000000
1645,38,17,0.00000000
1646,38,18,0.00000000
1647,38,19,0.00000000
1648,38,20,0.00000000
1649,38,21,0.00000000
1650,38,22,0.00000000
1651,38,23,0.00000000
1652,38,24,0.00000000
1653,38,25,0.00000000
1654,38,26,0.00000000
1655,38,27,0.00000000
1656,38,28,0.00000000
1657,38,29,0.00000000
1658,38,30,0.00000000
1659,38,31,0.00000000
1660,38,32,0.00000000
1661,38,33,0.00000000
1662,38,34,0.00000000
1663,38,35,0.00000000
1664,38,36,448.00000000
1665,38,37,0.00000000
1666,38,38,0.00000000
1667,38,39,0.00000000
1668,38,40,0.00000000
1669,38,41,0.03000000
1670,38,42,0.20000000
1671,38,43,15.00000000
1672,38,44,0.00000000
1673,39,1,377.00000000
1674,39,2,4.20000000
1675,39,3,0.00000000
1676,39,4,12.80000000
1677,39,5,77.40000000
1678,39,6,77.40000000
1679,39,7,0.00000000
1680,39,8,0.00000000
1681,39,9,5.00000000
1682,39,10,0.64000000
1683,39,11,0.12000000
1684,39,12,0.08900000
1685,39,13,0.25000000
1686,39,14,0.00000000
1687,39,15,0.00000000
1688,39,16,0.00000000
1689,39,17,0.00000000
1690,39,18,0.00000000
1691,39,19,0.00000000
1692,39,20,0.00000000
1693,39,21,0.16000000
1694,39,22,0.07800000
1695,39,23,3.50000000
1696,39,24,0.11000000
1697,39,25,20.00000000
1698,39,26,0.00000000
1699,39,27,0.00000000
1700,39,28,0.00000000
1701,39,29,0.00000000
1702,39,30,24.00000000
1703,39,31,170.00000000
1704,39,32,1.10000000
1705,39,33,0.00000000
1706,39,34,0.83000000
1707,39,35,44.00000000
1708,39,36,10.00000000
1709,39,37,166.00000000
1710,39,38,0.00000000
1711,39,39,0.00000000
1712,39,40,0.00000000
1713,39,41,0.02000000
1714,39,42,0.00000000
1715,39,43,10.00000000
1716,39,44,0.00000000
1717,40,1,359.00000000
1718,40,2,9.70000000
1719,40,3,0.00000000
1720,40,4,12.80000000
1721,40,5,70.90000000
1722,40,6,68.30000000
1723,40,7,2.60000000
1724,40,8,0.00000000
1725,40,9,5.00000000
1726,40,10,1.60000000
1727,40,11,0.23000000
1728,40,12,0.19000000
1729,40,13,0.65000000
1730,40,14,0.00000000
1731,40,15,0.00000000
1732,40,16,0.00000000
1733,40,17,0.00000000
1734,40,18,0.00000000
1735,40,19,0.13000000
1736,40,20,0.50000000
1737,40,21,0.09000000
1738,40,22,0.06000000
1739,40,23,4.40000000
1740,40,24,0.11000000
1741,40,25,18.00000000
1742,40,26,0.00000000
1743,40,27,0.43000000
1744,40,28,0.00000000
1745,40,29,0.00000000
1746,40,30,24.00000000
1747,40,31,150.00000000
1748,40,32,1.80000000
1749,40,33,10.00000000
1750,40,34,1.20000000
1751,40,35,48.00000000
1752,40,36,7.00000000
1753,40,37,236.00000000
1754,40,38,0.69000000
1755,40,39,0.25000000
1756,40,40,62.20000000
1757,40,41,0.02000000
1758,40,42,0.00000000
1759,40,43,12.00000000
1760,40,44,0.00000000
1761,41,1,374.00000000
1762,41,2,9.30000000
1763,41,3,0.00000000
1764,41,4,12.40000000
1765,41,5,69.90000000
1766,41,6,64.50000000
1767,41,7,1.90000000
1768,41,8,0.00000000
1769,41,9,3.40000000
1770,41,10,4.20000000
1771,41,11,0.90000000
1772,41,12,1.50000000
1773,41,13,0.40000000
1774,41,14,30.00000000
1775,41,15,63.00000000
1776,41,16,63.00000000
1777,41,17,0.00000000
1778,41,18,0.13000000
1779,41,19,0.21000000
1780,41,20,0.50000000
1781,41,21,0.17000000
1782,41,22,0.07300000
1783,41,23,3.40000000
1784,41,24,0.06000000
1785,41,25,22.00000000
1786,41,26,0.20000000
1787,41,27,0.30000000
1788,41,28,1.00000000
1789,41,29,0.00000000
1790,41,30,23.00000000
1791,41,31,153.00000000
1792,41,32,3.00000000
1793,41,33,0.00000000
1794,41,34,1.30000000
1795,41,35,42.00000000
1796,41,36,17.00000000
1797,41,37,219.00000000
1798,41,38,0.64000000
1799,41,39,0.20000000
1800,41,40,20.00000000
1801,41,41,0.05000000
1802,41,42,0.00000000
1803,41,43,15.00000000
1804,41,44,0.00000000
1805,42,1,352.00000000
1806,42,2,10.10000000
1807,42,3,0.00000000
1808,42,4,13.10000000
1809,42,5,70.60000000
1810,42,6,68.40000000
1811,42,7,3.80000000
1812,42,8,0.00000000
1813,42,9,4.30000000
1814,42,10,1.00000000
1815,42,11,0.15000000
1816,42,12,0.12000000
1817,42,13,0.43000000
1818,42,14,0.00000000
1819,42,15,8.00000000
1820,42,16,0.00000000
1821,42,17,48.00000000
1822,42,18,0.00000000
1823,42,19,0.10000000
1824,42,20,0.50000000
1825,42,21,1.00000000
1826,42,22,0.53000000
1827,42,23,10.10000000
1828,42,24,0.13000000
1829,42,25,17.00000000
1830,42,26,0.00000000
1831,42,27,0.75000000
1832,42,28,0.00000000
1833,42,29,0.00000000
1834,42,30,34.00000000
1835,42,31,116.00000000
1836,42,32,4.30000000
1837,42,33,10.00000000
1838,42,34,0.76000000
1839,42,35,46.00000000
1840,42,36,43.00000000
1841,42,37,285.00000000
1842,42,38,3.80000000
1843,42,39,0.20000000
1844,42,40,62.20000000
1845,42,41,0.03000000
1846,42,42,0.00000000
1847,42,43,25.00000000
1848,42,44,0.00000000
1849,43,1,130.00000000
1850,43,2,68.60000000
1851,43,3,0.00000000
1852,43,4,5.20000000
1853,43,5,24.90000000
1854,43,6,24.90000000
1855,43,7,0.00000000
1856,43,8,0.00000000
1857,43,9,0.00000000
1858,43,10,1.10000000
1859,43,11,0.15000000
1860,43,12,0.12000000
1861,43,13,0.43000000
1862,43,14,33.00000000
1863,43,15,6.00000000
1864,43,16,6.00000000
1865,43,17,0.00000000
1866,43,18,0.00000000
1867,43,19,0.00000000
1868,43,20,0.00000000
1869,43,21,0.21000000
1870,43,22,0.15000000
1871,43,23,0.99000000
1872,43,24,0.03400000
1873,43,25,64.00000000
1874,43,26,0.00000000
1875,43,27,0.19000000
1876,43,28,0.00000000
1877,43,29,0.00000000
1878,43,30,6.00000000
1879,43,31,63.00000000
1880,43,32,1.10000000
1881,43,33,0.00000000
1882,43,34,0.56000000
1883,43,35,18.00000000
1884,43,36,6.00000000
1885,43,37,24.00000000
1886,43,38,0.00000000
1887,43,39,0.09300000
1888,43,40,0.00000000
1889,43,41,0.02000000
1890,43,42,0.00000000
1891,43,43,10.00000000
1892,43,44,0.00000000
1893,44,1,352.00000000
1894,44,2,10.70000000
1895,44,3,0.00000000
1896,44,4,13.10000000
1897,44,5,63.70000000
1898,44,6,61.40000000
1899,44,7,2.30000000
1900,44,8,0.00000000
1901,44,9,9.30000000
1902,44,10,2.90000000
1903,44,11,0.41000000
1904,44,12,0.30000000
1905,44,13,1.30000000
1906,44,14,0.00000000
1907,44,15,0.00000000
1908,44,16,0.00000000
1909,44,17,0.00000000
1910,44,18,0.00000000
1911,44,19,0.25000000
1912,44,20,0.00000000
1913,44,21,0.67000000
1914,44,22,0.11000000
1915,44,23,2.30000000
1916,44,24,0.04300000
1917,44,25,0.00000000
1918,44,26,53.00000000
1919,44,27,0.00000000
1920,44,28,0.00000000
1921,44,29,0.00000000
1922,44,30,34.00000000
1923,44,31,370.00000000
1924,44,32,4.00000000
1925,44,33,1.90000000
1926,44,34,0.80000000
1927,44,35,91.00000000
1928,44,36,5.00000000
1929,44,37,490.00000000
1930,44,38,0.00000000
1931,44,39,0.00000000
1932,44,40,1.90000000
1933,44,41,0.08000000
1934,44,42,0.00000000
1935,44,43,85.00000000
1936,44,44,0.00000000
1937,45,1,104.00000000
1938,45,2,77.40000000
1939,45,3,0.00000000
1940,45,4,4.70000000
1941,45,5,12.70000000
1942,45,6,12.70000000
1943,45,7,0.00000000
1944,45,8,0.00000000
1945,45,9,1.80000000
1946,45,10,3.40000000
1947,45,11,1.30000000
1948,45,12,1.60000000
1949,45,13,0.30000000
1950,45,14,23.00000000
1951,45,15,0.00000000
1952,45,16,0.00000000
1953,45,17,0.00000000
1954,45,18,0.10000000
1955,45,19,0.30000000
1956,45,20,0.50000000
1957,45,21,0.12000000
1958,45,22,0.06000000
1959,45,23,1.60000000
1960,45,24,0.20000000
1961,45,25,10.00000000
1962,45,26,0.00000000
1963,45,27,0.30000000
1964,45,28,0.00000000
1965,45,29,2.00000000
1966,45,30,20.00000000
1967,45,31,70.00000000
1968,45,32,1.30000000
1969,45,33,10.00000000
1970,45,34,0.50000000
1971,45,35,18.00000000
1972,45,36,444.00000000
1973,45,37,163.00000000
1974,45,38,0.64000000
1975,45,39,0.20000000
1976,45,40,20.00000000
1977,45,41,0.04000000
1978,45,42,0.10000000
1979,45,43,15.00000000
1980,45,44,0.00000000
1981,46,1,151.00000000
1982,46,2,68.20000000
1983,46,3,0.00000000
1984,46,4,9.50000000
1985,46,5,16.30000000
1986,46,6,15.30000000
1987,46,7,1.00000000
1988,46,8,0.00000000
1989,46,9,0.90000000
1990,46,10,5.10000000
1991,46,11,2.00000000
1992,46,12,2.30000000
1993,46,13,0.50000000
1994,46,14,26.00000000
1995,46,15,38.00000000
1996,46,16,38.00000000
1997,46,17,0.00000000
1998,46,18,0.10000000
1999,46,19,0.30000000
2000,46,20,0.50000000
2001,46,21,0.12000000
2002,46,22,0.06000000
2003,46,23,1.60000000
2004,46,24,0.20000000
2005,46,25,10.00000000
2006,46,26,0.00000000
2007,46,27,0.30000000
2008,46,28,0.00000000
2009,46,29,2.00000000
2010,46,30,20.00000000
2011,46,31,86.00000000
2012,46,32,1.10000000
2013,46,33,10.00000000
2014,46,34,0.50000000
2015,46,35,18.00000000
2016,46,36,435.00000000
2017,46,37,163.00000000
2018,46,38,0.64000000
2019,46,39,0.20000000
2020,46,40,20.00000000
2021,46,41,0.03000000
2022,46,42,0.10000000
2023,46,43,12.00000000
2024,46,44,0.00000000
2025,47,1,82.40000000
2026,47,2,85.90000000
2027,47,3,0.00000000
2028,47,4,5.00000000
2029,47,5,3.90000000
2030,47,6,0.00000000
2031,47,7,3.90000000
2032,47,8,3.90000000
2033,47,9,0.00000000
2034,47,10,5.20000000
2035,47,11,0.60000000
2036,47,12,1.00000000
2037,47,13,2.60000000
2038,47,14,0.00000000
2039,47,15,0.00000000
2040,47,16,0.00000000
2041,47,17,0.00000000
2042,47,18,0.00000000
2043,47,19,0.74000000
2044,47,20,0.00000000
2045,47,21,0.07000000
2046,47,22,0.03000000
2047,47,23,0.10000000
2048,47,24,0.07000000
2049,47,25,19.00000000
2050,47,26,0.00000000
2051,47,27,0.08000000
2052,47,28,0.00000000
2053,47,29,0.47000000
2054,47,30,100.00000000
2055,47,31,47.00000000
2056,47,32,0.40000000
2057,47,33,0.00000000
2058,47,34,0.20000000
2059,47,35,15.00000000
2060,47,36,32.00000000
2061,47,37,120.00000000
2062,47,38,0.20000000
2063,47,39,0.10000000
2064,47,40,1.30000000
2065,47,41,0.20000000
2066,47,42,0.00000000
2067,47,43,60.00000000
2068,47,44,2.00000000
2069,48,1,54.80000000
2070,48,2,87.90000000
2071,48,3,0.00000000
2072,48,4,3.20000000
2073,48,5,5.80000000
2074,48,6,0.00000000
2075,48,7,5.80000000
2076,48,8,5.80000000
2077,48,9,1.30000000
2078,48,10,1.80000000
2079,48,11,0.21000000
2080,48,12,0.31000000
2081,48,13,0.80000000
2082,48,14,0.00000000
2083,48,15,2.00000000
2084,48,16,0.00000000
2085,48,17,12.00000000
2086,48,18,0.00000000
2087,48,19,0.74000000
2088,48,20,0.00000000
2089,48,21,0.12000000
2090,48,22,0.42000000
2091,48,23,0.88000000
2092,48,24,0.06200000
2093,48,25,1.00000000
2094,48,26,0.00000000
2095,48,27,0.08000000
2096,48,28,0.00000000
2097,48,29,0.00000000
2098,48,30,3.00000000
2099,48,31,47.00000000
2100,48,32,0.80000000
2101,48,33,0.00000000
2102,48,34,0.39000000
2103,48,35,28.00000000
2104,48,36,3.00000000
2105,48,37,191.00000000
2106,48,38,0.20000000
2107,48,39,0.10000000
2108,48,40,1.30000000
2109,48,41,0.31000000
2110,48,42,0.00000000
2111,48,43,40.00000000
2112,48,44,0.00000000
2113,49,1,54.60000000
2114,49,2,86.40000000
2115,49,3,0.00000000
2116,49,4,5.50000000
2117,49,5,4.70000000
2118,49,6,2.30000000
2119,49,7,2.30000000
2120,49,8,0.00000000
2121,49,9,2.40000000
2122,49,10,1.00000000
2123,49,11,0.14000000
2124,49,12,0.23000000
2125,49,13,0.58000000
2126,49,14,0.00000000
2127,49,15,4.20000000
2128,49,16,0.00000000
2129,49,17,25.00000000
2130,49,18,0.00000000
2131,49,19,0.10000000
2132,49,20,0.00000000
2133,49,21,0.15000000
2134,49,22,0.16000000
2135,49,23,1.40000000
2136,49,24,0.16000000
2137,49,25,160.00000000
2138,49,26,0.00000000
2139,49,27,1.40000000
2140,49,28,0.00000000
2141,49,29,1.00000000
2142,49,30,32.00000000
2143,49,31,75.00000000
2144,49,32,0.89000000
2145,49,33,1.00000000
2146,49,34,0.96000000
2147,49,35,19.00000000
2148,49,36,30.00000000
2149,49,37,235.00000000
2150,49,38,0.17000000
2151,49,39,0.23000000
2152,49,40,0.60000000
2153,49,41,0.04000000
2154,49,42,0.00000000
2155,49,43,30.00000000
2156,49,44,0.00000000
2157,50,1,340.00000000
2158,50,2,13.10000000
2159,50,3,0.00000000
2160,50,4,0.09000000
2161,50,5,83.20000000
2162,50,6,77.00000000
2163,50,7,2.00000000
2164,50,8,0.00000000
2165,50,9,3.30000000
2166,50,10,0.07000000
2167,50,11,0.00000000
2168,50,12,0.01600000
2169,50,13,0.04100000
2170,50,14,0.00000000
2171,50,15,8.30000000
2172,50,16,0.00000000
2173,50,17,50.00000000
2174,50,18,0.00000000
2175,50,19,0.00000000
2176,50,20,0.00000000
2177,50,21,0.00000000
2178,50,22,0.00000000
2179,50,23,0.00000000
2180,50,24,0.00000000
2181,50,25,7.00000000
2182,50,26,0.00000000
2183,50,27,0.00000000
2184,50,28,0.00000000
2185,50,29,0.00000000
2186,50,30,25.20000000
2187,50,31,40.00000000
2188,50,32,1.00000000
2189,50,33,10.00000000
2190,50,34,1.00000000
2191,50,35,9.60000000
2192,50,36,10.30000000
2193,50,37,13.20000000
2194,50,38,0.00000000
2195,50,39,0.00000000
2196,50,40,5.00000000
2197,50,41,0.01000000
2198,50,42,0.00000000
2199,50,43,15.00000000
2200,50,44,0.00000000
2201,51,1,192.00000000
2202,51,2,57.40000000
2203,51,3,0.00000000
2204,51,4,15.70000000
2205,51,5,15.70000000
2206,51,6,13.80000000
2207,51,7,1.90000000
2208,51,8,0.00000000
2209,51,9,4.90000000
2210,51,10,6.30000000
2211,51,11,1.40000000
2212,51,12,1.80000000
2213,51,13,2.00000000
2214,51,14,5.00000000
2215,51,15,1.70000000
2216,51,16,0.00000000
2217,51,17,10.00000000
2218,51,18,0.00000000
2219,51,19,0.23000000
2220,51,20,4.20000000
2221,51,21,2.70000000
2222,51,22,0.24000000
2223,51,23,3.80000000
2224,51,24,0.30000000
2225,51,25,124.00000000
2226,51,26,2.00000000
2227,51,27,0.29000000
2228,51,28,0.00000000
2229,51,29,4.50000000
2230,51,30,136.00000000
2231,51,31,206.00000000
2232,51,32,2.40000000
2233,51,33,0.00000000
2234,51,34,1.30000000
2235,51,35,56.00000000
2236,51,36,569.00000000
2237,51,37,333.00000000
2238,51,38,0.95000000
2239,51,39,0.20000000
2240,51,40,22.60000000
2241,51,41,0.10000000
2242,51,42,0.20000000
2243,51,43,40.00000000
2244,51,44,0.00000000
2245,52,1,475.00000000
2246,52,2,5.00000000
2247,52,3,0.00000000
2248,52,4,36.80000000
2249,52,5,23.50000000
2250,52,6,10.80000000
2251,52,7,12.70000000
2252,52,8,0.00000000
2253,52,9,11.20000000
2254,52,10,23.50000000
2255,52,11,2.90000000
2256,52,12,11.40000000
2257,52,13,4.50000000
2258,52,14,0.00000000
2259,52,15,0.00000000
2260,52,16,0.00000000
2261,52,17,0.00000000
2262,52,18,0.00000000
2263,52,19,1.50000000
2264,52,20,70.00000000
2265,52,21,0.75000000
2266,52,22,0.28000000
2267,52,23,10.60000000
2268,52,24,0.46000000
2269,52,25,345.00000000
2270,52,26,0.00000000
2271,52,27,1.80000000
2272,52,28,0.00000000
2273,52,29,0.00000000
2274,52,30,210.00000000
2275,52,31,600.00000000
2276,52,32,6.90000000
2277,52,33,0.00000000
2278,52,34,3.90000000
2279,52,35,240.00000000
2280,52,36,9.00000000
2281,52,37,1660.00000000
2282,52,38,4.00000000
2283,52,39,2.90000000
2284,52,40,9.00000000
2285,52,41,1.05000000
2286,52,42,0.00000000
2287,52,43,120.00000000
2288,52,44,0.00000000
2289,53,1,501.00000000
2290,53,2,41.10000000
2291,53,3,0.00000000
2292,53,4,0.00000000
2293,53,5,5.90000000
2294,53,6,3.00000000
2295,53,7,2.90000000
2296,53,8,0.00000000
2297,53,9,0.00000000
2298,53,10,53.00000000
2299,53,11,13.00000000
2300,53,12,5.00000000
2301,53,13,35.00000000
2302,53,14,0.00000000
2303,53,15,0.00000000
2304,53,16,0.00000000
2305,53,17,0.00000000
2306,53,18,0.00000000
2307,53,19,0.00000000
2308,53,20,0.00000000
2309,53,21,0.00000000
2310,53,22,0.00000000
2311,53,23,0.00000000
2312,53,24,0.00000000
2313,53,25,0.00000000
2314,53,26,0.00000000
2315,53,27,0.00000000
2316,53,28,0.00000000
2317,53,29,0.00000000
2318,53,30,0.00000000
2319,53,31,3.10000000
2320,53,32,0.00000000
2321,53,33,0.00000000
2322,53,34,0.00000000
2323,53,35,0.00000000
2324,53,36,0.00000000
2325,53,37,1.20000000
2326,53,38,0.00000000
2327,53,39,0.00000000
2328,53,40,0.00000000
2329,53,41,0.00000000
2330,53,42,0.00000000
2331,53,43,0.00000000
2332,53,44,0.00000000
2333,54,1,129.00000000
2334,54,2,67.70000000
2335,54,3,0.00000000
2336,54,4,9.00000000
2337,54,5,22.10000000
2338,54,6,0.00000000
2339,54,7,0.00000000
2340,54,8,0.00000000
2341,54,9,0.00000000
2342,54,10,0.55000000
2343,54,11,0.05700000
2344,54,12,0.10000000
2345,54,13,0.22000000
2346,54,14,0.00000000
2347,54,15,2.00000000
2348,54,16,0.00000000
2349,54,17,0.00000000
2350,54,18,0.00000000
2351,54,19,0.00000000
2352,54,20,0.00000000
2353,54,21,0.23000000
2354,54,22,0.13000000
2355,54,23,1.10000000
2356,54,24,0.19000000
2357,54,25,100.00000000
2358,54,26,0.00000000
2359,54,27,0.00000000
2360,54,28,0.00000000
2361,54,29,16.50000000
2362,54,30,25.00000000
2363,54,31,173.00000000
2364,54,32,3.20000000
2365,54,33,0.00000000
2366,54,34,1.50000000
2367,54,35,37.00000000
2368,54,36,11.00000000
2369,54,37,322.00000000
2370,54,38,0.00000000
2371,54,39,0.00000000
2372,54,40,0.60000000
2373,54,41,0.11000000
2374,54,42,0.00000000
2375,54,43,120.00000000
2376,54,44,0.00000000
2377,55,1,283.00000000
2378,55,2,50.40000000
2379,55,3,0.00000000
2380,55,4,18.50000000
2381,55,5,9.80000000
2382,55,6,9.80000000
2383,55,7,0.00000000
2384,55,8,0.00000000
2385,55,9,2.80000000
2386,55,10,18.20000000
2387,55,11,2.90000000
2388,55,12,4.50000000
2389,55,13,9.30000000
2390,55,14,0.00000000
2391,55,15,0.00000000
2392,55,16,0.00000000
2393,55,17,0.00000000
2394,55,18,0.00000000
2395,55,19,2.10000000
2396,55,20,0.00000000
2397,55,21,2.30000000
2398,55,22,11.20000000
2399,55,23,0.83000000
2400,55,24,0.00000000
2401,55,25,0.00000000
2402,55,26,26.00000000
2403,55,27,0.00000000
2404,55,28,0.00000000
2405,55,29,0.00000000
2406,55,30,63.00000000
2407,55,31,225.00000000
2408,55,32,372.00000000
2409,55,33,0.00000000
2410,55,34,1.50000000
2411,55,35,36.00000000
2412,55,36,888.00000000
2413,55,37,231.00000000
2414,55,38,0.00000000
2415,55,39,0.00000000
2416,55,40,144.00000000
2417,55,41,0.05000000
2418,55,42,0.30000000
2419,55,43,20.00000000
2420,55,44,0.00000000
2421,56,1,104.00000000
2422,56,2,76.00000000
2423,56,3,0.00000000
2424,56,4,18.00000000
2425,56,5,3.50000000
2426,56,6,3.00000000
2427,56,7,0.50000000
2428,56,8,0.00000000
2429,56,9,0.00000000
2430,56,10,1.50000000
2431,56,11,0.00000000
2432,56,12,0.00000000
2433,56,13,0.00000000
2434,56,14,0.00000000
2435,56,15,0.00000000
2436,56,16,0.00000000
2437,56,17,0.00000000
2438,56,18,0.00000000
2439,56,19,0.00000000
2440,56,20,0.00000000
2441,56,21,0.07800000
2442,56,22,0.36000000
2443,56,23,2.60000000
2444,56,24,0.22000000
2445,56,25,24.00000000
2446,56,26,0.08000000
2447,56,27,0.00000000
2448,56,28,0.00000000
2449,56,29,0.00000000
2450,56,30,111.00000000
2451,56,31,266.00000000
2452,56,32,2.70000000
2453,56,33,0.00000000
2454,56,34,1.10000000
2455,56,35,81.00000000
2456,56,36,9.00000000
2457,56,37,412.00000000
2458,56,38,0.00000000
2459,56,39,0.00000000
2460,56,40,0.00000000
2461,56,41,0.35000000
2462,56,42,0.00000000
2463,56,43,110.00000000
2464,56,44,1.00000000
2465,57,1,120.00000000
2466,57,2,71.70000000
2467,57,3,0.00000000
2468,57,4,7.20000000
2469,57,5,14.10000000
2470,57,6,13.70000000
2471,57,7,0.40000000
2472,57,8,0.00000000
2473,57,9,4.10000000
2474,57,10,2.90000000
2475,57,11,0.31000000
2476,57,12,0.72000000
2477,57,13,1.30000000
2478,57,14,0.00000000
2479,57,15,3.50000000
2480,57,16,0.00000000
2481,57,17,21.00000000
2482,57,18,0.00000000
2483,57,19,1.60000000
2484,57,20,132.00000000
2485,57,21,0.13000000
2486,57,22,0.06000000
2487,57,23,1.20000000
2488,57,24,0.04000000
2489,57,25,67.00000000
2490,57,26,0.00000000
2491,57,27,0.29000000
2492,57,28,0.00000000
2493,57,29,0.00000000
2494,57,30,43.00000000
2495,57,31,335.00000000
2496,57,32,2.80000000
2497,57,33,1.00000000
2498,57,34,1.20000000
2499,57,35,24.00000000
2500,57,36,220.00000000
2501,57,37,110.00000000
2502,57,38,0.60000000
2503,57,39,0.17000000
2504,57,40,1.00000000
2505,57,41,0.03000000
2506,57,42,0.00000000
2507,57,43,40.00000000
2508,57,44,0.00000000
2509,58,1,101.00000000
2510,58,2,72.90000000
2511,58,3,0.00000000
2512,58,4,6.70000000
2513,58,5,15.70000000
2514,58,6,14.70000000
2515,58,7,1.00000000
2516,58,8,0.00000000
2517,58,9,4.40000000
2518,58,10,0.30000000
2519,58,11,0.07000000
2520,58,12,0.01000000
2521,58,13,0.12000000
2522,58,14,0.00000000
2523,58,15,0.00000000
2524,58,16,0.00000000
2525,58,17,0.00000000
2526,58,18,0.00000000
2527,58,19,0.20000000
2528,58,20,9.50000000
2529,58,21,0.10000000
2530,58,22,0.04000000
2531,58,23,1.30000000
2532,58,24,0.07000000
2533,58,25,60.00000000
2534,58,26,0.00000000
2535,58,27,0.17000000
2536,58,28,0.00000000
2537,58,29,0.00000000
2538,58,30,71.00000000
2539,58,31,84.00000000
2540,58,32,2.80000000
2541,58,33,1.00000000
2542,58,34,2.30000000
2543,58,35,23.00000000
2544,58,36,243.00000000
2545,58,37,362.00000000
2546,58,38,0.22000000
2547,58,39,0.47000000
2548,58,40,0.60000000
2549,58,41,0.10000000
2550,58,42,0.00000000
2551,58,43,65.00000000
2552,58,44,0.00000000
2553,59,1,84.20000000
2554,59,2,76.90000000
2555,59,3,0.00000000
2556,59,4,8.40000000
2557,59,5,9.90000000
2558,59,6,9.40000000
2559,59,7,0.50000000
2560,59,8,0.00000000
2561,59,9,4.60000000
2562,59,10,0.20000000
2563,59,11,0.00000000
2564,59,12,0.00000000
2565,59,13,0.16000000
2566,59,14,0.00000000
2567,59,15,0.00000000
2568,59,16,0.00000000
2569,59,17,0.00000000
2570,59,18,0.00000000
2571,59,19,0.24000000
2572,59,20,9.50000000
2573,59,21,0.16000000
2574,59,22,0.07000000
2575,59,23,2.20000000
2576,59,24,0.10000000
2577,59,25,60.00000000
2578,59,26,0.00000000
2579,59,27,0.14000000
2580,59,28,0.00000000
2581,59,29,1.00000000
2582,59,30,66.00000000
2583,59,31,92.00000000
2584,59,32,2.50000000
2585,59,33,1.00000000
2586,59,34,2.30000000
2587,59,35,27.00000000
2588,59,36,294.00000000
2589,59,37,420.00000000
2590,59,38,0.22000000
2591,59,39,0.14000000
2592,59,40,7.10000000
2593,59,41,0.09000000
2594,59,42,0.00000000
2595,59,43,180.00000000
2596,59,44,0.00000000
2597,60,1,109.00000000
2598,60,2,71.90000000
2599,60,3,0.00000000
2600,60,4,8.80000000
2601,60,5,14.90000000
2602,60,6,14.50000000
2603,60,7,0.40000000
2604,60,8,0.00000000
2605,60,9,3.80000000
2606,60,10,0.70000000
2607,60,11,0.10000000
2608,60,12,0.10000000
2609,60,13,0.30000000
2610,60,14,0.00000000
2611,60,15,0.00000000
2612,60,16,0.00000000
2613,60,17,0.00000000
2614,60,18,0.00000000
2615,60,19,0.00000000
2616,60,20,61.50000000
2617,60,21,0.14000000
2618,60,22,0.07000000
2619,60,23,1.80000000
2620,60,24,0.28000000
2621,60,25,30.00000000
2622,60,26,0.00000000
2623,60,27,0.20000000
2624,60,28,0.00000000
2625,60,29,0.00000000
2626,60,30,22.00000000
2627,60,31,130.00000000
2628,60,32,3.50000000
2629,60,33,1.00000000
2630,60,34,1.40000000
2631,60,35,16.00000000
2632,60,36,238.00000000
2633,60,37,310.00000000
2634,60,38,0.50000000
2635,60,39,0.25000000
2636,60,40,2.80000000
2637,60,41,0.08000000
2638,60,42,0.00000000
2639,60,43,80.00000000
2640,60,44,0.00000000
2641,61,1,394.00000000
2642,61,2,10.40000000
2643,61,3,0.00000000
2644,61,4,36.20000000
2645,61,5,40.40000000
2646,61,6,0.00000000
2647,61,7,0.00000000
2648,61,8,0.00000000
2649,61,9,0.00000000
2650,61,10,9.70000000
2651,61,11,1.20000000
2652,61,12,3.90000000
2653,61,13,2.40000000
2654,61,14,0.00000000
2655,61,15,6.90000000
2656,61,16,0.00000000
2657,61,17,0.00000000
2658,61,18,0.00000000
2659,61,19,0.00000000
2660,61,20,0.00000000
2661,61,21,0.64000000
2662,61,22,0.22000000
2663,61,23,2.20000000
2664,61,24,0.36000000
2665,61,25,0.00000000
2666,61,26,0.00000000
2667,61,27,0.00000000
2668,61,28,0.00000000
2669,61,29,4.80000000
2670,61,30,176.00000000
2671,61,31,440.00000000
2672,61,32,4.40000000
2673,61,33,0.00000000
2674,61,34,4.80000000
2675,61,35,198.00000000
2676,61,36,15.00000000
2677,61,37,1013.00000000
2678,61,38,0.00000000
2679,61,39,0.00000000
2680,61,40,8.20000000
2681,61,41,0.15000000
2682,61,42,0.00000000
2683,61,43,60.00000000
2684,61,44,0.00000000
2685,62,1,341.00000000
2686,62,2,11.00000000
2687,62,3,0.00000000
2688,62,4,20.80000000
2689,62,5,44.30000000
2690,62,6,41.90000000
2691,62,7,2.40000000
2692,62,8,0.00000000
2693,62,9,15.50000000
2694,62,10,5.50000000
2695,62,11,0.36000000
2696,62,12,1.60000000
2697,62,13,2.50000000
2698,62,14,0.00000000
2699,62,15,33.00000000
2700,62,16,0.00000000
2701,62,17,198.00000000
2702,62,18,0.00000000
2703,62,19,0.82000000
2704,62,20,264.00000000
2705,62,21,0.45000000
2706,62,22,0.14000000
2707,62,23,4.60000000
2708,62,24,0.55000000
2709,62,25,185.00000000
2710,62,26,0.00000000
2711,62,27,1.30000000
2712,62,28,0.00000000
2713,62,29,4.10000000
2714,62,30,143.00000000
2715,62,31,332.00000000
2716,62,32,6.80000000
2717,62,33,1.50000000
2718,62,34,3.40000000
2719,62,35,122.00000000
2720,62,36,25.00000000
2721,62,37,875.00000000
2722,62,38,2.70000000
2723,62,39,0.84000000
2724,62,40,8.20000000
2725,62,41,0.04000000
2726,62,42,0.00000000
2727,62,43,70.00000000
2728,62,44,0.00000000
2729,63,1,307.00000000
2730,63,2,10.40000000
2731,63,3,0.00000000
2732,63,4,26.10000000
2733,63,5,33.30000000
2734,63,6,30.80000000
2735,63,7,2.50000000
2736,63,8,0.00000000
2737,63,9,25.00000000
2738,63,10,2.10000000
2739,63,11,0.30000000
2740,63,12,0.30000000
2741,63,13,1.10000000
2742,63,14,0.00000000
2743,63,15,5.30000000
2744,63,16,0.00000000
2745,63,17,32.00000000
2746,63,18,0.00000000
2747,63,19,0.09000000
2748,63,20,19.00000000
2749,63,21,0.50000000
2750,63,22,0.26000000
2751,63,23,6.90000000
2752,63,24,0.37000000
2753,63,25,423.00000000
2754,63,26,0.00000000
2755,63,27,0.98000000
2756,63,28,0.00000000
2757,63,29,4.00000000
2758,63,30,100.00000000
2759,63,31,590.00000000
2760,63,32,5.50000000
2761,63,33,2.00000000
2762,63,34,3.10000000
2763,63,35,190.00000000
2764,63,36,11.00000000
2765,63,37,1090.00000000
2766,63,38,1.60000000
2767,63,39,0.82000000
2768,63,40,8.20000000
2769,63,41,0.03000000
2770,63,42,0.00000000
2771,63,43,50.00000000
2772,63,44,0.00000000
2773,64,1,300.00000000
2774,64,2,3.60000000
2775,64,3,0.00000000
2776,64,4,4.60000000
2777,64,5,49.10000000
2778,64,6,0.00000000
2779,64,7,49.10000000
2780,64,8,0.00000000
2781,64,9,39.80000000
2782,64,10,0.65000000
2783,64,11,0.09000000
2784,64,12,0.02000000
2785,64,13,0.22000000
2786,64,14,0.00000000
2787,64,15,1.30000000
2788,64,16,0.00000000
2789,64,17,8.00000000
2790,64,18,0.00000000
2791,64,19,0.63000000
2792,64,20,0.00000000
2793,64,21,0.05300000
2794,64,22,0.46000000
2795,64,23,1.90000000
2796,64,24,0.37000000
2797,64,25,21.00000000
2798,64,26,0.00000000
2799,64,27,0.00000000
2800,64,28,0.00000000
2801,64,29,0.20000000
2802,64,30,348.00000000
2803,64,31,79.00000000
2804,64,32,2.90000000
2805,64,33,0.00000000
2806,64,34,0.09200000
2807,64,35,54.00000000
2808,64,36,35.00000000
2809,64,37,827.00000000
2810,64,38,0.00000000
2811,64,39,0.00000000
2812,64,40,5.30000000
2813,64,41,0.00000000
2814,64,42,0.00000000
2815,64,43,400.00000000
2816,64,44,0.00000000
2817,65,1,284.00000000
2818,65,2,15.50000000
2819,65,3,0.00000000
2820,65,4,21.10000000
2821,65,5,34.70000000
2822,65,6,32.70000000
2823,65,7,2.00000000
2824,65,8,0.00000000
2825,65,9,23.20000000
2826,65,10,1.60000000
2827,65,11,0.43000000
2828,65,12,0.14000000
2829,65,13,0.69000000
2830,65,14,0.00000000
2831,65,15,67.00000000
2832,65,16,0.00000000
2833,65,17,400.00000000
2834,65,18,0.00000000
2835,65,19,0.21000000
2836,65,20,19.00000000
2837,65,21,0.50000000
2838,65,22,0.12000000
2839,65,23,5.30000000
2840,65,24,0.41000000
2841,65,25,388.00000000
2842,65,26,0.00000000
2843,65,27,0.87000000
2844,65,28,0.00000000
2845,65,29,2.50000000
2846,65,30,113.00000000
2847,65,31,426.00000000
2848,65,32,6.20000000
2849,65,33,1.80000000
2850,65,34,2.60000000
2851,65,35,140.00000000
2852,65,36,15.00000000
2853,65,37,1337.00000000
2854,65,38,1.60000000
2855,65,39,0.98000000
2856,65,40,12.80000000
2857,65,41,0.18000000
2858,65,42,0.00000000
2859,65,43,105.50000000
2860,65,44,0.00000000
2861,66,1,292.00000000
2862,66,2,11.80000000
2863,66,3,0.00000000
2864,66,4,23.60000000
2865,66,5,35.10000000
2866,66,6,32.90000000
2867,66,7,2.20000000
2868,66,8,0.00000000
2869,66,9,24.90000000
2870,66,10,0.83000000
2871,66,11,0.12000000
2872,66,12,0.06400000
2873,66,13,0.46000000
2874,66,14,0.00000000
2875,66,15,67.00000000
2876,66,16,0.00000000
2877,66,17,400.00000000
2878,66,18,0.00000000
2879,66,19,0.22000000
2880,66,20,19.00000000
2881,66,21,0.53000000
2882,66,22,0.22000000
2883,66,23,6.80000000
2884,66,24,0.40000000
2885,66,25,394.00000000
2886,66,26,0.00000000
2887,66,27,0.78000000
2888,66,28,0.00000000
2889,66,29,4.50000000
2890,66,30,143.00000000
2891,66,31,407.00000000
2892,66,32,8.20000000
2893,66,33,2.00000000
2894,66,34,2.80000000
2895,66,35,140.00000000
2896,66,36,24.00000000
2897,66,37,1406.00000000
2898,66,38,1.00000000
2899,66,39,0.96000000
2900,66,40,3.20000000
2901,66,41,0.15000000
2902,66,42,0.00000000
2903,66,43,325.30000000
2904,66,44,0.00000000
2905,67,1,305.00000000
2906,67,2,14.80000000
2907,67,3,0.00000000
2908,67,4,23.20000000
2909,67,5,40.60000000
2910,67,6,39.50000000
2911,67,7,1.10000000
2912,67,8,0.00000000
2913,67,9,17.00000000
2914,67,10,1.70000000
2915,67,11,0.23000000
2916,67,12,0.30000000
2917,67,13,0.84000000
2918,67,14,0.00000000
2919,67,15,10.00000000
2920,67,16,0.00000000
2921,67,17,60.00000000
2922,67,18,0.00000000
2923,67,19,1.80000000
2924,67,20,123.00000000
2925,67,21,0.47000000
2926,67,22,0.22000000
2927,67,23,6.60000000
2928,67,24,0.70000000
2929,67,25,168.00000000
2930,67,26,0.00000000
2931,67,27,1.60000000
2932,67,28,0.00000000
2933,67,29,3.40000000
2934,67,30,70.00000000
2935,67,31,411.00000000
2936,67,32,8.20000000
2937,67,33,1.50000000
2938,67,34,3.10000000
2939,67,35,129.00000000
2940,67,36,24.00000000
2941,67,37,837.00000000
2942,67,38,1.50000000
2943,67,39,0.74000000
2944,67,40,9.90000000
2945,67,41,0.11000000
2946,67,42,0.00000000
2947,67,43,120.00000000
2948,67,44,0.00000000
2949,68,1,373.00000000
2950,68,2,14.00000000
2951,68,3,0.00000000
2952,68,4,34.70000000
2953,68,5,6.30000000
2954,68,6,0.62000000
2955,68,7,5.70000000
2956,68,8,0.00000000
2957,68,9,22.00000000
2958,68,10,18.30000000
2959,68,11,2.40000000
2960,68,12,4.10000000
2961,68,13,10.70000000
2962,68,14,0.00000000
2963,68,15,63.40000000
2964,68,16,0.00000000
2965,68,17,380.00000000
2966,68,18,0.00000000
2967,68,19,1.50000000
2968,68,20,47.00000000
2969,68,21,0.61000000
2970,68,22,0.27000000
2971,68,23,7.90000000
2972,68,24,1.00000000
2973,68,25,240.00000000
2974,68,26,0.00000000
2975,68,27,1.90000000
2976,68,28,60.00000000
2977,68,29,3.00000000
2978,68,30,201.00000000
2979,68,31,550.00000000
2980,68,32,6.60000000
2981,68,33,6.30000000
2982,68,34,4.20000000
2983,68,35,220.00000000
2984,68,36,4.70000000
2985,68,37,1799.00000000
2986,68,38,2.70000000
2987,68,39,1.20000000
2988,68,40,17.80000000
2989,68,41,1.33000000
2990,68,42,0.00000000
2991,68,43,150.00000000
2992,68,44,0.00000000
2993,69,1,21.40000000
2994,69,2,94.60000000
2995,69,3,0.00000000
2996,69,4,3.40000000
2997,69,5,0.07000000
2998,69,6,0.00000000
2999,69,7,0.07000000
3000,69,8,0.00000000
3001,69,9,1.50000000
3002,69,10,0.50000000
3003,69,11,0.06600000
3004,69,12,0.00900000
3005,69,13,0.20000000
3006,69,14,0.00000000
3007,69,15,0.00000000
3008,69,16,0.00000000
3009,69,17,0.00000000
3010,69,18,0.00000000
3011,69,19,0.12000000
3012,69,20,14.00000000
3013,69,21,0.02000000
3014,69,22,0.19000000
3015,69,23,2.90000000
3016,69,24,0.06000000
3017,69,25,8.00000000
3018,69,26,0.00000000
3019,69,27,0.80000000
3020,69,28,8.40000000
3021,69,29,1.70000000
3022,69,30,19.00000000
3023,69,31,69.00000000
3024,69,32,0.80000000
3025,69,33,2.00000000
3026,69,34,0.30000000
3027,69,35,15.00000000
3028,69,36,308.00000000
3029,69,37,121.00000000
3030,69,38,0.05000000
3031,69,39,0.13000000
3032,69,40,8.80000000
3033,69,41,0.00000000
3034,69,42,0.00000000
3035,69,43,10.00000000
3036,69,44,0.00000000
3037,70,1,34.00000000
3038,70,2,92.10000000
3039,70,3,0.00000000
3040,70,4,4.30000000
3041,70,5,0.54000000
3042,70,6,0.00000000
3043,70,7,0.54000000
3044,70,8,0.00000000
3045,70,9,1.90000000
3046,70,10,1.20000000
3047,70,11,0.20000000
3048,70,12,0.06000000
3049,70,13,0.71000000
3050,70,14,0.00000000
3051,70,15,0.00000000
3052,70,16,0.00000000
3053,70,17,0.00000000
3054,70,18,0.00000000
3055,70,19,0.13000000
3056,70,20,14.00000000
3057,70,21,0.10000000
3058,70,22,0.31000000
3059,70,23,5.30000000
3060,70,24,0.09000000
3061,70,25,23.00000000
3062,70,26,0.00000000
3063,70,27,2.10000000
3064,70,28,16.00000000
3065,70,29,4.00000000
3066,70,30,10.80000000
3067,70,31,125.00000000
3068,70,32,1.00000000
3069,70,33,15.70000000
3070,70,34,0.46000000
3071,70,35,12.20000000
3072,70,36,7.90000000
3073,70,37,390.00000000
3074,70,38,0.07700000
3075,70,39,0.37000000
3076,70,40,7.00000000
3077,70,41,0.00000000
3078,70,42,0.00000000
3079,70,43,15.00000000
3080,70,44,0.00000000
3081,71,1,114.00000000
3082,71,2,70.50000000
3083,71,3,0.00000000
3084,71,4,1.60000000
3085,71,5,24.10000000
3086,71,6,19.50000000
3087,71,7,4.60000000
3088,71,8,0.00000000
3089,71,9,3.10000000
3090,71,10,0.60000000
3091,71,11,0.23000000
3092,71,12,0.04000000
3093,71,13,0.20000000
3094,71,14,0.00000000
3095,71,15,1581.00000000
3096,71,16,0.00000000
3097,71,17,9488.00000000
3098,71,18,0.00000000
3099,71,19,4.60000000
3100,71,20,1.80000000
3101,71,21,0.17000000
3102,71,22,0.06000000
3103,71,23,0.97000000
3104,71,24,0.27000000
3105,71,25,17.00000000
3106,71,26,0.00000000
3107,71,27,0.59000000
3108,71,28,4.30000000
3109,71,29,25.00000000
3110,71,30,22.00000000
3111,71,31,50.00000000
3112,71,32,0.66000000
3113,71,33,2.40000000
3114,71,34,0.39000000
3115,71,35,18.00000000
3116,71,36,19.00000000
3117,71,37,300.00000000
3118,71,38,0.24000000
3119,71,39,0.13000000
3120,71,40,1.00000000
3121,71,41,0.01000000
3122,71,42,0.00000000
3123,71,43,440.00000000
3124,71,44,0.00000000
3125,72,1,375.00000000
3126,72,2,3.80000000
3127,72,3,0.00000000
3128,72,4,6.90000000
3129,72,5,83.10000000
3130,72,6,79.60000000
3131,72,7,3.50000000
3132,72,8,0.00000000
3133,72,9,5.90000000
3134,72,10,0.34000000
3135,72,11,0.09000000
3136,72,12,0.00800000
3137,72,13,0.15000000
3138,72,14,0.00000000
3139,72,15,0.00000000
3140,72,16,0.00000000
3141,72,17,0.00000000
3142,72,18,0.00000000
3143,72,19,0.25000000
3144,72,20,0.00000000
3145,72,21,0.23000000
3146,72,22,0.05100000
3147,72,23,3.50000000
3148,72,24,0.77000000
3149,72,25,25.00000000
3150,72,26,0.00000000
3151,72,27,0.00000000
3152,72,28,0.00000000
3153,72,29,3.80000000
3154,72,30,65.00000000
3155,72,31,168.00000000
3156,72,32,1.40000000
3157,72,33,0.00000000
3158,72,34,0.54000000
3159,72,35,65.00000000
3160,72,36,55.00000000
3161,72,37,1001.00000000
3162,72,38,0.00000000
3163,72,39,0.00000000
3164,72,40,1.10000000
3165,72,41,0.00000000
3166,72,42,0.00000000
3167,72,43,0.00000000
3168,72,44,0.00000000
3169,73,1,382.00000000
3170,73,2,4.60000000
3171,73,3,0.00000000
3172,73,4,0.50000000
3173,73,5,94.30000000
3174,73,6,94.30000000
3175,73,7,0.00000000
3176,73,8,0.00000000
3177,73,9,0.40000000
3178,73,10,0.20000000
3179,73,11,0.05000000
3180,73,12,0.05000000
3181,73,13,0.03000000
3182,73,14,0.00000000
3183,73,15,0.00000000
3184,73,16,0.00000000
3185,73,17,0.00000000
3186,73,18,0.00000000
3187,73,19,0.00000000
3188,73,20,0.00000000
3189,73,21,0.01000000
3190,73,22,0.01000000
3191,73,23,0.01000000
3192,73,24,0.01000000
3193,73,25,0.01000000
3194,73,26,0.00000000
3195,73,27,0.00000000
3196,73,28,0.00000000
3197,73,29,0.00000000
3198,73,30,11.00000000
3199,73,31,20.00000000
3200,73,32,1.00000000
3201,73,33,0.00000000
3202,73,34,0.00000000
3203,73,35,3.00000000
3204,73,36,4.00000000
3205,73,37,20.00000000
3206,73,38,0.00000000
3207,73,39,0.00000000
3208,73,40,0.80000000
3209,73,41,0.00000000
3210,73,42,0.00000000
3211,73,43,0.00000000
3212,73,44,0.00000000
3213,74,1,31.80000000
3214,74,2,90.60000000
3215,74,3,0.00000000
3216,74,4,1.00000000
3217,74,5,4.70000000
3218,74,6,0.69000000
3219,74,7,4.00000000
3220,74,8,0.00000000
3221,74,9,3.50000000
3222,74,10,0.22000000
3223,74,11,0.05200000
3224,74,12,0.01500000
3225,74,13,0.08800000
3226,74,14,0.00000000
3227,74,15,12.00000000
3228,74,16,0.00000000
3229,74,17,72.00000000
3230,74,18,0.00000000
3231,74,19,0.00000000
3232,74,20,0.10000000
3233,74,21,0.04000000
3234,74,22,0.05100000
3235,74,23,0.68000000
3236,74,24,0.08000000
3237,74,25,20.00000000
3238,74,26,0.00000000
3239,74,27,0.20000000
3240,74,28,2.00000000
3241,74,29,20.00000000
3242,74,30,45.00000000
3243,74,31,41.00000000
3244,74,32,0.38000000
3245,74,33,2.00000000
3246,74,34,0.23000000
3247,74,35,14.00000000
3248,74,36,58.00000000
3249,74,37,269.00000000
3250,74,38,0.06800000
3251,74,39,0.05600000
3252,74,40,1.00000000
3253,74,41,0.01000000
3254,74,42,0.00000000
3255,74,43,45.00000000
3256,74,44,0.00000000
3257,75,1,73.60000000
3258,75,2,80.70000000
3259,75,3,0.00000000
3260,75,4,2.30000000
3261,75,5,14.80000000
3262,75,6,14.10000000
3263,75,7,0.70000000
3264,75,8,0.00000000
3265,75,9,2.10000000
3266,75,10,0.11000000
3267,75,11,0.02600000
3268,75,12,0.00200000
3269,75,13,0.05600000
3270,75,14,0.00000000
3271,75,15,0.17000000
3272,75,16,0.00000000
3273,75,17,1.00000000
3274,75,18,0.00000000
3275,75,19,0.05300000
3276,75,20,2.10000000
3277,75,21,0.11000000
3278,75,22,0.04700000
3279,75,23,1.70000000
3280,75,24,0.31000000
3281,75,25,22.00000000
3282,75,26,0.00000000
3283,75,27,0.40000000
3284,75,28,0.40000000
3285,75,29,17.00000000
3286,75,30,6.40000000
3287,75,31,50.00000000
3288,75,32,0.43000000
3289,75,33,2.60000000
3290,75,34,0.34000000
3291,75,35,21.00000000
3292,75,36,2.70000000
3293,75,37,418.00000000
3294,75,38,0.15000000
3295,75,39,0.09100000
3296,75,40,1.50000000
3297,75,41,0.01000000
3298,75,42,0.00000000
3299,75,43,25.00000000
3300,75,44,0.00000000
3301,76,1,17.30000000
3302,76,2,95.00000000
3303,76,3,0.00000000
3304,76,4,1.10000000
3305,76,5,2.10000000
3306,76,6,0.00000000
3307,76,7,2.10000000
3308,76,8,0.00000000
3309,76,9,1.60000000
3310,76,10,0.14000000
3311,76,11,0.03300000
3312,76,12,0.01700000
3313,76,13,0.05500000
3314,76,14,0.00000000
3315,76,15,3.80000000
3316,76,16,0.00000000
3317,76,17,23.00000000
3318,76,18,0.00000000
3319,76,19,0.00100000
3320,76,20,1.30000000
3321,76,21,0.03300000
3322,76,22,0.03000000
3323,76,23,0.52000000
3324,76,24,0.06000000
3325,76,25,24.00000000
3326,76,26,0.00000000
3327,76,27,0.18000000
3328,76,28,0.00000000
3329,76,29,29.00000000
3330,76,30,26.00000000
3331,76,31,18.00000000
3332,76,32,0.44000000
3333,76,33,1.20000000
3334,76,34,0.19000000
3335,76,35,9.40000000
3336,76,36,21.00000000
3337,76,37,241.00000000
3338,76,38,0.04900000
3339,76,39,0.02600000
3340,76,40,2.00000000
3341,76,41,0.01000000
3342,76,42,0.00000000
3343,76,43,35.00000000
3344,76,44,0.00000000
3345,77,1,46.10000000
3346,77,2,87.30000000
3347,77,3,0.00000000
3348,77,4,1.60000000
3349,77,5,8.40000000
3350,77,6,0.00000000
3351,77,7,8.40000000
3352,77,8,0.00000000
3353,77,9,2.60000000
3354,77,10,0.10000000
3355,77,11,0.01800000
3356,77,12,0.01000000
3357,77,13,0.04900000
3358,77,14,0.00000000
3359,77,15,1.80000000
3360,77,16,0.00000000
3361,77,17,11.00000000
3362,77,18,0.00000000
3363,77,19,0.04700000
3364,77,20,0.20000000
3365,77,21,0.02200000
3366,77,22,0.04200000
3367,77,23,0.32000000
3368,77,24,0.05000000
3369,77,25,83.00000000
3370,77,26,0.00000000
3371,77,27,0.13000000
3372,77,28,0.00000000
3373,77,29,10.00000000
3374,77,30,17.00000000
3375,77,31,45.00000000
3376,77,32,0.91000000
3377,77,33,0.40000000
3378,77,34,0.36000000
3379,77,35,21.00000000
3380,77,36,58.00000000
3381,77,37,407.00000000
3382,77,38,0.24000000
3383,77,39,0.08400000
3384,77,40,0.62000000
3385,77,41,0.02000000
3386,77,42,0.00000000
3387,77,43,150.00000000
3388,77,44,0.00000000
3389,78,1,345.00000000
3390,78,2,13.90000000
3391,78,3,0.00000000
3392,78,4,0.58000000
3393,78,5,84.90000000
3394,78,6,84.90000000
3395,78,7,0.00000000
3396,78,8,0.00000000
3397,78,9,0.40000000
3398,78,10,0.20000000
3399,78,11,0.05000000
3400,78,12,0.05000000
3401,78,13,0.03000000
3402,78,14,0.00000000
3403,78,15,0.00000000
3404,78,16,0.00000000
3405,78,17,0.00000000
3406,78,18,0.00000000
3407,78,19,0.00000000
3408,78,20,0.00000000
3409,78,21,0.00400000
3410,78,22,0.10000000
3411,78,23,0.15000000
3412,78,24,0.00800000
3413,78,25,0.00000000
3414,78,26,0.00000000
3415,78,27,0.14000000
3416,78,28,0.00000000
3417,78,29,0.00000000
3418,78,30,12.00000000
3419,78,31,12.00000000
3420,78,32,1.00000000
3421,78,33,0.00000000
3422,78,34,0.12000000
3423,78,35,3.00000000
3424,78,36,4.00000000
3425,78,37,20.00000000
3426,78,38,0.11000000
3427,78,39,0.07000000
3428,78,40,0.80000000
3429,78,41,0.00000000
3430,78,42,0.00000000
3431,78,43,0.00000000
3432,78,44,0.00000000
3433,79,1,164.00000000
3434,79,2,58.40000000
3435,79,3,0.00000000
3436,79,4,1.40000000
3437,79,5,38.10000000
3438,79,6,36.40000000
3439,79,7,1.70000000
3440,79,8,0.00000000
3441,79,9,1.80000000
3442,79,10,0.30000000
3443,79,11,0.07000000
3444,79,12,0.08000000
3445,79,13,0.05000000
3446,79,14,0.00000000
3447,79,15,1.30000000
3448,79,16,0.00000000
3449,79,17,8.00000000
3450,79,18,0.00000000
3451,79,19,0.19000000
3452,79,20,0.00000000
3453,79,21,0.09000000
3454,79,22,0.05000000
3455,79,23,0.85000000
3456,79,24,0.09000000
3457,79,25,27.00000000
3458,79,26,0.00000000
3459,79,27,0.00000000
3460,79,28,0.00000000
3461,79,29,21.00000000
3462,79,30,16.00000000
3463,79,31,27.00000000
3464,79,32,0.30000000
3465,79,33,0.00000000
3466,79,34,0.30000000
3467,79,35,21.00000000
3468,79,36,14.00000000
3469,79,37,271.00000000
3470,79,38,0.00000000
3471,79,39,0.00000000
3472,79,40,0.70000000
3473,79,41,0.01000000
3474,79,42,0.00000000
3475,79,43,15.00000000
3476,79,44,0.00000000
3477,80,1,39.80000000
3478,80,2,89.10000000
3479,80,3,0.00000000
3480,80,4,1.30000000
3481,80,5,6.90000000
3482,80,6,0.00000000
3483,80,7,6.90000000
3484,80,8,0.00000000
3485,80,9,2.60000000
3486,80,10,0.20000000
3487,80,11,0.03900000
3488,80,12,0.00300000
3489,80,13,0.12000000
3490,80,14,0.00000000
3491,80,15,1455.00000000
3492,80,16,0.00000000
3493,80,17,8731.00000000
3494,80,18,0.00000000
3495,80,19,0.55000000
3496,80,20,15.00000000
3497,80,21,0.06000000
3498,80,22,0.05000000
3499,80,23,0.77000000
3500,80,24,0.14000000
3501,80,25,13.90000000
3502,80,26,0.00000000
3503,80,27,0.27000000
3504,80,28,5.00000000
3505,80,29,6.50000000
3506,80,30,27.20000000
3507,80,31,35.00000000
3508,80,32,0.47000000
3509,80,33,6.50000000
3510,80,34,0.28000000
3511,80,35,11.20000000
3512,80,36,61.00000000
3513,80,37,321.00000000
3514,80,38,0.18000000
3515,80,39,0.05000000
3516,80,40,1.30000000
3517,80,41,0.00000000
3518,80,42,0.00000000
3519,80,43,45.00000000
3520,80,44,0.00000000
3521,81,1,37.70000000
3522,81,2,89.10000000
3523,81,3,0.00000000
3524,81,4,2.60000000
3525,81,5,3.90000000
3526,81,6,0.90000000
3527,81,7,3.00000000
3528,81,8,0.00000000
3529,81,9,3.90000000
3530,81,10,0.43000000
3531,81,11,0.09900000
3532,81,12,0.01200000
3533,81,13,0.18000000
3534,81,14,0.00000000
3535,81,15,8.00000000
3536,81,16,0.00000000
3537,81,17,48.00000000
3538,81,18,0.00000000
3539,81,19,0.19000000
3540,81,20,14.00000000
3541,81,21,0.05800000
3542,81,22,0.14000000
3543,81,23,0.86000000
3544,81,24,0.08200000
3545,81,25,126.00000000
3546,81,26,0.00000000
3547,81,27,0.19000000
3548,81,28,0.00000000
3549,81,29,5.30000000
3550,81,30,19.00000000
3551,81,31,58.00000000
3552,81,32,0.50000000
3553,81,33,1.00000000
3554,81,34,0.32000000
3555,81,35,27.00000000
3556,81,36,47.00000000
3557,81,37,248.00000000
3558,81,38,0.24000000
3559,81,39,0.05400000
3560,81,40,0.20000000
3561,81,41,0.01000000
3562,81,42,0.00000000
3563,81,43,250.00000000
3564,81,44,0.00000000
3565,82,1,32.40000000
3566,82,2,91.40000000
3567,82,3,0.00000000
3568,82,4,3.10000000
3569,82,5,1.20000000
3570,82,6,0.36000000
3571,82,7,0.87000000
3572,82,8,0.00000000
3573,82,9,3.10000000
3574,82,10,1.00000000
3575,82,11,0.30000000
3576,82,12,0.10000000
3577,82,13,0.40000000
3578,82,14,0.00000000
3579,82,15,716.00000000
3580,82,16,0.00000000
3581,82,17,4298.00000000
3582,82,18,0.00000000
3583,82,19,1.60000000
3584,82,20,377.00000000
3585,82,21,0.07000000
3586,82,22,0.19000000
3587,82,23,1.90000000
3588,82,24,1.90000000
3589,82,25,140.00000000
3590,82,26,0.00000000
3591,82,27,0.21000000
3592,82,28,0.10000000
3593,82,29,8.50000000
3594,82,30,181.00000000
3595,82,31,48.00000000
3596,82,32,2.10000000
3597,82,33,2.80000000
3598,82,34,0.54000000
3599,82,35,66.20000000
3600,82,36,16.00000000
3601,82,37,340.00000000
3602,82,38,0.20000000
3603,82,39,0.09000000
3604,82,40,0.70000000
3605,82,41,0.10000000
3606,82,42,0.00000000
3607,82,43,90.00000000
3608,82,44,0.00000000
3609,83,1,74.00000000
3610,83,2,79.90000000
3611,83,3,0.00000000
3612,83,4,6.00000000
3613,83,5,9.50000000
3614,83,6,4.10000000
3615,83,7,5.40000000
3616,83,8,0.00000000
3617,83,9,4.20000000
3618,83,10,0.40000000
3619,83,11,0.15000000
3620,83,12,0.13000000
3621,83,13,0.05000000
3622,83,14,0.00000000
3623,83,15,67.50000000
3624,83,16,0.00000000
3625,83,17,405.00000000
3626,83,18,0.00000000
3627,83,19,0.18000000
3628,83,20,23.50000000
3629,83,21,0.26000000
3630,83,22,0.09000000
3631,83,23,2.50000000
3632,83,24,0.09000000
3633,83,25,47.00000000
3634,83,26,0.00000000
3635,83,27,0.14000000
3636,83,28,0.40000000
3637,83,29,12.00000000
3638,83,30,35.00000000
3639,83,31,99.00000000
3640,83,32,1.60000000
3641,83,33,2.00000000
3642,83,34,0.70000000
3643,83,35,21.00000000
3644,83,36,2.00000000
3645,83,37,150.00000000
3646,83,38,0.30000000
3647,83,39,0.03000000
3648,83,40,0.88000000
3649,83,41,0.03000000
3650,83,42,0.00000000
3651,83,43,30.00000000
3652,83,44,0.00000000
3653,84,1,36.50000000
3654,84,2,90.40000000
3655,84,3,0.00000000
3656,84,4,1.90000000
3657,84,5,3.60000000
3658,84,6,1.50000000
3659,84,7,2.10000000
3660,84,8,0.00000000
3661,84,9,3.20000000
3662,84,10,0.90000000
3663,84,11,0.30000000
3664,84,12,0.10000000
3665,84,13,0.40000000
3666,84,14,0.00000000
3667,84,15,19.70000000
3668,84,16,0.00000000
3669,84,17,118.00000000
3670,84,18,0.00000000
3671,84,19,0.12000000
3672,84,20,47.00000000
3673,84,21,0.06000000
3674,84,22,0.10000000
3675,84,23,0.89000000
3676,84,24,0.15000000
3677,84,25,63.90000000
3678,84,26,0.00000000
3679,84,27,0.07000000
3680,84,28,0.00000000
3681,84,29,9.80000000
3682,84,30,46.60000000
3683,84,31,33.00000000
3684,84,32,0.59000000
3685,84,33,0.50000000
3686,84,34,0.24000000
3687,84,35,19.60000000
3688,84,36,8.00000000
3689,84,37,160.00000000
3690,84,38,0.20000000
3691,84,39,0.05000000
3692,84,40,1.20000000
3693,84,41,0.03000000
3694,84,42,0.00000000
3695,84,43,35.00000000
3696,84,44,0.00000000
3697,85,1,18.80000000
3698,85,2,95.10000000
3699,85,3,0.00000000
3700,85,4,1.90000000
3701,85,5,1.50000000
3702,85,6,0.00000000
3703,85,7,1.50000000
3704,85,8,0.00000000
3705,85,9,1.20000000
3706,85,10,0.31000000
3707,85,11,0.07100000
3708,85,12,0.01000000
3709,85,13,0.14000000
3710,85,14,0.00000000
3711,85,15,46.30000000
3712,85,16,0.00000000
3713,85,17,278.00000000
3714,85,18,0.00000000
3715,85,19,0.40000000
3716,85,20,40.00000000
3717,85,21,0.03000000
3718,85,22,0.04000000
3719,85,23,0.94000000
3720,85,24,0.05000000
3721,85,25,29.80000000
3722,85,26,0.00000000
3723,85,27,0.13000000
3724,85,28,1.70000000
3725,85,29,6.80000000
3726,85,30,22.60000000
3727,85,31,50.00000000
3728,85,32,0.74000000
3729,85,33,2.10000000
3730,85,34,0.38000000
3731,85,35,9.60000000
3732,85,36,348.00000000
3733,85,37,220.00000000
3734,85,38,0.11000000
3735,85,39,0.08600000
3736,85,40,0.70000000
3737,85,41,0.01000000
3738,85,42,0.00000000
3739,85,43,25.00000000
3740,85,44,0.00000000
3741,86,1,27.80000000
3742,86,2,92.90000000
3743,86,3,0.00000000
3744,86,4,3.10000000
3745,86,5,2.30000000
3746,86,6,1.80000000
3747,86,7,0.50000000
3748,86,8,0.00000000
3749,86,9,1.30000000
3750,86,10,0.40000000
3751,86,11,0.10000000
3752,86,12,0.00000000
3753,86,13,0.10000000
3754,86,14,0.00000000
3755,86,15,13.70000000
3756,86,16,0.00000000
3757,86,17,82.30000000
3758,86,18,0.00000000
3759,86,19,16.70000000
3760,86,20,290.00000000
3761,86,21,0.03000000
3762,86,22,0.03000000
3763,86,23,2.10000000
3764,86,24,0.03000000
3765,86,25,47.60000000
3766,86,26,0.00000000
3767,86,27,0.21000000
3768,86,28,0.10000000
3769,86,29,9.60000000
3770,86,30,146.00000000
3771,86,31,30.00000000
3772,86,32,2.80000000
3773,86,33,5.40000000
3774,86,34,0.52000000
3775,86,35,39.30000000
3776,86,36,255.00000000
3777,86,37,213.00000000
3778,86,38,0.50000000
3779,86,39,0.01000000
3780,86,40,0.70000000
3781,86,41,0.08000000
3782,86,42,0.00000000
3783,86,43,70.00000000
3784,86,44,0.00000000
3785,87,1,88.90000000
3786,87,2,76.40000000
3787,87,3,0.00000000
3788,87,4,5.30000000
3789,87,5,12.40000000
3790,87,6,9.90000000
3791,87,7,2.50000000
3792,87,8,0.00000000
3793,87,9,5.00000000
3794,87,10,0.90000000
3795,87,11,0.20000000
3796,87,12,0.10000000
3797,87,13,0.40000000
3798,87,14,0.00000000
3799,87,15,75.00000000
3800,87,16,0.00000000
3801,87,17,450.00000000
3802,87,18,0.00000000
3803,87,19,0.22000000
3804,87,20,26.00000000
3805,87,21,0.09000000
3806,87,22,0.07000000
3807,87,23,2.10000000
3808,87,24,0.06000000
3809,87,25,20.00000000
3810,87,26,0.00000000
3811,87,27,0.04000000
3812,87,28,0.00000000
3813,87,29,1.00000000
3814,87,30,30.00000000
3815,87,31,81.00000000
3816,87,32,1.90000000
3817,87,33,1.70000000
3818,87,34,0.60000000
3819,87,35,20.00000000
3820,87,36,268.00000000
3821,87,37,130.00000000
3822,87,38,0.20000000
3823,87,39,0.02000000
3824,87,40,0.70000000
3825,87,41,0.02000000
3826,87,42,0.00000000
3827,87,43,20.00000000
3828,87,44,0.00000000
3829,88,1,15.10000000
3830,88,2,95.60000000
3831,88,3,0.00000000
3832,88,4,1.20000000
3833,88,5,1.60000000
3834,88,6,0.53000000
3835,88,7,1.10000000
3836,88,8,0.00000000
3837,88,9,1.50000000
3838,88,10,0.10000000
3839,88,11,0.02300000
3840,88,12,0.00400000
3841,88,13,0.05200000
3842,88,14,0.00000000
3843,88,15,33.30000000
3844,88,16,0.00000000
3845,88,17,200.00000000
3846,88,18,0.00000000
3847,88,19,0.05000000
3848,88,20,47.00000000
3849,88,21,0.07000000
3850,88,22,0.04000000
3851,88,23,0.55000000
3852,88,24,0.03000000
3853,88,25,13.00000000
3854,88,26,0.00000000
3855,88,27,0.09000000
3856,88,28,0.00000000
3857,88,29,4.30000000
3858,88,30,34.00000000
3859,88,31,24.00000000
3860,88,32,1.30000000
3861,88,33,1.40000000
3862,88,34,0.20000000
3863,88,35,20.00000000
3864,88,36,328.00000000
3865,88,37,143.00000000
3866,88,38,0.17000000
3867,88,39,0.23000000
3868,88,40,0.90000000
3869,88,41,0.02000000
3870,88,42,0.00000000
3871,88,43,25.00000000
3872,88,44,0.00000000
3873,89,1,43.20000000
3874,89,2,89.20000000
3875,89,3,0.00000000
3876,89,4,2.80000000
3877,89,5,8.00000000
3878,89,6,0.00000000
3879,89,7,8.00000000
3880,89,8,0.00000000
3881,89,9,0.00000000
3882,89,10,0.00000000
3883,89,11,0.00000000
3884,89,12,0.00000000
3885,89,13,0.00000000
3886,89,14,0.00000000
3887,89,15,0.00000000
3888,89,16,0.00000000
3889,89,17,0.00000000
3890,89,18,0.00000000
3891,89,19,0.90000000
3892,89,20,0.00000000
3893,89,21,0.07000000
3894,89,22,0.09000000
3895,89,23,0.82000000
3896,89,24,0.10000000
3897,89,25,28.00000000
3898,89,26,0.00000000
3899,89,27,0.13000000
3900,89,28,0.00000000
3901,89,29,7.00000000
3902,89,30,44.00000000
3903,89,31,71.00000000
3904,89,32,0.40000000
3905,89,33,0.00000000
3906,89,34,0.00000000
3907,89,35,23.00000000
3908,89,36,620.00000000
3909,89,37,163.00000000
3910,89,38,1.40000000
3911,89,39,0.13000000
3912,89,40,0.70000000
3913,89,41,0.01000000
3914,89,42,0.00000000
3915,89,43,15.00000000
3916,89,44,0.00000000
3917,90,1,32.20000000
3918,90,2,91.70000000
3919,90,3,0.00000000
3920,90,4,1.20000000
3921,90,5,5.20000000
3922,90,6,0.10000000
3923,90,7,5.10000000
3924,90,8,0.00000000
3925,90,9,1.50000000
3926,90,10,0.40000000
3927,90,11,0.10000000
3928,90,12,0.01300000
3929,90,13,0.20000000
3930,90,14,0.00000000
3931,90,15,630.00000000
3932,90,16,0.00000000
3933,90,17,3780.00000000
3934,90,18,0.00000000
3935,90,19,0.90000000
3936,90,20,5.10000000
3937,90,21,0.01000000
3938,90,22,0.03000000
3939,90,23,1.10000000
3940,90,24,0.31000000
3941,90,25,11.00000000
3942,90,26,0.00000000
3943,90,27,0.06000000
3944,90,28,0.00000000
3945,90,29,81.00000000
3946,90,30,9.00000000
3947,90,31,26.00000000
3948,90,32,0.30000000
3949,90,33,0.40000000
3950,90,34,0.20000000
3951,90,35,14.00000000
3952,90,36,314.00000000
3953,90,37,180.00000000
3954,90,38,0.10000000
3955,90,39,0.01000000
3956,90,40,0.30000000
3957,90,41,0.01000000
3958,90,42,0.00000000
3959,90,43,50.00000000
3960,90,44,0.00000000
3961,91,1,29.40000000
3962,91,2,91.70000000
3963,91,3,0.00000000
3964,91,4,1.20000000
3965,91,5,4.50000000
3966,91,6,1.60000000
3967,91,7,2.90000000
3968,91,8,0.00000000
3969,91,9,1.50000000
3970,91,10,0.40000000
3971,91,11,0.10000000
3972,91,12,0.01300000
3973,91,13,0.20000000
3974,91,14,0.00000000
3975,91,15,630.00000000
3976,91,16,0.00000000
3977,91,17,3780.00000000
3978,91,18,0.00000000
3979,91,19,0.90000000
3980,91,20,5.10000000
3981,91,21,0.01000000
3982,91,22,0.03000000
3983,91,23,1.10000000
3984,91,24,0.31000000
3985,91,25,11.00000000
3986,91,26,0.00000000
3987,91,27,0.06000000
3988,91,28,0.00000000
3989,91,29,81.00000000
3990,91,30,9.00000000
3991,91,31,26.00000000
3992,91,32,0.30000000
3993,91,33,0.40000000
3994,91,34,0.20000000
3995,91,35,14.00000000
3996,91,36,288.00000000
3997,91,37,180.00000000
3998,91,38,0.10000000
3999,91,39,0.01000000
4000,91,40,0.30000000
4001,91,41,0.01000000
4002,91,42,0.00000000
4003,91,43,45.00000000
4004,91,44,0.00000000
4005,92,1,33.00000000
4006,92,2,91.70000000
4007,92,3,0.00000000
4008,92,4,1.20000000
4009,92,5,5.40000000
4010,92,6,1.60000000
4011,92,7,3.80000000
4012,92,8,0.00000000
4013,92,9,1.50000000
4014,92,10,0.40000000
4015,92,11,0.10000000
4016,92,12,0.01300000
4017,92,13,0.20000000
4018,92,14,0.00000000
4019,92,15,630.00000000
4020,92,16,0.00000000
4021,92,17,3780.00000000
4022,92,18,0.00000000
4023,92,19,0.90000000
4024,92,20,5.10000000
4025,92,21,0.01000000
4026,92,22,0.03000000
4027,92,23,1.10000000
4028,92,24,0.31000000
4029,92,25,11.00000000
4030,92,26,0.00000000
4031,92,27,0.06000000
4032,92,28,0.00000000
4033,92,29,81.00000000
4034,92,30,9.00000000
4035,92,31,26.00000000
4036,92,32,0.30000000
4037,92,33,0.40000000
4038,92,34,0.20000000
4039,92,35,14.00000000
4040,92,36,260.00000000
4041,92,37,180.00000000
4042,92,38,0.10000000
4043,92,39,0.01000000
4044,92,40,0.30000000
4045,92,41,0.01000000
4046,92,42,0.00000000
4047,92,43,60.00000000
4048,92,44,0.00000000
4049,93,1,38.10000000
4050,93,2,90.00000000
4051,93,3,0.00000000
4052,93,4,1.20000000
4053,93,5,5.40000000
4054,93,6,4.10000000
4055,93,7,1.30000000
4056,93,8,0.00000000
4057,93,9,2.70000000
4058,93,10,0.70000000
4059,93,11,0.10000000
4060,93,12,0.00300000
4061,93,13,0.40000000
4062,93,14,0.00000000
4063,93,15,95.80000000
4064,93,16,0.00000000
4065,93,17,575.00000000
4066,93,18,0.00000000
4067,93,19,0.78000000
4068,93,20,47.00000000
4069,93,21,0.02000000
4070,93,22,0.02000000
4071,93,23,0.55000000
4072,93,24,0.05000000
4073,93,25,40.00000000
4074,93,26,0.00000000
4075,93,27,0.10000000
4076,93,28,1.00000000
4077,93,29,7.00000000
4078,93,30,20.00000000
4079,93,31,32.00000000
4080,93,32,0.70000000
4081,93,33,5.40000000
4082,93,34,0.20000000
4083,93,35,2.00000000
4084,93,36,6.00000000
4085,93,37,150.00000000
4086,93,38,0.20000000
4087,93,39,0.02000000
4088,93,40,1.00000000
4089,93,41,0.01000000
4090,93,42,0.00000000
4091,93,43,30.00000000
4092,93,44,0.00000000
4093,94,1,29.80000000
4094,94,2,92.20000000
4095,94,3,0.00000000
4096,94,4,1.90000000
4097,94,5,4.50000000
4098,94,6,3.50000000
4099,94,7,1.00000000
4100,94,8,0.00000000
4101,94,9,1.20000000
4102,94,10,0.20000000
4103,94,11,0.03000000
4104,94,12,0.04000000
4105,94,13,0.07000000
4106,94,14,0.00000000
4107,94,15,227.00000000
4108,94,16,0.00000000
4109,94,17,1360.00000000
4110,94,18,0.00000000
4111,94,19,0.03000000
4112,94,20,200.00000000
4113,94,21,0.05000000
4114,94,22,0.05000000
4115,94,23,1.10000000
4116,94,24,0.11000000
4117,94,25,128.00000000
4118,94,26,0.00000000
4119,94,27,0.17000000
4120,94,28,0.00000000
4121,94,29,18.90000000
4122,94,30,105.00000000
4123,94,31,40.00000000
4124,94,32,3.30000000
4125,94,33,39.10000000
4126,94,34,0.03000000
4127,94,35,76.00000000
4128,94,36,150.00000000
4129,94,37,380.00000000
4130,94,38,0.37000000
4131,94,39,0.07700000
4132,94,40,0.90000000
4133,94,41,0.01000000
4134,94,42,0.00000000
4135,94,43,33.50000000
4136,94,44,0.00000000
4137,95,1,119.00000000
4138,95,2,70.00000000
4139,95,3,0.00000000
4140,95,4,4.30000000
4141,95,5,24.30000000
4142,95,6,21.80000000
4143,95,7,2.20000000
4144,95,8,0.00000000
4145,95,9,1.20000000
4146,95,10,0.23000000
4147,95,11,0.05000000
4148,95,12,0.03000000
4149,95,13,0.10000000
4150,95,14,0.00000000
4151,95,15,0.00000000
4152,95,16,0.00000000
4153,95,17,5.00000000
4154,95,18,0.00000000
4155,95,19,0.01100000
4156,95,20,1.40000000
4157,95,21,0.16000000
4158,95,22,0.02000000
4159,95,23,1.00000000
4160,95,24,0.32000000
4161,95,25,4.80000000
4162,95,26,0.00000000
4163,95,27,0.60000000
4164,95,28,0.00000000
4165,95,29,14.00000000
4166,95,30,17.80000000
4167,95,31,134.00000000
4168,95,32,1.20000000
4169,95,33,4.70000000
4170,95,34,1.10000000
4171,95,35,24.10000000
4172,95,36,19.00000000
4173,95,37,446.00000000
4174,95,38,0.46000000
4175,95,39,0.15000000
4176,95,40,2.00000000
4177,95,41,0.02000000
4178,95,42,0.00000000
4179,95,43,143.00000000
4180,95,44,0.00000000
4181,96,1,43.90000000
4182,96,2,83.80000000
4183,96,3,0.00000000
4184,96,4,2.40000000
4185,96,5,2.90000000
4186,96,6,0.00000000
4187,96,7,2.90000000
4188,96,8,0.00000000
4189,96,9,10.80000000
4190,96,10,0.12000000
4191,96,11,0.02800000
4192,96,12,0.00400000
4193,96,13,0.05000000
4194,96,14,0.00000000
4195,96,15,7.80000000
4196,96,16,0.00000000
4197,96,17,47.00000000
4198,96,18,0.00000000
4199,96,19,0.19000000
4200,96,20,14.00000000
4201,96,21,0.14000000
4202,96,22,0.12000000
4203,96,23,0.90000000
4204,96,24,0.09000000
4205,96,25,47.00000000
4206,96,26,0.00000000
4207,96,27,0.34000000
4208,96,28,0.00000000
4209,96,29,7.60000000
4210,96,30,53.00000000
4211,96,31,130.00000000
4212,96,32,1.50000000
4213,96,33,1.00000000
4214,96,34,0.10000000
4215,96,35,26.00000000
4216,96,36,47.00000000
4217,96,37,353.00000000
4218,96,38,0.38000000
4219,96,39,0.32000000
4220,96,40,0.70000000
4221,96,41,0.01000000
4222,96,42,0.00000000
4223,96,43,320.00000000
4224,96,44,0.00000000
4225,97,1,19.40000000
4226,97,2,94.70000000
4227,97,3,0.00000000
4228,97,4,1.20000000
4229,97,5,2.50000000
4230,97,6,0.00000000
4231,97,7,2.50000000
4232,97,8,0.00000000
4233,97,9,1.40000000
4234,97,10,0.20000000
4235,97,11,0.05300000
4236,97,12,0.04000000
4237,97,13,0.09900000
4238,97,14,0.00000000
4239,97,15,8.30000000
4240,97,16,0.00000000
4241,97,17,50.00000000
4242,97,18,0.00000000
4243,97,19,0.20000000
4244,97,20,12.00000000
4245,97,21,0.04800000
4246,97,22,0.07600000
4247,97,23,0.48000000
4248,97,24,0.09000000
4249,97,25,16.00000000
4250,97,26,0.00000000
4251,97,27,0.43000000
4252,97,28,0.10000000
4253,97,29,7.00000000
4254,97,30,41.00000000
4255,97,31,21.00000000
4256,97,32,0.40000000
4257,97,33,0.98000000
4258,97,34,0.14000000
4259,97,35,12.00000000
4260,97,36,100.00000000
4261,97,37,320.00000000
4262,97,38,0.10000000
4263,97,39,0.03800000
4264,97,40,3.00000000
4265,97,41,0.01000000
4266,97,42,0.00000000
4267,97,43,50.00000000
4268,97,44,0.00000000
4269,98,1,21.40000000
4270,98,2,93.70000000
4271,98,3,0.00000000
4272,98,4,1.30000000
4273,98,5,2.40000000
4274,98,6,0.19000000
4275,98,7,2.20000000
4276,98,8,0.00000000
4277,98,9,2.50000000
4278,98,10,0.18000000
4279,98,11,0.03400000
4280,98,12,0.01600000
4281,98,13,0.07600000
4282,98,14,0.00000000
4283,98,15,8.40000000
4284,98,16,0.00000000
4285,98,17,50.60000000
4286,98,18,0.00000000
4287,98,19,0.03000000
4288,98,20,3.50000000
4289,98,21,0.03800000
4290,98,22,0.04500000
4291,98,23,0.75000000
4292,98,24,0.07500000
4293,98,25,23.20000000
4294,98,26,0.00000000
4295,98,27,0.23000000
4296,98,28,0.00000000
4297,98,29,5.90000000
4298,98,30,16.40000000
4299,98,31,21.00000000
4300,98,32,0.40000000
4301,98,33,1.40000000
4302,98,34,0.22000000
4303,98,35,10.80000000
4304,98,36,3.00000000
4305,98,37,210.00000000
4306,98,38,0.11000000
4307,98,39,0.09000000
4308,98,40,1.00000000
4309,98,41,0.01000000
4310,98,42,0.00000000
4311,98,43,65.00000000
4312,98,44,0.00000000
4313,99,1,20.10000000
4314,99,2,94.60000000
4315,99,3,0.00000000
4316,99,4,1.60000000
4317,99,5,2.00000000
4318,99,6,0.00000000
4319,99,7,2.00000000
4320,99,8,0.00000000
4321,99,9,1.50000000
4322,99,10,0.30000000
4323,99,11,0.08100000
4324,99,12,0.02400000
4325,99,13,0.11000000
4326,99,14,0.00000000
4327,99,15,987.00000000
4328,99,16,0.00000000
4329,99,17,5919.00000000
4330,99,18,0.00000000
4331,99,19,1.50000000
4332,99,20,542.00000000
4333,99,21,0.08500000
4334,99,22,0.17000000
4335,99,23,0.73000000
4336,99,24,0.23000000
4337,99,25,214.00000000
4338,99,26,0.00000000
4339,99,27,0.31000000
4340,99,28,0.40000000
4341,99,29,96.00000000
4342,99,30,180.00000000
4343,99,31,64.00000000
4344,99,32,3.10000000
4345,99,33,12.00000000
4346,99,34,0.70000000
4347,99,35,34.00000000
4348,99,36,12.00000000
4349,99,37,276.00000000
4350,99,38,0.60000000
4351,99,39,0.01000000
4352,99,40,0.90000000
4353,99,41,0.01000000
4354,99,42,0.00000000
4355,99,43,45.00000000
4356,99,44,0.00000000
4357,100,1,25.90000000
4358,100,2,94.40000000
4359,100,3,0.00000000
4360,100,4,1.80000000
4361,100,5,3.10000000
4362,100,6,0.00000000
4363,100,7,0.00000000
4364,100,8,0.00000000
4365,100,9,0.00000000
4366,100,10,0.70000000
4367,100,11,0.17000000
4368,100,12,0.21000000
4369,100,13,0.11000000
4370,100,14,0.00000000
4371,100,15,210.00000000
4372,100,16,0.00000000
4373,100,17,35.00000000
4374,100,18,13.00000000
4375,100,19,0.00000000
4376,100,20,0.00000000
4377,100,21,0.06000000
4378,100,22,0.15000000
4379,100,23,0.00000000
4380,100,24,0.08400000
4381,100,25,13.00000000
4382,100,26,0.00000000
4383,100,27,0.04100000
4384,100,28,0.00000000
4385,100,29,35.00000000
4386,100,30,93.00000000
4387,100,31,53.00000000
4388,100,32,3.30000000
4389,100,33,0.00000000
4390,100,34,0.20000000
4391,100,35,52.00000000
4392,100,36,80.00000000
4393,100,37,470.00000000
4394,100,38,0.35000000
4395,100,39,0.13000000
4396,100,40,0.90000000
4397,100,41,0.02000000
4398,100,42,0.00000000
4399,100,43,35.00000000
4400,100,44,0.00000000
4401,101,1,33.00000000
4402,101,2,90.60000000
4403,101,3,0.00000000
4404,101,4,3.60000000
4405,101,5,2.70000000
4406,101,6,0.00000000
4407,101,7,2.70000000
4408,101,8,0.00000000
4409,101,9,3.00000000
4410,101,10,0.20000000
4411,101,11,0.03100000
4412,101,12,0.01400000
4413,101,13,0.09500000
4414,101,14,0.00000000
4415,101,15,71.10000000
4416,101,16,0.00000000
4417,101,17,427.00000000
4418,101,18,0.00000000
4419,101,19,0.62000000
4420,101,20,154.00000000
4421,101,21,0.09000000
4422,101,22,0.18000000
4423,101,23,1.50000000
4424,101,24,0.28000000
4425,101,25,114.00000000
4426,101,26,0.00000000
4427,101,27,0.90000000
4428,101,28,0.50000000
4429,101,29,100.00000000
4430,101,30,58.00000000
4431,101,31,65.00000000
4432,101,32,0.86000000
4433,101,33,15.00000000
4434,101,34,0.49000000
4435,101,35,19.00000000
4436,101,36,22.00000000
4437,101,37,279.00000000
4438,101,38,0.45000000
4439,101,39,0.05600000
4440,101,40,0.70000000
4441,101,41,0.02000000
4442,101,42,0.00000000
4443,101,43,95.00000000
4444,101,44,0.00000000
4445,102,1,23.30000000
4446,102,2,94.00000000
4447,102,3,0.00000000
4448,102,4,1.90000000
4449,102,5,2.00000000
4450,102,6,0.08000000
4451,102,7,1.90000000
4452,102,8,0.00000000
4453,102,9,1.60000000
4454,102,10,0.50000000
4455,102,11,0.10000000
4456,102,12,0.10000000
4457,102,13,0.10000000
4458,102,14,0.00000000
4459,102,15,47.80000000
4460,102,16,0.00000000
4461,102,17,287.00000000
4462,102,18,0.00000000
4463,102,19,0.06000000
4464,102,20,4.30000000
4465,102,21,0.09000000
4466,102,22,0.07000000
4467,102,23,0.71000000
4468,102,24,0.07000000
4469,102,25,33.10000000
4470,102,26,0.00000000
4471,102,27,0.16000000
4472,102,28,0.00000000
4473,102,29,13.80000000
4474,102,30,21.50000000
4475,102,31,45.00000000
4476,102,32,0.67000000
4477,102,33,2.00000000
4478,102,34,0.24000000
4479,102,35,12.90000000
4480,102,36,1.00000000
4481,102,37,230.00000000
4482,102,38,0.10000000
4483,102,39,0.02000000
4484,102,40,1.00000000
4485,102,41,0.01000000
4486,102,42,0.00000000
4487,102,43,30.00000000
4488,102,44,0.00000000
4489,103,1,28.40000000
4490,103,2,92.00000000
4491,103,3,0.00000000
4492,103,4,1.10000000
4493,103,5,4.60000000
4494,103,6,0.70000000
4495,103,7,3.90000000
4496,103,8,0.00000000
4497,103,9,2.20000000
4498,103,10,0.13000000
4499,103,11,0.06800000
4500,103,12,0.01700000
4501,103,13,0.00700000
4502,103,14,0.00000000
4503,103,15,128.00000000
4504,103,16,0.00000000
4505,103,17,766.00000000
4506,103,18,0.00000000
4507,103,19,1.10000000
4508,103,20,1.10000000
4509,103,21,0.04700000
4510,103,22,0.06700000
4511,103,23,0.35000000
4512,103,24,0.11000000
4513,103,25,36.00000000
4514,103,26,0.00000000
4515,103,27,0.40000000
4516,103,28,0.40000000
4517,103,29,12.00000000
4518,103,30,22.00000000
4519,103,31,44.00000000
4520,103,32,0.80000000
4521,103,33,1.40000000
4522,103,34,0.20000000
4523,103,35,8.00000000
4524,103,36,3.10000000
4525,103,37,304.00000000
4526,103,38,0.06600000
4527,103,39,0.08000000
4528,103,40,0.30000000
4529,103,41,0.01000000
4530,103,42,0.00000000
4531,103,43,40.00000000
4532,103,44,0.00000000
4533,104,1,31.90000000
4534,104,2,91.50000000
4535,104,3,0.00000000
4536,104,4,1.20000000
4537,104,5,5.30000000
4538,104,6,0.00000000
4539,104,7,5.30000000
4540,104,8,0.00000000
4541,104,9,1.80000000
4542,104,10,0.25000000
4543,104,11,0.09400000
4544,104,12,0.00000000
4545,104,13,0.11000000
4546,104,14,0.00000000
4547,104,15,0.17000000
4548,104,16,0.00000000
4549,104,17,1.00000000
4550,104,18,0.00000000
4551,104,19,0.45000000
4552,104,20,0.70000000
4553,104,21,0.03000000
4554,104,22,0.03000000
4555,104,23,0.72000000
4556,104,24,0.13000000
4557,104,25,7.00000000
4558,104,26,0.00000000
4559,104,27,0.11000000
4560,104,28,3.50000000
4561,104,29,6.90000000
4562,104,30,25.40000000
4563,104,31,33.00000000
4564,104,32,0.27000000
4565,104,33,8.90000000
4566,104,34,0.26000000
4567,104,35,4.20000000
4568,104,36,3.00000000
4569,104,37,162.00000000
4570,104,38,0.13000000
4571,104,39,0.05000000
4572,104,40,1.50000000
4573,104,41,0.01000000
4574,104,42,0.00000000
4575,104,43,75.00000000
4576,104,44,0.00000000
4577,105,1,37.00000000
4578,105,2,90.30000000
4579,105,3,0.00000000
4580,105,4,1.00000000
4581,105,5,6.40000000
4582,105,6,1.80000000
4583,105,7,4.60000000
4584,105,8,0.00000000
4585,105,9,1.90000000
4586,105,10,0.40000000
4587,105,11,0.10000000
4588,105,12,0.00000000
4589,105,13,0.20000000
4590,105,14,0.00000000
4591,105,15,95.30000000
4592,105,16,0.00000000
4593,105,17,572.00000000
4594,105,18,0.00000000
4595,105,19,0.80000000
4596,105,20,0.00000000
4597,105,21,0.12000000
4598,105,22,0.15000000
4599,105,23,2.50000000
4600,105,24,0.00000000
4601,105,25,0.00000000
4602,105,26,0.00000000
4603,105,27,0.08000000
4604,105,28,0.00000000
4605,105,29,225.00000000
4606,105,30,16.00000000
4607,105,31,39.00000000
4608,105,32,1.00000000
4609,105,33,1.00000000
4610,105,34,0.30000000
4611,105,35,21.00000000
4612,105,36,12.00000000
4613,105,37,440.00000000
4614,105,38,0.00000000
4615,105,39,0.01000000
4616,105,40,0.00000000
4617,105,41,0.02000000
4618,105,42,0.00000000
4619,105,43,115.00000000
4620,105,44,0.00000000
4621,106,1,20.10000000
4622,106,2,94.40000000
4623,106,3,0.00000000
4624,106,4,0.80000000
4625,106,5,2.60000000
4626,106,6,0.93000000
4627,106,7,1.70000000
4628,106,8,0.00000000
4629,106,9,1.90000000
4630,106,10,0.30000000
4631,106,11,0.10000000
4632,106,12,0.00000000
4633,106,13,0.20000000
4634,106,14,0.00000000
4635,106,15,37.00000000
4636,106,16,0.00000000
4637,106,17,222.00000000
4638,106,18,0.00000000
4639,106,19,0.80000000
4640,106,20,0.00000000
4641,106,21,0.07000000
4642,106,22,0.08000000
4643,106,23,1.60000000
4644,106,24,0.00000000
4645,106,25,0.00000000
4646,106,26,0.00000000
4647,106,27,0.08000000
4648,106,28,0.00000000
4649,106,29,120.00000000
4650,106,30,30.00000000
4651,106,31,80.00000000
4652,106,32,1.20000000
4653,106,33,1.00000000
4654,106,34,0.40000000
4655,106,35,24.00000000
4656,106,36,7.00000000
4657,106,37,220.00000000
4658,106,38,0.00000000
4659,106,39,0.02000000
4660,106,40,0.00000000
4661,106,41,0.02000000
4662,106,42,0.00000000
4663,106,43,110.00000000
4664,106,44,0.00000000
4665,107,1,70.10000000
4666,107,2,81.70000000
4667,107,3,0.00000000
4668,107,4,1.80000000
4669,107,5,11.10000000
4670,107,6,5.60000000
4671,107,7,5.40000000
4672,107,8,0.00000000
4673,107,9,4.30000000
4674,107,10,1.10000000
4675,107,11,0.20000000
4676,107,12,0.50000000
4677,107,13,0.20000000
4678,107,14,0.00000000
4679,107,15,5.00000000
4680,107,16,0.00000000
4681,107,17,30.00000000
4682,107,18,0.00000000
4683,107,19,1.00000000
4684,107,20,0.00000000
4685,107,21,0.02300000
4686,107,22,0.01000000
4687,107,23,1.00000000
4688,107,24,0.11000000
4689,107,25,87.00000000
4690,107,26,0.00000000
4691,107,27,0.00000000
4692,107,28,0.00000000
4693,107,29,17.00000000
4694,107,30,41.00000000
4695,107,31,74.00000000
4696,107,32,0.60000000
4697,107,33,0.00000000
4698,107,34,0.30000000
4699,107,35,23.00000000
4700,107,36,10.00000000
4701,107,37,450.00000000
4702,107,38,0.00000000
4703,107,39,0.00000000
4704,107,40,0.00000000
4705,107,41,0.01000000
4706,107,42,0.00000000
4707,107,43,25.00000000
4708,107,44,0.00000000
4709,108,1,30.20000000
4710,108,2,90.60000000
4711,108,3,0.00000000
4712,108,4,1.40000000
4713,108,5,4.20000000
4714,108,6,0.03000000
4715,108,7,4.10000000
4716,108,8,0.00000000
4717,108,9,3.00000000
4718,108,10,0.20000000
4719,108,11,0.03800000
4720,108,12,0.00400000
4721,108,13,0.11000000
4722,108,14,0.00000000
4723,108,15,12.00000000
4724,108,16,0.00000000
4725,108,17,69.00000000
4726,108,18,0.00000000
4727,108,19,1.70000000
4728,108,20,70.00000000
4729,108,21,0.04300000
4730,108,22,0.04500000
4731,108,23,0.73000000
4732,108,24,0.19000000
4733,108,25,31.00000000
4734,108,26,0.00000000
4735,108,27,0.21000000
4736,108,28,3.10000000
4737,108,29,48.00000000
4738,108,30,45.00000000
4739,108,31,36.00000000
4740,108,32,0.41000000
4741,108,33,3.00000000
4742,108,34,0.22000000
4743,108,35,14.00000000
4744,108,36,12.00000000
4745,108,37,255.00000000
4746,108,38,0.20000000
4747,108,39,0.03300000
4748,108,40,2.50000000
4749,108,41,0.03000000
4750,108,42,0.00000000
4751,108,43,60.00000000
4752,108,44,0.00000000
4753,109,1,42.70000000
4754,109,2,87.50000000
4755,109,3,0.00000000
4756,109,4,4.40000000
4757,109,5,3.30000000
4758,109,6,0.49000000
4759,109,7,2.80000000
4760,109,8,0.00000000
4761,109,9,4.40000000
4762,109,10,0.34000000
4763,109,11,0.04700000
4764,109,12,0.00700000
4765,109,13,0.24000000
4766,109,14,0.00000000
4767,109,15,12.80000000
4768,109,16,0.00000000
4769,109,17,77.00000000
4770,109,18,0.00000000
4771,109,19,0.56000000
4772,109,20,236.00000000
4773,109,21,0.13000000
4774,109,22,0.13000000
4775,109,23,1.00000000
4776,109,24,0.34000000
4777,109,25,101.00000000
4778,109,26,0.00000000
4779,109,27,1.00000000
4780,109,28,0.40000000
4781,109,29,112.00000000
4782,109,30,33.00000000
4783,109,31,84.00000000
4784,109,32,1.00000000
4785,109,33,0.70000000
4786,109,34,0.54000000
4787,109,35,22.00000000
4788,109,36,9.20000000
4789,109,37,451.00000000
4790,109,38,0.30000000
4791,109,39,0.06500000
4792,109,40,0.60000000
4793,109,41,0.09000000
4794,109,42,0.00000000
4795,109,43,110.00000000
4796,109,44,0.00000000
4797,110,1,43.70000000
4798,110,2,88.10000000
4799,110,3,0.00000000
4800,110,4,4.30000000
4801,110,5,2.50000000
4802,110,6,0.00000000
4803,110,7,2.50000000
4804,110,8,0.00000000
4805,110,9,4.20000000
4806,110,10,0.90000000
4807,110,11,0.11000000
4808,110,12,0.01700000
4809,110,13,0.49000000
4810,110,14,0.00000000
4811,110,15,867.00000000
4812,110,16,0.00000000
4813,110,17,5200.00000000
4814,110,18,0.00000000
4815,110,19,1.70000000
4816,110,20,817.00000000
4817,110,21,0.10000000
4818,110,22,0.25000000
4819,110,23,2.10000000
4820,110,24,0.25000000
4821,110,25,187.00000000
4822,110,26,0.00000000
4823,110,27,0.09000000
4824,110,28,0.50000000
4825,110,29,105.00000000
4826,110,30,212.00000000
4827,110,31,87.00000000
4828,110,32,1.90000000
4829,110,33,4.50000000
4830,110,34,0.33000000
4831,110,35,31.00000000
4832,110,36,35.00000000
4833,110,37,451.00000000
4834,110,38,0.55000000
4835,110,39,0.05600000
4836,110,40,1.40000000
4837,110,41,0.18000000
4838,110,42,0.00000000
4839,110,43,250.00000000
4840,110,44,0.00000000
4841,111,1,27.50000000
4842,111,2,92.00000000
4843,111,3,0.00000000
4844,111,4,2.40000000
4845,111,5,2.40000000
4846,111,6,0.29000000
4847,111,7,2.10000000
4848,111,8,0.00000000
4849,111,9,2.90000000
4850,111,10,0.28000000
4851,111,11,0.04200000
4852,111,12,0.00600000
4853,111,13,0.14000000
4854,111,14,0.00000000
4855,111,15,0.33000000
4856,111,16,0.00000000
4857,111,17,2.00000000
4858,111,18,0.00000000
4859,111,19,0.21000000
4860,111,20,57.00000000
4861,111,21,0.08800000
4862,111,22,0.09200000
4863,111,23,1.30000000
4864,111,24,0.24000000
4865,111,25,72.50000000
4866,111,26,0.00000000
4867,111,27,0.60000000
4868,111,28,1.50000000
4869,111,29,58.80000000
4870,111,30,19.30000000
4871,111,31,52.00000000
4872,111,32,0.84000000
4873,111,33,5.90000000
4874,111,34,0.32000000
4875,111,35,15.90000000
4876,111,36,13.00000000
4877,111,37,296.00000000
4878,111,38,0.18000000
4879,111,39,0.04500000
4880,111,40,0.93000000
4881,111,41,0.04000000
4882,111,42,0.00000000
4883,111,43,45.00000000
4884,111,44,0.00000000
4885,112,1,17.40000000
4886,112,2,94.60000000
4887,112,3,0.00000000
4888,112,4,1.60000000
4889,112,5,1.00000000
4890,112,6,0.00000000
4891,112,7,1.00000000
4892,112,8,0.00000000
4893,112,9,2.60000000
4894,112,10,0.20000000
4895,112,11,0.00000000
4896,112,12,0.00000000
4897,112,13,0.10000000
4898,112,14,0.00000000
4899,112,15,94.00000000
4900,112,16,0.00000000
4901,112,17,0.00000000
4902,112,18,0.00000000
4903,112,19,0.60000000
4904,112,20,200.00000000
4905,112,21,0.06000000
4906,112,22,0.09000000
4907,112,23,0.60000000
4908,112,24,0.05000000
4909,112,25,110.00000000
4910,112,26,0.00000000
4911,112,27,0.11000000
4912,112,28,0.00000000
4913,112,29,10.00000000
4914,112,30,55.00000000
4915,112,31,37.00000000
4916,112,32,1.00000000
4917,112,33,3.00000000
4918,112,34,0.20000000
4919,112,35,13.00000000
4920,112,36,14.00000000
4921,112,37,327.00000000
4922,112,38,0.30000000
4923,112,39,0.01000000
4924,112,40,1.00000000
4925,112,41,0.01000000
4926,112,42,0.00000000
4927,112,43,55.00000000
4928,112,44,0.00000000
4929,113,1,20.70000000
4930,113,2,93.90000000
4931,113,3,0.00000000
4932,113,4,2.60000000
4933,113,5,0.61000000
4934,113,6,0.14000000
4935,113,7,0.47000000
4936,113,8,0.00000000
4937,113,9,2.60000000
4938,113,10,0.30000000
4939,113,11,0.03000000
4940,113,12,0.01500000
4941,113,13,0.16000000
4942,113,14,0.00000000
4943,113,15,542.00000000
4944,113,16,0.00000000
4945,113,17,3254.00000000
4946,113,18,0.00000000
4947,113,19,1.40000000
4948,113,20,307.00000000
4949,113,21,0.09200000
4950,113,22,0.20000000
4951,113,23,1.40000000
4952,113,24,0.22000000
4953,113,25,145.00000000
4954,113,26,0.00000000
4955,113,27,0.25000000
4956,113,28,6.90000000
4957,113,29,40.00000000
4958,113,30,117.00000000
4959,113,31,46.00000000
4960,113,32,2.70000000
4961,113,33,12.00000000
4962,113,34,0.60000000
4963,113,35,60.00000000
4964,113,36,69.00000000
4965,113,37,554.00000000
4966,113,38,0.64000000
4967,113,39,0.09700000
4968,113,40,0.80000000
4969,113,41,0.14000000
4970,113,42,0.00000000
4971,113,43,120.00000000
4972,113,44,0.00000000
4973,114,1,90.70000000
4974,114,2,76.00000000
4975,114,3,0.00000000
4976,114,4,6.90000000
4977,114,5,11.30000000
4978,114,6,10.10000000
4979,114,7,1.20000000
4980,114,8,0.00000000
4981,114,9,4.90000000
4982,114,10,0.90000000
4983,114,11,0.10000000
4984,114,12,0.10000000
4985,114,13,0.50000000
4986,114,14,0.00000000
4987,114,15,60.50000000
4988,114,16,0.00000000
4989,114,17,363.00000000
4990,114,18,0.00000000
4991,114,19,0.23000000
4992,114,20,29.00000000
4993,114,21,0.29000000
4994,114,22,0.16000000
4995,114,23,4.10000000
4996,114,24,0.17000000
4997,114,25,75.30000000
4998,114,26,0.00000000
4999,114,27,0.45000000
5000,114,28,5.30000000
5001,114,29,21.90000000
5002,114,30,25.40000000
5003,114,31,113.00000000
5004,114,32,1.90000000
5005,114,33,4.00000000
5006,114,34,0.70000000
5007,114,35,32.30000000
5008,114,36,2.00000000
5009,114,37,247.00000000
5010,114,38,0.35000000
5011,114,39,0.25000000
5012,114,40,0.89000000
5013,114,41,0.04000000
5014,114,42,0.00000000
5015,114,43,40.00000000
5016,114,44,0.00000000
5017,115,1,50.40000000
5018,115,2,85.10000000
5019,115,3,0.00000000
5020,115,4,5.40000000
5021,115,5,4.20000000
5022,115,6,3.80000000
5023,115,7,0.40000000
5024,115,8,0.00000000
5025,115,9,5.10000000
5026,115,10,0.20000000
5027,115,11,0.03000000
5028,115,12,0.04000000
5029,115,13,0.09000000
5030,115,14,0.00000000
5031,115,15,18.00000000
5032,115,16,0.00000000
5033,115,17,0.00000000
5034,115,18,0.00000000
5035,115,19,0.46000000
5036,115,20,43.00000000
5037,115,21,0.20000000
5038,115,22,0.10000000
5039,115,23,4.10000000
5040,115,24,0.06000000
5041,115,25,145.00000000
5042,115,26,0.00000000
5043,115,27,0.09000000
5044,115,28,0.00000000
5045,115,29,24.00000000
5046,115,30,23.00000000
5047,115,31,98.00000000
5048,115,32,1.80000000
5049,115,33,4.00000000
5050,115,34,0.90000000
5051,115,35,28.00000000
5052,115,36,18.00000000
5053,115,37,210.00000000
5054,115,38,0.22000000
5055,115,39,0.08000000
5056,115,40,1.40000000
5057,115,41,0.02000000
5058,115,42,0.00000000
5059,115,43,50.00000000
5060,115,44,0.00000000
5061,116,1,36.40000000
5062,116,2,90.40000000
5063,116,3,0.00000000
5064,116,4,2.40000000
5065,116,5,4.20000000
5066,116,6,2.00000000
5067,116,7,2.20000000
5068,116,8,0.00000000
5069,116,9,2.40000000
5070,116,10,0.58000000
5071,116,11,0.07000000
5072,116,12,0.06000000
5073,116,13,0.23000000
5074,116,14,0.00000000
5075,116,15,30.60000000
5076,116,16,0.00000000
5077,116,17,184.00000000
5078,116,18,0.00000000
5079,116,19,0.28000000
5080,116,20,43.00000000
5081,116,21,0.06000000
5082,116,22,0.10000000
5083,116,23,1.50000000
5084,116,24,0.22000000
5085,116,25,62.30000000
5086,116,26,0.00000000
5087,116,27,0.09000000
5088,116,28,7.00000000
5089,116,29,23.40000000
5090,116,30,51.70000000
5091,116,31,37.00000000
5092,116,32,1.00000000
5093,116,33,3.60000000
5094,116,34,0.23000000
5095,116,35,22.20000000
5096,116,36,1.50000000
5097,116,37,238.00000000
5098,116,38,0.22000000
5099,116,39,0.08000000
5100,116,40,1.40000000
5101,116,41,0.04000000
5102,116,42,0.00000000
5103,116,43,45.00000000
5104,116,44,0.00000000
5105,117,1,19.60000000
5106,117,2,95.10000000
5107,117,3,0.00000000
5108,117,4,1.40000000
5109,117,5,1.40000000
5110,117,6,0.03600000
5111,117,7,1.40000000
5112,117,8,0.00000000
5113,117,9,1.50000000
5114,117,10,0.60000000
5115,117,11,0.12000000
5116,117,12,0.00600000
5117,117,13,0.37000000
5118,117,14,0.00000000
5119,117,15,29.20000000
5120,117,16,0.00000000
5121,117,17,175.00000000
5122,117,18,0.00000000
5123,117,19,0.60000000
5124,117,20,113.00000000
5125,117,21,0.06000000
5126,117,22,0.07000000
5127,117,23,0.80000000
5128,117,24,0.06000000
5129,117,25,33.60000000
5130,117,26,0.00000000
5131,117,27,0.11000000
5132,117,28,1.90000000
5133,117,29,13.00000000
5134,117,30,34.70000000
5135,117,31,28.00000000
5136,117,32,1.00000000
5137,117,33,3.00000000
5138,117,34,0.23000000
5139,117,35,8.70000000
5140,117,36,3.00000000
5141,117,37,220.00000000
5142,117,38,0.30000000
5143,117,39,0.01000000
5144,117,40,1.00000000
5145,117,41,0.01000000
5146,117,42,0.00000000
5147,117,43,25.00000000
5148,117,44,0.00000000
5149,118,1,26.60000000
5150,118,2,92.30000000
5151,118,3,0.00000000
5152,118,4,1.50000000
5153,118,5,3.50000000
5154,118,6,0.07200000
5155,118,7,3.50000000
5156,118,8,0.00000000
5157,118,9,2.50000000
5158,118,10,0.18000000
5159,118,11,0.03600000
5160,118,12,0.00600000
5161,118,13,0.09800000
5162,118,14,0.00000000
5163,118,15,2.50000000
5164,118,16,0.00000000
5165,118,17,15.00000000
5166,118,18,0.00000000
5167,118,19,1.70000000
5168,118,20,25.00000000
5169,118,21,0.06300000
5170,118,22,0.04400000
5171,118,23,0.50000000
5172,118,24,0.15000000
5173,118,25,35.00000000
5174,118,26,0.00000000
5175,118,27,0.32000000
5176,118,28,2.00000000
5177,118,29,57.00000000
5178,118,30,52.00000000
5179,118,31,36.00000000
5180,118,32,0.44000000
5181,118,33,2.90000000
5182,118,34,0.24000000
5183,118,35,13.00000000
5184,118,36,10.00000000
5185,118,37,250.00000000
5186,118,38,0.16000000
5187,118,39,0.04100000
5188,118,40,0.92000000
5189,118,41,0.03000000
5190,118,42,0.00000000
5191,118,43,180.00000000
5192,118,44,0.00000000
5193,119,1,23.60000000
5194,119,2,93.10000000
5195,119,3,0.00000000
5196,119,4,1.30000000
5197,119,5,3.30000000
5198,119,6,2.10000000
5199,119,7,1.20000000
5200,119,8,0.00000000
5201,119,9,2.20000000
5202,119,10,0.09000000
5203,119,11,0.01600000
5204,119,12,0.01800000
5205,119,13,0.05000000
5206,119,14,0.00000000
5207,119,15,45.70000000
5208,119,16,0.00000000
5209,119,17,274.00000000
5210,119,18,0.00000000
5211,119,19,0.00000000
5212,119,20,5.30000000
5213,119,21,0.01200000
5214,119,22,0.04100000
5215,119,23,0.41000000
5216,119,24,0.07000000
5217,119,25,3.00000000
5218,119,26,0.00000000
5219,119,27,0.17000000
5220,119,28,0.00000000
5221,119,29,9.30000000
5222,119,30,164.00000000
5223,119,31,16.00000000
5224,119,32,0.59000000
5225,119,33,0.00000000
5226,119,34,0.25000000
5227,119,35,52.00000000
5228,119,36,21.00000000
5229,119,37,257.00000000
5230,119,38,0.46000000
5231,119,39,0.05200000
5232,119,40,0.70000000
5233,119,41,0.01000000
5234,119,42,0.00000000
5235,119,43,218.80000000
5236,119,44,0.00000000
5237,120,1,13.30000000
5238,120,2,96.60000000
5239,120,3,0.00000000
5240,120,4,0.63000000
5241,120,5,1.90000000
5242,120,6,0.08000000
5243,120,7,1.80000000
5244,120,8,0.00000000
5245,120,9,0.70000000
5246,120,10,0.20000000
5247,120,11,0.06900000
5248,120,12,0.00800000
5249,120,13,0.08800000
5250,120,14,0.00000000
5251,120,15,28.20000000
5252,120,16,0.00000000
5253,120,17,169.00000000
5254,120,18,0.00000000
5255,120,19,0.39000000
5256,120,20,13.00000000
5257,120,21,0.04000000
5258,120,22,0.03000000
5259,120,23,0.36000000
5260,120,24,0.04000000
5261,120,25,19.40000000
5262,120,26,0.00000000
5263,120,27,0.26000000
5264,120,28,0.90000000
5265,120,29,7.00000000
5266,120,30,18.50000000
5267,120,31,23.00000000
5268,120,32,0.20000000
5269,120,33,0.30000000
5270,120,34,0.14000000
5271,120,35,7.30000000
5272,120,36,3.00000000
5273,120,37,140.00000000
5274,120,38,0.08000000
5275,120,39,0.03900000
5276,120,40,0.80000000
5277,120,41,0.01000000
5278,120,42,0.00000000
5279,120,43,20.00000000
5280,120,44,0.00000000
5281,121,1,33.10000000
5282,121,2,92.20000000
5283,121,3,0.00000000
5284,121,4,1.30000000
5285,121,5,4.20000000
5286,121,6,0.00000000
5287,121,7,4.20000000
5288,121,8,0.00000000
5289,121,9,1.50000000
5290,121,10,0.90000000
5291,121,11,0.30000000
5292,121,12,0.00000000
5293,121,13,0.30000000
5294,121,14,0.00000000
5295,121,15,539.00000000
5296,121,16,0.00000000
5297,121,17,3236.00000000
5298,121,18,0.00000000
5299,121,19,0.80000000
5300,121,20,17.00000000
5301,121,21,0.04000000
5302,121,22,0.03000000
5303,121,23,1.10000000
5304,121,24,0.28000000
5305,121,25,23.70000000
5306,121,26,0.00000000
5307,121,27,0.08000000
5308,121,28,0.00000000
5309,121,29,139.00000000
5310,121,30,11.90000000
5311,121,31,22.00000000
5312,121,32,0.37000000
5313,121,33,0.78000000
5314,121,34,0.14000000
5315,121,35,12.80000000
5316,121,36,4.00000000
5317,121,37,160.00000000
5318,121,38,0.10000000
5319,121,39,0.01000000
5320,121,40,0.10000000
5321,121,41,0.01000000
5322,121,42,0.00000000
5323,121,43,85.00000000
5324,121,44,0.00000000
5325,122,1,19.70000000
5326,122,2,95.20000000
5327,122,3,0.00000000
5328,122,4,0.63000000
5329,122,5,1.60000000
5330,122,6,0.07000000
5331,122,7,1.50000000
5332,122,8,0.00000000
5333,122,9,1.80000000
5334,122,10,0.80000000
5335,122,11,0.30000000
5336,122,12,0.10000000
5337,122,13,0.30000000
5338,122,14,0.00000000
5339,122,15,32.80000000
5340,122,16,0.00000000
5341,122,17,197.00000000
5342,122,18,0.00000000
5343,122,19,0.87000000
5344,122,20,11.00000000
5345,122,21,0.01000000
5346,122,22,0.02000000
5347,122,23,0.23000000
5348,122,24,0.27000000
5349,122,25,25.10000000
5350,122,26,0.00000000
5351,122,27,0.06000000
5352,122,28,0.00000000
5353,122,29,107.00000000
5354,122,30,11.30000000
5355,122,31,19.00000000
5356,122,32,0.49000000
5357,122,33,0.17000000
5358,122,34,0.12000000
5359,122,35,10.50000000
5360,122,36,4.00000000
5361,122,37,120.00000000
5362,122,38,0.13000000
5363,122,39,0.02000000
5364,122,40,0.00000000
5365,122,41,0.01000000
5366,122,42,0.00000000
5367,122,43,70.00000000
5368,122,44,0.00000000
5369,123,1,29.20000000
5370,123,2,92.00000000
5371,123,3,0.00000000
5372,123,4,2.20000000
5373,123,5,3.30000000
5374,123,6,0.12000000
5375,123,7,3.10000000
5376,123,8,0.00000000
5377,123,9,2.30000000
5378,123,10,0.29000000
5379,123,11,0.07800000
5380,123,12,0.01300000
5381,123,13,0.18000000
5382,123,14,0.00000000
5383,123,15,123.00000000
5384,123,16,0.00000000
5385,123,17,739.00000000
5386,123,18,0.00000000
5387,123,19,0.53000000
5388,123,20,47.00000000
5389,123,21,0.08600000
5390,123,22,0.06800000
5391,123,23,0.77000000
5392,123,24,0.26000000
5393,123,25,103.00000000
5394,123,26,0.00000000
5395,123,27,0.14000000
5396,123,28,1.60000000
5397,123,29,26.00000000
5398,123,30,63.00000000
5399,123,31,48.00000000
5400,123,32,0.81000000
5401,123,33,8.60000000
5402,123,34,0.31000000
5403,123,35,16.00000000
5404,123,36,4.40000000
5405,123,37,267.00000000
5406,123,38,0.19000000
5407,123,39,0.05300000
5408,123,40,0.76000000
5409,123,41,0.02000000
5410,123,42,0.00000000
5411,123,43,45.00000000
5412,123,44,0.00000000
5413,124,1,32.10000000
5414,124,2,91.40000000
5415,124,3,0.00000000
5416,124,4,1.70000000
5417,124,5,4.10000000
5418,124,6,0.09000000
5419,124,7,4.00000000
5420,124,8,0.00000000
5421,124,9,2.40000000
5422,124,10,0.45000000
5423,124,11,0.10000000
5424,124,12,0.04700000
5425,124,13,0.30000000
5426,124,14,0.00000000
5427,124,15,64.20000000
5428,124,16,0.00000000
5429,124,17,385.00000000
5430,124,18,0.00000000
5431,124,19,0.20000000
5432,124,20,70.00000000
5433,124,21,0.15000000
5434,124,22,0.02000000
5435,124,23,0.80000000
5436,124,24,0.17000000
5437,124,25,75.00000000
5438,124,26,0.00000000
5439,124,27,0.21000000
5440,124,28,0.10000000
5441,124,29,49.00000000
5442,124,30,52.00000000
5443,124,31,41.00000000
5444,124,32,0.70000000
5445,124,33,2.00000000
5446,124,34,0.30000000
5447,124,35,8.00000000
5448,124,36,5.00000000
5449,124,37,270.00000000
5450,124,38,0.20000000
5451,124,39,0.02000000
5452,124,40,1.00000000
5453,124,41,0.03000000
5454,124,42,0.00000000
5455,124,43,55.00000000
5456,124,44,0.00000000
5457,125,1,22.20000000
5458,125,2,94.00000000
5459,125,3,0.00000000
5460,125,4,0.88000000
5461,125,5,3.50000000
5462,125,6,0.10000000
5463,125,7,3.40000000
5464,125,8,0.00000000
5465,125,9,1.40000000
5466,125,10,0.21000000
5467,125,11,0.03700000
5468,125,12,0.02500000
5469,125,13,0.10000000
5470,125,14,0.00000000
5471,125,15,217.00000000
5472,125,16,0.00000000
5473,125,17,1302.00000000
5474,125,18,0.00000000
5475,125,19,0.89000000
5476,125,20,5.70000000
5477,125,21,0.07000000
5478,125,22,0.04000000
5479,125,23,0.90000000
5480,125,24,0.13000000
5481,125,25,28.80000000
5482,125,26,0.00000000
5483,125,27,0.28000000
5484,125,28,1.50000000
5485,125,29,26.60000000
5486,125,30,10.60000000
5487,125,31,24.00000000
5488,125,32,0.70000000
5489,125,33,2.20000000
5490,125,34,0.16000000
5491,125,35,8.30000000
5492,125,36,9.00000000
5493,125,37,242.00000000
5494,125,38,0.11000000
5495,125,39,0.05800000
5496,125,40,0.99000000
5497,125,41,0.01000000
5498,125,42,0.00000000
5499,125,43,60.00000000
5500,125,44,0.00000000
5501,126,1,33.00000000
5502,126,2,92.00000000
5503,126,3,0.00000000
5504,126,4,0.80000000
5505,126,5,5.00000000
5506,126,6,0.03000000
5507,126,7,3.00000000
5508,126,8,0.00000000
5509,126,9,1.30000000
5510,126,10,0.80000000
5511,126,11,0.01800000
5512,126,12,0.01900000
5513,126,13,0.05300000
5514,126,14,0.00000000
5515,126,15,132.00000000
5516,126,16,0.00000000
5517,126,17,792.00000000
5518,126,18,0.00000000
5519,126,19,1.20000000
5520,126,20,0.00000000
5521,126,21,0.06000000
5522,126,22,0.04000000
5523,126,23,1.00000000
5524,126,24,0.14000000
5525,126,25,17.00000000
5526,126,26,0.00000000
5527,126,27,0.00000000
5528,126,28,0.00000000
5529,126,29,28.00000000
5530,126,30,11.00000000
5531,126,31,30.00000000
5532,126,32,0.40000000
5533,126,33,2.00000000
5534,126,34,0.20000000
5535,126,35,11.00000000
5536,126,36,13.00000000
5537,126,37,290.00000000
5538,126,38,0.00000000
5539,126,39,0.00000000
5540,126,40,0.00000000
5541,126,41,0.01000000
5542,126,42,0.00000000
5543,126,43,65.00000000
5544,126,44,0.00000000
5545,127,1,15.00000000
5546,127,2,96.20000000
5547,127,3,0.00000000
5548,127,4,0.00000000
5549,127,5,3.80000000
5550,127,6,0.00000000
5551,127,7,3.80000000
5552,127,8,0.00000000
5553,127,9,0.00000000
5554,127,10,0.00000000
5555,127,11,0.00000000
5556,127,12,0.00000000
5557,127,13,0.00000000
5558,127,14,0.00000000
5559,127,15,0.00000000
5560,127,16,0.00000000
5561,127,17,0.00000000
5562,127,18,0.00000000
5563,127,19,0.00000000
5564,127,20,0.00000000
5565,127,21,0.00000000
5566,127,22,0.00000000
5567,127,23,0.00000000
5568,127,24,0.00000000
5569,127,25,0.00000000
5570,127,26,0.00000000
5571,127,27,0.00000000
5572,127,28,0.00000000
5573,127,29,3.80000000
5574,127,30,8.00000000
5575,127,31,0.00000000
5576,127,32,0.15000000
5577,127,33,0.00000000
5578,127,34,0.00000000
5579,127,35,0.00000000
5580,127,36,8.00000000
5581,127,37,0.00000000
5582,127,38,0.00000000
5583,127,39,0.00000000
5584,127,40,0.00000000
5585,127,41,0.00000000
5586,127,42,0.00000000
5587,127,43,30.00000000
5588,127,44,0.00000000
5589,128,1,16.70000000
5590,128,2,95.60000000
5591,128,3,0.00000000
5592,128,4,0.76000000
5593,128,5,3.00000000
5594,128,6,0.10000000
5595,128,7,2.80000000
5596,128,8,0.00000000
5597,128,9,0.60000000
5598,128,10,0.05000000
5599,128,11,0.00700000
5600,128,12,0.00700000
5601,128,13,0.02000000
5602,128,14,0.00000000
5603,128,15,70.50000000
5604,128,16,0.00000000
5605,128,17,423.00000000
5606,128,18,0.00000000
5607,128,19,1.00000000
5608,128,20,4.00000000
5609,128,21,0.05600000
5610,128,22,0.02600000
5611,128,23,0.77000000
5612,128,24,0.11000000
5613,128,25,13.00000000
5614,128,26,0.00000000
5615,128,27,0.20000000
5616,128,28,2.50000000
5617,128,29,15.00000000
5618,128,30,15.00000000
5619,128,31,16.00000000
5620,128,32,0.56000000
5621,128,33,2.00000000
5622,128,34,0.08600000
5623,128,35,9.50000000
5624,128,36,4.80000000
5625,128,37,236.00000000
5626,128,38,0.00700000
5627,128,39,0.12000000
5628,128,40,0.60000000
5629,128,41,0.01000000
5630,128,42,0.00000000
5631,128,43,50.00000000
5632,128,44,0.00000000
5633,129,1,24.30000000
5634,129,2,93.90000000
5635,129,3,0.00000000
5636,129,4,0.63000000
5637,129,5,4.80000000
5638,129,6,0.00000000
5639,129,7,4.80000000
5640,129,8,0.00000000
5641,129,9,0.62000000
5642,129,10,0.15000000
5643,129,11,0.02700000
5644,129,12,0.00700000
5645,129,13,0.07100000
5646,129,14,0.00000000
5647,129,15,437.00000000
5648,129,16,0.00000000
5649,129,17,2622.00000000
5650,129,18,0.00000000
5651,129,19,0.56000000
5652,129,20,15.00000000
5653,129,21,0.06000000
5654,129,22,0.06000000
5655,129,23,0.77000000
5656,129,24,0.20000000
5657,129,25,4.00000000
5658,129,26,0.00000000
5659,129,27,0.23000000
5660,129,28,0.00000000
5661,129,29,3.80000000
5662,129,30,27.00000000
5663,129,31,31.00000000
5664,129,32,0.50000000
5665,129,33,7.00000000
5666,129,34,0.00000000
5667,129,35,13.00000000
5668,129,36,52.00000000
5669,129,37,219.00000000
5670,129,38,0.13000000
5671,129,39,0.04600000
5672,129,40,0.60000000
5673,129,41,0.00000000
5674,129,42,0.00000000
5675,129,43,20.00000000
5676,129,44,0.00000000
5677,130,1,341.00000000
5678,130,2,31.00000000
5679,130,3,0.00000000
5680,130,4,4.60000000
5681,130,5,50.70000000
5682,130,6,12.70000000
5683,130,7,38.00000000
5684,130,8,15.20000000
5685,130,9,0.50000000
5686,130,10,13.20000000
5687,130,11,0.90000000
5688,130,12,7.60000000
5689,130,13,2.10000000
5690,130,14,0.00000000
5691,130,15,0.00000000
5692,130,16,0.00000000
5693,130,17,0.00000000
5694,130,18,0.00000000
5695,130,19,5.20000000
5696,130,20,0.00000000
5697,130,21,0.05000000
5698,130,22,0.10000000
5699,130,23,1.10000000
5700,130,24,0.02000000
5701,130,25,8.00000000
5702,130,26,0.00000000
5703,130,27,0.26000000
5704,130,28,0.00000000
5705,130,29,0.00000000
5706,130,30,49.00000000
5707,130,31,168.00000000
5708,130,32,0.80000000
5709,130,33,0.00000000
5710,130,34,0.70000000
5711,130,35,63.00000000
5712,130,36,3.00000000
5713,130,37,186.00000000
5714,130,38,0.08600000
5715,130,39,0.45000000
5716,130,40,4.20000000
5717,130,41,0.05000000
5718,130,42,0.50000000
5719,130,43,80.00000000
5720,130,44,0.00000000
5721,131,1,619.00000000
5722,131,2,1.50000000
5723,131,3,0.00000000
5724,131,4,30.10000000
5725,131,5,13.60000000
5726,131,6,6.50000000
5727,131,7,7.10000000
5728,131,8,2.80000000
5729,131,9,7.00000000
5730,131,10,47.80000000
5731,131,11,9.50000000
5732,131,12,26.40000000
5733,131,13,10.30000000
5734,131,14,0.00000000
5735,131,15,0.00000000
5736,131,16,0.00000000
5737,131,17,0.00000000
5738,131,18,0.00000000
5739,131,19,5.00000000
5740,131,20,0.80000000
5741,131,21,0.12000000
5742,131,22,0.10000000
5743,131,23,18.00000000
5744,131,24,0.58000000
5745,131,25,53.00000000
5746,131,26,0.00000000
5747,131,27,0.81000000
5748,131,28,94.00000000
5749,131,29,0.00000000
5750,131,30,74.00000000
5751,131,31,393.00000000
5752,131,32,1.90000000
5753,131,33,0.00000000
5754,131,34,3.00000000
5755,131,35,180.00000000
5756,131,36,120.00000000
5757,131,37,820.00000000
5758,131,38,1.70000000
5759,131,39,0.70000000
5760,131,40,3.00000000
5761,131,41,0.05000000
5762,131,42,0.50000000
5763,131,43,80.00000000
5764,131,44,0.00000000
5765,132,1,259.00000000
5766,132,2,33.60000000
5767,132,3,0.00000000
5768,132,4,1.00000000
5769,132,5,62.20000000
5770,132,6,0.00000000
5771,132,7,62.20000000
5772,132,8,24.90000000
5773,132,9,3.20000000
5774,132,10,0.00000000
5775,132,11,0.00000000
5776,132,12,0.00000000
5777,132,13,0.00000000
5778,132,14,0.00000000
5779,132,15,2.00000000
5780,132,16,0.00000000
5781,132,17,12.00000000
5782,132,18,0.00000000
5783,132,19,0.00000000
5784,132,20,0.00000000
5785,132,21,0.01000000
5786,132,22,0.01000000
5787,132,23,0.10000000
5788,132,24,0.00000000
5789,132,25,0.00000000
5790,132,26,0.00000000
5791,132,27,0.02000000
5792,132,28,0.00000000
5793,132,29,0.00000000
5794,132,30,4.00000000
5795,132,31,6.00000000
5796,132,32,0.30000000
5797,132,33,0.00000000
5798,132,34,0.10000000
5799,132,35,3.00000000
5800,132,36,1.00000000
5801,132,37,90.00000000
5802,132,38,0.00000000
5803,132,39,0.00000000
5804,132,40,0.00000000
5805,132,41,0.00000000
5806,132,42,0.00000000
5807,132,43,0.00000000
5808,132,44,0.00000000
5809,133,1,258.00000000
5810,133,2,35.10000000
5811,133,3,0.00000000
5812,133,4,0.32000000
5813,133,5,63.20000000
5814,133,6,0.00000000
5815,133,7,63.20000000
5816,133,8,25.30000000
5817,133,9,1.20000000
5818,133,10,0.20000000
5819,133,11,0.01000000
5820,133,12,0.11000000
5821,133,13,0.00000000
5822,133,14,0.00000000
5823,133,15,10.00000000
5824,133,16,0.00000000
5825,133,17,60.00000000
5826,133,18,0.00000000
5827,133,19,0.13000000
5828,133,20,0.50000000
5829,133,21,0.04000000
5830,133,22,0.02200000
5831,133,23,0.10000000
5832,133,24,0.02000000
5833,133,25,33.00000000
5834,133,26,0.00000000
5835,133,27,0.02000000
5836,133,28,0.00000000
5837,133,29,8.80000000
5838,133,30,20.00000000
5839,133,31,11.00000000
5840,133,32,0.49000000
5841,133,33,2.70000000
5842,133,34,0.06000000
5843,133,35,4.00000000
5844,133,36,40.00000000
5845,133,37,77.00000000
5846,133,38,0.04000000
5847,133,39,0.10000000
5848,133,40,2.00000000
5849,133,41,0.00000000
5850,133,42,0.00000000
5851,133,43,30.00000000
5852,133,44,0.00000000
5853,134,1,30.00000000
5854,134,2,91.10000000
5855,134,3,0.00000000
5856,134,4,0.70000000
5857,134,5,5.40000000
5858,134,6,1.00000000
5859,134,7,4.40000000
5860,134,8,2.20000000
5861,134,9,2.80000000
5862,134,10,0.00000000
5863,134,11,0.00000000
5864,134,12,0.00000000
5865,134,13,0.00000000
5866,134,14,0.00000000
5867,134,15,0.00000000
5868,134,16,0.00000000
5869,134,17,0.00000000
5870,134,18,0.00000000
5871,134,19,0.57000000
5872,134,20,0.00000000
5873,134,21,0.04000000
5874,134,22,0.06000000
5875,134,23,0.10000000
5876,134,24,0.06000000
5877,134,25,9.00000000
5878,134,26,0.00000000
5879,134,27,0.02000000
5880,134,28,0.00000000
5881,134,29,5.70000000
5882,134,30,13.90000000
5883,134,31,19.70000000
5884,134,32,0.41000000
5885,134,33,2.70000000
5886,134,34,0.08000000
5887,134,35,9.80000000
5888,134,36,50.00000000
5889,134,37,238.00000000
5890,134,38,0.04000000
5891,134,39,0.10000000
5892,134,40,2.00000000
5893,134,41,0.00000000
5894,134,42,0.00000000
5895,134,43,30.00000000
5896,134,44,0.00000000
5897,135,1,251.00000000
5898,135,2,38.00000000
5899,135,3,0.00000000
5900,135,4,0.38000000
5901,135,5,60.90000000
5902,135,6,0.90000000
5903,135,7,60.00000000
5904,135,8,24.40000000
5905,135,9,0.55000000
5906,135,10,0.16000000
5907,135,11,0.00000000
5908,135,12,0.00000000
5909,135,13,0.00000000
5910,135,14,0.00000000
5911,135,15,0.00000000
5912,135,16,0.00000000
5913,135,17,0.00000000
5914,135,18,0.00000000
5915,135,19,0.16000000
5916,135,20,1.10000000
5917,135,21,0.02400000
5918,135,22,0.01300000
5919,135,23,0.10000000
5920,135,24,0.01000000
5921,135,25,6.00000000
5922,135,26,0.00000000
5923,135,27,0.10000000
5924,135,28,0.00000000
5925,135,29,19.60000000
5926,135,30,12.00000000
5927,135,31,16.00000000
5928,135,32,0.22000000
5929,135,33,2.70000000
5930,135,34,0.05000000
5931,135,35,7.10000000
5932,135,36,7.00000000
5933,135,37,110.00000000
5934,135,38,0.08000000
5935,135,39,0.05000000
5936,135,40,2.00000000
5937,135,41,0.00000000
5938,135,42,0.00000000
5939,135,43,30.00000000
5940,135,44,0.00000000
5941,136,1,251.00000000
5942,136,2,36.90000000
5943,136,3,0.00000000
5944,136,4,0.31000000
5945,136,5,59.60000000
5946,136,6,0.00000000
5947,136,7,59.60000000
5948,136,8,23.80000000
5949,136,9,2.60000000
5950,136,10,0.63000000
5951,136,11,0.03000000
5952,136,12,0.33000000
5953,136,13,0.00000000
5954,136,14,0.00000000
5955,136,15,21.00000000
5956,136,16,0.00000000
5957,136,17,126.00000000
5958,136,18,0.00000000
5959,136,19,0.00000000
5960,136,20,0.50000000
5961,136,21,0.01000000
5962,136,22,0.02000000
5963,136,23,1.90000000
5964,136,24,0.02000000
5965,136,25,33.00000000
5966,136,26,0.00000000
5967,136,27,0.02000000
5968,136,28,0.00000000
5969,136,29,20.00000000
5970,136,30,39.00000000
5971,136,31,8.60000000
5972,136,32,1.00000000
5973,136,33,2.70000000
5974,136,34,0.10000000
5975,136,35,30.00000000
5976,136,36,10.00000000
5977,136,37,344.00000000
5978,136,38,0.04000000
5979,136,39,0.10000000
5980,136,40,2.00000000
5981,136,41,0.00000000
5982,136,42,0.00000000
5983,136,43,30.00000000
5984,136,44,0.00000000
5985,137,1,251.00000000
5986,137,2,37.20000000
5987,137,3,0.00000000
5988,137,4,0.45000000
5989,137,5,60.90000000
5990,137,6,0.00000000
5991,137,7,60.90000000
5992,137,8,24.40000000
5993,137,9,1.20000000
5994,137,10,0.30000000
5995,137,11,0.01500000
5996,137,12,0.17000000
5997,137,13,0.00000000
5998,137,14,0.00000000
5999,137,15,10.00000000
6000,137,16,0.00000000
6001,137,17,60.00000000
6002,137,18,0.00000000
6003,137,19,0.16000000
6004,137,20,0.50000000
6005,137,21,0.00900000
6006,137,22,0.01500000
6007,137,23,0.10000000
6008,137,24,0.02000000
6009,137,25,30.00000000
6010,137,26,0.00000000
6011,137,27,0.02000000
6012,137,28,0.00000000
6013,137,29,2.70000000
6014,137,30,20.00000000
6015,137,31,16.00000000
6016,137,32,0.49000000
6017,137,33,2.70000000
6018,137,34,0.06000000
6019,137,35,4.00000000
6020,137,36,7.00000000
6021,137,37,56.00000000
6022,137,38,0.04000000
6023,137,39,0.10000000
6024,137,40,2.00000000
6025,137,41,0.00000000
6026,137,42,0.00000000
6027,137,43,30.00000000
6028,137,44,0.00000000
6029,138,1,255.00000000
6030,138,2,36.10000000
6031,138,3,0.00000000
6032,138,4,0.31000000
6033,138,5,62.60000000
6034,138,6,0.00000000
6035,138,7,62.60000000
6036,138,8,25.00000000
6037,138,9,0.80000000
6038,138,10,0.20000000
6039,138,11,0.01000000
6040,138,12,0.11000000
6041,138,13,0.00000000
6042,138,14,0.00000000
6043,138,15,10.00000000
6044,138,16,0.00000000
6045,138,17,60.00000000
6046,138,18,0.00000000
6047,138,19,0.16000000
6048,138,20,0.50000000
6049,138,21,0.01000000
6050,138,22,0.01400000
6051,138,23,0.10000000
6052,138,24,0.02000000
6053,138,25,50.90000000
6054,138,26,0.00000000
6055,138,27,0.02000000
6056,138,28,0.00000000
6057,138,29,49.20000000
6058,138,30,20.00000000
6059,138,31,10.00000000
6060,138,32,0.49000000
6061,138,33,2.70000000
6062,138,34,0.06000000
6063,138,35,4.00000000
6064,138,36,5.00000000
6065,138,37,59.00000000
6066,138,38,0.04000000
6067,138,39,0.10000000
6068,138,40,2.00000000
6069,138,41,0.00000000
6070,138,42,0.00000000
6071,138,43,30.00000000
6072,138,44,0.00000000
6073,139,1,33.00000000
6074,139,2,90.60000000
6075,139,3,0.00000000
6076,139,4,0.70000000
6077,139,5,6.40000000
6078,139,6,0.00000000
6079,139,7,6.40000000
6080,139,8,2.60000000
6081,139,9,2.30000000
6082,139,10,0.00000000
6083,139,11,0.00000000
6084,139,12,0.00000000
6085,139,13,0.00000000
6086,139,14,0.00000000
6087,139,15,0.00000000
6088,139,16,0.00000000
6089,139,17,0.00000000
6090,139,18,0.00000000
6091,139,19,0.16000000
6092,139,20,0.00000000
6093,139,21,0.02000000
6094,139,22,0.02000000
6095,139,23,0.10000000
6096,139,24,0.05000000
6097,139,25,50.90000000
6098,139,26,0.00000000
6099,139,27,0.02000000
6100,139,28,0.00000000
6101,139,29,49.20000000
6102,139,30,20.60000000
6103,139,31,21.30000000
6104,139,32,0.57000000
6105,139,33,2.70000000
6106,139,34,0.07000000
6107,139,35,10.70000000
6108,139,36,47.00000000
6109,139,37,123.00000000
6110,139,38,0.04000000
6111,139,39,0.10000000
6112,139,40,2.00000000
6113,139,41,0.00000000
6114,139,42,0.00000000
6115,139,43,30.00000000
6116,139,44,0.00000000
6117,140,1,239.00000000
6118,140,2,40.80000000
6119,140,3,0.00000000
6120,140,4,0.50000000
6121,140,5,58.70000000
6122,140,6,6.70000000
6123,140,7,52.00000000
6124,140,8,23.50000000
6125,140,9,1.10000000
6126,140,10,0.00000000
6127,140,11,0.00000000
6128,140,12,0.00000000
6129,140,13,0.00000000
6130,140,14,0.00000000
6131,140,15,20.40000000
6132,140,16,0.00000000
6133,140,17,123.00000000
6134,140,18,0.00000000
6135,140,19,0.00000000
6136,140,20,0.00000000
6137,140,21,0.00000000
6138,140,22,0.00000000
6139,140,23,0.00000000
6140,140,24,0.00000000
6141,140,25,0.00000000
6142,140,26,0.00000000
6143,140,27,0.00000000
6144,140,28,0.00000000
6145,140,29,0.00000000
6146,140,30,0.00000000
6147,140,31,14.00000000
6148,140,32,0.00000000
6149,140,33,0.00000000
6150,140,34,0.00000000
6151,140,35,0.00000000
6152,140,36,0.00000000
6153,140,37,0.00000000
6154,140,38,0.00000000
6155,140,39,0.00000000
6156,140,40,0.00000000
6157,140,41,0.00000000
6158,140,42,0.00000000
6159,140,43,30.00000000
6160,140,44,0.00000000
6161,141,1,234.00000000
6162,141,2,41.40000000
6163,141,3,0.00000000
6164,141,4,0.38000000
6165,141,5,58.00000000
6166,141,6,1.00000000
6167,141,7,57.00000000
6168,141,8,23.20000000
6169,141,9,0.20000000
6170,141,10,0.00000000
6171,141,11,0.00000000
6172,141,12,0.00000000
6173,141,13,0.00000000
6174,141,14,0.00000000
6175,141,15,3.20000000
6176,141,16,0.00000000
6177,141,17,19.10000000
6178,141,18,0.00000000
6179,141,19,0.06000000
6180,141,20,0.00000000
6181,141,21,0.00500000
6182,141,22,0.00600000
6183,141,23,0.14000000
6184,141,24,0.01400000
6185,141,25,9.00000000
6186,141,26,0.00000000
6187,141,27,0.01500000
6188,141,28,0.00000000
6189,141,29,4.00000000
6190,141,30,32.00000000
6191,141,31,4.50000000
6192,141,32,0.15000000
6193,141,33,2.70000000
6194,141,34,0.04000000
6195,141,35,2.00000000
6196,141,36,11.00000000
6197,141,37,53.00000000
6198,141,38,0.02000000
6199,141,39,0.09000000
6200,141,40,0.60000000
6201,141,41,0.00000000
6202,141,42,0.00000000
6203,141,43,30.00000000
6204,141,44,0.00000000
6205,142,1,197.00000000
6206,142,2,49.00000000
6207,142,3,0.00000000
6208,142,4,0.56000000
6209,142,5,48.00000000
6210,142,6,0.70000000
6211,142,7,47.30000000
6212,142,8,19.20000000
6213,142,9,0.61000000
6214,142,10,0.14000000
6215,142,11,0.02500000
6216,142,12,0.01600000
6217,142,13,0.06600000
6218,142,14,0.00000000
6219,142,15,133.00000000
6220,142,16,0.00000000
6221,142,17,795.00000000
6222,142,18,0.00000000
6223,142,19,0.56000000
6224,142,20,3.50000000
6225,142,21,0.04500000
6226,142,22,0.02500000
6227,142,23,0.56000000
6228,142,24,0.08200000
6229,142,25,17.50000000
6230,142,26,0.00000000
6231,142,27,0.18000000
6232,142,28,0.99000000
6233,142,29,17.80000000
6234,142,30,7.40000000
6235,142,31,15.30000000
6236,142,32,0.53000000
6237,142,33,14.00000000
6238,142,34,0.13000000
6239,142,35,57.00000000
6240,142,36,7.00000000
6241,142,37,155.00000000
6242,142,38,0.07100000
6243,142,39,0.05200000
6244,142,40,0.86000000
6245,142,41,0.00000000
6246,142,42,0.00000000
6247,142,43,30.00000000
6248,142,44,0.00000000
6249,143,1,283.00000000
6250,143,2,26.20000000
6251,143,3,0.00000000
6252,143,4,3.40000000
6253,143,5,62.60000000
6254,143,6,0.35000000
6255,143,7,53.40000000
6256,143,8,0.00000000
6257,143,9,7.30000000
6258,143,10,0.51000000
6259,143,11,0.01700000
6260,143,12,0.07400000
6261,143,13,0.07400000
6262,143,14,0.00000000
6263,143,15,361.00000000
6264,143,16,0.00000000
6265,143,17,2163.00000000
6266,143,18,0.00000000
6267,143,19,4.30000000
6268,143,20,3.10000000
6269,143,21,0.01500000
6270,143,22,0.07400000
6271,143,23,2.90000000
6272,143,24,0.14000000
6273,143,25,10.00000000
6274,143,26,0.00000000
6275,143,27,0.52000000
6276,143,28,0.00000000
6277,143,29,1.00000000
6278,143,30,55.00000000
6279,143,31,71.00000000
6280,143,32,2.70000000
6281,143,33,1.00000000
6282,143,34,0.39000000
6283,143,35,32.00000000
6284,143,36,10.00000000
6285,143,37,1162.00000000
6286,143,38,0.24000000
6287,143,39,0.34000000
6288,143,40,2.20000000
6289,143,41,0.01000000
6290,143,42,0.00000000
6291,143,43,150.00000000
6292,143,44,0.00000000
6293,144,1,219.00000000
6294,144,2,35.00000000
6295,144,3,0.00000000
6296,144,4,2.20000000
6297,144,5,42.40000000
6298,144,6,0.00000000
6299,144,7,42.40000000
6300,144,8,0.00000000
6301,144,9,17.80000000
6302,144,10,0.52000000
6303,144,11,0.04100000
6304,144,12,0.34000000
6305,144,13,0.11000000
6306,144,14,0.00000000
6307,144,15,78.20000000
6308,144,16,0.00000000
6309,144,17,469.00000000
6310,144,18,0.00000000
6311,144,19,2.30000000
6312,144,20,59.50000000
6313,144,21,0.15000000
6314,144,22,0.12000000
6315,144,23,1.90000000
6316,144,24,0.15000000
6317,144,25,4.00000000
6318,144,26,0.00000000
6319,144,27,0.46000000
6320,144,28,0.00000000
6321,144,29,2.00000000
6322,144,30,41.00000000
6323,144,31,73.00000000
6324,144,32,2.30000000
6325,144,33,1.00000000
6326,144,34,0.40000000
6327,144,35,27.00000000
6328,144,36,8.00000000
6329,144,37,824.00000000
6330,144,38,0.22000000
6331,144,39,0.40000000
6332,144,40,2.70000000
6333,144,41,0.01000000
6334,144,42,0.00000000
6335,144,43,250.00000000
6336,144,44,0.00000000
6337,145,1,633.00000000
6338,145,2,12.30000000
6339,145,3,0.00000000
6340,145,4,5.60000000
6341,145,5,6.40000000
6342,145,6,0.00000000
6343,145,7,6.40000000
6344,145,8,0.00000000
6345,145,9,13.70000000
6346,145,10,62.00000000
6347,145,11,53.40000000
6348,145,12,3.50000000
6349,145,13,1.50000000
6350,145,14,0.00000000
6351,145,15,0.00000000
6352,145,16,0.00000000
6353,145,17,0.00000000
6354,145,18,0.00000000
6355,145,19,1.30000000
6356,145,20,0.30000000
6357,145,21,0.03000000
6358,145,22,0.05000000
6359,145,23,2.00000000
6360,145,24,0.09000000
6361,145,25,9.00000000
6362,145,26,0.00000000
6363,145,27,0.50000000
6364,145,28,0.00000000
6365,145,29,1.00000000
6366,145,30,23.00000000
6367,145,31,160.00000000
6368,145,32,3.60000000
6369,145,33,3.00000000
6370,145,34,0.90000000
6371,145,35,90.00000000
6372,145,36,28.00000000
6373,145,37,660.00000000
6374,145,38,1.80000000
6375,145,39,0.55000000
6376,145,40,3.00000000
6377,145,41,0.00000000
6378,145,42,0.00000000
6379,145,43,15.00000000
6380,145,44,0.00000000
6381,146,1,289.00000000
6382,146,2,23.90000000
6383,146,3,0.00000000
6384,146,4,1.90000000
6385,146,5,65.10000000
6386,146,6,0.00000000
6387,146,7,65.10000000
6388,146,8,0.00000000
6389,146,9,8.70000000
6390,146,10,0.45000000
6391,146,11,0.15000000
6392,146,12,0.15000000
6393,146,13,0.03000000
6394,146,14,0.00000000
6395,146,15,5.70000000
6396,146,16,0.00000000
6397,146,17,34.00000000
6398,146,18,0.00000000
6399,146,19,0.05000000
6400,146,20,2.70000000
6401,146,21,0.06000000
6402,146,22,0.08000000
6403,146,23,2.30000000
6404,146,24,0.16000000
6405,146,25,21.00000000
6406,146,26,0.00000000
6407,146,27,0.80000000
6408,146,28,0.00000000
6409,146,29,3.00000000
6410,146,30,63.00000000
6411,146,31,57.00000000
6412,146,32,1.90000000
6413,146,33,1.00000000
6414,146,34,0.30000000
6415,146,35,50.00000000
6416,146,36,8.00000000
6417,146,37,650.00000000
6418,146,38,0.15000000
6419,146,39,0.29000000
6420,146,40,3.00000000
6421,146,41,0.01000000
6422,146,42,0.00000000
6423,146,43,220.00000000
6424,146,44,0.00000000
6425,147,1,305.00000000
6426,147,2,21.20000000
6427,147,3,0.00000000
6428,147,4,2.50000000
6429,147,5,69.30000000
6430,147,6,0.00000000
6431,147,7,69.30000000
6432,147,8,0.00000000
6433,147,9,6.50000000
6434,147,10,0.50000000
6435,147,11,0.16000000
6436,147,12,0.14000000
6437,147,13,0.14000000
6438,147,14,0.00000000
6439,147,15,5.00000000
6440,147,16,0.00000000
6441,147,17,30.00000000
6442,147,18,0.00000000
6443,147,19,0.12000000
6444,147,20,3.50000000
6445,147,21,0.12000000
6446,147,22,0.05500000
6447,147,23,0.68000000
6448,147,24,0.25000000
6449,147,25,10.00000000
6450,147,26,0.00000000
6451,147,27,0.15000000
6452,147,28,2.00000000
6453,147,29,1.00000000
6454,147,30,80.00000000
6455,147,31,111.00000000
6456,147,32,2.30000000
6457,147,33,2.00000000
6458,147,34,0.25000000
6459,147,35,41.00000000
6460,147,36,21.00000000
6461,147,37,782.00000000
6462,147,38,0.46000000
6463,147,39,0.37000000
6464,147,40,7.30000000
6465,147,41,0.01000000
6466,147,42,0.00000000
6467,147,43,230.00000000
6468,147,44,0.00000000
6469,148,1,233.00000000
6470,148,2,67.90000000
6471,148,3,0.00000000
6472,148,4,1.90000000
6473,148,5,0.40000000
6474,148,6,0.00000000
6475,148,7,0.40000000
6476,148,8,0.00000000
6477,148,9,6.30000000
6478,148,10,23.50000000
6479,148,11,1.90000000
6480,148,12,15.50000000
6481,148,13,1.90000000
6482,148,14,0.00000000
6483,148,15,19.30000000
6484,148,16,0.00000000
6485,148,17,116.00000000
6486,148,18,0.00000000
6487,148,19,1.30000000
6488,148,20,19.00000000
6489,148,21,0.08000000
6490,148,22,0.15000000
6491,148,23,1.40000000
6492,148,24,0.36000000
6493,148,25,30.00000000
6494,148,26,0.00000000
6495,148,27,1.10000000
6496,148,28,10.00000000
6497,148,29,6.00000000
6498,148,30,12.00000000
6499,148,31,43.00000000
6500,148,32,0.49000000
6501,148,33,1.00000000
6502,148,34,0.40000000
6503,148,35,30.00000000
6504,148,36,4.70000000
6505,148,37,487.00000000
6506,148,38,0.20000000
6507,148,39,0.23000000
6508,148,40,0.40000000
6509,148,41,0.11000000
6510,148,42,0.00000000
6511,148,43,45.00000000
6512,148,44,0.00000000
6513,149,1,41.40000000
6514,149,2,88.90000000
6515,149,3,0.00000000
6516,149,4,0.88000000
6517,149,5,8.50000000
6518,149,6,0.00000000
6519,149,7,8.50000000
6520,149,8,0.00000000
6521,149,9,1.50000000
6522,149,10,0.10000000
6523,149,11,0.01000000
6524,149,12,0.04000000
6525,149,13,0.02000000
6526,149,14,0.00000000
6527,149,15,26.00000000
6528,149,16,0.00000000
6529,149,17,156.00000000
6530,149,18,0.00000000
6531,149,19,0.50000000
6532,149,20,3.30000000
6533,149,21,0.04000000
6534,149,22,0.05300000
6535,149,23,0.65000000
6536,149,24,0.07000000
6537,149,25,5.00000000
6538,149,26,0.00000000
6539,149,27,0.27000000
6540,149,28,0.00000000
6541,149,29,6.00000000
6542,149,30,16.00000000
6543,149,31,21.00000000
6544,149,32,0.65000000
6545,149,33,0.50000000
6546,149,34,0.14000000
6547,149,35,11.00000000
6548,149,36,2.00000000
6549,149,37,279.00000000
6550,149,38,0.16000000
6551,149,39,0.13000000
6552,149,40,1.30000000
6553,149,41,0.00000000
6554,149,42,0.00000000
6555,149,43,85.00000000
6556,149,44,0.00000000
6557,150,1,42.10000000
6558,150,2,87.80000000
6559,150,3,0.00000000
6560,150,4,0.63000000
6561,150,5,6.10000000
6562,150,6,0.00000000
6563,150,7,6.10000000
6564,150,8,0.00000000
6565,150,9,4.90000000
6566,150,10,0.60000000
6567,150,11,0.00000000
6568,150,12,0.00000000
6569,150,13,0.00000000
6570,150,14,0.00000000
6571,150,15,34.00000000
6572,150,16,0.00000000
6573,150,17,204.00000000
6574,150,18,0.00000000
6575,150,19,1.90000000
6576,150,20,12.00000000
6577,150,21,0.02000000
6578,150,22,0.02000000
6579,150,23,0.09000000
6580,150,24,0.06000000
6581,150,25,10.00000000
6582,150,26,0.00000000
6583,150,27,0.16000000
6584,150,28,1.10000000
6585,150,29,22.00000000
6586,150,30,10.00000000
6587,150,31,13.00000000
6588,150,32,0.74000000
6589,150,33,1.00000000
6590,150,34,0.13000000
6591,150,35,2.40000000
6592,150,36,1.00000000
6593,150,37,78.00000000
6594,150,38,4.20000000
6595,150,39,0.07700000
6596,150,40,0.10000000
6597,150,41,0.06000000
6598,150,42,0.00000000
6599,150,43,350.00000000
6600,150,44,0.00000000
6601,151,1,74.20000000
6602,151,2,80.50000000
6603,151,3,0.00000000
6604,151,4,0.63000000
6605,151,5,16.00000000
6606,151,6,0.00000000
6607,151,7,16.00000000
6608,151,8,0.00000000
6609,151,9,2.50000000
6610,151,10,0.30000000
6611,151,11,0.04900000
6612,151,12,0.09400000
6613,151,13,0.06200000
6614,151,14,0.00000000
6615,151,15,267.00000000
6616,151,16,0.00000000
6617,151,17,1600.00000000
6618,151,18,0.00000000
6619,151,19,0.59000000
6620,151,20,2.60000000
6621,151,21,0.02400000
6622,151,22,0.03000000
6623,151,23,0.28000000
6624,151,24,0.10000000
6625,151,25,7.00000000
6626,151,26,0.00000000
6627,151,27,0.16000000
6628,151,28,0.00000000
6629,151,29,16.00000000
6630,151,30,8.00000000
6631,151,31,25.00000000
6632,151,32,0.37000000
6633,151,33,3.00000000
6634,151,34,0.03800000
6635,151,35,8.00000000
6636,151,36,4.00000000
6637,151,37,178.00000000
6638,151,38,0.04700000
6639,151,39,0.02000000
6640,151,40,0.60000000
6641,151,41,0.00000000
6642,151,42,0.00000000
6643,151,43,60.00000000
6644,151,44,0.00000000
6645,152,1,31.00000000
6646,152,2,91.00000000
6647,152,3,0.00000000
6648,152,4,0.50000000
6649,152,5,6.30000000
6650,152,6,0.30000000
6651,152,7,6.00000000
6652,152,8,0.00000000
6653,152,9,1.70000000
6654,152,10,0.00000000
6655,152,11,0.00000000
6656,152,12,0.00000000
6657,152,13,0.00000000
6658,152,14,0.00000000
6659,152,15,31.00000000
6660,152,16,0.00000000
6661,152,17,188.00000000
6662,152,18,0.00000000
6663,152,19,0.50000000
6664,152,20,0.00000000
6665,152,21,0.03000000
6666,152,22,0.03000000
6667,152,23,0.47000000
6668,152,24,0.10000000
6669,152,25,0.00000000
6670,152,26,0.00000000
6671,152,27,0.00000000
6672,152,28,0.00000000
6673,152,29,23.00000000
6674,152,30,4.00000000
6675,152,31,15.00000000
6676,152,32,0.50000000
6677,152,33,0.00000000
6678,152,34,0.10000000
6679,152,35,8.00000000
6680,152,36,3.00000000
6681,152,37,158.00000000
6682,152,38,0.00000000
6683,152,39,0.00000000
6684,152,40,0.00000000
6685,152,41,0.01000000
6686,152,42,0.00000000
6687,152,43,130.00000000
6688,152,44,0.00000000
6689,153,1,62.10000000
6690,153,2,84.20000000
6691,153,3,0.00000000
6692,153,4,0.88000000
6693,153,5,13.30000000
6694,153,6,0.00000000
6695,153,7,13.30000000
6696,153,8,0.00000000
6697,153,9,1.30000000
6698,153,10,0.31000000
6699,153,11,0.07000000
6700,153,12,0.08400000
6701,153,13,0.09300000
6702,153,14,0.00000000
6703,153,15,2.80000000
6704,153,16,0.00000000
6705,153,17,16.50000000
6706,153,18,0.00000000
6707,153,19,0.13000000
6708,153,20,1.50000000
6709,153,21,0.03900000
6710,153,22,0.04200000
6711,153,23,0.33000000
6712,153,24,0.04500000
6713,153,25,52.00000000
6714,153,26,0.00000000
6715,153,27,0.19000000
6716,153,28,0.40000000
6717,153,29,15.00000000
6718,153,30,17.00000000
6719,153,31,23.00000000
6720,153,32,0.35000000
6721,153,33,1.20000000
6722,153,34,0.08700000
6723,153,35,13.00000000
6724,153,36,2.70000000
6725,153,37,234.00000000
6726,153,38,0.08400000
6727,153,39,0.09900000
6728,153,40,1.20000000
6729,153,41,0.01000000
6730,153,42,0.00000000
6731,153,43,150.00000000
6732,153,44,0.00000000
6733,154,1,72.70000000
6734,154,2,81.60000000
6735,154,3,0.00000000
6736,154,4,1.30000000
6737,154,5,14.10000000
6738,154,6,0.00000000
6739,154,7,14.10000000
6740,154,8,0.00000000
6741,154,9,2.40000000
6742,154,10,0.70000000
6743,154,11,0.20000000
6744,154,12,0.10000000
6745,154,13,0.30000000
6746,154,14,0.00000000
6747,154,15,9.80000000
6748,154,16,0.00000000
6749,154,17,58.80000000
6750,154,18,0.00000000
6751,154,19,0.01000000
6752,154,20,0.00000000
6753,154,21,0.07000000
6754,154,22,0.11000000
6755,154,23,1.20000000
6756,154,24,0.03000000
6757,154,25,12.50000000
6758,154,26,0.00000000
6759,154,27,0.24000000
6760,154,28,0.00000000
6761,154,29,14.20000000
6762,154,30,21.20000000
6763,154,31,21.00000000
6764,154,32,0.43000000
6765,154,33,1.50000000
6766,154,34,0.11000000
6767,154,35,17.30000000
6768,154,36,4.00000000
6769,154,37,382.00000000
6770,154,38,0.08300000
6771,154,39,0.07300000
6772,154,40,0.00000000
6773,154,41,0.01000000
6774,154,42,0.00000000
6775,154,43,45.00000000
6776,154,44,0.00000000
6777,155,1,48.10000000
6778,155,2,87.40000000
6779,155,3,0.00000000
6780,155,4,0.63000000
6781,155,5,10.20000000
6782,155,6,0.00000000
6783,155,7,10.20000000
6784,155,8,0.00000000
6785,155,9,1.60000000
6786,155,10,0.17000000
6787,155,11,0.02200000
6788,155,12,0.05200000
6789,155,13,0.07800000
6790,155,14,0.00000000
6791,155,15,23.20000000
6792,155,16,0.00000000
6793,155,17,139.00000000
6794,155,18,0.00000000
6795,155,19,0.86000000
6796,155,20,8.30000000
6797,155,21,0.07200000
6798,155,22,0.04300000
6799,155,23,1.30000000
6800,155,24,0.04500000
6801,155,25,2.00000000
6802,155,26,0.00000000
6803,155,27,0.18000000
6804,155,28,0.10000000
6805,155,29,5.40000000
6806,155,30,8.30000000
6807,155,31,17.00000000
6808,155,32,0.26000000
6809,155,33,1.40000000
6810,155,34,0.09300000
6811,155,35,7.90000000
6812,155,36,1.70000000
6813,155,37,177.00000000
6814,155,38,0.06800000
6815,155,39,0.07100000
6816,155,40,0.59000000
6817,155,41,0.01000000
6818,155,42,0.00000000
6819,155,43,125.00000000
6820,155,44,0.00000000
6821,156,1,384.00000000
6822,156,2,45.10000000
6823,156,3,0.00000000
6824,156,4,4.60000000
6825,156,5,4.80000000
6826,156,6,0.00000000
6827,156,7,4.80000000
6828,156,8,0.00000000
6829,156,9,9.00000000
6830,156,10,36.50000000
6831,156,11,31.80000000
6832,156,12,2.20000000
6833,156,13,0.68000000
6834,156,14,0.00000000
6835,156,15,0.00000000
6836,156,16,0.00000000
6837,156,17,0.00000000
6838,156,18,0.00000000
6839,156,19,0.73000000
6840,156,20,0.20000000
6841,156,21,0.06100000
6842,156,22,0.00800000
6843,156,23,1.20000000
6844,156,24,0.06000000
6845,156,25,30.00000000
6846,156,26,0.00000000
6847,156,27,0.20000000
6848,156,28,0.00000000
6849,156,29,2.00000000
6850,156,30,20.00000000
6851,156,31,94.00000000
6852,156,32,2.30000000
6853,156,33,1.20000000
6854,156,34,0.79000000
6855,156,35,39.00000000
6856,156,36,35.00000000
6857,156,37,379.00000000
6858,156,38,1.30000000
6859,156,39,0.44000000
6860,156,40,10.10000000
6861,156,41,0.00000000
6862,156,42,0.00000000
6863,156,43,15.00000000
6864,156,44,0.00000000
6865,157,1,36.90000000
6866,157,2,88.80000000
6867,157,3,0.00000000
6868,157,4,1.30000000
6869,157,5,4.90000000
6870,157,6,0.00000000
6871,157,7,4.90000000
6872,157,8,0.00000000
6873,157,9,4.70000000
6874,157,10,0.30000000
6875,157,11,0.01000000
6876,157,12,0.03000000
6877,157,13,0.20000000
6878,157,14,0.00000000
6879,157,15,3.80000000
6880,157,16,0.00000000
6881,157,17,22.50000000
6882,157,18,0.00000000
6883,157,19,0.91000000
6884,157,20,10.00000000
6885,157,21,0.02300000
6886,157,22,0.05000000
6887,157,23,0.78000000
6888,157,24,0.06000000
6889,157,25,30.00000000
6890,157,26,0.00000000
6891,157,27,0.30000000
6892,157,28,1.90000000
6893,157,29,25.00000000
6894,157,30,40.00000000
6895,157,31,44.00000000
6896,157,32,1.00000000
6897,157,33,3.00000000
6898,157,34,0.36000000
6899,157,35,30.00000000
6900,157,36,1.30000000
6901,157,37,200.00000000
6902,157,38,0.38000000
6903,157,39,0.09300000
6904,157,40,1.30000000
6905,157,41,0.12000000
6906,157,42,0.00000000
6907,157,43,280.00000000
6908,157,44,0.00000000
6909,159,1,77.20000000
6910,159,2,80.40000000
6911,159,3,0.00000000
6912,159,4,0.69000000
6913,159,5,16.10000000
6914,159,6,0.00000000
6915,159,7,16.10000000
6916,159,8,0.00000000
6917,159,9,2.30000000
6918,159,10,0.60000000
6919,159,11,0.07600000
6920,159,12,0.09000000
6921,159,13,0.13000000
6922,159,14,0.00000000
6923,159,15,6.70000000
6924,159,16,0.00000000
6925,159,17,40.00000000
6926,159,18,0.00000000
6927,159,19,0.55000000
6928,159,20,4.60000000
6929,159,21,0.05000000
6930,159,22,0.02000000
6931,159,23,0.30000000
6932,159,24,0.20000000
6933,159,25,29.00000000
6934,159,26,0.00000000
6935,159,27,0.60000000
6936,159,28,0.00000000
6937,159,29,7.00000000
6938,159,30,8.00000000
6939,159,31,17.00000000
6940,159,32,0.50000000
6941,159,33,0.00000000
6942,159,34,0.23000000
6943,159,35,3.00000000
6944,159,36,2.50000000
6945,159,37,238.00000000
6946,159,38,0.13000000
6947,159,39,0.12000000
6948,159,40,0.60000000
6949,159,41,0.01000000
6950,159,42,0.00000000
6951,159,43,250.00000000
6952,159,44,0.00000000
6953,160,1,45.20000000
6954,160,2,85.60000000
6955,160,3,0.00000000
6956,160,4,1.30000000
6957,160,5,6.10000000
6958,160,6,0.00000000
6959,160,7,6.10000000
6960,160,8,0.00000000
6961,160,9,6.80000000
6962,160,10,0.22000000
6963,160,11,0.02600000
6964,160,12,0.02500000
6965,160,13,0.11000000
6966,160,14,0.00000000
6967,160,15,13.50000000
6968,160,16,0.00000000
6969,160,17,81.00000000
6970,160,18,0.00000000
6971,160,19,1.90000000
6972,160,20,30.00000000
6973,160,21,0.05100000
6974,160,22,0.04400000
6975,160,23,0.40000000
6976,160,24,0.08000000
6977,160,25,8.80000000
6978,160,26,0.00000000
6979,160,27,0.40000000
6980,160,28,2.40000000
6981,160,29,177.00000000
6982,160,30,46.00000000
6983,160,31,40.00000000
6984,160,32,1.30000000
6985,160,33,1.00000000
6986,160,34,0.25000000
6987,160,35,17.00000000
6988,160,36,1.70000000
6989,160,37,303.00000000
6990,160,38,0.35000000
6991,160,39,0.10000000
6992,160,40,1.70000000
6993,160,41,0.04000000
6994,160,42,0.00000000
6995,160,43,350.00000000
6996,160,44,0.00000000
6997,161,1,32.40000000
6998,161,2,90.40000000
6999,161,3,0.00000000
7000,161,4,1.10000000
7001,161,5,4.80000000
7002,161,6,0.00000000
7003,161,7,4.80000000
7004,161,8,0.00000000
7005,161,9,3.50000000
7006,161,10,0.20000000
7007,161,11,0.03900000
7008,161,12,0.02900000
7009,161,13,0.07300000
7010,161,14,0.00000000
7011,161,15,4.20000000
7012,161,16,0.00000000
7013,161,17,25.00000000
7014,161,18,0.00000000
7015,161,19,0.72000000
7016,161,20,11.00000000
7017,161,21,0.04000000
7018,161,22,0.03000000
7019,161,23,0.30000000
7020,161,24,0.04500000
7021,161,25,11.00000000
7022,161,26,0.00000000
7023,161,27,0.06000000
7024,161,28,2.60000000
7025,161,29,36.00000000
7026,161,30,29.00000000
7027,161,31,27.00000000
7028,161,32,0.91000000
7029,161,33,1.00000000
7030,161,34,0.24000000
7031,161,35,13.00000000
7032,161,36,1.60000000
7033,161,37,257.00000000
7034,161,38,0.24000000
7035,161,39,0.14000000
7036,161,40,1.30000000
7037,161,41,0.04000000
7038,161,42,0.00000000
7039,161,43,300.00000000
7040,161,44,0.00000000
7041,162,1,41.60000000
7042,162,2,87.60000000
7043,162,3,0.00000000
7044,162,4,0.88000000
7045,162,5,5.80000000
7046,162,6,0.00000000
7047,162,7,5.80000000
7048,162,8,0.00000000
7049,162,9,5.20000000
7050,162,10,0.50000000
7051,162,11,0.14000000
7052,162,12,0.04500000
7053,162,13,0.21000000
7054,162,14,0.00000000
7055,162,15,122.00000000
7056,162,16,0.00000000
7057,162,17,733.00000000
7058,162,18,0.00000000
7059,162,19,1.10000000
7060,162,20,2.60000000
7061,162,21,0.03000000
7062,162,22,0.04000000
7063,162,23,1.10000000
7064,162,24,0.14000000
7065,162,25,14.00000000
7066,162,26,0.00000000
7067,162,27,0.15000000
7068,162,28,0.00000000
7069,162,29,273.00000000
7070,162,30,17.00000000
7071,162,31,31.00000000
7072,162,32,0.75000000
7073,162,33,0.00000000
7074,162,34,0.56000000
7075,162,35,13.00000000
7076,162,36,4.00000000
7077,162,37,290.00000000
7078,162,38,0.10000000
7079,162,39,0.10000000
7080,162,40,0.50000000
7081,162,41,0.11000000
7082,162,42,0.00000000
7083,162,43,126.40000000
7084,162,44,0.00000000
7085,163,1,65.30000000
7086,163,2,83.30000000
7087,163,3,0.00000000
7088,163,4,1.30000000
7089,163,5,12.90000000
7090,163,6,0.00000000
7091,163,7,12.90000000
7092,163,8,0.00000000
7093,163,9,2.00000000
7094,163,10,0.50000000
7095,163,11,0.08900000
7096,163,12,0.09800000
7097,163,13,0.21000000
7098,163,14,0.00000000
7099,163,15,8.00000000
7100,163,16,0.00000000
7101,163,17,48.00000000
7102,163,18,0.00000000
7103,163,19,0.89000000
7104,163,20,4.70000000
7105,163,21,0.04600000
7106,163,22,0.05000000
7107,163,23,0.64000000
7108,163,24,0.11000000
7109,163,25,6.70000000
7110,163,26,0.00000000
7111,163,27,0.30000000
7112,163,28,0.00000000
7113,163,29,2.70000000
7114,163,30,54.00000000
7115,163,31,32.00000000
7116,163,32,0.60000000
7117,163,33,1.50000000
7118,163,34,0.24000000
7119,163,35,20.00000000
7120,163,36,1.30000000
7121,163,37,248.00000000
7122,163,38,0.04300000
7123,163,39,0.08100000
7124,163,40,1.60000000
7125,163,41,0.00000000
7126,163,42,0.00000000
7127,163,43,85.00000000
7128,163,44,0.00000000
7129,164,1,51.80000000
7130,164,2,87.00000000
7131,164,3,0.00000000
7132,164,4,1.00000000
7133,164,5,9.10000000
7134,164,6,0.00000000
7135,164,7,9.10000000
7136,164,8,0.00000000
7137,164,9,2.10000000
7138,164,10,0.80000000
7139,164,11,0.10000000
7140,164,12,0.10000000
7141,164,13,0.40000000
7142,164,14,0.00000000
7143,164,15,6.20000000
7144,164,16,0.00000000
7145,164,17,37.30000000
7146,164,18,0.00000000
7147,164,19,0.93000000
7148,164,20,3.30000000
7149,164,21,0.02000000
7150,164,22,0.04000000
7151,164,23,0.60000000
7152,164,24,0.12000000
7153,164,25,26.80000000
7154,164,26,0.00000000
7155,164,27,0.18000000
7156,164,28,0.00000000
7157,164,29,43.10000000
7158,164,30,34.10000000
7159,164,31,32.00000000
7160,164,32,0.37000000
7161,164,33,0.33000000
7162,164,34,0.16000000
7163,164,35,14.90000000
7164,164,36,4.00000000
7165,164,37,290.00000000
7166,164,38,0.10000000
7167,164,39,0.13000000
7168,164,40,0.60000000
7169,164,41,0.04000000
7170,164,42,0.00000000
7171,164,43,65.00000000
7172,164,44,0.00000000
7173,165,1,17.00000000
7174,165,2,94.60000000
7175,165,3,0.00000000
7176,165,4,0.50000000
7177,165,5,1.90000000
7178,165,6,0.00000000
7179,165,7,1.90000000
7180,165,8,0.00000000
7181,165,9,2.80000000
7182,165,10,0.20000000
7183,165,11,0.02200000
7184,165,12,0.01900000
7185,165,13,0.05500000
7186,165,14,0.00000000
7187,165,15,1.70000000
7188,165,16,0.00000000
7189,165,17,10.00000000
7190,165,18,0.00000000
7191,165,19,0.80000000
7192,165,20,0.60000000
7193,165,21,0.02100000
7194,165,22,0.02000000
7195,165,23,0.25000000
7196,165,24,0.04000000
7197,165,25,10.00000000
7198,165,26,0.00000000
7199,165,27,0.20000000
7200,165,28,0.00000000
7201,165,29,44.00000000
7202,165,30,13.00000000
7203,165,31,11.00000000
7204,165,32,0.20000000
7205,165,33,1.50000000
7206,165,34,0.11000000
7207,165,35,8.00000000
7208,165,36,2.00000000
7209,165,37,82.00000000
7210,165,38,0.00800000
7211,165,39,0.06500000
7212,165,40,0.40000000
7213,165,41,0.01000000
7214,165,42,0.00000000
7215,165,43,45.00000000
7216,165,44,0.00000000
7217,166,1,27.70000000
7218,166,2,91.20000000
7219,166,3,0.00000000
7220,166,4,0.69000000
7221,166,5,3.20000000
7222,166,6,0.00000000
7223,166,7,3.20000000
7224,166,8,0.00000000
7225,166,9,4.70000000
7226,166,10,0.30000000
7227,166,11,0.03900000
7228,166,12,0.01100000
7229,166,13,0.08900000
7230,166,14,0.00000000
7231,166,15,0.57000000
7232,166,16,0.00000000
7233,166,17,3.40000000
7234,166,18,0.00000000
7235,166,19,0.80000000
7236,166,20,0.20000000
7237,166,21,0.05100000
7238,166,22,0.02000000
7239,166,23,0.27000000
7240,166,24,0.06000000
7241,166,25,6.30000000
7242,166,26,0.00000000
7243,166,27,0.23000000
7244,166,28,0.50000000
7245,166,29,51.00000000
7246,166,30,11.00000000
7247,166,31,16.00000000
7248,166,32,0.45000000
7249,166,33,1.50000000
7250,166,34,0.11000000
7251,166,35,28.00000000
7252,166,36,1.90000000
7253,166,37,170.00000000
7254,166,38,0.04200000
7255,166,39,0.13000000
7256,166,40,1.00000000
7257,166,41,0.01000000
7258,166,42,0.00000000
7259,166,43,50.00000000
7260,166,44,0.00000000
7261,167,1,76.70000000
7262,167,2,80.40000000
7263,167,3,0.00000000
7264,167,4,0.90000000
7265,167,5,16.80000000
7266,167,6,0.00000000
7267,167,7,16.80000000
7268,167,8,0.00000000
7269,167,9,1.60000000
7270,167,10,0.30000000
7271,167,11,0.06800000
7272,167,12,0.08200000
7273,167,13,0.09400000
7274,167,14,0.00000000
7275,167,15,0.00000000
7276,167,16,0.00000000
7277,167,17,0.00000000
7278,167,18,0.00000000
7279,167,19,0.10000000
7280,167,20,0.40000000
7281,167,21,0.05000000
7282,167,22,0.05000000
7283,167,23,0.60000000
7284,167,24,0.05000000
7285,167,25,70.00000000
7286,167,26,0.00000000
7287,167,27,0.00000000
7288,167,28,0.00000000
7289,167,29,39.00000000
7290,167,30,9.30000000
7291,167,31,33.00000000
7292,167,32,0.35000000
7293,167,33,0.00000000
7294,167,34,0.21000000
7295,167,35,11.00000000
7296,167,36,2.50000000
7297,167,37,185.00000000
7298,167,38,0.10000000
7299,167,39,0.20000000
7300,167,40,0.60000000
7301,167,41,0.00000000
7302,167,42,0.00000000
7303,167,43,40.00000000
7304,167,44,0.00000000
7305,168,1,44.70000000
7306,168,2,88.20000000
7307,168,3,0.00000000
7308,168,4,0.63000000
7309,168,5,9.20000000
7310,168,6,0.00000000
7311,168,7,9.20000000
7312,168,8,0.00000000
7313,168,9,1.80000000
7314,168,10,0.20000000
7315,168,11,0.02200000
7316,168,12,0.03400000
7317,168,13,0.03700000
7318,168,14,0.00000000
7319,168,15,65.00000000
7320,168,16,0.00000000
7321,168,17,390.00000000
7322,168,18,0.00000000
7323,168,19,0.29000000
7324,168,20,0.00000000
7325,168,21,0.06000000
7326,168,22,0.03000000
7327,168,23,0.41000000
7328,168,24,0.08000000
7329,168,25,21.80000000
7330,168,26,0.00000000
7331,168,27,0.20000000
7332,168,28,0.45000000
7333,168,29,32.00000000
7334,168,30,34.50000000
7335,168,31,20.00000000
7336,168,32,0.30000000
7337,168,33,0.00000000
7338,168,34,0.09000000
7339,168,35,10.90000000
7340,168,36,1.10000000
7341,168,37,150.00000000
7342,168,38,0.03700000
7343,168,39,0.05600000
7344,168,40,2.40000000
7345,168,41,0.01000000
7346,168,42,0.00000000
7347,168,43,85.00000000
7348,168,44,0.00000000
7349,169,1,54.10000000
7350,169,2,85.90000000
7351,169,3,0.00000000
7352,169,4,0.31000000
7353,169,5,11.40000000
7354,169,6,0.60000000
7355,169,7,10.80000000
7356,169,8,0.00000000
7357,169,9,2.00000000
7358,169,10,0.36000000
7359,169,11,0.05800000
7360,169,12,0.15000000
7361,169,13,0.11000000
7362,169,14,0.00000000
7363,169,15,3.00000000
7364,169,16,0.00000000
7365,169,17,18.00000000
7366,169,18,0.00000000
7367,169,19,0.36000000
7368,169,20,3.70000000
7369,169,21,0.03500000
7370,169,22,0.03200000
7371,169,23,0.13000000
7372,169,24,0.06000000
7373,169,25,5.80000000
7374,169,26,0.00000000
7375,169,27,0.06100000
7376,169,28,1.20000000
7377,169,29,12.40000000
7378,169,30,5.50000000
7379,169,31,11.00000000
7380,169,32,0.56000000
7381,169,33,1.10000000
7382,169,34,0.13000000
7383,169,35,5.60000000
7384,169,36,1.20000000
7385,169,37,120.00000000
7386,169,38,0.04500000
7387,169,39,0.05200000
7388,169,40,1.40000000
7389,169,41,0.01000000
7390,169,42,0.00000000
7391,169,43,136.00000000
7392,169,44,0.00000000
7393,170,1,54.20000000
7394,170,2,86.30000000
7395,170,3,0.00000000
7396,170,4,2.40000000
7397,170,5,9.50000000
7398,170,6,0.00000000
7399,170,7,9.50000000
7400,170,8,0.00000000
7401,170,9,1.50000000
7402,170,10,0.40000000
7403,170,11,0.10000000
7404,170,12,0.10000000
7405,170,13,0.11000000
7406,170,14,0.00000000
7407,170,15,109.00000000
7408,170,16,0.00000000
7409,170,17,653.00000000
7410,170,18,0.00000000
7411,170,19,0.20000000
7412,170,20,0.70000000
7413,170,21,0.02000000
7414,170,22,0.10000000
7415,170,23,1.90000000
7416,170,24,0.00000000
7417,170,25,29.00000000
7418,170,26,0.00000000
7419,170,27,0.00000000
7420,170,28,0.00000000
7421,170,29,24.00000000
7422,170,30,17.00000000
7423,170,31,57.00000000
7424,170,32,1.30000000
7425,170,33,0.00000000
7426,170,34,0.65000000
7427,170,35,29.00000000
7428,170,36,19.00000000
7429,170,37,267.00000000
7430,170,38,0.46000000
7431,170,39,0.16000000
7432,170,40,0.20000000
7433,170,41,0.02000000
7434,170,42,0.00000000
7435,170,43,55.00000000
7436,170,44,0.00000000
7437,171,1,50.80000000
7438,171,2,86.60000000
7439,171,3,0.00000000
7440,171,4,1.00000000
7441,171,5,10.30000000
7442,171,6,0.00000000
7443,171,7,10.30000000
7444,171,8,0.00000000
7445,171,9,1.90000000
7446,171,10,0.20000000
7447,171,11,0.01800000
7448,171,12,0.06100000
7449,171,13,0.07900000
7450,171,14,0.00000000
7451,171,15,17.70000000
7452,171,16,0.00000000
7453,171,17,106.00000000
7454,171,18,0.00000000
7455,171,19,0.57000000
7456,171,20,2.30000000
7457,171,21,0.02000000
7458,171,22,0.04000000
7459,171,23,1.00000000
7460,171,24,0.02000000
7461,171,25,2.70000000
7462,171,26,0.00000000
7463,171,27,0.17000000
7464,171,28,1.90000000
7465,171,29,8.90000000
7466,171,30,8.00000000
7467,171,31,21.00000000
7468,171,32,0.42000000
7469,171,33,2.40000000
7470,171,34,0.09000000
7471,171,35,8.80000000
7472,171,36,1.30000000
7473,171,37,194.00000000
7474,171,38,0.10000000
7475,171,39,0.06700000
7476,171,40,1.20000000
7477,171,41,0.00000000
7478,171,42,0.00000000
7479,171,43,70.00000000
7480,171,44,0.00000000
7481,172,1,55.50000000
7482,172,2,85.90000000
7483,172,3,0.00000000
7484,172,4,0.88000000
7485,172,5,12.40000000
7486,172,6,0.00000000
7487,172,7,12.40000000
7488,172,8,0.00000000
7489,172,9,0.73000000
7490,172,10,0.10000000
7491,172,11,0.02600000
7492,172,12,0.01300000
7493,172,13,0.01500000
7494,172,14,0.00000000
7495,172,15,112.00000000
7496,172,16,0.00000000
7497,172,17,671.00000000
7498,172,18,0.00000000
7499,172,19,0.14000000
7500,172,20,0.52000000
7501,172,21,0.05000000
7502,172,22,0.01000000
7503,172,23,0.66000000
7504,172,24,0.06000000
7505,172,25,2.70000000
7506,172,26,0.00000000
7507,172,27,0.13000000
7508,172,28,0.00000000
7509,172,29,32.10000000
7510,172,30,15.60000000
7511,172,31,17.00000000
7512,172,32,0.35000000
7513,172,33,0.55000000
7514,172,34,0.29000000
7515,172,35,11.80000000
7516,172,36,17.00000000
7517,172,37,310.00000000
7518,172,38,0.04300000
7519,172,39,0.04600000
7520,172,40,0.50000000
7521,172,41,0.00000000
7522,172,42,0.00000000
7523,172,43,25.00000000
7524,172,44,0.00000000
7525,173,1,47.30000000
7526,173,2,85.80000000
7527,173,3,0.00000000
7528,173,4,0.44000000
7529,173,5,7.30000000
7530,173,6,0.00000000
7531,173,7,7.30000000
7532,173,8,0.00000000
7533,173,9,5.90000000
7534,173,10,0.50000000
7535,173,11,0.03700000
7536,173,12,0.15000000
7537,173,13,0.20000000
7538,173,14,0.00000000
7539,173,15,5.50000000
7540,173,16,0.00000000
7541,173,17,33.00000000
7542,173,18,0.00000000
7543,173,19,0.89000000
7544,173,20,0.00000000
7545,173,21,0.03000000
7546,173,22,0.03000000
7547,173,23,0.20000000
7548,173,24,0.04000000
7549,173,25,3.00000000
7550,173,26,0.00000000
7551,173,27,0.08100000
7552,173,28,0.00000000
7553,173,29,13.00000000
7554,173,30,10.00000000
7555,173,31,19.00000000
7556,173,32,0.60000000
7557,173,33,0.00000000
7558,173,34,0.20000000
7559,173,35,8.20000000
7560,173,36,2.00000000
7561,173,37,183.00000000
7562,173,38,0.02000000
7563,173,39,0.10000000
7564,173,40,0.60000000
7565,173,41,0.00000000
7566,173,42,0.00000000
7567,173,43,110.00000000
7568,173,44,0.00000000
7569,174,1,45.00000000
7570,174,2,88.40000000
7571,174,3,0.00000000
7572,174,4,1.20000000
7573,174,5,6.20000000
7574,174,6,0.00000000
7575,174,7,6.20000000
7576,174,8,0.00000000
7577,174,9,3.20000000
7578,174,10,1.00000000
7579,174,11,0.00000000
7580,174,12,0.40000000
7581,174,13,0.40000000
7582,174,14,0.00000000
7583,174,15,45.00000000
7584,174,16,0.00000000
7585,174,17,270.00000000
7586,174,18,0.00000000
7587,174,19,0.72000000
7588,174,20,10.00000000
7589,174,21,0.03000000
7590,174,22,0.04000000
7591,174,23,0.60000000
7592,174,24,0.05000000
7593,174,25,34.00000000
7594,174,26,0.00000000
7595,174,27,0.22000000
7596,174,28,0.40000000
7597,174,29,17.00000000
7598,174,30,44.00000000
7599,174,31,30.00000000
7600,174,32,0.90000000
7601,174,33,0.40000000
7602,174,34,0.19000000
7603,174,35,30.00000000
7604,174,36,2.40000000
7605,174,37,190.00000000
7606,174,38,0.89000000
7607,174,39,0.11000000
7608,174,40,0.00000000
7609,174,41,0.08000000
7610,174,42,0.00000000
7611,174,43,320.00000000
7612,174,44,0.00000000
7613,175,1,45.50000000
7614,175,2,87.70000000
7615,175,3,0.00000000
7616,175,4,0.87000000
7617,175,5,8.90000000
7618,175,6,0.00000000
7619,175,7,8.90000000
7620,175,8,0.00000000
7621,175,9,2.30000000
7622,175,10,0.20000000
7623,175,11,0.02800000
7624,175,12,0.05500000
7625,175,13,0.07600000
7626,175,14,0.00000000
7627,175,15,33.50000000
7628,175,16,0.00000000
7629,175,17,201.00000000
7630,175,18,0.00000000
7631,175,19,0.81000000
7632,175,20,3.80000000
7633,175,21,0.08000000
7634,175,22,0.04000000
7635,175,23,0.48000000
7636,175,24,0.06000000
7637,175,25,38.70000000
7638,175,26,0.00000000
7639,175,27,0.37000000
7640,175,28,1.00000000
7641,175,29,50.60000000
7642,175,30,41.00000000
7643,175,31,20.00000000
7644,175,32,0.49000000
7645,175,33,2.10000000
7646,175,34,0.15000000
7647,175,35,15.20000000
7648,175,36,1.40000000
7649,175,37,165.00000000
7650,175,38,0.03500000
7651,175,39,0.05300000
7652,175,40,1.20000000
7653,175,41,0.01000000
7654,175,42,0.00000000
7655,175,43,85.00000000
7656,175,44,0.00000000
7657,176,1,49.70000000
7658,176,2,86.60000000
7659,176,3,0.00000000
7660,176,4,0.90000000
7661,176,5,10.20000000
7662,176,6,0.00000000
7663,176,7,10.20000000
7664,176,8,0.00000000
7665,176,9,2.20000000
7666,176,10,0.10000000
7667,176,11,0.01100000
7668,176,12,0.03300000
7669,176,13,0.04900000
7670,176,14,0.00000000
7671,176,15,8.70000000
7672,176,16,0.00000000
7673,176,17,52.00000000
7674,176,18,0.00000000
7675,176,19,0.50000000
7676,176,20,3.00000000
7677,176,21,0.02000000
7678,176,22,0.04000000
7679,176,23,0.80000000
7680,176,24,0.03000000
7681,176,25,9.00000000
7682,176,26,0.00000000
7683,176,27,0.16000000
7684,176,28,0.20000000
7685,176,29,37.00000000
7686,176,30,7.00000000
7687,176,31,22.00000000
7688,176,32,0.40000000
7689,176,33,3.00000000
7690,176,34,0.10000000
7691,176,35,10.00000000
7692,176,36,1.00000000
7693,176,37,170.00000000
7694,176,38,0.10000000
7695,176,39,0.06000000
7696,176,40,1.00000000
7697,176,41,0.00000000
7698,176,42,0.00000000
7699,176,43,65.00000000
7700,176,44,0.00000000
7701,177,1,42.60000000
7702,177,2,88.60000000
7703,177,3,0.00000000
7704,177,4,0.56000000
7705,177,5,8.60000000
7706,177,6,0.00000000
7707,177,7,8.60000000
7708,177,8,0.00000000
7709,177,9,2.10000000
7710,177,10,0.20000000
7711,177,11,0.04300000
7712,177,12,0.00900000
7713,177,13,0.10000000
7714,177,14,0.00000000
7715,177,15,133.00000000
7716,177,16,0.00000000
7717,177,17,800.00000000
7718,177,18,0.00000000
7719,177,19,0.89000000
7720,177,20,3.30000000
7721,177,21,0.02000000
7722,177,22,0.03000000
7723,177,23,0.35000000
7724,177,24,0.02000000
7725,177,25,23.00000000
7726,177,26,0.00000000
7727,177,27,0.27000000
7728,177,28,0.00000000
7729,177,29,4.00000000
7730,177,30,19.00000000
7731,177,31,23.00000000
7732,177,32,0.30000000
7733,177,33,1.00000000
7734,177,34,0.05000000
7735,177,35,10.00000000
7736,177,36,4.00000000
7737,177,37,263.00000000
7738,177,38,0.15000000
7739,177,39,0.04000000
7740,177,40,0.50000000
7741,177,41,0.01000000
7742,177,42,0.00000000
7743,177,43,50.00000000
7744,177,44,0.00000000
7745,178,1,35.00000000
7746,178,2,90.40000000
7747,178,3,0.00000000
7748,178,4,0.50000000
7749,178,5,7.10000000
7750,178,6,0.00000000
7751,178,7,7.10000000
7752,178,8,0.00000000
7753,178,9,1.90000000
7754,178,10,0.09000000
7755,178,11,0.02700000
7756,178,12,0.02500000
7757,178,13,0.02000000
7758,178,14,0.00000000
7759,178,15,153.00000000
7760,178,16,0.00000000
7761,178,17,915.00000000
7762,178,18,0.00000000
7763,178,19,1.10000000
7764,178,20,2.60000000
7765,178,21,0.03000000
7766,178,22,0.03900000
7767,178,23,0.41000000
7768,178,24,0.03000000
7769,178,25,38.00000000
7770,178,26,0.00000000
7771,178,27,0.22000000
7772,178,28,0.00000000
7773,178,29,80.00000000
7774,178,30,21.00000000
7775,178,31,13.00000000
7776,178,32,0.42000000
7777,178,33,1.00000000
7778,178,34,0.16000000
7779,178,35,11.00000000
7780,178,36,3.00000000
7781,178,37,200.00000000
7782,178,38,0.02300000
7783,178,39,0.03200000
7784,178,40,0.60000000
7785,178,41,0.01000000
7786,178,42,0.00000000
7787,178,43,45.00000000
7788,178,44,0.00000000
7789,179,1,49.40000000
7790,179,2,86.70000000
7791,179,3,0.00000000
7792,179,4,0.43000000
7793,179,5,10.60000000
7794,179,6,0.00000000
7795,179,7,10.60000000
7796,179,8,0.00000000
7797,179,9,2.20000000
7798,179,10,0.10000000
7799,179,11,0.01400000
7800,179,12,0.02200000
7801,179,13,0.04400000
7802,179,14,0.00000000
7803,179,15,2.70000000
7804,179,16,0.00000000
7805,179,17,16.20000000
7806,179,18,0.00000000
7807,179,19,0.89000000
7808,179,20,4.90000000
7809,179,21,0.02000000
7810,179,22,0.03000000
7811,179,23,0.20000000
7812,179,24,0.02000000
7813,179,25,3.00000000
7814,179,26,0.00000000
7815,179,27,0.06200000
7816,179,28,0.10000000
7817,179,29,5.20000000
7818,179,30,9.60000000
7819,179,31,13.00000000
7820,179,32,0.30000000
7821,179,33,2.10000000
7822,179,34,0.23000000
7823,179,35,8.40000000
7824,179,36,2.10000000
7825,179,37,116.00000000
7826,179,38,0.05900000
7827,179,39,0.07700000
7828,179,40,0.59000000
7829,179,41,0.01000000
7830,179,42,0.00000000
7831,179,43,65.00000000
7832,179,44,0.00000000
7833,180,1,50.80000000
7834,180,2,86.90000000
7835,180,3,0.00000000
7836,180,4,0.44000000
7837,180,5,10.40000000
7838,180,6,0.00000000
7839,180,7,10.40000000
7840,180,8,0.00000000
7841,180,9,1.90000000
7842,180,10,0.40000000
7843,180,11,0.00000000
7844,180,12,0.10000000
7845,180,13,0.10000000
7846,180,14,0.00000000
7847,180,15,6.10000000
7848,180,16,0.00000000
7849,180,17,36.80000000
7850,180,18,0.00000000
7851,180,19,0.13000000
7852,180,20,0.10000000
7853,180,21,0.08000000
7854,180,22,0.03000000
7855,180,23,0.39000000
7856,180,24,0.07600000
7857,180,25,5.00000000
7858,180,26,0.00000000
7859,180,27,0.16000000
7860,180,28,0.30000000
7861,180,29,15.00000000
7862,180,30,14.50000000
7863,180,31,10.00000000
7864,180,32,0.41000000
7865,180,33,4.30000000
7866,180,34,0.13000000
7867,180,35,16.90000000
7868,180,36,2.10000000
7869,180,37,175.00000000
7870,180,38,0.32000000
7871,180,39,0.06100000
7872,180,40,0.55000000
7873,180,41,0.02000000
7874,180,42,0.00000000
7875,180,43,45.00000000
7876,180,44,0.00000000
7877,181,1,95.20000000
7878,181,2,75.30000000
7879,181,3,0.00000000
7880,181,4,1.10000000
7881,181,5,20.80000000
7882,181,6,3.20000000
7883,181,7,17.60000000
7884,181,8,0.00000000
7885,181,9,2.60000000
7886,181,10,0.27000000
7887,181,11,0.12000000
7888,181,12,0.04000000
7889,181,13,0.09000000
7890,181,14,0.00000000
7891,181,15,38.00000000
7892,181,16,0.00000000
7893,181,17,228.00000000
7894,181,18,0.00000000
7895,181,19,0.23000000
7896,181,20,0.26000000
7897,181,21,0.05000000
7898,181,22,0.07000000
7899,181,23,0.98000000
7900,181,24,0.36000000
7901,181,25,20.00000000
7902,181,26,0.00000000
7903,181,27,0.23000000
7904,181,28,2.60000000
7905,181,29,11.50000000
7906,181,30,7.30000000
7907,181,31,23.00000000
7908,181,32,0.59000000
7909,181,33,2.40000000
7910,181,34,0.21000000
7911,181,35,36.40000000
7912,181,36,1.00000000
7913,181,37,370.00000000
7914,181,38,0.29000000
7915,181,39,0.11000000
7916,181,40,1.40000000
7917,181,41,0.03000000
7918,181,42,0.00000000
7919,181,43,20.00000000
7920,181,44,0.00000000
7921,182,1,141.00000000
7922,182,2,64.10000000
7923,182,3,0.00000000
7924,182,4,1.30000000
7925,182,5,31.90000000
7926,182,6,16.90000000
7927,182,7,15.00000000
7928,182,8,0.00000000
7929,182,9,2.30000000
7930,182,10,0.37000000
7931,182,11,0.14000000
7932,182,12,0.03200000
7933,182,13,0.06900000
7934,182,14,0.00000000
7935,182,15,149.00000000
7936,182,16,0.00000000
7937,182,17,895.00000000
7938,182,18,0.00000000
7939,182,19,0.14000000
7940,182,20,0.00000000
7941,182,21,0.05200000
7942,182,22,0.05400000
7943,182,23,0.69000000
7944,182,24,0.30000000
7945,182,25,22.00000000
7946,182,26,0.00000000
7947,182,27,0.00000000
7948,182,28,0.00000000
7949,182,29,18.40000000
7950,182,30,3.00000000
7951,182,31,34.00000000
7952,182,32,0.60000000
7953,182,33,0.00000000
7954,182,34,0.14000000
7955,182,35,37.00000000
7956,182,36,4.00000000
7957,182,37,499.00000000
7958,182,38,0.00000000
7959,182,39,0.00000000
7960,182,40,1.50000000
7961,182,41,0.03000000
7962,182,42,0.00000000
7963,182,43,25.00000000
7964,182,44,0.00000000
7965,183,1,36.70000000
7966,183,2,90.20000000
7967,183,3,0.00000000
7968,183,4,0.63000000
7969,183,5,7.40000000
7970,183,6,0.00000000
7971,183,7,7.40000000
7972,183,8,0.00000000
7973,183,9,1.60000000
7974,183,10,0.15000000
7975,183,11,0.03500000
7976,183,12,0.02900000
7977,183,13,0.05600000
7978,183,14,0.00000000
7979,183,15,219.00000000
7980,183,16,0.00000000
7981,183,17,1313.00000000
7982,183,18,0.00000000
7983,183,19,0.30000000
7984,183,20,0.00000000
7985,183,21,0.04800000
7986,183,22,0.02400000
7987,183,23,0.37000000
7988,183,24,0.03000000
7989,183,25,14.00000000
7990,183,26,0.00000000
7991,183,27,0.27000000
7992,183,28,0.35000000
7993,183,29,36.00000000
7994,183,30,23.00000000
7995,183,31,16.00000000
7996,183,32,0.17000000
7997,183,33,1.30000000
7998,183,34,0.06600000
7999,183,35,9.60000000
8000,183,36,1.10000000
8001,183,37,148.00000000
8002,183,38,0.02600000
8003,183,39,0.03700000
8004,183,40,1.00000000
8005,183,41,0.01000000
8006,183,42,0.00000000
8007,183,43,70.00000000
8008,183,44,0.00000000
8009,184,1,28.40000000
8010,184,2,93.10000000
8011,184,3,0.00000000
8012,184,4,0.63000000
8013,184,5,5.60000000
8014,184,6,0.00000000
8015,184,7,5.60000000
8016,184,8,0.00000000
8017,184,9,0.40000000
8018,184,10,0.30000000
8019,184,11,0.10000000
8020,184,12,0.00000000
8021,184,13,0.10000000
8022,184,14,0.00000000
8023,184,15,35.40000000
8024,184,16,0.00000000
8025,184,17,212.00000000
8026,184,18,0.00000000
8027,184,19,0.11000000
8028,184,20,0.20000000
8029,184,21,0.03000000
8030,184,22,0.03000000
8031,184,23,0.24000000
8032,184,24,0.07000000
8033,184,25,4.60000000
8034,184,26,0.00000000
8035,184,27,0.21000000
8036,184,28,1.00000000
8037,184,29,6.30000000
8038,184,30,6.70000000
8039,184,31,9.00000000
8040,184,32,0.29000000
8041,184,33,1.50000000
8042,184,34,0.19000000
8043,184,35,9.20000000
8044,184,36,2.00000000
8045,184,37,100.00000000
8046,184,38,0.03500000
8047,184,39,0.02900000
8048,184,40,0.40000000
8049,184,41,0.00000000
8050,184,42,0.00000000
8051,184,43,20.00000000
8052,184,44,0.00000000
8053,185,1,277.00000000
8054,185,2,29.00000000
8055,185,3,0.00000000
8056,185,4,2.80000000
8057,185,5,62.50000000
8058,185,6,5.10000000
8059,185,7,57.40000000
8060,185,8,0.00000000
8061,185,9,5.10000000
8062,185,10,0.60000000
8063,185,11,0.27000000
8064,185,12,0.18000000
8065,185,13,0.06000000
8066,185,14,0.00000000
8067,185,15,2.00000000
8068,185,16,0.00000000
8069,185,17,12.00000000
8070,185,18,0.00000000
8071,185,19,0.10000000
8072,185,20,0.00000000
8073,185,21,0.43000000
8074,185,22,0.15000000
8075,185,23,1.90000000
8076,185,24,0.07000000
8077,185,25,14.00000000
8078,185,26,0.00000000
8079,185,27,0.00000000
8080,185,28,0.00000000
8081,185,29,3.50000000
8082,185,30,74.00000000
8083,185,31,113.00000000
8084,185,32,2.80000000
8085,185,33,0.00000000
8086,185,34,0.10000000
8087,185,35,92.00000000
8088,185,36,28.00000000
8089,185,37,628.00000000
8090,185,38,0.00000000
8091,185,39,0.00000000
8092,185,40,1.30000000
8093,185,41,0.00000000
8094,185,42,0.00000000
8095,185,43,45.00000000
8096,185,44,0.00000000
8097,186,1,70.30000000
8098,186,2,82.20000000
8099,186,3,0.00000000
8100,186,4,0.72000000
8101,186,5,16.10000000
8102,186,6,0.00000000
8103,186,7,16.10000000
8104,186,8,0.00000000
8105,186,9,0.80000000
8106,186,10,0.16000000
8107,186,11,0.05400000
8108,186,12,0.00700000
8109,186,13,0.04800000
8110,186,14,0.00000000
8111,186,15,6.60000000
8112,186,16,0.00000000
8113,186,17,39.50000000
8114,186,18,0.00000000
8115,186,19,0.94000000
8116,186,20,14.60000000
8117,186,21,0.05000000
8118,186,22,0.03000000
8119,186,23,0.37000000
8120,186,24,0.11000000
8121,186,25,20.00000000
8122,186,26,0.00000000
8123,186,27,0.05000000
8124,186,28,0.00000000
8125,186,29,3.00000000
8126,186,30,17.00000000
8127,186,31,22.00000000
8128,186,32,0.60000000
8129,186,33,2.00000000
8130,186,34,0.20000000
8131,186,35,10.00000000
8132,186,36,2.00000000
8133,186,37,250.00000000
8134,186,38,0.07000000
8135,186,39,0.13000000
8136,186,40,0.10000000
8137,186,41,0.01000000
8138,186,42,0.00000000
8139,186,43,140.00000000
8140,186,44,0.00000000
8141,187,1,67.10000000
8142,187,2,83.20000000
8143,187,3,0.00000000
8144,187,4,0.72000000
8145,187,5,15.50000000
8146,187,6,0.00000000
8147,187,7,15.50000000
8148,187,8,0.00000000
8149,187,9,0.40000000
8150,187,10,0.16000000
8151,187,11,0.05400000
8152,187,12,0.00700000
8153,187,13,0.04800000
8154,187,14,0.00000000
8155,187,15,6.60000000
8156,187,16,0.00000000
8157,187,17,39.50000000
8158,187,18,0.00000000
8159,187,19,0.70000000
8160,187,20,14.60000000
8161,187,21,0.04000000
8162,187,22,0.02000000
8163,187,23,0.37000000
8164,187,24,0.16000000
8165,187,25,27.00000000
8166,187,26,0.00000000
8167,187,27,0.05000000
8168,187,28,0.00000000
8169,187,29,4.00000000
8170,187,30,4.00000000
8171,187,31,16.00000000
8172,187,32,0.30000000
8173,187,33,2.00000000
8174,187,34,0.60000000
8175,187,35,4.00000000
8176,187,36,2.00000000
8177,187,37,320.00000000
8178,187,38,0.07000000
8179,187,39,0.13000000
8180,187,40,0.10000000
8181,187,41,0.01000000
8182,187,42,0.00000000
8183,187,43,184.90000000
8184,187,44,0.00000000
8185,188,1,610.00000000
8186,188,2,5.70000000
8187,188,3,0.00000000
8188,188,4,18.70000000
8189,188,5,5.40000000
8190,188,6,2.10000000
8191,188,7,3.30000000
8192,188,8,0.00000000
8193,188,9,13.50000000
8194,188,10,54.10000000
8195,188,11,4.10000000
8196,188,12,33.10000000
8197,188,13,12.90000000
8198,188,14,0.00000000
8199,188,15,20.00000000
8200,188,16,0.00000000
8201,188,17,120.00000000
8202,188,18,0.00000000
8203,188,19,26.20000000
8204,188,20,3.00000000
8205,188,21,0.22000000
8206,188,22,0.62000000
8207,188,23,5.50000000
8208,188,24,0.16000000
8209,188,25,45.00000000
8210,188,26,0.00000000
8211,188,27,0.44000000
8212,188,28,64.00000000
8213,188,29,0.00000000
8214,188,30,252.00000000
8215,188,31,454.00000000
8216,188,32,4.10000000
8217,188,33,2.00000000
8218,188,34,3.20000000
8219,188,35,270.00000000
8220,188,36,14.00000000
8221,188,37,835.00000000
8222,188,38,1.90000000
8223,188,39,0.85000000
8224,188,40,3.50000000
8225,188,41,0.01000000
8226,188,42,0.00000000
8227,188,43,150.00000000
8228,188,44,0.00000000
8229,189,1,661.00000000
8230,189,2,5.30000000
8231,189,3,0.00000000
8232,189,4,12.00000000
8233,189,5,10.50000000
8234,189,6,3.40000000
8235,189,7,7.10000000
8236,189,8,0.00000000
8237,189,9,8.20000000
8238,189,10,61.60000000
8239,189,11,4.10000000
8240,189,12,45.90000000
8241,189,13,8.60000000
8242,189,14,0.00000000
8243,189,15,4.80000000
8244,189,16,0.00000000
8245,189,17,29.00000000
8246,189,18,0.00000000
8247,189,19,26.20000000
8248,189,20,9.00000000
8249,189,21,0.39000000
8250,189,22,0.21000000
8251,189,23,3.80000000
8252,189,24,0.59000000
8253,189,25,71.00000000
8254,189,26,0.00000000
8255,189,27,1.20000000
8256,189,28,76.00000000
8257,189,29,3.00000000
8258,189,30,226.00000000
8259,189,31,333.00000000
8260,189,32,3.80000000
8261,189,33,1.50000000
8262,189,34,2.10000000
8263,189,35,156.00000000
8264,189,36,6.00000000
8265,189,37,636.00000000
8266,189,38,5.70000000
8267,189,39,1.30000000
8268,189,40,4.50000000
8269,189,41,0.02000000
8270,189,42,0.00000000
8271,189,43,290.00000000
8272,189,44,0.00000000
8273,190,1,661.00000000
8274,190,2,5.30000000
8275,190,3,0.00000000
8276,190,4,12.00000000
8277,190,5,10.50000000
8278,190,6,3.40000000
8279,190,7,7.10000000
8280,190,8,0.00000000
8281,190,9,8.20000000
8282,190,10,61.60000000
8283,190,11,4.10000000
8284,190,12,45.90000000
8285,190,13,8.60000000
8286,190,14,0.00000000
8287,190,15,4.80000000
8288,190,16,0.00000000
8289,190,17,29.00000000
8290,190,18,0.00000000
8291,190,19,26.20000000
8292,190,20,9.00000000
8293,190,21,0.39000000
8294,190,22,0.21000000
8295,190,23,3.80000000
8296,190,24,0.59000000
8297,190,25,71.00000000
8298,190,26,0.00000000
8299,190,27,1.20000000
8300,190,28,76.00000000
8301,190,29,3.00000000
8302,190,30,226.00000000
8303,190,31,333.00000000
8304,190,32,3.80000000
8305,190,33,1.50000000
8306,190,34,2.10000000
8307,190,35,156.00000000
8308,190,36,6.00000000
8309,190,37,636.00000000
8310,190,38,5.70000000
8311,190,39,1.30000000
8312,190,40,4.50000000
8313,190,41,0.02000000
8314,190,42,0.00000000
8315,190,43,290.00000000
8316,190,44,0.00000000
8317,191,1,563.00000000
8318,191,2,10.80000000
8319,191,3,0.00000000
8320,191,4,25.20000000
8321,191,5,7.90000000
8322,191,6,3.90000000
8323,191,7,4.00000000
8324,191,8,0.00000000
8325,191,9,8.10000000
8326,191,10,46.00000000
8327,191,11,8.70000000
8328,191,12,22.00000000
8329,191,13,13.20000000
8330,191,14,0.00000000
8331,191,15,0.33000000
8332,191,16,0.00000000
8333,191,17,2.00000000
8334,191,18,0.00000000
8335,191,19,10.90000000
8336,191,20,2.00000000
8337,191,21,0.90000000
8338,191,22,0.16000000
8339,191,23,18.40000000
8340,191,24,0.44000000
8341,191,25,110.00000000
8342,191,26,0.00000000
8343,191,27,2.70000000
8344,191,28,3.40000000
8345,191,29,0.00000000
8346,191,30,60.00000000
8347,191,31,430.00000000
8348,191,32,2.50000000
8349,191,33,13.00000000
8350,191,34,3.50000000
8351,191,35,210.00000000
8352,191,36,2.00000000
8353,191,37,670.00000000
8354,191,38,1.60000000
8355,191,39,0.76000000
8356,191,40,7.20000000
8357,191,41,0.00000000
8358,191,42,0.00000000
8359,191,43,60.00000000
8360,191,44,0.00000000
8361,192,1,627.00000000
8362,192,2,1.70000000
8363,192,3,0.00000000
8364,192,4,24.50000000
8365,192,5,8.90000000
8366,192,6,4.00000000
8367,192,7,4.90000000
8368,192,8,0.00000000
8369,192,9,8.40000000
8370,192,10,53.00000000
8371,192,11,9.50000000
8372,192,12,24.20000000
8373,192,13,16.50000000
8374,192,14,0.00000000
8375,192,15,0.00000000
8376,192,16,0.00000000
8377,192,17,0.00000000
8378,192,18,0.00000000
8379,192,19,7.40000000
8380,192,20,26.00000000
8381,192,21,0.18000000
8382,192,22,0.10000000
8383,192,23,17.50000000
8384,192,24,0.30000000
8385,192,25,52.00000000
8386,192,26,0.00000000
8387,192,27,1.70000000
8388,192,28,107.00000000
8389,192,29,0.00000000
8390,192,30,37.00000000
8391,192,31,410.00000000
8392,192,32,1.30000000
8393,192,33,19.00000000
8394,192,34,2.90000000
8395,192,35,180.00000000
8396,192,36,400.00000000
8397,192,37,810.00000000
8398,192,38,119.00000000
8399,192,39,0.54000000
8400,192,40,4.00000000
8401,192,41,0.00000000
8402,192,42,0.00000000
8403,192,43,40.00000000
8404,192,44,0.00000000
8405,193,1,563.00000000
8406,193,2,10.60000000
8407,193,3,0.00000000
8408,193,4,25.20000000
8409,193,5,7.90000000
8410,193,6,3.90000000
8411,193,7,4.00000000
8412,193,8,0.00000000
8413,193,9,8.10000000
8414,193,10,46.00000000
8415,193,11,8.70000000
8416,193,12,22.00000000
8417,193,13,13.20000000
8418,193,14,0.00000000
8419,193,15,0.33000000
8420,193,16,0.00000000
8421,193,17,2.00000000
8422,193,18,0.00000000
8423,193,19,10.90000000
8424,193,20,26.00000000
8425,193,21,0.90000000
8426,193,22,0.16000000
8427,193,23,18.40000000
8428,193,24,0.44000000
8429,193,25,110.00000000
8430,193,26,0.00000000
8431,193,27,2.70000000
8432,193,28,3.40000000
8433,193,29,0.00000000
8434,193,30,60.00000000
8435,193,31,430.00000000
8436,193,32,2.50000000
8437,193,33,13.00000000
8438,193,34,3.50000000
8439,193,35,210.00000000
8440,193,36,2.00000000
8441,193,37,670.00000000
8442,193,38,1.60000000
8443,193,39,0.76000000
8444,193,40,7.20000000
8445,193,41,0.00000000
8446,193,42,0.00000000
8447,193,43,60.00000000
8448,193,44,0.00000000
8449,194,1,190.00000000
8450,194,2,52.00000000
8451,194,3,0.00000000
8452,194,4,2.70000000
8453,194,5,36.50000000
8454,194,6,24.20000000
8455,194,7,12.30000000
8456,194,8,0.00000000
8457,194,9,6.70000000
8458,194,10,2.20000000
8459,194,11,0.40000000
8460,194,12,0.60000000
8461,194,13,0.60000000
8462,194,14,0.00000000
8463,194,15,4.00000000
8464,194,16,0.00000000
8465,194,17,24.00000000
8466,194,18,0.00000000
8467,194,19,1.20000000
8468,194,20,11.20000000
8469,194,21,0.18000000
8470,194,22,0.23000000
8471,194,23,0.95000000
8472,194,24,0.32000000
8473,194,25,12.40000000
8474,194,26,0.00000000
8475,194,27,0.49000000
8476,194,28,1.50000000
8477,194,29,17.20000000
8478,194,30,36.50000000
8479,194,31,74.00000000
8480,194,32,1.60000000
8481,194,33,0.02000000
8482,194,34,2.40000000
8483,194,35,34.30000000
8484,194,36,11.00000000
8485,194,37,500.00000000
8486,194,38,0.50000000
8487,194,39,0.23000000
8488,194,40,1.80000000
8489,194,41,0.02000000
8490,194,42,0.00000000
8491,194,43,85.00000000
8492,194,44,0.00000000
8493,195,1,744.00000000
8494,195,2,6.20000000
8495,195,3,0.00000000
8496,195,4,7.90000000
8497,195,5,4.80000000
8498,195,6,0.80000000
8499,195,7,4.00000000
8500,195,8,0.00000000
8501,195,9,5.30000000
8502,195,10,75.80000000
8503,195,11,6.40000000
8504,195,12,9.20000000
8505,195,13,40.20000000
8506,195,14,0.00000000
8507,195,15,0.00000000
8508,195,16,0.00000000
8509,195,17,0.00000000
8510,195,18,0.00000000
8511,195,19,1.50000000
8512,195,20,0.00000000
8513,195,21,0.28000000
8514,195,22,0.06000000
8515,195,23,1.60000000
8516,195,24,0.28000000
8517,195,25,0.00000000
8518,195,26,0.00000000
8519,195,27,0.00000000
8520,195,28,0.00000000
8521,195,29,1.20000000
8522,195,30,47.00000000
8523,195,31,200.00000000
8524,195,32,1.60000000
8525,195,33,0.00000000
8526,195,34,1.10000000
8527,195,35,100.00000000
8528,195,36,280.00000000
8529,195,37,300.00000000
8530,195,38,0.00000000
8531,195,39,0.00000000
8532,195,40,7.00000000
8533,195,41,0.06000000
8534,195,42,0.00000000
8535,195,43,45.00000000
8536,195,44,0.00000000
8537,196,1,732.00000000
8538,196,2,2.90000000
8539,196,3,0.00000000
8540,196,4,9.30000000
8541,196,5,2.90000000
8542,196,6,0.31000000
8543,196,7,2.60000000
8544,196,8,0.00000000
8545,196,9,9.50000000
8546,196,10,73.80000000
8547,196,11,6.80000000
8548,196,12,41.70000000
8549,196,13,21.80000000
8550,196,14,0.00000000
8551,196,15,0.90000000
8552,196,16,4.80000000
8553,196,17,0.00000000
8554,196,18,29.00000000
8555,196,19,0.00000000
8556,196,20,0.00000000
8557,196,21,0.53000000
8558,196,22,0.12000000
8559,196,23,1.20000000
8560,196,24,0.20000000
8561,196,25,17.70000000
8562,196,26,0.00000000
8563,196,27,0.00000000
8564,196,28,0.00000000
8565,196,29,0.00000000
8566,196,30,69.70000000
8567,196,31,278.00000000
8568,196,32,2.60000000
8569,196,33,2.00000000
8570,196,34,4.70000000
8571,196,35,125.00000000
8572,196,36,0.67000000
8573,196,37,409.00000000
8574,196,38,0.00000000
8575,196,39,0.00000000
8576,196,40,5.20000000
8577,196,41,0.28000000
8578,196,42,0.00000000
8579,196,43,500.00000000
8580,196,44,0.00000000
8581,197,1,649.00000000
8582,197,2,12.90000000
8583,197,3,0.00000000
8584,197,4,14.40000000
8585,197,5,4.40000000
8586,197,6,0.24000000
8587,197,7,1.20000000
8588,197,8,0.00000000
8589,197,9,5.80000000
8590,197,10,62.50000000
8591,197,11,6.80000000
8592,197,12,10.90000000
8593,197,13,41.70000000
8594,197,14,0.00000000
8595,197,15,4.50000000
8596,197,16,0.00000000
8597,197,17,27.20000000
8598,197,18,0.00000000
8599,197,19,3.50000000
8600,197,20,2.00000000
8601,197,21,0.34000000
8602,197,22,0.12000000
8603,197,23,3.60000000
8604,197,24,0.87000000
8605,197,25,77.00000000
8606,197,26,0.00000000
8607,197,27,1.40000000
8608,197,28,19.00000000
8609,197,29,2.60000000
8610,197,30,87.10000000
8611,197,31,409.00000000
8612,197,32,2.80000000
8613,197,33,2.10000000
8614,197,34,2.70000000
8615,197,35,121.00000000
8616,197,36,2.40000000
8617,197,37,544.00000000
8618,197,38,2.00000000
8619,197,39,0.88000000
8620,197,40,5.50000000
8621,197,41,9.08000000
8622,197,42,0.00000000
8623,197,43,1500.00000000
8624,197,44,0.00000000
8625,198,1,649.00000000
8626,198,2,12.90000000
8627,198,3,0.00000000
8628,198,4,14.40000000
8629,198,5,4.40000000
8630,198,6,0.24000000
8631,198,7,1.20000000
8632,198,8,0.00000000
8633,198,9,5.80000000
8634,198,10,62.50000000
8635,198,11,6.80000000
8636,198,12,10.90000000
8637,198,13,41.70000000
8638,198,14,0.00000000
8639,198,15,4.50000000
8640,198,16,0.00000000
8641,198,17,27.20000000
8642,198,18,0.00000000
8643,198,19,3.50000000
8644,198,20,2.00000000
8645,198,21,0.34000000
8646,198,22,0.12000000
8647,198,23,3.60000000
8648,198,24,0.87000000
8649,198,25,77.00000000
8650,198,26,0.00000000
8651,198,27,1.40000000
8652,198,28,19.00000000
8653,198,29,2.60000000
8654,198,30,87.10000000
8655,198,31,409.00000000
8656,198,32,2.80000000
8657,198,33,2.10000000
8658,198,34,2.70000000
8659,198,35,121.00000000
8660,198,36,2.40000000
8661,198,37,544.00000000
8662,198,38,2.00000000
8663,198,39,0.88000000
8664,198,40,5.50000000
8665,198,41,9.08000000
8666,198,42,0.00000000
8667,198,43,1500.00000000
8668,198,44,0.00000000
8669,199,1,640.00000000
8670,199,2,0.90000000
8671,199,3,0.00000000
8672,199,4,17.30000000
8673,199,5,9.10000000
8674,199,6,8.40000000
8675,199,7,0.74000000
8676,199,8,0.00000000
8677,199,9,11.50000000
8678,199,10,56.80000000
8679,199,11,6.00000000
8680,199,12,10.80000000
8681,199,13,37.50000000
8682,199,14,0.00000000
8683,199,15,0.00000000
8684,199,16,0.00000000
8685,199,17,0.00000000
8686,199,18,0.00000000
8687,199,19,37.80000000
8688,199,20,2.70000000
8689,199,21,0.33000000
8690,199,22,0.29000000
8691,199,23,8.20000000
8692,199,24,0.81000000
8693,199,25,238.00000000
8694,199,26,0.00000000
8695,199,27,7.10000000
8696,199,28,0.00000000
8697,199,29,1.40000000
8698,199,30,57.00000000
8699,199,31,1158.00000000
8700,199,32,6.80000000
8701,199,33,0.00000000
8702,199,34,5.30000000
8703,199,35,129.00000000
8704,199,36,613.00000000
8705,199,37,491.00000000
8706,199,38,2.10000000
8707,199,39,1.80000000
8708,199,40,62.20000000
8709,199,41,0.02000000
8710,199,42,0.00000000
8711,199,43,80.00000000
8712,199,44,0.00000000
8713,200,1,652.00000000
8714,200,2,2.20000000
8715,200,3,0.00000000
8716,200,4,17.30000000
8717,200,5,12.20000000
8718,200,6,9.30000000
8719,200,7,2.90000000
8720,200,8,0.00000000
8721,200,9,11.50000000
8722,200,10,56.80000000
8723,200,11,6.00000000
8724,200,12,10.80000000
8725,200,13,37.50000000
8726,200,14,0.00000000
8727,200,15,0.00000000
8728,200,16,0.00000000
8729,200,17,0.00000000
8730,200,18,0.00000000
8731,200,19,37.80000000
8732,200,20,2.70000000
8733,200,21,0.33000000
8734,200,22,0.29000000
8735,200,23,8.20000000
8736,200,24,0.81000000
8737,200,25,238.00000000
8738,200,26,0.00000000
8739,200,27,7.10000000
8740,200,28,0.00000000
8741,200,29,1.40000000
8742,200,30,57.00000000
8743,200,31,1158.00000000
8744,200,32,6.80000000
8745,200,33,0.00000000
8746,200,34,5.30000000
8747,200,35,129.00000000
8748,200,36,3.00000000
8749,200,37,491.00000000
8750,200,38,2.10000000
8751,200,39,1.80000000
8752,200,40,62.20000000
8753,200,41,0.02000000
8754,200,42,0.00000000
8755,200,43,95.00000000
8756,200,44,0.00000000
8757,201,1,635.00000000
8758,201,2,0.00000000
8759,201,3,0.00000000
8760,201,4,29.90000000
8761,201,5,14.70000000
8762,201,6,13.40000000
8763,201,7,1.30000000
8764,201,8,0.00000000
8765,201,9,6.50000000
8766,201,10,49.10000000
8767,201,11,8.50000000
8768,201,12,15.70000000
8769,201,13,19.90000000
8770,201,14,0.00000000
8771,201,15,0.83000000
8772,201,16,0.00000000
8773,201,17,5.00000000
8774,201,18,0.00000000
8775,201,19,13.70000000
8776,201,20,0.00000000
8777,201,21,0.07000000
8778,201,22,0.15000000
8779,201,23,4.40000000
8780,201,24,0.10000000
8781,201,25,57.00000000
8782,201,26,0.00000000
8783,201,27,0.00000000
8784,201,28,0.00000000
8785,201,29,1.80000000
8786,201,30,52.00000000
8787,201,31,1174.00000000
8788,201,32,8.10000000
8789,201,33,0.00000000
8790,201,34,7.60000000
8791,201,35,550.00000000
8792,201,36,18.00000000
8793,201,37,788.00000000
8794,201,38,0.00000000
8795,201,39,0.00000000
8796,201,40,9.40000000
8797,201,41,0.05000000
8798,201,42,0.00000000
8799,201,43,65.00000000
8800,201,44,0.00000000
8801,202,1,603.00000000
8802,202,2,5.90000000
8803,202,3,0.00000000
8804,202,4,17.70000000
8805,202,5,11.60000000
8806,202,6,3.40000000
8807,202,7,8.10000000
8808,202,8,0.00000000
8809,202,9,10.60000000
8810,202,10,51.60000000
8811,202,11,6.10000000
8812,202,12,34.50000000
8813,202,13,7.60000000
8814,202,14,0.00000000
8815,202,15,25.00000000
8816,202,16,0.00000000
8817,202,17,150.00000000
8818,202,18,0.00000000
8819,202,19,5.20000000
8820,202,20,13.20000000
8821,202,21,0.69000000
8822,202,22,0.20000000
8823,202,23,4.80000000
8824,202,24,1.70000000
8825,202,25,58.00000000
8826,202,26,0.00000000
8827,202,27,0.52000000
8828,202,28,0.00000000
8829,202,29,7.00000000
8830,202,30,136.00000000
8831,202,31,390.00000000
8832,202,32,7.20000000
8833,202,33,0.00000000
8834,202,34,1.40000000
8835,202,35,122.00000000
8836,202,36,290.00000000
8837,202,37,1020.00000000
8838,202,38,0.50000000
8839,202,39,0.46000000
8840,202,40,6.40000000
8841,202,41,0.08000000
8842,202,42,0.00000000
8843,202,43,145.00000000
8844,202,44,0.00000000
8845,203,1,613.00000000
8846,203,2,8.10000000
8847,203,3,0.00000000
8848,203,4,18.00000000
8849,203,5,12.50000000
8850,203,6,4.90000000
8851,203,7,7.60000000
8852,203,8,0.00000000
8853,203,9,8.50000000
8854,203,10,52.70000000
8855,203,11,6.70000000
8856,203,12,35.70000000
8857,203,13,8.10000000
8858,203,14,0.00000000
8859,203,15,13.00000000
8860,203,16,0.00000000
8861,203,17,0.00000000
8862,203,18,0.00000000
8863,203,19,5.20000000
8864,203,20,13.20000000
8865,203,21,0.59000000
8866,203,22,0.20000000
8867,203,23,5.30000000
8868,203,24,0.26000000
8869,203,25,50.00000000
8870,203,26,0.00000000
8871,203,27,0.51000000
8872,203,28,0.00000000
8873,203,29,0.00000000
8874,203,30,135.00000000
8875,203,31,500.00000000
8876,203,32,7.00000000
8877,203,33,0.00000000
8878,203,34,1.20000000
8879,203,35,158.00000000
8880,203,36,650.00000000
8881,203,37,1050.00000000
8882,203,38,1.30000000
8883,203,39,1.30000000
8884,203,40,8.00000000
8885,203,41,0.08000000
8886,203,42,0.00000000
8887,203,43,120.00000000
8888,203,44,0.00000000
8889,204,1,33.10000000
8890,204,2,92.50000000
8891,204,3,0.00000000
8892,204,4,0.40000000
8893,204,5,6.10000000
8894,204,6,0.00000000
8895,204,7,2.40000000
8896,204,8,0.00000000
8897,204,9,0.40000000
8898,204,10,0.29000000
8899,204,11,0.03800000
8900,204,12,0.01100000
8901,204,13,0.08500000
8902,204,14,0.00000000
8903,204,15,0.50000000
8904,204,16,0.00000000
8905,204,17,3.00000000
8906,204,18,0.00000000
8907,204,19,0.15000000
8908,204,20,0.10000000
8909,204,21,0.04100000
8910,204,22,0.00900000
8911,204,23,0.20000000
8912,204,24,0.04300000
8913,204,25,0.00000000
8914,204,26,0.00000000
8915,204,27,0.09100000
8916,204,28,1.00000000
8917,204,29,24.80000000
8918,204,30,11.00000000
8919,204,31,9.00000000
8920,204,32,0.13000000
8921,204,33,1.00000000
8922,204,34,0.06000000
8923,204,35,8.00000000
8924,204,36,21.20000000
8925,204,37,102.00000000
8926,204,38,0.02000000
8927,204,39,0.03700000
8928,204,40,1.00000000
8929,204,41,0.00000000
8930,204,42,0.00000000
8931,204,43,0.00000000
8932,204,44,0.00000000
8933,205,1,43.60000000
8934,205,2,89.00000000
8935,205,3,0.00000000
8936,205,4,0.69000000
8937,205,5,9.40000000
8938,205,6,0.00000000
8939,205,7,9.40000000
8940,205,8,0.00000000
8941,205,9,0.70000000
8942,205,10,0.20000000
8943,205,11,0.02400000
8944,205,12,0.03700000
8945,205,13,0.04000000
8946,205,14,0.00000000
8947,205,15,2.60000000
8948,205,16,0.00000000
8949,205,17,15.50000000
8950,205,18,0.00000000
8951,205,19,0.25000000
8952,205,20,0.10000000
8953,205,21,0.07200000
8954,205,22,0.01600000
8955,205,23,0.27000000
8956,205,24,0.05000000
8957,205,25,18.60000000
8958,205,26,0.00000000
8959,205,27,0.23000000
8960,205,28,1.00000000
8961,205,29,39.00000000
8962,205,30,10.80000000
8963,205,31,15.00000000
8964,205,32,0.15000000
8965,205,33,1.00000000
8966,205,34,0.11000000
8967,205,35,10.90000000
8968,205,36,1.00000000
8969,205,37,143.00000000
8970,205,38,0.03000000
8971,205,39,0.08000000
8972,205,40,1.00000000
8973,205,41,0.00000000
8974,205,42,0.00000000
8975,205,43,0.00000000
8976,205,44,0.00000000
8977,206,1,132.00000000
8978,206,2,76.60000000
8979,206,3,0.00000000
8980,206,4,6.50000000
8981,206,5,9.30000000
8982,206,6,0.00000000
8983,206,7,9.30000000
8984,206,8,0.00000000
8985,206,9,0.00000000
8986,206,10,7.60000000
8987,206,11,4.20000000
8988,206,12,2.40000000
8989,206,13,0.21000000
8990,206,14,25.00000000
8991,206,15,53.70000000
8992,206,16,48.00000000
8993,206,17,34.00000000
8994,206,18,0.10000000
8995,206,19,0.17000000
8996,206,20,1.50000000
8997,206,21,0.06700000
8998,206,22,0.37000000
8999,206,23,2.00000000
9000,206,24,0.05900000
9001,206,25,6.00000000
9002,206,26,0.41000000
9003,206,27,0.64000000
9004,206,28,6.30000000
9005,206,29,2.10000000
9006,206,30,242.00000000
9007,206,31,189.00000000
9008,206,32,0.09400000
9009,206,33,6.70000000
9010,206,34,0.78000000
9011,206,35,27.00000000
9012,206,36,98.00000000
9013,206,37,322.00000000
9014,206,38,0.00500000
9015,206,39,0.02100000
9016,206,40,1.20000000
9017,206,41,0.15000000
9018,206,42,0.40000000
9019,206,43,0.00000000
9020,206,44,0.00000000
9021,207,1,336.00000000
9022,207,2,28.60000000
9023,207,3,0.00000000
9024,207,4,8.50000000
9025,207,5,52.80000000
9026,207,6,0.00000000
9027,207,7,52.80000000
9028,207,8,22.70000000
9029,207,9,0.00000000
9030,207,10,10.10000000
9031,207,11,6.30000000
9032,207,12,2.90000000
9033,207,13,0.31000000
9034,207,14,36.00000000
9035,207,15,122.00000000
9036,207,16,110.00000000
9037,207,17,70.00000000
9038,207,18,5.40000000
9039,207,19,0.19000000
9040,207,20,2.00000000
9041,207,21,0.09000000
9042,207,22,0.46000000
9043,207,23,2.40000000
9044,207,24,0.07000000
9045,207,25,15.00000000
9046,207,26,0.70000000
9047,207,27,0.85000000
9048,207,28,3.90000000
9049,207,29,4.00000000
9050,207,30,290.00000000
9051,207,31,240.00000000
9052,207,32,0.23000000
9053,207,33,74.00000000
9054,207,34,1.00000000
9055,207,35,29.00000000
9056,207,36,140.00000000
9057,207,37,360.00000000
9058,207,38,0.00000000
9059,207,39,0.00000000
9060,207,40,3.00000000
9061,207,41,0.15000000
9062,207,42,0.40000000
9063,207,43,0.00000000
9064,207,44,0.00000000
9065,208,1,282.00000000
9066,208,2,29.80000000
9067,208,3,0.00000000
9068,208,4,10.00000000
9069,208,5,60.00000000
9070,208,6,0.00000000
9071,208,7,60.00000000
9072,208,8,25.80000000
9073,208,9,0.00000000
9074,208,10,0.20000000
9075,208,11,0.09000000
9076,208,12,0.09000000
9077,208,13,0.00000000
9078,208,14,1.00000000
9079,208,15,31.30000000
9080,208,16,28.00000000
9081,208,17,20.00000000
9082,208,18,0.85000000
9083,208,19,0.04000000
9084,208,20,0.66000000
9085,208,21,0.11000000
9086,208,22,0.51000000
9087,208,23,2.60000000
9088,208,24,0.09000000
9089,208,25,16.00000000
9090,208,26,0.90000000
9091,208,27,1.00000000
9092,208,28,5.20000000
9093,208,29,5.00000000
9094,208,30,330.00000000
9095,208,31,270.00000000
9096,208,32,0.33000000
9097,208,33,89.00000000
9098,208,34,1.20000000
9099,208,35,33.00000000
9100,208,36,150.00000000
9101,208,37,450.00000000
9102,208,38,0.00000000
9103,208,39,0.00000000
9104,208,40,3.00000000
9105,208,41,0.05000000
9106,208,42,0.10000000
9107,208,43,0.00000000
9108,208,44,0.00000000
9109,209,1,66.70000000
9110,209,2,88.20000000
9111,209,3,0.00000000
9112,209,4,3.70000000
9113,209,5,4.20000000
9114,209,6,0.00000000
9115,209,7,4.20000000
9116,209,8,0.00000000
9117,209,9,0.00000000
9118,209,10,3.90000000
9119,209,11,2.60000000
9120,209,12,0.94000000
9121,209,13,0.13000000
9122,209,14,11.00000000
9123,209,15,73.80000000
9124,209,16,68.00000000
9125,209,17,35.00000000
9126,209,18,0.25000000
9127,209,19,0.03000000
9128,209,20,0.10000000
9129,209,21,0.04900000
9130,209,22,0.23000000
9131,209,23,1.00000000
9132,209,24,0.02700000
9133,209,25,0.80000000
9134,209,26,0.07000000
9135,209,27,0.31000000
9136,209,28,3.90000000
9137,209,29,2.00000000
9138,209,30,127.00000000
9139,209,31,109.00000000
9140,209,32,0.04100000
9141,209,33,4.10000000
9142,209,34,0.25000000
9143,209,35,11.00000000
9144,209,36,42.00000000
9145,209,37,181.00000000
9146,209,38,0.00500000
9147,209,39,0.01100000
9148,209,40,0.70000000
9149,209,41,0.05000000
9150,209,42,0.10000000
9151,209,43,0.00000000
9152,209,44,0.00000000
9153,210,1,96.70000000
9154,210,2,83.70000000
9155,210,3,0.00000000
9156,210,4,5.30000000
9157,210,5,4.70000000
9158,210,6,0.00000000
9159,210,7,4.70000000
9160,210,8,0.00000000
9161,210,9,0.00000000
9162,210,10,6.30000000
9163,210,11,3.50000000
9164,210,12,1.60000000
9165,210,13,0.25000000
9166,210,14,11.00000000
9167,210,15,51.00000000
9168,210,16,50.00000000
9169,210,17,5.00000000
9170,210,18,0.18000000
9171,210,19,0.11000000
9172,210,20,0.10000000
9173,210,21,0.04800000
9174,210,22,0.51000000
9175,210,23,1.50000000
9176,210,24,0.08000000
9177,210,25,5.00000000
9178,210,26,0.51000000
9179,210,27,0.35000000
9180,210,28,2.50000000
9181,210,29,4.30000000
9182,210,30,183.00000000
9183,210,31,115.00000000
9184,210,32,0.07000000
9185,210,33,5.00000000
9186,210,34,0.43000000
9187,210,35,11.00000000
9188,210,36,30.00000000
9189,210,37,182.00000000
9190,210,38,0.00700000
9191,210,39,0.02600000
9192,210,40,0.90000000
9193,210,41,0.08000000
9194,210,42,0.20000000
9195,210,43,0.00000000
9196,210,44,0.00000000
9197,211,1,37.00000000
9198,211,2,91.00000000
9199,211,3,0.00000000
9200,211,4,3.90000000
9201,211,5,4.90000000
9202,211,6,0.00000000
9203,211,7,4.90000000
9204,211,8,0.00000000
9205,211,9,0.00000000
9206,211,10,0.20000000
9207,211,11,0.09000000
9208,211,12,0.06000000
9209,211,13,0.01000000
9210,211,14,2.60000000
9211,211,15,2.20000000
9212,211,16,1.00000000
9213,211,17,7.00000000
9214,211,18,0.00000000
9215,211,19,0.00000000
9216,211,20,0.10000000
9217,211,21,0.04000000
9218,211,22,0.17000000
9219,211,23,0.90000000
9220,211,24,0.04000000
9221,211,25,5.30000000
9222,211,26,0.30000000
9223,211,27,0.32000000
9224,211,28,1.50000000
9225,211,29,1.70000000
9226,211,30,121.00000000
9227,211,31,97.00000000
9228,211,32,0.09000000
9229,211,33,11.10000000
9230,211,34,0.54000000
9231,211,35,28.60000000
9232,211,36,53.00000000
9233,211,37,150.00000000
9234,211,38,0.00000000
9235,211,39,0.00200000
9236,211,40,1.60000000
9237,211,41,0.01000000
9238,211,42,0.00000000
9239,211,43,0.00000000
9240,211,44,0.00000000
9241,212,1,65.40000000
9242,212,2,88.40000000
9243,212,3,0.00000000
9244,212,4,3.10000000
9245,212,5,4.70000000
9246,212,6,0.00000000
9247,212,7,4.70000000
9248,212,8,0.00000000
9249,212,9,0.00000000
9250,212,10,3.80000000
9251,212,11,2.30000000
9252,212,12,1.10000000
9253,212,13,0.13000000
9254,212,14,14.00000000
9255,212,15,46.00000000
9256,212,16,41.30000000
9257,212,17,28.00000000
9258,212,18,0.03000000
9259,212,19,0.10000000
9260,212,20,0.34000000
9261,212,21,0.04000000
9262,212,22,0.19000000
9263,212,23,0.73000000
9264,212,24,0.04000000
9265,212,25,5.50000000
9266,212,26,0.30000000
9267,212,27,0.35000000
9268,212,28,3.50000000
9269,212,29,1.40000000
9270,212,30,124.00000000
9271,212,31,92.00000000
9272,212,32,0.09000000
9273,212,33,9.00000000
9274,212,34,0.38000000
9275,212,35,11.60000000
9276,212,36,48.00000000
9277,212,37,157.00000000
9278,212,38,0.00300000
9279,212,39,0.01000000
9280,212,40,1.40000000
9281,212,41,0.04000000
9282,212,42,0.10000000
9283,212,43,0.00000000
9284,212,44,0.00000000
9285,213,1,47.60000000
9286,213,2,90.10000000
9287,213,3,0.00000000
9288,213,4,3.50000000
9289,213,5,4.80000000
9290,213,6,0.00000000
9291,213,7,4.80000000
9292,213,8,0.00000000
9293,213,9,0.00000000
9294,213,10,1.60000000
9295,213,11,1.10000000
9296,213,12,0.45000000
9297,213,13,0.04000000
9298,213,14,6.30000000
9299,213,15,18.90000000
9300,213,16,17.60000000
9301,213,17,7.80000000
9302,213,18,0.02000000
9303,213,19,0.04000000
9304,213,20,0.20000000
9305,213,21,0.04000000
9306,213,22,0.19000000
9307,213,23,0.71000000
9308,213,24,0.06000000
9309,213,25,2.70000000
9310,213,26,0.30000000
9311,213,27,0.35000000
9312,213,28,3.50000000
9313,213,29,0.52000000
9314,213,30,125.00000000
9315,213,31,91.00000000
9316,213,32,0.09000000
9317,213,33,8.60000000
9318,213,34,0.52000000
9319,213,35,11.90000000
9320,213,36,47.00000000
9321,213,37,155.00000000
9322,213,38,0.00300000
9323,213,39,0.01000000
9324,213,40,1.50000000
9325,213,41,0.02000000
9326,213,42,0.00000000
9327,213,43,0.00000000
9328,213,44,0.00000000
9329,214,1,36.60000000
9330,214,2,91.00000000
9331,214,3,0.00000000
9332,214,4,3.90000000
9333,214,5,4.80000000
9334,214,6,0.00000000
9335,214,7,4.80000000
9336,214,8,0.00000000
9337,214,9,0.00000000
9338,214,10,0.20000000
9339,214,11,0.09000000
9340,214,12,0.06000000
9341,214,13,0.01000000
9342,214,14,2.60000000
9343,214,15,2.20000000
9344,214,16,1.00000000
9345,214,17,7.00000000
9346,214,18,0.00000000
9347,214,19,0.00000000
9348,214,20,0.10000000
9349,214,21,0.04000000
9350,214,22,0.17000000
9351,214,23,0.90000000
9352,214,24,0.04000000
9353,214,25,5.30000000
9354,214,26,0.30000000
9355,214,27,0.32000000
9356,214,28,1.50000000
9357,214,29,1.70000000
9358,214,30,121.00000000
9359,214,31,97.00000000
9360,214,32,0.09000000
9361,214,33,11.10000000
9362,214,34,0.54000000
9363,214,35,28.60000000
9364,214,36,53.00000000
9365,214,37,150.00000000
9366,214,38,0.00000000
9367,214,39,0.00200000
9368,214,40,1.60000000
9369,214,41,0.01000000
9370,214,42,0.00000000
9371,214,43,0.00000000
9372,214,44,0.00000000
9373,215,1,352.00000000
9374,215,2,4.90000000
9375,215,3,0.00000000
9376,215,4,36.10000000
9377,215,5,50.40000000
9378,215,6,0.00000000
9379,215,7,50.40000000
9380,215,8,0.00000000
9381,215,9,0.00000000
9382,215,10,0.64000000
9383,215,11,0.40000000
9384,215,12,0.20000000
9385,215,13,0.02900000
9386,215,14,12.00000000
9387,215,15,122.00000000
9388,215,16,110.00000000
9389,215,17,70.00000000
9390,215,18,5.40000000
9391,215,19,0.19000000
9392,215,20,0.50000000
9393,215,21,0.09000000
9394,215,22,0.46000000
9395,215,23,2.30000000
9396,215,24,0.07000000
9397,215,25,15.00000000
9398,215,26,0.70000000
9399,215,27,3.20000000
9400,215,28,3.90000000
9401,215,29,4.00000000
9402,215,30,1280.00000000
9403,215,31,970.00000000
9404,215,32,0.27000000
9405,215,33,150.00000000
9406,215,34,4.00000000
9407,215,35,130.00000000
9408,215,36,550.00000000
9409,215,37,1590.00000000
9410,215,38,0.00000000
9411,215,39,0.00000000
9412,215,40,11.00000000
9413,215,41,0.02000000
9414,215,42,0.00000000
9415,215,43,0.00000000
9416,215,44,0.00000000
9417,216,1,477.00000000
9418,216,2,6.50000000
9419,216,3,0.00000000
9420,216,4,25.20000000
9421,216,5,35.10000000
9422,216,6,0.00000000
9423,216,7,35.10000000
9424,216,8,0.00000000
9425,216,9,0.00000000
9426,216,10,26.20000000
9427,216,11,15.80000000
9428,216,12,8.40000000
9429,216,13,0.72000000
9430,216,14,97.00000000
9431,216,15,253.00000000
9432,216,16,230.00000000
9433,216,17,140.00000000
9434,216,18,1.20000000
9435,216,19,0.50000000
9436,216,20,1.70000000
9437,216,21,0.27000000
9438,216,22,1.40000000
9439,216,23,6.30000000
9440,216,24,0.20000000
9441,216,25,40.00000000
9442,216,26,1.50000000
9443,216,27,2.70000000
9444,216,28,24.00000000
9445,216,29,11.00000000
9446,216,30,1047.00000000
9447,216,31,714.00000000
9448,216,32,0.70000000
9449,216,33,27.00000000
9450,216,34,3.10000000
9451,216,35,89.00000000
9452,216,36,371.00000000
9453,216,37,1160.00000000
9454,216,38,0.14000000
9455,216,39,0.17000000
9456,216,40,7.40000000
9457,216,41,0.15000000
9458,216,42,0.40000000
9459,216,43,0.00000000
9460,216,44,0.00000000
9461,217,1,442.00000000
9462,217,2,10.00000000
9463,217,3,0.00000000
9464,217,4,29.80000000
9465,217,5,43.90000000
9466,217,6,0.00000000
9467,217,7,43.90000000
9468,217,8,0.00000000
9469,217,9,0.00000000
9470,217,10,16.30000000
9471,217,11,9.70000000
9472,217,12,5.10000000
9473,217,13,0.60000000
9474,217,14,60.00000000
9475,217,15,4.00000000
9476,217,16,4.00000000
9477,217,17,1.00000000
9478,217,18,0.10000000
9479,217,19,0.40000000
9480,217,20,1.00000000
9481,217,21,0.40000000
9482,217,22,1.20000000
9483,217,23,2.90000000
9484,217,24,0.20000000
9485,217,25,30.00000000
9486,217,26,2.90000000
9487,217,27,3.00000000
9488,217,28,0.00000000
9489,217,29,4.00000000
9490,217,30,1050.00000000
9491,217,31,930.00000000
9492,217,32,0.30000000
9493,217,33,27.00000000
9494,217,34,4.10000000
9495,217,35,105.00000000
9496,217,36,510.00000000
9497,217,37,1280.00000000
9498,217,38,0.00000000
9499,217,39,0.00000000
9500,217,40,7.40000000
9501,217,41,0.08000000
9502,217,42,0.20000000
9503,217,43,0.00000000
9504,217,44,0.00000000
9505,218,1,65.40000000
9506,218,2,88.40000000
9507,218,3,0.00000000
9508,218,4,3.10000000
9509,218,5,4.70000000
9510,218,6,0.00000000
9511,218,7,4.70000000
9512,218,8,0.00000000
9513,218,9,0.00000000
9514,218,10,3.80000000
9515,218,11,2.30000000
9516,218,12,1.10000000
9517,218,13,0.13000000
9518,218,14,14.00000000
9519,218,15,46.00000000
9520,218,16,41.30000000
9521,218,17,28.00000000
9522,218,18,0.03000000
9523,218,19,0.10000000
9524,218,20,0.34000000
9525,218,21,0.04000000
9526,218,22,0.19000000
9527,218,23,0.73000000
9528,218,24,0.04000000
9529,218,25,5.50000000
9530,218,26,0.30000000
9531,218,27,0.35000000
9532,218,28,3.50000000
9533,218,29,1.40000000
9534,218,30,124.00000000
9535,218,31,92.00000000
9536,218,32,0.09000000
9537,218,33,9.00000000
9538,218,34,0.38000000
9539,218,35,11.60000000
9540,218,36,48.00000000
9541,218,37,157.00000000
9542,218,38,0.00300000
9543,218,39,0.01000000
9544,218,40,1.40000000
9545,218,41,0.04000000
9546,218,42,0.10000000
9547,218,43,0.00000000
9548,218,44,0.00000000
9549,219,1,151.00000000
9550,219,2,74.10000000
9551,219,3,0.00000000
9552,219,4,8.40000000
9553,219,5,8.10000000
9554,219,6,0.00000000
9555,219,7,8.10000000
9556,219,8,0.00000000
9557,219,9,0.00000000
9558,219,10,9.40000000
9559,219,11,5.90000000
9560,219,12,2.70000000
9561,219,13,0.30000000
9562,219,14,34.00000000
9563,219,15,122.00000000
9564,219,16,105.00000000
9565,219,17,100.00000000
9566,219,18,0.10000000
9567,219,19,0.19000000
9568,219,20,1.60000000
9569,219,21,0.07000000
9570,219,22,0.42000000
9571,219,23,2.20000000
9572,219,24,0.07000000
9573,219,25,11.00000000
9574,219,26,0.10000000
9575,219,27,0.75000000
9576,219,28,4.00000000
9577,219,29,1.00000000
9578,219,30,290.00000000
9579,219,31,260.00000000
9580,219,32,0.26000000
9581,219,33,11.00000000
9582,219,34,0.90000000
9583,219,35,29.00000000
9584,219,36,180.00000000
9585,219,37,360.00000000
9586,219,38,0.00600000
9587,219,39,0.02000000
9588,219,40,3.00000000
9589,219,41,0.10000000
9590,219,42,0.30000000
9591,219,43,0.00000000
9592,219,44,0.00000000
9593,220,1,47.60000000
9594,220,2,90.10000000
9595,220,3,0.00000000
9596,220,4,3.50000000
9597,220,5,4.80000000
9598,220,6,0.00000000
9599,220,7,4.80000000
9600,220,8,0.00000000
9601,220,9,0.00000000
9602,220,10,1.60000000
9603,220,11,1.10000000
9604,220,12,0.45000000
9605,220,13,0.04000000
9606,220,14,6.30000000
9607,220,15,18.90000000
9608,220,16,17.60000000
9609,220,17,7.80000000
9610,220,18,0.02000000
9611,220,19,0.04000000
9612,220,20,0.20000000
9613,220,21,0.04000000
9614,220,22,0.19000000
9615,220,23,0.71000000
9616,220,24,0.06000000
9617,220,25,2.70000000
9618,220,26,0.30000000
9619,220,27,0.35000000
9620,220,28,3.50000000
9621,220,29,0.52000000
9622,220,30,125.00000000
9623,220,31,91.00000000
9624,220,32,0.09000000
9625,220,33,8.60000000
9626,220,34,0.52000000
9627,220,35,11.90000000
9628,220,36,47.00000000
9629,220,37,155.00000000
9630,220,38,0.00300000
9631,220,39,0.01000000
9632,220,40,1.50000000
9633,220,41,0.02000000
9634,220,42,0.00000000
9635,220,43,0.00000000
9636,220,44,0.00000000
9637,221,1,125.00000000
9638,221,2,81.90000000
9639,221,3,0.00000000
9640,221,4,3.10000000
9641,221,5,4.50000000
9642,221,6,0.00000000
9643,221,7,4.50000000
9644,221,8,0.00000000
9645,221,9,0.00000000
9646,221,10,10.50000000
9647,221,11,5.90000000
9648,221,12,3.00000000
9649,221,13,1.20000000
9650,221,14,34.00000000
9651,221,15,91.50000000
9652,221,16,88.00000000
9653,221,17,21.00000000
9654,221,18,0.82000000
9655,221,19,0.25000000
9656,221,20,1.00000000
9657,221,21,0.03000000
9658,221,22,0.16000000
9659,221,23,0.78000000
9660,221,24,0.03500000
9661,221,25,6.00000000
9662,221,26,0.40000000
9663,221,27,0.80000000
9664,221,28,3.40000000
9665,221,29,1.00000000
9666,221,30,101.00000000
9667,221,31,85.00000000
9668,221,32,0.11000000
9669,221,33,2.90000000
9670,221,34,0.30000000
9671,221,35,11.00000000
9672,221,36,40.00000000
9673,221,37,132.00000000
9674,221,38,2.60000000
9675,221,39,0.02200000
9676,221,40,0.00000000
9677,221,41,0.10000000
9678,221,42,0.30000000
9679,221,43,0.00000000
9680,221,44,0.00000000
9681,222,1,375.00000000
9682,222,2,33.00000000
9683,222,3,0.00000000
9684,222,4,35.60000000
9685,222,5,0.06000000
9686,222,6,0.00000000
9687,222,7,0.05600000
9688,222,8,0.00000000
9689,222,9,0.00000000
9690,222,10,25.80000000
9691,222,11,15.80000000
9692,222,12,6.80000000
9693,222,13,0.56000000
9694,222,14,68.00000000
9695,222,15,360.00000000
9696,222,16,340.00000000
9697,222,17,116.00000000
9698,222,18,0.65000000
9699,222,19,0.90000000
9700,222,20,3.00000000
9701,222,21,0.02000000
9702,222,22,0.62000000
9703,222,23,7.70000000
9704,222,24,0.09600000
9705,222,25,20.00000000
9706,222,26,1.50000000
9707,222,27,0.53000000
9708,222,28,3.00000000
9709,222,29,0.00000000
9710,222,30,1178.00000000
9711,222,31,743.00000000
9712,222,32,1.00000000
9713,222,33,2.00000000
9714,222,34,3.00000000
9715,222,35,41.00000000
9716,222,36,704.00000000
9717,222,37,131.00000000
9718,222,38,0.02300000
9719,222,39,0.36000000
9720,222,40,23.90000000
9721,222,41,0.06000000
9722,222,42,0.10000000
9723,222,43,0.00000000
9724,222,44,0.00000000
9725,223,1,353.00000000
9726,223,2,43.60000000
9727,223,3,0.00000000
9728,223,4,21.10000000
9729,223,5,0.00000000
9730,223,6,0.00000000
9731,223,7,0.00000000
9732,223,8,0.00000000
9733,223,9,0.00000000
9734,223,10,29.80000000
9735,223,11,17.60000000
9736,223,12,8.20000000
9737,223,13,0.77000000
9738,223,14,88.00000000
9739,223,15,290.00000000
9740,223,16,260.00000000
9741,223,17,180.00000000
9742,223,18,0.23000000
9743,223,19,0.77000000
9744,223,20,2.50000000
9745,223,21,0.04300000
9746,223,22,0.50000000
9747,223,23,3.50000000
9748,223,24,0.18000000
9749,223,25,40.00000000
9750,223,26,0.59000000
9751,223,27,2.00000000
9752,223,28,3.00000000
9753,223,29,0.00000000
9754,223,30,526.00000000
9755,223,31,362.00000000
9756,223,32,0.18000000
9757,223,33,9.00000000
9758,223,34,4.10000000
9759,223,35,39.00000000
9760,223,36,936.00000000
9761,223,37,128.00000000
9762,223,38,0.19000000
9763,223,39,0.14000000
9764,223,40,2.00000000
9765,223,41,0.10000000
9766,223,42,0.30000000
9767,223,43,0.00000000
9768,223,44,0.00000000
9769,224,1,393.00000000
9770,224,2,37.70000000
9771,224,3,0.00000000
9772,224,4,25.40000000
9773,224,5,0.36000000
9774,224,6,0.00000000
9775,224,7,0.36000000
9776,224,8,0.00000000
9777,224,9,0.00000000
9778,224,10,32.20000000
9779,224,11,19.60000000
9780,224,12,8.10000000
9781,224,13,0.74000000
9782,224,14,84.00000000
9783,224,15,440.00000000
9784,224,16,390.00000000
9785,224,17,300.00000000
9786,224,18,0.34000000
9787,224,19,1.00000000
9788,224,20,2.30000000
9789,224,21,0.03700000
9790,224,22,0.44000000
9791,224,23,4.30000000
9792,224,24,0.05500000
9793,224,25,19.00000000
9794,224,26,0.96000000
9795,224,27,0.29000000
9796,224,28,1.90000000
9797,224,29,0.00000000
9798,224,30,752.00000000
9799,224,31,489.00000000
9800,224,32,0.59000000
9801,224,33,39.00000000
9802,224,34,3.90000000
9803,224,35,30.00000000
9804,224,36,675.00000000
9805,224,37,102.00000000
9806,224,38,0.01700000
9807,224,39,0.08000000
9808,224,40,11.00000000
9809,224,41,0.10000000
9810,224,42,0.30000000
9811,224,43,0.00000000
9812,224,44,0.00000000
9813,225,1,375.00000000
9814,225,2,33.00000000
9815,225,3,0.00000000
9816,225,4,35.60000000
9817,225,5,0.06000000
9818,225,6,0.00000000
9819,225,7,0.05600000
9820,225,8,0.00000000
9821,225,9,0.00000000
9822,225,10,25.80000000
9823,225,11,15.80000000
9824,225,12,6.80000000
9825,225,13,0.56000000
9826,225,14,68.00000000
9827,225,15,360.00000000
9828,225,16,340.00000000
9829,225,17,116.00000000
9830,225,18,0.65000000
9831,225,19,0.90000000
9832,225,20,3.00000000
9833,225,21,0.02000000
9834,225,22,0.62000000
9835,225,23,7.70000000
9836,225,24,0.09600000
9837,225,25,20.00000000
9838,225,26,1.50000000
9839,225,27,0.53000000
9840,225,28,3.00000000
9841,225,29,0.00000000
9842,225,30,1178.00000000
9843,225,31,743.00000000
9844,225,32,1.00000000
9845,225,33,2.00000000
9846,225,34,3.00000000
9847,225,35,41.00000000
9848,225,36,704.00000000
9849,225,37,131.00000000
9850,225,38,0.02300000
9851,225,39,0.36000000
9852,225,40,23.90000000
9853,225,41,0.06000000
9854,225,42,0.20000000
9855,225,43,0.00000000
9856,225,44,0.00000000
9857,226,1,467.00000000
9858,226,2,29.10000000
9859,226,3,0.00000000
9860,226,4,27.60000000
9861,226,5,0.00000000
9862,226,6,0.00000000
9863,226,7,0.00000000
9864,226,8,0.00000000
9865,226,9,0.00000000
9866,226,10,39.60000000
9867,226,11,25.40000000
9868,226,12,10.60000000
9869,226,13,2.40000000
9870,226,14,100.00000000
9871,226,15,486.00000000
9872,226,16,478.00000000
9873,226,17,0.00000000
9874,226,18,0.20000000
9875,226,19,0.90000000
9876,226,20,2.30000000
9877,226,21,0.14000000
9878,226,22,1.20000000
9879,226,23,7.20000000
9880,226,24,0.10000000
9881,226,25,53.00000000
9882,226,26,1.50000000
9883,226,27,0.41000000
9884,226,28,0.00000000
9885,226,29,0.00000000
9886,226,30,190.00000000
9887,226,31,796.00000000
9888,226,32,1.10000000
9889,226,33,2.00000000
9890,226,34,2.90000000
9891,226,35,26.00000000
9892,226,36,790.00000000
9893,226,37,114.00000000
9894,226,38,0.09000000
9895,226,39,0.63000000
9896,226,40,5.50000000
9897,226,41,0.12000000
9898,226,42,0.30000000
9899,226,43,0.00000000
9900,226,44,0.10000000
9901,227,1,327.00000000
9902,227,2,50.50000000
9903,227,3,0.00000000
9904,227,4,18.30000000
9905,227,5,0.10000000
9906,227,6,0.00000000
9907,227,7,0.10000000
9908,227,8,0.00000000
9909,227,9,0.00000000
9910,227,10,28.20000000
9911,227,11,18.10000000
9912,227,12,7.60000000
9913,227,13,1.00000000
9914,227,14,70.00000000
9915,227,15,407.00000000
9916,227,16,401.00000000
9917,227,17,0.00000000
9918,227,18,0.20000000
9919,227,19,0.80000000
9920,227,20,2.30000000
9921,227,21,0.08000000
9922,227,22,0.77000000
9923,227,23,4.60000000
9924,227,24,0.08000000
9925,227,25,125.00000000
9926,227,26,1.50000000
9927,227,27,0.19000000
9928,227,28,0.00000000
9929,227,29,0.00000000
9930,227,30,102.00000000
9931,227,31,218.00000000
9932,227,32,1.00000000
9933,227,33,2.00000000
9934,227,34,0.50000000
9935,227,35,16.00000000
9936,227,36,672.00000000
9937,227,37,250.00000000
9938,227,38,0.09300000
9939,227,39,0.56000000
9940,227,40,3.80000000
9941,227,41,0.10000000
9942,227,42,0.20000000
9943,227,43,0.00000000
9944,227,44,0.00000000
9945,228,1,208.00000000
9946,228,2,68.50000000
9947,228,3,0.00000000
9948,228,4,11.10000000
9949,228,5,1.20000000
9950,228,6,0.00000000
9951,228,7,1.20000000
9952,228,8,0.00000000
9953,228,9,0.00000000
9954,228,10,17.60000000
9955,228,11,11.30000000
9956,228,12,4.70000000
9957,228,13,0.60000000
9958,228,14,50.00000000
9959,228,15,288.00000000
9960,228,16,283.00000000
9961,228,17,0.00000000
9962,228,18,0.20000000
9963,228,19,0.90000000
9964,228,20,2.30000000
9965,228,21,0.14000000
9966,228,22,1.20000000
9967,228,23,2.40000000
9968,228,24,0.10000000
9969,228,25,53.00000000
9970,228,26,1.50000000
9971,228,27,0.68000000
9972,228,28,0.00000000
9973,228,29,0.00000000
9974,228,30,150.00000000
9975,228,31,216.00000000
9976,228,32,0.20000000
9977,228,33,2.00000000
9978,228,34,0.50000000
9979,228,35,26.00000000
9980,228,36,404.00000000
9981,228,37,132.00000000
9982,228,38,0.10000000
9983,228,39,0.73000000
9984,228,40,2.80000000
9985,228,41,0.08000000
9986,228,42,0.20000000
9987,228,43,0.00000000
9988,228,44,0.00000000
9989,229,1,327.00000000
9990,229,2,44.70000000
9991,229,3,0.00000000
9992,229,4,25.10000000
9993,229,5,2.20000000
9994,229,6,0.00000000
9995,229,7,2.20000000
9996,229,8,0.00000000
9997,229,9,0.00000000
9998,229,10,24.20000000
9999,229,11,13.10000000
10000,229,12,6.50000000
10001,229,13,1.70000000
10002,229,14,84.90000000
10003,229,15,437.00000000
10004,229,16,412.00000000
10005,229,17,130.00000000
10006,229,18,0.20000000
10007,229,19,0.02000000
10008,229,20,3.00000000
10009,229,21,0.62000000
10010,229,22,0.46000000
10011,229,23,6.50000000
10012,229,24,0.10000000
10013,229,25,14.10000000
10014,229,26,0.43000000
10015,229,27,0.08600000
10016,229,28,0.00000000
10017,229,29,0.00000000
10018,229,30,647.00000000
10019,229,31,393.00000000
10020,229,32,0.91000000
10021,229,33,4.90000000
10022,229,34,0.51000000
10023,229,35,30.10000000
10024,229,36,800.00000000
10025,229,37,128.00000000
10026,229,38,0.03800000
10027,229,39,0.02100000
10028,229,40,14.50000000
10029,229,41,0.08000000
10030,229,42,0.20000000
10031,229,43,0.00000000
10032,229,44,0.00000000
10033,230,1,333.33000000
10034,230,2,0.00000000
10035,230,3,0.00000000
10036,230,4,20.00000000
10037,230,5,6.67000000
10038,230,6,0.00000000
10039,230,7,0.00000000
10040,230,8,0.00000000
10041,230,9,0.00000000
10042,230,10,20.00000000
10043,230,11,16.67000000
10044,230,12,0.00000000
10045,230,13,0.00000000
10046,230,14,310.00000000
10047,230,15,0.00000000
10048,230,16,0.00000000
10049,230,17,0.00000000
10050,230,18,0.00000000
10051,230,19,0.00000000
10052,230,20,0.00000000
10053,230,21,0.00000000
10054,230,22,0.00000000
10055,230,23,0.00000000
10056,230,24,0.00000000
10057,230,25,0.00000000
10058,230,26,0.00000000
10059,230,27,0.00000000
10060,230,28,0.00000000
10061,230,29,0.00000000
10062,230,30,0.00000000
10063,230,31,0.00000000
10064,230,32,0.00000000
10065,230,33,0.00000000
10066,230,34,0.00000000
10067,230,35,0.00000000
10068,230,36,766.67000000
10069,230,37,0.00000000
10070,230,38,0.00000000
10071,230,39,0.00000000
10072,230,40,0.00000000
10073,230,41,0.06000000
10074,230,42,0.10000000
10075,230,43,0.00000000
10076,230,44,0.00000000
10077,231,1,250.00000000
10078,231,2,0.00000000
10079,231,3,0.00000000
10080,231,4,18.18000000
10081,231,5,0.00000000
10082,231,6,0.00000000
10083,231,7,0.00000000
10084,231,8,0.00000000
10085,231,9,0.00000000
10086,231,10,20.45000000
10087,231,11,13.64000000
10088,231,12,0.00000000
10089,231,13,0.00000000
10090,231,14,438.64000000
10091,231,15,3.20000000
10092,231,16,0.00000000
10093,231,17,0.00000000
10094,231,18,0.00000000
10095,231,19,0.00000000
10096,231,20,0.00000000
10097,231,21,0.00000000
10098,231,22,0.00000000
10099,231,23,0.00000000
10100,231,24,0.00000000
10101,231,25,0.00000000
10102,231,26,0.00000000
10103,231,27,0.00000000
10104,231,28,0.00000000
10105,231,29,0.00000000
10106,231,30,681.82000000
10107,231,31,0.00000000
10108,231,32,0.00000000
10109,231,33,0.00000000
10110,231,34,0.00000000
10111,231,35,0.00000000
10112,231,36,629.55000000
10113,231,37,0.00000000
10114,231,38,0.00000000
10115,231,39,0.00000000
10116,231,40,0.00000000
10117,231,41,0.05000000
10118,231,42,0.10000000
10119,231,43,0.00000000
10120,231,44,0.00000000
10121,232,1,375.00000000
10122,232,2,33.00000000
10123,232,3,0.00000000
10124,232,4,35.60000000
10125,232,5,0.06000000
10126,232,6,0.00000000
10127,232,7,0.05600000
10128,232,8,0.00000000
10129,232,9,0.00000000
10130,232,10,25.80000000
10131,232,11,15.80000000
10132,232,12,6.80000000
10133,232,13,0.56000000
10134,232,14,68.00000000
10135,232,15,360.00000000
10136,232,16,340.00000000
10137,232,17,116.00000000
10138,232,18,0.65000000
10139,232,19,0.90000000
10140,232,20,3.00000000
10141,232,21,0.02000000
10142,232,22,0.62000000
10143,232,23,7.70000000
10144,232,24,0.09600000
10145,232,25,20.00000000
10146,232,26,1.50000000
10147,232,27,0.53000000
10148,232,28,3.00000000
10149,232,29,0.00000000
10150,232,30,1178.00000000
10151,232,31,743.00000000
10152,232,32,1.00000000
10153,232,33,2.00000000
10154,232,34,3.00000000
10155,232,35,41.00000000
10156,232,36,704.00000000
10157,232,37,131.00000000
10158,232,38,0.02300000
10159,232,39,0.36000000
10160,232,40,23.90000000
10161,232,41,0.07000000
10162,232,42,0.20000000
10163,232,43,0.00000000
10164,232,44,0.00000000
10165,233,1,233.00000000
10166,233,2,59.20000000
10167,233,3,0.00000000
10168,233,4,19.90000000
10169,233,5,2.20000000
10170,233,6,0.00000000
10171,233,7,2.20000000
10172,233,8,0.00000000
10173,233,9,0.00000000
10174,233,10,16.10000000
10175,233,11,9.90000000
10176,233,12,4.60000000
10177,233,13,0.47000000
10178,233,14,78.00000000
10179,233,15,206.00000000
10180,233,16,199.00000000
10181,233,17,42.00000000
10182,233,18,0.10000000
10183,233,19,0.35000000
10184,233,20,2.30000000
10185,233,21,0.03000000
10186,233,22,0.27000000
10187,233,23,4.10000000
10188,233,24,0.00600000
10189,233,25,10.00000000
10190,233,26,0.65000000
10191,233,27,0.06400000
10192,233,28,2.00000000
10193,233,29,0.00000000
10194,233,30,632.00000000
10195,233,31,428.00000000
10196,233,32,0.20000000
10197,233,33,2.00000000
10198,233,34,2.20000000
10199,233,35,24.00000000
10200,233,36,373.00000000
10201,233,37,67.00000000
10202,233,38,0.00800000
10203,233,39,0.02000000
10204,233,40,14.50000000
10205,233,41,0.05000000
10206,233,42,0.10000000
10207,233,43,0.00000000
10208,233,44,0.00000000
10209,234,1,325.10000000
10210,234,2,0.00000000
10211,234,3,0.00000000
10212,234,4,19.51000000
10213,234,5,0.00000000
10214,234,6,0.00000000
10215,234,7,0.00000000
10216,234,8,0.00000000
10217,234,9,0.00000000
10218,234,10,26.01000000
10219,234,11,13.00000000
10220,234,12,0.00000000
10221,234,13,0.00000000
10222,234,14,97.53000000
10223,234,15,0.00000000
10224,234,16,0.00000000
10225,234,17,0.00000000
10226,234,18,0.00000000
10227,234,19,0.00000000
10228,234,20,0.00000000
10229,234,21,0.00000000
10230,234,22,0.00000000
10231,234,23,0.00000000
10232,234,24,0.00000000
10233,234,25,0.00000000
10234,234,26,0.00000000
10235,234,27,0.00000000
10236,234,28,0.00000000
10237,234,29,0.00000000
10238,234,30,650.20000000
10239,234,31,0.00000000
10240,234,32,0.00000000
10241,234,33,0.00000000
10242,234,34,0.00000000
10243,234,35,0.00000000
10244,234,36,520.16000000
10245,234,37,0.00000000
10246,234,38,0.00000000
10247,234,39,0.00000000
10248,234,40,0.00000000
10249,234,41,0.05000000
10250,234,42,0.10000000
10251,234,43,0.00000000
10252,234,44,0.00000000
10253,235,1,300.00000000
10254,235,2,0.00000000
10255,235,3,0.00000000
10256,235,4,23.33000000
10257,235,5,3.33000000
10258,235,6,0.00000000
10259,235,7,0.00000000
10260,235,8,0.00000000
10261,235,9,0.00000000
10262,235,10,23.33000000
10263,235,11,13.33000000
10264,235,12,0.00000000
10265,235,13,0.00000000
10266,235,14,83.33000000
10267,235,15,3.20000000
10268,235,16,0.00000000
10269,235,17,0.00000000
10270,235,18,0.00000000
10271,235,19,0.00000000
10272,235,20,0.00000000
10273,235,21,0.00000000
10274,235,22,0.00000000
10275,235,23,0.00000000
10276,235,24,0.00000000
10277,235,25,0.00000000
10278,235,26,0.00000000
10279,235,27,0.00000000
10280,235,28,0.00000000
10281,235,29,0.00000000
10282,235,30,500.00000000
10283,235,31,0.00000000
10284,235,32,0.00000000
10285,235,33,0.00000000
10286,235,34,0.00000000
10287,235,35,0.00000000
10288,235,36,633.33000000
10289,235,37,0.00000000
10290,235,38,0.00000000
10291,235,39,0.00000000
10292,235,40,0.00000000
10293,235,41,0.05000000
10294,235,42,0.10000000
10295,235,43,0.00000000
10296,235,44,0.00000000
10297,236,1,375.00000000
10298,236,2,33.00000000
10299,236,3,0.00000000
10300,236,4,35.60000000
10301,236,5,0.06000000
10302,236,6,0.00000000
10303,236,7,0.05600000
10304,236,8,0.00000000
10305,236,9,0.00000000
10306,236,10,25.80000000
10307,236,11,15.80000000
10308,236,12,6.80000000
10309,236,13,0.56000000
10310,236,14,68.00000000
10311,236,15,360.00000000
10312,236,16,340.00000000
10313,236,17,116.00000000
10314,236,18,0.65000000
10315,236,19,0.90000000
10316,236,20,3.00000000
10317,236,21,0.02000000
10318,236,22,0.62000000
10319,236,23,7.70000000
10320,236,24,0.09600000
10321,236,25,20.00000000
10322,236,26,1.50000000
10323,236,27,0.53000000
10324,236,28,3.00000000
10325,236,29,0.00000000
10326,236,30,1178.00000000
10327,236,31,743.00000000
10328,236,32,1.00000000
10329,236,33,2.00000000
10330,236,34,3.00000000
10331,236,35,41.00000000
10332,236,36,704.00000000
10333,236,37,131.00000000
10334,236,38,0.02300000
10335,236,39,0.36000000
10336,236,40,23.90000000
10337,236,41,0.12000000
10338,236,42,0.30000000
10339,236,43,0.00000000
10340,236,44,0.10000000
10341,238,1,67.90000000
10342,238,2,81.30000000
10343,238,3,0.00000000
10344,238,4,13.20000000
10345,238,5,3.20000000
10346,238,6,0.00000000
10347,238,7,3.20000000
10348,238,8,0.00000000
10349,238,9,0.00000000
10350,238,10,0.25000000
10351,238,11,0.17000000
10352,238,12,0.06000000
10353,238,13,0.80000000
10354,238,14,0.00000000
10355,238,15,2.00000000
10356,238,16,1.20000000
10357,238,17,4.60000000
10358,238,18,0.00000000
10359,238,19,0.01000000
10360,238,20,0.00000000
10361,238,21,0.04300000
10362,238,22,0.30000000
10363,238,23,0.15000000
10364,238,24,0.10000000
10365,238,25,16.00000000
10366,238,26,0.88000000
10367,238,27,0.00000000
10368,238,28,0.00000000
10369,238,29,0.70000000
10370,238,30,92.00000000
10371,238,31,160.00000000
10372,238,32,0.40000000
10373,238,33,10.00000000
10374,238,34,0.57000000
10375,238,35,12.00000000
10376,238,36,40.00000000
10377,238,37,95.00000000
10378,238,38,0.00000000
10379,238,39,0.00000000
10380,238,40,0.00000000
10381,238,41,0.01000000
10382,238,42,0.00000000
10383,238,43,0.00000000
10384,238,44,0.10000000
10385,239,1,63.90000000
10386,239,2,88.40000000
10387,239,3,0.00000000
10388,239,4,3.30000000
10389,239,5,4.80000000
10390,239,6,0.00000000
10391,239,7,4.80000000
10392,239,8,0.00000000
10393,239,9,0.00000000
10394,239,10,3.50000000
10395,239,11,0.00000000
10396,239,12,0.00000000
10397,239,13,0.00000000
10398,239,14,0.00000000
10399,239,15,16.50000000
10400,239,16,16.00000000
10401,239,17,3.00000000
10402,239,18,0.00000000
10403,239,19,0.00000000
10404,239,20,0.00000000
10405,239,21,0.00000000
10406,239,22,0.00000000
10407,239,23,0.00000000
10408,239,24,0.00000000
10409,239,25,0.00000000
10410,239,26,0.00000000
10411,239,27,0.00000000
10412,239,28,0.00000000
10413,239,29,0.00000000
10414,239,30,0.00000000
10415,239,31,0.00000000
10416,239,32,0.13000000
10417,239,33,0.00000000
10418,239,34,0.00000000
10419,239,35,14.00000000
10420,239,36,46.00000000
10421,239,37,160.00000000
10422,239,38,0.00000000
10423,239,39,0.00000000
10424,239,40,0.00000000
10425,239,41,0.05000000
10426,239,42,0.10000000
10427,239,43,0.00000000
10428,239,44,4000.00000000
10429,240,1,90.00000000
10430,240,2,78.20000000
10431,240,3,0.00000000
10432,240,4,2.40000000
10433,240,5,17.10000000
10434,240,6,0.00000000
10435,240,7,1.40000000
10436,240,8,0.00000000
10437,240,9,0.60000000
10438,240,10,1.20000000
10439,240,11,0.00000000
10440,240,12,0.00000000
10441,240,13,0.00000000
10442,240,14,0.00000000
10443,240,15,0.00000000
10444,240,16,0.00000000
10445,240,17,0.00000000
10446,240,18,0.00000000
10447,240,19,0.00000000
10448,240,20,0.00000000
10449,240,21,0.00000000
10450,240,22,0.00000000
10451,240,23,0.00000000
10452,240,24,0.00000000
10453,240,25,0.00000000
10454,240,26,0.00000000
10455,240,27,0.00000000
10456,240,28,0.00000000
10457,240,29,17.60000000
10458,240,30,176.00000000
10459,240,31,0.00000000
10460,240,32,0.64000000
10461,240,33,0.00000000
10462,240,34,0.00000000
10463,240,35,0.00000000
10464,240,36,15.00000000
10465,240,37,0.00000000
10466,240,38,0.00000000
10467,240,39,0.00000000
10468,240,40,0.00000000
10469,240,41,0.20000000
10470,240,42,0.00000000
10471,240,43,40.00000000
10472,240,44,3.00000000
10473,241,1,56.50000000
10474,241,2,85.70000000
10475,241,3,0.00000000
10476,241,4,4.60000000
10477,241,5,6.90000000
10478,241,6,1.20000000
10479,241,7,5.70000000
10480,241,8,0.00000000
10481,241,9,0.30000000
10482,241,10,1.10000000
10483,241,11,0.19000000
10484,241,12,0.21000000
10485,241,13,0.08100000
10486,241,14,1.00000000
10487,241,15,1.30000000
10488,241,16,1.00000000
10489,241,17,2.00000000
10490,241,18,0.00000000
10491,241,19,0.20000000
10492,241,20,0.00000000
10493,241,21,0.10000000
10494,241,22,0.30000000
10495,241,23,0.93000000
10496,241,24,0.14000000
10497,241,25,36.60000000
10498,241,26,0.30000000
10499,241,27,0.00000000
10500,241,28,0.00000000
10501,241,29,3.00000000
10502,241,30,130.00000000
10503,241,31,102.00000000
10504,241,32,0.40000000
10505,241,33,19.00000000
10506,241,34,0.50000000
10507,241,35,13.90000000
10508,241,36,67.00000000
10509,241,37,176.00000000
10510,241,38,0.00000000
10511,241,39,0.00000000
10512,241,40,1.90000000
10513,241,41,0.02000000
10514,241,42,0.00000000
10515,241,43,5.00000000
10516,241,44,3.00000000
10517,242,1,71.60000000
10518,242,2,81.80000000
10519,242,3,0.00000000
10520,242,4,3.80000000
10521,242,5,13.10000000
10522,242,6,0.00000000
10523,242,7,13.10000000
10524,242,8,6.80000000
10525,242,9,1.10000000
10526,242,10,0.20000000
10527,242,11,0.16000000
10528,242,12,0.02200000
10529,242,13,0.00000000
10530,242,14,0.30000000
10531,242,15,2.00000000
10532,242,16,2.00000000
10533,242,17,0.00000000
10534,242,18,0.00000000
10535,242,19,0.00000000
10536,242,20,0.30000000
10537,242,21,0.03000000
10538,242,22,0.19000000
10539,242,23,0.43000000
10540,242,24,0.42000000
10541,242,25,16.00000000
10542,242,26,0.40000000
10543,242,27,0.33000000
10544,242,28,2.30000000
10545,242,29,0.00000000
10546,242,30,112.00000000
10547,242,31,95.00000000
10548,242,32,0.16000000
10549,242,33,14.40000000
10550,242,34,0.33000000
10551,242,35,12.80000000
10552,242,36,64.00000000
10553,242,37,210.00000000
10554,242,38,0.00000000
10555,242,39,0.00000000
10556,242,40,1.00000000
10557,242,41,0.02000000
10558,242,42,0.00000000
10559,242,43,5.00000000
10560,242,44,3.00000000
10561,243,1,90.10000000
10562,243,2,78.60000000
10563,243,3,0.00000000
10564,243,4,3.80000000
10565,243,5,16.70000000
10566,243,6,0.00000000
10567,243,7,16.70000000
10568,243,8,10.40000000
10569,243,9,0.00000000
10570,243,10,0.90000000
10571,243,11,0.40000000
10572,243,12,0.30000000
10573,243,13,0.10000000
10574,243,14,4.00000000
10575,243,15,2.00000000
10576,243,16,2.00000000
10577,243,17,0.00000000
10578,243,18,0.01000000
10579,243,19,0.01000000
10580,243,20,0.30000000
10581,243,21,0.05000000
10582,243,22,0.21000000
10583,243,23,0.42000000
10584,243,24,0.07000000
10585,243,25,5.00000000
10586,243,26,0.20000000
10587,243,27,0.30000000
10588,243,28,2.20000000
10589,243,29,1.00000000
10590,243,30,150.00000000
10591,243,31,120.00000000
10592,243,32,0.10000000
10593,243,33,5.00000000
10594,243,34,0.50000000
10595,243,35,15.00000000
10596,243,36,65.00000000
10597,243,37,190.00000000
10598,243,38,0.00000000
10599,243,39,0.00000000
10600,243,40,1.00000000
10601,243,41,0.01000000
10602,243,42,0.00000000
10603,243,43,0.00000000
10604,243,44,3.00000000
10605,244,1,45.30000000
10606,244,2,89.10000000
10607,244,3,0.00000000
10608,244,4,4.30000000
10609,244,5,6.30000000
10610,244,6,0.00000000
10611,244,7,6.30000000
10612,244,8,0.00000000
10613,244,9,0.00000000
10614,244,10,0.32000000
10615,244,11,0.11000000
10616,244,12,0.15000000
10617,244,13,0.00000000
10618,244,14,1.00000000
10619,244,15,2.00000000
10620,244,16,2.00000000
10621,244,17,0.00000000
10622,244,18,0.00000000
10623,244,19,0.00000000
10624,244,20,0.30000000
10625,244,21,0.04000000
10626,244,22,0.19000000
10627,244,23,1.20000000
10628,244,24,0.08000000
10629,244,25,4.70000000
10630,244,26,0.40000000
10631,244,27,0.50000000
10632,244,28,2.90000000
10633,244,29,1.60000000
10634,244,30,140.00000000
10635,244,31,109.00000000
10636,244,32,0.09000000
10637,244,33,5.30000000
10638,244,34,0.44000000
10639,244,35,13.70000000
10640,244,36,57.00000000
10641,244,37,187.00000000
10642,244,38,0.00300000
10643,244,39,0.01200000
10644,244,40,1.00000000
10645,244,41,0.01000000
10646,244,42,0.00000000
10647,244,43,0.00000000
10648,244,44,6.00000000
10649,245,1,75.90000000
10650,245,2,81.40000000
10651,245,3,0.00000000
10652,245,4,4.50000000
10653,245,5,13.80000000
10654,245,6,0.00000000
10655,245,7,13.80000000
10656,245,8,7.50000000
10657,245,9,0.00000000
10658,245,10,0.30000000
10659,245,11,0.11000000
10660,245,12,0.10000000
10661,245,13,0.00000000
10662,245,14,1.00000000
10663,245,15,2.00000000
10664,245,16,2.00000000
10665,245,17,0.00000000
10666,245,18,0.00000000
10667,245,19,0.03000000
10668,245,20,0.30000000
10669,245,21,0.04000000
10670,245,22,0.19000000
10671,245,23,0.86000000
10672,245,24,0.10000000
10673,245,25,5.00000000
10674,245,26,0.30000000
10675,245,27,0.50000000
10676,245,28,0.00000000
10677,245,29,4.00000000
10678,245,30,149.00000000
10679,245,31,123.00000000
10680,245,32,0.10000000
10681,245,33,5.00000000
10682,245,34,0.40000000
10683,245,35,17.00000000
10684,245,36,66.00000000
10685,245,37,191.00000000
10686,245,38,0.00000000
10687,245,39,0.00000000
10688,245,40,1.00000000
10689,245,41,0.01000000
10690,245,42,0.00000000
10691,245,43,0.00000000
10692,245,44,6.00000000
10693,246,1,40.50000000
10694,246,2,90.30000000
10695,246,3,0.00000000
10696,246,4,4.30000000
10697,246,5,5.10000000
10698,246,6,0.00000000
10699,246,7,4.80000000
10700,246,8,0.00000000
10701,246,9,0.00000000
10702,246,10,0.32000000
10703,246,11,0.11000000
10704,246,12,0.15000000
10705,246,13,0.00000000
10706,246,14,1.00000000
10707,246,15,0.80000000
10708,246,16,0.72000000
10709,246,17,0.48000000
10710,246,18,0.00000000
10711,246,19,0.00000000
10712,246,20,0.30000000
10713,246,21,0.04000000
10714,246,22,0.19000000
10715,246,23,1.20000000
10716,246,24,0.08000000
10717,246,25,4.70000000
10718,246,26,0.40000000
10719,246,27,0.50000000
10720,246,28,2.90000000
10721,246,29,1.60000000
10722,246,30,140.00000000
10723,246,31,109.00000000
10724,246,32,0.09000000
10725,246,33,5.30000000
10726,246,34,0.44000000
10727,246,35,13.70000000
10728,246,36,57.00000000
10729,246,37,187.00000000
10730,246,38,0.00300000
10731,246,39,0.01200000
10732,246,40,1.00000000
10733,246,41,0.01000000
10734,246,42,0.00000000
10735,246,43,0.00000000
10736,246,44,6.00000000
10737,247,1,89.60000000
10738,247,2,79.70000000
10739,247,3,0.00000000
10740,247,4,3.90000000
10741,247,5,9.10000000
10742,247,6,0.81000000
10743,247,7,8.30000000
10744,247,8,0.00000000
10745,247,9,1.80000000
10746,247,10,3.80000000
10747,247,11,2.50000000
10748,247,12,0.86000000
10749,247,13,0.12000000
10750,247,14,14.50000000
10751,247,15,25.60000000
10752,247,16,25.60000000
10753,247,17,0.00000000
10754,247,18,0.07000000
10755,247,19,0.07700000
10756,247,20,0.00000000
10757,247,21,0.06000000
10758,247,22,0.17000000
10759,247,23,0.51000000
10760,247,24,0.11000000
10761,247,25,26.00000000
10762,247,26,0.23000000
10763,247,27,0.00000000
10764,247,28,0.00000000
10765,247,29,0.55000000
10766,247,30,126.00000000
10767,247,31,94.80000000
10768,247,32,0.19000000
10769,247,33,5.00000000
10770,247,34,0.40000000
10771,247,35,3.30000000
10772,247,36,51.20000000
10773,247,37,13.40000000
10774,247,38,0.00000000
10775,247,39,0.00000000
10776,247,40,5.00000000
10777,247,41,0.05000000
10778,247,42,0.10000000
10779,247,43,5.00000000
10780,247,44,3.00000000
10781,248,1,94.90000000
10782,248,2,78.00000000
10783,248,3,0.00000000
10784,248,4,3.80000000
10785,248,5,14.30000000
10786,248,6,0.00000000
10787,248,7,14.30000000
10788,248,8,8.80000000
10789,248,9,0.90000000
10790,248,10,2.30000000
10791,248,11,1.40000000
10792,248,12,0.60000000
10793,248,13,0.10000000
10794,248,14,10.70000000
10795,248,15,14.50000000
10796,248,16,13.60000000
10797,248,17,5.60000000
10798,248,18,0.04000000
10799,248,19,0.03000000
10800,248,20,0.70000000
10801,248,21,0.03000000
10802,248,22,0.20000000
10803,248,23,1.40000000
10804,248,24,0.01300000
10805,248,25,18.10000000
10806,248,26,0.18000000
10807,248,27,0.30000000
10808,248,28,2.00000000
10809,248,29,0.70000000
10810,248,30,109.00000000
10811,248,31,130.00000000
10812,248,32,0.14000000
10813,248,33,28.60000000
10814,248,34,0.30000000
10815,248,35,12.80000000
10816,248,36,82.00000000
10817,248,37,210.00000000
10818,248,38,0.00000000
10819,248,39,0.00000000
10820,248,40,1.00000000
10821,248,41,0.05000000
10822,248,42,0.10000000
10823,248,43,5.00000000
10824,248,44,3.00000000
10825,249,1,115.00000000
10826,249,2,75.60000000
10827,249,3,0.00000000
10828,249,4,5.40000000
10829,249,5,15.60000000
10830,249,6,0.00000000
10831,249,7,15.60000000
10832,249,8,10.10000000
10833,249,9,0.00000000
10834,249,10,3.40000000
10835,249,11,2.10000000
10836,249,12,0.97000000
10837,249,13,0.08000000
10838,249,14,11.00000000
10839,249,15,27.40000000
10840,249,16,25.70000000
10841,249,17,10.20000000
10842,249,18,0.05000000
10843,249,19,0.08000000
10844,249,20,0.70000000
10845,249,21,0.03000000
10846,249,22,0.17000000
10847,249,23,0.44000000
10848,249,24,0.05000000
10849,249,25,13.50000000
10850,249,26,0.17000000
10851,249,27,0.35000000
10852,249,28,0.00000000
10853,249,29,0.94000000
10854,249,30,121.00000000
10855,249,31,140.00000000
10856,249,32,0.10000000
10857,249,33,6.00000000
10858,249,34,0.52000000
10859,249,35,14.20000000
10860,249,36,65.00000000
10861,249,37,240.00000000
10862,249,38,0.00000000
10863,249,39,0.00000000
10864,249,40,1.00000000
10865,249,41,0.04000000
10866,249,42,0.10000000
10867,249,43,0.00000000
10868,249,44,3.00000000
10869,250,1,85.90000000
10870,250,2,80.90000000
10871,250,3,0.00000000
10872,250,4,3.50000000
10873,250,5,13.70000000
10874,250,6,0.00000000
10875,250,7,13.70000000
10876,250,8,8.20000000
10877,250,9,0.00000000
10878,250,10,1.90000000
10879,250,11,1.20000000
10880,250,12,0.60000000
10881,250,13,0.00000000
10882,250,14,4.00000000
10883,250,15,27.00000000
10884,250,16,27.00000000
10885,250,17,0.00000000
10886,250,18,0.35000000
10887,250,19,0.03000000
10888,250,20,0.70000000
10889,250,21,0.04000000
10890,250,22,0.15000000
10891,250,23,0.46000000
10892,250,24,0.07000000
10893,250,25,4.00000000
10894,250,26,0.30000000
10895,250,27,0.35000000
10896,250,28,0.00000000
10897,250,29,0.70000000
10898,250,30,131.00000000
10899,250,31,140.00000000
10900,250,32,0.10000000
10901,250,33,4.00000000
10902,250,34,0.30000000
10903,250,35,14.00000000
10904,250,36,49.00000000
10905,250,37,157.00000000
10906,250,38,0.00000000
10907,250,39,0.00000000
10908,250,40,1.00000000
10909,250,41,0.04000000
10910,250,42,0.10000000
10911,250,43,0.00000000
10912,250,44,6.00000000
10913,251,1,81.90000000
10914,251,2,81.40000000
10915,251,3,0.00000000
10916,251,4,2.80000000
10917,251,5,14.30000000
10918,251,6,0.00000000
10919,251,7,14.30000000
10920,251,8,8.80000000
10921,251,9,0.00000000
10922,251,10,1.50000000
10923,251,11,1.00000000
10924,251,12,0.40000000
10925,251,13,0.00000000
10926,251,14,0.00000000
10927,251,15,2.70000000
10928,251,16,2.00000000
10929,251,17,4.00000000
10930,251,18,0.10000000
10931,251,19,0.00000000
10932,251,20,0.30000000
10933,251,21,0.03000000
10934,251,22,0.14000000
10935,251,23,0.42000000
10936,251,24,0.07000000
10937,251,25,4.00000000
10938,251,26,0.30000000
10939,251,27,0.30000000
10940,251,28,0.00000000
10941,251,29,0.00000000
10942,251,30,110.00000000
10943,251,31,86.00000000
10944,251,32,0.10000000
10945,251,33,4.00000000
10946,251,34,0.30000000
10947,251,35,12.00000000
10948,251,36,41.00000000
10949,251,37,139.00000000
10950,251,38,0.00000000
10951,251,39,0.00000000
10952,251,40,1.00000000
10953,251,41,0.03000000
10954,251,42,0.00000000
10955,251,43,2.00000000
10956,251,44,2.00000000
10957,252,1,75.40000000
10958,252,2,82.90000000
10959,252,3,0.00000000
10960,252,4,2.90000000
10961,252,5,12.80000000
10962,252,6,0.00000000
10963,252,7,12.80000000
10964,252,8,7.30000000
10965,252,9,0.00000000
10966,252,10,1.40000000
10967,252,11,0.90000000
10968,252,12,0.40000000
10969,252,13,0.00000000
10970,252,14,0.00000000
10971,252,15,17.00000000
10972,252,16,17.00000000
10973,252,17,0.00000000
10974,252,18,0.00000000
10975,252,19,0.00000000
10976,252,20,0.30000000
10977,252,21,0.03000000
10978,252,22,0.16000000
10979,252,23,0.42000000
10980,252,24,0.05000000
10981,252,25,5.00000000
10982,252,26,0.20000000
10983,252,27,0.30000000
10984,252,28,0.00000000
10985,252,29,0.00000000
10986,252,30,107.00000000
10987,252,31,81.00000000
10988,252,32,0.10000000
10989,252,33,4.00000000
10990,252,34,0.30000000
10991,252,35,11.00000000
10992,252,36,45.00000000
10993,252,37,135.00000000
10994,252,38,0.00000000
10995,252,39,0.00000000
10996,252,40,1.00000000
10997,252,41,0.02000000
10998,252,42,0.00000000
10999,252,43,0.00000000
11000,252,44,2.00000000
11001,253,1,69.20000000
11002,253,2,84.20000000
11003,253,3,0.00000000
11004,253,4,3.00000000
11005,253,5,11.60000000
11006,253,6,0.00000000
11007,253,7,11.60000000
11008,253,8,6.10000000
11009,253,9,0.00000000
11010,253,10,1.20000000
11011,253,11,0.80000000
11012,253,12,0.30000000
11013,253,13,0.00000000
11014,253,14,0.00000000
11015,253,15,27.00000000
11016,253,16,27.00000000
11017,253,17,0.00000000
11018,253,18,0.12000000
11019,253,19,0.00000000
11020,253,20,0.30000000
11021,253,21,0.03000000
11022,253,22,0.15000000
11023,253,23,0.42000000
11024,253,24,0.07000000
11025,253,25,5.00000000
11026,253,26,0.30000000
11027,253,27,0.30000000
11028,253,28,0.00000000
11029,253,29,0.00000000
11030,253,30,115.00000000
11031,253,31,90.00000000
11032,253,32,0.10000000
11033,253,33,4.00000000
11034,253,34,0.30000000
11035,253,35,13.00000000
11036,253,36,43.00000000
11037,253,37,145.00000000
11038,253,38,0.00000000
11039,253,39,0.00000000
11040,253,40,1.00000000
11041,253,41,0.03000000
11042,253,42,0.00000000
11043,253,43,0.00000000
11044,253,44,2.00000000
11045,254,1,61.40000000
11046,254,2,87.90000000
11047,254,3,0.00000000
11048,254,4,4.00000000
11049,254,5,5.50000000
11050,254,6,0.00000000
11051,254,7,5.50000000
11052,254,8,0.00000000
11053,254,9,0.00000000
11054,254,10,2.60000000
11055,254,11,1.50000000
11056,254,12,0.72000000
11057,254,13,0.13000000
11058,254,14,10.20000000
11059,254,15,9.80000000
11060,254,16,9.10000000
11061,254,17,4.10000000
11062,254,18,0.06000000
11063,254,19,0.04000000
11064,254,20,0.70000000
11065,254,21,0.04000000
11066,254,22,0.18000000
11067,254,23,0.44000000
11068,254,24,0.05000000
11069,254,25,3.70000000
11070,254,26,0.20000000
11071,254,27,0.50000000
11072,254,28,2.60000000
11073,254,29,0.70000000
11074,254,30,142.00000000
11075,254,31,170.00000000
11076,254,32,0.09000000
11077,254,33,3.70000000
11078,254,34,0.59000000
11079,254,35,14.30000000
11080,254,36,80.00000000
11081,254,37,280.00000000
11082,254,38,0.00000000
11083,254,39,0.00000000
11084,254,40,2.00000000
11085,254,41,0.04000000
11086,254,42,0.10000000
11087,254,43,0.00000000
11088,254,44,6.00000000
11089,255,1,70.70000000
11090,255,2,84.70000000
11091,255,3,0.00000000
11092,255,4,3.50000000
11093,255,5,9.90000000
11094,255,6,0.00000000
11095,255,7,9.80000000
11096,255,8,4.30000000
11097,255,9,0.00000000
11098,255,10,1.90000000
11099,255,11,1.20000000
11100,255,12,0.60000000
11101,255,13,0.00000000
11102,255,14,4.00000000
11103,255,15,16.00000000
11104,255,16,15.00000000
11105,255,17,5.00000000
11106,255,18,0.35000000
11107,255,19,0.03000000
11108,255,20,0.70000000
11109,255,21,0.04000000
11110,255,22,0.15000000
11111,255,23,0.46000000
11112,255,24,0.07000000
11113,255,25,4.00000000
11114,255,26,0.30000000
11115,255,27,0.35000000
11116,255,28,0.00000000
11117,255,29,0.70000000
11118,255,30,131.00000000
11119,255,31,140.00000000
11120,255,32,0.10000000
11121,255,33,4.00000000
11122,255,34,0.30000000
11123,255,35,14.00000000
11124,255,36,49.00000000
11125,255,37,157.00000000
11126,255,38,0.00000000
11127,255,39,0.00000000
11128,255,40,1.00000000
11129,255,41,0.04000000
11130,255,42,0.10000000
11131,255,43,0.00000000
11132,255,44,6.00000000
11133,256,1,139.00000000
11134,256,2,78.00000000
11135,256,3,0.00000000
11136,256,4,6.40000000
11137,256,5,5.40000000
11138,256,6,0.00000000
11139,256,7,5.40000000
11140,256,8,0.00000000
11141,256,9,0.00000000
11142,256,10,10.20000000
11143,256,11,6.80000000
11144,256,12,2.40000000
11145,256,13,0.28000000
11146,256,14,11.00000000
11147,256,15,121.00000000
11148,256,16,115.00000000
11149,256,17,36.00000000
11150,256,18,0.05000000
11151,256,19,0.38000000
11152,256,20,0.80000000
11153,256,21,0.03000000
11154,256,22,0.36000000
11155,256,23,1.60000000
11156,256,24,0.05000000
11157,256,25,6.00000000
11158,256,26,0.20000000
11159,256,27,0.30000000
11160,256,28,0.00000000
11161,256,29,0.00000000
11162,256,30,150.00000000
11163,256,31,130.00000000
11164,256,32,0.30000000
11165,256,33,4.00000000
11166,256,34,0.50000000
11167,256,35,12.00000000
11168,256,36,71.00000000
11169,256,37,150.00000000
11170,256,38,0.00000000
11171,256,39,0.00000000
11172,256,40,2.00000000
11173,256,41,0.06000000
11174,256,42,0.20000000
11175,256,43,0.00000000
11176,256,44,6.00000000
11177,257,1,49.00000000
11178,257,2,88.00000000
11179,257,3,0.00000000
11180,257,4,11.10000000
11181,257,5,0.70000000
11182,257,6,0.00000000
11183,257,7,0.70000000
11184,257,8,0.00000000
11185,257,9,0.00000000
11186,257,10,0.20000000
11187,257,11,0.00000000
11188,257,12,0.00000000
11189,257,13,0.00000000
11190,257,14,0.00000000
11191,257,15,0.00000000
11192,257,16,0.00000000
11193,257,17,0.00000000
11194,257,18,0.00000000
11195,257,19,0.00000000
11196,257,20,0.01000000
11197,257,21,0.02200000
11198,257,22,0.32000000
11199,257,23,3.40000000
11200,257,24,0.01200000
11201,257,25,9.20000000
11202,257,26,0.10000000
11203,257,27,0.14000000
11204,257,28,7.00000000
11205,257,29,0.30000000
11206,257,30,11.00000000
11207,257,31,21.00000000
11208,257,32,0.20000000
11209,257,33,6.80000000
11210,257,34,0.02000000
11211,257,35,12.00000000
11212,257,36,170.00000000
11213,257,37,154.00000000
11214,257,38,0.04000000
11215,257,39,0.00600000
11216,257,40,5.40000000
11217,257,41,0.00000000
11218,257,42,0.00000000
11219,257,43,0.00000000
11220,257,44,0.00000000
11221,258,1,155.00000000
11222,258,2,75.30000000
11223,258,3,0.00000000
11224,258,4,13.10000000
11225,258,5,0.41000000
11226,258,6,0.00000000
11227,258,7,0.41000000
11228,258,8,0.00000000
11229,258,9,0.00000000
11230,258,10,11.20000000
11231,258,11,3.10000000
11232,258,12,4.90000000
11233,258,13,1.30000000
11234,258,14,844.00000000
11235,258,15,90.00000000
11236,258,16,90.00000000
11237,258,17,0.00000000
11238,258,18,5.10000000
11239,258,19,0.74000000
11240,258,20,0.30000000
11241,258,21,0.43000000
11242,258,22,0.79000000
11243,258,23,3.50000000
11244,258,24,0.15000000
11245,258,25,66.00000000
11246,258,26,1.60000000
11247,258,27,1.80000000
11248,258,28,0.00000000
11249,258,29,0.00000000
11250,258,30,64.00000000
11251,258,31,226.00000000
11252,258,32,3.70000000
11253,258,33,13.00000000
11254,258,34,1.50000000
11255,258,35,13.00000000
11256,258,36,141.00000000
11257,258,37,132.00000000
11258,258,38,0.03800000
11259,258,39,0.06200000
11260,258,40,32.00000000
11261,258,41,0.05000000
11262,258,42,0.00000000
11263,258,43,0.00000000
11264,258,44,0.00000000
11265,259,1,0.16000000
11266,259,2,0.53000000
11267,259,3,4.50000000
11268,259,4,0.25000000
11269,259,5,80.00000000
11270,259,6,5.40000000
11271,259,7,1.90000000
11272,259,8,0.00000000
11273,259,9,0.00000000
11274,259,10,63.00000000
11275,259,11,178.00000000
11276,259,12,2.70000000
11277,259,13,13.00000000
11278,259,14,1.40000000
11279,259,15,16.00000000
11280,259,16,100.00000000
11281,259,17,150.00000000
11282,259,18,0.10000000
11283,259,19,0.50000000
11284,259,20,36.40000000
11285,259,21,184.00000000
11286,259,22,71.90000000
11287,259,23,0.00000000
11288,259,24,13.00000000
11289,259,25,0.70000000
11290,259,26,0.00000000
11291,259,27,0.70000000
11292,259,28,0.00000000
11293,259,29,0.00000000
11294,259,30,14.40000000
11295,259,31,3.90000000
11296,259,32,6.90000000
11297,259,33,1.00000000
11298,259,34,680.00000000
11299,259,35,740.00000000
11300,259,36,540.00000000
11301,259,37,1200.00000000
11302,259,38,5.00000000
11303,259,39,0.74000000
11304,259,40,0.30000000
11305,259,41,0.00000000
11306,259,42,0.00000000
11307,259,43,0.00000000
11308,259,44,0.00000000
11309,260,1,0.29000000
11310,260,2,0.40000000
11311,260,3,4.20000000
11312,260,4,0.30000000
11313,260,5,159.00000000
11314,260,6,2.00000000
11315,260,7,3.70000000
11316,260,8,53.00000000
11317,260,9,0.00000000
11318,260,10,140.00000000
11319,260,11,590.00000000
11320,260,12,7.20000000
11321,260,13,12.00000000
11322,260,14,3.80000000
11323,260,15,16.00000000
11324,260,16,51.00000000
11325,260,17,138.00000000
11326,260,18,0.13000000
11327,260,19,0.35000000
11328,260,20,19.00000000
11329,260,21,353.00000000
11330,260,22,51.70000000
11331,260,23,0.00000000
11332,260,24,16.10000000
11333,260,25,0.30000000
11334,260,26,0.00000000
11335,260,27,0.30000000
11336,260,28,0.00000000
11337,260,29,0.00000000
11338,260,30,31.90000000
11339,260,31,8.60000000
11340,260,32,12.30000000
11341,260,33,5.70000000
11342,260,34,1260.00000000
11343,260,35,886.00000000
11344,260,36,881.00000000
11345,260,37,29.00000000
11346,260,38,5.60000000
11347,260,39,5.50000000
11348,260,40,2.00000000
11349,260,41,0.03000000
11350,260,42,0.00000000
11351,260,43,0.00000000
11352,260,44,0.00000000
11353,261,1,217.00000000
11354,261,2,65.70000000
11355,261,3,0.00000000
11356,261,4,18.30000000
11357,261,5,0.00000000
11358,261,6,0.00000000
11359,261,7,0.00000000
11360,261,8,0.00000000
11361,261,9,0.00000000
11362,261,10,16.00000000
11363,261,11,4.40000000
11364,261,12,6.30000000
11365,261,13,3.30000000
11366,261,14,77.00000000
11367,261,15,44.00000000
11368,261,16,44.00000000
11369,261,17,0.00000000
11370,261,18,0.10000000
11371,261,19,0.30000000
11372,261,20,1.00000000
11373,261,21,0.04800000
11374,261,22,0.08800000
11375,261,23,9.20000000
11376,261,24,4.00000000
11377,261,25,4.00000000
11378,261,26,0.32000000
11379,261,27,0.77000000
11380,261,28,0.00000000
11381,261,29,0.70000000
11382,261,30,12.00000000
11383,261,31,132.00000000
11384,261,32,0.95000000
11385,261,33,6.90000000
11386,261,34,1.30000000
11387,261,35,18.00000000
11388,261,36,73.00000000
11389,261,37,156.00000000
11390,261,38,0.01800000
11391,261,39,0.04100000
11392,261,40,15.50000000
11393,261,41,0.04000000
11394,261,42,0.10000000
11395,261,43,0.00000000
11396,261,44,0.00000000
11397,262,1,110.00000000
11398,262,2,75.30000000
11399,262,3,0.00000000
11400,262,4,22.40000000
11401,262,5,0.00000000
11402,262,6,0.00000000
11403,262,7,0.00000000
11404,262,8,0.00000000
11405,262,9,0.00000000
11406,262,10,2.30000000
11407,262,11,0.77000000
11408,262,12,0.60000000
11409,262,13,0.55000000
11410,262,14,76.00000000
11411,262,15,17.00000000
11412,262,16,17.00000000
11413,262,17,0.00000000
11414,262,18,0.00000000
11415,262,19,0.01000000
11416,262,20,6.00000000
11417,262,21,0.14000000
11418,262,22,0.18000000
11419,262,23,12.00000000
11420,262,24,0.67000000
11421,262,25,8.00000000
11422,262,26,0.43000000
11423,262,27,0.66000000
11424,262,28,0.00000000
11425,262,29,6.10000000
11426,262,30,15.00000000
11427,262,31,179.00000000
11428,262,32,4.00000000
11429,262,33,2.00000000
11430,262,34,0.10000000
11431,262,35,31.00000000
11432,262,36,47.00000000
11433,262,37,281.00000000
11434,262,38,0.01900000
11435,262,39,0.50000000
11436,262,40,16.60000000
11437,262,41,0.03000000
11438,262,42,0.10000000
11439,262,43,0.00000000
11440,262,44,0.00000000
11441,263,1,232.00000000
11442,263,2,64.60000000
11443,263,3,0.00000000
11444,263,4,17.30000000
11445,263,5,0.00000000
11446,263,6,0.00000000
11447,263,7,0.00000000
11448,263,8,0.00000000
11449,263,9,0.00000000
11450,263,10,18.10000000
11451,263,11,5.10000000
11452,263,12,7.40000000
11453,263,13,3.90000000
11454,263,14,72.00000000
11455,263,15,32.00000000
11456,263,16,32.00000000
11457,263,17,0.00000000
11458,263,18,0.10000000
11459,263,19,0.30000000
11460,263,20,0.10000000
11461,263,21,0.09000000
11462,263,22,0.14000000
11463,263,23,6.40000000
11464,263,24,0.32000000
11465,263,25,8.00000000
11466,263,26,0.31000000
11467,263,27,0.96000000
11468,263,28,0.00000000
11469,263,29,2.00000000
11470,263,30,10.00000000
11471,263,31,179.00000000
11472,263,32,1.00000000
11473,263,33,6.90000000
11474,263,34,1.00000000
11475,263,35,18.70000000
11476,263,36,61.00000000
11477,263,37,196.00000000
11478,263,38,0.02000000
11479,263,39,0.04000000
11480,263,40,10.00000000
11481,263,41,0.05000000
11482,263,42,0.10000000
11483,263,43,0.00000000
11484,263,44,0.00000000
11485,264,1,114.00000000
11486,264,2,75.90000000
11487,264,3,0.00000000
11488,264,4,20.50000000
11489,264,5,0.00000000
11490,264,6,0.00000000
11491,264,7,0.00000000
11492,264,8,0.00000000
11493,264,9,0.00000000
11494,264,10,3.60000000
11495,264,11,1.40000000
11496,264,12,0.85000000
11497,264,13,0.96000000
11498,264,14,72.00000000
11499,264,15,1.00000000
11500,264,16,1.00000000
11501,264,17,0.00000000
11502,264,18,0.00000000
11503,264,19,0.00000000
11504,264,20,7.00000000
11505,264,21,0.09000000
11506,264,22,0.18000000
11507,264,23,6.60000000
11508,264,24,0.34000000
11509,264,25,20.00000000
11510,264,26,1.70000000
11511,264,27,1.10000000
11512,264,28,0.00000000
11513,264,29,0.00000000
11514,264,30,17.00000000
11515,264,31,177.00000000
11516,264,32,2.00000000
11517,264,33,2.00000000
11518,264,34,2.40000000
11519,264,35,17.00000000
11520,264,36,86.00000000
11521,264,37,289.00000000
11522,264,38,0.05000000
11523,264,39,0.16000000
11524,264,40,26.40000000
11525,264,41,0.03000000
11526,264,42,0.10000000
11527,264,43,0.00000000
11528,264,44,0.00000000
11529,265,1,183.00000000
11530,265,2,68.20000000
11531,265,3,0.00000000
11532,265,4,20.60000000
11533,265,5,0.00000000
11534,265,6,0.00000000
11535,265,7,0.00000000
11536,265,8,0.00000000
11537,265,9,0.00000000
11538,265,10,11.20000000
11539,265,11,3.70000000
11540,265,12,3.20000000
11541,265,13,2.60000000
11542,265,14,86.00000000
11543,265,15,0.00000000
11544,265,16,0.00000000
11545,265,17,0.00000000
11546,265,18,0.00000000
11547,265,19,0.10000000
11548,265,20,1.00000000
11549,265,21,0.10000000
11550,265,22,0.24000000
11551,265,23,9.40000000
11552,265,24,0.25000000
11553,265,25,11.40000000
11554,265,26,0.00000000
11555,265,27,0.84000000
11556,265,28,0.00000000
11557,265,29,1.70000000
11558,265,30,15.00000000
11559,265,31,188.00000000
11560,265,32,1.80000000
11561,265,33,6.90000000
11562,265,34,0.80000000
11563,265,35,21.00000000
11564,265,36,95.00000000
11565,265,37,250.00000000
11566,265,38,0.02100000
11567,265,39,0.06300000
11568,265,40,7.30000000
11569,265,41,0.03000000
11570,265,42,0.10000000
11571,265,43,0.00000000
11572,265,44,0.00000000
11573,266,1,155.00000000
11574,266,2,68.30000000
11575,266,3,0.00000000
11576,266,4,22.80000000
11577,266,5,0.00000000
11578,266,6,0.00000000
11579,266,7,0.00000000
11580,266,8,0.00000000
11581,266,9,0.00000000
11582,266,10,7.10000000
11583,266,11,2.80000000
11584,266,12,1.90000000
11585,266,13,0.90000000
11586,266,14,84.00000000
11587,266,15,12.00000000
11588,266,16,12.00000000
11589,266,17,0.00000000
11590,266,18,0.00000000
11591,266,19,0.00000000
11592,266,20,0.00000000
11593,266,21,0.13000000
11594,266,22,0.38000000
11595,266,23,4.30000000
11596,266,24,0.64000000
11597,266,25,31.00000000
11598,266,26,0.49000000
11599,266,27,0.00000000
11600,266,28,0.00000000
11601,266,29,7.20000000
11602,266,30,13.00000000
11603,266,31,312.00000000
11604,266,32,2.60000000
11605,266,33,0.00000000
11606,266,34,2.30000000
11607,266,35,24.00000000
11608,266,36,87.00000000
11609,266,37,420.00000000
11610,266,38,0.00000000
11611,266,39,0.00000000
11612,266,40,16.80000000
11613,266,41,0.06000000
11614,266,42,0.10000000
11615,266,43,0.00000000
11616,266,44,0.00000000
11617,267,1,366.00000000
11618,267,2,49.70000000
11619,267,3,0.00000000
11620,267,4,15.90000000
11621,267,5,0.00000000
11622,267,6,0.00000000
11623,267,7,0.00000000
11624,267,8,0.00000000
11625,267,9,0.00000000
11626,267,10,33.60000000
11627,267,11,9.80000000
11628,267,12,17.80000000
11629,267,13,3.80000000
11630,267,14,80.00000000
11631,267,15,17.00000000
11632,267,16,17.00000000
11633,267,17,0.00000000
11634,267,18,0.00000000
11635,267,19,0.00000000
11636,267,20,0.00000000
11637,267,21,0.08500000
11638,267,22,0.25000000
11639,267,23,3.60000000
11640,267,24,0.39000000
11641,267,25,4.00000000
11642,267,26,0.34000000
11643,267,27,0.00000000
11644,267,28,0.00000000
11645,267,29,4.20000000
11646,267,30,12.00000000
11647,267,31,234.00000000
11648,267,32,2.50000000
11649,267,33,0.00000000
11650,267,34,1.70000000
11651,267,35,18.00000000
11652,267,36,73.00000000
11653,267,37,308.00000000
11654,267,38,0.00000000
11655,267,39,0.00000000
11656,267,40,14.40000000
11657,267,41,0.08000000
11658,267,42,0.20000000
11659,267,43,0.00000000
11660,267,44,0.00000000
11661,268,1,288.00000000
11662,268,2,56.60000000
11663,268,3,0.00000000
11664,268,4,18.50000000
11665,268,5,0.00000000
11666,268,6,0.00000000
11667,268,7,0.00000000
11668,268,8,0.00000000
11669,268,9,0.00000000
11670,268,10,23.80000000
11671,268,11,8.40000000
11672,268,12,9.70000000
11673,268,13,3.10000000
11674,268,14,95.00000000
11675,268,15,73.00000000
11676,268,16,73.00000000
11677,268,17,0.00000000
11678,268,18,0.00000000
11679,268,19,0.00000000
11680,268,20,0.00000000
11681,268,21,0.12000000
11682,268,22,0.22000000
11683,268,23,6.10000000
11684,268,24,0.41000000
11685,268,25,6.00000000
11686,268,26,0.40000000
11687,268,27,0.00000000
11688,268,28,0.00000000
11689,268,29,5.20000000
11690,268,30,12.00000000
11691,268,31,248.00000000
11692,268,32,3.50000000
11693,268,33,0.00000000
11694,268,34,2.20000000
11695,268,35,22.00000000
11696,268,36,54.00000000
11697,268,37,199.00000000
11698,268,38,0.00000000
11699,268,39,0.00000000
11700,268,40,13.30000000
11701,268,41,0.03000000
11702,268,42,0.10000000
11703,268,43,0.00000000
11704,268,44,0.00000000
11705,269,1,227.00000000
11706,269,2,64.70000000
11707,269,3,0.00000000
11708,269,4,18.10000000
11709,269,5,0.00000000
11710,269,6,0.00000000
11711,269,7,0.00000000
11712,269,8,0.00000000
11713,269,9,0.00000000
11714,269,10,17.20000000
11715,269,11,5.90000000
11716,269,12,8.20000000
11717,269,13,2.30000000
11718,269,14,76.00000000
11719,269,15,26.00000000
11720,269,16,26.00000000
11721,269,17,0.00000000
11722,269,18,0.00000000
11723,269,19,0.70000000
11724,269,20,6.00000000
11725,269,21,0.30000000
11726,269,22,0.20000000
11727,269,23,7.30000000
11728,269,24,0.33000000
11729,269,25,25.00000000
11730,269,26,1.80000000
11731,269,27,1.60000000
11732,269,28,0.00000000
11733,269,29,0.00000000
11734,269,30,14.00000000
11735,269,31,196.00000000
11736,269,32,2.50000000
11737,269,33,2.00000000
11738,269,34,1.80000000
11739,269,35,22.00000000
11740,269,36,38.00000000
11741,269,37,270.00000000
11742,269,38,0.04700000
11743,269,39,0.24000000
11744,269,40,12.40000000
11745,269,41,0.07000000
11746,269,42,0.20000000
11747,269,43,0.00000000
11748,269,44,0.00000000
11749,270,1,157.00000000
11750,270,2,71.30000000
11751,270,3,0.00000000
11752,270,4,20.20000000
11753,270,5,0.00000000
11754,270,6,0.00000000
11755,270,7,0.00000000
11756,270,8,0.00000000
11757,270,9,0.00000000
11758,270,10,8.50000000
11759,270,11,2.20000000
11760,270,12,3.00000000
11761,270,13,2.40000000
11762,270,14,74.00000000
11763,270,15,13.00000000
11764,270,16,13.00000000
11765,270,17,0.00000000
11766,270,18,0.00000000
11767,270,19,0.00000000
11768,270,20,7.00000000
11769,270,21,0.10000000
11770,270,22,0.18000000
11771,270,23,10.60000000
11772,270,24,0.46000000
11773,270,25,16.00000000
11774,270,26,2.00000000
11775,270,27,0.80000000
11776,270,28,2.00000000
11777,270,29,0.00000000
11778,270,30,15.00000000
11779,270,31,175.00000000
11780,270,32,0.98000000
11781,270,33,2.00000000
11782,270,34,2.40000000
11783,270,35,20.00000000
11784,270,36,63.00000000
11785,270,37,247.00000000
11786,270,38,0.01900000
11787,270,39,0.07000000
11788,270,40,28.60000000
11789,270,41,0.02000000
11790,270,42,0.00000000
11791,270,43,0.00000000
11792,270,44,0.00000000
11793,271,1,105.00000000
11794,271,2,74.90000000
11795,271,3,0.00000000
11796,271,4,24.10000000
11797,271,5,0.00000000
11798,271,6,0.00000000
11799,271,7,0.00000000
11800,271,8,0.00000000
11801,271,9,0.00000000
11802,271,10,0.99000000
11803,271,11,0.36000000
11804,271,12,0.22000000
11805,271,13,0.24000000
11806,271,14,45.00000000
11807,271,15,10.00000000
11808,271,16,10.00000000
11809,271,17,0.00000000
11810,271,18,0.00000000
11811,271,19,0.00000000
11812,271,20,7.00000000
11813,271,21,0.04700000
11814,271,22,0.08100000
11815,271,23,11.60000000
11816,271,24,0.46000000
11817,271,25,7.00000000
11818,271,26,0.52000000
11819,271,27,0.59000000
11820,271,28,0.00000000
11821,271,29,0.00000000
11822,271,30,8.00000000
11823,271,31,210.00000000
11824,271,32,1.00000000
11825,271,33,2.00000000
11826,271,34,1.80000000
11827,271,35,20.00000000
11828,271,36,46.00000000
11829,271,37,333.00000000
11830,271,38,0.03000000
11831,271,39,0.13000000
11832,271,40,22.40000000
11833,271,41,0.02000000
11834,271,42,0.00000000
11835,271,43,0.00000000
11836,271,44,0.00000000
11837,272,1,145.00000000
11838,272,2,71.60000000
11839,272,3,0.00000000
11840,272,4,22.20000000
11841,272,5,0.00000000
11842,272,6,0.00000000
11843,272,7,0.00000000
11844,272,8,0.00000000
11845,272,9,0.00000000
11846,272,10,6.20000000
11847,272,11,1.90000000
11848,272,12,1.90000000
11849,272,13,1.50000000
11850,272,14,62.00000000
11851,272,15,11.00000000
11852,272,16,11.00000000
11853,272,17,0.00000000
11854,272,18,0.00000000
11855,272,19,0.25000000
11856,272,20,1.00000000
11857,272,21,0.07000000
11858,272,22,0.09000000
11859,272,23,12.10000000
11860,272,24,0.53000000
11861,272,25,9.00000000
11862,272,26,0.00000000
11863,272,27,0.84000000
11864,272,28,0.00000000
11865,272,29,4.60000000
11866,272,30,14.00000000
11867,272,31,212.00000000
11868,272,32,1.10000000
11869,272,33,6.90000000
11870,272,34,0.80000000
11871,272,35,21.00000000
11872,272,36,66.00000000
11873,272,37,264.00000000
11874,272,38,0.01800000
11875,272,39,0.03900000
11876,272,40,6.50000000
11877,272,41,0.02000000
11878,272,42,0.00000000
11879,272,43,0.00000000
11880,272,44,0.00000000
11881,273,1,166.00000000
11882,273,2,70.50000000
11883,273,3,0.00000000
11884,273,4,19.90000000
11885,273,5,0.00000000
11886,273,6,0.00000000
11887,273,7,0.00000000
11888,273,8,0.00000000
11889,273,9,0.00000000
11890,273,10,9.60000000
11891,273,11,2.60000000
11892,273,12,3.10000000
11893,273,13,2.40000000
11894,273,14,99.00000000
11895,273,15,39.00000000
11896,273,16,39.00000000
11897,273,17,0.00000000
11898,273,18,0.10000000
11899,273,19,0.66000000
11900,273,20,0.00000000
11901,273,21,0.08300000
11902,273,22,0.16000000
11903,273,23,11.70000000
11904,273,24,0.50000000
11905,273,25,12.00000000
11906,273,26,0.40000000
11907,273,27,0.96000000
11908,273,28,2.00000000
11909,273,29,2.50000000
11910,273,30,13.00000000
11911,273,31,165.00000000
11912,273,32,0.73000000
11913,273,33,6.90000000
11914,273,34,1.00000000
11915,273,35,19.00000000
11916,273,36,83.00000000
11917,273,37,262.00000000
11918,273,38,0.01500000
11919,273,39,0.04200000
11920,273,40,10.00000000
11921,273,41,0.03000000
11922,273,42,0.10000000
11923,273,43,0.00000000
11924,273,44,0.00000000
11925,274,1,682.00000000
11926,274,2,16.10000000
11927,274,3,0.00000000
11928,274,4,14.60000000
11929,274,5,0.00000000
11930,274,6,0.00000000
11931,274,7,0.00000000
11932,274,8,0.00000000
11933,274,9,0.00000000
11934,274,10,69.30000000
11935,274,11,28.20000000
11936,274,12,27.10000000
11937,274,13,7.20000000
11938,274,14,100.00000000
11939,274,15,0.00000000
11940,274,16,0.00000000
11941,274,17,0.00000000
11942,274,18,0.00000000
11943,274,19,0.08000000
11944,274,20,46.00000000
11945,274,21,0.37000000
11946,274,22,0.15000000
11947,274,23,3.40000000
11948,274,24,0.28000000
11949,274,25,2.00000000
11950,274,26,0.00000000
11951,274,27,0.40000000
11952,274,28,1.00000000
11953,274,29,0.00000000
11954,274,30,8.00000000
11955,274,31,120.00000000
11956,274,32,1.00000000
11957,274,33,13.00000000
11958,274,34,1.70000000
11959,274,35,15.00000000
11960,274,36,680.00000000
11961,274,37,240.00000000
11962,274,38,0.01000000
11963,274,39,0.10000000
11964,274,40,4.00000000
11965,274,41,0.06000000
11966,274,42,0.20000000
11967,274,43,0.00000000
11968,274,44,0.00000000
11969,275,1,219.00000000
11970,275,2,66.00000000
11971,275,3,0.00000000
11972,275,4,17.50000000
11973,275,5,0.00000000
11974,275,6,0.00000000
11975,275,7,0.00000000
11976,275,8,0.00000000
11977,275,9,0.00000000
11978,275,10,16.50000000
11979,275,11,7.00000000
11980,275,12,7.80000000
11981,275,13,1.20000000
11982,275,14,70.00000000
11983,275,15,0.00000000
11984,275,16,0.00000000
11985,275,17,0.00000000
11986,275,18,0.00000000
11987,275,19,0.10000000
11988,275,20,5.00000000
11989,275,21,0.92000000
11990,275,22,0.21000000
11991,275,23,7.20000000
11992,275,24,0.39000000
11993,275,25,4.00000000
11994,275,26,0.56000000
11995,275,27,0.60000000
11996,275,28,0.00000000
11997,275,29,0.00000000
11998,275,30,9.00000000
11999,275,31,149.00000000
12000,275,32,1.80000000
12001,275,33,2.00000000
12002,275,34,2.70000000
12003,275,35,18.00000000
12004,275,36,74.00000000
12005,275,37,291.00000000
12006,275,38,0.01100000
12007,275,39,0.08400000
12008,275,40,25.50000000
12009,275,41,0.04000000
12010,275,42,0.10000000
12011,275,43,0.00000000
12012,275,44,0.00000000
12013,276,1,156.00000000
12014,276,2,70.40000000
12015,276,3,0.00000000
12016,276,4,22.00000000
12017,276,5,0.00000000
12018,276,6,0.00000000
12019,276,7,0.00000000
12020,276,8,0.00000000
12021,276,9,0.00000000
12022,276,10,7.60000000
12023,276,11,2.90000000
12024,276,12,3.10000000
12025,276,13,0.80000000
12026,276,14,64.40000000
12027,276,15,0.00000000
12028,276,16,0.00000000
12029,276,17,0.00000000
12030,276,18,0.00000000
12031,276,19,0.00000000
12032,276,20,5.00000000
12033,276,21,0.83000000
12034,276,22,0.21000000
12035,276,23,12.90000000
12036,276,24,0.47000000
12037,276,25,5.40000000
12038,276,26,3.10000000
12039,276,27,1.10000000
12040,276,28,3.00000000
12041,276,29,0.00000000
12042,276,30,5.80000000
12043,276,31,172.00000000
12044,276,32,1.80000000
12045,276,33,2.40000000
12046,276,34,2.30000000
12047,276,35,23.20000000
12048,276,36,72.00000000
12049,276,37,292.00000000
12050,276,38,0.04000000
12051,276,39,0.31000000
12052,276,40,14.00000000
12053,276,41,0.02000000
12054,276,42,0.10000000
12055,276,43,0.00000000
12056,276,44,0.00000000
12057,277,1,352.00000000
12058,277,2,48.90000000
12059,277,3,0.00000000
12060,277,4,21.70000000
12061,277,5,0.00000000
12062,277,6,0.00000000
12063,277,7,0.00000000
12064,277,8,0.00000000
12065,277,9,0.00000000
12066,277,10,29.50000000
12067,277,11,10.90000000
12068,277,12,11.90000000
12069,277,13,4.50000000
12070,277,14,72.00000000
12071,277,15,9.00000000
12072,277,16,9.00000000
12073,277,17,0.00000000
12074,277,18,0.00000000
12075,277,19,0.01000000
12076,277,20,10.00000000
12077,277,21,0.82000000
12078,277,22,0.20000000
12079,277,23,8.50000000
12080,277,24,0.55000000
12081,277,25,3.00000000
12082,277,26,2.00000000
12083,277,27,0.53000000
12084,277,28,5.50000000
12085,277,29,0.00000000
12086,277,30,11.00000000
12087,277,31,150.00000000
12088,277,32,1.80000000
12089,277,33,3.00000000
12090,277,34,1.40000000
12091,277,35,24.00000000
12092,277,36,65.00000000
12093,277,37,315.00000000
12094,277,38,0.06000000
12095,277,39,0.13000000
12096,277,40,14.00000000
12097,277,41,0.03000000
12098,277,42,0.10000000
12099,277,43,0.00000000
12100,277,44,0.00000000
12101,278,1,281.00000000
12102,278,2,59.30000000
12103,278,3,0.00000000
12104,278,4,17.10000000
12105,278,5,0.00000000
12106,278,6,0.00000000
12107,278,7,0.00000000
12108,278,8,0.00000000
12109,278,9,0.00000000
12110,278,10,23.60000000
12111,278,11,8.90000000
12112,278,12,10.20000000
12113,278,13,2.20000000
12114,278,14,78.00000000
12115,278,15,0.00000000
12116,278,16,0.00000000
12117,278,17,0.00000000
12118,278,18,0.00000000
12119,278,19,0.05000000
12120,278,20,10.00000000
12121,278,21,0.62000000
12122,278,22,0.27000000
12123,278,23,8.50000000
12124,278,24,0.42000000
12125,278,25,4.00000000
12126,278,26,0.87000000
12127,278,27,0.79000000
12128,278,28,0.00000000
12129,278,29,0.00000000
12130,278,30,7.00000000
12131,278,31,240.00000000
12132,278,32,1.00000000
12133,278,33,2.00000000
12134,278,34,1.30000000
12135,278,35,22.00000000
12136,278,36,75.00000000
12137,278,37,260.00000000
12138,278,38,0.01000000
12139,278,39,0.08500000
12140,278,40,27.30000000
12141,278,41,0.05000000
12142,278,42,0.20000000
12143,278,43,0.00000000
12144,278,44,0.00000000
12145,279,1,305.00000000
12146,279,2,57.20000000
12147,279,3,0.00000000
12148,279,4,16.30000000
12149,279,5,0.00000000
12150,279,6,0.00000000
12151,279,7,0.00000000
12152,279,8,0.00000000
12153,279,9,0.00000000
12154,279,10,26.60000000
12155,279,11,10.40000000
12156,279,12,11.90000000
12157,279,13,1.70000000
12158,279,14,70.60000000
12159,279,15,0.00000000
12160,279,16,0.00000000
12161,279,17,0.00000000
12162,279,18,0.00000000
12163,279,19,0.01000000
12164,279,20,11.00000000
12165,279,21,0.79000000
12166,279,22,0.20000000
12167,279,23,7.50000000
12168,279,24,0.39000000
12169,279,25,3.20000000
12170,279,26,2.10000000
12171,279,27,0.88000000
12172,279,28,0.00000000
12173,279,29,5.10000000
12174,279,30,9.40000000
12175,279,31,151.00000000
12176,279,32,1.80000000
12177,279,33,2.60000000
12178,279,34,1.60000000
12179,279,35,16.00000000
12180,279,36,63.00000000
12181,279,37,212.00000000
12182,279,38,0.01500000
12183,279,39,0.04800000
12184,279,40,32.40000000
12185,279,41,0.02000000
12186,279,42,0.10000000
12187,279,43,0.00000000
12188,279,44,0.00000000
12189,280,1,291.00000000
12190,280,2,58.50000000
12191,280,3,0.00000000
12192,280,4,16.00000000
12193,280,5,0.50000000
12194,280,6,0.00000000
12195,280,7,0.50000000
12196,280,8,0.00000000
12197,280,9,0.00000000
12198,280,10,25.00000000
12199,280,11,8.30000000
12200,280,12,11.20000000
12201,280,13,3.00000000
12202,280,14,6.20000000
12203,280,15,0.00000000
12204,280,16,0.00000000
12205,280,17,0.00000000
12206,280,18,0.00000000
12207,280,19,0.10000000
12208,280,20,7.00000000
12209,280,21,1.00000000
12210,280,22,0.20000000
12211,280,23,4.00000000
12212,280,24,0.50000000
12213,280,25,3.00000000
12214,280,26,1.00000000
12215,280,27,0.60000000
12216,280,28,0.00000000
12217,280,29,0.00000000
12218,280,30,10.00000000
12219,280,31,190.00000000
12220,280,32,2.50000000
12221,280,33,2.00000000
12222,280,34,2.60000000
12223,280,35,30.00000000
12224,280,36,60.00000000
12225,280,37,300.00000000
12226,280,38,0.01000000
12227,280,39,0.04000000
12228,280,40,25.50000000
12229,280,41,0.04000000
12230,280,42,0.10000000
12231,280,43,0.00000000
12232,280,44,0.00000000
12233,281,1,349.00000000
12234,281,2,49.30000000
12235,281,3,0.00000000
12236,281,4,21.50000000
12237,281,5,0.00000000
12238,281,6,0.00000000
12239,281,7,0.00000000
12240,281,8,0.00000000
12241,281,9,0.00000000
12242,281,10,29.20000000
12243,281,11,9.40000000
12244,281,12,12.20000000
12245,281,13,4.50000000
12246,281,14,69.00000000
12247,281,15,0.00000000
12248,281,16,0.00000000
12249,281,17,0.00000000
12250,281,18,0.00000000
12251,281,19,0.00000000
12252,281,20,0.00000000
12253,281,21,0.65000000
12254,281,22,0.15000000
12255,281,23,8.80000000
12256,281,24,0.00000000
12257,281,25,0.00000000
12258,281,26,0.00000000
12259,281,27,0.00000000
12260,281,28,0.00000000
12261,281,29,0.00000000
12262,281,30,13.00000000
12263,281,31,160.00000000
12264,281,32,1.80000000
12265,281,33,0.00000000
12266,281,34,2.30000000
12267,281,35,18.00000000
12268,281,36,96.50000000
12269,281,37,270.00000000
12270,281,38,0.00000000
12271,281,39,0.00000000
12272,281,40,14.00000000
12273,281,41,0.04000000
12274,281,42,0.10000000
12275,281,43,0.00000000
12276,281,44,0.00000000
12277,282,1,471.00000000
12278,282,2,40.40000000
12279,282,3,0.00000000
12280,282,4,12.50000000
12281,282,5,0.50000000
12282,282,6,0.00000000
12283,282,7,0.50000000
12284,282,8,0.00000000
12285,282,9,0.00000000
12286,282,10,46.60000000
12287,282,11,19.40000000
12288,282,12,21.20000000
12289,282,13,3.50000000
12290,282,14,57.00000000
12291,282,15,11.00000000
12292,282,16,11.00000000
12293,282,17,0.00000000
12294,282,18,0.00000000
12295,282,19,0.08000000
12296,282,20,46.00000000
12297,282,21,0.32000000
12298,282,22,0.12000000
12299,282,23,4.20000000
12300,282,24,0.27000000
12301,282,25,1.50000000
12302,282,26,0.00000000
12303,282,27,0.60000000
12304,282,28,0.00000000
12305,282,29,0.00000000
12306,282,30,6.00000000
12307,282,31,70.00000000
12308,282,32,0.90000000
12309,282,33,11.00000000
12310,282,34,1.50000000
12311,282,35,13.00000000
12312,282,36,1470.00000000
12313,282,37,230.00000000
12314,282,38,0.01000000
12315,282,39,0.04000000
12316,282,40,1.00000000
12317,282,41,0.06000000
12318,282,42,0.20000000
12319,282,43,0.00000000
12320,282,44,0.00000000
12321,283,1,158.00000000
12322,283,2,70.10000000
12323,283,3,0.00000000
12324,283,4,22.30000000
12325,283,5,0.00000000
12326,283,6,0.00000000
12327,283,7,0.00000000
12328,283,8,0.00000000
12329,283,9,0.00000000
12330,283,10,7.60000000
12331,283,11,2.90000000
12332,283,12,3.10000000
12333,283,13,0.80000000
12334,283,14,68.40000000
12335,283,15,2.00000000
12336,283,16,2.00000000
12337,283,17,0.00000000
12338,283,18,0.00000000
12339,283,19,0.00000000
12340,283,20,5.00000000
12341,283,21,0.83000000
12342,283,22,0.21000000
12343,283,23,13.20000000
12344,283,24,0.47000000
12345,283,25,5.40000000
12346,283,26,3.10000000
12347,283,27,1.10000000
12348,283,28,0.00000000
12349,283,29,0.00000000
12350,283,30,5.80000000
12351,283,31,196.00000000
12352,283,32,1.80000000
12353,283,33,2.40000000
12354,283,34,2.30000000
12355,283,35,23.20000000
12356,283,36,76.00000000
12357,283,37,370.00000000
12358,283,38,0.01300000
12359,283,39,0.04400000
12360,283,40,30.00000000
12361,283,41,0.02000000
12362,283,42,0.10000000
12363,283,43,0.00000000
12364,283,44,0.00000000
12365,284,1,655.00000000
12366,284,2,24.90000000
12367,284,3,0.00000000
12368,284,4,4.10000000
12369,284,5,0.00000000
12370,284,6,0.00000000
12371,284,7,0.00000000
12372,284,8,0.00000000
12373,284,9,0.00000000
12374,284,10,71.00000000
12375,284,11,29.30000000
12376,284,12,32.40000000
12377,284,13,5.30000000
12378,284,14,57.00000000
12379,284,15,11.00000000
12380,284,16,11.00000000
12381,284,17,0.00000000
12382,284,18,0.00000000
12383,284,19,0.11000000
12384,284,20,46.00000000
12385,284,21,0.10000000
12386,284,22,0.02000000
12387,284,23,4.10000000
12388,284,24,0.37000000
12389,284,25,3.00000000
12390,284,26,0.00000000
12391,284,27,0.35000000
12392,284,28,0.00000000
12393,284,29,0.00000000
12394,284,30,3.00000000
12395,284,31,38.00000000
12396,284,32,0.70000000
12397,284,33,11.00000000
12398,284,34,0.60000000
12399,284,35,4.00000000
12400,284,36,560.00000000
12401,284,37,75.00000000
12402,284,38,0.00000000
12403,284,39,0.06000000
12404,284,40,1.00000000
12405,284,41,0.08000000
12406,284,42,0.30000000
12407,284,43,0.00000000
12408,284,44,0.00000000
12409,285,1,250.00000000
12410,285,2,63.20000000
12411,285,3,0.00000000
12412,285,4,16.20000000
12413,285,5,0.00000000
12414,285,6,0.00000000
12415,285,7,0.00000000
12416,285,8,0.00000000
12417,285,9,0.00000000
12418,285,10,20.60000000
12419,285,11,9.20000000
12420,285,12,7.50000000
12421,285,13,1.70000000
12422,285,14,79.50000000
12423,285,15,16.00000000
12424,285,16,16.00000000
12425,285,17,0.00000000
12426,285,18,0.00000000
12427,285,19,0.18000000
12428,285,20,15.00000000
12429,285,21,0.13000000
12430,285,22,0.20000000
12431,285,23,7.60000000
12432,285,24,0.15000000
12433,285,25,2.90000000
12434,285,26,1.10000000
12435,285,27,0.40000000
12436,285,28,1.00000000
12437,285,29,0.00000000
12438,285,30,8.00000000
12439,285,31,130.00000000
12440,285,32,3.20000000
12441,285,33,5.40000000
12442,285,34,2.20000000
12443,285,35,15.70000000
12444,285,36,60.00000000
12445,285,37,230.00000000
12446,285,38,0.02000000
12447,285,39,0.15000000
12448,285,40,1.00000000
12449,285,41,0.08000000
12450,285,42,0.50000000
12451,285,43,0.00000000
12452,285,44,0.00000000
12453,286,1,151.00000000
12454,286,2,77.10000000
12455,286,3,0.00000000
12456,286,4,11.10000000
12457,286,5,0.00000000
12458,286,6,0.00000000
12459,286,7,0.00000000
12460,286,8,0.00000000
12461,286,9,0.00000000
12462,286,10,11.80000000
12463,286,11,5.00000000
12464,286,12,4.60000000
12465,286,13,0.80000000
12466,286,14,80.60000000
12467,286,15,0.00000000
12468,286,16,0.00000000
12469,286,17,0.00000000
12470,286,18,0.00000000
12471,286,19,0.15000000
12472,286,20,15.00000000
12473,286,21,0.13000000
12474,286,22,0.20000000
12475,286,23,6.00000000
12476,286,24,0.82000000
12477,286,25,3.10000000
12478,286,26,1.50000000
12479,286,27,0.50000000
12480,286,28,1.00000000
12481,286,29,0.00000000
12482,286,30,7.50000000
12483,286,31,204.00000000
12484,286,32,3.10000000
12485,286,33,2.30000000
12486,286,34,6.10000000
12487,286,35,23.30000000
12488,286,36,87.00000000
12489,286,37,395.00000000
12490,286,38,0.03000000
12491,286,39,0.25000000
12492,286,40,1.00000000
12493,286,41,0.07000000
12494,286,42,0.40000000
12495,286,43,0.00000000
12496,286,44,0.00000000
12497,287,1,178.00000000
12498,287,2,70.30000000
12499,287,3,0.00000000
12500,287,4,17.90000000
12501,287,5,0.00000000
12502,287,6,0.00000000
12503,287,7,0.00000000
12504,287,8,0.00000000
12505,287,9,0.00000000
12506,287,10,11.80000000
12507,287,11,5.10000000
12508,287,12,4.60000000
12509,287,13,0.80000000
12510,287,14,78.00000000
12511,287,15,0.00000000
12512,287,16,0.00000000
12513,287,17,0.00000000
12514,287,18,0.00000000
12515,287,19,0.14000000
12516,287,20,15.00000000
12517,287,21,0.14000000
12518,287,22,0.25000000
12519,287,23,9.50000000
12520,287,24,0.20000000
12521,287,25,4.00000000
12522,287,26,2.00000000
12523,287,27,0.60000000
12524,287,28,1.00000000
12525,287,29,0.00000000
12526,287,30,6.00000000
12527,287,31,170.00000000
12528,287,32,1.70000000
12529,287,33,5.00000000
12530,287,34,2.80000000
12531,287,35,22.00000000
12532,287,36,52.00000000
12533,287,37,310.00000000
12534,287,38,0.02000000
12535,287,39,0.14000000
12536,287,40,1.00000000
12537,287,41,0.06000000
12538,287,42,0.40000000
12539,287,43,0.00000000
12540,287,44,0.00000000
12541,288,1,238.00000000
12542,288,2,62.40000000
12543,288,3,0.00000000
12544,288,4,10.00000000
12545,288,5,5.50000000
12546,288,6,2.70000000
12547,288,7,2.80000000
12548,288,8,2.80000000
12549,288,9,0.00000000
12550,288,10,19.60000000
12551,288,11,6.80000000
12552,288,12,8.90000000
12553,288,13,3.00000000
12554,288,14,50.00000000
12555,288,15,0.00000000
12556,288,16,0.00000000
12557,288,17,0.00000000
12558,288,18,0.01000000
12559,288,19,0.01000000
12560,288,20,5.00000000
12561,288,21,0.04000000
12562,288,22,0.13000000
12563,288,23,3.70000000
12564,288,24,0.10000000
12565,288,25,2.00000000
12566,288,26,0.01000000
12567,288,27,0.60000000
12568,288,28,2.00000000
12569,288,29,0.00000000
12570,288,30,51.00000000
12571,288,31,160.00000000
12572,288,32,1.90000000
12573,288,33,0.00000000
12574,288,34,0.00000000
12575,288,35,15.00000000
12576,288,36,703.00000000
12577,288,37,140.00000000
12578,288,38,0.16000000
12579,288,39,0.27000000
12580,288,40,11.50000000
12581,288,41,0.04000000
12582,288,42,0.20000000
12583,288,43,0.00000000
12584,288,44,0.00000000
12585,289,1,534.00000000
12586,289,2,29.80000000
12587,289,3,0.00000000
12588,289,4,19.40000000
12589,289,5,0.20000000
12590,289,6,0.00000000
12591,289,7,0.20000000
12592,289,8,0.20000000
12593,289,9,0.00000000
12594,289,10,50.60000000
12595,289,11,20.60000000
12596,289,12,23.10000000
12597,289,13,4.00000000
12598,289,14,80.00000000
12599,289,15,0.00000000
12600,289,16,0.00000000
12601,289,17,0.00000000
12602,289,18,0.50000000
12603,289,19,0.07000000
12604,289,20,5.00000000
12605,289,21,0.04000000
12606,289,22,0.12000000
12607,289,23,0.00000000
12608,289,24,0.11000000
12609,289,25,3.00000000
12610,289,26,0.80000000
12611,289,27,0.00000000
12612,289,28,0.00000000
12613,289,29,0.00000000
12614,289,30,21.00000000
12615,289,31,59.00000000
12616,289,32,1.10000000
12617,289,33,0.00000000
12618,289,34,1.40000000
12619,289,35,9.00000000
12620,289,36,929.00000000
12621,289,37,53.00000000
12622,289,38,0.00000000
12623,289,39,0.00000000
12624,289,40,0.00000000
12625,289,41,0.05000000
12626,289,42,0.20000000
12627,289,43,0.00000000
12628,289,44,0.00000000
12629,290,1,519.00000000
12630,290,2,33.30000000
12631,290,3,0.00000000
12632,290,4,15.30000000
12633,290,5,0.90000000
12634,290,6,0.00000000
12635,290,7,0.90000000
12636,290,8,0.90000000
12637,290,9,0.00000000
12638,290,10,50.50000000
12639,290,11,26.80000000
12640,290,12,18.70000000
12641,290,13,2.60000000
12642,290,14,76.00000000
12643,290,15,0.00000000
12644,290,16,0.00000000
12645,290,17,0.00000000
12646,290,18,0.00000000
12647,290,19,0.57000000
12648,290,20,6.00000000
12649,290,21,0.56000000
12650,290,22,0.25000000
12651,290,23,11.50000000
12652,290,24,0.16000000
12653,290,25,2.00000000
12654,290,26,0.85000000
12655,290,27,0.90000000
12656,290,28,0.00000000
12657,290,29,0.00000000
12658,290,30,13.00000000
12659,290,31,90.00000000
12660,290,32,1.70000000
12661,290,33,11.00000000
12662,290,34,1.40000000
12663,290,35,23.00000000
12664,290,36,889.00000000
12665,290,37,232.00000000
12666,290,38,0.04000000
12667,290,39,0.08000000
12668,290,40,21.10000000
12669,290,41,0.06000000
12670,290,42,0.30000000
12671,290,43,0.00000000
12672,290,44,0.00000000
12673,291,1,293.00000000
12674,291,2,53.70000000
12675,291,3,0.00000000
12676,291,4,14.40000000
12677,291,5,3.10000000
12678,291,6,2.60000000
12679,291,7,0.48000000
12680,291,8,0.48000000
12681,291,9,0.00000000
12682,291,10,24.80000000
12683,291,11,8.50000000
12684,291,12,11.30000000
12685,291,13,2.10000000
12686,291,14,70.00000000
12687,291,15,0.00000000
12688,291,16,0.00000000
12689,291,17,0.00000000
12690,291,18,0.00000000
12691,291,19,0.07000000
12692,291,20,5.00000000
12693,291,21,0.23000000
12694,291,22,0.15000000
12695,291,23,6.60000000
12696,291,24,0.03000000
12697,291,25,0.90000000
12698,291,26,2.00000000
12699,291,27,0.40000000
12700,291,28,2.00000000
12701,291,29,0.00000000
12702,291,30,50.60000000
12703,291,31,250.00000000
12704,291,32,1.00000000
12705,291,33,3.60000000
12706,291,34,2.40000000
12707,291,35,7.50000000
12708,291,36,672.00000000
12709,291,37,230.00000000
12710,291,38,0.02000000
12711,291,39,0.24000000
12712,291,40,17.40000000
12713,291,41,0.03000000
12714,291,42,0.20000000
12715,291,43,0.00000000
12716,291,44,0.00000000
12717,292,1,356.00000000
12718,292,2,43.70000000
12719,292,3,0.00000000
12720,292,4,21.20000000
12721,292,5,1.90000000
12722,292,6,0.00000000
12723,292,7,1.90000000
12724,292,8,1.90000000
12725,292,9,0.00000000
12726,292,10,29.30000000
12727,292,11,12.40000000
12728,292,12,13.10000000
12729,292,13,2.50000000
12730,292,14,72.60000000
12731,292,15,0.00000000
12732,292,16,0.00000000
12733,292,17,0.00000000
12734,292,18,0.00000000
12735,292,19,0.29000000
12736,292,20,6.00000000
12737,292,21,0.33000000
12738,292,22,0.15000000
12739,292,23,11.50000000
12740,292,24,0.14000000
12741,292,25,0.90000000
12742,292,26,0.90000000
12743,292,27,0.90000000
12744,292,28,0.00000000
12745,292,29,0.00000000
12746,292,30,18.40000000
12747,292,31,270.00000000
12748,292,32,2.10000000
12749,292,33,10.90000000
12750,292,34,1.20000000
12751,292,35,10.30000000
12752,292,36,1404.00000000
12753,292,37,180.00000000
12754,292,38,0.04000000
12755,292,39,0.08000000
12756,292,40,21.10000000
12757,292,41,0.05000000
12758,292,42,0.30000000
12759,292,43,0.00000000
12760,292,44,0.00000000
12761,293,1,213.00000000
12762,293,2,57.40000000
12763,293,3,0.00000000
12764,293,4,19.10000000
12765,293,5,9.90000000
12766,293,6,0.00000000
12767,293,7,9.90000000
12768,293,8,9.90000000
12769,293,9,0.00000000
12770,293,10,10.80000000
12771,293,11,3.50000000
12772,293,12,4.30000000
12773,293,13,1.70000000
12774,293,14,60.40000000
12775,293,15,0.00000000
12776,293,16,0.00000000
12777,293,17,0.00000000
12778,293,18,0.00000000
12779,293,19,0.08000000
12780,293,20,11.00000000
12781,293,21,0.46000000
12782,293,22,0.18000000
12783,293,23,6.80000000
12784,293,24,0.20000000
12785,293,25,0.00000000
12786,293,26,0.00000000
12787,293,27,0.58000000
12788,293,28,0.00000000
12789,293,29,0.00000000
12790,293,30,9.60000000
12791,293,31,136.00000000
12792,293,32,2.10000000
12793,293,33,10.90000000
12794,293,34,2.80000000
12795,293,35,17.50000000
12796,293,36,634.00000000
12797,293,37,270.00000000
12798,293,38,0.00000000
12799,293,39,0.24000000
12800,293,40,0.00000000
12801,293,41,0.02000000
12802,293,42,0.10000000
12803,293,43,0.00000000
12804,293,44,0.00000000
12805,294,1,120.00000000
12806,294,2,72.90000000
12807,294,3,0.00000000
12808,294,4,18.40000000
12809,294,5,0.00000000
12810,294,6,0.00000000
12811,294,7,0.00000000
12812,294,8,0.00000000
12813,294,9,0.00000000
12814,294,10,5.10000000
12815,294,11,1.90000000
12816,294,12,2.10000000
12817,294,13,0.60000000
12818,294,14,68.00000000
12819,294,15,0.00000000
12820,294,16,0.00000000
12821,294,17,0.00000000
12822,294,18,0.00000000
12823,294,19,0.08000000
12824,294,20,11.00000000
12825,294,21,0.52000000
12826,294,22,0.25000000
12827,294,23,7.30000000
12828,294,24,0.22000000
12829,294,25,0.00000000
12830,294,26,0.00000000
12831,294,27,0.60000000
12832,294,28,1.00000000
12833,294,29,0.00000000
12834,294,30,9.00000000
12835,294,31,280.00000000
12836,294,32,1.20000000
12837,294,33,11.00000000
12838,294,34,2.30000000
12839,294,35,18.00000000
12840,294,36,634.00000000
12841,294,37,280.00000000
12842,294,38,0.02000000
12843,294,39,0.22000000
12844,294,40,8.00000000
12845,294,41,0.02000000
12846,294,42,0.10000000
12847,294,43,0.00000000
12848,294,44,0.00000000
12849,295,1,375.00000000
12850,295,2,34.30000000
12851,295,3,0.00000000
12852,295,4,43.20000000
12853,295,5,0.10000000
12854,295,6,0.00000000
12855,295,7,0.10000000
12856,295,8,0.10000000
12857,295,9,0.00000000
12858,295,10,22.40000000
12859,295,11,6.50000000
12860,295,12,13.20000000
12861,295,13,2.50000000
12862,295,14,0.00000000
12863,295,15,0.00000000
12864,295,16,0.00000000
12865,295,17,0.00000000
12866,295,18,0.00000000
12867,295,19,0.08000000
12868,295,20,11.00000000
12869,295,21,0.84000000
12870,295,22,0.20000000
12871,295,23,0.00000000
12872,295,24,0.42000000
12873,295,25,13.50000000
12874,295,26,15.70000000
12875,295,27,0.00000000
12876,295,28,0.00000000
12877,295,29,0.00000000
12878,295,30,27.10000000
12879,295,31,158.00000000
12880,295,32,3.40000000
12881,295,33,11.00000000
12882,295,34,3.00000000
12883,295,35,1.60000000
12884,295,36,1661.00000000
12885,295,37,153.00000000
12886,295,38,0.00000000
12887,295,39,0.10000000
12888,295,40,0.00000000
12889,295,41,0.04000000
12890,295,42,0.10000000
12891,295,43,0.00000000
12892,295,44,0.00000000
12893,296,1,136.00000000
12894,296,2,69.50000000
12895,296,3,0.00000000
12896,296,4,21.40000000
12897,296,5,0.00000000
12898,296,6,0.00000000
12899,296,7,0.00000000
12900,296,8,0.00000000
12901,296,9,0.00000000
12902,296,10,5.60000000
12903,296,11,1.90000000
12904,296,12,2.70000000
12905,296,13,0.66000000
12906,296,14,70.90000000
12907,296,15,0.00000000
12908,296,16,0.00000000
12909,296,17,0.00000000
12910,296,18,0.00000000
12911,296,19,0.08000000
12912,296,20,11.00000000
12913,296,21,0.57000000
12914,296,22,0.25000000
12915,296,23,6.70000000
12916,296,24,0.41000000
12917,296,25,0.00000000
12918,296,26,0.00000000
12919,296,27,0.00000000
12920,296,28,0.00000000
12921,296,29,0.00000000
12922,296,30,12.70000000
12923,296,31,223.00000000
12924,296,32,2.30000000
12925,296,33,11.40000000
12926,296,34,2.20000000
12927,296,35,17.10000000
12928,296,36,1964.00000000
12929,296,37,250.00000000
12930,296,38,0.00000000
12931,296,39,0.10000000
12932,296,40,0.00000000
12933,296,41,0.03000000
12934,296,42,0.10000000
12935,296,43,0.00000000
12936,296,44,0.00000000
12937,297,1,308.00000000
12938,297,2,48.00000000
12939,297,3,0.00000000
12940,297,4,32.00000000
12941,297,5,0.00000000
12942,297,6,0.00000000
12943,297,7,0.00000000
12944,297,8,0.00000000
12945,297,9,0.00000000
12946,297,10,20.00000000
12947,297,11,7.50000000
12948,297,12,8.40000000
12949,297,13,1.40000000
12950,297,14,172.00000000
12951,297,15,0.00000000
12952,297,16,0.00000000
12953,297,17,0.00000000
12954,297,18,0.00000000
12955,297,19,0.28000000
12956,297,20,11.00000000
12957,297,21,0.67000000
12958,297,22,0.19000000
12959,297,23,12.00000000
12960,297,24,0.16000000
12961,297,25,4.60000000
12962,297,26,3.80000000
12963,297,27,0.00000000
12964,297,28,0.00000000
12965,297,29,0.00000000
12966,297,30,21.40000000
12967,297,31,180.00000000
12968,297,32,4.10000000
12969,297,33,3.80000000
12970,297,34,2.00000000
12971,297,35,21.30000000
12972,297,36,1470.00000000
12973,297,37,230.00000000
12974,297,38,0.00000000
12975,297,39,0.00000000
12976,297,40,0.00000000
12977,297,41,0.02000000
12978,297,42,0.10000000
12979,297,43,0.00000000
12980,297,44,0.00000000
12981,298,1,348.00000000
12982,298,2,47.50000000
12983,298,3,0.00000000
12984,298,4,25.00000000
12985,298,5,0.00000000
12986,298,6,0.00000000
12987,298,7,0.00000000
12988,298,8,0.00000000
12989,298,9,0.00000000
12990,298,10,27.50000000
12991,298,11,11.30000000
12992,298,12,1.50000000
12993,298,13,4.70000000
12994,298,14,88.50000000
12995,298,15,13.00000000
12996,298,16,11.00000000
12997,298,17,0.00000000
12998,298,18,0.00000000
12999,298,19,0.29000000
13000,298,20,6.00000000
13001,298,21,0.20000000
13002,298,22,0.15000000
13003,298,23,0.25000000
13004,298,24,0.14000000
13005,298,25,0.90000000
13006,298,26,0.90000000
13007,298,27,0.90000000
13008,298,28,0.00000000
13009,298,29,0.00000000
13010,298,30,20.00000000
13011,298,31,160.00000000
13012,298,32,1.60000000
13013,298,33,10.90000000
13014,298,34,1.20000000
13015,298,35,200.00000000
13016,298,36,70.00000000
13017,298,37,200.00000000
13018,298,38,0.04000000
13019,298,39,0.08000000
13020,298,40,21.10000000
13021,298,41,0.05000000
13022,298,42,0.20000000
13023,298,43,0.00000000
13024,298,44,0.00000000
13025,299,1,256.00000000
13026,299,2,55.10000000
13027,299,3,0.00000000
13028,299,4,6.90000000
13029,299,5,16.70000000
13030,299,6,14.70000000
13031,299,7,2.00000000
13032,299,8,2.00000000
13033,299,9,1.30000000
13034,299,10,17.70000000
13035,299,11,8.10000000
13036,299,12,5.60000000
13037,299,13,0.90000000
13038,299,14,64.30000000
13039,299,15,4.10000000
13040,299,16,4.10000000
13041,299,17,0.00000000
13042,299,18,0.17000000
13043,299,19,0.31000000
13044,299,20,5.00000000
13045,299,21,0.05000000
13046,299,22,0.11000000
13047,299,23,4.50000000
13048,299,24,0.04000000
13049,299,25,5.00000000
13050,299,26,0.50000000
13051,299,27,0.60000000
13052,299,28,0.00000000
13053,299,29,0.00000000
13054,299,30,27.60000000
13055,299,31,22.00000000
13056,299,32,8.20000000
13057,299,33,4.90000000
13058,299,34,0.88000000
13059,299,35,14.60000000
13060,299,36,680.00000000
13061,299,37,150.00000000
13062,299,38,0.01100000
13063,299,39,0.04000000
13064,299,40,11.80000000
13065,299,41,0.04000000
13066,299,42,0.20000000
13067,299,43,0.00000000
13068,299,44,0.00000000
13069,300,1,266.00000000
13070,300,2,60.50000000
13071,300,3,0.00000000
13072,300,4,11.90000000
13073,300,5,1.30000000
13074,300,6,1.30000000
13075,300,7,0.00000000
13076,300,8,0.00000000
13077,300,9,0.00000000
13078,300,10,23.70000000
13079,300,11,8.30000000
13080,300,12,9.90000000
13081,300,13,2.10000000
13082,300,14,73.90000000
13083,300,15,0.00000000
13084,300,16,0.00000000
13085,300,17,0.00000000
13086,300,18,0.00000000
13087,300,19,0.09000000
13088,300,20,7.00000000
13089,300,21,0.16000000
13090,300,22,0.15000000
13091,300,23,4.30000000
13092,300,24,0.03000000
13093,300,25,2.20000000
13094,300,26,2.40000000
13095,300,27,0.36000000
13096,300,28,0.00000000
13097,300,29,0.00000000
13098,300,30,59.10000000
13099,300,31,143.00000000
13100,300,32,0.83000000
13101,300,33,8.60000000
13102,300,34,3.10000000
13103,300,35,11.00000000
13104,300,36,766.00000000
13105,300,37,207.00000000
13106,300,38,0.03000000
13107,300,39,0.06000000
13108,300,40,6.10000000
13109,300,41,0.04000000
13110,300,42,0.20000000
13111,300,43,0.00000000
13112,300,44,0.00000000
13113,301,1,81.50000000
13114,301,2,79.80000000
13115,301,3,0.00000000
13116,301,4,15.20000000
13117,301,5,3.70000000
13118,301,6,3.20000000
13119,301,7,0.50000000
13120,301,8,0.50000000
13121,301,9,0.00000000
13122,301,10,0.65000000
13123,301,11,0.18000000
13124,301,12,0.21000000
13125,301,13,0.15000000
13126,301,14,0.00000000
13127,301,15,0.00000000
13128,301,16,0.00000000
13129,301,17,0.00000000
13130,301,18,0.00000000
13131,301,19,0.00000000
13132,301,20,0.00000000
13133,301,21,0.00000000
13134,301,22,0.00000000
13135,301,23,0.00000000
13136,301,24,0.00000000
13137,301,25,0.00000000
13138,301,26,0.00000000
13139,301,27,0.00000000
13140,301,28,0.00000000
13141,301,29,0.00000000
13142,301,30,0.00000000
13143,301,31,0.00000000
13144,301,32,0.00000000
13145,301,33,0.00000000
13146,301,34,0.00000000
13147,301,35,0.00000000
13148,301,36,683.00000000
13149,301,37,0.00000000
13150,301,38,0.00000000
13151,301,39,0.00000000
13152,301,40,0.00000000
13153,301,41,0.02000000
13154,301,42,0.10000000
13155,301,43,0.00000000
13156,301,44,0.00000000
13157,302,1,444.00000000
13158,302,2,33.30000000
13159,302,3,0.00000000
13160,302,4,21.00000000
13161,302,5,1.70000000
13162,302,6,1.70000000
13163,302,7,0.00000000
13164,302,8,0.00000000
13165,302,9,0.10000000
13166,302,10,39.20000000
13167,302,11,14.60000000
13168,302,12,17.60000000
13169,302,13,4.50000000
13170,302,14,79.00000000
13171,302,15,0.00000000
13172,302,16,0.00000000
13173,302,17,0.00000000
13174,302,18,0.00000000
13175,302,19,0.78000000
13176,302,20,9.00000000
13177,302,21,0.18000000
13178,302,22,0.20000000
13179,302,23,7.50000000
13180,302,24,0.15000000
13181,302,25,3.00000000
13182,302,26,1.40000000
13183,302,27,0.80000000
13184,302,28,3.00000000
13185,302,29,0.00000000
13186,302,30,10.00000000
13187,302,31,167.00000000
13188,302,32,1.00000000
13189,302,33,15.00000000
13190,302,34,1.70000000
13191,302,35,35.00000000
13192,302,36,2084.00000000
13193,302,37,224.00000000
13194,302,38,0.07000000
13195,302,39,0.24000000
13196,302,40,6.90000000
13197,302,41,0.05000000
13198,302,42,0.30000000
13199,302,43,0.00000000
13200,302,44,0.00000000
13201,303,1,309.00000000
13202,303,2,55.40000000
13203,303,3,0.00000000
13204,303,4,13.10000000
13205,303,5,0.90000000
13206,303,6,0.51000000
13207,303,7,0.39000000
13208,303,8,0.39000000
13209,303,9,0.00000000
13210,303,10,28.10000000
13211,303,11,10.50000000
13212,303,12,12.30000000
13213,303,13,2.60000000
13214,303,14,67.00000000
13215,303,15,0.00000000
13216,303,16,0.00000000
13217,303,17,0.00000000
13218,303,18,0.00000000
13219,303,19,0.00000000
13220,303,20,9.00000000
13221,303,21,0.18000000
13222,303,22,0.16000000
13223,303,23,4.60000000
13224,303,24,0.16000000
13225,303,25,3.40000000
13226,303,26,1.50000000
13227,303,27,0.40000000
13228,303,28,0.00000000
13229,303,29,0.00000000
13230,303,30,34.50000000
13231,303,31,150.00000000
13232,303,32,1.40000000
13233,303,33,1.80000000
13234,303,34,2.60000000
13235,303,35,9.40000000
13236,303,36,1060.00000000
13237,303,37,210.00000000
13238,303,38,0.02800000
13239,303,39,0.07000000
13240,303,40,11.50000000
13241,303,41,0.05000000
13242,303,42,0.30000000
13243,303,43,0.00000000
13244,303,44,0.00000000
13245,304,1,438.00000000
13246,304,2,34.40000000
13247,304,3,0.00000000
13248,304,4,19.30000000
13249,304,5,1.40000000
13250,304,6,1.30000000
13251,304,7,0.09000000
13252,304,8,0.09000000
13253,304,9,0.00000000
13254,304,10,39.50000000
13255,304,11,14.10000000
13256,304,12,18.60000000
13257,304,13,4.70000000
13258,304,14,77.70000000
13259,304,15,0.00000000
13260,304,16,0.00000000
13261,304,17,0.00000000
13262,304,18,0.00000000
13263,304,19,0.27000000
13264,304,20,10.00000000
13265,304,21,0.18000000
13266,304,22,0.19000000
13267,304,23,7.30000000
13268,304,24,0.16000000
13269,304,25,4.20000000
13270,304,26,2.60000000
13271,304,27,1.10000000
13272,304,28,0.00000000
13273,304,29,0.00000000
13274,304,30,15.70000000
13275,304,31,242.00000000
13276,304,32,1.00000000
13277,304,33,14.70000000
13278,304,34,1.80000000
13279,304,35,11.20000000
13280,304,36,1174.00000000
13281,304,37,160.00000000
13282,304,38,0.03800000
13283,304,39,0.08000000
13284,304,40,26.10000000
13285,304,41,0.05000000
13286,304,42,0.30000000
13287,304,43,0.00000000
13288,304,44,0.00000000
13289,305,1,122.00000000
13290,305,2,75.80000000
13291,305,3,0.00000000
13292,305,4,19.20000000
13293,305,5,0.00000000
13294,305,6,0.00000000
13295,305,7,0.00000000
13296,305,8,0.00000000
13297,305,9,0.00000000
13298,305,10,5.00000000
13299,305,11,1.50000000
13300,305,12,2.20000000
13301,305,13,0.39000000
13302,305,14,56.00000000
13303,305,15,0.00000000
13304,305,16,0.00000000
13305,305,17,0.00000000
13306,305,18,0.40000000
13307,305,19,0.09000000
13308,305,20,15.00000000
13309,305,21,0.25000000
13310,305,22,0.10000000
13311,305,23,5.70000000
13312,305,24,0.30000000
13313,305,25,5.00000000
13314,305,26,2.00000000
13315,305,27,0.60000000
13316,305,28,0.00000000
13317,305,29,0.00000000
13318,305,30,9.00000000
13319,305,31,220.00000000
13320,305,32,1.00000000
13321,305,33,5.00000000
13322,305,34,2.00000000
13323,305,35,22.00000000
13324,305,36,82.00000000
13325,305,37,385.00000000
13326,305,38,0.02000000
13327,305,39,0.14000000
13328,305,40,1.00000000
13329,305,41,0.03000000
13330,305,42,0.10000000
13331,305,43,0.00000000
13332,305,44,0.00000000
13333,306,1,108.00000000
13334,306,2,76.30000000
13335,306,3,0.00000000
13336,306,4,20.60000000
13337,306,5,0.40000000
13338,306,6,0.40000000
13339,306,7,0.00000000
13340,306,8,0.00000000
13341,306,9,0.00000000
13342,306,10,2.70000000
13343,306,11,0.96000000
13344,306,12,1.10000000
13345,306,13,0.57000000
13346,306,14,54.00000000
13347,306,15,21.00000000
13348,306,16,21.00000000
13349,306,17,0.00000000
13350,306,18,0.00000000
13351,306,19,0.67000000
13352,306,20,7.00000000
13353,306,21,0.11000000
13354,306,22,0.15000000
13355,306,23,6.60000000
13356,306,24,0.50000000
13357,306,25,6.00000000
13358,306,26,3.00000000
13359,306,27,0.33000000
13360,306,28,0.00000000
13361,306,29,0.00000000
13362,306,30,9.20000000
13363,306,31,216.00000000
13364,306,32,4.80000000
13365,306,33,5.00000000
13366,306,34,4.90000000
13367,306,35,26.00000000
13368,306,36,44.00000000
13369,306,37,377.00000000
13370,306,38,0.02400000
13371,306,39,0.21000000
13372,306,40,3.00000000
13373,306,41,0.03000000
13374,306,42,0.10000000
13375,306,43,0.00000000
13376,306,44,0.00000000
13377,307,1,204.00000000
13378,307,2,66.20000000
13379,307,3,0.00000000
13380,307,4,18.10000000
13381,307,5,0.40000000
13382,307,6,0.00000000
13383,307,7,0.40000000
13384,307,8,0.00000000
13385,307,9,0.00000000
13386,307,10,14.40000000
13387,307,11,5.70000000
13388,307,12,2.90000000
13389,307,13,4.40000000
13390,307,14,65.00000000
13391,307,15,0.34000000
13392,307,16,0.34000000
13393,307,17,0.00000000
13394,307,18,0.00000000
13395,307,19,0.40000000
13396,307,20,4.00000000
13397,307,21,0.00000000
13398,307,22,0.09000000
13399,307,23,3.00000000
13400,307,24,0.59000000
13401,307,25,6.00000000
13402,307,26,11.60000000
13403,307,27,0.95000000
13404,307,28,1.20000000
13405,307,29,0.00000000
13406,307,30,22.80000000
13407,307,31,216.00000000
13408,307,32,1.50000000
13409,307,33,1.80000000
13410,307,34,1.40000000
13411,307,35,24.90000000
13412,307,36,78.00000000
13413,307,37,350.00000000
13414,307,38,0.03800000
13415,307,39,0.15000000
13416,307,40,10.00000000
13417,307,41,0.04000000
13418,307,42,0.10000000
13419,307,43,0.00000000
13420,307,44,0.00000000
13421,308,1,88.40000000
13422,308,2,74.90000000
13423,308,3,0.00000000
13424,308,4,10.40000000
13425,308,5,0.00000000
13426,308,6,0.00000000
13427,308,7,0.00000000
13428,308,8,0.00000000
13429,308,9,0.00000000
13430,308,10,5.20000000
13431,308,11,1.80000000
13432,308,12,1.40000000
13433,308,13,1.50000000
13434,308,14,52.00000000
13435,308,15,0.00000000
13436,308,16,0.00000000
13437,308,17,0.00000000
13438,308,18,0.00000000
13439,308,19,0.09000000
13440,308,20,4.00000000
13441,308,21,0.03000000
13442,308,22,0.30000000
13443,308,23,6.30000000
13444,308,24,0.44000000
13445,308,25,4.00000000
13446,308,26,8.80000000
13447,308,27,0.70000000
13448,308,28,0.90000000
13449,308,29,0.00000000
13450,308,30,22.00000000
13451,308,31,220.00000000
13452,308,32,1.00000000
13453,308,33,5.00000000
13454,308,34,3.90000000
13455,308,35,22.00000000
13456,308,36,67.00000000
13457,308,37,360.00000000
13458,308,38,0.01000000
13459,308,39,0.06000000
13460,308,40,17.00000000
13461,308,41,0.02000000
13462,308,42,0.10000000
13463,308,43,0.00000000
13464,308,44,0.00000000
13465,309,1,138.00000000
13466,309,2,70.90000000
13467,309,3,0.00000000
13468,309,4,22.10000000
13469,309,5,0.50000000
13470,309,6,0.00000000
13471,309,7,0.00000000
13472,309,8,0.00000000
13473,309,9,0.00000000
13474,309,10,5.30000000
13475,309,11,2.10000000
13476,309,12,1.10000000
13477,309,13,1.60000000
13478,309,14,65.00000000
13479,309,15,0.00000000
13480,309,16,0.00000000
13481,309,17,0.00000000
13482,309,18,0.00000000
13483,309,19,0.16000000
13484,309,20,4.00000000
13485,309,21,0.17000000
13486,309,22,0.11000000
13487,309,23,3.70000000
13488,309,24,0.50000000
13489,309,25,5.00000000
13490,309,26,10.00000000
13491,309,27,0.80000000
13492,309,28,1.00000000
13493,309,29,0.00000000
13494,309,30,17.00000000
13495,309,31,180.00000000
13496,309,32,1.30000000
13497,309,33,5.00000000
13498,309,34,4.50000000
13499,309,35,26.00000000
13500,309,36,67.00000000
13501,309,37,360.00000000
13502,309,38,0.01000000
13503,309,39,0.07000000
13504,309,40,20.00000000
13505,309,41,0.03000000
13506,309,42,0.10000000
13507,309,43,0.00000000
13508,309,44,0.00000000
13509,310,1,113.00000000
13510,310,2,75.40000000
13511,310,3,0.00000000
13512,310,4,21.60000000
13513,310,5,0.00000000
13514,310,6,0.00000000
13515,310,7,0.00000000
13516,310,8,0.00000000
13517,310,9,0.00000000
13518,310,10,3.00000000
13519,310,11,0.90000000
13520,310,12,0.82000000
13521,310,13,0.58000000
13522,310,14,65.00000000
13523,310,15,0.00000000
13524,310,16,0.00000000
13525,310,17,0.00000000
13526,310,18,0.00000000
13527,310,19,0.27000000
13528,310,20,6.00000000
13529,310,21,0.09000000
13530,310,22,0.06000000
13531,310,23,10.50000000
13532,310,24,0.30000000
13533,310,25,5.00000000
13534,310,26,1.00000000
13535,310,27,0.80000000
13536,310,28,0.00000000
13537,310,29,0.00000000
13538,310,30,14.00000000
13539,310,31,210.00000000
13540,310,32,2.80000000
13541,310,33,2.00000000
13542,310,34,2.20000000
13543,310,35,24.00000000
13544,310,36,44.00000000
13545,310,37,276.00000000
13546,310,38,0.04000000
13547,310,39,0.22000000
13548,310,40,17.00000000
13549,310,41,0.02000000
13550,310,42,0.10000000
13551,310,43,0.00000000
13552,310,44,0.00000000
13553,311,1,102.00000000
13554,311,2,75.30000000
13555,311,3,0.00000000
13556,311,4,23.70000000
13557,311,5,0.60000000
13558,311,6,0.00000000
13559,311,7,0.60000000
13560,311,8,0.00000000
13561,311,9,0.00000000
13562,311,10,0.60000000
13563,311,11,0.24000000
13564,311,12,0.12000000
13565,311,13,0.18000000
13566,311,14,65.00000000
13567,311,15,0.00000000
13568,311,16,0.00000000
13569,311,17,0.00000000
13570,311,18,0.00000000
13571,311,19,0.01000000
13572,311,20,4.00000000
13573,311,21,0.19000000
13574,311,22,0.12000000
13575,311,23,4.00000000
13576,311,24,0.43000000
13577,311,25,4.00000000
13578,311,26,8.70000000
13579,311,27,0.69000000
13580,311,28,0.90000000
13581,311,29,0.00000000
13582,311,30,17.00000000
13583,311,31,180.00000000
13584,311,32,1.30000000
13585,311,33,5.00000000
13586,311,34,3.90000000
13587,311,35,22.00000000
13588,311,36,57.00000000
13589,311,37,306.00000000
13590,311,38,0.01000000
13591,311,39,0.06000000
13592,311,40,17.40000000
13593,311,41,0.02000000
13594,311,42,0.10000000
13595,311,43,0.00000000
13596,311,44,0.00000000
13597,312,1,137.00000000
13598,312,2,72.00000000
13599,312,3,0.00000000
13600,312,4,21.00000000
13601,312,5,0.00000000
13602,312,6,0.00000000
13603,312,7,0.00000000
13604,312,8,0.00000000
13605,312,9,0.00000000
13606,312,10,5.90000000
13607,312,11,2.30000000
13608,312,12,1.20000000
13609,312,13,1.80000000
13610,312,14,52.00000000
13611,312,15,0.00000000
13612,312,16,0.00000000
13613,312,17,0.00000000
13614,312,18,0.00000000
13615,312,19,0.13000000
13616,312,20,4.00000000
13617,312,21,0.03000000
13618,312,22,0.30000000
13619,312,23,6.30000000
13620,312,24,0.50000000
13621,312,25,5.00000000
13622,312,26,10.00000000
13623,312,27,0.80000000
13624,312,28,1.00000000
13625,312,29,0.00000000
13626,312,30,22.80000000
13627,312,31,216.00000000
13628,312,32,1.00000000
13629,312,33,5.00000000
13630,312,34,3.90000000
13631,312,35,22.00000000
13632,312,36,67.00000000
13633,312,37,360.00000000
13634,312,38,0.03800000
13635,312,39,0.06000000
13636,312,40,17.00000000
13637,312,41,0.02000000
13638,312,42,0.10000000
13639,312,43,0.00000000
13640,312,44,0.00000000
13641,313,1,256.00000000
13642,313,2,63.00000000
13643,313,3,0.00000000
13644,313,4,15.40000000
13645,313,5,0.00000000
13646,313,6,0.00000000
13647,313,7,0.00000000
13648,313,8,0.00000000
13649,313,9,0.00000000
13650,313,10,21.60000000
13651,313,11,9.30000000
13652,313,12,9.50000000
13653,313,13,0.90000000
13654,313,14,67.50000000
13655,313,15,0.00000000
13656,313,16,0.00000000
13657,313,17,0.00000000
13658,313,18,0.00000000
13659,313,19,0.20000000
13660,313,20,6.00000000
13661,313,21,0.04000000
13662,313,22,0.17000000
13663,313,23,9.00000000
13664,313,24,0.28000000
13665,313,25,9.50000000
13666,313,26,1.00000000
13667,313,27,0.33000000
13668,313,28,0.00000000
13669,313,29,0.00000000
13670,313,30,9.20000000
13671,313,31,139.00000000
13672,313,32,1.80000000
13673,313,33,5.60000000
13674,313,34,3.50000000
13675,313,35,12.90000000
13676,313,36,49.00000000
13677,313,37,260.00000000
13678,313,38,0.01000000
13679,313,39,0.07000000
13680,313,40,1.00000000
13681,313,41,0.04000000
13682,313,42,0.20000000
13683,313,43,0.00000000
13684,313,44,0.00000000
13685,314,1,234.00000000
13686,314,2,61.80000000
13687,314,3,0.00000000
13688,314,4,22.00000000
13689,314,5,0.00000000
13690,314,6,0.00000000
13691,314,7,0.00000000
13692,314,8,0.00000000
13693,314,9,0.00000000
13694,314,10,16.20000000
13695,314,11,6.90000000
13696,314,12,6.90000000
13697,314,13,0.48000000
13698,314,14,66.00000000
13699,314,15,1.00000000
13700,314,16,1.00000000
13701,314,17,0.00000000
13702,314,18,0.00000000
13703,314,19,0.18000000
13704,314,20,6.00000000
13705,314,21,0.06000000
13706,314,22,0.31000000
13707,314,23,8.00000000
13708,314,24,0.27000000
13709,314,25,9.00000000
13710,314,26,2.00000000
13711,314,27,0.60000000
13712,314,28,0.00000000
13713,314,29,0.00000000
13714,314,30,15.00000000
13715,314,31,160.00000000
13716,314,32,2.70000000
13717,314,33,6.00000000
13718,314,34,4.30000000
13719,314,35,17.00000000
13720,314,36,86.00000000
13721,314,37,290.00000000
13722,314,38,0.04000000
13723,314,39,0.15000000
13724,314,40,3.00000000
13725,314,41,0.05000000
13726,314,42,0.30000000
13727,314,43,0.00000000
13728,314,44,0.00000000
13729,315,1,200.00000000
13730,315,2,67.40000000
13731,315,3,0.00000000
13732,315,4,18.60000000
13733,315,5,0.00000000
13734,315,6,0.00000000
13735,315,7,0.00000000
13736,315,8,0.00000000
13737,315,9,0.00000000
13738,315,10,14.00000000
13739,315,11,6.30000000
13740,315,12,6.60000000
13741,315,13,0.49000000
13742,315,14,70.00000000
13743,315,15,22.00000000
13744,315,16,22.00000000
13745,315,17,0.00000000
13746,315,18,0.00000000
13747,315,19,0.19000000
13748,315,20,6.00000000
13749,315,21,0.03800000
13750,315,22,0.06400000
13751,315,23,7.00000000
13752,315,24,0.23000000
13753,315,25,8.00000000
13754,315,26,1.00000000
13755,315,27,0.50000000
13756,315,28,0.00000000
13757,315,29,0.00000000
13758,315,30,8.10000000
13759,315,31,139.00000000
13760,315,32,1.90000000
13761,315,33,6.00000000
13762,315,34,3.60000000
13763,315,35,18.00000000
13764,315,36,61.00000000
13765,315,37,264.00000000
13766,315,38,0.00900000
13767,315,39,0.07400000
13768,315,40,1.00000000
13769,315,41,0.06000000
13770,315,42,0.40000000
13771,315,43,0.00000000
13772,315,44,0.00000000
13773,316,1,120.00000000
13774,316,2,75.40000000
13775,316,3,0.00000000
13776,316,4,20.30000000
13777,316,5,0.00000000
13778,316,6,0.00000000
13779,316,7,0.00000000
13780,316,8,0.00000000
13781,316,9,0.00000000
13782,316,10,4.30000000
13783,316,11,1.70000000
13784,316,12,1.90000000
13785,316,13,0.23000000
13786,316,14,59.00000000
13787,316,15,0.00000000
13788,316,16,0.00000000
13789,316,17,0.00000000
13790,316,18,0.00000000
13791,316,19,0.15000000
13792,316,20,6.00000000
13793,316,21,0.07000000
13794,316,22,0.24000000
13795,316,23,9.50000000
13796,316,24,0.32000000
13797,316,25,10.00000000
13798,316,26,2.00000000
13799,316,27,0.70000000
13800,316,28,0.00000000
13801,316,29,0.00000000
13802,316,30,7.00000000
13803,316,31,180.00000000
13804,316,32,2.10000000
13805,316,33,6.00000000
13806,316,34,4.30000000
13807,316,35,20.00000000
13808,316,36,61.00000000
13809,316,37,350.00000000
13810,316,38,0.04000000
13811,316,39,0.14000000
13812,316,40,3.00000000
13813,316,41,0.04000000
13814,316,42,0.20000000
13815,316,43,0.00000000
13816,316,44,0.00000000
13817,317,1,160.00000000
13818,317,2,71.60000000
13819,317,3,0.00000000
13820,317,4,19.10000000
13821,317,5,0.00000000
13822,317,6,0.00000000
13823,317,7,0.00000000
13824,317,8,0.00000000
13825,317,9,0.00000000
13826,317,10,9.30000000
13827,317,11,3.80000000
13828,317,12,4.60000000
13829,317,13,0.39000000
13830,317,14,70.00000000
13831,317,15,4.00000000
13832,317,16,4.00000000
13833,317,17,0.00000000
13834,317,18,0.50000000
13835,317,19,0.15000000
13836,317,20,6.00000000
13837,317,21,0.11000000
13838,317,22,0.12000000
13839,317,23,5.50000000
13840,317,24,0.54000000
13841,317,25,16.00000000
13842,317,26,1.00000000
13843,317,27,0.55000000
13844,317,28,0.00000000
13845,317,29,0.00000000
13846,317,30,10.00000000
13847,317,31,172.00000000
13848,317,32,2.10000000
13849,317,33,6.00000000
13850,317,34,3.60000000
13851,317,35,17.00000000
13852,317,36,51.00000000
13853,317,37,330.00000000
13854,317,38,0.01000000
13855,317,39,0.06700000
13856,317,40,1.00000000
13857,317,41,0.05000000
13858,317,42,0.30000000
13859,317,43,0.00000000
13860,317,44,0.00000000
13861,318,1,107.00000000
13862,318,2,76.50000000
13863,318,3,0.00000000
13864,318,4,20.90000000
13865,318,5,0.00000000
13866,318,6,0.00000000
13867,318,7,0.00000000
13868,318,8,0.00000000
13869,318,9,0.00000000
13870,318,10,2.60000000
13871,318,11,1.10000000
13872,318,12,0.98000000
13873,318,13,0.20000000
13874,318,14,70.00000000
13875,318,15,0.00000000
13876,318,16,0.00000000
13877,318,17,0.00000000
13878,318,18,0.00000000
13879,318,19,0.19000000
13880,318,20,7.00000000
13881,318,21,0.14000000
13882,318,22,0.26000000
13883,318,23,7.40000000
13884,318,24,0.40000000
13885,318,25,5.00000000
13886,318,26,1.00000000
13887,318,27,0.85000000
13888,318,28,0.00000000
13889,318,29,0.00000000
13890,318,30,13.00000000
13891,318,31,195.00000000
13892,318,32,2.10000000
13893,318,33,2.80000000
13894,318,34,2.30000000
13895,318,35,16.00000000
13896,318,36,93.00000000
13897,318,37,369.00000000
13898,318,38,0.03000000
13899,318,39,0.25000000
13900,318,40,8.10000000
13901,318,41,0.04000000
13902,318,42,0.20000000
13903,318,43,0.00000000
13904,318,44,0.00000000
13905,319,1,120.00000000
13906,319,2,77.40000000
13907,319,3,0.00000000
13908,319,4,16.60000000
13909,319,5,0.00000000
13910,319,6,0.00000000
13911,319,7,0.00000000
13912,319,8,0.00000000
13913,319,9,0.00000000
13914,319,10,6.00000000
13915,319,11,2.70000000
13916,319,12,2.40000000
13917,319,13,0.35000000
13918,319,14,62.80000000
13919,319,15,0.00000000
13920,319,16,0.00000000
13921,319,17,0.00000000
13922,319,18,0.00000000
13923,319,19,0.19000000
13924,319,20,4.00000000
13925,319,21,0.07000000
13926,319,22,0.24000000
13927,319,23,7.50000000
13928,319,24,0.61000000
13929,319,25,3.30000000
13930,319,26,2.00000000
13931,319,27,13.00000000
13932,319,28,0.00000000
13933,319,29,0.00000000
13934,319,30,8.00000000
13935,319,31,199.00000000
13936,319,32,2.90000000
13937,319,33,2.80000000
13938,319,34,7.10000000
13939,319,35,20.00000000
13940,319,36,85.00000000
13941,319,37,304.00000000
13942,319,38,0.02700000
13943,319,39,0.09400000
13944,319,40,8.50000000
13945,319,41,0.03000000
13946,319,42,0.10000000
13947,319,43,0.00000000
13948,319,44,0.00000000
13949,320,1,242.00000000
13950,320,2,62.80000000
13951,320,3,0.00000000
13952,320,4,18.60000000
13953,320,5,0.00000000
13954,320,6,0.00000000
13955,320,7,0.00000000
13956,320,8,0.00000000
13957,320,9,0.00000000
13958,320,10,18.60000000
13959,320,11,6.30000000
13960,320,12,6.60000000
13961,320,13,0.49000000
13962,320,14,70.00000000
13963,320,15,22.00000000
13964,320,16,0.00000000
13965,320,17,0.00000000
13966,320,18,0.00000000
13967,320,19,0.19000000
13968,320,20,0.00000000
13969,320,21,0.04000000
13970,320,22,0.06000000
13971,320,23,7.00000000
13972,320,24,0.23000000
13973,320,25,0.00000000
13974,320,26,1.00000000
13975,320,27,0.00000000
13976,320,28,0.00000000
13977,320,29,0.00000000
13978,320,30,8.10000000
13979,320,31,139.00000000
13980,320,32,1.90000000
13981,320,33,6.00000000
13982,320,34,3.60000000
13983,320,35,18.00000000
13984,320,36,61.00000000
13985,320,37,264.00000000
13986,320,38,0.00000000
13987,320,39,0.00000000
13988,320,40,1.00000000
13989,320,41,0.06000000
13990,320,42,0.40000000
13991,320,43,0.00000000
13992,320,44,0.00000000
13993,321,1,131.00000000
13994,321,2,75.10000000
13995,321,3,0.00000000
13996,321,4,18.60000000
13997,321,5,0.00000000
13998,321,6,0.00000000
13999,321,7,0.00000000
14000,321,8,0.00000000
14001,321,9,0.00000000
14002,321,10,6.30000000
14003,321,11,2.60000000
14004,321,12,2.40000000
14005,321,13,0.41000000
14006,321,14,73.00000000
14007,321,15,0.00000000
14008,321,16,0.00000000
14009,321,17,0.00000000
14010,321,18,0.00000000
14011,321,19,0.08000000
14012,321,20,6.00000000
14013,321,21,0.14000000
14014,321,22,0.24000000
14015,321,23,6.70000000
14016,321,24,0.43000000
14017,321,25,9.00000000
14018,321,26,1.40000000
14019,321,27,0.99000000
14020,321,28,0.00000000
14021,321,29,0.00000000
14022,321,30,11.00000000
14023,321,31,237.00000000
14024,321,32,3.00000000
14025,321,33,3.00000000
14026,321,34,3.30000000
14027,321,35,17.00000000
14028,321,36,105.00000000
14029,321,37,329.00000000
14030,321,38,0.01200000
14031,321,39,0.06500000
14032,321,40,15.60000000
14033,321,41,0.04000000
14034,321,42,0.20000000
14035,321,43,0.00000000
14036,321,44,0.00000000
14037,322,1,131.00000000
14038,322,2,73.90000000
14039,322,3,0.00000000
14040,322,4,20.70000000
14041,322,5,0.00000000
14042,322,6,0.00000000
14043,322,7,0.00000000
14044,322,8,0.00000000
14045,322,9,0.00000000
14046,322,10,5.40000000
14047,322,11,2.00000000
14048,322,12,2.30000000
14049,322,13,0.19000000
14050,322,14,59.00000000
14051,322,15,4.00000000
14052,322,16,4.00000000
14053,322,17,0.00000000
14054,322,18,0.00000000
14055,322,19,0.15000000
14056,322,20,7.00000000
14057,322,21,0.04100000
14058,322,22,0.16000000
14059,322,23,8.10000000
14060,322,24,0.32000000
14061,322,25,8.00000000
14062,322,26,2.00000000
14063,322,27,0.64000000
14064,322,28,0.00000000
14065,322,29,0.00000000
14066,322,30,8.00000000
14067,322,31,198.00000000
14068,322,32,2.10000000
14069,322,33,3.00000000
14070,322,34,3.80000000
14071,322,35,18.00000000
14072,322,36,60.00000000
14073,322,37,350.00000000
14074,322,38,0.01000000
14075,322,39,0.07700000
14076,322,40,17.40000000
14077,322,41,0.03000000
14078,322,42,0.10000000
14079,322,43,0.00000000
14080,322,44,0.00000000
14081,323,1,205.00000000
14082,323,2,65.80000000
14083,323,3,0.00000000
14084,323,4,20.60000000
14085,323,5,0.00000000
14086,323,6,0.00000000
14087,323,7,0.00000000
14088,323,8,0.00000000
14089,323,9,0.00000000
14090,323,10,13.60000000
14091,323,11,4.70000000
14092,323,12,6.50000000
14093,323,13,0.92000000
14094,323,14,71.20000000
14095,323,15,4.00000000
14096,323,16,4.00000000
14097,323,17,0.00000000
14098,323,18,0.00000000
14099,323,19,0.14000000
14100,323,20,7.00000000
14101,323,21,0.06000000
14102,323,22,0.16000000
14103,323,23,9.00000000
14104,323,24,0.39000000
14105,323,25,5.90000000
14106,323,26,1.00000000
14107,323,27,0.85000000
14108,323,28,0.00000000
14109,323,29,0.00000000
14110,323,30,12.00000000
14111,323,31,204.00000000
14112,323,32,1.50000000
14113,323,33,2.60000000
14114,323,34,4.70000000
14115,323,35,25.50000000
14116,323,36,87.00000000
14117,323,37,395.00000000
14118,323,38,0.03000000
14119,323,39,0.25000000
14120,323,40,8.10000000
14121,323,41,0.04000000
14122,323,42,0.20000000
14123,323,43,0.00000000
14124,323,44,0.00000000
14125,324,1,134.00000000
14126,324,2,76.90000000
14127,324,3,0.00000000
14128,324,4,14.80000000
14129,324,5,0.00000000
14130,324,6,0.00000000
14131,324,7,0.00000000
14132,324,8,0.00000000
14133,324,9,0.00000000
14134,324,10,8.30000000
14135,324,11,4.30000000
14136,324,12,2.80000000
14137,324,13,0.19000000
14138,324,14,95.00000000
14139,324,15,0.00000000
14140,324,16,0.00000000
14141,324,17,0.00000000
14142,324,18,0.00000000
14143,324,19,0.08000000
14144,324,20,4.00000000
14145,324,21,0.02500000
14146,324,22,0.07000000
14147,324,23,2.60000000
14148,324,24,0.04000000
14149,324,25,2.00000000
14150,324,26,1.50000000
14151,324,27,2.40000000
14152,324,28,0.00000000
14153,324,29,3.40000000
14154,324,30,9.00000000
14155,324,31,79.00000000
14156,324,32,10.00000000
14157,324,33,0.00000000
14158,324,34,2.50000000
14159,324,35,8.00000000
14160,324,36,46.00000000
14161,324,37,270.00000000
14162,324,38,0.01000000
14163,324,39,0.09000000
14164,324,40,45.90000000
14165,324,41,0.02000000
14166,324,42,0.10000000
14167,324,43,0.00000000
14168,324,44,0.00000000
14169,325,1,114.00000000
14170,325,2,77.70000000
14171,325,3,0.00000000
14172,325,4,17.30000000
14173,325,5,1.30000000
14174,325,6,0.00000000
14175,325,7,1.30000000
14176,325,8,0.00000000
14177,325,9,0.00000000
14178,325,10,4.40000000
14179,325,11,1.20000000
14180,325,12,1.00000000
14181,325,13,1.10000000
14182,325,14,131.00000000
14183,325,15,8.00000000
14184,325,16,8.00000000
14185,325,17,0.00000000
14186,325,18,0.00000000
14187,325,19,0.63000000
14188,325,20,0.00000000
14189,325,21,0.46000000
14190,325,22,1.10000000
14191,325,23,6.60000000
14192,325,24,0.00000000
14193,325,25,0.00000000
14194,325,26,2.70000000
14195,325,27,2.50000000
14196,325,28,0.00000000
14197,325,29,5.30000000
14198,325,30,5.00000000
14199,325,31,176.00000000
14200,325,32,4.30000000
14201,325,33,0.00000000
14202,325,34,2.20000000
14203,325,35,20.00000000
14204,325,36,80.00000000
14205,325,37,257.00000000
14206,325,38,0.00000000
14207,325,39,0.41000000
14208,325,40,10.40000000
14209,325,41,0.04000000
14210,325,42,0.10000000
14211,325,43,0.00000000
14212,325,44,0.00000000
14213,326,1,118.00000000
14214,326,2,77.60000000
14215,326,3,0.00000000
14216,326,4,16.50000000
14217,326,5,0.21000000
14218,326,6,0.00000000
14219,326,7,0.21000000
14220,326,8,0.00000000
14221,326,9,0.00000000
14222,326,10,5.70000000
14223,326,11,2.30000000
14224,326,12,1.60000000
14225,326,13,0.60000000
14226,326,14,135.00000000
14227,326,15,0.00000000
14228,326,16,0.00000000
14229,326,17,0.00000000
14230,326,18,0.00000000
14231,326,19,0.00000000
14232,326,20,0.00000000
14233,326,21,0.31000000
14234,326,22,0.86000000
14235,326,23,0.00000000
14236,326,24,0.00000000
14237,326,25,0.00000000
14238,326,26,5.20000000
14239,326,27,2.60000000
14240,326,28,0.00000000
14241,326,29,5.00000000
14242,326,30,4.00000000
14243,326,31,160.00000000
14244,326,32,6.10000000
14245,326,33,0.00000000
14246,326,34,2.10000000
14247,326,35,16.00000000
14248,326,36,118.00000000
14249,326,37,248.00000000
14250,326,38,0.00000000
14251,326,39,0.40000000
14252,326,40,32.00000000
14253,326,41,0.04000000
14254,326,42,0.10000000
14255,326,43,0.00000000
14256,326,44,0.00000000
14257,327,1,149.00000000
14258,327,2,74.40000000
14259,327,3,0.00000000
14260,327,4,15.60000000
14261,327,5,0.71000000
14262,327,6,0.00000000
14263,327,7,0.71000000
14264,327,8,0.00000000
14265,327,9,0.00000000
14266,327,10,9.30000000
14267,327,11,2.70000000
14268,327,12,2.40000000
14269,327,13,2.70000000
14270,327,14,136.00000000
14271,327,15,9.00000000
14272,327,16,9.00000000
14273,327,17,0.00000000
14274,327,18,0.00000000
14275,327,19,1.20000000
14276,327,20,0.00000000
14277,327,21,0.43000000
14278,327,22,1.20000000
14279,327,23,0.00000000
14280,327,24,0.00000000
14281,327,25,0.00000000
14282,327,26,4.20000000
14283,327,27,2.60000000
14284,327,28,0.00000000
14285,327,29,6.00000000
14286,327,30,22.00000000
14287,327,31,164.00000000
14288,327,32,1.70000000
14289,327,33,0.00000000
14290,327,34,3.10000000
14291,327,35,15.00000000
14292,327,36,111.00000000
14293,327,37,262.00000000
14294,327,38,0.00000000
14295,327,39,0.00000000
14296,327,40,0.00000000
14297,327,41,0.04000000
14298,327,42,0.10000000
14299,327,43,0.00000000
14300,327,44,0.00000000
14301,328,1,104.00000000
14302,328,2,79.00000000
14303,328,3,0.00000000
14304,328,4,17.00000000
14305,328,5,0.00000000
14306,328,6,0.00000000
14307,328,7,0.00000000
14308,328,8,0.00000000
14309,328,9,0.00000000
14310,328,10,4.00000000
14311,328,11,1.60000000
14312,328,12,1.00000000
14313,328,13,0.50000000
14314,328,14,140.00000000
14315,328,15,0.00000000
14316,328,16,0.00000000
14317,328,17,0.00000000
14318,328,18,1.00000000
14319,328,19,0.52000000
14320,328,20,0.00000000
14321,328,21,0.19000000
14322,328,22,1.00000000
14323,328,23,10.50000000
14324,328,24,0.30000000
14325,328,25,3.00000000
14326,328,26,13.00000000
14327,328,27,2.30000000
14328,328,28,0.00000000
14329,328,29,6.00000000
14330,328,30,6.00000000
14331,328,31,210.00000000
14332,328,32,4.80000000
14333,328,33,0.00000000
14334,328,34,2.00000000
14335,328,35,23.00000000
14336,328,36,92.00000000
14337,328,37,263.00000000
14338,328,38,0.04100000
14339,328,39,0.36000000
14340,328,40,22.00000000
14341,328,41,0.04000000
14342,328,42,0.10000000
14343,328,43,0.00000000
14344,328,44,0.00000000
14345,329,1,131.00000000
14346,329,2,73.50000000
14347,329,3,0.00000000
14348,329,4,20.70000000
14349,329,5,0.93000000
14350,329,6,0.93000000
14351,329,7,0.00000000
14352,329,8,0.00000000
14353,329,9,0.00000000
14354,329,10,4.90000000
14355,329,11,1.70000000
14356,329,12,0.58000000
14357,329,13,1.40000000
14358,329,14,354.00000000
14359,329,15,36000.00000000
14360,329,16,36000.00000000
14361,329,17,0.00000000
14362,329,18,1.10000000
14363,329,19,0.60000000
14364,329,20,56.00000000
14365,329,21,0.31000000
14366,329,22,3.20000000
14367,329,23,19.40000000
14368,329,24,0.59000000
14369,329,25,136.00000000
14370,329,26,39.00000000
14371,329,27,6.80000000
14372,329,28,27.00000000
14373,329,29,23.00000000
14374,329,30,7.60000000
14375,329,31,407.00000000
14376,329,32,18.00000000
14377,329,33,14.00000000
14378,329,34,6.50000000
14379,329,35,23.00000000
14380,329,36,77.00000000
14381,329,37,363.00000000
14382,329,38,0.31000000
14383,329,39,1.30000000
14384,329,40,56.00000000
14385,329,41,0.05000000
14386,329,42,0.10000000
14387,329,43,0.00000000
14388,329,44,0.00000000
14389,330,1,137.00000000
14390,330,2,70.70000000
14391,330,3,0.00000000
14392,330,4,20.70000000
14393,330,5,2.20000000
14394,330,6,2.20000000
14395,330,7,0.00000000
14396,330,8,0.00000000
14397,330,9,0.00000000
14398,330,10,5.00000000
14399,330,11,1.70000000
14400,330,12,1.20000000
14401,330,13,0.75000000
14402,330,14,371.00000000
14403,330,15,20010.00000000
14404,330,16,20000.00000000
14405,330,17,60.00000000
14406,330,18,1.20000000
14407,330,19,0.40000000
14408,330,20,0.00000000
14409,330,21,0.34000000
14410,330,22,3.50000000
14411,330,23,15.50000000
14412,330,24,0.60000000
14413,330,25,240.00000000
14414,330,26,75.00000000
14415,330,27,0.00000000
14416,330,28,0.00000000
14417,330,29,15.00000000
14418,330,30,8.00000000
14419,330,31,360.00000000
14420,330,32,10.20000000
14421,330,33,0.00000000
14422,330,34,3.90000000
14423,330,35,19.00000000
14424,330,36,72.00000000
14425,330,37,297.00000000
14426,330,38,0.00000000
14427,330,39,0.00000000
14428,330,40,0.00000000
14429,330,41,0.05000000
14430,330,42,0.10000000
14431,330,43,0.00000000
14432,330,44,0.00000000
14433,331,1,136.00000000
14434,331,2,72.00000000
14435,331,3,0.00000000
14436,331,4,22.10000000
14437,331,5,1.20000000
14438,331,6,1.20000000
14439,331,7,0.00000000
14440,331,8,0.00000000
14441,331,9,0.00000000
14442,331,10,4.70000000
14443,331,11,1.60000000
14444,331,12,1.10000000
14445,331,13,0.75000000
14446,331,14,492.00000000
14447,331,15,33.00000000
14448,331,16,33.00000000
14449,331,17,0.00000000
14450,331,18,1.30000000
14451,331,19,0.40000000
14452,331,20,80.00000000
14453,331,21,0.32000000
14454,331,22,2.50000000
14455,331,23,14.80000000
14456,331,24,0.80000000
14457,331,25,380.00000000
14458,331,26,25.00000000
14459,331,27,6.60000000
14460,331,28,210.00000000
14461,331,29,28.00000000
14462,331,30,18.00000000
14463,331,31,240.00000000
14464,331,32,7.40000000
14465,331,33,3.00000000
14466,331,34,3.20000000
14467,331,35,13.00000000
14468,331,36,68.00000000
14469,331,37,218.00000000
14470,331,38,0.29000000
14471,331,39,0.32000000
14472,331,40,55.00000000
14473,331,41,0.05000000
14474,331,42,0.10000000
14475,331,43,0.00000000
14476,331,44,0.00000000
14477,332,1,130.00000000
14478,332,2,71.80000000
14479,332,3,0.00000000
14480,332,4,19.50000000
14481,332,5,5.30000000
14482,332,6,5.30000000
14483,332,7,0.00000000
14484,332,8,0.00000000
14485,332,9,0.00000000
14486,332,10,3.40000000
14487,332,11,1.30000000
14488,332,12,0.45000000
14489,332,13,0.74000000
14490,332,14,261.00000000
14491,332,15,18000.00000000
14492,332,16,17720.00000000
14493,332,17,1680.00000000
14494,332,18,1.70000000
14495,332,19,0.70000000
14496,332,20,33.00000000
14497,332,21,0.29000000
14498,332,22,2.90000000
14499,332,23,17.80000000
14500,332,24,0.88000000
14501,332,25,592.00000000
14502,332,26,65.00000000
14503,332,27,7.30000000
14504,332,28,100.00000000
14505,332,29,32.00000000
14506,332,30,6.10000000
14507,332,31,352.00000000
14508,332,32,6.90000000
14509,332,33,14.00000000
14510,332,34,4.80000000
14511,332,35,21.00000000
14512,332,36,116.00000000
14513,332,37,330.00000000
14514,332,38,0.33000000
14515,332,39,3.20000000
14516,332,40,21.00000000
14517,332,41,0.05000000
14518,332,42,0.10000000
14519,332,43,0.00000000
14520,332,44,0.00000000
14521,333,1,157.00000000
14522,333,2,73.70000000
14523,333,3,0.00000000
14524,333,4,16.00000000
14525,333,5,0.00000000
14526,333,6,0.00000000
14527,333,7,0.00000000
14528,333,8,0.00000000
14529,333,9,0.00000000
14530,333,10,10.30000000
14531,333,11,3.60000000
14532,333,12,4.90000000
14533,333,13,1.10000000
14534,333,14,116.00000000
14535,333,15,0.00000000
14536,333,16,0.00000000
14537,333,17,0.00000000
14538,333,18,0.00000000
14539,333,19,0.51000000
14540,333,20,0.00000000
14541,333,21,0.49000000
14542,333,22,0.50000000
14543,333,23,8.20000000
14544,333,24,0.35000000
14545,333,25,4.00000000
14546,333,26,0.80000000
14547,333,27,0.64000000
14548,333,28,0.00000000
14549,333,29,4.40000000
14550,333,30,9.60000000
14551,333,31,197.00000000
14552,333,32,3.00000000
14553,333,33,14.00000000
14554,333,34,2.60000000
14555,333,35,20.00000000
14556,333,36,93.00000000
14557,333,37,278.00000000
14558,333,38,0.34000000
14559,333,39,0.23000000
14560,333,40,12.00000000
14561,333,41,0.06000000
14562,333,42,0.20000000
14563,333,43,0.00000000
14564,333,44,0.00000000
14565,334,1,193.00000000
14566,334,2,70.10000000
14567,334,3,0.00000000
14568,334,4,15.30000000
14569,334,5,0.00000000
14570,334,6,0.00000000
14571,334,7,0.00000000
14572,334,8,0.00000000
14573,334,9,0.00000000
14574,334,10,14.60000000
14575,334,11,5.60000000
14576,334,12,7.20000000
14577,334,13,0.90000000
14578,334,14,180.00000000
14579,334,15,0.00000000
14580,334,16,0.00000000
14581,334,17,0.00000000
14582,334,18,0.00000000
14583,334,19,0.21000000
14584,334,20,0.00000000
14585,334,21,0.17000000
14586,334,22,0.49000000
14587,334,23,7.50000000
14588,334,24,0.17000000
14589,334,25,4.00000000
14590,334,26,7.00000000
14591,334,27,0.97000000
14592,334,28,1.00000000
14593,334,29,7.00000000
14594,334,30,6.00000000
14595,334,31,170.00000000
14596,334,32,2.20000000
14597,334,33,14.00000000
14598,334,34,2.70000000
14599,334,35,33.00000000
14600,334,36,420.00000000
14601,334,37,250.00000000
14602,334,38,0.04500000
14603,334,39,0.64000000
14604,334,40,15.00000000
14605,334,41,0.06000000
14606,334,42,0.20000000
14607,334,43,0.00000000
14608,334,44,0.00000000
14609,335,1,148.00000000
14610,335,2,73.70000000
14611,335,3,0.00000000
14612,335,4,17.80000000
14613,335,5,0.00000000
14614,335,6,0.00000000
14615,335,7,0.00000000
14616,335,8,0.00000000
14617,335,9,0.00000000
14618,335,10,8.50000000
14619,335,11,3.00000000
14620,335,12,3.30000000
14621,335,13,0.40000000
14622,335,14,62.00000000
14623,335,15,0.00000000
14624,335,16,0.00000000
14625,335,17,0.00000000
14626,335,18,0.00000000
14627,335,19,0.30000000
14628,335,20,0.00000000
14629,335,21,0.15000000
14630,335,22,0.33000000
14631,335,23,6.10000000
14632,335,24,0.15000000
14633,335,25,5.00000000
14634,335,26,5.00000000
14635,335,27,1.60000000
14636,335,28,0.00000000
14637,335,29,5.00000000
14638,335,30,8.00000000
14639,335,31,170.00000000
14640,335,32,2.60000000
14641,335,33,14.00000000
14642,335,34,2.30000000
14643,335,35,14.00000000
14644,335,36,80.00000000
14645,335,37,234.00000000
14646,335,38,0.03800000
14647,335,39,0.16000000
14648,335,40,14.70000000
14649,335,41,0.06000000
14650,335,42,0.20000000
14651,335,43,0.00000000
14652,335,44,0.00000000
14653,336,1,219.00000000
14654,336,2,65.30000000
14655,336,3,0.00000000
14656,336,4,14.90000000
14657,336,5,3.70000000
14658,336,6,3.70000000
14659,336,7,0.00000000
14660,336,8,0.00000000
14661,336,9,0.00000000
14662,336,10,16.10000000
14663,336,11,7.00000000
14664,336,12,7.20000000
14665,336,13,0.90000000
14666,336,14,87.00000000
14667,336,15,0.00000000
14668,336,16,0.00000000
14669,336,17,0.00000000
14670,336,18,1.70000000
14671,336,19,0.10000000
14672,336,20,0.00000000
14673,336,21,0.13000000
14674,336,22,0.34000000
14675,336,23,6.10000000
14676,336,24,0.31000000
14677,336,25,7.00000000
14678,336,26,3.80000000
14679,336,27,0.65000000
14680,336,28,0.00000000
14681,336,29,3.10000000
14682,336,30,6.00000000
14683,336,31,133.00000000
14684,336,32,3.00000000
14685,336,33,14.00000000
14686,336,34,2.90000000
14687,336,35,16.00000000
14688,336,36,69.00000000
14689,336,37,315.00000000
14690,336,38,0.02600000
14691,336,39,0.17000000
14692,336,40,9.40000000
14693,336,41,0.06000000
14694,336,42,0.20000000
14695,336,43,0.00000000
14696,336,44,0.00000000
14697,337,1,131.00000000
14698,337,2,76.90000000
14699,337,3,0.00000000
14700,337,4,15.30000000
14701,337,5,0.00000000
14702,337,6,0.00000000
14703,337,7,0.00000000
14704,337,8,0.00000000
14705,337,9,0.00000000
14706,337,10,7.80000000
14707,337,11,3.00000000
14708,337,12,2.40000000
14709,337,13,0.32000000
14710,337,14,260.00000000
14711,337,15,0.00000000
14712,337,16,0.00000000
14713,337,17,0.00000000
14714,337,18,0.00000000
14715,337,19,0.44000000
14716,337,20,0.00000000
14717,337,21,0.03000000
14718,337,22,0.25000000
14719,337,23,7.00000000
14720,337,24,0.03000000
14721,337,25,13.00000000
14722,337,26,6.00000000
14723,337,27,0.00000000
14724,337,28,3.00000000
14725,337,29,18.00000000
14726,337,30,8.00000000
14727,337,31,400.00000000
14728,337,32,1.70000000
14729,337,33,0.00000000
14730,337,34,1.90000000
14731,337,35,21.00000000
14732,337,36,75.00000000
14733,337,37,420.00000000
14734,337,38,0.04000000
14735,337,39,0.20000000
14736,337,40,0.00000000
14737,337,41,0.03000000
14738,337,42,0.10000000
14739,337,43,0.00000000
14740,337,44,0.00000000
14741,338,1,303.00000000
14742,338,2,57.70000000
14743,338,3,0.00000000
14744,338,4,11.50000000
14745,338,5,0.00000000
14746,338,6,0.00000000
14747,338,7,0.00000000
14748,338,8,0.00000000
14749,338,9,0.00000000
14750,338,10,28.60000000
14751,338,11,12.30000000
14752,338,12,8.10000000
14753,338,13,0.65000000
14754,338,14,217.00000000
14755,338,15,19.00000000
14756,338,16,19.00000000
14757,338,17,0.00000000
14758,338,18,0.63000000
14759,338,19,3.00000000
14760,338,20,0.20000000
14761,338,21,0.08700000
14762,338,22,0.12000000
14763,338,23,2.00000000
14764,338,24,0.04100000
14765,338,25,2.00000000
14766,338,26,2.10000000
14767,338,27,0.00000000
14768,338,28,0.00000000
14769,338,29,0.00000000
14770,338,30,4.00000000
14771,338,31,331.00000000
14772,338,32,1.20000000
14773,338,33,0.00000000
14774,338,34,1.00000000
14775,338,35,15.00000000
14776,338,36,64.00000000
14777,338,37,318.00000000
14778,338,38,0.00000000
14779,338,39,0.00000000
14780,338,40,0.00000000
14781,338,41,0.03000000
14782,338,42,0.10000000
14783,338,43,0.00000000
14784,338,44,0.00000000
14785,339,1,80.70000000
14786,339,2,83.20000000
14787,339,3,0.00000000
14788,339,4,14.10000000
14789,339,5,0.00000000
14790,339,6,0.00000000
14791,339,7,0.00000000
14792,339,8,0.00000000
14793,339,9,0.00000000
14794,339,10,2.70000000
14795,339,11,0.96000000
14796,339,12,0.61000000
14797,339,13,0.35000000
14798,339,14,320.00000000
14799,339,15,0.00000000
14800,339,16,0.00000000
14801,339,17,0.00000000
14802,339,18,3.00000000
14803,339,19,0.00000000
14804,339,20,0.00000000
14805,339,21,0.08500000
14806,339,22,0.43000000
14807,339,23,5.40000000
14808,339,24,0.10000000
14809,339,25,3.00000000
14810,339,26,2.80000000
14811,339,27,0.90000000
14812,339,28,0.00000000
14813,339,29,12.30000000
14814,339,30,7.00000000
14815,339,31,196.00000000
14816,339,32,18.90000000
14817,339,33,0.00000000
14818,339,34,2.00000000
14819,339,35,14.00000000
14820,339,36,153.00000000
14821,339,37,303.00000000
14822,339,38,0.01700000
14823,339,39,0.08300000
14824,339,40,17.80000000
14825,339,41,0.02000000
14826,339,42,0.10000000
14827,339,43,0.00000000
14828,339,44,0.00000000
14829,340,1,90.20000000
14830,340,2,80.70000000
14831,340,3,0.00000000
14832,340,4,16.70000000
14833,340,5,0.00000000
14834,340,6,0.00000000
14835,340,7,0.00000000
14836,340,8,0.00000000
14837,340,9,0.00000000
14838,340,10,2.60000000
14839,340,11,0.89000000
14840,340,12,0.67000000
14841,340,13,0.35000000
14842,340,14,0.00000000
14843,340,15,27.00000000
14844,340,16,27.00000000
14845,340,17,0.00000000
14846,340,18,12.00000000
14847,340,19,0.00000000
14848,340,20,0.00000000
14849,340,21,0.04800000
14850,340,22,0.24000000
14851,340,23,7.00000000
14852,340,24,0.11000000
14853,340,25,12.00000000
14854,340,26,3.90000000
14855,340,27,0.00000000
14856,340,28,0.00000000
14857,340,29,31.00000000
14858,340,30,10.00000000
14859,340,31,219.00000000
14860,340,32,6.40000000
14861,340,33,0.00000000
14862,340,34,1.80000000
14863,340,35,14.00000000
14864,340,36,157.00000000
14865,340,37,238.00000000
14866,340,38,0.01900000
14867,340,39,0.25000000
14868,340,40,17.70000000
14869,340,41,0.02000000
14870,340,42,0.10000000
14871,340,43,0.00000000
14872,340,44,0.00000000
14873,341,1,87.30000000
14874,341,2,81.30000000
14875,341,3,0.00000000
14876,341,4,16.20000000
14877,341,5,0.00000000
14878,341,6,0.00000000
14879,341,7,0.00000000
14880,341,8,0.00000000
14881,341,9,0.00000000
14882,341,10,2.50000000
14883,341,11,0.86000000
14884,341,12,0.64000000
14885,341,13,0.34000000
14886,341,14,242.00000000
14887,341,15,14.00000000
14888,341,16,14.00000000
14889,341,17,0.00000000
14890,341,18,11.00000000
14891,341,19,0.00000000
14892,341,20,0.00000000
14893,341,21,0.04700000
14894,341,22,0.23000000
14895,341,23,6.50000000
14896,341,24,0.04000000
14897,341,25,11.00000000
14898,341,26,3.80000000
14899,341,27,1.00000000
14900,341,28,0.00000000
14901,341,29,38.50000000
14902,341,30,10.00000000
14903,341,31,224.00000000
14904,341,32,8.00000000
14905,341,33,0.00000000
14906,341,34,1.60000000
14907,341,35,14.00000000
14908,341,36,198.00000000
14909,341,37,340.00000000
14910,341,38,0.01900000
14911,341,39,0.26000000
14912,341,40,44.30000000
14913,341,41,0.02000000
14914,341,42,0.10000000
14915,341,43,0.00000000
14916,341,44,0.00000000
14917,342,1,102.00000000
14918,342,2,79.30000000
14919,342,3,0.00000000
14920,342,4,16.90000000
14921,342,5,0.00000000
14922,342,6,0.00000000
14923,342,7,0.00000000
14924,342,8,0.00000000
14925,342,9,0.00000000
14926,342,10,3.80000000
14927,342,11,1.20000000
14928,342,12,0.57000000
14929,342,13,1.10000000
14930,342,14,385.00000000
14931,342,15,60.00000000
14932,342,16,60.00000000
14933,342,17,0.00000000
14934,342,18,0.00000000
14935,342,19,0.45000000
14936,342,20,12.00000000
14937,342,21,0.34000000
14938,342,22,1.80000000
14939,342,23,11.70000000
14940,342,24,0.55000000
14941,342,25,93.00000000
14942,342,26,15.00000000
14943,342,27,3.10000000
14944,342,28,32.00000000
14945,342,29,16.00000000
14946,342,30,7.10000000
14947,342,31,254.00000000
14948,342,32,7.30000000
14949,342,33,7.00000000
14950,342,34,2.70000000
14951,342,35,17.00000000
14952,342,36,173.00000000
14953,342,37,247.00000000
14954,342,38,0.15000000
14955,342,39,0.77000000
14956,342,40,206.00000000
14957,342,41,0.03000000
14958,342,42,0.10000000
14959,342,43,0.00000000
14960,342,44,0.00000000
14961,343,1,90.30000000
14962,343,2,80.80000000
14963,343,3,0.00000000
14964,343,4,16.50000000
14965,343,5,0.00000000
14966,343,6,0.00000000
14967,343,7,0.00000000
14968,343,8,0.00000000
14969,343,9,0.00000000
14970,343,10,2.70000000
14971,343,11,0.90000000
14972,343,12,0.60000000
14973,343,13,0.40000000
14974,343,14,400.00000000
14975,343,15,105.00000000
14976,343,16,105.00000000
14977,343,17,0.00000000
14978,343,18,0.00000000
14979,343,19,0.45000000
14980,343,20,12.00000000
14981,343,21,0.49000000
14982,343,22,1.80000000
14983,343,23,12.00000000
14984,343,24,0.30000000
14985,343,25,31.00000000
14986,343,26,55.00000000
14987,343,27,4.30000000
14988,343,28,37.00000000
14989,343,29,7.00000000
14990,343,30,10.00000000
14991,343,31,260.00000000
14992,343,32,7.40000000
14993,343,33,7.00000000
14994,343,34,2.40000000
14995,343,35,17.00000000
14996,343,36,220.00000000
14997,343,37,270.00000000
14998,343,38,0.16000000
14999,343,39,0.42000000
15000,343,40,93.00000000
15001,343,41,0.03000000
15002,343,42,0.10000000
15003,343,43,0.00000000
15004,343,44,0.00000000
15005,344,1,131.00000000
15006,344,2,76.20000000
15007,344,3,0.00000000
15008,344,4,16.70000000
15009,344,5,0.00000000
15010,344,6,0.00000000
15011,344,7,0.00000000
15012,344,8,0.00000000
15013,344,9,0.00000000
15014,344,10,7.10000000
15015,344,11,2.10000000
15016,344,12,1.50000000
15017,344,13,1.40000000
15018,344,14,380.00000000
15019,344,15,419.00000000
15020,344,16,419.00000000
15021,344,17,0.00000000
15022,344,18,1.00000000
15023,344,19,0.20000000
15024,344,20,12.00000000
15025,344,21,0.37000000
15026,344,22,2.50000000
15027,344,23,11.20000000
15028,344,24,0.50000000
15029,344,25,63.00000000
15030,344,26,25.00000000
15031,344,27,4.00000000
15032,344,28,80.00000000
15033,344,29,13.00000000
15034,344,30,10.00000000
15035,344,31,260.00000000
15036,344,32,12.00000000
15037,344,33,7.00000000
15038,344,34,1.80000000
15039,344,35,18.00000000
15040,344,36,200.00000000
15041,344,37,290.00000000
15042,344,38,0.05000000
15043,344,39,0.37000000
15044,344,40,40.00000000
15045,344,41,0.03000000
15046,344,42,0.10000000
15047,344,43,0.00000000
15048,344,44,0.00000000
15049,345,1,76.00000000
15050,345,2,81.20000000
15051,345,3,0.00000000
15052,345,4,18.50000000
15053,345,5,0.06000000
15054,345,6,0.00000000
15055,345,7,0.06000000
15056,345,8,0.00000000
15057,345,9,0.00000000
15058,345,10,0.20000000
15059,345,11,0.01000000
15060,345,12,0.01000000
15061,345,13,0.12000000
15062,345,14,40.00000000
15063,345,15,30.00000000
15064,345,16,30.00000000
15065,345,17,0.00000000
15066,345,18,0.10000000
15067,345,19,0.40000000
15068,345,20,0.00000000
15069,345,21,0.09000000
15070,345,22,0.03000000
15071,345,23,0.60000000
15072,345,24,0.00100000
15073,345,25,4.00000000
15074,345,26,0.00000000
15075,345,27,0.00000000
15076,345,28,0.00000000
15077,345,29,0.00000000
15078,345,30,6.30000000
15079,345,31,74.00000000
15080,345,32,42.00000000
15081,345,33,0.00000000
15082,345,34,0.33000000
15083,345,35,9.10000000
15084,345,36,207.00000000
15085,345,37,174.00000000
15086,345,38,0.00600000
15087,345,39,0.14000000
15088,345,40,0.00000000
15089,345,41,0.01000000
15090,345,42,0.00000000
15091,345,43,0.00000000
15092,345,44,0.00000000
15093,346,1,123.00000000
15094,346,2,80.40000000
15095,346,3,0.00000000
15096,346,4,10.60000000
15097,346,5,0.00000000
15098,346,6,0.00000000
15099,346,7,0.00000000
15100,346,8,0.00000000
15101,346,9,0.00000000
15102,346,10,9.00000000
15103,346,11,2.00000000
15104,346,12,1.60000000
15105,346,13,1.40000000
15106,346,14,2550.00000000
15107,346,15,9.00000000
15108,346,16,9.00000000
15109,346,17,0.00000000
15110,346,18,0.00000000
15111,346,19,1.20000000
15112,346,20,30.00000000
15113,346,21,0.16000000
15114,346,22,0.28000000
15115,346,23,7.00000000
15116,346,24,0.20000000
15117,346,25,6.00000000
15118,346,26,2.80000000
15119,346,27,2.80000000
15120,346,28,0.00000000
15121,346,29,18.00000000
15122,346,30,10.00000000
15123,346,31,400.00000000
15124,346,32,3.60000000
15125,346,33,0.00000000
15126,346,34,1.60000000
15127,346,35,20.00000000
15128,346,36,153.00000000
15129,346,37,312.00000000
15130,346,38,0.04800000
15131,346,39,0.54000000
15132,346,40,17.00000000
15133,346,41,0.25000000
15134,346,42,0.10000000
15135,346,43,0.00000000
15136,346,44,0.00000000
15137,347,1,133.00000000
15138,347,2,79.70000000
15139,347,3,0.00000000
15140,347,4,10.00000000
15141,347,5,0.00000000
15142,347,6,0.00000000
15143,347,7,0.00000000
15144,347,8,0.00000000
15145,347,9,0.00000000
15146,347,10,10.30000000
15147,347,11,2.40000000
15148,347,12,2.10000000
15149,347,13,1.30000000
15150,347,14,2100.00000000
15151,347,15,0.00000000
15152,347,16,0.00000000
15153,347,17,0.00000000
15154,347,18,0.00000000
15155,347,19,1.20000000
15156,347,20,30.00000000
15157,347,21,0.20000000
15158,347,22,0.25000000
15159,347,23,5.40000000
15160,347,24,0.10000000
15161,347,25,6.00000000
15162,347,26,8.00000000
15163,347,27,2.30000000
15164,347,28,0.00000000
15165,347,29,18.00000000
15166,347,30,10.00000000
15167,347,31,320.00000000
15168,347,32,2.10000000
15169,347,33,0.00000000
15170,347,34,1.40000000
15171,347,35,17.00000000
15172,347,36,125.00000000
15173,347,37,240.00000000
15174,347,38,0.04400000
15175,347,39,0.24000000
15176,347,40,9.00000000
15177,347,41,0.25000000
15178,347,42,0.10000000
15179,347,43,0.00000000
15180,347,44,0.00000000
15181,348,1,109.00000000
15182,348,2,82.30000000
15183,348,3,0.00000000
15184,348,4,10.10000000
15185,348,5,0.00000000
15186,348,6,0.00000000
15187,348,7,0.00000000
15188,348,8,0.00000000
15189,348,9,0.00000000
15190,348,10,7.60000000
15191,348,11,1.80000000
15192,348,12,1.50000000
15193,348,13,0.88000000
15194,348,14,2000.00000000
15195,348,15,7.00000000
15196,348,16,0.00000000
15197,348,17,0.00000000
15198,348,18,0.00000000
15199,348,19,1.20000000
15200,348,20,30.00000000
15201,348,21,0.16000000
15202,348,22,0.26000000
15203,348,23,6.00000000
15204,348,24,0.16000000
15205,348,25,13.00000000
15206,348,26,5.70000000
15207,348,27,2.30000000
15208,348,28,6.10000000
15209,348,29,23.00000000
15210,348,30,12.00000000
15211,348,31,350.00000000
15212,348,32,2.50000000
15213,348,33,0.00000000
15214,348,34,1.30000000
15215,348,35,15.00000000
15216,348,36,158.00000000
15217,348,37,280.00000000
15218,348,38,0.04000000
15219,348,39,0.14000000
15220,348,40,10.00000000
15221,348,41,0.25000000
15222,348,42,0.10000000
15223,348,43,0.00000000
15224,348,44,0.00000000
15225,349,1,76.60000000
15226,349,2,82.10000000
15227,349,3,0.00000000
15228,349,4,15.40000000
15229,349,5,1.50000000
15230,349,6,0.00000000
15231,349,7,1.50000000
15232,349,8,0.00000000
15233,349,9,0.00000000
15234,349,10,1.00000000
15235,349,11,0.30000000
15236,349,12,0.20000000
15237,349,13,0.20000000
15238,349,14,34.00000000
15239,349,15,90.00000000
15240,349,16,90.00000000
15241,349,17,0.00000000
15242,349,18,0.00000000
15243,349,19,0.40000000
15244,349,20,0.10000000
15245,349,21,0.03000000
15246,349,22,0.21000000
15247,349,23,4.20000000
15248,349,24,0.14000000
15249,349,25,16.00000000
15250,349,26,0.00000000
15251,349,27,0.36000000
15252,349,28,0.00000000
15253,349,29,0.00000000
15254,349,30,46.00000000
15255,349,31,169.00000000
15256,349,32,14.00000000
15257,349,33,27.00000000
15258,349,34,1.20000000
15259,349,35,51.00000000
15260,349,36,56.00000000
15261,349,37,314.00000000
15262,349,38,0.50000000
15263,349,39,0.34000000
15264,349,40,24.30000000
15265,349,41,0.18000000
15266,349,42,0.00000000
15267,349,43,0.00000000
15268,349,44,0.00000000
15269,350,1,82.60000000
15270,350,2,80.60000000
15271,350,3,0.00000000
15272,350,4,16.90000000
15273,350,5,1.50000000
15274,350,6,0.00000000
15275,350,7,1.50000000
15276,350,8,0.00000000
15277,350,9,0.00000000
15278,350,10,1.00000000
15279,350,11,0.30000000
15280,350,12,0.20000000
15281,350,13,0.20000000
15282,350,14,34.00000000
15283,350,15,0.00000000
15284,350,16,0.00000000
15285,350,17,0.00000000
15286,350,18,0.00000000
15287,350,19,0.40000000
15288,350,20,0.10000000
15289,350,21,0.03000000
15290,350,22,0.08000000
15291,350,23,4.20000000
15292,350,24,0.10000000
15293,350,25,17.00000000
15294,350,26,0.00000000
15295,350,27,0.36000000
15296,350,28,0.00000000
15297,350,29,0.00000000
15298,350,30,46.00000000
15299,350,31,169.00000000
15300,350,32,14.00000000
15301,350,33,27.00000000
15302,350,34,1.20000000
15303,350,35,51.00000000
15304,350,36,56.00000000
15305,350,37,314.00000000
15306,350,38,0.50000000
15307,350,39,0.34000000
15308,350,40,24.30000000
15309,350,41,0.18000000
15310,350,42,0.00000000
15311,350,43,0.00000000
15312,350,44,0.00000000
15313,351,1,83.50000000
15314,351,2,79.40000000
15315,351,3,0.00000000
15316,351,4,15.90000000
15317,351,5,0.70000000
15318,351,6,0.00000000
15319,351,7,0.70000000
15320,351,8,0.00000000
15321,351,9,0.00000000
15322,351,10,1.90000000
15323,351,11,0.24000000
15324,351,12,0.45000000
15325,351,13,0.68000000
15326,351,14,89.00000000
15327,351,15,1.00000000
15328,351,16,1.00000000
15329,351,17,0.00000000
15330,351,18,0.00000000
15331,351,19,1.50000000
15332,351,20,0.04000000
15333,351,21,0.13000000
15334,351,22,0.08800000
15335,351,23,3.40000000
15336,351,24,0.06000000
15337,351,25,16.00000000
15338,351,26,0.95000000
15339,351,27,2.40000000
15340,351,28,4.50000000
15341,351,29,3.00000000
15342,351,30,61.00000000
15343,351,31,234.00000000
15344,351,32,1.00000000
15345,351,33,100.00000000
15346,351,34,1.60000000
15347,351,35,24.00000000
15348,351,36,270.00000000
15349,351,37,220.00000000
15350,351,38,0.03400000
15351,351,39,0.70000000
15352,351,40,130.00000000
15353,351,41,0.07000000
15354,351,42,0.00000000
15355,351,43,0.00000000
15356,351,44,0.00000000
15357,352,1,80.60000000
15358,352,2,81.70000000
15359,352,3,0.00000000
15360,352,4,16.30000000
15361,352,5,0.70000000
15362,352,6,0.00000000
15363,352,7,0.70000000
15364,352,8,0.00000000
15365,352,9,0.00000000
15366,352,10,1.40000000
15367,352,11,0.41000000
15368,352,12,0.10000000
15369,352,13,0.50000000
15370,352,14,168.00000000
15371,352,15,77.00000000
15372,352,16,77.00000000
15373,352,17,0.00000000
15374,352,18,0.00000000
15375,352,19,2.70000000
15376,352,20,0.07000000
15377,352,21,0.07000000
15378,352,22,0.15000000
15379,352,23,7.00000000
15380,352,24,0.03000000
15381,352,25,5.10000000
15382,352,26,1.30000000
15383,352,27,0.50000000
15384,352,28,0.00000000
15385,352,29,0.00000000
15386,352,30,144.00000000
15387,352,31,190.00000000
15388,352,32,0.32000000
15389,352,33,64.00000000
15390,352,34,1.10000000
15391,352,35,37.80000000
15392,352,36,110.00000000
15393,352,37,280.00000000
15394,352,38,0.03500000
15395,352,39,0.59000000
15396,352,40,44.80000000
15397,352,41,0.35000000
15398,352,42,0.00000000
15399,352,43,0.00000000
15400,352,44,0.00000000
15401,353,1,124.00000000
15402,353,2,75.40000000
15403,353,3,0.00000000
15404,353,4,19.50000000
15405,353,5,0.00000000
15406,353,6,0.00000000
15407,353,7,0.00000000
15408,353,8,0.00000000
15409,353,9,0.00000000
15410,353,10,5.10000000
15411,353,11,0.69000000
15412,353,12,1.10000000
15413,353,13,2.20000000
15414,353,14,100.00000000
15415,353,15,31.00000000
15416,353,16,31.00000000
15417,353,17,0.00000000
15418,353,18,0.00000000
15419,353,19,2.30000000
15420,353,20,0.04000000
15421,353,21,0.10000000
15422,353,22,0.15000000
15423,353,23,6.30000000
15424,353,24,0.30000000
15425,353,25,20.00000000
15426,353,26,0.00000000
15427,353,27,0.35000000
15428,353,28,0.00000000
15429,353,29,0.00000000
15430,353,30,30.00000000
15431,353,31,160.00000000
15432,353,32,1.30000000
15433,353,33,40.00000000
15434,353,34,3.80000000
15435,353,35,48.00000000
15436,353,36,370.00000000
15437,353,37,270.00000000
15438,353,38,0.15000000
15439,353,39,0.66000000
15440,353,40,37.40000000
15441,353,41,0.25000000
15442,353,42,0.00000000
15443,353,43,0.00000000
15444,353,44,0.00000000
15445,354,1,127.00000000
15446,354,2,74.70000000
15447,354,3,0.00000000
15448,354,4,20.10000000
15449,354,5,0.00000000
15450,354,6,0.00000000
15451,354,7,0.00000000
15452,354,8,0.00000000
15453,354,9,0.00000000
15454,354,10,5.20000000
15455,354,11,0.71000000
15456,354,12,1.20000000
15457,354,13,2.20000000
15458,354,14,100.00000000
15459,354,15,52.00000000
15460,354,16,52.00000000
15461,354,17,0.00000000
15462,354,18,0.00000000
15463,354,19,2.30000000
15464,354,20,0.05000000
15465,354,21,0.10000000
15466,354,22,0.15000000
15467,354,23,6.10000000
15468,354,24,0.35000000
15469,354,25,20.00000000
15470,354,26,0.00000000
15471,354,27,0.35000000
15472,354,28,0.00000000
15473,354,29,0.00000000
15474,354,30,29.00000000
15475,354,31,160.00000000
15476,354,32,1.30000000
15477,354,33,40.00000000
15478,354,34,5.50000000
15479,354,35,48.00000000
15480,354,36,370.00000000
15481,354,37,270.00000000
15482,354,38,0.15000000
15483,354,39,0.66000000
15484,354,40,37.40000000
15485,354,41,0.25000000
15486,354,42,0.00000000
15487,354,43,0.00000000
15488,354,44,0.00000000
15489,355,1,80.60000000
15490,355,2,81.70000000
15491,355,3,0.00000000
15492,355,4,16.30000000
15493,355,5,0.70000000
15494,355,6,0.00000000
15495,355,7,0.00000000
15496,355,8,0.00000000
15497,355,9,0.00000000
15498,355,10,1.40000000
15499,355,11,0.41000000
15500,355,12,0.10000000
15501,355,13,0.50000000
15502,355,14,168.00000000
15503,355,15,77.00000000
15504,355,16,10.00000000
15505,355,17,0.00000000
15506,355,18,0.00000000
15507,355,19,2.70000000
15508,355,20,0.00000000
15509,355,21,0.07000000
15510,355,22,0.15000000
15511,355,23,7.00000000
15512,355,24,0.03000000
15513,355,25,0.00000000
15514,355,26,1.30000000
15515,355,27,0.00000000
15516,355,28,0.00000000
15517,355,29,0.00000000
15518,355,30,144.00000000
15519,355,31,190.00000000
15520,355,32,0.32000000
15521,355,33,64.00000000
15522,355,34,1.10000000
15523,355,35,37.80000000
15524,355,36,110.00000000
15525,355,37,280.00000000
15526,355,38,0.00000000
15527,355,39,0.00000000
15528,355,40,44.80000000
15529,355,41,0.30000000
15530,355,42,0.00000000
15531,355,43,0.00000000
15532,355,44,0.00000000
15533,356,1,85.40000000
15534,356,2,80.40000000
15535,356,3,0.00000000
15536,356,4,17.70000000
15537,356,5,0.50000000
15538,356,6,0.00000000
15539,356,7,0.50000000
15540,356,8,0.00000000
15541,356,9,0.00000000
15542,356,10,1.40000000
15543,356,11,0.22000000
15544,356,12,0.22000000
15545,356,13,0.50000000
15546,356,14,105.00000000
15547,356,15,16.00000000
15548,356,16,16.00000000
15549,356,17,0.00000000
15550,356,18,0.00000000
15551,356,19,1.50000000
15552,356,20,0.50000000
15553,356,21,0.08000000
15554,356,22,0.05000000
15555,356,23,27.00000000
15556,356,24,0.10000000
15557,356,25,17.00000000
15558,356,26,1.00000000
15559,356,27,2.40000000
15560,356,28,0.00000000
15561,356,29,0.00000000
15562,356,30,100.00000000
15563,356,31,300.00000000
15564,356,32,1.00000000
15565,356,33,30.00000000
15566,356,34,0.80000000
15567,356,35,30.00000000
15568,356,36,400.00000000
15569,356,37,400.00000000
15570,356,38,0.03000000
15571,356,39,0.70000000
15572,356,40,130.00000000
15573,356,41,0.30000000
15574,356,42,0.00000000
15575,356,43,0.00000000
15576,356,44,0.00000000
15577,357,1,94.20000000
15578,357,2,78.70000000
15579,357,3,0.00000000
15580,357,4,18.00000000
15581,357,5,1.50000000
15582,357,6,0.00000000
15583,357,7,1.50000000
15584,357,8,0.00000000
15585,357,9,0.00000000
15586,357,10,1.80000000
15587,357,11,0.33000000
15588,357,12,0.46000000
15589,357,13,0.66000000
15590,357,14,185.00000000
15591,357,15,54.00000000
15592,357,16,54.00000000
15593,357,17,0.00000000
15594,357,18,0.01000000
15595,357,19,1.50000000
15596,357,20,0.04000000
15597,357,21,0.02000000
15598,357,22,0.02000000
15599,357,23,3.20000000
15600,357,24,0.06000000
15601,357,25,5.00000000
15602,357,26,1.90000000
15603,357,27,0.28000000
15604,357,28,0.00000000
15605,357,29,0.00000000
15606,357,30,115.00000000
15607,357,31,215.00000000
15608,357,32,3.30000000
15609,357,33,90.00000000
15610,357,34,1.10000000
15611,357,35,69.00000000
15612,357,36,305.00000000
15613,357,37,221.00000000
15614,357,38,0.01000000
15615,357,39,0.10000000
15616,357,40,24.30000000
15617,357,41,0.30000000
15618,357,42,0.00000000
15619,357,43,0.00000000
15620,357,44,0.00000000
15621,358,1,83.90000000
15622,358,2,80.40000000
15623,358,3,0.00000000
15624,358,4,17.20000000
15625,358,5,1.30000000
15626,358,6,0.00000000
15627,358,7,1.30000000
15628,358,8,0.00000000
15629,358,9,0.00000000
15630,358,10,1.10000000
15631,358,11,0.13000000
15632,358,12,0.13000000
15633,358,13,0.55000000
15634,358,14,140.00000000
15635,358,15,25.00000000
15636,358,16,25.00000000
15637,358,17,0.00000000
15638,358,18,0.00000000
15639,358,19,1.50000000
15640,358,20,0.04000000
15641,358,21,0.15000000
15642,358,22,0.08000000
15643,358,23,4.40000000
15644,358,24,0.06000000
15645,358,25,2.00000000
15646,358,26,1.90000000
15647,358,27,0.35000000
15648,358,28,0.00000000
15649,358,29,0.00000000
15650,358,30,68.00000000
15651,358,31,215.00000000
15652,358,32,1.30000000
15653,358,33,100.00000000
15654,358,34,5.70000000
15655,358,35,40.00000000
15656,358,36,182.00000000
15657,358,37,180.00000000
15658,358,38,0.01500000
15659,358,39,0.38000000
15660,358,40,99.00000000
15661,358,41,0.07000000
15662,358,42,0.00000000
15663,358,43,0.00000000
15664,358,44,0.00000000
15665,359,1,110.00000000
15666,359,2,73.40000000
15667,359,3,0.00000000
15668,359,4,24.30000000
15669,359,5,1.50000000
15670,359,6,0.00000000
15671,359,7,1.50000000
15672,359,8,0.00000000
15673,359,9,0.00000000
15674,359,10,0.80000000
15675,359,11,0.20000000
15676,359,12,0.10000000
15677,359,13,0.22000000
15678,359,14,185.00000000
15679,359,15,0.00000000
15680,359,16,0.00000000
15681,359,17,0.00000000
15682,359,18,0.01000000
15683,359,19,1.50000000
15684,359,20,0.04000000
15685,359,21,0.02000000
15686,359,22,0.02000000
15687,359,23,3.20000000
15688,359,24,0.06000000
15689,359,25,2.00000000
15690,359,26,1.90000000
15691,359,27,0.28000000
15692,359,28,0.00000000
15693,359,29,0.00000000
15694,359,30,115.00000000
15695,359,31,215.00000000
15696,359,32,3.30000000
15697,359,33,90.00000000
15698,359,34,1.10000000
15699,359,35,69.00000000
15700,359,36,305.00000000
15701,359,37,221.00000000
15702,359,38,0.01000000
15703,359,39,0.10000000
15704,359,40,24.30000000
15705,359,41,0.30000000
15706,359,42,0.00000000
15707,359,43,0.00000000
15708,359,44,0.00000000
15709,360,1,72.40000000
15710,360,2,84.40000000
15711,360,3,0.00000000
15712,360,4,10.20000000
15713,360,5,3.40000000
15714,360,6,0.00000000
15715,360,7,3.40000000
15716,360,8,0.00000000
15717,360,9,0.00000000
15718,360,10,2.00000000
15719,360,11,0.59000000
15720,360,12,0.27000000
15721,360,13,0.53000000
15722,360,14,126.00000000
15723,360,15,48.00000000
15724,360,16,48.00000000
15725,360,17,0.00000000
15726,360,18,0.00000000
15727,360,19,0.75000000
15728,360,20,0.10000000
15729,360,21,0.16000000
15730,360,22,0.22000000
15731,360,23,3.00000000
15732,360,24,0.07600000
15733,360,25,33.00000000
15734,360,26,8.00000000
15735,360,27,0.50000000
15736,360,28,0.00000000
15737,360,29,3.20000000
15738,360,30,80.00000000
15739,360,31,200.00000000
15740,360,32,4.20000000
15741,360,33,105.00000000
15742,360,34,1.80000000
15743,360,35,32.00000000
15744,360,36,296.00000000
15745,360,37,282.00000000
15746,360,38,2.30000000
15747,360,39,0.18000000
15748,360,40,56.00000000
15749,360,41,0.45000000
15750,360,42,0.00000000
15751,360,43,0.00000000
15752,360,44,0.00000000
15753,361,1,66.00000000
15754,361,2,85.00000000
15755,361,3,0.00000000
15756,361,4,9.00000000
15757,361,5,4.80000000
15758,361,6,0.00000000
15759,361,7,4.80000000
15760,361,8,0.00000000
15761,361,9,0.00000000
15762,361,10,1.20000000
15763,361,11,0.42000000
15764,361,12,0.13000000
15765,361,13,0.28000000
15766,361,14,123.00000000
15767,361,15,90.00000000
15768,361,16,90.00000000
15769,361,17,0.00000000
15770,361,18,0.54000000
15771,361,19,0.85000000
15772,361,20,0.10000000
15773,361,21,0.16000000
15774,361,22,0.20000000
15775,361,23,3.00000000
15776,361,24,0.22000000
15777,361,25,7.00000000
15778,361,26,15.00000000
15779,361,27,0.32000000
15780,361,28,10.00000000
15781,361,29,0.00000000
15782,361,30,130.00000000
15783,361,31,157.00000000
15784,361,32,3.10000000
15785,361,33,58.00000000
15786,361,34,22.00000000
15787,361,35,32.00000000
15788,361,36,160.00000000
15789,361,37,184.00000000
15790,361,38,0.14000000
15791,361,39,0.92000000
15792,361,40,28.00000000
15793,361,41,0.45000000
15794,361,42,0.00000000
15795,361,43,0.00000000
15796,361,44,0.00000000
15797,362,1,89.80000000
15798,362,2,79.30000000
15799,362,3,0.00000000
15800,362,4,17.90000000
15801,362,5,1.40000000
15802,362,6,0.00000000
15803,362,7,1.40000000
15804,362,8,0.00000000
15805,362,9,0.00000000
15806,362,10,1.40000000
15807,362,11,0.30000000
15808,362,12,0.20000000
15809,362,13,0.50000000
15810,362,14,48.00000000
15811,362,15,45.00000000
15812,362,16,45.00000000
15813,362,17,0.00000000
15814,362,18,0.00000000
15815,362,19,2.10000000
15816,362,20,0.07000000
15817,362,21,0.07000000
15818,362,22,0.04000000
15819,362,23,6.80000000
15820,362,24,0.36000000
15821,362,25,13.00000000
15822,362,26,3.00000000
15823,362,27,0.50000000
15824,362,28,0.00000000
15825,362,29,0.00000000
15826,362,30,144.00000000
15827,362,31,170.00000000
15828,362,32,1.20000000
15829,362,33,64.00000000
15830,362,34,1.70000000
15831,362,35,28.00000000
15832,362,36,363.00000000
15833,362,37,230.00000000
15834,362,38,0.02000000
15835,362,39,0.43000000
15836,362,40,44.80000000
15837,362,41,0.35000000
15838,362,42,0.00000000
15839,362,43,0.00000000
15840,362,44,0.00000000
15841,363,1,281.00000000
15842,363,2,60.50000000
15843,363,3,0.00000000
15844,363,4,15.00000000
15845,363,5,0.00000000
15846,363,6,0.00000000
15847,363,7,0.00000000
15848,363,8,0.00000000
15849,363,9,0.00000000
15850,363,10,24.50000000
15851,363,11,5.70000000
15852,363,12,9.50000000
15853,363,13,3.20000000
15854,363,14,164.00000000
15855,363,15,980.00000000
15856,363,16,980.00000000
15857,363,17,0.00000000
15858,363,18,20.00000000
15859,363,19,4.10000000
15860,363,20,0.02000000
15861,363,21,0.18000000
15862,363,22,0.32000000
15863,363,23,4.60000000
15864,363,24,0.28000000
15865,363,25,13.00000000
15866,363,26,1.00000000
15867,363,27,0.24000000
15868,363,28,0.00000000
15869,363,29,1.80000000
15870,363,30,17.00000000
15871,363,31,334.00000000
15872,363,32,0.87000000
15873,363,33,4.00000000
15874,363,34,2.00000000
15875,363,35,24.00000000
15876,363,36,65.00000000
15877,363,37,259.00000000
15878,363,38,0.02500000
15879,363,39,0.08700000
15880,363,40,30.00000000
15881,363,41,1.10000000
15882,363,42,0.00000000
15883,363,43,0.00000000
15884,363,44,0.00000000
15885,364,1,205.00000000
15886,364,2,68.20000000
15887,364,3,0.00000000
15888,364,4,16.30000000
15889,364,5,0.00000000
15890,364,6,0.00000000
15891,364,7,0.00000000
15892,364,8,0.00000000
15893,364,9,0.00000000
15894,364,10,15.50000000
15895,364,11,3.20000000
15896,364,12,9.90000000
15897,364,13,1.50000000
15898,364,14,50.00000000
15899,364,15,1043.00000000
15900,364,16,1043.00000000
15901,364,17,0.00000000
15902,364,18,110.00000000
15903,364,19,5.60000000
15904,364,20,0.02000000
15905,364,21,0.17000000
15906,364,22,0.32000000
15907,364,23,8.50000000
15908,364,24,0.30000000
15909,364,25,13.00000000
15910,364,26,1.00000000
15911,364,27,0.24000000
15912,364,28,0.00000000
15913,364,29,0.00000000
15914,364,30,30.00000000
15915,364,31,170.00000000
15916,364,32,1.00000000
15917,364,33,10.00000000
15918,364,34,1.80000000
15919,364,35,19.00000000
15920,364,36,90.00000000
15921,364,37,270.00000000
15922,364,38,0.03000000
15923,364,39,0.09000000
15924,364,40,30.00000000
15925,364,41,1.10000000
15926,364,42,0.00000000
15927,364,43,0.00000000
15928,364,44,0.00000000
15929,365,1,226.00000000
15930,365,2,63.00000000
15931,365,3,0.00000000
15932,365,4,21.50000000
15933,365,5,0.00000000
15934,365,6,0.00000000
15935,365,7,0.00000000
15936,365,8,0.00000000
15937,365,9,0.00000000
15938,365,10,15.50000000
15939,365,11,4.10000000
15940,365,12,3.40000000
15941,365,13,4.40000000
15942,365,14,48.00000000
15943,365,15,655.00000000
15944,365,16,655.00000000
15945,365,17,0.00000000
15946,365,18,4.50000000
15947,365,19,1.00000000
15948,365,20,0.03000000
15949,365,21,0.16000000
15950,365,22,0.16000000
15951,365,23,17.10000000
15952,365,24,0.46000000
15953,365,25,15.00000000
15954,365,26,4.30000000
15955,365,27,0.66000000
15956,365,28,0.00000000
15957,365,29,0.00000000
15958,365,30,40.00000000
15959,365,31,200.00000000
15960,365,32,1.00000000
15961,365,33,50.00000000
15962,365,34,0.50000000
15963,365,35,28.00000000
15964,365,36,43.00000000
15965,365,37,363.00000000
15966,365,38,0.03000000
15967,365,39,0.05100000
15968,365,40,82.00000000
15969,365,41,0.23000000
15970,365,42,0.00000000
15971,365,43,0.00000000
15972,365,44,0.00000000
15973,366,1,153.00000000
15974,366,2,69.30000000
15975,366,3,0.00000000
15976,366,4,24.70000000
15977,366,5,0.00000000
15978,366,6,0.00000000
15979,366,7,0.00000000
15980,366,8,0.00000000
15981,366,9,0.00000000
15982,366,10,6.00000000
15983,366,11,1.50000000
15984,366,12,1.20000000
15985,366,13,2.60000000
15986,366,14,45.00000000
15987,366,15,16.00000000
15988,366,16,16.00000000
15989,366,17,0.00000000
15990,366,18,5.00000000
15991,366,19,0.90000000
15992,366,20,0.04000000
15993,366,21,0.22000000
15994,366,22,0.12000000
15995,366,23,17.80000000
15996,366,24,0.40000000
15997,366,25,15.00000000
15998,366,26,3.00000000
15999,366,27,0.66000000
16000,366,28,0.00000000
16001,366,29,0.00000000
16002,366,30,8.00000000
16003,366,31,204.00000000
16004,366,32,1.30000000
16005,366,33,10.00000000
16006,366,34,0.70000000
16007,366,35,23.00000000
16008,366,36,39.00000000
16009,366,37,330.00000000
16010,366,38,0.03000000
16011,366,39,0.05000000
16012,366,40,82.00000000
16013,366,41,1.94000000
16014,366,42,0.00000000
16015,366,43,0.00000000
16016,366,44,0.00000000
16017,367,1,142.00000000
16018,367,2,72.00000000
16019,367,3,0.00000000
16020,367,4,21.50000000
16021,367,5,0.50000000
16022,367,6,0.00000000
16023,367,7,0.50000000
16024,367,8,0.00000000
16025,367,9,0.00000000
16026,367,10,6.00000000
16027,367,11,2.30000000
16028,367,12,0.81000000
16029,367,13,2.30000000
16030,367,14,69.00000000
16031,367,15,31.90000000
16032,367,16,31.90000000
16033,367,17,0.00000000
16034,367,18,7.00000000
16035,367,19,0.02000000
16036,367,20,0.09000000
16037,367,21,0.07000000
16038,367,22,0.27000000
16039,367,23,11.60000000
16040,367,24,1.10000000
16041,367,25,8.70000000
16042,367,26,1.90000000
16043,367,27,0.64000000
16044,367,28,0.00000000
16045,367,29,0.00000000
16046,367,30,28.20000000
16047,367,31,182.00000000
16048,367,32,1.00000000
16049,367,33,20.00000000
16050,367,34,0.46000000
16051,367,35,28.00000000
16052,367,36,116.00000000
16053,367,37,331.00000000
16054,367,38,0.07000000
16055,367,39,0.21000000
16056,367,40,36.50000000
16057,367,41,1.20000000
16058,367,42,0.00000000
16059,367,43,0.00000000
16060,367,44,0.00000000
16061,368,1,182.00000000
16062,368,2,69.40000000
16063,368,3,0.00000000
16064,368,4,18.70000000
16065,368,5,0.00000000
16066,368,6,0.00000000
16067,368,7,0.00000000
16068,368,8,0.00000000
16069,368,9,0.00000000
16070,368,10,11.90000000
16071,368,11,3.40000000
16072,368,12,2.40000000
16073,368,13,2.50000000
16074,368,14,76.00000000
16075,368,15,100.00000000
16076,368,16,100.00000000
16077,368,17,0.00000000
16078,368,18,4.00000000
16079,368,19,1.30000000
16080,368,20,5.00000000
16081,368,21,0.13000000
16082,368,22,0.36000000
16083,368,23,12.50000000
16084,368,24,0.63000000
16085,368,25,1.20000000
16086,368,26,9.00000000
16087,368,27,0.40000000
16088,368,28,4.30000000
16089,368,29,0.00000000
16090,368,30,12.00000000
16091,368,31,244.00000000
16092,368,32,1.20000000
16093,368,33,51.00000000
16094,368,34,0.52000000
16095,368,35,30.00000000
16096,368,36,84.00000000
16097,368,37,386.00000000
16098,368,38,0.03100000
16099,368,39,0.11000000
16100,368,40,39.00000000
16101,368,41,2.53000000
16102,368,42,0.00000000
16103,368,43,0.00000000
16104,368,44,0.00000000
16105,369,1,114.00000000
16106,369,2,77.30000000
16107,369,3,0.00000000
16108,369,4,18.00000000
16109,369,5,0.00000000
16110,369,6,0.00000000
16111,369,7,0.00000000
16112,369,8,0.00000000
16113,369,9,0.00000000
16114,369,10,4.70000000
16115,369,11,0.90000000
16116,369,12,1.60000000
16117,369,13,0.80000000
16118,369,14,67.00000000
16119,369,15,44.00000000
16120,369,16,44.00000000
16121,369,17,0.00000000
16122,369,18,0.01000000
16123,369,19,0.63000000
16124,369,20,0.02000000
16125,369,21,0.06000000
16126,369,22,0.05000000
16127,369,23,5.50000000
16128,369,24,0.15000000
16129,369,25,6.00000000
16130,369,26,2.00000000
16131,369,27,0.75000000
16132,369,28,0.00000000
16133,369,29,1.00000000
16134,369,30,63.00000000
16135,369,31,247.00000000
16136,369,32,0.70000000
16137,369,33,1.70000000
16138,369,34,0.90000000
16139,369,35,51.00000000
16140,369,36,30.00000000
16141,369,37,387.00000000
16142,369,38,0.55000000
16143,369,39,0.08700000
16144,369,40,12.60000000
16145,369,41,0.40000000
16146,369,42,0.00000000
16147,369,43,0.00000000
16148,369,44,0.00000000
16149,370,1,123.00000000
16150,370,2,75.00000000
16151,370,3,0.00000000
16152,370,4,19.00000000
16153,370,5,1.40000000
16154,370,6,0.00000000
16155,370,7,1.40000000
16156,370,8,0.00000000
16157,370,9,0.00000000
16158,370,10,4.60000000
16159,370,11,0.90000000
16160,370,12,1.50000000
16161,370,13,0.60000000
16162,370,14,40.00000000
16163,370,15,1043.00000000
16164,370,16,500.00000000
16165,370,17,0.00000000
16166,370,18,22.00000000
16167,370,19,4.10000000
16168,370,20,0.03000000
16169,370,21,0.17000000
16170,370,22,0.37000000
16171,370,23,5.50000000
16172,370,24,0.28000000
16173,370,25,13.00000000
16174,370,26,1.00000000
16175,370,27,0.24000000
16176,370,28,0.00000000
16177,370,29,0.00000000
16178,370,30,30.00000000
16179,370,31,202.00000000
16180,370,32,0.70000000
16181,370,33,4.00000000
16182,370,34,2.00000000
16183,370,35,30.00000000
16184,370,36,50.00000000
16185,370,37,340.00000000
16186,370,38,0.03000000
16187,370,39,0.09000000
16188,370,40,30.00000000
16189,370,41,0.60000000
16190,370,42,0.00000000
16191,370,43,0.00000000
16192,370,44,0.00000000
16193,371,1,118.00000000
16194,371,2,75.60000000
16195,371,3,0.00000000
16196,371,4,19.80000000
16197,371,5,0.80000000
16198,371,6,0.00000000
16199,371,7,0.80000000
16200,371,8,0.00000000
16201,371,9,0.00000000
16202,371,10,3.90000000
16203,371,11,0.79000000
16204,371,12,0.69000000
16205,371,13,0.51000000
16206,371,14,79.00000000
16207,371,15,12.00000000
16208,371,16,12.00000000
16209,371,17,0.00000000
16210,371,18,16.00000000
16211,371,19,2.60000000
16212,371,20,0.02000000
16213,371,21,0.14000000
16214,371,22,0.14000000
16215,371,23,9.00000000
16216,371,24,0.63000000
16217,371,25,1.20000000
16218,371,26,6.00000000
16219,371,27,0.40000000
16220,371,28,0.00000000
16221,371,29,0.00000000
16222,371,30,65.00000000
16223,371,31,239.00000000
16224,371,32,1.00000000
16225,371,33,48.00000000
16226,371,34,0.29000000
16227,371,35,31.00000000
16228,371,36,64.00000000
16229,371,37,360.00000000
16230,371,38,0.09000000
16231,371,39,0.05700000
16232,371,40,47.00000000
16233,371,41,0.60000000
16234,371,42,0.00000000
16235,371,43,0.00000000
16236,371,44,0.00000000
16237,372,1,125.00000000
16238,372,2,75.00000000
16239,372,3,0.00000000
16240,372,4,20.00000000
16241,372,5,0.00000000
16242,372,6,0.00000000
16243,372,7,0.00000000
16244,372,8,0.00000000
16245,372,9,0.00000000
16246,372,10,5.00000000
16247,372,11,0.70000000
16248,372,12,0.30000000
16249,372,13,0.80000000
16250,372,14,79.00000000
16251,372,15,36.00000000
16252,372,16,36.00000000
16253,372,17,0.00000000
16254,372,18,16.00000000
16255,372,19,2.60000000
16256,372,20,0.02000000
16257,372,21,0.05000000
16258,372,22,0.08000000
16259,372,23,9.00000000
16260,372,24,0.63000000
16261,372,25,1.20000000
16262,372,26,10.00000000
16263,372,27,0.40000000
16264,372,28,0.00000000
16265,372,29,0.00000000
16266,372,30,25.00000000
16267,372,31,250.00000000
16268,372,32,0.70000000
16269,372,33,48.00000000
16270,372,34,0.50000000
16271,372,35,28.00000000
16272,372,36,110.00000000
16273,372,37,430.00000000
16274,372,38,0.09000000
16275,372,39,0.04000000
16276,372,40,45.00000000
16277,372,41,0.60000000
16278,372,42,0.00000000
16279,372,43,0.00000000
16280,372,44,0.00000000
16281,373,1,117.00000000
16282,373,2,76.20000000
16283,373,3,0.00000000
16284,373,4,19.40000000
16285,373,5,0.00000000
16286,373,6,0.00000000
16287,373,7,0.00000000
16288,373,8,0.00000000
16289,373,9,0.00000000
16290,373,10,4.40000000
16291,373,11,1.20000000
16292,373,12,1.70000000
16293,373,13,1.20000000
16294,373,14,39.00000000
16295,373,15,20.00000000
16296,373,16,20.00000000
16297,373,17,0.00000000
16298,373,18,7.20000000
16299,373,19,1.00000000
16300,373,20,0.02000000
16301,373,21,0.05000000
16302,373,22,0.08000000
16303,373,23,11.90000000
16304,373,24,0.51000000
16305,373,25,2.00000000
16306,373,26,5.00000000
16307,373,27,0.41000000
16308,373,28,0.00000000
16309,373,29,1.00000000
16310,373,30,10.00000000
16311,373,31,506.00000000
16312,373,32,0.50000000
16313,373,33,2.00000000
16314,373,34,0.70000000
16315,373,35,27.00000000
16316,373,36,102.00000000
16317,373,37,342.00000000
16318,373,38,0.01900000
16319,373,39,0.12000000
16320,373,40,48.10000000
16321,373,41,0.80000000
16322,373,42,0.00000000
16323,373,43,0.00000000
16324,373,44,0.00000000
16325,374,1,191.00000000
16326,374,2,67.30000000
16327,374,3,0.00000000
16328,374,4,20.60000000
16329,374,5,0.00000000
16330,374,6,0.00000000
16331,374,7,0.00000000
16332,374,8,0.00000000
16333,374,9,0.00000000
16334,374,10,12.10000000
16335,374,11,2.10000000
16336,374,12,3.70000000
16337,374,13,3.30000000
16338,374,14,48.10000000
16339,374,15,13.30000000
16340,374,16,13.30000000
16341,374,17,0.00000000
16342,374,18,9.90000000
16343,374,19,2.00000000
16344,374,20,0.40000000
16345,374,21,0.20000000
16346,374,22,0.15000000
16347,374,23,13.20000000
16348,374,24,0.73000000
16349,374,25,22.50000000
16350,374,26,3.90000000
16351,374,27,1.00000000
16352,374,28,7.40000000
16353,374,29,0.00000000
16354,374,30,20.50000000
16355,374,31,253.00000000
16356,374,32,0.84000000
16357,374,33,28.30000000
16358,374,34,0.72000000
16359,374,35,25.80000000
16360,374,36,59.00000000
16361,374,37,336.00000000
16362,374,38,0.01400000
16363,374,39,0.13000000
16364,374,40,29.00000000
16365,374,41,2.43000000
16366,374,42,0.00000000
16367,374,43,0.00000000
16368,374,44,0.00000000
16369,375,1,109.00000000
16370,375,2,77.50000000
16371,375,3,0.00000000
16372,375,4,18.70000000
16373,375,5,0.00000000
16374,375,6,0.00000000
16375,375,7,0.00000000
16376,375,8,0.00000000
16377,375,9,0.00000000
16378,375,10,3.80000000
16379,375,11,0.90000000
16380,375,12,0.88000000
16381,375,13,1.40000000
16382,375,14,70.00000000
16383,375,15,9.00000000
16384,375,16,9.00000000
16385,375,17,0.00000000
16386,375,18,0.80000000
16387,375,19,0.51000000
16388,375,20,0.30000000
16389,375,21,0.08000000
16390,375,22,0.07000000
16391,375,23,4.20000000
16392,375,24,0.42000000
16393,375,25,11.00000000
16394,375,26,2.00000000
16395,375,27,0.46000000
16396,375,28,0.00000000
16397,375,29,0.00000000
16398,375,30,66.00000000
16399,375,31,220.00000000
16400,375,32,0.30000000
16401,375,33,190.00000000
16402,375,34,0.30000000
16403,375,35,30.00000000
16404,375,36,91.00000000
16405,375,37,340.00000000
16406,375,38,0.01000000
16407,375,39,0.13000000
16408,375,40,29.00000000
16409,375,41,0.50000000
16410,375,42,0.00000000
16411,375,43,0.00000000
16412,375,44,0.00000000
16413,376,1,157.00000000
16414,376,2,72.60000000
16415,376,3,0.00000000
16416,376,4,18.00000000
16417,376,5,0.00000000
16418,376,6,0.00000000
16419,376,7,0.00000000
16420,376,8,0.00000000
16421,376,9,0.00000000
16422,376,10,9.40000000
16423,376,11,2.60000000
16424,376,12,2.90000000
16425,376,13,2.90000000
16426,376,14,79.80000000
16427,376,15,62.90000000
16428,376,16,62.90000000
16429,376,17,0.00000000
16430,376,18,7.90000000
16431,376,19,1.60000000
16432,376,20,0.09000000
16433,376,21,0.02000000
16434,376,22,0.25000000
16435,376,23,9.60000000
16436,376,24,0.96000000
16437,376,25,8.70000000
16438,376,26,28.40000000
16439,376,27,0.81000000
16440,376,28,0.00000000
16441,376,29,0.00000000
16442,376,30,50.40000000
16443,376,31,270.00000000
16444,376,32,2.20000000
16445,376,33,28.90000000
16446,376,34,0.89000000
16447,376,35,25.10000000
16448,376,36,120.00000000
16449,376,37,360.00000000
16450,376,38,0.11000000
16451,376,39,0.17000000
16452,376,40,60.00000000
16453,376,41,2.20000000
16454,376,42,0.00000000
16455,376,43,0.00000000
16456,376,44,0.00000000
16457,377,1,104.00000000
16458,377,2,79.60000000
16459,377,3,0.00000000
16460,377,4,15.00000000
16461,377,5,1.00000000
16462,377,6,0.00000000
16463,377,7,1.00000000
16464,377,8,0.00000000
16465,377,9,0.00000000
16466,377,10,4.40000000
16467,377,11,0.57000000
16468,377,12,0.85000000
16469,377,13,2.50000000
16470,377,14,70.00000000
16471,377,15,48.00000000
16472,377,16,48.00000000
16473,377,17,0.00000000
16474,377,18,0.00000000
16475,377,19,0.40000000
16476,377,20,0.02000000
16477,377,21,0.06000000
16478,377,22,0.08000000
16479,377,23,6.00000000
16480,377,24,0.19000000
16481,377,25,5.00000000
16482,377,26,2.90000000
16483,377,27,0.15000000
16484,377,28,0.00000000
16485,377,29,0.00000000
16486,377,30,30.00000000
16487,377,31,264.00000000
16488,377,32,1.00000000
16489,377,33,7.00000000
16490,377,34,0.50000000
16491,377,35,30.00000000
16492,377,36,77.00000000
16493,377,37,350.00000000
16494,377,38,0.09000000
16495,377,39,0.04000000
16496,377,40,45.00000000
16497,377,41,0.50000000
16498,377,42,0.00000000
16499,377,43,0.00000000
16500,377,44,0.00000000
16501,378,1,136.00000000
16502,378,2,74.60000000
16503,378,3,0.00000000
16504,378,4,18.80000000
16505,378,5,0.00000000
16506,378,6,0.00000000
16507,378,7,0.00000000
16508,378,8,0.00000000
16509,378,9,0.00000000
16510,378,10,6.70000000
16511,378,11,1.70000000
16512,378,12,2.00000000
16513,378,13,2.20000000
16514,378,14,67.20000000
16515,378,15,34.50000000
16516,378,16,34.50000000
16517,378,17,0.00000000
16518,378,18,2.00000000
16519,378,19,1.50000000
16520,378,20,0.30000000
16521,378,21,0.07000000
16522,378,22,0.07000000
16523,378,23,8.50000000
16524,378,24,0.43000000
16525,378,25,9.40000000
16526,378,26,5.20000000
16527,378,27,1.70000000
16528,378,28,4.50000000
16529,378,29,0.00000000
16530,378,30,108.00000000
16531,378,31,260.00000000
16532,378,32,1.20000000
16533,378,33,11.40000000
16534,378,34,1.40000000
16535,378,35,29.50000000
16536,378,36,56.00000000
16537,378,37,480.00000000
16538,378,38,0.01500000
16539,378,39,0.15000000
16540,378,40,25.00000000
16541,378,41,1.00000000
16542,378,42,0.00000000
16543,378,43,0.00000000
16544,378,44,0.00000000
16545,379,1,74.00000000
16546,379,2,82.50000000
16547,379,3,0.00000000
16548,379,4,16.70000000
16549,379,5,0.00000000
16550,379,6,0.00000000
16551,379,7,0.00000000
16552,379,8,0.00000000
16553,379,9,0.00000000
16554,379,10,0.80000000
16555,379,11,0.14000000
16556,379,12,0.08800000
16557,379,13,0.27000000
16558,379,14,71.00000000
16559,379,15,14.00000000
16560,379,16,14.00000000
16561,379,17,0.00000000
16562,379,18,0.00000000
16563,379,19,0.50000000
16564,379,20,0.01000000
16565,379,21,0.17000000
16566,379,22,0.17000000
16567,379,23,4.40000000
16568,379,24,0.22000000
16569,379,25,3.10000000
16570,379,26,1.20000000
16571,379,27,0.18000000
16572,379,28,0.00000000
16573,379,29,0.00000000
16574,379,30,8.00000000
16575,379,31,376.00000000
16576,379,32,0.20000000
16577,379,33,103.00000000
16578,379,34,0.43000000
16579,379,35,23.00000000
16580,379,36,100.00000000
16581,379,37,338.00000000
16582,379,38,0.03000000
16583,379,39,0.03500000
16584,379,40,20.00000000
16585,379,41,0.25000000
16586,379,42,0.00000000
16587,379,43,0.00000000
16588,379,44,0.00000000
16589,380,1,79.80000000
16590,380,2,81.30000000
16591,380,3,0.00000000
16592,380,4,17.70000000
16593,380,5,0.00000000
16594,380,6,0.00000000
16595,380,7,0.00000000
16596,380,8,0.00000000
16597,380,9,0.00000000
16598,380,10,1.00000000
16599,380,11,0.13000000
16600,380,12,0.10000000
16601,380,13,0.39000000
16602,380,14,34.00000000
16603,380,15,6.50000000
16604,380,16,6.50000000
16605,380,17,0.00000000
16606,380,18,1.30000000
16607,380,19,1.00000000
16608,380,20,0.01000000
16609,380,21,0.05500000
16610,380,22,0.04600000
16611,380,23,5.20000000
16612,380,24,0.20000000
16613,380,25,8.00000000
16614,380,26,1.20000000
16615,380,27,0.26000000
16616,380,28,2.20000000
16617,380,29,2.00000000
16618,380,30,26.00000000
16619,380,31,194.00000000
16620,380,32,0.32000000
16621,380,33,170.00000000
16622,380,34,0.40000000
16623,380,35,24.00000000
16624,380,36,72.00000000
16625,380,37,352.00000000
16626,380,38,0.01700000
16627,380,39,0.05300000
16628,380,40,28.00000000
16629,380,41,0.15000000
16630,380,42,0.00000000
16631,380,43,0.00000000
16632,380,44,0.00000000
16633,381,1,230.00000000
16634,381,2,63.70000000
16635,381,3,0.00000000
16636,381,4,18.10000000
16637,381,5,1.30000000
16638,381,6,0.00000000
16639,381,7,1.30000000
16640,381,8,0.00000000
16641,381,9,0.00000000
16642,381,10,16.90000000
16643,381,11,3.40000000
16644,381,12,4.30000000
16645,381,13,3.10000000
16646,381,14,93.70000000
16647,381,15,83.40000000
16648,381,16,83.40000000
16649,381,17,0.00000000
16650,381,18,1.50000000
16651,381,19,15.80000000
16652,381,20,0.04000000
16653,381,21,0.04000000
16654,381,22,0.11000000
16655,381,23,6.90000000
16656,381,24,0.28000000
16657,381,25,13.40000000
16658,381,26,2.30000000
16659,381,27,0.15000000
16660,381,28,0.00000000
16661,381,29,0.00000000
16662,381,30,40.50000000
16663,381,31,244.00000000
16664,381,32,0.13000000
16665,381,33,3.00000000
16666,381,34,0.51000000
16667,381,35,23.70000000
16668,381,36,31.00000000
16669,381,37,446.00000000
16670,381,38,0.09100000
16671,381,39,0.03800000
16672,381,40,45.00000000
16673,381,41,0.60000000
16674,381,42,0.00000000
16675,381,43,0.00000000
16676,381,44,0.00000000
16677,382,1,97.90000000
16678,382,2,78.40000000
16679,382,3,0.00000000
16680,382,4,19.30000000
16681,382,5,0.00000000
16682,382,6,0.00000000
16683,382,7,0.00000000
16684,382,8,0.00000000
16685,382,9,0.00000000
16686,382,10,2.30000000
16687,382,11,0.41000000
16688,382,12,0.61000000
16689,382,13,0.60000000
16690,382,14,80.00000000
16691,382,15,27.00000000
16692,382,16,27.00000000
16693,382,17,0.00000000
16694,382,18,0.00000000
16695,382,19,0.50000000
16696,382,20,0.02000000
16697,382,21,0.06000000
16698,382,22,0.06000000
16699,382,23,3.70000000
16700,382,24,0.20000000
16701,382,25,3.00000000
16702,382,26,4.00000000
16703,382,27,0.75000000
16704,382,28,0.00000000
16705,382,29,0.00000000
16706,382,30,130.00000000
16707,382,31,410.00000000
16708,382,32,2.20000000
16709,382,33,7.00000000
16710,382,34,0.30000000
16711,382,35,25.00000000
16712,382,36,69.00000000
16713,382,37,340.00000000
16714,382,38,0.01500000
16715,382,39,0.01900000
16716,382,40,36.50000000
16717,382,41,0.60000000
16718,382,42,0.00000000
16719,382,43,0.00000000
16720,382,44,0.00000000
16721,383,1,63.80000000
16722,383,2,86.30000000
16723,383,3,0.00000000
16724,383,4,11.90000000
16725,383,5,0.00000000
16726,383,6,0.00000000
16727,383,7,0.00000000
16728,383,8,0.00000000
16729,383,9,0.00000000
16730,383,10,1.80000000
16731,383,11,0.35000000
16732,383,12,0.43000000
16733,383,13,0.46000000
16734,383,14,67.00000000
16735,383,15,17.00000000
16736,383,16,17.00000000
16737,383,17,0.00000000
16738,383,18,0.00000000
16739,383,19,0.35000000
16740,383,20,0.02000000
16741,383,21,0.09000000
16742,383,22,0.09000000
16743,383,23,8.50000000
16744,383,24,0.16000000
16745,383,25,12.30000000
16746,383,26,1.10000000
16747,383,27,0.22000000
16748,383,28,0.00000000
16749,383,29,0.00000000
16750,383,30,33.10000000
16751,383,31,142.00000000
16752,383,32,1.10000000
16753,383,33,27.00000000
16754,383,34,0.37000000
16755,383,35,25.10000000
16756,383,36,101.00000000
16757,383,37,294.00000000
16758,383,38,0.02000000
16759,383,39,0.02100000
16760,383,40,36.00000000
16761,383,41,0.25000000
16762,383,42,0.00000000
16763,383,43,0.00000000
16764,383,44,0.00000000
16765,384,1,70.30000000
16766,384,2,83.30000000
16767,384,3,0.00000000
16768,384,4,16.00000000
16769,384,5,0.00000000
16770,384,6,0.00000000
16771,384,7,0.00000000
16772,384,8,0.00000000
16773,384,9,0.00000000
16774,384,10,0.70000000
16775,384,11,0.16000000
16776,384,12,0.14000000
16777,384,13,0.23000000
16778,384,14,37.00000000
16779,384,15,43.00000000
16780,384,16,43.00000000
16781,384,17,0.00000000
16782,384,18,0.00000000
16783,384,19,0.80000000
16784,384,20,0.02000000
16785,384,21,0.80000000
16786,384,22,0.14000000
16787,384,23,3.30000000
16788,384,24,0.32000000
16789,384,25,11.00000000
16790,384,26,2.00000000
16791,384,27,0.75000000
16792,384,28,0.00000000
16793,384,29,0.00000000
16794,384,30,14.00000000
16795,384,31,210.00000000
16796,384,32,0.90000000
16797,384,33,7.00000000
16798,384,34,0.50000000
16799,384,35,20.00000000
16800,384,36,80.00000000
16801,384,37,255.00000000
16802,384,38,0.02000000
16803,384,39,0.02000000
16804,384,40,36.50000000
16805,384,41,0.60000000
16806,384,42,0.00000000
16807,384,43,0.00000000
16808,384,44,0.00000000
16809,385,1,124.00000000
16810,385,2,74.50000000
16811,385,3,0.00000000
16812,385,4,20.40000000
16813,385,5,0.80000000
16814,385,6,0.00000000
16815,385,7,0.80000000
16816,385,8,0.00000000
16817,385,9,0.00000000
16818,385,10,4.30000000
16819,385,11,1.30000000
16820,385,12,0.94000000
16821,385,13,0.81000000
16822,385,14,81.00000000
16823,385,15,37.00000000
16824,385,16,37.00000000
16825,385,17,0.00000000
16826,385,18,0.00000000
16827,385,19,1.00000000
16828,385,20,0.01000000
16829,385,21,0.06000000
16830,385,22,0.15000000
16831,385,23,5.70000000
16832,385,24,0.43000000
16833,385,25,9.00000000
16834,385,26,2.00000000
16835,385,27,0.22000000
16836,385,28,0.00000000
16837,385,29,0.00000000
16838,385,30,53.00000000
16839,385,31,217.00000000
16840,385,32,1.50000000
16841,385,33,330.00000000
16842,385,34,0.60000000
16843,385,35,29.00000000
16844,385,36,69.00000000
16845,385,37,404.00000000
16846,385,38,0.05000000
16847,385,39,0.00700000
16848,385,40,51.00000000
16849,385,41,0.80000000
16850,385,42,0.00000000
16851,385,43,0.00000000
16852,385,44,0.00000000
16853,386,1,65.60000000
16854,386,2,83.80000000
16855,386,3,0.00000000
16856,386,4,13.40000000
16857,386,5,0.30000000
16858,386,6,0.00000000
16859,386,7,0.30000000
16860,386,8,0.00000000
16861,386,9,0.00000000
16862,386,10,1.20000000
16863,386,11,0.47000000
16864,386,12,0.44000000
16865,386,13,0.17000000
16866,386,14,29.80000000
16867,386,15,2.00000000
16868,386,16,0.00000000
16869,386,17,0.00000000
16870,386,18,0.05000000
16871,386,19,0.16000000
16872,386,20,0.00000000
16873,386,21,0.04000000
16874,386,22,0.04000000
16875,386,23,0.35000000
16876,386,24,0.10000000
16877,386,25,0.00000000
16878,386,26,0.30000000
16879,386,27,0.00000000
16880,386,28,0.00000000
16881,386,29,0.00000000
16882,386,30,36.70000000
16883,386,31,107.00000000
16884,386,32,0.21000000
16885,386,33,8.00000000
16886,386,34,0.24000000
16887,386,35,17.60000000
16888,386,36,274.00000000
16889,386,37,200.00000000
16890,386,38,0.00000000
16891,386,39,0.00000000
16892,386,40,9.60000000
16893,386,41,0.15000000
16894,386,42,0.00000000
16895,386,43,0.00000000
16896,386,44,0.00000000
16897,387,1,88.80000000
16898,387,2,79.80000000
16899,387,3,0.00000000
16900,387,4,18.60000000
16901,387,5,0.00000000
16902,387,6,0.00000000
16903,387,7,0.00000000
16904,387,8,0.00000000
16905,387,9,0.00000000
16906,387,10,1.60000000
16907,387,11,0.24000000
16908,387,12,0.63000000
16909,387,13,0.43000000
16910,387,14,42.00000000
16911,387,15,9.00000000
16912,387,16,9.00000000
16913,387,17,0.00000000
16914,387,18,0.00000000
16915,387,19,1.30000000
16916,387,20,0.00000000
16917,387,21,0.11000000
16918,387,22,0.11000000
16919,387,23,1.70000000
16920,387,24,0.00000000
16921,387,25,0.00000000
16922,387,26,1.00000000
16923,387,27,0.36000000
16924,387,28,0.00000000
16925,387,29,0.80000000
16926,387,30,20.00000000
16927,387,31,198.00000000
16928,387,32,0.00000000
16929,387,33,0.00000000
16930,387,34,0.48000000
16931,387,35,20.00000000
16932,387,36,47.00000000
16933,387,37,330.00000000
16934,387,38,0.00000000
16935,387,39,0.03000000
16936,387,40,43.30000000
16937,387,41,0.15000000
16938,387,42,0.00000000
16939,387,43,0.00000000
16940,387,44,0.00000000
16941,388,1,74.00000000
16942,388,2,82.50000000
16943,388,3,0.00000000
16944,388,4,16.70000000
16945,388,5,0.00000000
16946,388,6,0.00000000
16947,388,7,0.00000000
16948,388,8,0.00000000
16949,388,9,0.00000000
16950,388,10,0.80000000
16951,388,11,0.09000000
16952,388,12,0.23000000
16953,388,13,0.17000000
16954,388,14,56.80000000
16955,388,15,30.00000000
16956,388,16,30.00000000
16957,388,17,0.00000000
16958,388,18,0.00000000
16959,388,19,0.50000000
16960,388,20,0.02000000
16961,388,21,0.09000000
16962,388,22,0.06000000
16963,388,23,7.30000000
16964,388,24,0.22000000
16965,388,25,13.70000000
16966,388,26,1.00000000
16967,388,27,0.22000000
16968,388,28,0.00000000
16969,388,29,0.00000000
16970,388,30,43.40000000
16971,388,31,190.00000000
16972,388,32,0.77000000
16973,388,33,27.00000000
16974,388,34,0.38000000
16975,388,35,27.30000000
16976,388,36,100.00000000
16977,388,37,270.00000000
16978,388,38,0.02000000
16979,388,39,0.02000000
16980,388,40,36.00000000
16981,388,41,0.25000000
16982,388,42,0.00000000
16983,388,43,0.00000000
16984,388,44,0.00000000
16985,389,1,85.90000000
16986,389,2,80.90000000
16987,389,3,0.00000000
16988,389,4,17.20000000
16989,389,5,0.00000000
16990,389,6,0.00000000
16991,389,7,0.00000000
16992,389,8,0.00000000
16993,389,9,0.00000000
16994,389,10,1.90000000
16995,389,11,1.10000000
16996,389,12,0.40000000
16997,389,13,0.13000000
16998,389,14,63.00000000
16999,389,15,10.00000000
17000,389,16,10.00000000
17001,389,17,0.00000000
17002,389,18,0.00000000
17003,389,19,0.36000000
17004,389,20,0.20000000
17005,389,21,0.21000000
17006,389,22,0.22000000
17007,389,23,6.50000000
17008,389,24,0.20000000
17009,389,25,11.00000000
17010,389,26,1.50000000
17011,389,27,0.80000000
17012,389,28,0.00000000
17013,389,29,1.50000000
17014,389,30,61.00000000
17015,389,31,198.00000000
17016,389,32,0.90000000
17017,389,33,53.00000000
17018,389,34,0.53000000
17019,389,35,22.00000000
17020,389,36,104.00000000
17021,389,37,310.00000000
17022,389,38,0.03000000
17023,389,39,0.04200000
17024,389,40,33.00000000
17025,389,41,0.20000000
17026,389,42,0.00000000
17027,389,43,0.00000000
17028,389,44,0.00000000
17029,390,1,65.60000000
17030,390,2,84.50000000
17031,390,3,0.00000000
17032,390,4,14.90000000
17033,390,5,0.00000000
17034,390,6,0.00000000
17035,390,7,0.00000000
17036,390,8,0.00000000
17037,390,9,0.00000000
17038,390,10,0.67000000
17039,390,11,0.17000000
17040,390,12,0.11000000
17041,390,13,0.31000000
17042,390,14,25.00000000
17043,390,15,12.00000000
17044,390,16,12.00000000
17045,390,17,0.00000000
17046,390,18,0.00000000
17047,390,19,0.85000000
17048,390,20,0.02000000
17049,390,21,0.03000000
17050,390,22,0.05000000
17051,390,23,4.30000000
17052,390,24,0.01000000
17053,390,25,1.00000000
17054,390,26,1.00000000
17055,390,27,0.15000000
17056,390,28,0.00000000
17057,390,29,0.00000000
17058,390,30,8.00000000
17059,390,31,330.00000000
17060,390,32,0.30000000
17061,390,33,0.00000000
17062,390,34,0.31000000
17063,390,35,21.00000000
17064,390,36,109.00000000
17065,390,37,235.00000000
17066,390,38,0.02400000
17067,390,39,0.01000000
17068,390,40,36.50000000
17069,390,41,0.20000000
17070,390,42,0.00000000
17071,390,43,0.00000000
17072,390,44,0.00000000
17073,391,1,97.30000000
17074,391,2,77.30000000
17075,391,3,0.00000000
17076,391,4,20.60000000
17077,391,5,0.80000000
17078,391,6,0.00000000
17079,391,7,0.80000000
17080,391,8,0.00000000
17081,391,9,0.00000000
17082,391,10,1.30000000
17083,391,11,0.29000000
17084,391,12,0.29000000
17085,391,13,0.53000000
17086,391,14,65.00000000
17087,391,15,27.00000000
17088,391,16,27.00000000
17089,391,17,0.00000000
17090,391,18,0.00000000
17091,391,19,0.00000000
17092,391,20,0.01000000
17093,391,21,0.02000000
17094,391,22,0.01000000
17095,391,23,5.90000000
17096,391,24,0.37000000
17097,391,25,3.00000000
17098,391,26,6.00000000
17099,391,27,0.22000000
17100,391,28,0.00000000
17101,391,29,0.00000000
17102,391,30,38.00000000
17103,391,31,155.00000000
17104,391,32,0.75000000
17105,391,33,3.00000000
17106,391,34,0.98000000
17107,391,35,30.00000000
17108,391,36,90.00000000
17109,391,37,250.00000000
17110,391,38,0.02000000
17111,391,39,0.01000000
17112,391,40,36.50000000
17113,391,41,0.30000000
17114,391,42,0.00000000
17115,391,43,0.00000000
17116,391,44,0.00000000
17117,392,1,82.10000000
17118,392,2,81.60000000
17119,392,3,0.00000000
17120,392,4,16.70000000
17121,392,5,0.00000000
17122,392,6,0.00000000
17123,392,7,0.00000000
17124,392,8,0.00000000
17125,392,9,0.00000000
17126,392,10,1.70000000
17127,392,11,0.53000000
17128,392,12,0.39000000
17129,392,13,0.56000000
17130,392,14,25.00000000
17131,392,15,11.00000000
17132,392,16,11.00000000
17133,392,17,0.00000000
17134,392,18,0.00000000
17135,392,19,0.40000000
17136,392,20,0.20000000
17137,392,21,0.02000000
17138,392,22,0.15000000
17139,392,23,5.20000000
17140,392,24,0.15000000
17141,392,25,10.00000000
17142,392,26,2.00000000
17143,392,27,0.57000000
17144,392,28,0.00000000
17145,392,29,0.00000000
17146,392,30,17.00000000
17147,392,31,159.00000000
17148,392,32,0.50000000
17149,392,33,16.00000000
17150,392,34,0.40000000
17151,392,35,45.00000000
17152,392,36,114.00000000
17153,392,37,290.00000000
17154,392,38,0.03700000
17155,392,39,0.01400000
17156,392,40,36.50000000
17157,392,41,0.30000000
17158,392,42,0.00000000
17159,392,43,0.00000000
17160,392,44,0.00000000
17161,393,1,70.50000000
17162,393,2,81.40000000
17163,393,3,0.00000000
17164,393,4,16.50000000
17165,393,5,0.00000000
17166,393,6,0.00000000
17167,393,7,0.00000000
17168,393,8,0.00000000
17169,393,9,0.00000000
17170,393,10,0.50000000
17171,393,11,0.00000000
17172,393,12,0.07000000
17173,393,13,0.17000000
17174,393,14,65.00000000
17175,393,15,0.00000000
17176,393,16,0.00000000
17177,393,17,0.00000000
17178,393,18,0.00000000
17179,393,19,0.00000000
17180,393,20,0.00000000
17181,393,21,0.00000000
17182,393,22,0.00000000
17183,393,23,0.00000000
17184,393,24,0.00000000
17185,393,25,0.00000000
17186,393,26,0.00000000
17187,393,27,0.00000000
17188,393,28,0.00000000
17189,393,29,0.00000000
17190,393,30,0.00000000
17191,393,31,0.00000000
17192,393,32,0.00000000
17193,393,33,0.00000000
17194,393,34,0.00000000
17195,393,35,0.00000000
17196,393,36,112.00000000
17197,393,37,254.00000000
17198,393,38,0.00000000
17199,393,39,0.00000000
17200,393,40,0.00000000
17201,393,41,0.30000000
17202,393,42,0.00000000
17203,393,43,0.00000000
17204,393,44,0.00000000
17205,394,1,140.00000000
17206,394,2,67.70000000
17207,394,3,0.00000000
17208,394,4,25.40000000
17209,394,5,0.00000000
17210,394,6,0.00000000
17211,394,7,0.00000000
17212,394,8,0.00000000
17213,394,9,0.00000000
17214,394,10,4.30000000
17215,394,11,0.80000000
17216,394,12,1.80000000
17217,394,13,1.40000000
17218,394,14,35.00000000
17219,394,15,26.00000000
17220,394,16,26.00000000
17221,394,17,0.00000000
17222,394,18,19.00000000
17223,394,19,1.70000000
17224,394,20,0.30000000
17225,394,21,0.16000000
17226,394,22,0.17000000
17227,394,23,13.70000000
17228,394,24,0.28000000
17229,394,25,2.00000000
17230,394,26,3.00000000
17231,394,27,0.80000000
17232,394,28,0.00000000
17233,394,29,0.00000000
17234,394,30,19.00000000
17235,394,31,250.00000000
17236,394,32,0.60000000
17237,394,33,28.00000000
17238,394,34,0.40000000
17239,394,35,32.00000000
17240,394,36,1008.00000000
17241,394,37,420.00000000
17242,394,38,0.01700000
17243,394,39,0.20000000
17244,394,40,32.40000000
17245,394,41,1.80000000
17246,394,42,0.00000000
17247,394,43,0.00000000
17248,394,44,0.00000000
17249,395,1,253.00000000
17250,395,2,55.80000000
17251,395,3,0.00000000
17252,395,4,28.60000000
17253,395,5,0.37000000
17254,395,6,0.00000000
17255,395,7,0.37000000
17256,395,8,0.00000000
17257,395,9,0.00000000
17258,395,10,15.20000000
17259,395,11,2.80000000
17260,395,12,2.80000000
17261,395,13,8.30000000
17262,395,14,70.60000000
17263,395,15,67.40000000
17264,395,16,67.40000000
17265,395,17,0.00000000
17266,395,18,11.80000000
17267,395,19,0.98000000
17268,395,20,0.04000000
17269,395,21,0.06000000
17270,395,22,0.21000000
17271,395,23,9.10000000
17272,395,24,0.19000000
17273,395,25,18.50000000
17274,395,26,3.40000000
17275,395,27,0.90000000
17276,395,28,0.00000000
17277,395,29,0.00000000
17278,395,30,273.00000000
17279,395,31,300.00000000
17280,395,32,4.20000000
17281,395,33,18.80000000
17282,395,34,3.40000000
17283,395,35,54.80000000
17284,395,36,4348.00000000
17285,395,37,230.00000000
17286,395,38,0.18000000
17287,395,39,0.17000000
17288,395,40,68.10000000
17289,395,41,1.20000000
17290,395,42,0.00000000
17291,395,43,0.00000000
17292,395,44,0.00000000
17293,396,1,99.40000000
17294,396,2,75.90000000
17295,396,3,0.00000000
17296,396,4,23.50000000
17297,396,5,0.00000000
17298,396,6,0.00000000
17299,396,7,0.00000000
17300,396,8,0.00000000
17301,396,9,0.00000000
17302,396,10,0.60000000
17303,396,11,0.20000000
17304,396,12,0.10000000
17305,396,13,0.20000000
17306,396,14,51.00000000
17307,396,15,17.00000000
17308,396,16,17.00000000
17309,396,17,0.00000000
17310,396,18,4.00000000
17311,396,19,0.55000000
17312,396,20,0.03000000
17313,396,21,0.02000000
17314,396,22,0.11000000
17315,396,23,18.80000000
17316,396,24,0.47000000
17317,396,25,7.00000000
17318,396,26,4.00000000
17319,396,27,0.21000000
17320,396,28,0.00000000
17321,396,29,0.00000000
17322,396,30,28.00000000
17323,396,31,170.00000000
17324,396,32,1.00000000
17325,396,33,13.00000000
17326,396,34,0.70000000
17327,396,35,27.00000000
17328,396,36,320.00000000
17329,396,37,230.00000000
17330,396,38,0.01100000
17331,396,39,0.05100000
17332,396,40,80.40000000
17333,396,41,0.26000000
17334,396,42,0.00000000
17335,396,43,0.00000000
17336,396,44,0.00000000
17337,397,1,208.00000000
17338,397,2,60.80000000
17339,397,3,0.00000000
17340,397,4,24.80000000
17341,397,5,0.00000000
17342,397,6,0.00000000
17343,397,7,0.00000000
17344,397,8,0.00000000
17345,397,9,0.00000000
17346,397,10,12.10000000
17347,397,11,1.80000000
17348,397,12,3.60000000
17349,397,13,5.60000000
17350,397,14,39.80000000
17351,397,15,62.20000000
17352,397,16,62.20000000
17353,397,17,0.00000000
17354,397,18,4.90000000
17355,397,19,6.30000000
17356,397,20,0.04000000
17357,397,21,0.10000000
17358,397,22,0.10000000
17359,397,23,18.20000000
17360,397,24,0.42000000
17361,397,25,16.80000000
17362,397,26,5.00000000
17363,397,27,0.22000000
17364,397,28,2.10000000
17365,397,29,0.00000000
17366,397,30,27.70000000
17367,397,31,200.00000000
17368,397,32,1.20000000
17369,397,33,34.20000000
17370,397,34,0.30000000
17371,397,35,28.20000000
17372,397,36,360.00000000
17373,397,37,248.00000000
17374,397,38,0.01600000
17375,397,39,0.23000000
17376,397,40,90.00000000
17377,397,41,0.23000000
17378,397,42,0.00000000
17379,397,43,0.00000000
17380,397,44,0.00000000
17381,398,1,99.40000000
17382,398,2,75.90000000
17383,398,3,0.00000000
17384,398,4,23.50000000
17385,398,5,0.00000000
17386,398,6,0.00000000
17387,398,7,0.00000000
17388,398,8,0.00000000
17389,398,9,0.00000000
17390,398,10,0.60000000
17391,398,11,0.23000000
17392,398,12,0.10000000
17393,398,13,0.21000000
17394,398,14,51.00000000
17395,398,15,65.00000000
17396,398,16,65.00000000
17397,398,17,0.00000000
17398,398,18,4.00000000
17399,398,19,0.55000000
17400,398,20,0.03000000
17401,398,21,0.02000000
17402,398,22,0.11000000
17403,398,23,18.80000000
17404,398,24,0.47000000
17405,398,25,16.00000000
17406,398,26,4.30000000
17407,398,27,0.30000000
17408,398,28,2.00000000
17409,398,29,0.00000000
17410,398,30,8.00000000
17411,398,31,170.00000000
17412,398,32,1.00000000
17413,398,33,13.00000000
17414,398,34,0.70000000
17415,398,35,27.00000000
17416,398,36,562.00000000
17417,398,37,230.00000000
17418,398,38,0.01000000
17419,398,39,0.05000000
17420,398,40,78.00000000
17421,398,41,1.14000000
17422,398,42,0.00000000
17423,398,43,0.00000000
17424,398,44,0.00000000
17425,399,1,203.00000000
17426,399,2,63.60000000
17427,399,3,0.00000000
17428,399,4,24.90000000
17429,399,5,0.00000000
17430,399,6,0.00000000
17431,399,7,0.00000000
17432,399,8,0.00000000
17433,399,9,0.00000000
17434,399,10,11.50000000
17435,399,11,1.80000000
17436,399,12,3.10000000
17437,399,13,5.40000000
17438,399,14,46.70000000
17439,399,15,26.00000000
17440,399,16,26.00000000
17441,399,17,0.00000000
17442,399,18,3.10000000
17443,399,19,7.20000000
17444,399,20,0.04000000
17445,399,21,0.05000000
17446,399,22,0.11000000
17447,399,23,17.80000000
17448,399,24,0.42000000
17449,399,25,15.50000000
17450,399,26,5.00000000
17451,399,27,0.33000000
17452,399,28,0.00000000
17453,399,29,0.00000000
17454,399,30,8.00000000
17455,399,31,200.00000000
17456,399,32,1.00000000
17457,399,33,37.00000000
17458,399,34,1.10000000
17459,399,35,29.00000000
17460,399,36,400.00000000
17461,399,37,230.00000000
17462,399,38,0.02000000
17463,399,39,0.05000000
17464,399,40,82.00000000
17465,399,41,1.20000000
17466,399,42,0.00000000
17467,399,43,0.00000000
17468,399,44,0.00000000
17469,400,1,207.00000000
17470,400,2,59.10000000
17471,400,3,0.00000000
17472,400,4,32.20000000
17473,400,5,0.00000000
17474,400,6,0.00000000
17475,400,7,0.00000000
17476,400,8,0.00000000
17477,400,9,0.00000000
17478,400,10,8.70000000
17479,400,11,1.80000000
17480,400,12,1.80000000
17481,400,13,4.20000000
17482,400,14,33.00000000
17483,400,15,18.00000000
17484,400,16,18.00000000
17485,400,17,0.00000000
17486,400,18,3.10000000
17487,400,19,7.20000000
17488,400,20,0.04000000
17489,400,21,0.10000000
17490,400,22,0.10000000
17491,400,23,17.80000000
17492,400,24,0.52000000
17493,400,25,15.00000000
17494,400,26,5.00000000
17495,400,27,0.33000000
17496,400,28,0.00000000
17497,400,29,0.00000000
17498,400,30,10.00000000
17499,400,31,200.00000000
17500,400,32,1.20000000
17501,400,33,37.00000000
17502,400,34,1.10000000
17503,400,35,33.00000000
17504,400,36,347.00000000
17505,400,37,267.00000000
17506,400,38,0.02000000
17507,400,39,0.05000000
17508,400,40,82.00000000
17509,400,41,1.20000000
17510,400,42,0.00000000
17511,400,43,0.00000000
17512,400,44,0.00000000
17513,401,1,184.00000000
17514,401,2,63.20000000
17515,401,3,0.00000000
17516,401,4,27.50000000
17517,401,5,2.00000000
17518,401,6,0.00000000
17519,401,7,0.00000000
17520,401,8,0.00000000
17521,401,9,0.00000000
17522,401,10,7.30000000
17523,401,11,1.10000000
17524,401,12,5.50000000
17525,401,13,0.65000000
17526,401,14,40.00000000
17527,401,15,5.00000000
17528,401,16,5.00000000
17529,401,17,0.00000000
17530,401,18,0.00000000
17531,401,19,0.00000000
17532,401,20,0.00000000
17533,401,21,0.00000000
17534,401,22,0.00000000
17535,401,23,0.00000000
17536,401,24,0.00000000
17537,401,25,0.00000000
17538,401,26,0.00000000
17539,401,27,0.00000000
17540,401,28,0.00000000
17541,401,29,0.00000000
17542,401,30,0.00000000
17543,401,31,0.00000000
17544,401,32,0.00000000
17545,401,33,0.00000000
17546,401,34,0.00000000
17547,401,35,0.00000000
17548,401,36,0.35000000
17549,401,37,0.00000000
17550,401,38,0.00000000
17551,401,39,0.00000000
17552,401,40,0.00000000
17553,401,41,1.00000000
17554,401,42,0.00000000
17555,401,43,0.00000000
17556,401,44,0.00000000
17557,402,1,174.00000000
17558,402,2,68.40000000
17559,402,3,0.00000000
17560,402,4,13.80000000
17561,402,5,1.90000000
17562,402,6,0.00000000
17563,402,7,1.90000000
17564,402,8,1.90000000
17565,402,9,0.00000000
17566,402,10,12.30000000
17567,402,11,3.30000000
17568,402,12,3.90000000
17569,402,13,3.80000000
17570,402,14,78.50000000
17571,402,15,13.20000000
17572,402,16,4.70000000
17573,402,17,50.80000000
17574,402,18,7.50000000
17575,402,19,0.52000000
17576,402,20,0.06000000
17577,402,21,0.02000000
17578,402,22,0.20000000
17579,402,23,5.10000000
17580,402,24,1.60000000
17581,402,25,13.00000000
17582,402,26,26.00000000
17583,402,27,0.73000000
17584,402,28,5.00000000
17585,402,29,0.29000000
17586,402,30,344.00000000
17587,402,31,380.00000000
17588,402,32,2.60000000
17589,402,33,17.90000000
17590,402,34,1.80000000
17591,402,35,39.20000000
17592,402,36,468.00000000
17593,402,37,376.00000000
17594,402,38,0.24000000
17595,402,39,0.23000000
17596,402,40,37.00000000
17597,402,41,1.50000000
17598,402,42,0.00000000
17599,402,43,0.00000000
17600,402,44,0.00000000
17601,403,1,218.00000000
17602,403,2,58.90000000
17603,403,3,0.00000000
17604,403,4,23.90000000
17605,403,5,0.00000000
17606,403,6,0.00000000
17607,403,7,0.00000000
17608,403,8,0.00000000
17609,403,9,0.00000000
17610,403,10,13.60000000
17611,403,11,2.80000000
17612,403,12,4.70000000
17613,403,13,4.90000000
17614,403,14,65.00000000
17615,403,15,49.00000000
17616,403,16,49.00000000
17617,403,17,0.00000000
17618,403,18,8.20000000
17619,403,19,0.30000000
17620,403,20,0.04000000
17621,403,21,0.04000000
17622,403,22,0.31000000
17623,403,23,12.60000000
17624,403,24,0.47000000
17625,403,25,8.70000000
17626,403,26,29.60000000
17627,403,27,0.50000000
17628,403,28,5.00000000
17629,403,29,0.00000000
17630,403,30,314.00000000
17631,403,31,430.00000000
17632,403,32,2.90000000
17633,403,33,33.40000000
17634,403,34,2.80000000
17635,403,35,49.30000000
17636,403,36,418.00000000
17637,403,37,388.00000000
17638,403,38,0.11000000
17639,403,39,0.19000000
17640,403,40,50.00000000
17641,403,41,2.20000000
17642,403,42,0.00000000
17643,403,43,0.00000000
17644,403,44,0.00000000
17645,404,1,131.00000000
17646,404,2,76.70000000
17647,404,3,0.00000000
17648,404,4,15.00000000
17649,404,5,0.80000000
17650,404,6,0.00000000
17651,404,7,0.80000000
17652,404,8,0.00000000
17653,404,9,0.00000000
17654,404,10,7.50000000
17655,404,11,2.60000000
17656,404,12,1.80000000
17657,404,13,2.30000000
17658,404,14,100.00000000
17659,404,15,32.00000000
17660,404,16,32.00000000
17661,404,17,0.00000000
17662,404,18,7.00000000
17663,404,19,1.60000000
17664,404,20,0.03000000
17665,404,21,0.11000000
17666,404,22,0.34000000
17667,404,23,5.90000000
17668,404,24,0.96000000
17669,404,25,7.00000000
17670,404,26,26.00000000
17671,404,27,0.81000000
17672,404,28,0.00000000
17673,404,29,0.00000000
17674,404,30,30.00000000
17675,404,31,270.00000000
17676,404,32,0.90000000
17677,404,33,10.00000000
17678,404,34,0.40000000
17679,404,35,26.00000000
17680,404,36,446.00000000
17681,404,37,260.00000000
17682,404,38,0.11000000
17683,404,39,0.17000000
17684,404,40,60.00000000
17685,404,41,1.40000000
17686,404,42,0.00000000
17687,404,43,0.00000000
17688,404,44,0.00000000
17689,405,1,218.00000000
17690,405,2,58.90000000
17691,405,3,0.00000000
17692,405,4,23.90000000
17693,405,5,0.00000000
17694,405,6,0.00000000
17695,405,7,0.00000000
17696,405,8,0.00000000
17697,405,9,0.00000000
17698,405,10,13.60000000
17699,405,11,2.80000000
17700,405,12,4.70000000
17701,405,13,4.90000000
17702,405,14,65.00000000
17703,405,15,49.00000000
17704,405,16,49.00000000
17705,405,17,0.00000000
17706,405,18,8.20000000
17707,405,19,0.30000000
17708,405,20,0.04000000
17709,405,21,0.04000000
17710,405,22,0.31000000
17711,405,23,12.60000000
17712,405,24,0.47000000
17713,405,25,8.70000000
17714,405,26,29.60000000
17715,405,27,0.50000000
17716,405,28,5.00000000
17717,405,29,0.00000000
17718,405,30,314.00000000
17719,405,31,430.00000000
17720,405,32,2.90000000
17721,405,33,33.40000000
17722,405,34,2.80000000
17723,405,35,49.30000000
17724,405,36,480.00000000
17725,405,37,388.00000000
17726,405,38,0.11000000
17727,405,39,0.19000000
17728,405,40,50.00000000
17729,405,41,1.48000000
17730,405,42,0.00000000
17731,405,43,0.00000000
17732,405,44,0.00000000
17733,406,1,322.00000000
17734,406,2,22.60000000
17735,406,3,0.00000000
17736,406,4,75.00000000
17737,406,5,0.00000000
17738,406,6,0.00000000
17739,406,7,0.00000000
17740,406,8,0.00000000
17741,406,9,0.00000000
17742,406,10,2.40000000
17743,406,11,0.71000000
17744,406,12,0.40000000
17745,406,13,0.59000000
17746,406,14,56.00000000
17747,406,15,42.00000000
17748,406,16,42.00000000
17749,406,17,0.00000000
17750,406,18,5.00000000
17751,406,19,1.30000000
17752,406,20,0.01000000
17753,406,21,0.08000000
17754,406,22,0.45000000
17755,406,23,15.10000000
17756,406,24,0.60000000
17757,406,25,14.00000000
17758,406,26,5.00000000
17759,406,27,1.70000000
17760,406,28,0.00000000
17761,406,29,0.10000000
17762,406,30,50.00000000
17763,406,31,891.00000000
17764,406,32,3.60000000
17765,406,33,170.00000000
17766,406,34,1.60000000
17767,406,35,28.00000000
17768,406,36,8100.00000000
17769,406,37,300.00000000
17770,406,38,0.05000000
17771,406,39,0.18000000
17772,406,40,148.00000000
17773,406,41,0.15000000
17774,406,42,0.00000000
17775,406,43,0.00000000
17776,406,44,0.00000000
17777,407,1,900.00000000
17778,407,2,0.00000000
17779,407,3,0.00000000
17780,407,4,0.00000000
17781,407,5,0.00000000
17782,407,6,0.00000000
17783,407,7,0.00000000
17784,407,8,0.00000000
17785,407,9,0.00000000
17786,407,10,100.00000000
17787,407,11,16.90000000
17788,407,12,46.20000000
17789,407,13,32.00000000
17790,407,14,0.00000000
17791,407,15,0.00000000
17792,407,16,0.00000000
17793,407,17,0.00000000
17794,407,18,0.00000000
17795,407,19,15.70000000
17796,407,20,0.70000000
17797,407,21,0.00000000
17798,407,22,0.00000000
17799,407,23,0.00000000
17800,407,24,0.00000000
17801,407,25,0.00000000
17802,407,26,0.00000000
17803,407,27,0.00000000
17804,407,28,0.00000000
17805,407,29,0.00000000
17806,407,30,0.00000000
17807,407,31,0.00000000
17808,407,32,0.03000000
17809,407,33,0.00000000
17810,407,34,0.01000000
17811,407,35,0.00000000
17812,407,36,0.00000000
17813,407,37,0.00000000
17814,407,38,0.00000000
17815,407,39,0.00000000
17816,407,40,0.00000000
17817,407,41,0.00000000
17818,407,42,0.00000000
17819,407,43,0.00000000
17820,407,44,0.00000000
17821,408,1,900.00000000
17822,408,2,0.00000000
17823,408,3,0.00000000
17824,408,4,0.00000000
17825,408,5,0.00000000
17826,408,6,0.00000000
17827,408,7,0.00000000
17828,408,8,0.00000000
17829,408,9,0.00000000
17830,408,10,100.00000000
17831,408,11,86.50000000
17832,408,12,5.80000000
17833,408,13,1.80000000
17834,408,14,0.00000000
17835,408,15,0.00000000
17836,408,16,0.00000000
17837,408,17,0.00000000
17838,408,18,0.00000000
17839,408,19,0.11000000
17840,408,20,0.50000000
17841,408,21,0.00000000
17842,408,22,0.00000000
17843,408,23,0.00000000
17844,408,24,0.00000000
17845,408,25,0.00000000
17846,408,26,0.00000000
17847,408,27,0.00000000
17848,408,28,0.00000000
17849,408,29,0.00000000
17850,408,30,0.00000000
17851,408,31,0.00000000
17852,408,32,0.04000000
17853,408,33,0.00000000
17854,408,34,0.00000000
17855,408,35,0.00000000
17856,408,36,0.00000000
17857,408,37,0.00000000
17858,408,38,0.00000000
17859,408,39,0.00000000
17860,408,40,0.00000000
17861,408,41,0.00000000
17862,408,42,0.00000000
17863,408,43,0.00000000
17864,408,44,0.00000000
17865,409,1,900.00000000
17866,409,2,0.00000000
17867,409,3,0.00000000
17868,409,4,0.00000000
17869,409,5,0.00000000
17870,409,6,0.00000000
17871,409,7,0.00000000
17872,409,8,0.00000000
17873,409,9,0.00000000
17874,409,10,100.00000000
17875,409,11,7.00000000
17876,409,12,60.50000000
17877,409,13,26.30000000
17878,409,14,0.00000000
17879,409,15,0.00000000
17880,409,16,0.00000000
17881,409,17,0.00000000
17882,409,18,0.00000000
17883,409,19,42.00000000
17884,409,20,0.00000000
17885,409,21,0.00000000
17886,409,22,0.00000000
17887,409,23,0.00000000
17888,409,24,0.00000000
17889,409,25,0.00000000
17890,409,26,0.00000000
17891,409,27,0.00000000
17892,409,28,0.00000000
17893,409,29,0.00000000
17894,409,30,5.60000000
17895,409,31,0.00000000
17896,409,32,0.02300000
17897,409,33,0.40000000
17898,409,34,0.05000000
17899,409,35,0.58000000
17900,409,36,5.50000000
17901,409,37,10.70000000
17902,409,38,0.00000000
17903,409,39,0.00000000
17904,409,40,10.00000000
17905,409,41,9.00000000
17906,409,42,0.00000000
17907,409,43,0.00000000
17908,409,44,0.00000000
17909,410,1,899.00000000
17910,410,2,0.10000000
17911,410,3,0.00000000
17912,410,4,0.00000000
17913,410,5,0.00000000
17914,410,6,0.00000000
17915,410,7,0.00000000
17916,410,8,0.00000000
17917,410,9,0.00000000
17918,410,10,99.90000000
17919,410,11,18.80000000
17920,410,12,15.10000000
17921,410,13,61.70000000
17922,410,14,0.00000000
17923,410,15,0.00000000
17924,410,16,0.00000000
17925,410,17,0.00000000
17926,410,18,0.00000000
17927,410,19,215.00000000
17928,410,20,0.00000000
17929,410,21,0.00000000
17930,410,22,0.00000000
17931,410,23,0.00000000
17932,410,24,0.00000000
17933,410,25,0.00000000
17934,410,26,0.00000000
17935,410,27,0.00000000
17936,410,28,0.00000000
17937,410,29,0.00000000
17938,410,30,0.00000000
17939,410,31,0.00000000
17940,410,32,0.00000000
17941,410,33,0.00000000
17942,410,34,0.00000000
17943,410,35,0.00000000
17944,410,36,0.00000000
17945,410,37,0.00000000
17946,410,38,0.00000000
17947,410,39,0.00000000
17948,410,40,0.00000000
17949,410,41,0.50000000
17950,410,42,0.00000000
17951,410,43,5.00000000
17952,410,44,0.00000000
17953,411,1,899.00000000
17954,411,2,0.10000000
17955,411,3,0.00000000
17956,411,4,0.00000000
17957,411,5,0.00000000
17958,411,6,0.00000000
17959,411,7,0.00000000
17960,411,8,0.00000000
17961,411,9,0.00000000
17962,411,10,99.90000000
17963,411,11,12.00000000
17964,411,12,20.50000000
17965,411,13,63.30000000
17966,411,14,0.00000000
17967,411,15,4.30000000
17968,411,16,0.00000000
17969,411,17,26.00000000
17970,411,18,0.00000000
17971,411,19,62.20000000
17972,411,20,9.40000000
17973,411,21,0.00000000
17974,411,22,0.00000000
17975,411,23,0.00000000
17976,411,24,0.00000000
17977,411,25,0.00000000
17978,411,26,0.00000000
17979,411,27,0.00000000
17980,411,28,0.00000000
17981,411,29,0.00000000
17982,411,30,0.00000000
17983,411,31,0.00000000
17984,411,32,0.03000000
17985,411,33,0.00000000
17986,411,34,0.00000000
17987,411,35,0.00000000
17988,411,36,0.00000000
17989,411,37,0.00000000
17990,411,38,0.00000000
17991,411,39,0.00000000
17992,411,40,0.00000000
17993,411,41,0.05000000
17994,411,42,0.00000000
17995,411,43,0.00000000
17996,411,44,0.00000000
17997,412,1,899.00000000
17998,412,2,0.10000000
17999,412,3,0.00000000
18000,412,4,0.00000000
18001,412,5,0.00000000
18002,412,6,0.00000000
18003,412,7,0.00000000
18004,412,8,0.00000000
18005,412,9,0.00000000
18006,412,10,99.90000000
18007,412,11,21.10000000
18008,412,12,44.60000000
18009,412,13,30.50000000
18010,412,14,650.00000000
18011,412,15,18000.00000000
18012,412,16,18000.00000000
18013,412,17,0.00000000
18014,412,18,210.00000000
18015,412,19,20.00000000
18016,412,20,0.00000000
18017,412,21,0.00000000
18018,412,22,0.00000000
18019,412,23,0.00000000
18020,412,24,0.00000000
18021,412,25,0.00000000
18022,412,26,0.00000000
18023,412,27,0.00000000
18024,412,28,0.00000000
18025,412,29,0.00000000
18026,412,30,0.00000000
18027,412,31,0.00000000
18028,412,32,0.00000000
18029,412,33,0.00000000
18030,412,34,0.00000000
18031,412,35,0.00000000
18032,412,36,0.00000000
18033,412,37,0.00000000
18034,412,38,0.00000000
18035,412,39,0.00000000
18036,412,40,0.00000000
18037,412,41,20.00000000
18038,412,42,0.00000000
18039,412,43,0.00000000
18040,412,44,0.00000000
18041,413,1,900.00000000
18042,413,2,0.12000000
18043,413,3,0.00000000
18044,413,4,0.11000000
18045,413,5,0.00000000
18046,413,6,0.00000000
18047,413,7,0.00000000
18048,413,8,0.00000000
18049,413,9,0.00000000
18050,413,10,100.00000000
18051,413,11,9.00000000
18052,413,12,18.40000000
18053,413,13,67.80000000
18054,413,14,0.00000000
18055,413,15,0.00000000
18056,413,16,0.00000000
18057,413,17,0.00000000
18058,413,18,0.00000000
18059,413,19,3.60000000
18060,413,20,9.30000000
18061,413,21,0.00000000
18062,413,22,0.00000000
18063,413,23,0.00000000
18064,413,24,0.00000000
18065,413,25,0.00000000
18066,413,26,0.00000000
18067,413,27,0.00000000
18068,413,28,0.00000000
18069,413,29,0.00000000
18070,413,30,1.00000000
18071,413,31,1.00000000
18072,413,32,0.00000000
18073,413,33,0.00000000
18074,413,34,0.07000000
18075,413,35,0.00000000
18076,413,36,0.00000000
18077,413,37,0.00000000
18078,413,38,0.00000000
18079,413,39,0.00000000
18080,413,40,0.00000000
18081,413,41,9.00000000
18082,413,42,0.00000000
18083,413,43,0.00000000
18084,413,44,0.00000000
18085,414,1,899.00000000
18086,414,2,0.10000000
18087,414,3,0.00000000
18088,414,4,0.00000000
18089,414,5,0.00000000
18090,414,6,0.00000000
18091,414,7,0.00000000
18092,414,8,0.00000000
18093,414,9,0.00000000
18094,414,10,99.90000000
18095,414,11,14.50000000
18096,414,12,29.90000000
18097,414,13,51.30000000
18098,414,14,0.00000000
18099,414,15,0.00000000
18100,414,16,0.00000000
18101,414,17,0.00000000
18102,414,18,0.00000000
18103,414,19,34.00000000
18104,414,20,31.00000000
18105,414,21,0.00000000
18106,414,22,0.00000000
18107,414,23,0.00000000
18108,414,24,0.00000000
18109,414,25,0.00000000
18110,414,26,0.00000000
18111,414,27,0.00000000
18112,414,28,0.00000000
18113,414,29,0.00000000
18114,414,30,0.00000000
18115,414,31,0.00000000
18116,414,32,0.00000000
18117,414,33,0.00000000
18118,414,34,0.00000000
18119,414,35,0.00000000
18120,414,36,0.00000000
18121,414,37,0.00000000
18122,414,38,0.00000000
18123,414,39,0.00000000
18124,414,40,0.00000000
18125,414,41,0.00000000
18126,414,42,0.00000000
18127,414,43,0.00000000
18128,414,44,0.00000000
18129,415,1,898.00000000
18130,415,2,0.00000000
18131,415,3,0.00000000
18132,415,4,0.00000000
18133,415,5,0.00000000
18134,415,6,0.00000000
18135,415,7,0.00000000
18136,415,8,0.00000000
18137,415,9,0.00000000
18138,415,10,99.80000000
18139,415,11,9.30000000
18140,415,12,17.10000000
18141,415,13,69.00000000
18142,415,14,0.00000000
18143,415,15,0.00000000
18144,415,16,0.00000000
18145,415,17,0.00000000
18146,415,18,0.00000000
18147,415,19,10.80000000
18148,415,20,0.00000000
18149,415,21,0.00000000
18150,415,22,0.00000000
18151,415,23,0.00000000
18152,415,24,0.00000000
18153,415,25,0.00000000
18154,415,26,0.00000000
18155,415,27,0.00000000
18156,415,28,0.00000000
18157,415,29,0.00000000
18158,415,30,0.00000000
18159,415,31,0.00000000
18160,415,32,0.00000000
18161,415,33,0.00000000
18162,415,34,0.00000000
18163,415,35,0.00000000
18164,415,36,0.00000000
18165,415,37,0.00000000
18166,415,38,0.00000000
18167,415,39,0.00000000
18168,415,40,0.00000000
18169,415,41,9.00000000
18170,415,42,0.00000000
18171,415,43,0.00000000
18172,415,44,0.00000000
18173,416,1,899.00000000
18174,416,2,0.10000000
18175,416,3,0.00000000
18176,416,4,0.00000000
18177,416,5,0.00000000
18178,416,6,0.00000000
18179,416,7,0.00000000
18180,416,8,0.00000000
18181,416,9,0.00000000
18182,416,10,99.90000000
18183,416,11,14.30000000
18184,416,12,73.00000000
18185,416,13,8.20000000
18186,416,14,0.00000000
18187,416,15,0.00000000
18188,416,16,0.00000000
18189,416,17,0.00000000
18190,416,18,0.00000000
18191,416,19,5.10000000
18192,416,20,49.60000000
18193,416,21,0.00000000
18194,416,22,0.00000000
18195,416,23,0.00000000
18196,416,24,0.00000000
18197,416,25,0.00000000
18198,416,26,0.00000000
18199,416,27,0.00000000
18200,416,28,0.00000000
18201,416,29,0.00000000
18202,416,30,0.00000000
18203,416,31,0.00000000
18204,416,32,0.40000000
18205,416,33,0.00000000
18206,416,34,0.00000000
18207,416,35,0.00000000
18208,416,36,0.00000000
18209,416,37,0.00000000
18210,416,38,0.00000000
18211,416,39,0.00000000
18212,416,40,0.00000000
18213,416,41,0.70000000
18214,416,42,0.00000000
18215,416,43,45.00000000
18216,416,44,0.00000000
18217,417,1,899.00000000
18218,417,2,0.10000000
18219,417,3,0.00000000
18220,417,4,0.00000000
18221,417,5,0.00000000
18222,417,6,0.00000000
18223,417,7,0.00000000
18224,417,8,0.00000000
18225,417,9,0.00000000
18226,417,10,99.90000000
18227,417,11,14.50000000
18228,417,12,71.00000000
18229,417,13,10.00000000
18230,417,14,0.00000000
18231,417,15,0.00000000
18232,417,16,0.00000000
18233,417,17,0.00000000
18234,417,18,0.00000000
18235,417,19,12.00000000
18236,417,20,49.60000000
18237,417,21,0.00000000
18238,417,22,0.00000000
18239,417,23,0.00000000
18240,417,24,0.00000000
18241,417,25,0.00000000
18242,417,26,0.00000000
18243,417,27,0.00000000
18244,417,28,0.00000000
18245,417,29,0.00000000
18246,417,30,0.00000000
18247,417,31,0.00000000
18248,417,32,0.00000000
18249,417,33,0.00000000
18250,417,34,0.00000000
18251,417,35,0.00000000
18252,417,36,0.00000000
18253,417,37,0.00000000
18254,417,38,0.00000000
18255,417,39,0.00000000
18256,417,40,0.00000000
18257,417,41,0.70000000
18258,417,42,0.00000000
18259,417,43,45.00000000
18260,417,44,0.00000000
18261,418,1,899.00000000
18262,418,2,0.10000000
18263,418,3,0.00000000
18264,418,4,0.00000000
18265,418,5,0.00000000
18266,418,6,0.00000000
18267,418,7,0.00000000
18268,418,8,0.00000000
18269,418,9,0.00000000
18270,418,10,99.90000000
18271,418,11,14.50000000
18272,418,12,71.00000000
18273,418,13,10.00000000
18274,418,14,0.00000000
18275,418,15,0.00000000
18276,418,16,0.00000000
18277,418,17,0.00000000
18278,418,18,0.00000000
18279,418,19,19.80000000
18280,418,20,49.60000000
18281,418,21,0.00000000
18282,418,22,0.00000000
18283,418,23,0.00000000
18284,418,24,0.00000000
18285,418,25,0.00000000
18286,418,26,0.00000000
18287,418,27,0.00000000
18288,418,28,0.00000000
18289,418,29,0.00000000
18290,418,30,0.00000000
18291,418,31,0.00000000
18292,418,32,0.00000000
18293,418,33,0.00000000
18294,418,34,0.00000000
18295,418,35,0.00000000
18296,418,36,0.00000000
18297,418,37,0.00000000
18298,418,38,0.00000000
18299,418,39,0.00000000
18300,418,40,0.00000000
18301,418,41,0.70000000
18302,418,42,0.00000000
18303,418,43,45.00000000
18304,418,44,0.00000000
18305,419,1,899.00000000
18306,419,2,0.10000000
18307,419,3,0.00000000
18308,419,4,0.00000000
18309,419,5,0.00000000
18310,419,6,0.00000000
18311,419,7,0.00000000
18312,419,8,0.00000000
18313,419,9,0.00000000
18314,419,10,99.90000000
18315,419,11,14.50000000
18316,419,12,71.00000000
18317,419,13,10.00000000
18318,419,14,0.00000000
18319,419,15,34.00000000
18320,419,16,0.00000000
18321,419,17,0.00000000
18322,419,18,0.00000000
18323,419,19,19.80000000
18324,419,20,49.60000000
18325,419,21,0.00000000
18326,419,22,0.00000000
18327,419,23,0.00000000
18328,419,24,0.00000000
18329,419,25,0.00000000
18330,419,26,0.00000000
18331,419,27,0.00000000
18332,419,28,0.00000000
18333,419,29,0.00000000
18334,419,30,0.00000000
18335,419,31,0.00000000
18336,419,32,0.00000000
18337,419,33,0.00000000
18338,419,34,0.00000000
18339,419,35,0.00000000
18340,419,36,0.00000000
18341,419,37,0.00000000
18342,419,38,0.00000000
18343,419,39,0.00000000
18344,419,40,0.00000000
18345,419,41,0.70000000
18346,419,42,0.00000000
18347,419,43,45.00000000
18348,419,44,0.00000000
18349,420,1,899.00000000
18350,420,2,0.10000000
18351,420,3,0.00000000
18352,420,4,0.00000000
18353,420,5,0.00000000
18354,420,6,0.00000000
18355,420,7,0.00000000
18356,420,8,0.00000000
18357,420,9,0.00000000
18358,420,10,99.90000000
18359,420,11,47.80000000
18360,420,12,37.10000000
18361,420,13,10.40000000
18362,420,14,0.00000000
18363,420,15,9.30000000
18364,420,16,4.10000000
18365,420,17,31.00000000
18366,420,18,8.00000000
18367,420,19,9.50000000
18368,420,20,8.00000000
18369,420,21,0.00000000
18370,420,22,0.00000000
18371,420,23,0.00000000
18372,420,24,0.00000000
18373,420,25,0.00000000
18374,420,26,0.00000000
18375,420,27,0.00000000
18376,420,28,0.00000000
18377,420,29,0.00000000
18378,420,30,0.00000000
18379,420,31,0.00000000
18380,420,32,0.00000000
18381,420,33,0.00000000
18382,420,34,0.00000000
18383,420,35,0.00000000
18384,420,36,0.00000000
18385,420,37,0.00000000
18386,420,38,0.00000000
18387,420,39,0.00000000
18388,420,40,0.00000000
18389,420,41,0.00000000
18390,420,42,0.00000000
18391,420,43,0.00000000
18392,420,44,0.00000000
18393,421,1,900.00000000
18394,421,2,0.00000000
18395,421,3,0.00000000
18396,421,4,0.00000000
18397,421,5,0.00000000
18398,421,6,0.00000000
18399,421,7,0.00000000
18400,421,8,0.00000000
18401,421,9,0.00000000
18402,421,10,100.00000000
18403,421,11,14.20000000
18404,421,12,39.70000000
18405,421,13,41.70000000
18406,421,14,0.00000000
18407,421,15,0.00000000
18408,421,16,0.00000000
18409,421,17,0.00000000
18410,421,18,0.00000000
18411,421,19,4.10000000
18412,421,20,0.00000000
18413,421,21,0.00000000
18414,421,22,0.00000000
18415,421,23,0.00000000
18416,421,24,0.00000000
18417,421,25,0.00000000
18418,421,26,0.00000000
18419,421,27,0.00000000
18420,421,28,0.00000000
18421,421,29,0.00000000
18422,421,30,0.00000000
18423,421,31,0.00000000
18424,421,32,0.00000000
18425,421,33,0.00000000
18426,421,34,0.00000000
18427,421,35,0.00000000
18428,421,36,0.00000000
18429,421,37,0.00000000
18430,421,38,0.00000000
18431,421,39,0.00000000
18432,421,40,0.00000000
18433,421,41,0.00000000
18434,421,42,0.00000000
18435,421,43,0.00000000
18436,421,44,0.00000000
18437,422,1,900.00000000
18438,422,2,0.01000000
18439,422,3,0.00000000
18440,422,4,0.00000000
18441,422,5,0.00000000
18442,422,6,0.00000000
18443,422,7,0.00000000
18444,422,8,0.00000000
18445,422,9,0.00000000
18446,422,10,100.00000000
18447,422,11,15.60000000
18448,422,12,21.20000000
18449,422,13,58.80000000
18450,422,14,0.00000000
18451,422,15,0.00000000
18452,422,16,0.00000000
18453,422,17,0.00000000
18454,422,18,0.00000000
18455,422,19,16.80000000
18456,422,20,138.00000000
18457,422,21,0.00000000
18458,422,22,0.00000000
18459,422,23,0.00000000
18460,422,24,0.00000000
18461,422,25,0.00000000
18462,422,26,0.00000000
18463,422,27,0.00000000
18464,422,28,0.00000000
18465,422,29,0.00000000
18466,422,30,0.00000000
18467,422,31,0.00000000
18468,422,32,0.00000000
18469,422,33,0.00000000
18470,422,34,0.00000000
18471,422,35,0.00000000
18472,422,36,0.00000000
18473,422,37,0.00000000
18474,422,38,0.00000000
18475,422,39,0.00000000
18476,422,40,0.00000000
18477,422,41,9.00000000
18478,422,42,0.00000000
18479,422,43,0.00000000
18480,422,44,0.00000000
18481,423,1,734.00000000
18482,423,2,15.90000000
18483,423,3,0.00000000
18484,423,4,0.85000000
18485,423,5,0.06000000
18486,423,6,0.00000000
18487,423,7,0.06000000
18488,423,8,0.00000000
18489,423,9,0.00000000
18490,423,10,81.10000000
18491,423,11,51.40000000
18492,423,12,21.00000000
18493,423,13,3.00000000
18494,423,14,215.00000000
18495,423,15,739.00000000
18496,423,16,671.00000000
18497,423,17,410.00000000
18498,423,18,1.00000000
18499,423,19,2.30000000
18500,423,20,7.00000000
18501,423,21,0.00500000
18502,423,22,0.03400000
18503,423,23,0.21000000
18504,423,24,0.00300000
18505,423,25,3.00000000
18506,423,26,0.17000000
18507,423,27,0.04000000
18508,423,28,0.00000000
18509,423,29,0.00000000
18510,423,30,24.00000000
18511,423,31,24.00000000
18512,423,32,0.02000000
18513,423,33,1.80000000
18514,423,34,0.09000000
18515,423,35,2.00000000
18516,423,36,72.00000000
18517,423,37,24.00000000
18518,423,38,0.04000000
18519,423,39,0.03000000
18520,423,40,1.80000000
18521,423,41,0.00000000
18522,423,42,0.00000000
18523,423,43,0.00000000
18524,423,44,0.00000000
18525,424,1,517.00000000
18526,424,2,39.70000000
18527,424,3,0.00000000
18528,424,4,3.30000000
18529,424,5,1.90000000
18530,424,6,1.90000000
18531,424,7,0.00000000
18532,424,8,0.00000000
18533,424,9,0.00000000
18534,424,10,55.10000000
18535,424,11,34.30000000
18536,424,12,15.90000000
18537,424,13,2.00000000
18538,424,14,106.00000000
18539,424,15,474.00000000
18540,424,16,456.00000000
18541,424,17,107.00000000
18542,424,18,1.00000000
18543,424,19,1.60000000
18544,424,20,4.80000000
18545,424,21,0.01000000
18546,424,22,0.07000000
18547,424,23,0.07000000
18548,424,24,0.01000000
18549,424,25,1.00000000
18550,424,26,0.13000000
18551,424,27,0.00000000
18552,424,28,0.00000000
18553,424,29,0.00000000
18554,424,30,48.00000000
18555,424,31,34.00000000
18556,424,32,1.10000000
18557,424,33,0.00000000
18558,424,34,0.26000000
18559,424,35,5.00000000
18560,424,36,36.00000000
18561,424,37,71.00000000
18562,424,38,0.00000000
18563,424,39,0.00000000
18564,424,40,1.00000000
18565,424,41,0.00000000
18566,424,42,0.00000000
18567,424,43,0.00000000
18568,424,44,0.00000000
18569,425,1,736.00000000
18570,425,2,18.00000000
18571,425,3,0.00000000
18572,425,4,0.89000000
18573,425,5,0.70000000
18574,425,6,0.00000000
18575,425,7,0.70000000
18576,425,8,0.00000000
18577,425,9,0.00000000
18578,425,10,81.10000000
18579,425,11,40.80000000
18580,425,12,33.40000000
18581,425,13,3.30000000
18582,425,14,215.00000000
18583,425,15,697.00000000
18584,425,16,671.00000000
18585,425,17,158.00000000
18586,425,18,1.40000000
18587,425,19,2.30000000
18588,425,20,7.00000000
18589,425,21,0.00500000
18590,425,22,0.03400000
18591,425,23,0.24000000
18592,425,24,0.00300000
18593,425,25,3.00000000
18594,425,26,0.17000000
18595,425,27,0.11000000
18596,425,28,0.00000000
18597,425,29,0.00000000
18598,425,30,24.00000000
18599,425,31,24.00000000
18600,425,32,0.02000000
18601,425,33,38.00000000
18602,425,34,0.09000000
18603,425,35,2.00000000
18604,425,36,714.00000000
18605,425,37,24.00000000
18606,425,38,0.04000000
18607,425,39,0.03000000
18608,425,40,1.00000000
18609,425,41,0.00000000
18610,425,42,0.00000000
18611,425,43,0.00000000
18612,425,44,0.00000000
18613,426,1,722.00000000
18614,426,2,19.40000000
18615,426,3,0.00000000
18616,426,4,0.20000000
18617,426,5,0.40000000
18618,426,6,0.00000000
18619,426,7,0.40000000
18620,426,8,0.00000000
18621,426,9,0.00000000
18622,426,10,80.00000000
18623,426,11,23.80000000
18624,426,12,31.00000000
18625,426,13,19.50000000
18626,426,14,115.00000000
18627,426,15,638.00000000
18628,426,16,530.00000000
18629,426,17,650.00000000
18630,426,18,8.00000000
18631,426,19,10.00000000
18632,426,20,93.00000000
18633,426,21,0.00000000
18634,426,22,0.00000000
18635,426,23,0.04000000
18636,426,24,0.00000000
18637,426,25,0.00000000
18638,426,26,0.00000000
18639,426,27,0.03000000
18640,426,28,0.00000000
18641,426,29,0.00000000
18642,426,30,4.00000000
18643,426,31,12.00000000
18644,426,32,0.30000000
18645,426,33,26.00000000
18646,426,34,0.00000000
18647,426,35,0.00000000
18648,426,36,132.00000000
18649,426,37,5.00000000
18650,426,38,0.00000000
18651,426,39,0.04000000
18652,426,40,0.00000000
18653,426,41,0.00000000
18654,426,42,0.00000000
18655,426,43,0.00000000
18656,426,44,0.00000000
18657,427,1,387.00000000
18658,427,2,53.90000000
18659,427,3,0.00000000
18660,427,4,0.10000000
18661,427,5,0.95000000
18662,427,6,0.45000000
18663,427,7,0.50000000
18664,427,8,0.00000000
18665,427,9,0.30000000
18666,427,10,42.50000000
18667,427,11,8.50000000
18668,427,12,9.00000000
18669,427,13,17.50000000
18670,427,14,0.00000000
18671,427,15,0.00000000
18672,427,16,0.00000000
18673,427,17,0.00000000
18674,427,18,4.30000000
18675,427,19,5.70000000
18676,427,20,93.00000000
18677,427,21,0.01000000
18678,427,22,0.02000000
18679,427,23,0.36000000
18680,427,24,0.01000000
18681,427,25,1.00000000
18682,427,26,0.06000000
18683,427,27,0.05000000
18684,427,28,0.00000000
18685,427,29,0.10000000
18686,427,30,13.00000000
18687,427,31,8.00000000
18688,427,32,0.06000000
18689,427,33,26.00000000
18690,427,34,0.00000000
18691,427,35,0.50000000
18692,427,36,133.00000000
18693,427,37,7.00000000
18694,427,38,0.00000000
18695,427,39,0.03000000
18696,427,40,0.00000000
18697,427,41,0.00000000
18698,427,42,0.00000000
18699,427,43,0.00000000
18700,427,44,0.00000000
18701,428,1,740.00000000
18702,428,2,15.10000000
18703,428,3,0.00000000
18704,428,4,0.90000000
18705,428,5,4.00000000
18706,428,6,4.00000000
18707,428,7,0.00000000
18708,428,8,0.00000000
18709,428,9,0.00000000
18710,428,10,80.00000000
18711,428,11,13.00000000
18712,428,12,32.00000000
18713,428,13,31.00000000
18714,428,14,2.00000000
18715,428,15,731.00000000
18716,428,16,662.00000000
18717,428,17,414.00000000
18718,428,18,3.80000000
18719,428,19,7.50000000
18720,428,20,1.50000000
18721,428,21,0.01000000
18722,428,22,1.60000000
18723,428,23,0.67000000
18724,428,24,0.00900000
18725,428,25,1.00000000
18726,428,26,0.10000000
18727,428,27,0.08400000
18728,428,28,0.00000000
18729,428,29,0.20000000
18730,428,30,30.00000000
18731,428,31,23.00000000
18732,428,32,0.00000000
18733,428,33,26.00000000
18734,428,34,0.00000000
18735,428,35,3.00000000
18736,428,36,212.00000000
18737,428,37,42.00000000
18738,428,38,0.00000000
18739,428,39,0.00000000
18740,428,40,0.00000000
18741,428,41,0.00000000
18742,428,42,0.00000000
18743,428,43,0.00000000
18744,428,44,0.00000000
18745,429,1,371.00000000
18746,429,2,58.00000000
18747,429,3,0.00000000
18748,429,4,1.60000000
18749,429,5,1.10000000
18750,429,6,0.60000000
18751,429,7,0.50000000
18752,429,8,0.00000000
18753,429,9,0.00000000
18754,429,10,40.00000000
18755,429,11,11.30000000
18756,429,12,13.50000000
18757,429,13,13.90000000
18758,429,14,4.20000000
18759,429,15,584.00000000
18760,429,16,500.00000000
18761,429,17,500.00000000
18762,429,18,2.50000000
18763,429,19,6.00000000
18764,429,20,93.00000000
18765,429,21,0.00600000
18766,429,22,0.02200000
18767,429,23,0.36000000
18768,429,24,0.00500000
18769,429,25,1.00000000
18770,429,26,0.06000000
18771,429,27,0.05100000
18772,429,28,0.00000000
18773,429,29,0.10000000
18774,429,30,12.00000000
18775,429,31,8.00000000
18776,429,32,0.06000000
18777,429,33,26.00000000
18778,429,34,0.00000000
18779,429,35,0.50000000
18780,429,36,132.00000000
18781,429,37,7.00000000
18782,429,38,0.00000000
18783,429,39,0.03000000
18784,429,40,0.00000000
18785,429,41,0.00000000
18786,429,42,0.00000000
18787,429,43,0.00000000
18788,429,44,0.00000000
18789,430,1,730.00000000
18790,430,2,15.80000000
18791,430,3,0.00000000
18792,430,4,0.90000000
18793,430,5,0.50000000
18794,430,6,0.00000000
18795,430,7,0.50000000
18796,430,8,0.00000000
18797,430,9,0.00000000
18798,430,10,80.50000000
18799,430,11,15.80000000
18800,430,12,35.80000000
18801,430,13,25.40000000
18802,430,14,0.00000000
18803,430,15,731.00000000
18804,430,16,650.00000000
18805,430,17,485.00000000
18806,430,18,8.00000000
18807,430,19,12.80000000
18808,430,20,93.00000000
18809,430,21,0.01000000
18810,430,22,0.03700000
18811,430,23,0.02000000
18812,430,24,0.00900000
18813,430,25,1.00000000
18814,430,26,0.10000000
18815,430,27,0.08400000
18816,430,28,0.00000000
18817,430,29,0.20000000
18818,430,30,30.00000000
18819,430,31,23.00000000
18820,430,32,0.06000000
18821,430,33,26.00000000
18822,430,34,0.00000000
18823,430,35,3.00000000
18824,430,36,232.00000000
18825,430,37,42.00000000
18826,430,38,0.00000000
18827,430,39,0.00000000
18828,430,40,0.00000000
18829,430,41,0.00000000
18830,430,42,0.00000000
18831,430,43,0.00000000
18832,430,44,0.00000000
18833,431,1,731.00000000
18834,431,2,17.20000000
18835,431,3,0.00000000
18836,431,4,0.50000000
18837,431,5,0.40000000
18838,431,6,0.00000000
18839,431,7,0.40000000
18840,431,8,0.00000000
18841,431,9,0.00000000
18842,431,10,80.80000000
18843,431,11,22.60000000
18844,431,12,31.90000000
18845,431,13,22.80000000
18846,431,14,0.00000000
18847,431,15,672.00000000
18848,431,16,560.00000000
18849,431,17,670.00000000
18850,431,18,8.00000000
18851,431,19,26.50000000
18852,431,20,0.00000000
18853,431,21,0.01000000
18854,431,22,0.03000000
18855,431,23,0.00000000
18856,431,24,0.00000000
18857,431,25,0.00000000
18858,431,26,0.00000000
18859,431,27,0.00000000
18860,431,28,0.00000000
18861,431,29,0.00000000
18862,431,30,19.00000000
18863,431,31,16.00000000
18864,431,32,0.00000000
18865,431,33,0.00000000
18866,431,34,0.00000000
18867,431,35,2.00000000
18868,431,36,118.00000000
18869,431,37,22.00000000
18870,431,38,0.00000000
18871,431,39,0.00000000
18872,431,40,0.00000000
18873,431,41,0.00000000
18874,431,42,0.00000000
18875,431,43,0.00000000
18876,431,44,0.00000000
18877,432,1,900.00000000
18878,432,2,0.00000000
18879,432,3,0.00000000
18880,432,4,0.00000000
18881,432,5,0.00000000
18882,432,6,0.00000000
18883,432,7,0.00000000
18884,432,8,0.00000000
18885,432,9,0.00000000
18886,432,10,100.00000000
18887,432,11,59.70000000
18888,432,12,32.90000000
18889,432,13,3.00000000
18890,432,14,0.00000000
18891,432,15,0.00000000
18892,432,16,0.00000000
18893,432,17,0.00000000
18894,432,18,0.00000000
18895,432,19,1.80000000
18896,432,20,24.70000000
18897,432,21,0.00000000
18898,432,22,0.00000000
18899,432,23,0.00000000
18900,432,24,0.00000000
18901,432,25,0.00000000
18902,432,26,0.00000000
18903,432,27,0.00000000
18904,432,28,0.00000000
18905,432,29,0.00000000
18906,432,30,0.00000000
18907,432,31,0.00000000
18908,432,32,0.00000000
18909,432,33,0.00000000
18910,432,34,0.00000000
18911,432,35,0.00000000
18912,432,36,0.00000000
18913,432,37,0.00000000
18914,432,38,0.00000000
18915,432,39,0.00000000
18916,432,40,0.00000000
18917,432,41,0.10000000
18918,432,42,0.50000000
18919,432,43,0.00000000
18920,432,44,0.00000000
18921,433,1,891.00000000
18922,433,2,1.00000000
18923,433,3,0.00000000
18924,433,4,0.00000000
18925,433,5,0.00000000
18926,433,6,0.00000000
18927,433,7,0.00000000
18928,433,8,0.00000000
18929,433,9,0.00000000
18930,433,10,99.00000000
18931,433,11,40.60000000
18932,433,12,43.00000000
18933,433,13,9.80000000
18934,433,14,93.00000000
18935,433,15,0.00000000
18936,433,16,0.00000000
18937,433,17,0.00000000
18938,433,18,0.00000000
18939,433,19,1.60000000
18940,433,20,7.00000000
18941,433,21,0.00000000
18942,433,22,0.00000000
18943,433,23,0.00000000
18944,433,24,0.00000000
18945,433,25,0.00000000
18946,433,26,0.00000000
18947,433,27,0.00000000
18948,433,28,0.00000000
18949,433,29,0.00000000
18950,433,30,1.00000000
18951,433,31,3.00000000
18952,433,32,0.10000000
18953,433,33,9.70000000
18954,433,34,0.00000000
18955,433,35,1.00000000
18956,433,36,1.00000000
18957,433,37,1.00000000
18958,433,38,0.00000000
18959,433,39,0.02000000
18960,433,40,0.00000000
18961,433,41,0.00000000
18962,433,42,0.00000000
18963,433,43,0.00000000
18964,433,44,0.00000000
18965,434,1,346.00000000
18966,434,2,0.97000000
18967,434,3,0.00000000
18968,434,4,16.60000000
18969,434,5,63.70000000
18970,434,6,61.30000000
18971,434,7,2.40000000
18972,434,8,0.00000000
18973,434,9,9.00000000
18974,434,10,0.73000000
18975,434,11,0.25000000
18976,434,12,0.12000000
18977,434,13,0.18000000
18978,434,14,0.00000000
18979,434,15,0.00000000
18980,434,16,0.00000000
18981,434,17,0.00000000
18982,434,18,0.00000000
18983,434,19,0.67000000
18984,434,20,0.40000000
18985,434,21,0.44000000
18986,434,22,0.14000000
18987,434,23,0.80000000
18988,434,24,1654.00000000
18989,434,25,47.00000000
18990,434,26,0.00000000
18991,434,27,0.00000000
18992,434,28,0.00000000
18993,434,29,1.20000000
18994,434,30,79.00000000
18995,434,31,414.00000000
18996,434,32,5.70000000
18997,434,33,0.00000000
18998,434,34,3.00000000
18999,434,35,77.00000000
19000,434,36,60.00000000
19001,434,37,1193.00000000
19002,434,38,0.98000000
19003,434,39,0.53000000
19004,434,40,23.90000000
19005,434,41,0.02000000
19006,434,42,0.00000000
19007,434,43,2500.00000000
19008,434,44,0.00000000
19009,435,1,26.20000000
19010,435,2,92.10000000
19011,435,3,0.00000000
19012,435,4,3.20000000
19013,435,5,1.10000000
19014,435,6,0.00000000
19015,435,7,0.30000000
19016,435,8,0.00000000
19017,435,9,1.60000000
19018,435,10,0.64000000
19019,435,11,0.04100000
19020,435,12,0.08800000
19021,435,13,0.39000000
19022,435,14,0.00000000
19023,435,15,264.00000000
19024,435,16,0.00000000
19025,435,17,1584.00000000
19026,435,18,0.00000000
19027,435,19,0.80000000
19028,435,20,415.00000000
19029,435,21,0.03400000
19030,435,22,0.07600000
19031,435,23,0.90000000
19032,435,24,0.16000000
19033,435,25,68.00000000
19034,435,26,0.00000000
19035,435,27,0.21000000
19036,435,28,0.00000000
19037,435,29,18.00000000
19038,435,30,177.00000000
19039,435,31,56.00000000
19040,435,32,3.20000000
19041,435,33,0.00000000
19042,435,34,0.81000000
19043,435,35,64.00000000
19044,435,36,4.00000000
19045,435,37,295.00000000
19046,435,38,1.10000000
19047,435,39,0.39000000
19048,435,40,0.30000000
19049,435,41,0.10000000
19050,435,42,0.00000000
19051,435,43,1200.00000000
19052,435,44,0.00000000
19053,436,1,255.00000000
19054,436,2,20.60000000
19055,436,3,0.00000000
19056,436,4,14.00000000
19057,436,5,20.50000000
19058,436,6,1.70000000
19059,436,7,18.80000000
19060,436,8,0.00000000
19061,436,9,40.50000000
19062,436,10,4.00000000
19063,436,11,0.24000000
19064,436,12,0.45000000
19065,436,13,2.20000000
19066,436,14,0.00000000
19067,436,15,931.00000000
19068,436,16,0.00000000
19069,436,17,5584.00000000
19070,436,18,0.00000000
19071,436,19,7.50000000
19072,436,20,0.00000000
19073,436,21,0.15000000
19074,436,22,0.32000000
19075,436,23,7.00000000
19076,436,24,2.30000000
19077,436,25,274.00000000
19078,436,26,0.00000000
19079,436,27,0.00000000
19080,436,28,0.00000000
19081,436,29,61.20000000
19082,436,30,2113.00000000
19083,436,31,490.00000000
19084,436,32,42.00000000
19085,436,33,0.00000000
19086,436,34,5.80000000
19087,436,35,422.00000000
19088,436,36,34.00000000
19089,436,37,3433.00000000
19090,436,38,0.00000000
19091,436,39,0.00000000
19092,436,40,2.80000000
19093,436,41,0.00000000
19094,436,42,0.00000000
19095,436,43,0.00000000
19096,436,44,0.00000000
19097,437,1,353.00000000
19098,437,2,17.30000000
19099,437,3,0.00000000
19100,437,4,11.40000000
19101,437,5,61.50000000
19102,437,6,19.10000000
19103,437,7,42.40000000
19104,437,8,0.00000000
19105,437,9,3.90000000
19106,437,10,5.90000000
19107,437,11,1.60000000
19108,437,12,0.43000000
19109,437,13,2.10000000
19110,437,14,0.00000000
19111,437,15,27.00000000
19112,437,16,0.00000000
19113,437,17,162.00000000
19114,437,18,0.00000000
19115,437,19,0.00000000
19116,437,20,0.00000000
19117,437,21,0.12000000
19118,437,22,0.27000000
19119,437,23,1.50000000
19120,437,24,1.00000000
19121,437,25,93.00000000
19122,437,26,0.00000000
19123,437,27,0.00000000
19124,437,28,0.00000000
19125,437,29,80.80000000
19126,437,30,111.00000000
19127,437,31,252.00000000
19128,437,32,11.10000000
19129,437,33,0.00000000
19130,437,34,1.10000000
19131,437,35,264.00000000
19132,437,36,148.00000000
19133,437,37,1724.00000000
19134,437,38,28.40000000
19135,437,39,0.33000000
19136,437,40,5.60000000
19137,437,41,0.05000000
19138,437,42,0.00000000
19139,437,43,800.00000000
19140,437,44,0.00000000
19141,438,1,255.00000000
19142,438,2,9.60000000
19143,438,3,0.00000000
19144,438,4,3.90000000
19145,438,5,25.60000000
19146,438,6,23.40000000
19147,438,7,2.20000000
19148,438,8,0.00000000
19149,438,9,54.30000000
19150,438,10,3.20000000
19151,438,11,0.65000000
19152,438,12,0.48000000
19153,438,13,0.53000000
19154,438,14,0.00000000
19155,438,15,28.00000000
19156,438,16,0.00000000
19157,438,17,168.00000000
19158,438,18,0.00000000
19159,438,19,0.95000000
19160,438,20,31.20000000
19161,438,21,0.07700000
19162,438,22,0.14000000
19163,438,23,0.00000000
19164,438,24,0.31000000
19165,438,25,29.00000000
19166,438,26,0.00000000
19167,438,27,0.00000000
19168,438,28,0.00000000
19169,438,29,28.50000000
19170,438,30,1228.00000000
19171,438,31,61.00000000
19172,438,32,38.10000000
19173,438,33,0.00000000
19174,438,34,2.00000000
19175,438,35,56.00000000
19176,438,36,26.00000000
19177,438,37,500.00000000
19178,438,38,16.70000000
19179,438,39,0.23000000
19180,438,40,1.10000000
19181,438,41,0.05000000
19182,438,42,0.00000000
19183,438,43,3500.00000000
19184,438,44,0.00000000
19185,439,1,344.00000000
19186,439,2,8.30000000
19187,439,3,0.00000000
19188,439,4,10.80000000
19189,439,5,46.20000000
19190,439,6,0.00000000
19191,439,7,0.00000000
19192,439,8,0.00000000
19193,439,9,28.00000000
19194,439,10,6.70000000
19195,439,11,0.68000000
19196,439,12,0.87000000
19197,439,13,0.43000000
19198,439,14,0.00000000
19199,439,15,0.00000000
19200,439,16,0.00000000
19201,439,17,0.00000000
19202,439,18,0.00000000
19203,439,19,0.00000000
19204,439,20,0.00000000
19205,439,21,0.20000000
19206,439,22,0.18000000
19207,439,23,1.10000000
19208,439,24,0.23000000
19209,439,25,0.00000000
19210,439,26,0.00000000
19211,439,27,0.00000000
19212,439,28,0.00000000
19213,439,29,21.00000000
19214,439,30,383.00000000
19215,439,31,178.00000000
19216,439,32,14.00000000
19217,439,33,0.00000000
19218,439,34,7.50000000
19219,439,35,229.00000000
19220,439,36,18.00000000
19221,439,37,1119.00000000
19222,439,38,0.00000000
19223,439,39,0.00000000
19224,439,40,0.00000000
19225,439,41,0.05000000
19226,439,42,0.00000000
19227,439,43,800.00000000
19228,439,44,0.00000000
19229,440,1,355.00000000
19230,440,2,7.30000000
19231,440,3,0.00000000
19232,440,4,9.00000000
19233,440,5,74.10000000
19234,440,6,2.70000000
19235,440,7,37.40000000
19236,440,8,0.00000000
19237,440,9,9.20000000
19238,440,10,0.45000000
19239,440,11,0.07800000
19240,440,12,0.06400000
19241,440,13,0.18000000
19242,440,14,0.00000000
19243,440,15,1.00000000
19244,440,16,0.00000000
19245,440,17,11.00000000
19246,440,18,0.00000000
19247,440,19,0.18000000
19248,440,20,0.00000000
19249,440,21,0.50000000
19250,440,22,0.10000000
19251,440,23,0.10000000
19252,440,24,1.60000000
19253,440,25,166.00000000
19254,440,26,0.00000000
19255,440,27,0.00000000
19256,440,28,0.00000000
19257,440,29,75.00000000
19258,440,30,257.00000000
19259,440,31,303.00000000
19260,440,32,1.60000000
19261,440,33,0.00000000
19262,440,34,89.00000000
19263,440,35,92.00000000
19264,440,36,21.00000000
19265,440,37,1622.00000000
19266,440,38,0.00000000
19267,440,39,0.00000000
19268,440,40,5.00000000
19269,440,41,0.00000000
19270,440,42,0.00000000
19271,440,43,0.00000000
19272,440,44,0.00000000
19273,441,1,29.00000000
19274,441,2,91.30000000
19275,441,3,0.00000000
19276,441,4,3.00000000
19277,441,5,1.90000000
19278,441,6,0.00000000
19279,441,7,1.90000000
19280,441,8,0.00000000
19281,441,9,2.30000000
19282,441,10,0.53000000
19283,441,11,0.12000000
19284,441,12,0.08000000
19285,441,13,0.22000000
19286,441,14,0.00000000
19287,441,15,435.00000000
19288,441,16,0.00000000
19289,441,17,2612.00000000
19290,441,18,0.00000000
19291,441,19,0.90000000
19292,441,20,0.00000000
19293,441,21,0.08000000
19294,441,22,0.11000000
19295,441,23,0.00000000
19296,441,24,0.13000000
19297,441,25,130.00000000
19298,441,26,0.00000000
19299,441,27,0.00000000
19300,441,28,0.00000000
19301,441,29,60.00000000
19302,441,30,86.00000000
19303,441,31,54.00000000
19304,441,32,1.50000000
19305,441,33,0.00000000
19306,441,34,0.40000000
19307,441,35,40.00000000
19308,441,36,3.00000000
19309,441,37,275.00000000
19310,441,38,0.00000000
19311,441,39,0.00000000
19312,441,40,0.00000000
19313,441,41,0.05000000
19314,441,42,0.00000000
19315,441,43,800.00000000
19316,441,44,0.00000000
19317,442,1,22.10000000
19318,442,2,92.20000000
19319,442,3,0.00000000
19320,442,4,2.10000000
19321,442,5,0.90000000
19322,442,6,0.90000000
19323,442,7,0.00000000
19324,442,8,0.00000000
19325,442,9,2.80000000
19326,442,10,0.50000000
19327,442,11,0.00000000
19328,442,12,0.30000000
19329,442,13,0.04000000
19330,442,14,0.00000000
19331,442,15,685.00000000
19332,442,16,0.00000000
19333,442,17,4049.00000000
19334,442,18,0.00000000
19335,442,19,2.50000000
19336,442,20,310.00000000
19337,442,21,0.10000000
19338,442,22,0.20000000
19339,442,23,1.10000000
19340,442,24,0.10000000
19341,442,25,62.00000000
19342,442,26,0.00000000
19343,442,27,0.60000000
19344,442,28,0.00000000
19345,442,29,27.00000000
19346,442,30,67.00000000
19347,442,31,48.00000000
19348,442,32,1.80000000
19349,442,33,0.00000000
19350,442,34,0.50000000
19351,442,35,26.00000000
19352,442,36,46.00000000
19353,442,37,521.00000000
19354,442,38,0.40000000
19355,442,39,0.20000000
19356,442,40,0.90000000
19357,442,41,0.15000000
19358,442,42,0.00000000
19359,442,43,2100.00000000
19360,442,44,0.00000000
19361,443,1,335.00000000
19362,443,2,9.90000000
19363,443,3,0.00000000
19364,443,4,6.00000000
19365,443,5,31.60000000
19366,443,6,0.00000000
19367,443,7,2.40000000
19368,443,8,0.00000000
19369,443,9,33.90000000
19370,443,10,13.00000000
19371,443,11,4.00000000
19372,443,12,1.40000000
19373,443,13,3.60000000
19374,443,14,0.00000000
19375,443,15,16.10000000
19376,443,16,0.00000000
19377,443,17,96.50000000
19378,443,18,0.00000000
19379,443,19,8.80000000
19380,443,20,142.00000000
19381,443,21,0.16000000
19382,443,22,0.22000000
19383,443,23,1.60000000
19384,443,24,0.39000000
19385,443,25,25.00000000
19386,443,26,0.00000000
19387,443,27,0.51000000
19388,443,28,0.00000000
19389,443,29,0.20000000
19390,443,30,632.00000000
19391,443,31,104.00000000
19392,443,32,11.80000000
19393,443,33,0.00000000
19394,443,34,2.30000000
19395,443,35,259.00000000
19396,443,36,277.00000000
19397,443,37,1020.00000000
19398,443,38,60.10000000
19399,443,39,0.37000000
19400,443,40,0.00000000
19401,443,41,0.10000000
19402,443,42,0.00000000
19403,443,43,15000.00000000
19404,443,44,0.00000000
19405,444,1,291.00000000
19406,444,2,12.90000000
19407,444,3,0.00000000
19408,444,4,9.70000000
19409,444,5,44.40000000
19410,444,6,0.00000000
19411,444,7,3.20000000
19412,444,8,0.00000000
19413,444,9,22.70000000
19414,444,10,3.30000000
19415,444,11,1.80000000
19416,444,12,0.45000000
19417,444,13,0.76000000
19418,444,14,0.00000000
19419,444,15,0.00000000
19420,444,16,0.00000000
19421,444,17,0.00000000
19422,444,18,0.00000000
19423,444,19,0.00000000
19424,444,20,13.40000000
19425,444,21,0.05800000
19426,444,22,0.15000000
19427,444,23,1.40000000
19428,444,24,0.11000000
19429,444,25,20.00000000
19430,444,26,0.00000000
19431,444,27,0.54000000
19432,444,28,0.00000000
19433,444,29,0.70000000
19434,444,30,168.00000000
19435,444,31,299.00000000
19436,444,32,55.00000000
19437,444,33,0.00000000
19438,444,34,4.50000000
19439,444,35,208.00000000
19440,444,36,27.00000000
19441,444,37,2080.00000000
19442,444,38,19.80000000
19443,444,39,1.30000000
19444,444,40,0.00000000
19445,444,41,0.15000000
19446,444,42,0.00000000
19447,444,43,2100.00000000
19448,444,44,0.00000000
19449,445,1,316.00000000
19450,445,2,7.30000000
19451,445,3,0.00000000
19452,445,4,20.00000000
19453,445,5,42.20000000
19454,445,6,0.00000000
19455,445,7,0.00000000
19456,445,8,0.00000000
19457,445,9,13.60000000
19458,445,10,4.40000000
19459,445,11,0.23000000
19460,445,12,0.00000000
19461,445,13,0.00000000
19462,445,14,0.00000000
19463,445,15,293.00000000
19464,445,16,0.00000000
19465,445,17,1758.00000000
19466,445,18,0.00000000
19467,445,19,0.00000000
19468,445,20,0.00000000
19469,445,21,0.42000000
19470,445,22,0.28000000
19471,445,23,2.80000000
19472,445,24,1.70000000
19473,445,25,0.00000000
19474,445,26,0.00000000
19475,445,27,0.00000000
19476,445,28,0.00000000
19477,445,29,50.00000000
19478,445,30,1784.00000000
19479,445,31,543.00000000
19480,445,32,48.80000000
19481,445,33,0.00000000
19482,445,34,3.30000000
19483,445,35,451.00000000
19484,445,36,208.00000000
19485,445,37,3308.00000000
19486,445,38,4.00000000
19487,445,39,0.49000000
19488,445,40,0.00000000
19489,445,41,0.15000000
19490,445,42,0.00000000
19491,445,43,2100.00000000
19492,445,44,0.00000000
19493,446,1,89.70000000
19494,446,2,84.70000000
19495,446,3,0.00000000
19496,446,4,2.70000000
19497,446,5,0.14000000
19498,446,6,0.14000000
19499,446,7,0.00000000
19500,446,8,0.00000000
19501,446,9,0.00000000
19502,446,10,8.70000000
19503,446,11,1.30000000
19504,446,12,3.30000000
19505,446,13,3.80000000
19506,446,14,0.00000000
19507,446,15,0.15000000
19508,446,16,0.00000000
19509,446,17,0.00000000
19510,446,18,0.00000000
19511,446,19,0.38000000
19512,446,20,0.00000000
19513,446,21,0.14000000
19514,446,22,0.03000000
19515,446,23,1.60000000
19516,446,24,0.11000000
19517,446,25,0.00000000
19518,446,26,0.00000000
19519,446,27,0.00000000
19520,446,28,0.00000000
19521,446,29,0.00000000
19522,446,30,102.00000000
19523,446,31,108.00000000
19524,446,32,1.60000000
19525,446,33,0.00000000
19526,446,34,0.80000000
19527,446,35,56.20000000
19528,446,36,353.00000000
19529,446,37,86.10000000
19530,446,38,0.00000000
19531,446,39,0.00000000
19532,446,40,0.00000000
19533,446,41,0.08000000
19534,446,42,0.00000000
19535,446,43,600.00000000
19536,446,44,0.00000000
19537,447,1,47.30000000
19538,447,2,88.80000000
19539,447,3,0.00000000
19540,447,4,1.90000000
19541,447,5,6.70000000
19542,447,6,1.40000000
19543,447,7,5.30000000
19544,447,8,0.00000000
19545,447,9,1.50000000
19546,447,10,1.10000000
19547,447,11,0.11000000
19548,447,12,0.06100000
19549,447,13,0.60000000
19550,447,14,0.00000000
19551,447,15,95.30000000
19552,447,16,0.00000000
19553,447,17,572.00000000
19554,447,18,0.00000000
19555,447,19,0.69000000
19556,447,20,14.00000000
19557,447,21,0.07200000
19558,447,22,0.08600000
19559,447,23,1.70000000
19560,447,24,0.51000000
19561,447,25,23.00000000
19562,447,26,0.00000000
19563,447,27,0.20000000
19564,447,28,0.00000000
19565,447,29,144.00000000
19566,447,30,14.00000000
19567,447,31,43.00000000
19568,447,32,1.00000000
19569,447,33,0.00000000
19570,447,34,0.26000000
19571,447,35,23.00000000
19572,447,36,9.00000000
19573,447,37,322.00000000
19574,447,38,0.19000000
19575,447,39,0.13000000
19576,447,40,0.50000000
19577,447,41,0.08000000
19578,447,42,0.00000000
19579,447,43,600.00000000
19580,447,44,0.00000000
19581,448,1,20.20000000
19582,448,2,93.30000000
19583,448,3,0.00000000
19584,448,4,1.10000000
19585,448,5,2.30000000
19586,448,6,0.15000000
19587,448,7,2.20000000
19588,448,8,0.00000000
19589,448,9,3.30000000
19590,448,10,0.00000000
19591,448,11,0.00000000
19592,448,12,0.00000000
19593,448,13,0.00000000
19594,448,14,0.00000000
19595,448,15,5.30000000
19596,448,16,0.00000000
19597,448,17,32.00000000
19598,448,18,0.00000000
19599,448,19,0.90000000
19600,448,20,62.80000000
19601,448,21,0.08000000
19602,448,22,0.02000000
19603,448,23,0.68000000
19604,448,24,0.06000000
19605,448,25,0.00000000
19606,448,26,0.00000000
19607,448,27,0.00000000
19608,448,28,0.00000000
19609,448,29,8.00000000
19610,448,30,37.00000000
19611,448,31,38.00000000
19612,448,32,0.50000000
19613,448,33,0.00000000
19614,448,34,0.50000000
19615,448,35,12.00000000
19616,448,36,15.00000000
19617,448,37,473.00000000
19618,448,38,0.00000000
19619,448,39,0.00000000
19620,448,40,0.00000000
19621,448,41,0.05000000
19622,448,42,0.00000000
19623,448,43,900.00000000
19624,448,44,0.00000000
19625,449,1,32.90000000
19626,449,2,90.90000000
19627,449,3,0.00000000
19628,449,4,1.10000000
19629,449,5,3.40000000
19630,449,6,2.00000000
19631,449,7,1.00000000
19632,449,8,0.00000000
19633,449,9,2.70000000
19634,449,10,1.10000000
19635,449,11,0.09000000
19636,449,12,0.80000000
19637,449,13,0.13000000
19638,449,14,0.00000000
19639,449,15,0.00000000
19640,449,16,0.00000000
19641,449,17,0.00000000
19642,449,18,0.25000000
19643,449,19,0.75000000
19644,449,20,0.80000000
19645,449,21,0.01800000
19646,449,22,0.01000000
19647,449,23,0.10000000
19648,449,24,0.10000000
19649,449,25,11.80000000
19650,449,26,0.00000000
19651,449,27,0.16000000
19652,449,28,0.00000000
19653,449,29,0.50000000
19654,449,30,11.00000000
19655,449,31,26.00000000
19656,449,32,0.40000000
19657,449,33,20.00000000
19658,449,34,0.24000000
19659,449,35,26.00000000
19660,449,36,6.30000000
19661,449,37,320.00000000
19662,449,38,7.00000000
19663,449,39,0.05000000
19664,449,40,20.00000000
19665,449,41,0.00000000
19666,449,42,0.00000000
19667,449,43,0.00000000
19668,449,44,0.00000000
19669,450,1,336.00000000
19670,450,2,9.70000000
19671,450,3,0.00000000
19672,450,4,9.10000000
19673,450,5,58.30000000
19674,450,6,54.90000000
19675,450,7,3.40000000
19676,450,8,0.00000000
19677,450,9,14.10000000
19678,450,10,4.20000000
19679,450,11,2.60000000
19680,450,12,0.48000000
19681,450,13,0.93000000
19682,450,14,0.00000000
19683,450,15,3.00000000
19684,450,16,0.00000000
19685,450,17,18.00000000
19686,450,18,0.00000000
19687,450,19,0.00000000
19688,450,20,0.80000000
19689,450,21,0.04600000
19690,450,22,0.17000000
19691,450,23,9.60000000
19692,450,24,0.63000000
19693,450,25,13.00000000
19694,450,26,0.00000000
19695,450,27,0.48000000
19696,450,28,0.00000000
19697,450,29,0.70000000
19698,450,30,114.00000000
19699,450,31,168.00000000
19700,450,32,19.80000000
19701,450,33,0.00000000
19702,450,34,3.60000000
19703,450,35,214.00000000
19704,450,36,27.00000000
19705,450,37,1320.00000000
19706,450,38,33.30000000
19707,450,39,0.48000000
19708,450,40,0.00000000
19709,450,41,0.00000000
19710,450,42,0.00000000
19711,450,43,0.00000000
19712,450,44,0.00000000
19713,451,1,353.00000000
19714,451,2,9.00000000
19715,451,3,0.00000000
19716,451,4,7.60000000
19717,451,5,48.70000000
19718,451,6,0.00000000
19719,451,7,48.70000000
19720,451,8,0.00000000
19721,451,9,26.30000000
19722,451,10,8.40000000
19723,451,11,2.30000000
19724,451,12,1.60000000
19725,451,13,2.30000000
19726,451,14,0.00000000
19727,451,15,309.00000000
19728,451,16,0.00000000
19729,451,17,1854.00000000
19730,451,18,0.00000000
19731,451,19,0.00000000
19732,451,20,0.00000000
19733,451,21,0.00900000
19734,451,22,0.42000000
19735,451,23,2.00000000
19736,451,24,1.70000000
19737,451,25,180.00000000
19738,451,26,0.00000000
19739,451,27,0.00000000
19740,451,28,0.00000000
19741,451,29,46.50000000
19742,451,30,834.00000000
19743,451,31,113.00000000
19744,451,32,43.00000000
19745,451,33,0.00000000
19746,451,34,3.70000000
19747,451,35,120.00000000
19748,451,36,23.00000000
19749,451,37,529.00000000
19750,451,38,8.20000000
19751,451,39,0.42000000
19752,451,40,2.80000000
19753,451,41,0.05000000
19754,451,42,0.00000000
19755,451,43,900.00000000
19756,451,44,0.00000000
19757,452,1,164.00000000
19758,452,2,34.00000000
19759,452,3,0.00000000
19760,452,4,27.80000000
19761,452,5,11.80000000
19762,452,6,11.80000000
19763,452,7,0.00000000
19764,452,8,0.00000000
19765,452,9,3.00000000
19766,452,10,0.00000000
19767,452,11,0.00000000
19768,452,12,0.00000000
19769,452,13,0.00000000
19770,452,14,0.00000000
19771,452,15,0.00000000
19772,452,16,0.00000000
19773,452,17,0.00000000
19774,452,18,0.00000000
19775,452,19,0.00000000
19776,452,20,0.00000000
19777,452,21,9.70000000
19778,452,22,14.30000000
19779,452,23,97.00000000
19780,452,24,1.30000000
19781,452,25,1010.00000000
19782,452,26,0.50000000
19783,452,27,0.00000000
19784,452,28,0.00000000
19785,452,29,0.00000000
19786,452,30,86.00000000
19787,452,31,104.00000000
19788,452,32,3.70000000
19789,452,33,0.00000000
19790,452,34,2.10000000
19791,452,35,180.00000000
19792,452,36,3600.00000000
19793,452,37,2600.00000000
19794,452,38,0.00000000
19795,452,39,0.30000000
19796,452,40,18.00000000
19797,452,41,0.00000000
19798,452,42,0.00000000
19799,452,43,0.00000000
19800,452,44,0.00000000
19801,453,1,73.00000000
19802,453,2,73.30000000
19803,453,3,0.00000000
19804,453,4,16.00000000
19805,453,5,0.00000000
19806,453,6,0.00000000
19807,453,7,0.00000000
19808,453,8,0.00000000
19809,453,9,0.00000000
19810,453,10,1.00000000
19811,453,11,0.00000000
19812,453,12,0.00000000
19813,453,13,0.00000000
19814,453,14,0.00000000
19815,453,15,0.00000000
19816,453,16,0.00000000
19817,453,17,0.00000000
19818,453,18,0.00000000
19819,453,19,0.00000000
19820,453,20,0.00000000
19821,453,21,0.76000000
19822,453,22,1.90000000
19823,453,23,16.00000000
19824,453,24,0.93000000
19825,453,25,1000.00000000
19826,453,26,0.00000000
19827,453,27,0.00000000
19828,453,28,0.00000000
19829,453,29,0.00000000
19830,453,30,20.00000000
19831,453,31,440.00000000
19832,453,32,3.80000000
19833,453,33,0.00000000
19834,453,34,0.00000000
19835,453,35,115.00000000
19836,453,36,25.00000000
19837,453,37,630.00000000
19838,453,38,0.00000000
19839,453,39,0.00000000
19840,453,40,0.00000000
19841,453,41,0.00000000
19842,453,42,0.00000000
19843,453,43,0.00000000
19844,453,44,0.00000000
19845,454,1,324.00000000
19846,454,2,7.60000000
19847,454,3,0.00000000
19848,454,4,12.70000000
19849,454,5,32.40000000
19850,454,6,28.30000000
19851,454,7,4.10000000
19852,454,8,0.00000000
19853,454,9,40.30000000
19854,454,10,7.00000000
19855,454,11,0.53000000
19856,454,12,0.94000000
19857,454,13,4.40000000
19858,454,14,0.00000000
19859,454,15,403.00000000
19860,454,16,0.00000000
19861,454,17,4806.00000000
19862,454,18,0.00000000
19863,454,19,1.70000000
19864,454,20,0.00000000
19865,454,21,0.29000000
19866,454,22,0.32000000
19867,454,23,4.10000000
19868,454,24,1.20000000
19869,454,25,274.00000000
19870,454,26,0.00000000
19871,454,27,0.00000000
19872,454,28,0.00000000
19873,454,29,51.40000000
19874,454,30,1990.00000000
19875,454,31,306.00000000
19876,454,32,82.70000000
19877,454,33,0.00000000
19878,454,34,3.60000000
19879,454,35,346.00000000
19880,454,36,77.00000000
19881,454,37,1522.00000000
19882,454,38,0.00000000
19883,454,39,0.00000000
19884,454,40,4.50000000
19885,454,41,0.04000000
19886,454,42,0.00000000
19887,454,43,1300.00000000
19888,454,44,0.00000000
19889,455,1,67.30000000
19890,455,2,80.40000000
19891,455,3,0.00000000
19892,455,4,3.80000000
19893,455,5,6.90000000
19894,455,6,0.00000000
19895,455,7,6.90000000
19896,455,8,0.00000000
19897,455,9,8.00000000
19898,455,10,0.94000000
19899,455,11,0.25000000
19900,455,12,0.03300000
19901,455,13,0.51000000
19902,455,14,0.00000000
19903,455,15,212.00000000
19904,455,16,0.00000000
19905,455,17,1272.00000000
19906,455,18,0.00000000
19907,455,19,0.00000000
19908,455,20,0.00000000
19909,455,21,0.08200000
19910,455,22,0.27000000
19911,455,23,2.70000000
19912,455,24,0.13000000
19913,455,25,114.00000000
19914,455,26,0.00000000
19915,455,27,0.34000000
19916,455,28,0.00000000
19917,455,29,31.80000000
19918,455,30,243.00000000
19919,455,31,73.00000000
19920,455,32,5.10000000
19921,455,33,0.00000000
19922,455,34,1.10000000
19923,455,35,80.00000000
19924,455,36,31.00000000
19925,455,37,569.00000000
19926,455,38,1.20000000
19927,455,39,0.33000000
19928,455,40,0.00000000
19929,455,41,0.05000000
19930,455,42,0.00000000
19931,455,43,11900.00000000
19932,455,44,0.00000000
19933,456,1,506.00000000
19934,456,2,8.60000000
19935,456,3,0.00000000
19936,456,4,5.80000000
19937,456,5,28.50000000
19938,456,6,0.00000000
19939,456,7,28.50000000
19940,456,8,0.00000000
19941,456,9,20.80000000
19942,456,10,36.30000000
19943,456,11,25.90000000
19944,456,12,3.20000000
19945,456,13,0.35000000
19946,456,14,0.00000000
19947,456,15,10.20000000
19948,456,16,0.00000000
19949,456,17,61.00000000
19950,456,18,0.00000000
19951,456,19,0.05300000
19952,456,20,0.00000000
19953,456,21,0.35000000
19954,456,22,0.05700000
19955,456,23,1.30000000
19956,456,24,0.16000000
19957,456,25,76.00000000
19958,456,26,0.00000000
19959,456,27,0.00000000
19960,456,28,0.00000000
19961,456,29,3.00000000
19962,456,30,184.00000000
19963,456,31,213.00000000
19964,456,32,3.00000000
19965,456,33,0.00000000
19966,456,34,2.20000000
19967,456,35,183.00000000
19968,456,36,16.00000000
19969,456,37,350.00000000
19970,456,38,2.90000000
19971,456,39,1.00000000
19972,456,40,1.60000000
19973,456,41,0.04000000
19974,456,42,0.00000000
19975,456,43,1300.00000000
19976,456,44,0.00000000
19977,457,1,65.60000000
19978,457,2,86.10000000
19979,457,3,0.00000000
19980,457,4,2.20000000
19981,457,5,9.70000000
19982,457,6,7.90000000
19983,457,7,1.80000000
19984,457,8,0.00000000
19985,457,9,0.00000000
19986,457,10,2.00000000
19987,457,11,0.00000000
19988,457,12,0.00000000
19989,457,13,0.00000000
19990,457,14,0.00000000
19991,457,15,135.00000000
19992,457,16,0.00000000
19993,457,17,810.00000000
19994,457,18,0.00000000
19995,457,19,0.00000000
19996,457,20,0.00000000
19997,457,21,0.07000000
19998,457,22,0.00000000
19999,457,23,0.00000000
20000,457,24,0.00000000
20001,457,25,0.00000000
20002,457,26,0.00000000
20003,457,27,0.00000000
20004,457,28,0.00000000
20005,457,29,45.00000000
20006,457,30,310.00000000
20007,457,31,39.00000000
20008,457,32,0.00000000
20009,457,33,0.00000000
20010,457,34,0.90000000
20011,457,35,53.00000000
20012,457,36,3.00000000
20013,457,37,330.00000000
20014,457,38,0.00000000
20015,457,39,0.00000000
20016,457,40,0.00000000
20017,457,41,0.20000000
20018,457,42,0.00000000
20019,457,43,8000.00000000
20020,457,44,0.00000000
20021,458,1,309.00000000
20022,458,2,7.20000000
20023,458,3,0.00000000
20024,458,4,11.00000000
20025,458,5,21.60000000
20026,458,6,17.50000000
20027,458,7,4.10000000
20028,458,8,0.00000000
20029,458,9,42.80000000
20030,458,10,10.30000000
20031,458,11,2.70000000
20032,458,12,0.67000000
20033,458,13,5.30000000
20034,458,14,0.00000000
20035,458,15,690.00000000
20036,458,16,0.00000000
20037,458,17,4142.00000000
20038,458,18,0.00000000
20039,458,19,18.90000000
20040,458,20,622.00000000
20041,458,21,0.34000000
20042,458,22,0.32000000
20043,458,23,6.20000000
20044,458,24,1.20000000
20045,458,25,274.00000000
20046,458,26,0.00000000
20047,458,27,0.00000000
20048,458,28,0.00000000
20049,458,29,50.00000000
20050,458,30,1576.00000000
20051,458,31,200.00000000
20052,458,32,44.00000000
20053,458,33,0.00000000
20054,458,34,4.40000000
20055,458,35,270.00000000
20056,458,36,15.00000000
20057,458,37,1669.00000000
20058,458,38,4.70000000
20059,458,39,0.94000000
20060,458,40,5.90000000
20061,458,41,0.00000000
20062,458,42,0.00000000
20063,458,43,0.00000000
20064,458,44,0.00000000
20065,459,1,59.00000000
20066,459,2,83.60000000
20067,459,3,0.00000000
20068,459,4,4.40000000
20069,459,5,7.40000000
20070,459,6,0.46000000
20071,459,7,6.90000000
20072,459,8,0.00000000
20073,459,9,4.30000000
20074,459,10,0.36000000
20075,459,11,0.04300000
20076,459,12,0.00700000
20077,459,13,0.19000000
20078,459,14,0.00000000
20079,459,15,867.00000000
20080,459,16,0.00000000
20081,459,17,5200.00000000
20082,459,18,0.00000000
20083,459,19,3.70000000
20084,459,20,421.00000000
20085,459,21,0.14000000
20086,459,22,0.30000000
20087,459,23,2.50000000
20088,459,24,0.20000000
20089,459,25,149.00000000
20090,459,26,0.00000000
20091,459,27,0.00000000
20092,459,28,0.40000000
20093,459,29,161.00000000
20094,459,30,179.00000000
20095,459,31,87.00000000
20096,459,32,3.60000000
20097,459,33,3.40000000
20098,459,34,0.74000000
20099,459,35,43.00000000
20100,459,36,37.00000000
20101,459,37,811.00000000
20102,459,38,0.76000000
20103,459,39,0.14000000
20104,459,40,1.40000000
20105,459,41,0.06000000
20106,459,42,0.00000000
20107,459,43,1100.00000000
20108,459,44,0.00000000
20109,460,1,357.00000000
20110,460,2,9.50000000
20111,460,3,0.00000000
20112,460,4,14.80000000
20113,460,5,34.80000000
20114,460,6,0.00000000
20115,460,7,34.80000000
20116,460,8,0.00000000
20117,460,9,20.90000000
20118,460,10,13.00000000
20119,460,11,2.00000000
20120,460,12,1.10000000
20121,460,13,8.20000000
20122,460,14,0.00000000
20123,460,15,6042.00000000
20124,460,16,0.00000000
20125,460,17,36250.00000000
20126,460,18,0.00000000
20127,460,19,0.69000000
20128,460,20,80.30000000
20129,460,21,0.65000000
20130,460,22,1.70000000
20131,460,23,18.40000000
20132,460,24,4.00000000
20133,460,25,0.00000000
20134,460,26,0.00000000
20135,460,27,1.80000000
20136,460,28,0.00000000
20137,460,29,0.00000000
20138,460,30,180.00000000
20139,460,31,350.00000000
20140,460,32,23.60000000
20141,460,33,0.00000000
20142,460,34,4.10000000
20143,460,35,190.00000000
20144,460,36,34.00000000
20145,460,37,2340.00000000
20146,460,38,0.80000000
20147,460,39,0.61000000
20148,460,40,4.00000000
20149,460,41,0.06000000
20150,460,42,0.00000000
20151,460,43,1100.00000000
20152,460,44,0.00000000
20153,461,1,283.00000000
20154,461,2,17.30000000
20155,461,3,0.00000000
20156,461,4,10.40000000
20157,461,5,42.40000000
20158,461,6,0.00000000
20159,461,7,42.40000000
20160,461,8,0.00000000
20161,461,9,26.20000000
20162,461,10,2.10000000
20163,461,11,0.62000000
20164,461,12,0.79000000
20165,461,13,0.64000000
20166,461,14,0.00000000
20167,461,15,0.00000000
20168,461,16,0.00000000
20169,461,17,0.00000000
20170,461,18,0.00000000
20171,461,19,2.50000000
20172,461,20,0.00000000
20173,461,21,0.02000000
20174,461,22,0.13000000
20175,461,23,0.20000000
20176,461,24,0.10000000
20177,461,25,0.00000000
20178,461,26,0.00000000
20179,461,27,0.00000000
20180,461,28,0.00000000
20181,461,29,0.00000000
20182,461,30,270.00000000
20183,461,31,180.00000000
20184,461,32,14.30000000
20185,461,33,0.00000000
20186,461,34,1.10000000
20187,461,35,90.00000000
20188,461,36,5.00000000
20189,461,37,73.00000000
20190,461,38,4.50000000
20191,461,39,1.10000000
20192,461,40,3.00000000
20193,461,41,0.00000000
20194,461,42,0.00000000
20195,461,43,0.00000000
20196,461,44,0.00000000
20197,462,1,280.00000000
20198,462,2,16.70000000
20199,462,3,0.00000000
20200,462,4,10.90000000
20201,462,5,38.30000000
20202,462,6,0.00000000
20203,462,7,38.30000000
20204,462,8,0.00000000
20205,462,9,26.50000000
20206,462,10,3.30000000
20207,462,11,0.98000000
20208,462,12,1.00000000
20209,462,13,1.10000000
20210,462,14,0.00000000
20211,462,15,19.20000000
20212,462,16,0.00000000
20213,462,17,115.00000000
20214,462,18,0.00000000
20215,462,19,1.00000000
20216,462,20,0.00000000
20217,462,21,0.11000000
20218,462,22,0.24000000
20219,462,23,1.10000000
20220,462,24,0.34000000
20221,462,25,0.00000000
20222,462,26,0.00000000
20223,462,27,0.00000000
20224,462,28,0.00000000
20225,462,29,0.00000000
20226,462,30,430.00000000
20227,462,31,170.00000000
20228,462,32,11.20000000
20229,462,33,0.00000000
20230,462,34,1.40000000
20231,462,35,190.00000000
20232,462,36,44.00000000
20233,462,37,1260.00000000
20234,462,38,6.50000000
20235,462,39,1.10000000
20236,462,40,3.00000000
20237,462,41,0.03000000
20238,462,42,0.00000000
20239,462,43,780.00000000
20240,462,44,0.00000000
20241,463,1,0.00000000
20242,463,2,0.20000000
20243,463,3,0.00000000
20244,463,4,0.00000000
20245,463,5,0.00000000
20246,463,6,0.00000000
20247,463,7,0.00000000
20248,463,8,0.00000000
20249,463,9,0.00000000
20250,463,10,0.00000000
20251,463,11,0.00000000
20252,463,12,0.00000000
20253,463,13,0.00000000
20254,463,14,0.00000000
20255,463,15,0.00000000
20256,463,16,0.00000000
20257,463,17,0.00000000
20258,463,18,0.00000000
20259,463,19,0.00000000
20260,463,20,0.00000000
20261,463,21,0.00000000
20262,463,22,0.00000000
20263,463,23,0.00000000
20264,463,24,0.00000000
20265,463,25,0.00000000
20266,463,26,0.00000000
20267,463,27,0.00000000
20268,463,28,0.00000000
20269,463,29,0.00000000
20270,463,30,29.00000000
20271,463,31,8.00000000
20272,463,32,0.20000000
20273,463,33,44.00000000
20274,463,34,0.10000000
20275,463,35,290.00000000
20276,463,36,38850.00000000
20277,463,37,0.00000000
20278,463,38,0.10000000
20279,463,39,0.10000000
20280,463,40,0.10000000
20281,463,41,0.00000000
20282,463,42,0.00000000
20283,463,43,0.00000000
20284,463,44,0.00000000
20285,464,1,0.00000000
20286,464,2,0.20000000
20287,464,3,0.00000000
20288,464,4,0.00000000
20289,464,5,0.00000000
20290,464,6,0.00000000
20291,464,7,0.00000000
20292,464,8,0.00000000
20293,464,9,0.00000000
20294,464,10,0.00000000
20295,464,11,0.00000000
20296,464,12,0.00000000
20297,464,13,0.00000000
20298,464,14,0.00000000
20299,464,15,0.00000000
20300,464,16,0.00000000
20301,464,17,0.00000000
20302,464,18,0.00000000
20303,464,19,0.00000000
20304,464,20,0.00000000
20305,464,21,0.00000000
20306,464,22,0.00000000
20307,464,23,0.00000000
20308,464,24,0.00000000
20309,464,25,0.00000000
20310,464,26,0.00000000
20311,464,27,0.00000000
20312,464,28,0.00000000
20313,464,29,0.00000000
20314,464,30,29.00000000
20315,464,31,8.00000000
20316,464,32,0.20000000
20317,464,33,44.00000000
20318,464,34,0.10000000
20319,464,35,290.00000000
20320,464,36,38850.00000000
20321,464,37,0.00000000
20322,464,38,0.10000000
20323,464,39,0.10000000
20324,464,40,0.10000000
20325,464,41,0.00000000
20326,464,42,0.00000000
20327,464,43,0.00000000
20328,464,44,0.00000000
20329,465,1,0.00000000
20330,465,2,0.20000000
20331,465,3,0.00000000
20332,465,4,0.00000000
20333,465,5,0.00000000
20334,465,6,0.00000000
20335,465,7,0.00000000
20336,465,8,0.00000000
20337,465,9,0.00000000
20338,465,10,0.00000000
20339,465,11,0.00000000
20340,465,12,0.00000000
20341,465,13,0.00000000
20342,465,14,0.00000000
20343,465,15,0.00000000
20344,465,16,0.00000000
20345,465,17,0.00000000
20346,465,18,0.00000000
20347,465,19,0.00000000
20348,465,20,0.00000000
20349,465,21,0.00000000
20350,465,22,0.00000000
20351,465,23,0.00000000
20352,465,24,0.00000000
20353,465,25,0.00000000
20354,465,26,0.00000000
20355,465,27,0.00000000
20356,465,28,0.00000000
20357,465,29,0.00000000
20358,465,30,29.00000000
20359,465,31,8.00000000
20360,465,32,0.20000000
20361,465,33,44.00000000
20362,465,34,0.10000000
20363,465,35,290.00000000
20364,465,36,12900.00000000
20365,465,37,0.00000000
20366,465,38,0.10000000
20367,465,39,0.10000000
20368,465,40,0.10000000
20369,465,41,0.00000000
20370,465,42,0.00000000
20371,465,43,0.00000000
20372,465,44,0.00000000
20373,466,1,0.00000000
20374,466,2,0.20000000
20375,466,3,0.00000000
20376,466,4,0.00000000
20377,466,5,0.00000000
20378,466,6,0.00000000
20379,466,7,0.00000000
20380,466,8,0.00000000
20381,466,9,0.00000000
20382,466,10,0.00000000
20383,466,11,0.00000000
20384,466,12,0.00000000
20385,466,13,0.00000000
20386,466,14,0.00000000
20387,466,15,0.00000000
20388,466,16,0.00000000
20389,466,17,0.00000000
20390,466,18,0.00000000
20391,466,19,0.00000000
20392,466,20,0.00000000
20393,466,21,0.00000000
20394,466,22,0.00000000
20395,466,23,0.00000000
20396,466,24,0.00000000
20397,466,25,0.00000000
20398,466,26,0.00000000
20399,466,27,0.00000000
20400,466,28,0.00000000
20401,466,29,0.00000000
20402,466,30,29.00000000
20403,466,31,8.00000000
20404,466,32,0.20000000
20405,466,33,6000.00000000
20406,466,34,0.10000000
20407,466,35,290.00000000
20408,466,36,38850.00000000
20409,466,37,0.00000000
20410,466,38,0.10000000
20411,466,39,0.10000000
20412,466,40,0.10000000
20413,466,41,0.00000000
20414,466,42,0.00000000
20415,466,43,0.00000000
20416,466,44,0.00000000
20417,467,1,0.00000000
20418,467,2,0.20000000
20419,467,3,0.00000000
20420,467,4,0.00000000
20421,467,5,0.00000000
20422,467,6,0.00000000
20423,467,7,0.00000000
20424,467,8,0.00000000
20425,467,9,0.00000000
20426,467,10,0.00000000
20427,467,11,0.00000000
20428,467,12,0.00000000
20429,467,13,0.00000000
20430,467,14,0.00000000
20431,467,15,0.00000000
20432,467,16,0.00000000
20433,467,17,0.00000000
20434,467,18,0.00000000
20435,467,19,0.00000000
20436,467,20,0.00000000
20437,467,21,0.00000000
20438,467,22,0.00000000
20439,467,23,0.00000000
20440,467,24,0.00000000
20441,467,25,0.00000000
20442,467,26,0.00000000
20443,467,27,0.00000000
20444,467,28,0.00000000
20445,467,29,0.00000000
20446,467,30,29.00000000
20447,467,31,8.00000000
20448,467,32,0.20000000
20449,467,33,6000.00000000
20450,467,34,0.10000000
20451,467,35,290.00000000
20452,467,36,38850.00000000
20453,467,37,0.00000000
20454,467,38,0.10000000
20455,467,39,0.10000000
20456,467,40,0.10000000
20457,467,41,0.00000000
20458,467,42,0.00000000
20459,467,43,0.00000000
20460,467,44,0.00000000
20461,468,1,443.00000000
20462,468,2,1.70000000
20463,468,3,0.00000000
20464,468,4,17.60000000
20465,468,5,50.00000000
20466,468,6,0.00000000
20467,468,7,0.00000000
20468,468,8,0.00000000
20469,468,9,14.60000000
20470,468,10,15.90000000
20471,468,11,0.59000000
20472,468,12,9.80000000
20473,468,13,3.20000000
20474,468,14,0.00000000
20475,468,15,16.00000000
20476,468,16,0.00000000
20477,468,17,0.00000000
20478,468,18,0.00000000
20479,468,19,0.00000000
20480,468,20,0.00000000
20481,468,21,0.34000000
20482,468,22,0.29000000
20483,468,23,3.10000000
20484,468,24,0.65000000
20485,468,25,10.00000000
20486,468,26,0.00000000
20487,468,27,0.80000000
20488,468,28,0.00000000
20489,468,29,21.00000000
20490,468,30,646.00000000
20491,468,31,440.00000000
20492,468,32,37.00000000
20493,468,33,0.00000000
20494,468,34,5.30000000
20495,468,35,170.00000000
20496,468,36,16.00000000
20497,468,37,1441.00000000
20498,468,38,2.30000000
20499,468,39,0.91000000
20500,468,40,5.00000000
20501,468,41,0.05000000
20502,468,42,0.00000000
20503,468,43,3000.00000000
20504,468,44,0.00000000
20505,469,1,369.00000000
20506,469,2,7.80000000
20507,469,3,0.00000000
20508,469,4,9.10000000
20509,469,5,57.10000000
20510,469,6,0.00000000
20511,469,7,0.00000000
20512,469,8,0.00000000
20513,469,9,18.60000000
20514,469,10,7.40000000
20515,469,11,0.00000000
20516,469,12,0.00000000
20517,469,13,0.00000000
20518,469,14,0.00000000
20519,469,15,380.00000000
20520,469,16,0.00000000
20521,469,17,2281.00000000
20522,469,18,0.00000000
20523,469,19,0.00000000
20524,469,20,0.00000000
20525,469,21,0.51000000
20526,469,22,0.40000000
20527,469,23,4.90000000
20528,469,24,0.00000000
20529,469,25,0.00000000
20530,469,26,0.00000000
20531,469,27,0.00000000
20532,469,28,0.00000000
20533,469,29,0.00000000
20534,469,30,1890.00000000
20535,469,31,201.00000000
20536,469,32,124.00000000
20537,469,33,0.00000000
20538,469,34,0.00000000
20539,469,35,220.00000000
20540,469,36,55.00000000
20541,469,37,814.00000000
20542,469,38,0.00000000
20543,469,39,0.00000000
20544,469,40,0.00000000
20545,469,41,0.05000000
20546,469,42,0.00000000
20547,469,43,3000.00000000
20548,469,44,0.00000000
20549,470,1,51.60000000
20550,470,2,87.20000000
20551,470,3,0.00000000
20552,470,4,0.06000000
20553,470,5,12.70000000
20554,470,6,0.00000000
20555,470,7,12.70000000
20556,470,8,0.00000000
20557,470,9,0.00000000
20558,470,10,0.06000000
20559,470,11,0.01000000
20560,470,12,0.01000000
20561,470,13,0.00400000
20562,470,14,0.00000000
20563,470,15,0.00000000
20564,470,16,0.00000000
20565,470,17,0.00000000
20566,470,18,0.00000000
20567,470,19,0.00000000
20568,470,20,0.00000000
20569,470,21,0.01100000
20570,470,22,0.09500000
20571,470,23,0.43000000
20572,470,24,0.02600000
20573,470,25,0.00000000
20574,470,26,0.00000000
20575,470,27,0.03500000
20576,470,28,0.00000000
20577,470,29,0.00000000
20578,470,30,11.00000000
20579,470,31,6.00000000
20580,470,32,0.12000000
20581,470,33,0.00000000
20582,470,34,0.11000000
20583,470,35,12.00000000
20584,470,36,9.00000000
20585,470,37,148.00000000
20586,470,38,0.23000000
20587,470,39,0.07200000
20588,470,40,0.00000000
20589,470,41,0.02000000
20590,470,42,0.00000000
20591,470,43,500.00000000
20592,470,44,0.00000000
20593,471,1,4.00000000
20594,471,2,99.00000000
20595,471,3,0.00000000
20596,471,4,0.40000000
20597,471,5,0.60000000
20598,471,6,0.00000000
20599,471,7,0.60000000
20600,471,8,0.00000000
20601,471,9,0.00000000
20602,471,10,0.00000000
20603,471,11,0.00000000
20604,471,12,0.00000000
20605,471,13,0.00000000
20606,471,14,0.00000000
20607,471,15,0.00000000
20608,471,16,0.00000000
20609,471,17,0.00000000
20610,471,18,0.00000000
20611,471,19,0.00000000
20612,471,20,0.00000000
20613,471,21,0.00000000
20614,471,22,0.00000000
20615,471,23,0.00000000
20616,471,24,0.00000000
20617,471,25,0.00000000
20618,471,26,0.00000000
20619,471,27,0.00000000
20620,471,28,0.00000000
20621,471,29,0.00000000
20622,471,30,15.00000000
20623,471,31,32.00000000
20624,471,32,0.50000000
20625,471,33,0.00000000
20626,471,34,0.10000000
20627,471,35,22.00000000
20628,471,36,20.00000000
20629,471,37,89.00000000
20630,471,38,0.24000000
20631,471,39,0.04000000
20632,471,40,1.00000000
20633,471,41,0.00000000
20634,471,42,0.00000000
20635,471,43,20.00000000
20636,471,44,0.00000000
20637,472,1,70.00000000
20638,472,2,76.50000000
20639,472,3,0.00000000
20640,472,4,0.49000000
20641,472,5,17.00000000
20642,472,6,3.00000000
20643,472,7,15.00000000
20644,472,8,14.40000000
20645,472,9,0.00000000
20646,472,10,0.00000000
20647,472,11,0.00000000
20648,472,12,0.00000000
20649,472,13,0.00000000
20650,472,14,0.00000000
20651,472,15,0.00000000
20652,472,16,0.00000000
20653,472,17,0.00000000
20654,472,18,0.00000000
20655,472,19,0.00000000
20656,472,20,0.00000000
20657,472,21,0.00000000
20658,472,22,0.00000000
20659,472,23,0.00000000
20660,472,24,0.00000000
20661,472,25,0.00000000
20662,472,26,0.00000000
20663,472,27,0.00000000
20664,472,28,0.00000000
20665,472,29,0.00000000
20666,472,30,27.00000000
20667,472,31,19.00000000
20668,472,32,0.72000000
20669,472,33,0.00000000
20670,472,34,0.08000000
20671,472,35,12.00000000
20672,472,36,23.00000000
20673,472,37,112.00000000
20674,472,38,0.00000000
20675,472,39,0.00000000
20676,472,40,0.00000000
20677,472,41,0.00000000
20678,472,42,0.00000000
20679,472,43,20.00000000
20680,472,44,0.00000000
20681,473,1,2.40000000
20682,473,2,99.00000000
20683,473,3,0.00000000
20684,473,4,0.40000000
20685,473,5,0.20000000
20686,473,6,0.00000000
20687,473,7,0.20000000
20688,473,8,0.00000000
20689,473,9,0.00000000
20690,473,10,0.00000000
20691,473,11,0.00000000
20692,473,12,0.00000000
20693,473,13,0.00000000
20694,473,14,0.00000000
20695,473,15,0.00000000
20696,473,16,0.00000000
20697,473,17,0.00000000
20698,473,18,0.00000000
20699,473,19,0.00000000
20700,473,20,0.00000000
20701,473,21,0.00000000
20702,473,22,0.00000000
20703,473,23,0.00000000
20704,473,24,0.00000000
20705,473,25,0.00000000
20706,473,26,0.00000000
20707,473,27,0.00000000
20708,473,28,0.00000000
20709,473,29,0.00000000
20710,473,30,15.00000000
20711,473,31,32.00000000
20712,473,32,0.50000000
20713,473,33,0.00000000
20714,473,34,0.10000000
20715,473,35,22.00000000
20716,473,36,20.00000000
20717,473,37,89.00000000
20718,473,38,0.00000000
20719,473,39,0.00000000
20720,473,40,1.00000000
20721,473,41,0.00000000
20722,473,42,0.00000000
20723,473,43,0.00000000
20724,473,44,0.00000000
20725,474,1,4.00000000
20726,474,2,97.00000000
20727,474,3,0.00000000
20728,474,4,0.40000000
20729,474,5,0.60000000
20730,474,6,0.00000000
20731,474,7,0.00000000
20732,474,8,0.00000000
20733,474,9,0.00000000
20734,474,10,0.00000000
20735,474,11,0.00000000
20736,474,12,0.00000000
20737,474,13,0.00000000
20738,474,14,0.00000000
20739,474,15,0.00000000
20740,474,16,0.00000000
20741,474,17,0.00000000
20742,474,18,0.00000000
20743,474,19,0.00000000
20744,474,20,0.00000000
20745,474,21,0.00000000
20746,474,22,0.00000000
20747,474,23,0.00000000
20748,474,24,0.00000000
20749,474,25,0.00000000
20750,474,26,0.00000000
20751,474,27,0.00000000
20752,474,28,0.00000000
20753,474,29,0.00000000
20754,474,30,6.00000000
20755,474,31,8.00000000
20756,474,32,0.45000000
20757,474,33,0.00000000
20758,474,34,0.03000000
20759,474,35,4.00000000
20760,474,36,8.00000000
20761,474,37,39.00000000
20762,474,38,0.00000000
20763,474,39,0.00000000
20764,474,40,0.00000000
20765,474,41,0.00000000
20766,474,42,0.00000000
20767,474,43,0.00000000
20768,474,44,0.00000000
20769,475,1,796.00000000
20770,475,2,9.70000000
20771,475,3,0.00000000
20772,475,4,0.50000000
20773,475,5,2.80000000
20774,475,6,2.50000000
20775,475,7,0.30000000
20776,475,8,0.30000000
20777,475,9,0.10000000
20778,475,10,86.90000000
20779,475,11,12.60000000
20780,475,12,61.70000000
20781,475,13,8.70000000
20782,475,14,0.00000000
20783,475,15,0.00000000
20784,475,16,0.00000000
20785,475,17,0.00000000
20786,475,18,0.00000000
20787,475,19,10.50000000
20788,475,20,80.30000000
20789,475,21,0.02000000
20790,475,22,0.00000000
20791,475,23,0.03000000
20792,475,24,0.04000000
20793,475,25,1.00000000
20794,475,26,0.00000000
20795,475,27,0.50000000
20796,475,28,0.00000000
20797,475,29,0.00000000
20798,475,30,2.00000000
20799,475,31,16.00000000
20800,475,32,0.10000000
20801,475,33,32.00000000
20802,475,34,0.10000000
20803,475,35,7.00000000
20804,475,36,565.00000000
20805,475,37,52.00000000
20806,475,38,0.04600000
20807,475,39,0.33000000
20808,475,40,0.20000000
20809,475,41,0.50000000
20810,475,42,0.10000000
20811,475,43,0.00000000
20812,475,44,0.00000000
20813,476,1,338.00000000
20814,476,2,15.60000000
20815,476,3,0.00000000
20816,476,4,84.40000000
20817,476,5,0.00000000
20818,476,6,0.00000000
20819,476,7,0.00000000
20820,476,8,0.00000000
20821,476,9,0.00000000
20822,476,10,0.00000000
20823,476,11,0.00000000
20824,476,12,0.00000000
20825,476,13,0.00000000
20826,476,14,0.00000000
20827,476,15,0.00000000
20828,476,16,0.00000000
20829,476,17,0.00000000
20830,476,18,0.00000000
20831,476,19,0.00000000
20832,476,20,0.00000000
20833,476,21,0.00000000
20834,476,22,0.00000000
20835,476,23,0.10000000
20836,476,24,0.00000000
20837,476,25,0.00000000
20838,476,26,0.00000000
20839,476,27,0.00000000
20840,476,28,0.00000000
20841,476,29,0.00000000
20842,476,30,11.00000000
20843,476,31,0.00000000
20844,476,32,0.00000000
20845,476,33,6.00000000
20846,476,34,0.20000000
20847,476,35,11.00000000
20848,476,36,32.00000000
20849,476,37,22.00000000
20850,476,38,0.00000000
20851,476,39,0.05000000
20852,476,40,0.00000000
20853,476,41,0.00000000
20854,476,42,0.00000000
20855,476,43,0.00000000
20856,476,44,0.00000000
20857,477,1,117.00000000
20858,477,2,66.40000000
20859,477,3,0.00000000
20860,477,4,2.00000000
20861,477,5,26.00000000
20862,477,6,1.20000000
20863,477,7,24.80000000
20864,477,8,21.10000000
20865,477,9,0.90000000
20866,477,10,0.40000000
20867,477,11,0.06100000
20868,477,12,0.07200000
20869,477,13,0.18000000
20870,477,14,0.00000000
20871,477,15,52.70000000
20872,477,16,0.00000000
20873,477,17,316.00000000
20874,477,18,0.00000000
20875,477,19,1.50000000
20876,477,20,0.00000000
20877,477,21,0.06000000
20878,477,22,0.06000000
20879,477,23,1.20000000
20880,477,24,0.16000000
20881,477,25,10.00000000
20882,477,26,0.00000000
20883,477,27,0.20000000
20884,477,28,0.00000000
20885,477,29,15.00000000
20886,477,30,19.00000000
20887,477,31,40.00000000
20888,477,32,0.90000000
20889,477,33,0.00000000
20890,477,34,0.10000000
20891,477,35,19.00000000
20892,477,36,952.00000000
20893,477,37,480.00000000
20894,477,38,0.13000000
20895,477,39,0.20000000
20896,477,40,0.80000000
20897,477,41,0.10000000
20898,477,42,0.00000000
20899,477,43,15.00000000
20900,477,44,0.00000000
20901,478,1,709.00000000
20902,478,2,16.30000000
20903,478,3,0.00000000
20904,478,4,1.30000000
20905,478,5,5.80000000
20906,478,6,3.00000000
20907,478,7,2.70000000
20908,478,8,1.50000000
20909,478,9,0.00000000
20910,478,10,75.60000000
20911,478,11,11.40000000
20912,478,12,18.20000000
20913,478,13,42.40000000
20914,478,14,100.00000000
20915,478,15,6.30000000
20916,478,16,5.00000000
20917,478,17,8.00000000
20918,478,18,0.25000000
20919,478,19,15.50000000
20920,478,20,81.00000000
20921,478,21,0.02000000
20922,478,22,0.05000000
20923,478,23,1.00000000
20924,478,24,0.10000000
20925,478,25,10.00000000
20926,478,26,0.48000000
20927,478,27,0.46000000
20928,478,28,0.00000000
20929,478,29,0.00000000
20930,478,30,12.00000000
20931,478,31,48.00000000
20932,478,32,0.40000000
20933,478,33,35.00000000
20934,478,34,0.10000000
20935,478,35,4.00000000
20936,478,36,364.00000000
20937,478,37,18.00000000
20938,478,38,0.00000000
20939,478,39,0.02000000
20940,478,40,0.00000000
20941,478,41,0.00000000
20942,478,42,0.00000000
20943,478,43,0.00000000
20944,478,44,0.00000000
20945,479,1,272.00000000
20946,479,2,64.50000000
20947,479,3,0.00000000
20948,479,4,0.70000000
20949,479,5,8.80000000
20950,479,6,6.50000000
20951,479,7,2.30000000
20952,479,8,1.30000000
20953,479,9,0.00000000
20954,479,10,26.00000000
20955,479,11,4.30000000
20956,479,12,6.90000000
20957,479,13,15.70000000
20958,479,14,50.00000000
20959,479,15,8.00000000
20960,479,16,5.00000000
20961,479,17,0.00000000
20962,479,18,0.00000000
20963,479,19,14.00000000
20964,479,20,81.00000000
20965,479,21,0.02000000
20966,479,22,0.05000000
20967,479,23,0.24000000
20968,479,24,0.10000000
20969,479,25,10.00000000
20970,479,26,0.48000000
20971,479,27,0.46000000
20972,479,28,0.00000000
20973,479,29,0.00000000
20974,479,30,10.00000000
20975,479,31,1.00000000
20976,479,32,0.30000000
20977,479,33,35.00000000
20978,479,34,0.10000000
20979,479,35,10.00000000
20980,479,36,0.00000000
20981,479,37,10.00000000
20982,479,38,0.00000000
20983,479,39,0.02000000
20984,479,40,0.00000000
20985,479,41,0.00000000
20986,479,42,0.00000000
20987,479,43,0.00000000
20988,479,44,0.00000000
20989,480,1,125.00000000
20990,480,2,74.90000000
20991,480,3,0.00000000
20992,480,4,7.10000000
20993,480,5,5.00000000
20994,480,6,2.50000000
20995,480,7,2.50000000
20996,480,8,2.50000000
20997,480,9,1.30000000
20998,480,10,8.20000000
20999,480,11,0.50000000
21000,480,12,5.80000000
21001,480,13,1.60000000
21002,480,14,0.00000000
21003,480,15,10.80000000
21004,480,16,0.00000000
21005,480,17,65.00000000
21006,480,18,0.00000000
21007,480,19,0.01000000
21008,480,20,0.00000000
21009,480,21,0.05100000
21010,480,22,0.02500000
21011,480,23,2.90000000
21012,480,24,0.01000000
21013,480,25,18.00000000
21014,480,26,0.00000000
21015,480,27,0.34000000
21016,480,28,0.00000000
21017,480,29,52.50000000
21018,480,30,70.00000000
21019,480,31,190.00000000
21020,480,32,2.90000000
21021,480,33,0.00000000
21022,480,34,1.00000000
21023,480,35,82.00000000
21024,480,36,2950.00000000
21025,480,37,200.00000000
21026,480,38,0.70000000
21027,480,39,0.19000000
21028,480,40,36.00000000
21029,480,41,0.10000000
21030,480,42,0.00000000
21031,480,43,15.00000000
21032,480,44,0.00000000
21033,481,1,121.00000000
21034,481,2,71.20000000
21035,481,3,0.00000000
21036,481,4,0.48000000
21037,481,5,24.00000000
21038,481,6,3.20000000
21039,481,7,20.80000000
21040,481,8,20.80000000
21041,481,9,0.80000000
21042,481,10,2.40000000
21043,481,11,0.37000000
21044,481,12,0.70000000
21045,481,13,1.20000000
21046,481,14,0.00000000
21047,481,15,0.00000000
21048,481,16,0.00000000
21049,481,17,0.00000000
21050,481,18,0.00000000
21051,481,19,0.00000000
21052,481,20,0.00000000
21053,481,21,0.02700000
21054,481,22,0.01500000
21055,481,23,0.20000000
21056,481,24,0.04400000
21057,481,25,2.00000000
21058,481,26,0.00000000
21059,481,27,0.05100000
21060,481,28,0.00000000
21061,481,29,0.00000000
21062,481,30,18.00000000
21063,481,31,9.00000000
21064,481,32,0.85000000
21065,481,33,0.53000000
21066,481,34,0.08000000
21067,481,35,7.00000000
21068,481,36,353.00000000
21069,481,37,66.00000000
21070,481,38,0.29000000
21071,481,39,0.04800000
21072,481,40,0.00000000
21073,481,41,0.00000000
21074,481,42,0.00000000
21075,481,43,0.00000000
21076,481,44,0.00000000
21077,482,1,78.20000000
21078,482,2,86.70000000
21079,482,3,0.00000000
21080,482,4,1.50000000
21081,482,5,6.80000000
21082,482,6,3.10000000
21083,482,7,3.70000000
21084,482,8,3.70000000
21085,482,9,0.00000000
21086,482,10,5.00000000
21087,482,11,1.50000000
21088,482,12,2.40000000
21089,482,13,0.98000000
21090,482,14,0.00000000
21091,482,15,29.80000000
21092,482,16,0.00000000
21093,482,17,179.00000000
21094,482,18,0.00000000
21095,482,19,0.00000000
21096,482,20,0.00000000
21097,482,21,0.00000000
21098,482,22,0.03000000
21099,482,23,0.30000000
21100,482,24,0.02000000
21101,482,25,0.00000000
21102,482,26,0.00000000
21103,482,27,0.00000000
21104,482,28,0.00000000
21105,482,29,0.00000000
21106,482,30,30.00000000
21107,482,31,31.00000000
21108,482,32,1.10000000
21109,482,33,0.00000000
21110,482,34,0.20000000
21111,482,35,18.00000000
21112,482,36,980.00000000
21113,482,37,180.00000000
21114,482,38,0.20000000
21115,482,39,0.05000000
21116,482,40,0.00000000
21117,482,41,0.00000000
21118,482,42,0.00000000
21119,482,43,0.00000000
21120,482,44,0.00000000
21121,483,1,71.00000000
21122,483,2,81.50000000
21123,483,3,0.00000000
21124,483,4,1.80000000
21125,483,5,11.60000000
21126,483,6,3.30000000
21127,483,7,8.30000000
21128,483,8,6.30000000
21129,483,9,0.60000000
21130,483,10,1.80000000
21131,483,11,0.00000000
21132,483,12,0.46000000
21133,483,13,1.10000000
21134,483,14,0.00000000
21135,483,15,86.70000000
21136,483,16,0.00000000
21137,483,17,520.00000000
21138,483,18,0.00000000
21139,483,19,6.60000000
21140,483,20,0.10000000
21141,483,21,0.03000000
21142,483,22,0.02000000
21143,483,23,1.20000000
21144,483,24,0.08000000
21145,483,25,3.00000000
21146,483,26,0.00000000
21147,483,27,0.30000000
21148,483,28,0.00000000
21149,483,29,7.00000000
21150,483,30,19.00000000
21151,483,31,20.00000000
21152,483,32,0.90000000
21153,483,33,0.00000000
21154,483,34,0.20000000
21155,483,35,19.00000000
21156,483,36,810.00000000
21157,483,37,170.00000000
21158,483,38,0.30000000
21159,483,39,0.20000000
21160,483,40,1.30000000
21161,483,41,0.00000000
21162,483,42,0.00000000
21163,483,43,0.00000000
21164,483,44,0.00000000
21165,484,1,153.00000000
21166,484,2,74.50000000
21167,484,3,0.00000000
21168,484,4,4.10000000
21169,484,5,10.80000000
21170,484,6,6.40000000
21171,484,7,4.40000000
21172,484,8,0.00000000
21173,484,9,0.30000000
21174,484,10,10.30000000
21175,484,11,4.40000000
21176,484,12,3.50000000
21177,484,13,1.80000000
21178,484,14,26.00000000
21179,484,15,128.00000000
21180,484,16,115.00000000
21181,484,17,77.00000000
21182,484,18,0.62000000
21183,484,19,0.71000000
21184,484,20,0.77000000
21185,484,21,0.05000000
21186,484,22,0.18000000
21187,484,23,0.96000000
21188,484,24,0.06000000
21189,484,25,4.00000000
21190,484,26,0.40000000
21191,484,27,0.32000000
21192,484,28,2.10000000
21193,484,29,0.00000000
21194,484,30,130.00000000
21195,484,31,110.00000000
21196,484,32,0.20000000
21197,484,33,19.00000000
21198,484,34,0.40000000
21199,484,35,15.00000000
21200,484,36,400.00000000
21201,484,37,160.00000000
21202,484,38,0.00000000
21203,484,39,0.01000000
21204,484,40,1.00000000
21205,484,41,0.00000000
21206,484,42,0.00000000
21207,484,43,0.00000000
21208,484,44,0.00000000
21209,485,1,163.00000000
21210,485,2,72.60000000
21211,485,3,0.00000000
21212,485,4,8.00000000
21213,485,5,7.20000000
21214,485,6,2.60000000
21215,485,7,4.60000000
21216,485,8,3.70000000
21217,485,9,1.10000000
21218,485,10,11.10000000
21219,485,11,3.10000000
21220,485,12,4.70000000
21221,485,13,2.60000000
21222,485,14,25.00000000
21223,485,15,213.00000000
21224,485,16,0.00000000
21225,485,17,1275.00000000
21226,485,18,0.00000000
21227,485,19,1.90000000
21228,485,20,5.50000000
21229,485,21,0.07000000
21230,485,22,0.11000000
21231,485,23,3.20000000
21232,485,24,0.16000000
21233,485,25,7.00000000
21234,485,26,0.80000000
21235,485,27,0.33000000
21236,485,28,1.00000000
21237,485,29,4.00000000
21238,485,30,23.00000000
21239,485,31,79.00000000
21240,485,32,1.40000000
21241,485,33,4.00000000
21242,485,34,1.70000000
21243,485,35,14.00000000
21244,485,36,430.00000000
21245,485,37,310.00000000
21246,485,38,0.10000000
21247,485,39,0.11000000
21248,485,40,2.00000000
21249,485,41,0.00000000
21250,485,42,0.00000000
21251,485,43,0.00000000
21252,485,44,0.00000000
21253,486,1,186.00000000
21254,486,2,70.10000000
21255,486,3,0.00000000
21256,486,4,2.00000000
21257,486,5,12.30000000
21258,486,6,3.30000000
21259,486,7,9.00000000
21260,486,8,7.70000000
21261,486,9,1.30000000
21262,486,10,14.30000000
21263,486,11,1.70000000
21264,486,12,0.00000000
21265,486,13,0.00000000
21266,486,14,3.00000000
21267,486,15,0.00000000
21268,486,16,0.00000000
21269,486,17,0.00000000
21270,486,18,0.00000000
21271,486,19,0.00000000
21272,486,20,0.00000000
21273,486,21,0.00000000
21274,486,22,0.00000000
21275,486,23,0.00000000
21276,486,24,0.00000000
21277,486,25,0.00000000
21278,486,26,0.00000000
21279,486,27,0.00000000
21280,486,28,0.00000000
21281,486,29,4.40000000
21282,486,30,47.00000000
21283,486,31,0.00000000
21284,486,32,1.60000000
21285,486,33,0.00000000
21286,486,34,0.00000000
21287,486,35,0.00000000
21288,486,36,628.00000000
21289,486,37,0.00000000
21290,486,38,0.00000000
21291,486,39,0.00000000
21292,486,40,0.00000000
21293,486,41,0.00000000
21294,486,42,0.00000000
21295,486,43,0.00000000
21296,486,44,0.00000000
21297,487,1,307.00000000
21298,487,2,60.60000000
21299,487,3,0.00000000
21300,487,4,7.50000000
21301,487,5,2.00000000
21302,487,6,0.00000000
21303,487,7,2.00000000
21304,487,8,2.00000000
21305,487,9,0.00000000
21306,487,10,29.90000000
21307,487,11,17.60000000
21308,487,12,9.90000000
21309,487,13,1.20000000
21310,487,14,97.00000000
21311,487,15,190.00000000
21312,487,16,168.00000000
21313,487,17,134.00000000
21314,487,18,0.33000000
21315,487,19,0.50000000
21316,487,20,21.60000000
21317,487,21,0.17000000
21318,487,22,0.13000000
21319,487,23,0.96000000
21320,487,24,0.09000000
21321,487,25,1.00000000
21322,487,26,0.30000000
21323,487,27,0.00000000
21324,487,28,0.00000000
21325,487,29,0.00000000
21326,487,30,35.00000000
21327,487,31,78.00000000
21328,487,32,0.30000000
21329,487,33,5.30000000
21330,487,34,0.70000000
21331,487,35,9.00000000
21332,487,36,185.00000000
21333,487,37,133.00000000
21334,487,38,0.10000000
21335,487,39,0.10000000
21336,487,40,3.00000000
21337,487,41,0.00000000
21338,487,42,0.00000000
21339,487,43,0.00000000
21340,487,44,0.00000000
21341,488,1,543.00000000
21342,488,2,34.30000000
21343,488,3,0.00000000
21344,488,4,2.20000000
21345,488,5,3.30000000
21346,488,6,0.50000000
21347,488,7,2.80000000
21348,488,8,2.70000000
21349,488,9,0.00000000
21350,488,10,57.90000000
21351,488,11,8.80000000
21352,488,12,13.50000000
21353,488,13,32.90000000
21354,488,14,39.00000000
21355,488,15,9.00000000
21356,488,16,9.00000000
21357,488,17,2.00000000
21358,488,18,0.10000000
21359,488,19,4.70000000
21360,488,20,0.00000000
21361,488,21,0.01000000
21362,488,22,0.01000000
21363,488,23,0.04000000
21364,488,24,0.02500000
21365,488,25,2.00000000
21366,488,26,0.03000000
21367,488,27,0.00000000
21368,488,28,0.00000000
21369,488,29,0.30000000
21370,488,30,48.00000000
21371,488,31,19.00000000
21372,488,32,1.10000000
21373,488,33,0.00000000
21374,488,34,0.11000000
21375,488,35,2.00000000
21376,488,36,1209.00000000
21377,488,37,29.00000000
21378,488,38,0.00000000
21379,488,39,0.00000000
21380,488,40,1.60000000
21381,488,41,0.00000000
21382,488,42,0.00000000
21383,488,43,0.00000000
21384,488,44,0.00000000
21385,489,1,111.00000000
21386,489,2,77.00000000
21387,489,3,0.00000000
21388,489,4,5.30000000
21389,489,5,8.40000000
21390,489,6,4.00000000
21391,489,7,4.40000000
21392,489,8,4.40000000
21393,489,9,0.50000000
21394,489,10,6.10000000
21395,489,11,2.60000000
21396,489,12,1.70000000
21397,489,13,1.20000000
21398,489,14,29.00000000
21399,489,15,67.00000000
21400,489,16,60.80000000
21401,489,17,37.00000000
21402,489,18,0.09000000
21403,489,19,0.29000000
21404,489,20,11.50000000
21405,489,21,0.04000000
21406,489,22,0.23000000
21407,489,23,1.40000000
21408,489,24,0.07000000
21409,489,25,5.00000000
21410,489,26,0.50000000
21411,489,27,0.30000000
21412,489,28,0.00000000
21413,489,29,1.00000000
21414,489,30,160.00000000
21415,489,31,170.00000000
21416,489,32,0.10000000
21417,489,33,14.80000000
21418,489,34,0.60000000
21419,489,35,14.00000000
21420,489,36,460.00000000
21421,489,37,170.00000000
21422,489,38,0.01000000
21423,489,39,0.00000000
21424,489,40,3.20000000
21425,489,41,0.00000000
21426,489,42,0.00000000
21427,489,43,0.00000000
21428,489,44,0.00000000
21429,490,1,65.70000000
21430,490,2,76.60000000
21431,490,3,0.00000000
21432,490,4,8.70000000
21433,490,5,6.70000000
21434,490,6,3.80000000
21435,490,7,2.90000000
21436,490,8,2.90000000
21437,490,9,1.60000000
21438,490,10,0.10000000
21439,490,11,0.01100000
21440,490,12,0.01700000
21441,490,13,0.04400000
21442,490,14,0.00000000
21443,490,15,0.00000000
21444,490,16,0.00000000
21445,490,17,0.00000000
21446,490,18,0.00000000
21447,490,19,0.00000000
21448,490,20,0.00000000
21449,490,21,0.05000000
21450,490,22,0.13000000
21451,490,23,4.80000000
21452,490,24,0.20000000
21453,490,25,11.00000000
21454,490,26,0.00000000
21455,490,27,0.32000000
21456,490,28,0.00000000
21457,490,29,0.00000000
21458,490,30,19.00000000
21459,490,31,210.00000000
21460,490,32,2.70000000
21461,490,33,0.00000000
21462,490,34,0.20000000
21463,490,35,43.00000000
21464,490,36,5720.00000000
21465,490,37,360.00000000
21466,490,38,0.00000000
21467,490,39,0.10000000
21468,490,40,0.80000000
21469,490,41,0.01000000
21470,490,42,0.00000000
21471,490,43,25.00000000
21472,490,44,0.00000000
21473,491,1,289.00000000
21474,491,2,64.70000000
21475,491,3,0.00000000
21476,491,4,2.70000000
21477,491,5,0.60000000
21478,491,6,0.00000000
21479,491,7,0.60000000
21480,491,8,0.60000000
21481,491,9,0.00000000
21482,491,10,30.60000000
21483,491,11,19.00000000
21484,491,12,9.20000000
21485,491,13,1.20000000
21486,491,14,200.00000000
21487,491,15,602.00000000
21488,491,16,510.00000000
21489,491,17,550.00000000
21490,491,18,0.86000000
21491,491,19,14.00000000
21492,491,20,21.60000000
21493,491,21,0.03000000
21494,491,22,0.06000000
21495,491,23,0.96000000
21496,491,24,0.00000000
21497,491,25,64.00000000
21498,491,26,0.89000000
21499,491,27,0.00000000
21500,491,28,0.00000000
21501,491,29,6.00000000
21502,491,30,41.00000000
21503,491,31,99.00000000
21504,491,32,0.70000000
21505,491,33,5.30000000
21506,491,34,0.80000000
21507,491,35,6.00000000
21508,491,36,400.00000000
21509,491,37,45.00000000
21510,491,38,0.10000000
21511,491,39,0.10000000
21512,491,40,3.00000000
21513,491,41,0.00000000
21514,491,42,0.00000000
21515,491,43,0.00000000
21516,491,44,0.00000000
21517,492,1,78.00000000
21518,492,2,78.50000000
21519,492,3,0.00000000
21520,492,4,0.00000000
21521,492,5,19.50000000
21522,492,6,9.40000000
21523,492,7,10.00000000
21524,492,8,10.00000000
21525,492,9,0.00000000
21526,492,10,0.00000000
21527,492,11,0.00000000
21528,492,12,0.00000000
21529,492,13,0.00000000
21530,492,14,0.00000000
21531,492,15,5.00000000
21532,492,16,1.00000000
21533,492,17,47.00000000
21534,492,18,0.00000000
21535,492,19,0.08000000
21536,492,20,0.00000000
21537,492,21,0.07000000
21538,492,22,0.13000000
21539,492,23,0.70000000
21540,492,24,0.00000000
21541,492,25,8.00000000
21542,492,26,0.00000000
21543,492,27,0.00000000
21544,492,28,0.00000000
21545,492,29,13.00000000
21546,492,30,107.00000000
21547,492,31,60.00000000
21548,492,32,5.30000000
21549,492,33,0.00000000
21550,492,34,0.19000000
21551,492,35,13.00000000
21552,492,36,980.00000000
21553,492,37,800.00000000
21554,492,38,0.00000000
21555,492,39,0.00000000
21556,492,40,0.50000000
21557,492,41,0.10000000
21558,492,42,0.00000000
21559,492,43,15.00000000
21560,492,44,0.00000000
21561,493,1,0.00000000
21562,493,2,0.00000000
21563,493,3,0.00000000
21564,493,4,0.00000000
21565,493,5,0.00000000
21566,493,6,0.00000000
21567,493,7,0.00000000
21568,493,8,0.00000000
21569,493,9,0.00000000
21570,493,10,0.60000000
21571,493,11,0.30000000
21572,493,12,0.29000000
21573,493,13,0.00000000
21574,493,14,0.10000000
21575,493,15,0.20000000
21576,493,16,0.30000000
21577,493,17,2.20000000
21578,493,18,0.01000000
21579,493,19,0.04300000
21580,493,20,0.60000000
21581,493,21,399.00000000
21582,493,22,0.20000000
21583,493,23,0.00000000
21584,493,24,0.00000000
21585,493,25,99.80000000
21586,493,26,0.00000000
21587,493,27,99.80000000
21588,493,28,99.80000000
21589,493,29,0.00000000
21590,493,30,0.00000000
21591,493,31,0.00000000
21592,493,32,0.00000000
21593,493,33,0.00000000
21594,493,34,0.00000000
21595,493,35,0.00000000
21596,493,36,0.00000000
21597,493,37,0.00000000
21598,493,38,0.00000000
21599,493,39,0.00000000
21600,493,40,0.00000000
21601,493,41,0.00000000
21602,493,42,0.00000000
21603,493,43,0.00000000
21604,493,44,0.00000000
21605,494,1,0.00800000
21606,494,2,0.00700000
21607,494,3,1.00000000
21608,494,4,0.02000000
21609,494,5,1.00000000
21610,494,6,0.00000000
21611,494,7,0.11000000
21612,494,8,0.00000000
21613,494,9,0.00000000
21614,494,10,85.00000000
21615,494,11,24.00000000
21616,494,12,1.90000000
21617,494,13,0.00000000
21618,494,14,0.10000000
21619,494,15,22.00000000
21620,494,16,40.00000000
21621,494,17,320.00000000
21622,494,18,0.32000000
21623,494,19,0.30000000
21624,494,20,1.20000000
21625,494,21,390.00000000
21626,494,22,2.40000000
21627,494,23,0.00000000
21628,494,24,0.00000000
21629,494,25,97.60000000
21630,494,26,0.00000000
21631,494,27,97.60000000
21632,494,28,97.60000000
21633,494,29,0.00000000
21634,494,30,0.00000000
21635,494,31,0.00000000
21636,494,32,0.00000000
21637,494,33,0.00000000
21638,494,34,0.00000000
21639,494,35,0.00000000
21640,494,36,0.00000000
21641,494,37,0.00000000
21642,494,38,0.00000000
21643,494,39,0.00000000
21644,494,40,0.00000000
21645,494,41,0.00000000
21646,494,42,0.00000000
21647,494,43,0.00000000
21648,494,44,0.00000000
21649,495,1,0.00000000
21650,495,2,0.00000000
21651,495,3,0.00000000
21652,495,4,0.00000000
21653,495,5,0.00000000
21654,495,6,0.00000000
21655,495,7,0.00000000
21656,495,8,0.00000000
21657,495,9,0.00000000
21658,495,10,0.10000000
21659,495,11,0.10000000
21660,495,12,0.07000000
21661,495,13,5.00000000
21662,495,14,0.01000000
21663,495,15,0.00000000
21664,495,16,0.10000000
21665,495,17,0.30000000
21666,495,18,0.00000000
21667,495,19,0.00000000
21668,495,20,0.50000000
21669,495,21,399.00000000
21670,495,22,0.20000000
21671,495,23,0.00000000
21672,495,24,0.00000000
21673,495,25,99.80000000
21674,495,26,0.00000000
21675,495,27,99.80000000
21676,495,28,99.80000000
21677,495,29,0.00000000
21678,495,30,0.00000000
21679,495,31,0.00000000
21680,495,32,0.00000000
21681,495,33,0.00000000
21682,495,34,0.00000000
21683,495,35,0.00000000
21684,495,36,0.00000000
21685,495,37,0.00000000
21686,495,38,0.00000000
21687,495,39,0.00000000
21688,495,40,0.00000000
21689,495,41,0.00000000
21690,495,42,0.00000000
21691,495,43,0.00000000
21692,495,44,0.00000000
21693,496,1,0.00000000
21694,496,2,0.00000000
21695,496,3,0.00000000
21696,496,4,0.00000000
21697,496,5,0.00000000
21698,496,6,0.00000000
21699,496,7,0.00000000
21700,496,8,0.00000000
21701,496,9,0.00000000
21702,496,10,6.00000000
21703,496,11,4.00000000
21704,496,12,0.05000000
21705,496,13,0.00000000
21706,496,14,0.13000000
21707,496,15,4.00000000
21708,496,16,27.00000000
21709,496,17,28.00000000
21710,496,18,0.00000000
21711,496,19,0.00000000
21712,496,20,0.60000000
21713,496,21,268.00000000
21714,496,22,32.40000000
21715,496,23,0.00000000
21716,496,24,0.00000000
21717,496,25,66.90000000
21718,496,26,20.40000000
21719,496,27,46.60000000
21720,496,28,46.60000000
21721,496,29,0.00000000
21722,496,30,0.00000000
21723,496,31,0.00000000
21724,496,32,0.00000000
21725,496,33,0.00000000
21726,496,34,0.00000000
21727,496,35,0.00000000
21728,496,36,0.00000000
21729,496,37,0.00000000
21730,496,38,0.00000000
21731,496,39,0.00000000
21732,496,40,0.00000000
21733,496,41,0.00000000
21734,496,42,0.00000000
21735,496,43,0.00000000
21736,496,44,0.00000000
21737,497,1,0.02000000
21738,497,2,0.02000000
21739,497,3,0.00000000
21740,497,4,0.00000000
21741,497,5,0.00000000
21742,497,6,0.00000000
21743,497,7,0.00000000
21744,497,8,0.00000000
21745,497,9,4.00000000
21746,497,10,10.00000000
21747,497,11,10.00000000
21748,497,12,0.20000000
21749,497,13,0.00000000
21750,497,14,0.00000000
21751,497,15,0.00000000
21752,497,16,12.00000000
21753,497,17,69.00000000
21754,497,18,0.00000000
21755,497,19,0.00000000
21756,497,20,2.00000000
21757,497,21,261.00000000
21758,497,22,34.80000000
21759,497,23,0.00000000
21760,497,24,0.20000000
21761,497,25,65.00000000
21762,497,26,0.00000000
21763,497,27,64.00000000
21764,497,28,64.00000000
21765,497,29,0.00000000
21766,497,30,0.00000000
21767,497,31,0.00000000
21768,497,32,0.00000000
21769,497,33,0.00000000
21770,497,34,0.00000000
21771,497,35,0.50000000
21772,497,36,0.00000000
21773,497,37,3.00000000
21774,497,38,0.00000000
21775,497,39,0.00000000
21776,497,40,0.00000000
21777,497,41,0.00000000
21778,497,42,0.00000000
21779,497,43,5.00000000
21780,497,44,0.00000000
21781,498,1,0.00000000
21782,498,2,0.01000000
21783,498,3,0.00000000
21784,498,4,0.00000000
21785,498,5,0.00000000
21786,498,6,0.00000000
21787,498,7,0.00000000
21788,498,8,0.00000000
21789,498,9,0.00000000
21790,498,10,74.00000000
21791,498,11,2.00000000
21792,498,12,2.50000000
21793,498,13,5.00000000
21794,498,14,0.10000000
21795,498,15,34.00000000
21796,498,16,50.00000000
21797,498,17,220.00000000
21798,498,18,0.00000000
21799,498,19,0.00000000
21800,498,20,1.00000000
21801,498,21,297.00000000
21802,498,22,25.80000000
21803,498,23,0.00000000
21804,498,24,0.10000000
21805,498,25,74.10000000
21806,498,26,0.00000000
21807,498,27,74.10000000
21808,498,28,74.10000000
21809,498,29,0.00000000
21810,498,30,0.00000000
21811,498,31,0.00000000
21812,498,32,0.00000000
21813,498,33,0.00000000
21814,498,34,0.00000000
21815,498,35,0.00000000
21816,498,36,0.00000000
21817,498,37,0.00000000
21818,498,38,0.00000000
21819,498,39,0.00000000
21820,498,40,0.00000000
21821,498,41,0.00000000
21822,498,42,0.00000000
21823,498,43,0.00000000
21824,498,44,0.00000000
21825,499,1,0.00300000
21826,499,2,0.05000000
21827,499,3,0.28000000
21828,499,4,0.16000000
21829,499,5,5.00000000
21830,499,6,0.00000000
21831,499,7,0.07000000
21832,499,8,0.00000000
21833,499,9,2.40000000
21834,499,10,5.90000000
21835,499,11,4.90000000
21836,499,12,1.30000000
21837,499,13,0.50000000
21838,499,14,0.35000000
21839,499,15,1.70000000
21840,499,16,2.40000000
21841,499,17,45.00000000
21842,499,18,0.03000000
21843,499,19,0.09000000
21844,499,20,4.70000000
21845,499,21,302.00000000
21846,499,22,24.50000000
21847,499,23,0.00000000
21848,499,24,0.38000000
21849,499,25,75.10000000
21850,499,26,0.00000000
21851,499,27,75.10000000
21852,499,28,75.10000000
21853,499,29,0.00000000
21854,499,30,0.00000000
21855,499,31,0.00000000
21856,499,32,0.00000000
21857,499,33,0.00000000
21858,499,34,0.00000000
21859,499,35,0.00000000
21860,499,36,0.00000000
21861,499,37,0.00000000
21862,499,38,0.00000000
21863,499,39,0.00000000
21864,499,40,25.00000000
21865,499,41,0.00000000
21866,499,42,0.00000000
21867,499,43,5.00000000
21868,499,44,0.00000000
21869,500,1,0.07600000
21870,500,2,0.12000000
21871,500,3,1.20000000
21872,500,4,0.01000000
21873,500,5,107.00000000
21874,500,6,0.00000000
21875,500,7,0.82000000
21876,500,8,0.00000000
21877,500,9,0.50000000
21878,500,10,140.00000000
21879,500,11,690.00000000
21880,500,12,48.50000000
21881,500,13,3.10000000
21882,500,14,6.40000000
21883,500,15,500.00000000
21884,500,16,45.00000000
21885,500,17,3900.00000000
21886,500,18,4.10000000
21887,500,19,3.90000000
21888,500,20,16.70000000
21889,500,21,387.00000000
21890,500,22,15.90000000
21891,500,23,0.00000000
21892,500,24,22.40000000
21893,500,25,11.60000000
21894,500,26,8.50000000
21895,500,27,0.90000000
21896,500,28,0.00000000
21897,500,29,29.50000000
21898,500,30,20.60000000
21899,500,31,12.40000000
21900,500,32,6.70000000
21901,500,33,0.62000000
21902,500,34,0.00000000
21903,500,35,0.00000000
21904,500,36,0.00000000
21905,500,37,0.00000000
21906,500,38,2.70000000
21907,500,39,0.61000000
21908,500,40,3.90000000
21909,500,41,0.01000000
21910,500,42,0.00000000
21911,500,43,1200.00000000
21912,500,44,0.00000000
21913,501,1,0.10000000
21914,501,2,0.56000000
21915,501,3,3.10000000
21916,501,4,0.11000000
21917,501,5,15.00000000
21918,501,6,1.30000000
21919,501,7,0.89000000
21920,501,8,20.00000000
21921,501,9,1.80000000
21922,501,10,141.00000000
21923,501,11,315.00000000
21924,501,12,1.20000000
21925,501,13,3.10000000
21926,501,14,1.50000000
21927,501,15,83.00000000
21928,501,16,504.00000000
21929,501,17,712.00000000
21930,501,18,0.27000000
21931,501,19,0.29000000
21932,501,20,5.00000000
21933,501,21,391.00000000
21934,501,22,1.50000000
21935,501,23,0.00000000
21936,501,24,5.90000000
21937,501,25,81.00000000
21938,501,26,6.70000000
21939,501,27,74.30000000
21940,501,28,73.40000000
21941,501,29,3.50000000
21942,501,30,4.00000000
21943,501,31,2.50000000
21944,501,32,1.30000000
21945,501,33,0.12000000
21946,501,34,6.00000000
21947,501,35,1.00000000
21948,501,36,1.00000000
21949,501,37,0.00000000
21950,501,38,0.00000000
21951,501,39,0.53000000
21952,501,40,0.80000000
21953,501,41,0.01000000
21954,501,42,0.00000000
21955,501,43,400.00000000
21956,501,44,0.00000000
21957,502,1,0.27000000
21958,502,2,1.40000000
21959,502,3,1.10000000
21960,502,4,0.32000000
21961,502,5,15.00000000
21962,502,6,1.60000000
21963,502,7,3.80000000
21964,502,8,0.00000000
21965,502,9,1.80000000
21966,502,10,576.00000000
21967,502,11,893.00000000
21968,502,12,5.00000000
21969,502,13,3.10000000
21970,502,14,3.40000000
21971,502,15,208.00000000
21972,502,16,1121.00000000
21973,502,17,2702.00000000
21974,502,18,0.67000000
21975,502,19,0.73000000
21976,502,20,16.70000000
21977,502,21,358.00000000
21978,502,22,3.40000000
21979,502,23,0.00000000
21980,502,24,16.10000000
21981,502,25,63.40000000
21982,502,26,18.50000000
21983,502,27,44.90000000
21984,502,28,44.00000000
21985,502,29,6.40000000
21986,502,30,3.00000000
21987,502,31,1.80000000
21988,502,32,0.98000000
21989,502,33,0.08900000
21990,502,34,6.00000000
21991,502,35,1.00000000
21992,502,36,0.00000000
21993,502,37,0.00000000
21994,502,38,0.00000000
21995,502,39,0.43000000
21996,502,40,9.10000000
21997,502,41,0.01000000
21998,502,42,0.00000000
21999,502,43,400.00000000
22000,502,44,0.00000000
22001,503,1,0.08000000
22002,503,2,0.49000000
22003,503,3,5.40000000
22004,503,4,0.07000000
22005,503,5,10.00000000
22006,503,6,0.00000000
22007,503,7,0.59000000
22008,503,8,2.00000000
22009,503,9,0.00000000
22010,503,10,270.00000000
22011,503,11,230.00000000
22012,503,12,0.20000000
22013,503,13,6.00000000
22014,503,14,0.90000000
22015,503,15,26.00000000
22016,503,16,110.00000000
22017,503,17,350.00000000
22018,503,18,0.24000000
22019,503,19,0.45000000
22020,503,20,3.00000000
22021,503,21,547.00000000
22022,503,22,1.50000000
22023,503,23,0.00000000
22024,503,24,8.00000000
22025,503,25,58.80000000
22026,503,26,0.00000000
22027,503,27,58.80000000
22028,503,28,58.80000000
22029,503,29,0.80000000
22030,503,30,30.90000000
22031,503,31,18.20000000
22032,503,32,9.90000000
22033,503,33,1.10000000
22034,503,34,23.00000000
22035,503,35,26.00000000
22036,503,36,13.00000000
22037,503,37,75.00000000
22038,503,38,0.00000000
22039,503,39,1.10000000
22040,503,40,5.70000000
22041,503,41,0.00000000
22042,503,42,0.10000000
22043,503,43,0.00000000
22044,503,44,0.00000000
22045,504,1,0.11000000
22046,504,2,0.37000000
22047,504,3,2.20000000
22048,504,4,0.11000000
22049,504,5,10.00000000
22050,504,6,0.00000000
22051,504,7,0.90000000
22052,504,8,3.00000000
22053,504,9,0.00000000
22054,504,10,247.00000000
22055,504,11,261.00000000
22056,504,12,1.70000000
22057,504,13,5.50000000
22058,504,14,1.70000000
22059,504,15,71.00000000
22060,504,16,58.00000000
22061,504,17,465.00000000
22062,504,18,0.24000000
22063,504,19,0.45000000
22064,504,20,3.00000000
22065,504,21,538.00000000
22066,504,22,2.90000000
22067,504,23,0.00000000
22068,504,24,9.20000000
22069,504,25,54.10000000
22070,504,26,0.00000000
22071,504,27,54.10000000
22072,504,28,54.10000000
22073,504,29,0.80000000
22074,504,30,31.50000000
22075,504,31,19.00000000
22076,504,32,10.20000000
22077,504,33,1.10000000
22078,504,34,28.00000000
22079,504,35,33.20000000
22080,504,36,31.00000000
22081,504,37,13.00000000
22082,504,38,0.00000000
22083,504,39,0.70000000
22084,504,40,5.70000000
22085,504,41,0.01000000
22086,504,42,0.10000000
22087,504,43,150.00000000
22088,504,44,0.00000000
22089,505,1,0.07000000
22090,505,2,0.44000000
22091,505,3,2.60000000
22092,505,4,0.05000000
22093,505,5,13.00000000
22094,505,6,0.00000000
22095,505,7,0.43000000
22096,505,8,0.00000000
22097,505,9,0.00000000
22098,505,10,195.00000000
22099,505,11,243.00000000
22100,505,12,1.20000000
22101,505,13,12.00000000
22102,505,14,1.70000000
22103,505,15,85.70000000
22104,505,16,62.00000000
22105,505,17,365.00000000
22106,505,18,0.62000000
22107,505,19,0.42000000
22108,505,20,4.00000000
22109,505,21,558.00000000
22110,505,22,1.80000000
22111,505,23,0.00000000
22112,505,24,8.70000000
22113,505,25,51.50000000
22114,505,26,0.00000000
22115,505,27,51.50000000
22116,505,28,51.50000000
22117,505,29,1.40000000
22118,505,30,34.90000000
22119,505,31,17.50000000
22120,505,32,13.50000000
22121,505,33,2.30000000
22122,505,34,25.00000000
22123,505,35,52.00000000
22124,505,36,52.00000000
22125,505,37,0.00000000
22126,505,38,0.00000000
22127,505,39,3.00000000
22128,505,40,5.10000000
22129,505,41,0.00000000
22130,505,42,0.00000000
22131,505,43,0.00000000
22132,505,44,0.00000000
22133,506,1,0.06000000
22134,506,2,0.04000000
22135,506,3,2.10000000
22136,506,4,0.02000000
22137,506,5,10.00000000
22138,506,6,0.00000000
22139,506,7,0.90000000
22140,506,8,0.00000000
22141,506,9,0.00000000
22142,506,10,141.00000000
22143,506,11,190.00000000
22144,506,12,2.40000000
22145,506,13,3.10000000
22146,506,14,1.90000000
22147,506,15,150.00000000
22148,506,16,250.00000000
22149,506,17,410.00000000
22150,506,18,0.27000000
22151,506,19,1.10000000
22152,506,20,5.00000000
22153,506,21,405.00000000
22154,506,22,3.50000000
22155,506,23,0.00000000
22156,506,24,5.50000000
22157,506,25,79.40000000
22158,506,26,13.70000000
22159,506,27,65.70000000
22160,506,28,65.70000000
22161,506,29,5.80000000
22162,506,30,6.00000000
22163,506,31,3.50000000
22164,506,32,2.00000000
22165,506,33,0.20000000
22166,506,34,0.00000000
22167,506,35,1.00000000
22168,506,36,1.00000000
22169,506,37,0.00000000
22170,506,38,0.00000000
22171,506,39,0.18000000
22172,506,40,0.80000000
22173,506,41,0.01000000
22174,506,42,0.10000000
22175,506,43,250.00000000
22176,506,44,0.00000000
22177,507,1,0.04000000
22178,507,2,0.13000000
22179,507,3,1.20000000
22180,507,4,0.05000000
22181,507,5,10.00000000
22182,507,6,0.00000000
22183,507,7,0.35000000
22184,507,8,0.01000000
22185,507,9,0.00000000
22186,507,10,63.00000000
22187,507,11,287.00000000
22188,507,12,0.92000000
22189,507,13,5.50000000
22190,507,14,1.40000000
22191,507,15,100.00000000
22192,507,16,19.00000000
22193,507,17,397.00000000
22194,507,18,0.06300000
22195,507,19,1.40000000
22196,507,20,2.30000000
22197,507,21,509.00000000
22198,507,22,2.70000000
22199,507,23,0.00000000
22200,507,24,5.30000000
22201,507,25,47.00000000
22202,507,26,3.80000000
22203,507,27,43.20000000
22204,507,28,43.20000000
22205,507,29,15.00000000
22206,507,30,30.00000000
22207,507,31,17.90000000
22208,507,32,9.70000000
22209,507,33,0.95000000
22210,507,34,9.00000000
22211,507,35,3.80000000
22212,507,36,0.00000000
22213,507,37,23.00000000
22214,507,38,0.00000000
22215,507,39,0.85000000
22216,507,40,5.70000000
22217,507,41,0.02000000
22218,507,42,0.00000000
22219,507,43,900.00000000
22220,507,44,0.00000000
22221,508,1,0.03000000
22222,508,2,0.01000000
22223,508,3,2.00000000
22224,508,4,0.10000000
22225,508,5,11.00000000
22226,508,6,0.00000000
22227,508,7,0.46000000
22228,508,8,0.00000000
22229,508,9,0.00000000
22230,508,10,130.00000000
22231,508,11,180.00000000
22232,508,12,2.20000000
22233,508,13,12.00000000
22234,508,14,1.00000000
22235,508,15,65.00000000
22236,508,16,50.00000000
22237,508,17,390.00000000
22238,508,18,1.10000000
22239,508,19,0.48000000
22240,508,20,3.80000000
22241,508,21,555.00000000
22242,508,22,1.90000000
22243,508,23,0.00000000
22244,508,24,6.20000000
22245,508,25,57.80000000
22246,508,26,1.80000000
22247,508,27,56.00000000
22248,508,28,51.50000000
22249,508,29,1.10000000
22250,508,30,33.00000000
22251,508,31,10.10000000
22252,508,32,16.80000000
22253,508,33,4.60000000
22254,508,34,2.00000000
22255,508,35,0.17000000
22256,508,36,0.00000000
22257,508,37,1.00000000
22258,508,38,0.00000000
22259,508,39,3.00000000
22260,508,40,5.10000000
22261,508,41,0.02000000
22262,508,42,0.30000000
22263,508,43,120.00000000
22264,508,44,0.00000000
22265,509,1,513.00000000
22266,509,2,1.20000000
22267,509,3,0.00000000
22268,509,4,9.40000000
22269,509,5,60.50000000
22270,509,6,3.50000000
22271,509,7,53.50000000
22272,509,8,49.50000000
22273,509,9,2.70000000
22274,509,10,25.40000000
22275,509,11,9.80000000
22276,509,12,12.00000000
22277,509,13,2.50000000
22278,509,14,7.50000000
22279,509,15,103.00000000
22280,509,16,103.00000000
22281,509,17,0.00000000
22282,509,18,0.04000000
22283,509,19,2.90000000
22284,509,20,0.00000000
22285,509,21,0.06000000
22286,509,22,0.22000000
22287,509,23,0.10000000
22288,509,24,0.05000000
22289,509,25,5.40000000
22290,509,26,0.54000000
22291,509,27,0.00000000
22292,509,28,0.00000000
22293,509,29,1.20000000
22294,509,30,112.00000000
22295,509,31,230.00000000
22296,509,32,1.60000000
22297,509,33,7.20000000
22298,509,34,4.10000000
22299,509,35,146.00000000
22300,509,36,65.00000000
22301,509,37,117.00000000
22302,509,38,0.00000000
22303,509,39,0.00000000
22304,509,40,1.00000000
22305,509,41,0.01000000
22306,509,42,0.20000000
22307,509,43,80.00000000
22308,509,44,0.00000000
22309,510,1,321.00000000
22310,510,2,26.60000000
22311,510,3,0.00000000
22312,510,4,5.20000000
22313,510,5,62.00000000
22314,510,6,0.60000000
22315,510,7,61.30000000
22316,510,8,61.30000000
22317,510,9,0.70000000
22318,510,10,5.60000000
22319,510,11,4.20000000
22320,510,12,1.00000000
22321,510,13,0.14000000
22322,510,14,12.00000000
22323,510,15,74.00000000
22324,510,16,73.00000000
22325,510,17,14.00000000
22326,510,18,0.15000000
22327,510,19,0.20000000
22328,510,20,1.30000000
22329,510,21,0.01600000
22330,510,22,0.41000000
22331,510,23,0.21000000
22332,510,24,0.01600000
22333,510,25,11.00000000
22334,510,26,0.31000000
22335,510,27,0.00000000
22336,510,28,0.00000000
22337,510,29,2.60000000
22338,510,30,215.00000000
22339,510,31,193.00000000
22340,510,32,0.17000000
22341,510,33,0.00000000
22342,510,34,0.79000000
22343,510,35,22.00000000
22344,510,36,52.00000000
22345,510,37,157.00000000
22346,510,38,0.00000000
22347,510,39,0.00000000
22348,510,40,0.00000000
22349,510,41,0.00000000
22350,510,42,0.10000000
22351,510,43,0.00000000
22352,510,44,0.00000000
22353,511,1,503.00000000
22354,511,2,2.40000000
22355,511,3,0.00000000
22356,511,4,8.00000000
22357,511,5,58.70000000
22358,511,6,9.70000000
22359,511,7,49.00000000
22360,511,8,49.00000000
22361,511,9,6.00000000
22362,511,10,24.90000000
22363,511,11,2.00000000
22364,511,12,17.10000000
22365,511,13,4.70000000
22366,511,14,53.30000000
22367,511,15,14.00000000
22368,511,16,14.00000000
22369,511,17,0.00000000
22370,511,18,0.10000000
22371,511,19,10.80000000
22372,511,20,1.50000000
22373,511,21,0.10000000
22374,511,22,0.45000000
22375,511,23,3.20000000
22376,511,24,0.06000000
22377,511,25,25.00000000
22378,511,26,0.20000000
22379,511,27,0.35000000
22380,511,28,2.00000000
22381,511,29,2.00000000
22382,511,30,43.00000000
22383,511,31,220.00000000
22384,511,32,2.00000000
22385,511,33,5.00000000
22386,511,34,1.50000000
22387,511,35,120.00000000
22388,511,36,5.00000000
22389,511,37,209.00000000
22390,511,38,0.80000000
22391,511,39,0.08000000
22392,511,40,3.00000000
22393,511,41,0.00000000
22394,511,42,0.10000000
22395,511,43,0.00000000
22396,511,44,0.00000000
22397,512,1,416.00000000
22398,512,2,1.20000000
22399,512,3,5.40000000
22400,512,4,0.00000000
22401,512,5,91.60000000
22402,512,6,0.00000000
22403,512,7,91.60000000
22404,512,8,91.60000000
22405,512,9,0.00000000
22406,512,10,1.30000000
22407,512,11,0.00000000
22408,512,12,0.00000000
22409,512,13,0.00000000
22410,512,14,0.00000000
22411,512,15,0.00000000
22412,512,16,0.00000000
22413,512,17,0.00000000
22414,512,18,0.00000000
22415,512,19,0.00000000
22416,512,20,0.00000000
22417,512,21,0.00000000
22418,512,22,0.25000000
22419,512,23,0.10000000
22420,512,24,0.00000000
22421,512,25,0.00000000
22422,512,26,0.00000000
22423,512,27,0.00000000
22424,512,28,0.00000000
22425,512,29,0.00000000
22426,512,30,5.00000000
22427,512,31,22.00000000
22428,512,32,0.20000000
22429,512,33,0.00000000
22430,512,34,0.00000000
22431,512,35,5.00000000
22432,512,36,100.00000000
22433,512,37,90.00000000
22434,512,38,0.00000000
22435,512,39,0.00000000
22436,512,40,0.00000000
22437,512,41,0.00000000
22438,512,42,0.10000000
22439,512,43,0.00000000
22440,512,44,0.00000000
22441,513,1,427.00000000
22442,513,2,13.40000000
22443,513,3,0.00000000
22444,513,4,10.00000000
22445,513,5,42.90000000
22446,513,6,27.50000000
22447,513,7,15.40000000
22448,513,8,12.30000000
22449,513,9,12.50000000
22450,513,10,21.20000000
22451,513,11,10.20000000
22452,513,12,7.60000000
22453,513,13,1.30000000
22454,513,14,0.00000000
22455,513,15,0.00000000
22456,513,16,0.00000000
22457,513,17,0.00000000
22458,513,18,0.00000000
22459,513,19,0.00000000
22460,513,20,4.00000000
22461,513,21,1.30000000
22462,513,22,1.40000000
22463,513,23,2.40000000
22464,513,24,1.70000000
22465,513,25,19.00000000
22466,513,26,0.00000000
22467,513,27,0.49000000
22468,513,28,0.00000000
22469,513,29,0.00000000
22470,513,30,333.00000000
22471,513,31,133.00000000
22472,513,32,15.00000000
22473,513,33,0.00000000
22474,513,34,12.50000000
22475,513,35,28.00000000
22476,513,36,300.00000000
22477,513,37,90.00000000
22478,513,38,0.78000000
22479,513,39,0.30000000
22480,513,40,7.30000000
22481,513,41,0.05000000
22482,513,42,1.50000000
22483,513,43,10.00000000
22484,513,44,0.00000000
22485,514,1,476.00000000
22486,514,2,5.20000000
22487,514,3,0.00000000
22488,514,4,6.20000000
22489,514,5,64.00000000
22490,514,6,32.00000000
22491,514,7,32.00000000
22492,514,8,28.90000000
22493,514,9,3.30000000
22494,514,10,21.00000000
22495,514,11,10.30000000
22496,514,12,7.70000000
22497,514,13,1.80000000
22498,514,14,88.00000000
22499,514,15,18.00000000
22500,514,16,18.00000000
22501,514,17,0.00000000
22502,514,18,2.20000000
22503,514,19,2.30000000
22504,514,20,4.00000000
22505,514,21,0.12000000
22506,514,22,0.08000000
22507,514,23,2.20000000
22508,514,24,0.07000000
22509,514,25,5.00000000
22510,514,26,0.00000000
22511,514,27,0.49000000
22512,514,28,0.00000000
22513,514,29,0.00000000
22514,514,30,78.00000000
22515,514,31,82.00000000
22516,514,32,1.30000000
22517,514,33,0.00000000
22518,514,34,0.70000000
22519,514,35,23.00000000
22520,514,36,216.00000000
22521,514,37,139.00000000
22522,514,38,0.17000000
22523,514,39,0.20000000
22524,514,40,8.40000000
22525,514,41,0.00000000
22526,514,42,0.00000000
22527,514,43,0.00000000
22528,514,44,0.00000000
22529,515,1,469.00000000
22530,515,2,5.80000000
22531,515,3,0.00000000
22532,515,4,6.30000000
22533,515,5,63.00000000
22534,515,6,50.00000000
22535,515,7,13.00000000
22536,515,8,9.90000000
22537,515,9,4.60000000
22538,515,10,20.30000000
22539,515,11,9.00000000
22540,515,12,8.30000000
22541,515,13,2.00000000
22542,515,14,41.00000000
22543,515,15,0.00000000
22544,515,16,0.00000000
22545,515,17,0.00000000
22546,515,18,0.00000000
22547,515,19,0.00000000
22548,515,20,4.00000000
22549,515,21,0.14000000
22550,515,22,0.11000000
22551,515,23,2.40000000
22552,515,24,0.09000000
22553,515,25,13.00000000
22554,515,26,0.00000000
22555,515,27,0.49000000
22556,515,28,0.00000000
22557,515,29,0.00000000
22558,515,30,92.00000000
22559,515,31,88.00000000
22560,515,32,3.20000000
22561,515,33,0.00000000
22562,515,34,0.50000000
22563,515,35,23.00000000
22564,515,36,285.00000000
22565,515,37,170.00000000
22566,515,38,0.50000000
22567,515,39,0.28000000
22568,515,40,7.30000000
22569,515,41,0.04000000
22570,515,42,1.20000000
22571,515,43,15.00000000
22572,515,44,0.00000000
22573,516,1,501.00000000
22574,516,2,4.30000000
22575,516,3,0.00000000
22576,516,4,6.80000000
22577,516,5,62.60000000
22578,516,6,34.90000000
22579,516,7,27.80000000
22580,516,8,24.70000000
22581,516,9,3.10000000
22582,516,10,24.10000000
22583,516,11,12.20000000
22584,516,12,8.90000000
22585,516,13,1.60000000
22586,516,14,51.00000000
22587,516,15,0.00000000
22588,516,16,0.00000000
22589,516,17,0.00000000
22590,516,18,0.00000000
22591,516,19,1.10000000
22592,516,20,4.00000000
22593,516,21,0.08000000
22594,516,22,0.11000000
22595,516,23,2.70000000
22596,516,24,0.08000000
22597,516,25,11.00000000
22598,516,26,0.00000000
22599,516,27,0.17000000
22600,516,28,0.00000000
22601,516,29,0.00000000
22602,516,30,84.00000000
22603,516,31,130.00000000
22604,516,32,2.10000000
22605,516,33,0.00000000
22606,516,34,1.00000000
22607,516,35,41.00000000
22608,516,36,285.00000000
22609,516,37,210.00000000
22610,516,38,0.36000000
22611,516,39,0.24000000
22612,516,40,2.40000000
22613,516,41,0.00000000
22614,516,42,0.00000000
22615,516,43,0.00000000
22616,516,44,0.00000000
22617,517,1,482.00000000
22618,517,2,1.80000000
22619,517,3,0.00000000
22620,517,4,7.10000000
22621,517,5,69.00000000
22622,517,6,44.20000000
22623,517,7,24.80000000
22624,517,8,22.80000000
22625,517,9,3.10000000
22626,517,10,19.00000000
22627,517,11,9.70000000
22628,517,12,5.70000000
22629,517,13,2.50000000
22630,517,14,65.90000000
22631,517,15,0.00000000
22632,517,16,0.00000000
22633,517,17,0.00000000
22634,517,18,0.00000000
22635,517,19,0.00000000
22636,517,20,4.00000000
22637,517,21,0.10000000
22638,517,22,0.08000000
22639,517,23,2.10000000
22640,517,24,0.08000000
22641,517,25,8.00000000
22642,517,26,0.00000000
22643,517,27,0.49000000
22644,517,28,2.00000000
22645,517,29,0.00000000
22646,517,30,118.00000000
22647,517,31,90.00000000
22648,517,32,2.00000000
22649,517,33,0.00000000
22650,517,34,0.59000000
22651,517,35,25.00000000
22652,517,36,212.00000000
22653,517,37,110.00000000
22654,517,38,0.50000000
22655,517,39,0.28000000
22656,517,40,7.30000000
22657,517,41,0.03000000
22658,517,42,1.80000000
22659,517,43,5.00000000
22660,517,44,0.00000000
22661,518,1,447.00000000
22662,518,2,8.80000000
22663,518,3,0.00000000
22664,518,4,2.90000000
22665,518,5,67.70000000
22666,518,6,25.60000000
22667,518,7,41.20000000
22668,518,8,38.00000000
22669,518,9,2.90000000
22670,518,10,17.70000000
22671,518,11,5.90000000
22672,518,12,5.90000000
22673,518,13,2.90000000
22674,518,14,0.00000000
22675,518,15,0.00000000
22676,518,16,0.00000000
22677,518,17,0.00000000
22678,518,18,0.00000000
22679,518,19,0.00000000
22680,518,20,0.00000000
22681,518,21,0.00000000
22682,518,22,0.00000000
22683,518,23,0.00000000
22684,518,24,0.00000000
22685,518,25,0.00000000
22686,518,26,0.00000000
22687,518,27,0.00000000
22688,518,28,0.00000000
22689,518,29,0.00000000
22690,518,30,0.00000000
22691,518,31,0.00000000
22692,518,32,3.20000000
22693,518,33,0.00000000
22694,518,34,0.00000000
22695,518,35,0.00000000
22696,518,36,471.00000000
22697,518,37,162.00000000
22698,518,38,0.00000000
22699,518,39,0.00000000
22700,518,40,0.00000000
22701,518,41,0.00000000
22702,518,42,0.00000000
22703,518,43,0.00000000
22704,518,44,0.00000000
22705,519,1,382.00000000
22706,519,2,4.60000000
22707,519,3,0.00000000
22708,519,4,0.40000000
22709,519,5,95.00000000
22710,519,6,0.00000000
22711,519,7,95.00000000
22712,519,8,95.00000000
22713,519,9,0.00000000
22714,519,10,0.00000000
22715,519,11,0.00000000
22716,519,12,0.00000000
22717,519,13,0.00000000
22718,519,14,0.00000000
22719,519,15,0.00000000
22720,519,16,0.00000000
22721,519,17,0.00000000
22722,519,18,0.00000000
22723,519,19,0.00000000
22724,519,20,0.00000000
22725,519,21,0.00000000
22726,519,22,0.00000000
22727,519,23,0.00000000
22728,519,24,0.00000000
22729,519,25,0.00000000
22730,519,26,0.00000000
22731,519,27,0.01000000
22732,519,28,0.00000000
22733,519,29,0.00000000
22734,519,30,4.00000000
22735,519,31,8.00000000
22736,519,32,0.40000000
22737,519,33,0.00000000
22738,519,34,0.20000000
22739,519,35,3.00000000
22740,519,36,41.00000000
22741,519,37,23.00000000
22742,519,38,0.00000000
22743,519,39,0.00000000
22744,519,40,2.60000000
22745,519,41,0.00000000
22746,519,42,0.00000000
22747,519,43,0.00000000
22748,519,44,0.00000000
22749,520,1,390.00000000
22750,520,2,3.00000000
22751,520,3,0.00000000
22752,520,4,0.00000000
22753,520,5,96.70000000
22754,520,6,0.00000000
22755,520,7,96.70000000
22756,520,8,96.70000000
22757,520,9,0.00000000
22758,520,10,0.30000000
22759,520,11,0.04200000
22760,520,12,0.07900000
22761,520,13,0.14000000
22762,520,14,0.00000000
22763,520,15,0.00000000
22764,520,16,0.00000000
22765,520,17,0.00000000
22766,520,18,0.00000000
22767,520,19,0.00000000
22768,520,20,0.00000000
22769,520,21,0.00000000
22770,520,22,0.00000000
22771,520,23,0.00000000
22772,520,24,0.00000000
22773,520,25,0.00000000
22774,520,26,0.00000000
22775,520,27,0.01000000
22776,520,28,0.00000000
22777,520,29,0.00000000
22778,520,30,0.00000000
22779,520,31,0.00000000
22780,520,32,0.00000000
22781,520,33,0.00000000
22782,520,34,0.00000000
22783,520,35,0.00000000
22784,520,36,6.00000000
22785,520,37,4.00000000
22786,520,38,0.00000000
22787,520,39,0.00000000
22788,520,40,0.60000000
22789,520,41,0.00000000
22790,520,42,0.00000000
22791,520,43,0.00000000
22792,520,44,0.00000000
22793,521,1,2.70000000
22794,521,2,3.00000000
22795,521,3,0.00000000
22796,521,4,0.00000000
22797,521,5,0.00000000
22798,521,6,0.00000000
22799,521,7,0.00000000
22800,521,8,0.00000000
22801,521,9,0.00000000
22802,521,10,0.30000000
22803,521,11,0.04200000
22804,521,12,0.07900000
22805,521,13,0.14000000
22806,521,14,0.00000000
22807,521,15,0.00000000
22808,521,16,0.00000000
22809,521,17,0.00000000
22810,521,18,0.00000000
22811,521,19,0.00000000
22812,521,20,0.00000000
22813,521,21,0.00000000
22814,521,22,0.00000000
22815,521,23,0.00000000
22816,521,24,0.00000000
22817,521,25,0.00000000
22818,521,26,0.00000000
22819,521,27,0.01000000
22820,521,28,0.00000000
22821,521,29,0.00000000
22822,521,30,0.00000000
22823,521,31,0.00000000
22824,521,32,0.00000000
22825,521,33,0.00000000
22826,521,34,0.00000000
22827,521,35,0.00000000
22828,521,36,6.00000000
22829,521,37,4.00000000
22830,521,38,0.00000000
22831,521,39,0.00000000
22832,521,40,0.60000000
22833,521,41,0.00000000
22834,521,42,0.00000000
22835,521,43,0.00000000
22836,521,44,0.00000000
22837,522,1,134.00000000
22838,522,2,68.20000000
22839,522,3,0.00000000
22840,522,4,1.00000000
22841,522,5,29.50000000
22842,522,6,0.00000000
22843,522,7,29.50000000
22844,522,8,29.50000000
22845,522,9,0.00000000
22846,522,10,1.30000000
22847,522,11,0.90000000
22848,522,12,0.00000000
22849,522,13,0.00000000
22850,522,14,0.00000000
22851,522,15,0.00000000
22852,522,16,0.00000000
22853,522,17,0.00000000
22854,522,18,0.00000000
22855,522,19,0.10000000
22856,522,20,0.00000000
22857,522,21,0.05000000
22858,522,22,0.22000000
22859,522,23,0.80000000
22860,522,24,0.05000000
22861,522,25,12.00000000
22862,522,26,0.40000000
22863,522,27,0.40000000
22864,522,28,2.80000000
22865,522,29,0.00000000
22866,522,30,29.00000000
22867,522,31,109.00000000
22868,522,32,0.20000000
22869,522,33,0.00000000
22870,522,34,0.40000000
22871,522,35,5.00000000
22872,522,36,24.00000000
22873,522,37,64.00000000
22874,522,38,0.00000000
22875,522,39,0.00900000
22876,522,40,0.00000000
22877,522,41,0.00000000
22878,522,42,0.00000000
22879,522,43,0.00000000
22880,522,44,0.00000000
22881,523,1,466.00000000
22882,523,2,7.30000000
22883,523,3,0.00000000
22884,523,4,6.20000000
22885,523,5,64.00000000
22886,523,6,55.00000000
22887,523,7,9.00000000
22888,523,8,8.90000000
22889,523,9,2.50000000
22890,523,10,20.00000000
22891,523,11,1.90000000
22892,523,12,4.30000000
22893,523,13,3.30000000
22894,523,14,0.00000000
22895,523,15,0.00000000
22896,523,16,0.00000000
22897,523,17,0.00000000
22898,523,18,0.00000000
22899,523,19,0.50000000
22900,523,20,4.00000000
22901,523,21,0.11000000
22902,523,22,0.10000000
22903,523,23,0.90000000
22904,523,24,0.10000000
22905,523,25,10.00000000
22906,523,26,0.00000000
22907,523,27,0.49000000
22908,523,28,0.00000000
22909,523,29,0.00000000
22910,523,30,68.00000000
22911,523,31,150.00000000
22912,523,32,1.00000000
22913,523,33,0.00000000
22914,523,34,0.60000000
22915,523,35,30.00000000
22916,523,36,1000.00000000
22917,523,37,165.00000000
22918,523,38,0.50000000
22919,523,39,0.28000000
22920,523,40,7.30000000
22921,523,41,0.02000000
22922,523,42,1.00000000
22923,523,43,0.00000000
22924,523,44,0.00000000
22925,524,1,28.40000000
22926,524,2,92.90000000
22927,524,3,0.00000000
22928,524,4,0.00000000
22929,524,5,7.10000000
22930,524,6,0.00000000
22931,524,7,7.10000000
22932,524,8,7.10000000
22933,524,9,0.00000000
22934,524,10,0.00000000
22935,524,11,0.00000000
22936,524,12,0.00000000
22937,524,13,0.00000000
22938,524,14,0.00000000
22939,524,15,0.06000000
22940,524,16,32.00000000
22941,524,17,0.00000000
22942,524,18,0.00000000
22943,524,19,0.60000000
22944,524,20,0.00000000
22945,524,21,0.09000000
22946,524,22,0.12000000
22947,524,23,1.20000000
22948,524,24,0.13000000
22949,524,25,0.03000000
22950,524,26,0.00000000
22951,524,27,0.00000000
22952,524,28,0.00000000
22953,524,29,10.00000000
22954,524,30,1.00000000
22955,524,31,3.00000000
22956,524,32,0.00000000
22957,524,33,0.00000000
22958,524,34,0.00000000
22959,524,35,12.00000000
22960,524,36,70.00000000
22961,524,37,18.00000000
22962,524,38,0.00000000
22963,524,39,0.00000000
22964,524,40,0.00000000
22965,524,41,0.00000000
22966,524,42,0.00000000
22967,524,43,0.00000000
22968,524,44,0.00000000
22969,525,1,0.00000000
22970,525,2,100.00000000
22971,525,3,0.00000000
22972,525,4,0.00000000
22973,525,5,0.00000000
22974,525,6,0.00000000
22975,525,7,0.00000000
22976,525,8,0.00000000
22977,525,9,0.00000000
22978,525,10,0.00000000
22979,525,11,0.00000000
22980,525,12,0.00000000
22981,525,13,0.00000000
22982,525,14,0.00000000
22983,525,15,0.00000000
22984,525,16,0.00000000
22985,525,17,0.00000000
22986,525,18,0.00000000
22987,525,19,0.00000000
22988,525,20,0.00000000
22989,525,21,0.00000000
22990,525,22,0.00000000
22991,525,23,0.00000000
22992,525,24,0.00000000
22993,525,25,0.00000000
22994,525,26,0.00000000
22995,525,27,0.00000000
22996,525,28,0.00000000
22997,525,29,0.00000000
22998,525,30,3.00000000
22999,525,31,0.00000000
23000,525,32,0.00000000
23001,525,33,0.00000000
23002,525,34,0.00000000
23003,525,35,1.00000000
23004,525,36,111.00000000
23005,525,37,5.00000000
23006,525,38,0.00000000
23007,525,39,0.00000000
23008,525,40,0.00000000
23009,525,41,0.00000000
23010,525,42,0.00000000
23011,525,43,0.00000000
23012,525,44,0.00000000
23013,526,1,0.00000000
23014,526,2,100.00000000
23015,526,3,0.00000000
23016,526,4,0.00000000
23017,526,5,0.00000000
23018,526,6,0.00000000
23019,526,7,0.00000000
23020,526,8,0.00000000
23021,526,9,0.00000000
23022,526,10,0.00000000
23023,526,11,0.00000000
23024,526,12,0.00000000
23025,526,13,0.00000000
23026,526,14,0.00000000
23027,526,15,0.00000000
23028,526,16,0.00000000
23029,526,17,0.00000000
23030,526,18,0.00000000
23031,526,19,0.00000000
23032,526,20,0.00000000
23033,526,21,0.00000000
23034,526,22,0.00000000
23035,526,23,0.00000000
23036,526,24,0.00000000
23037,526,25,0.00000000
23038,526,26,0.00000000
23039,526,27,0.00000000
23040,526,28,0.00000000
23041,526,29,0.00000000
23042,526,30,0.00000000
23043,526,31,0.00000000
23044,526,32,0.00000000
23045,526,33,0.00000000
23046,526,34,0.00000000
23047,526,35,0.00000000
23048,526,36,0.00000000
23049,526,37,0.00000000
23050,526,38,0.00000000
23051,526,39,0.00000000
23052,526,40,0.00000000
23053,526,41,0.00000000
23054,526,42,0.00000000
23055,526,43,0.00000000
23056,526,44,0.00000000
23057,527,1,0.00000000
23058,527,2,100.00000000
23059,527,3,0.00000000
23060,527,4,0.00000000
23061,527,5,0.00000000
23062,527,6,0.00000000
23063,527,7,0.00000000
23064,527,8,0.00000000
23065,527,9,0.00000000
23066,527,10,0.00000000
23067,527,11,0.00000000
23068,527,12,0.00000000
23069,527,13,0.00000000
23070,527,14,0.00000000
23071,527,15,0.00000000
23072,527,16,0.00000000
23073,527,17,0.00000000
23074,527,18,0.00000000
23075,527,19,0.00000000
23076,527,20,0.00000000
23077,527,21,0.00000000
23078,527,22,0.00000000
23079,527,23,0.00000000
23080,527,24,0.00000000
23081,527,25,0.00000000
23082,527,26,0.00000000
23083,527,27,0.00000000
23084,527,28,0.00000000
23085,527,29,0.00000000
23086,527,30,6.00000000
23087,527,31,0.00000000
23088,527,32,0.00000000
23089,527,33,0.00000000
23090,527,34,0.00000000
23091,527,35,1.00000000
23092,527,36,0.00000000
23093,527,37,0.00000000
23094,527,38,0.00000000
23095,527,39,0.00000000
23096,527,40,0.00000000
23097,527,41,0.00000000
23098,527,42,0.00000000
23099,527,43,0.00000000
23100,527,44,0.00000000
23101,528,1,0.00000000
23102,528,2,100.00000000
23103,528,3,0.00000000
23104,528,4,0.00000000
23105,528,5,0.00000000
23106,528,6,0.00000000
23107,528,7,0.00000000
23108,528,8,0.00000000
23109,528,9,0.00000000
23110,528,10,0.00000000
23111,528,11,0.00000000
23112,528,12,0.00000000
23113,528,13,0.00000000
23114,528,14,0.00000000
23115,528,15,0.00000000
23116,528,16,0.00000000
23117,528,17,0.00000000
23118,528,18,0.00000000
23119,528,19,0.00000000
23120,528,20,0.00000000
23121,528,21,0.00000000
23122,528,22,0.00000000
23123,528,23,0.00000000
23124,528,24,0.00000000
23125,528,25,0.00000000
23126,528,26,0.00000000
23127,528,27,0.00000000
23128,528,28,0.00000000
23129,528,29,0.00000000
23130,528,30,6.00000000
23131,528,31,0.00000000
23132,528,32,0.00000000
23133,528,33,0.00000000
23134,528,34,0.00000000
23135,528,35,3.00000000
23136,528,36,1.00000000
23137,528,37,0.30000000
23138,528,38,0.00000000
23139,528,39,0.00000000
23140,528,40,0.00000000
23141,528,41,0.00000000
23142,528,42,0.00000000
23143,528,43,0.00000000
23144,528,44,0.00000000
23145,529,1,42.00000000
23146,529,2,89.50000000
23147,529,3,0.00000000
23148,529,4,0.00000000
23149,529,5,10.50000000
23150,529,6,0.00000000
23151,529,7,10.50000000
23152,529,8,10.50000000
23153,529,9,0.00000000
23154,529,10,0.00000000
23155,529,11,0.00000000
23156,529,12,0.00000000
23157,529,13,0.00000000
23158,529,14,0.00000000
23159,529,15,0.00000000
23160,529,16,0.00000000
23161,529,17,0.00000000
23162,529,18,0.00000000
23163,529,19,0.00000000
23164,529,20,0.00000000
23165,529,21,0.00000000
23166,529,22,0.00000000
23167,529,23,0.00000000
23168,529,24,0.00000000
23169,529,25,0.00000000
23170,529,26,0.00000000
23171,529,27,0.00000000
23172,529,28,0.00000000
23173,529,29,0.00000000
23174,529,30,4.00000000
23175,529,31,15.00000000
23176,529,32,0.00000000
23177,529,33,0.00000000
23178,529,34,0.00000000
23179,529,35,1.00000000
23180,529,36,8.00000000
23181,529,37,1.00000000
23182,529,38,0.00000000
23183,529,39,0.00000000
23184,529,40,0.00000000
23185,529,41,0.00000000
23186,529,42,0.00000000
23187,529,43,5.00000000
23188,529,44,0.00000000
23189,530,1,21.60000000
23190,530,2,94.60000000
23191,530,3,0.00000000
23192,530,4,0.00000000
23193,530,5,5.40000000
23194,530,6,0.00000000
23195,530,7,5.40000000
23196,530,8,5.40000000
23197,530,9,0.00000000
23198,530,10,0.00000000
23199,530,11,0.00000000
23200,530,12,0.00000000
23201,530,13,0.00000000
23202,530,14,0.00000000
23203,530,15,0.00000000
23204,530,16,0.00000000
23205,530,17,0.00000000
23206,530,18,0.00000000
23207,530,19,0.00000000
23208,530,20,0.00000000
23209,530,21,0.00000000
23210,530,22,0.00000000
23211,530,23,0.00000000
23212,530,24,0.00000000
23213,530,25,0.00000000
23214,530,26,0.00000000
23215,530,27,0.00000000
23216,530,28,0.00000000
23217,530,29,0.00000000
23218,530,30,5.00000000
23219,530,31,0.00000000
23220,530,32,0.00000000
23221,530,33,0.00000000
23222,530,34,0.00000000
23223,530,35,0.00000000
23224,530,36,7.00000000
23225,530,37,1.00000000
23226,530,38,0.00100000
23227,530,39,0.01000000
23228,530,40,0.00000000
23229,530,41,0.00000000
23230,530,42,0.00000000
23231,530,43,0.00000000
23232,530,44,0.00000000
23233,531,1,0.32000000
23234,531,2,99.90000000
23235,531,3,0.00000000
23236,531,4,0.01000000
23237,531,5,0.07000000
23238,531,6,0.00000000
23239,531,7,0.07000000
23240,531,8,0.00000000
23241,531,9,0.00000000
23242,531,10,0.00000000
23243,531,11,0.00000000
23244,531,12,0.00000000
23245,531,13,0.00000000
23246,531,14,0.00000000
23247,531,15,0.00000000
23248,531,16,0.00000000
23249,531,17,0.00000000
23250,531,18,0.00000000
23251,531,19,0.00000000
23252,531,20,0.00000000
23253,531,21,0.00000000
23254,531,22,0.00000000
23255,531,23,0.00000000
23256,531,24,0.00000000
23257,531,25,0.00000000
23258,531,26,0.00000000
23259,531,27,0.00000000
23260,531,28,0.00000000
23261,531,29,0.00000000
23262,531,30,4.00000000
23263,531,31,0.00000000
23264,531,32,0.00000000
23265,531,33,1.00000000
23266,531,34,8.00000000
23267,531,35,0.00000000
23268,531,36,1.00000000
23269,531,37,15.00000000
23270,531,38,0.00000000
23271,531,39,0.00000000
23272,531,40,0.00000000
23273,531,41,0.00000000
23274,531,42,0.00000000
23275,531,43,0.00000000
23276,531,44,0.00000000
23277,532,1,17.00000000
23278,532,2,94.60000000
23279,532,3,0.00000000
23280,532,4,0.50000000
23281,532,5,1.90000000
23282,532,6,0.00000000
23283,532,7,1.90000000
23284,532,8,1.50000000
23285,532,9,2.80000000
23286,532,10,0.20000000
23287,532,11,0.02000000
23288,532,12,0.02000000
23289,532,13,0.06000000
23290,532,14,0.00000000
23291,532,15,1.70000000
23292,532,16,0.00000000
23293,532,17,0.00000000
23294,532,18,0.00000000
23295,532,19,0.80000000
23296,532,20,0.00000000
23297,532,21,0.02000000
23298,532,22,0.02000000
23299,532,23,0.25000000
23300,532,24,0.04000000
23301,532,25,0.00000000
23302,532,26,0.00000000
23303,532,27,0.00000000
23304,532,28,0.00000000
23305,532,29,44.00000000
23306,532,30,13.00000000
23307,532,31,11.00000000
23308,532,32,0.20000000
23309,532,33,1.50000000
23310,532,34,0.11000000
23311,532,35,8.00000000
23312,532,36,2.00000000
23313,532,37,82.00000000
23314,532,38,0.00000000
23315,532,39,0.00000000
23316,532,40,0.40000000
23317,532,41,0.00000000
23318,532,42,0.00000000
23319,532,43,5.00000000
23320,532,44,0.00000000
23321,533,1,36.40000000
23322,533,2,90.90000000
23323,533,3,0.00000000
23324,533,4,0.00000000
23325,533,5,9.10000000
23326,533,6,0.00000000
23327,533,7,9.10000000
23328,533,8,9.10000000
23329,533,9,0.00000000
23330,533,10,0.00000000
23331,533,11,0.00000000
23332,533,12,0.00000000
23333,533,13,0.00000000
23334,533,14,0.00000000
23335,533,15,0.00000000
23336,533,16,0.00000000
23337,533,17,0.00000000
23338,533,18,0.00000000
23339,533,19,0.00000000
23340,533,20,0.00000000
23341,533,21,0.00000000
23342,533,22,0.00000000
23343,533,23,0.00000000
23344,533,24,0.00000000
23345,533,25,0.00000000
23346,533,26,0.00000000
23347,533,27,0.00000000
23348,533,28,0.00000000
23349,533,29,0.00000000
23350,533,30,3.00000000
23351,533,31,36.00000000
23352,533,32,0.00000000
23353,533,33,0.00000000
23354,533,34,0.06000000
23355,533,35,1.00000000
23356,533,36,21.00000000
23357,533,37,19.00000000
23358,533,38,0.00000000
23359,533,39,0.00000000
23360,533,40,0.00000000
23361,533,41,0.00000000
23362,533,42,0.00000000
23363,533,43,0.00000000
23364,533,44,0.00000000
23365,534,1,0.00000000
23366,534,2,100.00000000
23367,534,3,0.00000000
23368,534,4,0.00000000
23369,534,5,0.00000000
23370,534,6,0.00000000
23371,534,7,0.00000000
23372,534,8,0.00000000
23373,534,9,0.00000000
23374,534,10,0.00000000
23375,534,11,0.00000000
23376,534,12,0.00000000
23377,534,13,0.00000000
23378,534,14,0.00000000
23379,534,15,0.00000000
23380,534,16,0.00000000
23381,534,17,0.00000000
23382,534,18,0.00000000
23383,534,19,0.00000000
23384,534,20,0.00000000
23385,534,21,0.00000000
23386,534,22,0.00000000
23387,534,23,0.00000000
23388,534,24,0.00000000
23389,534,25,0.00000000
23390,534,26,0.00000000
23391,534,27,0.00000000
23392,534,28,0.00000000
23393,534,29,0.00000000
23394,534,30,3.00000000
23395,534,31,36.00000000
23396,534,32,0.00000000
23397,534,33,0.00000000
23398,534,34,0.06000000
23399,534,35,1.00000000
23400,534,36,21.00000000
23401,534,37,19.00000000
23402,534,38,0.00000000
23403,534,39,0.00000000
23404,534,40,0.00000000
23405,534,41,0.00000000
23406,534,42,0.00000000
23407,534,43,0.00000000
23408,534,44,0.00000000
23409,535,1,43.60000000
23410,535,2,89.20000000
23411,535,3,0.00000000
23412,535,4,0.00000000
23413,535,5,10.90000000
23414,535,6,0.00000000
23415,535,7,10.90000000
23416,535,8,10.90000000
23417,535,9,0.00000000
23418,535,10,0.00000000
23419,535,11,0.00000000
23420,535,12,0.00000000
23421,535,13,0.00000000
23422,535,14,0.00000000
23423,535,15,0.00000000
23424,535,16,0.00000000
23425,535,17,0.00000000
23426,535,18,0.00000000
23427,535,19,0.00000000
23428,535,20,0.00000000
23429,535,21,0.00000000
23430,535,22,0.00000000
23431,535,23,0.00000000
23432,535,24,0.00000000
23433,535,25,0.00000000
23434,535,26,0.00000000
23435,535,27,0.00000000
23436,535,28,0.00000000
23437,535,29,0.00000000
23438,535,30,4.00000000
23439,535,31,15.00000000
23440,535,32,0.03000000
23441,535,33,0.00000000
23442,535,34,0.01000000
23443,535,35,1.00000000
23444,535,36,8.00000000
23445,535,37,1.00000000
23446,535,38,0.00900000
23447,535,39,0.03000000
23448,535,40,0.10000000
23449,535,41,0.00000000
23450,535,42,0.00000000
23451,535,43,0.00000000
23452,535,44,0.00000000
23453,536,1,0.40000000
23454,536,2,99.90000000
23455,536,3,0.00000000
23456,536,4,0.00000000
23457,536,5,0.10000000
23458,536,6,0.00000000
23459,536,7,0.10000000
23460,536,8,0.10000000
23461,536,9,0.00000000
23462,536,10,0.00000000
23463,536,11,0.00000000
23464,536,12,0.00000000
23465,536,13,0.00000000
23466,536,14,0.00000000
23467,536,15,0.00000000
23468,536,16,0.00000000
23469,536,17,0.00000000
23470,536,18,0.00000000
23471,536,19,0.00000000
23472,536,20,0.00000000
23473,536,21,0.00000000
23474,536,22,0.00000000
23475,536,23,0.00000000
23476,536,24,0.00000000
23477,536,25,0.00000000
23478,536,26,0.00000000
23479,536,27,0.00000000
23480,536,28,0.00000000
23481,536,29,0.00000000
23482,536,30,4.00000000
23483,536,31,12.00000000
23484,536,32,0.03000000
23485,536,33,0.00000000
23486,536,34,0.03000000
23487,536,35,1.00000000
23488,536,36,7.00000000
23489,536,37,4.00000000
23490,536,38,0.00900000
23491,536,39,0.01000000
23492,536,40,0.10000000
23493,536,41,0.00000000
23494,536,42,0.00000000
23495,536,43,0.00000000
23496,536,44,0.00000000
23497,537,1,43.20000000
23498,537,2,89.30000000
23499,537,3,0.00000000
23500,537,4,0.00000000
23501,537,5,10.80000000
23502,537,6,0.00000000
23503,537,7,10.80000000
23504,537,8,10.80000000
23505,537,9,0.00000000
23506,537,10,0.00000000
23507,537,11,0.00000000
23508,537,12,0.00000000
23509,537,13,0.00000000
23510,537,14,0.00000000
23511,537,15,0.00000000
23512,537,16,0.00000000
23513,537,17,0.00000000
23514,537,18,0.00000000
23515,537,19,0.00000000
23516,537,20,0.00000000
23517,537,21,0.00000000
23518,537,22,0.00000000
23519,537,23,0.00000000
23520,537,24,0.00000000
23521,537,25,0.00000000
23522,537,26,0.00000000
23523,537,27,0.00000000
23524,537,28,0.00000000
23525,537,29,0.00000000
23526,537,30,3.00000000
23527,537,31,12.00000000
23528,537,32,0.03000000
23529,537,33,0.00000000
23530,537,34,0.01000000
23531,537,35,1.00000000
23532,537,36,4.00000000
23533,537,37,1.00000000
23534,537,38,0.01800000
23535,537,39,0.01100000
23536,537,40,0.10000000
23537,537,41,0.00000000
23538,537,42,0.00000000
23539,537,43,0.00000000
23540,537,44,0.00000000
23541,538,1,0.80000000
23542,538,2,99.80000000
23543,538,3,0.00000000
23544,538,4,0.10000000
23545,538,5,0.10000000
23546,538,6,0.00000000
23547,538,7,0.10000000
23548,538,8,0.10000000
23549,538,9,0.00000000
23550,538,10,0.00000000
23551,538,11,0.00000000
23552,538,12,0.00000000
23553,538,13,0.00000000
23554,538,14,0.00000000
23555,538,15,0.00000000
23556,538,16,0.00000000
23557,538,17,0.00000000
23558,538,18,0.00000000
23559,538,19,0.00000000
23560,538,20,0.00000000
23561,538,21,0.00500000
23562,538,22,0.02300000
23563,538,23,0.00000000
23564,538,24,0.00000000
23565,538,25,0.00000000
23566,538,26,0.00000000
23567,538,27,0.00000000
23568,538,28,0.00000000
23569,538,29,0.00000000
23570,538,30,4.00000000
23571,538,31,9.00000000
23572,538,32,0.03000000
23573,538,33,0.00000000
23574,538,34,0.08000000
23575,538,35,1.00000000
23576,538,36,6.00000000
23577,538,37,0.00000000
23578,538,38,0.03500000
23579,538,39,0.01100000
23580,538,40,0.10000000
23581,538,41,0.00000000
23582,538,42,0.00000000
23583,538,43,0.00000000
23584,538,44,0.00000000
23585,539,1,45.60000000
23586,539,2,88.60000000
23587,539,3,0.00000000
23588,539,4,0.00000000
23589,539,5,11.40000000
23590,539,6,0.00000000
23591,539,7,11.40000000
23592,539,8,11.40000000
23593,539,9,0.00000000
23594,539,10,0.00000000
23595,539,11,0.00000000
23596,539,12,0.00000000
23597,539,13,0.00000000
23598,539,14,0.00000000
23599,539,15,0.00000000
23600,539,16,0.00000000
23601,539,17,0.00000000
23602,539,18,0.00000000
23603,539,19,0.00000000
23604,539,20,0.00000000
23605,539,21,0.00000000
23606,539,22,0.02000000
23607,539,23,0.00000000
23608,539,24,0.00000000
23609,539,25,0.00000000
23610,539,26,0.00000000
23611,539,27,0.00000000
23612,539,28,0.00000000
23613,539,29,0.00000000
23614,539,30,2.00000000
23615,539,31,0.00000000
23616,539,32,0.06000000
23617,539,33,0.00000000
23618,539,34,0.00000000
23619,539,35,1.00000000
23620,539,36,5.00000000
23621,539,37,1.00000000
23622,539,38,0.01300000
23623,539,39,0.01500000
23624,539,40,0.00000000
23625,539,41,0.00000000
23626,539,42,0.00000000
23627,539,43,0.00000000
23628,539,44,0.00000000
23629,540,1,42.00000000
23630,540,2,89.50000000
23631,540,3,0.00000000
23632,540,4,0.00000000
23633,540,5,10.50000000
23634,540,6,0.00000000
23635,540,7,10.50000000
23636,540,8,10.50000000
23637,540,9,0.00000000
23638,540,10,0.00000000
23639,540,11,0.00000000
23640,540,12,0.00000000
23641,540,13,0.00000000
23642,540,14,0.00000000
23643,540,15,0.00000000
23644,540,16,0.00000000
23645,540,17,0.00000000
23646,540,18,0.00000000
23647,540,19,0.00000000
23648,540,20,0.00000000
23649,540,21,0.00000000
23650,540,22,0.00000000
23651,540,23,0.00000000
23652,540,24,0.00000000
23653,540,25,1.00000000
23654,540,26,0.00000000
23655,540,27,0.00000000
23656,540,28,0.00000000
23657,540,29,1.00000000
23658,540,30,1.00000000
23659,540,31,0.00000000
23660,540,32,0.00000000
23661,540,33,0.00000000
23662,540,34,0.00000000
23663,540,35,1.00000000
23664,540,36,5.00000000
23665,540,37,10.00000000
23666,540,38,0.01300000
23667,540,39,0.01500000
23668,540,40,0.00000000
23669,540,41,0.00000000
23670,540,42,0.00000000
23671,540,43,0.00000000
23672,540,44,0.00000000
23673,541,1,35.20000000
23674,541,2,91.20000000
23675,541,3,0.00000000
23676,541,4,0.00000000
23677,541,5,8.80000000
23678,541,6,0.00000000
23679,541,7,8.80000000
23680,541,8,8.80000000
23681,541,9,0.00000000
23682,541,10,0.00000000
23683,541,11,0.00000000
23684,541,12,0.00000000
23685,541,13,0.00000000
23686,541,14,0.00000000
23687,541,15,0.00000000
23688,541,16,0.00000000
23689,541,17,0.00000000
23690,541,18,0.00000000
23691,541,19,0.00000000
23692,541,20,0.00000000
23693,541,21,0.00000000
23694,541,22,0.00000000
23695,541,23,0.00000000
23696,541,24,0.00000000
23697,541,25,0.00000000
23698,541,26,0.00000000
23699,541,27,0.00000000
23700,541,28,0.00000000
23701,541,29,0.00000000
23702,541,30,1.00000000
23703,541,31,0.00000000
23704,541,32,0.01000000
23705,541,33,0.00000000
23706,541,34,0.00000000
23707,541,35,0.00000000
23708,541,36,4.00000000
23709,541,37,0.00000000
23710,541,38,0.00100000
23711,541,39,0.00600000
23712,541,40,0.00000000
23713,541,41,0.00000000
23714,541,42,0.00000000
23715,541,43,0.00000000
23716,541,44,0.00000000
23717,542,1,36.80000000
23718,542,2,90.80000000
23719,542,3,0.00000000
23720,542,4,0.00000000
23721,542,5,9.20000000
23722,542,6,0.00000000
23723,542,7,9.20000000
23724,542,8,9.20000000
23725,542,9,0.00000000
23726,542,10,0.00000000
23727,542,11,0.00000000
23728,542,12,0.00000000
23729,542,13,0.00000000
23730,542,14,0.00000000
23731,542,15,0.00000000
23732,542,16,0.00000000
23733,542,17,0.00000000
23734,542,18,0.00000000
23735,542,19,0.01000000
23736,542,20,0.00000000
23737,542,21,0.01000000
23738,542,22,0.02000000
23739,542,23,0.00000000
23740,542,24,0.00000000
23741,542,25,0.00000000
23742,542,26,0.00000000
23743,542,27,0.00000000
23744,542,28,0.00000000
23745,542,29,0.00000000
23746,542,30,3.00000000
23747,542,31,0.00000000
23748,542,32,0.00000000
23749,542,33,0.00000000
23750,542,34,0.00000000
23751,542,35,0.00000000
23752,542,36,3.00000000
23753,542,37,0.00000000
23754,542,38,0.00100000
23755,542,39,0.00600000
23756,542,40,0.00000000
23757,542,41,0.00000000
23758,542,42,0.00000000
23759,542,43,0.00000000
23760,542,44,0.00000000
23761,543,1,10.60000000
23762,543,2,95.20000000
23763,543,3,0.00000000
23764,543,4,0.50000000
23765,543,5,2.40000000
23766,543,6,0.00000000
23767,543,7,2.40000000
23768,543,8,0.00000000
23769,543,9,1.30000000
23770,543,10,0.60000000
23771,543,11,0.20000000
23772,543,12,0.00000000
23773,543,13,0.30000000
23774,543,14,0.00000000
23775,543,15,20.00000000
23776,543,16,0.00000000
23777,543,17,120.00000000
23778,543,18,0.00000000
23779,543,19,0.10000000
23780,543,20,10.00000000
23781,543,21,0.05800000
23782,543,22,0.03400000
23783,543,23,0.30000000
23784,543,24,0.01000000
23785,543,25,14.00000000
23786,543,26,0.00000000
23787,543,27,0.42000000
23788,543,28,4.80000000
23789,543,29,5.00000000
23790,543,30,21.00000000
23791,543,31,26.00000000
23792,543,32,0.40000000
23793,543,33,3.00000000
23794,543,34,0.20000000
23795,543,35,6.00000000
23796,543,36,4.30000000
23797,543,37,170.00000000
23798,543,38,0.30000000
23799,543,39,0.05000000
23800,543,40,0.10000000
23801,543,41,0.00000000
23802,543,42,0.00000000
23803,543,43,200.00000000
23804,543,44,0.00000000
23805,544,1,396.00000000
23806,544,2,13.30000000
23807,544,3,0.00000000
23808,544,4,10.60000000
23809,544,5,60.80000000
23810,544,6,10.10000000
23811,544,7,50.70000000
23812,544,8,44.00000000
23813,544,9,3.90000000
23814,544,10,11.40000000
23815,544,11,7.00000000
23816,544,12,3.30000000
23817,544,13,0.50000000
23818,544,14,0.00000000
23819,544,15,0.00000000
23820,544,16,0.00000000
23821,544,17,0.00000000
23822,544,18,0.00000000
23823,544,19,0.00000000
23824,544,20,0.00000000
23825,544,21,0.00000000
23826,544,22,0.00000000
23827,544,23,0.00000000
23828,544,24,0.00000000
23829,544,25,0.00000000
23830,544,26,0.00000000
23831,544,27,0.00000000
23832,544,28,0.00000000
23833,544,29,0.00000000
23834,544,30,317.00000000
23835,544,31,0.00000000
23836,544,32,0.00000000
23837,544,33,0.00000000
23838,544,34,0.00000000
23839,544,35,0.00000000
23840,544,36,400.00000000
23841,544,37,0.00000000
23842,544,38,0.00000000
23843,544,39,0.00000000
23844,544,40,0.00000000
23845,544,41,0.00000000
23846,544,42,0.00000000
23847,544,43,0.00000000
23848,544,44,0.00000000
23849,545,1,315.00000000
23850,545,2,4.30000000
23851,545,3,0.00000000
23852,545,4,13.50000000
23853,545,5,6.70000000
23854,545,6,0.00000000
23855,545,7,6.70000000
23856,545,8,0.00000000
23857,545,9,58.20000000
23858,545,10,13.10000000
23859,545,11,5.20000000
23860,545,12,1.10000000
23861,545,13,5.10000000
23862,545,14,0.00000000
23863,545,15,1.00000000
23864,545,16,0.00000000
23865,545,17,6.00000000
23866,545,18,0.00000000
23867,545,19,2.70000000
23868,545,20,10.00000000
23869,545,21,0.07000000
23870,545,22,0.18000000
23871,545,23,13.00000000
23872,545,24,0.14000000
23873,545,25,22.00000000
23874,545,26,0.00000000
23875,545,27,0.23000000
23876,545,28,0.00000000
23877,545,29,0.00000000
23878,545,30,146.00000000
23879,545,31,192.00000000
23880,545,32,17.00000000
23881,545,33,3.30000000
23882,545,34,0.71000000
23883,545,35,201.00000000
23884,545,36,12.00000000
23885,545,37,1653.00000000
23886,545,38,0.02700000
23887,545,39,1.70000000
23888,545,40,4.90000000
23889,545,41,0.00000000
23890,545,42,0.00000000
23891,545,43,0.00000000
23892,545,44,0.00000000
23893,546,1,228.00000000
23894,546,2,3.20000000
23895,546,3,0.00000000
23896,546,4,13.90000000
23897,546,5,42.60000000
23898,546,6,17.40000000
23899,546,7,25.20000000
23900,546,8,18.50000000
23901,546,9,0.00000000
23902,546,10,0.22000000
23903,546,11,0.10000000
23904,546,12,0.02000000
23905,546,13,0.09000000
23906,546,14,0.00000000
23907,546,15,0.00000000
23908,546,16,0.00000000
23909,546,17,0.00000000
23910,546,18,0.00000000
23911,546,19,0.00000000
23912,546,20,1.90000000
23913,546,21,0.00800000
23914,546,22,1.40000000
23915,546,23,28.60000000
23916,546,24,0.02900000
23917,546,25,0.00000000
23918,546,26,0.00000000
23919,546,27,0.09700000
23920,546,28,0.00000000
23921,546,29,0.00000000
23922,546,30,160.00000000
23923,546,31,286.00000000
23924,546,32,3.80000000
23925,546,33,0.00000000
23926,546,34,0.11000000
23927,546,35,311.00000000
23928,546,36,23.00000000
23929,546,37,3501.00000000
23930,546,38,1.20000000
23931,546,39,0.06900000
23932,546,40,17.30000000
23933,546,41,0.00000000
23934,546,42,0.00000000
23935,546,43,0.00000000
23936,546,44,0.00000000
23937,547,1,12.20000000
23938,547,2,96.30000000
23939,547,3,0.00000000
23940,547,4,0.52000000
23941,547,5,0.25000000
23942,547,6,0.00000000
23943,547,7,0.25000000
23944,547,8,0.00000000
23945,547,9,2.30000000
23946,547,10,0.50000000
23947,547,11,0.19000000
23948,547,12,0.04200000
23949,547,13,0.19000000
23950,547,14,0.00000000
23951,547,15,0.00000000
23952,547,16,0.00000000
23953,547,17,0.00000000
23954,547,18,0.00000000
23955,547,19,0.10000000
23956,547,20,0.38000000
23957,547,21,0.00300000
23958,547,22,0.00700000
23959,547,23,0.50000000
23960,547,24,0.00500000
23961,547,25,0.85000000
23962,547,26,0.00000000
23963,547,27,0.00900000
23964,547,28,0.00000000
23965,547,29,0.00000000
23966,547,30,5.60000000
23967,547,31,7.30000000
23968,547,32,0.65000000
23969,547,33,0.13000000
23970,547,34,0.02700000
23971,547,35,7.70000000
23972,547,36,0.46000000
23973,547,37,63.70000000
23974,547,38,0.00100000
23975,547,39,0.06500000
23976,547,40,0.19000000
23977,547,41,0.00000000
23978,547,42,0.00000000
23979,547,43,0.00000000
23980,547,44,0.00000000
23981,548,1,315.00000000
23982,548,2,4.30000000
23983,548,3,0.00000000
23984,548,4,13.50000000
23985,548,5,6.70000000
23986,548,6,0.00000000
23987,548,7,6.70000000
23988,548,8,0.00000000
23989,548,9,58.20000000
23990,548,10,13.10000000
23991,548,11,5.20000000
23992,548,12,1.10000000
23993,548,13,5.10000000
23994,548,14,0.00000000
23995,548,15,1.00000000
23996,548,16,0.00000000
23997,548,17,6.00000000
23998,548,18,0.00000000
23999,548,19,2.70000000
24000,548,20,10.00000000
24001,548,21,0.07000000
24002,548,22,0.18000000
24003,548,23,13.00000000
24004,548,24,0.14000000
24005,548,25,22.00000000
24006,548,26,0.00000000
24007,548,27,0.23000000
24008,548,28,0.00000000
24009,548,29,0.00000000
24010,548,30,146.00000000
24011,548,31,192.00000000
24012,548,32,17.00000000
24013,548,33,3.30000000
24014,548,34,0.71000000
24015,548,35,201.00000000
24016,548,36,12.00000000
24017,548,37,1653.00000000
24018,548,38,0.02700000
24019,548,39,1.70000000
24020,548,40,4.90000000
24021,548,41,0.00000000
24022,548,42,0.00000000
24023,548,43,0.00000000
24024,548,44,0.00000000
24025,549,1,227.00000000
24026,549,2,3.50000000
24027,549,3,0.00000000
24028,549,4,14.60000000
24029,549,5,41.10000000
24030,549,6,16.80000000
24031,549,7,24.30000000
24032,549,8,17.60000000
24033,549,9,0.00000000
24034,549,10,0.50000000
24035,549,11,0.19000000
24036,549,12,0.04100000
24037,549,13,0.20000000
24038,549,14,0.00000000
24039,549,15,0.00000000
24040,549,16,0.00000000
24041,549,17,0.00000000
24042,549,18,0.00000000
24043,549,19,0.00000000
24044,549,20,1.90000000
24045,549,21,0.00800000
24046,549,22,0.11000000
24047,549,23,24.90000000
24048,549,24,0.03000000
24049,549,25,3.00000000
24050,549,26,0.00000000
24051,549,27,0.09700000
24052,549,28,0.00000000
24053,549,29,0.00000000
24054,549,30,160.00000000
24055,549,31,350.00000000
24056,549,32,4.40000000
24057,549,33,0.00000000
24058,549,34,0.48000000
24059,549,35,390.00000000
24060,549,36,41.00000000
24061,549,37,4000.00000000
24062,549,38,1.80000000
24063,549,39,0.05900000
24064,549,40,12.60000000
24065,549,41,0.00000000
24066,549,42,0.00000000
24067,549,43,0.00000000
24068,549,44,0.00000000
24069,550,1,220.00000000
24070,550,2,9.30000000
24071,550,3,0.00000000
24072,550,4,19.60000000
24073,550,5,3.00000000
24074,550,6,0.00000000
24075,550,7,3.00000000
24076,550,8,0.00000000
24077,550,9,55.80000000
24078,550,10,2.00000000
24079,550,11,0.44000000
24080,550,12,0.22000000
24081,550,13,0.89000000
24082,550,14,0.00000000
24083,550,15,0.00000000
24084,550,16,0.00000000
24085,550,17,0.00000000
24086,550,18,0.00000000
24087,550,19,0.00000000
24088,550,20,262.00000000
24089,550,21,0.02500000
24090,550,22,0.95000000
24091,550,23,0.10000000
24092,550,24,0.25000000
24093,550,25,5.00000000
24094,550,26,0.00000000
24095,550,27,1.30000000
24096,550,28,0.00000000
24097,550,29,0.00000000
24098,550,30,302.00000000
24099,550,31,314.00000000
24100,550,32,17.00000000
24101,550,33,11.00000000
24102,550,34,3.20000000
24103,550,35,184.00000000
24104,550,36,14.00000000
24105,550,37,1640.00000000
24106,550,38,0.14000000
24107,550,39,2.50000000
24108,550,40,5.40000000
24109,550,41,0.00000000
24110,550,42,0.00000000
24111,550,43,200.00000000
24112,550,44,0.00000000
24113,551,1,17.20000000
24114,551,2,95.40000000
24115,551,3,0.00000000
24116,551,4,0.70000000
24117,551,5,2.60000000
24118,551,6,0.00000000
24119,551,7,2.60000000
24120,551,8,0.00000000
24121,551,9,1.10000000
24122,551,10,0.20000000
24123,551,11,0.76000000
24124,551,12,0.00800000
24125,551,13,0.00200000
24126,551,14,0.00000000
24127,551,15,0.00000000
24128,551,16,0.00000000
24129,551,17,0.00000000
24130,551,18,0.00000000
24131,551,19,0.00000000
24132,551,20,0.00000000
24133,551,21,0.03000000
24134,551,22,0.05700000
24135,551,23,0.08000000
24136,551,24,0.03200000
24137,551,25,3.00000000
24138,551,26,0.00000000
24139,551,27,0.00000000
24140,551,28,0.00000000
24141,551,29,2.40000000
24142,551,30,24.00000000
24143,551,31,20.00000000
24144,551,32,0.29000000
24145,551,33,0.50000000
24146,551,34,0.10000000
24147,551,35,25.00000000
24148,551,36,105.00000000
24149,551,37,250.00000000
24150,551,38,0.00000000
24151,551,39,0.00000000
24152,551,40,1.00000000
24153,551,41,0.00000000
24154,551,42,0.00000000
24155,551,43,0.00000000
24156,551,44,0.00000000
24157,552,1,24.30000000
24158,552,2,95.20000000
24159,552,3,0.00000000
24160,552,4,0.50000000
24161,552,5,3.00000000
24162,552,6,0.00000000
24163,552,7,3.00000000
24164,552,8,3.00000000
24165,552,9,0.20000000
24166,552,10,1.10000000
24167,552,11,0.10000000
24168,552,12,0.00000000
24169,552,13,0.00000000
24170,552,14,0.00000000
24171,552,15,0.00000000
24172,552,16,0.00000000
24173,552,17,0.00000000
24174,552,18,0.75000000
24175,552,19,1.80000000
24176,552,20,0.00000000
24177,552,21,0.00000000
24178,552,22,0.21000000
24179,552,23,0.00000000
24180,552,24,0.00000000
24181,552,25,0.00000000
24182,552,26,0.38000000
24183,552,27,0.00000000
24184,552,28,0.00000000
24185,552,29,0.00000000
24186,552,30,120.00000000
24187,552,31,0.00000000
24188,552,32,0.00000000
24189,552,33,0.00000000
24190,552,34,0.00000000
24191,552,35,0.00000000
24192,552,36,130.00000000
24193,552,37,0.00000000
24194,552,38,0.00000000
24195,552,39,0.00000000
24196,552,40,0.00000000
24197,552,41,0.10000000
24198,552,42,0.00000000
24199,552,43,15.00000000
24200,552,44,0.00000000
24201,553,1,45.00000000
24202,553,2,90.30000000
24203,553,3,0.00000000
24204,553,4,1.20000000
24205,553,5,7.10000000
24206,553,6,0.00000000
24207,553,7,3.30000000
24208,553,8,3.30000000
24209,553,9,0.39000000
24210,553,10,1.00000000
24211,553,11,0.12000000
24212,553,12,0.45000000
24213,553,13,0.40000000
24214,553,14,0.00000000
24215,553,15,0.00000000
24216,553,16,0.00000000
24217,553,17,0.00000000
24218,553,18,0.75000000
24219,553,19,0.00000000
24220,553,20,0.00000000
24221,553,21,0.00000000
24222,553,22,0.21000000
24223,553,23,0.00000000
24224,553,24,0.00000000
24225,553,25,0.00000000
24226,553,26,0.38000000
24227,553,27,0.00000000
24228,553,28,0.00000000
24229,553,29,0.00000000
24230,553,30,120.00000000
24231,553,31,0.00000000
24232,553,32,0.00000000
24233,553,33,0.00000000
24234,553,34,0.00000000
24235,553,35,0.00000000
24236,553,36,48.00000000
24237,553,37,0.00000000
24238,553,38,0.00000000
24239,553,39,0.00000000
24240,553,40,0.00000000
24241,553,41,0.00000000
24242,553,42,0.00000000
24243,553,43,0.00000000
24244,553,44,0.00000000
24245,554,1,46.70000000
24246,554,2,89.60000000
24247,554,3,0.00000000
24248,554,4,1.00000000
24249,554,5,8.70000000
24250,554,6,5.60000000
24251,554,7,3.10000000
24252,554,8,3.10000000
24253,554,9,0.80000000
24254,554,10,0.70000000
24255,554,11,0.10000000
24256,554,12,0.40000000
24257,554,13,0.20000000
24258,554,14,0.00000000
24259,554,15,0.00000000
24260,554,16,0.00000000
24261,554,17,31.10000000
24262,554,18,0.00000000
24263,554,19,0.40000000
24264,554,20,0.00000000
24265,554,21,0.03000000
24266,554,22,0.01000000
24267,554,23,0.40000000
24268,554,24,0.01000000
24269,554,25,4.60000000
24270,554,26,0.00000000
24271,554,27,0.00000000
24272,554,28,0.00000000
24273,554,29,0.00000000
24274,554,30,7.00000000
24275,554,31,43.00000000
24276,554,32,0.60000000
24277,554,33,0.00000000
24278,554,34,0.50000000
24279,554,35,13.40000000
24280,554,36,50.00000000
24281,554,37,41.00000000
24282,554,38,0.00000000
24283,554,39,0.00000000
24284,554,40,0.90000000
24285,554,41,0.00000000
24286,554,42,0.00000000
24287,554,43,0.00000000
24288,554,44,0.00000000
24289,555,1,97.30000000
24290,555,2,79.00000000
24291,555,3,0.00000000
24292,555,4,1.20000000
24293,555,5,17.00000000
24294,555,6,3.10000000
24295,555,7,13.90000000
24296,555,8,13.90000000
24297,555,9,0.10000000
24298,555,10,2.70000000
24299,555,11,0.40000000
24300,555,12,1.90000000
24301,555,13,0.30000000
24302,555,14,0.00000000
24303,555,15,0.00000000
24304,555,16,0.00000000
24305,555,17,0.00000000
24306,555,18,0.00000000
24307,555,19,0.00000000
24308,555,20,0.00000000
24309,555,21,0.02000000
24310,555,22,0.00000000
24311,555,23,0.13000000
24312,555,24,0.00000000
24313,555,25,2.00000000
24314,555,26,0.00000000
24315,555,27,0.00000000
24316,555,28,0.00000000
24317,555,29,0.03000000
24318,555,30,29.00000000
24319,555,31,26.00000000
24320,555,32,1.20000000
24321,555,33,0.00000000
24322,555,34,1.00000000
24323,555,35,15.00000000
24324,555,36,9.00000000
24325,555,37,52.00000000
24326,555,38,0.00000000
24327,555,39,0.00000000
24328,555,40,0.00000000
24329,555,41,0.02000000
24330,555,42,0.00000000
24331,555,43,5.00000000
24332,555,44,0.00000000
24333,556,1,48.00000000
24334,556,2,89.10000000
24335,556,3,0.00000000
24336,556,4,0.47000000
24337,556,5,9.20000000
24338,556,6,3.80000000
24339,556,7,5.30000000
24340,556,8,0.00000000
24341,556,9,0.30000000
24342,556,10,0.97000000
24343,556,11,0.00000000
24344,556,12,0.63000000
24345,556,13,0.31000000
24346,556,14,0.00000000
24347,556,15,62.40000000
24348,556,16,0.00000000
24349,556,17,374.00000000
24350,556,18,1.10000000
24351,556,19,0.47000000
24352,556,20,0.20000000
24353,556,21,0.02700000
24354,556,22,0.14000000
24355,556,23,0.39000000
24356,556,24,0.03900000
24357,556,25,2.00000000
24358,556,26,0.63000000
24359,556,27,0.00000000
24360,556,28,0.00000000
24361,556,29,0.00000000
24362,556,30,118.00000000
24363,556,31,56.00000000
24364,556,32,0.20000000
24365,556,33,0.00000000
24366,556,34,0.13000000
24367,556,35,11.00000000
24368,556,36,39.00000000
24369,556,37,27.00000000
24370,556,38,0.00000000
24371,556,39,0.00000000
24372,556,40,0.00000000
24373,556,41,0.00000000
24374,556,42,0.00000000
24375,556,43,0.00000000
24376,556,44,0.00000000
24377,557,1,241.00000000
24378,557,2,68.40000000
24379,557,3,0.00000000
24380,557,4,2.30000000
24381,557,5,3.30000000
24382,557,6,0.00000000
24383,557,7,3.30000000
24384,557,8,3.30000000
24385,557,9,2.20000000
24386,557,10,23.80000000
24387,557,11,21.10000000
24388,557,12,1.00000000
24389,557,13,0.26000000
24390,557,14,0.00000000
24391,557,15,0.00000000
24392,557,16,0.00000000
24393,557,17,0.00000000
24394,557,18,0.00000000
24395,557,19,0.15000000
24396,557,20,0.10000000
24397,557,21,0.02600000
24398,557,22,0.00000000
24399,557,23,0.76000000
24400,557,24,0.03300000
24401,557,25,16.00000000
24402,557,26,0.00000000
24403,557,27,0.18000000
24404,557,28,0.00000000
24405,557,29,2.60000000
24406,557,30,16.00000000
24407,557,31,100.00000000
24408,557,32,1.60000000
24409,557,33,0.00000000
24410,557,34,0.67000000
24411,557,35,37.00000000
24412,557,36,15.00000000
24413,557,37,263.00000000
24414,557,38,0.92000000
24415,557,39,0.27000000
24416,557,40,6.20000000
24417,557,41,0.00000000
24418,557,42,0.00000000
24419,557,43,0.00000000
24420,557,44,0.00000000
24421,558,1,54.40000000
24422,558,2,86.40000000
24423,558,3,0.00000000
24424,558,4,0.40000000
24425,558,5,13.20000000
24426,558,6,0.00000000
24427,558,7,13.20000000
24428,558,8,9.20000000
24429,558,9,0.00000000
24430,558,10,0.00000000
24431,558,11,0.00000000
24432,558,12,0.00000000
24433,558,13,0.00000000
24434,558,14,0.00000000
24435,558,15,16.70000000
24436,558,16,0.00000000
24437,558,17,100.00000000
24438,558,18,0.00000000
24439,558,19,0.30000000
24440,558,20,0.00000000
24441,558,21,0.04000000
24442,558,22,0.03000000
24443,558,23,0.25000000
24444,558,24,0.01000000
24445,558,25,5.00000000
24446,558,26,0.00000000
24447,558,27,0.00000000
24448,558,28,0.00000000
24449,558,29,15.00000000
24450,558,30,15.00000000
24451,558,31,10.00000000
24452,558,32,0.10000000
24453,558,33,0.00000000
24454,558,34,0.00000000
24455,558,35,8.00000000
24456,558,36,3.00000000
24457,558,37,120.00000000
24458,558,38,0.00000000
24459,558,39,0.00000000
24460,558,40,0.00000000
24461,558,41,0.00000000
24462,558,42,0.00000000
24463,558,43,0.00000000
24464,558,44,0.00000000
24465,559,1,140.00000000
24466,559,2,64.90000000
24467,559,3,0.00000000
24468,559,4,0.90000000
24469,559,5,34.20000000
24470,559,6,0.00000000
24471,559,7,34.20000000
24472,559,8,31.00000000
24473,559,9,0.00000000
24474,559,10,0.00000000
24475,559,11,0.00000000
24476,559,12,0.00000000
24477,559,13,0.00000000
24478,559,14,0.00000000
24479,559,15,0.00000000
24480,559,16,0.00000000
24481,559,17,0.00000000
24482,559,18,0.00000000
24483,559,19,0.00000000
24484,559,20,0.00000000
24485,559,21,0.00000000
24486,559,22,0.00400000
24487,559,23,0.30000000
24488,559,24,0.01000000
24489,559,25,1.00000000
24490,559,26,0.00000000
24491,559,27,0.00000000
24492,559,28,0.00000000
24493,559,29,0.00000000
24494,559,30,2.00000000
24495,559,31,5.00000000
24496,559,32,0.00000000
24497,559,33,0.00000000
24498,559,34,1.00000000
24499,559,35,2.00000000
24500,559,36,18.00000000
24501,559,37,42.00000000
24502,559,38,0.00000000
24503,559,39,0.00000000
24504,559,40,1.00000000
24505,559,41,0.00000000
24506,559,42,0.00000000
24507,559,43,10.00000000
24508,559,44,0.00000000
24509,560,1,43.30000000
24510,560,2,89.10000000
24511,560,3,0.00000000
24512,560,4,0.63000000
24513,560,5,9.40000000
24514,560,6,0.00000000
24515,560,7,9.40000000
24516,560,8,0.00000000
24517,560,9,0.70000000
24518,560,10,0.20000000
24519,560,11,0.02600000
24520,560,12,0.03600000
24521,560,13,0.04900000
24522,560,14,0.00000000
24523,560,15,2.60000000
24524,560,16,0.00000000
24525,560,17,15.50000000
24526,560,18,0.00000000
24527,560,19,0.25000000
24528,560,20,0.10000000
24529,560,21,0.03000000
24530,560,22,0.02000000
24531,560,23,0.28000000
24532,560,24,0.02000000
24533,560,25,18.60000000
24534,560,26,0.00000000
24535,560,27,0.13000000
24536,560,28,1.00000000
24537,560,29,30.50000000
24538,560,30,10.80000000
24539,560,31,13.00000000
24540,560,32,0.15000000
24541,560,33,2.00000000
24542,560,34,0.11000000
24543,560,35,10.90000000
24544,560,36,1.40000000
24545,560,37,150.00000000
24546,560,38,0.03000000
24547,560,39,0.05700000
24548,560,40,1.00000000
24549,560,41,0.00000000
24550,560,42,0.00000000
24551,560,43,0.00000000
24552,560,44,0.00000000
24553,561,1,60.80000000
24554,561,2,84.80000000
24555,561,3,0.00000000
24556,561,4,0.30000000
24557,561,5,14.90000000
24558,561,6,0.00000000
24559,561,7,14.90000000
24560,561,8,0.00000000
24561,561,9,0.00000000
24562,561,10,0.00000000
24563,561,11,0.00000000
24564,561,12,0.00000000
24565,561,13,0.00000000
24566,561,14,0.00000000
24567,561,15,120.00000000
24568,561,16,0.00000000
24569,561,17,0.00000000
24570,561,18,0.00000000
24571,561,19,1.50000000
24572,561,20,0.00000000
24573,561,21,0.00000000
24574,561,22,0.00000000
24575,561,23,0.00000000
24576,561,24,0.00000000
24577,561,25,0.00000000
24578,561,26,0.00000000
24579,561,27,0.00000000
24580,561,28,0.00000000
24581,561,29,9.00000000
24582,561,30,0.00000000
24583,561,31,0.00000000
24584,561,32,0.00000000
24585,561,33,0.00000000
24586,561,34,0.00000000
24587,561,35,0.00000000
24588,561,36,0.00000000
24589,561,37,0.00000000
24590,561,38,0.00000000
24591,561,39,0.00000000
24592,561,40,0.00000000
24593,561,41,0.00000000
24594,561,42,0.00000000
24595,561,43,0.00000000
24596,561,44,0.00000000
24597,562,1,42.00000000
24598,562,2,89.90000000
24599,562,3,0.00000000
24600,562,4,0.10000000
24601,562,5,9.80000000
24602,562,6,1.00000000
24603,562,7,8.80000000
24604,562,8,0.00000000
24605,562,9,0.30000000
24606,562,10,0.20000000
24607,562,11,0.06000000
24608,562,12,0.00000000
24609,562,13,0.00000000
24610,562,14,0.00000000
24611,562,15,35.00000000
24612,562,16,0.00000000
24613,562,17,0.00000000
24614,562,18,0.00000000
24615,562,19,1.10000000
24616,562,20,0.00000000
24617,562,21,0.01000000
24618,562,22,0.01000000
24619,562,23,0.50000000
24620,562,24,0.00000000
24621,562,25,0.00000000
24622,562,26,0.00000000
24623,562,27,0.00000000
24624,562,28,0.00000000
24625,562,29,13.90000000
24626,562,30,9.00000000
24627,562,31,22.00000000
24628,562,32,0.00000000
24629,562,33,0.00000000
24630,562,34,0.00000000
24631,562,35,0.00000000
24632,562,36,1.00000000
24633,562,37,18.00000000
24634,562,38,0.00000000
24635,562,39,0.00000000
24636,562,40,0.00000000
24637,562,41,0.00000000
24638,562,42,0.00000000
24639,562,43,0.00000000
24640,562,44,0.00000000
24641,563,1,48.90000000
24642,563,2,88.00000000
24643,563,3,0.00000000
24644,563,4,0.06300000
24645,563,5,11.90000000
24646,563,6,0.00000000
24647,563,7,11.90000000
24648,563,8,0.00000000
24649,563,9,0.01000000
24650,563,10,0.11000000
24651,563,11,0.01900000
24652,563,12,0.00500000
24653,563,13,0.03600000
24654,563,14,0.00000000
24655,563,15,0.00000000
24656,563,16,0.00000000
24657,563,17,0.00000000
24658,563,18,0.00000000
24659,563,19,0.01000000
24660,563,20,0.10000000
24661,563,21,0.02000000
24662,563,22,0.02500000
24663,563,23,0.12000000
24664,563,24,0.05000000
24665,563,25,3.10000000
24666,563,26,0.00000000
24667,563,27,0.05500000
24668,563,28,1.00000000
24669,563,29,1.40000000
24670,563,30,6.90000000
24671,563,31,7.00000000
24672,563,32,0.26000000
24673,563,33,1.00000000
24674,563,34,0.12000000
24675,563,35,4.20000000
24676,563,36,2.20000000
24677,563,37,116.00000000
24678,563,38,0.12000000
24679,563,39,0.05900000
24680,563,40,0.10000000
24681,563,41,0.00000000
24682,563,42,0.00000000
24683,563,43,0.00000000
24684,563,44,0.00000000
24685,564,1,47.10000000
24686,564,2,88.40000000
24687,564,3,0.00000000
24688,564,4,0.63000000
24689,564,5,10.50000000
24690,564,6,0.00000000
24691,564,7,10.50000000
24692,564,8,0.00000000
24693,564,9,0.30000000
24694,564,10,0.22000000
24695,564,11,0.02700000
24696,564,12,0.08000000
24697,564,13,0.11000000
24698,564,14,0.00000000
24699,564,15,39.10000000
24700,564,16,0.00000000
24701,564,17,229.00000000
24702,564,18,0.00000000
24703,564,19,0.38000000
24704,564,20,1.70000000
24705,564,21,0.03000000
24706,564,22,0.03000000
24707,564,23,0.09300000
24708,564,24,0.03000000
24709,564,25,3.30000000
24710,564,26,0.00000000
24711,564,27,0.05000000
24712,564,28,0.00000000
24713,564,29,8.90000000
24714,564,30,8.60000000
24715,564,31,17.00000000
24716,564,32,0.43000000
24717,564,33,0.00000000
24718,564,34,0.04000000
24719,564,35,6.10000000
24720,564,36,8.00000000
24721,564,37,241.00000000
24722,564,38,0.04800000
24723,564,39,0.05000000
24724,564,40,0.30000000
24725,564,41,0.00000000
24726,564,42,0.00000000
24727,564,43,0.00000000
24728,564,44,0.00000000
24729,565,1,41.40000000
24730,565,2,89.60000000
24731,565,3,0.00000000
24732,565,4,0.38000000
24733,565,5,9.70000000
24734,565,6,0.00000000
24735,565,7,9.70000000
24736,565,8,0.00000000
24737,565,9,0.20000000
24738,565,10,0.08000000
24739,565,11,0.00500000
24740,565,12,0.00900000
24741,565,13,0.02800000
24742,565,14,0.00000000
24743,565,15,0.50000000
24744,565,16,0.00000000
24745,565,17,3.00000000
24746,565,18,0.00000000
24747,565,19,0.03000000
24748,565,20,0.30000000
24749,565,21,0.05000000
24750,565,22,0.02000000
24751,565,23,0.20000000
24752,565,24,0.10000000
24753,565,25,8.00000000
24754,565,26,0.00000000
24755,565,27,0.07000000
24756,565,28,0.00000000
24757,565,29,11.00000000
24758,565,30,15.00000000
24759,565,31,4.50000000
24760,565,32,0.29000000
24761,565,33,0.00000000
24762,565,34,0.08100000
24763,565,35,13.00000000
24764,565,36,4.60000000
24765,565,37,116.00000000
24766,565,38,0.70000000
24767,565,39,0.06400000
24768,565,40,0.10000000
24769,565,41,0.00000000
24770,565,42,0.00000000
24771,565,43,0.00000000
24772,565,44,0.00000000
24773,566,1,43.60000000
24774,566,2,89.20000000
24775,566,3,0.00000000
24776,566,4,0.53000000
24777,566,5,10.10000000
24778,566,6,0.00000000
24779,566,7,10.10000000
24780,566,8,0.00000000
24781,566,9,0.10000000
24782,566,10,0.10000000
24783,566,11,0.01200000
24784,566,12,0.01200000
24785,566,13,0.02100000
24786,566,14,0.00000000
24787,566,15,0.92000000
24788,566,16,0.00000000
24789,566,17,5.50000000
24790,566,18,0.00000000
24791,566,19,0.19000000
24792,566,20,0.00000000
24793,566,21,0.03300000
24794,566,22,0.01800000
24795,566,23,0.20000000
24796,566,24,0.02000000
24797,566,25,8.80000000
24798,566,26,0.00000000
24799,566,27,0.15000000
24800,566,28,0.52000000
24801,566,29,36.00000000
24802,566,30,9.30000000
24803,566,31,13.00000000
24804,566,32,0.57000000
24805,566,33,1.00000000
24806,566,34,0.11000000
24807,566,35,8.00000000
24808,566,36,1.30000000
24809,566,37,149.00000000
24810,566,38,0.01000000
24811,566,39,0.12000000
24812,566,40,0.10000000
24813,566,41,0.00000000
24814,566,42,0.00000000
24815,566,43,0.00000000
24816,566,44,0.00000000
24817,567,1,14.10000000
24818,567,2,96.40000000
24819,567,3,0.00000000
24820,567,4,0.63000000
24821,567,5,2.60000000
24822,567,6,0.00000000
24823,567,7,2.60000000
24824,567,8,0.00000000
24825,567,9,0.30000000
24826,567,10,0.06000000
24827,567,11,0.00800000
24828,567,12,0.00900000
24829,567,13,0.02400000
24830,567,14,0.00000000
24831,567,15,11.40000000
24832,567,16,0.00000000
24833,567,17,68.10000000
24834,567,18,0.00000000
24835,567,19,0.35000000
24836,567,20,2.30000000
24837,567,21,0.04000000
24838,567,22,0.03000000
24839,567,23,0.58000000
24840,567,24,0.92000000
24841,567,25,21.90000000
24842,567,26,0.00000000
24843,567,27,0.20000000
24844,567,28,1.50000000
24845,567,29,9.40000000
24846,567,30,8.60000000
24847,567,31,19.00000000
24848,567,32,0.29000000
24849,567,33,2.00000000
24850,567,34,0.06000000
24851,567,35,8.30000000
24852,567,36,4.80000000
24853,567,37,230.00000000
24854,567,38,0.10000000
24855,567,39,0.12000000
24856,567,40,0.60000000
24857,567,41,0.00000000
24858,567,42,0.00000000
24859,567,43,0.00000000
24860,567,44,0.00000000
24861,568,1,68.10000000
24862,568,2,83.10000000
24863,568,3,0.00000000
24864,568,4,0.21000000
24865,568,5,16.60000000
24866,568,6,0.00000000
24867,568,7,16.60000000
24868,568,8,0.00000000
24869,568,9,0.00000000
24870,568,10,0.10000000
24871,568,11,0.03100000
24872,568,12,0.00400000
24873,568,13,0.02800000
24874,568,14,0.00000000
24875,568,15,0.50000000
24876,568,16,0.00000000
24877,568,17,3.00000000
24878,568,18,0.00000000
24879,568,19,0.00000000
24880,568,20,0.40000000
24881,568,21,0.03100000
24882,568,22,0.01600000
24883,568,23,0.26000000
24884,568,24,0.02200000
24885,568,25,1.00000000
24886,568,26,0.00000000
24887,568,27,0.49000000
24888,568,28,1.20000000
24889,568,29,0.00000000
24890,568,30,13.00000000
24891,568,31,12.00000000
24892,568,32,0.43000000
24893,568,33,0.48000000
24894,568,34,0.04000000
24895,568,35,8.80000000
24896,568,36,2.60000000
24897,568,37,148.00000000
24898,568,38,0.05000000
24899,568,39,0.04800000
24900,568,40,0.10000000
24901,568,41,0.00000000
24902,568,42,0.00000000
24903,568,43,45.00000000
24904,568,44,0.00000000
24905,569,1,24.20000000
24906,569,2,93.70000000
24907,569,3,0.00000000
24908,569,4,0.63000000
24909,569,5,4.80000000
24910,569,6,0.00000000
24911,569,7,4.80000000
24912,569,8,0.00000000
24913,569,9,0.80000000
24914,569,10,0.10000000
24915,569,11,0.02000000
24916,569,12,0.00400000
24917,569,13,0.05000000
24918,569,14,0.00000000
24919,569,15,437.00000000
24920,569,16,0.00000000
24921,569,17,2622.00000000
24922,569,18,0.00000000
24923,569,19,0.56000000
24924,569,20,15.50000000
24925,569,21,0.09200000
24926,569,22,0.05500000
24927,569,23,0.40000000
24928,569,24,0.20000000
24929,569,25,4.00000000
24930,569,26,0.00000000
24931,569,27,0.23000000
24932,569,28,0.00000000
24933,569,29,6.00000000
24934,569,30,27.00000000
24935,569,31,31.00000000
24936,569,32,0.46000000
24937,569,33,7.00000000
24938,569,34,0.18000000
24939,569,35,14.00000000
24940,569,36,52.00000000
24941,569,37,219.00000000
24942,569,38,0.13000000
24943,569,39,0.04600000
24944,569,40,0.60000000
24945,569,41,0.00000000
24946,569,42,0.00000000
24947,569,43,0.00000000
24948,569,44,0.00000000
24949,570,1,52.80000000
24950,570,2,87.00000000
24951,570,3,0.00000000
24952,570,4,0.60000000
24953,570,5,12.00000000
24954,570,6,0.00000000
24955,570,7,12.00000000
24956,570,8,0.00000000
24957,570,9,0.15000000
24958,570,10,0.23000000
24959,570,11,0.03000000
24960,570,12,0.05700000
24961,570,13,0.14000000
24962,570,14,0.00000000
24963,570,15,3.60000000
24964,570,16,0.00000000
24965,570,17,21.50000000
24966,570,18,0.00000000
24967,570,19,0.19000000
24968,570,20,1.10000000
24969,570,21,0.03000000
24970,570,22,0.02500000
24971,570,23,0.17000000
24972,570,24,0.02500000
24973,570,25,2.20000000
24974,570,26,0.00000000
24975,570,27,0.27000000
24976,570,28,0.00000000
24977,570,29,4.50000000
24978,570,30,10.80000000
24979,570,31,145.00000000
24980,570,32,0.43000000
24981,570,33,0.24000000
24982,570,34,0.04000000
24983,570,35,7.50000000
24984,570,36,5.30000000
24985,570,37,191.00000000
24986,570,38,0.05000000
24987,570,39,0.05000000
24988,570,40,0.20000000
24989,570,41,0.00000000
24990,570,42,0.00000000
24991,570,43,0.00000000
24992,570,44,0.00000000
