ref_code,sexo,edad_meses,edad_dias,medida_cm,l,m,s,stdev,sd5neg,sd4neg,sd3neg,sd2neg,sd1neg,sd0,sd1,sd2,sd3,sd4,source_file
WFL,M,,,45,-0.3521,2.441,0.09182,,,1.71,1.877,2.043,2.23,2.441,2.68,2.951,3.261,3.571,wfl-boys-zscore-expanded-table.xlsx
WFL,M,,,45.1,-0.3521,2.4577,0.09176,,,1.722,1.89,2.057,2.245,2.458,2.698,2.971,3.283,3.595,wfl-boys-zscore-expanded-table.xlsx
WFL,M,,,45.2,-0.3521,2.4744,0.0917,,,1.734,1.903,2.072,2.261,2.474,2.716,2.991,3.305,3.618,wfl-boys-zscore-expanded-table.xlsx
WFL,M,,,45.3,-0.3521,2.4911,0.09164,,,1.747,1.916,2.086,2.276,2.491,2.734,3.011,3.326,3.642,wfl-boys-zscore-expanded-table.xlsx
WFL,M,,,45.4,-0.3521,2.5078,0.09159,,,1.759,1.929,2.1,2.292,2.508,2.752,3.031,3.348,3.666,wfl-boys-zscore-expanded-table.xlsx
WFL,M,,,45.5,-0.3521,2.5244,0.09153,,,1.771,1.942,2.114,2.307,2.524,2.771,3.05,3.37,3.689,wfl-boys-zscore-expanded-table.xlsx
WFL,M,,,45.6,-0.3521,2.5411,0.09147,,,1.783,1.956,2.128,2.322,2.541,2.789,3.07,3.391,3.712,wfl-boys-zscore-expanded-table.xlsx
WFL,M,,,45.7,-0.3521,2.5578,0.09141,,,1.795,1.969,2.142,2.338,2.558,2.807,3.09,3.413,3.736,wfl-boys-zscore-expanded-table.xlsx
WFL,M,,,45.8,-0.3521,2.5744,0.09135,,,1.807,1.982,2.157,2.353,2.574,2.825,3.109,3.434,3.759,wfl-boys-zscore-expanded-table.xlsx
WFL,M,,,45.9,-0.3521,2.5911,0.09129,,,1.819,1.995,2.171,2.368,2.591,2.843,3.129,3.456,3.782,wfl-boys-zscore-expanded-table.xlsx
WFL,M,,,46,-0.3521,2.6077,0.09124,,,1.831,2.008,2.185,2.384,2.608,2.861,3.149,3.477,3.806,wfl-boys-zscore-expanded-table.xlsx
WFL,M,,,46.1,-0.3521,2.6244,0.09118,,,1.843,2.021,2.199,2.399,2.624,2.879,3.169,3.499,3.829,wfl-boys-zscore-expanded-table.xlsx
WFL,M,,,46.2,-0.3521,2.6411,0.09112,,,1.855,2.034,2.213,2.415,2.641,2.897,3.188,3.521,3.853,wfl-boys-zscore-expanded-table.xlsx
WFL,M,,,46.3,-0.3521,2.6578,0.09106,,,1.867,2.048,2.228,2.43,2.658,2.916,3.208,3.542,3.876,wfl-boys-zscore-expanded-table.xlsx
WFL,M,,,46.4,-0.3521,2.6745,0.091,,,1.88,2.061,2.242,2.445,2.674,2.934,3.228,3.564,3.899,wfl-boys-zscore-expanded-table.xlsx
WFL,M,,,46.5,-0.3521,2.6913,0.09094,,,1.892,2.074,2.256,2.461,2.691,2.952,3.248,3.585,3.923,wfl-boys-zscore-expanded-table.xlsx
WFL,M,,,46.6,-0.3521,2.7081,0.09088,,,1.904,2.087,2.271,2.476,2.708,2.97,3.268,3.607,3.946,wfl-boys-zscore-expanded-table.xlsx
WFL,M,,,46.7,-0.3521,2.7249,0.09083,,,1.916,2.101,2.285,2.492,2.725,2.988,3.288,3.629,3.97,wfl-boys-zscore-expanded-table.xlsx
WFL,M,,,46.8,-0.3521,2.7417,0.09077,,,1.929,2.114,2.299,2.507,2.742,3.007,3.307,3.65,3.993,wfl-boys-zscore-expanded-table.xlsx
WFL,M,,,46.9,-0.3521,2.7586,0.09071,,,1.941,2.127,2.314,2.523,2.759,3.025,3.327,3.672,4.017,wfl-boys-zscore-expanded-table.xlsx
WFL,M,,,47,-0.3521,2.7755,0.09065,,,1.953,2.141,2.328,2.539,2.776,3.043,3.347,3.694,4.041,wfl-boys-zscore-expanded-table.xlsx
WFL,M,,,47.1,-0.3521,2.7925,0.09059,,,1.966,2.154,2.343,2.554,2.792,3.062,3.367,3.716,4.064,wfl-boys-zscore-expanded-table.xlsx
WFL,M,,,47.2,-0.3521,2.8095,0.09053,,,1.978,2.168,2.357,2.57,2.81,3.08,3.388,3.738,4.088,wfl-boys-zscore-expanded-table.xlsx
WFL,M,,,47.3,-0.3521,2.8266,0.09047,,,1.991,2.181,2.372,2.586,2.827,3.099,3.408,3.76,4.112,wfl-boys-zscore-expanded-table.xlsx
WFL,M,,,47.4,-0.3521,2.8437,0.09042,,,2.003,2.195,2.386,2.602,2.844,3.117,3.428,3.782,4.136,wfl-boys-zscore-expanded-table.xlsx
WFL,M,,,47.5,-0.3521,2.8609,0.09036,,,2.015,2.208,2.401,2.617,2.861,3.136,3.448,3.804,4.16,wfl-boys-zscore-expanded-table.xlsx
WFL,M,,,47.6,-0.3521,2.8782,0.0903,,,2.028,2.222,2.416,2.633,2.878,3.155,3.469,3.826,4.184,wfl-boys-zscore-expanded-table.xlsx
WFL,M,,,47.7,-0.3521,2.8955,0.09024,,,2.041,2.236,2.431,2.649,2.896,3.174,3.489,3.848,4.208,wfl-boys-zscore-expanded-table.xlsx
WFL,M,,,47.8,-0.3521,2.9129,0.09018,,,2.054,2.25,2.446,2.665,2.913,3.192,3.51,3.871,4.232,wfl-boys-zscore-expanded-table.xlsx
WFL,M,,,47.9,-0.3521,2.9304,0.09012,,,2.066,2.263,2.461,2.682,2.93,3.211,3.53,3.893,4.256,wfl-boys-zscore-expanded-table.xlsx
WFL,M,,,48,-0.3521,2.948,0.09007,,,2.079,2.277,2.476,2.698,2.948,3.231,3.551,3.916,4.281,wfl-boys-zscore-expanded-table.xlsx
WFL,M,,,48.1,-0.3521,2.9657,0.09001,,,2.092,2.291,2.491,2.714,2.966,3.25,3.572,3.939,4.306,wfl-boys-zscore-expanded-table.xlsx
WFL,M,,,48.2,-0.3521,2.9835,0.08995,,,2.105,2.306,2.506,2.731,2.984,3.269,3.593,3.962,4.33,wfl-boys-zscore-expanded-table.xlsx
WFL,M,,,48.3,-0.3521,3.0014,0.08989,,,2.118,2.32,2.521,2.747,3.001,3.288,3.614,3.985,4.355,wfl-boys-zscore-expanded-table.xlsx
WFL,M,,,48.4,-0.3521,3.0195,0.08983,,,2.131,2.334,2.537,2.764,3.02,3.308,3.635,4.008,4.38,wfl-boys-zscore-expanded-table.xlsx
WFL,M,,,48.5,-0.3521,3.0377,0.08977,,,2.145,2.349,2.552,2.781,3.038,3.328,3.657,4.031,4.406,wfl-boys-zscore-expanded-table.xlsx
WFL,M,,,48.6,-0.3521,3.056,0.08972,,,2.158,2.363,2.568,2.798,3.056,3.348,3.678,4.055,4.431,wfl-boys-zscore-expanded-table.xlsx
WFL,M,,,48.7,-0.3521,3.0745,0.08966,,,2.172,2.378,2.584,2.815,3.074,3.368,3.7,4.078,4.457,wfl-boys-zscore-expanded-table.xlsx
WFL,M,,,48.8,-0.3521,3.0931,0.0896,,,2.185,2.393,2.6,2.832,3.093,3.388,3.722,4.102,4.483,wfl-boys-zscore-expanded-table.xlsx
WFL,M,,,48.9,-0.3521,3.1119,0.08954,,,2.199,2.407,2.616,2.849,3.112,3.408,3.744,4.126,4.509,wfl-boys-zscore-expanded-table.xlsx
WFL,M,,,49,-0.3521,3.1308,0.08948,,,2.213,2.422,2.632,2.867,3.131,3.429,3.766,4.151,4.535,wfl-boys-zscore-expanded-table.xlsx
WFL,M,,,49.1,-0.3521,3.1499,0.08943,,,2.227,2.438,2.648,2.884,3.15,3.45,3.789,4.175,4.562,wfl-boys-zscore-expanded-table.xlsx
WFL,M,,,49.2,-0.3521,3.1691,0.08937,,,2.241,2.453,2.665,2.902,3.169,3.47,3.812,4.2,4.588,wfl-boys-zscore-expanded-table.xlsx
WFL,M,,,49.3,-0.3521,3.1884,0.08931,,,2.255,2.468,2.681,2.92,3.188,3.491,3.834,4.225,4.615,wfl-boys-zscore-expanded-table.xlsx
WFL,M,,,49.4,-0.3521,3.2079,0.08925,,,2.269,2.484,2.698,2.938,3.208,3.512,3.857,4.25,4.642,wfl-boys-zscore-expanded-table.xlsx
WFL,M,,,49.5,-0.3521,3.2276,0.08919,,,2.284,2.499,2.715,2.956,3.228,3.534,3.881,4.275,4.669,wfl-boys-zscore-expanded-table.xlsx
WFL,M,,,49.6,-0.3521,3.2473,0.08913,,,2.298,2.515,2.732,2.974,3.247,3.555,3.904,4.3,4.697,wfl-boys-zscore-expanded-table.xlsx
WFL,M,,,49.7,-0.3521,3.2672,0.08908,,,2.313,2.531,2.749,2.993,3.267,3.577,3.927,4.326,4.724,wfl-boys-zscore-expanded-table.xlsx
WFL,M,,,49.8,-0.3521,3.2873,0.08902,,,2.328,2.547,2.766,3.011,3.287,3.598,3.951,4.352,4.752,wfl-boys-zscore-expanded-table.xlsx
WFL,M,,,49.9,-0.3521,3.3075,0.08896,,,2.342,2.563,2.783,3.03,3.308,3.62,3.975,4.377,4.78,wfl-boys-zscore-expanded-table.xlsx
WFL,M,,,50,-0.3521,3.3278,0.0889,,,2.357,2.579,2.801,3.049,3.328,3.642,3.999,4.403,4.808,wfl-boys-zscore-expanded-table.xlsx
WFL,M,,,50.1,-0.3521,3.3482,0.08884,,,2.372,2.595,2.818,3.068,3.348,3.664,4.023,4.43,4.837,wfl-boys-zscore-expanded-table.xlsx
WFL,M,,,50.2,-0.3521,3.3688,0.08878,,,2.387,2.612,2.836,3.087,3.369,3.687,4.047,4.456,4.865,wfl-boys-zscore-expanded-table.xlsx
WFL,M,,,50.3,-0.3521,3.3894,0.08872,,,2.403,2.628,2.853,3.106,3.389,3.709,4.071,4.482,4.894,wfl-boys-zscore-expanded-table.xlsx
WFL,M,,,50.4,-0.3521,3.4102,0.08867,,,2.418,2.645,2.871,3.125,3.41,3.732,4.096,4.509,4.922,wfl-boys-zscore-expanded-table.xlsx
WFL,M,,,50.5,-0.3521,3.4311,0.08861,,,2.433,2.661,2.889,3.144,3.431,3.754,4.12,4.536,4.951,wfl-boys-zscore-expanded-table.xlsx
WFL,M,,,50.6,-0.3521,3.4522,0.08855,,,2.449,2.678,2.907,3.164,3.452,3.777,4.145,4.563,4.981,wfl-boys-zscore-expanded-table.xlsx
WFL,M,,,50.7,-0.3521,3.4733,0.08849,,,2.464,2.695,2.925,3.183,3.473,3.8,4.17,4.59,5.01,wfl-boys-zscore-expanded-table.xlsx
WFL,M,,,50.8,-0.3521,3.4946,0.08843,,,2.48,2.712,2.944,3.203,3.495,3.823,4.195,4.617,5.039,wfl-boys-zscore-expanded-table.xlsx
WFL,M,,,50.9,-0.3521,3.5161,0.08837,,,2.496,2.729,2.962,3.223,3.516,3.846,4.22,4.644,5.069,wfl-boys-zscore-expanded-table.xlsx
WFL,M,,,51,-0.3521,3.5376,0.08831,,,2.512,2.746,2.981,3.243,3.538,3.87,4.245,4.672,5.099,wfl-boys-zscore-expanded-table.xlsx
WFL,M,,,51.1,-0.3521,3.5593,0.08825,,,2.528,2.763,2.999,3.263,3.559,3.893,4.271,4.7,5.128,wfl-boys-zscore-expanded-table.xlsx
WFL,M,,,51.2,-0.3521,3.5812,0.08819,,,2.544,2.781,3.018,3.283,3.581,3.917,4.296,4.728,5.159,wfl-boys-zscore-expanded-table.xlsx
WFL,M,,,51.3,-0.3521,3.6032,0.08813,,,2.56,2.798,3.037,3.304,3.603,3.941,4.322,4.756,5.189,wfl-boys-zscore-expanded-table.xlsx
WFL,M,,,51.4,-0.3521,3.6254,0.08807,,,2.576,2.816,3.056,3.324,3.625,3.965,4.348,4.784,5.22,wfl-boys-zscore-expanded-table.xlsx
WFL,M,,,51.5,-0.3521,3.6477,0.08801,,,2.593,2.834,3.075,3.345,3.648,3.989,4.375,4.813,5.25,wfl-boys-zscore-expanded-table.xlsx
WFL,M,,,51.6,-0.3521,3.6702,0.08795,,,2.609,2.852,3.094,3.366,3.67,4.013,4.401,4.841,5.281,wfl-boys-zscore-expanded-table.xlsx
WFL,M,,,51.7,-0.3521,3.6929,0.08789,,,2.626,2.87,3.114,3.387,3.693,4.038,4.428,4.87,5.313,wfl-boys-zscore-expanded-table.xlsx
WFL,M,,,51.8,-0.3521,3.7157,0.08783,,,2.643,2.888,3.133,3.408,3.716,4.062,4.454,4.899,5.344,wfl-boys-zscore-expanded-table.xlsx
WFL,M,,,51.9,-0.3521,3.7388,0.08777,,,2.66,2.907,3.153,3.429,3.739,4.087,4.482,4.929,5.376,wfl-boys-zscore-expanded-table.xlsx
WFL,M,,,52,-0.3521,3.762,0.08771,,,2.677,2.925,3.173,3.451,3.762,4.113,4.509,4.958,5.408,wfl-boys-zscore-expanded-table.xlsx
WFL,M,,,52.1,-0.3521,3.7855,0.08765,,,2.694,2.944,3.193,3.472,3.786,4.138,4.536,4.988,5.44,wfl-boys-zscore-expanded-table.xlsx
WFL,M,,,52.2,-0.3521,3.8092,0.08759,,,2.712,2.963,3.214,3.494,3.809,4.164,4.564,5.019,5.473,wfl-boys-zscore-expanded-table.xlsx
WFL,M,,,52.3,-0.3521,3.833,0.08753,,,2.729,2.982,3.234,3.516,3.833,4.189,4.592,5.049,5.506,wfl-boys-zscore-expanded-table.xlsx
WFL,M,,,52.4,-0.3521,3.8571,0.08747,,,2.747,3.001,3.255,3.539,3.857,4.215,4.62,5.08,5.539,wfl-boys-zscore-expanded-table.xlsx
WFL,M,,,52.5,-0.3521,3.8814,0.08741,,,2.765,3.02,3.276,3.561,3.881,4.242,4.649,5.111,5.572,wfl-boys-zscore-expanded-table.xlsx
WFL,M,,,52.6,-0.3521,3.9059,0.08735,,,2.783,3.04,3.297,3.584,3.906,4.268,4.678,5.142,5.606,wfl-boys-zscore-expanded-table.xlsx
WFL,M,,,52.7,-0.3521,3.9306,0.08729,,,2.801,3.06,3.318,3.607,3.931,4.295,4.707,5.173,5.64,wfl-boys-zscore-expanded-table.xlsx
WFL,M,,,52.8,-0.3521,3.9555,0.08723,,,2.82,3.08,3.339,3.63,3.956,4.322,4.736,5.205,5.674,wfl-boys-zscore-expanded-table.xlsx
WFL,M,,,52.9,-0.3521,3.9806,0.08717,,,2.838,3.1,3.361,3.653,3.981,4.349,4.765,5.237,5.709,wfl-boys-zscore-expanded-table.xlsx
WFL,M,,,53,-0.3521,4.006,0.08711,,,2.857,3.12,3.383,3.677,4.006,4.377,4.795,5.27,5.744,wfl-boys-zscore-expanded-table.xlsx
WFL,M,,,53.1,-0.3521,4.0315,0.08705,,,2.876,3.14,3.405,3.7,4.032,4.404,4.825,5.302,5.779,wfl-boys-zscore-expanded-table.xlsx
WFL,M,,,53.2,-0.3521,4.0572,0.08699,,,2.895,3.161,3.427,3.724,4.057,4.432,4.855,5.335,5.814,wfl-boys-zscore-expanded-table.xlsx
WFL,M,,,53.3,-0.3521,4.0831,0.08693,,,2.914,3.182,3.449,3.748,4.083,4.46,4.885,5.368,5.85,wfl-boys-zscore-expanded-table.xlsx
WFL,M,,,53.4,-0.3521,4.1092,0.08687,,,2.933,3.202,3.472,3.772,4.109,4.488,4.916,5.401,5.886,wfl-boys-zscore-expanded-table.xlsx
WFL,M,,,53.5,-0.3521,4.1354,0.08681,,,2.953,3.223,3.494,3.796,4.135,4.517,4.947,5.434,5.922,wfl-boys-zscore-expanded-table.xlsx
WFL,M,,,53.6,-0.3521,4.1619,0.08675,,,2.972,3.245,3.517,3.821,4.162,4.545,4.978,5.468,5.958,wfl-boys-zscore-expanded-table.xlsx
WFL,M,,,53.7,-0.3521,4.1885,0.08669,,,2.992,3.266,3.54,3.846,4.188,4.574,5.009,5.502,5.995,wfl-boys-zscore-expanded-table.xlsx
WFL,M,,,53.8,-0.3521,4.2153,0.08663,,,3.012,3.287,3.563,3.871,4.215,4.603,5.04,5.536,6.032,wfl-boys-zscore-expanded-table.xlsx
WFL,M,,,53.9,-0.3521,4.2422,0.08657,,,3.032,3.309,3.586,3.895,4.242,4.632,5.072,5.57,6.069,wfl-boys-zscore-expanded-table.xlsx
WFL,M,,,54,-0.3521,4.2693,0.08651,,,3.052,3.33,3.609,3.921,4.269,4.661,5.104,5.605,6.106,wfl-boys-zscore-expanded-table.xlsx
WFL,M,,,54.1,-0.3521,4.2965,0.08645,,,3.072,3.352,3.633,3.946,4.296,4.691,5.136,5.639,6.143,wfl-boys-zscore-expanded-table.xlsx
WFL,M,,,54.2,-0.3521,4.3239,0.08639,,,3.092,3.374,3.656,3.971,4.324,4.72,5.168,5.674,6.181,wfl-boys-zscore-expanded-table.xlsx
WFL,M,,,54.3,-0.3521,4.3513,0.08633,,,3.112,3.396,3.68,3.997,4.351,4.75,5.2,5.709,6.218,wfl-boys-zscore-expanded-table.xlsx
WFL,M,,,54.4,-0.3521,4.3789,0.08627,,,3.133,3.418,3.704,4.022,4.379,4.78,5.232,5.744,6.256,wfl-boys-zscore-expanded-table.xlsx
WFL,M,,,54.5,-0.3521,4.4066,0.08621,,,3.153,3.44,3.727,4.048,4.407,4.81,5.264,5.779,6.294,wfl-boys-zscore-expanded-table.xlsx
WFL,M,,,54.6,-0.3521,4.4344,0.08615,,,3.174,3.463,3.751,4.074,4.434,4.84,5.297,5.815,6.332,wfl-boys-zscore-expanded-table.xlsx
WFL,M,,,54.7,-0.3521,4.4623,0.0861,,,3.195,3.485,3.775,4.099,4.462,4.87,5.33,5.85,6.371,wfl-boys-zscore-expanded-table.xlsx
WFL,M,,,54.8,-0.3521,4.4903,0.08604,,,3.215,3.507,3.799,4.125,4.49,4.9,5.363,5.886,6.409,wfl-boys-zscore-expanded-table.xlsx
WFL,M,,,54.9,-0.3521,4.5185,0.08598,,,3.236,3.53,3.824,4.152,4.518,4.931,5.396,5.922,6.448,wfl-boys-zscore-expanded-table.xlsx
WFL,M,,,55,-0.3521,4.5467,0.08592,,,3.257,3.553,3.848,4.178,4.547,4.961,5.428,5.957,6.486,wfl-boys-zscore-expanded-table.xlsx
WFL,M,,,55.1,-0.3521,4.575,0.08586,,,3.278,3.575,3.872,4.204,4.575,4.992,5.462,5.993,6.525,wfl-boys-zscore-expanded-table.xlsx
WFL,M,,,55.2,-0.3521,4.6034,0.0858,,,3.299,3.598,3.897,4.23,4.603,5.022,5.495,6.029,6.564,wfl-boys-zscore-expanded-table.xlsx
WFL,M,,,55.3,-0.3521,4.6319,0.08575,,,3.32,3.621,3.921,4.257,4.632,5.053,5.528,6.066,6.603,wfl-boys-zscore-expanded-table.xlsx
WFL,M,,,55.4,-0.3521,4.6605,0.08569,,,3.342,3.644,3.946,4.283,4.66,5.084,5.562,6.102,6.642,wfl-boys-zscore-expanded-table.xlsx
WFL,M,,,55.5,-0.3521,4.6892,0.08563,,,3.363,3.667,3.971,4.31,4.689,5.115,5.595,6.138,6.681,wfl-boys-zscore-expanded-table.xlsx
WFL,M,,,55.6,-0.3521,4.718,0.08558,,,3.384,3.69,3.996,4.337,4.718,5.146,5.629,6.175,6.721,wfl-boys-zscore-expanded-table.xlsx
WFL,M,,,55.7,-0.3521,4.7469,0.08552,,,3.406,3.713,4.02,4.363,4.747,5.178,5.663,6.211,6.76,wfl-boys-zscore-expanded-table.xlsx
WFL,M,,,55.8,-0.3521,4.7758,0.08546,,,3.427,3.736,4.045,4.39,4.776,5.209,5.696,6.248,6.8,wfl-boys-zscore-expanded-table.xlsx
WFL,M,,,55.9,-0.3521,4.8048,0.08541,,,3.449,3.76,4.07,4.417,4.805,5.24,5.73,6.285,6.839,wfl-boys-zscore-expanded-table.xlsx
WFL,M,,,56,-0.3521,4.8338,0.08535,,,3.47,3.783,4.095,4.444,4.834,5.271,5.764,6.322,6.879,wfl-boys-zscore-expanded-table.xlsx
WFL,M,,,56.1,-0.3521,4.8629,0.08529,,,3.492,3.806,4.121,4.471,4.863,5.303,5.798,6.358,6.919,wfl-boys-zscore-expanded-table.xlsx
WFL,M,,,56.2,-0.3521,4.892,0.08524,,,3.514,3.83,4.146,4.498,4.892,5.334,5.832,6.395,6.958,wfl-boys-zscore-expanded-table.xlsx
WFL,M,,,56.3,-0.3521,4.9212,0.08518,,,3.535,3.853,4.171,4.525,4.921,5.366,5.866,6.432,6.998,wfl-boys-zscore-expanded-table.xlsx
WFL,M,,,56.4,-0.3521,4.9504,0.08513,,,3.557,3.876,4.196,4.552,4.95,5.397,5.901,6.469,7.038,wfl-boys-zscore-expanded-table.xlsx
WFL,M,,,56.5,-0.3521,4.9796,0.08507,,,3.579,3.9,4.221,4.579,4.98,5.429,5.935,6.506,7.078,wfl-boys-zscore-expanded-table.xlsx
WFL,M,,,56.6,-0.3521,5.0088,0.08502,,,3.6,3.923,4.246,4.606,5.009,5.46,5.969,6.543,7.118,wfl-boys-zscore-expanded-table.xlsx
WFL,M,,,56.7,-0.3521,5.0381,0.08497,,,3.622,3.947,4.272,4.633,5.038,5.492,6.003,6.581,7.158,wfl-boys-zscore-expanded-table.xlsx
WFL,M,,,56.8,-0.3521,5.0673,0.08491,,,3.644,3.97,4.297,4.661,5.067,5.524,6.037,6.617,7.198,wfl-boys-zscore-expanded-table.xlsx
WFL,M,,,56.9,-0.3521,5.0966,0.08486,,,3.666,3.994,4.322,4.688,5.097,5.555,6.071,6.655,7.238,wfl-boys-zscore-expanded-table.xlsx
WFL,M,,,57,-0.3521,5.1259,0.08481,,,3.687,4.017,4.347,4.715,5.126,5.587,6.106,6.692,7.278,wfl-boys-zscore-expanded-table.xlsx
WFL,M,,,57.1,-0.3521,5.1551,0.08475,,,3.709,4.041,4.373,4.742,5.155,5.618,6.14,6.728,7.317,wfl-boys-zscore-expanded-table.xlsx
WFL,M,,,57.2,-0.3521,5.1844,0.0847,,,3.731,4.064,4.398,4.769,5.184,5.65,6.174,6.766,7.357,wfl-boys-zscore-expanded-table.xlsx
WFL,M,,,57.3,-0.3521,5.2137,0.08465,,,3.753,4.088,4.423,4.796,5.214,5.682,6.208,6.803,7.397,wfl-boys-zscore-expanded-table.xlsx
WFL,M,,,57.4,-0.3521,5.2429,0.0846,,,3.775,4.111,4.448,4.824,5.243,5.713,6.242,6.84,7.437,wfl-boys-zscore-expanded-table.xlsx
WFL,M,,,57.5,-0.3521,5.2721,0.08455,,,3.796,4.135,4.474,4.851,5.272,5.745,6.276,6.877,7.477,wfl-boys-zscore-expanded-table.xlsx
WFL,M,,,57.6,-0.3521,5.3014,0.08449,,,3.818,4.159,4.499,4.878,5.301,5.776,6.31,6.913,7.517,wfl-boys-zscore-expanded-table.xlsx
WFL,M,,,57.7,-0.3521,5.3306,0.08444,,,3.84,4.182,4.524,4.905,5.331,5.808,6.344,6.95,7.556,wfl-boys-zscore-expanded-table.xlsx
WFL,M,,,57.8,-0.3521,5.3598,0.08439,,,3.862,4.206,4.549,4.932,5.36,5.839,6.378,6.987,7.596,wfl-boys-zscore-expanded-table.xlsx
WFL,M,,,57.9,-0.3521,5.3889,0.08434,,,3.884,4.229,4.574,4.959,5.389,5.871,6.412,7.024,7.636,wfl-boys-zscore-expanded-table.xlsx
WFL,M,,,58,-0.3521,5.418,0.0843,,,3.905,4.252,4.599,4.986,5.418,5.902,6.447,7.061,7.676,wfl-boys-zscore-expanded-table.xlsx
WFL,M,,,58.1,-0.3521,5.4471,0.08425,,,3.927,4.276,4.625,5.013,5.447,5.933,6.48,7.098,7.715,wfl-boys-zscore-expanded-table.xlsx
WFL,M,,,58.2,-0.3521,5.4762,0.0842,,,3.949,4.299,4.65,5.04,5.476,5.965,6.514,7.135,7.755,wfl-boys-zscore-expanded-table.xlsx
WFL,M,,,58.3,-0.3521,5.5053,0.08415,,,3.97,4.323,4.675,5.067,5.505,5.996,6.548,7.171,7.794,wfl-boys-zscore-expanded-table.xlsx
WFL,M,,,58.4,-0.3521,5.5343,0.0841,,,3.992,4.346,4.7,5.094,5.534,6.028,6.582,7.208,7.834,wfl-boys-zscore-expanded-table.xlsx
WFL,M,,,58.5,-0.3521,5.5632,0.08406,,,4.013,4.369,4.725,5.121,5.563,6.059,6.616,7.245,7.873,wfl-boys-zscore-expanded-table.xlsx
WFL,M,,,58.6,-0.3521,5.5922,0.08401,,,4.035,4.393,4.75,5.148,5.592,6.09,6.65,7.281,7.913,wfl-boys-zscore-expanded-table.xlsx
WFL,M,,,58.7,-0.3521,5.621,0.08397,,,4.056,4.416,4.775,5.175,5.621,6.121,6.683,7.318,7.952,wfl-boys-zscore-expanded-table.xlsx
WFL,M,,,58.8,-0.3521,5.6499,0.08392,,,4.078,4.439,4.8,5.201,5.65,6.152,6.717,7.354,7.991,wfl-boys-zscore-expanded-table.xlsx
WFL,M,,,58.9,-0.3521,5.6787,0.08388,,,4.1,4.462,4.825,5.228,5.679,6.183,6.751,7.391,8.031,wfl-boys-zscore-expanded-table.xlsx
WFL,M,,,59,-0.3521,5.7074,0.08383,,,4.121,4.485,4.849,5.255,5.707,6.214,6.784,7.427,8.069,wfl-boys-zscore-expanded-table.xlsx
WFL,M,,,59.1,-0.3521,5.7361,0.08379,,,4.142,4.508,4.874,5.281,5.736,6.245,6.818,7.463,8.109,wfl-boys-zscore-expanded-table.xlsx
WFL,M,,,59.2,-0.3521,5.7647,0.08375,,,4.164,4.531,4.899,5.308,5.765,6.276,6.851,7.499,8.148,wfl-boys-zscore-expanded-table.xlsx
WFL,M,,,59.3,-0.3521,5.7933,0.0837,,,4.185,4.554,4.924,5.335,5.793,6.307,6.884,7.535,8.186,wfl-boys-zscore-expanded-table.xlsx
WFL,M,,,59.4,-0.3521,5.8217,0.08366,,,4.206,4.577,4.948,5.361,5.822,6.338,6.917,7.571,8.225,wfl-boys-zscore-expanded-table.xlsx
WFL,M,,,59.5,-0.3521,5.8501,0.08362,,,4.227,4.6,4.973,5.387,5.85,6.368,6.951,7.607,8.264,wfl-boys-zscore-expanded-table.xlsx
WFL,M,,,59.6,-0.3521,5.8784,0.08358,,,4.249,4.623,4.997,5.414,5.878,6.399,6.984,7.643,8.302,wfl-boys-zscore-expanded-table.xlsx
WFL,M,,,59.7,-0.3521,5.9067,0.08354,,,4.27,4.646,5.022,5.44,5.907,6.429,7.017,7.679,8.341,wfl-boys-zscore-expanded-table.xlsx
WFL,M,,,59.8,-0.3521,5.9348,0.0835,,,4.291,4.668,5.046,5.466,5.935,6.46,7.049,7.714,8.379,wfl-boys-zscore-expanded-table.xlsx
WFL,M,,,59.9,-0.3521,5.9628,0.08346,,,4.311,4.691,5.07,5.492,5.963,6.49,7.082,7.75,8.417,wfl-boys-zscore-expanded-table.xlsx
WFL,M,,,60,-0.3521,5.9907,0.08342,,,4.332,4.713,5.094,5.518,5.991,6.52,7.115,7.785,8.455,wfl-boys-zscore-expanded-table.xlsx
WFL,M,,,60.1,-0.3521,6.0185,0.08339,,,4.353,4.735,5.118,5.544,6.018,6.55,7.147,7.82,8.493,wfl-boys-zscore-expanded-table.xlsx
WFL,M,,,60.2,-0.3521,6.0461,0.08335,,,4.374,4.758,5.142,5.569,6.046,6.58,7.179,7.855,8.531,wfl-boys-zscore-expanded-table.xlsx
WFL,M,,,60.3,-0.3521,6.0737,0.08331,,,4.394,4.78,5.166,5.595,6.074,6.61,7.211,7.89,8.568,wfl-boys-zscore-expanded-table.xlsx
WFL,M,,,60.4,-0.3521,6.1011,0.08328,,,4.414,4.802,5.189,5.62,6.101,6.639,7.244,7.925,8.606,wfl-boys-zscore-expanded-table.xlsx
WFL,M,,,60.5,-0.3521,6.1284,0.08324,,,4.435,4.824,5.213,5.646,6.128,6.669,7.275,7.959,8.643,wfl-boys-zscore-expanded-table.xlsx
WFL,M,,,60.6,-0.3521,6.1556,0.08321,,,4.455,4.846,5.236,5.671,6.156,6.698,7.307,7.994,8.68,wfl-boys-zscore-expanded-table.xlsx
WFL,M,,,60.7,-0.3521,6.1827,0.08317,,,4.475,4.868,5.26,5.696,6.183,6.727,7.339,8.028,8.717,wfl-boys-zscore-expanded-table.xlsx
WFL,M,,,60.8,-0.3521,6.2096,0.08314,,,4.495,4.889,5.283,5.721,6.21,6.756,7.37,8.062,8.754,wfl-boys-zscore-expanded-table.xlsx
WFL,M,,,60.9,-0.3521,6.2365,0.08311,,,4.515,4.911,5.306,5.746,6.236,6.785,7.402,8.096,8.791,wfl-boys-zscore-expanded-table.xlsx
WFL,M,,,61,-0.3521,6.2632,0.08308,,,4.535,4.932,5.329,5.771,6.263,6.814,7.433,8.13,8.827,wfl-boys-zscore-expanded-table.xlsx
WFL,M,,,61.1,-0.3521,6.2899,0.08304,,,4.555,4.954,5.352,5.796,6.29,6.843,7.464,8.164,8.863,wfl-boys-zscore-expanded-table.xlsx
WFL,M,,,61.2,-0.3521,6.3164,0.08301,,,4.575,4.975,5.375,5.82,6.316,6.872,7.495,8.197,8.899,wfl-boys-zscore-expanded-table.xlsx
WFL,M,,,61.3,-0.3521,6.3428,0.08298,,,4.595,4.996,5.398,5.845,6.343,6.9,7.526,8.231,8.935,wfl-boys-zscore-expanded-table.xlsx
WFL,M,,,61.4,-0.3521,6.3692,0.08295,,,4.614,5.017,5.421,5.869,6.369,6.929,7.557,8.264,8.971,wfl-boys-zscore-expanded-table.xlsx
WFL,M,,,61.5,-0.3521,6.3954,0.08292,,,4.634,5.039,5.443,5.893,6.395,6.957,7.587,8.297,9.007,wfl-boys-zscore-expanded-table.xlsx
WFL,M,,,61.6,-0.3521,6.4215,0.0829,,,4.653,5.059,5.466,5.918,6.422,6.985,7.618,8.33,9.043,wfl-boys-zscore-expanded-table.xlsx
WFL,M,,,61.7,-0.3521,6.4475,0.08287,,,4.672,5.08,5.488,5.942,6.448,7.013,7.648,8.363,9.079,wfl-boys-zscore-expanded-table.xlsx
WFL,M,,,61.8,-0.3521,6.4735,0.08284,,,4.692,5.101,5.511,5.966,6.474,7.041,7.679,8.396,9.114,wfl-boys-zscore-expanded-table.xlsx
WFL,M,,,61.9,-0.3521,6.4993,0.08281,,,4.711,5.122,5.533,5.99,6.499,7.069,7.709,8.429,9.149,wfl-boys-zscore-expanded-table.xlsx
WFL,M,,,62,-0.3521,6.5251,0.08279,,,4.73,5.143,5.555,6.014,6.525,7.097,7.739,8.462,9.185,wfl-boys-zscore-expanded-table.xlsx
WFL,M,,,62.1,-0.3521,6.5508,0.08276,,,4.749,5.163,5.577,6.038,6.551,7.125,7.769,8.494,9.22,wfl-boys-zscore-expanded-table.xlsx
WFL,M,,,62.2,-0.3521,6.5764,0.08273,,,4.768,5.184,5.599,6.061,6.576,7.152,7.799,8.527,9.255,wfl-boys-zscore-expanded-table.xlsx
WFL,M,,,62.3,-0.3521,6.6019,0.08271,,,4.787,5.204,5.621,6.085,6.602,7.18,7.829,8.559,9.29,wfl-boys-zscore-expanded-table.xlsx
WFL,M,,,62.4,-0.3521,6.6273,0.08268,,,4.806,5.225,5.643,6.109,6.627,7.207,7.858,8.591,9.324,wfl-boys-zscore-expanded-table.xlsx
WFL,M,,,62.5,-0.3521,6.6527,0.08266,,,4.825,5.245,5.665,6.132,6.653,7.235,7.888,8.624,9.359,wfl-boys-zscore-expanded-table.xlsx
WFL,M,,,62.6,-0.3521,6.678,0.08264,,,4.844,5.265,5.687,6.156,6.678,7.262,7.918,8.656,9.394,wfl-boys-zscore-expanded-table.xlsx
WFL,M,,,62.7,-0.3521,6.7033,0.08261,,,4.862,5.286,5.709,6.179,6.703,7.29,7.947,8.688,9.428,wfl-boys-zscore-expanded-table.xlsx
WFL,M,,,62.8,-0.3521,6.7284,0.08259,,,4.881,5.306,5.73,6.202,6.728,7.317,7.977,8.72,9.463,wfl-boys-zscore-expanded-table.xlsx
WFL,M,,,62.9,-0.3521,6.7535,0.08257,,,4.9,5.326,5.752,6.226,6.754,7.344,8.006,8.752,9.497,wfl-boys-zscore-expanded-table.xlsx
WFL,M,,,63,-0.3521,6.7786,0.08255,,,4.918,5.346,5.774,6.249,6.779,7.371,8.035,8.784,9.532,wfl-boys-zscore-expanded-table.xlsx
WFL,M,,,63.1,-0.3521,6.8035,0.08253,,,4.937,5.366,5.795,6.272,6.804,7.398,8.065,8.815,9.566,wfl-boys-zscore-expanded-table.xlsx
WFL,M,,,63.2,-0.3521,6.8285,0.08251,,,4.955,5.386,5.817,6.295,6.828,7.425,8.094,8.847,9.6,wfl-boys-zscore-expanded-table.xlsx
WFL,M,,,63.3,-0.3521,6.8533,0.08249,,,4.974,5.406,5.838,6.318,6.853,7.452,8.123,8.879,9.634,wfl-boys-zscore-expanded-table.xlsx
WFL,M,,,63.4,-0.3521,6.8781,0.08247,,,4.992,5.426,5.859,6.341,6.878,7.479,8.152,8.91,9.668,wfl-boys-zscore-expanded-table.xlsx
WFL,M,,,63.5,-0.3521,6.9028,0.08245,,,5.01,5.445,5.88,6.364,6.903,7.505,8.181,8.942,9.702,wfl-boys-zscore-expanded-table.xlsx
WFL,M,,,63.6,-0.3521,6.9275,0.08243,,,5.029,5.465,5.902,6.387,6.928,7.532,8.21,8.973,9.736,wfl-boys-zscore-expanded-table.xlsx
WFL,M,,,63.7,-0.3521,6.9521,0.08241,,,5.047,5.485,5.923,6.41,6.952,7.559,8.239,9.004,9.77,wfl-boys-zscore-expanded-table.xlsx
WFL,M,,,63.8,-0.3521,6.9766,0.0824,,,5.065,5.504,5.944,6.432,6.977,7.585,8.268,9.036,9.804,wfl-boys-zscore-expanded-table.xlsx
WFL,M,,,63.9,-0.3521,7.0011,0.08238,,,5.083,5.524,5.965,6.455,7.001,7.612,8.296,9.067,9.838,wfl-boys-zscore-expanded-table.xlsx
WFL,M,,,64,-0.3521,7.0255,0.08236,,,5.101,5.544,5.986,6.478,7.026,7.638,8.325,9.098,9.871,wfl-boys-zscore-expanded-table.xlsx
WFL,M,,,64.1,-0.3521,7.0499,0.08235,,,5.119,5.563,6.007,6.5,7.05,7.664,8.354,9.129,9.905,wfl-boys-zscore-expanded-table.xlsx
WFL,M,,,64.2,-0.3521,7.0742,0.08233,,,5.137,5.582,6.028,6.523,7.074,7.691,8.382,9.16,9.938,wfl-boys-zscore-expanded-table.xlsx
WFL,M,,,64.3,-0.3521,7.0984,0.08232,,,5.155,5.602,6.049,6.545,7.098,7.717,8.41,9.191,9.972,wfl-boys-zscore-expanded-table.xlsx
WFL,M,,,64.4,-0.3521,7.1226,0.0823,,,5.173,5.621,6.069,6.568,7.123,7.743,8.439,9.222,10.005,wfl-boys-zscore-expanded-table.xlsx
WFL,M,,,64.5,-0.3521,7.1467,0.08229,,,5.19,5.64,6.09,6.59,7.147,7.769,8.467,9.253,10.038,wfl-boys-zscore-expanded-table.xlsx
WFL,M,,,64.6,-0.3521,7.1708,0.08228,,,5.208,5.659,6.111,6.612,7.171,7.795,8.496,9.284,10.072,wfl-boys-zscore-expanded-table.xlsx
WFL,M,,,64.7,-0.3521,7.1948,0.08227,,,5.226,5.679,6.131,6.634,7.195,7.821,8.524,9.314,10.105,wfl-boys-zscore-expanded-table.xlsx
WFL,M,,,64.8,-0.3521,7.2188,0.08225,,,5.244,5.698,6.152,6.657,7.219,7.847,8.552,9.345,10.138,wfl-boys-zscore-expanded-table.xlsx
WFL,M,,,64.9,-0.3521,7.2427,0.08224,,,5.261,5.717,6.172,6.679,7.243,7.873,8.58,9.375,10.171,wfl-boys-zscore-expanded-table.xlsx
WFL,M,,,65,-0.3521,7.2666,0.08223,,,5.279,5.736,6.193,6.701,7.267,7.899,8.608,9.406,10.204,wfl-boys-zscore-expanded-table.xlsx
WFL,M,,,65.1,-0.3521,7.2905,0.08222,,,5.296,5.755,6.213,6.723,7.29,7.925,8.636,9.437,10.237,wfl-boys-zscore-expanded-table.xlsx
WFL,M,,,65.2,-0.3521,7.3143,0.08221,,,5.314,5.774,6.234,6.745,7.314,7.951,8.664,9.467,10.27,wfl-boys-zscore-expanded-table.xlsx
WFL,M,,,65.3,-0.3521,7.338,0.0822,,,5.331,5.793,6.254,6.767,7.338,7.976,8.692,9.498,10.303,wfl-boys-zscore-expanded-table.xlsx
WFL,M,,,65.4,-0.3521,7.3617,0.08219,,,5.349,5.812,6.274,6.789,7.362,8.002,8.72,9.528,10.336,wfl-boys-zscore-expanded-table.xlsx
WFL,M,,,65.5,-0.3521,7.3854,0.08218,,,5.366,5.83,6.295,6.811,7.385,8.028,8.748,9.558,10.369,wfl-boys-zscore-expanded-table.xlsx
WFL,M,,,65.6,-0.3521,7.4091,0.08218,,,5.383,5.849,6.315,6.833,7.409,8.053,8.776,9.589,10.402,wfl-boys-zscore-expanded-table.xlsx
WFL,M,,,65.7,-0.3521,7.4327,0.08217,,,5.401,5.868,6.335,6.854,7.433,8.079,8.804,9.619,10.435,wfl-boys-zscore-expanded-table.xlsx
WFL,M,,,65.8,-0.3521,7.4563,0.08216,,,5.418,5.887,6.355,6.876,7.456,8.105,8.831,9.649,10.467,wfl-boys-zscore-expanded-table.xlsx
WFL,M,,,65.9,-0.3521,7.4799,0.08216,,,5.435,5.905,6.376,6.898,7.48,8.13,8.859,9.68,10.5,wfl-boys-zscore-expanded-table.xlsx
WFL,M,,,66,-0.3521,7.5034,0.08215,,,5.452,5.924,6.396,6.92,7.503,8.156,8.887,9.71,10.533,wfl-boys-zscore-expanded-table.xlsx
WFL,M,,,66.1,-0.3521,7.5269,0.08214,,,5.47,5.943,6.416,6.941,7.527,8.181,8.915,9.74,10.566,wfl-boys-zscore-expanded-table.xlsx
WFL,M,,,66.2,-0.3521,7.5504,0.08214,,,5.487,5.961,6.436,6.963,7.55,8.207,8.943,9.771,10.599,wfl-boys-zscore-expanded-table.xlsx
WFL,M,,,66.3,-0.3521,7.5738,0.08214,,,5.504,5.98,6.456,6.985,7.574,8.232,8.97,9.801,10.631,wfl-boys-zscore-expanded-table.xlsx
WFL,M,,,66.4,-0.3521,7.5973,0.08213,,,5.521,5.999,6.476,7.006,7.597,8.258,8.998,9.831,10.664,wfl-boys-zscore-expanded-table.xlsx
WFL,M,,,66.5,-0.3521,7.6206,0.08213,,,5.538,6.017,6.496,7.028,7.621,8.283,9.026,9.861,10.697,wfl-boys-zscore-expanded-table.xlsx
WFL,M,,,66.6,-0.3521,7.644,0.08213,,,5.555,6.035,6.516,7.049,7.644,8.308,9.053,9.891,10.729,wfl-boys-zscore-expanded-table.xlsx
WFL,M,,,66.7,-0.3521,7.6673,0.08212,,,5.572,6.054,6.536,7.071,7.667,8.334,9.081,9.921,10.762,wfl-boys-zscore-expanded-table.xlsx
WFL,M,,,66.8,-0.3521,7.6906,0.08212,,,5.589,6.072,6.556,7.093,7.691,8.359,9.108,9.951,10.794,wfl-boys-zscore-expanded-table.xlsx
WFL,M,,,66.9,-0.3521,7.7138,0.08212,,,5.606,6.091,6.575,7.114,7.714,8.384,9.136,9.981,10.827,wfl-boys-zscore-expanded-table.xlsx
WFL,M,,,67,-0.3521,7.737,0.08212,,,5.623,6.109,6.595,7.135,7.737,8.409,9.163,10.011,10.86,wfl-boys-zscore-expanded-table.xlsx
WFL,M,,,67.1,-0.3521,7.7602,0.08212,,,5.64,6.127,6.615,7.157,7.76,8.435,9.191,10.041,10.892,wfl-boys-zscore-expanded-table.xlsx
WFL,M,,,67.2,-0.3521,7.7834,0.08212,,,5.656,6.146,6.635,7.178,7.783,8.46,9.218,10.071,10.925,wfl-boys-zscore-expanded-table.xlsx
WFL,M,,,67.3,-0.3521,7.8065,0.08212,,,5.673,6.164,6.654,7.199,7.806,8.485,9.246,10.101,10.957,wfl-boys-zscore-expanded-table.xlsx
WFL,M,,,67.4,-0.3521,7.8296,0.08212,,,5.69,6.182,6.674,7.221,7.83,8.51,9.273,10.131,10.989,wfl-boys-zscore-expanded-table.xlsx
WFL,M,,,67.5,-0.3521,7.8526,0.08212,,,5.707,6.2,6.694,7.242,7.853,8.535,9.3,10.161,11.022,wfl-boys-zscore-expanded-table.xlsx
WFL,M,,,67.6,-0.3521,7.8757,0.08212,,,5.724,6.218,6.713,7.263,7.876,8.56,9.327,10.191,11.054,wfl-boys-zscore-expanded-table.xlsx
WFL,M,,,67.7,-0.3521,7.8986,0.08213,,,5.74,6.236,6.733,7.284,7.899,8.585,9.355,10.221,11.087,wfl-boys-zscore-expanded-table.xlsx
WFL,M,,,67.8,-0.3521,7.9216,0.08213,,,5.757,6.255,6.752,7.306,7.922,8.61,9.382,10.251,11.119,wfl-boys-zscore-expanded-table.xlsx
WFL,M,,,67.9,-0.3521,7.9445,0.08213,,,5.773,6.273,6.772,7.327,7.944,8.635,9.409,10.28,11.151,wfl-boys-zscore-expanded-table.xlsx
WFL,M,,,68,-0.3521,7.9674,0.08214,,,5.79,6.291,6.791,7.348,7.967,8.66,9.436,10.31,11.184,wfl-boys-zscore-expanded-table.xlsx
WFL,M,,,68.1,-0.3521,7.9903,0.08214,,,5.806,6.309,6.811,7.369,7.99,8.685,9.464,10.34,11.216,wfl-boys-zscore-expanded-table.xlsx
WFL,M,,,68.2,-0.3521,8.0132,0.08214,,,5.823,6.327,6.83,7.39,8.013,8.71,9.491,10.369,11.248,wfl-boys-zscore-expanded-table.xlsx
WFL,M,,,68.3,-0.3521,8.036,0.08215,,,5.839,6.345,6.85,7.411,8.036,8.735,9.518,10.399,11.281,wfl-boys-zscore-expanded-table.xlsx
WFL,M,,,68.4,-0.3521,8.0588,0.08215,,,5.856,6.363,6.869,7.432,8.059,8.759,9.545,10.429,11.313,wfl-boys-zscore-expanded-table.xlsx
WFL,M,,,68.5,-0.3521,8.0816,0.08216,,,5.872,6.38,6.888,7.453,8.082,8.784,9.572,10.459,11.345,wfl-boys-zscore-expanded-table.xlsx
WFL,M,,,68.6,-0.3521,8.1044,0.08217,,,5.889,6.398,6.908,7.474,8.104,8.809,9.599,10.488,11.378,wfl-boys-zscore-expanded-table.xlsx
WFL,M,,,68.7,-0.3521,8.1272,0.08217,,,5.905,6.416,6.927,7.495,8.127,8.834,9.626,10.518,11.41,wfl-boys-zscore-expanded-table.xlsx
WFL,M,,,68.8,-0.3521,8.15,0.08218,,,5.922,6.434,6.946,7.516,8.15,8.859,9.654,10.548,11.442,wfl-boys-zscore-expanded-table.xlsx
WFL,M,,,68.9,-0.3521,8.1727,0.08219,,,5.938,6.452,6.966,7.537,8.173,8.884,9.681,10.578,11.474,wfl-boys-zscore-expanded-table.xlsx
WFL,M,,,69,-0.3521,8.1955,0.08219,,,5.954,6.47,6.985,7.558,8.196,8.908,9.708,10.607,11.507,wfl-boys-zscore-expanded-table.xlsx
WFL,M,,,69.1,-0.3521,8.2183,0.0822,,,5.971,6.488,7.004,7.579,8.218,8.933,9.735,10.637,11.539,wfl-boys-zscore-expanded-table.xlsx
WFL,M,,,69.2,-0.3521,8.241,0.08221,,,5.987,6.505,7.024,7.599,8.241,8.958,9.762,10.667,11.571,wfl-boys-zscore-expanded-table.xlsx
WFL,M,,,69.3,-0.3521,8.2638,0.08222,,,6.003,6.523,7.043,7.62,8.264,8.983,9.789,10.697,11.604,wfl-boys-zscore-expanded-table.xlsx
WFL,M,,,69.4,-0.3521,8.2865,0.08223,,,6.02,6.541,7.062,7.641,8.286,9.008,9.816,10.726,11.636,wfl-boys-zscore-expanded-table.xlsx
WFL,M,,,69.5,-0.3521,8.3092,0.08224,,,6.036,6.559,7.081,7.662,8.309,9.032,9.843,10.756,11.669,wfl-boys-zscore-expanded-table.xlsx
WFL,M,,,69.6,-0.3521,8.332,0.08225,,,6.052,6.576,7.101,7.683,8.332,9.057,9.871,10.786,11.701,wfl-boys-zscore-expanded-table.xlsx
WFL,M,,,69.7,-0.3521,8.3547,0.08226,,,6.068,6.594,7.12,7.704,8.355,9.082,9.898,10.816,11.734,wfl-boys-zscore-expanded-table.xlsx
WFL,M,,,69.8,-0.3521,8.3774,0.08227,,,6.085,6.612,7.139,7.725,8.377,9.107,9.925,10.845,11.766,wfl-boys-zscore-expanded-table.xlsx
WFL,M,,,69.9,-0.3521,8.4001,0.08228,,,6.101,6.63,7.158,7.746,8.4,9.132,9.952,10.875,11.798,wfl-boys-zscore-expanded-table.xlsx
WFL,M,,,70,-0.3521,8.4227,0.08229,,,6.117,6.647,7.177,7.766,8.423,9.156,9.979,10.905,11.831,wfl-boys-zscore-expanded-table.xlsx
WFL,M,,,70.1,-0.3521,8.4454,0.0823,,,6.133,6.665,7.197,7.787,8.445,9.181,10.006,10.934,11.863,wfl-boys-zscore-expanded-table.xlsx
WFL,M,,,70.2,-0.3521,8.468,0.08231,,,6.15,6.683,7.216,7.808,8.468,9.206,10.033,10.964,11.895,wfl-boys-zscore-expanded-table.xlsx
WFL,M,,,70.3,-0.3521,8.4906,0.08232,,,6.166,6.7,7.235,7.829,8.491,9.23,10.06,10.994,11.927,wfl-boys-zscore-expanded-table.xlsx
WFL,M,,,70.4,-0.3521,8.5132,0.08233,,,6.182,6.718,7.254,7.85,8.513,9.255,10.087,11.023,11.96,wfl-boys-zscore-expanded-table.xlsx
WFL,M,,,70.5,-0.3521,8.5358,0.08235,,,6.198,6.735,7.273,7.87,8.536,9.28,10.114,11.053,11.992,wfl-boys-zscore-expanded-table.xlsx
WFL,M,,,70.6,-0.3521,8.5583,0.08236,,,6.214,6.753,7.292,7.891,8.558,9.304,10.141,11.083,12.025,wfl-boys-zscore-expanded-table.xlsx
WFL,M,,,70.7,-0.3521,8.5808,0.08237,,,6.23,6.771,7.311,7.912,8.581,9.329,10.168,11.112,12.057,wfl-boys-zscore-expanded-table.xlsx
WFL,M,,,70.8,-0.3521,8.6032,0.08238,,,6.246,6.788,7.33,7.932,8.603,9.353,10.195,11.142,12.089,wfl-boys-zscore-expanded-table.xlsx
WFL,M,,,70.9,-0.3521,8.6257,0.0824,,,6.262,6.805,7.349,7.953,8.626,9.378,10.222,11.172,12.121,wfl-boys-zscore-expanded-table.xlsx
WFL,M,,,71,-0.3521,8.648,0.08241,,,6.278,6.823,7.368,7.973,8.648,9.402,10.248,11.201,12.153,wfl-boys-zscore-expanded-table.xlsx
WFL,M,,,71.1,-0.3521,8.6704,0.08242,,,6.294,6.84,7.387,7.994,8.67,9.427,10.275,11.23,12.185,wfl-boys-zscore-expanded-table.xlsx
WFL,M,,,71.2,-0.3521,8.6927,0.08243,,,6.31,6.858,7.406,8.014,8.693,9.451,10.302,11.259,12.217,wfl-boys-zscore-expanded-table.xlsx
WFL,M,,,71.3,-0.3521,8.715,0.08245,,,6.326,6.875,7.424,8.035,8.715,9.476,10.329,11.289,12.249,wfl-boys-zscore-expanded-table.xlsx
WFL,M,,,71.4,-0.3521,8.7372,0.08246,,,6.341,6.892,7.443,8.055,8.737,9.5,10.355,11.318,12.281,wfl-boys-zscore-expanded-table.xlsx
WFL,M,,,71.5,-0.3521,8.7594,0.08248,,,6.357,6.909,7.462,8.075,8.759,9.524,10.382,11.348,12.313,wfl-boys-zscore-expanded-table.xlsx
WFL,M,,,71.6,-0.3521,8.7815,0.08249,,,6.373,6.927,7.48,8.096,8.782,9.548,10.408,11.377,12.345,wfl-boys-zscore-expanded-table.xlsx
WFL,M,,,71.7,-0.3521,8.8036,0.0825,,,6.389,6.944,7.499,8.116,8.804,9.572,10.435,11.406,12.377,wfl-boys-zscore-expanded-table.xlsx
WFL,M,,,71.8,-0.3521,8.8257,0.08252,,,6.404,6.961,7.518,8.136,8.826,9.597,10.461,11.435,12.409,wfl-boys-zscore-expanded-table.xlsx
WFL,M,,,71.9,-0.3521,8.8477,0.08253,,,6.42,6.978,7.536,8.156,8.848,9.621,10.488,11.464,12.44,wfl-boys-zscore-expanded-table.xlsx
WFL,M,,,72,-0.3521,8.8697,0.08254,,,6.436,6.995,7.555,8.177,8.87,9.645,10.514,11.493,12.472,wfl-boys-zscore-expanded-table.xlsx
WFL,M,,,72.1,-0.3521,8.8916,0.08256,,,6.451,7.012,7.573,8.197,8.892,9.669,10.54,11.522,12.504,wfl-boys-zscore-expanded-table.xlsx
WFL,M,,,72.2,-0.3521,8.9135,0.08257,,,6.467,7.029,7.592,8.217,8.914,9.693,10.567,11.551,12.535,wfl-boys-zscore-expanded-table.xlsx
WFL,M,,,72.3,-0.3521,8.9353,0.08259,,,6.482,7.046,7.61,8.237,8.935,9.716,10.593,11.58,12.567,wfl-boys-zscore-expanded-table.xlsx
WFL,M,,,72.4,-0.3521,8.9571,0.0826,,,6.498,7.063,7.628,8.257,8.957,9.74,10.619,11.608,12.598,wfl-boys-zscore-expanded-table.xlsx
WFL,M,,,72.5,-0.3521,8.9788,0.08262,,,6.513,7.08,7.647,8.277,8.979,9.764,10.645,11.637,12.629,wfl-boys-zscore-expanded-table.xlsx
WFL,M,,,72.6,-0.3521,9.0005,0.08263,,,6.528,7.097,7.665,8.296,9,9.788,10.671,11.666,12.66,wfl-boys-zscore-expanded-table.xlsx
WFL,M,,,72.7,-0.3521,9.0221,0.08264,,,6.544,7.113,7.683,8.316,9.022,9.811,10.697,11.694,12.691,wfl-boys-zscore-expanded-table.xlsx
WFL,M,,,72.8,-0.3521,9.0436,0.08266,,,6.559,7.13,7.701,8.336,9.044,9.835,10.723,11.723,12.723,wfl-boys-zscore-expanded-table.xlsx
WFL,M,,,72.9,-0.3521,9.0651,0.08267,,,6.574,7.147,7.719,8.356,9.065,9.858,10.749,11.751,12.754,wfl-boys-zscore-expanded-table.xlsx
WFL,M,,,73,-0.3521,9.0865,0.08269,,,6.589,7.163,7.737,8.375,9.086,9.882,10.774,11.78,12.785,wfl-boys-zscore-expanded-table.xlsx
WFL,M,,,73.1,-0.3521,9.1079,0.0827,,,6.604,7.18,7.755,8.395,9.108,9.905,10.8,11.808,12.815,wfl-boys-zscore-expanded-table.xlsx
WFL,M,,,73.2,-0.3521,9.1292,0.08272,,,6.619,7.196,7.773,8.414,9.129,9.929,10.826,11.836,12.846,wfl-boys-zscore-expanded-table.xlsx
WFL,M,,,73.3,-0.3521,9.1504,0.08273,,,6.635,7.213,7.791,8.434,9.15,9.952,10.851,11.864,12.877,wfl-boys-zscore-expanded-table.xlsx
WFL,M,,,73.4,-0.3521,9.1716,0.08274,,,6.65,7.229,7.809,8.453,9.172,9.975,10.877,11.892,12.907,wfl-boys-zscore-expanded-table.xlsx
WFL,M,,,73.5,-0.3521,9.1927,0.08276,,,6.664,7.246,7.827,8.473,9.193,9.998,10.902,11.92,12.938,wfl-boys-zscore-expanded-table.xlsx
WFL,M,,,73.6,-0.3521,9.2137,0.08277,,,6.679,7.262,7.844,8.492,9.214,10.021,10.927,11.948,12.968,wfl-boys-zscore-expanded-table.xlsx
WFL,M,,,73.7,-0.3521,9.2347,0.08278,,,6.694,7.278,7.862,8.511,9.235,10.044,10.952,11.975,12.998,wfl-boys-zscore-expanded-table.xlsx
WFL,M,,,73.8,-0.3521,9.2557,0.0828,,,6.709,7.294,7.88,8.53,9.256,10.067,10.978,12.003,13.029,wfl-boys-zscore-expanded-table.xlsx
WFL,M,,,73.9,-0.3521,9.2766,0.08281,,,6.724,7.311,7.897,8.549,9.277,10.09,11.003,12.031,13.059,wfl-boys-zscore-expanded-table.xlsx
WFL,M,,,74,-0.3521,9.2974,0.08283,,,6.739,7.327,7.915,8.568,9.297,10.113,11.028,12.059,13.089,wfl-boys-zscore-expanded-table.xlsx
WFL,M,,,74.1,-0.3521,9.3182,0.08284,,,6.753,7.343,7.932,8.588,9.318,10.135,11.053,12.086,13.119,wfl-boys-zscore-expanded-table.xlsx
WFL,M,,,74.2,-0.3521,9.339,0.08285,,,6.768,7.359,7.95,8.607,9.339,10.158,11.078,12.113,13.149,wfl-boys-zscore-expanded-table.xlsx
WFL,M,,,74.3,-0.3521,9.3597,0.08287,,,6.783,7.375,7.967,8.626,9.36,10.181,11.103,12.141,13.179,wfl-boys-zscore-expanded-table.xlsx
WFL,M,,,74.4,-0.3521,9.3803,0.08288,,,6.797,7.391,7.985,8.644,9.38,10.203,11.127,12.168,13.209,wfl-boys-zscore-expanded-table.xlsx
WFL,M,,,74.5,-0.3521,9.401,0.08289,,,6.812,7.407,8.002,8.663,9.401,10.226,11.152,12.195,13.239,wfl-boys-zscore-expanded-table.xlsx
WFL,M,,,74.6,-0.3521,9.4215,0.0829,,,6.827,7.423,8.019,8.682,9.422,10.248,11.177,12.222,13.268,wfl-boys-zscore-expanded-table.xlsx
WFL,M,,,74.7,-0.3521,9.442,0.08292,,,6.841,7.439,8.036,8.701,9.442,10.271,11.201,12.25,13.298,wfl-boys-zscore-expanded-table.xlsx
WFL,M,,,74.8,-0.3521,9.4625,0.08293,,,6.856,7.455,8.054,8.72,9.462,10.293,11.226,12.277,13.327,wfl-boys-zscore-expanded-table.xlsx
WFL,M,,,74.9,-0.3521,9.4829,0.08294,,,6.87,7.471,8.071,8.738,9.483,10.316,11.25,12.304,13.357,wfl-boys-zscore-expanded-table.xlsx
WFL,M,,,75,-0.3521,9.5032,0.08295,,,6.885,7.486,8.088,8.757,9.503,10.338,11.275,12.33,13.386,wfl-boys-zscore-expanded-table.xlsx
WFL,M,,,75.1,-0.3521,9.5235,0.08297,,,6.899,7.502,8.105,8.776,9.524,10.36,11.299,12.357,13.416,wfl-boys-zscore-expanded-table.xlsx
WFL,M,,,75.2,-0.3521,9.5438,0.08298,,,6.913,7.518,8.122,8.794,9.544,10.382,11.324,12.384,13.445,wfl-boys-zscore-expanded-table.xlsx
WFL,M,,,75.3,-0.3521,9.5639,0.08299,,,6.928,7.533,8.139,8.813,9.564,10.404,11.348,12.411,13.474,wfl-boys-zscore-expanded-table.xlsx
WFL,M,,,75.4,-0.3521,9.5841,0.083,,,6.942,7.549,8.156,8.831,9.584,10.426,11.372,12.437,13.503,wfl-boys-zscore-expanded-table.xlsx
WFL,M,,,75.5,-0.3521,9.6041,0.08301,,,6.956,7.565,8.173,8.85,9.604,10.448,11.396,12.464,13.531,wfl-boys-zscore-expanded-table.xlsx
WFL,M,,,75.6,-0.3521,9.6241,0.08302,,,6.97,7.58,8.19,8.868,9.624,10.47,11.42,12.49,13.56,wfl-boys-zscore-expanded-table.xlsx
WFL,M,,,75.7,-0.3521,9.644,0.08303,,,6.985,7.596,8.207,8.886,9.644,10.492,11.444,12.516,13.589,wfl-boys-zscore-expanded-table.xlsx
WFL,M,,,75.8,-0.3521,9.6639,0.08305,,,6.998,7.611,8.223,8.904,9.664,10.514,11.468,12.543,13.618,wfl-boys-zscore-expanded-table.xlsx
WFL,M,,,75.9,-0.3521,9.6836,0.08306,,,7.012,7.626,8.24,8.922,9.684,10.535,11.492,12.569,13.646,wfl-boys-zscore-expanded-table.xlsx
WFL,M,,,76,-0.3521,9.7033,0.08307,,,7.026,7.641,8.257,8.94,9.703,10.557,11.515,12.595,13.675,wfl-boys-zscore-expanded-table.xlsx
WFL,M,,,76.1,-0.3521,9.723,0.08307,,,7.041,7.657,8.273,8.959,9.723,10.578,11.539,12.621,13.702,wfl-boys-zscore-expanded-table.xlsx
WFL,M,,,76.2,-0.3521,9.7425,0.08308,,,7.055,7.672,8.29,8.976,9.742,10.6,11.562,12.646,13.731,wfl-boys-zscore-expanded-table.xlsx
WFL,M,,,76.3,-0.3521,9.762,0.08309,,,7.068,7.687,8.306,8.994,9.762,10.621,11.585,12.672,13.759,wfl-boys-zscore-expanded-table.xlsx
WFL,M,,,76.4,-0.3521,9.7814,0.0831,,,7.082,7.702,8.323,9.012,9.781,10.642,11.609,12.698,13.787,wfl-boys-zscore-expanded-table.xlsx
WFL,M,,,76.5,-0.3521,9.8007,0.08311,,,7.096,7.717,8.339,9.03,9.801,10.663,11.632,12.723,13.814,wfl-boys-zscore-expanded-table.xlsx
WFL,M,,,76.6,-0.3521,9.82,0.08312,,,7.11,7.732,8.355,9.048,9.82,10.684,11.655,12.749,13.842,wfl-boys-zscore-expanded-table.xlsx
WFL,M,,,76.7,-0.3521,9.8392,0.08312,,,7.123,7.747,8.371,9.065,9.839,10.705,11.678,12.773,13.869,wfl-boys-zscore-expanded-table.xlsx
WFL,M,,,76.8,-0.3521,9.8583,0.08313,,,7.137,7.762,8.387,9.083,9.858,10.726,11.701,12.799,13.897,wfl-boys-zscore-expanded-table.xlsx
WFL,M,,,76.9,-0.3521,9.8773,0.08314,,,7.151,7.777,8.403,9.1,9.877,10.747,11.723,12.824,13.924,wfl-boys-zscore-expanded-table.xlsx
WFL,M,,,77,-0.3521,9.8963,0.08314,,,7.164,7.792,8.42,9.118,9.896,10.768,11.746,12.848,13.951,wfl-boys-zscore-expanded-table.xlsx
WFL,M,,,77.1,-0.3521,9.9152,0.08315,,,7.178,7.807,8.436,9.135,9.915,10.788,11.769,12.873,13.978,wfl-boys-zscore-expanded-table.xlsx
WFL,M,,,77.2,-0.3521,9.9341,0.08315,,,7.191,7.821,8.452,9.152,9.934,10.809,11.791,12.898,14.005,wfl-boys-zscore-expanded-table.xlsx
WFL,M,,,77.3,-0.3521,9.9528,0.08316,,,7.205,7.836,8.467,9.17,9.953,10.829,11.813,12.923,14.032,wfl-boys-zscore-expanded-table.xlsx
WFL,M,,,77.4,-0.3521,9.9716,0.08316,,,7.218,7.851,8.483,9.187,9.972,10.85,11.836,12.947,14.058,wfl-boys-zscore-expanded-table.xlsx
WFL,M,,,77.5,-0.3521,9.9902,0.08317,,,7.231,7.865,8.499,9.204,9.99,10.87,11.858,12.972,14.085,wfl-boys-zscore-expanded-table.xlsx
WFL,M,,,77.6,-0.3521,10.0088,0.08317,,,7.245,7.88,8.515,9.221,10.009,10.89,11.88,12.996,14.111,wfl-boys-zscore-expanded-table.xlsx
WFL,M,,,77.7,-0.3521,10.0274,0.08317,,,7.258,7.895,8.531,9.238,10.027,10.911,11.902,13.02,14.137,wfl-boys-zscore-expanded-table.xlsx
WFL,M,,,77.8,-0.3521,10.0459,0.08318,,,7.271,7.909,8.546,9.255,10.046,10.931,11.925,13.044,14.164,wfl-boys-zscore-expanded-table.xlsx
WFL,M,,,77.9,-0.3521,10.0643,0.08318,,,7.285,7.923,8.562,9.272,10.064,10.951,11.946,13.068,14.19,wfl-boys-zscore-expanded-table.xlsx
WFL,M,,,78,-0.3521,10.0827,0.08318,,,7.298,7.938,8.578,9.289,10.083,10.971,11.968,13.092,14.216,wfl-boys-zscore-expanded-table.xlsx
WFL,M,,,78.1,-0.3521,10.1011,0.08318,,,7.311,7.952,8.593,9.306,10.101,10.991,11.99,13.116,14.242,wfl-boys-zscore-expanded-table.xlsx
WFL,M,,,78.2,-0.3521,10.1194,0.08318,,,7.325,7.967,8.609,9.323,10.119,11.011,12.012,13.14,14.268,wfl-boys-zscore-expanded-table.xlsx
WFL,M,,,78.3,-0.3521,10.1377,0.08318,,,7.338,7.981,8.624,9.34,10.138,11.031,12.033,13.164,14.294,wfl-boys-zscore-expanded-table.xlsx
WFL,M,,,78.4,-0.3521,10.1559,0.08318,,,7.351,7.995,8.64,9.356,10.156,11.051,12.055,13.187,14.319,wfl-boys-zscore-expanded-table.xlsx
WFL,M,,,78.5,-0.3521,10.1741,0.08318,,,7.364,8.01,8.655,9.373,10.174,11.07,12.077,13.211,14.345,wfl-boys-zscore-expanded-table.xlsx
WFL,M,,,78.6,-0.3521,10.1923,0.08317,,,7.378,8.024,8.671,9.39,10.192,11.09,12.098,13.234,14.37,wfl-boys-zscore-expanded-table.xlsx
WFL,M,,,78.7,-0.3521,10.2105,0.08317,,,7.391,8.039,8.686,9.407,10.21,11.11,12.12,13.258,14.396,wfl-boys-zscore-expanded-table.xlsx
WFL,M,,,78.8,-0.3521,10.2286,0.08317,,,7.404,8.053,8.702,9.424,10.229,11.13,12.141,13.281,14.421,wfl-boys-zscore-expanded-table.xlsx
WFL,M,,,78.9,-0.3521,10.2468,0.08316,,,7.417,8.067,8.718,9.44,10.247,11.149,12.162,13.304,14.446,wfl-boys-zscore-expanded-table.xlsx
WFL,M,,,79,-0.3521,10.2649,0.08316,,,7.431,8.082,8.733,9.457,10.265,11.169,12.184,13.328,14.472,wfl-boys-zscore-expanded-table.xlsx
WFL,M,,,79.1,-0.3521,10.2831,0.08315,,,7.444,8.096,8.749,9.474,10.283,11.189,12.205,13.351,14.497,wfl-boys-zscore-expanded-table.xlsx
WFL,M,,,79.2,-0.3521,10.3012,0.08315,,,7.457,8.111,8.764,9.491,10.301,11.208,12.227,13.375,14.522,wfl-boys-zscore-expanded-table.xlsx
WFL,M,,,79.3,-0.3521,10.3194,0.08314,,,7.471,8.125,8.78,9.507,10.319,11.228,12.248,13.398,14.547,wfl-boys-zscore-expanded-table.xlsx
WFL,M,,,79.4,-0.3521,10.3376,0.08313,,,7.484,8.14,8.795,9.524,10.338,11.248,12.269,13.421,14.572,wfl-boys-zscore-expanded-table.xlsx
WFL,M,,,79.5,-0.3521,10.3558,0.08313,,,7.497,8.154,8.811,9.541,10.356,11.267,12.291,13.445,14.598,wfl-boys-zscore-expanded-table.xlsx
WFL,M,,,79.6,-0.3521,10.3741,0.08312,,,7.511,8.169,8.826,9.558,10.374,11.287,12.313,13.468,14.623,wfl-boys-zscore-expanded-table.xlsx
WFL,M,,,79.7,-0.3521,10.3923,0.08311,,,7.524,8.183,8.842,9.575,10.392,11.307,12.334,13.491,14.648,wfl-boys-zscore-expanded-table.xlsx
WFL,M,,,79.8,-0.3521,10.4107,0.0831,,,7.538,8.198,8.858,9.592,10.411,11.327,12.355,13.514,14.674,wfl-boys-zscore-expanded-table.xlsx
WFL,M,,,79.9,-0.3521,10.4291,0.08309,,,7.551,8.213,8.874,9.609,10.429,11.347,12.377,13.538,14.699,wfl-boys-zscore-expanded-table.xlsx
WFL,M,,,80,-0.3521,10.4475,0.08308,,,7.565,8.227,8.89,9.626,10.448,11.367,12.399,13.561,14.724,wfl-boys-zscore-expanded-table.xlsx
WFL,M,,,80.1,-0.3521,10.466,0.08307,,,7.579,8.242,8.906,9.643,10.466,11.387,12.42,13.585,14.75,wfl-boys-zscore-expanded-table.xlsx
WFL,M,,,80.2,-0.3521,10.4845,0.08305,,,7.593,8.257,8.922,9.66,10.484,11.407,12.442,13.608,14.774,wfl-boys-zscore-expanded-table.xlsx
WFL,M,,,80.3,-0.3521,10.5031,0.08304,,,7.606,8.272,8.938,9.678,10.503,11.427,12.464,13.632,14.8,wfl-boys-zscore-expanded-table.xlsx
WFL,M,,,80.4,-0.3521,10.5217,0.08303,,,7.62,8.287,8.954,9.695,10.522,11.447,12.485,13.655,14.826,wfl-boys-zscore-expanded-table.xlsx
WFL,M,,,80.5,-0.3521,10.5405,0.08301,,,7.634,8.302,8.97,9.712,10.54,11.467,12.507,13.679,14.851,wfl-boys-zscore-expanded-table.xlsx
WFL,M,,,80.6,-0.3521,10.5592,0.083,,,7.648,8.317,8.986,9.73,10.559,11.487,12.529,13.703,14.876,wfl-boys-zscore-expanded-table.xlsx
WFL,M,,,80.7,-0.3521,10.5781,0.08298,,,7.662,8.332,9.002,9.747,10.578,11.508,12.551,13.726,14.902,wfl-boys-zscore-expanded-table.xlsx
WFL,M,,,80.8,-0.3521,10.597,0.08297,,,7.676,8.348,9.019,9.765,10.597,11.528,12.573,13.75,14.928,wfl-boys-zscore-expanded-table.xlsx
WFL,M,,,80.9,-0.3521,10.6161,0.08295,,,7.691,8.363,9.035,9.783,10.616,11.549,12.595,13.774,14.953,wfl-boys-zscore-expanded-table.xlsx
WFL,M,,,81,-0.3521,10.6352,0.08293,,,7.705,8.379,9.052,9.8,10.635,11.569,12.617,13.798,14.979,wfl-boys-zscore-expanded-table.xlsx
WFL,M,,,81.1,-0.3521,10.6544,0.08291,,,7.72,8.394,9.069,9.818,10.654,11.59,12.64,13.822,15.005,wfl-boys-zscore-expanded-table.xlsx
WFL,M,,,81.2,-0.3521,10.6737,0.0829,,,7.734,8.41,9.085,9.836,10.674,11.611,12.662,13.847,15.031,wfl-boys-zscore-expanded-table.xlsx
WFL,M,,,81.3,-0.3521,10.6931,0.08288,,,7.749,8.425,9.102,9.854,10.693,11.631,12.685,13.871,15.057,wfl-boys-zscore-expanded-table.xlsx
WFL,M,,,81.4,-0.3521,10.7126,0.08286,,,7.763,8.441,9.119,9.872,10.713,11.652,12.707,13.895,15.084,wfl-boys-zscore-expanded-table.xlsx
WFL,M,,,81.5,-0.3521,10.7322,0.08284,,,7.778,8.457,9.136,9.891,10.732,11.673,12.73,13.92,15.11,wfl-boys-zscore-expanded-table.xlsx
WFL,M,,,81.6,-0.3521,10.752,0.08282,,,7.793,8.473,9.153,9.909,10.752,11.695,12.753,13.945,15.136,wfl-boys-zscore-expanded-table.xlsx
WFL,M,,,81.7,-0.3521,10.7718,0.08279,,,7.808,8.489,9.171,9.928,10.772,11.716,12.776,13.969,15.162,wfl-boys-zscore-expanded-table.xlsx
WFL,M,,,81.8,-0.3521,10.7918,0.08277,,,7.823,8.506,9.188,9.946,10.792,11.737,12.799,13.994,15.189,wfl-boys-zscore-expanded-table.xlsx
WFL,M,,,81.9,-0.3521,10.8119,0.08275,,,7.839,8.522,9.205,9.965,10.812,11.759,12.822,14.019,15.216,wfl-boys-zscore-expanded-table.xlsx
WFL,M,,,82,-0.3521,10.8321,0.08273,,,7.854,8.538,9.223,9.984,10.832,11.781,12.845,14.044,15.243,wfl-boys-zscore-expanded-table.xlsx
WFL,M,,,82.1,-0.3521,10.8524,0.0827,,,7.869,8.555,9.241,10.003,10.852,11.803,12.869,14.069,15.27,wfl-boys-zscore-expanded-table.xlsx
WFL,M,,,82.2,-0.3521,10.8728,0.08268,,,7.885,8.572,9.258,10.022,10.873,11.824,12.892,14.095,15.297,wfl-boys-zscore-expanded-table.xlsx
WFL,M,,,82.3,-0.3521,10.8934,0.08265,,,7.901,8.589,9.277,10.041,10.893,11.847,12.916,14.12,15.324,wfl-boys-zscore-expanded-table.xlsx
WFL,M,,,82.4,-0.3521,10.9142,0.08263,,,7.916,8.606,9.295,10.06,10.914,11.869,12.94,14.146,15.352,wfl-boys-zscore-expanded-table.xlsx
WFL,M,,,82.5,-0.3521,10.935,0.0826,,,7.932,8.623,9.313,10.08,10.935,11.891,12.964,14.172,15.38,wfl-boys-zscore-expanded-table.xlsx
WFL,M,,,82.6,-0.3521,10.956,0.08258,,,7.948,8.64,9.331,10.099,10.956,11.914,12.988,14.198,15.408,wfl-boys-zscore-expanded-table.xlsx
WFL,M,,,82.7,-0.3521,10.9772,0.08255,,,7.965,8.657,9.35,10.119,10.977,11.936,13.013,14.224,15.436,wfl-boys-zscore-expanded-table.xlsx
WFL,M,,,82.8,-0.3521,10.9985,0.08252,,,7.981,8.675,9.368,10.139,10.998,11.959,13.037,14.25,15.464,wfl-boys-zscore-expanded-table.xlsx
WFL,M,,,82.9,-0.3521,11.0199,0.08249,,,7.997,8.692,9.387,10.159,11.02,11.982,13.061,14.277,15.492,wfl-boys-zscore-expanded-table.xlsx
WFL,M,,,83,-0.3521,11.0415,0.08246,,,8.014,8.71,9.406,10.179,11.042,12.005,13.086,14.303,15.52,wfl-boys-zscore-expanded-table.xlsx
WFL,M,,,83.1,-0.3521,11.0632,0.08244,,,8.03,8.728,9.425,10.2,11.063,12.029,13.111,14.33,15.549,wfl-boys-zscore-expanded-table.xlsx
WFL,M,,,83.2,-0.3521,11.0851,0.08241,,,8.047,8.746,9.444,10.22,11.085,12.052,13.137,14.357,15.578,wfl-boys-zscore-expanded-table.xlsx
WFL,M,,,83.3,-0.3521,11.1071,0.08238,,,8.064,8.764,9.463,10.241,11.107,12.076,13.162,14.384,15.607,wfl-boys-zscore-expanded-table.xlsx
WFL,M,,,83.4,-0.3521,11.1293,0.08235,,,8.081,8.782,9.483,10.262,11.129,12.099,13.187,14.412,15.636,wfl-boys-zscore-expanded-table.xlsx
WFL,M,,,83.5,-0.3521,11.1516,0.08231,,,8.098,8.8,9.503,10.282,11.152,12.123,13.213,14.439,15.665,wfl-boys-zscore-expanded-table.xlsx
WFL,M,,,83.6,-0.3521,11.174,0.08228,,,8.116,8.819,9.522,10.303,11.174,12.147,13.238,14.466,15.694,wfl-boys-zscore-expanded-table.xlsx
WFL,M,,,83.7,-0.3521,11.1966,0.08225,,,8.133,8.837,9.542,10.325,11.197,12.171,13.264,14.494,15.724,wfl-boys-zscore-expanded-table.xlsx
WFL,M,,,83.8,-0.3521,11.2193,0.08222,,,8.15,8.856,9.562,10.346,11.219,12.196,13.29,14.522,15.754,wfl-boys-zscore-expanded-table.xlsx
WFL,M,,,83.9,-0.3521,11.2422,0.08219,,,8.168,8.875,9.582,10.367,11.242,12.22,13.316,14.55,15.784,wfl-boys-zscore-expanded-table.xlsx
WFL,M,,,84,-0.3521,11.2651,0.08215,,,8.186,8.894,9.602,10.389,11.265,12.244,13.342,14.578,15.814,wfl-boys-zscore-expanded-table.xlsx
WFL,M,,,84.1,-0.3521,11.2882,0.08212,,,8.203,8.913,9.622,10.41,11.288,12.269,13.369,14.606,15.844,wfl-boys-zscore-expanded-table.xlsx
WFL,M,,,84.2,-0.3521,11.3114,0.08209,,,8.221,8.932,9.643,10.432,11.311,12.294,13.396,14.635,15.874,wfl-boys-zscore-expanded-table.xlsx
WFL,M,,,84.3,-0.3521,11.3347,0.08205,,,8.239,8.951,9.663,10.454,11.335,12.319,13.422,14.663,15.904,wfl-boys-zscore-expanded-table.xlsx
WFL,M,,,84.4,-0.3521,11.3581,0.08202,,,8.257,8.971,9.684,10.476,11.358,12.344,13.449,14.692,15.935,wfl-boys-zscore-expanded-table.xlsx
WFL,M,,,84.5,-0.3521,11.3817,0.08198,,,8.276,8.99,9.705,10.498,11.382,12.369,13.476,14.721,15.966,wfl-boys-zscore-expanded-table.xlsx
WFL,M,,,84.6,-0.3521,11.4053,0.08195,,,8.294,9.01,9.725,10.52,11.405,12.394,13.503,14.75,15.997,wfl-boys-zscore-expanded-table.xlsx
WFL,M,,,84.7,-0.3521,11.429,0.08191,,,8.312,9.029,9.746,10.542,11.429,12.42,13.53,14.778,16.027,wfl-boys-zscore-expanded-table.xlsx
WFL,M,,,84.8,-0.3521,11.4529,0.08188,,,8.331,9.049,9.767,10.565,11.453,12.445,13.557,14.808,16.059,wfl-boys-zscore-expanded-table.xlsx
WFL,M,,,84.9,-0.3521,11.4768,0.08184,,,8.349,9.069,9.788,10.587,11.477,12.471,13.584,14.837,16.089,wfl-boys-zscore-expanded-table.xlsx
WFL,M,,,85,-0.3521,11.5007,0.08181,,,8.368,9.088,9.809,10.61,11.501,12.496,13.612,14.866,16.121,wfl-boys-zscore-expanded-table.xlsx
WFL,M,,,85.1,-0.3521,11.5248,0.08177,,,8.387,9.109,9.831,10.632,11.525,12.522,13.639,14.895,16.152,wfl-boys-zscore-expanded-table.xlsx
WFL,M,,,85.2,-0.3521,11.549,0.08174,,,8.405,9.128,9.852,10.655,11.549,12.548,13.667,14.925,16.184,wfl-boys-zscore-expanded-table.xlsx
WFL,M,,,85.3,-0.3521,11.5732,0.0817,,,8.424,9.149,9.873,10.678,11.573,12.573,13.694,14.955,16.215,wfl-boys-zscore-expanded-table.xlsx
WFL,M,,,85.4,-0.3521,11.5975,0.08166,,,8.443,9.169,9.895,10.7,11.598,12.599,13.722,14.984,16.246,wfl-boys-zscore-expanded-table.xlsx
WFL,M,,,85.5,-0.3521,11.6218,0.08163,,,8.462,9.189,9.916,10.723,11.622,12.625,13.75,15.014,16.278,wfl-boys-zscore-expanded-table.xlsx
WFL,M,,,85.6,-0.3521,11.6462,0.08159,,,8.481,9.209,9.938,10.746,11.646,12.651,13.777,15.043,16.31,wfl-boys-zscore-expanded-table.xlsx
WFL,M,,,85.7,-0.3521,11.6707,0.08156,,,8.499,9.229,9.959,10.769,11.671,12.678,13.806,15.074,16.342,wfl-boys-zscore-expanded-table.xlsx
WFL,M,,,85.8,-0.3521,11.6952,0.08152,,,8.519,9.25,9.981,10.792,11.695,12.704,13.833,15.103,16.373,wfl-boys-zscore-expanded-table.xlsx
WFL,M,,,85.9,-0.3521,11.7198,0.08148,,,8.538,9.27,10.002,10.815,11.72,12.73,13.861,15.133,16.405,wfl-boys-zscore-expanded-table.xlsx
WFL,M,,,86,-0.3521,11.7444,0.08145,,,8.557,9.29,10.024,10.838,11.744,12.756,13.89,15.163,16.437,wfl-boys-zscore-expanded-table.xlsx
WFL,M,,,86.1,-0.3521,11.769,0.08141,,,8.576,9.311,10.046,10.861,11.769,12.782,13.917,15.193,16.469,wfl-boys-zscore-expanded-table.xlsx
WFL,M,,,86.2,-0.3521,11.7937,0.08138,,,8.595,9.331,10.067,10.884,11.794,12.809,13.946,15.224,16.501,wfl-boys-zscore-expanded-table.xlsx
WFL,M,,,86.3,-0.3521,11.8184,0.08134,,,8.614,9.352,10.089,10.908,11.818,12.835,13.974,15.253,16.533,wfl-boys-zscore-expanded-table.xlsx
WFL,M,,,86.4,-0.3521,11.8431,0.08131,,,8.633,9.372,10.111,10.931,11.843,12.862,14.002,15.284,16.565,wfl-boys-zscore-expanded-table.xlsx
WFL,M,,,86.5,-0.3521,11.8678,0.08128,,,8.652,9.392,10.133,10.954,11.868,12.888,14.03,15.314,16.598,wfl-boys-zscore-expanded-table.xlsx
WFL,M,,,86.6,-0.3521,11.8926,0.08124,,,8.672,9.413,10.154,10.977,11.893,12.914,14.059,15.344,16.63,wfl-boys-zscore-expanded-table.xlsx
WFL,M,,,86.7,-0.3521,11.9173,0.08121,,,8.691,9.433,10.176,11,11.917,12.941,14.087,15.374,16.662,wfl-boys-zscore-expanded-table.xlsx
WFL,M,,,86.8,-0.3521,11.9421,0.08118,,,8.71,9.454,10.198,11.023,11.942,12.967,14.115,15.405,16.695,wfl-boys-zscore-expanded-table.xlsx
WFL,M,,,86.9,-0.3521,11.9668,0.08114,,,8.729,9.474,10.22,11.047,11.967,12.994,14.143,15.435,16.726,wfl-boys-zscore-expanded-table.xlsx
WFL,M,,,87,-0.3521,11.9916,0.08111,,,8.748,9.495,10.242,11.07,11.992,13.02,14.172,15.465,16.759,wfl-boys-zscore-expanded-table.xlsx
WFL,M,,,87.1,-0.3521,12.0163,0.08108,,,8.767,9.515,10.263,11.093,12.016,13.047,14.2,15.496,16.791,wfl-boys-zscore-expanded-table.xlsx
WFL,M,,,87.2,-0.3521,12.0411,0.08105,,,8.786,9.536,10.285,11.116,12.041,13.073,14.228,15.526,16.824,wfl-boys-zscore-expanded-table.xlsx
WFL,M,,,87.3,-0.3521,12.0658,0.08102,,,8.805,9.556,10.307,11.139,12.066,13.099,14.257,15.556,16.856,wfl-boys-zscore-expanded-table.xlsx
WFL,M,,,87.4,-0.3521,12.0905,0.08099,,,8.824,9.576,10.328,11.163,12.09,13.126,14.285,15.587,16.888,wfl-boys-zscore-expanded-table.xlsx
WFL,M,,,87.5,-0.3521,12.1152,0.08096,,,8.843,9.597,10.35,11.186,12.115,13.152,14.313,15.617,16.921,wfl-boys-zscore-expanded-table.xlsx
WFL,M,,,87.6,-0.3521,12.1398,0.08093,,,8.862,9.617,10.372,11.209,12.14,13.179,14.341,15.647,16.953,wfl-boys-zscore-expanded-table.xlsx
WFL,M,,,87.7,-0.3521,12.1645,0.0809,,,8.881,9.637,10.393,11.232,12.164,13.205,14.37,15.677,16.985,wfl-boys-zscore-expanded-table.xlsx
WFL,M,,,87.8,-0.3521,12.1891,0.08087,,,8.9,9.658,10.415,11.255,12.189,13.231,14.398,15.708,17.017,wfl-boys-zscore-expanded-table.xlsx
WFL,M,,,87.9,-0.3521,12.2136,0.08084,,,8.919,9.678,10.436,11.278,12.214,13.257,14.426,15.738,17.05,wfl-boys-zscore-expanded-table.xlsx
WFL,M,,,88,-0.3521,12.2382,0.08082,,,8.938,9.698,10.458,11.301,12.238,13.284,14.454,15.768,17.082,wfl-boys-zscore-expanded-table.xlsx
WFL,M,,,88.1,-0.3521,12.2627,0.08079,,,8.957,9.718,10.479,11.324,12.263,13.31,14.482,15.798,17.114,wfl-boys-zscore-expanded-table.xlsx
WFL,M,,,88.2,-0.3521,12.2871,0.08076,,,8.975,9.738,10.501,11.347,12.287,13.336,14.51,15.828,17.146,wfl-boys-zscore-expanded-table.xlsx
WFL,M,,,88.3,-0.3521,12.3116,0.08074,,,8.994,9.758,10.522,11.369,12.312,13.362,14.538,15.859,17.179,wfl-boys-zscore-expanded-table.xlsx
WFL,M,,,88.4,-0.3521,12.336,0.08071,,,9.013,9.778,10.544,11.392,12.336,13.389,14.566,15.889,17.211,wfl-boys-zscore-expanded-table.xlsx
WFL,M,,,88.5,-0.3521,12.3603,0.08069,,,9.031,9.798,10.565,11.415,12.36,13.415,14.594,15.919,17.243,wfl-boys-zscore-expanded-table.xlsx
WFL,M,,,88.6,-0.3521,12.3846,0.08067,,,9.05,9.818,10.586,11.438,12.385,13.441,14.622,15.949,17.276,wfl-boys-zscore-expanded-table.xlsx
WFL,M,,,88.7,-0.3521,12.4089,0.08064,,,9.069,9.838,10.607,11.46,12.409,13.467,14.65,15.979,17.307,wfl-boys-zscore-expanded-table.xlsx
WFL,M,,,88.8,-0.3521,12.4332,0.08062,,,9.087,9.858,10.629,11.483,12.433,13.493,14.678,16.009,17.34,wfl-boys-zscore-expanded-table.xlsx
WFL,M,,,88.9,-0.3521,12.4574,0.0806,,,9.105,9.877,10.65,11.506,12.457,13.519,14.706,16.039,17.372,wfl-boys-zscore-expanded-table.xlsx
WFL,M,,,89,-0.3521,12.4815,0.08058,,,9.124,9.897,10.671,11.528,12.482,13.545,14.734,16.069,17.404,wfl-boys-zscore-expanded-table.xlsx
WFL,M,,,89.1,-0.3521,12.5057,0.08056,,,9.142,9.917,10.692,11.551,12.506,13.571,14.762,16.099,17.436,wfl-boys-zscore-expanded-table.xlsx
WFL,M,,,89.2,-0.3521,12.5298,0.08054,,,9.16,9.937,10.713,11.573,12.53,13.597,14.79,16.129,17.469,wfl-boys-zscore-expanded-table.xlsx
WFL,M,,,89.3,-0.3521,12.5538,0.08052,,,9.179,9.956,10.734,11.596,12.554,13.622,14.818,16.159,17.501,wfl-boys-zscore-expanded-table.xlsx
WFL,M,,,89.4,-0.3521,12.5778,0.0805,,,9.197,9.976,10.755,11.618,12.578,13.648,14.845,16.189,17.533,wfl-boys-zscore-expanded-table.xlsx
WFL,M,,,89.5,-0.3521,12.6017,0.08048,,,9.215,9.995,10.775,11.64,12.602,13.674,14.873,16.219,17.564,wfl-boys-zscore-expanded-table.xlsx
WFL,M,,,89.6,-0.3521,12.6257,0.08047,,,9.233,10.015,10.796,11.663,12.626,13.7,14.901,16.249,17.597,wfl-boys-zscore-expanded-table.xlsx
WFL,M,,,89.7,-0.3521,12.6495,0.08045,,,9.251,10.034,10.817,11.685,12.65,13.725,14.928,16.278,17.629,wfl-boys-zscore-expanded-table.xlsx
WFL,M,,,89.8,-0.3521,12.6734,0.08044,,,9.269,10.053,10.838,11.707,12.673,13.751,14.956,16.309,17.661,wfl-boys-zscore-expanded-table.xlsx
WFL,M,,,89.9,-0.3521,12.6972,0.08042,,,9.287,10.073,10.858,11.729,12.697,13.776,14.984,16.338,17.693,wfl-boys-zscore-expanded-table.xlsx
WFL,M,,,90,-0.3521,12.7209,0.08041,,,9.305,10.092,10.879,11.751,12.721,13.802,15.011,16.368,17.725,wfl-boys-zscore-expanded-table.xlsx
WFL,M,,,90.1,-0.3521,12.7446,0.08039,,,9.323,10.111,10.899,11.773,12.745,13.827,15.039,16.398,17.757,wfl-boys-zscore-expanded-table.xlsx
WFL,M,,,90.2,-0.3521,12.7683,0.08038,,,9.34,10.13,10.92,11.795,12.768,13.853,15.066,16.428,17.789,wfl-boys-zscore-expanded-table.xlsx
WFL,M,,,90.3,-0.3521,12.792,0.08037,,,9.358,10.149,10.94,11.817,12.792,13.879,15.094,16.458,17.821,wfl-boys-zscore-expanded-table.xlsx
WFL,M,,,90.4,-0.3521,12.8156,0.08035,,,9.376,10.169,10.961,11.839,12.816,13.904,15.121,16.487,17.853,wfl-boys-zscore-expanded-table.xlsx
WFL,M,,,90.5,-0.3521,12.8392,0.08034,,,9.394,10.188,10.981,11.861,12.839,13.929,15.149,16.517,17.885,wfl-boys-zscore-expanded-table.xlsx
WFL,M,,,90.6,-0.3521,12.8628,0.08033,,,9.411,10.207,11.002,11.883,12.863,13.955,15.176,16.546,17.917,wfl-boys-zscore-expanded-table.xlsx
WFL,M,,,90.7,-0.3521,12.8864,0.08032,,,9.429,10.226,11.022,11.905,12.886,13.98,15.204,16.576,17.949,wfl-boys-zscore-expanded-table.xlsx
WFL,M,,,90.8,-0.3521,12.9099,0.08031,,,9.446,10.244,11.043,11.927,12.91,14.006,15.231,16.606,17.981,wfl-boys-zscore-expanded-table.xlsx
WFL,M,,,90.9,-0.3521,12.9334,0.0803,,,9.464,10.263,11.063,11.949,12.933,14.031,15.258,16.636,18.013,wfl-boys-zscore-expanded-table.xlsx
WFL,M,,,91,-0.3521,12.9569,0.0803,,,9.481,10.282,11.083,11.97,12.957,14.057,15.286,16.666,18.046,wfl-boys-zscore-expanded-table.xlsx
WFL,M,,,91.1,-0.3521,12.9804,0.08029,,,9.499,10.301,11.103,11.992,12.98,14.082,15.314,16.696,18.078,wfl-boys-zscore-expanded-table.xlsx
WFL,M,,,91.2,-0.3521,13.0038,0.08028,,,9.516,10.32,11.123,12.014,13.004,14.107,15.341,16.725,18.109,wfl-boys-zscore-expanded-table.xlsx
WFL,M,,,91.3,-0.3521,13.0273,0.08027,,,9.534,10.339,11.144,12.036,13.027,14.132,15.368,16.755,18.141,wfl-boys-zscore-expanded-table.xlsx
WFL,M,,,91.4,-0.3521,13.0507,0.08027,,,9.551,10.357,11.164,12.057,13.051,14.158,15.396,16.785,18.174,wfl-boys-zscore-expanded-table.xlsx
WFL,M,,,91.5,-0.3521,13.0742,0.08026,,,9.569,10.376,11.184,12.079,13.074,14.183,15.423,16.815,18.206,wfl-boys-zscore-expanded-table.xlsx
WFL,M,,,91.6,-0.3521,13.0976,0.08026,,,9.586,10.395,11.204,12.101,13.098,14.209,15.451,16.845,18.238,wfl-boys-zscore-expanded-table.xlsx
WFL,M,,,91.7,-0.3521,13.1209,0.08025,,,9.603,10.414,11.224,12.123,13.121,14.234,15.478,16.874,18.27,wfl-boys-zscore-expanded-table.xlsx
WFL,M,,,91.8,-0.3521,13.1443,0.08025,,,9.62,10.432,11.244,12.144,13.144,14.259,15.506,16.904,18.303,wfl-boys-zscore-expanded-table.xlsx
WFL,M,,,91.9,-0.3521,13.1677,0.08025,,,9.637,10.451,11.264,12.166,13.168,14.284,15.533,16.934,18.335,wfl-boys-zscore-expanded-table.xlsx
WFL,M,,,92,-0.3521,13.191,0.08025,,,9.654,10.469,11.284,12.187,13.191,14.31,15.561,16.964,18.368,wfl-boys-zscore-expanded-table.xlsx
WFL,M,,,92.1,-0.3521,13.2143,0.08025,,,9.671,10.488,11.304,12.209,13.214,14.335,15.588,16.994,18.4,wfl-boys-zscore-expanded-table.xlsx
WFL,M,,,92.2,-0.3521,13.2376,0.08024,,,9.689,10.507,11.324,12.231,13.238,14.36,15.615,17.024,18.432,wfl-boys-zscore-expanded-table.xlsx
WFL,M,,,92.3,-0.3521,13.2609,0.08024,,,9.706,10.525,11.344,12.252,13.261,14.385,15.643,17.054,18.464,wfl-boys-zscore-expanded-table.xlsx
WFL,M,,,92.4,-0.3521,13.2842,0.08024,,,9.723,10.544,11.364,12.274,13.284,14.411,15.67,17.083,18.497,wfl-boys-zscore-expanded-table.xlsx
WFL,M,,,92.5,-0.3521,13.3075,0.08025,,,9.74,10.562,11.384,12.295,13.308,14.436,15.698,17.114,18.53,wfl-boys-zscore-expanded-table.xlsx
WFL,M,,,92.6,-0.3521,13.3308,0.08025,,,9.757,10.58,11.404,12.317,13.331,14.461,15.726,17.144,18.562,wfl-boys-zscore-expanded-table.xlsx
WFL,M,,,92.7,-0.3521,13.3541,0.08025,,,9.774,10.599,11.424,12.338,13.354,14.487,15.753,17.174,18.595,wfl-boys-zscore-expanded-table.xlsx
WFL,M,,,92.8,-0.3521,13.3773,0.08025,,,9.791,10.617,11.444,12.359,13.377,14.512,15.78,17.204,18.627,wfl-boys-zscore-expanded-table.xlsx
WFL,M,,,92.9,-0.3521,13.4006,0.08026,,,9.807,10.635,11.463,12.381,13.401,14.537,15.808,17.234,18.66,wfl-boys-zscore-expanded-table.xlsx
WFL,M,,,93,-0.3521,13.4239,0.08026,,,9.824,10.654,11.483,12.402,13.424,14.563,15.836,17.264,18.693,wfl-boys-zscore-expanded-table.xlsx
WFL,M,,,93.1,-0.3521,13.4472,0.08027,,,9.841,10.672,11.503,12.424,13.447,14.588,15.864,17.295,18.726,wfl-boys-zscore-expanded-table.xlsx
WFL,M,,,93.2,-0.3521,13.4705,0.08027,,,9.858,10.691,11.523,12.445,13.47,14.613,15.891,17.325,18.758,wfl-boys-zscore-expanded-table.xlsx
WFL,M,,,93.3,-0.3521,13.4937,0.08028,,,9.875,10.709,11.543,12.467,13.494,14.639,15.919,17.355,18.792,wfl-boys-zscore-expanded-table.xlsx
WFL,M,,,93.4,-0.3521,13.5171,0.08028,,,9.892,10.727,11.563,12.488,13.517,14.664,15.946,17.385,18.824,wfl-boys-zscore-expanded-table.xlsx
WFL,M,,,93.5,-0.3521,13.5404,0.08029,,,9.909,10.745,11.582,12.51,13.54,14.689,15.974,17.416,18.857,wfl-boys-zscore-expanded-table.xlsx
WFL,M,,,93.6,-0.3521,13.5637,0.0803,,,9.925,10.764,11.602,12.531,13.564,14.715,16.002,17.446,18.891,wfl-boys-zscore-expanded-table.xlsx
WFL,M,,,93.7,-0.3521,13.587,0.08031,,,9.942,10.782,11.622,12.552,13.587,14.74,16.03,17.477,18.924,wfl-boys-zscore-expanded-table.xlsx
WFL,M,,,93.8,-0.3521,13.6104,0.08032,,,9.959,10.8,11.641,12.574,13.61,14.766,16.058,17.508,18.957,wfl-boys-zscore-expanded-table.xlsx
WFL,M,,,93.9,-0.3521,13.6338,0.08033,,,9.975,10.818,11.661,12.595,13.634,14.791,16.086,17.538,18.991,wfl-boys-zscore-expanded-table.xlsx
WFL,M,,,94,-0.3521,13.6572,0.08034,,,9.992,10.837,11.681,12.617,13.657,14.817,16.114,17.569,19.024,wfl-boys-zscore-expanded-table.xlsx
WFL,M,,,94.1,-0.3521,13.6806,0.08035,,,10.009,10.855,11.701,12.638,13.681,14.842,16.142,17.6,19.058,wfl-boys-zscore-expanded-table.xlsx
WFL,M,,,94.2,-0.3521,13.7041,0.08036,,,10.026,10.873,11.721,12.66,13.704,14.868,16.17,17.63,19.091,wfl-boys-zscore-expanded-table.xlsx
WFL,M,,,94.3,-0.3521,13.7275,0.08037,,,10.042,10.891,11.741,12.682,13.728,14.894,16.198,17.661,19.125,wfl-boys-zscore-expanded-table.xlsx
WFL,M,,,94.4,-0.3521,13.751,0.08038,,,10.059,10.91,11.76,12.703,13.751,14.919,16.226,17.692,19.158,wfl-boys-zscore-expanded-table.xlsx
WFL,M,,,94.5,-0.3521,13.7746,0.0804,,,10.076,10.928,11.78,12.725,13.775,14.945,16.254,17.723,19.193,wfl-boys-zscore-expanded-table.xlsx
WFL,M,,,94.6,-0.3521,13.7981,0.08041,,,10.093,10.946,11.8,12.746,13.798,14.971,16.282,17.754,19.226,wfl-boys-zscore-expanded-table.xlsx
WFL,M,,,94.7,-0.3521,13.8217,0.08043,,,10.109,10.964,11.82,12.768,13.822,14.997,16.311,17.786,19.261,wfl-boys-zscore-expanded-table.xlsx
WFL,M,,,94.8,-0.3521,13.8454,0.08044,,,10.126,10.983,11.84,12.79,13.845,15.023,16.339,17.817,19.295,wfl-boys-zscore-expanded-table.xlsx
WFL,M,,,94.9,-0.3521,13.8691,0.08046,,,10.143,11.001,11.86,12.811,13.869,15.049,16.368,17.849,19.329,wfl-boys-zscore-expanded-table.xlsx
WFL,M,,,95,-0.3521,13.8928,0.08047,,,10.16,11.02,11.88,12.833,13.893,15.074,16.396,17.88,19.363,wfl-boys-zscore-expanded-table.xlsx
WFL,M,,,95.1,-0.3521,13.9165,0.08049,,,10.176,11.038,11.899,12.855,13.916,15.1,16.425,17.911,19.398,wfl-boys-zscore-expanded-table.xlsx
WFL,M,,,95.2,-0.3521,13.9403,0.08051,,,10.193,11.056,11.919,12.876,13.94,15.127,16.454,17.943,19.433,wfl-boys-zscore-expanded-table.xlsx
WFL,M,,,95.3,-0.3521,13.9642,0.08052,,,10.21,11.075,11.94,12.898,13.964,15.153,16.482,17.974,19.467,wfl-boys-zscore-expanded-table.xlsx
WFL,M,,,95.4,-0.3521,13.9881,0.08054,,,10.227,11.093,11.96,12.92,13.988,15.179,16.511,18.006,19.502,wfl-boys-zscore-expanded-table.xlsx
WFL,M,,,95.5,-0.3521,14.012,0.08056,,,10.243,11.111,11.98,12.942,14.012,15.205,16.54,18.038,19.537,wfl-boys-zscore-expanded-table.xlsx
WFL,M,,,95.6,-0.3521,14.036,0.08058,,,10.26,11.13,12,12.964,14.036,15.232,16.569,18.07,19.572,wfl-boys-zscore-expanded-table.xlsx
WFL,M,,,95.7,-0.3521,14.06,0.0806,,,10.277,11.148,12.02,12.986,14.06,15.258,16.598,18.103,19.607,wfl-boys-zscore-expanded-table.xlsx
WFL,M,,,95.8,-0.3521,14.0841,0.08062,,,10.294,11.167,12.04,13.008,14.084,15.284,16.627,18.135,19.642,wfl-boys-zscore-expanded-table.xlsx
WFL,M,,,95.9,-0.3521,14.1083,0.08064,,,10.31,11.185,12.06,13.03,14.108,15.311,16.657,18.167,19.678,wfl-boys-zscore-expanded-table.xlsx
WFL,M,,,96,-0.3521,14.1325,0.08067,,,10.327,11.204,12.08,13.052,14.132,15.338,16.686,18.2,19.714,wfl-boys-zscore-expanded-table.xlsx
WFL,M,,,96.1,-0.3521,14.1567,0.08069,,,10.344,11.222,12.1,13.074,14.157,15.364,16.715,18.232,19.749,wfl-boys-zscore-expanded-table.xlsx
WFL,M,,,96.2,-0.3521,14.1811,0.08071,,,10.361,11.241,12.121,13.096,14.181,15.391,16.745,18.265,19.785,wfl-boys-zscore-expanded-table.xlsx
WFL,M,,,96.3,-0.3521,14.2055,0.08073,,,10.378,11.26,12.141,13.119,14.206,15.418,16.775,18.298,19.821,wfl-boys-zscore-expanded-table.xlsx
WFL,M,,,96.4,-0.3521,14.2299,0.08076,,,10.395,11.278,12.161,13.141,14.23,15.445,16.804,18.331,19.857,wfl-boys-zscore-expanded-table.xlsx
WFL,M,,,96.5,-0.3521,14.2544,0.08078,,,10.412,11.297,12.182,13.163,14.254,15.472,16.834,18.364,19.893,wfl-boys-zscore-expanded-table.xlsx
WFL,M,,,96.6,-0.3521,14.279,0.08081,,,10.429,11.315,12.202,13.185,14.279,15.499,16.864,18.397,19.93,wfl-boys-zscore-expanded-table.xlsx
WFL,M,,,96.7,-0.3521,14.3037,0.08083,,,10.446,11.334,12.223,13.208,14.304,15.526,16.894,18.43,19.966,wfl-boys-zscore-expanded-table.xlsx
WFL,M,,,96.8,-0.3521,14.3284,0.08086,,,10.463,11.353,12.243,13.23,14.328,15.553,16.924,18.464,20.003,wfl-boys-zscore-expanded-table.xlsx
WFL,M,,,96.9,-0.3521,14.3533,0.08089,,,10.48,11.372,12.264,13.253,14.353,15.581,16.955,18.498,20.041,wfl-boys-zscore-expanded-table.xlsx
WFL,M,,,97,-0.3521,14.3782,0.08092,,,10.497,11.39,12.284,13.276,14.378,15.608,16.985,18.532,20.078,wfl-boys-zscore-expanded-table.xlsx
WFL,M,,,97.1,-0.3521,14.4031,0.08094,,,10.514,11.41,12.305,13.298,14.403,15.636,17.015,18.565,20.115,wfl-boys-zscore-expanded-table.xlsx
WFL,M,,,97.2,-0.3521,14.4282,0.08097,,,10.531,11.428,12.326,13.321,14.428,15.663,17.046,18.599,20.152,wfl-boys-zscore-expanded-table.xlsx
WFL,M,,,97.3,-0.3521,14.4533,0.081,,,10.548,11.447,12.347,13.344,14.453,15.691,17.077,18.633,20.19,wfl-boys-zscore-expanded-table.xlsx
WFL,M,,,97.4,-0.3521,14.4785,0.08103,,,10.565,11.466,12.367,13.367,14.478,15.719,17.108,18.668,20.228,wfl-boys-zscore-expanded-table.xlsx
WFL,M,,,97.5,-0.3521,14.5038,0.08106,,,10.583,11.485,12.388,13.39,14.504,15.747,17.139,18.702,20.265,wfl-boys-zscore-expanded-table.xlsx
WFL,M,,,97.6,-0.3521,14.5292,0.08109,,,10.6,11.505,12.409,13.413,14.529,15.775,17.17,18.737,20.304,wfl-boys-zscore-expanded-table.xlsx
WFL,M,,,97.7,-0.3521,14.5547,0.08112,,,10.617,11.524,12.43,13.436,14.555,15.803,17.201,18.771,20.342,wfl-boys-zscore-expanded-table.xlsx
WFL,M,,,97.8,-0.3521,14.5802,0.08116,,,10.634,11.543,12.451,13.459,14.58,15.832,17.233,18.807,20.381,wfl-boys-zscore-expanded-table.xlsx
WFL,M,,,97.9,-0.3521,14.6058,0.08119,,,10.652,11.562,12.472,13.482,14.606,15.86,17.264,18.842,20.419,wfl-boys-zscore-expanded-table.xlsx
WFL,M,,,98,-0.3521,14.6316,0.08122,,,10.669,11.582,12.494,13.506,14.632,15.888,17.296,18.877,20.458,wfl-boys-zscore-expanded-table.xlsx
WFL,M,,,98.1,-0.3521,14.6574,0.08125,,,10.687,11.601,12.515,13.529,14.657,15.917,17.327,18.912,20.497,wfl-boys-zscore-expanded-table.xlsx
WFL,M,,,98.2,-0.3521,14.6832,0.08129,,,10.704,11.62,12.536,13.552,14.683,15.946,17.359,18.948,20.536,wfl-boys-zscore-expanded-table.xlsx
WFL,M,,,98.3,-0.3521,14.7092,0.08132,,,10.722,11.64,12.558,13.576,14.709,15.974,17.391,18.983,20.575,wfl-boys-zscore-expanded-table.xlsx
WFL,M,,,98.4,-0.3521,14.7353,0.08136,,,10.739,11.659,12.579,13.599,14.735,16.003,17.423,19.019,20.615,wfl-boys-zscore-expanded-table.xlsx
WFL,M,,,98.5,-0.3521,14.7614,0.08139,,,10.757,11.679,12.6,13.623,14.761,16.032,17.455,19.055,20.654,wfl-boys-zscore-expanded-table.xlsx
WFL,M,,,98.6,-0.3521,14.7877,0.08143,,,10.775,11.698,12.622,13.647,14.788,16.061,17.488,19.091,20.695,wfl-boys-zscore-expanded-table.xlsx
WFL,M,,,98.7,-0.3521,14.814,0.08146,,,10.793,11.718,12.644,13.671,14.814,16.09,17.52,19.127,20.734,wfl-boys-zscore-expanded-table.xlsx
WFL,M,,,98.8,-0.3521,14.8404,0.0815,,,10.81,11.738,12.665,13.695,14.84,16.12,17.553,19.164,20.775,wfl-boys-zscore-expanded-table.xlsx
WFL,M,,,98.9,-0.3521,14.8669,0.08154,,,10.828,11.757,12.687,13.719,14.867,16.149,17.586,19.201,20.815,wfl-boys-zscore-expanded-table.xlsx
WFL,M,,,99,-0.3521,14.8934,0.08157,,,10.846,11.777,12.709,13.743,14.893,16.178,17.618,19.237,20.855,wfl-boys-zscore-expanded-table.xlsx
WFL,M,,,99.1,-0.3521,14.9201,0.08161,,,10.864,11.797,12.731,13.767,14.92,16.208,17.651,19.274,20.896,wfl-boys-zscore-expanded-table.xlsx
WFL,M,,,99.2,-0.3521,14.9468,0.08165,,,10.882,11.817,12.752,13.791,14.947,16.238,17.684,19.311,20.937,wfl-boys-zscore-expanded-table.xlsx
WFL,M,,,99.3,-0.3521,14.9736,0.08169,,,10.899,11.837,12.774,13.815,14.974,16.268,17.718,19.348,20.978,wfl-boys-zscore-expanded-table.xlsx
WFL,M,,,99.4,-0.3521,15.0005,0.08173,,,10.917,11.857,12.796,13.839,15,16.298,17.751,19.385,21.019,wfl-boys-zscore-expanded-table.xlsx
WFL,M,,,99.5,-0.3521,15.0275,0.08177,,,10.935,11.877,12.818,13.864,15.028,16.328,17.784,19.423,21.061,wfl-boys-zscore-expanded-table.xlsx
WFL,M,,,99.6,-0.3521,15.0546,0.08181,,,10.953,11.897,12.84,13.888,15.055,16.358,17.818,19.46,21.102,wfl-boys-zscore-expanded-table.xlsx
WFL,M,,,99.7,-0.3521,15.0818,0.08185,,,10.972,11.917,12.863,13.913,15.082,16.388,17.852,19.498,21.144,wfl-boys-zscore-expanded-table.xlsx
WFL,M,,,99.8,-0.3521,15.109,0.08189,,,10.99,11.937,12.885,13.937,15.109,16.418,17.885,19.536,21.186,wfl-boys-zscore-expanded-table.xlsx
WFL,M,,,99.9,-0.3521,15.1363,0.08194,,,11.007,11.957,12.907,13.962,15.136,16.449,17.92,19.574,21.229,wfl-boys-zscore-expanded-table.xlsx
WFL,M,,,100,-0.3521,15.1637,0.08198,,,11.026,11.978,12.929,13.986,15.164,16.479,17.954,19.612,21.271,wfl-boys-zscore-expanded-table.xlsx
WFL,M,,,100.1,-0.3521,15.1912,0.08202,,,11.044,11.998,12.952,14.011,15.191,16.51,17.988,19.65,21.313,wfl-boys-zscore-expanded-table.xlsx
WFL,M,,,100.2,-0.3521,15.2187,0.08206,,,11.062,12.018,12.974,14.036,15.219,16.54,18.022,19.688,21.355,wfl-boys-zscore-expanded-table.xlsx
WFL,M,,,100.3,-0.3521,15.2463,0.08211,,,11.08,12.038,12.997,14.061,15.246,16.571,18.056,19.727,21.399,wfl-boys-zscore-expanded-table.xlsx
WFL,M,,,100.4,-0.3521,15.274,0.08215,,,11.099,12.059,13.019,14.086,15.274,16.602,18.091,19.766,21.441,wfl-boys-zscore-expanded-table.xlsx
WFL,M,,,100.5,-0.3521,15.3018,0.0822,,,11.117,12.079,13.042,14.111,15.302,16.633,18.126,19.805,21.485,wfl-boys-zscore-expanded-table.xlsx
WFL,M,,,100.6,-0.3521,15.3297,0.08224,,,11.136,12.1,13.065,14.136,15.33,16.664,18.16,19.844,21.528,wfl-boys-zscore-expanded-table.xlsx
WFL,M,,,100.7,-0.3521,15.3576,0.08229,,,11.154,12.12,13.087,14.161,15.358,16.695,18.195,19.883,21.571,wfl-boys-zscore-expanded-table.xlsx
WFL,M,,,100.8,-0.3521,15.3856,0.08233,,,11.172,12.141,13.11,14.186,15.386,16.726,18.23,19.922,21.614,wfl-boys-zscore-expanded-table.xlsx
WFL,M,,,100.9,-0.3521,15.4137,0.08238,,,11.191,12.162,13.133,14.211,15.414,16.758,18.265,19.962,21.658,wfl-boys-zscore-expanded-table.xlsx
WFL,M,,,101,-0.3521,15.4419,0.08243,,,11.209,12.182,13.155,14.237,15.442,16.789,18.3,20.002,21.703,wfl-boys-zscore-expanded-table.xlsx
WFL,M,,,101.1,-0.3521,15.4701,0.08247,,,11.228,12.203,13.178,14.262,15.47,16.821,18.335,20.041,21.746,wfl-boys-zscore-expanded-table.xlsx
WFL,M,,,101.2,-0.3521,15.4985,0.08252,,,11.246,12.224,13.201,14.288,15.498,16.852,18.371,20.081,21.791,wfl-boys-zscore-expanded-table.xlsx
WFL,M,,,101.3,-0.3521,15.5268,0.08257,,,11.265,12.244,13.224,14.313,15.527,16.884,18.406,20.121,21.835,wfl-boys-zscore-expanded-table.xlsx
WFL,M,,,101.4,-0.3521,15.5553,0.08262,,,11.283,12.265,13.247,14.339,15.555,16.916,18.442,20.161,21.88,wfl-boys-zscore-expanded-table.xlsx
WFL,M,,,101.5,-0.3521,15.5838,0.08267,,,11.302,12.286,13.27,14.364,15.584,16.948,18.478,20.201,21.925,wfl-boys-zscore-expanded-table.xlsx
WFL,M,,,101.6,-0.3521,15.6125,0.08272,,,11.32,12.307,13.293,14.39,15.612,16.98,18.514,20.242,21.97,wfl-boys-zscore-expanded-table.xlsx
WFL,M,,,101.7,-0.3521,15.6412,0.08277,,,11.339,12.328,13.317,14.416,15.641,17.012,18.55,20.282,22.015,wfl-boys-zscore-expanded-table.xlsx
WFL,M,,,101.8,-0.3521,15.6699,0.08281,,,11.358,12.349,13.34,14.442,15.67,17.044,18.586,20.322,22.059,wfl-boys-zscore-expanded-table.xlsx
WFL,M,,,101.9,-0.3521,15.6987,0.08287,,,11.376,12.37,13.363,14.467,15.699,17.076,18.622,20.364,22.105,wfl-boys-zscore-expanded-table.xlsx
WFL,M,,,102,-0.3521,15.7276,0.08292,,,11.395,12.391,13.386,14.493,15.728,17.108,18.658,20.404,22.15,wfl-boys-zscore-expanded-table.xlsx
WFL,M,,,102.1,-0.3521,15.7566,0.08297,,,11.414,12.412,13.41,14.519,15.757,17.141,18.695,20.445,22.196,wfl-boys-zscore-expanded-table.xlsx
WFL,M,,,102.2,-0.3521,15.7857,0.08302,,,11.433,12.433,13.433,14.545,15.786,17.173,18.731,20.487,22.242,wfl-boys-zscore-expanded-table.xlsx
WFL,M,,,102.3,-0.3521,15.8148,0.08307,,,11.452,12.454,13.457,14.572,15.815,17.206,18.768,20.528,22.288,wfl-boys-zscore-expanded-table.xlsx
WFL,M,,,102.4,-0.3521,15.844,0.08312,,,11.471,12.476,13.48,14.598,15.844,17.239,18.804,20.569,22.333,wfl-boys-zscore-expanded-table.xlsx
WFL,M,,,102.5,-0.3521,15.8732,0.08317,,,11.49,12.497,13.504,14.624,15.873,17.271,18.841,20.61,22.379,wfl-boys-zscore-expanded-table.xlsx
WFL,M,,,102.6,-0.3521,15.9026,0.08322,,,11.509,12.518,13.528,14.65,15.903,17.304,18.878,20.652,22.426,wfl-boys-zscore-expanded-table.xlsx
WFL,M,,,102.7,-0.3521,15.932,0.08328,,,11.528,12.539,13.551,14.676,15.932,17.337,18.915,20.694,22.473,wfl-boys-zscore-expanded-table.xlsx
WFL,M,,,102.8,-0.3521,15.9615,0.08333,,,11.547,12.561,13.575,14.703,15.962,17.37,18.952,20.736,22.519,wfl-boys-zscore-expanded-table.xlsx
WFL,M,,,102.9,-0.3521,15.991,0.08338,,,11.566,12.582,13.599,14.729,15.991,17.403,18.989,20.778,22.566,wfl-boys-zscore-expanded-table.xlsx
WFL,M,,,103,-0.3521,16.0206,0.08343,,,11.585,12.604,13.623,14.756,16.021,17.436,19.027,20.819,22.612,wfl-boys-zscore-expanded-table.xlsx
WFL,M,,,103.1,-0.3521,16.0503,0.08349,,,11.604,12.625,13.646,14.782,16.05,17.47,19.064,20.862,22.66,wfl-boys-zscore-expanded-table.xlsx
WFL,M,,,103.2,-0.3521,16.0801,0.08354,,,11.623,12.647,13.67,14.809,16.08,17.503,19.102,20.904,22.707,wfl-boys-zscore-expanded-table.xlsx
WFL,M,,,103.3,-0.3521,16.1099,0.08359,,,11.643,12.669,13.694,14.836,16.11,17.536,19.139,20.947,22.754,wfl-boys-zscore-expanded-table.xlsx
WFL,M,,,103.4,-0.3521,16.1398,0.08365,,,11.662,12.69,13.718,14.863,16.14,17.57,19.177,20.99,22.802,wfl-boys-zscore-expanded-table.xlsx
WFL,M,,,103.5,-0.3521,16.1697,0.0837,,,11.681,12.712,13.742,14.889,16.17,17.603,19.215,21.032,22.849,wfl-boys-zscore-expanded-table.xlsx
WFL,M,,,103.6,-0.3521,16.1997,0.08376,,,11.7,12.733,13.766,14.916,16.2,17.637,19.253,21.075,22.897,wfl-boys-zscore-expanded-table.xlsx
WFL,M,,,103.7,-0.3521,16.2298,0.08381,,,11.72,12.755,13.791,14.943,16.23,17.671,19.291,21.118,22.945,wfl-boys-zscore-expanded-table.xlsx
WFL,M,,,103.8,-0.3521,16.26,0.08386,,,11.739,12.777,13.815,14.97,16.26,17.705,19.329,21.16,22.992,wfl-boys-zscore-expanded-table.xlsx
WFL,M,,,103.9,-0.3521,16.2902,0.08392,,,11.758,12.799,13.839,14.997,16.29,17.739,19.367,21.204,23.041,wfl-boys-zscore-expanded-table.xlsx
WFL,M,,,104,-0.3521,16.3204,0.08397,,,11.778,12.821,13.863,15.024,16.32,17.772,19.405,21.247,23.089,wfl-boys-zscore-expanded-table.xlsx
WFL,M,,,104.1,-0.3521,16.3508,0.08403,,,11.797,12.842,13.888,15.051,16.351,17.807,19.444,21.291,23.138,wfl-boys-zscore-expanded-table.xlsx
WFL,M,,,104.2,-0.3521,16.3812,0.08408,,,11.817,12.865,13.912,15.079,16.381,17.841,19.482,21.334,23.186,wfl-boys-zscore-expanded-table.xlsx
WFL,M,,,104.3,-0.3521,16.4117,0.08414,,,11.836,12.886,13.937,15.106,16.412,17.875,19.521,21.378,23.235,wfl-boys-zscore-expanded-table.xlsx
WFL,M,,,104.4,-0.3521,16.4422,0.08419,,,11.856,12.909,13.961,15.133,16.442,17.909,19.559,21.421,23.283,wfl-boys-zscore-expanded-table.xlsx
WFL,M,,,104.5,-0.3521,16.4728,0.08425,,,11.875,12.93,13.985,15.16,16.473,17.944,19.598,21.465,23.332,wfl-boys-zscore-expanded-table.xlsx
WFL,M,,,104.6,-0.3521,16.5035,0.08431,,,11.895,12.952,14.01,15.188,16.504,17.978,19.637,21.509,23.382,wfl-boys-zscore-expanded-table.xlsx
WFL,M,,,104.7,-0.3521,16.5342,0.08436,,,11.915,12.975,14.035,15.215,16.534,18.013,19.675,21.553,23.43,wfl-boys-zscore-expanded-table.xlsx
WFL,M,,,104.8,-0.3521,16.565,0.08442,,,11.934,12.997,14.059,15.243,16.565,18.047,19.715,21.597,23.48,wfl-boys-zscore-expanded-table.xlsx
WFL,M,,,104.9,-0.3521,16.5959,0.08447,,,11.954,13.019,14.084,15.27,16.596,18.082,19.753,21.641,23.529,wfl-boys-zscore-expanded-table.xlsx
WFL,M,,,105,-0.3521,16.6268,0.08453,,,11.974,13.041,14.109,15.298,16.627,18.117,19.793,21.686,23.578,wfl-boys-zscore-expanded-table.xlsx
WFL,M,,,105.1,-0.3521,16.6579,0.08458,,,11.994,13.064,14.134,15.326,16.658,18.151,19.832,21.73,23.628,wfl-boys-zscore-expanded-table.xlsx
WFL,M,,,105.2,-0.3521,16.6889,0.08464,,,12.013,13.086,14.159,15.353,16.689,18.186,19.871,21.775,23.678,wfl-boys-zscore-expanded-table.xlsx
WFL,M,,,105.3,-0.3521,16.7201,0.0847,,,12.033,13.108,14.183,15.381,16.72,18.221,19.911,21.82,23.728,wfl-boys-zscore-expanded-table.xlsx
WFL,M,,,105.4,-0.3521,16.7513,0.08475,,,12.053,13.131,14.209,15.409,16.751,18.256,19.95,21.864,23.777,wfl-boys-zscore-expanded-table.xlsx
WFL,M,,,105.5,-0.3521,16.7826,0.08481,,,12.073,13.153,14.233,15.437,16.783,18.292,19.99,21.909,23.828,wfl-boys-zscore-expanded-table.xlsx
WFL,M,,,105.6,-0.3521,16.8139,0.08487,,,12.093,13.176,14.258,15.465,16.814,18.327,20.03,21.954,23.878,wfl-boys-zscore-expanded-table.xlsx
WFL,M,,,105.7,-0.3521,16.8454,0.08493,,,12.113,13.198,14.283,15.493,16.845,18.362,20.07,22,23.929,wfl-boys-zscore-expanded-table.xlsx
WFL,M,,,105.8,-0.3521,16.8769,0.08498,,,12.133,13.221,14.309,15.521,16.877,18.398,20.11,22.044,23.979,wfl-boys-zscore-expanded-table.xlsx
WFL,M,,,105.9,-0.3521,16.9084,0.08504,,,12.153,13.243,14.334,15.549,16.908,18.433,20.15,22.09,24.03,wfl-boys-zscore-expanded-table.xlsx
WFL,M,,,106,-0.3521,16.9401,0.0851,,,12.173,13.266,14.359,15.578,16.94,18.469,20.19,22.136,24.081,wfl-boys-zscore-expanded-table.xlsx
WFL,M,,,106.1,-0.3521,16.9718,0.08516,,,12.193,13.289,14.384,15.606,16.972,18.505,20.231,22.182,24.133,wfl-boys-zscore-expanded-table.xlsx
WFL,M,,,106.2,-0.3521,17.0036,0.08521,,,12.214,13.312,14.41,15.634,17.004,18.54,20.271,22.227,24.183,wfl-boys-zscore-expanded-table.xlsx
WFL,M,,,106.3,-0.3521,17.0355,0.08527,,,12.234,13.335,14.435,15.663,17.036,18.576,20.311,22.273,24.235,wfl-boys-zscore-expanded-table.xlsx
WFL,M,,,106.4,-0.3521,17.0674,0.08533,,,12.254,13.357,14.461,15.691,17.067,18.612,20.352,22.319,24.286,wfl-boys-zscore-expanded-table.xlsx
WFL,M,,,106.5,-0.3521,17.0995,0.08539,,,12.274,13.38,14.486,15.72,17.1,18.648,20.393,22.365,24.338,wfl-boys-zscore-expanded-table.xlsx
WFL,M,,,106.6,-0.3521,17.1316,0.08545,,,12.294,13.403,14.512,15.748,17.132,18.684,20.434,22.412,24.39,wfl-boys-zscore-expanded-table.xlsx
WFL,M,,,106.7,-0.3521,17.1637,0.08551,,,12.315,13.426,14.537,15.777,17.164,18.721,20.475,22.458,24.442,wfl-boys-zscore-expanded-table.xlsx
WFL,M,,,106.8,-0.3521,17.196,0.08557,,,12.335,13.449,14.563,15.806,17.196,18.757,20.516,22.505,24.494,wfl-boys-zscore-expanded-table.xlsx
WFL,M,,,106.9,-0.3521,17.2283,0.08562,,,12.356,13.473,14.589,15.835,17.228,18.793,20.556,22.551,24.546,wfl-boys-zscore-expanded-table.xlsx
WFL,M,,,107,-0.3521,17.2607,0.08568,,,12.376,13.496,14.615,15.863,17.261,18.83,20.598,22.598,24.598,wfl-boys-zscore-expanded-table.xlsx
WFL,M,,,107.1,-0.3521,17.2931,0.08574,,,12.397,13.519,14.641,15.892,17.293,18.866,20.639,22.645,24.651,wfl-boys-zscore-expanded-table.xlsx
WFL,M,,,107.2,-0.3521,17.3256,0.0858,,,12.417,13.542,14.667,15.921,17.326,18.903,20.68,22.692,24.703,wfl-boys-zscore-expanded-table.xlsx
WFL,M,,,107.3,-0.3521,17.3582,0.08586,,,12.438,13.565,14.692,15.95,17.358,18.939,20.722,22.739,24.756,wfl-boys-zscore-expanded-table.xlsx
WFL,M,,,107.4,-0.3521,17.3909,0.08592,,,12.458,13.588,14.718,15.979,17.391,18.976,20.764,22.786,24.809,wfl-boys-zscore-expanded-table.xlsx
WFL,M,,,107.5,-0.3521,17.4237,0.08599,,,12.479,13.611,14.744,16.008,17.424,19.014,20.806,22.835,24.863,wfl-boys-zscore-expanded-table.xlsx
WFL,M,,,107.6,-0.3521,17.4565,0.08605,,,12.499,13.635,14.77,16.038,17.456,19.05,20.848,22.882,24.917,wfl-boys-zscore-expanded-table.xlsx
WFL,M,,,107.7,-0.3521,17.4894,0.08611,,,12.52,13.658,14.797,16.067,17.489,19.088,20.89,22.93,24.97,wfl-boys-zscore-expanded-table.xlsx
WFL,M,,,107.8,-0.3521,17.5224,0.08617,,,12.541,13.682,14.823,16.096,17.522,19.125,20.932,22.978,25.023,wfl-boys-zscore-expanded-table.xlsx
WFL,M,,,107.9,-0.3521,17.5554,0.08623,,,12.562,13.705,14.849,16.126,17.555,19.162,20.974,23.025,25.077,wfl-boys-zscore-expanded-table.xlsx
WFL,M,,,108,-0.3521,17.5885,0.08629,,,12.582,13.729,14.875,16.155,17.588,19.199,21.016,23.073,25.131,wfl-boys-zscore-expanded-table.xlsx
WFL,M,,,108.1,-0.3521,17.6217,0.08635,,,12.603,13.753,14.902,16.185,17.622,19.237,21.059,23.122,25.185,wfl-boys-zscore-expanded-table.xlsx
WFL,M,,,108.2,-0.3521,17.655,0.08641,,,12.624,13.776,14.928,16.214,17.655,19.274,21.101,23.17,25.239,wfl-boys-zscore-expanded-table.xlsx
WFL,M,,,108.3,-0.3521,17.6884,0.08648,,,12.645,13.8,14.954,16.244,17.688,19.312,21.144,23.219,25.294,wfl-boys-zscore-expanded-table.xlsx
WFL,M,,,108.4,-0.3521,17.7218,0.08654,,,12.666,13.823,14.981,16.274,17.722,19.35,21.187,23.268,25.348,wfl-boys-zscore-expanded-table.xlsx
WFL,M,,,108.5,-0.3521,17.7553,0.0866,,,12.687,13.847,15.008,16.303,17.755,19.388,21.229,23.316,25.403,wfl-boys-zscore-expanded-table.xlsx
WFL,M,,,108.6,-0.3521,17.7889,0.08666,,,12.708,13.871,15.034,16.333,17.789,19.425,21.272,23.365,25.457,wfl-boys-zscore-expanded-table.xlsx
WFL,M,,,108.7,-0.3521,17.8226,0.08673,,,12.729,13.895,15.061,16.363,17.823,19.464,21.316,23.415,25.513,wfl-boys-zscore-expanded-table.xlsx
WFL,M,,,108.8,-0.3521,17.8564,0.08679,,,12.75,13.919,15.088,16.393,17.856,19.502,21.359,23.464,25.568,wfl-boys-zscore-expanded-table.xlsx
WFL,M,,,108.9,-0.3521,17.8903,0.08685,,,12.771,13.943,15.115,16.423,17.89,19.54,21.402,23.513,25.623,wfl-boys-zscore-expanded-table.xlsx
WFL,M,,,109,-0.3521,17.9242,0.08691,,,12.793,13.967,15.142,16.454,17.924,19.578,21.446,23.562,25.678,wfl-boys-zscore-expanded-table.xlsx
WFL,M,,,109.1,-0.3521,17.9583,0.08698,,,12.814,13.991,15.168,16.484,17.958,19.617,21.49,23.612,25.735,wfl-boys-zscore-expanded-table.xlsx
WFL,M,,,109.2,-0.3521,17.9924,0.08704,,,12.835,14.015,15.195,16.514,17.992,19.655,21.533,23.662,25.791,wfl-boys-zscore-expanded-table.xlsx
WFL,M,,,109.3,-0.3521,18.0267,0.0871,,,12.857,14.04,15.223,16.545,18.027,19.694,21.577,23.712,25.846,wfl-boys-zscore-expanded-table.xlsx
WFL,M,,,109.4,-0.3521,18.061,0.08717,,,12.878,14.064,15.25,16.575,18.061,19.733,21.621,23.762,25.903,wfl-boys-zscore-expanded-table.xlsx
WFL,M,,,109.5,-0.3521,18.0954,0.08723,,,12.899,14.088,15.277,16.606,18.095,19.772,21.665,23.812,25.959,wfl-boys-zscore-expanded-table.xlsx
WFL,M,,,109.6,-0.3521,18.1299,0.0873,,,12.92,14.112,15.304,16.636,18.13,19.811,21.71,23.863,26.017,wfl-boys-zscore-expanded-table.xlsx
WFL,M,,,109.7,-0.3521,18.1645,0.08736,,,12.942,14.137,15.332,16.667,18.164,19.85,21.754,23.913,26.073,wfl-boys-zscore-expanded-table.xlsx
WFL,M,,,109.8,-0.3521,18.1992,0.08742,,,12.964,14.162,15.359,16.698,18.199,19.889,21.798,23.964,26.129,wfl-boys-zscore-expanded-table.xlsx
WFL,M,,,109.9,-0.3521,18.234,0.08749,,,12.985,14.186,15.386,16.729,18.234,19.929,21.843,24.015,26.187,wfl-boys-zscore-expanded-table.xlsx
WFL,M,,,110,-0.3521,18.2689,0.08755,,,13.007,14.211,15.414,16.76,18.269,19.968,21.888,24.066,26.244,wfl-boys-zscore-expanded-table.xlsx
WFL,F,,,45,-0.3833,2.4607,0.09029,,,1.737,1.902,2.066,2.252,2.461,2.698,2.967,3.275,3.584,wfl-girls-zscore-expanded-table.xlsx
WFL,F,,,45.1,-0.3833,2.4777,0.0903,,,1.749,1.915,2.081,2.267,2.478,2.716,2.988,3.298,3.609,wfl-girls-zscore-expanded-table.xlsx
WFL,F,,,45.2,-0.3833,2.4947,0.0903,,,1.761,1.928,2.095,2.283,2.495,2.735,3.008,3.321,3.633,wfl-girls-zscore-expanded-table.xlsx
WFL,F,,,45.3,-0.3833,2.5117,0.09031,,,1.773,1.941,2.109,2.298,2.512,2.753,3.029,3.343,3.658,wfl-girls-zscore-expanded-table.xlsx
WFL,F,,,45.4,-0.3833,2.5287,0.09032,,,1.785,1.954,2.123,2.314,2.529,2.772,3.049,3.366,3.683,wfl-girls-zscore-expanded-table.xlsx
WFL,F,,,45.5,-0.3833,2.5457,0.09033,,,1.797,1.967,2.138,2.329,2.546,2.791,3.07,3.389,3.708,wfl-girls-zscore-expanded-table.xlsx
WFL,F,,,45.6,-0.3833,2.5627,0.09033,,,1.809,1.98,2.152,2.345,2.563,2.809,3.09,3.412,3.733,wfl-girls-zscore-expanded-table.xlsx
WFL,F,,,45.7,-0.3833,2.5797,0.09034,,,1.821,1.993,2.166,2.36,2.58,2.828,3.111,3.434,3.758,wfl-girls-zscore-expanded-table.xlsx
WFL,F,,,45.8,-0.3833,2.5967,0.09035,,,1.832,2.006,2.18,2.376,2.597,2.847,3.131,3.457,3.783,wfl-girls-zscore-expanded-table.xlsx
WFL,F,,,45.9,-0.3833,2.6137,0.09036,,,1.844,2.02,2.195,2.392,2.614,2.865,3.152,3.48,3.808,wfl-girls-zscore-expanded-table.xlsx
WFL,F,,,46,-0.3833,2.6306,0.09037,,,1.856,2.033,2.209,2.407,2.631,2.884,3.172,3.502,3.832,wfl-girls-zscore-expanded-table.xlsx
WFL,F,,,46.1,-0.3833,2.6476,0.09037,,,1.868,2.046,2.223,2.423,2.648,2.903,3.193,3.525,3.857,wfl-girls-zscore-expanded-table.xlsx
WFL,F,,,46.2,-0.3833,2.6646,0.09038,,,1.88,2.059,2.237,2.438,2.665,2.921,3.214,3.548,3.882,wfl-girls-zscore-expanded-table.xlsx
WFL,F,,,46.3,-0.3833,2.6816,0.09039,,,1.892,2.072,2.252,2.454,2.682,2.94,3.234,3.571,3.907,wfl-girls-zscore-expanded-table.xlsx
WFL,F,,,46.4,-0.3833,2.6986,0.0904,,,1.904,2.085,2.266,2.469,2.699,2.959,3.255,3.593,3.932,wfl-girls-zscore-expanded-table.xlsx
WFL,F,,,46.5,-0.3833,2.7155,0.0904,,,1.916,2.098,2.28,2.485,2.716,2.977,3.275,3.616,3.957,wfl-girls-zscore-expanded-table.xlsx
WFL,F,,,46.6,-0.3833,2.7326,0.09041,,,1.928,2.111,2.294,2.5,2.733,2.996,3.296,3.639,3.982,wfl-girls-zscore-expanded-table.xlsx
WFL,F,,,46.7,-0.3833,2.7496,0.09042,,,1.94,2.124,2.309,2.516,2.75,3.015,3.316,3.662,4.007,wfl-girls-zscore-expanded-table.xlsx
WFL,F,,,46.8,-0.3833,2.7666,0.09043,,,1.952,2.137,2.323,2.531,2.767,3.033,3.337,3.684,4.032,wfl-girls-zscore-expanded-table.xlsx
WFL,F,,,46.9,-0.3833,2.7837,0.09044,,,1.964,2.15,2.337,2.547,2.784,3.052,3.358,3.707,4.057,wfl-girls-zscore-expanded-table.xlsx
WFL,F,,,47,-0.3833,2.8007,0.09044,,,1.976,2.164,2.351,2.562,2.801,3.071,3.378,3.73,4.081,wfl-girls-zscore-expanded-table.xlsx
WFL,F,,,47.1,-0.3833,2.8179,0.09045,,,1.988,2.177,2.366,2.578,2.818,3.09,3.399,3.753,4.107,wfl-girls-zscore-expanded-table.xlsx
WFL,F,,,47.2,-0.3833,2.835,0.09046,,,2,2.19,2.38,2.594,2.835,3.108,3.42,3.776,4.132,wfl-girls-zscore-expanded-table.xlsx
WFL,F,,,47.3,-0.3833,2.8522,0.09047,,,2.012,2.203,2.394,2.609,2.852,3.127,3.44,3.799,4.157,wfl-girls-zscore-expanded-table.xlsx
WFL,F,,,47.4,-0.3833,2.8694,0.09047,,,2.024,2.216,2.409,2.625,2.869,3.146,3.461,3.822,4.182,wfl-girls-zscore-expanded-table.xlsx
WFL,F,,,47.5,-0.3833,2.8867,0.09048,,,2.036,2.23,2.423,2.641,2.887,3.165,3.482,3.845,4.208,wfl-girls-zscore-expanded-table.xlsx
WFL,F,,,47.6,-0.3833,2.9041,0.09049,,,2.048,2.243,2.438,2.657,2.904,3.184,3.503,3.868,4.233,wfl-girls-zscore-expanded-table.xlsx
WFL,F,,,47.7,-0.3833,2.9215,0.0905,,,2.061,2.256,2.452,2.673,2.922,3.203,3.524,3.891,4.259,wfl-girls-zscore-expanded-table.xlsx
WFL,F,,,47.8,-0.3833,2.939,0.0905,,,2.073,2.27,2.467,2.689,2.939,3.223,3.545,3.915,4.284,wfl-girls-zscore-expanded-table.xlsx
WFL,F,,,47.9,-0.3833,2.9565,0.09051,,,2.085,2.283,2.482,2.705,2.956,3.242,3.567,3.938,4.31,wfl-girls-zscore-expanded-table.xlsx
WFL,F,,,48,-0.3833,2.9741,0.09052,,,2.097,2.297,2.497,2.721,2.974,3.261,3.588,3.962,4.336,wfl-girls-zscore-expanded-table.xlsx
WFL,F,,,48.1,-0.3833,2.9918,0.09053,,,2.11,2.311,2.511,2.737,2.992,3.281,3.609,3.986,4.362,wfl-girls-zscore-expanded-table.xlsx
WFL,F,,,48.2,-0.3833,3.0096,0.09054,,,2.122,2.324,2.526,2.753,3.01,3.3,3.631,4.009,4.388,wfl-girls-zscore-expanded-table.xlsx
WFL,F,,,48.3,-0.3833,3.0275,0.09054,,,2.135,2.338,2.541,2.77,3.028,3.32,3.652,4.033,4.414,wfl-girls-zscore-expanded-table.xlsx
WFL,F,,,48.4,-0.3833,3.0455,0.09055,,,2.148,2.352,2.556,2.786,3.046,3.34,3.674,4.057,4.44,wfl-girls-zscore-expanded-table.xlsx
WFL,F,,,48.5,-0.3833,3.0636,0.09056,,,2.16,2.366,2.571,2.803,3.064,3.359,3.696,4.082,4.467,wfl-girls-zscore-expanded-table.xlsx
WFL,F,,,48.6,-0.3833,3.0818,0.09057,,,2.173,2.38,2.587,2.819,3.082,3.379,3.718,4.106,4.494,wfl-girls-zscore-expanded-table.xlsx
WFL,F,,,48.7,-0.3833,3.1001,0.09057,,,2.186,2.394,2.602,2.836,3.1,3.399,3.74,4.13,4.52,wfl-girls-zscore-expanded-table.xlsx
WFL,F,,,48.8,-0.3833,3.1186,0.09058,,,2.199,2.408,2.618,2.853,3.119,3.42,3.763,4.155,4.548,wfl-girls-zscore-expanded-table.xlsx
WFL,F,,,48.9,-0.3833,3.1372,0.09059,,,2.212,2.423,2.633,2.87,3.137,3.44,3.785,4.18,4.575,wfl-girls-zscore-expanded-table.xlsx
WFL,F,,,49,-0.3833,3.156,0.0906,,,2.225,2.437,2.649,2.887,3.156,3.461,3.808,4.205,4.602,wfl-girls-zscore-expanded-table.xlsx
WFL,F,,,49.1,-0.3833,3.1749,0.09061,,,2.238,2.451,2.665,2.904,3.175,3.482,3.831,4.231,4.63,wfl-girls-zscore-expanded-table.xlsx
WFL,F,,,49.2,-0.3833,3.1939,0.09061,,,2.252,2.466,2.681,2.922,3.194,3.502,3.854,4.256,4.658,wfl-girls-zscore-expanded-table.xlsx
WFL,F,,,49.3,-0.3833,3.2131,0.09062,,,2.265,2.481,2.697,2.939,3.213,3.524,3.877,4.282,4.686,wfl-girls-zscore-expanded-table.xlsx
WFL,F,,,49.4,-0.3833,3.2325,0.09063,,,2.279,2.496,2.713,2.957,3.232,3.545,3.901,4.308,4.715,wfl-girls-zscore-expanded-table.xlsx
WFL,F,,,49.5,-0.3833,3.252,0.09064,,,2.292,2.511,2.729,2.975,3.252,3.566,3.924,4.334,4.743,wfl-girls-zscore-expanded-table.xlsx
WFL,F,,,49.6,-0.3833,3.2717,0.09065,,,2.306,2.526,2.746,2.993,3.272,3.588,3.948,4.36,4.772,wfl-girls-zscore-expanded-table.xlsx
WFL,F,,,49.7,-0.3833,3.2915,0.09065,,,2.32,2.541,2.762,3.011,3.292,3.61,3.972,4.387,4.801,wfl-girls-zscore-expanded-table.xlsx
WFL,F,,,49.8,-0.3833,3.3114,0.09066,,,2.334,2.557,2.779,3.029,3.311,3.631,3.996,4.413,4.83,wfl-girls-zscore-expanded-table.xlsx
WFL,F,,,49.9,-0.3833,3.3316,0.09067,,,2.348,2.572,2.796,3.048,3.332,3.654,4.02,4.44,4.86,wfl-girls-zscore-expanded-table.xlsx
WFL,F,,,50,-0.3833,3.3518,0.09068,,,2.362,2.588,2.813,3.066,3.352,3.676,4.045,4.467,4.89,wfl-girls-zscore-expanded-table.xlsx
WFL,F,,,50.1,-0.3833,3.3723,0.09069,,,2.377,2.603,2.83,3.085,3.372,3.698,4.07,4.495,4.92,wfl-girls-zscore-expanded-table.xlsx
WFL,F,,,50.2,-0.3833,3.3929,0.09069,,,2.391,2.619,2.847,3.104,3.393,3.721,4.095,4.522,4.95,wfl-girls-zscore-expanded-table.xlsx
WFL,F,,,50.3,-0.3833,3.4136,0.0907,,,2.406,2.635,2.865,3.122,3.414,3.744,4.12,4.55,4.98,wfl-girls-zscore-expanded-table.xlsx
WFL,F,,,50.4,-0.3833,3.4346,0.09071,,,2.421,2.651,2.882,3.142,3.435,3.767,4.145,4.578,5.011,wfl-girls-zscore-expanded-table.xlsx
WFL,F,,,50.5,-0.3833,3.4557,0.09072,,,2.435,2.668,2.9,3.161,3.456,3.79,4.171,4.606,5.042,wfl-girls-zscore-expanded-table.xlsx
WFL,F,,,50.6,-0.3833,3.4769,0.09073,,,2.45,2.684,2.917,3.18,3.477,3.813,4.196,4.635,5.073,wfl-girls-zscore-expanded-table.xlsx
WFL,F,,,50.7,-0.3833,3.4983,0.09074,,,2.465,2.7,2.935,3.2,3.498,3.837,4.222,4.664,5.105,wfl-girls-zscore-expanded-table.xlsx
WFL,F,,,50.8,-0.3833,3.5199,0.09074,,,2.48,2.717,2.953,3.22,3.52,3.86,4.248,4.692,5.136,wfl-girls-zscore-expanded-table.xlsx
WFL,F,,,50.9,-0.3833,3.5417,0.09075,,,2.496,2.734,2.972,3.239,3.542,3.884,4.275,4.722,5.168,wfl-girls-zscore-expanded-table.xlsx
WFL,F,,,51,-0.3833,3.5636,0.09076,,,2.511,2.75,2.99,3.259,3.564,3.908,4.301,4.751,5.2,wfl-girls-zscore-expanded-table.xlsx
WFL,F,,,51.1,-0.3833,3.5856,0.09077,,,2.526,2.767,3.008,3.28,3.586,3.933,4.328,4.78,5.233,wfl-girls-zscore-expanded-table.xlsx
WFL,F,,,51.2,-0.3833,3.6078,0.09078,,,2.542,2.784,3.027,3.3,3.608,3.957,4.355,4.81,5.265,wfl-girls-zscore-expanded-table.xlsx
WFL,F,,,51.3,-0.3833,3.6302,0.09079,,,2.558,2.802,3.046,3.32,3.63,3.982,4.382,4.84,5.298,wfl-girls-zscore-expanded-table.xlsx
WFL,F,,,51.4,-0.3833,3.6527,0.0908,,,2.573,2.819,3.065,3.341,3.653,4.006,4.409,4.87,5.331,wfl-girls-zscore-expanded-table.xlsx
WFL,F,,,51.5,-0.3833,3.6754,0.0908,,,2.589,2.836,3.084,3.362,3.675,4.031,4.437,4.901,5.365,wfl-girls-zscore-expanded-table.xlsx
WFL,F,,,51.6,-0.3833,3.6982,0.09081,,,2.605,2.854,3.103,3.382,3.698,4.056,4.464,4.931,5.398,wfl-girls-zscore-expanded-table.xlsx
WFL,F,,,51.7,-0.3833,3.7212,0.09082,,,2.621,2.872,3.122,3.403,3.721,4.082,4.492,4.962,5.432,wfl-girls-zscore-expanded-table.xlsx
WFL,F,,,51.8,-0.3833,3.7444,0.09083,,,2.638,2.889,3.141,3.425,3.744,4.107,4.52,4.993,5.466,wfl-girls-zscore-expanded-table.xlsx
WFL,F,,,51.9,-0.3833,3.7677,0.09084,,,2.654,2.907,3.161,3.446,3.768,4.133,4.548,5.024,5.5,wfl-girls-zscore-expanded-table.xlsx
WFL,F,,,52,-0.3833,3.7911,0.09085,,,2.67,2.925,3.18,3.467,3.791,4.158,4.577,5.056,5.535,wfl-girls-zscore-expanded-table.xlsx
WFL,F,,,52.1,-0.3833,3.8147,0.09086,,,2.687,2.944,3.2,3.489,3.815,4.184,4.605,5.087,5.569,wfl-girls-zscore-expanded-table.xlsx
WFL,F,,,52.2,-0.3833,3.8385,0.09086,,,2.704,2.962,3.22,3.511,3.838,4.21,4.634,5.119,5.604,wfl-girls-zscore-expanded-table.xlsx
WFL,F,,,52.3,-0.3833,3.8623,0.09087,,,2.72,2.98,3.24,3.532,3.862,4.237,4.663,5.151,5.639,wfl-girls-zscore-expanded-table.xlsx
WFL,F,,,52.4,-0.3833,3.8863,0.09088,,,2.737,2.999,3.26,3.554,3.886,4.263,4.692,5.183,5.674,wfl-girls-zscore-expanded-table.xlsx
WFL,F,,,52.5,-0.3833,3.9105,0.09089,,,2.754,3.017,3.28,3.576,3.91,4.29,4.721,5.216,5.71,wfl-girls-zscore-expanded-table.xlsx
WFL,F,,,52.6,-0.3833,3.9348,0.0909,,,2.771,3.036,3.301,3.598,3.935,4.316,4.751,5.248,5.746,wfl-girls-zscore-expanded-table.xlsx
WFL,F,,,52.7,-0.3833,3.9592,0.09091,,,2.788,3.055,3.321,3.621,3.959,4.343,4.78,5.281,5.782,wfl-girls-zscore-expanded-table.xlsx
WFL,F,,,52.8,-0.3833,3.9837,0.09092,,,2.805,3.073,3.342,3.643,3.984,4.37,4.81,5.314,5.818,wfl-girls-zscore-expanded-table.xlsx
WFL,F,,,52.9,-0.3833,4.0084,0.09093,,,2.823,3.092,3.362,3.666,4.008,4.397,4.84,5.347,5.854,wfl-girls-zscore-expanded-table.xlsx
WFL,F,,,53,-0.3833,4.0332,0.09093,,,2.84,3.112,3.383,3.688,4.033,4.424,4.87,5.38,5.89,wfl-girls-zscore-expanded-table.xlsx
WFL,F,,,53.1,-0.3833,4.0581,0.09094,,,2.857,3.131,3.404,3.711,4.058,4.452,4.9,5.413,5.927,wfl-girls-zscore-expanded-table.xlsx
WFL,F,,,53.2,-0.3833,4.0832,0.09095,,,2.875,3.15,3.425,3.734,4.083,4.479,4.93,5.447,5.964,wfl-girls-zscore-expanded-table.xlsx
WFL,F,,,53.3,-0.3833,4.1084,0.09096,,,2.893,3.169,3.446,3.757,4.108,4.507,4.961,5.481,6.001,wfl-girls-zscore-expanded-table.xlsx
WFL,F,,,53.4,-0.3833,4.1337,0.09097,,,2.91,3.189,3.467,3.78,4.134,4.535,4.992,5.515,6.038,wfl-girls-zscore-expanded-table.xlsx
WFL,F,,,53.5,-0.3833,4.1591,0.09098,,,2.928,3.208,3.488,3.803,4.159,4.563,5.022,5.549,6.075,wfl-girls-zscore-expanded-table.xlsx
WFL,F,,,53.6,-0.3833,4.1846,0.09099,,,2.946,3.228,3.51,3.827,4.185,4.591,5.053,5.583,6.113,wfl-girls-zscore-expanded-table.xlsx
WFL,F,,,53.7,-0.3833,4.2102,0.09099,,,2.964,3.248,3.531,3.85,4.21,4.619,5.084,5.617,6.15,wfl-girls-zscore-expanded-table.xlsx
WFL,F,,,53.8,-0.3833,4.2359,0.091,,,2.982,3.267,3.553,3.873,4.236,4.647,5.115,5.652,6.188,wfl-girls-zscore-expanded-table.xlsx
WFL,F,,,53.9,-0.3833,4.2617,0.09101,,,3,3.287,3.574,3.897,4.262,4.675,5.147,5.686,6.226,wfl-girls-zscore-expanded-table.xlsx
WFL,F,,,54,-0.3833,4.2875,0.09102,,,3.018,3.307,3.596,3.921,4.288,4.704,5.178,5.721,6.264,wfl-girls-zscore-expanded-table.xlsx
WFL,F,,,54.1,-0.3833,4.3135,0.09103,,,3.036,3.327,3.617,3.944,4.314,4.732,5.209,5.756,6.302,wfl-girls-zscore-expanded-table.xlsx
WFL,F,,,54.2,-0.3833,4.3395,0.09104,,,3.054,3.347,3.639,3.968,4.34,4.761,5.241,5.791,6.34,wfl-girls-zscore-expanded-table.xlsx
WFL,F,,,54.3,-0.3833,4.3655,0.09105,,,3.073,3.367,3.661,3.992,4.366,4.789,5.272,5.826,6.379,wfl-girls-zscore-expanded-table.xlsx
WFL,F,,,54.4,-0.3833,4.3917,0.09105,,,3.091,3.387,3.683,4.016,4.392,4.818,5.304,5.861,6.417,wfl-girls-zscore-expanded-table.xlsx
WFL,F,,,54.5,-0.3833,4.4179,0.09106,,,3.109,3.407,3.705,4.04,4.418,4.847,5.336,5.896,6.456,wfl-girls-zscore-expanded-table.xlsx
WFL,F,,,54.6,-0.3833,4.4442,0.09107,,,3.128,3.427,3.727,4.064,4.444,4.876,5.368,5.931,6.494,wfl-girls-zscore-expanded-table.xlsx
WFL,F,,,54.7,-0.3833,4.4705,0.09108,,,3.146,3.447,3.749,4.088,4.47,4.905,5.4,5.966,6.533,wfl-girls-zscore-expanded-table.xlsx
WFL,F,,,54.8,-0.3833,4.4969,0.09109,,,3.165,3.468,3.771,4.112,4.497,4.934,5.432,6.002,6.572,wfl-girls-zscore-expanded-table.xlsx
WFL,F,,,54.9,-0.3833,4.5233,0.09109,,,3.183,3.488,3.793,4.136,4.523,4.963,5.464,6.037,6.61,wfl-girls-zscore-expanded-table.xlsx
WFL,F,,,55,-0.3833,4.5498,0.0911,,,3.202,3.508,3.815,4.16,4.55,4.992,5.496,6.073,6.65,wfl-girls-zscore-expanded-table.xlsx
WFL,F,,,55.1,-0.3833,4.5763,0.09111,,,3.22,3.529,3.837,4.184,4.576,5.021,5.528,6.108,6.689,wfl-girls-zscore-expanded-table.xlsx
WFL,F,,,55.2,-0.3833,4.6029,0.09112,,,3.239,3.549,3.859,4.209,4.603,5.05,5.56,6.144,6.728,wfl-girls-zscore-expanded-table.xlsx
WFL,F,,,55.3,-0.3833,4.6295,0.09113,,,3.258,3.57,3.882,4.233,4.63,5.079,5.592,6.18,6.767,wfl-girls-zscore-expanded-table.xlsx
WFL,F,,,55.4,-0.3833,4.6561,0.09113,,,3.276,3.59,3.904,4.257,4.656,5.109,5.624,6.215,6.806,wfl-girls-zscore-expanded-table.xlsx
WFL,F,,,55.5,-0.3833,4.6827,0.09114,,,3.295,3.611,3.926,4.281,4.683,5.138,5.657,6.251,6.845,wfl-girls-zscore-expanded-table.xlsx
WFL,F,,,55.6,-0.3833,4.7094,0.09115,,,3.313,3.631,3.949,4.306,4.709,5.167,5.689,6.287,6.884,wfl-girls-zscore-expanded-table.xlsx
WFL,F,,,55.7,-0.3833,4.7361,0.09116,,,3.332,3.652,3.971,4.33,4.736,5.197,5.721,6.323,6.924,wfl-girls-zscore-expanded-table.xlsx
WFL,F,,,55.8,-0.3833,4.7628,0.09116,,,3.351,3.672,3.993,4.355,4.763,5.226,5.754,6.358,6.963,wfl-girls-zscore-expanded-table.xlsx
WFL,F,,,55.9,-0.3833,4.7895,0.09117,,,3.37,3.693,4.016,4.379,4.79,5.255,5.786,6.394,7.002,wfl-girls-zscore-expanded-table.xlsx
WFL,F,,,56,-0.3833,4.8162,0.09118,,,3.388,3.713,4.038,4.403,4.816,5.285,5.818,6.43,7.041,wfl-girls-zscore-expanded-table.xlsx
WFL,F,,,56.1,-0.3833,4.843,0.09119,,,3.407,3.734,4.06,4.428,4.843,5.314,5.851,6.466,7.081,wfl-girls-zscore-expanded-table.xlsx
WFL,F,,,56.2,-0.3833,4.8697,0.09119,,,3.426,3.754,4.083,4.452,4.87,5.343,5.883,6.502,7.12,wfl-girls-zscore-expanded-table.xlsx
WFL,F,,,56.3,-0.3833,4.8964,0.0912,,,3.444,3.775,4.105,4.477,4.896,5.373,5.916,6.537,7.159,wfl-girls-zscore-expanded-table.xlsx
WFL,F,,,56.4,-0.3833,4.9232,0.09121,,,3.463,3.795,4.127,4.501,4.923,5.402,5.948,6.573,7.199,wfl-girls-zscore-expanded-table.xlsx
WFL,F,,,56.5,-0.3833,4.95,0.09121,,,3.482,3.816,4.15,4.526,4.95,5.432,5.98,6.609,7.238,wfl-girls-zscore-expanded-table.xlsx
WFL,F,,,56.6,-0.3833,4.9767,0.09122,,,3.501,3.836,4.172,4.55,4.977,5.461,6.013,6.645,7.277,wfl-girls-zscore-expanded-table.xlsx
WFL,F,,,56.7,-0.3833,5.0034,0.09123,,,3.519,3.857,4.194,4.574,5.003,5.49,6.045,6.681,7.317,wfl-girls-zscore-expanded-table.xlsx
WFL,F,,,56.8,-0.3833,5.0302,0.09123,,,3.538,3.878,4.217,4.599,5.03,5.52,6.078,6.717,7.356,wfl-girls-zscore-expanded-table.xlsx
WFL,F,,,56.9,-0.3833,5.0569,0.09124,,,3.557,3.898,4.239,4.623,5.057,5.549,6.11,6.753,7.395,wfl-girls-zscore-expanded-table.xlsx
WFL,F,,,57,-0.3833,5.0837,0.09125,,,3.576,3.919,4.262,4.648,5.084,5.579,6.143,6.789,7.435,wfl-girls-zscore-expanded-table.xlsx
WFL,F,,,57.1,-0.3833,5.1104,0.09125,,,3.594,3.939,4.284,4.672,5.11,5.608,6.175,6.824,7.474,wfl-girls-zscore-expanded-table.xlsx
WFL,F,,,57.2,-0.3833,5.1371,0.09126,,,3.613,3.96,4.306,4.696,5.137,5.637,6.207,6.86,7.513,wfl-girls-zscore-expanded-table.xlsx
WFL,F,,,57.3,-0.3833,5.1639,0.09126,,,3.632,3.98,4.329,4.721,5.164,5.667,6.24,6.896,7.552,wfl-girls-zscore-expanded-table.xlsx
WFL,F,,,57.4,-0.3833,5.1906,0.09127,,,3.65,4.001,4.351,4.745,5.191,5.696,6.272,6.932,7.592,wfl-girls-zscore-expanded-table.xlsx
WFL,F,,,57.5,-0.3833,5.2173,0.09128,,,3.669,4.021,4.373,4.77,5.217,5.725,6.304,6.968,7.631,wfl-girls-zscore-expanded-table.xlsx
WFL,F,,,57.6,-0.3833,5.244,0.09128,,,3.688,4.042,4.396,4.794,5.244,5.755,6.337,7.003,7.67,wfl-girls-zscore-expanded-table.xlsx
WFL,F,,,57.7,-0.3833,5.2707,0.09129,,,3.706,4.062,4.418,4.818,5.271,5.784,6.369,7.039,7.709,wfl-girls-zscore-expanded-table.xlsx
WFL,F,,,57.8,-0.3833,5.2974,0.09129,,,3.725,4.083,4.44,4.843,5.297,5.813,6.401,7.075,7.749,wfl-girls-zscore-expanded-table.xlsx
WFL,F,,,57.9,-0.3833,5.324,0.0913,,,3.744,4.103,4.463,4.867,5.324,5.843,6.434,7.111,7.788,wfl-girls-zscore-expanded-table.xlsx
WFL,F,,,58,-0.3833,5.3507,0.0913,,,3.763,4.124,4.485,4.891,5.351,5.872,6.466,7.146,7.827,wfl-girls-zscore-expanded-table.xlsx
WFL,F,,,58.1,-0.3833,5.3773,0.09131,,,3.781,4.144,4.507,4.916,5.377,5.901,6.498,7.182,7.866,wfl-girls-zscore-expanded-table.xlsx
WFL,F,,,58.2,-0.3833,5.4039,0.09131,,,3.8,4.165,4.529,4.94,5.404,5.93,6.53,7.218,7.905,wfl-girls-zscore-expanded-table.xlsx
WFL,F,,,58.3,-0.3833,5.4304,0.09131,,,3.818,4.185,4.552,4.964,5.43,5.959,6.562,7.253,7.944,wfl-girls-zscore-expanded-table.xlsx
WFL,F,,,58.4,-0.3833,5.4569,0.09132,,,3.837,4.205,4.574,4.988,5.457,5.988,6.594,7.289,7.983,wfl-girls-zscore-expanded-table.xlsx
WFL,F,,,58.5,-0.3833,5.4834,0.09132,,,3.856,4.226,4.596,5.013,5.483,6.018,6.626,7.324,8.022,wfl-girls-zscore-expanded-table.xlsx
WFL,F,,,58.6,-0.3833,5.5098,0.09133,,,3.874,4.246,4.618,5.037,5.51,6.047,6.659,7.36,8.061,wfl-girls-zscore-expanded-table.xlsx
WFL,F,,,58.7,-0.3833,5.5362,0.09133,,,3.893,4.266,4.64,5.061,5.536,6.076,6.69,7.395,8.099,wfl-girls-zscore-expanded-table.xlsx
WFL,F,,,58.8,-0.3833,5.5625,0.09133,,,3.911,4.287,4.662,5.085,5.562,6.104,6.722,7.43,8.138,wfl-girls-zscore-expanded-table.xlsx
WFL,F,,,58.9,-0.3833,5.5888,0.09134,,,3.929,4.307,4.684,5.109,5.589,6.133,6.754,7.465,8.177,wfl-girls-zscore-expanded-table.xlsx
WFL,F,,,59,-0.3833,5.6151,0.09134,,,3.948,4.327,4.706,5.133,5.615,6.162,6.786,7.5,8.215,wfl-girls-zscore-expanded-table.xlsx
WFL,F,,,59.1,-0.3833,5.6413,0.09134,,,3.966,4.347,4.728,5.157,5.641,6.191,6.818,7.535,8.253,wfl-girls-zscore-expanded-table.xlsx
WFL,F,,,59.2,-0.3833,5.6674,0.09135,,,3.985,4.367,4.75,5.181,5.667,6.22,6.849,7.571,8.292,wfl-girls-zscore-expanded-table.xlsx
WFL,F,,,59.3,-0.3833,5.6935,0.09135,,,4.003,4.387,4.772,5.205,5.694,6.248,6.881,7.605,8.33,wfl-girls-zscore-expanded-table.xlsx
WFL,F,,,59.4,-0.3833,5.7195,0.09135,,,4.021,4.407,4.794,5.228,5.72,6.277,6.912,7.64,8.368,wfl-girls-zscore-expanded-table.xlsx
WFL,F,,,59.5,-0.3833,5.7454,0.09135,,,4.039,4.427,4.815,5.252,5.745,6.305,6.944,7.675,8.406,wfl-girls-zscore-expanded-table.xlsx
WFL,F,,,59.6,-0.3833,5.7713,0.09136,,,4.057,4.447,4.837,5.276,5.771,6.334,6.975,7.71,8.444,wfl-girls-zscore-expanded-table.xlsx
WFL,F,,,59.7,-0.3833,5.7971,0.09136,,,4.076,4.467,4.859,5.299,5.797,6.362,7.006,7.744,8.482,wfl-girls-zscore-expanded-table.xlsx
WFL,F,,,59.8,-0.3833,5.8229,0.09136,,,4.094,4.487,4.88,5.323,5.823,6.39,7.037,7.779,8.52,wfl-girls-zscore-expanded-table.xlsx
WFL,F,,,59.9,-0.3833,5.8485,0.09136,,,4.112,4.507,4.902,5.346,5.848,6.418,7.068,7.813,8.557,wfl-girls-zscore-expanded-table.xlsx
WFL,F,,,60,-0.3833,5.8742,0.09136,,,4.13,4.527,4.923,5.37,5.874,6.447,7.099,7.847,8.595,wfl-girls-zscore-expanded-table.xlsx
WFL,F,,,60.1,-0.3833,5.8997,0.09136,,,4.148,4.546,4.945,5.393,5.9,6.475,7.13,7.881,8.632,wfl-girls-zscore-expanded-table.xlsx
WFL,F,,,60.2,-0.3833,5.9252,0.09137,,,4.165,4.566,4.966,5.416,5.925,6.503,7.161,7.915,8.67,wfl-girls-zscore-expanded-table.xlsx
WFL,F,,,60.3,-0.3833,5.9507,0.09137,,,4.183,4.585,4.987,5.44,5.951,6.531,7.192,7.95,8.707,wfl-girls-zscore-expanded-table.xlsx
WFL,F,,,60.4,-0.3833,5.9761,0.09137,,,4.201,4.605,5.009,5.463,5.976,6.559,7.223,7.983,8.744,wfl-girls-zscore-expanded-table.xlsx
WFL,F,,,60.5,-0.3833,6.0014,0.09137,,,4.219,4.624,5.03,5.486,6.001,6.586,7.253,8.017,8.781,wfl-girls-zscore-expanded-table.xlsx
WFL,F,,,60.6,-0.3833,6.0266,0.09137,,,4.237,4.644,5.051,5.509,6.027,6.614,7.284,8.051,8.818,wfl-girls-zscore-expanded-table.xlsx
WFL,F,,,60.7,-0.3833,6.0518,0.09137,,,4.254,4.663,5.072,5.532,6.052,6.642,7.314,8.085,8.855,wfl-girls-zscore-expanded-table.xlsx
WFL,F,,,60.8,-0.3833,6.0769,0.09137,,,4.272,4.683,5.093,5.555,6.077,6.669,7.344,8.118,8.892,wfl-girls-zscore-expanded-table.xlsx
WFL,F,,,60.9,-0.3833,6.102,0.09137,,,4.29,4.702,5.114,5.578,6.102,6.697,7.375,8.152,8.929,wfl-girls-zscore-expanded-table.xlsx
WFL,F,,,61,-0.3833,6.127,0.09137,,,4.307,4.721,5.135,5.601,6.127,6.724,7.405,8.185,8.965,wfl-girls-zscore-expanded-table.xlsx
WFL,F,,,61.1,-0.3833,6.1519,0.09137,,,4.325,4.74,5.156,5.624,6.152,6.752,7.435,8.218,9.002,wfl-girls-zscore-expanded-table.xlsx
WFL,F,,,61.2,-0.3833,6.1768,0.09136,,,4.343,4.76,5.177,5.646,6.177,6.779,7.465,8.251,9.038,wfl-girls-zscore-expanded-table.xlsx
WFL,F,,,61.3,-0.3833,6.2017,0.09136,,,4.36,4.779,5.198,5.669,6.202,6.806,7.495,8.285,9.074,wfl-girls-zscore-expanded-table.xlsx
WFL,F,,,61.4,-0.3833,6.2264,0.09136,,,4.377,4.798,5.218,5.692,6.226,6.833,7.525,8.318,9.11,wfl-girls-zscore-expanded-table.xlsx
WFL,F,,,61.5,-0.3833,6.2511,0.09136,,,4.395,4.817,5.239,5.714,6.251,6.86,7.555,8.351,9.146,wfl-girls-zscore-expanded-table.xlsx
WFL,F,,,61.6,-0.3833,6.2758,0.09136,,,4.412,4.836,5.26,5.737,6.276,6.887,7.585,8.384,9.182,wfl-girls-zscore-expanded-table.xlsx
WFL,F,,,61.7,-0.3833,6.3004,0.09136,,,4.429,4.855,5.28,5.759,6.3,6.914,7.614,8.416,9.218,wfl-girls-zscore-expanded-table.xlsx
WFL,F,,,61.8,-0.3833,6.3249,0.09135,,,4.447,4.874,5.301,5.782,6.325,6.941,7.644,8.449,9.254,wfl-girls-zscore-expanded-table.xlsx
WFL,F,,,61.9,-0.3833,6.3494,0.09135,,,4.464,4.893,5.322,5.804,6.349,6.968,7.673,8.482,9.29,wfl-girls-zscore-expanded-table.xlsx
WFL,F,,,62,-0.3833,6.3738,0.09135,,,4.481,4.912,5.342,5.826,6.374,6.995,7.703,8.514,9.325,wfl-girls-zscore-expanded-table.xlsx
WFL,F,,,62.1,-0.3833,6.3981,0.09135,,,4.498,4.93,5.362,5.849,6.398,7.022,7.732,8.547,9.361,wfl-girls-zscore-expanded-table.xlsx
WFL,F,,,62.2,-0.3833,6.4224,0.09134,,,4.516,4.949,5.383,5.871,6.422,7.048,7.762,8.579,9.396,wfl-girls-zscore-expanded-table.xlsx
WFL,F,,,62.3,-0.3833,6.4466,0.09134,,,4.533,4.968,5.403,5.893,6.447,7.075,7.791,8.611,9.431,wfl-girls-zscore-expanded-table.xlsx
WFL,F,,,62.4,-0.3833,6.4708,0.09134,,,4.55,4.987,5.423,5.915,6.471,7.101,7.82,8.643,9.467,wfl-girls-zscore-expanded-table.xlsx
WFL,F,,,62.5,-0.3833,6.4948,0.09133,,,4.567,5.005,5.444,5.937,6.495,7.128,7.849,8.675,9.502,wfl-girls-zscore-expanded-table.xlsx
WFL,F,,,62.6,-0.3833,6.5189,0.09133,,,4.584,5.024,5.464,5.959,6.519,7.154,7.878,8.707,9.537,wfl-girls-zscore-expanded-table.xlsx
WFL,F,,,62.7,-0.3833,6.5429,0.09133,,,4.6,5.042,5.484,5.981,6.543,7.18,7.907,8.739,9.572,wfl-girls-zscore-expanded-table.xlsx
WFL,F,,,62.8,-0.3833,6.5668,0.09132,,,4.617,5.061,5.504,6.003,6.567,7.206,7.936,8.771,9.607,wfl-girls-zscore-expanded-table.xlsx
WFL,F,,,62.9,-0.3833,6.5906,0.09132,,,4.634,5.079,5.524,6.025,6.591,7.233,7.964,8.803,9.641,wfl-girls-zscore-expanded-table.xlsx
WFL,F,,,63,-0.3833,6.6144,0.09131,,,4.651,5.098,5.544,6.047,6.614,7.259,7.993,8.834,9.676,wfl-girls-zscore-expanded-table.xlsx
WFL,F,,,63.1,-0.3833,6.6382,0.09131,,,4.668,5.116,5.564,6.068,6.638,7.285,8.022,8.866,9.711,wfl-girls-zscore-expanded-table.xlsx
WFL,F,,,63.2,-0.3833,6.6619,0.0913,,,4.685,5.134,5.584,6.09,6.662,7.311,8.05,8.898,9.745,wfl-girls-zscore-expanded-table.xlsx
WFL,F,,,63.3,-0.3833,6.6856,0.0913,,,4.701,5.153,5.604,6.112,6.686,7.337,8.079,8.929,9.779,wfl-girls-zscore-expanded-table.xlsx
WFL,F,,,63.4,-0.3833,6.7092,0.09129,,,4.718,5.171,5.624,6.133,6.709,7.363,8.107,8.96,9.814,wfl-girls-zscore-expanded-table.xlsx
WFL,F,,,63.5,-0.3833,6.7328,0.09129,,,4.735,5.189,5.644,6.155,6.733,7.388,8.136,8.992,9.848,wfl-girls-zscore-expanded-table.xlsx
WFL,F,,,63.6,-0.3833,6.7563,0.09128,,,4.751,5.207,5.663,6.177,6.756,7.414,8.164,9.023,9.882,wfl-girls-zscore-expanded-table.xlsx
WFL,F,,,63.7,-0.3833,6.7798,0.09128,,,4.768,5.225,5.683,6.198,6.78,7.44,8.192,9.054,9.916,wfl-girls-zscore-expanded-table.xlsx
WFL,F,,,63.8,-0.3833,6.8033,0.09127,,,4.785,5.244,5.703,6.22,6.803,7.466,8.221,9.085,9.95,wfl-girls-zscore-expanded-table.xlsx
WFL,F,,,63.9,-0.3833,6.8267,0.09127,,,4.801,5.262,5.722,6.241,6.827,7.491,8.249,9.117,9.985,wfl-girls-zscore-expanded-table.xlsx
WFL,F,,,64,-0.3833,6.8501,0.09126,,,4.818,5.28,5.742,6.262,6.85,7.517,8.277,9.148,10.018,wfl-girls-zscore-expanded-table.xlsx
WFL,F,,,64.1,-0.3833,6.8734,0.09125,,,4.834,5.298,5.762,6.284,6.873,7.542,8.305,9.178,10.052,wfl-girls-zscore-expanded-table.xlsx
WFL,F,,,64.2,-0.3833,6.8967,0.09125,,,4.851,5.316,5.781,6.305,6.897,7.568,8.333,9.21,10.086,wfl-girls-zscore-expanded-table.xlsx
WFL,F,,,64.3,-0.3833,6.9199,0.09124,,,4.867,5.334,5.801,6.326,6.92,7.593,8.361,9.24,10.12,wfl-girls-zscore-expanded-table.xlsx
WFL,F,,,64.4,-0.3833,6.9431,0.09123,,,4.884,5.352,5.82,6.348,6.943,7.619,8.389,9.271,10.153,wfl-girls-zscore-expanded-table.xlsx
WFL,F,,,64.5,-0.3833,6.9662,0.09123,,,4.9,5.37,5.84,6.369,6.966,7.644,8.417,9.302,10.187,wfl-girls-zscore-expanded-table.xlsx
WFL,F,,,64.6,-0.3833,6.9893,0.09122,,,4.916,5.388,5.859,6.39,6.989,7.669,8.444,9.332,10.22,wfl-girls-zscore-expanded-table.xlsx
WFL,F,,,64.7,-0.3833,7.0124,0.09121,,,4.933,5.406,5.879,6.411,7.012,7.695,8.472,9.363,10.253,wfl-girls-zscore-expanded-table.xlsx
WFL,F,,,64.8,-0.3833,7.0354,0.0912,,,4.949,5.424,5.898,6.432,7.035,7.72,8.5,9.393,10.287,wfl-girls-zscore-expanded-table.xlsx
WFL,F,,,64.9,-0.3833,7.0583,0.0912,,,4.965,5.441,5.917,6.453,7.058,7.745,8.527,9.424,10.32,wfl-girls-zscore-expanded-table.xlsx
WFL,F,,,65,-0.3833,7.0812,0.09119,,,4.982,5.459,5.937,6.474,7.081,7.77,8.555,9.454,10.353,wfl-girls-zscore-expanded-table.xlsx
WFL,F,,,65.1,-0.3833,7.1041,0.09118,,,4.998,5.477,5.956,6.495,7.104,7.795,8.582,9.484,10.386,wfl-girls-zscore-expanded-table.xlsx
WFL,F,,,65.2,-0.3833,7.1269,0.09117,,,5.014,5.495,5.975,6.516,7.127,7.82,8.61,9.514,10.419,wfl-girls-zscore-expanded-table.xlsx
WFL,F,,,65.3,-0.3833,7.1497,0.09116,,,5.03,5.512,5.994,6.537,7.15,7.845,8.637,9.545,10.452,wfl-girls-zscore-expanded-table.xlsx
WFL,F,,,65.4,-0.3833,7.1724,0.09116,,,5.046,5.53,6.014,6.558,7.172,7.87,8.665,9.575,10.485,wfl-girls-zscore-expanded-table.xlsx
WFL,F,,,65.5,-0.3833,7.195,0.09115,,,5.062,5.547,6.033,6.578,7.195,7.895,8.692,9.605,10.518,wfl-girls-zscore-expanded-table.xlsx
WFL,F,,,65.6,-0.3833,7.2177,0.09114,,,5.078,5.565,6.052,6.599,7.218,7.919,8.719,9.635,10.55,wfl-girls-zscore-expanded-table.xlsx
WFL,F,,,65.7,-0.3833,7.2402,0.09113,,,5.095,5.583,6.071,6.62,7.24,7.944,8.746,9.664,10.583,wfl-girls-zscore-expanded-table.xlsx
WFL,F,,,65.8,-0.3833,7.2627,0.09112,,,5.111,5.6,6.09,6.64,7.263,7.969,8.773,9.694,10.615,wfl-girls-zscore-expanded-table.xlsx
WFL,F,,,65.9,-0.3833,7.2852,0.09111,,,5.127,5.618,6.109,6.661,7.285,7.993,8.8,9.724,10.648,wfl-girls-zscore-expanded-table.xlsx
WFL,F,,,66,-0.3833,7.3076,0.0911,,,5.143,5.635,6.128,6.682,7.308,8.018,8.827,9.753,10.68,wfl-girls-zscore-expanded-table.xlsx
WFL,F,,,66.1,-0.3833,7.33,0.09109,,,5.158,5.652,6.146,6.702,7.33,8.042,8.854,9.783,10.712,wfl-girls-zscore-expanded-table.xlsx
WFL,F,,,66.2,-0.3833,7.3523,0.09109,,,5.174,5.67,6.165,6.723,7.352,8.067,8.881,9.813,10.745,wfl-girls-zscore-expanded-table.xlsx
WFL,F,,,66.3,-0.3833,7.3745,0.09108,,,5.19,5.687,6.184,6.743,7.374,8.091,8.907,9.842,10.777,wfl-girls-zscore-expanded-table.xlsx
WFL,F,,,66.4,-0.3833,7.3967,0.09107,,,5.206,5.704,6.203,6.763,7.397,8.115,8.934,9.871,10.809,wfl-girls-zscore-expanded-table.xlsx
WFL,F,,,66.5,-0.3833,7.4189,0.09106,,,5.222,5.721,6.221,6.784,7.419,8.139,8.96,9.901,10.841,wfl-girls-zscore-expanded-table.xlsx
WFL,F,,,66.6,-0.3833,7.441,0.09105,,,5.237,5.739,6.24,6.804,7.441,8.164,8.987,9.93,10.873,wfl-girls-zscore-expanded-table.xlsx
WFL,F,,,66.7,-0.3833,7.463,0.09104,,,5.253,5.756,6.259,6.824,7.463,8.188,9.013,9.959,10.904,wfl-girls-zscore-expanded-table.xlsx
WFL,F,,,66.8,-0.3833,7.485,0.09103,,,5.269,5.773,6.277,6.844,7.485,8.212,9.04,9.988,10.936,wfl-girls-zscore-expanded-table.xlsx
WFL,F,,,66.9,-0.3833,7.5069,0.09102,,,5.284,5.79,6.296,6.864,7.507,8.236,9.066,10.017,10.967,wfl-girls-zscore-expanded-table.xlsx
WFL,F,,,67,-0.3833,7.5288,0.09101,,,5.3,5.807,6.314,6.885,7.529,8.26,9.092,10.046,10.999,wfl-girls-zscore-expanded-table.xlsx
WFL,F,,,67.1,-0.3833,7.5507,0.091,,,5.316,5.824,6.333,6.905,7.551,8.283,9.118,10.074,11.031,wfl-girls-zscore-expanded-table.xlsx
WFL,F,,,67.2,-0.3833,7.5724,0.09099,,,5.331,5.841,6.351,6.925,7.572,8.307,9.144,10.103,11.062,wfl-girls-zscore-expanded-table.xlsx
WFL,F,,,67.3,-0.3833,7.5942,0.09098,,,5.347,5.858,6.369,6.945,7.594,8.331,9.171,10.132,11.093,wfl-girls-zscore-expanded-table.xlsx
WFL,F,,,67.4,-0.3833,7.6158,0.09097,,,5.362,5.875,6.388,6.964,7.616,8.355,9.196,10.16,11.124,wfl-girls-zscore-expanded-table.xlsx
WFL,F,,,67.5,-0.3833,7.6375,0.09096,,,5.377,5.892,6.406,6.984,7.638,8.378,9.222,10.189,11.155,wfl-girls-zscore-expanded-table.xlsx
WFL,F,,,67.6,-0.3833,7.659,0.09095,,,5.393,5.908,6.424,7.004,7.659,8.402,9.248,10.217,11.186,wfl-girls-zscore-expanded-table.xlsx
WFL,F,,,67.7,-0.3833,7.6806,0.09094,,,5.408,5.925,6.442,7.024,7.681,8.425,9.274,10.246,11.217,wfl-girls-zscore-expanded-table.xlsx
WFL,F,,,67.8,-0.3833,7.702,0.09093,,,5.423,5.942,6.46,7.043,7.702,8.449,9.3,10.274,11.248,wfl-girls-zscore-expanded-table.xlsx
WFL,F,,,67.9,-0.3833,7.7234,0.09091,,,5.439,5.959,6.479,7.063,7.723,8.472,9.325,10.302,11.278,wfl-girls-zscore-expanded-table.xlsx
WFL,F,,,68,-0.3833,7.7448,0.0909,,,5.454,5.975,6.497,7.083,7.745,8.496,9.351,10.33,11.309,wfl-girls-zscore-expanded-table.xlsx
WFL,F,,,68.1,-0.3833,7.7661,0.09089,,,5.469,5.992,6.515,7.102,7.766,8.519,9.376,10.358,11.34,wfl-girls-zscore-expanded-table.xlsx
WFL,F,,,68.2,-0.3833,7.7874,0.09088,,,5.485,6.009,6.533,7.122,7.787,8.542,9.402,10.386,11.37,wfl-girls-zscore-expanded-table.xlsx
WFL,F,,,68.3,-0.3833,7.8086,0.09087,,,5.5,6.025,6.55,7.141,7.809,8.565,9.427,10.414,11.401,wfl-girls-zscore-expanded-table.xlsx
WFL,F,,,68.4,-0.3833,7.8298,0.09086,,,5.515,6.042,6.568,7.161,7.83,8.588,9.453,10.442,11.431,wfl-girls-zscore-expanded-table.xlsx
WFL,F,,,68.5,-0.3833,7.8509,0.09085,,,5.53,6.058,6.586,7.18,7.851,8.611,9.478,10.47,11.462,wfl-girls-zscore-expanded-table.xlsx
WFL,F,,,68.6,-0.3833,7.872,0.09084,,,5.545,6.075,6.604,7.2,7.872,8.635,9.503,10.498,11.492,wfl-girls-zscore-expanded-table.xlsx
WFL,F,,,68.7,-0.3833,7.893,0.09083,,,5.56,6.091,6.622,7.219,7.893,8.657,9.528,10.525,11.522,wfl-girls-zscore-expanded-table.xlsx
WFL,F,,,68.8,-0.3833,7.914,0.09082,,,5.575,6.107,6.64,7.238,7.914,8.68,9.553,10.553,11.552,wfl-girls-zscore-expanded-table.xlsx
WFL,F,,,68.9,-0.3833,7.935,0.0908,,,5.59,6.124,6.657,7.257,7.935,8.703,9.578,10.58,11.582,wfl-girls-zscore-expanded-table.xlsx
WFL,F,,,69,-0.3833,7.9559,0.09079,,,5.605,6.14,6.675,7.277,7.956,8.726,9.603,10.608,11.612,wfl-girls-zscore-expanded-table.xlsx
WFL,F,,,69.1,-0.3833,7.9768,0.09078,,,5.62,6.156,6.693,7.296,7.977,8.749,9.628,10.635,11.642,wfl-girls-zscore-expanded-table.xlsx
WFL,F,,,69.2,-0.3833,7.9976,0.09077,,,5.635,6.173,6.71,7.315,7.998,8.772,9.653,10.663,11.672,wfl-girls-zscore-expanded-table.xlsx
WFL,F,,,69.3,-0.3833,8.0184,0.09076,,,5.65,6.189,6.728,7.334,8.018,8.794,9.678,10.69,11.702,wfl-girls-zscore-expanded-table.xlsx
WFL,F,,,69.4,-0.3833,8.0392,0.09075,,,5.665,6.205,6.745,7.353,8.039,8.817,9.703,10.717,11.731,wfl-girls-zscore-expanded-table.xlsx
WFL,F,,,69.5,-0.3833,8.0599,0.09074,,,5.68,6.221,6.763,7.372,8.06,8.84,9.728,10.745,11.761,wfl-girls-zscore-expanded-table.xlsx
WFL,F,,,69.6,-0.3833,8.0806,0.09072,,,5.695,6.238,6.781,7.391,8.081,8.862,9.753,10.771,11.79,wfl-girls-zscore-expanded-table.xlsx
WFL,F,,,69.7,-0.3833,8.1012,0.09071,,,5.709,6.254,6.798,7.41,8.101,8.885,9.777,10.798,11.82,wfl-girls-zscore-expanded-table.xlsx
WFL,F,,,69.8,-0.3833,8.1218,0.0907,,,5.724,6.27,6.815,7.429,8.122,8.907,9.802,10.826,11.849,wfl-girls-zscore-expanded-table.xlsx
WFL,F,,,69.9,-0.3833,8.1424,0.09069,,,5.739,6.286,6.833,7.448,8.142,8.93,9.826,10.853,11.879,wfl-girls-zscore-expanded-table.xlsx
WFL,F,,,70,-0.3833,8.163,0.09068,,,5.753,6.302,6.85,7.467,8.163,8.952,9.851,10.88,11.908,wfl-girls-zscore-expanded-table.xlsx
WFL,F,,,70.1,-0.3833,8.1835,0.09067,,,5.768,6.318,6.868,7.486,8.184,8.975,9.876,10.907,11.938,wfl-girls-zscore-expanded-table.xlsx
WFL,F,,,70.2,-0.3833,8.2039,0.09065,,,5.783,6.334,6.885,7.504,8.204,8.997,9.9,10.933,11.967,wfl-girls-zscore-expanded-table.xlsx
WFL,F,,,70.3,-0.3833,8.2244,0.09064,,,5.798,6.35,6.902,7.523,8.224,9.019,9.924,10.96,11.996,wfl-girls-zscore-expanded-table.xlsx
WFL,F,,,70.4,-0.3833,8.2448,0.09063,,,5.812,6.366,6.919,7.542,8.245,9.041,9.949,10.987,12.025,wfl-girls-zscore-expanded-table.xlsx
WFL,F,,,70.5,-0.3833,8.2651,0.09062,,,5.827,6.382,6.937,7.561,8.265,9.064,9.973,11.014,12.054,wfl-girls-zscore-expanded-table.xlsx
WFL,F,,,70.6,-0.3833,8.2855,0.09061,,,5.841,6.398,6.954,7.579,8.286,9.086,9.997,11.04,12.083,wfl-girls-zscore-expanded-table.xlsx
WFL,F,,,70.7,-0.3833,8.3058,0.09059,,,5.856,6.414,6.971,7.598,8.306,9.108,10.021,11.067,12.112,wfl-girls-zscore-expanded-table.xlsx
WFL,F,,,70.8,-0.3833,8.3261,0.09058,,,5.871,6.429,6.988,7.617,8.326,9.13,10.046,11.093,12.141,wfl-girls-zscore-expanded-table.xlsx
WFL,F,,,70.9,-0.3833,8.3464,0.09057,,,5.885,6.445,7.006,7.635,8.346,9.152,10.07,11.12,12.17,wfl-girls-zscore-expanded-table.xlsx
WFL,F,,,71,-0.3833,8.3666,0.09056,,,5.9,6.461,7.023,7.654,8.367,9.174,10.094,11.147,12.199,wfl-girls-zscore-expanded-table.xlsx
WFL,F,,,71.1,-0.3833,8.3869,0.09055,,,5.914,6.477,7.04,7.673,8.387,9.197,10.118,11.173,12.228,wfl-girls-zscore-expanded-table.xlsx
WFL,F,,,71.2,-0.3833,8.4071,0.09053,,,5.929,6.493,7.057,7.691,8.407,9.219,10.142,11.199,12.257,wfl-girls-zscore-expanded-table.xlsx
WFL,F,,,71.3,-0.3833,8.4273,0.09052,,,5.943,6.509,7.074,7.71,8.427,9.241,10.167,11.226,12.285,wfl-girls-zscore-expanded-table.xlsx
WFL,F,,,71.4,-0.3833,8.4474,0.09051,,,5.958,6.524,7.091,7.728,8.447,9.263,10.191,11.252,12.314,wfl-girls-zscore-expanded-table.xlsx
WFL,F,,,71.5,-0.3833,8.4676,0.0905,,,5.972,6.54,7.108,7.747,8.468,9.285,10.215,11.279,12.343,wfl-girls-zscore-expanded-table.xlsx
WFL,F,,,71.6,-0.3833,8.4877,0.09048,,,5.987,6.556,7.125,7.765,8.488,9.306,10.239,11.305,12.371,wfl-girls-zscore-expanded-table.xlsx
WFL,F,,,71.7,-0.3833,8.5078,0.09047,,,6.001,6.572,7.142,7.784,8.508,9.328,10.263,11.331,12.4,wfl-girls-zscore-expanded-table.xlsx
WFL,F,,,71.8,-0.3833,8.5278,0.09046,,,6.016,6.587,7.159,7.802,8.528,9.35,10.286,11.358,12.429,wfl-girls-zscore-expanded-table.xlsx
WFL,F,,,71.9,-0.3833,8.5479,0.09045,,,6.03,6.603,7.176,7.821,8.548,9.372,10.311,11.384,12.457,wfl-girls-zscore-expanded-table.xlsx
WFL,F,,,72,-0.3833,8.5679,0.09043,,,6.044,6.619,7.193,7.839,8.568,9.394,10.334,11.41,12.486,wfl-girls-zscore-expanded-table.xlsx
WFL,F,,,72.1,-0.3833,8.5879,0.09042,,,6.059,6.635,7.21,7.857,8.588,9.416,10.358,11.436,12.514,wfl-girls-zscore-expanded-table.xlsx
WFL,F,,,72.2,-0.3833,8.6078,0.09041,,,6.073,6.65,7.227,7.876,8.608,9.437,10.382,11.462,12.543,wfl-girls-zscore-expanded-table.xlsx
WFL,F,,,72.3,-0.3833,8.6277,0.0904,,,6.087,6.666,7.244,7.894,8.628,9.459,10.406,11.488,12.571,wfl-girls-zscore-expanded-table.xlsx
WFL,F,,,72.4,-0.3833,8.6476,0.09039,,,6.102,6.681,7.261,7.912,8.648,9.481,10.429,11.514,12.6,wfl-girls-zscore-expanded-table.xlsx
WFL,F,,,72.5,-0.3833,8.6674,0.09037,,,6.116,6.697,7.278,7.931,8.667,9.502,10.453,11.54,12.627,wfl-girls-zscore-expanded-table.xlsx
WFL,F,,,72.6,-0.3833,8.6872,0.09036,,,6.13,6.712,7.294,7.949,8.687,9.524,10.477,11.566,12.656,wfl-girls-zscore-expanded-table.xlsx
WFL,F,,,72.7,-0.3833,8.707,0.09035,,,6.144,6.728,7.311,7.967,8.707,9.546,10.5,11.592,12.684,wfl-girls-zscore-expanded-table.xlsx
WFL,F,,,72.8,-0.3833,8.7267,0.09034,,,6.159,6.743,7.328,7.985,8.727,9.567,10.524,11.618,12.712,wfl-girls-zscore-expanded-table.xlsx
WFL,F,,,72.9,-0.3833,8.7464,0.09032,,,6.173,6.759,7.345,8.003,8.746,9.588,10.547,11.643,12.74,wfl-girls-zscore-expanded-table.xlsx
WFL,F,,,73,-0.3833,8.7661,0.09031,,,6.187,6.774,7.361,8.021,8.766,9.61,10.571,11.669,12.768,wfl-girls-zscore-expanded-table.xlsx
WFL,F,,,73.1,-0.3833,8.7857,0.0903,,,6.201,6.79,7.378,8.039,8.786,9.631,10.594,11.695,12.796,wfl-girls-zscore-expanded-table.xlsx
WFL,F,,,73.2,-0.3833,8.8053,0.09028,,,6.215,6.805,7.395,8.057,8.805,9.653,10.617,11.72,12.823,wfl-girls-zscore-expanded-table.xlsx
WFL,F,,,73.3,-0.3833,8.8248,0.09027,,,6.229,6.82,7.411,8.075,8.825,9.674,10.64,11.746,12.851,wfl-girls-zscore-expanded-table.xlsx
WFL,F,,,73.4,-0.3833,8.8443,0.09026,,,6.243,6.836,7.428,8.093,8.844,9.695,10.664,11.771,12.879,wfl-girls-zscore-expanded-table.xlsx
WFL,F,,,73.5,-0.3833,8.8638,0.09025,,,6.257,6.851,7.444,8.111,8.864,9.716,10.687,11.797,12.907,wfl-girls-zscore-expanded-table.xlsx
WFL,F,,,73.6,-0.3833,8.8831,0.09023,,,6.272,6.866,7.461,8.129,8.883,9.737,10.71,11.822,12.934,wfl-girls-zscore-expanded-table.xlsx
WFL,F,,,73.7,-0.3833,8.9025,0.09022,,,6.285,6.881,7.477,8.147,8.902,9.759,10.733,11.847,12.961,wfl-girls-zscore-expanded-table.xlsx
WFL,F,,,73.8,-0.3833,8.9217,0.09021,,,6.299,6.896,7.493,8.165,8.922,9.78,10.756,11.872,12.989,wfl-girls-zscore-expanded-table.xlsx
WFL,F,,,73.9,-0.3833,8.941,0.0902,,,6.313,6.911,7.51,8.182,8.941,9.801,10.779,11.898,13.016,wfl-girls-zscore-expanded-table.xlsx
WFL,F,,,74,-0.3833,8.9601,0.09018,,,6.327,6.927,7.526,8.2,8.96,9.821,10.801,11.922,13.043,wfl-girls-zscore-expanded-table.xlsx
WFL,F,,,74.1,-0.3833,8.9792,0.09017,,,6.341,6.942,7.542,8.217,8.979,9.842,10.824,11.947,13.07,wfl-girls-zscore-expanded-table.xlsx
WFL,F,,,74.2,-0.3833,8.9983,0.09016,,,6.354,6.957,7.559,8.235,8.998,9.863,10.847,11.972,13.097,wfl-girls-zscore-expanded-table.xlsx
WFL,F,,,74.3,-0.3833,9.0173,0.09014,,,6.368,6.972,7.575,8.253,9.017,9.884,10.869,11.997,13.124,wfl-girls-zscore-expanded-table.xlsx
WFL,F,,,74.4,-0.3833,9.0363,0.09013,,,6.382,6.986,7.591,8.27,9.036,9.904,10.892,12.022,13.151,wfl-girls-zscore-expanded-table.xlsx
WFL,F,,,74.5,-0.3833,9.0552,0.09012,,,6.396,7.001,7.607,8.287,9.055,9.925,10.915,12.046,13.178,wfl-girls-zscore-expanded-table.xlsx
WFL,F,,,74.6,-0.3833,9.074,0.09011,,,6.409,7.016,7.623,8.305,9.074,9.945,10.937,12.071,13.205,wfl-girls-zscore-expanded-table.xlsx
WFL,F,,,74.7,-0.3833,9.0928,0.09009,,,6.423,7.031,7.639,8.322,9.093,9.966,10.959,12.095,13.231,wfl-girls-zscore-expanded-table.xlsx
WFL,F,,,74.8,-0.3833,9.1116,0.09008,,,6.436,7.046,7.655,8.339,9.112,9.986,10.982,12.12,13.258,wfl-girls-zscore-expanded-table.xlsx
WFL,F,,,74.9,-0.3833,9.1303,0.09007,,,6.45,7.06,7.671,8.357,9.13,10.007,11.004,12.144,13.284,wfl-girls-zscore-expanded-table.xlsx
WFL,F,,,75,-0.3833,9.149,0.09005,,,6.464,7.075,7.687,8.374,9.149,10.027,11.026,12.168,13.31,wfl-girls-zscore-expanded-table.xlsx
WFL,F,,,75.1,-0.3833,9.1676,0.09004,,,6.477,7.09,7.702,8.391,9.168,10.047,11.048,12.193,13.337,wfl-girls-zscore-expanded-table.xlsx
WFL,F,,,75.2,-0.3833,9.1862,0.09003,,,6.49,7.104,7.718,8.408,9.186,10.068,11.07,12.217,13.363,wfl-girls-zscore-expanded-table.xlsx
WFL,F,,,75.3,-0.3833,9.2048,0.09001,,,6.504,7.119,7.734,8.425,9.205,10.088,11.092,12.241,13.389,wfl-girls-zscore-expanded-table.xlsx
WFL,F,,,75.4,-0.3833,9.2233,0.09,,,6.517,7.134,7.75,8.442,9.223,10.108,11.114,12.265,13.416,wfl-girls-zscore-expanded-table.xlsx
WFL,F,,,75.5,-0.3833,9.2418,0.08999,,,6.531,7.148,7.766,8.459,9.242,10.128,11.136,12.289,13.442,wfl-girls-zscore-expanded-table.xlsx
WFL,F,,,75.6,-0.3833,9.2602,0.08997,,,6.544,7.163,7.781,8.476,9.26,10.148,11.158,12.313,13.467,wfl-girls-zscore-expanded-table.xlsx
WFL,F,,,75.7,-0.3833,9.2786,0.08996,,,6.557,7.177,7.797,8.493,9.279,10.168,11.18,12.337,13.494,wfl-girls-zscore-expanded-table.xlsx
WFL,F,,,75.8,-0.3833,9.297,0.08995,,,6.571,7.192,7.812,8.51,9.297,10.188,11.202,12.361,13.52,wfl-girls-zscore-expanded-table.xlsx
WFL,F,,,75.9,-0.3833,9.3154,0.08993,,,6.584,7.206,7.828,8.527,9.315,10.208,11.224,12.385,13.545,wfl-girls-zscore-expanded-table.xlsx
WFL,F,,,76,-0.3833,9.3337,0.08992,,,6.597,7.221,7.844,8.544,9.334,10.228,11.246,12.408,13.571,wfl-girls-zscore-expanded-table.xlsx
WFL,F,,,76.1,-0.3833,9.352,0.08991,,,6.61,7.235,7.859,8.561,9.352,10.248,11.267,12.432,13.597,wfl-girls-zscore-expanded-table.xlsx
WFL,F,,,76.2,-0.3833,9.3703,0.08989,,,6.624,7.249,7.875,8.578,9.37,10.268,11.289,12.456,13.623,wfl-girls-zscore-expanded-table.xlsx
WFL,F,,,76.3,-0.3833,9.3886,0.08988,,,6.637,7.264,7.89,8.595,9.389,10.288,11.311,12.48,13.649,wfl-girls-zscore-expanded-table.xlsx
WFL,F,,,76.4,-0.3833,9.4069,0.08987,,,6.65,7.278,7.906,8.611,9.407,10.308,11.333,12.504,13.675,wfl-girls-zscore-expanded-table.xlsx
WFL,F,,,76.5,-0.3833,9.4252,0.08985,,,6.664,7.293,7.922,8.628,9.425,10.328,11.354,12.527,13.7,wfl-girls-zscore-expanded-table.xlsx
WFL,F,,,76.6,-0.3833,9.4435,0.08984,,,6.677,7.307,7.937,8.645,9.444,10.348,11.376,12.551,13.726,wfl-girls-zscore-expanded-table.xlsx
WFL,F,,,76.7,-0.3833,9.4617,0.08983,,,6.69,7.321,7.953,8.662,9.462,10.367,11.398,12.575,13.752,wfl-girls-zscore-expanded-table.xlsx
WFL,F,,,76.8,-0.3833,9.48,0.08981,,,6.703,7.336,7.968,8.679,9.48,10.387,11.419,12.598,13.778,wfl-girls-zscore-expanded-table.xlsx
WFL,F,,,76.9,-0.3833,9.4983,0.0898,,,6.717,7.35,7.984,8.696,9.498,10.407,11.441,12.622,13.804,wfl-girls-zscore-expanded-table.xlsx
WFL,F,,,77,-0.3833,9.5166,0.08979,,,6.73,7.365,7.999,8.712,9.517,10.427,11.463,12.646,13.83,wfl-girls-zscore-expanded-table.xlsx
WFL,F,,,77.1,-0.3833,9.535,0.08977,,,6.743,7.379,8.015,8.73,9.535,10.447,11.484,12.67,13.855,wfl-girls-zscore-expanded-table.xlsx
WFL,F,,,77.2,-0.3833,9.5533,0.08976,,,6.756,7.394,8.031,8.746,9.553,10.467,11.506,12.694,13.881,wfl-girls-zscore-expanded-table.xlsx
WFL,F,,,77.3,-0.3833,9.5717,0.08975,,,6.77,7.408,8.046,8.763,9.572,10.487,11.528,12.718,13.907,wfl-girls-zscore-expanded-table.xlsx
WFL,F,,,77.4,-0.3833,9.5901,0.08973,,,6.783,7.423,8.062,8.78,9.59,10.507,11.55,12.741,13.933,wfl-girls-zscore-expanded-table.xlsx
WFL,F,,,77.5,-0.3833,9.6086,0.08972,,,6.797,7.437,8.078,8.797,9.609,10.527,11.572,12.765,13.959,wfl-girls-zscore-expanded-table.xlsx
WFL,F,,,77.6,-0.3833,9.6271,0.08971,,,6.81,7.452,8.094,8.814,9.627,10.547,11.594,12.79,13.985,wfl-girls-zscore-expanded-table.xlsx
WFL,F,,,77.7,-0.3833,9.6456,0.08969,,,6.824,7.466,8.109,8.831,9.646,10.567,11.616,12.813,14.011,wfl-girls-zscore-expanded-table.xlsx
WFL,F,,,77.8,-0.3833,9.6642,0.08968,,,6.837,7.481,8.125,8.849,9.664,10.588,11.638,12.838,14.037,wfl-girls-zscore-expanded-table.xlsx
WFL,F,,,77.9,-0.3833,9.6828,0.08966,,,6.851,7.496,8.141,8.866,9.683,10.608,11.66,12.861,14.063,wfl-girls-zscore-expanded-table.xlsx
WFL,F,,,78,-0.3833,9.7015,0.08965,,,6.864,7.511,8.157,8.883,9.702,10.628,11.682,12.886,14.09,wfl-girls-zscore-expanded-table.xlsx
WFL,F,,,78.1,-0.3833,9.7202,0.08964,,,6.878,7.525,8.173,8.9,9.72,10.649,11.704,12.91,14.116,wfl-girls-zscore-expanded-table.xlsx
WFL,F,,,78.2,-0.3833,9.739,0.08963,,,6.891,7.54,8.189,8.917,9.739,10.669,11.727,12.935,14.143,wfl-girls-zscore-expanded-table.xlsx
WFL,F,,,78.3,-0.3833,9.7578,0.08961,,,6.905,7.555,8.205,8.935,9.758,10.689,11.749,12.959,14.169,wfl-girls-zscore-expanded-table.xlsx
WFL,F,,,78.4,-0.3833,9.7767,0.0896,,,6.919,7.57,8.221,8.952,9.777,10.71,11.771,12.984,14.196,wfl-girls-zscore-expanded-table.xlsx
WFL,F,,,78.5,-0.3833,9.7957,0.08959,,,6.932,7.585,8.237,8.97,9.796,10.731,11.794,13.008,14.223,wfl-girls-zscore-expanded-table.xlsx
WFL,F,,,78.6,-0.3833,9.8147,0.08957,,,6.946,7.6,8.253,8.987,9.815,10.751,11.816,13.033,14.249,wfl-girls-zscore-expanded-table.xlsx
WFL,F,,,78.7,-0.3833,9.8338,0.08956,,,6.96,7.615,8.27,9.005,9.834,10.772,11.839,13.058,14.276,wfl-girls-zscore-expanded-table.xlsx
WFL,F,,,78.8,-0.3833,9.853,0.08955,,,6.974,7.63,8.286,9.023,9.853,10.793,11.862,13.083,14.304,wfl-girls-zscore-expanded-table.xlsx
WFL,F,,,78.9,-0.3833,9.8722,0.08953,,,6.988,7.645,8.302,9.04,9.872,10.814,11.884,13.107,14.33,wfl-girls-zscore-expanded-table.xlsx
WFL,F,,,79,-0.3833,9.8915,0.08952,,,7.002,7.66,8.319,9.058,9.892,10.835,11.907,13.132,14.358,wfl-girls-zscore-expanded-table.xlsx
WFL,F,,,79.1,-0.3833,9.9109,0.08951,,,7.016,7.676,8.335,9.076,9.911,10.856,11.93,13.158,14.385,wfl-girls-zscore-expanded-table.xlsx
WFL,F,,,79.2,-0.3833,9.9303,0.0895,,,7.03,7.691,8.352,9.094,9.93,10.877,11.954,13.183,14.413,wfl-girls-zscore-expanded-table.xlsx
WFL,F,,,79.3,-0.3833,9.9499,0.08948,,,7.044,7.706,8.368,9.112,9.95,10.898,11.977,13.208,14.44,wfl-girls-zscore-expanded-table.xlsx
WFL,F,,,79.4,-0.3833,9.9695,0.08947,,,7.058,7.722,8.385,9.13,9.97,10.92,12,13.234,14.468,wfl-girls-zscore-expanded-table.xlsx
WFL,F,,,79.5,-0.3833,9.9892,0.08946,,,7.073,7.737,8.402,9.148,9.989,10.941,12.023,13.26,14.496,wfl-girls-zscore-expanded-table.xlsx
WFL,F,,,79.6,-0.3833,10.009,0.08945,,,7.087,7.753,8.419,9.166,10.009,10.963,12.047,13.285,14.524,wfl-girls-zscore-expanded-table.xlsx
WFL,F,,,79.7,-0.3833,10.0289,0.08943,,,7.102,7.769,8.436,9.185,10.029,10.984,12.07,13.311,14.551,wfl-girls-zscore-expanded-table.xlsx
WFL,F,,,79.8,-0.3833,10.0489,0.08942,,,7.116,7.784,8.453,9.203,10.049,11.006,12.094,13.337,14.58,wfl-girls-zscore-expanded-table.xlsx
WFL,F,,,79.9,-0.3833,10.069,0.08941,,,7.131,7.8,8.47,9.222,10.069,11.028,12.118,13.363,14.608,wfl-girls-zscore-expanded-table.xlsx
WFL,F,,,80,-0.3833,10.0891,0.0894,,,7.145,7.816,8.487,9.24,10.089,11.05,12.142,13.389,14.637,wfl-girls-zscore-expanded-table.xlsx
WFL,F,,,80.1,-0.3833,10.1094,0.08939,,,7.16,7.832,8.504,9.259,10.109,11.072,12.166,13.416,14.666,wfl-girls-zscore-expanded-table.xlsx
WFL,F,,,80.2,-0.3833,10.1298,0.08937,,,7.175,7.848,8.522,9.278,10.13,11.094,12.19,13.442,14.694,wfl-girls-zscore-expanded-table.xlsx
WFL,F,,,80.3,-0.3833,10.1503,0.08936,,,7.189,7.864,8.539,9.297,10.15,11.116,12.215,13.469,14.723,wfl-girls-zscore-expanded-table.xlsx
WFL,F,,,80.4,-0.3833,10.1709,0.08935,,,7.204,7.88,8.556,9.315,10.171,11.139,12.239,13.496,14.752,wfl-girls-zscore-expanded-table.xlsx
WFL,F,,,80.5,-0.3833,10.1916,0.08934,,,7.219,7.897,8.574,9.335,10.192,11.161,12.264,13.523,14.782,wfl-girls-zscore-expanded-table.xlsx
WFL,F,,,80.6,-0.3833,10.2123,0.08933,,,7.234,7.913,8.592,9.354,10.212,11.184,12.289,13.55,14.811,wfl-girls-zscore-expanded-table.xlsx
WFL,F,,,80.7,-0.3833,10.2332,0.08932,,,7.249,7.929,8.609,9.373,10.233,11.207,12.313,13.577,14.841,wfl-girls-zscore-expanded-table.xlsx
WFL,F,,,80.8,-0.3833,10.2542,0.0893,,,7.265,7.946,8.627,9.392,10.254,11.23,12.338,13.604,14.87,wfl-girls-zscore-expanded-table.xlsx
WFL,F,,,80.9,-0.3833,10.2753,0.08929,,,7.28,7.963,8.645,9.412,10.275,11.253,12.363,13.632,14.9,wfl-girls-zscore-expanded-table.xlsx
WFL,F,,,81,-0.3833,10.2965,0.08928,,,7.295,7.979,8.663,9.431,10.296,11.276,12.388,13.659,14.93,wfl-girls-zscore-expanded-table.xlsx
WFL,F,,,81.1,-0.3833,10.3178,0.08927,,,7.311,7.996,8.681,9.451,10.318,11.299,12.414,13.687,14.96,wfl-girls-zscore-expanded-table.xlsx
WFL,F,,,81.2,-0.3833,10.3393,0.08926,,,7.326,8.013,8.7,9.471,10.339,11.322,12.439,13.715,14.991,wfl-girls-zscore-expanded-table.xlsx
WFL,F,,,81.3,-0.3833,10.3608,0.08925,,,7.342,8.03,8.718,9.49,10.361,11.346,12.465,13.743,15.021,wfl-girls-zscore-expanded-table.xlsx
WFL,F,,,81.4,-0.3833,10.3824,0.08924,,,7.357,8.047,8.736,9.51,10.382,11.369,12.491,13.771,15.052,wfl-girls-zscore-expanded-table.xlsx
WFL,F,,,81.5,-0.3833,10.4041,0.08923,,,7.373,8.064,8.755,9.53,10.404,11.393,12.517,13.8,15.083,wfl-girls-zscore-expanded-table.xlsx
WFL,F,,,81.6,-0.3833,10.4258,0.08922,,,7.388,8.081,8.773,9.55,10.426,11.417,12.542,13.828,15.113,wfl-girls-zscore-expanded-table.xlsx
WFL,F,,,81.7,-0.3833,10.4477,0.08921,,,7.404,8.098,8.792,9.57,10.448,11.44,12.569,13.857,15.145,wfl-girls-zscore-expanded-table.xlsx
WFL,F,,,81.8,-0.3833,10.4697,0.0892,,,7.42,8.115,8.81,9.591,10.47,11.464,12.595,13.885,15.176,wfl-girls-zscore-expanded-table.xlsx
WFL,F,,,81.9,-0.3833,10.4918,0.08919,,,7.436,8.133,8.829,9.611,10.492,11.488,12.621,13.914,15.207,wfl-girls-zscore-expanded-table.xlsx
WFL,F,,,82,-0.3833,10.514,0.08918,,,7.452,8.15,8.848,9.631,10.514,11.513,12.647,13.943,15.239,wfl-girls-zscore-expanded-table.xlsx
WFL,F,,,82.1,-0.3833,10.5363,0.08917,,,7.468,8.167,8.867,9.652,10.536,11.537,12.674,13.972,15.27,wfl-girls-zscore-expanded-table.xlsx
WFL,F,,,82.2,-0.3833,10.5586,0.08916,,,7.484,8.185,8.886,9.672,10.559,11.561,12.701,14.001,15.302,wfl-girls-zscore-expanded-table.xlsx
WFL,F,,,82.3,-0.3833,10.5811,0.08915,,,7.5,8.203,8.905,9.693,10.581,11.586,12.727,14.031,15.334,wfl-girls-zscore-expanded-table.xlsx
WFL,F,,,82.4,-0.3833,10.6037,0.08915,,,7.516,8.22,8.924,9.714,10.604,11.611,12.755,14.061,15.367,wfl-girls-zscore-expanded-table.xlsx
WFL,F,,,82.5,-0.3833,10.6263,0.08914,,,7.533,8.238,8.943,9.735,10.626,11.635,12.781,14.09,15.399,wfl-girls-zscore-expanded-table.xlsx
WFL,F,,,82.6,-0.3833,10.6491,0.08913,,,7.549,8.256,8.962,9.756,10.649,11.66,12.809,14.12,15.431,wfl-girls-zscore-expanded-table.xlsx
WFL,F,,,82.7,-0.3833,10.6719,0.08912,,,7.566,8.274,8.982,9.777,10.672,11.685,12.836,14.15,15.463,wfl-girls-zscore-expanded-table.xlsx
WFL,F,,,82.8,-0.3833,10.6948,0.08911,,,7.582,8.292,9.001,9.798,10.695,11.71,12.863,14.18,15.496,wfl-girls-zscore-expanded-table.xlsx
WFL,F,,,82.9,-0.3833,10.7178,0.0891,,,7.599,8.31,9.021,9.819,10.718,11.735,12.89,14.21,15.529,wfl-girls-zscore-expanded-table.xlsx
WFL,F,,,83,-0.3833,10.741,0.0891,,,7.615,8.328,9.04,9.84,10.741,11.76,12.918,14.24,15.562,wfl-girls-zscore-expanded-table.xlsx
WFL,F,,,83.1,-0.3833,10.7641,0.08909,,,7.632,8.346,9.06,9.861,10.764,11.785,12.946,14.27,15.595,wfl-girls-zscore-expanded-table.xlsx
WFL,F,,,83.2,-0.3833,10.7874,0.08908,,,7.649,8.364,9.08,9.883,10.787,11.811,12.974,14.301,15.628,wfl-girls-zscore-expanded-table.xlsx
WFL,F,,,83.3,-0.3833,10.8108,0.08907,,,7.666,8.383,9.1,9.904,10.811,11.836,13.001,14.331,15.661,wfl-girls-zscore-expanded-table.xlsx
WFL,F,,,83.4,-0.3833,10.8343,0.08907,,,7.682,8.401,9.119,9.926,10.834,11.862,13.03,14.363,15.695,wfl-girls-zscore-expanded-table.xlsx
WFL,F,,,83.5,-0.3833,10.8578,0.08906,,,7.699,8.419,9.139,9.947,10.858,11.888,13.058,14.393,15.729,wfl-girls-zscore-expanded-table.xlsx
WFL,F,,,83.6,-0.3833,10.8814,0.08905,,,7.716,8.438,9.159,9.969,10.881,11.913,13.086,14.424,15.762,wfl-girls-zscore-expanded-table.xlsx
WFL,F,,,83.7,-0.3833,10.9051,0.08905,,,7.733,8.456,9.179,9.991,10.905,11.939,13.114,14.455,15.797,wfl-girls-zscore-expanded-table.xlsx
WFL,F,,,83.8,-0.3833,10.9289,0.08904,,,7.75,8.475,9.199,10.013,10.929,11.965,13.143,14.486,15.83,wfl-girls-zscore-expanded-table.xlsx
WFL,F,,,83.9,-0.3833,10.9527,0.08903,,,7.767,8.493,9.22,10.035,10.953,11.991,13.171,14.518,15.864,wfl-girls-zscore-expanded-table.xlsx
WFL,F,,,84,-0.3833,10.9767,0.08903,,,7.784,8.512,9.24,10.057,10.977,12.017,13.2,14.549,15.899,wfl-girls-zscore-expanded-table.xlsx
WFL,F,,,84.1,-0.3833,11.0007,0.08902,,,7.802,8.531,9.26,10.079,11.001,12.044,13.228,14.581,15.933,wfl-girls-zscore-expanded-table.xlsx
WFL,F,,,84.2,-0.3833,11.0248,0.08902,,,7.819,8.55,9.281,10.101,11.025,12.07,13.257,14.613,15.968,wfl-girls-zscore-expanded-table.xlsx
WFL,F,,,84.3,-0.3833,11.0489,0.08901,,,7.836,8.569,9.301,10.123,11.049,12.096,13.286,14.644,16.002,wfl-girls-zscore-expanded-table.xlsx
WFL,F,,,84.4,-0.3833,11.0731,0.08901,,,7.853,8.587,9.321,10.145,11.073,12.123,13.315,14.676,16.037,wfl-girls-zscore-expanded-table.xlsx
WFL,F,,,84.5,-0.3833,11.0974,0.089,,,7.871,8.606,9.342,10.167,11.097,12.149,13.344,14.708,16.072,wfl-girls-zscore-expanded-table.xlsx
WFL,F,,,84.6,-0.3833,11.1218,0.089,,,7.888,8.625,9.363,10.19,11.122,12.176,13.373,14.74,16.107,wfl-girls-zscore-expanded-table.xlsx
WFL,F,,,84.7,-0.3833,11.1462,0.08899,,,7.906,8.644,9.383,10.212,11.146,12.203,13.402,14.772,16.142,wfl-girls-zscore-expanded-table.xlsx
WFL,F,,,84.8,-0.3833,11.1707,0.08899,,,7.923,8.663,9.404,10.235,11.171,12.229,13.432,14.805,16.177,wfl-girls-zscore-expanded-table.xlsx
WFL,F,,,84.9,-0.3833,11.1952,0.08899,,,7.94,8.682,9.425,10.257,11.195,12.256,13.461,14.837,16.213,wfl-girls-zscore-expanded-table.xlsx
WFL,F,,,85,-0.3833,11.2198,0.08898,,,7.958,8.702,9.445,10.28,11.22,12.283,13.491,14.869,16.248,wfl-girls-zscore-expanded-table.xlsx
WFL,F,,,85.1,-0.3833,11.2444,0.08898,,,7.976,8.721,9.466,10.302,11.244,12.31,13.52,14.902,16.283,wfl-girls-zscore-expanded-table.xlsx
WFL,F,,,85.2,-0.3833,11.2691,0.08897,,,7.993,8.74,9.487,10.325,11.269,12.337,13.55,14.934,16.318,wfl-girls-zscore-expanded-table.xlsx
WFL,F,,,85.3,-0.3833,11.2939,0.08897,,,8.011,8.76,9.508,10.348,11.294,12.364,13.58,14.967,16.354,wfl-girls-zscore-expanded-table.xlsx
WFL,F,,,85.4,-0.3833,11.3187,0.08897,,,8.029,8.779,9.529,10.371,11.319,12.391,13.609,15,16.39,wfl-girls-zscore-expanded-table.xlsx
WFL,F,,,85.5,-0.3833,11.3435,0.08897,,,8.046,8.798,9.55,10.393,11.344,12.418,13.639,15.033,16.426,wfl-girls-zscore-expanded-table.xlsx
WFL,F,,,85.6,-0.3833,11.3684,0.08896,,,8.064,8.818,9.571,10.416,11.368,12.445,13.669,15.065,16.461,wfl-girls-zscore-expanded-table.xlsx
WFL,F,,,85.7,-0.3833,11.3934,0.08896,,,8.082,8.837,9.592,10.439,11.393,12.473,13.699,15.098,16.497,wfl-girls-zscore-expanded-table.xlsx
WFL,F,,,85.8,-0.3833,11.4183,0.08896,,,8.1,8.856,9.613,10.462,11.418,12.5,13.729,15.131,16.534,wfl-girls-zscore-expanded-table.xlsx
WFL,F,,,85.9,-0.3833,11.4434,0.08896,,,8.117,8.876,9.634,10.485,11.443,12.527,13.759,15.164,16.57,wfl-girls-zscore-expanded-table.xlsx
WFL,F,,,86,-0.3833,11.4684,0.08895,,,8.135,8.895,9.655,10.508,11.468,12.555,13.789,15.197,16.605,wfl-girls-zscore-expanded-table.xlsx
WFL,F,,,86.1,-0.3833,11.4935,0.08895,,,8.153,8.915,9.676,10.531,11.494,12.582,13.819,15.23,16.642,wfl-girls-zscore-expanded-table.xlsx
WFL,F,,,86.2,-0.3833,11.5186,0.08895,,,8.171,8.934,9.697,10.554,11.519,12.61,13.849,15.264,16.678,wfl-girls-zscore-expanded-table.xlsx
WFL,F,,,86.3,-0.3833,11.5437,0.08895,,,8.189,8.954,9.719,10.577,11.544,12.637,13.879,15.297,16.714,wfl-girls-zscore-expanded-table.xlsx
WFL,F,,,86.4,-0.3833,11.5689,0.08895,,,8.207,8.973,9.74,10.6,11.569,12.665,13.91,15.33,16.751,wfl-girls-zscore-expanded-table.xlsx
WFL,F,,,86.5,-0.3833,11.594,0.08895,,,8.225,8.993,9.761,10.623,11.594,12.692,13.94,15.363,16.787,wfl-girls-zscore-expanded-table.xlsx
WFL,F,,,86.6,-0.3833,11.6192,0.08895,,,8.242,9.012,9.782,10.646,11.619,12.72,13.97,15.397,16.824,wfl-girls-zscore-expanded-table.xlsx
WFL,F,,,86.7,-0.3833,11.6444,0.08895,,,8.26,9.032,9.803,10.669,11.644,12.747,14,15.43,16.86,wfl-girls-zscore-expanded-table.xlsx
WFL,F,,,86.8,-0.3833,11.6696,0.08895,,,8.278,9.051,9.825,10.692,11.67,12.775,14.031,15.464,16.897,wfl-girls-zscore-expanded-table.xlsx
WFL,F,,,86.9,-0.3833,11.6948,0.08895,,,8.296,9.071,9.846,10.715,11.695,12.803,14.061,15.497,16.933,wfl-girls-zscore-expanded-table.xlsx
WFL,F,,,87,-0.3833,11.7201,0.08895,,,8.314,9.091,9.867,10.739,11.72,12.83,14.091,15.531,16.97,wfl-girls-zscore-expanded-table.xlsx
WFL,F,,,87.1,-0.3833,11.7453,0.08895,,,8.332,9.11,9.888,10.762,11.745,12.858,14.122,15.564,17.006,wfl-girls-zscore-expanded-table.xlsx
WFL,F,,,87.2,-0.3833,11.7705,0.08895,,,8.35,9.13,9.91,10.785,11.77,12.885,14.152,15.597,17.043,wfl-girls-zscore-expanded-table.xlsx
WFL,F,,,87.3,-0.3833,11.7957,0.08895,,,8.368,9.149,9.931,10.808,11.796,12.913,14.182,15.631,17.079,wfl-girls-zscore-expanded-table.xlsx
WFL,F,,,87.4,-0.3833,11.8209,0.08895,,,8.386,9.169,9.952,10.831,11.821,12.941,14.213,15.664,17.116,wfl-girls-zscore-expanded-table.xlsx
WFL,F,,,87.5,-0.3833,11.8461,0.08895,,,8.403,9.188,9.973,10.854,11.846,12.968,14.243,15.698,17.152,wfl-girls-zscore-expanded-table.xlsx
WFL,F,,,87.6,-0.3833,11.8713,0.08896,,,8.421,9.208,9.994,10.877,11.871,12.996,14.273,15.731,17.189,wfl-girls-zscore-expanded-table.xlsx
WFL,F,,,87.7,-0.3833,11.8965,0.08896,,,8.439,9.227,10.015,10.9,11.896,13.024,14.304,15.765,17.226,wfl-girls-zscore-expanded-table.xlsx
WFL,F,,,87.8,-0.3833,11.9217,0.08896,,,8.457,9.247,10.037,10.923,11.922,13.051,14.334,15.798,17.262,wfl-girls-zscore-expanded-table.xlsx
WFL,F,,,87.9,-0.3833,11.9468,0.08896,,,8.475,9.266,10.058,10.946,11.947,13.079,14.364,15.832,17.299,wfl-girls-zscore-expanded-table.xlsx
WFL,F,,,88,-0.3833,11.972,0.08896,,,8.492,9.286,10.079,10.969,11.972,13.106,14.395,15.865,17.335,wfl-girls-zscore-expanded-table.xlsx
WFL,F,,,88.1,-0.3833,11.9971,0.08897,,,8.51,9.305,10.1,10.992,11.997,13.134,14.425,15.899,17.372,wfl-girls-zscore-expanded-table.xlsx
WFL,F,,,88.2,-0.3833,12.0223,0.08897,,,8.528,9.324,10.121,11.015,12.022,13.161,14.455,15.932,17.409,wfl-girls-zscore-expanded-table.xlsx
WFL,F,,,88.3,-0.3833,12.0474,0.08897,,,8.546,9.344,10.142,11.038,12.047,13.189,14.485,15.965,17.445,wfl-girls-zscore-expanded-table.xlsx
WFL,F,,,88.4,-0.3833,12.0725,0.08898,,,8.563,9.363,10.163,11.061,12.072,13.216,14.516,15.999,17.482,wfl-girls-zscore-expanded-table.xlsx
WFL,F,,,88.5,-0.3833,12.0976,0.08898,,,8.581,9.383,10.184,11.084,12.098,13.244,14.546,16.032,17.519,wfl-girls-zscore-expanded-table.xlsx
WFL,F,,,88.6,-0.3833,12.1227,0.08898,,,8.599,9.402,10.205,11.107,12.123,13.271,14.576,16.066,17.555,wfl-girls-zscore-expanded-table.xlsx
WFL,F,,,88.7,-0.3833,12.1478,0.08899,,,8.616,9.421,10.226,11.13,12.148,13.299,14.607,16.099,17.592,wfl-girls-zscore-expanded-table.xlsx
WFL,F,,,88.8,-0.3833,12.1728,0.08899,,,8.634,9.441,10.247,11.153,12.173,13.326,14.637,16.133,17.628,wfl-girls-zscore-expanded-table.xlsx
WFL,F,,,88.9,-0.3833,12.1978,0.089,,,8.651,9.46,10.268,11.176,12.198,13.354,14.667,16.166,17.665,wfl-girls-zscore-expanded-table.xlsx
WFL,F,,,89,-0.3833,12.2229,0.089,,,8.669,9.479,10.289,11.199,12.223,13.381,14.697,16.2,17.702,wfl-girls-zscore-expanded-table.xlsx
WFL,F,,,89.1,-0.3833,12.2479,0.08901,,,8.686,9.498,10.31,11.221,12.248,13.409,14.728,16.233,17.739,wfl-girls-zscore-expanded-table.xlsx
WFL,F,,,89.2,-0.3833,12.2729,0.08901,,,8.704,9.518,10.331,11.244,12.273,13.436,14.758,16.266,17.775,wfl-girls-zscore-expanded-table.xlsx
WFL,F,,,89.3,-0.3833,12.2978,0.08902,,,8.722,9.537,10.352,11.267,12.298,13.464,14.788,16.3,17.812,wfl-girls-zscore-expanded-table.xlsx
WFL,F,,,89.4,-0.3833,12.3228,0.08902,,,8.739,9.556,10.373,11.29,12.323,13.491,14.818,16.333,17.848,wfl-girls-zscore-expanded-table.xlsx
WFL,F,,,89.5,-0.3833,12.3477,0.08903,,,8.757,9.575,10.394,11.313,12.348,13.518,14.848,16.367,17.885,wfl-girls-zscore-expanded-table.xlsx
WFL,F,,,89.6,-0.3833,12.3727,0.08903,,,8.774,9.595,10.415,11.336,12.373,13.546,14.879,16.4,17.921,wfl-girls-zscore-expanded-table.xlsx
WFL,F,,,89.7,-0.3833,12.3976,0.08904,,,8.792,9.614,10.436,11.358,12.398,13.573,14.909,16.433,17.958,wfl-girls-zscore-expanded-table.xlsx
WFL,F,,,89.8,-0.3833,12.4225,0.08904,,,8.809,9.633,10.457,11.381,12.422,13.6,14.939,16.466,17.994,wfl-girls-zscore-expanded-table.xlsx
WFL,F,,,89.9,-0.3833,12.4474,0.08905,,,8.827,9.652,10.477,11.404,12.447,13.628,14.969,16.5,18.031,wfl-girls-zscore-expanded-table.xlsx
WFL,F,,,90,-0.3833,12.4723,0.08906,,,8.844,9.671,10.498,11.427,12.472,13.655,14.999,16.533,18.068,wfl-girls-zscore-expanded-table.xlsx
WFL,F,,,90.1,-0.3833,12.4971,0.08906,,,8.862,9.69,10.519,11.449,12.497,13.682,15.029,16.566,18.103,wfl-girls-zscore-expanded-table.xlsx
WFL,F,,,90.2,-0.3833,12.522,0.08907,,,8.879,9.709,10.54,11.472,12.522,13.71,15.059,16.6,18.14,wfl-girls-zscore-expanded-table.xlsx
WFL,F,,,90.3,-0.3833,12.5468,0.08908,,,8.896,9.728,10.561,11.495,12.547,13.737,15.09,16.633,18.177,wfl-girls-zscore-expanded-table.xlsx
WFL,F,,,90.4,-0.3833,12.5717,0.08909,,,8.913,9.747,10.581,11.517,12.572,13.765,15.12,16.667,18.214,wfl-girls-zscore-expanded-table.xlsx
WFL,F,,,90.5,-0.3833,12.5965,0.08909,,,8.931,9.767,10.602,11.54,12.596,13.792,15.15,16.7,18.25,wfl-girls-zscore-expanded-table.xlsx
WFL,F,,,90.6,-0.3833,12.6213,0.0891,,,8.948,9.786,10.623,11.563,12.621,13.819,15.18,16.733,18.287,wfl-girls-zscore-expanded-table.xlsx
WFL,F,,,90.7,-0.3833,12.6461,0.08911,,,8.966,9.805,10.644,11.585,12.646,13.846,15.21,16.767,18.323,wfl-girls-zscore-expanded-table.xlsx
WFL,F,,,90.8,-0.3833,12.6709,0.08912,,,8.983,9.824,10.664,11.608,12.671,13.874,15.24,16.8,18.36,wfl-girls-zscore-expanded-table.xlsx
WFL,F,,,90.9,-0.3833,12.6957,0.08912,,,9,9.843,10.685,11.631,12.696,13.901,15.27,16.833,18.396,wfl-girls-zscore-expanded-table.xlsx
WFL,F,,,91,-0.3833,12.7205,0.08913,,,9.018,9.862,10.706,11.653,12.72,13.928,15.3,16.866,18.433,wfl-girls-zscore-expanded-table.xlsx
WFL,F,,,91.1,-0.3833,12.7453,0.08914,,,9.035,9.881,10.726,11.676,12.745,13.955,15.33,16.9,18.469,wfl-girls-zscore-expanded-table.xlsx
WFL,F,,,91.2,-0.3833,12.77,0.08915,,,9.052,9.9,10.747,11.698,12.77,13.983,15.36,16.933,18.506,wfl-girls-zscore-expanded-table.xlsx
WFL,F,,,91.3,-0.3833,12.7948,0.08916,,,9.069,9.918,10.768,11.721,12.795,14.01,15.39,16.967,18.543,wfl-girls-zscore-expanded-table.xlsx
WFL,F,,,91.4,-0.3833,12.8196,0.08917,,,9.087,9.937,10.788,11.743,12.82,14.037,15.421,17,18.58,wfl-girls-zscore-expanded-table.xlsx
WFL,F,,,91.5,-0.3833,12.8443,0.08918,,,9.104,9.956,10.809,11.766,12.844,14.064,15.451,17.033,18.616,wfl-girls-zscore-expanded-table.xlsx
WFL,F,,,91.6,-0.3833,12.8691,0.08919,,,9.121,9.975,10.83,11.789,12.869,14.092,15.481,17.067,18.653,wfl-girls-zscore-expanded-table.xlsx
WFL,F,,,91.7,-0.3833,12.8939,0.0892,,,9.138,9.994,10.85,11.811,12.894,14.119,15.511,17.1,18.69,wfl-girls-zscore-expanded-table.xlsx
WFL,F,,,91.8,-0.3833,12.9186,0.08921,,,9.155,10.013,10.871,11.834,12.919,14.146,15.541,17.134,18.726,wfl-girls-zscore-expanded-table.xlsx
WFL,F,,,91.9,-0.3833,12.9434,0.08922,,,9.173,10.032,10.892,11.856,12.943,14.173,15.571,17.167,18.763,wfl-girls-zscore-expanded-table.xlsx
WFL,F,,,92,-0.3833,12.9681,0.08923,,,9.19,10.051,10.912,11.879,12.968,14.201,15.601,17.2,18.8,wfl-girls-zscore-expanded-table.xlsx
WFL,F,,,92.1,-0.3833,12.9929,0.08924,,,9.207,10.07,10.933,11.901,12.993,14.228,15.631,17.234,18.836,wfl-girls-zscore-expanded-table.xlsx
WFL,F,,,92.2,-0.3833,13.0177,0.08925,,,9.224,10.089,10.953,11.924,13.018,14.255,15.662,17.267,18.873,wfl-girls-zscore-expanded-table.xlsx
WFL,F,,,92.3,-0.3833,13.0424,0.08926,,,9.241,10.108,10.974,11.947,13.042,14.282,15.692,17.301,18.91,wfl-girls-zscore-expanded-table.xlsx
WFL,F,,,92.4,-0.3833,13.0672,0.08927,,,9.259,10.127,10.995,11.969,13.067,14.31,15.722,17.334,18.947,wfl-girls-zscore-expanded-table.xlsx
WFL,F,,,92.5,-0.3833,13.092,0.08928,,,9.276,10.146,11.015,11.992,13.092,14.337,15.752,17.368,18.983,wfl-girls-zscore-expanded-table.xlsx
WFL,F,,,92.6,-0.3833,13.1167,0.0893,,,9.293,10.164,11.036,12.014,13.117,14.364,15.782,17.402,19.021,wfl-girls-zscore-expanded-table.xlsx
WFL,F,,,92.7,-0.3833,13.1415,0.08931,,,9.31,10.183,11.056,12.037,13.142,14.392,15.813,17.435,19.058,wfl-girls-zscore-expanded-table.xlsx
WFL,F,,,92.8,-0.3833,13.1663,0.08932,,,9.327,10.202,11.077,12.059,13.166,14.419,15.843,17.469,19.094,wfl-girls-zscore-expanded-table.xlsx
WFL,F,,,92.9,-0.3833,13.1911,0.08933,,,9.344,10.221,11.098,12.082,13.191,14.446,15.873,17.502,19.131,wfl-girls-zscore-expanded-table.xlsx
WFL,F,,,93,-0.3833,13.2158,0.08934,,,9.361,10.24,11.118,12.104,13.216,14.473,15.903,17.535,19.168,wfl-girls-zscore-expanded-table.xlsx
WFL,F,,,93.1,-0.3833,13.2406,0.08936,,,9.378,10.258,11.139,12.127,13.241,14.501,15.934,17.569,19.205,wfl-girls-zscore-expanded-table.xlsx
WFL,F,,,93.2,-0.3833,13.2654,0.08937,,,9.396,10.277,11.159,12.149,13.265,14.528,15.964,17.603,19.242,wfl-girls-zscore-expanded-table.xlsx
WFL,F,,,93.3,-0.3833,13.2902,0.08938,,,9.413,10.296,11.18,12.172,13.29,14.556,15.994,17.636,19.279,wfl-girls-zscore-expanded-table.xlsx
WFL,F,,,93.4,-0.3833,13.3151,0.0894,,,9.43,10.315,11.201,12.195,13.315,14.583,16.025,17.671,19.317,wfl-girls-zscore-expanded-table.xlsx
WFL,F,,,93.5,-0.3833,13.3399,0.08941,,,9.447,10.334,11.221,12.217,13.34,14.61,16.055,17.704,19.354,wfl-girls-zscore-expanded-table.xlsx
WFL,F,,,93.6,-0.3833,13.3647,0.08942,,,9.464,10.353,11.242,12.24,13.365,14.638,16.085,17.738,19.391,wfl-girls-zscore-expanded-table.xlsx
WFL,F,,,93.7,-0.3833,13.3896,0.08944,,,9.481,10.372,11.262,12.262,13.39,14.665,16.116,17.772,19.428,wfl-girls-zscore-expanded-table.xlsx
WFL,F,,,93.8,-0.3833,13.4145,0.08945,,,9.498,10.391,11.283,12.285,13.414,14.693,16.146,17.806,19.465,wfl-girls-zscore-expanded-table.xlsx
WFL,F,,,93.9,-0.3833,13.4394,0.08947,,,9.515,10.409,11.304,12.308,13.439,14.72,16.177,17.84,19.503,wfl-girls-zscore-expanded-table.xlsx
WFL,F,,,94,-0.3833,13.4643,0.08948,,,9.532,10.428,11.324,12.33,13.464,14.748,16.207,17.873,19.54,wfl-girls-zscore-expanded-table.xlsx
WFL,F,,,94.1,-0.3833,13.4892,0.08949,,,9.55,10.447,11.345,12.353,13.489,14.775,16.237,17.907,19.577,wfl-girls-zscore-expanded-table.xlsx
WFL,F,,,94.2,-0.3833,13.5142,0.08951,,,9.567,10.466,11.366,12.376,13.514,14.803,16.268,17.942,19.615,wfl-girls-zscore-expanded-table.xlsx
WFL,F,,,94.3,-0.3833,13.5391,0.08952,,,9.584,10.485,11.386,12.398,13.539,14.83,16.298,17.975,19.652,wfl-girls-zscore-expanded-table.xlsx
WFL,F,,,94.4,-0.3833,13.5641,0.08954,,,9.601,10.504,11.407,12.421,13.564,14.858,16.329,18.01,19.69,wfl-girls-zscore-expanded-table.xlsx
WFL,F,,,94.5,-0.3833,13.5892,0.08955,,,9.618,10.523,11.428,12.444,13.589,14.886,16.36,18.044,19.727,wfl-girls-zscore-expanded-table.xlsx
WFL,F,,,94.6,-0.3833,13.6142,0.08957,,,9.635,10.542,11.448,12.467,13.614,14.913,16.39,18.078,19.765,wfl-girls-zscore-expanded-table.xlsx
WFL,F,,,94.7,-0.3833,13.6393,0.08959,,,9.652,10.561,11.469,12.489,13.639,14.941,16.421,18.112,19.804,wfl-girls-zscore-expanded-table.xlsx
WFL,F,,,94.8,-0.3833,13.6644,0.0896,,,9.67,10.58,11.49,12.512,13.664,14.969,16.452,18.146,19.841,wfl-girls-zscore-expanded-table.xlsx
WFL,F,,,94.9,-0.3833,13.6895,0.08962,,,9.687,10.599,11.511,12.535,13.69,14.997,16.483,18.181,19.879,wfl-girls-zscore-expanded-table.xlsx
WFL,F,,,95,-0.3833,13.7146,0.08963,,,9.704,10.618,11.532,12.558,13.715,15.024,16.513,18.215,19.916,wfl-girls-zscore-expanded-table.xlsx
WFL,F,,,95.1,-0.3833,13.7398,0.08965,,,9.721,10.637,11.552,12.581,13.74,15.052,16.545,18.25,19.955,wfl-girls-zscore-expanded-table.xlsx
WFL,F,,,95.2,-0.3833,13.765,0.08967,,,9.738,10.656,11.573,12.603,13.765,15.08,16.576,18.284,19.993,wfl-girls-zscore-expanded-table.xlsx
WFL,F,,,95.3,-0.3833,13.7902,0.08968,,,9.756,10.675,11.594,12.626,13.79,15.108,16.606,18.318,20.03,wfl-girls-zscore-expanded-table.xlsx
WFL,F,,,95.4,-0.3833,13.8155,0.0897,,,9.773,10.694,11.615,12.649,13.816,15.136,16.637,18.353,20.069,wfl-girls-zscore-expanded-table.xlsx
WFL,F,,,95.5,-0.3833,13.8408,0.08972,,,9.79,10.713,11.636,12.672,13.841,15.164,16.669,18.388,20.107,wfl-girls-zscore-expanded-table.xlsx
WFL,F,,,95.6,-0.3833,13.8661,0.08974,,,9.807,10.732,11.657,12.695,13.866,15.192,16.7,18.423,20.146,wfl-girls-zscore-expanded-table.xlsx
WFL,F,,,95.7,-0.3833,13.8914,0.08975,,,9.825,10.751,11.678,12.718,13.891,15.22,16.731,18.457,20.184,wfl-girls-zscore-expanded-table.xlsx
WFL,F,,,95.8,-0.3833,13.9168,0.08977,,,9.842,10.77,11.699,12.741,13.917,15.248,16.762,18.492,20.222,wfl-girls-zscore-expanded-table.xlsx
WFL,F,,,95.9,-0.3833,13.9422,0.08979,,,9.859,10.789,11.719,12.764,13.942,15.276,16.793,18.527,20.261,wfl-girls-zscore-expanded-table.xlsx
WFL,F,,,96,-0.3833,13.9676,0.08981,,,9.877,10.809,11.74,12.787,13.968,15.304,16.825,18.562,20.3,wfl-girls-zscore-expanded-table.xlsx
WFL,F,,,96.1,-0.3833,13.9931,0.08983,,,9.894,10.828,11.761,12.81,13.993,15.333,16.856,18.597,20.338,wfl-girls-zscore-expanded-table.xlsx
WFL,F,,,96.2,-0.3833,14.0186,0.08984,,,9.912,10.847,11.783,12.833,14.019,15.361,16.887,18.632,20.376,wfl-girls-zscore-expanded-table.xlsx
WFL,F,,,96.3,-0.3833,14.0441,0.08986,,,9.929,10.866,11.804,12.857,14.044,15.389,16.919,18.667,20.415,wfl-girls-zscore-expanded-table.xlsx
WFL,F,,,96.4,-0.3833,14.0697,0.08988,,,9.946,10.885,11.825,12.88,14.07,15.417,16.95,18.702,20.454,wfl-girls-zscore-expanded-table.xlsx
WFL,F,,,96.5,-0.3833,14.0953,0.0899,,,9.964,10.905,11.846,12.903,14.095,15.446,16.982,18.737,20.493,wfl-girls-zscore-expanded-table.xlsx
WFL,F,,,96.6,-0.3833,14.1209,0.08992,,,9.981,10.924,11.867,12.926,14.121,15.474,17.013,18.773,20.532,wfl-girls-zscore-expanded-table.xlsx
WFL,F,,,96.7,-0.3833,14.1466,0.08994,,,9.998,10.943,11.888,12.949,14.147,15.502,17.045,18.808,20.571,wfl-girls-zscore-expanded-table.xlsx
WFL,F,,,96.8,-0.3833,14.1724,0.08996,,,10.016,10.963,11.909,12.973,14.172,15.531,17.077,18.844,20.611,wfl-girls-zscore-expanded-table.xlsx
WFL,F,,,96.9,-0.3833,14.1981,0.08998,,,10.033,10.982,11.93,12.996,14.198,15.56,17.109,18.879,20.65,wfl-girls-zscore-expanded-table.xlsx
WFL,F,,,97,-0.3833,14.2239,0.09,,,10.051,11.001,11.952,13.019,14.224,15.588,17.14,18.915,20.689,wfl-girls-zscore-expanded-table.xlsx
WFL,F,,,97.1,-0.3833,14.2498,0.09002,,,10.068,11.021,11.973,13.043,14.25,15.617,17.172,18.95,20.729,wfl-girls-zscore-expanded-table.xlsx
WFL,F,,,97.2,-0.3833,14.2757,0.09004,,,10.086,11.04,11.994,13.066,14.276,15.646,17.204,18.986,20.768,wfl-girls-zscore-expanded-table.xlsx
WFL,F,,,97.3,-0.3833,14.3016,0.09006,,,10.103,11.059,12.015,13.09,14.302,15.674,17.236,19.022,20.808,wfl-girls-zscore-expanded-table.xlsx
WFL,F,,,97.4,-0.3833,14.3276,0.09008,,,10.121,11.079,12.037,13.113,14.328,15.703,17.268,19.058,20.847,wfl-girls-zscore-expanded-table.xlsx
WFL,F,,,97.5,-0.3833,14.3537,0.0901,,,10.139,11.099,12.058,13.137,14.354,15.732,17.3,19.094,20.887,wfl-girls-zscore-expanded-table.xlsx
WFL,F,,,97.6,-0.3833,14.3798,0.09012,,,10.156,11.118,12.08,13.161,14.38,15.761,17.333,19.13,20.927,wfl-girls-zscore-expanded-table.xlsx
WFL,F,,,97.7,-0.3833,14.4059,0.09015,,,10.174,11.137,12.101,13.184,14.406,15.79,17.365,19.166,20.967,wfl-girls-zscore-expanded-table.xlsx
WFL,F,,,97.8,-0.3833,14.4321,0.09017,,,10.191,11.157,12.123,13.208,14.432,15.819,17.398,19.203,21.007,wfl-girls-zscore-expanded-table.xlsx
WFL,F,,,97.9,-0.3833,14.4584,0.09019,,,10.209,11.177,12.144,13.232,14.458,15.848,17.43,19.239,21.048,wfl-girls-zscore-expanded-table.xlsx
WFL,F,,,98,-0.3833,14.4848,0.09021,,,10.227,11.197,12.166,13.256,14.485,15.878,17.463,19.275,21.088,wfl-girls-zscore-expanded-table.xlsx
WFL,F,,,98.1,-0.3833,14.5112,0.09023,,,10.245,11.216,12.188,13.279,14.511,15.907,17.495,19.312,21.128,wfl-girls-zscore-expanded-table.xlsx
WFL,F,,,98.2,-0.3833,14.5376,0.09026,,,10.262,11.236,12.209,13.303,14.538,15.936,17.528,19.349,21.169,wfl-girls-zscore-expanded-table.xlsx
WFL,F,,,98.3,-0.3833,14.5642,0.09028,,,10.28,11.256,12.231,13.327,14.564,15.966,17.561,19.385,21.21,wfl-girls-zscore-expanded-table.xlsx
WFL,F,,,98.4,-0.3833,14.5908,0.0903,,,10.298,11.276,12.253,13.351,14.591,15.995,17.594,19.422,21.25,wfl-girls-zscore-expanded-table.xlsx
WFL,F,,,98.5,-0.3833,14.6174,0.09033,,,10.316,11.295,12.275,13.375,14.617,16.025,17.627,19.459,21.292,wfl-girls-zscore-expanded-table.xlsx
WFL,F,,,98.6,-0.3833,14.6442,0.09035,,,10.334,11.315,12.297,13.4,14.644,16.055,17.66,19.496,21.333,wfl-girls-zscore-expanded-table.xlsx
WFL,F,,,98.7,-0.3833,14.671,0.09037,,,10.352,11.336,12.319,13.424,14.671,16.084,17.693,19.533,21.374,wfl-girls-zscore-expanded-table.xlsx
WFL,F,,,98.8,-0.3833,14.6979,0.0904,,,10.37,11.355,12.341,13.448,14.698,16.114,17.727,19.571,21.416,wfl-girls-zscore-expanded-table.xlsx
WFL,F,,,98.9,-0.3833,14.7248,0.09042,,,10.388,11.376,12.363,13.472,14.725,16.144,17.76,19.608,21.457,wfl-girls-zscore-expanded-table.xlsx
WFL,F,,,99,-0.3833,14.7519,0.09044,,,10.407,11.396,12.385,13.497,14.752,16.174,17.793,19.646,21.498,wfl-girls-zscore-expanded-table.xlsx
WFL,F,,,99.1,-0.3833,14.779,0.09047,,,10.425,11.416,12.407,13.521,14.779,16.204,17.827,19.684,21.54,wfl-girls-zscore-expanded-table.xlsx
WFL,F,,,99.2,-0.3833,14.8062,0.09049,,,10.443,11.436,12.429,13.546,14.806,16.235,17.861,19.721,21.582,wfl-girls-zscore-expanded-table.xlsx
WFL,F,,,99.3,-0.3833,14.8334,0.09052,,,10.461,11.456,12.452,13.57,14.833,16.265,17.895,19.76,21.624,wfl-girls-zscore-expanded-table.xlsx
WFL,F,,,99.4,-0.3833,14.8608,0.09054,,,10.48,11.477,12.474,13.595,14.861,16.295,17.929,19.797,21.666,wfl-girls-zscore-expanded-table.xlsx
WFL,F,,,99.5,-0.3833,14.8882,0.09057,,,10.498,11.497,12.496,13.62,14.888,16.326,17.963,19.836,21.709,wfl-girls-zscore-expanded-table.xlsx
WFL,F,,,99.6,-0.3833,14.9157,0.09059,,,10.516,11.518,12.519,13.645,14.916,16.356,17.997,19.874,21.751,wfl-girls-zscore-expanded-table.xlsx
WFL,F,,,99.7,-0.3833,14.9434,0.09062,,,10.535,11.538,12.542,13.67,14.943,16.387,18.031,19.913,21.794,wfl-girls-zscore-expanded-table.xlsx
WFL,F,,,99.8,-0.3833,14.9711,0.09064,,,10.554,11.559,12.564,13.695,14.971,16.418,18.066,19.951,21.837,wfl-girls-zscore-expanded-table.xlsx
WFL,F,,,99.9,-0.3833,14.9989,0.09067,,,10.572,11.579,12.587,13.72,14.999,16.449,18.1,19.99,21.88,wfl-girls-zscore-expanded-table.xlsx
WFL,F,,,100,-0.3833,15.0267,0.09069,,,10.591,11.6,12.61,13.745,15.027,16.48,18.135,20.028,21.922,wfl-girls-zscore-expanded-table.xlsx
WFL,F,,,100.1,-0.3833,15.0547,0.09072,,,10.609,11.621,12.633,13.77,15.055,16.511,18.17,20.068,21.966,wfl-girls-zscore-expanded-table.xlsx
WFL,F,,,100.2,-0.3833,15.0828,0.09075,,,10.628,11.642,12.655,13.796,15.083,16.542,18.205,20.107,22.01,wfl-girls-zscore-expanded-table.xlsx
WFL,F,,,100.3,-0.3833,15.1109,0.09077,,,10.647,11.663,12.679,13.821,15.111,16.573,18.239,20.146,22.053,wfl-girls-zscore-expanded-table.xlsx
WFL,F,,,100.4,-0.3833,15.1392,0.0908,,,10.666,11.684,12.702,13.846,15.139,16.605,18.275,20.186,22.097,wfl-girls-zscore-expanded-table.xlsx
WFL,F,,,100.5,-0.3833,15.1676,0.09083,,,10.684,11.705,12.725,13.872,15.168,16.637,18.31,20.226,22.141,wfl-girls-zscore-expanded-table.xlsx
WFL,F,,,100.6,-0.3833,15.196,0.09085,,,10.704,11.726,12.748,13.898,15.196,16.668,18.345,20.265,22.185,wfl-girls-zscore-expanded-table.xlsx
WFL,F,,,100.7,-0.3833,15.2246,0.09088,,,10.723,11.747,12.771,13.924,15.225,16.7,18.381,20.305,22.229,wfl-girls-zscore-expanded-table.xlsx
WFL,F,,,100.8,-0.3833,15.2532,0.09091,,,10.742,11.768,12.795,13.949,15.253,16.732,18.417,20.345,22.274,wfl-girls-zscore-expanded-table.xlsx
WFL,F,,,100.9,-0.3833,15.2819,0.09093,,,10.761,11.79,12.818,13.975,15.282,16.764,18.452,20.385,22.318,wfl-girls-zscore-expanded-table.xlsx
WFL,F,,,101,-0.3833,15.3108,0.09096,,,10.78,11.811,12.842,14.001,15.311,16.796,18.488,20.426,22.363,wfl-girls-zscore-expanded-table.xlsx
WFL,F,,,101.1,-0.3833,15.3397,0.09099,,,10.799,11.832,12.865,14.027,15.34,16.828,18.524,20.466,22.408,wfl-girls-zscore-expanded-table.xlsx
WFL,F,,,101.2,-0.3833,15.3687,0.09102,,,10.818,11.854,12.889,14.053,15.369,16.861,18.561,20.507,22.453,wfl-girls-zscore-expanded-table.xlsx
WFL,F,,,101.3,-0.3833,15.3979,0.09105,,,10.838,11.875,12.913,14.08,15.398,16.893,18.597,20.548,22.499,wfl-girls-zscore-expanded-table.xlsx
WFL,F,,,101.4,-0.3833,15.4271,0.09107,,,10.858,11.897,12.937,14.106,15.427,16.926,18.633,20.588,22.544,wfl-girls-zscore-expanded-table.xlsx
WFL,F,,,101.5,-0.3833,15.4564,0.0911,,,10.877,11.919,12.96,14.133,15.456,16.958,18.67,20.63,22.589,wfl-girls-zscore-expanded-table.xlsx
WFL,F,,,101.6,-0.3833,15.4858,0.09113,,,10.896,11.94,12.984,14.159,15.486,16.991,18.706,20.671,22.635,wfl-girls-zscore-expanded-table.xlsx
WFL,F,,,101.7,-0.3833,15.5154,0.09116,,,10.916,11.962,13.008,14.186,15.515,17.024,18.743,20.712,22.682,wfl-girls-zscore-expanded-table.xlsx
WFL,F,,,101.8,-0.3833,15.545,0.09119,,,10.936,11.984,13.033,14.212,15.545,17.057,18.78,20.754,22.728,wfl-girls-zscore-expanded-table.xlsx
WFL,F,,,101.9,-0.3833,15.5747,0.09122,,,10.955,12.006,13.057,14.239,15.575,17.09,18.817,20.796,22.774,wfl-girls-zscore-expanded-table.xlsx
WFL,F,,,102,-0.3833,15.6046,0.09125,,,10.975,12.028,13.081,14.266,15.605,17.123,18.855,20.838,22.821,wfl-girls-zscore-expanded-table.xlsx
WFL,F,,,102.1,-0.3833,15.6345,0.09128,,,10.995,12.05,13.105,14.293,15.634,17.157,18.892,20.88,22.868,wfl-girls-zscore-expanded-table.xlsx
WFL,F,,,102.2,-0.3833,15.6646,0.09131,,,11.015,12.072,13.13,14.32,15.665,17.19,18.93,20.922,22.915,wfl-girls-zscore-expanded-table.xlsx
WFL,F,,,102.3,-0.3833,15.6947,0.09133,,,11.035,12.095,13.155,14.347,15.695,17.224,18.967,20.964,22.961,wfl-girls-zscore-expanded-table.xlsx
WFL,F,,,102.4,-0.3833,15.725,0.09136,,,11.055,12.117,13.179,14.374,15.725,17.258,19.005,21.006,23.008,wfl-girls-zscore-expanded-table.xlsx
WFL,F,,,102.5,-0.3833,15.7553,0.09139,,,11.075,12.14,13.204,14.402,15.755,17.291,19.043,21.049,23.055,wfl-girls-zscore-expanded-table.xlsx
WFL,F,,,102.6,-0.3833,15.7858,0.09142,,,11.096,12.162,13.229,14.429,15.786,17.325,19.081,21.092,23.103,wfl-girls-zscore-expanded-table.xlsx
WFL,F,,,102.7,-0.3833,15.8164,0.09146,,,11.115,12.184,13.253,14.457,15.816,17.36,19.119,21.136,23.152,wfl-girls-zscore-expanded-table.xlsx
WFL,F,,,102.8,-0.3833,15.847,0.09149,,,11.136,12.207,13.278,14.484,15.847,17.394,19.157,21.179,23.2,wfl-girls-zscore-expanded-table.xlsx
WFL,F,,,102.9,-0.3833,15.8778,0.09152,,,11.156,12.23,13.303,14.512,15.878,17.428,19.196,21.222,23.248,wfl-girls-zscore-expanded-table.xlsx
WFL,F,,,103,-0.3833,15.9087,0.09155,,,11.177,12.253,13.329,14.54,15.909,17.463,19.235,21.265,23.296,wfl-girls-zscore-expanded-table.xlsx
WFL,F,,,103.1,-0.3833,15.9396,0.09158,,,11.197,12.275,13.354,14.568,15.94,17.497,19.273,21.309,23.344,wfl-girls-zscore-expanded-table.xlsx
WFL,F,,,103.2,-0.3833,15.9707,0.09161,,,11.218,12.298,13.379,14.596,15.971,17.532,19.312,21.352,23.393,wfl-girls-zscore-expanded-table.xlsx
WFL,F,,,103.3,-0.3833,16.0019,0.09164,,,11.238,12.321,13.404,14.624,16.002,17.567,19.351,21.396,23.442,wfl-girls-zscore-expanded-table.xlsx
WFL,F,,,103.4,-0.3833,16.0332,0.09167,,,11.259,12.344,13.43,14.652,16.033,17.601,19.39,21.44,23.491,wfl-girls-zscore-expanded-table.xlsx
WFL,F,,,103.5,-0.3833,16.0645,0.0917,,,11.28,12.367,13.455,14.68,16.064,17.636,19.429,21.484,23.539,wfl-girls-zscore-expanded-table.xlsx
WFL,F,,,103.6,-0.3833,16.096,0.09173,,,11.301,12.391,13.481,14.708,16.096,17.671,19.469,21.529,23.589,wfl-girls-zscore-expanded-table.xlsx
WFL,F,,,103.7,-0.3833,16.1276,0.09177,,,11.321,12.414,13.506,14.737,16.128,17.707,19.508,21.574,23.639,wfl-girls-zscore-expanded-table.xlsx
WFL,F,,,103.8,-0.3833,16.1593,0.0918,,,11.342,12.437,13.532,14.765,16.159,17.742,19.548,21.618,23.689,wfl-girls-zscore-expanded-table.xlsx
WFL,F,,,103.9,-0.3833,16.191,0.09183,,,11.363,12.46,13.558,14.794,16.191,17.778,19.588,21.663,23.738,wfl-girls-zscore-expanded-table.xlsx
WFL,F,,,104,-0.3833,16.2229,0.09186,,,11.384,12.484,13.584,14.822,16.223,17.813,19.628,21.708,23.788,wfl-girls-zscore-expanded-table.xlsx
WFL,F,,,104.1,-0.3833,16.2549,0.0919,,,11.405,12.507,13.61,14.851,16.255,17.849,19.668,21.754,23.839,wfl-girls-zscore-expanded-table.xlsx
WFL,F,,,104.2,-0.3833,16.287,0.09193,,,11.426,12.531,13.636,14.88,16.287,17.885,19.708,21.799,23.889,wfl-girls-zscore-expanded-table.xlsx
WFL,F,,,104.3,-0.3833,16.3191,0.09196,,,11.447,12.555,13.662,14.909,16.319,17.921,19.748,21.844,23.94,wfl-girls-zscore-expanded-table.xlsx
WFL,F,,,104.4,-0.3833,16.3514,0.09199,,,11.469,12.578,13.688,14.938,16.351,17.957,19.789,21.889,23.99,wfl-girls-zscore-expanded-table.xlsx
WFL,F,,,104.5,-0.3833,16.3837,0.09203,,,11.49,12.602,13.714,14.967,16.384,17.993,19.829,21.935,24.042,wfl-girls-zscore-expanded-table.xlsx
WFL,F,,,104.6,-0.3833,16.4162,0.09206,,,11.511,12.626,13.741,14.996,16.416,18.029,19.87,21.981,24.092,wfl-girls-zscore-expanded-table.xlsx
WFL,F,,,104.7,-0.3833,16.4488,0.09209,,,11.533,12.65,13.767,15.026,16.449,18.066,19.911,22.027,24.143,wfl-girls-zscore-expanded-table.xlsx
WFL,F,,,104.8,-0.3833,16.4814,0.09213,,,11.554,12.674,13.793,15.055,16.481,18.102,19.952,22.074,24.196,wfl-girls-zscore-expanded-table.xlsx
WFL,F,,,104.9,-0.3833,16.5142,0.09216,,,11.576,12.698,13.82,15.084,16.514,18.139,19.993,22.12,24.247,wfl-girls-zscore-expanded-table.xlsx
WFL,F,,,105,-0.3833,16.547,0.09219,,,11.597,12.722,13.847,15.114,16.547,18.175,20.034,22.166,24.298,wfl-girls-zscore-expanded-table.xlsx
WFL,F,,,105.1,-0.3833,16.58,0.09223,,,11.619,12.746,13.873,15.143,16.58,18.212,20.076,22.213,24.351,wfl-girls-zscore-expanded-table.xlsx
WFL,F,,,105.2,-0.3833,16.6131,0.09226,,,11.641,12.77,13.9,15.173,16.613,18.249,20.117,22.26,24.403,wfl-girls-zscore-expanded-table.xlsx
WFL,F,,,105.3,-0.3833,16.6462,0.09229,,,11.663,12.795,13.927,15.203,16.646,18.286,20.158,22.306,24.454,wfl-girls-zscore-expanded-table.xlsx
WFL,F,,,105.4,-0.3833,16.6795,0.09233,,,11.684,12.819,13.954,15.233,16.68,18.323,20.2,22.354,24.508,wfl-girls-zscore-expanded-table.xlsx
WFL,F,,,105.5,-0.3833,16.7129,0.09236,,,11.706,12.844,13.981,15.263,16.713,18.361,20.242,22.401,24.56,wfl-girls-zscore-expanded-table.xlsx
WFL,F,,,105.6,-0.3833,16.7464,0.0924,,,11.728,12.868,14.008,15.293,16.746,18.398,20.284,22.449,24.613,wfl-girls-zscore-expanded-table.xlsx
WFL,F,,,105.7,-0.3833,16.78,0.09243,,,11.75,12.893,14.035,15.323,16.78,18.436,20.326,22.496,24.666,wfl-girls-zscore-expanded-table.xlsx
WFL,F,,,105.8,-0.3833,16.8137,0.09247,,,11.772,12.917,14.063,15.353,16.814,18.474,20.369,22.544,24.72,wfl-girls-zscore-expanded-table.xlsx
WFL,F,,,105.9,-0.3833,16.8475,0.0925,,,11.794,12.942,14.09,15.384,16.848,18.511,20.411,22.592,24.773,wfl-girls-zscore-expanded-table.xlsx
WFL,F,,,106,-0.3833,16.8814,0.09254,,,11.816,12.967,14.117,15.414,16.881,18.549,20.454,22.641,24.827,wfl-girls-zscore-expanded-table.xlsx
WFL,F,,,106.1,-0.3833,16.9154,0.09257,,,11.839,12.992,14.145,15.445,16.915,18.587,20.497,22.688,24.88,wfl-girls-zscore-expanded-table.xlsx
WFL,F,,,106.2,-0.3833,16.9496,0.09261,,,11.861,13.017,14.173,15.475,16.95,18.626,20.54,22.737,24.935,wfl-girls-zscore-expanded-table.xlsx
WFL,F,,,106.3,-0.3833,16.9838,0.09264,,,11.884,13.042,14.2,15.506,16.984,18.664,20.583,22.786,24.988,wfl-girls-zscore-expanded-table.xlsx
WFL,F,,,106.4,-0.3833,17.0182,0.09268,,,11.906,13.067,14.228,15.537,17.018,18.702,20.626,22.835,25.043,wfl-girls-zscore-expanded-table.xlsx
WFL,F,,,106.5,-0.3833,17.0527,0.09271,,,11.929,13.092,14.256,15.568,17.053,18.741,20.669,22.883,25.097,wfl-girls-zscore-expanded-table.xlsx
WFL,F,,,106.6,-0.3833,17.0873,0.09275,,,11.951,13.117,14.284,15.599,17.087,18.78,20.713,22.933,25.153,wfl-girls-zscore-expanded-table.xlsx
WFL,F,,,106.7,-0.3833,17.122,0.09278,,,11.974,13.143,14.312,15.63,17.122,18.818,20.756,22.982,25.207,wfl-girls-zscore-expanded-table.xlsx
WFL,F,,,106.8,-0.3833,17.1569,0.09282,,,11.997,13.168,14.34,15.661,17.157,18.858,20.8,23.032,25.263,wfl-girls-zscore-expanded-table.xlsx
WFL,F,,,106.9,-0.3833,17.1918,0.09286,,,12.019,13.194,14.368,15.693,17.192,18.897,20.845,23.082,25.319,wfl-girls-zscore-expanded-table.xlsx
WFL,F,,,107,-0.3833,17.2269,0.09289,,,12.042,13.22,14.397,15.724,17.227,18.936,20.888,23.131,25.374,wfl-girls-zscore-expanded-table.xlsx
WFL,F,,,107.1,-0.3833,17.262,0.09293,,,12.065,13.245,14.425,15.756,17.262,18.975,20.933,23.181,25.43,wfl-girls-zscore-expanded-table.xlsx
WFL,F,,,107.2,-0.3833,17.2973,0.09296,,,12.089,13.271,14.454,15.787,17.297,19.015,20.977,23.231,25.485,wfl-girls-zscore-expanded-table.xlsx
WFL,F,,,107.3,-0.3833,17.3327,0.093,,,12.111,13.297,14.482,15.819,17.333,19.054,21.022,23.282,25.542,wfl-girls-zscore-expanded-table.xlsx
WFL,F,,,107.4,-0.3833,17.3683,0.09304,,,12.135,13.323,14.511,15.851,17.368,19.094,21.067,23.333,25.599,wfl-girls-zscore-expanded-table.xlsx
WFL,F,,,107.5,-0.3833,17.4039,0.09307,,,12.158,13.349,14.54,15.883,17.404,19.134,21.111,23.383,25.654,wfl-girls-zscore-expanded-table.xlsx
WFL,F,,,107.6,-0.3833,17.4397,0.09311,,,12.181,13.375,14.569,15.915,17.44,19.174,21.157,23.434,25.712,wfl-girls-zscore-expanded-table.xlsx
WFL,F,,,107.7,-0.3833,17.4755,0.09315,,,12.204,13.401,14.598,15.947,17.476,19.214,21.202,23.485,25.769,wfl-girls-zscore-expanded-table.xlsx
WFL,F,,,107.8,-0.3833,17.5115,0.09318,,,12.228,13.427,14.627,15.979,17.512,19.254,21.247,23.536,25.825,wfl-girls-zscore-expanded-table.xlsx
WFL,F,,,107.9,-0.3833,17.5476,0.09322,,,12.252,13.454,14.656,16.012,17.548,19.295,21.292,23.588,25.883,wfl-girls-zscore-expanded-table.xlsx
WFL,F,,,108,-0.3833,17.5839,0.09326,,,12.275,13.48,14.685,16.044,17.584,19.336,21.338,23.64,25.941,wfl-girls-zscore-expanded-table.xlsx
WFL,F,,,108.1,-0.3833,17.6202,0.09329,,,12.299,13.507,14.715,16.077,17.62,19.376,21.384,23.691,25.998,wfl-girls-zscore-expanded-table.xlsx
WFL,F,,,108.2,-0.3833,17.6567,0.09333,,,12.323,13.533,14.744,16.11,17.657,19.417,21.43,23.743,26.057,wfl-girls-zscore-expanded-table.xlsx
WFL,F,,,108.3,-0.3833,17.6932,0.09337,,,12.346,13.56,14.773,16.142,17.693,19.458,21.476,23.796,26.115,wfl-girls-zscore-expanded-table.xlsx
WFL,F,,,108.4,-0.3833,17.7299,0.09341,,,12.37,13.586,14.803,16.175,17.73,19.499,21.523,23.848,26.174,wfl-girls-zscore-expanded-table.xlsx
WFL,F,,,108.5,-0.3833,17.7668,0.09344,,,12.394,13.614,14.833,16.208,17.767,19.54,21.569,23.9,26.232,wfl-girls-zscore-expanded-table.xlsx
WFL,F,,,108.6,-0.3833,17.8037,0.09348,,,12.418,13.64,14.863,16.241,17.804,19.582,21.615,23.953,26.291,wfl-girls-zscore-expanded-table.xlsx
WFL,F,,,108.7,-0.3833,17.8407,0.09352,,,12.442,13.667,14.892,16.275,17.841,19.623,21.662,24.006,26.35,wfl-girls-zscore-expanded-table.xlsx
WFL,F,,,108.8,-0.3833,17.8779,0.09356,,,12.466,13.694,14.922,16.308,17.878,19.665,21.709,24.059,26.409,wfl-girls-zscore-expanded-table.xlsx
WFL,F,,,108.9,-0.3833,17.9152,0.09359,,,12.491,13.722,14.953,16.341,17.915,19.707,21.756,24.112,26.468,wfl-girls-zscore-expanded-table.xlsx
WFL,F,,,109,-0.3833,17.9526,0.09363,,,12.515,13.749,14.983,16.375,17.953,19.749,21.803,24.166,26.528,wfl-girls-zscore-expanded-table.xlsx
WFL,F,,,109.1,-0.3833,17.9901,0.09367,,,12.54,13.776,15.013,16.408,17.99,19.791,21.851,24.219,26.588,wfl-girls-zscore-expanded-table.xlsx
WFL,F,,,109.2,-0.3833,18.0277,0.09371,,,12.564,13.803,15.043,16.442,18.028,19.833,21.898,24.273,26.648,wfl-girls-zscore-expanded-table.xlsx
WFL,F,,,109.3,-0.3833,18.0654,0.09375,,,12.588,13.831,15.073,16.476,18.065,19.875,21.946,24.327,26.709,wfl-girls-zscore-expanded-table.xlsx
WFL,F,,,109.4,-0.3833,18.1033,0.09378,,,12.613,13.859,15.104,16.51,18.103,19.918,21.993,24.381,26.768,wfl-girls-zscore-expanded-table.xlsx
WFL,F,,,109.5,-0.3833,18.1412,0.09382,,,12.638,13.886,15.135,16.544,18.141,19.96,22.041,24.435,26.829,wfl-girls-zscore-expanded-table.xlsx
WFL,F,,,109.6,-0.3833,18.1792,0.09386,,,12.662,13.914,15.165,16.578,18.179,20.003,22.089,24.489,26.89,wfl-girls-zscore-expanded-table.xlsx
WFL,F,,,109.7,-0.3833,18.2174,0.0939,,,12.687,13.942,15.196,16.612,18.217,20.046,22.138,24.544,26.951,wfl-girls-zscore-expanded-table.xlsx
WFL,F,,,109.8,-0.3833,18.2556,0.09394,,,12.712,13.969,15.227,16.646,18.256,20.088,22.186,24.599,27.012,wfl-girls-zscore-expanded-table.xlsx
WFL,F,,,109.9,-0.3833,18.294,0.09397,,,12.737,13.998,15.258,16.681,18.294,20.131,22.234,24.653,27.072,wfl-girls-zscore-expanded-table.xlsx
WFL,F,,,110,-0.3833,18.3324,0.09401,,,12.762,14.025,15.289,16.715,18.332,20.174,22.283,24.708,27.134,wfl-girls-zscore-expanded-table.xlsx
WFH,M,,,65,-0.3521,7.4327,0.08217,,,5.401,5.868,6.335,6.854,7.433,8.079,8.804,9.619,10.435,wfh-boys-zscore-expanded-tables.xlsx
WFH,M,,,65.1,-0.3521,7.4563,0.08216,,,5.418,5.887,6.355,6.876,7.456,8.105,8.831,9.649,10.467,wfh-boys-zscore-expanded-tables.xlsx
WFH,M,,,65.2,-0.3521,7.4799,0.08216,,,5.435,5.905,6.376,6.898,7.48,8.13,8.859,9.68,10.5,wfh-boys-zscore-expanded-tables.xlsx
WFH,M,,,65.3,-0.3521,7.5034,0.08215,,,5.452,5.924,6.396,6.92,7.503,8.156,8.887,9.71,10.533,wfh-boys-zscore-expanded-tables.xlsx
WFH,M,,,65.4,-0.3521,7.5269,0.08214,,,5.47,5.943,6.416,6.941,7.527,8.181,8.915,9.74,10.566,wfh-boys-zscore-expanded-tables.xlsx
WFH,M,,,65.5,-0.3521,7.5504,0.08214,,,5.487,5.961,6.436,6.963,7.55,8.207,8.943,9.771,10.599,wfh-boys-zscore-expanded-tables.xlsx
WFH,M,,,65.6,-0.3521,7.5738,0.08214,,,5.504,5.98,6.456,6.985,7.574,8.232,8.97,9.801,10.631,wfh-boys-zscore-expanded-tables.xlsx
WFH,M,,,65.7,-0.3521,7.5973,0.08213,,,5.521,5.999,6.476,7.006,7.597,8.258,8.998,9.831,10.664,wfh-boys-zscore-expanded-tables.xlsx
WFH,M,,,65.8,-0.3521,7.6206,0.08213,,,5.538,6.017,6.496,7.028,7.621,8.283,9.026,9.861,10.697,wfh-boys-zscore-expanded-tables.xlsx
WFH,M,,,65.9,-0.3521,7.644,0.08213,,,5.555,6.035,6.516,7.049,7.644,8.308,9.053,9.891,10.729,wfh-boys-zscore-expanded-tables.xlsx
WFH,M,,,66,-0.3521,7.6673,0.08212,,,5.572,6.054,6.536,7.071,7.667,8.334,9.081,9.921,10.762,wfh-boys-zscore-expanded-tables.xlsx
WFH,M,,,66.1,-0.3521,7.6906,0.08212,,,5.589,6.072,6.556,7.093,7.691,8.359,9.108,9.951,10.794,wfh-boys-zscore-expanded-tables.xlsx
WFH,M,,,66.2,-0.3521,7.7138,0.08212,,,5.606,6.091,6.575,7.114,7.714,8.384,9.136,9.981,10.827,wfh-boys-zscore-expanded-tables.xlsx
WFH,M,,,66.3,-0.3521,7.737,0.08212,,,5.623,6.109,6.595,7.135,7.737,8.409,9.163,10.011,10.86,wfh-boys-zscore-expanded-tables.xlsx
WFH,M,,,66.4,-0.3521,7.7602,0.08212,,,5.64,6.127,6.615,7.157,7.76,8.435,9.191,10.041,10.892,wfh-boys-zscore-expanded-tables.xlsx
WFH,M,,,66.5,-0.3521,7.7834,0.08212,,,5.656,6.146,6.635,7.178,7.783,8.46,9.218,10.071,10.925,wfh-boys-zscore-expanded-tables.xlsx
WFH,M,,,66.6,-0.3521,7.8065,0.08212,,,5.673,6.164,6.654,7.199,7.806,8.485,9.246,10.101,10.957,wfh-boys-zscore-expanded-tables.xlsx
WFH,M,,,66.7,-0.3521,7.8296,0.08212,,,5.69,6.182,6.674,7.221,7.83,8.51,9.273,10.131,10.989,wfh-boys-zscore-expanded-tables.xlsx
WFH,M,,,66.8,-0.3521,7.8526,0.08212,,,5.707,6.2,6.694,7.242,7.853,8.535,9.3,10.161,11.022,wfh-boys-zscore-expanded-tables.xlsx
WFH,M,,,66.9,-0.3521,7.8757,0.08212,,,5.724,6.218,6.713,7.263,7.876,8.56,9.327,10.191,11.054,wfh-boys-zscore-expanded-tables.xlsx
WFH,M,,,67,-0.3521,7.8986,0.08213,,,5.74,6.236,6.733,7.284,7.899,8.585,9.355,10.221,11.087,wfh-boys-zscore-expanded-tables.xlsx
WFH,M,,,67.1,-0.3521,7.9216,0.08213,,,5.757,6.255,6.752,7.306,7.922,8.61,9.382,10.251,11.119,wfh-boys-zscore-expanded-tables.xlsx
WFH,M,,,67.2,-0.3521,7.9445,0.08213,,,5.773,6.273,6.772,7.327,7.944,8.635,9.409,10.28,11.151,wfh-boys-zscore-expanded-tables.xlsx
WFH,M,,,67.3,-0.3521,7.9674,0.08214,,,5.79,6.291,6.791,7.348,7.967,8.66,9.436,10.31,11.184,wfh-boys-zscore-expanded-tables.xlsx
WFH,M,,,67.4,-0.3521,7.9903,0.08214,,,5.806,6.309,6.811,7.369,7.99,8.685,9.464,10.34,11.216,wfh-boys-zscore-expanded-tables.xlsx
WFH,M,,,67.5,-0.3521,8.0132,0.08214,,,5.823,6.327,6.83,7.39,8.013,8.71,9.491,10.369,11.248,wfh-boys-zscore-expanded-tables.xlsx
WFH,M,,,67.6,-0.3521,8.036,0.08215,,,5.839,6.345,6.85,7.411,8.036,8.735,9.518,10.399,11.281,wfh-boys-zscore-expanded-tables.xlsx
WFH,M,,,67.7,-0.3521,8.0588,0.08215,,,5.856,6.363,6.869,7.432,8.059,8.759,9.545,10.429,11.313,wfh-boys-zscore-expanded-tables.xlsx
WFH,M,,,67.8,-0.3521,8.0816,0.08216,,,5.872,6.38,6.888,7.453,8.082,8.784,9.572,10.459,11.345,wfh-boys-zscore-expanded-tables.xlsx
WFH,M,,,67.9,-0.3521,8.1044,0.08217,,,5.889,6.398,6.908,7.474,8.104,8.809,9.599,10.488,11.378,wfh-boys-zscore-expanded-tables.xlsx
WFH,M,,,68,-0.3521,8.1272,0.08217,,,5.905,6.416,6.927,7.495,8.127,8.834,9.626,10.518,11.41,wfh-boys-zscore-expanded-tables.xlsx
WFH,M,,,68.1,-0.3521,8.15,0.08218,,,5.922,6.434,6.946,7.516,8.15,8.859,9.654,10.548,11.442,wfh-boys-zscore-expanded-tables.xlsx
WFH,M,,,68.2,-0.3521,8.1727,0.08219,,,5.938,6.452,6.966,7.537,8.173,8.884,9.681,10.578,11.474,wfh-boys-zscore-expanded-tables.xlsx
WFH,M,,,68.3,-0.3521,8.1955,0.08219,,,5.954,6.47,6.985,7.558,8.196,8.908,9.708,10.607,11.507,wfh-boys-zscore-expanded-tables.xlsx
WFH,M,,,68.4,-0.3521,8.2183,0.0822,,,5.971,6.488,7.004,7.579,8.218,8.933,9.735,10.637,11.539,wfh-boys-zscore-expanded-tables.xlsx
WFH,M,,,68.5,-0.3521,8.241,0.08221,,,5.987,6.505,7.024,7.599,8.241,8.958,9.762,10.667,11.571,wfh-boys-zscore-expanded-tables.xlsx
WFH,M,,,68.6,-0.3521,8.2638,0.08222,,,6.003,6.523,7.043,7.62,8.264,8.983,9.789,10.697,11.604,wfh-boys-zscore-expanded-tables.xlsx
WFH,M,,,68.7,-0.3521,8.2865,0.08223,,,6.02,6.541,7.062,7.641,8.286,9.008,9.816,10.726,11.636,wfh-boys-zscore-expanded-tables.xlsx
WFH,M,,,68.8,-0.3521,8.3092,0.08224,,,6.036,6.559,7.081,7.662,8.309,9.032,9.843,10.756,11.669,wfh-boys-zscore-expanded-tables.xlsx
WFH,M,,,68.9,-0.3521,8.332,0.08225,,,6.052,6.576,7.101,7.683,8.332,9.057,9.871,10.786,11.701,wfh-boys-zscore-expanded-tables.xlsx
WFH,M,,,69,-0.3521,8.3547,0.08226,,,6.068,6.594,7.12,7.704,8.355,9.082,9.898,10.816,11.734,wfh-boys-zscore-expanded-tables.xlsx
WFH,M,,,69.1,-0.3521,8.3774,0.08227,,,6.085,6.612,7.139,7.725,8.377,9.107,9.925,10.845,11.766,wfh-boys-zscore-expanded-tables.xlsx
WFH,M,,,69.2,-0.3521,8.4001,0.08228,,,6.101,6.63,7.158,7.746,8.4,9.132,9.952,10.875,11.798,wfh-boys-zscore-expanded-tables.xlsx
WFH,M,,,69.3,-0.3521,8.4227,0.08229,,,6.117,6.647,7.177,7.766,8.423,9.156,9.979,10.905,11.831,wfh-boys-zscore-expanded-tables.xlsx
WFH,M,,,69.4,-0.3521,8.4454,0.0823,,,6.133,6.665,7.197,7.787,8.445,9.181,10.006,10.934,11.863,wfh-boys-zscore-expanded-tables.xlsx
WFH,M,,,69.5,-0.3521,8.468,0.08231,,,6.15,6.683,7.216,7.808,8.468,9.206,10.033,10.964,11.895,wfh-boys-zscore-expanded-tables.xlsx
WFH,M,,,69.6,-0.3521,8.4906,0.08232,,,6.166,6.7,7.235,7.829,8.491,9.23,10.06,10.994,11.927,wfh-boys-zscore-expanded-tables.xlsx
WFH,M,,,69.7,-0.3521,8.5132,0.08233,,,6.182,6.718,7.254,7.85,8.513,9.255,10.087,11.023,11.96,wfh-boys-zscore-expanded-tables.xlsx
WFH,M,,,69.8,-0.3521,8.5358,0.08235,,,6.198,6.735,7.273,7.87,8.536,9.28,10.114,11.053,11.992,wfh-boys-zscore-expanded-tables.xlsx
WFH,M,,,69.9,-0.3521,8.5583,0.08236,,,6.214,6.753,7.292,7.891,8.558,9.304,10.141,11.083,12.025,wfh-boys-zscore-expanded-tables.xlsx
WFH,M,,,70,-0.3521,8.5808,0.08237,,,6.23,6.771,7.311,7.912,8.581,9.329,10.168,11.112,12.057,wfh-boys-zscore-expanded-tables.xlsx
WFH,M,,,70.1,-0.3521,8.6032,0.08238,,,6.246,6.788,7.33,7.932,8.603,9.353,10.195,11.142,12.089,wfh-boys-zscore-expanded-tables.xlsx
WFH,M,,,70.2,-0.3521,8.6257,0.0824,,,6.262,6.805,7.349,7.953,8.626,9.378,10.222,11.172,12.121,wfh-boys-zscore-expanded-tables.xlsx
WFH,M,,,70.3,-0.3521,8.648,0.08241,,,6.278,6.823,7.368,7.973,8.648,9.402,10.248,11.201,12.153,wfh-boys-zscore-expanded-tables.xlsx
WFH,M,,,70.4,-0.3521,8.6704,0.08242,,,6.294,6.84,7.387,7.994,8.67,9.427,10.275,11.23,12.185,wfh-boys-zscore-expanded-tables.xlsx
WFH,M,,,70.5,-0.3521,8.6927,0.08243,,,6.31,6.858,7.406,8.014,8.693,9.451,10.302,11.259,12.217,wfh-boys-zscore-expanded-tables.xlsx
WFH,M,,,70.6,-0.3521,8.715,0.08245,,,6.326,6.875,7.424,8.035,8.715,9.476,10.329,11.289,12.249,wfh-boys-zscore-expanded-tables.xlsx
WFH,M,,,70.7,-0.3521,8.7372,0.08246,,,6.341,6.892,7.443,8.055,8.737,9.5,10.355,11.318,12.281,wfh-boys-zscore-expanded-tables.xlsx
WFH,M,,,70.8,-0.3521,8.7594,0.08248,,,6.357,6.909,7.462,8.075,8.759,9.524,10.382,11.348,12.313,wfh-boys-zscore-expanded-tables.xlsx
WFH,M,,,70.9,-0.3521,8.7815,0.08249,,,6.373,6.927,7.48,8.096,8.782,9.548,10.408,11.377,12.345,wfh-boys-zscore-expanded-tables.xlsx
WFH,M,,,71,-0.3521,8.8036,0.0825,,,6.389,6.944,7.499,8.116,8.804,9.572,10.435,11.406,12.377,wfh-boys-zscore-expanded-tables.xlsx
WFH,M,,,71.1,-0.3521,8.8257,0.08252,,,6.404,6.961,7.518,8.136,8.826,9.597,10.461,11.435,12.409,wfh-boys-zscore-expanded-tables.xlsx
WFH,M,,,71.2,-0.3521,8.8477,0.08253,,,6.42,6.978,7.536,8.156,8.848,9.621,10.488,11.464,12.44,wfh-boys-zscore-expanded-tables.xlsx
WFH,M,,,71.3,-0.3521,8.8697,0.08254,,,6.436,6.995,7.555,8.177,8.87,9.645,10.514,11.493,12.472,wfh-boys-zscore-expanded-tables.xlsx
WFH,M,,,71.4,-0.3521,8.8916,0.08256,,,6.451,7.012,7.573,8.197,8.892,9.669,10.54,11.522,12.504,wfh-boys-zscore-expanded-tables.xlsx
WFH,M,,,71.5,-0.3521,8.9135,0.08257,,,6.467,7.029,7.592,8.217,8.914,9.693,10.567,11.551,12.535,wfh-boys-zscore-expanded-tables.xlsx
WFH,M,,,71.6,-0.3521,8.9353,0.08259,,,6.482,7.046,7.61,8.237,8.935,9.716,10.593,11.58,12.567,wfh-boys-zscore-expanded-tables.xlsx
WFH,M,,,71.7,-0.3521,8.9571,0.0826,,,6.498,7.063,7.628,8.257,8.957,9.74,10.619,11.608,12.598,wfh-boys-zscore-expanded-tables.xlsx
WFH,M,,,71.8,-0.3521,8.9788,0.08262,,,6.513,7.08,7.647,8.277,8.979,9.764,10.645,11.637,12.629,wfh-boys-zscore-expanded-tables.xlsx
WFH,M,,,71.9,-0.3521,9.0005,0.08263,,,6.528,7.097,7.665,8.296,9,9.788,10.671,11.666,12.66,wfh-boys-zscore-expanded-tables.xlsx
WFH,M,,,72,-0.3521,9.0221,0.08264,,,6.544,7.113,7.683,8.316,9.022,9.811,10.697,11.694,12.691,wfh-boys-zscore-expanded-tables.xlsx
WFH,M,,,72.1,-0.3521,9.0436,0.08266,,,6.559,7.13,7.701,8.336,9.044,9.835,10.723,11.723,12.723,wfh-boys-zscore-expanded-tables.xlsx
WFH,M,,,72.2,-0.3521,9.0651,0.08267,,,6.574,7.147,7.719,8.356,9.065,9.858,10.749,11.751,12.754,wfh-boys-zscore-expanded-tables.xlsx
WFH,M,,,72.3,-0.3521,9.0865,0.08269,,,6.589,7.163,7.737,8.375,9.086,9.882,10.774,11.78,12.785,wfh-boys-zscore-expanded-tables.xlsx
WFH,M,,,72.4,-0.3521,9.1079,0.0827,,,6.604,7.18,7.755,8.395,9.108,9.905,10.8,11.808,12.815,wfh-boys-zscore-expanded-tables.xlsx
WFH,M,,,72.5,-0.3521,9.1292,0.08272,,,6.619,7.196,7.773,8.414,9.129,9.929,10.826,11.836,12.846,wfh-boys-zscore-expanded-tables.xlsx
WFH,M,,,72.6,-0.3521,9.1504,0.08273,,,6.635,7.213,7.791,8.434,9.15,9.952,10.851,11.864,12.877,wfh-boys-zscore-expanded-tables.xlsx
WFH,M,,,72.7,-0.3521,9.1716,0.08274,,,6.65,7.229,7.809,8.453,9.172,9.975,10.877,11.892,12.907,wfh-boys-zscore-expanded-tables.xlsx
WFH,M,,,72.8,-0.3521,9.1927,0.08276,,,6.664,7.246,7.827,8.473,9.193,9.998,10.902,11.92,12.938,wfh-boys-zscore-expanded-tables.xlsx
WFH,M,,,72.9,-0.3521,9.2137,0.08277,,,6.679,7.262,7.844,8.492,9.214,10.021,10.927,11.948,12.968,wfh-boys-zscore-expanded-tables.xlsx
WFH,M,,,73,-0.3521,9.2347,0.08278,,,6.694,7.278,7.862,8.511,9.235,10.044,10.952,11.975,12.998,wfh-boys-zscore-expanded-tables.xlsx
WFH,M,,,73.1,-0.3521,9.2557,0.0828,,,6.709,7.294,7.88,8.53,9.256,10.067,10.978,12.003,13.029,wfh-boys-zscore-expanded-tables.xlsx
WFH,M,,,73.2,-0.3521,9.2766,0.08281,,,6.724,7.311,7.897,8.549,9.277,10.09,11.003,12.031,13.059,wfh-boys-zscore-expanded-tables.xlsx
WFH,M,,,73.3,-0.3521,9.2974,0.08283,,,6.739,7.327,7.915,8.568,9.297,10.113,11.028,12.059,13.089,wfh-boys-zscore-expanded-tables.xlsx
WFH,M,,,73.4,-0.3521,9.3182,0.08284,,,6.753,7.343,7.932,8.588,9.318,10.135,11.053,12.086,13.119,wfh-boys-zscore-expanded-tables.xlsx
WFH,M,,,73.5,-0.3521,9.339,0.08285,,,6.768,7.359,7.95,8.607,9.339,10.158,11.078,12.113,13.149,wfh-boys-zscore-expanded-tables.xlsx
WFH,M,,,73.6,-0.3521,9.3597,0.08287,,,6.783,7.375,7.967,8.626,9.36,10.181,11.103,12.141,13.179,wfh-boys-zscore-expanded-tables.xlsx
WFH,M,,,73.7,-0.3521,9.3803,0.08288,,,6.797,7.391,7.985,8.644,9.38,10.203,11.127,12.168,13.209,wfh-boys-zscore-expanded-tables.xlsx
WFH,M,,,73.8,-0.3521,9.401,0.08289,,,6.812,7.407,8.002,8.663,9.401,10.226,11.152,12.195,13.239,wfh-boys-zscore-expanded-tables.xlsx
WFH,M,,,73.9,-0.3521,9.4215,0.0829,,,6.827,7.423,8.019,8.682,9.422,10.248,11.177,12.222,13.268,wfh-boys-zscore-expanded-tables.xlsx
WFH,M,,,74,-0.3521,9.442,0.08292,,,6.841,7.439,8.036,8.701,9.442,10.271,11.201,12.25,13.298,wfh-boys-zscore-expanded-tables.xlsx
WFH,M,,,74.1,-0.3521,9.4625,0.08293,,,6.856,7.455,8.054,8.72,9.462,10.293,11.226,12.277,13.327,wfh-boys-zscore-expanded-tables.xlsx
WFH,M,,,74.2,-0.3521,9.4829,0.08294,,,6.87,7.471,8.071,8.738,9.483,10.316,11.25,12.304,13.357,wfh-boys-zscore-expanded-tables.xlsx
WFH,M,,,74.3,-0.3521,9.5032,0.08295,,,6.885,7.486,8.088,8.757,9.503,10.338,11.275,12.33,13.386,wfh-boys-zscore-expanded-tables.xlsx
WFH,M,,,74.4,-0.3521,9.5235,0.08297,,,6.899,7.502,8.105,8.776,9.524,10.36,11.299,12.357,13.416,wfh-boys-zscore-expanded-tables.xlsx
WFH,M,,,74.5,-0.3521,9.5438,0.08298,,,6.913,7.518,8.122,8.794,9.544,10.382,11.324,12.384,13.445,wfh-boys-zscore-expanded-tables.xlsx
WFH,M,,,74.6,-0.3521,9.5639,0.08299,,,6.928,7.533,8.139,8.813,9.564,10.404,11.348,12.411,13.474,wfh-boys-zscore-expanded-tables.xlsx
WFH,M,,,74.7,-0.3521,9.5841,0.083,,,6.942,7.549,8.156,8.831,9.584,10.426,11.372,12.437,13.503,wfh-boys-zscore-expanded-tables.xlsx
WFH,M,,,74.8,-0.3521,9.6041,0.08301,,,6.956,7.565,8.173,8.85,9.604,10.448,11.396,12.464,13.531,wfh-boys-zscore-expanded-tables.xlsx
WFH,M,,,74.9,-0.3521,9.6241,0.08302,,,6.97,7.58,8.19,8.868,9.624,10.47,11.42,12.49,13.56,wfh-boys-zscore-expanded-tables.xlsx
WFH,M,,,75,-0.3521,9.644,0.08303,,,6.985,7.596,8.207,8.886,9.644,10.492,11.444,12.516,13.589,wfh-boys-zscore-expanded-tables.xlsx
WFH,M,,,75.1,-0.3521,9.6639,0.08305,,,6.998,7.611,8.223,8.904,9.664,10.514,11.468,12.543,13.618,wfh-boys-zscore-expanded-tables.xlsx
WFH,M,,,75.2,-0.3521,9.6836,0.08306,,,7.012,7.626,8.24,8.922,9.684,10.535,11.492,12.569,13.646,wfh-boys-zscore-expanded-tables.xlsx
WFH,M,,,75.3,-0.3521,9.7033,0.08307,,,7.026,7.641,8.257,8.94,9.703,10.557,11.515,12.595,13.675,wfh-boys-zscore-expanded-tables.xlsx
WFH,M,,,75.4,-0.3521,9.723,0.08307,,,7.041,7.657,8.273,8.959,9.723,10.578,11.539,12.621,13.702,wfh-boys-zscore-expanded-tables.xlsx
WFH,M,,,75.5,-0.3521,9.7425,0.08308,,,7.055,7.672,8.29,8.976,9.742,10.6,11.562,12.646,13.731,wfh-boys-zscore-expanded-tables.xlsx
WFH,M,,,75.6,-0.3521,9.762,0.08309,,,7.068,7.687,8.306,8.994,9.762,10.621,11.585,12.672,13.759,wfh-boys-zscore-expanded-tables.xlsx
WFH,M,,,75.7,-0.3521,9.7814,0.0831,,,7.082,7.702,8.323,9.012,9.781,10.642,11.609,12.698,13.787,wfh-boys-zscore-expanded-tables.xlsx
WFH,M,,,75.8,-0.3521,9.8007,0.08311,,,7.096,7.717,8.339,9.03,9.801,10.663,11.632,12.723,13.814,wfh-boys-zscore-expanded-tables.xlsx
WFH,M,,,75.9,-0.3521,9.82,0.08312,,,7.11,7.732,8.355,9.048,9.82,10.684,11.655,12.749,13.842,wfh-boys-zscore-expanded-tables.xlsx
WFH,M,,,76,-0.3521,9.8392,0.08312,,,7.123,7.747,8.371,9.065,9.839,10.705,11.678,12.773,13.869,wfh-boys-zscore-expanded-tables.xlsx
WFH,M,,,76.1,-0.3521,9.8583,0.08313,,,7.137,7.762,8.387,9.083,9.858,10.726,11.701,12.799,13.897,wfh-boys-zscore-expanded-tables.xlsx
WFH,M,,,76.2,-0.3521,9.8773,0.08314,,,7.151,7.777,8.403,9.1,9.877,10.747,11.723,12.824,13.924,wfh-boys-zscore-expanded-tables.xlsx
WFH,M,,,76.3,-0.3521,9.8963,0.08314,,,7.164,7.792,8.42,9.118,9.896,10.768,11.746,12.848,13.951,wfh-boys-zscore-expanded-tables.xlsx
WFH,M,,,76.4,-0.3521,9.9152,0.08315,,,7.178,7.807,8.436,9.135,9.915,10.788,11.769,12.873,13.978,wfh-boys-zscore-expanded-tables.xlsx
WFH,M,,,76.5,-0.3521,9.9341,0.08315,,,7.191,7.821,8.452,9.152,9.934,10.809,11.791,12.898,14.005,wfh-boys-zscore-expanded-tables.xlsx
WFH,M,,,76.6,-0.3521,9.9528,0.08316,,,7.205,7.836,8.467,9.17,9.953,10.829,11.813,12.923,14.032,wfh-boys-zscore-expanded-tables.xlsx
WFH,M,,,76.7,-0.3521,9.9716,0.08316,,,7.218,7.851,8.483,9.187,9.972,10.85,11.836,12.947,14.058,wfh-boys-zscore-expanded-tables.xlsx
WFH,M,,,76.8,-0.3521,9.9902,0.08317,,,7.231,7.865,8.499,9.204,9.99,10.87,11.858,12.972,14.085,wfh-boys-zscore-expanded-tables.xlsx
WFH,M,,,76.9,-0.3521,10.0088,0.08317,,,7.245,7.88,8.515,9.221,10.009,10.89,11.88,12.996,14.111,wfh-boys-zscore-expanded-tables.xlsx
WFH,M,,,77,-0.3521,10.0274,0.08317,,,7.258,7.895,8.531,9.238,10.027,10.911,11.902,13.02,14.137,wfh-boys-zscore-expanded-tables.xlsx
WFH,M,,,77.1,-0.3521,10.0459,0.08318,,,7.271,7.909,8.546,9.255,10.046,10.931,11.925,13.044,14.164,wfh-boys-zscore-expanded-tables.xlsx
WFH,M,,,77.2,-0.3521,10.0643,0.08318,,,7.285,7.923,8.562,9.272,10.064,10.951,11.946,13.068,14.19,wfh-boys-zscore-expanded-tables.xlsx
WFH,M,,,77.3,-0.3521,10.0827,0.08318,,,7.298,7.938,8.578,9.289,10.083,10.971,11.968,13.092,14.216,wfh-boys-zscore-expanded-tables.xlsx
WFH,M,,,77.4,-0.3521,10.1011,0.08318,,,7.311,7.952,8.593,9.306,10.101,10.991,11.99,13.116,14.242,wfh-boys-zscore-expanded-tables.xlsx
WFH,M,,,77.5,-0.3521,10.1194,0.08318,,,7.325,7.967,8.609,9.323,10.119,11.011,12.012,13.14,14.268,wfh-boys-zscore-expanded-tables.xlsx
WFH,M,,,77.6,-0.3521,10.1377,0.08318,,,7.338,7.981,8.624,9.34,10.138,11.031,12.033,13.164,14.294,wfh-boys-zscore-expanded-tables.xlsx
WFH,M,,,77.7,-0.3521,10.1559,0.08318,,,7.351,7.995,8.64,9.356,10.156,11.051,12.055,13.187,14.319,wfh-boys-zscore-expanded-tables.xlsx
WFH,M,,,77.8,-0.3521,10.1741,0.08318,,,7.364,8.01,8.655,9.373,10.174,11.07,12.077,13.211,14.345,wfh-boys-zscore-expanded-tables.xlsx
WFH,M,,,77.9,-0.3521,10.1923,0.08317,,,7.378,8.024,8.671,9.39,10.192,11.09,12.098,13.234,14.37,wfh-boys-zscore-expanded-tables.xlsx
WFH,M,,,78,-0.3521,10.2105,0.08317,,,7.391,8.039,8.686,9.407,10.21,11.11,12.12,13.258,14.396,wfh-boys-zscore-expanded-tables.xlsx
WFH,M,,,78.1,-0.3521,10.2286,0.08317,,,7.404,8.053,8.702,9.424,10.229,11.13,12.141,13.281,14.421,wfh-boys-zscore-expanded-tables.xlsx
WFH,M,,,78.2,-0.3521,10.2468,0.08316,,,7.417,8.067,8.718,9.44,10.247,11.149,12.162,13.304,14.446,wfh-boys-zscore-expanded-tables.xlsx
WFH,M,,,78.3,-0.3521,10.2649,0.08316,,,7.431,8.082,8.733,9.457,10.265,11.169,12.184,13.328,14.472,wfh-boys-zscore-expanded-tables.xlsx
WFH,M,,,78.4,-0.3521,10.2831,0.08315,,,7.444,8.096,8.749,9.474,10.283,11.189,12.205,13.351,14.497,wfh-boys-zscore-expanded-tables.xlsx
WFH,M,,,78.5,-0.3521,10.3012,0.08315,,,7.457,8.111,8.764,9.491,10.301,11.208,12.227,13.375,14.522,wfh-boys-zscore-expanded-tables.xlsx
WFH,M,,,78.6,-0.3521,10.3194,0.08314,,,7.471,8.125,8.78,9.507,10.319,11.228,12.248,13.398,14.547,wfh-boys-zscore-expanded-tables.xlsx
WFH,M,,,78.7,-0.3521,10.3376,0.08313,,,7.484,8.14,8.795,9.524,10.338,11.248,12.269,13.421,14.572,wfh-boys-zscore-expanded-tables.xlsx
WFH,M,,,78.8,-0.3521,10.3558,0.08313,,,7.497,8.154,8.811,9.541,10.356,11.267,12.291,13.445,14.598,wfh-boys-zscore-expanded-tables.xlsx
WFH,M,,,78.9,-0.3521,10.3741,0.08312,,,7.511,8.169,8.826,9.558,10.374,11.287,12.313,13.468,14.623,wfh-boys-zscore-expanded-tables.xlsx
WFH,M,,,79,-0.3521,10.3923,0.08311,,,7.524,8.183,8.842,9.575,10.392,11.307,12.334,13.491,14.648,wfh-boys-zscore-expanded-tables.xlsx
WFH,M,,,79.1,-0.3521,10.4107,0.0831,,,7.538,8.198,8.858,9.592,10.411,11.327,12.355,13.514,14.674,wfh-boys-zscore-expanded-tables.xlsx
WFH,M,,,79.2,-0.3521,10.4291,0.08309,,,7.551,8.213,8.874,9.609,10.429,11.347,12.377,13.538,14.699,wfh-boys-zscore-expanded-tables.xlsx
WFH,M,,,79.3,-0.3521,10.4475,0.08308,,,7.565,8.227,8.89,9.626,10.448,11.367,12.399,13.561,14.724,wfh-boys-zscore-expanded-tables.xlsx
WFH,M,,,79.4,-0.3521,10.466,0.08307,,,7.579,8.242,8.906,9.643,10.466,11.387,12.42,13.585,14.75,wfh-boys-zscore-expanded-tables.xlsx
WFH,M,,,79.5,-0.3521,10.4845,0.08305,,,7.593,8.257,8.922,9.66,10.484,11.407,12.442,13.608,14.774,wfh-boys-zscore-expanded-tables.xlsx
WFH,M,,,79.6,-0.3521,10.5031,0.08304,,,7.606,8.272,8.938,9.678,10.503,11.427,12.464,13.632,14.8,wfh-boys-zscore-expanded-tables.xlsx
WFH,M,,,79.7,-0.3521,10.5217,0.08303,,,7.62,8.287,8.954,9.695,10.522,11.447,12.485,13.655,14.826,wfh-boys-zscore-expanded-tables.xlsx
WFH,M,,,79.8,-0.3521,10.5405,0.08301,,,7.634,8.302,8.97,9.712,10.54,11.467,12.507,13.679,14.851,wfh-boys-zscore-expanded-tables.xlsx
WFH,M,,,79.9,-0.3521,10.5592,0.083,,,7.648,8.317,8.986,9.73,10.559,11.487,12.529,13.703,14.876,wfh-boys-zscore-expanded-tables.xlsx
WFH,M,,,80,-0.3521,10.5781,0.08298,,,7.662,8.332,9.002,9.747,10.578,11.508,12.551,13.726,14.902,wfh-boys-zscore-expanded-tables.xlsx
WFH,M,,,80.1,-0.3521,10.597,0.08297,,,7.676,8.348,9.019,9.765,10.597,11.528,12.573,13.75,14.928,wfh-boys-zscore-expanded-tables.xlsx
WFH,M,,,80.2,-0.3521,10.6161,0.08295,,,7.691,8.363,9.035,9.783,10.616,11.549,12.595,13.774,14.953,wfh-boys-zscore-expanded-tables.xlsx
WFH,M,,,80.3,-0.3521,10.6352,0.08293,,,7.705,8.379,9.052,9.8,10.635,11.569,12.617,13.798,14.979,wfh-boys-zscore-expanded-tables.xlsx
WFH,M,,,80.4,-0.3521,10.6544,0.08291,,,7.72,8.394,9.069,9.818,10.654,11.59,12.64,13.822,15.005,wfh-boys-zscore-expanded-tables.xlsx
WFH,M,,,80.5,-0.3521,10.6737,0.0829,,,7.734,8.41,9.085,9.836,10.674,11.611,12.662,13.847,15.031,wfh-boys-zscore-expanded-tables.xlsx
WFH,M,,,80.6,-0.3521,10.6931,0.08288,,,7.749,8.425,9.102,9.854,10.693,11.631,12.685,13.871,15.057,wfh-boys-zscore-expanded-tables.xlsx
WFH,M,,,80.7,-0.3521,10.7126,0.08286,,,7.763,8.441,9.119,9.872,10.713,11.652,12.707,13.895,15.084,wfh-boys-zscore-expanded-tables.xlsx
WFH,M,,,80.8,-0.3521,10.7322,0.08284,,,7.778,8.457,9.136,9.891,10.732,11.673,12.73,13.92,15.11,wfh-boys-zscore-expanded-tables.xlsx
WFH,M,,,80.9,-0.3521,10.752,0.08282,,,7.793,8.473,9.153,9.909,10.752,11.695,12.753,13.945,15.136,wfh-boys-zscore-expanded-tables.xlsx
WFH,M,,,81,-0.3521,10.7718,0.08279,,,7.808,8.489,9.171,9.928,10.772,11.716,12.776,13.969,15.162,wfh-boys-zscore-expanded-tables.xlsx
WFH,M,,,81.1,-0.3521,10.7918,0.08277,,,7.823,8.506,9.188,9.946,10.792,11.737,12.799,13.994,15.189,wfh-boys-zscore-expanded-tables.xlsx
WFH,M,,,81.2,-0.3521,10.8119,0.08275,,,7.839,8.522,9.205,9.965,10.812,11.759,12.822,14.019,15.216,wfh-boys-zscore-expanded-tables.xlsx
WFH,M,,,81.3,-0.3521,10.8321,0.08273,,,7.854,8.538,9.223,9.984,10.832,11.781,12.845,14.044,15.243,wfh-boys-zscore-expanded-tables.xlsx
WFH,M,,,81.4,-0.3521,10.8524,0.0827,,,7.869,8.555,9.241,10.003,10.852,11.803,12.869,14.069,15.27,wfh-boys-zscore-expanded-tables.xlsx
WFH,M,,,81.5,-0.3521,10.8728,0.08268,,,7.885,8.572,9.258,10.022,10.873,11.824,12.892,14.095,15.297,wfh-boys-zscore-expanded-tables.xlsx
WFH,M,,,81.6,-0.3521,10.8934,0.08265,,,7.901,8.589,9.277,10.041,10.893,11.847,12.916,14.12,15.324,wfh-boys-zscore-expanded-tables.xlsx
WFH,M,,,81.7,-0.3521,10.9142,0.08263,,,7.916,8.606,9.295,10.06,10.914,11.869,12.94,14.146,15.352,wfh-boys-zscore-expanded-tables.xlsx
WFH,M,,,81.8,-0.3521,10.935,0.0826,,,7.932,8.623,9.313,10.08,10.935,11.891,12.964,14.172,15.38,wfh-boys-zscore-expanded-tables.xlsx
WFH,M,,,81.9,-0.3521,10.956,0.08258,,,7.948,8.64,9.331,10.099,10.956,11.914,12.988,14.198,15.408,wfh-boys-zscore-expanded-tables.xlsx
WFH,M,,,82,-0.3521,10.9772,0.08255,,,7.965,8.657,9.35,10.119,10.977,11.936,13.013,14.224,15.436,wfh-boys-zscore-expanded-tables.xlsx
WFH,M,,,82.1,-0.3521,10.9985,0.08252,,,7.981,8.675,9.368,10.139,10.998,11.959,13.037,14.25,15.464,wfh-boys-zscore-expanded-tables.xlsx
WFH,M,,,82.2,-0.3521,11.0199,0.08249,,,7.997,8.692,9.387,10.159,11.02,11.982,13.061,14.277,15.492,wfh-boys-zscore-expanded-tables.xlsx
WFH,M,,,82.3,-0.3521,11.0415,0.08246,,,8.014,8.71,9.406,10.179,11.042,12.005,13.086,14.303,15.52,wfh-boys-zscore-expanded-tables.xlsx
WFH,M,,,82.4,-0.3521,11.0632,0.08244,,,8.03,8.728,9.425,10.2,11.063,12.029,13.111,14.33,15.549,wfh-boys-zscore-expanded-tables.xlsx
WFH,M,,,82.5,-0.3521,11.0851,0.08241,,,8.047,8.746,9.444,10.22,11.085,12.052,13.137,14.357,15.578,wfh-boys-zscore-expanded-tables.xlsx
WFH,M,,,82.6,-0.3521,11.1071,0.08238,,,8.064,8.764,9.463,10.241,11.107,12.076,13.162,14.384,15.607,wfh-boys-zscore-expanded-tables.xlsx
WFH,M,,,82.7,-0.3521,11.1293,0.08235,,,8.081,8.782,9.483,10.262,11.129,12.099,13.187,14.412,15.636,wfh-boys-zscore-expanded-tables.xlsx
WFH,M,,,82.8,-0.3521,11.1516,0.08231,,,8.098,8.8,9.503,10.282,11.152,12.123,13.213,14.439,15.665,wfh-boys-zscore-expanded-tables.xlsx
WFH,M,,,82.9,-0.3521,11.174,0.08228,,,8.116,8.819,9.522,10.303,11.174,12.147,13.238,14.466,15.694,wfh-boys-zscore-expanded-tables.xlsx
WFH,M,,,83,-0.3521,11.1966,0.08225,,,8.133,8.837,9.542,10.325,11.197,12.171,13.264,14.494,15.724,wfh-boys-zscore-expanded-tables.xlsx
WFH,M,,,83.1,-0.3521,11.2193,0.08222,,,8.15,8.856,9.562,10.346,11.219,12.196,13.29,14.522,15.754,wfh-boys-zscore-expanded-tables.xlsx
WFH,M,,,83.2,-0.3521,11.2422,0.08219,,,8.168,8.875,9.582,10.367,11.242,12.22,13.316,14.55,15.784,wfh-boys-zscore-expanded-tables.xlsx
WFH,M,,,83.3,-0.3521,11.2651,0.08215,,,8.186,8.894,9.602,10.389,11.265,12.244,13.342,14.578,15.814,wfh-boys-zscore-expanded-tables.xlsx
WFH,M,,,83.4,-0.3521,11.2882,0.08212,,,8.203,8.913,9.622,10.41,11.288,12.269,13.369,14.606,15.844,wfh-boys-zscore-expanded-tables.xlsx
WFH,M,,,83.5,-0.3521,11.3114,0.08209,,,8.221,8.932,9.643,10.432,11.311,12.294,13.396,14.635,15.874,wfh-boys-zscore-expanded-tables.xlsx
WFH,M,,,83.6,-0.3521,11.3347,0.08205,,,8.239,8.951,9.663,10.454,11.335,12.319,13.422,14.663,15.904,wfh-boys-zscore-expanded-tables.xlsx
WFH,M,,,83.7,-0.3521,11.3581,0.08202,,,8.257,8.971,9.684,10.476,11.358,12.344,13.449,14.692,15.935,wfh-boys-zscore-expanded-tables.xlsx
WFH,M,,,83.8,-0.3521,11.3817,0.08198,,,8.276,8.99,9.705,10.498,11.382,12.369,13.476,14.721,15.966,wfh-boys-zscore-expanded-tables.xlsx
WFH,M,,,83.9,-0.3521,11.4053,0.08195,,,8.294,9.01,9.725,10.52,11.405,12.394,13.503,14.75,15.997,wfh-boys-zscore-expanded-tables.xlsx
WFH,M,,,84,-0.3521,11.429,0.08191,,,8.312,9.029,9.746,10.542,11.429,12.42,13.53,14.778,16.027,wfh-boys-zscore-expanded-tables.xlsx
WFH,M,,,84.1,-0.3521,11.4529,0.08188,,,8.331,9.049,9.767,10.565,11.453,12.445,13.557,14.808,16.059,wfh-boys-zscore-expanded-tables.xlsx
WFH,M,,,84.2,-0.3521,11.4768,0.08184,,,8.349,9.069,9.788,10.587,11.477,12.471,13.584,14.837,16.089,wfh-boys-zscore-expanded-tables.xlsx
WFH,M,,,84.3,-0.3521,11.5007,0.08181,,,8.368,9.088,9.809,10.61,11.501,12.496,13.612,14.866,16.121,wfh-boys-zscore-expanded-tables.xlsx
WFH,M,,,84.4,-0.3521,11.5248,0.08177,,,8.387,9.109,9.831,10.632,11.525,12.522,13.639,14.895,16.152,wfh-boys-zscore-expanded-tables.xlsx
WFH,M,,,84.5,-0.3521,11.549,0.08174,,,8.405,9.128,9.852,10.655,11.549,12.548,13.667,14.925,16.184,wfh-boys-zscore-expanded-tables.xlsx
WFH,M,,,84.6,-0.3521,11.5732,0.0817,,,8.424,9.149,9.873,10.678,11.573,12.573,13.694,14.955,16.215,wfh-boys-zscore-expanded-tables.xlsx
WFH,M,,,84.7,-0.3521,11.5975,0.08166,,,8.443,9.169,9.895,10.7,11.598,12.599,13.722,14.984,16.246,wfh-boys-zscore-expanded-tables.xlsx
WFH,M,,,84.8,-0.3521,11.6218,0.08163,,,8.462,9.189,9.916,10.723,11.622,12.625,13.75,15.014,16.278,wfh-boys-zscore-expanded-tables.xlsx
WFH,M,,,84.9,-0.3521,11.6462,0.08159,,,8.481,9.209,9.938,10.746,11.646,12.651,13.777,15.043,16.31,wfh-boys-zscore-expanded-tables.xlsx
WFH,M,,,85,-0.3521,11.6707,0.08156,,,8.499,9.229,9.959,10.769,11.671,12.678,13.806,15.074,16.342,wfh-boys-zscore-expanded-tables.xlsx
WFH,M,,,85.1,-0.3521,11.6952,0.08152,,,8.519,9.25,9.981,10.792,11.695,12.704,13.833,15.103,16.373,wfh-boys-zscore-expanded-tables.xlsx
WFH,M,,,85.2,-0.3521,11.7198,0.08148,,,8.538,9.27,10.002,10.815,11.72,12.73,13.861,15.133,16.405,wfh-boys-zscore-expanded-tables.xlsx
WFH,M,,,85.3,-0.3521,11.7444,0.08145,,,8.557,9.29,10.024,10.838,11.744,12.756,13.89,15.163,16.437,wfh-boys-zscore-expanded-tables.xlsx
WFH,M,,,85.4,-0.3521,11.769,0.08141,,,8.576,9.311,10.046,10.861,11.769,12.782,13.917,15.193,16.469,wfh-boys-zscore-expanded-tables.xlsx
WFH,M,,,85.5,-0.3521,11.7937,0.08138,,,8.595,9.331,10.067,10.884,11.794,12.809,13.946,15.224,16.501,wfh-boys-zscore-expanded-tables.xlsx
WFH,M,,,85.6,-0.3521,11.8184,0.08134,,,8.614,9.352,10.089,10.908,11.818,12.835,13.974,15.253,16.533,wfh-boys-zscore-expanded-tables.xlsx
WFH,M,,,85.7,-0.3521,11.8431,0.08131,,,8.633,9.372,10.111,10.931,11.843,12.862,14.002,15.284,16.565,wfh-boys-zscore-expanded-tables.xlsx
WFH,M,,,85.8,-0.3521,11.8678,0.08128,,,8.652,9.392,10.133,10.954,11.868,12.888,14.03,15.314,16.598,wfh-boys-zscore-expanded-tables.xlsx
WFH,M,,,85.9,-0.3521,11.8926,0.08124,,,8.672,9.413,10.154,10.977,11.893,12.914,14.059,15.344,16.63,wfh-boys-zscore-expanded-tables.xlsx
WFH,M,,,86,-0.3521,11.9173,0.08121,,,8.691,9.433,10.176,11,11.917,12.941,14.087,15.374,16.662,wfh-boys-zscore-expanded-tables.xlsx
WFH,M,,,86.1,-0.3521,11.9421,0.08118,,,8.71,9.454,10.198,11.023,11.942,12.967,14.115,15.405,16.695,wfh-boys-zscore-expanded-tables.xlsx
WFH,M,,,86.2,-0.3521,11.9668,0.08114,,,8.729,9.474,10.22,11.047,11.967,12.994,14.143,15.435,16.726,wfh-boys-zscore-expanded-tables.xlsx
WFH,M,,,86.3,-0.3521,11.9916,0.08111,,,8.748,9.495,10.242,11.07,11.992,13.02,14.172,15.465,16.759,wfh-boys-zscore-expanded-tables.xlsx
WFH,M,,,86.4,-0.3521,12.0163,0.08108,,,8.767,9.515,10.263,11.093,12.016,13.047,14.2,15.496,16.791,wfh-boys-zscore-expanded-tables.xlsx
WFH,M,,,86.5,-0.3521,12.0411,0.08105,,,8.786,9.536,10.285,11.116,12.041,13.073,14.228,15.526,16.824,wfh-boys-zscore-expanded-tables.xlsx
WFH,M,,,86.6,-0.3521,12.0658,0.08102,,,8.805,9.556,10.307,11.139,12.066,13.099,14.257,15.556,16.856,wfh-boys-zscore-expanded-tables.xlsx
WFH,M,,,86.7,-0.3521,12.0905,0.08099,,,8.824,9.576,10.328,11.163,12.09,13.126,14.285,15.587,16.888,wfh-boys-zscore-expanded-tables.xlsx
WFH,M,,,86.8,-0.3521,12.1152,0.08096,,,8.843,9.597,10.35,11.186,12.115,13.152,14.313,15.617,16.921,wfh-boys-zscore-expanded-tables.xlsx
WFH,M,,,86.9,-0.3521,12.1398,0.08093,,,8.862,9.617,10.372,11.209,12.14,13.179,14.341,15.647,16.953,wfh-boys-zscore-expanded-tables.xlsx
WFH,M,,,87,-0.3521,12.1645,0.0809,,,8.881,9.637,10.393,11.232,12.164,13.205,14.37,15.677,16.985,wfh-boys-zscore-expanded-tables.xlsx
WFH,M,,,87.1,-0.3521,12.1891,0.08087,,,8.9,9.658,10.415,11.255,12.189,13.231,14.398,15.708,17.017,wfh-boys-zscore-expanded-tables.xlsx
WFH,M,,,87.2,-0.3521,12.2136,0.08084,,,8.919,9.678,10.436,11.278,12.214,13.257,14.426,15.738,17.05,wfh-boys-zscore-expanded-tables.xlsx
WFH,M,,,87.3,-0.3521,12.2382,0.08082,,,8.938,9.698,10.458,11.301,12.238,13.284,14.454,15.768,17.082,wfh-boys-zscore-expanded-tables.xlsx
WFH,M,,,87.4,-0.3521,12.2627,0.08079,,,8.957,9.718,10.479,11.324,12.263,13.31,14.482,15.798,17.114,wfh-boys-zscore-expanded-tables.xlsx
WFH,M,,,87.5,-0.3521,12.2871,0.08076,,,8.975,9.738,10.501,11.347,12.287,13.336,14.51,15.828,17.146,wfh-boys-zscore-expanded-tables.xlsx
WFH,M,,,87.6,-0.3521,12.3116,0.08074,,,8.994,9.758,10.522,11.369,12.312,13.362,14.538,15.859,17.179,wfh-boys-zscore-expanded-tables.xlsx
WFH,M,,,87.7,-0.3521,12.336,0.08071,,,9.013,9.778,10.544,11.392,12.336,13.389,14.566,15.889,17.211,wfh-boys-zscore-expanded-tables.xlsx
WFH,M,,,87.8,-0.3521,12.3603,0.08069,,,9.031,9.798,10.565,11.415,12.36,13.415,14.594,15.919,17.243,wfh-boys-zscore-expanded-tables.xlsx
WFH,M,,,87.9,-0.3521,12.3846,0.08067,,,9.05,9.818,10.586,11.438,12.385,13.441,14.622,15.949,17.276,wfh-boys-zscore-expanded-tables.xlsx
WFH,M,,,88,-0.3521,12.4089,0.08064,,,9.069,9.838,10.607,11.46,12.409,13.467,14.65,15.979,17.307,wfh-boys-zscore-expanded-tables.xlsx
WFH,M,,,88.1,-0.3521,12.4332,0.08062,,,9.087,9.858,10.629,11.483,12.433,13.493,14.678,16.009,17.34,wfh-boys-zscore-expanded-tables.xlsx
WFH,M,,,88.2,-0.3521,12.4574,0.0806,,,9.105,9.877,10.65,11.506,12.457,13.519,14.706,16.039,17.372,wfh-boys-zscore-expanded-tables.xlsx
WFH,M,,,88.3,-0.3521,12.4815,0.08058,,,9.124,9.897,10.671,11.528,12.482,13.545,14.734,16.069,17.404,wfh-boys-zscore-expanded-tables.xlsx
WFH,M,,,88.4,-0.3521,12.5057,0.08056,,,9.142,9.917,10.692,11.551,12.506,13.571,14.762,16.099,17.436,wfh-boys-zscore-expanded-tables.xlsx
WFH,M,,,88.5,-0.3521,12.5298,0.08054,,,9.16,9.937,10.713,11.573,12.53,13.597,14.79,16.129,17.469,wfh-boys-zscore-expanded-tables.xlsx
WFH,M,,,88.6,-0.3521,12.5538,0.08052,,,9.179,9.956,10.734,11.596,12.554,13.622,14.818,16.159,17.501,wfh-boys-zscore-expanded-tables.xlsx
WFH,M,,,88.7,-0.3521,12.5778,0.0805,,,9.197,9.976,10.755,11.618,12.578,13.648,14.845,16.189,17.533,wfh-boys-zscore-expanded-tables.xlsx
WFH,M,,,88.8,-0.3521,12.6017,0.08048,,,9.215,9.995,10.775,11.64,12.602,13.674,14.873,16.219,17.564,wfh-boys-zscore-expanded-tables.xlsx
WFH,M,,,88.9,-0.3521,12.6257,0.08047,,,9.233,10.015,10.796,11.663,12.626,13.7,14.901,16.249,17.597,wfh-boys-zscore-expanded-tables.xlsx
WFH,M,,,89,-0.3521,12.6495,0.08045,,,9.251,10.034,10.817,11.685,12.65,13.725,14.928,16.278,17.629,wfh-boys-zscore-expanded-tables.xlsx
WFH,M,,,89.1,-0.3521,12.6734,0.08044,,,9.269,10.053,10.838,11.707,12.673,13.751,14.956,16.309,17.661,wfh-boys-zscore-expanded-tables.xlsx
WFH,M,,,89.2,-0.3521,12.6972,0.08042,,,9.287,10.073,10.858,11.729,12.697,13.776,14.984,16.338,17.693,wfh-boys-zscore-expanded-tables.xlsx
WFH,M,,,89.3,-0.3521,12.7209,0.08041,,,9.305,10.092,10.879,11.751,12.721,13.802,15.011,16.368,17.725,wfh-boys-zscore-expanded-tables.xlsx
WFH,M,,,89.4,-0.3521,12.7446,0.08039,,,9.323,10.111,10.899,11.773,12.745,13.827,15.039,16.398,17.757,wfh-boys-zscore-expanded-tables.xlsx
WFH,M,,,89.5,-0.3521,12.7683,0.08038,,,9.34,10.13,10.92,11.795,12.768,13.853,15.066,16.428,17.789,wfh-boys-zscore-expanded-tables.xlsx
WFH,M,,,89.6,-0.3521,12.792,0.08037,,,9.358,10.149,10.94,11.817,12.792,13.879,15.094,16.458,17.821,wfh-boys-zscore-expanded-tables.xlsx
WFH,M,,,89.7,-0.3521,12.8156,0.08035,,,9.376,10.169,10.961,11.839,12.816,13.904,15.121,16.487,17.853,wfh-boys-zscore-expanded-tables.xlsx
WFH,M,,,89.8,-0.3521,12.8392,0.08034,,,9.394,10.188,10.981,11.861,12.839,13.929,15.149,16.517,17.885,wfh-boys-zscore-expanded-tables.xlsx
WFH,M,,,89.9,-0.3521,12.8628,0.08033,,,9.411,10.207,11.002,11.883,12.863,13.955,15.176,16.546,17.917,wfh-boys-zscore-expanded-tables.xlsx
WFH,M,,,90,-0.3521,12.8864,0.08032,,,9.429,10.226,11.022,11.905,12.886,13.98,15.204,16.576,17.949,wfh-boys-zscore-expanded-tables.xlsx
WFH,M,,,90.1,-0.3521,12.9099,0.08031,,,9.446,10.244,11.043,11.927,12.91,14.006,15.231,16.606,17.981,wfh-boys-zscore-expanded-tables.xlsx
WFH,M,,,90.2,-0.3521,12.9334,0.0803,,,9.464,10.263,11.063,11.949,12.933,14.031,15.258,16.636,18.013,wfh-boys-zscore-expanded-tables.xlsx
WFH,M,,,90.3,-0.3521,12.9569,0.0803,,,9.481,10.282,11.083,11.97,12.957,14.057,15.286,16.666,18.046,wfh-boys-zscore-expanded-tables.xlsx
WFH,M,,,90.4,-0.3521,12.9804,0.08029,,,9.499,10.301,11.103,11.992,12.98,14.082,15.314,16.696,18.078,wfh-boys-zscore-expanded-tables.xlsx
WFH,M,,,90.5,-0.3521,13.0038,0.08028,,,9.516,10.32,11.123,12.014,13.004,14.107,15.341,16.725,18.109,wfh-boys-zscore-expanded-tables.xlsx
WFH,M,,,90.6,-0.3521,13.0273,0.08027,,,9.534,10.339,11.144,12.036,13.027,14.132,15.368,16.755,18.141,wfh-boys-zscore-expanded-tables.xlsx
WFH,M,,,90.7,-0.3521,13.0507,0.08027,,,9.551,10.357,11.164,12.057,13.051,14.158,15.396,16.785,18.174,wfh-boys-zscore-expanded-tables.xlsx
WFH,M,,,90.8,-0.3521,13.0742,0.08026,,,9.569,10.376,11.184,12.079,13.074,14.183,15.423,16.815,18.206,wfh-boys-zscore-expanded-tables.xlsx
WFH,M,,,90.9,-0.3521,13.0976,0.08026,,,9.586,10.395,11.204,12.101,13.098,14.209,15.451,16.845,18.238,wfh-boys-zscore-expanded-tables.xlsx
WFH,M,,,91,-0.3521,13.1209,0.08025,,,9.603,10.414,11.224,12.123,13.121,14.234,15.478,16.874,18.27,wfh-boys-zscore-expanded-tables.xlsx
WFH,M,,,91.1,-0.3521,13.1443,0.08025,,,9.62,10.432,11.244,12.144,13.144,14.259,15.506,16.904,18.303,wfh-boys-zscore-expanded-tables.xlsx
WFH,M,,,91.2,-0.3521,13.1677,0.08025,,,9.637,10.451,11.264,12.166,13.168,14.284,15.533,16.934,18.335,wfh-boys-zscore-expanded-tables.xlsx
WFH,M,,,91.3,-0.3521,13.191,0.08025,,,9.654,10.469,11.284,12.187,13.191,14.31,15.561,16.964,18.368,wfh-boys-zscore-expanded-tables.xlsx
WFH,M,,,91.4,-0.3521,13.2143,0.08025,,,9.671,10.488,11.304,12.209,13.214,14.335,15.588,16.994,18.4,wfh-boys-zscore-expanded-tables.xlsx
WFH,M,,,91.5,-0.3521,13.2376,0.08024,,,9.689,10.507,11.324,12.231,13.238,14.36,15.615,17.024,18.432,wfh-boys-zscore-expanded-tables.xlsx
WFH,M,,,91.6,-0.3521,13.2609,0.08024,,,9.706,10.525,11.344,12.252,13.261,14.385,15.643,17.054,18.464,wfh-boys-zscore-expanded-tables.xlsx
WFH,M,,,91.7,-0.3521,13.2842,0.08024,,,9.723,10.544,11.364,12.274,13.284,14.411,15.67,17.083,18.497,wfh-boys-zscore-expanded-tables.xlsx
WFH,M,,,91.8,-0.3521,13.3075,0.08025,,,9.74,10.562,11.384,12.295,13.308,14.436,15.698,17.114,18.53,wfh-boys-zscore-expanded-tables.xlsx
WFH,M,,,91.9,-0.3521,13.3308,0.08025,,,9.757,10.58,11.404,12.317,13.331,14.461,15.726,17.144,18.562,wfh-boys-zscore-expanded-tables.xlsx
WFH,M,,,92,-0.3521,13.3541,0.08025,,,9.774,10.599,11.424,12.338,13.354,14.487,15.753,17.174,18.595,wfh-boys-zscore-expanded-tables.xlsx
WFH,M,,,92.1,-0.3521,13.3773,0.08025,,,9.791,10.617,11.444,12.359,13.377,14.512,15.78,17.204,18.627,wfh-boys-zscore-expanded-tables.xlsx
WFH,M,,,92.2,-0.3521,13.4006,0.08026,,,9.807,10.635,11.463,12.381,13.401,14.537,15.808,17.234,18.66,wfh-boys-zscore-expanded-tables.xlsx
WFH,M,,,92.3,-0.3521,13.4239,0.08026,,,9.824,10.654,11.483,12.402,13.424,14.563,15.836,17.264,18.693,wfh-boys-zscore-expanded-tables.xlsx
WFH,M,,,92.4,-0.3521,13.4472,0.08027,,,9.841,10.672,11.503,12.424,13.447,14.588,15.864,17.295,18.726,wfh-boys-zscore-expanded-tables.xlsx
WFH,M,,,92.5,-0.3521,13.4705,0.08027,,,9.858,10.691,11.523,12.445,13.47,14.613,15.891,17.325,18.758,wfh-boys-zscore-expanded-tables.xlsx
WFH,M,,,92.6,-0.3521,13.4937,0.08028,,,9.875,10.709,11.543,12.467,13.494,14.639,15.919,17.355,18.792,wfh-boys-zscore-expanded-tables.xlsx
WFH,M,,,92.7,-0.3521,13.5171,0.08028,,,9.892,10.727,11.563,12.488,13.517,14.664,15.946,17.385,18.824,wfh-boys-zscore-expanded-tables.xlsx
WFH,M,,,92.8,-0.3521,13.5404,0.08029,,,9.909,10.745,11.582,12.51,13.54,14.689,15.974,17.416,18.857,wfh-boys-zscore-expanded-tables.xlsx
WFH,M,,,92.9,-0.3521,13.5637,0.0803,,,9.925,10.764,11.602,12.531,13.564,14.715,16.002,17.446,18.891,wfh-boys-zscore-expanded-tables.xlsx
WFH,M,,,93,-0.3521,13.587,0.08031,,,9.942,10.782,11.622,12.552,13.587,14.74,16.03,17.477,18.924,wfh-boys-zscore-expanded-tables.xlsx
WFH,M,,,93.1,-0.3521,13.6104,0.08032,,,9.959,10.8,11.641,12.574,13.61,14.766,16.058,17.508,18.957,wfh-boys-zscore-expanded-tables.xlsx
WFH,M,,,93.2,-0.3521,13.6338,0.08033,,,9.975,10.818,11.661,12.595,13.634,14.791,16.086,17.538,18.991,wfh-boys-zscore-expanded-tables.xlsx
WFH,M,,,93.3,-0.3521,13.6572,0.08034,,,9.992,10.837,11.681,12.617,13.657,14.817,16.114,17.569,19.024,wfh-boys-zscore-expanded-tables.xlsx
WFH,M,,,93.4,-0.3521,13.6806,0.08035,,,10.009,10.855,11.701,12.638,13.681,14.842,16.142,17.6,19.058,wfh-boys-zscore-expanded-tables.xlsx
WFH,M,,,93.5,-0.3521,13.7041,0.08036,,,10.026,10.873,11.721,12.66,13.704,14.868,16.17,17.63,19.091,wfh-boys-zscore-expanded-tables.xlsx
WFH,M,,,93.6,-0.3521,13.7275,0.08037,,,10.042,10.891,11.741,12.682,13.728,14.894,16.198,17.661,19.125,wfh-boys-zscore-expanded-tables.xlsx
WFH,M,,,93.7,-0.3521,13.751,0.08038,,,10.059,10.91,11.76,12.703,13.751,14.919,16.226,17.692,19.158,wfh-boys-zscore-expanded-tables.xlsx
WFH,M,,,93.8,-0.3521,13.7746,0.0804,,,10.076,10.928,11.78,12.725,13.775,14.945,16.254,17.723,19.193,wfh-boys-zscore-expanded-tables.xlsx
WFH,M,,,93.9,-0.3521,13.7981,0.08041,,,10.093,10.946,11.8,12.746,13.798,14.971,16.282,17.754,19.226,wfh-boys-zscore-expanded-tables.xlsx
WFH,M,,,94,-0.3521,13.8217,0.08043,,,10.109,10.964,11.82,12.768,13.822,14.997,16.311,17.786,19.261,wfh-boys-zscore-expanded-tables.xlsx
WFH,M,,,94.1,-0.3521,13.8454,0.08044,,,10.126,10.983,11.84,12.79,13.845,15.023,16.339,17.817,19.295,wfh-boys-zscore-expanded-tables.xlsx
WFH,M,,,94.2,-0.3521,13.8691,0.08046,,,10.143,11.001,11.86,12.811,13.869,15.049,16.368,17.849,19.329,wfh-boys-zscore-expanded-tables.xlsx
WFH,M,,,94.3,-0.3521,13.8928,0.08047,,,10.16,11.02,11.88,12.833,13.893,15.074,16.396,17.88,19.363,wfh-boys-zscore-expanded-tables.xlsx
WFH,M,,,94.4,-0.3521,13.9165,0.08049,,,10.176,11.038,11.899,12.855,13.916,15.1,16.425,17.911,19.398,wfh-boys-zscore-expanded-tables.xlsx
WFH,M,,,94.5,-0.3521,13.9403,0.08051,,,10.193,11.056,11.919,12.876,13.94,15.127,16.454,17.943,19.433,wfh-boys-zscore-expanded-tables.xlsx
WFH,M,,,94.6,-0.3521,13.9642,0.08052,,,10.21,11.075,11.94,12.898,13.964,15.153,16.482,17.974,19.467,wfh-boys-zscore-expanded-tables.xlsx
WFH,M,,,94.7,-0.3521,13.9881,0.08054,,,10.227,11.093,11.96,12.92,13.988,15.179,16.511,18.006,19.502,wfh-boys-zscore-expanded-tables.xlsx
WFH,M,,,94.8,-0.3521,14.012,0.08056,,,10.243,11.111,11.98,12.942,14.012,15.205,16.54,18.038,19.537,wfh-boys-zscore-expanded-tables.xlsx
WFH,M,,,94.9,-0.3521,14.036,0.08058,,,10.26,11.13,12,12.964,14.036,15.232,16.569,18.07,19.572,wfh-boys-zscore-expanded-tables.xlsx
WFH,M,,,95,-0.3521,14.06,0.0806,,,10.277,11.148,12.02,12.986,14.06,15.258,16.598,18.103,19.607,wfh-boys-zscore-expanded-tables.xlsx
WFH,M,,,95.1,-0.3521,14.0841,0.08062,,,10.294,11.167,12.04,13.008,14.084,15.284,16.627,18.135,19.642,wfh-boys-zscore-expanded-tables.xlsx
WFH,M,,,95.2,-0.3521,14.1083,0.08064,,,10.31,11.185,12.06,13.03,14.108,15.311,16.657,18.167,19.678,wfh-boys-zscore-expanded-tables.xlsx
WFH,M,,,95.3,-0.3521,14.1325,0.08067,,,10.327,11.204,12.08,13.052,14.132,15.338,16.686,18.2,19.714,wfh-boys-zscore-expanded-tables.xlsx
WFH,M,,,95.4,-0.3521,14.1567,0.08069,,,10.344,11.222,12.1,13.074,14.157,15.364,16.715,18.232,19.749,wfh-boys-zscore-expanded-tables.xlsx
WFH,M,,,95.5,-0.3521,14.1811,0.08071,,,10.361,11.241,12.121,13.096,14.181,15.391,16.745,18.265,19.785,wfh-boys-zscore-expanded-tables.xlsx
WFH,M,,,95.6,-0.3521,14.2055,0.08073,,,10.378,11.26,12.141,13.119,14.206,15.418,16.775,18.298,19.821,wfh-boys-zscore-expanded-tables.xlsx
WFH,M,,,95.7,-0.3521,14.2299,0.08076,,,10.395,11.278,12.161,13.141,14.23,15.445,16.804,18.331,19.857,wfh-boys-zscore-expanded-tables.xlsx
WFH,M,,,95.8,-0.3521,14.2544,0.08078,,,10.412,11.297,12.182,13.163,14.254,15.472,16.834,18.364,19.893,wfh-boys-zscore-expanded-tables.xlsx
WFH,M,,,95.9,-0.3521,14.279,0.08081,,,10.429,11.315,12.202,13.185,14.279,15.499,16.864,18.397,19.93,wfh-boys-zscore-expanded-tables.xlsx
WFH,M,,,96,-0.3521,14.3037,0.08083,,,10.446,11.334,12.223,13.208,14.304,15.526,16.894,18.43,19.966,wfh-boys-zscore-expanded-tables.xlsx
WFH,M,,,96.1,-0.3521,14.3284,0.08086,,,10.463,11.353,12.243,13.23,14.328,15.553,16.924,18.464,20.003,wfh-boys-zscore-expanded-tables.xlsx
WFH,M,,,96.2,-0.3521,14.3533,0.08089,,,10.48,11.372,12.264,13.253,14.353,15.581,16.955,18.498,20.041,wfh-boys-zscore-expanded-tables.xlsx
WFH,M,,,96.3,-0.3521,14.3782,0.08092,,,10.497,11.39,12.284,13.276,14.378,15.608,16.985,18.532,20.078,wfh-boys-zscore-expanded-tables.xlsx
WFH,M,,,96.4,-0.3521,14.4031,0.08094,,,10.514,11.41,12.305,13.298,14.403,15.636,17.015,18.565,20.115,wfh-boys-zscore-expanded-tables.xlsx
WFH,M,,,96.5,-0.3521,14.4282,0.08097,,,10.531,11.428,12.326,13.321,14.428,15.663,17.046,18.599,20.152,wfh-boys-zscore-expanded-tables.xlsx
WFH,M,,,96.6,-0.3521,14.4533,0.081,,,10.548,11.447,12.347,13.344,14.453,15.691,17.077,18.633,20.19,wfh-boys-zscore-expanded-tables.xlsx
WFH,M,,,96.7,-0.3521,14.4785,0.08103,,,10.565,11.466,12.367,13.367,14.478,15.719,17.108,18.668,20.228,wfh-boys-zscore-expanded-tables.xlsx
WFH,M,,,96.8,-0.3521,14.5038,0.08106,,,10.583,11.485,12.388,13.39,14.504,15.747,17.139,18.702,20.265,wfh-boys-zscore-expanded-tables.xlsx
WFH,M,,,96.9,-0.3521,14.5292,0.08109,,,10.6,11.505,12.409,13.413,14.529,15.775,17.17,18.737,20.304,wfh-boys-zscore-expanded-tables.xlsx
WFH,M,,,97,-0.3521,14.5547,0.08112,,,10.617,11.524,12.43,13.436,14.555,15.803,17.201,18.771,20.342,wfh-boys-zscore-expanded-tables.xlsx
WFH,M,,,97.1,-0.3521,14.5802,0.08116,,,10.634,11.543,12.451,13.459,14.58,15.832,17.233,18.807,20.381,wfh-boys-zscore-expanded-tables.xlsx
WFH,M,,,97.2,-0.3521,14.6058,0.08119,,,10.652,11.562,12.472,13.482,14.606,15.86,17.264,18.842,20.419,wfh-boys-zscore-expanded-tables.xlsx
WFH,M,,,97.3,-0.3521,14.6316,0.08122,,,10.669,11.582,12.494,13.506,14.632,15.888,17.296,18.877,20.458,wfh-boys-zscore-expanded-tables.xlsx
WFH,M,,,97.4,-0.3521,14.6574,0.08125,,,10.687,11.601,12.515,13.529,14.657,15.917,17.327,18.912,20.497,wfh-boys-zscore-expanded-tables.xlsx
WFH,M,,,97.5,-0.3521,14.6832,0.08129,,,10.704,11.62,12.536,13.552,14.683,15.946,17.359,18.948,20.536,wfh-boys-zscore-expanded-tables.xlsx
WFH,M,,,97.6,-0.3521,14.7092,0.08132,,,10.722,11.64,12.558,13.576,14.709,15.974,17.391,18.983,20.575,wfh-boys-zscore-expanded-tables.xlsx
WFH,M,,,97.7,-0.3521,14.7353,0.08136,,,10.739,11.659,12.579,13.599,14.735,16.003,17.423,19.019,20.615,wfh-boys-zscore-expanded-tables.xlsx
WFH,M,,,97.8,-0.3521,14.7614,0.08139,,,10.757,11.679,12.6,13.623,14.761,16.032,17.455,19.055,20.654,wfh-boys-zscore-expanded-tables.xlsx
WFH,M,,,97.9,-0.3521,14.7877,0.08143,,,10.775,11.698,12.622,13.647,14.788,16.061,17.488,19.091,20.695,wfh-boys-zscore-expanded-tables.xlsx
WFH,M,,,98,-0.3521,14.814,0.08146,,,10.793,11.718,12.644,13.671,14.814,16.09,17.52,19.127,20.734,wfh-boys-zscore-expanded-tables.xlsx
WFH,M,,,98.1,-0.3521,14.8404,0.0815,,,10.81,11.738,12.665,13.695,14.84,16.12,17.553,19.164,20.775,wfh-boys-zscore-expanded-tables.xlsx
WFH,M,,,98.2,-0.3521,14.8669,0.08154,,,10.828,11.757,12.687,13.719,14.867,16.149,17.586,19.201,20.815,wfh-boys-zscore-expanded-tables.xlsx
WFH,M,,,98.3,-0.3521,14.8934,0.08157,,,10.846,11.777,12.709,13.743,14.893,16.178,17.618,19.237,20.855,wfh-boys-zscore-expanded-tables.xlsx
WFH,M,,,98.4,-0.3521,14.9201,0.08161,,,10.864,11.797,12.731,13.767,14.92,16.208,17.651,19.274,20.896,wfh-boys-zscore-expanded-tables.xlsx
WFH,M,,,98.5,-0.3521,14.9468,0.08165,,,10.882,11.817,12.752,13.791,14.947,16.238,17.684,19.311,20.937,wfh-boys-zscore-expanded-tables.xlsx
WFH,M,,,98.6,-0.3521,14.9736,0.08169,,,10.899,11.837,12.774,13.815,14.974,16.268,17.718,19.348,20.978,wfh-boys-zscore-expanded-tables.xlsx
WFH,M,,,98.7,-0.3521,15.0005,0.08173,,,10.917,11.857,12.796,13.839,15,16.298,17.751,19.385,21.019,wfh-boys-zscore-expanded-tables.xlsx
WFH,M,,,98.8,-0.3521,15.0275,0.08177,,,10.935,11.877,12.818,13.864,15.028,16.328,17.784,19.423,21.061,wfh-boys-zscore-expanded-tables.xlsx
WFH,M,,,98.9,-0.3521,15.0546,0.08181,,,10.953,11.897,12.84,13.888,15.055,16.358,17.818,19.46,21.102,wfh-boys-zscore-expanded-tables.xlsx
WFH,M,,,99,-0.3521,15.0818,0.08185,,,10.972,11.917,12.863,13.913,15.082,16.388,17.852,19.498,21.144,wfh-boys-zscore-expanded-tables.xlsx
WFH,M,,,99.1,-0.3521,15.109,0.08189,,,10.99,11.937,12.885,13.937,15.109,16.418,17.885,19.536,21.186,wfh-boys-zscore-expanded-tables.xlsx
WFH,M,,,99.2,-0.3521,15.1363,0.08194,,,11.007,11.957,12.907,13.962,15.136,16.449,17.92,19.574,21.229,wfh-boys-zscore-expanded-tables.xlsx
WFH,M,,,99.3,-0.3521,15.1637,0.08198,,,11.026,11.978,12.929,13.986,15.164,16.479,17.954,19.612,21.271,wfh-boys-zscore-expanded-tables.xlsx
WFH,M,,,99.4,-0.3521,15.1912,0.08202,,,11.044,11.998,12.952,14.011,15.191,16.51,17.988,19.65,21.313,wfh-boys-zscore-expanded-tables.xlsx
WFH,M,,,99.5,-0.3521,15.2187,0.08206,,,11.062,12.018,12.974,14.036,15.219,16.54,18.022,19.688,21.355,wfh-boys-zscore-expanded-tables.xlsx
WFH,M,,,99.6,-0.3521,15.2463,0.08211,,,11.08,12.038,12.997,14.061,15.246,16.571,18.056,19.727,21.399,wfh-boys-zscore-expanded-tables.xlsx
WFH,M,,,99.7,-0.3521,15.274,0.08215,,,11.099,12.059,13.019,14.086,15.274,16.602,18.091,19.766,21.441,wfh-boys-zscore-expanded-tables.xlsx
WFH,M,,,99.8,-0.3521,15.3018,0.0822,,,11.117,12.079,13.042,14.111,15.302,16.633,18.126,19.805,21.485,wfh-boys-zscore-expanded-tables.xlsx
WFH,M,,,99.9,-0.3521,15.3297,0.08224,,,11.136,12.1,13.065,14.136,15.33,16.664,18.16,19.844,21.528,wfh-boys-zscore-expanded-tables.xlsx
WFH,M,,,100,-0.3521,15.3576,0.08229,,,11.154,12.12,13.087,14.161,15.358,16.695,18.195,19.883,21.571,wfh-boys-zscore-expanded-tables.xlsx
WFH,M,,,100.1,-0.3521,15.3856,0.08233,,,11.172,12.141,13.11,14.186,15.386,16.726,18.23,19.922,21.614,wfh-boys-zscore-expanded-tables.xlsx
WFH,M,,,100.2,-0.3521,15.4137,0.08238,,,11.191,12.162,13.133,14.211,15.414,16.758,18.265,19.962,21.658,wfh-boys-zscore-expanded-tables.xlsx
WFH,M,,,100.3,-0.3521,15.4419,0.08243,,,11.209,12.182,13.155,14.237,15.442,16.789,18.3,20.002,21.703,wfh-boys-zscore-expanded-tables.xlsx
WFH,M,,,100.4,-0.3521,15.4701,0.08247,,,11.228,12.203,13.178,14.262,15.47,16.821,18.335,20.041,21.746,wfh-boys-zscore-expanded-tables.xlsx
WFH,M,,,100.5,-0.3521,15.4985,0.08252,,,11.246,12.224,13.201,14.288,15.498,16.852,18.371,20.081,21.791,wfh-boys-zscore-expanded-tables.xlsx
WFH,M,,,100.6,-0.3521,15.5268,0.08257,,,11.265,12.244,13.224,14.313,15.527,16.884,18.406,20.121,21.835,wfh-boys-zscore-expanded-tables.xlsx
WFH,M,,,100.7,-0.3521,15.5553,0.08262,,,11.283,12.265,13.247,14.339,15.555,16.916,18.442,20.161,21.88,wfh-boys-zscore-expanded-tables.xlsx
WFH,M,,,100.8,-0.3521,15.5838,0.08267,,,11.302,12.286,13.27,14.364,15.584,16.948,18.478,20.201,21.925,wfh-boys-zscore-expanded-tables.xlsx
WFH,M,,,100.9,-0.3521,15.6125,0.08272,,,11.32,12.307,13.293,14.39,15.612,16.98,18.514,20.242,21.97,wfh-boys-zscore-expanded-tables.xlsx
WFH,M,,,101,-0.3521,15.6412,0.08277,,,11.339,12.328,13.317,14.416,15.641,17.012,18.55,20.282,22.015,wfh-boys-zscore-expanded-tables.xlsx
WFH,M,,,101.1,-0.3521,15.6699,0.08281,,,11.358,12.349,13.34,14.442,15.67,17.044,18.586,20.322,22.059,wfh-boys-zscore-expanded-tables.xlsx
WFH,M,,,101.2,-0.3521,15.6987,0.08287,,,11.376,12.37,13.363,14.467,15.699,17.076,18.622,20.364,22.105,wfh-boys-zscore-expanded-tables.xlsx
WFH,M,,,101.3,-0.3521,15.7276,0.08292,,,11.395,12.391,13.386,14.493,15.728,17.108,18.658,20.404,22.15,wfh-boys-zscore-expanded-tables.xlsx
WFH,M,,,101.4,-0.3521,15.7566,0.08297,,,11.414,12.412,13.41,14.519,15.757,17.141,18.695,20.445,22.196,wfh-boys-zscore-expanded-tables.xlsx
WFH,M,,,101.5,-0.3521,15.7857,0.08302,,,11.433,12.433,13.433,14.545,15.786,17.173,18.731,20.487,22.242,wfh-boys-zscore-expanded-tables.xlsx
WFH,M,,,101.6,-0.3521,15.8148,0.08307,,,11.452,12.454,13.457,14.572,15.815,17.206,18.768,20.528,22.288,wfh-boys-zscore-expanded-tables.xlsx
WFH,M,,,101.7,-0.3521,15.844,0.08312,,,11.471,12.476,13.48,14.598,15.844,17.239,18.804,20.569,22.333,wfh-boys-zscore-expanded-tables.xlsx
WFH,M,,,101.8,-0.3521,15.8732,0.08317,,,11.49,12.497,13.504,14.624,15.873,17.271,18.841,20.61,22.379,wfh-boys-zscore-expanded-tables.xlsx
WFH,M,,,101.9,-0.3521,15.9026,0.08322,,,11.509,12.518,13.528,14.65,15.903,17.304,18.878,20.652,22.426,wfh-boys-zscore-expanded-tables.xlsx
WFH,M,,,102,-0.3521,15.932,0.08328,,,11.528,12.539,13.551,14.676,15.932,17.337,18.915,20.694,22.473,wfh-boys-zscore-expanded-tables.xlsx
WFH,M,,,102.1,-0.3521,15.9615,0.08333,,,11.547,12.561,13.575,14.703,15.962,17.37,18.952,20.736,22.519,wfh-boys-zscore-expanded-tables.xlsx
WFH,M,,,102.2,-0.3521,15.991,0.08338,,,11.566,12.582,13.599,14.729,15.991,17.403,18.989,20.778,22.566,wfh-boys-zscore-expanded-tables.xlsx
WFH,M,,,102.3,-0.3521,16.0206,0.08343,,,11.585,12.604,13.623,14.756,16.021,17.436,19.027,20.819,22.612,wfh-boys-zscore-expanded-tables.xlsx
WFH,M,,,102.4,-0.3521,16.0503,0.08349,,,11.604,12.625,13.646,14.782,16.05,17.47,19.064,20.862,22.66,wfh-boys-zscore-expanded-tables.xlsx
WFH,M,,,102.5,-0.3521,16.0801,0.08354,,,11.623,12.647,13.67,14.809,16.08,17.503,19.102,20.904,22.707,wfh-boys-zscore-expanded-tables.xlsx
WFH,M,,,102.6,-0.3521,16.1099,0.08359,,,11.643,12.669,13.694,14.836,16.11,17.536,19.139,20.947,22.754,wfh-boys-zscore-expanded-tables.xlsx
WFH,M,,,102.7,-0.3521,16.1398,0.08365,,,11.662,12.69,13.718,14.863,16.14,17.57,19.177,20.99,22.802,wfh-boys-zscore-expanded-tables.xlsx
WFH,M,,,102.8,-0.3521,16.1697,0.0837,,,11.681,12.712,13.742,14.889,16.17,17.603,19.215,21.032,22.849,wfh-boys-zscore-expanded-tables.xlsx
WFH,M,,,102.9,-0.3521,16.1997,0.08376,,,11.7,12.733,13.766,14.916,16.2,17.637,19.253,21.075,22.897,wfh-boys-zscore-expanded-tables.xlsx
WFH,M,,,103,-0.3521,16.2298,0.08381,,,11.72,12.755,13.791,14.943,16.23,17.671,19.291,21.118,22.945,wfh-boys-zscore-expanded-tables.xlsx
WFH,M,,,103.1,-0.3521,16.26,0.08386,,,11.739,12.777,13.815,14.97,16.26,17.705,19.329,21.16,22.992,wfh-boys-zscore-expanded-tables.xlsx
WFH,M,,,103.2,-0.3521,16.2902,0.08392,,,11.758,12.799,13.839,14.997,16.29,17.739,19.367,21.204,23.041,wfh-boys-zscore-expanded-tables.xlsx
WFH,M,,,103.3,-0.3521,16.3204,0.08397,,,11.778,12.821,13.863,15.024,16.32,17.772,19.405,21.247,23.089,wfh-boys-zscore-expanded-tables.xlsx
WFH,M,,,103.4,-0.3521,16.3508,0.08403,,,11.797,12.842,13.888,15.051,16.351,17.807,19.444,21.291,23.138,wfh-boys-zscore-expanded-tables.xlsx
WFH,M,,,103.5,-0.3521,16.3812,0.08408,,,11.817,12.865,13.912,15.079,16.381,17.841,19.482,21.334,23.186,wfh-boys-zscore-expanded-tables.xlsx
WFH,M,,,103.6,-0.3521,16.4117,0.08414,,,11.836,12.886,13.937,15.106,16.412,17.875,19.521,21.378,23.235,wfh-boys-zscore-expanded-tables.xlsx
WFH,M,,,103.7,-0.3521,16.4422,0.08419,,,11.856,12.909,13.961,15.133,16.442,17.909,19.559,21.421,23.283,wfh-boys-zscore-expanded-tables.xlsx
WFH,M,,,103.8,-0.3521,16.4728,0.08425,,,11.875,12.93,13.985,15.16,16.473,17.944,19.598,21.465,23.332,wfh-boys-zscore-expanded-tables.xlsx
WFH,M,,,103.9,-0.3521,16.5035,0.08431,,,11.895,12.952,14.01,15.188,16.504,17.978,19.637,21.509,23.382,wfh-boys-zscore-expanded-tables.xlsx
WFH,M,,,104,-0.3521,16.5342,0.08436,,,11.915,12.975,14.035,15.215,16.534,18.013,19.675,21.553,23.43,wfh-boys-zscore-expanded-tables.xlsx
WFH,M,,,104.1,-0.3521,16.565,0.08442,,,11.934,12.997,14.059,15.243,16.565,18.047,19.715,21.597,23.48,wfh-boys-zscore-expanded-tables.xlsx
WFH,M,,,104.2,-0.3521,16.5959,0.08447,,,11.954,13.019,14.084,15.27,16.596,18.082,19.753,21.641,23.529,wfh-boys-zscore-expanded-tables.xlsx
WFH,M,,,104.3,-0.3521,16.6268,0.08453,,,11.974,13.041,14.109,15.298,16.627,18.117,19.793,21.686,23.578,wfh-boys-zscore-expanded-tables.xlsx
WFH,M,,,104.4,-0.3521,16.6579,0.08458,,,11.994,13.064,14.134,15.326,16.658,18.151,19.832,21.73,23.628,wfh-boys-zscore-expanded-tables.xlsx
WFH,M,,,104.5,-0.3521,16.6889,0.08464,,,12.013,13.086,14.159,15.353,16.689,18.186,19.871,21.775,23.678,wfh-boys-zscore-expanded-tables.xlsx
WFH,M,,,104.6,-0.3521,16.7201,0.0847,,,12.033,13.108,14.183,15.381,16.72,18.221,19.911,21.82,23.728,wfh-boys-zscore-expanded-tables.xlsx
WFH,M,,,104.7,-0.3521,16.7513,0.08475,,,12.053,13.131,14.209,15.409,16.751,18.256,19.95,21.864,23.777,wfh-boys-zscore-expanded-tables.xlsx
WFH,M,,,104.8,-0.3521,16.7826,0.08481,,,12.073,13.153,14.233,15.437,16.783,18.292,19.99,21.909,23.828,wfh-boys-zscore-expanded-tables.xlsx
WFH,M,,,104.9,-0.3521,16.8139,0.08487,,,12.093,13.176,14.258,15.465,16.814,18.327,20.03,21.954,23.878,wfh-boys-zscore-expanded-tables.xlsx
WFH,M,,,105,-0.3521,16.8454,0.08493,,,12.113,13.198,14.283,15.493,16.845,18.362,20.07,22,23.929,wfh-boys-zscore-expanded-tables.xlsx
WFH,M,,,105.1,-0.3521,16.8769,0.08498,,,12.133,13.221,14.309,15.521,16.877,18.398,20.11,22.044,23.979,wfh-boys-zscore-expanded-tables.xlsx
WFH,M,,,105.2,-0.3521,16.9084,0.08504,,,12.153,13.243,14.334,15.549,16.908,18.433,20.15,22.09,24.03,wfh-boys-zscore-expanded-tables.xlsx
WFH,M,,,105.3,-0.3521,16.9401,0.0851,,,12.173,13.266,14.359,15.578,16.94,18.469,20.19,22.136,24.081,wfh-boys-zscore-expanded-tables.xlsx
WFH,M,,,105.4,-0.3521,16.9718,0.08516,,,12.193,13.289,14.384,15.606,16.972,18.505,20.231,22.182,24.133,wfh-boys-zscore-expanded-tables.xlsx
WFH,M,,,105.5,-0.3521,17.0036,0.08521,,,12.214,13.312,14.41,15.634,17.004,18.54,20.271,22.227,24.183,wfh-boys-zscore-expanded-tables.xlsx
WFH,M,,,105.6,-0.3521,17.0355,0.08527,,,12.234,13.335,14.435,15.663,17.036,18.576,20.311,22.273,24.235,wfh-boys-zscore-expanded-tables.xlsx
WFH,M,,,105.7,-0.3521,17.0674,0.08533,,,12.254,13.357,14.461,15.691,17.067,18.612,20.352,22.319,24.286,wfh-boys-zscore-expanded-tables.xlsx
WFH,M,,,105.8,-0.3521,17.0995,0.08539,,,12.274,13.38,14.486,15.72,17.1,18.648,20.393,22.365,24.338,wfh-boys-zscore-expanded-tables.xlsx
WFH,M,,,105.9,-0.3521,17.1316,0.08545,,,12.294,13.403,14.512,15.748,17.132,18.684,20.434,22.412,24.39,wfh-boys-zscore-expanded-tables.xlsx
WFH,M,,,106,-0.3521,17.1637,0.08551,,,12.315,13.426,14.537,15.777,17.164,18.721,20.475,22.458,24.442,wfh-boys-zscore-expanded-tables.xlsx
WFH,M,,,106.1,-0.3521,17.196,0.08557,,,12.335,13.449,14.563,15.806,17.196,18.757,20.516,22.505,24.494,wfh-boys-zscore-expanded-tables.xlsx
WFH,M,,,106.2,-0.3521,17.2283,0.08562,,,12.356,13.473,14.589,15.835,17.228,18.793,20.556,22.551,24.546,wfh-boys-zscore-expanded-tables.xlsx
WFH,M,,,106.3,-0.3521,17.2607,0.08568,,,12.376,13.496,14.615,15.863,17.261,18.83,20.598,22.598,24.598,wfh-boys-zscore-expanded-tables.xlsx
WFH,M,,,106.4,-0.3521,17.2931,0.08574,,,12.397,13.519,14.641,15.892,17.293,18.866,20.639,22.645,24.651,wfh-boys-zscore-expanded-tables.xlsx
WFH,M,,,106.5,-0.3521,17.3256,0.0858,,,12.417,13.542,14.667,15.921,17.326,18.903,20.68,22.692,24.703,wfh-boys-zscore-expanded-tables.xlsx
WFH,M,,,106.6,-0.3521,17.3582,0.08586,,,12.438,13.565,14.692,15.95,17.358,18.939,20.722,22.739,24.756,wfh-boys-zscore-expanded-tables.xlsx
WFH,M,,,106.7,-0.3521,17.3909,0.08592,,,12.458,13.588,14.718,15.979,17.391,18.976,20.764,22.786,24.809,wfh-boys-zscore-expanded-tables.xlsx
WFH,M,,,106.8,-0.3521,17.4237,0.08599,,,12.479,13.611,14.744,16.008,17.424,19.014,20.806,22.835,24.863,wfh-boys-zscore-expanded-tables.xlsx
WFH,M,,,106.9,-0.3521,17.4565,0.08605,,,12.499,13.635,14.77,16.038,17.456,19.05,20.848,22.882,24.917,wfh-boys-zscore-expanded-tables.xlsx
WFH,M,,,107,-0.3521,17.4894,0.08611,,,12.52,13.658,14.797,16.067,17.489,19.088,20.89,22.93,24.97,wfh-boys-zscore-expanded-tables.xlsx
WFH,M,,,107.1,-0.3521,17.5224,0.08617,,,12.541,13.682,14.823,16.096,17.522,19.125,20.932,22.978,25.023,wfh-boys-zscore-expanded-tables.xlsx
WFH,M,,,107.2,-0.3521,17.5554,0.08623,,,12.562,13.705,14.849,16.126,17.555,19.162,20.974,23.025,25.077,wfh-boys-zscore-expanded-tables.xlsx
WFH,M,,,107.3,-0.3521,17.5885,0.08629,,,12.582,13.729,14.875,16.155,17.588,19.199,21.016,23.073,25.131,wfh-boys-zscore-expanded-tables.xlsx
WFH,M,,,107.4,-0.3521,17.6217,0.08635,,,12.603,13.753,14.902,16.185,17.622,19.237,21.059,23.122,25.185,wfh-boys-zscore-expanded-tables.xlsx
WFH,M,,,107.5,-0.3521,17.655,0.08641,,,12.624,13.776,14.928,16.214,17.655,19.274,21.101,23.17,25.239,wfh-boys-zscore-expanded-tables.xlsx
WFH,M,,,107.6,-0.3521,17.6884,0.08648,,,12.645,13.8,14.954,16.244,17.688,19.312,21.144,23.219,25.294,wfh-boys-zscore-expanded-tables.xlsx
WFH,M,,,107.7,-0.3521,17.7218,0.08654,,,12.666,13.823,14.981,16.274,17.722,19.35,21.187,23.268,25.348,wfh-boys-zscore-expanded-tables.xlsx
WFH,M,,,107.8,-0.3521,17.7553,0.0866,,,12.687,13.847,15.008,16.303,17.755,19.388,21.229,23.316,25.403,wfh-boys-zscore-expanded-tables.xlsx
WFH,M,,,107.9,-0.3521,17.7889,0.08666,,,12.708,13.871,15.034,16.333,17.789,19.425,21.272,23.365,25.457,wfh-boys-zscore-expanded-tables.xlsx
WFH,M,,,108,-0.3521,17.8226,0.08673,,,12.729,13.895,15.061,16.363,17.823,19.464,21.316,23.415,25.513,wfh-boys-zscore-expanded-tables.xlsx
WFH,M,,,108.1,-0.3521,17.8564,0.08679,,,12.75,13.919,15.088,16.393,17.856,19.502,21.359,23.464,25.568,wfh-boys-zscore-expanded-tables.xlsx
WFH,M,,,108.2,-0.3521,17.8903,0.08685,,,12.771,13.943,15.115,16.423,17.89,19.54,21.402,23.513,25.623,wfh-boys-zscore-expanded-tables.xlsx
WFH,M,,,108.3,-0.3521,17.9242,0.08691,,,12.793,13.967,15.142,16.454,17.924,19.578,21.446,23.562,25.678,wfh-boys-zscore-expanded-tables.xlsx
WFH,M,,,108.4,-0.3521,17.9583,0.08698,,,12.814,13.991,15.168,16.484,17.958,19.617,21.49,23.612,25.735,wfh-boys-zscore-expanded-tables.xlsx
WFH,M,,,108.5,-0.3521,17.9924,0.08704,,,12.835,14.015,15.195,16.514,17.992,19.655,21.533,23.662,25.791,wfh-boys-zscore-expanded-tables.xlsx
WFH,M,,,108.6,-0.3521,18.0267,0.0871,,,12.857,14.04,15.223,16.545,18.027,19.694,21.577,23.712,25.846,wfh-boys-zscore-expanded-tables.xlsx
WFH,M,,,108.7,-0.3521,18.061,0.08717,,,12.878,14.064,15.25,16.575,18.061,19.733,21.621,23.762,25.903,wfh-boys-zscore-expanded-tables.xlsx
WFH,M,,,108.8,-0.3521,18.0954,0.08723,,,12.899,14.088,15.277,16.606,18.095,19.772,21.665,23.812,25.959,wfh-boys-zscore-expanded-tables.xlsx
WFH,M,,,108.9,-0.3521,18.1299,0.0873,,,12.92,14.112,15.304,16.636,18.13,19.811,21.71,23.863,26.017,wfh-boys-zscore-expanded-tables.xlsx
WFH,M,,,109,-0.3521,18.1645,0.08736,,,12.942,14.137,15.332,16.667,18.164,19.85,21.754,23.913,26.073,wfh-boys-zscore-expanded-tables.xlsx
WFH,M,,,109.1,-0.3521,18.1992,0.08742,,,12.964,14.162,15.359,16.698,18.199,19.889,21.798,23.964,26.129,wfh-boys-zscore-expanded-tables.xlsx
WFH,M,,,109.2,-0.3521,18.234,0.08749,,,12.985,14.186,15.386,16.729,18.234,19.929,21.843,24.015,26.187,wfh-boys-zscore-expanded-tables.xlsx
WFH,M,,,109.3,-0.3521,18.2689,0.08755,,,13.007,14.211,15.414,16.76,18.269,19.968,21.888,24.066,26.244,wfh-boys-zscore-expanded-tables.xlsx
WFH,M,,,109.4,-0.3521,18.3039,0.08762,,,13.029,14.235,15.442,16.791,18.304,20.008,21.933,24.118,26.302,wfh-boys-zscore-expanded-tables.xlsx
WFH,M,,,109.5,-0.3521,18.339,0.08768,,,13.051,14.26,15.47,16.822,18.339,20.047,21.978,24.169,26.36,wfh-boys-zscore-expanded-tables.xlsx
WFH,M,,,109.6,-0.3521,18.3742,0.08774,,,13.073,14.285,15.497,16.853,18.374,20.087,22.023,24.22,26.417,wfh-boys-zscore-expanded-tables.xlsx
WFH,M,,,109.7,-0.3521,18.4094,0.08781,,,13.094,14.31,15.525,16.884,18.409,20.127,22.068,24.272,26.475,wfh-boys-zscore-expanded-tables.xlsx
WFH,M,,,109.8,-0.3521,18.4448,0.08787,,,13.117,14.335,15.553,16.916,18.445,20.167,22.114,24.323,26.533,wfh-boys-zscore-expanded-tables.xlsx
WFH,M,,,109.9,-0.3521,18.4802,0.08794,,,13.138,14.36,15.581,16.947,18.48,20.207,22.159,24.376,26.592,wfh-boys-zscore-expanded-tables.xlsx
WFH,M,,,110,-0.3521,18.5158,0.088,,,13.161,14.385,15.609,16.979,18.516,20.247,22.205,24.428,26.65,wfh-boys-zscore-expanded-tables.xlsx
WFH,M,,,110.1,-0.3521,18.5514,0.08806,,,13.183,14.41,15.637,17.01,18.551,20.287,22.25,24.479,26.708,wfh-boys-zscore-expanded-tables.xlsx
WFH,M,,,110.2,-0.3521,18.5871,0.08813,,,13.205,14.435,15.666,17.042,18.587,20.328,22.297,24.532,26.768,wfh-boys-zscore-expanded-tables.xlsx
WFH,M,,,110.3,-0.3521,18.6229,0.08819,,,13.227,14.461,15.694,17.074,18.623,20.368,22.342,24.584,26.826,wfh-boys-zscore-expanded-tables.xlsx
WFH,M,,,110.4,-0.3521,18.6588,0.08826,,,13.249,14.486,15.722,17.106,18.659,20.409,22.389,24.637,26.886,wfh-boys-zscore-expanded-tables.xlsx
WFH,M,,,110.5,-0.3521,18.6948,0.08832,,,13.272,14.511,15.751,17.138,18.695,20.45,22.435,24.69,26.945,wfh-boys-zscore-expanded-tables.xlsx
WFH,M,,,110.6,-0.3521,18.7308,0.08838,,,13.294,14.537,15.779,17.17,18.731,20.49,22.481,24.742,27.004,wfh-boys-zscore-expanded-tables.xlsx
WFH,M,,,110.7,-0.3521,18.767,0.08845,,,13.317,14.562,15.808,17.202,18.767,20.531,22.528,24.796,27.064,wfh-boys-zscore-expanded-tables.xlsx
WFH,M,,,110.8,-0.3521,18.8032,0.08851,,,13.339,14.588,15.836,17.234,18.803,20.572,22.574,24.849,27.123,wfh-boys-zscore-expanded-tables.xlsx
WFH,M,,,110.9,-0.3521,18.8395,0.08858,,,13.362,14.613,15.865,17.266,18.84,20.614,22.621,24.902,27.184,wfh-boys-zscore-expanded-tables.xlsx
WFH,M,,,111,-0.3521,18.8759,0.08864,,,13.384,14.639,15.894,17.298,18.876,20.655,22.668,24.955,27.243,wfh-boys-zscore-expanded-tables.xlsx
WFH,M,,,111.1,-0.3521,18.9123,0.08871,,,13.407,14.664,15.922,17.33,18.912,20.696,22.715,25.009,27.304,wfh-boys-zscore-expanded-tables.xlsx
WFH,M,,,111.2,-0.3521,18.9489,0.08877,,,13.43,14.69,15.951,17.363,18.949,20.737,22.762,25.063,27.364,wfh-boys-zscore-expanded-tables.xlsx
WFH,M,,,111.3,-0.3521,18.9855,0.08883,,,13.452,14.716,15.98,17.395,18.986,20.779,22.809,25.116,27.424,wfh-boys-zscore-expanded-tables.xlsx
WFH,M,,,111.4,-0.3521,19.0222,0.0889,,,13.475,14.742,16.009,17.428,19.022,20.82,22.856,25.17,27.485,wfh-boys-zscore-expanded-tables.xlsx
WFH,M,,,111.5,-0.3521,19.059,0.08896,,,13.498,14.768,16.038,17.461,19.059,20.862,22.903,25.224,27.545,wfh-boys-zscore-expanded-tables.xlsx
WFH,M,,,111.6,-0.3521,19.0958,0.08903,,,13.52,14.794,16.067,17.493,19.096,20.904,22.951,25.279,27.607,wfh-boys-zscore-expanded-tables.xlsx
WFH,M,,,111.7,-0.3521,19.1327,0.08909,,,13.543,14.82,16.096,17.526,19.133,20.945,22.998,25.333,27.667,wfh-boys-zscore-expanded-tables.xlsx
WFH,M,,,111.8,-0.3521,19.1697,0.08915,,,13.567,14.846,16.126,17.559,19.17,20.987,23.046,25.387,27.728,wfh-boys-zscore-expanded-tables.xlsx
WFH,M,,,111.9,-0.3521,19.2067,0.08922,,,13.589,14.872,16.155,17.591,19.207,21.029,23.094,25.442,27.79,wfh-boys-zscore-expanded-tables.xlsx
WFH,M,,,112,-0.3521,19.2439,0.08928,,,13.612,14.898,16.184,17.624,19.244,21.071,23.141,25.496,27.851,wfh-boys-zscore-expanded-tables.xlsx
WFH,M,,,112.1,-0.3521,19.281,0.08934,,,13.636,14.924,16.213,17.657,19.281,21.113,23.189,25.55,27.912,wfh-boys-zscore-expanded-tables.xlsx
WFH,M,,,112.2,-0.3521,19.3183,0.08941,,,13.658,14.95,16.243,17.69,19.318,21.156,23.237,25.606,27.974,wfh-boys-zscore-expanded-tables.xlsx
WFH,M,,,112.3,-0.3521,19.3556,0.08947,,,13.682,14.977,16.272,17.724,19.356,21.198,23.285,25.66,28.035,wfh-boys-zscore-expanded-tables.xlsx
WFH,M,,,112.4,-0.3521,19.393,0.08953,,,13.705,15.003,16.302,17.757,19.393,21.24,23.333,25.715,28.097,wfh-boys-zscore-expanded-tables.xlsx
WFH,M,,,112.5,-0.3521,19.4304,0.0896,,,13.728,15.029,16.331,17.79,19.43,21.282,23.381,25.77,28.159,wfh-boys-zscore-expanded-tables.xlsx
WFH,M,,,112.6,-0.3521,19.4679,0.08966,,,13.751,15.056,16.361,17.823,19.468,21.325,23.43,25.825,28.221,wfh-boys-zscore-expanded-tables.xlsx
WFH,M,,,112.7,-0.3521,19.5055,0.08972,,,13.775,15.083,16.39,17.856,19.506,21.367,23.478,25.88,28.283,wfh-boys-zscore-expanded-tables.xlsx
WFH,M,,,112.8,-0.3521,19.5431,0.08979,,,13.798,15.109,16.42,17.89,19.543,21.41,23.527,25.936,28.346,wfh-boys-zscore-expanded-tables.xlsx
WFH,M,,,112.9,-0.3521,19.5807,0.08985,,,13.821,15.135,16.45,17.923,19.581,21.453,23.575,25.991,28.407,wfh-boys-zscore-expanded-tables.xlsx
WFH,M,,,113,-0.3521,19.6185,0.08991,,,13.845,15.162,16.479,17.957,19.618,21.495,23.623,26.047,28.47,wfh-boys-zscore-expanded-tables.xlsx
WFH,M,,,113.1,-0.3521,19.6563,0.08997,,,13.868,15.189,16.509,17.99,19.656,21.538,23.672,26.102,28.532,wfh-boys-zscore-expanded-tables.xlsx
WFH,M,,,113.2,-0.3521,19.6941,0.09004,,,13.891,15.215,16.539,18.024,19.694,21.581,23.721,26.158,28.595,wfh-boys-zscore-expanded-tables.xlsx
WFH,M,,,113.3,-0.3521,19.7321,0.0901,,,13.915,15.242,16.569,18.057,19.732,21.624,23.77,26.214,28.658,wfh-boys-zscore-expanded-tables.xlsx
WFH,M,,,113.4,-0.3521,19.77,0.09016,,,13.938,15.269,16.599,18.091,19.77,21.667,23.819,26.269,28.72,wfh-boys-zscore-expanded-tables.xlsx
WFH,M,,,113.5,-0.3521,19.8081,0.09022,,,13.962,15.296,16.629,18.125,19.808,21.71,23.868,26.325,28.783,wfh-boys-zscore-expanded-tables.xlsx
WFH,M,,,113.6,-0.3521,19.8461,0.09029,,,13.985,15.322,16.659,18.158,19.846,21.753,23.917,26.382,28.847,wfh-boys-zscore-expanded-tables.xlsx
WFH,M,,,113.7,-0.3521,19.8843,0.09035,,,14.009,15.349,16.689,18.192,19.884,21.796,23.966,26.438,28.91,wfh-boys-zscore-expanded-tables.xlsx
WFH,M,,,113.8,-0.3521,19.9225,0.09041,,,14.033,15.376,16.719,18.226,19.922,21.84,24.015,26.494,28.973,wfh-boys-zscore-expanded-tables.xlsx
WFH,M,,,113.9,-0.3521,19.9607,0.09047,,,14.056,15.403,16.749,18.26,19.961,21.883,24.064,26.55,29.036,wfh-boys-zscore-expanded-tables.xlsx
WFH,M,,,114,-0.3521,19.999,0.09054,,,14.08,15.429,16.779,18.294,19.999,21.927,24.114,26.607,29.1,wfh-boys-zscore-expanded-tables.xlsx
WFH,M,,,114.1,-0.3521,20.0373,0.0906,,,14.103,15.456,16.809,18.328,20.037,21.97,24.163,26.663,29.164,wfh-boys-zscore-expanded-tables.xlsx
WFH,M,,,114.2,-0.3521,20.0757,0.09066,,,14.127,15.484,16.84,18.362,20.076,22.013,24.213,26.72,29.227,wfh-boys-zscore-expanded-tables.xlsx
WFH,M,,,114.3,-0.3521,20.1142,0.09072,,,14.151,15.511,16.87,18.396,20.114,22.057,24.262,26.776,29.291,wfh-boys-zscore-expanded-tables.xlsx
WFH,M,,,114.4,-0.3521,20.1527,0.09079,,,14.175,15.537,16.9,18.43,20.153,22.101,24.312,26.834,29.356,wfh-boys-zscore-expanded-tables.xlsx
WFH,M,,,114.5,-0.3521,20.1912,0.09085,,,14.198,15.565,16.931,18.464,20.191,22.144,24.362,26.891,29.419,wfh-boys-zscore-expanded-tables.xlsx
WFH,M,,,114.6,-0.3521,20.2298,0.09091,,,14.222,15.592,16.961,18.498,20.23,22.188,24.412,26.947,29.483,wfh-boys-zscore-expanded-tables.xlsx
WFH,M,,,114.7,-0.3521,20.2684,0.09097,,,14.246,15.619,16.991,18.532,20.268,22.232,24.461,27.004,29.547,wfh-boys-zscore-expanded-tables.xlsx
WFH,M,,,114.8,-0.3521,20.3071,0.09103,,,14.27,15.646,17.022,18.567,20.307,22.276,24.511,27.061,29.611,wfh-boys-zscore-expanded-tables.xlsx
WFH,M,,,114.9,-0.3521,20.3458,0.0911,,,14.294,15.673,17.052,18.601,20.346,22.32,24.562,27.119,29.676,wfh-boys-zscore-expanded-tables.xlsx
WFH,M,,,115,-0.3521,20.3846,0.09116,,,14.318,15.7,17.083,18.635,20.385,22.364,24.612,27.176,29.741,wfh-boys-zscore-expanded-tables.xlsx
WFH,M,,,115.1,-0.3521,20.4233,0.09122,,,14.342,15.727,17.113,18.669,20.423,22.407,24.661,27.233,29.805,wfh-boys-zscore-expanded-tables.xlsx
WFH,M,,,115.2,-0.3521,20.4622,0.09128,,,14.366,15.755,17.144,18.704,20.462,22.452,24.712,27.29,29.869,wfh-boys-zscore-expanded-tables.xlsx
WFH,M,,,115.3,-0.3521,20.501,0.09134,,,14.39,15.782,17.175,18.738,20.501,22.495,24.762,27.348,29.934,wfh-boys-zscore-expanded-tables.xlsx
WFH,M,,,115.4,-0.3521,20.54,0.0914,,,14.414,15.81,17.205,18.773,20.54,22.54,24.812,27.405,29.998,wfh-boys-zscore-expanded-tables.xlsx
WFH,M,,,115.5,-0.3521,20.5789,0.09147,,,14.437,15.836,17.236,18.807,20.579,22.584,24.863,27.463,30.064,wfh-boys-zscore-expanded-tables.xlsx
WFH,M,,,115.6,-0.3521,20.6179,0.09153,,,14.461,15.864,17.266,18.842,20.618,22.628,24.913,27.521,30.129,wfh-boys-zscore-expanded-tables.xlsx
WFH,M,,,115.7,-0.3521,20.6569,0.09159,,,14.486,15.891,17.297,18.876,20.657,22.672,24.963,27.578,30.194,wfh-boys-zscore-expanded-tables.xlsx
WFH,M,,,115.8,-0.3521,20.6959,0.09165,,,14.51,15.919,17.328,18.911,20.696,22.717,25.014,27.636,30.259,wfh-boys-zscore-expanded-tables.xlsx
WFH,M,,,115.9,-0.3521,20.735,0.09171,,,14.534,15.946,17.359,18.945,20.735,22.761,25.064,27.694,30.324,wfh-boys-zscore-expanded-tables.xlsx
WFH,M,,,116,-0.3521,20.7741,0.09177,,,14.558,15.974,17.389,18.98,20.774,22.805,25.115,27.752,30.389,wfh-boys-zscore-expanded-tables.xlsx
WFH,M,,,116.1,-0.3521,20.8132,0.09183,,,14.582,16.001,17.42,19.015,20.813,22.85,25.165,27.809,30.454,wfh-boys-zscore-expanded-tables.xlsx
WFH,M,,,116.2,-0.3521,20.8524,0.0919,,,14.606,16.028,17.451,19.049,20.852,22.894,25.216,27.868,30.52,wfh-boys-zscore-expanded-tables.xlsx
WFH,M,,,116.3,-0.3521,20.8916,0.09196,,,14.63,16.056,17.481,19.084,20.892,22.939,25.267,27.926,30.585,wfh-boys-zscore-expanded-tables.xlsx
WFH,M,,,116.4,-0.3521,20.9308,0.09202,,,14.654,16.083,17.512,19.119,20.931,22.983,25.317,27.984,30.651,wfh-boys-zscore-expanded-tables.xlsx
WFH,M,,,116.5,-0.3521,20.97,0.09208,,,14.678,16.111,17.543,19.153,20.97,23.028,25.368,28.042,30.716,wfh-boys-zscore-expanded-tables.xlsx
WFH,M,,,116.6,-0.3521,21.0093,0.09214,,,14.702,16.138,17.574,19.188,21.009,23.072,25.419,28.1,30.782,wfh-boys-zscore-expanded-tables.xlsx
WFH,M,,,116.7,-0.3521,21.0486,0.0922,,,14.726,16.166,17.605,19.223,21.049,23.117,25.47,28.158,30.847,wfh-boys-zscore-expanded-tables.xlsx
WFH,M,,,116.8,-0.3521,21.0879,0.09227,,,14.75,16.193,17.635,19.257,21.088,23.162,25.521,28.218,30.914,wfh-boys-zscore-expanded-tables.xlsx
WFH,M,,,116.9,-0.3521,21.1272,0.09233,,,14.774,16.22,17.666,19.292,21.127,23.206,25.572,28.276,30.98,wfh-boys-zscore-expanded-tables.xlsx
WFH,M,,,117,-0.3521,21.1666,0.09239,,,14.798,16.248,17.697,19.327,21.167,23.251,25.623,28.334,31.045,wfh-boys-zscore-expanded-tables.xlsx
WFH,M,,,117.1,-0.3521,21.2059,0.09245,,,14.823,16.275,17.728,19.362,21.206,23.296,25.674,28.392,31.111,wfh-boys-zscore-expanded-tables.xlsx
WFH,M,,,117.2,-0.3521,21.2453,0.09251,,,14.847,16.303,17.759,19.397,21.245,23.34,25.725,28.451,31.177,wfh-boys-zscore-expanded-tables.xlsx
WFH,M,,,117.3,-0.3521,21.2847,0.09257,,,14.871,16.33,17.79,19.431,21.285,23.385,25.776,28.509,31.243,wfh-boys-zscore-expanded-tables.xlsx
WFH,M,,,117.4,-0.3521,21.3242,0.09263,,,14.895,16.358,17.821,19.466,21.324,23.43,25.827,28.568,31.309,wfh-boys-zscore-expanded-tables.xlsx
WFH,M,,,117.5,-0.3521,21.3636,0.0927,,,14.919,16.385,17.852,19.501,21.364,23.475,25.879,28.627,31.376,wfh-boys-zscore-expanded-tables.xlsx
WFH,M,,,117.6,-0.3521,21.4031,0.09276,,,14.943,16.413,17.883,19.536,21.403,23.52,25.93,28.686,31.442,wfh-boys-zscore-expanded-tables.xlsx
WFH,M,,,117.7,-0.3521,21.4426,0.09282,,,14.967,16.44,17.913,19.571,21.443,23.565,25.981,28.745,31.508,wfh-boys-zscore-expanded-tables.xlsx
WFH,M,,,117.8,-0.3521,21.482,0.09288,,,14.991,16.468,17.944,19.606,21.482,23.609,26.032,28.803,31.575,wfh-boys-zscore-expanded-tables.xlsx
WFH,M,,,117.9,-0.3521,21.5215,0.09294,,,15.016,16.495,17.975,19.641,21.522,23.654,26.083,28.862,31.641,wfh-boys-zscore-expanded-tables.xlsx
WFH,M,,,118,-0.3521,21.5611,0.093,,,15.04,16.523,18.006,19.676,21.561,23.699,26.135,28.921,31.707,wfh-boys-zscore-expanded-tables.xlsx
WFH,M,,,118.1,-0.3521,21.6006,0.09307,,,15.063,16.55,18.037,19.71,21.601,23.744,26.186,28.981,31.775,wfh-boys-zscore-expanded-tables.xlsx
WFH,M,,,118.2,-0.3521,21.6401,0.09313,,,15.087,16.578,18.068,19.745,21.64,23.789,26.238,29.039,31.841,wfh-boys-zscore-expanded-tables.xlsx
WFH,M,,,118.3,-0.3521,21.6797,0.09319,,,15.112,16.605,18.099,19.78,21.68,23.834,26.289,29.098,31.908,wfh-boys-zscore-expanded-tables.xlsx
WFH,M,,,118.4,-0.3521,21.7193,0.09325,,,15.136,16.633,18.13,19.815,21.719,23.879,26.34,29.157,31.974,wfh-boys-zscore-expanded-tables.xlsx
WFH,M,,,118.5,-0.3521,21.7588,0.09331,,,15.16,16.66,18.161,19.85,21.759,23.924,26.392,29.216,32.041,wfh-boys-zscore-expanded-tables.xlsx
WFH,M,,,118.6,-0.3521,21.7984,0.09338,,,15.184,16.688,18.192,19.885,21.798,23.97,26.444,29.276,32.109,wfh-boys-zscore-expanded-tables.xlsx
WFH,M,,,118.7,-0.3521,21.838,0.09344,,,15.208,16.715,18.223,19.92,21.838,24.015,26.495,29.335,32.175,wfh-boys-zscore-expanded-tables.xlsx
WFH,M,,,118.8,-0.3521,21.8776,0.0935,,,15.232,16.743,18.254,19.955,21.878,24.06,26.547,29.394,32.242,wfh-boys-zscore-expanded-tables.xlsx
WFH,M,,,118.9,-0.3521,21.9172,0.09356,,,15.256,16.77,18.285,19.99,21.917,24.105,26.598,29.453,32.309,wfh-boys-zscore-expanded-tables.xlsx
WFH,M,,,119,-0.3521,21.9568,0.09362,,,15.28,16.798,18.316,20.025,21.957,24.15,26.65,29.512,32.375,wfh-boys-zscore-expanded-tables.xlsx
WFH,M,,,119.1,-0.3521,21.9964,0.09368,,,15.304,16.825,18.347,20.06,21.996,24.195,26.701,29.572,32.442,wfh-boys-zscore-expanded-tables.xlsx
WFH,M,,,119.2,-0.3521,22.036,0.09375,,,15.328,16.852,18.377,20.094,22.036,24.24,26.753,29.632,32.51,wfh-boys-zscore-expanded-tables.xlsx
WFH,M,,,119.3,-0.3521,22.0757,0.09381,,,15.352,16.88,18.408,20.129,22.076,24.285,26.805,29.691,32.577,wfh-boys-zscore-expanded-tables.xlsx
WFH,M,,,119.4,-0.3521,22.1153,0.09387,,,15.376,16.908,18.439,20.164,22.115,24.33,26.856,29.75,32.644,wfh-boys-zscore-expanded-tables.xlsx
WFH,M,,,119.5,-0.3521,22.1549,0.09393,,,15.4,16.935,18.47,20.199,22.155,24.375,26.908,29.81,32.711,wfh-boys-zscore-expanded-tables.xlsx
WFH,M,,,119.6,-0.3521,22.1945,0.09399,,,15.424,16.963,18.501,20.234,22.194,24.421,26.959,29.869,32.778,wfh-boys-zscore-expanded-tables.xlsx
WFH,M,,,119.7,-0.3521,22.2341,0.09406,,,15.448,16.99,18.532,20.269,22.234,24.466,27.012,29.929,32.846,wfh-boys-zscore-expanded-tables.xlsx
WFH,M,,,119.8,-0.3521,22.2738,0.09412,,,15.472,17.017,18.563,20.304,22.274,24.511,27.063,29.988,32.914,wfh-boys-zscore-expanded-tables.xlsx
WFH,M,,,119.9,-0.3521,22.3134,0.09418,,,15.496,17.045,18.593,20.339,22.313,24.556,27.115,30.048,32.981,wfh-boys-zscore-expanded-tables.xlsx
WFH,M,,,120,-0.3521,22.353,0.09424,,,15.52,17.072,18.624,20.374,22.353,24.601,27.167,30.107,33.048,wfh-boys-zscore-expanded-tables.xlsx
WFH,F,,,65,-0.3833,7.2402,0.09113,,,5.095,5.583,6.071,6.62,7.24,7.944,8.746,9.664,10.583,wfh-girls-zscore-expanded-tables.xlsx
WFH,F,,,65.1,-0.3833,7.2627,0.09112,,,5.111,5.6,6.09,6.64,7.263,7.969,8.773,9.694,10.615,wfh-girls-zscore-expanded-tables.xlsx
WFH,F,,,65.2,-0.3833,7.2852,0.09111,,,5.127,5.618,6.109,6.661,7.285,7.993,8.8,9.724,10.648,wfh-girls-zscore-expanded-tables.xlsx
WFH,F,,,65.3,-0.3833,7.3076,0.0911,,,5.143,5.635,6.128,6.682,7.308,8.018,8.827,9.753,10.68,wfh-girls-zscore-expanded-tables.xlsx
WFH,F,,,65.4,-0.3833,7.33,0.09109,,,5.158,5.652,6.146,6.702,7.33,8.042,8.854,9.783,10.712,wfh-girls-zscore-expanded-tables.xlsx
WFH,F,,,65.5,-0.3833,7.3523,0.09109,,,5.174,5.67,6.165,6.723,7.352,8.067,8.881,9.813,10.745,wfh-girls-zscore-expanded-tables.xlsx
WFH,F,,,65.6,-0.3833,7.3745,0.09108,,,5.19,5.687,6.184,6.743,7.374,8.091,8.907,9.842,10.777,wfh-girls-zscore-expanded-tables.xlsx
WFH,F,,,65.7,-0.3833,7.3967,0.09107,,,5.206,5.704,6.203,6.763,7.397,8.115,8.934,9.871,10.809,wfh-girls-zscore-expanded-tables.xlsx
WFH,F,,,65.8,-0.3833,7.4189,0.09106,,,5.222,5.721,6.221,6.784,7.419,8.139,8.96,9.901,10.841,wfh-girls-zscore-expanded-tables.xlsx
WFH,F,,,65.9,-0.3833,7.441,0.09105,,,5.237,5.739,6.24,6.804,7.441,8.164,8.987,9.93,10.873,wfh-girls-zscore-expanded-tables.xlsx
WFH,F,,,66,-0.3833,7.463,0.09104,,,5.253,5.756,6.259,6.824,7.463,8.188,9.013,9.959,10.904,wfh-girls-zscore-expanded-tables.xlsx
WFH,F,,,66.1,-0.3833,7.485,0.09103,,,5.269,5.773,6.277,6.844,7.485,8.212,9.04,9.988,10.936,wfh-girls-zscore-expanded-tables.xlsx
WFH,F,,,66.2,-0.3833,7.5069,0.09102,,,5.284,5.79,6.296,6.864,7.507,8.236,9.066,10.017,10.967,wfh-girls-zscore-expanded-tables.xlsx
WFH,F,,,66.3,-0.3833,7.5288,0.09101,,,5.3,5.807,6.314,6.885,7.529,8.26,9.092,10.046,10.999,wfh-girls-zscore-expanded-tables.xlsx
WFH,F,,,66.4,-0.3833,7.5507,0.091,,,5.316,5.824,6.333,6.905,7.551,8.283,9.118,10.074,11.031,wfh-girls-zscore-expanded-tables.xlsx
WFH,F,,,66.5,-0.3833,7.5724,0.09099,,,5.331,5.841,6.351,6.925,7.572,8.307,9.144,10.103,11.062,wfh-girls-zscore-expanded-tables.xlsx
WFH,F,,,66.6,-0.3833,7.5942,0.09098,,,5.347,5.858,6.369,6.945,7.594,8.331,9.171,10.132,11.093,wfh-girls-zscore-expanded-tables.xlsx
WFH,F,,,66.7,-0.3833,7.6158,0.09097,,,5.362,5.875,6.388,6.964,7.616,8.355,9.196,10.16,11.124,wfh-girls-zscore-expanded-tables.xlsx
WFH,F,,,66.8,-0.3833,7.6375,0.09096,,,5.377,5.892,6.406,6.984,7.638,8.378,9.222,10.189,11.155,wfh-girls-zscore-expanded-tables.xlsx
WFH,F,,,66.9,-0.3833,7.659,0.09095,,,5.393,5.908,6.424,7.004,7.659,8.402,9.248,10.217,11.186,wfh-girls-zscore-expanded-tables.xlsx
WFH,F,,,67,-0.3833,7.6806,0.09094,,,5.408,5.925,6.442,7.024,7.681,8.425,9.274,10.246,11.217,wfh-girls-zscore-expanded-tables.xlsx
WFH,F,,,67.1,-0.3833,7.702,0.09093,,,5.423,5.942,6.46,7.043,7.702,8.449,9.3,10.274,11.248,wfh-girls-zscore-expanded-tables.xlsx
WFH,F,,,67.2,-0.3833,7.7234,0.09091,,,5.439,5.959,6.479,7.063,7.723,8.472,9.325,10.302,11.278,wfh-girls-zscore-expanded-tables.xlsx
WFH,F,,,67.3,-0.3833,7.7448,0.0909,,,5.454,5.975,6.497,7.083,7.745,8.496,9.351,10.33,11.309,wfh-girls-zscore-expanded-tables.xlsx
WFH,F,,,67.4,-0.3833,7.7661,0.09089,,,5.469,5.992,6.515,7.102,7.766,8.519,9.376,10.358,11.34,wfh-girls-zscore-expanded-tables.xlsx
WFH,F,,,67.5,-0.3833,7.7874,0.09088,,,5.485,6.009,6.533,7.122,7.787,8.542,9.402,10.386,11.37,wfh-girls-zscore-expanded-tables.xlsx
WFH,F,,,67.6,-0.3833,7.8086,0.09087,,,5.5,6.025,6.55,7.141,7.809,8.565,9.427,10.414,11.401,wfh-girls-zscore-expanded-tables.xlsx
WFH,F,,,67.7,-0.3833,7.8298,0.09086,,,5.515,6.042,6.568,7.161,7.83,8.588,9.453,10.442,11.431,wfh-girls-zscore-expanded-tables.xlsx
WFH,F,,,67.8,-0.3833,7.8509,0.09085,,,5.53,6.058,6.586,7.18,7.851,8.611,9.478,10.47,11.462,wfh-girls-zscore-expanded-tables.xlsx
WFH,F,,,67.9,-0.3833,7.872,0.09084,,,5.545,6.075,6.604,7.2,7.872,8.635,9.503,10.498,11.492,wfh-girls-zscore-expanded-tables.xlsx
WFH,F,,,68,-0.3833,7.893,0.09083,,,5.56,6.091,6.622,7.219,7.893,8.657,9.528,10.525,11.522,wfh-girls-zscore-expanded-tables.xlsx
WFH,F,,,68.1,-0.3833,7.914,0.09082,,,5.575,6.107,6.64,7.238,7.914,8.68,9.553,10.553,11.552,wfh-girls-zscore-expanded-tables.xlsx
WFH,F,,,68.2,-0.3833,7.935,0.0908,,,5.59,6.124,6.657,7.257,7.935,8.703,9.578,10.58,11.582,wfh-girls-zscore-expanded-tables.xlsx
WFH,F,,,68.3,-0.3833,7.9559,0.09079,,,5.605,6.14,6.675,7.277,7.956,8.726,9.603,10.608,11.612,wfh-girls-zscore-expanded-tables.xlsx
WFH,F,,,68.4,-0.3833,7.9768,0.09078,,,5.62,6.156,6.693,7.296,7.977,8.749,9.628,10.635,11.642,wfh-girls-zscore-expanded-tables.xlsx
WFH,F,,,68.5,-0.3833,7.9976,0.09077,,,5.635,6.173,6.71,7.315,7.998,8.772,9.653,10.663,11.672,wfh-girls-zscore-expanded-tables.xlsx
WFH,F,,,68.6,-0.3833,8.0184,0.09076,,,5.65,6.189,6.728,7.334,8.018,8.794,9.678,10.69,11.702,wfh-girls-zscore-expanded-tables.xlsx
WFH,F,,,68.7,-0.3833,8.0392,0.09075,,,5.665,6.205,6.745,7.353,8.039,8.817,9.703,10.717,11.731,wfh-girls-zscore-expanded-tables.xlsx
WFH,F,,,68.8,-0.3833,8.0599,0.09074,,,5.68,6.221,6.763,7.372,8.06,8.84,9.728,10.745,11.761,wfh-girls-zscore-expanded-tables.xlsx
WFH,F,,,68.9,-0.3833,8.0806,0.09072,,,5.695,6.238,6.781,7.391,8.081,8.862,9.753,10.771,11.79,wfh-girls-zscore-expanded-tables.xlsx
WFH,F,,,69,-0.3833,8.1012,0.09071,,,5.709,6.254,6.798,7.41,8.101,8.885,9.777,10.798,11.82,wfh-girls-zscore-expanded-tables.xlsx
WFH,F,,,69.1,-0.3833,8.1218,0.0907,,,5.724,6.27,6.815,7.429,8.122,8.907,9.802,10.826,11.849,wfh-girls-zscore-expanded-tables.xlsx
WFH,F,,,69.2,-0.3833,8.1424,0.09069,,,5.739,6.286,6.833,7.448,8.142,8.93,9.826,10.853,11.879,wfh-girls-zscore-expanded-tables.xlsx
WFH,F,,,69.3,-0.3833,8.163,0.09068,,,5.753,6.302,6.85,7.467,8.163,8.952,9.851,10.88,11.908,wfh-girls-zscore-expanded-tables.xlsx
WFH,F,,,69.4,-0.3833,8.1835,0.09067,,,5.768,6.318,6.868,7.486,8.184,8.975,9.876,10.907,11.938,wfh-girls-zscore-expanded-tables.xlsx
WFH,F,,,69.5,-0.3833,8.2039,0.09065,,,5.783,6.334,6.885,7.504,8.204,8.997,9.9,10.933,11.967,wfh-girls-zscore-expanded-tables.xlsx
WFH,F,,,69.6,-0.3833,8.2244,0.09064,,,5.798,6.35,6.902,7.523,8.224,9.019,9.924,10.96,11.996,wfh-girls-zscore-expanded-tables.xlsx
WFH,F,,,69.7,-0.3833,8.2448,0.09063,,,5.812,6.366,6.919,7.542,8.245,9.041,9.949,10.987,12.025,wfh-girls-zscore-expanded-tables.xlsx
WFH,F,,,69.8,-0.3833,8.2651,0.09062,,,5.827,6.382,6.937,7.561,8.265,9.064,9.973,11.014,12.054,wfh-girls-zscore-expanded-tables.xlsx
WFH,F,,,69.9,-0.3833,8.2855,0.09061,,,5.841,6.398,6.954,7.579,8.286,9.086,9.997,11.04,12.083,wfh-girls-zscore-expanded-tables.xlsx
WFH,F,,,70,-0.3833,8.3058,0.09059,,,5.856,6.414,6.971,7.598,8.306,9.108,10.021,11.067,12.112,wfh-girls-zscore-expanded-tables.xlsx
WFH,F,,,70.1,-0.3833,8.3261,0.09058,,,5.871,6.429,6.988,7.617,8.326,9.13,10.046,11.093,12.141,wfh-girls-zscore-expanded-tables.xlsx
WFH,F,,,70.2,-0.3833,8.3464,0.09057,,,5.885,6.445,7.006,7.635,8.346,9.152,10.07,11.12,12.17,wfh-girls-zscore-expanded-tables.xlsx
WFH,F,,,70.3,-0.3833,8.3666,0.09056,,,5.9,6.461,7.023,7.654,8.367,9.174,10.094,11.147,12.199,wfh-girls-zscore-expanded-tables.xlsx
WFH,F,,,70.4,-0.3833,8.3869,0.09055,,,5.914,6.477,7.04,7.673,8.387,9.197,10.118,11.173,12.228,wfh-girls-zscore-expanded-tables.xlsx
WFH,F,,,70.5,-0.3833,8.4071,0.09053,,,5.929,6.493,7.057,7.691,8.407,9.219,10.142,11.199,12.257,wfh-girls-zscore-expanded-tables.xlsx
WFH,F,,,70.6,-0.3833,8.4273,0.09052,,,5.943,6.509,7.074,7.71,8.427,9.241,10.167,11.226,12.285,wfh-girls-zscore-expanded-tables.xlsx
WFH,F,,,70.7,-0.3833,8.4474,0.09051,,,5.958,6.524,7.091,7.728,8.447,9.263,10.191,11.252,12.314,wfh-girls-zscore-expanded-tables.xlsx
WFH,F,,,70.8,-0.3833,8.4676,0.0905,,,5.972,6.54,7.108,7.747,8.468,9.285,10.215,11.279,12.343,wfh-girls-zscore-expanded-tables.xlsx
WFH,F,,,70.9,-0.3833,8.4877,0.09048,,,5.987,6.556,7.125,7.765,8.488,9.306,10.239,11.305,12.371,wfh-girls-zscore-expanded-tables.xlsx
WFH,F,,,71,-0.3833,8.5078,0.09047,,,6.001,6.572,7.142,7.784,8.508,9.328,10.263,11.331,12.4,wfh-girls-zscore-expanded-tables.xlsx
WFH,F,,,71.1,-0.3833,8.5278,0.09046,,,6.016,6.587,7.159,7.802,8.528,9.35,10.286,11.358,12.429,wfh-girls-zscore-expanded-tables.xlsx
WFH,F,,,71.2,-0.3833,8.5479,0.09045,,,6.03,6.603,7.176,7.821,8.548,9.372,10.311,11.384,12.457,wfh-girls-zscore-expanded-tables.xlsx
WFH,F,,,71.3,-0.3833,8.5679,0.09043,,,6.044,6.619,7.193,7.839,8.568,9.394,10.334,11.41,12.486,wfh-girls-zscore-expanded-tables.xlsx
WFH,F,,,71.4,-0.3833,8.5879,0.09042,,,6.059,6.635,7.21,7.857,8.588,9.416,10.358,11.436,12.514,wfh-girls-zscore-expanded-tables.xlsx
WFH,F,,,71.5,-0.3833,8.6078,0.09041,,,6.073,6.65,7.227,7.876,8.608,9.437,10.382,11.462,12.543,wfh-girls-zscore-expanded-tables.xlsx
WFH,F,,,71.6,-0.3833,8.6277,0.0904,,,6.087,6.666,7.244,7.894,8.628,9.459,10.406,11.488,12.571,wfh-girls-zscore-expanded-tables.xlsx
WFH,F,,,71.7,-0.3833,8.6476,0.09039,,,6.102,6.681,7.261,7.912,8.648,9.481,10.429,11.514,12.6,wfh-girls-zscore-expanded-tables.xlsx
WFH,F,,,71.8,-0.3833,8.6674,0.09037,,,6.116,6.697,7.278,7.931,8.667,9.502,10.453,11.54,12.627,wfh-girls-zscore-expanded-tables.xlsx
WFH,F,,,71.9,-0.3833,8.6872,0.09036,,,6.13,6.712,7.294,7.949,8.687,9.524,10.477,11.566,12.656,wfh-girls-zscore-expanded-tables.xlsx
WFH,F,,,72,-0.3833,8.707,0.09035,,,6.144,6.728,7.311,7.967,8.707,9.546,10.5,11.592,12.684,wfh-girls-zscore-expanded-tables.xlsx
WFH,F,,,72.1,-0.3833,8.7267,0.09034,,,6.159,6.743,7.328,7.985,8.727,9.567,10.524,11.618,12.712,wfh-girls-zscore-expanded-tables.xlsx
WFH,F,,,72.2,-0.3833,8.7464,0.09032,,,6.173,6.759,7.345,8.003,8.746,9.588,10.547,11.643,12.74,wfh-girls-zscore-expanded-tables.xlsx
WFH,F,,,72.3,-0.3833,8.7661,0.09031,,,6.187,6.774,7.361,8.021,8.766,9.61,10.571,11.669,12.768,wfh-girls-zscore-expanded-tables.xlsx
WFH,F,,,72.4,-0.3833,8.7857,0.0903,,,6.201,6.79,7.378,8.039,8.786,9.631,10.594,11.695,12.796,wfh-girls-zscore-expanded-tables.xlsx
WFH,F,,,72.5,-0.3833,8.8053,0.09028,,,6.215,6.805,7.395,8.057,8.805,9.653,10.617,11.72,12.823,wfh-girls-zscore-expanded-tables.xlsx
WFH,F,,,72.6,-0.3833,8.8248,0.09027,,,6.229,6.82,7.411,8.075,8.825,9.674,10.64,11.746,12.851,wfh-girls-zscore-expanded-tables.xlsx
WFH,F,,,72.7,-0.3833,8.8443,0.09026,,,6.243,6.836,7.428,8.093,8.844,9.695,10.664,11.771,12.879,wfh-girls-zscore-expanded-tables.xlsx
WFH,F,,,72.8,-0.3833,8.8638,0.09025,,,6.257,6.851,7.444,8.111,8.864,9.716,10.687,11.797,12.907,wfh-girls-zscore-expanded-tables.xlsx
WFH,F,,,72.9,-0.3833,8.8831,0.09023,,,6.272,6.866,7.461,8.129,8.883,9.737,10.71,11.822,12.934,wfh-girls-zscore-expanded-tables.xlsx
WFH,F,,,73,-0.3833,8.9025,0.09022,,,6.285,6.881,7.477,8.147,8.902,9.759,10.733,11.847,12.961,wfh-girls-zscore-expanded-tables.xlsx
WFH,F,,,73.1,-0.3833,8.9217,0.09021,,,6.299,6.896,7.493,8.165,8.922,9.78,10.756,11.872,12.989,wfh-girls-zscore-expanded-tables.xlsx
WFH,F,,,73.2,-0.3833,8.941,0.0902,,,6.313,6.911,7.51,8.182,8.941,9.801,10.779,11.898,13.016,wfh-girls-zscore-expanded-tables.xlsx
WFH,F,,,73.3,-0.3833,8.9601,0.09018,,,6.327,6.927,7.526,8.2,8.96,9.821,10.801,11.922,13.043,wfh-girls-zscore-expanded-tables.xlsx
WFH,F,,,73.4,-0.3833,8.9792,0.09017,,,6.341,6.942,7.542,8.217,8.979,9.842,10.824,11.947,13.07,wfh-girls-zscore-expanded-tables.xlsx
WFH,F,,,73.5,-0.3833,8.9983,0.09016,,,6.354,6.957,7.559,8.235,8.998,9.863,10.847,11.972,13.097,wfh-girls-zscore-expanded-tables.xlsx
WFH,F,,,73.6,-0.3833,9.0173,0.09014,,,6.368,6.972,7.575,8.253,9.017,9.884,10.869,11.997,13.124,wfh-girls-zscore-expanded-tables.xlsx
WFH,F,,,73.7,-0.3833,9.0363,0.09013,,,6.382,6.986,7.591,8.27,9.036,9.904,10.892,12.022,13.151,wfh-girls-zscore-expanded-tables.xlsx
WFH,F,,,73.8,-0.3833,9.0552,0.09012,,,6.396,7.001,7.607,8.287,9.055,9.925,10.915,12.046,13.178,wfh-girls-zscore-expanded-tables.xlsx
WFH,F,,,73.9,-0.3833,9.074,0.09011,,,6.409,7.016,7.623,8.305,9.074,9.945,10.937,12.071,13.205,wfh-girls-zscore-expanded-tables.xlsx
WFH,F,,,74,-0.3833,9.0928,0.09009,,,6.423,7.031,7.639,8.322,9.093,9.966,10.959,12.095,13.231,wfh-girls-zscore-expanded-tables.xlsx
WFH,F,,,74.1,-0.3833,9.1116,0.09008,,,6.436,7.046,7.655,8.339,9.112,9.986,10.982,12.12,13.258,wfh-girls-zscore-expanded-tables.xlsx
WFH,F,,,74.2,-0.3833,9.1303,0.09007,,,6.45,7.06,7.671,8.357,9.13,10.007,11.004,12.144,13.284,wfh-girls-zscore-expanded-tables.xlsx
WFH,F,,,74.3,-0.3833,9.149,0.09005,,,6.464,7.075,7.687,8.374,9.149,10.027,11.026,12.168,13.31,wfh-girls-zscore-expanded-tables.xlsx
WFH,F,,,74.4,-0.3833,9.1676,0.09004,,,6.477,7.09,7.702,8.391,9.168,10.047,11.048,12.193,13.337,wfh-girls-zscore-expanded-tables.xlsx
WFH,F,,,74.5,-0.3833,9.1862,0.09003,,,6.49,7.104,7.718,8.408,9.186,10.068,11.07,12.217,13.363,wfh-girls-zscore-expanded-tables.xlsx
WFH,F,,,74.6,-0.3833,9.2048,0.09001,,,6.504,7.119,7.734,8.425,9.205,10.088,11.092,12.241,13.389,wfh-girls-zscore-expanded-tables.xlsx
WFH,F,,,74.7,-0.3833,9.2233,0.09,,,6.517,7.134,7.75,8.442,9.223,10.108,11.114,12.265,13.416,wfh-girls-zscore-expanded-tables.xlsx
WFH,F,,,74.8,-0.3833,9.2418,0.08999,,,6.531,7.148,7.766,8.459,9.242,10.128,11.136,12.289,13.442,wfh-girls-zscore-expanded-tables.xlsx
WFH,F,,,74.9,-0.3833,9.2602,0.08997,,,6.544,7.163,7.781,8.476,9.26,10.148,11.158,12.313,13.467,wfh-girls-zscore-expanded-tables.xlsx
WFH,F,,,75,-0.3833,9.2786,0.08996,,,6.557,7.177,7.797,8.493,9.279,10.168,11.18,12.337,13.494,wfh-girls-zscore-expanded-tables.xlsx
WFH,F,,,75.1,-0.3833,9.297,0.08995,,,6.571,7.192,7.812,8.51,9.297,10.188,11.202,12.361,13.52,wfh-girls-zscore-expanded-tables.xlsx
WFH,F,,,75.2,-0.3833,9.3154,0.08993,,,6.584,7.206,7.828,8.527,9.315,10.208,11.224,12.385,13.545,wfh-girls-zscore-expanded-tables.xlsx
WFH,F,,,75.3,-0.3833,9.3337,0.08992,,,6.597,7.221,7.844,8.544,9.334,10.228,11.246,12.408,13.571,wfh-girls-zscore-expanded-tables.xlsx
WFH,F,,,75.4,-0.3833,9.352,0.08991,,,6.61,7.235,7.859,8.561,9.352,10.248,11.267,12.432,13.597,wfh-girls-zscore-expanded-tables.xlsx
WFH,F,,,75.5,-0.3833,9.3703,0.08989,,,6.624,7.249,7.875,8.578,9.37,10.268,11.289,12.456,13.623,wfh-girls-zscore-expanded-tables.xlsx
WFH,F,,,75.6,-0.3833,9.3886,0.08988,,,6.637,7.264,7.89,8.595,9.389,10.288,11.311,12.48,13.649,wfh-girls-zscore-expanded-tables.xlsx
WFH,F,,,75.7,-0.3833,9.4069,0.08987,,,6.65,7.278,7.906,8.611,9.407,10.308,11.333,12.504,13.675,wfh-girls-zscore-expanded-tables.xlsx
WFH,F,,,75.8,-0.3833,9.4252,0.08985,,,6.664,7.293,7.922,8.628,9.425,10.328,11.354,12.527,13.7,wfh-girls-zscore-expanded-tables.xlsx
WFH,F,,,75.9,-0.3833,9.4435,0.08984,,,6.677,7.307,7.937,8.645,9.444,10.348,11.376,12.551,13.726,wfh-girls-zscore-expanded-tables.xlsx
WFH,F,,,76,-0.3833,9.4617,0.08983,,,6.69,7.321,7.953,8.662,9.462,10.367,11.398,12.575,13.752,wfh-girls-zscore-expanded-tables.xlsx
WFH,F,,,76.1,-0.3833,9.48,0.08981,,,6.703,7.336,7.968,8.679,9.48,10.387,11.419,12.598,13.778,wfh-girls-zscore-expanded-tables.xlsx
WFH,F,,,76.2,-0.3833,9.4983,0.0898,,,6.717,7.35,7.984,8.696,9.498,10.407,11.441,12.622,13.804,wfh-girls-zscore-expanded-tables.xlsx
WFH,F,,,76.3,-0.3833,9.5166,0.08979,,,6.73,7.365,7.999,8.712,9.517,10.427,11.463,12.646,13.83,wfh-girls-zscore-expanded-tables.xlsx
WFH,F,,,76.4,-0.3833,9.535,0.08977,,,6.743,7.379,8.015,8.73,9.535,10.447,11.484,12.67,13.855,wfh-girls-zscore-expanded-tables.xlsx
WFH,F,,,76.5,-0.3833,9.5533,0.08976,,,6.756,7.394,8.031,8.746,9.553,10.467,11.506,12.694,13.881,wfh-girls-zscore-expanded-tables.xlsx
WFH,F,,,76.6,-0.3833,9.5717,0.08975,,,6.77,7.408,8.046,8.763,9.572,10.487,11.528,12.718,13.907,wfh-girls-zscore-expanded-tables.xlsx
WFH,F,,,76.7,-0.3833,9.5901,0.08973,,,6.783,7.423,8.062,8.78,9.59,10.507,11.55,12.741,13.933,wfh-girls-zscore-expanded-tables.xlsx
WFH,F,,,76.8,-0.3833,9.6086,0.08972,,,6.797,7.437,8.078,8.797,9.609,10.527,11.572,12.765,13.959,wfh-girls-zscore-expanded-tables.xlsx
WFH,F,,,76.9,-0.3833,9.6271,0.08971,,,6.81,7.452,8.094,8.814,9.627,10.547,11.594,12.79,13.985,wfh-girls-zscore-expanded-tables.xlsx
WFH,F,,,77,-0.3833,9.6456,0.08969,,,6.824,7.466,8.109,8.831,9.646,10.567,11.616,12.813,14.011,wfh-girls-zscore-expanded-tables.xlsx
WFH,F,,,77.1,-0.3833,9.6642,0.08968,,,6.837,7.481,8.125,8.849,9.664,10.588,11.638,12.838,14.037,wfh-girls-zscore-expanded-tables.xlsx
WFH,F,,,77.2,-0.3833,9.6828,0.08966,,,6.851,7.496,8.141,8.866,9.683,10.608,11.66,12.861,14.063,wfh-girls-zscore-expanded-tables.xlsx
WFH,F,,,77.3,-0.3833,9.7015,0.08965,,,6.864,7.511,8.157,8.883,9.702,10.628,11.682,12.886,14.09,wfh-girls-zscore-expanded-tables.xlsx
WFH,F,,,77.4,-0.3833,9.7202,0.08964,,,6.878,7.525,8.173,8.9,9.72,10.649,11.704,12.91,14.116,wfh-girls-zscore-expanded-tables.xlsx
WFH,F,,,77.5,-0.3833,9.739,0.08963,,,6.891,7.54,8.189,8.917,9.739,10.669,11.727,12.935,14.143,wfh-girls-zscore-expanded-tables.xlsx
WFH,F,,,77.6,-0.3833,9.7578,0.08961,,,6.905,7.555,8.205,8.935,9.758,10.689,11.749,12.959,14.169,wfh-girls-zscore-expanded-tables.xlsx
WFH,F,,,77.7,-0.3833,9.7767,0.0896,,,6.919,7.57,8.221,8.952,9.777,10.71,11.771,12.984,14.196,wfh-girls-zscore-expanded-tables.xlsx
WFH,F,,,77.8,-0.3833,9.7957,0.08959,,,6.932,7.585,8.237,8.97,9.796,10.731,11.794,13.008,14.223,wfh-girls-zscore-expanded-tables.xlsx
WFH,F,,,77.9,-0.3833,9.8147,0.08957,,,6.946,7.6,8.253,8.987,9.815,10.751,11.816,13.033,14.249,wfh-girls-zscore-expanded-tables.xlsx
WFH,F,,,78,-0.3833,9.8338,0.08956,,,6.96,7.615,8.27,9.005,9.834,10.772,11.839,13.058,14.276,wfh-girls-zscore-expanded-tables.xlsx
WFH,F,,,78.1,-0.3833,9.853,0.08955,,,6.974,7.63,8.286,9.023,9.853,10.793,11.862,13.083,14.304,wfh-girls-zscore-expanded-tables.xlsx
WFH,F,,,78.2,-0.3833,9.8722,0.08953,,,6.988,7.645,8.302,9.04,9.872,10.814,11.884,13.107,14.33,wfh-girls-zscore-expanded-tables.xlsx
WFH,F,,,78.3,-0.3833,9.8915,0.08952,,,7.002,7.66,8.319,9.058,9.892,10.835,11.907,13.132,14.358,wfh-girls-zscore-expanded-tables.xlsx
WFH,F,,,78.4,-0.3833,9.9109,0.08951,,,7.016,7.676,8.335,9.076,9.911,10.856,11.93,13.158,14.385,wfh-girls-zscore-expanded-tables.xlsx
WFH,F,,,78.5,-0.3833,9.9303,0.0895,,,7.03,7.691,8.352,9.094,9.93,10.877,11.954,13.183,14.413,wfh-girls-zscore-expanded-tables.xlsx
WFH,F,,,78.6,-0.3833,9.9499,0.08948,,,7.044,7.706,8.368,9.112,9.95,10.898,11.977,13.208,14.44,wfh-girls-zscore-expanded-tables.xlsx
WFH,F,,,78.7,-0.3833,9.9695,0.08947,,,7.058,7.722,8.385,9.13,9.97,10.92,12,13.234,14.468,wfh-girls-zscore-expanded-tables.xlsx
WFH,F,,,78.8,-0.3833,9.9892,0.08946,,,7.073,7.737,8.402,9.148,9.989,10.941,12.023,13.26,14.496,wfh-girls-zscore-expanded-tables.xlsx
WFH,F,,,78.9,-0.3833,10.009,0.08945,,,7.087,7.753,8.419,9.166,10.009,10.963,12.047,13.285,14.524,wfh-girls-zscore-expanded-tables.xlsx
WFH,F,,,79,-0.3833,10.0289,0.08943,,,7.102,7.769,8.436,9.185,10.029,10.984,12.07,13.311,14.551,wfh-girls-zscore-expanded-tables.xlsx
WFH,F,,,79.1,-0.3833,10.0489,0.08942,,,7.116,7.784,8.453,9.203,10.049,11.006,12.094,13.337,14.58,wfh-girls-zscore-expanded-tables.xlsx
WFH,F,,,79.2,-0.3833,10.069,0.08941,,,7.131,7.8,8.47,9.222,10.069,11.028,12.118,13.363,14.608,wfh-girls-zscore-expanded-tables.xlsx
WFH,F,,,79.3,-0.3833,10.0891,0.0894,,,7.145,7.816,8.487,9.24,10.089,11.05,12.142,13.389,14.637,wfh-girls-zscore-expanded-tables.xlsx
WFH,F,,,79.4,-0.3833,10.1094,0.08939,,,7.16,7.832,8.504,9.259,10.109,11.072,12.166,13.416,14.666,wfh-girls-zscore-expanded-tables.xlsx
WFH,F,,,79.5,-0.3833,10.1298,0.08937,,,7.175,7.848,8.522,9.278,10.13,11.094,12.19,13.442,14.694,wfh-girls-zscore-expanded-tables.xlsx
WFH,F,,,79.6,-0.3833,10.1503,0.08936,,,7.189,7.864,8.539,9.297,10.15,11.116,12.215,13.469,14.723,wfh-girls-zscore-expanded-tables.xlsx
WFH,F,,,79.7,-0.3833,10.1709,0.08935,,,7.204,7.88,8.556,9.315,10.171,11.139,12.239,13.496,14.752,wfh-girls-zscore-expanded-tables.xlsx
WFH,F,,,79.8,-0.3833,10.1916,0.08934,,,7.219,7.897,8.574,9.335,10.192,11.161,12.264,13.523,14.782,wfh-girls-zscore-expanded-tables.xlsx
WFH,F,,,79.9,-0.3833,10.2123,0.08933,,,7.234,7.913,8.592,9.354,10.212,11.184,12.289,13.55,14.811,wfh-girls-zscore-expanded-tables.xlsx
WFH,F,,,80,-0.3833,10.2332,0.08932,,,7.249,7.929,8.609,9.373,10.233,11.207,12.313,13.577,14.841,wfh-girls-zscore-expanded-tables.xlsx
WFH,F,,,80.1,-0.3833,10.2542,0.0893,,,7.265,7.946,8.627,9.392,10.254,11.23,12.338,13.604,14.87,wfh-girls-zscore-expanded-tables.xlsx
WFH,F,,,80.2,-0.3833,10.2753,0.08929,,,7.28,7.963,8.645,9.412,10.275,11.253,12.363,13.632,14.9,wfh-girls-zscore-expanded-tables.xlsx
WFH,F,,,80.3,-0.3833,10.2965,0.08928,,,7.295,7.979,8.663,9.431,10.296,11.276,12.388,13.659,14.93,wfh-girls-zscore-expanded-tables.xlsx
WFH,F,,,80.4,-0.3833,10.3178,0.08927,,,7.311,7.996,8.681,9.451,10.318,11.299,12.414,13.687,14.96,wfh-girls-zscore-expanded-tables.xlsx
WFH,F,,,80.5,-0.3833,10.3393,0.08926,,,7.326,8.013,8.7,9.471,10.339,11.322,12.439,13.715,14.991,wfh-girls-zscore-expanded-tables.xlsx
WFH,F,,,80.6,-0.3833,10.3608,0.08925,,,7.342,8.03,8.718,9.49,10.361,11.346,12.465,13.743,15.021,wfh-girls-zscore-expanded-tables.xlsx
WFH,F,,,80.7,-0.3833,10.3824,0.08924,,,7.357,8.047,8.736,9.51,10.382,11.369,12.491,13.771,15.052,wfh-girls-zscore-expanded-tables.xlsx
WFH,F,,,80.8,-0.3833,10.4041,0.08923,,,7.373,8.064,8.755,9.53,10.404,11.393,12.517,13.8,15.083,wfh-girls-zscore-expanded-tables.xlsx
WFH,F,,,80.9,-0.3833,10.4258,0.08922,,,7.388,8.081,8.773,9.55,10.426,11.417,12.542,13.828,15.113,wfh-girls-zscore-expanded-tables.xlsx
WFH,F,,,81,-0.3833,10.4477,0.08921,,,7.404,8.098,8.792,9.57,10.448,11.44,12.569,13.857,15.145,wfh-girls-zscore-expanded-tables.xlsx
WFH,F,,,81.1,-0.3833,10.4697,0.0892,,,7.42,8.115,8.81,9.591,10.47,11.464,12.595,13.885,15.176,wfh-girls-zscore-expanded-tables.xlsx
WFH,F,,,81.2,-0.3833,10.4918,0.08919,,,7.436,8.133,8.829,9.611,10.492,11.488,12.621,13.914,15.207,wfh-girls-zscore-expanded-tables.xlsx
WFH,F,,,81.3,-0.3833,10.514,0.08918,,,7.452,8.15,8.848,9.631,10.514,11.513,12.647,13.943,15.239,wfh-girls-zscore-expanded-tables.xlsx
WFH,F,,,81.4,-0.3833,10.5363,0.08917,,,7.468,8.167,8.867,9.652,10.536,11.537,12.674,13.972,15.27,wfh-girls-zscore-expanded-tables.xlsx
WFH,F,,,81.5,-0.3833,10.5586,0.08916,,,7.484,8.185,8.886,9.672,10.559,11.561,12.701,14.001,15.302,wfh-girls-zscore-expanded-tables.xlsx
WFH,F,,,81.6,-0.3833,10.5811,0.08915,,,7.5,8.203,8.905,9.693,10.581,11.586,12.727,14.031,15.334,wfh-girls-zscore-expanded-tables.xlsx
WFH,F,,,81.7,-0.3833,10.6037,0.08915,,,7.516,8.22,8.924,9.714,10.604,11.611,12.755,14.061,15.367,wfh-girls-zscore-expanded-tables.xlsx
WFH,F,,,81.8,-0.3833,10.6263,0.08914,,,7.533,8.238,8.943,9.735,10.626,11.635,12.781,14.09,15.399,wfh-girls-zscore-expanded-tables.xlsx
WFH,F,,,81.9,-0.3833,10.6491,0.08913,,,7.549,8.256,8.962,9.756,10.649,11.66,12.809,14.12,15.431,wfh-girls-zscore-expanded-tables.xlsx
WFH,F,,,82,-0.3833,10.6719,0.08912,,,7.566,8.274,8.982,9.777,10.672,11.685,12.836,14.15,15.463,wfh-girls-zscore-expanded-tables.xlsx
WFH,F,,,82.1,-0.3833,10.6948,0.08911,,,7.582,8.292,9.001,9.798,10.695,11.71,12.863,14.18,15.496,wfh-girls-zscore-expanded-tables.xlsx
WFH,F,,,82.2,-0.3833,10.7178,0.0891,,,7.599,8.31,9.021,9.819,10.718,11.735,12.89,14.21,15.529,wfh-girls-zscore-expanded-tables.xlsx
WFH,F,,,82.3,-0.3833,10.741,0.0891,,,7.615,8.328,9.04,9.84,10.741,11.76,12.918,14.24,15.562,wfh-girls-zscore-expanded-tables.xlsx
WFH,F,,,82.4,-0.3833,10.7641,0.08909,,,7.632,8.346,9.06,9.861,10.764,11.785,12.946,14.27,15.595,wfh-girls-zscore-expanded-tables.xlsx
WFH,F,,,82.5,-0.3833,10.7874,0.08908,,,7.649,8.364,9.08,9.883,10.787,11.811,12.974,14.301,15.628,wfh-girls-zscore-expanded-tables.xlsx
WFH,F,,,82.6,-0.3833,10.8108,0.08907,,,7.666,8.383,9.1,9.904,10.811,11.836,13.001,14.331,15.661,wfh-girls-zscore-expanded-tables.xlsx
WFH,F,,,82.7,-0.3833,10.8343,0.08907,,,7.682,8.401,9.119,9.926,10.834,11.862,13.03,14.363,15.695,wfh-girls-zscore-expanded-tables.xlsx
WFH,F,,,82.8,-0.3833,10.8578,0.08906,,,7.699,8.419,9.139,9.947,10.858,11.888,13.058,14.393,15.729,wfh-girls-zscore-expanded-tables.xlsx
WFH,F,,,82.9,-0.3833,10.8814,0.08905,,,7.716,8.438,9.159,9.969,10.881,11.913,13.086,14.424,15.762,wfh-girls-zscore-expanded-tables.xlsx
WFH,F,,,83,-0.3833,10.9051,0.08905,,,7.733,8.456,9.179,9.991,10.905,11.939,13.114,14.455,15.797,wfh-girls-zscore-expanded-tables.xlsx
WFH,F,,,83.1,-0.3833,10.9289,0.08904,,,7.75,8.475,9.199,10.013,10.929,11.965,13.143,14.486,15.83,wfh-girls-zscore-expanded-tables.xlsx
WFH,F,,,83.2,-0.3833,10.9527,0.08903,,,7.767,8.493,9.22,10.035,10.953,11.991,13.171,14.518,15.864,wfh-girls-zscore-expanded-tables.xlsx
WFH,F,,,83.3,-0.3833,10.9767,0.08903,,,7.784,8.512,9.24,10.057,10.977,12.017,13.2,14.549,15.899,wfh-girls-zscore-expanded-tables.xlsx
WFH,F,,,83.4,-0.3833,11.0007,0.08902,,,7.802,8.531,9.26,10.079,11.001,12.044,13.228,14.581,15.933,wfh-girls-zscore-expanded-tables.xlsx
WFH,F,,,83.5,-0.3833,11.0248,0.08902,,,7.819,8.55,9.281,10.101,11.025,12.07,13.257,14.613,15.968,wfh-girls-zscore-expanded-tables.xlsx
WFH,F,,,83.6,-0.3833,11.0489,0.08901,,,7.836,8.569,9.301,10.123,11.049,12.096,13.286,14.644,16.002,wfh-girls-zscore-expanded-tables.xlsx
WFH,F,,,83.7,-0.3833,11.0731,0.08901,,,7.853,8.587,9.321,10.145,11.073,12.123,13.315,14.676,16.037,wfh-girls-zscore-expanded-tables.xlsx
WFH,F,,,83.8,-0.3833,11.0974,0.089,,,7.871,8.606,9.342,10.167,11.097,12.149,13.344,14.708,16.072,wfh-girls-zscore-expanded-tables.xlsx
WFH,F,,,83.9,-0.3833,11.1218,0.089,,,7.888,8.625,9.363,10.19,11.122,12.176,13.373,14.74,16.107,wfh-girls-zscore-expanded-tables.xlsx
WFH,F,,,84,-0.3833,11.1462,0.08899,,,7.906,8.644,9.383,10.212,11.146,12.203,13.402,14.772,16.142,wfh-girls-zscore-expanded-tables.xlsx
WFH,F,,,84.1,-0.3833,11.1707,0.08899,,,7.923,8.663,9.404,10.235,11.171,12.229,13.432,14.805,16.177,wfh-girls-zscore-expanded-tables.xlsx
WFH,F,,,84.2,-0.3833,11.1952,0.08899,,,7.94,8.682,9.425,10.257,11.195,12.256,13.461,14.837,16.213,wfh-girls-zscore-expanded-tables.xlsx
WFH,F,,,84.3,-0.3833,11.2198,0.08898,,,7.958,8.702,9.445,10.28,11.22,12.283,13.491,14.869,16.248,wfh-girls-zscore-expanded-tables.xlsx
WFH,F,,,84.4,-0.3833,11.2444,0.08898,,,7.976,8.721,9.466,10.302,11.244,12.31,13.52,14.902,16.283,wfh-girls-zscore-expanded-tables.xlsx
WFH,F,,,84.5,-0.3833,11.2691,0.08897,,,7.993,8.74,9.487,10.325,11.269,12.337,13.55,14.934,16.318,wfh-girls-zscore-expanded-tables.xlsx
WFH,F,,,84.6,-0.3833,11.2939,0.08897,,,8.011,8.76,9.508,10.348,11.294,12.364,13.58,14.967,16.354,wfh-girls-zscore-expanded-tables.xlsx
WFH,F,,,84.7,-0.3833,11.3187,0.08897,,,8.029,8.779,9.529,10.371,11.319,12.391,13.609,15,16.39,wfh-girls-zscore-expanded-tables.xlsx
WFH,F,,,84.8,-0.3833,11.3435,0.08897,,,8.046,8.798,9.55,10.393,11.344,12.418,13.639,15.033,16.426,wfh-girls-zscore-expanded-tables.xlsx
WFH,F,,,84.9,-0.3833,11.3684,0.08896,,,8.064,8.818,9.571,10.416,11.368,12.445,13.669,15.065,16.461,wfh-girls-zscore-expanded-tables.xlsx
WFH,F,,,85,-0.3833,11.3934,0.08896,,,8.082,8.837,9.592,10.439,11.393,12.473,13.699,15.098,16.497,wfh-girls-zscore-expanded-tables.xlsx
WFH,F,,,85.1,-0.3833,11.4183,0.08896,,,8.1,8.856,9.613,10.462,11.418,12.5,13.729,15.131,16.534,wfh-girls-zscore-expanded-tables.xlsx
WFH,F,,,85.2,-0.3833,11.4434,0.08896,,,8.117,8.876,9.634,10.485,11.443,12.527,13.759,15.164,16.57,wfh-girls-zscore-expanded-tables.xlsx
WFH,F,,,85.3,-0.3833,11.4684,0.08895,,,8.135,8.895,9.655,10.508,11.468,12.555,13.789,15.197,16.605,wfh-girls-zscore-expanded-tables.xlsx
WFH,F,,,85.4,-0.3833,11.4935,0.08895,,,8.153,8.915,9.676,10.531,11.494,12.582,13.819,15.23,16.642,wfh-girls-zscore-expanded-tables.xlsx
WFH,F,,,85.5,-0.3833,11.5186,0.08895,,,8.171,8.934,9.697,10.554,11.519,12.61,13.849,15.264,16.678,wfh-girls-zscore-expanded-tables.xlsx
WFH,F,,,85.6,-0.3833,11.5437,0.08895,,,8.189,8.954,9.719,10.577,11.544,12.637,13.879,15.297,16.714,wfh-girls-zscore-expanded-tables.xlsx
WFH,F,,,85.7,-0.3833,11.5689,0.08895,,,8.207,8.973,9.74,10.6,11.569,12.665,13.91,15.33,16.751,wfh-girls-zscore-expanded-tables.xlsx
WFH,F,,,85.8,-0.3833,11.594,0.08895,,,8.225,8.993,9.761,10.623,11.594,12.692,13.94,15.363,16.787,wfh-girls-zscore-expanded-tables.xlsx
WFH,F,,,85.9,-0.3833,11.6192,0.08895,,,8.242,9.012,9.782,10.646,11.619,12.72,13.97,15.397,16.824,wfh-girls-zscore-expanded-tables.xlsx
WFH,F,,,86,-0.3833,11.6444,0.08895,,,8.26,9.032,9.803,10.669,11.644,12.747,14,15.43,16.86,wfh-girls-zscore-expanded-tables.xlsx
WFH,F,,,86.1,-0.3833,11.6696,0.08895,,,8.278,9.051,9.825,10.692,11.67,12.775,14.031,15.464,16.897,wfh-girls-zscore-expanded-tables.xlsx
WFH,F,,,86.2,-0.3833,11.6948,0.08895,,,8.296,9.071,9.846,10.715,11.695,12.803,14.061,15.497,16.933,wfh-girls-zscore-expanded-tables.xlsx
WFH,F,,,86.3,-0.3833,11.7201,0.08895,,,8.314,9.091,9.867,10.739,11.72,12.83,14.091,15.531,16.97,wfh-girls-zscore-expanded-tables.xlsx
WFH,F,,,86.4,-0.3833,11.7453,0.08895,,,8.332,9.11,9.888,10.762,11.745,12.858,14.122,15.564,17.006,wfh-girls-zscore-expanded-tables.xlsx
WFH,F,,,86.5,-0.3833,11.7705,0.08895,,,8.35,9.13,9.91,10.785,11.77,12.885,14.152,15.597,17.043,wfh-girls-zscore-expanded-tables.xlsx
WFH,F,,,86.6,-0.3833,11.7957,0.08895,,,8.368,9.149,9.931,10.808,11.796,12.913,14.182,15.631,17.079,wfh-girls-zscore-expanded-tables.xlsx
WFH,F,,,86.7,-0.3833,11.8209,0.08895,,,8.386,9.169,9.952,10.831,11.821,12.941,14.213,15.664,17.116,wfh-girls-zscore-expanded-tables.xlsx
WFH,F,,,86.8,-0.3833,11.8461,0.08895,,,8.403,9.188,9.973,10.854,11.846,12.968,14.243,15.698,17.152,wfh-girls-zscore-expanded-tables.xlsx
WFH,F,,,86.9,-0.3833,11.8713,0.08896,,,8.421,9.208,9.994,10.877,11.871,12.996,14.273,15.731,17.189,wfh-girls-zscore-expanded-tables.xlsx
WFH,F,,,87,-0.3833,11.8965,0.08896,,,8.439,9.227,10.015,10.9,11.896,13.024,14.304,15.765,17.226,wfh-girls-zscore-expanded-tables.xlsx
WFH,F,,,87.1,-0.3833,11.9217,0.08896,,,8.457,9.247,10.037,10.923,11.922,13.051,14.334,15.798,17.262,wfh-girls-zscore-expanded-tables.xlsx
WFH,F,,,87.2,-0.3833,11.9468,0.08896,,,8.475,9.266,10.058,10.946,11.947,13.079,14.364,15.832,17.299,wfh-girls-zscore-expanded-tables.xlsx
WFH,F,,,87.3,-0.3833,11.972,0.08896,,,8.492,9.286,10.079,10.969,11.972,13.106,14.395,15.865,17.335,wfh-girls-zscore-expanded-tables.xlsx
WFH,F,,,87.4,-0.3833,11.9971,0.08897,,,8.51,9.305,10.1,10.992,11.997,13.134,14.425,15.899,17.372,wfh-girls-zscore-expanded-tables.xlsx
WFH,F,,,87.5,-0.3833,12.0223,0.08897,,,8.528,9.324,10.121,11.015,12.022,13.161,14.455,15.932,17.409,wfh-girls-zscore-expanded-tables.xlsx
WFH,F,,,87.6,-0.3833,12.0474,0.08897,,,8.546,9.344,10.142,11.038,12.047,13.189,14.485,15.965,17.445,wfh-girls-zscore-expanded-tables.xlsx
WFH,F,,,87.7,-0.3833,12.0725,0.08898,,,8.563,9.363,10.163,11.061,12.072,13.216,14.516,15.999,17.482,wfh-girls-zscore-expanded-tables.xlsx
WFH,F,,,87.8,-0.3833,12.0976,0.08898,,,8.581,9.383,10.184,11.084,12.098,13.244,14.546,16.032,17.519,wfh-girls-zscore-expanded-tables.xlsx
WFH,F,,,87.9,-0.3833,12.1227,0.08898,,,8.599,9.402,10.205,11.107,12.123,13.271,14.576,16.066,17.555,wfh-girls-zscore-expanded-tables.xlsx
WFH,F,,,88,-0.3833,12.1478,0.08899,,,8.616,9.421,10.226,11.13,12.148,13.299,14.607,16.099,17.592,wfh-girls-zscore-expanded-tables.xlsx
WFH,F,,,88.1,-0.3833,12.1728,0.08899,,,8.634,9.441,10.247,11.153,12.173,13.326,14.637,16.133,17.628,wfh-girls-zscore-expanded-tables.xlsx
WFH,F,,,88.2,-0.3833,12.1978,0.089,,,8.651,9.46,10.268,11.176,12.198,13.354,14.667,16.166,17.665,wfh-girls-zscore-expanded-tables.xlsx
WFH,F,,,88.3,-0.3833,12.2229,0.089,,,8.669,9.479,10.289,11.199,12.223,13.381,14.697,16.2,17.702,wfh-girls-zscore-expanded-tables.xlsx
WFH,F,,,88.4,-0.3833,12.2479,0.08901,,,8.686,9.498,10.31,11.221,12.248,13.409,14.728,16.233,17.739,wfh-girls-zscore-expanded-tables.xlsx
WFH,F,,,88.5,-0.3833,12.2729,0.08901,,,8.704,9.518,10.331,11.244,12.273,13.436,14.758,16.266,17.775,wfh-girls-zscore-expanded-tables.xlsx
WFH,F,,,88.6,-0.3833,12.2978,0.08902,,,8.722,9.537,10.352,11.267,12.298,13.464,14.788,16.3,17.812,wfh-girls-zscore-expanded-tables.xlsx
WFH,F,,,88.7,-0.3833,12.3228,0.08902,,,8.739,9.556,10.373,11.29,12.323,13.491,14.818,16.333,17.848,wfh-girls-zscore-expanded-tables.xlsx
WFH,F,,,88.8,-0.3833,12.3477,0.08903,,,8.757,9.575,10.394,11.313,12.348,13.518,14.848,16.367,17.885,wfh-girls-zscore-expanded-tables.xlsx
WFH,F,,,88.9,-0.3833,12.3727,0.08903,,,8.774,9.595,10.415,11.336,12.373,13.546,14.879,16.4,17.921,wfh-girls-zscore-expanded-tables.xlsx
WFH,F,,,89,-0.3833,12.3976,0.08904,,,8.792,9.614,10.436,11.358,12.398,13.573,14.909,16.433,17.958,wfh-girls-zscore-expanded-tables.xlsx
WFH,F,,,89.1,-0.3833,12.4225,0.08904,,,8.809,9.633,10.457,11.381,12.422,13.6,14.939,16.466,17.994,wfh-girls-zscore-expanded-tables.xlsx
WFH,F,,,89.2,-0.3833,12.4474,0.08905,,,8.827,9.652,10.477,11.404,12.447,13.628,14.969,16.5,18.031,wfh-girls-zscore-expanded-tables.xlsx
WFH,F,,,89.3,-0.3833,12.4723,0.08906,,,8.844,9.671,10.498,11.427,12.472,13.655,14.999,16.533,18.068,wfh-girls-zscore-expanded-tables.xlsx
WFH,F,,,89.4,-0.3833,12.4971,0.08906,,,8.862,9.69,10.519,11.449,12.497,13.682,15.029,16.566,18.103,wfh-girls-zscore-expanded-tables.xlsx
WFH,F,,,89.5,-0.3833,12.522,0.08907,,,8.879,9.709,10.54,11.472,12.522,13.71,15.059,16.6,18.14,wfh-girls-zscore-expanded-tables.xlsx
WFH,F,,,89.6,-0.3833,12.5468,0.08908,,,8.896,9.728,10.561,11.495,12.547,13.737,15.09,16.633,18.177,wfh-girls-zscore-expanded-tables.xlsx
WFH,F,,,89.7,-0.3833,12.5717,0.08909,,,8.913,9.747,10.581,11.517,12.572,13.765,15.12,16.667,18.214,wfh-girls-zscore-expanded-tables.xlsx
WFH,F,,,89.8,-0.3833,12.5965,0.08909,,,8.931,9.767,10.602,11.54,12.596,13.792,15.15,16.7,18.25,wfh-girls-zscore-expanded-tables.xlsx
WFH,F,,,89.9,-0.3833,12.6213,0.0891,,,8.948,9.786,10.623,11.563,12.621,13.819,15.18,16.733,18.287,wfh-girls-zscore-expanded-tables.xlsx
WFH,F,,,90,-0.3833,12.6461,0.08911,,,8.966,9.805,10.644,11.585,12.646,13.846,15.21,16.767,18.323,wfh-girls-zscore-expanded-tables.xlsx
WFH,F,,,90.1,-0.3833,12.6709,0.08912,,,8.983,9.824,10.664,11.608,12.671,13.874,15.24,16.8,18.36,wfh-girls-zscore-expanded-tables.xlsx
WFH,F,,,90.2,-0.3833,12.6957,0.08912,,,9,9.843,10.685,11.631,12.696,13.901,15.27,16.833,18.396,wfh-girls-zscore-expanded-tables.xlsx
WFH,F,,,90.3,-0.3833,12.7205,0.08913,,,9.018,9.862,10.706,11.653,12.72,13.928,15.3,16.866,18.433,wfh-girls-zscore-expanded-tables.xlsx
WFH,F,,,90.4,-0.3833,12.7453,0.08914,,,9.035,9.881,10.726,11.676,12.745,13.955,15.33,16.9,18.469,wfh-girls-zscore-expanded-tables.xlsx
WFH,F,,,90.5,-0.3833,12.77,0.08915,,,9.052,9.9,10.747,11.698,12.77,13.983,15.36,16.933,18.506,wfh-girls-zscore-expanded-tables.xlsx
WFH,F,,,90.6,-0.3833,12.7948,0.08916,,,9.069,9.918,10.768,11.721,12.795,14.01,15.39,16.967,18.543,wfh-girls-zscore-expanded-tables.xlsx
WFH,F,,,90.7,-0.3833,12.8196,0.08917,,,9.087,9.937,10.788,11.743,12.82,14.037,15.421,17,18.58,wfh-girls-zscore-expanded-tables.xlsx
WFH,F,,,90.8,-0.3833,12.8443,0.08918,,,9.104,9.956,10.809,11.766,12.844,14.064,15.451,17.033,18.616,wfh-girls-zscore-expanded-tables.xlsx
WFH,F,,,90.9,-0.3833,12.8691,0.08919,,,9.121,9.975,10.83,11.789,12.869,14.092,15.481,17.067,18.653,wfh-girls-zscore-expanded-tables.xlsx
WFH,F,,,91,-0.3833,12.8939,0.0892,,,9.138,9.994,10.85,11.811,12.894,14.119,15.511,17.1,18.69,wfh-girls-zscore-expanded-tables.xlsx
WFH,F,,,91.1,-0.3833,12.9186,0.08921,,,9.155,10.013,10.871,11.834,12.919,14.146,15.541,17.134,18.726,wfh-girls-zscore-expanded-tables.xlsx
WFH,F,,,91.2,-0.3833,12.9434,0.08922,,,9.173,10.032,10.892,11.856,12.943,14.173,15.571,17.167,18.763,wfh-girls-zscore-expanded-tables.xlsx
WFH,F,,,91.3,-0.3833,12.9681,0.08923,,,9.19,10.051,10.912,11.879,12.968,14.201,15.601,17.2,18.8,wfh-girls-zscore-expanded-tables.xlsx
WFH,F,,,91.4,-0.3833,12.9929,0.08924,,,9.207,10.07,10.933,11.901,12.993,14.228,15.631,17.234,18.836,wfh-girls-zscore-expanded-tables.xlsx
WFH,F,,,91.5,-0.3833,13.0177,0.08925,,,9.224,10.089,10.953,11.924,13.018,14.255,15.662,17.267,18.873,wfh-girls-zscore-expanded-tables.xlsx
WFH,F,,,91.6,-0.3833,13.0424,0.08926,,,9.241,10.108,10.974,11.947,13.042,14.282,15.692,17.301,18.91,wfh-girls-zscore-expanded-tables.xlsx
WFH,F,,,91.7,-0.3833,13.0672,0.08927,,,9.259,10.127,10.995,11.969,13.067,14.31,15.722,17.334,18.947,wfh-girls-zscore-expanded-tables.xlsx
WFH,F,,,91.8,-0.3833,13.092,0.08928,,,9.276,10.146,11.015,11.992,13.092,14.337,15.752,17.368,18.983,wfh-girls-zscore-expanded-tables.xlsx
WFH,F,,,91.9,-0.3833,13.1167,0.0893,,,9.293,10.164,11.036,12.014,13.117,14.364,15.782,17.402,19.021,wfh-girls-zscore-expanded-tables.xlsx
WFH,F,,,92,-0.3833,13.1415,0.08931,,,9.31,10.183,11.056,12.037,13.142,14.392,15.813,17.435,19.058,wfh-girls-zscore-expanded-tables.xlsx
WFH,F,,,92.1,-0.3833,13.1663,0.08932,,,9.327,10.202,11.077,12.059,13.166,14.419,15.843,17.469,19.094,wfh-girls-zscore-expanded-tables.xlsx
WFH,F,,,92.2,-0.3833,13.1911,0.08933,,,9.344,10.221,11.098,12.082,13.191,14.446,15.873,17.502,19.131,wfh-girls-zscore-expanded-tables.xlsx
WFH,F,,,92.3,-0.3833,13.2158,0.08934,,,9.361,10.24,11.118,12.104,13.216,14.473,15.903,17.535,19.168,wfh-girls-zscore-expanded-tables.xlsx
WFH,F,,,92.4,-0.3833,13.2406,0.08936,,,9.378,10.258,11.139,12.127,13.241,14.501,15.934,17.569,19.205,wfh-girls-zscore-expanded-tables.xlsx
WFH,F,,,92.5,-0.3833,13.2654,0.08937,,,9.396,10.277,11.159,12.149,13.265,14.528,15.964,17.603,19.242,wfh-girls-zscore-expanded-tables.xlsx
WFH,F,,,92.6,-0.3833,13.2902,0.08938,,,9.413,10.296,11.18,12.172,13.29,14.556,15.994,17.636,19.279,wfh-girls-zscore-expanded-tables.xlsx
WFH,F,,,92.7,-0.3833,13.3151,0.0894,,,9.43,10.315,11.201,12.195,13.315,14.583,16.025,17.671,19.317,wfh-girls-zscore-expanded-tables.xlsx
WFH,F,,,92.8,-0.3833,13.3399,0.08941,,,9.447,10.334,11.221,12.217,13.34,14.61,16.055,17.704,19.354,wfh-girls-zscore-expanded-tables.xlsx
WFH,F,,,92.9,-0.3833,13.3647,0.08942,,,9.464,10.353,11.242,12.24,13.365,14.638,16.085,17.738,19.391,wfh-girls-zscore-expanded-tables.xlsx
WFH,F,,,93,-0.3833,13.3896,0.08944,,,9.481,10.372,11.262,12.262,13.39,14.665,16.116,17.772,19.428,wfh-girls-zscore-expanded-tables.xlsx
WFH,F,,,93.1,-0.3833,13.4145,0.08945,,,9.498,10.391,11.283,12.285,13.414,14.693,16.146,17.806,19.465,wfh-girls-zscore-expanded-tables.xlsx
WFH,F,,,93.2,-0.3833,13.4394,0.08947,,,9.515,10.409,11.304,12.308,13.439,14.72,16.177,17.84,19.503,wfh-girls-zscore-expanded-tables.xlsx
WFH,F,,,93.3,-0.3833,13.4643,0.08948,,,9.532,10.428,11.324,12.33,13.464,14.748,16.207,17.873,19.54,wfh-girls-zscore-expanded-tables.xlsx
WFH,F,,,93.4,-0.3833,13.4892,0.08949,,,9.55,10.447,11.345,12.353,13.489,14.775,16.237,17.907,19.577,wfh-girls-zscore-expanded-tables.xlsx
WFH,F,,,93.5,-0.3833,13.5142,0.08951,,,9.567,10.466,11.366,12.376,13.514,14.803,16.268,17.942,19.615,wfh-girls-zscore-expanded-tables.xlsx
WFH,F,,,93.6,-0.3833,13.5391,0.08952,,,9.584,10.485,11.386,12.398,13.539,14.83,16.298,17.975,19.652,wfh-girls-zscore-expanded-tables.xlsx
WFH,F,,,93.7,-0.3833,13.5641,0.08954,,,9.601,10.504,11.407,12.421,13.564,14.858,16.329,18.01,19.69,wfh-girls-zscore-expanded-tables.xlsx
WFH,F,,,93.8,-0.3833,13.5892,0.08955,,,9.618,10.523,11.428,12.444,13.589,14.886,16.36,18.044,19.727,wfh-girls-zscore-expanded-tables.xlsx
WFH,F,,,93.9,-0.3833,13.6142,0.08957,,,9.635,10.542,11.448,12.467,13.614,14.913,16.39,18.078,19.765,wfh-girls-zscore-expanded-tables.xlsx
WFH,F,,,94,-0.3833,13.6393,0.08959,,,9.652,10.561,11.469,12.489,13.639,14.941,16.421,18.112,19.804,wfh-girls-zscore-expanded-tables.xlsx
WFH,F,,,94.1,-0.3833,13.6644,0.0896,,,9.67,10.58,11.49,12.512,13.664,14.969,16.452,18.146,19.841,wfh-girls-zscore-expanded-tables.xlsx
WFH,F,,,94.2,-0.3833,13.6895,0.08962,,,9.687,10.599,11.511,12.535,13.69,14.997,16.483,18.181,19.879,wfh-girls-zscore-expanded-tables.xlsx
WFH,F,,,94.3,-0.3833,13.7146,0.08963,,,9.704,10.618,11.532,12.558,13.715,15.024,16.513,18.215,19.916,wfh-girls-zscore-expanded-tables.xlsx
WFH,F,,,94.4,-0.3833,13.7398,0.08965,,,9.721,10.637,11.552,12.581,13.74,15.052,16.545,18.25,19.955,wfh-girls-zscore-expanded-tables.xlsx
WFH,F,,,94.5,-0.3833,13.765,0.08967,,,9.738,10.656,11.573,12.603,13.765,15.08,16.576,18.284,19.993,wfh-girls-zscore-expanded-tables.xlsx
WFH,F,,,94.6,-0.3833,13.7902,0.08968,,,9.756,10.675,11.594,12.626,13.79,15.108,16.606,18.318,20.03,wfh-girls-zscore-expanded-tables.xlsx
WFH,F,,,94.7,-0.3833,13.8155,0.0897,,,9.773,10.694,11.615,12.649,13.816,15.136,16.637,18.353,20.069,wfh-girls-zscore-expanded-tables.xlsx
WFH,F,,,94.8,-0.3833,13.8408,0.08972,,,9.79,10.713,11.636,12.672,13.841,15.164,16.669,18.388,20.107,wfh-girls-zscore-expanded-tables.xlsx
WFH,F,,,94.9,-0.3833,13.8661,0.08974,,,9.807,10.732,11.657,12.695,13.866,15.192,16.7,18.423,20.146,wfh-girls-zscore-expanded-tables.xlsx
WFH,F,,,95,-0.3833,13.8914,0.08975,,,9.825,10.751,11.678,12.718,13.891,15.22,16.731,18.457,20.184,wfh-girls-zscore-expanded-tables.xlsx
WFH,F,,,95.1,-0.3833,13.9168,0.08977,,,9.842,10.77,11.699,12.741,13.917,15.248,16.762,18.492,20.222,wfh-girls-zscore-expanded-tables.xlsx
WFH,F,,,95.2,-0.3833,13.9422,0.08979,,,9.859,10.789,11.719,12.764,13.942,15.276,16.793,18.527,20.261,wfh-girls-zscore-expanded-tables.xlsx
WFH,F,,,95.3,-0.3833,13.9676,0.08981,,,9.877,10.809,11.74,12.787,13.968,15.304,16.825,18.562,20.3,wfh-girls-zscore-expanded-tables.xlsx
WFH,F,,,95.4,-0.3833,13.9931,0.08983,,,9.894,10.828,11.761,12.81,13.993,15.333,16.856,18.597,20.338,wfh-girls-zscore-expanded-tables.xlsx
WFH,F,,,95.5,-0.3833,14.0186,0.08984,,,9.912,10.847,11.783,12.833,14.019,15.361,16.887,18.632,20.376,wfh-girls-zscore-expanded-tables.xlsx
WFH,F,,,95.6,-0.3833,14.0441,0.08986,,,9.929,10.866,11.804,12.857,14.044,15.389,16.919,18.667,20.415,wfh-girls-zscore-expanded-tables.xlsx
WFH,F,,,95.7,-0.3833,14.0697,0.08988,,,9.946,10.885,11.825,12.88,14.07,15.417,16.95,18.702,20.454,wfh-girls-zscore-expanded-tables.xlsx
WFH,F,,,95.8,-0.3833,14.0953,0.0899,,,9.964,10.905,11.846,12.903,14.095,15.446,16.982,18.737,20.493,wfh-girls-zscore-expanded-tables.xlsx
WFH,F,,,95.9,-0.3833,14.1209,0.08992,,,9.981,10.924,11.867,12.926,14.121,15.474,17.013,18.773,20.532,wfh-girls-zscore-expanded-tables.xlsx
WFH,F,,,96,-0.3833,14.1466,0.08994,,,9.998,10.943,11.888,12.949,14.147,15.502,17.045,18.808,20.571,wfh-girls-zscore-expanded-tables.xlsx
WFH,F,,,96.1,-0.3833,14.1724,0.08996,,,10.016,10.963,11.909,12.973,14.172,15.531,17.077,18.844,20.611,wfh-girls-zscore-expanded-tables.xlsx
WFH,F,,,96.2,-0.3833,14.1981,0.08998,,,10.033,10.982,11.93,12.996,14.198,15.56,17.109,18.879,20.65,wfh-girls-zscore-expanded-tables.xlsx
WFH,F,,,96.3,-0.3833,14.2239,0.09,,,10.051,11.001,11.952,13.019,14.224,15.588,17.14,18.915,20.689,wfh-girls-zscore-expanded-tables.xlsx
WFH,F,,,96.4,-0.3833,14.2498,0.09002,,,10.068,11.021,11.973,13.043,14.25,15.617,17.172,18.95,20.729,wfh-girls-zscore-expanded-tables.xlsx
WFH,F,,,96.5,-0.3833,14.2757,0.09004,,,10.086,11.04,11.994,13.066,14.276,15.646,17.204,18.986,20.768,wfh-girls-zscore-expanded-tables.xlsx
WFH,F,,,96.6,-0.3833,14.3016,0.09006,,,10.103,11.059,12.015,13.09,14.302,15.674,17.236,19.022,20.808,wfh-girls-zscore-expanded-tables.xlsx
WFH,F,,,96.7,-0.3833,14.3276,0.09008,,,10.121,11.079,12.037,13.113,14.328,15.703,17.268,19.058,20.847,wfh-girls-zscore-expanded-tables.xlsx
WFH,F,,,96.8,-0.3833,14.3537,0.0901,,,10.139,11.099,12.058,13.137,14.354,15.732,17.3,19.094,20.887,wfh-girls-zscore-expanded-tables.xlsx
WFH,F,,,96.9,-0.3833,14.3798,0.09012,,,10.156,11.118,12.08,13.161,14.38,15.761,17.333,19.13,20.927,wfh-girls-zscore-expanded-tables.xlsx
WFH,F,,,97,-0.3833,14.4059,0.09015,,,10.174,11.137,12.101,13.184,14.406,15.79,17.365,19.166,20.967,wfh-girls-zscore-expanded-tables.xlsx
WFH,F,,,97.1,-0.3833,14.4321,0.09017,,,10.191,11.157,12.123,13.208,14.432,15.819,17.398,19.203,21.007,wfh-girls-zscore-expanded-tables.xlsx
WFH,F,,,97.2,-0.3833,14.4584,0.09019,,,10.209,11.177,12.144,13.232,14.458,15.848,17.43,19.239,21.048,wfh-girls-zscore-expanded-tables.xlsx
WFH,F,,,97.3,-0.3833,14.4848,0.09021,,,10.227,11.197,12.166,13.256,14.485,15.878,17.463,19.275,21.088,wfh-girls-zscore-expanded-tables.xlsx
WFH,F,,,97.4,-0.3833,14.5112,0.09023,,,10.245,11.216,12.188,13.279,14.511,15.907,17.495,19.312,21.128,wfh-girls-zscore-expanded-tables.xlsx
WFH,F,,,97.5,-0.3833,14.5376,0.09026,,,10.262,11.236,12.209,13.303,14.538,15.936,17.528,19.349,21.169,wfh-girls-zscore-expanded-tables.xlsx
WFH,F,,,97.6,-0.3833,14.5642,0.09028,,,10.28,11.256,12.231,13.327,14.564,15.966,17.561,19.385,21.21,wfh-girls-zscore-expanded-tables.xlsx
WFH,F,,,97.7,-0.3833,14.5908,0.0903,,,10.298,11.276,12.253,13.351,14.591,15.995,17.594,19.422,21.25,wfh-girls-zscore-expanded-tables.xlsx
WFH,F,,,97.8,-0.3833,14.6174,0.09033,,,10.316,11.295,12.275,13.375,14.617,16.025,17.627,19.459,21.292,wfh-girls-zscore-expanded-tables.xlsx
WFH,F,,,97.9,-0.3833,14.6442,0.09035,,,10.334,11.315,12.297,13.4,14.644,16.055,17.66,19.496,21.333,wfh-girls-zscore-expanded-tables.xlsx
WFH,F,,,98,-0.3833,14.671,0.09037,,,10.352,11.336,12.319,13.424,14.671,16.084,17.693,19.533,21.374,wfh-girls-zscore-expanded-tables.xlsx
WFH,F,,,98.1,-0.3833,14.6979,0.0904,,,10.37,11.355,12.341,13.448,14.698,16.114,17.727,19.571,21.416,wfh-girls-zscore-expanded-tables.xlsx
WFH,F,,,98.2,-0.3833,14.7248,0.09042,,,10.388,11.376,12.363,13.472,14.725,16.144,17.76,19.608,21.457,wfh-girls-zscore-expanded-tables.xlsx
WFH,F,,,98.3,-0.3833,14.7519,0.09044,,,10.407,11.396,12.385,13.497,14.752,16.174,17.793,19.646,21.498,wfh-girls-zscore-expanded-tables.xlsx
WFH,F,,,98.4,-0.3833,14.779,0.09047,,,10.425,11.416,12.407,13.521,14.779,16.204,17.827,19.684,21.54,wfh-girls-zscore-expanded-tables.xlsx
WFH,F,,,98.5,-0.3833,14.8062,0.09049,,,10.443,11.436,12.429,13.546,14.806,16.235,17.861,19.721,21.582,wfh-girls-zscore-expanded-tables.xlsx
WFH,F,,,98.6,-0.3833,14.8334,0.09052,,,10.461,11.456,12.452,13.57,14.833,16.265,17.895,19.76,21.624,wfh-girls-zscore-expanded-tables.xlsx
WFH,F,,,98.7,-0.3833,14.8608,0.09054,,,10.48,11.477,12.474,13.595,14.861,16.295,17.929,19.797,21.666,wfh-girls-zscore-expanded-tables.xlsx
WFH,F,,,98.8,-0.3833,14.8882,0.09057,,,10.498,11.497,12.496,13.62,14.888,16.326,17.963,19.836,21.709,wfh-girls-zscore-expanded-tables.xlsx
WFH,F,,,98.9,-0.3833,14.9157,0.09059,,,10.516,11.518,12.519,13.645,14.916,16.356,17.997,19.874,21.751,wfh-girls-zscore-expanded-tables.xlsx
WFH,F,,,99,-0.3833,14.9434,0.09062,,,10.535,11.538,12.542,13.67,14.943,16.387,18.031,19.913,21.794,wfh-girls-zscore-expanded-tables.xlsx
WFH,F,,,99.1,-0.3833,14.9711,0.09064,,,10.554,11.559,12.564,13.695,14.971,16.418,18.066,19.951,21.837,wfh-girls-zscore-expanded-tables.xlsx
WFH,F,,,99.2,-0.3833,14.9989,0.09067,,,10.572,11.579,12.587,13.72,14.999,16.449,18.1,19.99,21.88,wfh-girls-zscore-expanded-tables.xlsx
WFH,F,,,99.3,-0.3833,15.0267,0.09069,,,10.591,11.6,12.61,13.745,15.027,16.48,18.135,20.028,21.922,wfh-girls-zscore-expanded-tables.xlsx
WFH,F,,,99.4,-0.3833,15.0547,0.09072,,,10.609,11.621,12.633,13.77,15.055,16.511,18.17,20.068,21.966,wfh-girls-zscore-expanded-tables.xlsx
WFH,F,,,99.5,-0.3833,15.0828,0.09075,,,10.628,11.642,12.655,13.796,15.083,16.542,18.205,20.107,22.01,wfh-girls-zscore-expanded-tables.xlsx
WFH,F,,,99.6,-0.3833,15.1109,0.09077,,,10.647,11.663,12.679,13.821,15.111,16.573,18.239,20.146,22.053,wfh-girls-zscore-expanded-tables.xlsx
WFH,F,,,99.7,-0.3833,15.1392,0.0908,,,10.666,11.684,12.702,13.846,15.139,16.605,18.275,20.186,22.097,wfh-girls-zscore-expanded-tables.xlsx
WFH,F,,,99.8,-0.3833,15.1676,0.09083,,,10.684,11.705,12.725,13.872,15.168,16.637,18.31,20.226,22.141,wfh-girls-zscore-expanded-tables.xlsx
WFH,F,,,99.9,-0.3833,15.196,0.09085,,,10.704,11.726,12.748,13.898,15.196,16.668,18.345,20.265,22.185,wfh-girls-zscore-expanded-tables.xlsx
WFH,F,,,100,-0.3833,15.2246,0.09088,,,10.723,11.747,12.771,13.924,15.225,16.7,18.381,20.305,22.229,wfh-girls-zscore-expanded-tables.xlsx
WFH,F,,,100.1,-0.3833,15.2532,0.09091,,,10.742,11.768,12.795,13.949,15.253,16.732,18.417,20.345,22.274,wfh-girls-zscore-expanded-tables.xlsx
WFH,F,,,100.2,-0.3833,15.2819,0.09093,,,10.761,11.79,12.818,13.975,15.282,16.764,18.452,20.385,22.318,wfh-girls-zscore-expanded-tables.xlsx
WFH,F,,,100.3,-0.3833,15.3108,0.09096,,,10.78,11.811,12.842,14.001,15.311,16.796,18.488,20.426,22.363,wfh-girls-zscore-expanded-tables.xlsx
WFH,F,,,100.4,-0.3833,15.3397,0.09099,,,10.799,11.832,12.865,14.027,15.34,16.828,18.524,20.466,22.408,wfh-girls-zscore-expanded-tables.xlsx
WFH,F,,,100.5,-0.3833,15.3687,0.09102,,,10.818,11.854,12.889,14.053,15.369,16.861,18.561,20.507,22.453,wfh-girls-zscore-expanded-tables.xlsx
WFH,F,,,100.6,-0.3833,15.3979,0.09105,,,10.838,11.875,12.913,14.08,15.398,16.893,18.597,20.548,22.499,wfh-girls-zscore-expanded-tables.xlsx
WFH,F,,,100.7,-0.3833,15.4271,0.09107,,,10.858,11.897,12.937,14.106,15.427,16.926,18.633,20.588,22.544,wfh-girls-zscore-expanded-tables.xlsx
WFH,F,,,100.8,-0.3833,15.4564,0.0911,,,10.877,11.919,12.96,14.133,15.456,16.958,18.67,20.63,22.589,wfh-girls-zscore-expanded-tables.xlsx
WFH,F,,,100.9,-0.3833,15.4858,0.09113,,,10.896,11.94,12.984,14.159,15.486,16.991,18.706,20.671,22.635,wfh-girls-zscore-expanded-tables.xlsx
WFH,F,,,101,-0.3833,15.5154,0.09116,,,10.916,11.962,13.008,14.186,15.515,17.024,18.743,20.712,22.682,wfh-girls-zscore-expanded-tables.xlsx
WFH,F,,,101.1,-0.3833,15.545,0.09119,,,10.936,11.984,13.033,14.212,15.545,17.057,18.78,20.754,22.728,wfh-girls-zscore-expanded-tables.xlsx
WFH,F,,,101.2,-0.3833,15.5747,0.09122,,,10.955,12.006,13.057,14.239,15.575,17.09,18.817,20.796,22.774,wfh-girls-zscore-expanded-tables.xlsx
WFH,F,,,101.3,-0.3833,15.6046,0.09125,,,10.975,12.028,13.081,14.266,15.605,17.123,18.855,20.838,22.821,wfh-girls-zscore-expanded-tables.xlsx
WFH,F,,,101.4,-0.3833,15.6345,0.09128,,,10.995,12.05,13.105,14.293,15.634,17.157,18.892,20.88,22.868,wfh-girls-zscore-expanded-tables.xlsx
WFH,F,,,101.5,-0.3833,15.6646,0.09131,,,11.015,12.072,13.13,14.32,15.665,17.19,18.93,20.922,22.915,wfh-girls-zscore-expanded-tables.xlsx
WFH,F,,,101.6,-0.3833,15.6947,0.09133,,,11.035,12.095,13.155,14.347,15.695,17.224,18.967,20.964,22.961,wfh-girls-zscore-expanded-tables.xlsx
WFH,F,,,101.7,-0.3833,15.725,0.09136,,,11.055,12.117,13.179,14.374,15.725,17.258,19.005,21.006,23.008,wfh-girls-zscore-expanded-tables.xlsx
WFH,F,,,101.8,-0.3833,15.7553,0.09139,,,11.075,12.14,13.204,14.402,15.755,17.291,19.043,21.049,23.055,wfh-girls-zscore-expanded-tables.xlsx
WFH,F,,,101.9,-0.3833,15.7858,0.09142,,,11.096,12.162,13.229,14.429,15.786,17.325,19.081,21.092,23.103,wfh-girls-zscore-expanded-tables.xlsx
WFH,F,,,102,-0.3833,15.8164,0.09146,,,11.115,12.184,13.253,14.457,15.816,17.36,19.119,21.136,23.152,wfh-girls-zscore-expanded-tables.xlsx
WFH,F,,,102.1,-0.3833,15.847,0.09149,,,11.136,12.207,13.278,14.484,15.847,17.394,19.157,21.179,23.2,wfh-girls-zscore-expanded-tables.xlsx
WFH,F,,,102.2,-0.3833,15.8778,0.09152,,,11.156,12.23,13.303,14.512,15.878,17.428,19.196,21.222,23.248,wfh-girls-zscore-expanded-tables.xlsx
WFH,F,,,102.3,-0.3833,15.9087,0.09155,,,11.177,12.253,13.329,14.54,15.909,17.463,19.235,21.265,23.296,wfh-girls-zscore-expanded-tables.xlsx
WFH,F,,,102.4,-0.3833,15.9396,0.09158,,,11.197,12.275,13.354,14.568,15.94,17.497,19.273,21.309,23.344,wfh-girls-zscore-expanded-tables.xlsx
WFH,F,,,102.5,-0.3833,15.9707,0.09161,,,11.218,12.298,13.379,14.596,15.971,17.532,19.312,21.352,23.393,wfh-girls-zscore-expanded-tables.xlsx
WFH,F,,,102.6,-0.3833,16.0019,0.09164,,,11.238,12.321,13.404,14.624,16.002,17.567,19.351,21.396,23.442,wfh-girls-zscore-expanded-tables.xlsx
WFH,F,,,102.7,-0.3833,16.0332,0.09167,,,11.259,12.344,13.43,14.652,16.033,17.601,19.39,21.44,23.491,wfh-girls-zscore-expanded-tables.xlsx
WFH,F,,,102.8,-0.3833,16.0645,0.0917,,,11.28,12.367,13.455,14.68,16.064,17.636,19.429,21.484,23.539,wfh-girls-zscore-expanded-tables.xlsx
WFH,F,,,102.9,-0.3833,16.096,0.09173,,,11.301,12.391,13.481,14.708,16.096,17.671,19.469,21.529,23.589,wfh-girls-zscore-expanded-tables.xlsx
WFH,F,,,103,-0.3833,16.1276,0.09177,,,11.321,12.414,13.506,14.737,16.128,17.707,19.508,21.574,23.639,wfh-girls-zscore-expanded-tables.xlsx
WFH,F,,,103.1,-0.3833,16.1593,0.0918,,,11.342,12.437,13.532,14.765,16.159,17.742,19.548,21.618,23.689,wfh-girls-zscore-expanded-tables.xlsx
WFH,F,,,103.2,-0.3833,16.191,0.09183,,,11.363,12.46,13.558,14.794,16.191,17.778,19.588,21.663,23.738,wfh-girls-zscore-expanded-tables.xlsx
WFH,F,,,103.3,-0.3833,16.2229,0.09186,,,11.384,12.484,13.584,14.822,16.223,17.813,19.628,21.708,23.788,wfh-girls-zscore-expanded-tables.xlsx
WFH,F,,,103.4,-0.3833,16.2549,0.0919,,,11.405,12.507,13.61,14.851,16.255,17.849,19.668,21.754,23.839,wfh-girls-zscore-expanded-tables.xlsx
WFH,F,,,103.5,-0.3833,16.287,0.09193,,,11.426,12.531,13.636,14.88,16.287,17.885,19.708,21.799,23.889,wfh-girls-zscore-expanded-tables.xlsx
WFH,F,,,103.6,-0.3833,16.3191,0.09196,,,11.447,12.555,13.662,14.909,16.319,17.921,19.748,21.844,23.94,wfh-girls-zscore-expanded-tables.xlsx
WFH,F,,,103.7,-0.3833,16.3514,0.09199,,,11.469,12.578,13.688,14.938,16.351,17.957,19.789,21.889,23.99,wfh-girls-zscore-expanded-tables.xlsx
WFH,F,,,103.8,-0.3833,16.3837,0.09203,,,11.49,12.602,13.714,14.967,16.384,17.993,19.829,21.935,24.042,wfh-girls-zscore-expanded-tables.xlsx
WFH,F,,,103.9,-0.3833,16.4162,0.09206,,,11.511,12.626,13.741,14.996,16.416,18.029,19.87,21.981,24.092,wfh-girls-zscore-expanded-tables.xlsx
WFH,F,,,104,-0.3833,16.4488,0.09209,,,11.533,12.65,13.767,15.026,16.449,18.066,19.911,22.027,24.143,wfh-girls-zscore-expanded-tables.xlsx
WFH,F,,,104.1,-0.3833,16.4814,0.09213,,,11.554,12.674,13.793,15.055,16.481,18.102,19.952,22.074,24.196,wfh-girls-zscore-expanded-tables.xlsx
WFH,F,,,104.2,-0.3833,16.5142,0.09216,,,11.576,12.698,13.82,15.084,16.514,18.139,19.993,22.12,24.247,wfh-girls-zscore-expanded-tables.xlsx
WFH,F,,,104.3,-0.3833,16.547,0.09219,,,11.597,12.722,13.847,15.114,16.547,18.175,20.034,22.166,24.298,wfh-girls-zscore-expanded-tables.xlsx
WFH,F,,,104.4,-0.3833,16.58,0.09223,,,11.619,12.746,13.873,15.143,16.58,18.212,20.076,22.213,24.351,wfh-girls-zscore-expanded-tables.xlsx
WFH,F,,,104.5,-0.3833,16.6131,0.09226,,,11.641,12.77,13.9,15.173,16.613,18.249,20.117,22.26,24.403,wfh-girls-zscore-expanded-tables.xlsx
WFH,F,,,104.6,-0.3833,16.6462,0.09229,,,11.663,12.795,13.927,15.203,16.646,18.286,20.158,22.306,24.454,wfh-girls-zscore-expanded-tables.xlsx
WFH,F,,,104.7,-0.3833,16.6795,0.09233,,,11.684,12.819,13.954,15.233,16.68,18.323,20.2,22.354,24.508,wfh-girls-zscore-expanded-tables.xlsx
WFH,F,,,104.8,-0.3833,16.7129,0.09236,,,11.706,12.844,13.981,15.263,16.713,18.361,20.242,22.401,24.56,wfh-girls-zscore-expanded-tables.xlsx
WFH,F,,,104.9,-0.3833,16.7464,0.0924,,,11.728,12.868,14.008,15.293,16.746,18.398,20.284,22.449,24.613,wfh-girls-zscore-expanded-tables.xlsx
WFH,F,,,105,-0.3833,16.78,0.09243,,,11.75,12.893,14.035,15.323,16.78,18.436,20.326,22.496,24.666,wfh-girls-zscore-expanded-tables.xlsx
WFH,F,,,105.1,-0.3833,16.8137,0.09247,,,11.772,12.917,14.063,15.353,16.814,18.474,20.369,22.544,24.72,wfh-girls-zscore-expanded-tables.xlsx
WFH,F,,,105.2,-0.3833,16.8475,0.0925,,,11.794,12.942,14.09,15.384,16.848,18.511,20.411,22.592,24.773,wfh-girls-zscore-expanded-tables.xlsx
WFH,F,,,105.3,-0.3833,16.8814,0.09254,,,11.816,12.967,14.117,15.414,16.881,18.549,20.454,22.641,24.827,wfh-girls-zscore-expanded-tables.xlsx
WFH,F,,,105.4,-0.3833,16.9154,0.09257,,,11.839,12.992,14.145,15.445,16.915,18.587,20.497,22.688,24.88,wfh-girls-zscore-expanded-tables.xlsx
WFH,F,,,105.5,-0.3833,16.9496,0.09261,,,11.861,13.017,14.173,15.475,16.95,18.626,20.54,22.737,24.935,wfh-girls-zscore-expanded-tables.xlsx
WFH,F,,,105.6,-0.3833,16.9838,0.09264,,,11.884,13.042,14.2,15.506,16.984,18.664,20.583,22.786,24.988,wfh-girls-zscore-expanded-tables.xlsx
WFH,F,,,105.7,-0.3833,17.0182,0.09268,,,11.906,13.067,14.228,15.537,17.018,18.702,20.626,22.835,25.043,wfh-girls-zscore-expanded-tables.xlsx
WFH,F,,,105.8,-0.3833,17.0527,0.09271,,,11.929,13.092,14.256,15.568,17.053,18.741,20.669,22.883,25.097,wfh-girls-zscore-expanded-tables.xlsx
WFH,F,,,105.9,-0.3833,17.0873,0.09275,,,11.951,13.117,14.284,15.599,17.087,18.78,20.713,22.933,25.153,wfh-girls-zscore-expanded-tables.xlsx
WFH,F,,,106,-0.3833,17.122,0.09278,,,11.974,13.143,14.312,15.63,17.122,18.818,20.756,22.982,25.207,wfh-girls-zscore-expanded-tables.xlsx
WFH,F,,,106.1,-0.3833,17.1569,0.09282,,,11.997,13.168,14.34,15.661,17.157,18.858,20.8,23.032,25.263,wfh-girls-zscore-expanded-tables.xlsx
WFH,F,,,106.2,-0.3833,17.1918,0.09286,,,12.019,13.194,14.368,15.693,17.192,18.897,20.845,23.082,25.319,wfh-girls-zscore-expanded-tables.xlsx
WFH,F,,,106.3,-0.3833,17.2269,0.09289,,,12.042,13.22,14.397,15.724,17.227,18.936,20.888,23.131,25.374,wfh-girls-zscore-expanded-tables.xlsx
WFH,F,,,106.4,-0.3833,17.262,0.09293,,,12.065,13.245,14.425,15.756,17.262,18.975,20.933,23.181,25.43,wfh-girls-zscore-expanded-tables.xlsx
WFH,F,,,106.5,-0.3833,17.2973,0.09296,,,12.089,13.271,14.454,15.787,17.297,19.015,20.977,23.231,25.485,wfh-girls-zscore-expanded-tables.xlsx
WFH,F,,,106.6,-0.3833,17.3327,0.093,,,12.111,13.297,14.482,15.819,17.333,19.054,21.022,23.282,25.542,wfh-girls-zscore-expanded-tables.xlsx
WFH,F,,,106.7,-0.3833,17.3683,0.09304,,,12.135,13.323,14.511,15.851,17.368,19.094,21.067,23.333,25.599,wfh-girls-zscore-expanded-tables.xlsx
WFH,F,,,106.8,-0.3833,17.4039,0.09307,,,12.158,13.349,14.54,15.883,17.404,19.134,21.111,23.383,25.654,wfh-girls-zscore-expanded-tables.xlsx
WFH,F,,,106.9,-0.3833,17.4397,0.09311,,,12.181,13.375,14.569,15.915,17.44,19.174,21.157,23.434,25.712,wfh-girls-zscore-expanded-tables.xlsx
WFH,F,,,107,-0.3833,17.4755,0.09315,,,12.204,13.401,14.598,15.947,17.476,19.214,21.202,23.485,25.769,wfh-girls-zscore-expanded-tables.xlsx
WFH,F,,,107.1,-0.3833,17.5115,0.09318,,,12.228,13.427,14.627,15.979,17.512,19.254,21.247,23.536,25.825,wfh-girls-zscore-expanded-tables.xlsx
WFH,F,,,107.2,-0.3833,17.5476,0.09322,,,12.252,13.454,14.656,16.012,17.548,19.295,21.292,23.588,25.883,wfh-girls-zscore-expanded-tables.xlsx
WFH,F,,,107.3,-0.3833,17.5839,0.09326,,,12.275,13.48,14.685,16.044,17.584,19.336,21.338,23.64,25.941,wfh-girls-zscore-expanded-tables.xlsx
WFH,F,,,107.4,-0.3833,17.6202,0.09329,,,12.299,13.507,14.715,16.077,17.62,19.376,21.384,23.691,25.998,wfh-girls-zscore-expanded-tables.xlsx
WFH,F,,,107.5,-0.3833,17.6567,0.09333,,,12.323,13.533,14.744,16.11,17.657,19.417,21.43,23.743,26.057,wfh-girls-zscore-expanded-tables.xlsx
WFH,F,,,107.6,-0.3833,17.6932,0.09337,,,12.346,13.56,14.773,16.142,17.693,19.458,21.476,23.796,26.115,wfh-girls-zscore-expanded-tables.xlsx
WFH,F,,,107.7,-0.3833,17.7299,0.09341,,,12.37,13.586,14.803,16.175,17.73,19.499,21.523,23.848,26.174,wfh-girls-zscore-expanded-tables.xlsx
WFH,F,,,107.8,-0.3833,17.7668,0.09344,,,12.394,13.614,14.833,16.208,17.767,19.54,21.569,23.9,26.232,wfh-girls-zscore-expanded-tables.xlsx
WFH,F,,,107.9,-0.3833,17.8037,0.09348,,,12.418,13.64,14.863,16.241,17.804,19.582,21.615,23.953,26.291,wfh-girls-zscore-expanded-tables.xlsx
WFH,F,,,108,-0.3833,17.8407,0.09352,,,12.442,13.667,14.892,16.275,17.841,19.623,21.662,24.006,26.35,wfh-girls-zscore-expanded-tables.xlsx
WFH,F,,,108.1,-0.3833,17.8779,0.09356,,,12.466,13.694,14.922,16.308,17.878,19.665,21.709,24.059,26.409,wfh-girls-zscore-expanded-tables.xlsx
WFH,F,,,108.2,-0.3833,17.9152,0.09359,,,12.491,13.722,14.953,16.341,17.915,19.707,21.756,24.112,26.468,wfh-girls-zscore-expanded-tables.xlsx
WFH,F,,,108.3,-0.3833,17.9526,0.09363,,,12.515,13.749,14.983,16.375,17.953,19.749,21.803,24.166,26.528,wfh-girls-zscore-expanded-tables.xlsx
WFH,F,,,108.4,-0.3833,17.9901,0.09367,,,12.54,13.776,15.013,16.408,17.99,19.791,21.851,24.219,26.588,wfh-girls-zscore-expanded-tables.xlsx
WFH,F,,,108.5,-0.3833,18.0277,0.09371,,,12.564,13.803,15.043,16.442,18.028,19.833,21.898,24.273,26.648,wfh-girls-zscore-expanded-tables.xlsx
WFH,F,,,108.6,-0.3833,18.0654,0.09375,,,12.588,13.831,15.073,16.476,18.065,19.875,21.946,24.327,26.709,wfh-girls-zscore-expanded-tables.xlsx
WFH,F,,,108.7,-0.3833,18.1033,0.09378,,,12.613,13.859,15.104,16.51,18.103,19.918,21.993,24.381,26.768,wfh-girls-zscore-expanded-tables.xlsx
WFH,F,,,108.8,-0.3833,18.1412,0.09382,,,12.638,13.886,15.135,16.544,18.141,19.96,22.041,24.435,26.829,wfh-girls-zscore-expanded-tables.xlsx
WFH,F,,,108.9,-0.3833,18.1792,0.09386,,,12.662,13.914,15.165,16.578,18.179,20.003,22.089,24.489,26.89,wfh-girls-zscore-expanded-tables.xlsx
WFH,F,,,109,-0.3833,18.2174,0.0939,,,12.687,13.942,15.196,16.612,18.217,20.046,22.138,24.544,26.951,wfh-girls-zscore-expanded-tables.xlsx
WFH,F,,,109.1,-0.3833,18.2556,0.09394,,,12.712,13.969,15.227,16.646,18.256,20.088,22.186,24.599,27.012,wfh-girls-zscore-expanded-tables.xlsx
WFH,F,,,109.2,-0.3833,18.294,0.09397,,,12.737,13.998,15.258,16.681,18.294,20.131,22.234,24.653,27.072,wfh-girls-zscore-expanded-tables.xlsx
WFH,F,,,109.3,-0.3833,18.3324,0.09401,,,12.762,14.025,15.289,16.715,18.332,20.174,22.283,24.708,27.134,wfh-girls-zscore-expanded-tables.xlsx
WFH,F,,,109.4,-0.3833,18.371,0.09405,,,12.787,14.053,15.32,16.75,18.371,20.218,22.332,24.764,27.196,wfh-girls-zscore-expanded-tables.xlsx
WFH,F,,,109.5,-0.3833,18.4096,0.09409,,,12.812,14.081,15.351,16.784,18.41,20.261,22.38,24.819,27.258,wfh-girls-zscore-expanded-tables.xlsx
WFH,F,,,109.6,-0.3833,18.4484,0.09413,,,12.837,14.11,15.382,16.819,18.448,20.305,22.429,24.875,27.32,wfh-girls-zscore-expanded-tables.xlsx
WFH,F,,,109.7,-0.3833,18.4872,0.09417,,,12.862,14.138,15.413,16.854,18.487,20.348,22.479,24.93,27.382,wfh-girls-zscore-expanded-tables.xlsx
WFH,F,,,109.8,-0.3833,18.5262,0.09421,,,12.887,14.166,15.445,16.889,18.526,20.392,22.528,24.986,27.445,wfh-girls-zscore-expanded-tables.xlsx
WFH,F,,,109.9,-0.3833,18.5652,0.09424,,,12.913,14.195,15.476,16.924,18.565,20.435,22.577,25.041,27.506,wfh-girls-zscore-expanded-tables.xlsx
WFH,F,,,110,-0.3833,18.6043,0.09428,,,12.938,14.223,15.508,16.959,18.604,20.479,22.626,25.098,27.569,wfh-girls-zscore-expanded-tables.xlsx
WFH,F,,,110.1,-0.3833,18.6436,0.09432,,,12.964,14.251,15.539,16.994,18.644,20.523,22.676,25.154,27.632,wfh-girls-zscore-expanded-tables.xlsx
WFH,F,,,110.2,-0.3833,18.6829,0.09436,,,12.989,14.28,15.571,17.029,18.683,20.568,22.726,25.21,27.695,wfh-girls-zscore-expanded-tables.xlsx
WFH,F,,,110.3,-0.3833,18.7223,0.0944,,,13.015,14.309,15.603,17.064,18.722,20.612,22.776,25.267,27.758,wfh-girls-zscore-expanded-tables.xlsx
WFH,F,,,110.4,-0.3833,18.7618,0.09444,,,13.04,14.337,15.634,17.1,18.762,20.656,22.826,25.324,27.822,wfh-girls-zscore-expanded-tables.xlsx
WFH,F,,,110.5,-0.3833,18.8015,0.09448,,,13.066,14.366,15.666,17.135,18.802,20.701,22.876,25.381,27.885,wfh-girls-zscore-expanded-tables.xlsx
WFH,F,,,110.6,-0.3833,18.8412,0.09452,,,13.091,14.395,15.698,17.171,18.841,20.745,22.926,25.438,27.949,wfh-girls-zscore-expanded-tables.xlsx
WFH,F,,,110.7,-0.3833,18.8809,0.09456,,,13.117,14.424,15.73,17.206,18.881,20.79,22.977,25.495,28.013,wfh-girls-zscore-expanded-tables.xlsx
WFH,F,,,110.8,-0.3833,18.9208,0.0946,,,13.143,14.452,15.762,17.242,18.921,20.835,23.027,25.552,28.077,wfh-girls-zscore-expanded-tables.xlsx
WFH,F,,,110.9,-0.3833,18.9608,0.09464,,,13.169,14.481,15.794,17.278,18.961,20.88,23.078,25.61,28.141,wfh-girls-zscore-expanded-tables.xlsx
WFH,F,,,111,-0.3833,19.0009,0.09467,,,13.195,14.511,15.827,17.314,19.001,20.924,23.128,25.666,28.204,wfh-girls-zscore-expanded-tables.xlsx
WFH,F,,,111.1,-0.3833,19.041,0.09471,,,13.221,14.54,15.859,17.349,19.041,20.969,23.179,25.724,28.269,wfh-girls-zscore-expanded-tables.xlsx
WFH,F,,,111.2,-0.3833,19.0812,0.09475,,,13.247,14.569,15.891,17.385,19.081,21.015,23.23,25.782,28.333,wfh-girls-zscore-expanded-tables.xlsx
WFH,F,,,111.3,-0.3833,19.1215,0.09479,,,13.273,14.598,15.924,17.421,19.122,21.06,23.281,25.84,28.398,wfh-girls-zscore-expanded-tables.xlsx
WFH,F,,,111.4,-0.3833,19.1619,0.09483,,,13.299,14.627,15.956,17.458,19.162,21.105,23.332,25.898,28.463,wfh-girls-zscore-expanded-tables.xlsx
WFH,F,,,111.5,-0.3833,19.2024,0.09487,,,13.325,14.657,15.989,17.494,19.202,21.151,23.383,25.956,28.528,wfh-girls-zscore-expanded-tables.xlsx
WFH,F,,,111.6,-0.3833,19.243,0.09491,,,13.351,14.686,16.021,17.53,19.243,21.196,23.435,26.014,28.594,wfh-girls-zscore-expanded-tables.xlsx
WFH,F,,,111.7,-0.3833,19.2836,0.09495,,,13.377,14.716,16.054,17.566,19.284,21.242,23.486,26.073,28.659,wfh-girls-zscore-expanded-tables.xlsx
WFH,F,,,111.8,-0.3833,19.3243,0.09499,,,13.404,14.745,16.087,17.603,19.324,21.288,23.538,26.131,28.725,wfh-girls-zscore-expanded-tables.xlsx
WFH,F,,,111.9,-0.3833,19.3651,0.09503,,,13.43,14.775,16.119,17.639,19.365,21.333,23.59,26.19,28.79,wfh-girls-zscore-expanded-tables.xlsx
WFH,F,,,112,-0.3833,19.406,0.09507,,,13.456,14.804,16.152,17.676,19.406,21.379,23.642,26.249,28.856,wfh-girls-zscore-expanded-tables.xlsx
WFH,F,,,112.1,-0.3833,19.447,0.09511,,,13.483,14.834,16.185,17.713,19.447,21.425,23.694,26.308,28.922,wfh-girls-zscore-expanded-tables.xlsx
WFH,F,,,112.2,-0.3833,19.488,0.09515,,,13.509,14.864,16.218,17.749,19.488,21.472,23.746,26.367,28.988,wfh-girls-zscore-expanded-tables.xlsx
WFH,F,,,112.3,-0.3833,19.5291,0.09519,,,13.536,14.893,16.251,17.786,19.529,21.518,23.798,26.426,29.054,wfh-girls-zscore-expanded-tables.xlsx
WFH,F,,,112.4,-0.3833,19.5703,0.09523,,,13.562,14.923,16.284,17.823,19.57,21.564,23.85,26.485,29.121,wfh-girls-zscore-expanded-tables.xlsx
WFH,F,,,112.5,-0.3833,19.6116,0.09527,,,13.589,14.953,16.317,17.86,19.612,21.61,23.902,26.545,29.187,wfh-girls-zscore-expanded-tables.xlsx
WFH,F,,,112.6,-0.3833,19.6529,0.09531,,,13.615,14.983,16.35,17.897,19.653,21.657,23.955,26.604,29.254,wfh-girls-zscore-expanded-tables.xlsx
WFH,F,,,112.7,-0.3833,19.6943,0.09534,,,13.643,15.013,16.384,17.934,19.694,21.703,24.007,26.663,29.319,wfh-girls-zscore-expanded-tables.xlsx
WFH,F,,,112.8,-0.3833,19.7358,0.09538,,,13.669,15.043,16.417,17.971,19.736,21.75,24.059,26.723,29.386,wfh-girls-zscore-expanded-tables.xlsx
WFH,F,,,112.9,-0.3833,19.7774,0.09542,,,13.696,15.073,16.451,18.008,19.777,21.796,24.112,26.783,29.453,wfh-girls-zscore-expanded-tables.xlsx
WFH,F,,,113,-0.3833,19.819,0.09546,,,13.723,15.103,16.484,18.045,19.819,21.843,24.165,26.843,29.52,wfh-girls-zscore-expanded-tables.xlsx
WFH,F,,,113.1,-0.3833,19.8607,0.0955,,,13.75,15.133,16.517,18.083,19.861,21.89,24.218,26.903,29.588,wfh-girls-zscore-expanded-tables.xlsx
WFH,F,,,113.2,-0.3833,19.9024,0.09554,,,13.776,15.164,16.551,18.12,19.902,21.937,24.271,26.963,29.655,wfh-girls-zscore-expanded-tables.xlsx
WFH,F,,,113.3,-0.3833,19.9442,0.09558,,,13.803,15.194,16.584,18.157,19.944,21.984,24.324,27.023,29.722,wfh-girls-zscore-expanded-tables.xlsx
WFH,F,,,113.4,-0.3833,19.9861,0.09562,,,13.83,15.224,16.618,18.195,19.986,22.031,24.377,27.084,29.79,wfh-girls-zscore-expanded-tables.xlsx
WFH,F,,,113.5,-0.3833,20.028,0.09566,,,13.857,15.254,16.652,18.232,20.028,22.078,24.43,27.144,29.858,wfh-girls-zscore-expanded-tables.xlsx
WFH,F,,,113.6,-0.3833,20.07,0.0957,,,13.884,15.285,16.685,18.27,20.07,22.125,24.484,27.205,29.925,wfh-girls-zscore-expanded-tables.xlsx
WFH,F,,,113.7,-0.3833,20.112,0.09574,,,13.911,15.315,16.719,18.307,20.112,22.173,24.537,27.265,29.993,wfh-girls-zscore-expanded-tables.xlsx
WFH,F,,,113.8,-0.3833,20.1541,0.09578,,,13.938,15.345,16.753,18.345,20.154,22.22,24.591,27.326,30.061,wfh-girls-zscore-expanded-tables.xlsx
WFH,F,,,113.9,-0.3833,20.1963,0.09582,,,13.965,15.376,16.786,18.382,20.196,22.267,24.644,27.387,30.13,wfh-girls-zscore-expanded-tables.xlsx
WFH,F,,,114,-0.3833,20.2385,0.09586,,,13.992,15.406,16.82,18.42,20.238,22.315,24.698,27.448,30.198,wfh-girls-zscore-expanded-tables.xlsx
WFH,F,,,114.1,-0.3833,20.2807,0.0959,,,14.02,15.437,16.854,18.458,20.281,22.362,24.751,27.509,30.266,wfh-girls-zscore-expanded-tables.xlsx
WFH,F,,,114.2,-0.3833,20.323,0.09594,,,14.047,15.467,16.888,18.496,20.323,22.41,24.805,27.57,30.334,wfh-girls-zscore-expanded-tables.xlsx
WFH,F,,,114.3,-0.3833,20.3653,0.09598,,,14.074,15.498,16.922,18.533,20.365,22.457,24.859,27.631,30.403,wfh-girls-zscore-expanded-tables.xlsx
WFH,F,,,114.4,-0.3833,20.4077,0.09602,,,14.101,15.528,16.956,18.571,20.408,22.505,24.913,27.692,30.472,wfh-girls-zscore-expanded-tables.xlsx
WFH,F,,,114.5,-0.3833,20.4502,0.09606,,,14.128,15.559,16.99,18.609,20.45,22.553,24.967,27.754,30.54,wfh-girls-zscore-expanded-tables.xlsx
WFH,F,,,114.6,-0.3833,20.4926,0.0961,,,14.156,15.59,17.024,18.647,20.493,22.601,25.021,27.815,30.609,wfh-girls-zscore-expanded-tables.xlsx
WFH,F,,,114.7,-0.3833,20.5351,0.09614,,,14.183,15.62,17.058,18.685,20.535,22.648,25.075,27.876,30.678,wfh-girls-zscore-expanded-tables.xlsx
WFH,F,,,114.8,-0.3833,20.5777,0.09618,,,14.21,15.651,17.092,18.723,20.578,22.696,25.129,27.938,30.747,wfh-girls-zscore-expanded-tables.xlsx
WFH,F,,,114.9,-0.3833,20.6203,0.09622,,,14.237,15.682,17.126,18.761,20.62,22.744,25.183,28,30.816,wfh-girls-zscore-expanded-tables.xlsx
WFH,F,,,115,-0.3833,20.6629,0.09626,,,14.265,15.712,17.16,18.799,20.663,22.792,25.238,28.061,30.885,wfh-girls-zscore-expanded-tables.xlsx
WFH,F,,,115.1,-0.3833,20.7056,0.0963,,,14.292,15.743,17.194,18.837,20.706,22.84,25.292,28.123,30.954,wfh-girls-zscore-expanded-tables.xlsx
WFH,F,,,115.2,-0.3833,20.7483,0.09634,,,14.319,15.774,17.229,18.875,20.748,22.888,25.346,28.185,31.023,wfh-girls-zscore-expanded-tables.xlsx
WFH,F,,,115.3,-0.3833,20.791,0.09638,,,14.347,15.805,17.263,18.914,20.791,22.936,25.401,28.247,31.093,wfh-girls-zscore-expanded-tables.xlsx
WFH,F,,,115.4,-0.3833,20.8338,0.09642,,,14.374,15.836,17.297,18.952,20.834,22.985,25.455,28.309,31.162,wfh-girls-zscore-expanded-tables.xlsx
WFH,F,,,115.5,-0.3833,20.8766,0.09646,,,14.402,15.866,17.331,18.99,20.877,23.033,25.51,28.371,31.232,wfh-girls-zscore-expanded-tables.xlsx
WFH,F,,,115.6,-0.3833,20.9194,0.0965,,,14.429,15.897,17.365,19.028,20.919,23.081,25.564,28.433,31.301,wfh-girls-zscore-expanded-tables.xlsx
WFH,F,,,115.7,-0.3833,20.9622,0.09654,,,14.456,15.928,17.4,19.066,20.962,23.129,25.619,28.495,31.371,wfh-girls-zscore-expanded-tables.xlsx
WFH,F,,,115.8,-0.3833,21.0051,0.09658,,,14.484,15.959,17.434,19.105,21.005,23.177,25.673,28.557,31.44,wfh-girls-zscore-expanded-tables.xlsx
WFH,F,,,115.9,-0.3833,21.048,0.09662,,,14.511,15.99,17.468,19.143,21.048,23.226,25.728,28.619,31.51,wfh-girls-zscore-expanded-tables.xlsx
WFH,F,,,116,-0.3833,21.0909,0.09666,,,14.539,16.021,17.503,19.181,21.091,23.274,25.783,28.681,31.58,wfh-girls-zscore-expanded-tables.xlsx
WFH,F,,,116.1,-0.3833,21.1339,0.0967,,,14.566,16.052,17.537,19.22,21.134,23.322,25.837,28.744,31.65,wfh-girls-zscore-expanded-tables.xlsx
WFH,F,,,116.2,-0.3833,21.1769,0.09674,,,14.594,16.082,17.571,19.258,21.177,23.371,25.892,28.806,31.72,wfh-girls-zscore-expanded-tables.xlsx
WFH,F,,,116.3,-0.3833,21.2199,0.09678,,,14.621,16.113,17.606,19.296,21.22,23.419,25.947,28.868,31.79,wfh-girls-zscore-expanded-tables.xlsx
WFH,F,,,116.4,-0.3833,21.2629,0.09682,,,14.648,16.144,17.64,19.335,21.263,23.468,26.002,28.931,31.86,wfh-girls-zscore-expanded-tables.xlsx
WFH,F,,,116.5,-0.3833,21.3059,0.09686,,,14.676,16.175,17.674,19.373,21.306,23.516,26.057,28.993,31.93,wfh-girls-zscore-expanded-tables.xlsx
WFH,F,,,116.6,-0.3833,21.3489,0.09691,,,14.703,16.206,17.708,19.411,21.349,23.565,26.112,29.057,32.001,wfh-girls-zscore-expanded-tables.xlsx
WFH,F,,,116.7,-0.3833,21.392,0.09695,,,14.73,16.237,17.743,19.45,21.392,23.613,26.167,29.119,32.071,wfh-girls-zscore-expanded-tables.xlsx
WFH,F,,,116.8,-0.3833,21.4351,0.09699,,,14.758,16.268,17.777,19.488,21.435,23.662,26.222,29.182,32.141,wfh-girls-zscore-expanded-tables.xlsx
WFH,F,,,116.9,-0.3833,21.4782,0.09703,,,14.785,16.298,17.812,19.526,21.478,23.711,26.277,29.244,32.212,wfh-girls-zscore-expanded-tables.xlsx
WFH,F,,,117,-0.3833,21.5213,0.09707,,,14.813,16.329,17.846,19.565,21.521,23.759,26.332,29.307,32.282,wfh-girls-zscore-expanded-tables.xlsx
WFH,F,,,117.1,-0.3833,21.5644,0.09711,,,14.84,16.36,17.881,19.603,21.564,23.808,26.387,29.37,32.352,wfh-girls-zscore-expanded-tables.xlsx
WFH,F,,,117.2,-0.3833,21.6075,0.09715,,,14.868,16.391,17.915,19.642,21.608,23.856,26.442,29.432,32.423,wfh-girls-zscore-expanded-tables.xlsx
WFH,F,,,117.3,-0.3833,21.6507,0.09719,,,14.895,16.422,17.949,19.68,21.651,23.905,26.497,29.495,32.493,wfh-girls-zscore-expanded-tables.xlsx
WFH,F,,,117.4,-0.3833,21.6938,0.09723,,,14.923,16.453,17.984,19.719,21.694,23.954,26.552,29.558,32.563,wfh-girls-zscore-expanded-tables.xlsx
WFH,F,,,117.5,-0.3833,21.737,0.09727,,,14.95,16.484,18.018,19.757,21.737,24.002,26.607,29.621,32.634,wfh-girls-zscore-expanded-tables.xlsx
WFH,F,,,117.6,-0.3833,21.7802,0.09731,,,14.978,16.515,18.053,19.796,21.78,24.051,26.663,29.684,32.705,wfh-girls-zscore-expanded-tables.xlsx
WFH,F,,,117.7,-0.3833,21.8233,0.09735,,,15.005,16.546,18.087,19.834,21.823,24.099,26.718,29.746,32.775,wfh-girls-zscore-expanded-tables.xlsx
WFH,F,,,117.8,-0.3833,21.8665,0.09739,,,15.032,16.577,18.122,19.873,21.866,24.148,26.773,29.809,32.846,wfh-girls-zscore-expanded-tables.xlsx
WFH,F,,,117.9,-0.3833,21.9097,0.09743,,,15.06,16.608,18.156,19.911,21.91,24.197,26.828,29.872,32.916,wfh-girls-zscore-expanded-tables.xlsx
WFH,F,,,118,-0.3833,21.9529,0.09747,,,15.087,16.639,18.19,19.95,21.953,24.246,26.883,29.935,32.987,wfh-girls-zscore-expanded-tables.xlsx
WFH,F,,,118.1,-0.3833,21.9961,0.09751,,,15.115,16.67,18.225,19.988,21.996,24.294,26.939,29.998,33.058,wfh-girls-zscore-expanded-tables.xlsx
WFH,F,,,118.2,-0.3833,22.0393,0.09755,,,15.142,16.701,18.259,20.027,22.039,24.343,26.994,30.061,33.128,wfh-girls-zscore-expanded-tables.xlsx
WFH,F,,,118.3,-0.3833,22.0825,0.09759,,,15.17,16.732,18.294,20.065,22.082,24.392,27.049,30.124,33.199,wfh-girls-zscore-expanded-tables.xlsx
WFH,F,,,118.4,-0.3833,22.1258,0.09763,,,15.197,16.763,18.328,20.104,22.126,24.441,27.104,30.187,33.27,wfh-girls-zscore-expanded-tables.xlsx
WFH,F,,,118.5,-0.3833,22.169,0.09767,,,15.225,16.794,18.363,20.142,22.169,24.489,27.16,30.25,33.341,wfh-girls-zscore-expanded-tables.xlsx
WFH,F,,,118.6,-0.3833,22.2122,0.09771,,,15.252,16.825,18.397,20.181,22.212,24.538,27.215,30.313,33.412,wfh-girls-zscore-expanded-tables.xlsx
WFH,F,,,118.7,-0.3833,22.2554,0.09775,,,15.279,16.855,18.432,20.219,22.255,24.587,27.27,30.376,33.482,wfh-girls-zscore-expanded-tables.xlsx
WFH,F,,,118.8,-0.3833,22.2986,0.0978,,,15.306,16.886,18.466,20.257,22.299,24.636,27.326,30.44,33.555,wfh-girls-zscore-expanded-tables.xlsx
WFH,F,,,118.9,-0.3833,22.3419,0.09784,,,15.334,16.917,18.5,20.296,22.342,24.685,27.382,30.504,33.626,wfh-girls-zscore-expanded-tables.xlsx
WFH,F,,,119,-0.3833,22.3851,0.09788,,,15.361,16.948,18.534,20.334,22.385,24.734,27.437,30.567,33.697,wfh-girls-zscore-expanded-tables.xlsx
WFH,F,,,119.1,-0.3833,22.4283,0.09792,,,15.388,16.979,18.569,20.373,22.428,24.782,27.492,30.63,33.768,wfh-girls-zscore-expanded-tables.xlsx
WFH,F,,,119.2,-0.3833,22.4715,0.09796,,,15.416,17.01,18.603,20.411,22.472,24.831,27.548,30.693,33.839,wfh-girls-zscore-expanded-tables.xlsx
WFH,F,,,119.3,-0.3833,22.5148,0.098,,,15.443,17.04,18.638,20.45,22.515,24.88,27.603,30.756,33.91,wfh-girls-zscore-expanded-tables.xlsx
WFH,F,,,119.4,-0.3833,22.558,0.09804,,,15.471,17.071,18.672,20.488,22.558,24.929,27.658,30.82,33.981,wfh-girls-zscore-expanded-tables.xlsx
WFH,F,,,119.5,-0.3833,22.6012,0.09808,,,15.498,17.102,18.706,20.527,22.601,24.977,27.714,30.883,34.052,wfh-girls-zscore-expanded-tables.xlsx
WFH,F,,,119.6,-0.3833,22.6444,0.09812,,,15.525,17.133,18.741,20.565,22.644,25.026,27.769,30.946,34.123,wfh-girls-zscore-expanded-tables.xlsx
WFH,F,,,119.7,-0.3833,22.6877,0.09816,,,15.553,17.164,18.775,20.604,22.688,25.075,27.825,31.009,34.194,wfh-girls-zscore-expanded-tables.xlsx
WFH,F,,,119.8,-0.3833,22.7309,0.0982,,,15.58,17.195,18.81,20.642,22.731,25.124,27.88,31.073,34.265,wfh-girls-zscore-expanded-tables.xlsx
WFH,F,,,119.9,-0.3833,22.7741,0.09824,,,15.607,17.226,18.844,20.68,22.774,25.173,27.935,31.136,34.336,wfh-girls-zscore-expanded-tables.xlsx
WFH,F,,,120,-0.3833,22.8173,0.09828,,,15.634,17.256,18.878,20.719,22.817,25.222,27.991,31.199,34.407,wfh-girls-zscore-expanded-tables.xlsx
LHFA,M,,0,,1,49.8842,0.03795,,,42.312,44.205,46.098,47.991,49.884,51.777,53.67,55.564,57.457,lhfa-boys-zscore-expanded-tables (1).xlsx
LHFA,M,,1,,1,50.0601,0.03785,,,42.481,44.376,46.271,48.165,50.06,51.955,53.85,55.744,57.639,lhfa-boys-zscore-expanded-tables (1).xlsx
LHFA,M,,2,,1,50.2359,0.03775,,,42.65,44.547,46.443,48.339,50.236,52.132,54.029,55.925,57.822,lhfa-boys-zscore-expanded-tables (1).xlsx
LHFA,M,,3,,1,50.4118,0.03764,,,42.822,44.719,46.617,48.514,50.412,52.309,54.207,56.104,58.002,lhfa-boys-zscore-expanded-tables (1).xlsx
LHFA,M,,4,,1,50.5876,0.03754,,,42.991,44.89,46.789,48.689,50.588,52.487,54.386,56.285,58.184,lhfa-boys-zscore-expanded-tables (1).xlsx
LHFA,M,,5,,1,50.7635,0.03744,,,43.161,45.062,46.962,48.863,50.764,52.664,54.565,56.465,58.366,lhfa-boys-zscore-expanded-tables (1).xlsx
LHFA,M,,6,,1,50.9393,0.03734,,,43.331,45.233,47.135,49.037,50.939,52.841,54.743,56.646,58.548,lhfa-boys-zscore-expanded-tables (1).xlsx
LHFA,M,,7,,1,51.1152,0.03723,,,43.503,45.406,47.309,49.212,51.115,53.018,54.921,56.824,58.727,lhfa-boys-zscore-expanded-tables (1).xlsx
LHFA,M,,8,,1,51.291,0.03713,,,43.673,45.578,47.482,49.387,51.291,53.195,55.1,57.004,58.909,lhfa-boys-zscore-expanded-tables (1).xlsx
LHFA,M,,9,,1,51.4669,0.03703,,,43.844,45.749,47.655,49.561,51.467,53.373,55.279,57.184,59.09,lhfa-boys-zscore-expanded-tables (1).xlsx
LHFA,M,,10,,1,51.6427,0.03693,,,44.014,45.921,47.828,49.736,51.643,53.55,55.457,57.364,59.271,lhfa-boys-zscore-expanded-tables (1).xlsx
LHFA,M,,11,,1,51.8186,0.03682,,,44.187,46.095,48.003,49.911,51.819,53.727,55.635,57.542,59.45,lhfa-boys-zscore-expanded-tables (1).xlsx
LHFA,M,,12,,1,51.9944,0.03672,,,44.357,46.267,48.176,50.085,51.994,53.904,55.813,57.722,59.631,lhfa-boys-zscore-expanded-tables (1).xlsx
LHFA,M,,13,,1,52.1702,0.03662,,,44.528,46.439,48.349,50.26,52.17,54.081,55.991,57.902,59.812,lhfa-boys-zscore-expanded-tables (1).xlsx
LHFA,M,,14,,1,52.3461,0.03652,,,44.699,46.611,48.523,50.434,52.346,54.258,56.169,58.081,59.993,lhfa-boys-zscore-expanded-tables (1).xlsx
LHFA,M,,15,,1,52.4978,0.03645,,,44.844,46.757,48.671,50.584,52.498,54.411,56.325,58.238,60.152,lhfa-boys-zscore-expanded-tables (1).xlsx
LHFA,M,,16,,1,52.6488,0.03639,,,44.985,46.901,48.817,50.733,52.649,54.565,56.481,58.396,60.312,lhfa-boys-zscore-expanded-tables (1).xlsx
LHFA,M,,17,,1,52.799,0.03633,,,45.126,47.044,48.963,50.881,52.799,54.717,56.635,58.554,60.472,lhfa-boys-zscore-expanded-tables (1).xlsx
LHFA,M,,18,,1,52.9483,0.03627,,,45.267,47.187,49.107,51.028,52.948,54.869,56.789,58.71,60.63,lhfa-boys-zscore-expanded-tables (1).xlsx
LHFA,M,,19,,1,53.0967,0.03621,,,45.406,47.329,49.251,51.174,53.097,55.019,56.942,58.865,60.787,lhfa-boys-zscore-expanded-tables (1).xlsx
LHFA,M,,20,,1,53.2441,0.03615,,,45.545,47.47,49.395,51.319,53.244,55.169,57.094,59.018,60.943,lhfa-boys-zscore-expanded-tables (1).xlsx
LHFA,M,,21,,1,53.3905,0.03609,,,45.683,47.61,49.537,51.464,53.39,55.317,57.244,59.171,61.098,lhfa-boys-zscore-expanded-tables (1).xlsx
LHFA,M,,22,,1,53.536,0.03603,,,45.82,47.749,49.678,51.607,53.536,55.465,57.394,59.323,61.252,lhfa-boys-zscore-expanded-tables (1).xlsx
LHFA,M,,23,,1,53.6805,0.03597,,,45.957,47.888,49.819,51.75,53.68,55.611,57.542,59.473,61.404,lhfa-boys-zscore-expanded-tables (1).xlsx
LHFA,M,,24,,1,53.8239,0.03592,,,46.09,48.024,49.957,51.891,53.824,55.757,57.691,59.624,61.557,lhfa-boys-zscore-expanded-tables (1).xlsx
LHFA,M,,25,,1,53.9664,0.03586,,,46.225,48.161,50.096,52.031,53.966,55.902,57.837,59.772,61.707,lhfa-boys-zscore-expanded-tables (1).xlsx
LHFA,M,,26,,1,54.1079,0.03581,,,46.357,48.295,50.233,52.17,54.108,56.046,57.983,59.921,61.858,lhfa-boys-zscore-expanded-tables (1).xlsx
LHFA,M,,27,,1,54.2485,0.03575,,,46.491,48.43,50.37,52.309,54.248,56.188,58.127,60.067,62.006,lhfa-boys-zscore-expanded-tables (1).xlsx
LHFA,M,,28,,1,54.3881,0.0357,,,46.621,48.563,50.505,52.446,54.388,56.33,58.271,60.213,62.155,lhfa-boys-zscore-expanded-tables (1).xlsx
LHFA,M,,29,,1,54.5268,0.03565,,,46.751,48.695,50.639,52.583,54.527,56.471,58.415,60.358,62.302,lhfa-boys-zscore-expanded-tables (1).xlsx
LHFA,M,,30,,1,54.6645,0.03559,,,46.882,48.828,50.773,52.719,54.664,56.61,58.556,60.501,62.447,lhfa-boys-zscore-expanded-tables (1).xlsx
LHFA,M,,31,,1,54.8012,0.03554,,,47.011,48.958,50.906,52.854,54.801,56.749,58.696,60.644,62.592,lhfa-boys-zscore-expanded-tables (1).xlsx
LHFA,M,,32,,1,54.9368,0.03549,,,47.138,49.088,51.037,52.987,54.937,56.887,58.836,60.786,62.736,lhfa-boys-zscore-expanded-tables (1).xlsx
LHFA,M,,33,,1,55.0714,0.03544,,,47.264,49.216,51.168,53.12,55.071,57.023,58.975,60.927,62.878,lhfa-boys-zscore-expanded-tables (1).xlsx
LHFA,M,,34,,1,55.2049,0.03539,,,47.39,49.344,51.297,53.251,55.205,57.159,59.112,61.066,63.02,lhfa-boys-zscore-expanded-tables (1).xlsx
LHFA,M,,35,,1,55.3374,0.03534,,,47.515,49.471,51.426,53.382,55.337,57.293,59.249,61.204,63.16,lhfa-boys-zscore-expanded-tables (1).xlsx
LHFA,M,,36,,1,55.4688,0.03529,,,47.639,49.596,51.554,53.511,55.469,57.426,59.384,61.341,63.299,lhfa-boys-zscore-expanded-tables (1).xlsx
LHFA,M,,37,,1,55.5992,0.03524,,,47.762,49.721,51.681,53.64,55.599,57.559,59.518,61.477,63.436,lhfa-boys-zscore-expanded-tables (1).xlsx
LHFA,M,,38,,1,55.7285,0.0352,,,47.882,49.844,51.805,53.767,55.728,57.69,59.652,61.613,63.575,lhfa-boys-zscore-expanded-tables (1).xlsx
LHFA,M,,39,,1,55.8568,0.03515,,,48.003,49.967,51.93,53.893,55.857,57.82,59.784,61.747,63.71,lhfa-boys-zscore-expanded-tables (1).xlsx
LHFA,M,,40,,1,55.9841,0.0351,,,48.124,50.089,52.054,54.019,55.984,57.949,59.914,61.879,63.844,lhfa-boys-zscore-expanded-tables (1).xlsx
LHFA,M,,41,,1,56.1104,0.03506,,,48.241,50.209,52.176,54.143,56.11,58.078,60.045,62.012,63.979,lhfa-boys-zscore-expanded-tables (1).xlsx
LHFA,M,,42,,1,56.2357,0.03501,,,48.36,50.329,52.298,54.267,56.236,58.205,60.173,62.142,64.111,lhfa-boys-zscore-expanded-tables (1).xlsx
LHFA,M,,43,,1,56.3599,0.03496,,,48.479,50.449,52.419,54.39,56.36,58.33,60.301,62.271,64.241,lhfa-boys-zscore-expanded-tables (1).xlsx
LHFA,M,,44,,1,56.4833,0.03492,,,48.594,50.566,52.539,54.511,56.483,58.456,60.428,62.4,64.373,lhfa-boys-zscore-expanded-tables (1).xlsx
LHFA,M,,45,,1,56.6056,0.03488,,,48.708,50.682,52.657,54.631,56.606,58.58,60.554,62.529,64.503,lhfa-boys-zscore-expanded-tables (1).xlsx
LHFA,M,,46,,1,56.7269,0.03483,,,48.824,50.8,52.775,54.751,56.727,58.703,60.678,62.654,64.63,lhfa-boys-zscore-expanded-tables (1).xlsx
LHFA,M,,47,,1,56.8472,0.03479,,,48.936,50.914,52.892,54.869,56.847,58.825,60.803,62.78,64.758,lhfa-boys-zscore-expanded-tables (1).xlsx
LHFA,M,,48,,1,56.9666,0.03475,,,49.048,51.028,53.007,54.987,56.967,58.946,60.926,62.905,64.885,lhfa-boys-zscore-expanded-tables (1).xlsx
LHFA,M,,49,,1,57.0851,0.0347,,,49.162,51.143,53.123,55.104,57.085,59.066,61.047,63.028,65.009,lhfa-boys-zscore-expanded-tables (1).xlsx
LHFA,M,,50,,1,57.2026,0.03466,,,49.272,51.255,53.237,55.22,57.203,59.185,61.168,63.151,65.133,lhfa-boys-zscore-expanded-tables (1).xlsx
LHFA,M,,51,,1,57.3192,0.03462,,,49.382,51.366,53.35,55.335,57.319,59.304,61.288,63.272,65.257,lhfa-boys-zscore-expanded-tables (1).xlsx
LHFA,M,,52,,1,57.4349,0.03458,,,49.491,51.477,53.463,55.449,57.435,59.421,61.407,63.393,65.379,lhfa-boys-zscore-expanded-tables (1).xlsx
LHFA,M,,53,,1,57.5497,0.03454,,,49.599,51.586,53.574,55.562,57.55,59.537,61.525,63.513,65.501,lhfa-boys-zscore-expanded-tables (1).xlsx
LHFA,M,,54,,1,57.6637,0.0345,,,49.706,51.696,53.685,55.674,57.664,59.653,61.642,63.632,65.621,lhfa-boys-zscore-expanded-tables (1).xlsx
LHFA,M,,55,,1,57.7767,0.03446,,,49.813,51.804,53.795,55.786,57.777,59.768,61.759,63.75,65.741,lhfa-boys-zscore-expanded-tables (1).xlsx
LHFA,M,,56,,1,57.8889,0.03442,,,49.919,51.911,53.904,55.896,57.889,59.881,61.874,63.867,65.859,lhfa-boys-zscore-expanded-tables (1).xlsx
LHFA,M,,57,,1,58.0003,0.03438,,,50.024,52.018,54.012,56.006,58,59.994,61.988,63.982,65.977,lhfa-boys-zscore-expanded-tables (1).xlsx
LHFA,M,,58,,1,58.1109,0.03434,,,50.129,52.124,54.12,56.115,58.111,60.106,62.102,64.097,66.093,lhfa-boys-zscore-expanded-tables (1).xlsx
LHFA,M,,59,,1,58.2207,0.03431,,,50.23,52.228,54.226,56.223,58.221,60.218,62.216,64.213,66.211,lhfa-boys-zscore-expanded-tables (1).xlsx
LHFA,M,,60,,1,58.3299,0.03427,,,50.334,52.333,54.332,56.331,58.33,60.329,62.328,64.327,66.326,lhfa-boys-zscore-expanded-tables (1).xlsx
LHFA,M,,61,,1,58.4384,0.03423,,,50.437,52.437,54.438,56.438,58.438,60.439,62.439,64.439,66.44,lhfa-boys-zscore-expanded-tables (1).xlsx
LHFA,M,,62,,1,58.5463,0.0342,,,50.537,52.539,54.542,56.544,58.546,60.549,62.551,64.553,66.555,lhfa-boys-zscore-expanded-tables (1).xlsx
LHFA,M,,63,,1,58.6536,0.03416,,,50.639,52.643,54.646,56.65,58.654,60.657,62.661,64.664,66.668,lhfa-boys-zscore-expanded-tables (1).xlsx
LHFA,M,,64,,1,58.7603,0.03412,,,50.741,52.746,54.75,56.755,58.76,60.765,62.77,64.775,66.78,lhfa-boys-zscore-expanded-tables (1).xlsx
LHFA,M,,65,,1,58.8664,0.03409,,,50.839,52.846,54.853,56.86,58.866,60.873,62.88,64.887,66.893,lhfa-boys-zscore-expanded-tables (1).xlsx
LHFA,M,,66,,1,58.9718,0.03405,,,50.94,52.948,54.956,56.964,58.972,60.98,62.988,64.996,67.004,lhfa-boys-zscore-expanded-tables (1).xlsx
LHFA,M,,67,,1,59.0766,0.03402,,,51.037,53.047,55.057,57.067,59.077,61.086,63.096,65.106,67.116,lhfa-boys-zscore-expanded-tables (1).xlsx
LHFA,M,,68,,1,59.1808,0.03398,,,51.137,53.148,55.159,57.17,59.181,61.192,63.203,65.214,67.225,lhfa-boys-zscore-expanded-tables (1).xlsx
LHFA,M,,69,,1,59.2843,0.03395,,,51.233,53.246,55.259,57.272,59.284,61.297,63.31,65.322,67.335,lhfa-boys-zscore-expanded-tables (1).xlsx
LHFA,M,,70,,1,59.3872,0.03392,,,51.33,53.344,55.358,57.373,59.387,61.402,63.416,65.43,67.445,lhfa-boys-zscore-expanded-tables (1).xlsx
LHFA,M,,71,,1,59.4894,0.03388,,,51.427,53.443,55.458,57.474,59.489,61.505,63.52,65.536,67.551,lhfa-boys-zscore-expanded-tables (1).xlsx
LHFA,M,,72,,1,59.591,0.03385,,,51.522,53.54,55.557,57.574,59.591,61.608,63.625,65.642,67.66,lhfa-boys-zscore-expanded-tables (1).xlsx
LHFA,M,,73,,1,59.692,0.03382,,,51.617,53.636,55.654,57.673,59.692,61.711,63.73,65.748,67.767,lhfa-boys-zscore-expanded-tables (1).xlsx
LHFA,M,,74,,1,59.7923,0.03379,,,51.711,53.731,55.752,57.772,59.792,61.813,63.833,65.853,67.874,lhfa-boys-zscore-expanded-tables (1).xlsx
LHFA,M,,75,,1,59.892,0.03375,,,51.807,53.828,55.849,57.871,59.892,61.913,63.935,65.956,67.977,lhfa-boys-zscore-expanded-tables (1).xlsx
LHFA,M,,76,,1,59.991,0.03372,,,51.899,53.922,55.945,57.968,59.991,62.014,64.037,66.06,68.083,lhfa-boys-zscore-expanded-tables (1).xlsx
LHFA,M,,77,,1,60.0894,0.03369,,,51.992,54.016,56.041,58.065,60.089,62.114,64.138,66.163,68.187,lhfa-boys-zscore-expanded-tables (1).xlsx
LHFA,M,,78,,1,60.1872,0.03366,,,52.084,54.109,56.135,58.161,60.187,62.213,64.239,66.265,68.291,lhfa-boys-zscore-expanded-tables (1).xlsx
LHFA,M,,79,,1,60.2843,0.03363,,,52.175,54.202,56.23,58.257,60.284,62.312,64.339,66.366,68.394,lhfa-boys-zscore-expanded-tables (1).xlsx
LHFA,M,,80,,1,60.3808,0.0336,,,52.266,54.294,56.323,58.352,60.381,62.41,64.438,66.467,68.496,lhfa-boys-zscore-expanded-tables (1).xlsx
LHFA,M,,81,,1,60.4767,0.03357,,,52.356,54.386,56.416,58.446,60.477,62.507,64.537,66.567,68.598,lhfa-boys-zscore-expanded-tables (1).xlsx
LHFA,M,,82,,1,60.5719,0.03354,,,52.446,54.477,56.509,58.54,60.572,62.603,64.635,66.667,68.698,lhfa-boys-zscore-expanded-tables (1).xlsx
LHFA,M,,83,,1,60.6665,0.03351,,,52.535,54.568,56.601,58.634,60.666,62.699,64.732,66.765,68.798,lhfa-boys-zscore-expanded-tables (1).xlsx
LHFA,M,,84,,1,60.7605,0.03348,,,52.623,54.658,56.692,58.726,60.76,62.795,64.829,66.863,68.898,lhfa-boys-zscore-expanded-tables (1).xlsx
LHFA,M,,85,,1,60.8539,0.03345,,,52.712,54.747,56.783,58.818,60.854,62.889,64.925,66.961,68.996,lhfa-boys-zscore-expanded-tables (1).xlsx
LHFA,M,,86,,1,60.9466,0.03342,,,52.799,54.836,56.873,58.91,60.947,62.983,65.02,67.057,69.094,lhfa-boys-zscore-expanded-tables (1).xlsx
LHFA,M,,87,,1,61.0388,0.0334,,,52.884,54.923,56.961,59,61.039,63.077,65.116,67.155,69.194,lhfa-boys-zscore-expanded-tables (1).xlsx
LHFA,M,,88,,1,61.1303,0.03337,,,52.971,55.011,57.05,59.09,61.13,63.17,65.21,67.25,69.29,lhfa-boys-zscore-expanded-tables (1).xlsx
LHFA,M,,89,,1,61.2212,0.03334,,,53.057,55.098,57.139,59.18,61.221,63.262,65.303,67.345,69.386,lhfa-boys-zscore-expanded-tables (1).xlsx
LHFA,M,,90,,1,61.3115,0.03331,,,53.142,55.185,57.227,59.269,61.312,63.354,65.396,67.438,69.481,lhfa-boys-zscore-expanded-tables (1).xlsx
LHFA,M,,91,,1,61.4013,0.03329,,,53.225,55.269,57.313,59.357,61.401,63.445,65.489,67.533,69.577,lhfa-boys-zscore-expanded-tables (1).xlsx
LHFA,M,,92,,1,61.4904,0.03326,,,53.31,55.355,57.4,59.445,61.49,63.536,65.581,67.626,69.671,lhfa-boys-zscore-expanded-tables (1).xlsx
LHFA,M,,93,,1,61.579,0.03323,,,53.394,55.44,57.486,59.533,61.579,63.625,65.672,67.718,69.764,lhfa-boys-zscore-expanded-tables (1).xlsx
LHFA,M,,94,,1,61.667,0.03321,,,53.475,55.523,57.571,59.619,61.667,63.715,65.763,67.811,69.859,lhfa-boys-zscore-expanded-tables (1).xlsx
LHFA,M,,95,,1,61.7543,0.03318,,,53.558,55.607,57.656,59.705,61.754,63.803,65.852,67.901,69.95,lhfa-boys-zscore-expanded-tables (1).xlsx
LHFA,M,,96,,1,61.8411,0.03316,,,53.638,55.689,57.74,59.79,61.841,63.892,65.942,67.993,70.044,lhfa-boys-zscore-expanded-tables (1).xlsx
LHFA,M,,97,,1,61.9274,0.03313,,,53.721,55.772,57.824,59.876,61.927,63.979,66.031,68.082,70.134,lhfa-boys-zscore-expanded-tables (1).xlsx
LHFA,M,,98,,1,62.013,0.03311,,,53.8,55.853,57.906,59.96,62.013,64.066,66.12,68.173,70.226,lhfa-boys-zscore-expanded-tables (1).xlsx
LHFA,M,,99,,1,62.0981,0.03308,,,53.881,55.935,57.99,60.044,62.098,64.152,66.207,68.261,70.315,lhfa-boys-zscore-expanded-tables (1).xlsx
LHFA,M,,100,,1,62.1826,0.03306,,,53.96,56.015,58.071,60.127,62.183,64.238,66.294,68.35,70.406,lhfa-boys-zscore-expanded-tables (1).xlsx
LHFA,M,,101,,1,62.2665,0.03303,,,54.04,56.097,58.153,60.21,62.266,64.323,66.38,68.436,70.493,lhfa-boys-zscore-expanded-tables (1).xlsx
LHFA,M,,102,,1,62.3499,0.03301,,,54.117,56.175,58.234,60.292,62.35,64.408,66.466,68.524,70.583,lhfa-boys-zscore-expanded-tables (1).xlsx
LHFA,M,,103,,1,62.4327,0.03298,,,54.197,56.256,58.315,60.374,62.433,64.492,66.551,68.61,70.669,lhfa-boys-zscore-expanded-tables (1).xlsx
LHFA,M,,104,,1,62.5149,0.03296,,,54.273,56.333,58.394,60.454,62.515,64.575,66.636,68.696,70.757,lhfa-boys-zscore-expanded-tables (1).xlsx
LHFA,M,,105,,1,62.5966,0.03294,,,54.349,56.411,58.473,60.535,62.597,64.659,66.72,68.782,70.844,lhfa-boys-zscore-expanded-tables (1).xlsx
LHFA,M,,106,,1,62.6778,0.03291,,,54.427,56.49,58.552,60.615,62.678,64.741,66.803,68.866,70.929,lhfa-boys-zscore-expanded-tables (1).xlsx
LHFA,M,,107,,1,62.7584,0.03289,,,54.502,56.566,58.63,60.694,62.758,64.823,66.887,68.951,71.015,lhfa-boys-zscore-expanded-tables (1).xlsx
LHFA,M,,108,,1,62.8384,0.03287,,,54.576,56.642,58.707,60.773,62.838,64.904,66.969,69.035,71.1,lhfa-boys-zscore-expanded-tables (1).xlsx
LHFA,M,,109,,1,62.918,0.03284,,,54.653,56.719,58.786,60.852,62.918,64.984,67.05,69.117,71.183,lhfa-boys-zscore-expanded-tables (1).xlsx
LHFA,M,,110,,1,62.9969,0.03282,,,54.727,56.794,58.862,60.929,62.997,65.064,67.132,69.2,71.267,lhfa-boys-zscore-expanded-tables (1).xlsx
LHFA,M,,111,,1,63.0754,0.0328,,,54.8,56.869,58.938,61.007,63.075,65.144,67.213,69.282,71.351,lhfa-boys-zscore-expanded-tables (1).xlsx
LHFA,M,,112,,1,63.1533,0.03278,,,54.873,56.943,59.013,61.083,63.153,65.223,67.294,69.364,71.434,lhfa-boys-zscore-expanded-tables (1).xlsx
LHFA,M,,113,,1,63.2307,0.03276,,,54.945,57.016,59.088,61.159,63.231,65.302,67.374,69.445,71.516,lhfa-boys-zscore-expanded-tables (1).xlsx
LHFA,M,,114,,1,63.3076,0.03273,,,55.019,57.091,59.163,61.236,63.308,65.38,67.452,69.524,71.596,lhfa-boys-zscore-expanded-tables (1).xlsx
LHFA,M,,115,,1,63.3839,0.03271,,,55.091,57.164,59.237,61.311,63.384,65.457,67.53,69.604,71.677,lhfa-boys-zscore-expanded-tables (1).xlsx
LHFA,M,,116,,1,63.4598,0.03269,,,55.162,57.236,59.311,61.385,63.46,65.534,67.609,69.683,71.758,lhfa-boys-zscore-expanded-tables (1).xlsx
LHFA,M,,117,,1,63.5351,0.03267,,,55.232,57.308,59.384,61.459,63.535,65.611,67.686,69.762,71.838,lhfa-boys-zscore-expanded-tables (1).xlsx
LHFA,M,,118,,1,63.6099,0.03265,,,55.302,57.379,59.456,61.533,63.61,65.687,67.764,69.84,71.917,lhfa-boys-zscore-expanded-tables (1).xlsx
LHFA,M,,119,,1,63.6842,0.03263,,,55.372,57.45,59.528,61.606,63.684,65.762,67.84,69.918,71.996,lhfa-boys-zscore-expanded-tables (1).xlsx
LHFA,M,,120,,1,63.758,0.03261,,,55.441,57.521,59.6,61.679,63.758,65.837,67.916,69.995,72.075,lhfa-boys-zscore-expanded-tables (1).xlsx
LHFA,M,,121,,1,63.8313,0.03259,,,55.51,57.591,59.671,61.751,63.831,65.912,67.992,70.072,72.152,lhfa-boys-zscore-expanded-tables (1).xlsx
LHFA,M,,122,,1,63.9041,0.03257,,,55.579,57.66,59.741,61.823,63.904,65.985,68.067,70.148,72.23,lhfa-boys-zscore-expanded-tables (1).xlsx
LHFA,M,,123,,1,63.9765,0.03255,,,55.647,57.729,59.812,61.894,63.976,66.059,68.141,70.224,72.306,lhfa-boys-zscore-expanded-tables (1).xlsx
LHFA,M,,124,,1,64.0483,0.03253,,,55.714,57.798,59.881,61.965,64.048,66.132,68.215,70.299,72.382,lhfa-boys-zscore-expanded-tables (1).xlsx
LHFA,M,,125,,1,64.1197,0.03251,,,55.782,57.866,59.951,62.035,64.12,66.204,68.289,70.373,72.458,lhfa-boys-zscore-expanded-tables (1).xlsx
LHFA,M,,126,,1,64.1906,0.03249,,,55.848,57.934,60.019,62.105,64.191,66.276,68.362,70.447,72.533,lhfa-boys-zscore-expanded-tables (1).xlsx
LHFA,M,,127,,1,64.261,0.03247,,,55.915,58.001,60.088,62.174,64.261,66.348,68.434,70.521,72.607,lhfa-boys-zscore-expanded-tables (1).xlsx
LHFA,M,,128,,1,64.331,0.03245,,,55.981,58.068,60.156,62.243,64.331,66.419,68.506,70.594,72.681,lhfa-boys-zscore-expanded-tables (1).xlsx
LHFA,M,,129,,1,64.4006,0.03243,,,56.047,58.135,60.224,62.312,64.401,66.489,68.578,70.666,72.755,lhfa-boys-zscore-expanded-tables (1).xlsx
LHFA,M,,130,,1,64.4697,0.03241,,,56.112,58.201,60.291,62.38,64.47,66.559,68.649,70.738,72.828,lhfa-boys-zscore-expanded-tables (1).xlsx
LHFA,M,,131,,1,64.5383,0.03239,,,56.177,58.267,60.358,62.448,64.538,66.629,68.719,70.809,72.9,lhfa-boys-zscore-expanded-tables (1).xlsx
LHFA,M,,132,,1,64.6066,0.03238,,,56.239,58.331,60.423,62.515,64.607,66.699,68.791,70.882,72.974,lhfa-boys-zscore-expanded-tables (1).xlsx
LHFA,M,,133,,1,64.6744,0.03236,,,56.303,58.396,60.489,62.582,64.674,66.767,68.86,70.953,73.046,lhfa-boys-zscore-expanded-tables (1).xlsx
LHFA,M,,134,,1,64.7418,0.03234,,,56.367,58.461,60.554,62.648,64.742,66.836,68.929,71.023,73.117,lhfa-boys-zscore-expanded-tables (1).xlsx
LHFA,M,,135,,1,64.8088,0.03232,,,56.43,58.525,60.62,62.714,64.809,66.903,68.998,71.093,73.187,lhfa-boys-zscore-expanded-tables (1).xlsx
LHFA,M,,136,,1,64.8755,0.0323,,,56.494,58.589,60.685,62.78,64.876,66.971,69.066,71.162,73.257,lhfa-boys-zscore-expanded-tables (1).xlsx
LHFA,M,,137,,1,64.9417,0.03229,,,56.554,58.651,60.748,62.845,64.942,67.039,69.136,71.233,73.33,lhfa-boys-zscore-expanded-tables (1).xlsx
LHFA,M,,138,,1,65.0075,0.03227,,,56.616,58.714,60.812,62.91,65.007,67.105,69.203,71.301,73.399,lhfa-boys-zscore-expanded-tables (1).xlsx
LHFA,M,,139,,1,65.073,0.03225,,,56.679,58.777,60.876,62.974,65.073,67.172,69.27,71.369,73.467,lhfa-boys-zscore-expanded-tables (1).xlsx
LHFA,M,,140,,1,65.138,0.03223,,,56.74,58.84,60.939,63.039,65.138,67.237,69.337,71.436,73.536,lhfa-boys-zscore-expanded-tables (1).xlsx
LHFA,M,,141,,1,65.2027,0.03222,,,56.799,58.9,61.001,63.102,65.203,67.304,69.404,71.505,73.606,lhfa-boys-zscore-expanded-tables (1).xlsx
LHFA,M,,142,,1,65.2671,0.0322,,,56.861,58.962,61.064,63.165,65.267,67.369,69.47,71.572,73.674,lhfa-boys-zscore-expanded-tables (1).xlsx
LHFA,M,,143,,1,65.331,0.03218,,,56.922,59.024,61.126,63.229,65.331,67.433,69.536,71.638,73.74,lhfa-boys-zscore-expanded-tables (1).xlsx
LHFA,M,,144,,1,65.3946,0.03217,,,56.98,59.083,61.187,63.291,65.395,67.498,69.602,71.706,73.81,lhfa-boys-zscore-expanded-tables (1).xlsx
LHFA,M,,145,,1,65.4579,0.03215,,,57.04,59.144,61.249,63.353,65.458,67.562,69.667,71.771,73.876,lhfa-boys-zscore-expanded-tables (1).xlsx
LHFA,M,,146,,1,65.5208,0.03214,,,57.097,59.203,61.309,63.415,65.521,67.627,69.732,71.838,73.944,lhfa-boys-zscore-expanded-tables (1).xlsx
LHFA,M,,147,,1,65.5834,0.03212,,,57.157,59.264,61.37,63.477,65.583,67.69,69.796,71.903,74.01,lhfa-boys-zscore-expanded-tables (1).xlsx
LHFA,M,,148,,1,65.6456,0.0321,,,57.217,59.324,61.431,63.538,65.646,67.753,69.86,71.967,74.074,lhfa-boys-zscore-expanded-tables (1).xlsx
LHFA,M,,149,,1,65.7075,0.03209,,,57.273,59.382,61.49,63.599,65.708,67.816,69.925,72.033,74.142,lhfa-boys-zscore-expanded-tables (1).xlsx
LHFA,M,,150,,1,65.769,0.03207,,,57.332,59.441,61.551,63.66,65.769,67.878,69.987,72.097,74.206,lhfa-boys-zscore-expanded-tables (1).xlsx
LHFA,M,,151,,1,65.8303,0.03206,,,57.388,59.499,61.609,63.72,65.83,67.941,70.051,72.162,74.272,lhfa-boys-zscore-expanded-tables (1).xlsx
LHFA,M,,152,,1,65.8912,0.03204,,,57.447,59.558,61.669,63.78,65.891,68.002,70.114,72.225,74.336,lhfa-boys-zscore-expanded-tables (1).xlsx
LHFA,M,,153,,1,65.9518,0.03203,,,57.502,59.614,61.727,63.839,65.952,68.064,70.177,72.289,74.402,lhfa-boys-zscore-expanded-tables (1).xlsx
LHFA,M,,154,,1,66.0121,0.03201,,,57.56,59.673,61.786,63.899,66.012,68.125,70.238,72.351,74.464,lhfa-boys-zscore-expanded-tables (1).xlsx
LHFA,M,,155,,1,66.0721,0.032,,,57.615,59.729,61.843,63.958,66.072,68.186,70.301,72.415,74.529,lhfa-boys-zscore-expanded-tables (1).xlsx
LHFA,M,,156,,1,66.1317,0.03198,,,57.672,59.787,61.902,64.017,66.132,68.247,70.361,72.476,74.591,lhfa-boys-zscore-expanded-tables (1).xlsx
LHFA,M,,157,,1,66.1911,0.03197,,,57.727,59.843,61.959,64.075,66.191,68.307,70.423,72.539,74.656,lhfa-boys-zscore-expanded-tables (1).xlsx
LHFA,M,,158,,1,66.2502,0.03196,,,57.781,59.898,62.015,64.133,66.25,68.368,70.485,72.602,74.72,lhfa-boys-zscore-expanded-tables (1).xlsx
LHFA,M,,159,,1,66.3089,0.03194,,,57.837,59.955,62.073,64.191,66.309,68.427,70.545,72.663,74.781,lhfa-boys-zscore-expanded-tables (1).xlsx
LHFA,M,,160,,1,66.3674,0.03193,,,57.891,60.01,62.129,64.248,66.367,68.487,70.606,72.725,74.844,lhfa-boys-zscore-expanded-tables (1).xlsx
LHFA,M,,161,,1,66.4256,0.03191,,,57.947,60.067,62.186,64.306,66.426,68.545,70.665,72.785,74.904,lhfa-boys-zscore-expanded-tables (1).xlsx
LHFA,M,,162,,1,66.4835,0.0319,,,58,60.121,62.242,64.363,66.484,68.604,70.725,72.846,74.967,lhfa-boys-zscore-expanded-tables (1).xlsx
LHFA,M,,163,,1,66.5412,0.03189,,,58.053,60.175,62.297,64.419,66.541,68.663,70.785,72.907,75.029,lhfa-boys-zscore-expanded-tables (1).xlsx
LHFA,M,,164,,1,66.5985,0.03187,,,58.109,60.231,62.354,64.476,66.598,68.721,70.843,72.966,75.088,lhfa-boys-zscore-expanded-tables (1).xlsx
LHFA,M,,165,,1,66.6556,0.03186,,,58.161,60.285,62.408,64.532,66.656,68.779,70.903,73.027,75.15,lhfa-boys-zscore-expanded-tables (1).xlsx
LHFA,M,,166,,1,66.7125,0.03185,,,58.213,60.338,62.463,64.588,66.712,68.837,70.962,73.087,75.212,lhfa-boys-zscore-expanded-tables (1).xlsx
LHFA,M,,167,,1,66.7691,0.03183,,,58.268,60.393,62.519,64.644,66.769,68.894,71.02,73.145,75.27,lhfa-boys-zscore-expanded-tables (1).xlsx
LHFA,M,,168,,1,66.8254,0.03182,,,58.32,60.446,62.573,64.699,66.825,68.952,71.078,73.205,75.331,lhfa-boys-zscore-expanded-tables (1).xlsx
LHFA,M,,169,,1,66.8815,0.03181,,,58.371,60.499,62.626,64.754,66.882,69.009,71.137,73.264,75.392,lhfa-boys-zscore-expanded-tables (1).xlsx
LHFA,M,,170,,1,66.9373,0.0318,,,58.423,60.551,62.68,64.809,66.937,69.066,71.195,73.323,75.452,lhfa-boys-zscore-expanded-tables (1).xlsx
LHFA,M,,171,,1,66.993,0.03179,,,58.474,60.604,62.734,64.863,66.993,69.123,71.252,73.382,75.512,lhfa-boys-zscore-expanded-tables (1).xlsx
LHFA,M,,172,,1,67.0483,0.03177,,,58.528,60.658,62.788,64.918,67.048,69.178,71.309,73.439,75.569,lhfa-boys-zscore-expanded-tables (1).xlsx
LHFA,M,,173,,1,67.1035,0.03176,,,58.579,60.71,62.841,64.972,67.104,69.235,71.366,73.497,75.628,lhfa-boys-zscore-expanded-tables (1).xlsx
LHFA,M,,174,,1,67.1584,0.03175,,,58.629,60.762,62.894,65.026,67.158,69.291,71.423,73.555,75.688,lhfa-boys-zscore-expanded-tables (1).xlsx
LHFA,M,,175,,1,67.2132,0.03174,,,58.68,60.813,62.947,65.08,67.213,69.347,71.48,73.613,75.747,lhfa-boys-zscore-expanded-tables (1).xlsx
LHFA,M,,176,,1,67.2677,0.03173,,,58.73,60.864,62.999,65.133,67.268,69.402,71.537,73.671,75.805,lhfa-boys-zscore-expanded-tables (1).xlsx
LHFA,M,,177,,1,67.3219,0.03171,,,58.783,60.918,63.052,65.187,67.322,69.457,71.591,73.726,75.861,lhfa-boys-zscore-expanded-tables (1).xlsx
LHFA,M,,178,,1,67.376,0.0317,,,58.833,60.969,63.104,65.24,67.376,69.512,71.648,73.783,75.919,lhfa-boys-zscore-expanded-tables (1).xlsx
LHFA,M,,179,,1,67.4299,0.03169,,,58.882,61.019,63.156,65.293,67.43,69.567,71.704,73.84,75.977,lhfa-boys-zscore-expanded-tables (1).xlsx
LHFA,M,,180,,1,67.4836,0.03168,,,58.932,61.07,63.208,65.346,67.484,69.621,71.759,73.897,76.035,lhfa-boys-zscore-expanded-tables (1).xlsx
LHFA,M,,181,,1,67.5371,0.03167,,,58.982,61.12,63.259,65.398,67.537,69.676,71.815,73.954,76.093,lhfa-boys-zscore-expanded-tables (1).xlsx
LHFA,M,,182,,1,67.5904,0.03166,,,59.031,61.171,63.311,65.45,67.59,69.73,71.87,74.01,76.15,lhfa-boys-zscore-expanded-tables (1).xlsx
LHFA,M,,183,,1,67.6435,0.03165,,,59.08,61.221,63.362,65.503,67.644,69.784,71.925,74.066,76.207,lhfa-boys-zscore-expanded-tables (1).xlsx
LHFA,M,,184,,1,67.6964,0.03164,,,59.129,61.271,63.413,65.554,67.696,69.838,71.98,74.122,76.264,lhfa-boys-zscore-expanded-tables (1).xlsx
LHFA,M,,185,,1,67.7491,0.03163,,,59.177,61.32,63.463,65.606,67.749,69.892,72.035,74.178,76.321,lhfa-boys-zscore-expanded-tables (1).xlsx
LHFA,M,,186,,1,67.8017,0.03162,,,59.226,61.37,63.514,65.658,67.802,69.946,72.089,74.233,76.377,lhfa-boys-zscore-expanded-tables (1).xlsx
LHFA,M,,187,,1,67.8541,0.03161,,,59.275,61.419,63.564,65.709,67.854,69.999,72.144,74.289,76.434,lhfa-boys-zscore-expanded-tables (1).xlsx
LHFA,M,,188,,1,67.9062,0.0316,,,59.323,61.469,63.615,65.76,67.906,70.052,72.198,74.344,76.49,lhfa-boys-zscore-expanded-tables (1).xlsx
LHFA,M,,189,,1,67.9583,0.03159,,,59.371,61.518,63.665,65.811,67.958,70.105,72.252,74.399,76.546,lhfa-boys-zscore-expanded-tables (1).xlsx
LHFA,M,,190,,1,68.0101,0.03158,,,59.419,61.567,63.715,65.862,68.01,70.158,72.306,74.453,76.601,lhfa-boys-zscore-expanded-tables (1).xlsx
LHFA,M,,191,,1,68.0618,0.03157,,,59.467,61.616,63.764,65.913,68.062,70.211,72.359,74.508,76.657,lhfa-boys-zscore-expanded-tables (1).xlsx
LHFA,M,,192,,1,68.1133,0.03156,,,59.515,61.664,63.814,65.964,68.113,70.263,72.413,74.562,76.712,lhfa-boys-zscore-expanded-tables (1).xlsx
LHFA,M,,193,,1,68.1647,0.03155,,,59.562,61.713,63.864,66.014,68.165,70.315,72.466,74.616,76.767,lhfa-boys-zscore-expanded-tables (1).xlsx
LHFA,M,,194,,1,68.2158,0.03154,,,59.61,61.761,63.913,66.064,68.216,70.367,72.519,74.67,76.822,lhfa-boys-zscore-expanded-tables (1).xlsx
LHFA,M,,195,,1,68.2669,0.03153,,,59.657,61.81,63.962,66.114,68.267,70.419,72.572,74.724,76.877,lhfa-boys-zscore-expanded-tables (1).xlsx
LHFA,M,,196,,1,68.3177,0.03152,,,59.704,61.858,64.011,66.164,68.318,70.471,72.624,74.778,76.931,lhfa-boys-zscore-expanded-tables (1).xlsx
LHFA,M,,197,,1,68.3685,0.03152,,,59.749,61.904,64.059,66.214,68.368,70.523,72.678,74.833,76.988,lhfa-boys-zscore-expanded-tables (1).xlsx
LHFA,M,,198,,1,68.419,0.03151,,,59.795,61.951,64.107,66.263,68.419,70.575,72.731,74.887,77.043,lhfa-boys-zscore-expanded-tables (1).xlsx
LHFA,M,,199,,1,68.4695,0.0315,,,59.842,61.999,64.156,66.313,68.47,70.626,72.783,74.94,77.097,lhfa-boys-zscore-expanded-tables (1).xlsx
LHFA,M,,200,,1,68.5198,0.03149,,,59.889,62.047,64.204,66.362,68.52,70.677,72.835,74.993,77.151,lhfa-boys-zscore-expanded-tables (1).xlsx
LHFA,M,,201,,1,68.5699,0.03148,,,59.936,62.094,64.253,66.411,68.57,70.728,72.887,75.046,77.204,lhfa-boys-zscore-expanded-tables (1).xlsx
LHFA,M,,202,,1,68.6199,0.03147,,,59.982,62.141,64.301,66.46,68.62,70.779,72.939,75.098,77.258,lhfa-boys-zscore-expanded-tables (1).xlsx
LHFA,M,,203,,1,68.6698,0.03147,,,60.026,62.187,64.348,66.509,68.67,70.831,72.992,75.153,77.314,lhfa-boys-zscore-expanded-tables (1).xlsx
LHFA,M,,204,,1,68.7195,0.03146,,,60.072,62.234,64.396,66.558,68.72,70.881,73.043,75.205,77.367,lhfa-boys-zscore-expanded-tables (1).xlsx
LHFA,M,,205,,1,68.7691,0.03145,,,60.118,62.281,64.444,66.606,68.769,70.932,73.095,75.257,77.42,lhfa-boys-zscore-expanded-tables (1).xlsx
LHFA,M,,206,,1,68.8186,0.03144,,,60.164,62.328,64.491,66.655,68.819,70.982,73.146,75.31,77.473,lhfa-boys-zscore-expanded-tables (1).xlsx
LHFA,M,,207,,1,68.8679,0.03144,,,60.207,62.372,64.537,66.703,68.868,71.033,73.198,75.364,77.529,lhfa-boys-zscore-expanded-tables (1).xlsx
LHFA,M,,208,,1,68.9171,0.03143,,,60.253,62.419,64.585,66.751,68.917,71.083,73.249,75.415,77.581,lhfa-boys-zscore-expanded-tables (1).xlsx
LHFA,M,,209,,1,68.9662,0.03142,,,60.299,62.465,64.632,66.799,68.966,71.133,73.3,75.467,77.634,lhfa-boys-zscore-expanded-tables (1).xlsx
LHFA,M,,210,,1,69.0152,0.03141,,,60.344,62.512,64.68,66.847,69.015,71.183,73.351,75.519,77.686,lhfa-boys-zscore-expanded-tables (1).xlsx
LHFA,M,,211,,1,69.0641,0.03141,,,60.387,62.556,64.725,66.895,69.064,71.233,73.403,75.572,77.741,lhfa-boys-zscore-expanded-tables (1).xlsx
LHFA,M,,212,,1,69.1128,0.0314,,,60.432,62.602,64.773,66.943,69.113,71.283,73.453,75.623,77.793,lhfa-boys-zscore-expanded-tables (1).xlsx
LHFA,M,,213,,1,69.1615,0.03139,,,60.478,62.649,64.82,66.991,69.162,71.332,73.503,75.674,77.845,lhfa-boys-zscore-expanded-tables (1).xlsx
LHFA,M,,214,,1,69.21,0.03139,,,60.52,62.692,64.865,67.037,69.21,71.383,73.555,75.728,77.9,lhfa-boys-zscore-expanded-tables (1).xlsx
LHFA,M,,215,,1,69.2584,0.03138,,,60.565,62.738,64.912,67.085,69.258,71.432,73.605,75.778,77.952,lhfa-boys-zscore-expanded-tables (1).xlsx
LHFA,M,,216,,1,69.3067,0.03137,,,60.61,62.784,64.958,67.133,69.307,71.481,73.655,75.829,78.003,lhfa-boys-zscore-expanded-tables (1).xlsx
LHFA,M,,217,,1,69.3549,0.03137,,,60.652,62.828,65.004,67.179,69.355,71.531,73.706,75.882,78.058,lhfa-boys-zscore-expanded-tables (1).xlsx
LHFA,M,,218,,1,69.4031,0.03136,,,60.697,62.874,65.05,67.227,69.403,71.58,73.756,75.933,78.109,lhfa-boys-zscore-expanded-tables (1).xlsx
LHFA,M,,219,,1,69.4511,0.03136,,,60.739,62.917,65.095,67.273,69.451,71.629,73.807,75.985,78.163,lhfa-boys-zscore-expanded-tables (1).xlsx
LHFA,M,,220,,1,69.499,0.03135,,,60.784,62.963,65.141,67.32,69.499,71.678,73.857,76.035,78.214,lhfa-boys-zscore-expanded-tables (1).xlsx
LHFA,M,,221,,1,69.5468,0.03134,,,60.828,63.008,65.188,67.367,69.547,71.726,73.906,76.086,78.265,lhfa-boys-zscore-expanded-tables (1).xlsx
LHFA,M,,222,,1,69.5945,0.03134,,,60.87,63.051,65.232,67.413,69.594,71.776,73.957,76.138,78.319,lhfa-boys-zscore-expanded-tables (1).xlsx
LHFA,M,,223,,1,69.6421,0.03133,,,60.915,63.096,65.278,67.46,69.642,71.824,74.006,76.188,78.37,lhfa-boys-zscore-expanded-tables (1).xlsx
LHFA,M,,224,,1,69.6896,0.03133,,,60.956,63.139,65.323,67.506,69.69,71.873,74.056,76.24,78.423,lhfa-boys-zscore-expanded-tables (1).xlsx
LHFA,M,,225,,1,69.737,0.03132,,,61,63.185,65.369,67.553,69.737,71.921,74.105,76.289,78.474,lhfa-boys-zscore-expanded-tables (1).xlsx
LHFA,M,,226,,1,69.7844,0.03132,,,61.042,63.227,65.413,67.599,69.784,71.97,74.156,76.341,78.527,lhfa-boys-zscore-expanded-tables (1).xlsx
LHFA,M,,227,,1,69.8316,0.03131,,,61.086,63.272,65.459,67.645,69.832,72.018,74.204,76.391,78.577,lhfa-boys-zscore-expanded-tables (1).xlsx
LHFA,M,,228,,1,69.8787,0.03131,,,61.127,63.315,65.503,67.691,69.879,72.067,74.255,76.442,78.63,lhfa-boys-zscore-expanded-tables (1).xlsx
LHFA,M,,229,,1,69.9258,0.0313,,,61.171,63.36,65.548,67.737,69.926,72.114,74.303,76.492,78.681,lhfa-boys-zscore-expanded-tables (1).xlsx
LHFA,M,,230,,1,69.9728,0.0313,,,61.212,63.402,65.593,67.783,69.973,72.163,74.353,76.543,78.733,lhfa-boys-zscore-expanded-tables (1).xlsx
LHFA,M,,231,,1,70.0197,0.03129,,,61.256,63.447,65.638,67.829,70.02,72.211,74.402,76.592,78.783,lhfa-boys-zscore-expanded-tables (1).xlsx
LHFA,M,,232,,1,70.0665,0.03129,,,61.297,63.489,65.682,67.874,70.066,72.259,74.451,76.644,78.836,lhfa-boys-zscore-expanded-tables (1).xlsx
LHFA,M,,233,,1,70.1132,0.03128,,,61.341,63.534,65.727,67.92,70.113,72.306,74.499,76.693,78.886,lhfa-boys-zscore-expanded-tables (1).xlsx
LHFA,M,,234,,1,70.1599,0.03128,,,61.381,63.576,65.771,67.965,70.16,72.355,74.549,76.744,78.938,lhfa-boys-zscore-expanded-tables (1).xlsx
LHFA,M,,235,,1,70.2064,0.03127,,,61.425,63.62,65.816,68.011,70.206,72.402,74.597,76.792,78.988,lhfa-boys-zscore-expanded-tables (1).xlsx
LHFA,M,,236,,1,70.2529,0.03127,,,61.466,63.662,65.859,68.056,70.253,72.45,74.647,76.843,79.04,lhfa-boys-zscore-expanded-tables (1).xlsx
LHFA,M,,237,,1,70.2994,0.03126,,,61.509,63.707,65.904,68.102,70.299,72.497,74.695,76.892,79.09,lhfa-boys-zscore-expanded-tables (1).xlsx
LHFA,M,,238,,1,70.3457,0.03126,,,61.55,63.749,65.948,68.147,70.346,72.545,74.744,76.943,79.142,lhfa-boys-zscore-expanded-tables (1).xlsx
LHFA,M,,239,,1,70.392,0.03126,,,61.59,63.791,65.991,68.192,70.392,72.592,74.793,76.993,79.194,lhfa-boys-zscore-expanded-tables (1).xlsx
LHFA,M,,240,,1,70.4382,0.03125,,,61.633,63.835,66.036,68.237,70.438,72.639,74.841,77.042,79.243,lhfa-boys-zscore-expanded-tables (1).xlsx
LHFA,M,,241,,1,70.4843,0.03125,,,61.674,63.876,66.079,68.282,70.484,72.687,74.89,77.092,79.295,lhfa-boys-zscore-expanded-tables (1).xlsx
LHFA,M,,242,,1,70.5304,0.03125,,,61.714,63.918,66.122,68.326,70.53,72.734,74.939,77.143,79.347,lhfa-boys-zscore-expanded-tables (1).xlsx
LHFA,M,,243,,1,70.5764,0.03124,,,61.757,63.962,66.167,68.372,70.576,72.781,74.986,77.191,79.396,lhfa-boys-zscore-expanded-tables (1).xlsx
LHFA,M,,244,,1,70.6224,0.03124,,,61.797,64.004,66.21,68.416,70.622,72.829,75.035,77.241,79.447,lhfa-boys-zscore-expanded-tables (1).xlsx
LHFA,M,,245,,1,70.6683,0.03123,,,61.84,64.047,66.254,68.461,70.668,72.875,75.082,77.289,79.496,lhfa-boys-zscore-expanded-tables (1).xlsx
LHFA,M,,246,,1,70.7141,0.03123,,,61.88,64.089,66.297,68.506,70.714,72.923,75.131,77.339,79.548,lhfa-boys-zscore-expanded-tables (1).xlsx
LHFA,M,,247,,1,70.7598,0.03123,,,61.92,64.13,66.34,68.55,70.76,72.97,75.179,77.389,79.599,lhfa-boys-zscore-expanded-tables (1).xlsx
LHFA,M,,248,,1,70.8055,0.03122,,,61.963,64.174,66.384,68.595,70.806,73.016,75.227,77.437,79.648,lhfa-boys-zscore-expanded-tables (1).xlsx
LHFA,M,,249,,1,70.8511,0.03122,,,62.003,64.215,66.427,68.639,70.851,73.063,75.275,77.487,79.699,lhfa-boys-zscore-expanded-tables (1).xlsx
LHFA,M,,250,,1,70.8967,0.03122,,,62.043,64.257,66.47,68.683,70.897,73.11,75.323,77.537,79.75,lhfa-boys-zscore-expanded-tables (1).xlsx
LHFA,M,,251,,1,70.9422,0.03122,,,62.083,64.298,66.513,68.727,70.942,73.157,75.372,77.587,79.801,lhfa-boys-zscore-expanded-tables (1).xlsx
LHFA,M,,252,,1,70.9876,0.03121,,,62.126,64.341,66.557,68.772,70.988,73.203,75.419,77.634,79.85,lhfa-boys-zscore-expanded-tables (1).xlsx
LHFA,M,,253,,1,71.033,0.03121,,,62.165,64.382,66.599,68.816,71.033,73.25,75.467,77.684,79.901,lhfa-boys-zscore-expanded-tables (1).xlsx
LHFA,M,,254,,1,71.0783,0.03121,,,62.205,64.423,66.642,68.86,71.078,73.297,75.515,77.733,79.952,lhfa-boys-zscore-expanded-tables (1).xlsx
LHFA,M,,255,,1,71.1235,0.03121,,,62.244,64.464,66.684,68.904,71.124,73.343,75.563,77.783,80.003,lhfa-boys-zscore-expanded-tables (1).xlsx
LHFA,M,,256,,1,71.1687,0.0312,,,62.287,64.507,66.728,68.948,71.169,73.389,75.61,77.83,80.051,lhfa-boys-zscore-expanded-tables (1).xlsx
LHFA,M,,257,,1,71.2138,0.0312,,,62.326,64.548,66.77,68.992,71.214,73.436,75.658,77.879,80.101,lhfa-boys-zscore-expanded-tables (1).xlsx
LHFA,M,,258,,1,71.2589,0.0312,,,62.366,64.589,66.812,69.036,71.259,73.482,75.705,77.929,80.152,lhfa-boys-zscore-expanded-tables (1).xlsx
LHFA,M,,259,,1,71.3039,0.0312,,,62.405,64.63,66.855,69.079,71.304,73.529,75.753,77.978,80.203,lhfa-boys-zscore-expanded-tables (1).xlsx
LHFA,M,,260,,1,71.3488,0.03119,,,62.447,64.673,66.898,69.123,71.349,73.574,75.8,78.025,80.25,lhfa-boys-zscore-expanded-tables (1).xlsx
LHFA,M,,261,,1,71.3937,0.03119,,,62.487,64.713,66.94,69.167,71.394,73.62,75.847,78.074,80.301,lhfa-boys-zscore-expanded-tables (1).xlsx
LHFA,M,,262,,1,71.4385,0.03119,,,62.526,64.754,66.982,69.21,71.438,73.667,75.895,78.123,80.351,lhfa-boys-zscore-expanded-tables (1).xlsx
LHFA,M,,263,,1,71.4832,0.03119,,,62.565,64.795,67.024,69.254,71.483,73.713,75.942,78.172,80.401,lhfa-boys-zscore-expanded-tables (1).xlsx
LHFA,M,,264,,1,71.5279,0.03119,,,62.604,64.835,67.066,69.297,71.528,73.759,75.99,78.221,80.452,lhfa-boys-zscore-expanded-tables (1).xlsx
LHFA,M,,265,,1,71.5725,0.03118,,,62.646,64.878,67.109,69.341,71.572,73.804,76.036,78.267,80.499,lhfa-boys-zscore-expanded-tables (1).xlsx
LHFA,M,,266,,1,71.6171,0.03118,,,62.685,64.918,67.151,69.384,71.617,73.85,76.083,78.316,80.549,lhfa-boys-zscore-expanded-tables (1).xlsx
LHFA,M,,267,,1,71.6616,0.03118,,,62.724,64.958,67.193,69.427,71.662,73.896,76.13,78.365,80.599,lhfa-boys-zscore-expanded-tables (1).xlsx
LHFA,M,,268,,1,71.706,0.03118,,,62.763,64.999,67.234,69.47,71.706,73.942,76.178,78.413,80.649,lhfa-boys-zscore-expanded-tables (1).xlsx
LHFA,M,,269,,1,71.7504,0.03118,,,62.802,65.039,67.276,69.513,71.75,73.988,76.225,78.462,80.699,lhfa-boys-zscore-expanded-tables (1).xlsx
LHFA,M,,270,,1,71.7947,0.03118,,,62.84,65.079,67.318,69.556,71.795,74.033,76.272,78.51,80.749,lhfa-boys-zscore-expanded-tables (1).xlsx
LHFA,M,,271,,1,71.839,0.03118,,,62.879,65.119,67.359,69.599,71.839,74.079,76.319,78.559,80.799,lhfa-boys-zscore-expanded-tables (1).xlsx
LHFA,M,,272,,1,71.8832,0.03118,,,62.918,65.159,67.401,69.642,71.883,74.125,76.366,78.607,80.848,lhfa-boys-zscore-expanded-tables (1).xlsx
LHFA,M,,273,,1,71.9273,0.03117,,,62.959,65.201,67.443,69.685,71.927,74.169,76.411,78.653,80.895,lhfa-boys-zscore-expanded-tables (1).xlsx
LHFA,M,,274,,1,71.9714,0.03117,,,62.998,65.241,67.485,69.728,71.971,74.215,76.458,78.701,80.945,lhfa-boys-zscore-expanded-tables (1).xlsx
LHFA,M,,275,,1,72.0154,0.03117,,,63.037,65.281,67.526,69.771,72.015,74.26,76.505,78.75,80.994,lhfa-boys-zscore-expanded-tables (1).xlsx
LHFA,M,,276,,1,72.0594,0.03117,,,63.075,65.321,67.567,69.813,72.059,74.305,76.552,78.798,81.044,lhfa-boys-zscore-expanded-tables (1).xlsx
LHFA,M,,277,,1,72.1033,0.03117,,,63.113,65.361,67.608,69.856,72.103,74.351,76.598,78.846,81.093,lhfa-boys-zscore-expanded-tables (1).xlsx
LHFA,M,,278,,1,72.1472,0.03117,,,63.152,65.401,67.65,69.898,72.147,74.396,76.645,78.894,81.143,lhfa-boys-zscore-expanded-tables (1).xlsx
LHFA,M,,279,,1,72.1909,0.03117,,,63.19,65.44,67.691,69.941,72.191,74.441,76.691,78.941,81.192,lhfa-boys-zscore-expanded-tables (1).xlsx
LHFA,M,,280,,1,72.2347,0.03117,,,63.228,65.48,67.732,69.983,72.235,74.486,76.738,78.989,81.241,lhfa-boys-zscore-expanded-tables (1).xlsx
LHFA,M,,281,,1,72.2783,0.03117,,,63.267,65.52,67.772,70.025,72.278,74.531,76.784,79.037,81.29,lhfa-boys-zscore-expanded-tables (1).xlsx
LHFA,M,,282,,1,72.3219,0.03117,,,63.305,65.559,67.813,70.068,72.322,74.576,76.83,79.085,81.339,lhfa-boys-zscore-expanded-tables (1).xlsx
LHFA,M,,283,,1,72.3655,0.03117,,,63.343,65.599,67.854,70.11,72.366,74.621,76.877,79.132,81.388,lhfa-boys-zscore-expanded-tables (1).xlsx
LHFA,M,,284,,1,72.4089,0.03117,,,63.381,65.638,67.895,70.152,72.409,74.666,76.923,79.18,81.437,lhfa-boys-zscore-expanded-tables (1).xlsx
LHFA,M,,285,,1,72.4523,0.03117,,,63.419,65.677,67.936,70.194,72.452,74.711,76.969,79.227,81.486,lhfa-boys-zscore-expanded-tables (1).xlsx
LHFA,M,,286,,1,72.4957,0.03117,,,63.457,65.717,67.976,70.236,72.496,74.755,77.015,79.275,81.534,lhfa-boys-zscore-expanded-tables (1).xlsx
LHFA,M,,287,,1,72.539,0.03117,,,63.495,65.756,68.017,70.278,72.539,74.8,77.061,79.322,81.583,lhfa-boys-zscore-expanded-tables (1).xlsx
LHFA,M,,288,,1,72.5822,0.03117,,,63.533,65.795,68.057,70.32,72.582,74.845,77.107,79.369,81.632,lhfa-boys-zscore-expanded-tables (1).xlsx
LHFA,M,,289,,1,72.6253,0.03117,,,63.57,65.834,68.098,70.362,72.625,74.889,77.153,79.416,81.68,lhfa-boys-zscore-expanded-tables (1).xlsx
LHFA,M,,290,,1,72.6684,0.03117,,,63.608,65.873,68.138,70.403,72.668,74.933,77.199,79.464,81.729,lhfa-boys-zscore-expanded-tables (1).xlsx
LHFA,M,,291,,1,72.7115,0.03117,,,63.646,65.912,68.179,70.445,72.712,74.978,77.244,79.511,81.777,lhfa-boys-zscore-expanded-tables (1).xlsx
LHFA,M,,292,,1,72.7544,0.03117,,,63.683,65.951,68.219,70.487,72.754,75.022,77.29,79.558,81.825,lhfa-boys-zscore-expanded-tables (1).xlsx
LHFA,M,,293,,1,72.7974,0.03117,,,63.721,65.99,68.259,70.528,72.797,75.066,77.336,79.605,81.874,lhfa-boys-zscore-expanded-tables (1).xlsx
LHFA,M,,294,,1,72.8402,0.03117,,,63.758,66.029,68.299,70.57,72.84,75.111,77.381,79.651,81.922,lhfa-boys-zscore-expanded-tables (1).xlsx
LHFA,M,,295,,1,72.883,0.03117,,,63.796,66.068,68.339,70.611,72.883,75.155,77.427,79.698,81.97,lhfa-boys-zscore-expanded-tables (1).xlsx
LHFA,M,,296,,1,72.9257,0.03117,,,63.833,66.106,68.38,70.653,72.926,75.199,77.472,79.745,82.018,lhfa-boys-zscore-expanded-tables (1).xlsx
LHFA,M,,297,,1,72.9684,0.03117,,,63.871,66.145,68.42,70.694,72.968,75.243,77.517,79.792,82.066,lhfa-boys-zscore-expanded-tables (1).xlsx
LHFA,M,,298,,1,73.011,0.03117,,,63.908,66.184,68.459,70.735,73.011,75.287,77.563,79.838,82.114,lhfa-boys-zscore-expanded-tables (1).xlsx
LHFA,M,,299,,1,73.0535,0.03118,,,63.942,66.22,68.498,70.776,73.054,75.331,77.609,79.887,82.165,lhfa-boys-zscore-expanded-tables (1).xlsx
LHFA,M,,300,,1,73.096,0.03118,,,63.979,66.259,68.538,70.817,73.096,75.375,77.654,79.933,82.213,lhfa-boys-zscore-expanded-tables (1).xlsx
LHFA,M,,301,,1,73.1384,0.03118,,,64.017,66.297,68.577,70.858,73.138,75.419,77.699,79.98,82.26,lhfa-boys-zscore-expanded-tables (1).xlsx
LHFA,M,,302,,1,73.1808,0.03118,,,64.054,66.335,68.617,70.899,73.181,75.463,77.744,80.026,82.308,lhfa-boys-zscore-expanded-tables (1).xlsx
LHFA,M,,303,,1,73.2231,0.03118,,,64.091,66.374,68.657,70.94,73.223,75.506,77.789,80.072,82.355,lhfa-boys-zscore-expanded-tables (1).xlsx
LHFA,M,,304,,1,73.2653,0.03118,,,64.128,66.412,68.696,70.981,73.265,75.55,77.834,80.119,82.403,lhfa-boys-zscore-expanded-tables (1).xlsx
LHFA,M,,305,,1,73.3075,0.03118,,,64.165,66.45,68.736,71.022,73.308,75.593,77.879,80.165,82.45,lhfa-boys-zscore-expanded-tables (1).xlsx
LHFA,M,,306,,1,73.3497,0.03118,,,64.202,66.489,68.776,71.063,73.35,75.637,77.924,80.211,82.498,lhfa-boys-zscore-expanded-tables (1).xlsx
LHFA,M,,307,,1,73.3917,0.03119,,,64.235,66.524,68.814,71.103,73.392,75.681,77.97,80.259,82.548,lhfa-boys-zscore-expanded-tables (1).xlsx
LHFA,M,,308,,1,73.4337,0.03119,,,64.272,66.563,68.853,71.143,73.434,75.724,78.014,80.305,82.595,lhfa-boys-zscore-expanded-tables (1).xlsx
LHFA,M,,309,,1,73.4757,0.03119,,,64.309,66.601,68.892,71.184,73.476,75.767,78.059,80.351,82.643,lhfa-boys-zscore-expanded-tables (1).xlsx
LHFA,M,,310,,1,73.5176,0.03119,,,64.346,66.639,68.932,71.225,73.518,75.811,78.104,80.397,82.69,lhfa-boys-zscore-expanded-tables (1).xlsx
LHFA,M,,311,,1,73.5594,0.03119,,,64.382,66.676,68.971,71.265,73.559,75.854,78.148,80.442,82.737,lhfa-boys-zscore-expanded-tables (1).xlsx
LHFA,M,,312,,1,73.6012,0.03119,,,64.419,66.714,69.01,71.306,73.601,75.897,78.192,80.488,82.784,lhfa-boys-zscore-expanded-tables (1).xlsx
LHFA,M,,313,,1,73.6429,0.0312,,,64.452,66.75,69.048,71.345,73.643,75.941,78.238,80.536,82.834,lhfa-boys-zscore-expanded-tables (1).xlsx
LHFA,M,,314,,1,73.6845,0.0312,,,64.489,66.788,69.087,71.386,73.684,75.983,78.282,80.581,82.88,lhfa-boys-zscore-expanded-tables (1).xlsx
LHFA,M,,315,,1,73.7261,0.0312,,,64.525,66.825,69.126,71.426,73.726,76.026,78.327,80.627,82.927,lhfa-boys-zscore-expanded-tables (1).xlsx
LHFA,M,,316,,1,73.7677,0.0312,,,64.561,66.863,69.165,71.466,73.768,76.069,78.371,80.672,82.974,lhfa-boys-zscore-expanded-tables (1).xlsx
LHFA,M,,317,,1,73.8091,0.0312,,,64.598,66.901,69.203,71.506,73.809,76.112,78.415,80.718,83.02,lhfa-boys-zscore-expanded-tables (1).xlsx
LHFA,M,,318,,1,73.8506,0.03121,,,64.631,66.936,69.241,71.546,73.851,76.155,78.46,80.765,83.07,lhfa-boys-zscore-expanded-tables (1).xlsx
LHFA,M,,319,,1,73.8919,0.03121,,,64.667,66.973,69.28,71.586,73.892,76.198,78.504,80.81,83.117,lhfa-boys-zscore-expanded-tables (1).xlsx
LHFA,M,,320,,1,73.9333,0.03121,,,64.703,67.011,69.318,71.626,73.933,76.241,78.548,80.856,83.163,lhfa-boys-zscore-expanded-tables (1).xlsx
LHFA,M,,321,,1,73.9745,0.03121,,,64.74,67.048,69.357,71.666,73.974,76.283,78.592,80.901,83.209,lhfa-boys-zscore-expanded-tables (1).xlsx
LHFA,M,,322,,1,74.0157,0.03122,,,64.773,67.083,69.394,71.705,74.016,76.326,78.637,80.948,83.259,lhfa-boys-zscore-expanded-tables (1).xlsx
LHFA,M,,323,,1,74.0569,0.03122,,,64.809,67.121,69.433,71.745,74.057,76.369,78.681,80.993,83.305,lhfa-boys-zscore-expanded-tables (1).xlsx
LHFA,M,,324,,1,74.0979,0.03122,,,64.845,67.158,69.471,71.785,74.098,76.411,78.725,81.038,83.351,lhfa-boys-zscore-expanded-tables (1).xlsx
LHFA,M,,325,,1,74.139,0.03122,,,64.881,67.195,69.51,71.824,74.139,76.454,78.768,81.083,83.397,lhfa-boys-zscore-expanded-tables (1).xlsx
LHFA,M,,326,,1,74.18,0.03123,,,64.913,67.23,69.547,71.863,74.18,76.497,78.813,81.13,83.447,lhfa-boys-zscore-expanded-tables (1).xlsx
LHFA,M,,327,,1,74.2209,0.03123,,,64.949,67.267,69.585,71.903,74.221,76.539,78.857,81.175,83.493,lhfa-boys-zscore-expanded-tables (1).xlsx
LHFA,M,,328,,1,74.2618,0.03123,,,64.985,67.304,69.623,71.943,74.262,76.581,78.9,81.219,83.539,lhfa-boys-zscore-expanded-tables (1).xlsx
LHFA,M,,329,,1,74.3026,0.03124,,,65.018,67.339,69.66,71.981,74.303,76.624,78.945,81.266,83.587,lhfa-boys-zscore-expanded-tables (1).xlsx
LHFA,M,,330,,1,74.3433,0.03124,,,65.053,67.376,69.698,72.021,74.343,76.666,78.988,81.311,83.633,lhfa-boys-zscore-expanded-tables (1).xlsx
LHFA,M,,331,,1,74.3841,0.03124,,,65.089,67.413,69.737,72.06,74.384,76.708,79.032,81.355,83.679,lhfa-boys-zscore-expanded-tables (1).xlsx
LHFA,M,,332,,1,74.4247,0.03124,,,65.125,67.45,69.775,72.1,74.425,76.75,79.075,81.4,83.725,lhfa-boys-zscore-expanded-tables (1).xlsx
LHFA,M,,333,,1,74.4653,0.03125,,,65.157,67.484,69.811,72.138,74.465,76.792,79.119,81.446,83.773,lhfa-boys-zscore-expanded-tables (1).xlsx
LHFA,M,,334,,1,74.5059,0.03125,,,65.193,67.521,69.849,72.178,74.506,76.834,79.163,81.491,83.819,lhfa-boys-zscore-expanded-tables (1).xlsx
LHFA,M,,335,,1,74.5464,0.03125,,,65.228,67.558,69.887,72.217,74.546,76.876,79.206,81.535,83.865,lhfa-boys-zscore-expanded-tables (1).xlsx
LHFA,M,,336,,1,74.5868,0.03126,,,65.26,67.592,69.924,72.255,74.587,76.918,79.25,81.582,83.913,lhfa-boys-zscore-expanded-tables (1).xlsx
LHFA,M,,337,,1,74.6272,0.03126,,,65.296,67.629,69.962,72.294,74.627,76.96,79.293,81.626,83.959,lhfa-boys-zscore-expanded-tables (1).xlsx
LHFA,M,,338,,1,74.6676,0.03126,,,65.331,67.665,69.999,72.333,74.668,77.002,79.336,81.67,84.004,lhfa-boys-zscore-expanded-tables (1).xlsx
LHFA,M,,339,,1,74.7079,0.03127,,,65.363,67.7,70.036,72.372,74.708,77.044,79.38,81.716,84.052,lhfa-boys-zscore-expanded-tables (1).xlsx
LHFA,M,,340,,1,74.7481,0.03127,,,65.399,67.736,70.073,72.411,74.748,77.085,79.423,81.76,84.098,lhfa-boys-zscore-expanded-tables (1).xlsx
LHFA,M,,341,,1,74.7883,0.03127,,,65.434,67.772,70.111,72.45,74.788,77.127,79.466,81.804,84.143,lhfa-boys-zscore-expanded-tables (1).xlsx
LHFA,M,,342,,1,74.8285,0.03128,,,65.466,67.807,70.147,72.488,74.828,77.169,79.51,81.85,84.191,lhfa-boys-zscore-expanded-tables (1).xlsx
LHFA,M,,343,,1,74.8686,0.03128,,,65.501,67.843,70.185,72.527,74.869,77.21,79.552,81.894,84.236,lhfa-boys-zscore-expanded-tables (1).xlsx
LHFA,M,,344,,1,74.9086,0.03128,,,65.536,67.879,70.222,72.565,74.909,77.252,79.595,81.938,84.281,lhfa-boys-zscore-expanded-tables (1).xlsx
LHFA,M,,345,,1,74.9486,0.03129,,,65.568,67.913,70.258,72.603,74.949,77.294,79.639,81.984,84.329,lhfa-boys-zscore-expanded-tables (1).xlsx
LHFA,M,,346,,1,74.9886,0.03129,,,65.603,67.949,70.296,72.642,74.989,77.335,79.681,82.028,84.374,lhfa-boys-zscore-expanded-tables (1).xlsx
LHFA,M,,347,,1,75.0285,0.0313,,,65.635,67.983,70.332,72.68,75.028,77.377,79.725,82.074,84.422,lhfa-boys-zscore-expanded-tables (1).xlsx
LHFA,M,,348,,1,75.0683,0.0313,,,65.67,68.019,70.369,72.719,75.068,77.418,79.768,82.117,84.467,lhfa-boys-zscore-expanded-tables (1).xlsx
LHFA,M,,349,,1,75.1081,0.0313,,,65.705,68.055,70.406,72.757,75.108,77.459,79.81,82.161,84.512,lhfa-boys-zscore-expanded-tables (1).xlsx
LHFA,M,,350,,1,75.1479,0.03131,,,65.736,68.089,70.442,72.795,75.148,77.501,79.854,82.207,84.559,lhfa-boys-zscore-expanded-tables (1).xlsx
LHFA,M,,351,,1,75.1876,0.03131,,,65.771,68.125,70.479,72.833,75.188,77.542,79.896,82.25,84.604,lhfa-boys-zscore-expanded-tables (1).xlsx
LHFA,M,,352,,1,75.2273,0.03132,,,65.803,68.159,70.515,72.871,75.227,77.583,79.94,82.296,84.652,lhfa-boys-zscore-expanded-tables (1).xlsx
LHFA,M,,353,,1,75.2669,0.03132,,,65.837,68.195,70.552,72.91,75.267,77.624,79.982,82.339,84.696,lhfa-boys-zscore-expanded-tables (1).xlsx
LHFA,M,,354,,1,75.3065,0.03132,,,65.872,68.231,70.589,72.948,75.306,77.665,80.024,82.382,84.741,lhfa-boys-zscore-expanded-tables (1).xlsx
LHFA,M,,355,,1,75.346,0.03133,,,65.904,68.264,70.625,72.985,75.346,77.707,80.067,82.428,84.788,lhfa-boys-zscore-expanded-tables (1).xlsx
LHFA,M,,356,,1,75.3855,0.03133,,,65.938,68.3,70.662,73.024,75.386,77.747,80.109,82.471,84.833,lhfa-boys-zscore-expanded-tables (1).xlsx
LHFA,M,,357,,1,75.425,0.03134,,,65.97,68.334,70.697,73.061,75.425,77.789,80.153,82.516,84.88,lhfa-boys-zscore-expanded-tables (1).xlsx
LHFA,M,,358,,1,75.4644,0.03134,,,66.004,68.369,70.734,73.099,75.464,77.829,80.195,82.56,84.925,lhfa-boys-zscore-expanded-tables (1).xlsx
LHFA,M,,359,,1,75.5037,0.03135,,,66.036,68.403,70.77,73.137,75.504,77.871,80.238,82.605,84.972,lhfa-boys-zscore-expanded-tables (1).xlsx
LHFA,M,,360,,1,75.5431,0.03135,,,66.07,68.438,70.807,73.175,75.543,77.911,80.28,82.648,85.016,lhfa-boys-zscore-expanded-tables (1).xlsx
LHFA,M,,361,,1,75.5824,0.03136,,,66.101,68.472,70.842,73.212,75.582,77.953,80.323,82.693,85.063,lhfa-boys-zscore-expanded-tables (1).xlsx
LHFA,M,,362,,1,75.6216,0.03136,,,66.136,68.507,70.879,73.25,75.622,77.993,80.365,82.736,85.108,lhfa-boys-zscore-expanded-tables (1).xlsx
LHFA,M,,363,,1,75.6608,0.03136,,,66.17,68.543,70.915,73.288,75.661,78.034,80.406,82.779,85.152,lhfa-boys-zscore-expanded-tables (1).xlsx
LHFA,M,,364,,1,75.6999,0.03137,,,66.201,68.576,70.95,73.325,75.7,78.075,80.449,82.824,85.199,lhfa-boys-zscore-expanded-tables (1).xlsx
LHFA,M,,365,,1,75.7391,0.03137,,,66.235,68.611,70.987,73.363,75.739,78.115,80.491,82.867,85.243,lhfa-boys-zscore-expanded-tables (1).xlsx
LHFA,M,,366,,1,75.7781,0.03138,,,66.266,68.644,71.022,73.4,75.778,78.156,80.534,82.912,85.29,lhfa-boys-zscore-expanded-tables (1).xlsx
LHFA,M,,367,,1,75.8172,0.03138,,,66.301,68.68,71.059,73.438,75.817,78.196,80.575,82.955,85.334,lhfa-boys-zscore-expanded-tables (1).xlsx
LHFA,M,,368,,1,75.8562,0.03139,,,66.332,68.713,71.094,73.475,75.856,78.237,80.618,83,85.381,lhfa-boys-zscore-expanded-tables (1).xlsx
LHFA,M,,369,,1,75.8951,0.03139,,,66.366,68.748,71.13,73.513,75.895,78.277,80.66,83.042,85.424,lhfa-boys-zscore-expanded-tables (1).xlsx
LHFA,M,,370,,1,75.934,0.0314,,,66.397,68.781,71.165,73.55,75.934,78.318,80.703,83.087,85.471,lhfa-boys-zscore-expanded-tables (1).xlsx
LHFA,M,,371,,1,75.9729,0.0314,,,66.431,68.816,71.202,73.587,75.973,78.358,80.744,83.13,85.515,lhfa-boys-zscore-expanded-tables (1).xlsx
LHFA,M,,372,,1,76.0117,0.03141,,,66.462,68.849,71.237,73.624,76.012,78.399,80.787,83.174,85.562,lhfa-boys-zscore-expanded-tables (1).xlsx
LHFA,M,,373,,1,76.0505,0.03141,,,66.496,68.884,71.273,73.662,76.05,78.439,80.828,83.217,85.605,lhfa-boys-zscore-expanded-tables (1).xlsx
LHFA,M,,374,,1,76.0892,0.03142,,,66.526,68.917,71.308,73.698,76.089,78.48,80.871,83.261,85.652,lhfa-boys-zscore-expanded-tables (1).xlsx
LHFA,M,,375,,1,76.1279,0.03142,,,66.56,68.952,71.344,73.736,76.128,78.52,80.912,83.304,85.696,lhfa-boys-zscore-expanded-tables (1).xlsx
LHFA,M,,376,,1,76.1665,0.03143,,,66.591,68.985,71.379,73.773,76.166,78.56,80.954,83.348,85.742,lhfa-boys-zscore-expanded-tables (1).xlsx
LHFA,M,,377,,1,76.2051,0.03143,,,66.625,69.02,71.415,73.81,76.205,78.6,80.995,83.39,85.786,lhfa-boys-zscore-expanded-tables (1).xlsx
LHFA,M,,378,,1,76.2437,0.03144,,,66.655,69.052,71.449,73.847,76.244,78.641,81.038,83.435,85.832,lhfa-boys-zscore-expanded-tables (1).xlsx
LHFA,M,,379,,1,76.2822,0.03144,,,66.689,69.087,71.486,73.884,76.282,78.681,81.079,83.477,85.875,lhfa-boys-zscore-expanded-tables (1).xlsx
LHFA,M,,380,,1,76.3207,0.03145,,,66.72,69.12,71.52,73.92,76.321,78.721,81.121,83.522,85.922,lhfa-boys-zscore-expanded-tables (1).xlsx
LHFA,M,,381,,1,76.3591,0.03146,,,66.75,69.152,71.555,73.957,76.359,78.761,81.164,83.566,85.968,lhfa-boys-zscore-expanded-tables (1).xlsx
LHFA,M,,382,,1,76.3975,0.03146,,,66.784,69.187,71.591,73.994,76.398,78.801,81.204,83.608,86.011,lhfa-boys-zscore-expanded-tables (1).xlsx
LHFA,M,,383,,1,76.4358,0.03147,,,66.814,69.219,71.625,74.03,76.436,78.841,81.247,83.652,86.058,lhfa-boys-zscore-expanded-tables (1).xlsx
LHFA,M,,384,,1,76.4741,0.03147,,,66.848,69.254,71.661,74.067,76.474,78.881,81.287,83.694,86.101,lhfa-boys-zscore-expanded-tables (1).xlsx
LHFA,M,,385,,1,76.5124,0.03148,,,66.878,69.287,71.695,74.104,76.512,78.921,81.33,83.738,86.147,lhfa-boys-zscore-expanded-tables (1).xlsx
LHFA,M,,386,,1,76.5506,0.03148,,,66.911,69.321,71.731,74.141,76.551,78.96,81.37,83.78,86.19,lhfa-boys-zscore-expanded-tables (1).xlsx
LHFA,M,,387,,1,76.5888,0.03149,,,66.942,69.353,71.765,74.177,76.589,79.001,81.412,83.824,86.236,lhfa-boys-zscore-expanded-tables (1).xlsx
LHFA,M,,388,,1,76.6269,0.03149,,,66.975,69.388,71.801,74.214,76.627,79.04,81.453,83.866,86.279,lhfa-boys-zscore-expanded-tables (1).xlsx
LHFA,M,,389,,1,76.665,0.0315,,,67.005,69.42,71.835,74.25,76.665,79.08,81.495,83.91,86.325,lhfa-boys-zscore-expanded-tables (1).xlsx
LHFA,M,,390,,1,76.703,0.03151,,,67.035,69.452,71.869,74.286,76.703,79.12,81.537,83.954,86.371,lhfa-boys-zscore-expanded-tables (1).xlsx
LHFA,M,,391,,1,76.741,0.03151,,,67.069,69.487,71.905,74.323,76.741,79.159,81.577,83.995,86.413,lhfa-boys-zscore-expanded-tables (1).xlsx
LHFA,M,,392,,1,76.779,0.03152,,,67.099,69.519,71.939,74.359,76.779,79.199,81.619,84.039,86.459,lhfa-boys-zscore-expanded-tables (1).xlsx
LHFA,M,,393,,1,76.8169,0.03152,,,67.132,69.553,71.974,74.396,76.817,79.238,81.659,84.081,86.502,lhfa-boys-zscore-expanded-tables (1).xlsx
LHFA,M,,394,,1,76.8548,0.03153,,,67.162,69.585,72.008,74.432,76.855,79.278,81.701,84.124,86.548,lhfa-boys-zscore-expanded-tables (1).xlsx
LHFA,M,,395,,1,76.8926,0.03154,,,67.192,69.617,72.042,74.467,76.893,79.318,81.743,84.168,86.593,lhfa-boys-zscore-expanded-tables (1).xlsx
LHFA,M,,396,,1,76.9304,0.03154,,,67.225,69.651,72.078,74.504,76.93,79.357,81.783,84.21,86.636,lhfa-boys-zscore-expanded-tables (1).xlsx
LHFA,M,,397,,1,76.9682,0.03155,,,67.255,69.683,72.112,74.54,76.968,79.397,81.825,84.253,86.682,lhfa-boys-zscore-expanded-tables (1).xlsx
LHFA,M,,398,,1,77.0059,0.03155,,,67.288,69.717,72.147,74.576,77.006,79.435,81.865,84.295,86.724,lhfa-boys-zscore-expanded-tables (1).xlsx
LHFA,M,,399,,1,77.0435,0.03156,,,67.318,69.749,72.181,74.612,77.044,79.475,81.906,84.338,86.769,lhfa-boys-zscore-expanded-tables (1).xlsx
LHFA,M,,400,,1,77.0812,0.03157,,,67.347,69.781,72.214,74.648,77.081,79.515,81.948,84.382,86.815,lhfa-boys-zscore-expanded-tables (1).xlsx
LHFA,M,,401,,1,77.1187,0.03157,,,67.38,69.815,72.249,74.684,77.119,79.553,81.988,84.423,86.857,lhfa-boys-zscore-expanded-tables (1).xlsx
LHFA,M,,402,,1,77.1563,0.03158,,,67.41,69.847,72.283,74.72,77.156,79.593,82.029,84.466,86.903,lhfa-boys-zscore-expanded-tables (1).xlsx
LHFA,M,,403,,1,77.1938,0.03159,,,67.44,69.878,72.317,74.755,77.194,79.632,82.071,84.509,86.948,lhfa-boys-zscore-expanded-tables (1).xlsx
LHFA,M,,404,,1,77.2313,0.03159,,,67.472,69.912,72.352,74.792,77.231,79.671,82.111,84.551,86.99,lhfa-boys-zscore-expanded-tables (1).xlsx
LHFA,M,,405,,1,77.2687,0.0316,,,67.502,69.944,72.385,74.827,77.269,79.71,82.152,84.594,87.035,lhfa-boys-zscore-expanded-tables (1).xlsx
LHFA,M,,406,,1,77.306,0.0316,,,67.535,69.977,72.42,74.863,77.306,79.749,82.192,84.635,87.077,lhfa-boys-zscore-expanded-tables (1).xlsx
LHFA,M,,407,,1,77.3434,0.03161,,,67.564,70.009,72.454,74.899,77.343,79.788,82.233,84.678,87.123,lhfa-boys-zscore-expanded-tables (1).xlsx
LHFA,M,,408,,1,77.3807,0.03162,,,67.594,70.04,72.487,74.934,77.381,79.827,82.274,84.721,87.168,lhfa-boys-zscore-expanded-tables (1).xlsx
LHFA,M,,409,,1,77.4179,0.03162,,,67.626,70.074,72.522,74.97,77.418,79.866,82.314,84.762,87.21,lhfa-boys-zscore-expanded-tables (1).xlsx
LHFA,M,,410,,1,77.4551,0.03163,,,67.655,70.105,72.555,75.005,77.455,79.905,82.355,84.805,87.255,lhfa-boys-zscore-expanded-tables (1).xlsx
LHFA,M,,411,,1,77.4923,0.03164,,,67.685,70.137,72.589,75.04,77.492,79.944,82.396,84.848,87.3,lhfa-boys-zscore-expanded-tables (1).xlsx
LHFA,M,,412,,1,77.5295,0.03164,,,67.717,70.17,72.623,75.076,77.53,79.983,82.436,84.889,87.342,lhfa-boys-zscore-expanded-tables (1).xlsx
LHFA,M,,413,,1,77.5665,0.03165,,,67.747,70.202,72.657,75.112,77.566,80.021,82.476,84.931,87.386,lhfa-boys-zscore-expanded-tables (1).xlsx
LHFA,M,,414,,1,77.6036,0.03166,,,67.776,70.233,72.69,75.147,77.604,80.061,82.517,84.974,87.431,lhfa-boys-zscore-expanded-tables (1).xlsx
LHFA,M,,415,,1,77.6406,0.03166,,,67.808,70.266,72.724,75.182,77.641,80.099,82.557,85.015,87.473,lhfa-boys-zscore-expanded-tables (1).xlsx
LHFA,M,,416,,1,77.6776,0.03167,,,67.837,70.297,72.758,75.218,77.678,80.138,82.598,85.058,87.518,lhfa-boys-zscore-expanded-tables (1).xlsx
LHFA,M,,417,,1,77.7145,0.03168,,,67.867,70.329,72.791,75.253,77.714,80.176,82.638,85.1,87.562,lhfa-boys-zscore-expanded-tables (1).xlsx
LHFA,M,,418,,1,77.7514,0.03168,,,67.899,70.362,72.825,75.288,77.751,80.215,82.678,85.141,87.604,lhfa-boys-zscore-expanded-tables (1).xlsx
LHFA,M,,419,,1,77.7883,0.03169,,,67.928,70.393,72.858,75.323,77.788,80.253,82.719,85.184,87.649,lhfa-boys-zscore-expanded-tables (1).xlsx
LHFA,M,,420,,1,77.8251,0.0317,,,67.957,70.424,72.891,75.358,77.825,80.292,82.759,85.226,87.693,lhfa-boys-zscore-expanded-tables (1).xlsx
LHFA,M,,421,,1,77.8618,0.0317,,,67.989,70.457,72.925,75.394,77.862,80.33,82.798,85.266,87.735,lhfa-boys-zscore-expanded-tables (1).xlsx
LHFA,M,,422,,1,77.8986,0.03171,,,68.018,70.488,72.958,75.428,77.899,80.369,82.839,85.309,87.779,lhfa-boys-zscore-expanded-tables (1).xlsx
LHFA,M,,423,,1,77.9353,0.03172,,,68.047,70.519,72.991,75.463,77.935,80.407,82.88,85.352,87.824,lhfa-boys-zscore-expanded-tables (1).xlsx
LHFA,M,,424,,1,77.9719,0.03172,,,68.079,70.552,73.025,75.499,77.972,80.445,82.918,85.392,87.865,lhfa-boys-zscore-expanded-tables (1).xlsx
LHFA,M,,425,,1,78.0085,0.03173,,,68.108,70.583,73.058,75.533,78.008,80.484,82.959,85.434,87.909,lhfa-boys-zscore-expanded-tables (1).xlsx
LHFA,M,,426,,1,78.0451,0.03174,,,68.136,70.614,73.091,75.568,78.045,80.522,82.999,85.477,87.954,lhfa-boys-zscore-expanded-tables (1).xlsx
LHFA,M,,427,,1,78.0817,0.03175,,,68.165,70.644,73.124,75.603,78.082,80.561,83.04,85.519,87.998,lhfa-boys-zscore-expanded-tables (1).xlsx
LHFA,M,,428,,1,78.1182,0.03175,,,68.197,70.677,73.158,75.638,78.118,80.598,83.079,85.559,88.039,lhfa-boys-zscore-expanded-tables (1).xlsx
LHFA,M,,429,,1,78.1546,0.03176,,,68.226,70.708,73.19,75.672,78.155,80.637,83.119,85.601,88.083,lhfa-boys-zscore-expanded-tables (1).xlsx
LHFA,M,,430,,1,78.1911,0.03177,,,68.255,70.739,73.223,75.707,78.191,80.675,83.159,85.643,88.128,lhfa-boys-zscore-expanded-tables (1).xlsx
LHFA,M,,431,,1,78.2275,0.03177,,,68.286,70.772,73.257,75.742,78.228,80.713,83.198,85.683,88.169,lhfa-boys-zscore-expanded-tables (1).xlsx
LHFA,M,,432,,1,78.2638,0.03178,,,68.315,70.802,73.289,75.777,78.264,80.751,83.238,85.725,88.213,lhfa-boys-zscore-expanded-tables (1).xlsx
LHFA,M,,433,,1,78.3001,0.03179,,,68.343,70.833,73.322,75.811,78.3,80.789,83.278,85.768,88.257,lhfa-boys-zscore-expanded-tables (1).xlsx
LHFA,M,,434,,1,78.3364,0.0318,,,68.372,70.863,73.354,75.845,78.336,80.827,83.319,85.81,88.301,lhfa-boys-zscore-expanded-tables (1).xlsx
LHFA,M,,435,,1,78.3727,0.0318,,,68.404,70.896,73.388,75.88,78.373,80.865,83.357,85.849,88.342,lhfa-boys-zscore-expanded-tables (1).xlsx
LHFA,M,,436,,1,78.4089,0.03181,,,68.432,70.926,73.421,75.915,78.409,80.903,83.397,85.891,88.386,lhfa-boys-zscore-expanded-tables (1).xlsx
LHFA,M,,437,,1,78.4451,0.03182,,,68.461,70.957,73.453,75.949,78.445,80.941,83.437,85.933,88.43,lhfa-boys-zscore-expanded-tables (1).xlsx
LHFA,M,,438,,1,78.4812,0.03183,,,68.489,70.987,73.485,75.983,78.481,80.979,83.477,85.975,88.473,lhfa-boys-zscore-expanded-tables (1).xlsx
LHFA,M,,439,,1,78.5173,0.03183,,,68.52,71.02,73.519,76.018,78.517,81.017,83.516,86.015,88.514,lhfa-boys-zscore-expanded-tables (1).xlsx
LHFA,M,,440,,1,78.5534,0.03184,,,68.549,71.05,73.551,76.052,78.553,81.055,83.556,86.057,88.558,lhfa-boys-zscore-expanded-tables (1).xlsx
LHFA,M,,441,,1,78.5894,0.03185,,,68.577,71.08,73.583,76.086,78.589,81.092,83.596,86.099,88.602,lhfa-boys-zscore-expanded-tables (1).xlsx
LHFA,M,,442,,1,78.6254,0.03186,,,68.605,71.11,73.615,76.12,78.625,81.13,83.635,86.14,88.645,lhfa-boys-zscore-expanded-tables (1).xlsx
LHFA,M,,443,,1,78.6614,0.03186,,,68.637,71.143,73.649,76.155,78.661,81.168,83.674,86.18,88.686,lhfa-boys-zscore-expanded-tables (1).xlsx
LHFA,M,,444,,1,78.6973,0.03187,,,68.665,71.173,73.681,76.189,78.697,81.205,83.713,86.222,88.73,lhfa-boys-zscore-expanded-tables (1).xlsx
LHFA,M,,445,,1,78.7332,0.03188,,,68.693,71.203,73.713,76.223,78.733,81.243,83.753,86.263,88.773,lhfa-boys-zscore-expanded-tables (1).xlsx
LHFA,M,,446,,1,78.7691,0.03189,,,68.721,71.233,73.745,76.257,78.769,81.281,83.793,86.305,88.817,lhfa-boys-zscore-expanded-tables (1).xlsx
LHFA,M,,447,,1,78.8049,0.03189,,,68.753,71.266,73.779,76.292,78.805,81.318,83.831,86.344,88.857,lhfa-boys-zscore-expanded-tables (1).xlsx
LHFA,M,,448,,1,78.8407,0.0319,,,68.781,71.296,73.811,76.326,78.841,81.356,83.871,86.386,88.901,lhfa-boys-zscore-expanded-tables (1).xlsx
LHFA,M,,449,,1,78.8764,0.03191,,,68.809,71.326,73.843,76.359,78.876,81.393,83.91,86.427,88.944,lhfa-boys-zscore-expanded-tables (1).xlsx
LHFA,M,,450,,1,78.9122,0.03192,,,68.837,71.356,73.874,76.393,78.912,81.431,83.95,86.469,88.988,lhfa-boys-zscore-expanded-tables (1).xlsx
LHFA,M,,451,,1,78.9479,0.03192,,,68.868,71.388,73.908,76.428,78.948,81.468,83.988,86.508,89.028,lhfa-boys-zscore-expanded-tables (1).xlsx
LHFA,M,,452,,1,78.9835,0.03193,,,68.896,71.418,73.94,76.462,78.984,81.505,84.027,86.549,89.071,lhfa-boys-zscore-expanded-tables (1).xlsx
LHFA,M,,453,,1,79.0191,0.03194,,,68.924,71.447,73.971,76.495,79.019,81.543,84.067,86.591,89.115,lhfa-boys-zscore-expanded-tables (1).xlsx
LHFA,M,,454,,1,79.0547,0.03195,,,68.952,71.477,74.003,76.529,79.055,81.58,84.106,86.632,89.158,lhfa-boys-zscore-expanded-tables (1).xlsx
LHFA,M,,455,,1,79.0903,0.03196,,,68.979,71.507,74.035,76.563,79.09,81.618,84.146,86.673,89.201,lhfa-boys-zscore-expanded-tables (1).xlsx
LHFA,M,,456,,1,79.1258,0.03196,,,69.01,71.539,74.068,76.597,79.126,81.655,84.184,86.712,89.241,lhfa-boys-zscore-expanded-tables (1).xlsx
LHFA,M,,457,,1,79.1613,0.03197,,,69.038,71.569,74.1,76.631,79.161,81.692,84.223,86.754,89.284,lhfa-boys-zscore-expanded-tables (1).xlsx
LHFA,M,,458,,1,79.1968,0.03198,,,69.066,71.599,74.131,76.664,79.197,81.73,84.262,86.795,89.328,lhfa-boys-zscore-expanded-tables (1).xlsx
LHFA,M,,459,,1,79.2322,0.03199,,,69.094,71.628,74.163,76.698,79.232,81.767,84.301,86.836,89.371,lhfa-boys-zscore-expanded-tables (1).xlsx
LHFA,M,,460,,1,79.2676,0.032,,,69.121,71.658,74.194,76.731,79.268,81.804,84.341,86.877,89.414,lhfa-boys-zscore-expanded-tables (1).xlsx
LHFA,M,,461,,1,79.303,0.032,,,69.152,71.69,74.228,76.765,79.303,81.841,84.378,86.916,89.454,lhfa-boys-zscore-expanded-tables (1).xlsx
LHFA,M,,462,,1,79.3383,0.03201,,,69.18,71.719,74.259,76.799,79.338,81.878,84.418,86.957,89.497,lhfa-boys-zscore-expanded-tables (1).xlsx
LHFA,M,,463,,1,79.3736,0.03202,,,69.207,71.749,74.291,76.832,79.374,81.915,84.457,86.998,89.54,lhfa-boys-zscore-expanded-tables (1).xlsx
LHFA,M,,464,,1,79.4089,0.03203,,,69.235,71.778,74.322,76.865,79.409,81.952,84.496,87.039,89.583,lhfa-boys-zscore-expanded-tables (1).xlsx
LHFA,M,,465,,1,79.4441,0.03204,,,69.263,71.808,74.353,76.899,79.444,81.989,84.535,87.08,89.626,lhfa-boys-zscore-expanded-tables (1).xlsx
LHFA,M,,466,,1,79.4793,0.03204,,,69.293,71.84,74.386,76.933,79.479,82.026,84.572,87.119,89.665,lhfa-boys-zscore-expanded-tables (1).xlsx
LHFA,M,,467,,1,79.5145,0.03205,,,69.321,71.869,74.418,76.966,79.514,82.063,84.611,87.16,89.708,lhfa-boys-zscore-expanded-tables (1).xlsx
LHFA,M,,468,,1,79.5496,0.03206,,,69.348,71.899,74.449,76.999,79.55,82.1,84.65,87.201,89.751,lhfa-boys-zscore-expanded-tables (1).xlsx
LHFA,M,,469,,1,79.5847,0.03207,,,69.376,71.928,74.48,77.032,79.585,82.137,84.689,87.242,89.794,lhfa-boys-zscore-expanded-tables (1).xlsx
LHFA,M,,470,,1,79.6198,0.03208,,,69.403,71.957,74.511,77.066,79.62,82.174,84.728,87.282,89.837,lhfa-boys-zscore-expanded-tables (1).xlsx
LHFA,M,,471,,1,79.6548,0.03209,,,69.43,71.986,74.543,77.099,79.655,82.211,84.767,87.323,89.879,lhfa-boys-zscore-expanded-tables (1).xlsx
LHFA,M,,472,,1,79.6898,0.03209,,,69.461,72.018,74.575,77.133,79.69,82.247,84.804,87.362,89.919,lhfa-boys-zscore-expanded-tables (1).xlsx
LHFA,M,,473,,1,79.7248,0.0321,,,69.488,72.047,74.606,77.166,79.725,82.284,84.843,87.402,89.961,lhfa-boys-zscore-expanded-tables (1).xlsx
LHFA,M,,474,,1,79.7598,0.03211,,,69.515,72.077,74.638,77.199,79.76,82.321,84.882,87.443,90.004,lhfa-boys-zscore-expanded-tables (1).xlsx
LHFA,M,,475,,1,79.7947,0.03212,,,69.543,72.106,74.669,77.232,79.795,82.358,84.921,87.484,90.047,lhfa-boys-zscore-expanded-tables (1).xlsx
LHFA,M,,476,,1,79.8296,0.03213,,,69.57,72.135,74.7,77.265,79.83,82.395,84.959,87.524,90.089,lhfa-boys-zscore-expanded-tables (1).xlsx
LHFA,M,,477,,1,79.8644,0.03214,,,69.597,72.164,74.731,77.298,79.864,82.431,84.998,87.565,90.132,lhfa-boys-zscore-expanded-tables (1).xlsx
LHFA,M,,478,,1,79.8993,0.03214,,,69.627,72.195,74.763,77.331,79.899,82.467,85.035,87.603,90.171,lhfa-boys-zscore-expanded-tables (1).xlsx
LHFA,M,,479,,1,79.9341,0.03215,,,69.655,72.224,74.794,77.364,79.934,82.504,85.074,87.644,90.214,lhfa-boys-zscore-expanded-tables (1).xlsx
LHFA,M,,480,,1,79.9688,0.03216,,,69.682,72.253,74.825,77.397,79.969,82.541,85.112,87.684,90.256,lhfa-boys-zscore-expanded-tables (1).xlsx
LHFA,M,,481,,1,80.0036,0.03217,,,69.709,72.282,74.856,77.43,80.004,82.577,85.151,87.725,90.298,lhfa-boys-zscore-expanded-tables (1).xlsx
LHFA,M,,482,,1,80.0383,0.03218,,,69.736,72.311,74.887,77.463,80.038,82.614,85.19,87.765,90.341,lhfa-boys-zscore-expanded-tables (1).xlsx
LHFA,M,,483,,1,80.0729,0.03219,,,69.763,72.34,74.918,77.495,80.073,82.65,85.228,87.806,90.383,lhfa-boys-zscore-expanded-tables (1).xlsx
LHFA,M,,484,,1,80.1076,0.0322,,,69.79,72.369,74.949,77.528,80.108,82.687,85.267,87.846,90.425,lhfa-boys-zscore-expanded-tables (1).xlsx
LHFA,M,,485,,1,80.1422,0.0322,,,69.82,72.4,74.981,77.562,80.142,82.723,85.303,87.884,90.465,lhfa-boys-zscore-expanded-tables (1).xlsx
LHFA,M,,486,,1,80.1768,0.03221,,,69.847,72.429,75.012,77.594,80.177,82.759,85.342,87.924,90.507,lhfa-boys-zscore-expanded-tables (1).xlsx
LHFA,M,,487,,1,80.2113,0.03222,,,69.874,72.458,75.042,77.627,80.211,82.796,85.38,87.965,90.549,lhfa-boys-zscore-expanded-tables (1).xlsx
LHFA,M,,488,,1,80.2459,0.03223,,,69.901,72.487,75.073,77.66,80.246,82.832,85.419,88.005,90.591,lhfa-boys-zscore-expanded-tables (1).xlsx
LHFA,M,,489,,1,80.2804,0.03224,,,69.927,72.516,75.104,77.692,80.28,82.869,85.457,88.045,90.633,lhfa-boys-zscore-expanded-tables (1).xlsx
LHFA,M,,490,,1,80.3148,0.03225,,,69.954,72.544,75.134,77.725,80.315,82.905,85.495,88.085,90.675,lhfa-boys-zscore-expanded-tables (1).xlsx
LHFA,M,,491,,1,80.3493,0.03226,,,69.981,72.573,75.165,77.757,80.349,82.941,85.533,88.126,90.718,lhfa-boys-zscore-expanded-tables (1).xlsx
LHFA,M,,492,,1,80.3837,0.03226,,,70.011,72.604,75.197,77.791,80.384,82.977,85.57,88.163,90.756,lhfa-boys-zscore-expanded-tables (1).xlsx
LHFA,M,,493,,1,80.4181,0.03227,,,70.038,72.633,75.228,77.823,80.418,83.013,85.608,88.203,90.798,lhfa-boys-zscore-expanded-tables (1).xlsx
LHFA,M,,494,,1,80.4524,0.03228,,,70.064,72.661,75.258,77.855,80.452,83.049,85.646,88.243,90.84,lhfa-boys-zscore-expanded-tables (1).xlsx
LHFA,M,,495,,1,80.4867,0.03229,,,70.091,72.69,75.289,77.888,80.487,83.086,85.685,88.283,90.882,lhfa-boys-zscore-expanded-tables (1).xlsx
LHFA,M,,496,,1,80.521,0.0323,,,70.118,72.719,75.319,77.92,80.521,83.122,85.723,88.323,90.924,lhfa-boys-zscore-expanded-tables (1).xlsx
LHFA,M,,497,,1,80.5553,0.03231,,,70.144,72.747,75.35,77.953,80.555,83.158,85.761,88.364,90.966,lhfa-boys-zscore-expanded-tables (1).xlsx
LHFA,M,,498,,1,80.5895,0.03232,,,70.171,72.776,75.38,77.985,80.59,83.194,85.799,88.403,91.008,lhfa-boys-zscore-expanded-tables (1).xlsx
LHFA,M,,499,,1,80.6237,0.03233,,,70.197,72.804,75.411,78.017,80.624,83.23,85.837,88.443,91.05,lhfa-boys-zscore-expanded-tables (1).xlsx
LHFA,M,,500,,1,80.6578,0.03234,,,70.224,72.832,75.441,78.049,80.658,83.266,85.875,88.483,91.092,lhfa-boys-zscore-expanded-tables (1).xlsx
LHFA,M,,501,,1,80.692,0.03234,,,70.254,72.863,75.473,78.082,80.692,83.302,85.911,88.521,91.13,lhfa-boys-zscore-expanded-tables (1).xlsx
LHFA,M,,502,,1,80.7261,0.03235,,,70.28,72.892,75.503,78.115,80.726,83.338,85.949,88.561,91.172,lhfa-boys-zscore-expanded-tables (1).xlsx
LHFA,M,,503,,1,80.7602,0.03236,,,70.307,72.92,75.533,78.147,80.76,83.374,85.987,88.6,91.214,lhfa-boys-zscore-expanded-tables (1).xlsx
LHFA,M,,504,,1,80.7942,0.03237,,,70.333,72.948,75.564,78.179,80.794,83.41,86.025,88.64,91.255,lhfa-boys-zscore-expanded-tables (1).xlsx
LHFA,M,,505,,1,80.8282,0.03238,,,70.359,72.977,75.594,78.211,80.828,83.445,86.063,88.68,91.297,lhfa-boys-zscore-expanded-tables (1).xlsx
LHFA,M,,506,,1,80.8622,0.03239,,,70.386,73.005,75.624,78.243,80.862,83.481,86.1,88.72,91.339,lhfa-boys-zscore-expanded-tables (1).xlsx
LHFA,M,,507,,1,80.8961,0.0324,,,70.412,73.033,75.654,78.275,80.896,83.517,86.138,88.759,91.38,lhfa-boys-zscore-expanded-tables (1).xlsx
LHFA,M,,508,,1,80.9301,0.03241,,,70.438,73.061,75.684,78.307,80.93,83.553,86.176,88.799,91.422,lhfa-boys-zscore-expanded-tables (1).xlsx
LHFA,M,,509,,1,80.964,0.03242,,,70.465,73.089,75.714,78.339,80.964,83.589,86.214,88.839,91.463,lhfa-boys-zscore-expanded-tables (1).xlsx
LHFA,M,,510,,1,80.9978,0.03243,,,70.491,73.118,75.744,78.371,80.998,83.625,86.251,88.878,91.505,lhfa-boys-zscore-expanded-tables (1).xlsx
LHFA,M,,511,,1,81.0317,0.03244,,,70.517,73.146,75.774,78.403,81.032,83.66,86.289,88.918,91.546,lhfa-boys-zscore-expanded-tables (1).xlsx
LHFA,M,,512,,1,81.0655,0.03245,,,70.543,73.174,75.804,78.435,81.066,83.696,86.327,88.957,91.588,lhfa-boys-zscore-expanded-tables (1).xlsx
LHFA,M,,513,,1,81.0992,0.03245,,,70.573,73.204,75.836,78.468,81.099,83.731,86.363,88.994,91.626,lhfa-boys-zscore-expanded-tables (1).xlsx
LHFA,M,,514,,1,81.133,0.03246,,,70.599,73.232,75.866,78.499,81.133,83.767,86.4,89.034,91.667,lhfa-boys-zscore-expanded-tables (1).xlsx
LHFA,M,,515,,1,81.1667,0.03247,,,70.625,73.26,75.896,78.531,81.167,83.802,86.438,89.073,91.709,lhfa-boys-zscore-expanded-tables (1).xlsx
LHFA,M,,516,,1,81.2004,0.03248,,,70.651,73.288,75.926,78.563,81.2,83.838,86.475,89.113,91.75,lhfa-boys-zscore-expanded-tables (1).xlsx
LHFA,M,,517,,1,81.234,0.03249,,,70.677,73.316,75.955,78.595,81.234,83.873,86.513,89.152,91.791,lhfa-boys-zscore-expanded-tables (1).xlsx
LHFA,M,,518,,1,81.2677,0.0325,,,70.703,73.344,75.985,78.626,81.268,83.909,86.55,89.191,91.833,lhfa-boys-zscore-expanded-tables (1).xlsx
LHFA,M,,519,,1,81.3013,0.03251,,,70.729,73.372,76.015,78.658,81.301,83.944,86.588,89.231,91.874,lhfa-boys-zscore-expanded-tables (1).xlsx
LHFA,M,,520,,1,81.3348,0.03252,,,70.755,73.4,76.045,78.69,81.335,83.98,86.625,89.27,91.915,lhfa-boys-zscore-expanded-tables (1).xlsx
LHFA,M,,521,,1,81.3684,0.03253,,,70.781,73.428,76.075,78.721,81.368,84.015,86.662,89.309,91.956,lhfa-boys-zscore-expanded-tables (1).xlsx
LHFA,M,,522,,1,81.4019,0.03254,,,70.807,73.455,76.104,78.753,81.402,84.051,86.7,89.348,91.997,lhfa-boys-zscore-expanded-tables (1).xlsx
LHFA,M,,523,,1,81.4353,0.03255,,,70.832,73.483,76.134,78.785,81.435,84.086,86.737,89.387,92.038,lhfa-boys-zscore-expanded-tables (1).xlsx
LHFA,M,,524,,1,81.4688,0.03256,,,70.858,73.511,76.164,78.816,81.469,84.121,86.774,89.427,92.079,lhfa-boys-zscore-expanded-tables (1).xlsx
LHFA,M,,525,,1,81.5022,0.03257,,,70.884,73.539,76.193,78.848,81.502,84.157,86.811,89.466,92.12,lhfa-boys-zscore-expanded-tables (1).xlsx
LHFA,M,,526,,1,81.5356,0.03258,,,70.91,73.566,76.223,78.879,81.536,84.192,86.848,89.505,92.161,lhfa-boys-zscore-expanded-tables (1).xlsx
LHFA,M,,527,,1,81.569,0.03259,,,70.936,73.594,76.252,78.911,81.569,84.227,86.886,89.544,92.202,lhfa-boys-zscore-expanded-tables (1).xlsx
LHFA,M,,528,,1,81.6023,0.0326,,,70.961,73.622,76.282,78.942,81.602,84.263,86.923,89.583,92.243,lhfa-boys-zscore-expanded-tables (1).xlsx
LHFA,M,,529,,1,81.6356,0.03261,,,70.987,73.649,76.311,78.973,81.636,84.298,86.96,89.622,92.284,lhfa-boys-zscore-expanded-tables (1).xlsx
LHFA,M,,530,,1,81.6689,0.03261,,,71.016,73.679,76.342,79.006,81.669,84.332,86.995,89.659,92.322,lhfa-boys-zscore-expanded-tables (1).xlsx
LHFA,M,,531,,1,81.7021,0.03262,,,71.042,73.707,76.372,79.037,81.702,84.367,87.032,89.697,92.363,lhfa-boys-zscore-expanded-tables (1).xlsx
LHFA,M,,532,,1,81.7353,0.03263,,,71.067,73.734,76.401,79.068,81.735,84.402,87.069,89.736,92.403,lhfa-boys-zscore-expanded-tables (1).xlsx
LHFA,M,,533,,1,81.7685,0.03264,,,71.093,73.762,76.431,79.1,81.768,84.437,87.106,89.775,92.444,lhfa-boys-zscore-expanded-tables (1).xlsx
LHFA,M,,534,,1,81.8017,0.03265,,,71.118,73.789,76.46,79.131,81.802,84.473,87.143,89.814,92.485,lhfa-boys-zscore-expanded-tables (1).xlsx
LHFA,M,,535,,1,81.8348,0.03266,,,71.144,73.817,76.489,79.162,81.835,84.508,87.18,89.853,92.526,lhfa-boys-zscore-expanded-tables (1).xlsx
LHFA,M,,536,,1,81.8679,0.03267,,,71.169,73.844,76.519,79.193,81.868,84.543,87.217,89.892,92.566,lhfa-boys-zscore-expanded-tables (1).xlsx
LHFA,M,,537,,1,81.9009,0.03268,,,71.195,73.871,76.548,79.224,81.901,84.577,87.254,89.93,92.607,lhfa-boys-zscore-expanded-tables (1).xlsx
LHFA,M,,538,,1,81.934,0.03269,,,71.22,73.899,76.577,79.256,81.934,84.612,87.291,89.969,92.648,lhfa-boys-zscore-expanded-tables (1).xlsx
LHFA,M,,539,,1,81.967,0.0327,,,71.246,73.926,76.606,79.287,81.967,84.647,87.328,90.008,92.688,lhfa-boys-zscore-expanded-tables (1).xlsx
LHFA,M,,540,,1,82,0.03271,,,71.271,73.953,76.636,79.318,82,84.682,87.364,90.047,92.729,lhfa-boys-zscore-expanded-tables (1).xlsx
LHFA,M,,541,,1,82.0329,0.03272,,,71.296,73.981,76.665,79.349,82.033,84.717,87.401,90.085,92.769,lhfa-boys-zscore-expanded-tables (1).xlsx
LHFA,M,,542,,1,82.0659,0.03273,,,71.322,74.008,76.694,79.38,82.066,84.752,87.438,90.124,92.81,lhfa-boys-zscore-expanded-tables (1).xlsx
LHFA,M,,543,,1,82.0987,0.03274,,,71.347,74.035,76.723,79.411,82.099,84.787,87.475,90.162,92.85,lhfa-boys-zscore-expanded-tables (1).xlsx
LHFA,M,,544,,1,82.1316,0.03275,,,71.372,74.062,76.752,79.442,82.132,84.821,87.511,90.201,92.891,lhfa-boys-zscore-expanded-tables (1).xlsx
LHFA,M,,545,,1,82.1644,0.03276,,,71.398,74.089,76.781,79.473,82.164,84.856,87.548,90.24,92.931,lhfa-boys-zscore-expanded-tables (1).xlsx
LHFA,M,,546,,1,82.1973,0.03277,,,71.423,74.116,76.81,79.504,82.197,84.891,87.585,90.278,92.972,lhfa-boys-zscore-expanded-tables (1).xlsx
LHFA,M,,547,,1,82.23,0.03278,,,71.448,74.144,76.839,79.535,82.23,84.925,87.621,90.316,93.012,lhfa-boys-zscore-expanded-tables (1).xlsx
LHFA,M,,548,,1,82.2628,0.03279,,,71.473,74.171,76.868,79.565,82.263,84.96,87.658,90.355,93.052,lhfa-boys-zscore-expanded-tables (1).xlsx
LHFA,M,,549,,1,82.2955,0.0328,,,71.498,74.198,76.897,79.596,82.296,84.995,87.694,90.393,93.093,lhfa-boys-zscore-expanded-tables (1).xlsx
LHFA,M,,550,,1,82.3282,0.03281,,,71.523,74.225,76.926,79.627,82.328,85.029,87.731,90.432,93.133,lhfa-boys-zscore-expanded-tables (1).xlsx
LHFA,M,,551,,1,82.3609,0.03282,,,71.549,74.252,76.955,79.658,82.361,85.064,87.767,90.47,93.173,lhfa-boys-zscore-expanded-tables (1).xlsx
LHFA,M,,552,,1,82.3935,0.03283,,,71.574,74.279,76.984,79.689,82.394,85.098,87.803,90.508,93.213,lhfa-boys-zscore-expanded-tables (1).xlsx
LHFA,M,,553,,1,82.4261,0.03284,,,71.599,74.305,77.012,79.719,82.426,85.133,87.84,90.547,93.254,lhfa-boys-zscore-expanded-tables (1).xlsx
LHFA,M,,554,,1,82.4587,0.03285,,,71.624,74.332,77.041,79.75,82.459,85.167,87.876,90.585,93.294,lhfa-boys-zscore-expanded-tables (1).xlsx
LHFA,M,,555,,1,82.4912,0.03286,,,71.649,74.359,77.07,79.781,82.491,85.202,87.913,90.623,93.334,lhfa-boys-zscore-expanded-tables (1).xlsx
LHFA,M,,556,,1,82.5237,0.03287,,,71.673,74.386,77.099,79.811,82.524,85.236,87.949,90.661,93.374,lhfa-boys-zscore-expanded-tables (1).xlsx
LHFA,M,,557,,1,82.5562,0.03288,,,71.698,74.413,77.127,79.842,82.556,85.271,87.985,90.7,93.414,lhfa-boys-zscore-expanded-tables (1).xlsx
LHFA,M,,558,,1,82.5887,0.03289,,,71.723,74.44,77.156,79.872,82.589,85.305,88.021,90.738,93.454,lhfa-boys-zscore-expanded-tables (1).xlsx
LHFA,M,,559,,1,82.6211,0.0329,,,71.748,74.466,77.185,79.903,82.621,85.339,88.058,90.776,93.494,lhfa-boys-zscore-expanded-tables (1).xlsx
LHFA,M,,560,,1,82.6535,0.03291,,,71.773,74.493,77.213,79.933,82.654,85.374,88.094,90.814,93.534,lhfa-boys-zscore-expanded-tables (1).xlsx
LHFA,M,,561,,1,82.6859,0.03292,,,71.798,74.52,77.242,79.964,82.686,85.408,88.13,90.852,93.574,lhfa-boys-zscore-expanded-tables (1).xlsx
LHFA,M,,562,,1,82.7182,0.03293,,,71.823,74.546,77.27,79.994,82.718,85.442,88.166,90.89,93.614,lhfa-boys-zscore-expanded-tables (1).xlsx
LHFA,M,,563,,1,82.7505,0.03294,,,71.847,74.573,77.299,80.025,82.75,85.476,88.202,90.928,93.654,lhfa-boys-zscore-expanded-tables (1).xlsx
LHFA,M,,564,,1,82.7828,0.03295,,,71.872,74.6,77.327,80.055,82.783,85.51,88.238,90.966,93.694,lhfa-boys-zscore-expanded-tables (1).xlsx
LHFA,M,,565,,1,82.8151,0.03296,,,71.897,74.626,77.356,80.086,82.815,85.545,88.274,91.004,93.733,lhfa-boys-zscore-expanded-tables (1).xlsx
LHFA,M,,566,,1,82.8473,0.03297,,,71.921,74.653,77.384,80.116,82.847,85.579,88.31,91.042,93.773,lhfa-boys-zscore-expanded-tables (1).xlsx
LHFA,M,,567,,1,82.8795,0.03298,,,71.946,74.679,77.413,80.146,82.88,85.613,88.346,91.08,93.813,lhfa-boys-zscore-expanded-tables (1).xlsx
LHFA,M,,568,,1,82.9117,0.03299,,,71.971,74.706,77.441,80.176,82.912,85.647,88.382,91.117,93.853,lhfa-boys-zscore-expanded-tables (1).xlsx
LHFA,M,,569,,1,82.9438,0.033,,,71.995,74.732,77.47,80.207,82.944,85.681,88.418,91.155,93.892,lhfa-boys-zscore-expanded-tables (1).xlsx
LHFA,M,,570,,1,82.9759,0.03301,,,72.02,74.759,77.498,80.237,82.976,85.715,88.454,91.193,93.932,lhfa-boys-zscore-expanded-tables (1).xlsx
LHFA,M,,571,,1,83.008,0.03302,,,72.044,74.785,77.526,80.267,83.008,85.749,88.49,91.231,93.972,lhfa-boys-zscore-expanded-tables (1).xlsx
LHFA,M,,572,,1,83.04,0.03303,,,72.069,74.812,77.554,80.297,83.04,85.783,88.526,91.268,94.011,lhfa-boys-zscore-expanded-tables (1).xlsx
LHFA,M,,573,,1,83.0721,0.03304,,,72.093,74.838,77.583,80.327,83.072,85.817,88.562,91.306,94.051,lhfa-boys-zscore-expanded-tables (1).xlsx
LHFA,M,,574,,1,83.1041,0.03305,,,72.118,74.864,77.611,80.358,83.104,85.851,88.597,91.344,94.09,lhfa-boys-zscore-expanded-tables (1).xlsx
LHFA,M,,575,,1,83.136,0.03306,,,72.142,74.891,77.639,80.388,83.136,85.884,88.633,91.381,94.13,lhfa-boys-zscore-expanded-tables (1).xlsx
LHFA,M,,576,,1,83.168,0.03308,,,72.163,74.914,77.666,80.417,83.168,85.919,88.67,91.422,94.173,lhfa-boys-zscore-expanded-tables (1).xlsx
LHFA,M,,577,,1,83.1999,0.03309,,,72.188,74.941,77.694,80.447,83.2,85.953,88.706,91.459,94.212,lhfa-boys-zscore-expanded-tables (1).xlsx
LHFA,M,,578,,1,83.2318,0.0331,,,72.212,74.967,77.722,80.477,83.232,85.987,88.742,91.497,94.252,lhfa-boys-zscore-expanded-tables (1).xlsx
LHFA,M,,579,,1,83.2637,0.03311,,,72.236,74.993,77.75,80.507,83.264,86.021,88.777,91.534,94.291,lhfa-boys-zscore-expanded-tables (1).xlsx
LHFA,M,,580,,1,83.2955,0.03312,,,72.261,75.019,77.778,80.537,83.296,86.054,88.813,91.572,94.33,lhfa-boys-zscore-expanded-tables (1).xlsx
LHFA,M,,581,,1,83.3273,0.03313,,,72.285,75.045,77.806,80.567,83.327,86.088,88.849,91.609,94.37,lhfa-boys-zscore-expanded-tables (1).xlsx
LHFA,M,,582,,1,83.3591,0.03314,,,72.309,75.072,77.834,80.597,83.359,86.122,88.884,91.647,94.409,lhfa-boys-zscore-expanded-tables (1).xlsx
LHFA,M,,583,,1,83.3908,0.03315,,,72.333,75.098,77.862,80.626,83.391,86.155,88.92,91.684,94.448,lhfa-boys-zscore-expanded-tables (1).xlsx
LHFA,M,,584,,1,83.4226,0.03316,,,72.357,75.124,77.89,80.656,83.423,86.189,88.955,91.721,94.488,lhfa-boys-zscore-expanded-tables (1).xlsx
LHFA,M,,585,,1,83.4543,0.03317,,,72.382,75.15,77.918,80.686,83.454,86.222,88.991,91.759,94.527,lhfa-boys-zscore-expanded-tables (1).xlsx
LHFA,M,,586,,1,83.4859,0.03318,,,72.406,75.176,77.946,80.716,83.486,86.256,89.026,91.796,94.566,lhfa-boys-zscore-expanded-tables (1).xlsx
LHFA,M,,587,,1,83.5176,0.03319,,,72.43,75.202,77.974,80.746,83.518,86.29,89.061,91.833,94.605,lhfa-boys-zscore-expanded-tables (1).xlsx
LHFA,M,,588,,1,83.5492,0.0332,,,72.454,75.228,78.002,80.775,83.549,86.323,89.097,91.871,94.645,lhfa-boys-zscore-expanded-tables (1).xlsx
LHFA,M,,589,,1,83.5808,0.03321,,,72.478,75.254,78.029,80.805,83.581,86.357,89.132,91.908,94.684,lhfa-boys-zscore-expanded-tables (1).xlsx
LHFA,M,,590,,1,83.6124,0.03322,,,72.502,75.28,78.057,80.835,83.612,86.39,89.168,91.945,94.723,lhfa-boys-zscore-expanded-tables (1).xlsx
LHFA,M,,591,,1,83.6439,0.03323,,,72.526,75.305,78.085,80.864,83.644,86.423,89.203,91.982,94.762,lhfa-boys-zscore-expanded-tables (1).xlsx
LHFA,M,,592,,1,83.6754,0.03324,,,72.55,75.331,78.113,80.894,83.675,86.457,89.238,92.02,94.801,lhfa-boys-zscore-expanded-tables (1).xlsx
LHFA,M,,593,,1,83.7069,0.03325,,,72.574,75.357,78.14,80.924,83.707,86.49,89.273,92.057,94.84,lhfa-boys-zscore-expanded-tables (1).xlsx
LHFA,M,,594,,1,83.7384,0.03326,,,72.598,75.383,78.168,80.953,83.738,86.524,89.309,92.094,94.879,lhfa-boys-zscore-expanded-tables (1).xlsx
LHFA,M,,595,,1,83.7698,0.03327,,,72.622,75.409,78.196,80.983,83.77,86.557,89.344,92.131,94.918,lhfa-boys-zscore-expanded-tables (1).xlsx
LHFA,M,,596,,1,83.8012,0.03329,,,72.642,75.432,78.222,81.011,83.801,86.591,89.381,92.17,94.96,lhfa-boys-zscore-expanded-tables (1).xlsx
LHFA,M,,597,,1,83.8326,0.0333,,,72.666,75.458,78.249,81.041,83.833,86.624,89.416,92.207,94.999,lhfa-boys-zscore-expanded-tables (1).xlsx
LHFA,M,,598,,1,83.864,0.03331,,,72.69,75.483,78.277,81.07,83.864,86.658,89.451,92.245,95.038,lhfa-boys-zscore-expanded-tables (1).xlsx
LHFA,M,,599,,1,83.8953,0.03332,,,72.714,75.509,78.305,81.1,83.895,86.691,89.486,92.281,95.077,lhfa-boys-zscore-expanded-tables (1).xlsx
LHFA,M,,600,,1,83.9267,0.03333,,,72.738,75.535,78.332,81.129,83.927,86.724,89.521,92.319,95.116,lhfa-boys-zscore-expanded-tables (1).xlsx
LHFA,M,,601,,1,83.9579,0.03334,,,72.761,75.56,78.36,81.159,83.958,86.757,89.556,92.355,95.155,lhfa-boys-zscore-expanded-tables (1).xlsx
LHFA,M,,602,,1,83.9892,0.03335,,,72.785,75.586,78.387,81.188,83.989,86.79,89.591,92.392,95.193,lhfa-boys-zscore-expanded-tables (1).xlsx
LHFA,M,,603,,1,84.0205,0.03336,,,72.809,75.612,78.415,81.218,84.02,86.823,89.626,92.429,95.232,lhfa-boys-zscore-expanded-tables (1).xlsx
LHFA,M,,604,,1,84.0517,0.03337,,,72.832,75.637,78.442,81.247,84.052,86.857,89.661,92.466,95.271,lhfa-boys-zscore-expanded-tables (1).xlsx
LHFA,M,,605,,1,84.0829,0.03338,,,72.856,75.663,78.47,81.276,84.083,86.89,89.696,92.503,95.31,lhfa-boys-zscore-expanded-tables (1).xlsx
LHFA,M,,606,,1,84.114,0.03339,,,72.88,75.688,78.497,81.305,84.114,86.923,89.731,92.54,95.348,lhfa-boys-zscore-expanded-tables (1).xlsx
LHFA,M,,607,,1,84.1452,0.0334,,,72.903,75.714,78.524,81.335,84.145,86.956,89.766,92.577,95.387,lhfa-boys-zscore-expanded-tables (1).xlsx
LHFA,M,,608,,1,84.1763,0.03341,,,72.927,75.739,78.552,81.364,84.176,86.989,89.801,92.613,95.426,lhfa-boys-zscore-expanded-tables (1).xlsx
LHFA,M,,609,,1,84.2074,0.03342,,,72.951,75.765,78.579,81.393,84.207,87.022,89.836,92.65,95.464,lhfa-boys-zscore-expanded-tables (1).xlsx
LHFA,M,,610,,1,84.2385,0.03344,,,72.971,75.788,78.605,81.422,84.238,87.055,89.872,92.689,95.506,lhfa-boys-zscore-expanded-tables (1).xlsx
LHFA,M,,611,,1,84.2695,0.03345,,,72.994,75.813,78.632,81.451,84.27,87.088,89.907,92.726,95.545,lhfa-boys-zscore-expanded-tables (1).xlsx
LHFA,M,,612,,1,84.3006,0.03346,,,73.018,75.839,78.659,81.48,84.301,87.121,89.942,92.763,95.583,lhfa-boys-zscore-expanded-tables (1).xlsx
LHFA,M,,613,,1,84.3316,0.03347,,,73.041,75.864,78.686,81.509,84.332,87.154,89.977,92.799,95.622,lhfa-boys-zscore-expanded-tables (1).xlsx
LHFA,M,,614,,1,84.3626,0.03348,,,73.065,75.889,78.714,81.538,84.363,87.187,90.012,92.836,95.66,lhfa-boys-zscore-expanded-tables (1).xlsx
LHFA,M,,615,,1,84.3935,0.03349,,,73.088,75.914,78.741,81.567,84.394,87.22,90.046,92.873,95.699,lhfa-boys-zscore-expanded-tables (1).xlsx
LHFA,M,,616,,1,84.4245,0.0335,,,73.112,75.94,78.768,81.596,84.424,87.253,90.081,92.909,95.737,lhfa-boys-zscore-expanded-tables (1).xlsx
LHFA,M,,617,,1,84.4554,0.03351,,,73.135,75.965,78.795,81.625,84.455,87.286,90.116,92.946,95.776,lhfa-boys-zscore-expanded-tables (1).xlsx
LHFA,M,,618,,1,84.4862,0.03352,,,73.158,75.99,78.822,81.654,84.486,87.318,90.15,92.982,95.814,lhfa-boys-zscore-expanded-tables (1).xlsx
LHFA,M,,619,,1,84.5171,0.03353,,,73.182,76.016,78.849,81.683,84.517,87.351,90.185,93.019,95.853,lhfa-boys-zscore-expanded-tables (1).xlsx
LHFA,M,,620,,1,84.5479,0.03354,,,73.205,76.041,78.876,81.712,84.548,87.384,90.219,93.055,95.891,lhfa-boys-zscore-expanded-tables (1).xlsx
LHFA,M,,621,,1,84.5787,0.03356,,,73.225,76.063,78.902,81.74,84.579,87.417,90.256,93.094,95.933,lhfa-boys-zscore-expanded-tables (1).xlsx
LHFA,M,,622,,1,84.6095,0.03357,,,73.248,76.088,78.929,81.769,84.61,87.45,90.29,93.131,95.971,lhfa-boys-zscore-expanded-tables (1).xlsx
LHFA,M,,623,,1,84.6403,0.03358,,,73.271,76.114,78.956,81.798,84.64,87.483,90.325,93.167,96.009,lhfa-boys-zscore-expanded-tables (1).xlsx
LHFA,M,,624,,1,84.671,0.03359,,,73.295,76.139,78.983,81.827,84.671,87.515,90.359,93.203,96.047,lhfa-boys-zscore-expanded-tables (1).xlsx
LHFA,M,,625,,1,84.7017,0.0336,,,73.318,76.164,79.01,81.856,84.702,87.548,90.394,93.24,96.086,lhfa-boys-zscore-expanded-tables (1).xlsx
LHFA,M,,626,,1,84.7324,0.03361,,,73.341,76.189,79.037,81.885,84.732,87.58,90.428,93.276,96.124,lhfa-boys-zscore-expanded-tables (1).xlsx
LHFA,M,,627,,1,84.7631,0.03362,,,73.364,76.214,79.064,81.913,84.763,87.613,90.463,93.312,96.162,lhfa-boys-zscore-expanded-tables (1).xlsx
LHFA,M,,628,,1,84.7937,0.03363,,,73.387,76.239,79.09,81.942,84.794,87.645,90.497,93.349,96.2,lhfa-boys-zscore-expanded-tables (1).xlsx
LHFA,M,,629,,1,84.8243,0.03364,,,73.41,76.264,79.117,81.971,84.824,87.678,90.531,93.385,96.238,lhfa-boys-zscore-expanded-tables (1).xlsx
LHFA,M,,630,,1,84.8549,0.03365,,,73.433,76.289,79.144,82,84.855,87.71,90.566,93.421,96.276,lhfa-boys-zscore-expanded-tables (1).xlsx
LHFA,M,,631,,1,84.8855,0.03367,,,73.453,76.311,79.169,82.027,84.886,87.744,90.602,93.46,96.318,lhfa-boys-zscore-expanded-tables (1).xlsx
LHFA,M,,632,,1,84.916,0.03368,,,73.476,76.336,79.196,82.056,84.916,87.776,90.636,93.496,96.356,lhfa-boys-zscore-expanded-tables (1).xlsx
LHFA,M,,633,,1,84.9465,0.03369,,,73.499,76.361,79.223,82.085,84.946,87.808,90.67,93.532,96.394,lhfa-boys-zscore-expanded-tables (1).xlsx
LHFA,M,,634,,1,84.977,0.0337,,,73.522,76.386,79.25,82.113,84.977,87.841,90.704,93.568,96.432,lhfa-boys-zscore-expanded-tables (1).xlsx
LHFA,M,,635,,1,85.0075,0.03371,,,73.545,76.411,79.276,82.142,85.008,87.873,90.739,93.604,96.47,lhfa-boys-zscore-expanded-tables (1).xlsx
LHFA,M,,636,,1,85.0379,0.03372,,,73.568,76.435,79.303,82.17,85.038,87.905,90.773,93.64,96.508,lhfa-boys-zscore-expanded-tables (1).xlsx
LHFA,M,,637,,1,85.0683,0.03373,,,73.591,76.46,79.33,82.199,85.068,87.938,90.807,93.676,96.546,lhfa-boys-zscore-expanded-tables (1).xlsx
LHFA,M,,638,,1,85.0987,0.03374,,,73.614,76.485,79.356,82.227,85.099,87.97,90.841,93.712,96.584,lhfa-boys-zscore-expanded-tables (1).xlsx
LHFA,M,,639,,1,85.1291,0.03375,,,73.637,76.51,79.383,82.256,85.129,88.002,90.875,93.748,96.622,lhfa-boys-zscore-expanded-tables (1).xlsx
LHFA,M,,640,,1,85.1594,0.03377,,,73.656,76.532,79.408,82.284,85.159,88.035,90.911,93.787,96.663,lhfa-boys-zscore-expanded-tables (1).xlsx
LHFA,M,,641,,1,85.1897,0.03378,,,73.679,76.557,79.434,82.312,85.19,88.067,90.945,93.823,96.701,lhfa-boys-zscore-expanded-tables (1).xlsx
LHFA,M,,642,,1,85.22,0.03379,,,73.702,76.581,79.461,82.34,85.22,88.1,90.979,93.859,96.738,lhfa-boys-zscore-expanded-tables (1).xlsx
LHFA,M,,643,,1,85.2503,0.0338,,,73.724,76.606,79.487,82.369,85.25,88.132,91.013,93.895,96.776,lhfa-boys-zscore-expanded-tables (1).xlsx
LHFA,M,,644,,1,85.2805,0.03381,,,73.747,76.63,79.514,82.397,85.28,88.164,91.047,93.931,96.814,lhfa-boys-zscore-expanded-tables (1).xlsx
LHFA,M,,645,,1,85.3108,0.03382,,,73.77,76.655,79.54,82.426,85.311,88.196,91.081,93.966,96.852,lhfa-boys-zscore-expanded-tables (1).xlsx
LHFA,M,,646,,1,85.341,0.03383,,,73.793,76.68,79.567,82.454,85.341,88.228,91.115,94.002,96.889,lhfa-boys-zscore-expanded-tables (1).xlsx
LHFA,M,,647,,1,85.3711,0.03384,,,73.815,76.704,79.593,82.482,85.371,88.26,91.149,94.038,96.927,lhfa-boys-zscore-expanded-tables (1).xlsx
LHFA,M,,648,,1,85.4013,0.03385,,,73.838,76.729,79.62,82.51,85.401,88.292,91.183,94.074,96.965,lhfa-boys-zscore-expanded-tables (1).xlsx
LHFA,M,,649,,1,85.4314,0.03387,,,73.857,76.751,79.644,82.538,85.431,88.325,91.219,94.112,97.006,lhfa-boys-zscore-expanded-tables (1).xlsx
LHFA,M,,650,,1,85.4615,0.03388,,,73.88,76.775,79.671,82.566,85.462,88.357,91.252,94.148,97.043,lhfa-boys-zscore-expanded-tables (1).xlsx
LHFA,M,,651,,1,85.4916,0.03389,,,73.902,76.8,79.697,82.594,85.492,88.389,91.286,94.184,97.081,lhfa-boys-zscore-expanded-tables (1).xlsx
LHFA,M,,652,,1,85.5217,0.0339,,,73.925,76.824,79.723,82.623,85.522,88.421,91.32,94.219,97.118,lhfa-boys-zscore-expanded-tables (1).xlsx
LHFA,M,,653,,1,85.5517,0.03391,,,73.947,76.849,79.75,82.651,85.552,88.453,91.354,94.255,97.156,lhfa-boys-zscore-expanded-tables (1).xlsx
LHFA,M,,654,,1,85.5817,0.03392,,,73.97,76.873,79.776,82.679,85.582,88.485,91.388,94.29,97.193,lhfa-boys-zscore-expanded-tables (1).xlsx
LHFA,M,,655,,1,85.6117,0.03393,,,73.992,76.897,79.802,82.707,85.612,88.517,91.421,94.326,97.231,lhfa-boys-zscore-expanded-tables (1).xlsx
LHFA,M,,656,,1,85.6417,0.03394,,,74.015,76.922,79.828,82.735,85.642,88.548,91.455,94.362,97.268,lhfa-boys-zscore-expanded-tables (1).xlsx
LHFA,M,,657,,1,85.6716,0.03396,,,74.034,76.943,79.853,82.762,85.672,88.581,91.49,94.4,97.309,lhfa-boys-zscore-expanded-tables (1).xlsx
LHFA,M,,658,,1,85.7015,0.03397,,,74.056,76.968,79.879,82.79,85.702,88.613,91.524,94.435,97.347,lhfa-boys-zscore-expanded-tables (1).xlsx
LHFA,M,,659,,1,85.7314,0.03398,,,74.079,76.992,79.905,82.818,85.731,88.645,91.558,94.471,97.384,lhfa-boys-zscore-expanded-tables (1).xlsx
LHFA,M,,660,,1,85.7613,0.03399,,,74.101,77.016,79.931,82.846,85.761,88.676,91.591,94.506,97.421,lhfa-boys-zscore-expanded-tables (1).xlsx
LHFA,M,,661,,1,85.7912,0.034,,,74.124,77.04,79.957,82.874,85.791,88.708,91.625,94.542,97.459,lhfa-boys-zscore-expanded-tables (1).xlsx
LHFA,M,,662,,1,85.821,0.03401,,,74.146,77.065,79.983,82.902,85.821,88.74,91.659,94.577,97.496,lhfa-boys-zscore-expanded-tables (1).xlsx
LHFA,M,,663,,1,85.8508,0.03402,,,74.168,77.089,80.01,82.93,85.851,88.771,91.692,94.613,97.533,lhfa-boys-zscore-expanded-tables (1).xlsx
LHFA,M,,664,,1,85.8806,0.03404,,,74.187,77.11,80.034,82.957,85.881,88.804,91.727,94.651,97.574,lhfa-boys-zscore-expanded-tables (1).xlsx
LHFA,M,,665,,1,85.9104,0.03405,,,74.209,77.135,80.06,82.985,85.91,88.836,91.761,94.686,97.611,lhfa-boys-zscore-expanded-tables (1).xlsx
LHFA,M,,666,,1,85.9401,0.03406,,,74.232,77.159,80.086,83.013,85.94,88.867,91.794,94.721,97.649,lhfa-boys-zscore-expanded-tables (1).xlsx
LHFA,M,,667,,1,85.9698,0.03407,,,74.254,77.183,80.112,83.041,85.97,88.899,91.828,94.757,97.686,lhfa-boys-zscore-expanded-tables (1).xlsx
LHFA,M,,668,,1,85.9995,0.03408,,,74.276,77.207,80.138,83.069,86,88.93,91.861,94.792,97.723,lhfa-boys-zscore-expanded-tables (1).xlsx
LHFA,M,,669,,1,86.0292,0.03409,,,74.298,77.231,80.164,83.096,86.029,88.962,91.895,94.827,97.76,lhfa-boys-zscore-expanded-tables (1).xlsx
LHFA,M,,670,,1,86.0589,0.0341,,,74.32,77.255,80.19,83.124,86.059,88.994,91.928,94.863,97.797,lhfa-boys-zscore-expanded-tables (1).xlsx
LHFA,M,,671,,1,86.0885,0.03411,,,74.343,77.279,80.216,83.152,86.088,89.025,91.961,94.898,97.834,lhfa-boys-zscore-expanded-tables (1).xlsx
LHFA,M,,672,,1,86.1181,0.03413,,,74.361,77.3,80.24,83.179,86.118,89.057,91.997,94.936,97.875,lhfa-boys-zscore-expanded-tables (1).xlsx
LHFA,M,,673,,1,86.1477,0.03414,,,74.383,77.324,80.266,83.207,86.148,89.089,92.03,94.971,97.912,lhfa-boys-zscore-expanded-tables (1).xlsx
LHFA,M,,674,,1,86.1773,0.03415,,,74.405,77.348,80.291,83.234,86.177,89.12,92.063,95.006,97.949,lhfa-boys-zscore-expanded-tables (1).xlsx
LHFA,M,,675,,1,86.2068,0.03416,,,74.428,77.372,80.317,83.262,86.207,89.152,92.096,95.041,97.986,lhfa-boys-zscore-expanded-tables (1).xlsx
LHFA,M,,676,,1,86.2363,0.03417,,,74.45,77.396,80.343,83.29,86.236,89.183,92.13,95.076,98.023,lhfa-boys-zscore-expanded-tables (1).xlsx
LHFA,M,,677,,1,86.2659,0.03418,,,74.472,77.42,80.369,83.317,86.266,89.214,92.163,95.112,98.06,lhfa-boys-zscore-expanded-tables (1).xlsx
LHFA,M,,678,,1,86.2954,0.03419,,,74.494,77.444,80.395,83.345,86.295,89.246,92.196,95.147,98.097,lhfa-boys-zscore-expanded-tables (1).xlsx
LHFA,M,,679,,1,86.3248,0.03421,,,74.512,77.465,80.418,83.372,86.325,89.278,92.231,95.184,98.137,lhfa-boys-zscore-expanded-tables (1).xlsx
LHFA,M,,680,,1,86.3543,0.03422,,,74.534,77.489,80.444,83.399,86.354,89.309,92.264,95.219,98.174,lhfa-boys-zscore-expanded-tables (1).xlsx
LHFA,M,,681,,1,86.3837,0.03423,,,74.556,77.513,80.47,83.427,86.384,89.341,92.298,95.254,98.211,lhfa-boys-zscore-expanded-tables (1).xlsx
LHFA,M,,682,,1,86.4131,0.03424,,,74.578,77.537,80.496,83.454,86.413,89.372,92.331,95.289,98.248,lhfa-boys-zscore-expanded-tables (1).xlsx
LHFA,M,,683,,1,86.4425,0.03425,,,74.6,77.561,80.521,83.482,86.442,89.403,92.364,95.324,98.285,lhfa-boys-zscore-expanded-tables (1).xlsx
LHFA,M,,684,,1,86.4719,0.03426,,,74.622,77.584,80.547,83.509,86.472,89.434,92.397,95.359,98.322,lhfa-boys-zscore-expanded-tables (1).xlsx
LHFA,M,,685,,1,86.5012,0.03427,,,74.644,77.608,80.572,83.537,86.501,89.466,92.43,95.394,98.359,lhfa-boys-zscore-expanded-tables (1).xlsx
LHFA,M,,686,,1,86.5306,0.03429,,,74.662,77.629,80.596,83.563,86.531,89.498,92.465,95.432,98.399,lhfa-boys-zscore-expanded-tables (1).xlsx
LHFA,M,,687,,1,86.5599,0.0343,,,74.684,77.653,80.622,83.591,86.56,89.529,92.498,95.467,98.436,lhfa-boys-zscore-expanded-tables (1).xlsx
LHFA,M,,688,,1,86.5892,0.03431,,,74.706,77.677,80.647,83.618,86.589,89.56,92.531,95.502,98.473,lhfa-boys-zscore-expanded-tables (1).xlsx
LHFA,M,,689,,1,86.6184,0.03432,,,74.727,77.7,80.673,83.646,86.618,89.591,92.564,95.537,98.509,lhfa-boys-zscore-expanded-tables (1).xlsx
LHFA,M,,690,,1,86.6477,0.03433,,,74.749,77.724,80.698,83.673,86.648,89.622,92.597,95.572,98.546,lhfa-boys-zscore-expanded-tables (1).xlsx
LHFA,M,,691,,1,86.6769,0.03434,,,74.771,77.747,80.724,83.7,86.677,89.653,92.63,95.606,98.583,lhfa-boys-zscore-expanded-tables (1).xlsx
LHFA,M,,692,,1,86.7061,0.03435,,,74.793,77.771,80.749,83.728,86.706,89.684,92.663,95.641,98.62,lhfa-boys-zscore-expanded-tables (1).xlsx
LHFA,M,,693,,1,86.7353,0.03437,,,74.811,77.792,80.773,83.754,86.735,89.716,92.697,95.679,98.66,lhfa-boys-zscore-expanded-tables (1).xlsx
LHFA,M,,694,,1,86.7645,0.03438,,,74.833,77.816,80.799,83.782,86.764,89.747,92.73,95.713,98.696,lhfa-boys-zscore-expanded-tables (1).xlsx
LHFA,M,,695,,1,86.7937,0.03439,,,74.854,77.839,80.824,83.809,86.794,89.779,92.763,95.748,98.733,lhfa-boys-zscore-expanded-tables (1).xlsx
LHFA,M,,696,,1,86.8228,0.0344,,,74.876,77.863,80.849,83.836,86.823,89.81,92.796,95.783,98.77,lhfa-boys-zscore-expanded-tables (1).xlsx
LHFA,M,,697,,1,86.8519,0.03441,,,74.898,77.886,80.875,83.863,86.852,89.84,92.829,95.818,98.806,lhfa-boys-zscore-expanded-tables (1).xlsx
LHFA,M,,698,,1,86.881,0.03442,,,74.919,77.91,80.9,83.891,86.881,89.871,92.862,95.852,98.843,lhfa-boys-zscore-expanded-tables (1).xlsx
LHFA,M,,699,,1,86.9101,0.03443,,,74.941,77.933,80.925,83.918,86.91,89.902,92.895,95.887,98.879,lhfa-boys-zscore-expanded-tables (1).xlsx
LHFA,M,,700,,1,86.9392,0.03445,,,74.959,77.954,80.949,83.944,86.939,89.934,92.929,95.924,98.919,lhfa-boys-zscore-expanded-tables (1).xlsx
LHFA,M,,701,,1,86.9682,0.03446,,,74.981,77.977,80.974,83.971,86.968,89.965,92.962,95.959,98.956,lhfa-boys-zscore-expanded-tables (1).xlsx
LHFA,M,,702,,1,86.9972,0.03447,,,75.002,78.001,81,83.998,86.997,89.996,92.995,95.994,98.992,lhfa-boys-zscore-expanded-tables (1).xlsx
LHFA,M,,703,,1,87.0262,0.03448,,,75.024,78.024,81.025,84.026,87.026,90.027,93.028,96.028,99.029,lhfa-boys-zscore-expanded-tables (1).xlsx
LHFA,M,,704,,1,87.0552,0.03449,,,75.045,78.048,81.05,84.053,87.055,90.058,93.06,96.063,99.065,lhfa-boys-zscore-expanded-tables (1).xlsx
LHFA,M,,705,,1,87.0842,0.0345,,,75.067,78.071,81.075,84.08,87.084,90.089,93.093,96.097,99.102,lhfa-boys-zscore-expanded-tables (1).xlsx
LHFA,M,,706,,1,87.1131,0.03451,,,75.088,78.094,81.101,84.107,87.113,90.119,93.126,96.132,99.138,lhfa-boys-zscore-expanded-tables (1).xlsx
LHFA,M,,707,,1,87.142,0.03453,,,75.106,78.115,81.124,84.133,87.142,90.151,93.16,96.169,99.178,lhfa-boys-zscore-expanded-tables (1).xlsx
LHFA,M,,708,,1,87.1709,0.03454,,,75.127,78.138,81.149,84.16,87.171,90.182,93.193,96.204,99.214,lhfa-boys-zscore-expanded-tables (1).xlsx
LHFA,M,,709,,1,87.1998,0.03455,,,75.149,78.162,81.174,84.187,87.2,90.213,93.225,96.238,99.251,lhfa-boys-zscore-expanded-tables (1).xlsx
LHFA,M,,710,,1,87.2287,0.03456,,,75.17,78.185,81.199,84.214,87.229,90.243,93.258,96.273,99.287,lhfa-boys-zscore-expanded-tables (1).xlsx
LHFA,M,,711,,1,87.2575,0.03457,,,75.192,78.208,81.225,84.241,87.258,90.274,93.29,96.307,99.323,lhfa-boys-zscore-expanded-tables (1).xlsx
LHFA,M,,712,,1,87.2863,0.03458,,,75.213,78.231,81.25,84.268,87.286,90.305,93.323,96.341,99.36,lhfa-boys-zscore-expanded-tables (1).xlsx
LHFA,M,,713,,1,87.3151,0.03459,,,75.234,78.254,81.275,84.295,87.315,90.335,93.356,96.376,99.396,lhfa-boys-zscore-expanded-tables (1).xlsx
LHFA,M,,714,,1,87.3439,0.03461,,,75.252,78.275,81.298,84.321,87.344,90.367,93.39,96.413,99.436,lhfa-boys-zscore-expanded-tables (1).xlsx
LHFA,M,,715,,1,87.3727,0.03462,,,75.273,78.298,81.323,84.348,87.373,90.398,93.422,96.447,99.472,lhfa-boys-zscore-expanded-tables (1).xlsx
LHFA,M,,716,,1,87.4014,0.03463,,,75.295,78.321,81.348,84.375,87.401,90.428,93.455,96.482,99.508,lhfa-boys-zscore-expanded-tables (1).xlsx
LHFA,M,,717,,1,87.4302,0.03464,,,75.316,78.344,81.373,84.402,87.43,90.459,93.487,96.516,99.545,lhfa-boys-zscore-expanded-tables (1).xlsx
LHFA,M,,718,,1,87.4589,0.03465,,,75.337,78.368,81.398,84.428,87.459,90.489,93.52,96.55,99.581,lhfa-boys-zscore-expanded-tables (1).xlsx
LHFA,M,,719,,1,87.4876,0.03466,,,75.358,78.391,81.423,84.455,87.488,90.52,93.552,96.585,99.617,lhfa-boys-zscore-expanded-tables (1).xlsx
LHFA,M,,720,,1,87.5162,0.03467,,,75.379,78.414,81.448,84.482,87.516,90.55,93.585,96.619,99.653,lhfa-boys-zscore-expanded-tables (1).xlsx
LHFA,M,,721,,1,87.5449,0.03469,,,75.397,78.434,81.471,84.508,87.545,90.582,93.619,96.656,99.693,lhfa-boys-zscore-expanded-tables (1).xlsx
LHFA,M,,722,,1,87.5735,0.0347,,,75.418,78.457,81.496,84.535,87.574,90.612,93.651,96.69,99.729,lhfa-boys-zscore-expanded-tables (1).xlsx
LHFA,M,,723,,1,87.6021,0.03471,,,75.439,78.48,81.521,84.561,87.602,90.643,93.683,96.724,99.765,lhfa-boys-zscore-expanded-tables (1).xlsx
LHFA,M,,724,,1,87.6307,0.03472,,,75.461,78.503,81.546,84.588,87.631,90.673,93.716,96.758,99.801,lhfa-boys-zscore-expanded-tables (1).xlsx
LHFA,M,,725,,1,87.6593,0.03473,,,75.482,78.526,81.57,84.615,87.659,90.704,93.748,96.793,99.837,lhfa-boys-zscore-expanded-tables (1).xlsx
LHFA,M,,726,,1,87.6878,0.03474,,,75.503,78.549,81.595,84.642,87.688,90.734,93.78,96.827,99.873,lhfa-boys-zscore-expanded-tables (1).xlsx
LHFA,M,,727,,1,87.7164,0.03475,,,75.524,78.572,81.62,84.668,87.716,90.765,93.813,96.861,99.909,lhfa-boys-zscore-expanded-tables (1).xlsx
LHFA,M,,728,,1,87.7449,0.03477,,,75.541,78.592,81.643,84.694,87.745,90.796,93.847,96.898,99.948,lhfa-boys-zscore-expanded-tables (1).xlsx
LHFA,M,,729,,1,87.7734,0.03478,,,75.562,78.615,81.668,84.721,87.773,90.826,93.879,96.932,99.984,lhfa-boys-zscore-expanded-tables (1).xlsx
LHFA,M,,730,,1,87.8018,0.03479,,,75.583,78.638,81.693,84.747,87.802,90.856,93.911,96.966,100.02,lhfa-boys-zscore-expanded-tables (1).xlsx
LHFA,M,,731,,1,87.1303,0.03508,,,74.904,77.961,81.017,84.074,87.13,90.187,93.243,96.3,99.356,lhfa-boys-zscore-expanded-tables (1).xlsx
LHFA,M,,732,,1,87.1587,0.03509,,,74.925,77.984,81.042,84.1,87.159,90.217,93.275,96.334,99.392,lhfa-boys-zscore-expanded-tables (1).xlsx
LHFA,M,,733,,1,87.1871,0.0351,,,74.946,78.006,81.067,84.127,87.187,90.247,93.308,96.368,99.428,lhfa-boys-zscore-expanded-tables (1).xlsx
LHFA,M,,734,,1,87.2155,0.03511,,,74.967,78.029,81.091,84.153,87.216,90.278,93.34,96.402,99.464,lhfa-boys-zscore-expanded-tables (1).xlsx
LHFA,M,,735,,1,87.2439,0.03513,,,74.984,78.049,81.114,84.179,87.244,90.309,93.374,96.439,99.503,lhfa-boys-zscore-expanded-tables (1).xlsx
LHFA,M,,736,,1,87.2722,0.03514,,,75.005,78.072,81.139,84.205,87.272,90.339,93.406,96.472,99.539,lhfa-boys-zscore-expanded-tables (1).xlsx
LHFA,M,,737,,1,87.3006,0.03515,,,75.026,78.095,81.163,84.232,87.301,90.369,93.438,96.506,99.575,lhfa-boys-zscore-expanded-tables (1).xlsx
LHFA,M,,738,,1,87.3289,0.03516,,,75.047,78.117,81.188,84.258,87.329,90.399,93.47,96.54,99.611,lhfa-boys-zscore-expanded-tables (1).xlsx
LHFA,M,,739,,1,87.3571,0.03517,,,75.068,78.14,81.212,84.285,87.357,90.429,93.502,96.574,99.646,lhfa-boys-zscore-expanded-tables (1).xlsx
LHFA,M,,740,,1,87.3854,0.03518,,,75.089,78.163,81.237,84.311,87.385,90.46,93.534,96.608,99.682,lhfa-boys-zscore-expanded-tables (1).xlsx
LHFA,M,,741,,1,87.4136,0.03519,,,75.109,78.185,81.261,84.338,87.414,90.49,93.566,96.642,99.718,lhfa-boys-zscore-expanded-tables (1).xlsx
LHFA,M,,742,,1,87.4419,0.03521,,,75.127,78.205,81.284,84.363,87.442,90.521,93.6,96.678,99.757,lhfa-boys-zscore-expanded-tables (1).xlsx
LHFA,M,,743,,1,87.4701,0.03522,,,75.147,78.228,81.309,84.389,87.47,90.551,93.631,96.712,99.793,lhfa-boys-zscore-expanded-tables (1).xlsx
LHFA,M,,744,,1,87.4982,0.03523,,,75.168,78.251,81.333,84.416,87.498,90.581,93.663,96.746,99.828,lhfa-boys-zscore-expanded-tables (1).xlsx
LHFA,M,,745,,1,87.5264,0.03524,,,75.189,78.273,81.358,84.442,87.526,90.611,93.695,96.78,99.864,lhfa-boys-zscore-expanded-tables (1).xlsx
LHFA,M,,746,,1,87.5545,0.03525,,,75.209,78.296,81.382,84.468,87.554,90.641,93.727,96.813,99.9,lhfa-boys-zscore-expanded-tables (1).xlsx
LHFA,M,,747,,1,87.5826,0.03526,,,75.23,78.318,81.406,84.494,87.583,90.671,93.759,96.847,99.935,lhfa-boys-zscore-expanded-tables (1).xlsx
LHFA,M,,748,,1,87.6107,0.03527,,,75.251,78.341,81.431,84.521,87.611,90.701,93.791,96.881,99.971,lhfa-boys-zscore-expanded-tables (1).xlsx
LHFA,M,,749,,1,87.6388,0.03528,,,75.271,78.363,81.455,84.547,87.639,90.731,93.823,96.914,100.006,lhfa-boys-zscore-expanded-tables (1).xlsx
LHFA,M,,750,,1,87.6668,0.0353,,,75.288,78.383,81.478,84.572,87.667,90.761,93.856,96.951,100.045,lhfa-boys-zscore-expanded-tables (1).xlsx
LHFA,M,,751,,1,87.6948,0.03531,,,75.309,78.405,81.502,84.598,87.695,90.791,93.888,96.984,100.081,lhfa-boys-zscore-expanded-tables (1).xlsx
LHFA,M,,752,,1,87.7228,0.03532,,,75.329,78.428,81.526,84.624,87.723,90.821,93.92,97.018,100.116,lhfa-boys-zscore-expanded-tables (1).xlsx
LHFA,M,,753,,1,87.7508,0.03533,,,75.35,78.45,81.55,84.651,87.751,90.851,93.951,97.052,100.152,lhfa-boys-zscore-expanded-tables (1).xlsx
LHFA,M,,754,,1,87.7788,0.03534,,,75.37,78.472,81.575,84.677,87.779,90.881,93.983,97.085,100.187,lhfa-boys-zscore-expanded-tables (1).xlsx
LHFA,M,,755,,1,87.8067,0.03535,,,75.391,78.495,81.599,84.703,87.807,90.911,94.015,97.119,100.223,lhfa-boys-zscore-expanded-tables (1).xlsx
LHFA,M,,756,,1,87.8346,0.03536,,,75.411,78.517,81.623,84.729,87.835,90.94,94.046,97.152,100.258,lhfa-boys-zscore-expanded-tables (1).xlsx
LHFA,M,,757,,1,87.8625,0.03538,,,75.428,78.537,81.645,84.754,87.862,90.971,94.08,97.188,100.297,lhfa-boys-zscore-expanded-tables (1).xlsx
LHFA,M,,758,,1,87.8903,0.03539,,,75.449,78.559,81.669,84.78,87.89,91.001,94.111,97.222,100.332,lhfa-boys-zscore-expanded-tables (1).xlsx
LHFA,M,,759,,1,87.9181,0.0354,,,75.469,78.581,81.693,84.806,87.918,91.03,94.143,97.255,100.367,lhfa-boys-zscore-expanded-tables (1).xlsx
LHFA,M,,760,,1,87.946,0.03541,,,75.489,78.603,81.718,84.832,87.946,91.06,94.174,97.289,100.403,lhfa-boys-zscore-expanded-tables (1).xlsx
LHFA,M,,761,,1,87.9737,0.03542,,,75.51,78.626,81.742,84.858,87.974,91.09,94.206,97.322,100.438,lhfa-boys-zscore-expanded-tables (1).xlsx
LHFA,M,,762,,1,88.0015,0.03543,,,75.53,78.648,81.766,84.884,88.002,91.119,94.237,97.355,100.473,lhfa-boys-zscore-expanded-tables (1).xlsx
LHFA,M,,763,,1,88.0292,0.03544,,,75.55,78.67,81.79,84.909,88.029,91.149,94.269,97.388,100.508,lhfa-boys-zscore-expanded-tables (1).xlsx
LHFA,M,,764,,1,88.057,0.03545,,,75.571,78.692,81.814,84.935,88.057,91.179,94.3,97.422,100.543,lhfa-boys-zscore-expanded-tables (1).xlsx
LHFA,M,,765,,1,88.0846,0.03547,,,75.587,78.712,81.836,84.96,88.085,91.209,94.333,97.458,100.582,lhfa-boys-zscore-expanded-tables (1).xlsx
LHFA,M,,766,,1,88.1123,0.03548,,,75.607,78.734,81.86,84.986,88.112,91.239,94.365,97.491,100.617,lhfa-boys-zscore-expanded-tables (1).xlsx
LHFA,M,,767,,1,88.14,0.03549,,,75.628,78.756,81.884,85.012,88.14,91.268,94.396,97.524,100.652,lhfa-boys-zscore-expanded-tables (1).xlsx
LHFA,M,,768,,1,88.1676,0.0355,,,75.648,78.778,81.908,85.038,88.168,91.298,94.427,97.557,100.687,lhfa-boys-zscore-expanded-tables (1).xlsx
LHFA,M,,769,,1,88.1952,0.03551,,,75.668,78.8,81.932,85.063,88.195,91.327,94.459,97.591,100.722,lhfa-boys-zscore-expanded-tables (1).xlsx
LHFA,M,,770,,1,88.2228,0.03552,,,75.688,78.822,81.955,85.089,88.223,91.356,94.49,97.624,100.757,lhfa-boys-zscore-expanded-tables (1).xlsx
LHFA,M,,771,,1,88.2503,0.03553,,,75.708,78.844,81.979,85.115,88.25,91.386,94.521,97.657,100.792,lhfa-boys-zscore-expanded-tables (1).xlsx
LHFA,M,,772,,1,88.2778,0.03555,,,75.725,78.863,82.001,85.14,88.278,91.416,94.554,97.693,100.831,lhfa-boys-zscore-expanded-tables (1).xlsx
LHFA,M,,773,,1,88.3053,0.03556,,,75.745,78.885,82.025,85.165,88.305,91.445,94.586,97.726,100.866,lhfa-boys-zscore-expanded-tables (1).xlsx
LHFA,M,,774,,1,88.3328,0.03557,,,75.765,78.907,82.049,85.191,88.333,91.475,94.617,97.759,100.901,lhfa-boys-zscore-expanded-tables (1).xlsx
LHFA,M,,775,,1,88.3603,0.03558,,,75.785,78.929,82.073,85.216,88.36,91.504,94.648,97.792,100.936,lhfa-boys-zscore-expanded-tables (1).xlsx
LHFA,M,,776,,1,88.3877,0.03559,,,75.805,78.951,82.096,85.242,88.388,91.533,94.679,97.825,100.971,lhfa-boys-zscore-expanded-tables (1).xlsx
LHFA,M,,777,,1,88.4151,0.0356,,,75.825,78.972,82.12,85.268,88.415,91.563,94.71,97.858,101.005,lhfa-boys-zscore-expanded-tables (1).xlsx
LHFA,M,,778,,1,88.4425,0.03561,,,75.845,78.994,82.144,85.293,88.442,91.592,94.741,97.891,101.04,lhfa-boys-zscore-expanded-tables (1).xlsx
LHFA,M,,779,,1,88.4699,0.03562,,,75.865,79.016,82.167,85.319,88.47,91.621,94.772,97.924,101.075,lhfa-boys-zscore-expanded-tables (1).xlsx
LHFA,M,,780,,1,88.4972,0.03564,,,75.881,79.035,82.189,85.343,88.497,91.651,94.805,97.959,101.113,lhfa-boys-zscore-expanded-tables (1).xlsx
LHFA,M,,781,,1,88.5245,0.03565,,,75.901,79.057,82.213,85.369,88.524,91.68,94.836,97.992,101.148,lhfa-boys-zscore-expanded-tables (1).xlsx
LHFA,M,,782,,1,88.5518,0.03566,,,75.921,79.079,82.236,85.394,88.552,91.71,94.867,98.025,101.183,lhfa-boys-zscore-expanded-tables (1).xlsx
LHFA,M,,783,,1,88.5791,0.03567,,,75.941,79.1,82.26,85.419,88.579,91.739,94.898,98.058,101.218,lhfa-boys-zscore-expanded-tables (1).xlsx
LHFA,M,,784,,1,88.6063,0.03568,,,75.96,79.122,82.283,85.445,88.606,91.768,94.929,98.091,101.252,lhfa-boys-zscore-expanded-tables (1).xlsx
LHFA,M,,785,,1,88.6335,0.03569,,,75.98,79.144,82.307,85.47,88.634,91.797,94.96,98.123,101.287,lhfa-boys-zscore-expanded-tables (1).xlsx
LHFA,M,,786,,1,88.6607,0.0357,,,76,79.165,82.33,85.496,88.661,91.826,94.991,98.156,101.321,lhfa-boys-zscore-expanded-tables (1).xlsx
LHFA,M,,787,,1,88.6879,0.03571,,,76.02,79.187,82.354,85.521,88.688,91.855,95.022,98.189,101.356,lhfa-boys-zscore-expanded-tables (1).xlsx
LHFA,M,,788,,1,88.715,0.03572,,,76.039,79.208,82.377,85.546,88.715,91.884,95.053,98.222,101.391,lhfa-boys-zscore-expanded-tables (1).xlsx
LHFA,M,,789,,1,88.7422,0.03574,,,76.056,79.227,82.399,85.571,88.742,91.914,95.085,98.257,101.429,lhfa-boys-zscore-expanded-tables (1).xlsx
LHFA,M,,790,,1,88.7693,0.03575,,,76.075,79.249,82.422,85.596,88.769,91.943,95.116,98.29,101.463,lhfa-boys-zscore-expanded-tables (1).xlsx
LHFA,M,,791,,1,88.7964,0.03576,,,76.095,79.27,82.446,85.621,88.796,91.972,95.147,98.322,101.498,lhfa-boys-zscore-expanded-tables (1).xlsx
LHFA,M,,792,,1,88.8234,0.03577,,,76.115,79.292,82.469,85.646,88.823,92.001,95.178,98.355,101.532,lhfa-boys-zscore-expanded-tables (1).xlsx
LHFA,M,,793,,1,88.8504,0.03578,,,76.134,79.313,82.492,85.671,88.85,92.029,95.209,98.388,101.567,lhfa-boys-zscore-expanded-tables (1).xlsx
LHFA,M,,794,,1,88.8775,0.03579,,,76.154,79.335,82.516,85.697,88.878,92.058,95.239,98.42,101.601,lhfa-boys-zscore-expanded-tables (1).xlsx
LHFA,M,,795,,1,88.9044,0.0358,,,76.173,79.356,82.539,85.722,88.904,92.087,95.27,98.453,101.636,lhfa-boys-zscore-expanded-tables (1).xlsx
LHFA,M,,796,,1,88.9314,0.03581,,,76.193,79.377,82.562,85.747,88.931,92.116,95.301,98.485,101.67,lhfa-boys-zscore-expanded-tables (1).xlsx
LHFA,M,,797,,1,88.9584,0.03582,,,76.212,79.399,82.585,85.772,88.958,92.145,95.331,98.518,101.704,lhfa-boys-zscore-expanded-tables (1).xlsx
LHFA,M,,798,,1,88.9853,0.03584,,,76.228,79.418,82.607,85.796,88.985,92.175,95.364,98.553,101.742,lhfa-boys-zscore-expanded-tables (1).xlsx
LHFA,M,,799,,1,89.0122,0.03585,,,76.248,79.439,82.63,85.821,89.012,92.203,95.394,98.585,101.777,lhfa-boys-zscore-expanded-tables (1).xlsx
LHFA,M,,800,,1,89.0391,0.03586,,,76.267,79.46,82.653,85.846,89.039,92.232,95.425,98.618,101.811,lhfa-boys-zscore-expanded-tables (1).xlsx
LHFA,M,,801,,1,89.0659,0.03587,,,76.287,79.482,82.676,85.871,89.066,92.261,95.455,98.65,101.845,lhfa-boys-zscore-expanded-tables (1).xlsx
LHFA,M,,802,,1,89.0927,0.03588,,,76.306,79.503,82.699,85.896,89.093,92.289,95.486,98.683,101.879,lhfa-boys-zscore-expanded-tables (1).xlsx
LHFA,M,,803,,1,89.1195,0.03589,,,76.326,79.524,82.723,85.921,89.12,92.318,95.516,98.715,101.913,lhfa-boys-zscore-expanded-tables (1).xlsx
LHFA,M,,804,,1,89.1463,0.0359,,,76.345,79.545,82.746,85.946,89.146,92.347,95.547,98.747,101.948,lhfa-boys-zscore-expanded-tables (1).xlsx
LHFA,M,,805,,1,89.1731,0.03591,,,76.364,79.566,82.769,85.971,89.173,92.375,95.578,98.78,101.982,lhfa-boys-zscore-expanded-tables (1).xlsx
LHFA,M,,806,,1,89.1998,0.03592,,,76.384,79.588,82.792,85.996,89.2,92.404,95.608,98.812,102.016,lhfa-boys-zscore-expanded-tables (1).xlsx
LHFA,M,,807,,1,89.2266,0.03593,,,76.403,79.609,82.815,86.021,89.227,92.433,95.638,98.844,102.05,lhfa-boys-zscore-expanded-tables (1).xlsx
LHFA,M,,808,,1,89.2533,0.03595,,,76.419,79.627,82.836,86.045,89.253,92.462,95.671,98.879,102.088,lhfa-boys-zscore-expanded-tables (1).xlsx
LHFA,M,,809,,1,89.2799,0.03596,,,76.438,79.648,82.859,86.069,89.28,92.49,95.701,98.911,102.122,lhfa-boys-zscore-expanded-tables (1).xlsx
LHFA,M,,810,,1,89.3066,0.03597,,,76.457,79.67,82.882,86.094,89.307,92.519,95.731,98.944,102.156,lhfa-boys-zscore-expanded-tables (1).xlsx
LHFA,M,,811,,1,89.3332,0.03598,,,76.476,79.691,82.905,86.119,89.333,92.547,95.762,98.976,102.19,lhfa-boys-zscore-expanded-tables (1).xlsx
LHFA,M,,812,,1,89.3598,0.03599,,,76.496,79.712,82.928,86.144,89.36,92.576,95.792,99.008,102.224,lhfa-boys-zscore-expanded-tables (1).xlsx
LHFA,M,,813,,1,89.3864,0.036,,,76.515,79.733,82.951,86.168,89.386,92.604,95.822,99.04,102.258,lhfa-boys-zscore-expanded-tables (1).xlsx
LHFA,M,,814,,1,89.413,0.03601,,,76.534,79.754,82.973,86.193,89.413,92.633,95.853,99.072,102.292,lhfa-boys-zscore-expanded-tables (1).xlsx
LHFA,M,,815,,1,89.4395,0.03602,,,76.553,79.775,82.996,86.218,89.44,92.661,95.883,99.104,102.326,lhfa-boys-zscore-expanded-tables (1).xlsx
LHFA,M,,816,,1,89.466,0.03603,,,76.572,79.796,83.019,86.243,89.466,92.689,95.913,99.136,102.36,lhfa-boys-zscore-expanded-tables (1).xlsx
LHFA,M,,817,,1,89.4925,0.03604,,,76.591,79.817,83.042,86.267,89.492,92.718,95.943,99.168,102.394,lhfa-boys-zscore-expanded-tables (1).xlsx
LHFA,M,,818,,1,89.519,0.03605,,,76.61,79.838,83.065,86.292,89.519,92.746,95.973,99.2,102.428,lhfa-boys-zscore-expanded-tables (1).xlsx
LHFA,M,,819,,1,89.5455,0.03607,,,76.626,79.856,83.086,86.316,89.546,92.775,96.005,99.235,102.465,lhfa-boys-zscore-expanded-tables (1).xlsx
LHFA,M,,820,,1,89.5719,0.03608,,,76.645,79.877,83.108,86.34,89.572,92.804,96.035,99.267,102.499,lhfa-boys-zscore-expanded-tables (1).xlsx
LHFA,M,,821,,1,89.5983,0.03609,,,76.664,79.897,83.131,86.365,89.598,92.832,96.066,99.299,102.533,lhfa-boys-zscore-expanded-tables (1).xlsx
LHFA,M,,822,,1,89.6247,0.0361,,,76.683,79.918,83.154,86.389,89.625,92.86,96.096,99.331,102.567,lhfa-boys-zscore-expanded-tables (1).xlsx
LHFA,M,,823,,1,89.651,0.03611,,,76.702,79.939,83.176,86.414,89.651,92.888,96.126,99.363,102.6,lhfa-boys-zscore-expanded-tables (1).xlsx
LHFA,M,,824,,1,89.6774,0.03612,,,76.721,79.96,83.199,86.438,89.677,92.917,96.156,99.395,102.634,lhfa-boys-zscore-expanded-tables (1).xlsx
LHFA,M,,825,,1,89.7037,0.03613,,,76.74,79.981,83.222,86.463,89.704,92.945,96.186,99.427,102.668,lhfa-boys-zscore-expanded-tables (1).xlsx
LHFA,M,,826,,1,89.73,0.03614,,,76.759,80.001,83.244,86.487,89.73,92.973,96.216,99.459,102.701,lhfa-boys-zscore-expanded-tables (1).xlsx
LHFA,M,,827,,1,89.7563,0.03615,,,76.778,80.022,83.267,86.512,89.756,93.001,96.246,99.49,102.735,lhfa-boys-zscore-expanded-tables (1).xlsx
LHFA,M,,828,,1,89.7825,0.03616,,,76.796,80.043,83.289,86.536,89.782,93.029,96.276,99.522,102.769,lhfa-boys-zscore-expanded-tables (1).xlsx
LHFA,M,,829,,1,89.8087,0.03617,,,76.815,80.064,83.312,86.56,89.809,93.057,96.305,99.554,102.802,lhfa-boys-zscore-expanded-tables (1).xlsx
LHFA,M,,830,,1,89.8349,0.03618,,,76.834,80.084,83.334,86.585,89.835,93.085,96.335,99.586,102.836,lhfa-boys-zscore-expanded-tables (1).xlsx
LHFA,M,,831,,1,89.8611,0.0362,,,76.849,80.102,83.355,86.608,89.861,93.114,96.367,99.62,102.873,lhfa-boys-zscore-expanded-tables (1).xlsx
LHFA,M,,832,,1,89.8873,0.03621,,,76.868,80.123,83.378,86.632,89.887,93.142,96.397,99.652,102.907,lhfa-boys-zscore-expanded-tables (1).xlsx
LHFA,M,,833,,1,89.9134,0.03622,,,76.887,80.143,83.4,86.657,89.913,93.17,96.427,99.683,102.94,lhfa-boys-zscore-expanded-tables (1).xlsx
LHFA,M,,834,,1,89.9395,0.03623,,,76.905,80.164,83.422,86.681,89.94,93.198,96.457,99.715,102.974,lhfa-boys-zscore-expanded-tables (1).xlsx
LHFA,M,,835,,1,89.9656,0.03624,,,76.924,80.185,83.445,86.705,89.966,93.226,96.486,99.747,103.007,lhfa-boys-zscore-expanded-tables (1).xlsx
LHFA,M,,836,,1,89.9917,0.03625,,,76.943,80.205,83.467,86.73,89.992,93.254,96.516,99.778,103.04,lhfa-boys-zscore-expanded-tables (1).xlsx
LHFA,M,,837,,1,90.0177,0.03626,,,76.962,80.226,83.49,86.754,90.018,93.282,96.546,99.81,103.074,lhfa-boys-zscore-expanded-tables (1).xlsx
LHFA,M,,838,,1,90.0437,0.03627,,,76.98,80.246,83.512,86.778,90.044,93.31,96.575,99.841,103.107,lhfa-boys-zscore-expanded-tables (1).xlsx
LHFA,M,,839,,1,90.0697,0.03628,,,76.999,80.267,83.534,86.802,90.07,93.337,96.605,99.873,103.141,lhfa-boys-zscore-expanded-tables (1).xlsx
LHFA,M,,840,,1,90.0957,0.03629,,,77.017,80.287,83.557,86.826,90.096,93.365,96.635,99.904,103.174,lhfa-boys-zscore-expanded-tables (1).xlsx
LHFA,M,,841,,1,90.1216,0.0363,,,77.036,80.307,83.579,86.85,90.122,93.393,96.664,99.936,103.207,lhfa-boys-zscore-expanded-tables (1).xlsx
LHFA,M,,842,,1,90.1476,0.03631,,,77.055,80.328,83.601,86.874,90.148,93.421,96.694,99.967,103.241,lhfa-boys-zscore-expanded-tables (1).xlsx
LHFA,M,,843,,1,90.1735,0.03632,,,77.073,80.348,83.623,86.898,90.174,93.449,96.724,99.999,103.274,lhfa-boys-zscore-expanded-tables (1).xlsx
LHFA,M,,844,,1,90.1994,0.03633,,,77.092,80.369,83.646,86.922,90.199,93.476,96.753,100.03,103.307,lhfa-boys-zscore-expanded-tables (1).xlsx
LHFA,M,,845,,1,90.2252,0.03634,,,77.11,80.389,83.668,86.946,90.225,93.504,96.783,100.062,103.34,lhfa-boys-zscore-expanded-tables (1).xlsx
LHFA,M,,846,,1,90.251,0.03636,,,77.125,80.406,83.688,86.969,90.251,93.533,96.814,100.096,103.377,lhfa-boys-zscore-expanded-tables (1).xlsx
LHFA,M,,847,,1,90.2769,0.03637,,,77.143,80.427,83.71,86.994,90.277,93.56,96.844,100.127,103.41,lhfa-boys-zscore-expanded-tables (1).xlsx
LHFA,M,,848,,1,90.3026,0.03638,,,77.162,80.447,83.732,87.017,90.303,93.588,96.873,100.158,103.443,lhfa-boys-zscore-expanded-tables (1).xlsx
LHFA,M,,849,,1,90.3284,0.03639,,,77.18,80.467,83.754,87.041,90.328,93.615,96.903,100.19,103.477,lhfa-boys-zscore-expanded-tables (1).xlsx
LHFA,M,,850,,1,90.3541,0.0364,,,77.199,80.487,83.776,87.065,90.354,93.643,96.932,100.221,103.51,lhfa-boys-zscore-expanded-tables (1).xlsx
LHFA,M,,851,,1,90.3799,0.03641,,,77.217,80.508,83.798,87.089,90.38,93.671,96.961,100.252,103.543,lhfa-boys-zscore-expanded-tables (1).xlsx
LHFA,M,,852,,1,90.4056,0.03642,,,77.235,80.528,83.82,87.113,90.406,93.698,96.991,100.283,103.576,lhfa-boys-zscore-expanded-tables (1).xlsx
LHFA,M,,853,,1,90.4312,0.03643,,,77.254,80.548,83.842,87.137,90.431,93.726,97.02,100.314,103.609,lhfa-boys-zscore-expanded-tables (1).xlsx
LHFA,M,,854,,1,90.4569,0.03644,,,77.272,80.568,83.864,87.161,90.457,93.753,97.049,100.346,103.642,lhfa-boys-zscore-expanded-tables (1).xlsx
LHFA,M,,855,,1,90.4825,0.03645,,,77.29,80.588,83.886,87.184,90.482,93.781,97.079,100.377,103.675,lhfa-boys-zscore-expanded-tables (1).xlsx
LHFA,M,,856,,1,90.5081,0.03646,,,77.308,80.608,83.908,87.208,90.508,93.808,97.108,100.408,103.708,lhfa-boys-zscore-expanded-tables (1).xlsx
LHFA,M,,857,,1,90.5337,0.03647,,,77.327,80.628,83.93,87.232,90.534,93.835,97.137,100.439,103.741,lhfa-boys-zscore-expanded-tables (1).xlsx
LHFA,M,,858,,1,90.5592,0.03648,,,77.345,80.648,83.952,87.256,90.559,93.863,97.166,100.47,103.774,lhfa-boys-zscore-expanded-tables (1).xlsx
LHFA,M,,859,,1,90.5848,0.03649,,,77.363,80.668,83.974,87.279,90.585,93.89,97.196,100.501,103.807,lhfa-boys-zscore-expanded-tables (1).xlsx
LHFA,M,,860,,1,90.6103,0.0365,,,77.381,80.688,83.996,87.303,90.61,93.918,97.225,100.532,103.839,lhfa-boys-zscore-expanded-tables (1).xlsx
LHFA,M,,861,,1,90.6358,0.03651,,,77.399,80.708,84.018,87.327,90.636,93.945,97.254,100.563,103.872,lhfa-boys-zscore-expanded-tables (1).xlsx
LHFA,M,,862,,1,90.6612,0.03652,,,77.417,80.728,84.039,87.35,90.661,93.972,97.283,100.594,103.905,lhfa-boys-zscore-expanded-tables (1).xlsx
LHFA,M,,863,,1,90.6867,0.03653,,,77.436,80.748,84.061,87.374,90.687,93.999,97.312,100.625,103.938,lhfa-boys-zscore-expanded-tables (1).xlsx
LHFA,M,,864,,1,90.7121,0.03654,,,77.454,80.768,84.083,87.397,90.712,94.027,97.341,100.656,103.971,lhfa-boys-zscore-expanded-tables (1).xlsx
LHFA,M,,865,,1,90.7375,0.03655,,,77.472,80.788,84.105,87.421,90.738,94.054,97.37,100.687,104.003,lhfa-boys-zscore-expanded-tables (1).xlsx
LHFA,M,,866,,1,90.7628,0.03656,,,77.49,80.808,84.126,87.445,90.763,94.081,97.399,100.718,104.036,lhfa-boys-zscore-expanded-tables (1).xlsx
LHFA,M,,867,,1,90.7882,0.03657,,,77.508,80.828,84.148,87.468,90.788,94.108,97.428,100.749,104.069,lhfa-boys-zscore-expanded-tables (1).xlsx
LHFA,M,,868,,1,90.8135,0.03659,,,77.522,80.845,84.168,87.491,90.814,94.136,97.459,100.782,104.105,lhfa-boys-zscore-expanded-tables (1).xlsx
LHFA,M,,869,,1,90.8388,0.0366,,,77.54,80.865,84.189,87.514,90.839,94.164,97.488,100.813,104.138,lhfa-boys-zscore-expanded-tables (1).xlsx
LHFA,M,,870,,1,90.8641,0.03661,,,77.558,80.884,84.211,87.538,90.864,94.191,97.517,100.844,104.17,lhfa-boys-zscore-expanded-tables (1).xlsx
LHFA,M,,871,,1,90.8893,0.03662,,,77.576,80.904,84.233,87.561,90.889,94.218,97.546,100.874,104.203,lhfa-boys-zscore-expanded-tables (1).xlsx
LHFA,M,,872,,1,90.9146,0.03663,,,77.594,80.924,84.254,87.584,90.915,94.245,97.575,100.905,104.235,lhfa-boys-zscore-expanded-tables (1).xlsx
LHFA,M,,873,,1,90.9398,0.03664,,,77.612,80.944,84.276,87.608,90.94,94.272,97.604,100.936,104.268,lhfa-boys-zscore-expanded-tables (1).xlsx
LHFA,M,,874,,1,90.965,0.03665,,,77.63,80.963,84.297,87.631,90.965,94.299,97.633,100.967,104.3,lhfa-boys-zscore-expanded-tables (1).xlsx
LHFA,M,,875,,1,90.9901,0.03666,,,77.647,80.983,84.319,87.654,90.99,94.326,97.661,100.997,104.333,lhfa-boys-zscore-expanded-tables (1).xlsx
LHFA,M,,876,,1,91.0153,0.03667,,,77.665,81.003,84.34,87.678,91.015,94.353,97.69,101.028,104.365,lhfa-boys-zscore-expanded-tables (1).xlsx
LHFA,M,,877,,1,91.0404,0.03668,,,77.683,81.022,84.362,87.701,91.04,94.38,97.719,101.058,104.398,lhfa-boys-zscore-expanded-tables (1).xlsx
LHFA,M,,878,,1,91.0655,0.03669,,,77.701,81.042,84.383,87.724,91.066,94.407,97.748,101.089,104.43,lhfa-boys-zscore-expanded-tables (1).xlsx
LHFA,M,,879,,1,91.0905,0.0367,,,77.718,81.061,84.404,87.747,91.09,94.434,97.777,101.12,104.463,lhfa-boys-zscore-expanded-tables (1).xlsx
LHFA,M,,880,,1,91.1156,0.03671,,,77.736,81.081,84.426,87.771,91.116,94.46,97.805,101.15,104.495,lhfa-boys-zscore-expanded-tables (1).xlsx
LHFA,M,,881,,1,91.1406,0.03672,,,77.754,81.101,84.447,87.794,91.141,94.487,97.834,101.181,104.527,lhfa-boys-zscore-expanded-tables (1).xlsx
LHFA,M,,882,,1,91.1656,0.03673,,,77.772,81.12,84.469,87.817,91.166,94.514,97.863,101.211,104.56,lhfa-boys-zscore-expanded-tables (1).xlsx
LHFA,M,,883,,1,91.1906,0.03674,,,77.789,81.14,84.49,87.84,91.191,94.541,97.891,101.242,104.592,lhfa-boys-zscore-expanded-tables (1).xlsx
LHFA,M,,884,,1,91.2155,0.03675,,,77.807,81.159,84.511,87.863,91.216,94.568,97.92,101.272,104.624,lhfa-boys-zscore-expanded-tables (1).xlsx
LHFA,M,,885,,1,91.2405,0.03676,,,77.824,81.178,84.532,87.886,91.24,94.595,97.949,101.303,104.657,lhfa-boys-zscore-expanded-tables (1).xlsx
LHFA,M,,886,,1,91.2654,0.03677,,,77.842,81.198,84.554,87.91,91.265,94.621,97.977,101.333,104.689,lhfa-boys-zscore-expanded-tables (1).xlsx
LHFA,M,,887,,1,91.2903,0.03678,,,77.86,81.217,84.575,87.933,91.29,94.648,98.006,101.363,104.721,lhfa-boys-zscore-expanded-tables (1).xlsx
LHFA,M,,888,,1,91.3151,0.03679,,,77.877,81.237,84.596,87.956,91.315,94.675,98.034,101.394,104.753,lhfa-boys-zscore-expanded-tables (1).xlsx
LHFA,M,,889,,1,91.34,0.0368,,,77.895,81.256,84.617,87.979,91.34,94.701,98.063,101.424,104.785,lhfa-boys-zscore-expanded-tables (1).xlsx
LHFA,M,,890,,1,91.3648,0.03681,,,77.912,81.275,84.639,88.002,91.365,94.728,98.091,101.454,104.817,lhfa-boys-zscore-expanded-tables (1).xlsx
LHFA,M,,891,,1,91.3896,0.03682,,,77.93,81.295,84.66,88.025,91.39,94.755,98.12,101.484,104.849,lhfa-boys-zscore-expanded-tables (1).xlsx
LHFA,M,,892,,1,91.4144,0.03683,,,77.947,81.314,84.681,88.048,91.414,94.781,98.148,101.515,104.882,lhfa-boys-zscore-expanded-tables (1).xlsx
LHFA,M,,893,,1,91.4391,0.03684,,,77.965,81.333,84.702,88.07,91.439,94.808,98.176,101.545,104.914,lhfa-boys-zscore-expanded-tables (1).xlsx
LHFA,M,,894,,1,91.4639,0.03685,,,77.982,81.353,84.723,88.093,91.464,94.834,98.205,101.575,104.946,lhfa-boys-zscore-expanded-tables (1).xlsx
LHFA,M,,895,,1,91.4886,0.03686,,,78,81.372,84.744,88.116,91.489,94.861,98.233,101.605,104.978,lhfa-boys-zscore-expanded-tables (1).xlsx
LHFA,M,,896,,1,91.5133,0.03687,,,78.017,81.391,84.765,88.139,91.513,94.887,98.261,101.636,105.01,lhfa-boys-zscore-expanded-tables (1).xlsx
LHFA,M,,897,,1,91.5379,0.03688,,,78.034,81.41,84.786,88.162,91.538,94.914,98.29,101.666,105.042,lhfa-boys-zscore-expanded-tables (1).xlsx
LHFA,M,,898,,1,91.5626,0.03689,,,78.052,81.429,84.807,88.185,91.563,94.94,98.318,101.696,105.074,lhfa-boys-zscore-expanded-tables (1).xlsx
LHFA,M,,899,,1,91.5872,0.0369,,,78.069,81.448,84.828,88.208,91.587,94.967,98.346,101.726,105.105,lhfa-boys-zscore-expanded-tables (1).xlsx
LHFA,M,,900,,1,91.6118,0.03691,,,78.086,81.468,84.849,88.23,91.612,94.993,98.375,101.756,105.137,lhfa-boys-zscore-expanded-tables (1).xlsx
LHFA,M,,901,,1,91.6364,0.03692,,,78.104,81.487,84.87,88.253,91.636,95.02,98.403,101.786,105.169,lhfa-boys-zscore-expanded-tables (1).xlsx
LHFA,M,,902,,1,91.6609,0.03693,,,78.121,81.506,84.891,88.276,91.661,95.046,98.431,101.816,105.201,lhfa-boys-zscore-expanded-tables (1).xlsx
LHFA,M,,903,,1,91.6855,0.03694,,,78.138,81.525,84.912,88.299,91.686,95.072,98.459,101.846,105.233,lhfa-boys-zscore-expanded-tables (1).xlsx
LHFA,M,,904,,1,91.71,0.03695,,,78.155,81.544,84.933,88.321,91.71,95.099,98.487,101.876,105.265,lhfa-boys-zscore-expanded-tables (1).xlsx
LHFA,M,,905,,1,91.7345,0.03696,,,78.172,81.563,84.953,88.344,91.734,95.125,98.516,101.906,105.297,lhfa-boys-zscore-expanded-tables (1).xlsx
LHFA,M,,906,,1,91.759,0.03697,,,78.19,81.582,84.974,88.367,91.759,95.151,98.544,101.936,105.328,lhfa-boys-zscore-expanded-tables (1).xlsx
LHFA,M,,907,,1,91.7834,0.03698,,,78.207,81.601,84.995,88.389,91.783,95.178,98.572,101.966,105.36,lhfa-boys-zscore-expanded-tables (1).xlsx
LHFA,M,,908,,1,91.8078,0.03699,,,78.224,81.62,85.016,88.412,91.808,95.204,98.6,101.996,105.392,lhfa-boys-zscore-expanded-tables (1).xlsx
LHFA,M,,909,,1,91.8323,0.037,,,78.241,81.639,85.037,88.435,91.832,95.23,98.628,102.026,105.423,lhfa-boys-zscore-expanded-tables (1).xlsx
LHFA,M,,910,,1,91.8566,0.03701,,,78.258,81.658,85.057,88.457,91.857,95.256,98.656,102.055,105.455,lhfa-boys-zscore-expanded-tables (1).xlsx
LHFA,M,,911,,1,91.881,0.03702,,,78.275,81.677,85.078,88.48,91.881,95.282,98.684,102.085,105.487,lhfa-boys-zscore-expanded-tables (1).xlsx
LHFA,M,,912,,1,91.9053,0.03703,,,78.292,81.696,85.099,88.502,91.905,95.309,98.712,102.115,105.518,lhfa-boys-zscore-expanded-tables (1).xlsx
LHFA,M,,913,,1,91.9297,0.03704,,,78.309,81.714,85.12,88.525,91.93,95.335,98.74,102.145,105.55,lhfa-boys-zscore-expanded-tables (1).xlsx
LHFA,M,,914,,1,91.954,0.03705,,,78.326,81.733,85.14,88.547,91.954,95.361,98.768,102.175,105.582,lhfa-boys-zscore-expanded-tables (1).xlsx
LHFA,M,,915,,1,91.9783,0.03706,,,78.343,81.752,85.161,88.57,91.978,95.387,98.796,102.204,105.613,lhfa-boys-zscore-expanded-tables (1).xlsx
LHFA,M,,916,,1,92.0025,0.03707,,,78.36,81.771,85.181,88.592,92.002,95.413,98.824,102.234,105.645,lhfa-boys-zscore-expanded-tables (1).xlsx
LHFA,M,,917,,1,92.0268,0.03708,,,78.377,81.79,85.202,88.614,92.027,95.439,98.852,102.264,105.676,lhfa-boys-zscore-expanded-tables (1).xlsx
LHFA,M,,918,,1,92.051,0.03709,,,78.394,81.808,85.223,88.637,92.051,95.465,98.879,102.294,105.708,lhfa-boys-zscore-expanded-tables (1).xlsx
LHFA,M,,919,,1,92.0752,0.0371,,,78.411,81.827,85.243,88.659,92.075,95.491,98.907,102.323,105.739,lhfa-boys-zscore-expanded-tables (1).xlsx
LHFA,M,,920,,1,92.0993,0.03711,,,78.428,81.846,85.264,88.681,92.099,95.517,98.935,102.353,105.771,lhfa-boys-zscore-expanded-tables (1).xlsx
LHFA,M,,921,,1,92.1235,0.03711,,,78.449,81.867,85.286,88.705,92.124,95.542,98.961,102.38,105.798,lhfa-boys-zscore-expanded-tables (1).xlsx
LHFA,M,,922,,1,92.1476,0.03712,,,78.466,81.886,85.307,88.727,92.148,95.568,98.989,102.409,105.83,lhfa-boys-zscore-expanded-tables (1).xlsx
LHFA,M,,923,,1,92.1717,0.03713,,,78.482,81.905,85.327,88.749,92.172,95.594,99.016,102.439,105.861,lhfa-boys-zscore-expanded-tables (1).xlsx
LHFA,M,,924,,1,92.1958,0.03714,,,78.499,81.923,85.347,88.772,92.196,95.62,99.044,102.468,105.892,lhfa-boys-zscore-expanded-tables (1).xlsx
LHFA,M,,925,,1,92.2199,0.03715,,,78.516,81.942,85.368,88.794,92.22,95.646,99.072,102.498,105.924,lhfa-boys-zscore-expanded-tables (1).xlsx
LHFA,M,,926,,1,92.244,0.03716,,,78.533,81.961,85.388,88.816,92.244,95.672,99.1,102.527,105.955,lhfa-boys-zscore-expanded-tables (1).xlsx
LHFA,M,,927,,1,92.268,0.03717,,,78.55,81.979,85.409,88.838,92.268,95.698,99.127,102.557,105.986,lhfa-boys-zscore-expanded-tables (1).xlsx
LHFA,M,,928,,1,92.292,0.03718,,,78.566,81.998,85.429,88.861,92.292,95.723,99.155,102.586,106.018,lhfa-boys-zscore-expanded-tables (1).xlsx
LHFA,M,,929,,1,92.316,0.03719,,,78.583,82.016,85.45,88.883,92.316,95.749,99.182,102.616,106.049,lhfa-boys-zscore-expanded-tables (1).xlsx
LHFA,M,,930,,1,92.34,0.0372,,,78.6,82.035,85.47,88.905,92.34,95.775,99.21,102.645,106.08,lhfa-boys-zscore-expanded-tables (1).xlsx
LHFA,M,,931,,1,92.3639,0.03721,,,78.616,82.053,85.49,88.927,92.364,95.801,99.238,102.674,106.111,lhfa-boys-zscore-expanded-tables (1).xlsx
LHFA,M,,932,,1,92.3879,0.03722,,,78.633,82.072,85.511,88.949,92.388,95.827,99.265,102.704,106.143,lhfa-boys-zscore-expanded-tables (1).xlsx
LHFA,M,,933,,1,92.4118,0.03723,,,78.65,82.09,85.531,88.971,92.412,95.852,99.293,102.733,106.174,lhfa-boys-zscore-expanded-tables (1).xlsx
LHFA,M,,934,,1,92.4357,0.03724,,,78.666,82.109,85.551,88.993,92.436,95.878,99.32,102.763,106.205,lhfa-boys-zscore-expanded-tables (1).xlsx
LHFA,M,,935,,1,92.4595,0.03725,,,78.683,82.127,85.571,89.015,92.46,95.904,99.348,102.792,106.236,lhfa-boys-zscore-expanded-tables (1).xlsx
LHFA,M,,936,,1,92.4834,0.03726,,,78.7,82.146,85.592,89.037,92.483,95.929,99.375,102.821,106.267,lhfa-boys-zscore-expanded-tables (1).xlsx
LHFA,M,,937,,1,92.5072,0.03727,,,78.716,82.164,85.612,89.059,92.507,95.955,99.403,102.85,106.298,lhfa-boys-zscore-expanded-tables (1).xlsx
LHFA,M,,938,,1,92.531,0.03728,,,78.733,82.182,85.632,89.081,92.531,95.981,99.43,102.88,106.329,lhfa-boys-zscore-expanded-tables (1).xlsx
LHFA,M,,939,,1,92.5548,0.03729,,,78.749,82.201,85.652,89.103,92.555,96.006,99.458,102.909,106.36,lhfa-boys-zscore-expanded-tables (1).xlsx
LHFA,M,,940,,1,92.5786,0.0373,,,78.766,82.219,85.672,89.125,92.579,96.032,99.485,102.938,106.391,lhfa-boys-zscore-expanded-tables (1).xlsx
LHFA,M,,941,,1,92.6023,0.0373,,,78.786,82.24,85.694,89.148,92.602,96.056,99.51,102.964,106.419,lhfa-boys-zscore-expanded-tables (1).xlsx
LHFA,M,,942,,1,92.6261,0.03731,,,78.803,82.258,85.714,89.17,92.626,96.082,99.538,102.994,106.45,lhfa-boys-zscore-expanded-tables (1).xlsx
LHFA,M,,943,,1,92.6498,0.03732,,,78.819,82.277,85.734,89.192,92.65,96.107,99.565,103.023,106.481,lhfa-boys-zscore-expanded-tables (1).xlsx
LHFA,M,,944,,1,92.6735,0.03733,,,78.835,82.295,85.754,89.214,92.674,96.133,99.593,103.052,106.512,lhfa-boys-zscore-expanded-tables (1).xlsx
LHFA,M,,945,,1,92.6971,0.03734,,,78.852,82.313,85.774,89.236,92.697,96.158,99.62,103.081,106.542,lhfa-boys-zscore-expanded-tables (1).xlsx
LHFA,M,,946,,1,92.7208,0.03735,,,78.868,82.331,85.795,89.258,92.721,96.184,99.647,103.11,106.573,lhfa-boys-zscore-expanded-tables (1).xlsx
LHFA,M,,947,,1,92.7444,0.03736,,,78.885,82.35,85.815,89.279,92.744,96.209,99.674,103.139,106.604,lhfa-boys-zscore-expanded-tables (1).xlsx
LHFA,M,,948,,1,92.768,0.03737,,,78.901,82.368,85.835,89.301,92.768,96.235,99.701,103.168,106.635,lhfa-boys-zscore-expanded-tables (1).xlsx
LHFA,M,,949,,1,92.7916,0.03738,,,78.917,82.386,85.854,89.323,92.792,96.26,99.729,103.197,106.666,lhfa-boys-zscore-expanded-tables (1).xlsx
LHFA,M,,950,,1,92.8152,0.03739,,,78.934,82.404,85.874,89.345,92.815,96.286,99.756,103.226,106.697,lhfa-boys-zscore-expanded-tables (1).xlsx
LHFA,M,,951,,1,92.8388,0.0374,,,78.95,82.422,85.894,89.367,92.839,96.311,99.783,103.255,106.727,lhfa-boys-zscore-expanded-tables (1).xlsx
LHFA,M,,952,,1,92.8623,0.03741,,,78.966,82.44,85.914,89.388,92.862,96.336,99.81,103.284,106.758,lhfa-boys-zscore-expanded-tables (1).xlsx
LHFA,M,,953,,1,92.8858,0.03742,,,78.983,82.458,85.934,89.41,92.886,96.362,99.837,103.313,106.789,lhfa-boys-zscore-expanded-tables (1).xlsx
LHFA,M,,954,,1,92.9093,0.03743,,,78.999,82.477,85.954,89.432,92.909,96.387,99.864,103.342,106.82,lhfa-boys-zscore-expanded-tables (1).xlsx
LHFA,M,,955,,1,92.9328,0.03743,,,79.019,82.497,85.976,89.454,92.933,96.411,99.89,103.368,106.847,lhfa-boys-zscore-expanded-tables (1).xlsx
LHFA,M,,956,,1,92.9562,0.03744,,,79.035,82.515,85.996,89.476,92.956,96.436,99.917,103.397,106.877,lhfa-boys-zscore-expanded-tables (1).xlsx
LHFA,M,,957,,1,92.9797,0.03745,,,79.051,82.533,86.016,89.498,92.98,96.462,99.944,103.426,106.908,lhfa-boys-zscore-expanded-tables (1).xlsx
LHFA,M,,958,,1,93.0031,0.03746,,,79.068,82.551,86.035,89.519,93.003,96.487,99.971,103.455,106.939,lhfa-boys-zscore-expanded-tables (1).xlsx
LHFA,M,,959,,1,93.0265,0.03747,,,79.084,82.569,86.055,89.541,93.026,96.512,99.998,103.484,106.969,lhfa-boys-zscore-expanded-tables (1).xlsx
LHFA,M,,960,,1,93.0499,0.03748,,,79.1,82.587,86.075,89.562,93.05,96.537,100.025,103.512,107,lhfa-boys-zscore-expanded-tables (1).xlsx
LHFA,M,,961,,1,93.0732,0.03749,,,79.116,82.605,86.095,89.584,93.073,96.563,100.052,103.541,107.03,lhfa-boys-zscore-expanded-tables (1).xlsx
LHFA,M,,962,,1,93.0966,0.0375,,,79.132,82.623,86.114,89.605,93.097,96.588,100.079,103.57,107.061,lhfa-boys-zscore-expanded-tables (1).xlsx
LHFA,M,,963,,1,93.1199,0.03751,,,79.148,82.641,86.134,89.627,93.12,96.613,100.106,103.599,107.092,lhfa-boys-zscore-expanded-tables (1).xlsx
LHFA,M,,964,,1,93.1432,0.03752,,,79.164,82.659,86.154,89.648,93.143,96.638,100.133,103.627,107.122,lhfa-boys-zscore-expanded-tables (1).xlsx
LHFA,M,,965,,1,93.1665,0.03753,,,79.18,82.677,86.173,89.67,93.166,96.663,100.16,103.656,107.153,lhfa-boys-zscore-expanded-tables (1).xlsx
LHFA,M,,966,,1,93.1898,0.03753,,,79.2,82.698,86.195,89.692,93.19,96.687,100.185,103.682,107.179,lhfa-boys-zscore-expanded-tables (1).xlsx
LHFA,M,,967,,1,93.213,0.03754,,,79.216,82.715,86.215,89.714,93.213,96.712,100.211,103.711,107.21,lhfa-boys-zscore-expanded-tables (1).xlsx
LHFA,M,,968,,1,93.2363,0.03755,,,79.232,82.733,86.234,89.735,93.236,96.737,100.238,103.739,107.24,lhfa-boys-zscore-expanded-tables (1).xlsx
LHFA,M,,969,,1,93.2595,0.03756,,,79.248,82.751,86.254,89.757,93.26,96.762,100.265,103.768,107.271,lhfa-boys-zscore-expanded-tables (1).xlsx
LHFA,M,,970,,1,93.2827,0.03757,,,79.264,82.769,86.273,89.778,93.283,96.787,100.292,103.797,107.301,lhfa-boys-zscore-expanded-tables (1).xlsx
LHFA,M,,971,,1,93.3059,0.03758,,,79.28,82.787,86.293,89.799,93.306,96.812,100.319,103.825,107.332,lhfa-boys-zscore-expanded-tables (1).xlsx
LHFA,M,,972,,1,93.329,0.03759,,,79.296,82.804,86.313,89.821,93.329,96.837,100.345,103.854,107.362,lhfa-boys-zscore-expanded-tables (1).xlsx
LHFA,M,,973,,1,93.3522,0.0376,,,79.312,82.822,86.332,89.842,93.352,96.862,100.372,103.882,107.392,lhfa-boys-zscore-expanded-tables (1).xlsx
LHFA,M,,974,,1,93.3753,0.03761,,,79.328,82.84,86.352,89.863,93.375,96.887,100.399,103.911,107.423,lhfa-boys-zscore-expanded-tables (1).xlsx
LHFA,M,,975,,1,93.3984,0.03762,,,79.344,82.857,86.371,89.885,93.398,96.912,100.426,103.939,107.453,lhfa-boys-zscore-expanded-tables (1).xlsx
LHFA,M,,976,,1,93.4215,0.03762,,,79.363,82.878,86.392,89.907,93.422,96.936,100.451,103.965,107.48,lhfa-boys-zscore-expanded-tables (1).xlsx
LHFA,M,,977,,1,93.4446,0.03763,,,79.379,82.896,86.412,89.928,93.445,96.961,100.477,103.994,107.51,lhfa-boys-zscore-expanded-tables (1).xlsx
LHFA,M,,978,,1,93.4676,0.03764,,,79.395,82.913,86.431,89.949,93.468,96.986,100.504,104.022,107.54,lhfa-boys-zscore-expanded-tables (1).xlsx
LHFA,M,,979,,1,93.4906,0.03765,,,79.411,82.931,86.451,89.971,93.491,97.011,100.53,104.05,107.57,lhfa-boys-zscore-expanded-tables (1).xlsx
LHFA,M,,980,,1,93.5137,0.03766,,,79.427,82.949,86.47,89.992,93.514,97.035,100.557,104.079,107.601,lhfa-boys-zscore-expanded-tables (1).xlsx
LHFA,M,,981,,1,93.5367,0.03767,,,79.443,82.966,86.49,90.013,93.537,97.06,100.584,104.107,107.631,lhfa-boys-zscore-expanded-tables (1).xlsx
LHFA,M,,982,,1,93.5596,0.03768,,,79.458,82.984,86.509,90.034,93.56,97.085,100.61,104.136,107.661,lhfa-boys-zscore-expanded-tables (1).xlsx
LHFA,M,,983,,1,93.5826,0.03769,,,79.474,83.001,86.528,90.055,93.583,97.11,100.637,104.164,107.691,lhfa-boys-zscore-expanded-tables (1).xlsx
LHFA,M,,984,,1,93.6056,0.03769,,,79.494,83.022,86.55,90.078,93.606,97.134,100.662,104.19,107.718,lhfa-boys-zscore-expanded-tables (1).xlsx
LHFA,M,,985,,1,93.6285,0.0377,,,79.509,83.039,86.569,90.099,93.628,97.158,100.688,104.218,107.748,lhfa-boys-zscore-expanded-tables (1).xlsx
LHFA,M,,986,,1,93.6514,0.03771,,,79.525,83.057,86.588,90.12,93.651,97.183,100.715,104.246,107.778,lhfa-boys-zscore-expanded-tables (1).xlsx
LHFA,M,,987,,1,93.6743,0.03772,,,79.541,83.074,86.608,90.141,93.674,97.208,100.741,104.274,107.808,lhfa-boys-zscore-expanded-tables (1).xlsx
LHFA,M,,988,,1,93.6972,0.03773,,,79.556,83.092,86.627,90.162,93.697,97.232,100.768,104.303,107.838,lhfa-boys-zscore-expanded-tables (1).xlsx
LHFA,M,,989,,1,93.7201,0.03774,,,79.572,83.109,86.646,90.183,93.72,97.257,100.794,104.331,107.868,lhfa-boys-zscore-expanded-tables (1).xlsx
LHFA,M,,990,,1,93.7429,0.03775,,,79.588,83.127,86.665,90.204,93.743,97.282,100.82,104.359,107.898,lhfa-boys-zscore-expanded-tables (1).xlsx
LHFA,M,,991,,1,93.7658,0.03776,,,79.603,83.144,86.685,90.225,93.766,97.306,100.847,104.388,107.928,lhfa-boys-zscore-expanded-tables (1).xlsx
LHFA,M,,992,,1,93.7886,0.03776,,,79.623,83.164,86.706,90.247,93.789,97.33,100.872,104.413,107.954,lhfa-boys-zscore-expanded-tables (1).xlsx
LHFA,M,,993,,1,93.8114,0.03777,,,79.638,83.182,86.725,90.268,93.811,97.355,100.898,104.441,107.984,lhfa-boys-zscore-expanded-tables (1).xlsx
LHFA,M,,994,,1,93.8342,0.03778,,,79.654,83.199,86.744,90.289,93.834,97.379,100.924,104.469,108.014,lhfa-boys-zscore-expanded-tables (1).xlsx
LHFA,M,,995,,1,93.8569,0.03779,,,79.669,83.216,86.763,90.31,93.857,97.404,100.951,104.497,108.044,lhfa-boys-zscore-expanded-tables (1).xlsx
LHFA,M,,996,,1,93.8797,0.0378,,,79.685,83.234,86.782,90.331,93.88,97.428,100.977,104.526,108.074,lhfa-boys-zscore-expanded-tables (1).xlsx
LHFA,M,,997,,1,93.9024,0.03781,,,79.701,83.251,86.802,90.352,93.902,97.453,101.003,104.554,108.104,lhfa-boys-zscore-expanded-tables (1).xlsx
LHFA,M,,998,,1,93.9252,0.03782,,,79.716,83.268,86.821,90.373,93.925,97.477,101.03,104.582,108.134,lhfa-boys-zscore-expanded-tables (1).xlsx
LHFA,M,,999,,1,93.9479,0.03782,,,79.735,83.289,86.842,90.395,93.948,97.501,101.054,104.607,108.16,lhfa-boys-zscore-expanded-tables (1).xlsx
LHFA,M,,1000,,1,93.9706,0.03783,,,79.751,83.306,86.861,90.416,93.971,97.526,101.08,104.635,108.19,lhfa-boys-zscore-expanded-tables (1).xlsx
LHFA,M,,1001,,1,93.9932,0.03784,,,79.766,83.323,86.88,90.436,93.993,97.55,101.107,104.663,108.22,lhfa-boys-zscore-expanded-tables (1).xlsx
LHFA,M,,1002,,1,94.0159,0.03785,,,79.782,83.34,86.899,90.457,94.016,97.574,101.133,104.691,108.25,lhfa-boys-zscore-expanded-tables (1).xlsx
LHFA,M,,1003,,1,94.0385,0.03786,,,79.797,83.358,86.918,90.478,94.038,97.599,101.159,104.719,108.28,lhfa-boys-zscore-expanded-tables (1).xlsx
LHFA,M,,1004,,1,94.0612,0.03787,,,79.813,83.375,86.937,90.499,94.061,97.623,101.185,104.747,108.31,lhfa-boys-zscore-expanded-tables (1).xlsx
LHFA,M,,1005,,1,94.0838,0.03788,,,79.828,83.392,86.956,90.52,94.084,97.648,101.212,104.775,108.339,lhfa-boys-zscore-expanded-tables (1).xlsx
LHFA,M,,1006,,1,94.1064,0.03788,,,79.847,83.412,86.977,90.542,94.106,97.671,101.236,104.801,108.365,lhfa-boys-zscore-expanded-tables (1).xlsx
LHFA,M,,1007,,1,94.129,0.03789,,,79.863,83.429,86.996,90.562,94.129,97.696,101.262,104.829,108.395,lhfa-boys-zscore-expanded-tables (1).xlsx
LHFA,M,,1008,,1,94.1516,0.0379,,,79.878,83.447,87.015,90.583,94.152,97.72,101.288,104.857,108.425,lhfa-boys-zscore-expanded-tables (1).xlsx
LHFA,M,,1009,,1,94.1741,0.03791,,,79.894,83.464,87.034,90.604,94.174,97.744,101.314,104.885,108.455,lhfa-boys-zscore-expanded-tables (1).xlsx
LHFA,M,,1010,,1,94.1967,0.03792,,,79.909,83.481,87.053,90.625,94.197,97.769,101.341,104.913,108.484,lhfa-boys-zscore-expanded-tables (1).xlsx
LHFA,M,,1011,,1,94.2192,0.03793,,,79.924,83.498,87.072,90.645,94.219,97.793,101.367,104.94,108.514,lhfa-boys-zscore-expanded-tables (1).xlsx
LHFA,M,,1012,,1,94.2417,0.03793,,,79.943,83.518,87.093,90.667,94.242,97.816,101.391,104.965,108.54,lhfa-boys-zscore-expanded-tables (1).xlsx
LHFA,M,,1013,,1,94.2642,0.03794,,,79.959,83.535,87.111,90.688,94.264,97.841,101.417,104.993,108.57,lhfa-boys-zscore-expanded-tables (1).xlsx
LHFA,M,,1014,,1,94.2867,0.03795,,,79.974,83.552,87.13,90.709,94.287,97.865,101.443,105.021,108.599,lhfa-boys-zscore-expanded-tables (1).xlsx
LHFA,M,,1015,,1,94.3092,0.03796,,,79.989,83.569,87.149,90.729,94.309,97.889,101.469,105.049,108.629,lhfa-boys-zscore-expanded-tables (1).xlsx
LHFA,M,,1016,,1,94.3317,0.03797,,,80.005,83.586,87.168,90.75,94.332,97.913,101.495,105.077,108.659,lhfa-boys-zscore-expanded-tables (1).xlsx
LHFA,M,,1017,,1,94.3541,0.03798,,,80.02,83.603,87.187,90.771,94.354,97.938,101.521,105.105,108.688,lhfa-boys-zscore-expanded-tables (1).xlsx
LHFA,M,,1018,,1,94.3765,0.03798,,,80.039,83.623,87.208,90.792,94.376,97.961,101.545,105.13,108.714,lhfa-boys-zscore-expanded-tables (1).xlsx
LHFA,M,,1019,,1,94.399,0.03799,,,80.054,83.64,87.227,90.813,94.399,97.985,101.571,105.158,108.744,lhfa-boys-zscore-expanded-tables (1).xlsx
LHFA,M,,1020,,1,94.4214,0.038,,,80.069,83.657,87.245,90.833,94.421,98.009,101.597,105.185,108.773,lhfa-boys-zscore-expanded-tables (1).xlsx
LHFA,M,,1021,,1,94.4438,0.03801,,,80.085,83.674,87.264,90.854,94.444,98.034,101.623,105.213,108.803,lhfa-boys-zscore-expanded-tables (1).xlsx
LHFA,M,,1022,,1,94.4662,0.03802,,,80.1,83.691,87.283,90.875,94.466,98.058,101.649,105.241,108.833,lhfa-boys-zscore-expanded-tables (1).xlsx
LHFA,M,,1023,,1,94.4885,0.03802,,,80.119,83.711,87.304,90.896,94.488,98.081,101.673,105.266,108.858,lhfa-boys-zscore-expanded-tables (1).xlsx
LHFA,M,,1024,,1,94.5109,0.03803,,,80.134,83.728,87.322,90.917,94.511,98.105,101.699,105.294,108.888,lhfa-boys-zscore-expanded-tables (1).xlsx
LHFA,M,,1025,,1,94.5332,0.03804,,,80.149,83.745,87.341,90.937,94.533,98.129,101.725,105.321,108.917,lhfa-boys-zscore-expanded-tables (1).xlsx
LHFA,M,,1026,,1,94.5556,0.03805,,,80.164,83.762,87.36,90.958,94.556,98.153,101.751,105.349,108.947,lhfa-boys-zscore-expanded-tables (1).xlsx
LHFA,M,,1027,,1,94.5779,0.03806,,,80.179,83.779,87.379,90.978,94.578,98.178,101.777,105.377,108.976,lhfa-boys-zscore-expanded-tables (1).xlsx
LHFA,M,,1028,,1,94.6002,0.03807,,,80.194,83.796,87.397,90.999,94.6,98.202,101.803,105.404,109.006,lhfa-boys-zscore-expanded-tables (1).xlsx
LHFA,M,,1029,,1,94.6225,0.03807,,,80.213,83.816,87.418,91.02,94.622,98.225,101.827,105.429,109.032,lhfa-boys-zscore-expanded-tables (1).xlsx
LHFA,M,,1030,,1,94.6447,0.03808,,,80.228,83.832,87.437,91.041,94.645,98.249,101.853,105.457,109.061,lhfa-boys-zscore-expanded-tables (1).xlsx
LHFA,M,,1031,,1,94.667,0.03809,,,80.244,83.849,87.455,91.061,94.667,98.273,101.879,105.485,109.09,lhfa-boys-zscore-expanded-tables (1).xlsx
LHFA,M,,1032,,1,94.6893,0.0381,,,80.259,83.866,87.474,91.082,94.689,98.297,101.905,105.512,109.12,lhfa-boys-zscore-expanded-tables (1).xlsx
LHFA,M,,1033,,1,94.7115,0.03811,,,80.274,83.883,87.493,91.102,94.712,98.321,101.93,105.54,109.149,lhfa-boys-zscore-expanded-tables (1).xlsx
LHFA,M,,1034,,1,94.7337,0.03811,,,80.292,83.903,87.513,91.123,94.734,98.344,101.954,105.565,109.175,lhfa-boys-zscore-expanded-tables (1).xlsx
LHFA,M,,1035,,1,94.7559,0.03812,,,80.308,83.92,87.532,91.144,94.756,98.368,101.98,105.592,109.204,lhfa-boys-zscore-expanded-tables (1).xlsx
LHFA,M,,1036,,1,94.7782,0.03813,,,80.323,83.937,87.55,91.164,94.778,98.392,102.006,105.62,109.234,lhfa-boys-zscore-expanded-tables (1).xlsx
LHFA,M,,1037,,1,94.8003,0.03814,,,80.338,83.953,87.569,91.185,94.8,98.416,102.032,105.647,109.263,lhfa-boys-zscore-expanded-tables (1).xlsx
LHFA,M,,1038,,1,94.8225,0.03815,,,80.353,83.97,87.588,91.205,94.822,98.44,102.057,105.675,109.292,lhfa-boys-zscore-expanded-tables (1).xlsx
LHFA,M,,1039,,1,94.8447,0.03815,,,80.371,83.99,87.608,91.226,94.845,98.463,102.081,105.7,109.318,lhfa-boys-zscore-expanded-tables (1).xlsx
LHFA,M,,1040,,1,94.8668,0.03816,,,80.386,84.006,87.627,91.247,94.867,98.487,102.107,105.727,109.347,lhfa-boys-zscore-expanded-tables (1).xlsx
LHFA,M,,1041,,1,94.889,0.03817,,,80.401,84.023,87.645,91.267,94.889,98.511,102.133,105.755,109.377,lhfa-boys-zscore-expanded-tables (1).xlsx
LHFA,M,,1042,,1,94.9111,0.03818,,,80.416,84.04,87.664,91.287,94.911,98.535,102.159,105.782,109.406,lhfa-boys-zscore-expanded-tables (1).xlsx
LHFA,M,,1043,,1,94.9332,0.03819,,,80.431,84.057,87.682,91.308,94.933,98.559,102.184,105.81,109.435,lhfa-boys-zscore-expanded-tables (1).xlsx
LHFA,M,,1044,,1,94.9553,0.03819,,,80.45,84.076,87.703,91.329,94.955,98.582,102.208,105.834,109.461,lhfa-boys-zscore-expanded-tables (1).xlsx
LHFA,M,,1045,,1,94.9774,0.0382,,,80.465,84.093,87.721,91.349,94.977,98.606,102.234,105.862,109.49,lhfa-boys-zscore-expanded-tables (1).xlsx
LHFA,M,,1046,,1,94.9995,0.03821,,,80.48,84.11,87.74,91.37,95,98.629,102.259,105.889,109.519,lhfa-boys-zscore-expanded-tables (1).xlsx
LHFA,M,,1047,,1,95.0216,0.03822,,,80.495,84.126,87.758,91.39,95.022,98.653,102.285,105.917,109.549,lhfa-boys-zscore-expanded-tables (1).xlsx
LHFA,M,,1048,,1,95.0436,0.03822,,,80.513,84.146,87.778,91.411,95.044,98.676,102.309,105.941,109.574,lhfa-boys-zscore-expanded-tables (1).xlsx
LHFA,M,,1049,,1,95.0657,0.03823,,,80.528,84.163,87.797,91.431,95.066,98.7,102.334,105.969,109.603,lhfa-boys-zscore-expanded-tables (1).xlsx
LHFA,M,,1050,,1,95.0877,0.03824,,,80.543,84.179,87.815,91.452,95.088,98.724,102.36,105.996,109.632,lhfa-boys-zscore-expanded-tables (1).xlsx
LHFA,M,,1051,,1,95.1097,0.03825,,,80.558,84.196,87.834,91.472,95.11,98.748,102.386,106.024,109.661,lhfa-boys-zscore-expanded-tables (1).xlsx
LHFA,M,,1052,,1,95.1317,0.03826,,,80.573,84.212,87.852,91.492,95.132,98.771,102.411,106.051,109.691,lhfa-boys-zscore-expanded-tables (1).xlsx
LHFA,M,,1053,,1,95.1537,0.03826,,,80.591,84.232,87.873,91.513,95.154,98.794,102.435,106.075,109.716,lhfa-boys-zscore-expanded-tables (1).xlsx
LHFA,M,,1054,,1,95.1757,0.03827,,,80.606,84.249,87.891,91.533,95.176,98.818,102.46,106.103,109.745,lhfa-boys-zscore-expanded-tables (1).xlsx
LHFA,M,,1055,,1,95.1977,0.03828,,,80.621,84.265,87.909,91.554,95.198,98.842,102.486,106.13,109.774,lhfa-boys-zscore-expanded-tables (1).xlsx
LHFA,M,,1056,,1,95.2197,0.03829,,,80.636,84.282,87.928,91.574,95.22,98.866,102.512,106.158,109.804,lhfa-boys-zscore-expanded-tables (1).xlsx
LHFA,M,,1057,,1,95.2416,0.03829,,,80.654,84.301,87.948,91.595,95.242,98.888,102.535,106.182,109.829,lhfa-boys-zscore-expanded-tables (1).xlsx
LHFA,M,,1058,,1,95.2636,0.0383,,,80.669,84.318,87.966,91.615,95.264,98.912,102.561,106.209,109.858,lhfa-boys-zscore-expanded-tables (1).xlsx
LHFA,M,,1059,,1,95.2855,0.03831,,,80.684,84.334,87.985,91.635,95.286,98.936,102.586,106.237,109.887,lhfa-boys-zscore-expanded-tables (1).xlsx
LHFA,M,,1060,,1,95.3074,0.03832,,,80.699,84.351,88.003,91.655,95.307,98.96,102.612,106.264,109.916,lhfa-boys-zscore-expanded-tables (1).xlsx
LHFA,M,,1061,,1,95.3293,0.03833,,,80.713,84.367,88.021,91.675,95.329,98.983,102.637,106.291,109.945,lhfa-boys-zscore-expanded-tables (1).xlsx
LHFA,M,,1062,,1,95.3512,0.03833,,,80.732,84.387,88.042,91.696,95.351,99.006,102.661,106.316,109.97,lhfa-boys-zscore-expanded-tables (1).xlsx
LHFA,M,,1063,,1,95.3731,0.03834,,,80.747,84.403,88.06,91.716,95.373,99.03,102.686,106.343,110,lhfa-boys-zscore-expanded-tables (1).xlsx
LHFA,M,,1064,,1,95.3949,0.03835,,,80.761,84.42,88.078,91.737,95.395,99.053,102.712,106.37,110.028,lhfa-boys-zscore-expanded-tables (1).xlsx
LHFA,M,,1065,,1,95.4168,0.03836,,,80.776,84.436,88.096,91.757,95.417,99.077,102.737,106.397,110.058,lhfa-boys-zscore-expanded-tables (1).xlsx
LHFA,M,,1066,,1,95.4386,0.03836,,,80.795,84.456,88.117,91.778,95.439,99.1,102.761,106.422,110.083,lhfa-boys-zscore-expanded-tables (1).xlsx
LHFA,M,,1067,,1,95.4605,0.03837,,,80.809,84.472,88.135,91.798,95.46,99.123,102.786,106.449,110.112,lhfa-boys-zscore-expanded-tables (1).xlsx
LHFA,M,,1068,,1,95.4823,0.03838,,,80.824,84.488,88.153,91.818,95.482,99.147,102.812,106.476,110.141,lhfa-boys-zscore-expanded-tables (1).xlsx
LHFA,M,,1069,,1,95.5041,0.03839,,,80.838,84.505,88.171,91.838,95.504,99.171,102.837,106.503,110.17,lhfa-boys-zscore-expanded-tables (1).xlsx
LHFA,M,,1070,,1,95.5259,0.03839,,,80.857,84.524,88.191,91.859,95.526,99.193,102.86,106.528,110.195,lhfa-boys-zscore-expanded-tables (1).xlsx
LHFA,M,,1071,,1,95.5477,0.0384,,,80.872,84.541,88.21,91.879,95.548,99.217,102.886,106.555,110.224,lhfa-boys-zscore-expanded-tables (1).xlsx
LHFA,M,,1072,,1,95.5695,0.03841,,,80.886,84.557,88.228,91.899,95.57,99.24,102.911,106.582,110.253,lhfa-boys-zscore-expanded-tables (1).xlsx
LHFA,M,,1073,,1,95.5913,0.03842,,,80.901,84.573,88.246,91.919,95.591,99.264,102.937,106.609,110.282,lhfa-boys-zscore-expanded-tables (1).xlsx
LHFA,M,,1074,,1,95.613,0.03842,,,80.919,84.593,88.266,91.94,95.613,99.286,102.96,106.633,110.307,lhfa-boys-zscore-expanded-tables (1).xlsx
LHFA,M,,1075,,1,95.6348,0.03843,,,80.934,84.609,88.284,91.96,95.635,99.31,102.985,106.661,110.336,lhfa-boys-zscore-expanded-tables (1).xlsx
LHFA,M,,1076,,1,95.6565,0.03844,,,80.948,84.625,88.302,91.979,95.656,99.334,103.011,106.688,110.365,lhfa-boys-zscore-expanded-tables (1).xlsx
LHFA,M,,1077,,1,95.6782,0.03845,,,80.963,84.642,88.321,91.999,95.678,99.357,103.036,106.715,110.394,lhfa-boys-zscore-expanded-tables (1).xlsx
LHFA,M,,1078,,1,95.6999,0.03845,,,80.981,84.661,88.341,92.02,95.7,99.38,103.059,106.739,110.419,lhfa-boys-zscore-expanded-tables (1).xlsx
LHFA,M,,1079,,1,95.7216,0.03846,,,80.996,84.677,88.359,92.04,95.722,99.403,103.085,106.766,110.447,lhfa-boys-zscore-expanded-tables (1).xlsx
LHFA,M,,1080,,1,95.7433,0.03847,,,81.01,84.694,88.377,92.06,95.743,99.427,103.11,106.793,110.476,lhfa-boys-zscore-expanded-tables (1).xlsx
LHFA,M,,1081,,1,95.765,0.03848,,,81.025,84.71,88.395,92.08,95.765,99.45,103.135,106.82,110.505,lhfa-boys-zscore-expanded-tables (1).xlsx
LHFA,M,,1082,,1,95.7867,0.03848,,,81.043,84.729,88.415,92.101,95.787,99.473,103.158,106.844,110.53,lhfa-boys-zscore-expanded-tables (1).xlsx
LHFA,M,,1083,,1,95.8083,0.03849,,,81.058,84.745,88.433,92.121,95.808,99.496,103.184,106.871,110.559,lhfa-boys-zscore-expanded-tables (1).xlsx
LHFA,M,,1084,,1,95.83,0.0385,,,81.072,84.762,88.451,92.141,95.83,99.519,103.209,106.898,110.588,lhfa-boys-zscore-expanded-tables (1).xlsx
LHFA,M,,1085,,1,95.8516,0.0385,,,81.09,84.781,88.471,92.161,95.852,99.542,103.232,106.922,110.613,lhfa-boys-zscore-expanded-tables (1).xlsx
LHFA,M,,1086,,1,95.8732,0.03851,,,81.105,84.797,88.489,92.181,95.873,99.565,103.257,106.949,110.642,lhfa-boys-zscore-expanded-tables (1).xlsx
LHFA,M,,1087,,1,95.8948,0.03852,,,81.119,84.813,88.507,92.201,95.895,99.589,103.283,106.976,110.67,lhfa-boys-zscore-expanded-tables (1).xlsx
LHFA,M,,1088,,1,95.9165,0.03853,,,81.134,84.83,88.525,92.221,95.916,99.612,103.308,107.003,110.699,lhfa-boys-zscore-expanded-tables (1).xlsx
LHFA,M,,1089,,1,95.938,0.03853,,,81.152,84.849,88.545,92.242,95.938,99.634,103.331,107.027,110.724,lhfa-boys-zscore-expanded-tables (1).xlsx
LHFA,M,,1090,,1,95.9596,0.03854,,,81.166,84.865,88.563,92.261,95.96,99.658,103.356,107.054,110.753,lhfa-boys-zscore-expanded-tables (1).xlsx
LHFA,M,,1091,,1,95.9812,0.03855,,,81.181,84.881,88.581,92.281,95.981,99.681,103.381,107.081,110.782,lhfa-boys-zscore-expanded-tables (1).xlsx
LHFA,M,,1092,,1,96.0028,0.03856,,,81.195,84.897,88.599,92.301,96.003,99.705,103.407,107.108,110.81,lhfa-boys-zscore-expanded-tables (1).xlsx
LHFA,M,,1093,,1,96.0243,0.03856,,,81.214,84.916,88.619,92.322,96.024,99.727,103.43,107.132,110.835,lhfa-boys-zscore-expanded-tables (1).xlsx
LHFA,M,,1094,,1,96.0459,0.03857,,,81.228,84.932,88.637,92.341,96.046,99.75,103.455,107.159,110.864,lhfa-boys-zscore-expanded-tables (1).xlsx
LHFA,M,,1095,,1,96.0674,0.03858,,,81.242,84.949,88.655,92.361,96.067,99.774,103.48,107.186,110.893,lhfa-boys-zscore-expanded-tables (1).xlsx
LHFA,M,,1096,,1,96.0889,0.03858,,,81.26,84.968,88.675,92.382,96.089,99.796,103.503,107.21,110.917,lhfa-boys-zscore-expanded-tables (1).xlsx
LHFA,M,,1097,,1,96.1104,0.03859,,,81.275,84.984,88.693,92.401,96.11,99.819,103.528,107.237,110.946,lhfa-boys-zscore-expanded-tables (1).xlsx
LHFA,M,,1098,,1,96.1319,0.0386,,,81.289,85,88.711,92.421,96.132,99.843,103.553,107.264,110.975,lhfa-boys-zscore-expanded-tables (1).xlsx
LHFA,M,,1099,,1,96.1534,0.03861,,,81.303,85.016,88.728,92.441,96.153,99.866,103.578,107.291,111.003,lhfa-boys-zscore-expanded-tables (1).xlsx
LHFA,M,,1100,,1,96.1749,0.03861,,,81.322,85.035,88.748,92.462,96.175,99.888,103.602,107.315,111.028,lhfa-boys-zscore-expanded-tables (1).xlsx
LHFA,M,,1101,,1,96.1964,0.03862,,,81.336,85.051,88.766,92.481,96.196,99.912,103.627,107.342,111.057,lhfa-boys-zscore-expanded-tables (1).xlsx
LHFA,M,,1102,,1,96.2178,0.03863,,,81.35,85.067,88.784,92.501,96.218,99.935,103.652,107.368,111.085,lhfa-boys-zscore-expanded-tables (1).xlsx
LHFA,M,,1103,,1,96.2393,0.03863,,,81.368,85.086,88.804,92.522,96.239,99.957,103.675,107.392,111.11,lhfa-boys-zscore-expanded-tables (1).xlsx
LHFA,M,,1104,,1,96.2607,0.03864,,,81.383,85.102,88.822,92.541,96.261,99.98,103.7,107.419,111.139,lhfa-boys-zscore-expanded-tables (1).xlsx
LHFA,M,,1105,,1,96.2821,0.03865,,,81.397,85.118,88.839,92.561,96.282,100.003,103.725,107.446,111.167,lhfa-boys-zscore-expanded-tables (1).xlsx
LHFA,M,,1106,,1,96.3035,0.03866,,,81.411,85.134,88.857,92.58,96.304,100.027,103.75,107.473,111.196,lhfa-boys-zscore-expanded-tables (1).xlsx
LHFA,M,,1107,,1,96.325,0.03866,,,81.429,85.153,88.877,92.601,96.325,100.049,103.773,107.497,111.221,lhfa-boys-zscore-expanded-tables (1).xlsx
LHFA,M,,1108,,1,96.3464,0.03867,,,81.444,85.169,88.895,92.621,96.346,100.072,103.798,107.524,111.249,lhfa-boys-zscore-expanded-tables (1).xlsx
LHFA,M,,1109,,1,96.3677,0.03868,,,81.458,85.185,88.913,92.64,96.368,100.095,103.823,107.55,111.278,lhfa-boys-zscore-expanded-tables (1).xlsx
LHFA,M,,1110,,1,96.3891,0.03868,,,81.476,85.204,88.932,92.661,96.389,100.117,103.846,107.574,111.302,lhfa-boys-zscore-expanded-tables (1).xlsx
LHFA,M,,1111,,1,96.4105,0.03869,,,81.49,85.22,88.95,92.68,96.41,100.141,103.871,107.601,111.331,lhfa-boys-zscore-expanded-tables (1).xlsx
LHFA,M,,1112,,1,96.4318,0.0387,,,81.504,85.236,88.968,92.7,96.432,100.164,103.896,107.628,111.359,lhfa-boys-zscore-expanded-tables (1).xlsx
LHFA,M,,1113,,1,96.4532,0.0387,,,81.522,85.255,88.988,92.72,96.453,100.186,103.919,107.651,111.384,lhfa-boys-zscore-expanded-tables (1).xlsx
LHFA,M,,1114,,1,96.4745,0.03871,,,81.536,85.271,89.005,92.74,96.474,100.209,103.944,107.678,111.413,lhfa-boys-zscore-expanded-tables (1).xlsx
LHFA,M,,1115,,1,96.4958,0.03872,,,81.551,85.287,89.023,92.759,96.496,100.232,103.968,107.705,111.441,lhfa-boys-zscore-expanded-tables (1).xlsx
LHFA,M,,1116,,1,96.5172,0.03873,,,81.565,85.303,89.041,92.779,96.517,100.255,103.993,107.732,111.47,lhfa-boys-zscore-expanded-tables (1).xlsx
LHFA,M,,1117,,1,96.5385,0.03873,,,81.583,85.322,89.061,92.8,96.538,100.277,104.016,107.755,111.494,lhfa-boys-zscore-expanded-tables (1).xlsx
LHFA,M,,1118,,1,96.5598,0.03874,,,81.597,85.338,89.078,92.819,96.56,100.301,104.041,107.782,111.523,lhfa-boys-zscore-expanded-tables (1).xlsx
LHFA,M,,1119,,1,96.581,0.03875,,,81.611,85.353,89.096,92.838,96.581,100.324,104.066,107.809,111.551,lhfa-boys-zscore-expanded-tables (1).xlsx
LHFA,M,,1120,,1,96.6023,0.03875,,,81.629,85.372,89.116,92.859,96.602,100.346,104.089,107.832,111.576,lhfa-boys-zscore-expanded-tables (1).xlsx
LHFA,M,,1121,,1,96.6236,0.03876,,,81.643,85.388,89.133,92.878,96.624,100.369,104.114,107.859,111.604,lhfa-boys-zscore-expanded-tables (1).xlsx
LHFA,M,,1122,,1,96.6448,0.03877,,,81.657,85.404,89.151,92.898,96.645,100.392,104.139,107.886,111.632,lhfa-boys-zscore-expanded-tables (1).xlsx
LHFA,M,,1123,,1,96.6661,0.03877,,,81.675,85.423,89.171,92.918,96.666,100.414,104.162,107.909,111.657,lhfa-boys-zscore-expanded-tables (1).xlsx
LHFA,M,,1124,,1,96.6873,0.03878,,,81.689,85.439,89.188,92.938,96.687,100.437,104.186,107.936,111.685,lhfa-boys-zscore-expanded-tables (1).xlsx
LHFA,M,,1125,,1,96.7085,0.03879,,,81.703,85.455,89.206,92.957,96.708,100.46,104.211,107.962,111.714,lhfa-boys-zscore-expanded-tables (1).xlsx
LHFA,M,,1126,,1,96.7298,0.03879,,,81.721,85.473,89.226,92.978,96.73,100.482,104.234,107.986,111.738,lhfa-boys-zscore-expanded-tables (1).xlsx
LHFA,M,,1127,,1,96.751,0.0388,,,81.735,85.489,89.243,92.997,96.751,100.505,104.259,108.013,111.767,lhfa-boys-zscore-expanded-tables (1).xlsx
LHFA,M,,1128,,1,96.7722,0.03881,,,81.749,85.505,89.261,93.016,96.772,100.528,104.284,108.039,111.795,lhfa-boys-zscore-expanded-tables (1).xlsx
LHFA,M,,1129,,1,96.7933,0.03881,,,81.767,85.524,89.28,93.037,96.793,100.55,104.306,108.063,111.819,lhfa-boys-zscore-expanded-tables (1).xlsx
LHFA,M,,1130,,1,96.8145,0.03882,,,81.781,85.539,89.298,93.056,96.814,100.573,104.331,108.09,111.848,lhfa-boys-zscore-expanded-tables (1).xlsx
LHFA,M,,1131,,1,96.8357,0.03883,,,81.795,85.555,89.315,93.076,96.836,100.596,104.356,108.116,111.876,lhfa-boys-zscore-expanded-tables (1).xlsx
LHFA,M,,1132,,1,96.8568,0.03883,,,81.813,85.574,89.335,93.096,96.857,100.618,104.379,108.14,111.901,lhfa-boys-zscore-expanded-tables (1).xlsx
LHFA,M,,1133,,1,96.878,0.03884,,,81.827,85.59,89.353,93.115,96.878,100.641,104.403,108.166,111.929,lhfa-boys-zscore-expanded-tables (1).xlsx
LHFA,M,,1134,,1,96.8991,0.03885,,,81.841,85.606,89.37,93.135,96.899,100.664,104.428,108.193,111.957,lhfa-boys-zscore-expanded-tables (1).xlsx
LHFA,M,,1135,,1,96.9203,0.03885,,,81.859,85.624,89.39,93.155,96.92,100.686,104.451,108.216,111.982,lhfa-boys-zscore-expanded-tables (1).xlsx
LHFA,M,,1136,,1,96.9414,0.03886,,,81.873,85.64,89.407,93.174,96.941,100.709,104.476,108.243,112.01,lhfa-boys-zscore-expanded-tables (1).xlsx
LHFA,M,,1137,,1,96.9625,0.03887,,,81.887,85.656,89.425,93.194,96.962,100.731,104.5,108.269,112.038,lhfa-boys-zscore-expanded-tables (1).xlsx
LHFA,M,,1138,,1,96.9836,0.03887,,,81.905,85.674,89.444,93.214,96.984,100.753,104.523,108.293,112.063,lhfa-boys-zscore-expanded-tables (1).xlsx
LHFA,M,,1139,,1,97.0047,0.03888,,,81.919,85.69,89.462,93.233,97.005,100.776,104.548,108.319,112.091,lhfa-boys-zscore-expanded-tables (1).xlsx
LHFA,M,,1140,,1,97.0258,0.03889,,,81.932,85.706,89.479,93.252,97.026,100.799,104.572,108.346,112.119,lhfa-boys-zscore-expanded-tables (1).xlsx
LHFA,M,,1141,,1,97.0468,0.03889,,,81.95,85.724,89.498,93.273,97.047,100.821,104.595,108.369,112.143,lhfa-boys-zscore-expanded-tables (1).xlsx
LHFA,M,,1142,,1,97.0679,0.0389,,,81.964,85.74,89.516,93.292,97.068,100.844,104.62,108.396,112.172,lhfa-boys-zscore-expanded-tables (1).xlsx
LHFA,M,,1143,,1,97.0889,0.03891,,,81.978,85.756,89.533,93.311,97.089,100.867,104.644,108.422,112.2,lhfa-boys-zscore-expanded-tables (1).xlsx
LHFA,M,,1144,,1,97.11,0.03891,,,81.996,85.774,89.553,93.331,97.11,100.889,104.667,108.446,112.224,lhfa-boys-zscore-expanded-tables (1).xlsx
LHFA,M,,1145,,1,97.131,0.03892,,,82.01,85.79,89.57,93.351,97.131,100.911,104.692,108.472,112.252,lhfa-boys-zscore-expanded-tables (1).xlsx
LHFA,M,,1146,,1,97.1521,0.03893,,,82.024,85.806,89.588,93.37,97.152,100.934,104.716,108.498,112.281,lhfa-boys-zscore-expanded-tables (1).xlsx
LHFA,M,,1147,,1,97.1731,0.03893,,,82.041,85.824,89.607,93.39,97.173,100.956,104.739,108.522,112.305,lhfa-boys-zscore-expanded-tables (1).xlsx
LHFA,M,,1148,,1,97.1941,0.03894,,,82.055,85.84,89.625,93.409,97.194,100.979,104.764,108.548,112.333,lhfa-boys-zscore-expanded-tables (1).xlsx
LHFA,M,,1149,,1,97.2151,0.03895,,,82.069,85.856,89.642,93.429,97.215,101.002,104.788,108.575,112.361,lhfa-boys-zscore-expanded-tables (1).xlsx
LHFA,M,,1150,,1,97.2361,0.03895,,,82.087,85.874,89.661,93.449,97.236,101.023,104.811,108.598,112.385,lhfa-boys-zscore-expanded-tables (1).xlsx
LHFA,M,,1151,,1,97.257,0.03896,,,82.1,85.89,89.679,93.468,97.257,101.046,104.835,108.624,112.414,lhfa-boys-zscore-expanded-tables (1).xlsx
LHFA,M,,1152,,1,97.278,0.03897,,,82.114,85.905,89.696,93.487,97.278,101.069,104.86,108.651,112.442,lhfa-boys-zscore-expanded-tables (1).xlsx
LHFA,M,,1153,,1,97.299,0.03897,,,82.132,85.924,89.716,93.507,97.299,101.091,104.882,108.674,112.466,lhfa-boys-zscore-expanded-tables (1).xlsx
LHFA,M,,1154,,1,97.3199,0.03898,,,82.146,85.939,89.733,93.526,97.32,101.113,104.907,108.7,112.494,lhfa-boys-zscore-expanded-tables (1).xlsx
LHFA,M,,1155,,1,97.3409,0.03899,,,82.16,85.955,89.75,93.546,97.341,101.136,104.932,108.727,112.522,lhfa-boys-zscore-expanded-tables (1).xlsx
LHFA,M,,1156,,1,97.3618,0.03899,,,82.177,85.973,89.77,93.566,97.362,101.158,104.954,108.75,112.546,lhfa-boys-zscore-expanded-tables (1).xlsx
LHFA,M,,1157,,1,97.3827,0.039,,,82.191,85.989,89.787,93.585,97.383,101.181,104.979,108.776,112.574,lhfa-boys-zscore-expanded-tables (1).xlsx
LHFA,M,,1158,,1,97.4036,0.03901,,,82.205,86.004,89.804,93.604,97.404,101.203,105.003,108.803,112.602,lhfa-boys-zscore-expanded-tables (1).xlsx
LHFA,M,,1159,,1,97.4245,0.03901,,,82.222,86.023,89.823,93.624,97.424,101.225,105.026,108.826,112.627,lhfa-boys-zscore-expanded-tables (1).xlsx
LHFA,M,,1160,,1,97.4454,0.03902,,,82.236,86.038,89.841,93.643,97.445,101.248,105.05,108.852,112.655,lhfa-boys-zscore-expanded-tables (1).xlsx
LHFA,M,,1161,,1,97.4663,0.03902,,,82.254,86.057,89.86,93.663,97.466,101.269,105.073,108.876,112.679,lhfa-boys-zscore-expanded-tables (1).xlsx
LHFA,M,,1162,,1,97.4872,0.03903,,,82.267,86.072,89.877,93.682,97.487,101.292,105.097,108.902,112.707,lhfa-boys-zscore-expanded-tables (1).xlsx
LHFA,M,,1163,,1,97.5081,0.03904,,,82.281,86.088,89.895,93.701,97.508,101.315,105.122,108.928,112.735,lhfa-boys-zscore-expanded-tables (1).xlsx
LHFA,M,,1164,,1,97.5289,0.03904,,,82.299,86.106,89.914,93.721,97.529,101.336,105.144,108.951,112.759,lhfa-boys-zscore-expanded-tables (1).xlsx
LHFA,M,,1165,,1,97.5498,0.03905,,,82.313,86.122,89.931,93.74,97.55,101.359,105.168,108.978,112.787,lhfa-boys-zscore-expanded-tables (1).xlsx
LHFA,M,,1166,,1,97.5706,0.03906,,,82.326,86.137,89.948,93.759,97.571,101.382,105.193,109.004,112.815,lhfa-boys-zscore-expanded-tables (1).xlsx
LHFA,M,,1167,,1,97.5914,0.03906,,,82.344,86.156,89.968,93.779,97.591,101.403,105.215,109.027,112.839,lhfa-boys-zscore-expanded-tables (1).xlsx
LHFA,M,,1168,,1,97.6123,0.03907,,,82.357,86.171,89.985,93.799,97.612,101.426,105.24,109.053,112.867,lhfa-boys-zscore-expanded-tables (1).xlsx
LHFA,M,,1169,,1,97.6331,0.03908,,,82.371,86.187,90.002,93.818,97.633,101.449,105.264,109.08,112.895,lhfa-boys-zscore-expanded-tables (1).xlsx
LHFA,M,,1170,,1,97.6539,0.03908,,,82.389,86.205,90.021,93.838,97.654,101.47,105.287,109.103,112.919,lhfa-boys-zscore-expanded-tables (1).xlsx
LHFA,M,,1171,,1,97.6747,0.03909,,,82.402,86.22,90.038,93.857,97.675,101.493,105.311,109.129,112.947,lhfa-boys-zscore-expanded-tables (1).xlsx
LHFA,M,,1172,,1,97.6954,0.03909,,,82.42,86.239,90.058,93.876,97.695,101.514,105.333,109.152,112.971,lhfa-boys-zscore-expanded-tables (1).xlsx
LHFA,M,,1173,,1,97.7162,0.0391,,,82.433,86.254,90.075,93.895,97.716,101.537,105.358,109.178,112.999,lhfa-boys-zscore-expanded-tables (1).xlsx
LHFA,M,,1174,,1,97.737,0.03911,,,82.447,86.27,90.092,93.915,97.737,101.559,105.382,109.204,113.027,lhfa-boys-zscore-expanded-tables (1).xlsx
LHFA,M,,1175,,1,97.7577,0.03911,,,82.464,86.288,90.111,93.934,97.758,101.581,105.404,109.228,113.051,lhfa-boys-zscore-expanded-tables (1).xlsx
LHFA,M,,1176,,1,97.7785,0.03912,,,82.478,86.303,90.128,93.953,97.778,101.604,105.429,109.254,113.079,lhfa-boys-zscore-expanded-tables (1).xlsx
LHFA,M,,1177,,1,97.7992,0.03913,,,82.492,86.319,90.145,93.972,97.799,101.626,105.453,109.28,113.107,lhfa-boys-zscore-expanded-tables (1).xlsx
LHFA,M,,1178,,1,97.8199,0.03913,,,82.509,86.337,90.165,93.992,97.82,101.648,105.475,109.303,113.131,lhfa-boys-zscore-expanded-tables (1).xlsx
LHFA,M,,1179,,1,97.8406,0.03914,,,82.523,86.352,90.182,94.011,97.841,101.67,105.5,109.329,113.159,lhfa-boys-zscore-expanded-tables (1).xlsx
LHFA,M,,1180,,1,97.8614,0.03914,,,82.54,86.371,90.201,94.031,97.861,101.692,105.522,109.352,113.183,lhfa-boys-zscore-expanded-tables (1).xlsx
LHFA,M,,1181,,1,97.8821,0.03915,,,82.554,86.386,90.218,94.05,97.882,101.714,105.546,109.378,113.21,lhfa-boys-zscore-expanded-tables (1).xlsx
LHFA,M,,1182,,1,97.9027,0.03916,,,82.567,86.401,90.235,94.069,97.903,101.737,105.57,109.404,113.238,lhfa-boys-zscore-expanded-tables (1).xlsx
LHFA,M,,1183,,1,97.9234,0.03916,,,82.585,86.419,90.254,94.089,97.923,101.758,105.593,109.427,113.262,lhfa-boys-zscore-expanded-tables (1).xlsx
LHFA,M,,1184,,1,97.9441,0.03917,,,82.598,86.435,90.271,94.108,97.944,101.781,105.617,109.454,113.29,lhfa-boys-zscore-expanded-tables (1).xlsx
LHFA,M,,1185,,1,97.9647,0.03917,,,82.616,86.453,90.29,94.127,97.965,101.802,105.639,109.477,113.314,lhfa-boys-zscore-expanded-tables (1).xlsx
LHFA,M,,1186,,1,97.9854,0.03918,,,82.629,86.468,90.307,94.146,97.985,101.824,105.664,109.503,113.342,lhfa-boys-zscore-expanded-tables (1).xlsx
LHFA,M,,1187,,1,98.006,0.03919,,,82.643,86.483,90.324,94.165,98.006,101.847,105.688,109.529,113.369,lhfa-boys-zscore-expanded-tables (1).xlsx
LHFA,M,,1188,,1,98.0267,0.03919,,,82.66,86.502,90.343,94.185,98.027,101.868,105.71,109.552,113.393,lhfa-boys-zscore-expanded-tables (1).xlsx
LHFA,M,,1189,,1,98.0473,0.0392,,,82.673,86.517,90.36,94.204,98.047,101.891,105.734,109.578,113.421,lhfa-boys-zscore-expanded-tables (1).xlsx
LHFA,M,,1190,,1,98.0679,0.0392,,,82.691,86.535,90.379,94.224,98.068,101.912,105.756,109.601,113.445,lhfa-boys-zscore-expanded-tables (1).xlsx
LHFA,M,,1191,,1,98.0885,0.03921,,,82.704,86.55,90.396,94.242,98.088,101.935,105.781,109.627,113.473,lhfa-boys-zscore-expanded-tables (1).xlsx
LHFA,M,,1192,,1,98.1091,0.03922,,,82.718,86.566,90.413,94.261,98.109,101.957,105.805,109.653,113.5,lhfa-boys-zscore-expanded-tables (1).xlsx
LHFA,M,,1193,,1,98.1297,0.03922,,,82.735,86.584,90.432,94.281,98.13,101.978,105.827,109.676,113.524,lhfa-boys-zscore-expanded-tables (1).xlsx
LHFA,M,,1194,,1,98.1503,0.03923,,,82.749,86.599,90.449,94.3,98.15,102.001,105.851,109.702,113.552,lhfa-boys-zscore-expanded-tables (1).xlsx
LHFA,M,,1195,,1,98.1708,0.03924,,,82.762,86.614,90.466,94.319,98.171,102.023,105.875,109.727,113.58,lhfa-boys-zscore-expanded-tables (1).xlsx
LHFA,M,,1196,,1,98.1914,0.03924,,,82.779,86.632,90.485,94.338,98.191,102.044,105.897,109.75,113.604,lhfa-boys-zscore-expanded-tables (1).xlsx
LHFA,M,,1197,,1,98.2119,0.03925,,,82.793,86.647,90.502,94.357,98.212,102.067,105.922,109.776,113.631,lhfa-boys-zscore-expanded-tables (1).xlsx
LHFA,M,,1198,,1,98.2325,0.03925,,,82.81,86.666,90.521,94.377,98.232,102.088,105.944,109.799,113.655,lhfa-boys-zscore-expanded-tables (1).xlsx
LHFA,M,,1199,,1,98.253,0.03926,,,82.823,86.681,90.538,94.396,98.253,102.11,105.968,109.825,113.683,lhfa-boys-zscore-expanded-tables (1).xlsx
LHFA,M,,1200,,1,98.2735,0.03927,,,82.837,86.696,90.555,94.414,98.274,102.133,105.992,109.851,113.71,lhfa-boys-zscore-expanded-tables (1).xlsx
LHFA,M,,1201,,1,98.294,0.03927,,,82.854,86.714,90.574,94.434,98.294,102.154,106.014,109.874,113.734,lhfa-boys-zscore-expanded-tables (1).xlsx
LHFA,M,,1202,,1,98.3145,0.03928,,,82.867,86.729,90.591,94.453,98.314,102.176,106.038,109.9,113.762,lhfa-boys-zscore-expanded-tables (1).xlsx
LHFA,M,,1203,,1,98.335,0.03928,,,82.885,86.747,90.61,94.472,98.335,102.198,106.06,109.923,113.785,lhfa-boys-zscore-expanded-tables (1).xlsx
LHFA,M,,1204,,1,98.3555,0.03929,,,82.898,86.762,90.627,94.491,98.356,102.22,106.084,109.949,113.813,lhfa-boys-zscore-expanded-tables (1).xlsx
LHFA,M,,1205,,1,98.3759,0.03929,,,82.915,86.78,90.646,94.511,98.376,102.241,106.106,109.971,113.837,lhfa-boys-zscore-expanded-tables (1).xlsx
LHFA,M,,1206,,1,98.3964,0.0393,,,82.928,86.795,90.662,94.529,98.396,102.263,106.13,109.997,113.864,lhfa-boys-zscore-expanded-tables (1).xlsx
LHFA,M,,1207,,1,98.4169,0.03931,,,82.942,86.811,90.679,94.548,98.417,102.286,106.154,110.023,113.892,lhfa-boys-zscore-expanded-tables (1).xlsx
LHFA,M,,1208,,1,98.4373,0.03931,,,82.959,86.829,90.698,94.568,98.437,102.307,106.176,110.046,113.916,lhfa-boys-zscore-expanded-tables (1).xlsx
LHFA,M,,1209,,1,98.4577,0.03932,,,82.972,86.844,90.715,94.586,98.458,102.329,106.2,110.072,113.943,lhfa-boys-zscore-expanded-tables (1).xlsx
LHFA,M,,1210,,1,98.4782,0.03932,,,82.99,86.862,90.734,94.606,98.478,102.35,106.223,110.095,113.967,lhfa-boys-zscore-expanded-tables (1).xlsx
LHFA,M,,1211,,1,98.4986,0.03933,,,83.003,86.877,90.751,94.625,98.499,102.373,106.246,110.12,113.994,lhfa-boys-zscore-expanded-tables (1).xlsx
LHFA,M,,1212,,1,98.519,0.03934,,,83.016,86.892,90.768,94.643,98.519,102.395,106.27,110.146,114.022,lhfa-boys-zscore-expanded-tables (1).xlsx
LHFA,M,,1213,,1,98.5394,0.03934,,,83.033,86.91,90.786,94.663,98.539,102.416,106.292,110.169,114.046,lhfa-boys-zscore-expanded-tables (1).xlsx
LHFA,M,,1214,,1,98.5598,0.03935,,,83.046,86.925,90.803,94.681,98.56,102.438,106.316,110.195,114.073,lhfa-boys-zscore-expanded-tables (1).xlsx
LHFA,M,,1215,,1,98.5801,0.03935,,,83.064,86.943,90.822,94.701,98.58,102.459,106.338,110.217,114.097,lhfa-boys-zscore-expanded-tables (1).xlsx
LHFA,M,,1216,,1,98.6005,0.03936,,,83.077,86.958,90.839,94.72,98.6,102.481,106.362,110.243,114.124,lhfa-boys-zscore-expanded-tables (1).xlsx
LHFA,M,,1217,,1,98.6209,0.03937,,,83.09,86.973,90.855,94.738,98.621,102.504,106.386,110.269,114.152,lhfa-boys-zscore-expanded-tables (1).xlsx
LHFA,M,,1218,,1,98.6412,0.03937,,,83.107,86.991,90.874,94.758,98.641,102.525,106.408,110.292,114.175,lhfa-boys-zscore-expanded-tables (1).xlsx
LHFA,M,,1219,,1,98.6615,0.03938,,,83.12,87.006,90.891,94.776,98.662,102.547,106.432,110.317,114.203,lhfa-boys-zscore-expanded-tables (1).xlsx
LHFA,M,,1220,,1,98.6819,0.03938,,,83.138,87.024,90.91,94.796,98.682,102.568,106.454,110.34,114.226,lhfa-boys-zscore-expanded-tables (1).xlsx
LHFA,M,,1221,,1,98.7022,0.03939,,,83.151,87.039,90.926,94.814,98.702,102.59,106.478,110.366,114.254,lhfa-boys-zscore-expanded-tables (1).xlsx
LHFA,M,,1222,,1,98.7225,0.03939,,,83.168,87.056,90.945,94.834,98.722,102.611,106.5,110.389,114.277,lhfa-boys-zscore-expanded-tables (1).xlsx
LHFA,M,,1223,,1,98.7428,0.0394,,,83.181,87.071,90.962,94.852,98.743,102.633,106.524,110.414,114.305,lhfa-boys-zscore-expanded-tables (1).xlsx
LHFA,M,,1224,,1,98.7631,0.03941,,,83.194,87.086,90.979,94.871,98.763,102.655,106.548,110.44,114.332,lhfa-boys-zscore-expanded-tables (1).xlsx
LHFA,M,,1225,,1,98.7834,0.03941,,,83.211,87.104,90.997,94.89,98.783,102.676,106.57,110.463,114.356,lhfa-boys-zscore-expanded-tables (1).xlsx
LHFA,M,,1226,,1,98.8036,0.03942,,,83.224,87.119,91.014,94.909,98.804,102.698,106.593,110.488,114.383,lhfa-boys-zscore-expanded-tables (1).xlsx
LHFA,M,,1227,,1,98.8239,0.03942,,,83.241,87.137,91.033,94.928,98.824,102.72,106.615,110.511,114.406,lhfa-boys-zscore-expanded-tables (1).xlsx
LHFA,M,,1228,,1,98.8442,0.03943,,,83.254,87.152,91.049,94.947,98.844,102.742,106.639,110.536,114.434,lhfa-boys-zscore-expanded-tables (1).xlsx
LHFA,M,,1229,,1,98.8644,0.03943,,,83.272,87.17,91.068,94.966,98.864,102.763,106.661,110.559,114.457,lhfa-boys-zscore-expanded-tables (1).xlsx
LHFA,M,,1230,,1,98.8846,0.03944,,,83.285,87.185,91.085,94.985,98.885,102.785,106.685,110.585,114.485,lhfa-boys-zscore-expanded-tables (1).xlsx
LHFA,M,,1231,,1,98.9049,0.03945,,,83.298,87.2,91.101,95.003,98.905,102.807,106.708,110.61,114.512,lhfa-boys-zscore-expanded-tables (1).xlsx
LHFA,M,,1232,,1,98.9251,0.03945,,,83.315,87.217,91.12,95.023,98.925,102.828,106.73,110.633,114.535,lhfa-boys-zscore-expanded-tables (1).xlsx
LHFA,M,,1233,,1,98.9453,0.03946,,,83.328,87.232,91.137,95.041,98.945,102.85,106.754,110.658,114.563,lhfa-boys-zscore-expanded-tables (1).xlsx
LHFA,M,,1234,,1,98.9655,0.03946,,,83.345,87.25,91.155,95.06,98.966,102.871,106.776,110.681,114.586,lhfa-boys-zscore-expanded-tables (1).xlsx
LHFA,M,,1235,,1,98.9857,0.03947,,,83.358,87.265,91.172,95.079,98.986,102.893,106.8,110.707,114.614,lhfa-boys-zscore-expanded-tables (1).xlsx
LHFA,M,,1236,,1,99.0058,0.03947,,,83.375,87.283,91.19,95.098,99.006,102.914,106.821,110.729,114.637,lhfa-boys-zscore-expanded-tables (1).xlsx
LHFA,M,,1237,,1,99.026,0.03948,,,83.388,87.297,91.207,95.116,99.026,102.936,106.845,110.755,114.664,lhfa-boys-zscore-expanded-tables (1).xlsx
LHFA,M,,1238,,1,99.0461,0.03949,,,83.401,87.312,91.223,95.135,99.046,102.957,106.869,110.78,114.691,lhfa-boys-zscore-expanded-tables (1).xlsx
LHFA,M,,1239,,1,99.0663,0.03949,,,83.418,87.33,91.242,95.154,99.066,102.978,106.891,110.803,114.715,lhfa-boys-zscore-expanded-tables (1).xlsx
LHFA,M,,1240,,1,99.0864,0.0395,,,83.431,87.345,91.259,95.172,99.086,103,106.914,110.828,114.742,lhfa-boys-zscore-expanded-tables (1).xlsx
LHFA,M,,1241,,1,99.1065,0.0395,,,83.448,87.362,91.277,95.192,99.106,103.021,106.936,110.851,114.765,lhfa-boys-zscore-expanded-tables (1).xlsx
LHFA,M,,1242,,1,99.1267,0.03951,,,83.461,87.377,91.294,95.21,99.127,103.043,106.96,110.876,114.793,lhfa-boys-zscore-expanded-tables (1).xlsx
LHFA,M,,1243,,1,99.1468,0.03951,,,83.478,87.395,91.312,95.23,99.147,103.064,106.981,110.899,114.816,lhfa-boys-zscore-expanded-tables (1).xlsx
LHFA,M,,1244,,1,99.1669,0.03952,,,83.491,87.41,91.329,95.248,99.167,103.086,107.005,110.924,114.843,lhfa-boys-zscore-expanded-tables (1).xlsx
LHFA,M,,1245,,1,99.1869,0.03952,,,83.507,87.427,91.347,95.267,99.187,103.107,107.027,110.946,114.866,lhfa-boys-zscore-expanded-tables (1).xlsx
LHFA,M,,1246,,1,99.207,0.03953,,,83.52,87.442,91.364,95.285,99.207,103.129,107.05,110.972,114.894,lhfa-boys-zscore-expanded-tables (1).xlsx
LHFA,M,,1247,,1,99.2271,0.03954,,,83.533,87.457,91.38,95.304,99.227,103.151,107.074,110.997,114.921,lhfa-boys-zscore-expanded-tables (1).xlsx
LHFA,M,,1248,,1,99.2471,0.03954,,,83.55,87.474,91.399,95.323,99.247,103.171,107.096,111.02,114.944,lhfa-boys-zscore-expanded-tables (1).xlsx
LHFA,M,,1249,,1,99.2672,0.03955,,,83.563,87.489,91.415,95.341,99.267,103.193,107.119,111.045,114.971,lhfa-boys-zscore-expanded-tables (1).xlsx
LHFA,M,,1250,,1,99.2872,0.03955,,,83.58,87.507,91.434,95.36,99.287,103.214,107.141,111.068,114.994,lhfa-boys-zscore-expanded-tables (1).xlsx
LHFA,M,,1251,,1,99.3072,0.03956,,,83.593,87.521,91.45,95.379,99.307,103.236,107.164,111.093,115.022,lhfa-boys-zscore-expanded-tables (1).xlsx
LHFA,M,,1252,,1,99.3272,0.03956,,,83.61,87.539,91.468,95.398,99.327,103.257,107.186,111.115,115.045,lhfa-boys-zscore-expanded-tables (1).xlsx
LHFA,M,,1253,,1,99.3472,0.03957,,,83.623,87.554,91.485,95.416,99.347,103.278,107.21,111.141,115.072,lhfa-boys-zscore-expanded-tables (1).xlsx
LHFA,M,,1254,,1,99.3672,0.03957,,,83.639,87.571,91.503,95.435,99.367,103.299,107.231,111.163,115.095,lhfa-boys-zscore-expanded-tables (1).xlsx
LHFA,M,,1255,,1,99.3872,0.03958,,,83.652,87.586,91.52,95.453,99.387,103.321,107.255,111.188,115.122,lhfa-boys-zscore-expanded-tables (1).xlsx
LHFA,M,,1256,,1,99.4072,0.03958,,,83.669,87.604,91.538,95.473,99.407,103.342,107.276,111.211,115.145,lhfa-boys-zscore-expanded-tables (1).xlsx
LHFA,M,,1257,,1,99.4272,0.03959,,,83.682,87.618,91.555,95.491,99.427,103.364,107.3,111.236,115.172,lhfa-boys-zscore-expanded-tables (1).xlsx
LHFA,M,,1258,,1,99.4471,0.0396,,,83.695,87.633,91.571,95.509,99.447,103.385,107.323,111.261,115.2,lhfa-boys-zscore-expanded-tables (1).xlsx
LHFA,M,,1259,,1,99.4671,0.0396,,,83.712,87.65,91.589,95.528,99.467,103.406,107.345,111.284,115.223,lhfa-boys-zscore-expanded-tables (1).xlsx
LHFA,M,,1260,,1,99.487,0.03961,,,83.724,87.665,91.606,95.546,99.487,103.428,107.368,111.309,115.25,lhfa-boys-zscore-expanded-tables (1).xlsx
LHFA,M,,1261,,1,99.5069,0.03961,,,83.741,87.682,91.624,95.565,99.507,103.448,107.39,111.331,115.273,lhfa-boys-zscore-expanded-tables (1).xlsx
LHFA,M,,1262,,1,99.5268,0.03962,,,83.754,87.697,91.64,95.584,99.527,103.47,107.413,111.357,115.3,lhfa-boys-zscore-expanded-tables (1).xlsx
LHFA,M,,1263,,1,99.5467,0.03962,,,83.771,87.715,91.659,95.603,99.547,103.491,107.435,111.379,115.323,lhfa-boys-zscore-expanded-tables (1).xlsx
LHFA,M,,1264,,1,99.5666,0.03963,,,83.783,87.729,91.675,95.621,99.567,103.512,107.458,111.404,115.35,lhfa-boys-zscore-expanded-tables (1).xlsx
LHFA,M,,1265,,1,99.5865,0.03963,,,83.8,87.747,91.693,95.64,99.586,103.533,107.48,111.426,115.373,lhfa-boys-zscore-expanded-tables (1).xlsx
LHFA,M,,1266,,1,99.6064,0.03964,,,83.813,87.761,91.71,95.658,99.606,103.555,107.503,111.452,115.4,lhfa-boys-zscore-expanded-tables (1).xlsx
LHFA,M,,1267,,1,99.6262,0.03964,,,83.829,87.779,91.728,95.677,99.626,103.575,107.525,111.474,115.423,lhfa-boys-zscore-expanded-tables (1).xlsx
LHFA,M,,1268,,1,99.6461,0.03965,,,83.842,87.793,91.744,95.695,99.646,103.597,107.548,111.499,115.45,lhfa-boys-zscore-expanded-tables (1).xlsx
LHFA,M,,1269,,1,99.666,0.03966,,,83.855,87.808,91.76,95.713,99.666,103.619,107.572,111.524,115.477,lhfa-boys-zscore-expanded-tables (1).xlsx
LHFA,M,,1270,,1,99.6858,0.03966,,,83.872,87.825,91.779,95.732,99.686,103.639,107.593,111.546,115.5,lhfa-boys-zscore-expanded-tables (1).xlsx
LHFA,M,,1271,,1,99.7056,0.03967,,,83.884,87.84,91.795,95.75,99.706,103.661,107.616,111.572,115.527,lhfa-boys-zscore-expanded-tables (1).xlsx
LHFA,M,,1272,,1,99.7254,0.03967,,,83.901,87.857,91.813,95.769,99.725,103.682,107.638,111.594,115.55,lhfa-boys-zscore-expanded-tables (1).xlsx
LHFA,M,,1273,,1,99.7452,0.03968,,,83.914,87.872,91.829,95.787,99.745,103.703,107.661,111.619,115.577,lhfa-boys-zscore-expanded-tables (1).xlsx
LHFA,M,,1274,,1,99.765,0.03968,,,83.93,87.889,91.848,95.806,99.765,103.724,107.682,111.641,115.6,lhfa-boys-zscore-expanded-tables (1).xlsx
LHFA,M,,1275,,1,99.7848,0.03969,,,83.943,87.903,91.864,95.824,99.785,103.745,107.706,111.666,115.627,lhfa-boys-zscore-expanded-tables (1).xlsx
LHFA,M,,1276,,1,99.8046,0.03969,,,83.96,87.921,91.882,95.843,99.805,103.766,107.727,111.688,115.65,lhfa-boys-zscore-expanded-tables (1).xlsx
LHFA,M,,1277,,1,99.8244,0.0397,,,83.972,87.935,91.898,95.861,99.824,103.787,107.75,111.713,115.677,lhfa-boys-zscore-expanded-tables (1).xlsx
LHFA,M,,1278,,1,99.8441,0.0397,,,83.989,87.953,91.916,95.88,99.844,103.808,107.772,111.736,115.699,lhfa-boys-zscore-expanded-tables (1).xlsx
LHFA,M,,1279,,1,99.8639,0.03971,,,84.002,87.967,91.933,95.898,99.864,103.829,107.795,111.761,115.726,lhfa-boys-zscore-expanded-tables (1).xlsx
LHFA,M,,1280,,1,99.8836,0.03971,,,84.018,87.984,91.951,95.917,99.884,103.85,107.816,111.783,115.749,lhfa-boys-zscore-expanded-tables (1).xlsx
LHFA,M,,1281,,1,99.9034,0.03972,,,84.031,87.999,91.967,95.935,99.903,103.872,107.84,111.808,115.776,lhfa-boys-zscore-expanded-tables (1).xlsx
LHFA,M,,1282,,1,99.9231,0.03972,,,84.047,88.016,91.985,95.954,99.923,103.892,107.861,111.83,115.799,lhfa-boys-zscore-expanded-tables (1).xlsx
LHFA,M,,1283,,1,99.9428,0.03973,,,84.06,88.031,92.001,95.972,99.943,103.914,107.884,111.855,115.826,lhfa-boys-zscore-expanded-tables (1).xlsx
LHFA,M,,1284,,1,99.9625,0.03973,,,84.076,88.048,92.019,95.991,99.962,103.934,107.906,111.877,115.849,lhfa-boys-zscore-expanded-tables (1).xlsx
LHFA,M,,1285,,1,99.9822,0.03974,,,84.089,88.062,92.036,96.009,99.982,103.955,107.929,111.902,115.875,lhfa-boys-zscore-expanded-tables (1).xlsx
LHFA,M,,1286,,1,100.0019,0.03975,,,84.102,88.077,92.052,96.027,100.002,103.977,107.952,111.927,115.902,lhfa-boys-zscore-expanded-tables (1).xlsx
LHFA,M,,1287,,1,100.0216,0.03975,,,84.118,88.094,92.07,96.046,100.022,103.997,107.973,111.949,115.925,lhfa-boys-zscore-expanded-tables (1).xlsx
LHFA,M,,1288,,1,100.0412,0.03976,,,84.131,88.108,92.086,96.064,100.041,104.019,107.996,111.974,115.952,lhfa-boys-zscore-expanded-tables (1).xlsx
LHFA,M,,1289,,1,100.0609,0.03976,,,84.147,88.126,92.104,96.082,100.061,104.039,108.018,111.996,115.975,lhfa-boys-zscore-expanded-tables (1).xlsx
LHFA,M,,1290,,1,100.0805,0.03977,,,84.16,88.14,92.12,96.1,100.08,104.061,108.041,112.021,116.001,lhfa-boys-zscore-expanded-tables (1).xlsx
LHFA,M,,1291,,1,100.1002,0.03977,,,84.176,88.157,92.138,96.119,100.1,104.081,108.062,112.043,116.024,lhfa-boys-zscore-expanded-tables (1).xlsx
LHFA,M,,1292,,1,100.1198,0.03978,,,84.189,88.172,92.154,96.137,100.12,104.103,108.085,112.068,116.051,lhfa-boys-zscore-expanded-tables (1).xlsx
LHFA,M,,1293,,1,100.1394,0.03978,,,84.205,88.189,92.172,96.156,100.139,104.123,108.106,112.09,116.074,lhfa-boys-zscore-expanded-tables (1).xlsx
LHFA,M,,1294,,1,100.1591,0.03979,,,84.218,88.203,92.188,96.174,100.159,104.144,108.13,112.115,116.1,lhfa-boys-zscore-expanded-tables (1).xlsx
LHFA,M,,1295,,1,100.1787,0.03979,,,84.234,88.22,92.206,96.193,100.179,104.165,108.151,112.137,116.123,lhfa-boys-zscore-expanded-tables (1).xlsx
LHFA,M,,1296,,1,100.1983,0.0398,,,84.247,88.235,92.223,96.21,100.198,104.186,108.174,112.162,116.15,lhfa-boys-zscore-expanded-tables (1).xlsx
LHFA,M,,1297,,1,100.2178,0.0398,,,84.263,88.252,92.24,96.229,100.218,104.206,108.195,112.184,116.172,lhfa-boys-zscore-expanded-tables (1).xlsx
LHFA,M,,1298,,1,100.2374,0.03981,,,84.276,88.266,92.256,96.247,100.237,104.228,108.218,112.209,116.199,lhfa-boys-zscore-expanded-tables (1).xlsx
LHFA,M,,1299,,1,100.257,0.03981,,,84.292,88.283,92.275,96.266,100.257,104.248,108.239,112.231,116.222,lhfa-boys-zscore-expanded-tables (1).xlsx
LHFA,M,,1300,,1,100.2765,0.03982,,,84.304,88.297,92.29,96.283,100.276,104.27,108.263,112.256,116.249,lhfa-boys-zscore-expanded-tables (1).xlsx
LHFA,M,,1301,,1,100.2961,0.03982,,,84.321,88.315,92.309,96.302,100.296,104.29,108.284,112.277,116.271,lhfa-boys-zscore-expanded-tables (1).xlsx
LHFA,M,,1302,,1,100.3156,0.03983,,,84.333,88.329,92.324,96.32,100.316,104.311,108.307,112.302,116.298,lhfa-boys-zscore-expanded-tables (1).xlsx
LHFA,M,,1303,,1,100.3352,0.03983,,,84.35,88.346,92.342,96.339,100.335,104.332,108.328,112.324,116.321,lhfa-boys-zscore-expanded-tables (1).xlsx
LHFA,M,,1304,,1,100.3547,0.03984,,,84.362,88.36,92.358,96.357,100.355,104.353,108.351,112.349,116.347,lhfa-boys-zscore-expanded-tables (1).xlsx
LHFA,M,,1305,,1,100.3742,0.03984,,,84.379,88.377,92.376,96.375,100.374,104.373,108.372,112.371,116.37,lhfa-boys-zscore-expanded-tables (1).xlsx
LHFA,M,,1306,,1,100.3937,0.03985,,,84.391,88.392,92.392,96.393,100.394,104.394,108.395,112.396,116.396,lhfa-boys-zscore-expanded-tables (1).xlsx
LHFA,M,,1307,,1,100.4132,0.03985,,,84.407,88.409,92.41,96.412,100.413,104.415,108.416,112.418,116.419,lhfa-boys-zscore-expanded-tables (1).xlsx
LHFA,M,,1308,,1,100.4327,0.03986,,,84.42,88.423,92.426,96.429,100.433,104.436,108.439,112.442,116.446,lhfa-boys-zscore-expanded-tables (1).xlsx
LHFA,M,,1309,,1,100.4522,0.03986,,,84.436,88.44,92.444,96.448,100.452,104.456,108.46,112.464,116.468,lhfa-boys-zscore-expanded-tables (1).xlsx
LHFA,M,,1310,,1,100.4717,0.03987,,,84.448,88.454,92.46,96.466,100.472,104.478,108.483,112.489,116.495,lhfa-boys-zscore-expanded-tables (1).xlsx
LHFA,M,,1311,,1,100.4911,0.03987,,,84.465,88.471,92.478,96.485,100.491,104.498,108.504,112.511,116.517,lhfa-boys-zscore-expanded-tables (1).xlsx
LHFA,M,,1312,,1,100.5106,0.03988,,,84.477,88.486,92.494,96.502,100.511,104.519,108.527,112.536,116.544,lhfa-boys-zscore-expanded-tables (1).xlsx
LHFA,M,,1313,,1,100.53,0.03988,,,84.493,88.503,92.512,96.521,100.53,104.539,108.548,112.557,116.567,lhfa-boys-zscore-expanded-tables (1).xlsx
LHFA,M,,1314,,1,100.5495,0.03989,,,84.506,88.517,92.528,96.539,100.55,104.56,108.571,112.582,116.593,lhfa-boys-zscore-expanded-tables (1).xlsx
LHFA,M,,1315,,1,100.5689,0.0399,,,84.518,88.531,92.544,96.556,100.569,104.582,108.594,112.607,116.62,lhfa-boys-zscore-expanded-tables (1).xlsx
LHFA,M,,1316,,1,100.5883,0.0399,,,84.534,88.548,92.561,96.575,100.588,104.602,108.615,112.629,116.642,lhfa-boys-zscore-expanded-tables (1).xlsx
LHFA,M,,1317,,1,100.6077,0.03991,,,84.547,88.562,92.577,96.592,100.608,104.623,108.638,112.653,116.669,lhfa-boys-zscore-expanded-tables (1).xlsx
LHFA,M,,1318,,1,100.6271,0.03991,,,84.563,88.579,92.595,96.611,100.627,104.643,108.659,112.675,116.691,lhfa-boys-zscore-expanded-tables (1).xlsx
LHFA,M,,1319,,1,100.6465,0.03992,,,84.575,88.593,92.611,96.629,100.646,104.664,108.682,112.7,116.718,lhfa-boys-zscore-expanded-tables (1).xlsx
LHFA,M,,1320,,1,100.6659,0.03992,,,84.592,88.61,92.629,96.647,100.666,104.684,108.703,112.722,116.74,lhfa-boys-zscore-expanded-tables (1).xlsx
LHFA,M,,1321,,1,100.6853,0.03993,,,84.604,88.624,92.645,96.665,100.685,104.706,108.726,112.746,116.767,lhfa-boys-zscore-expanded-tables (1).xlsx
LHFA,M,,1322,,1,100.7046,0.03993,,,84.62,88.641,92.662,96.683,100.705,104.726,108.747,112.768,116.789,lhfa-boys-zscore-expanded-tables (1).xlsx
LHFA,M,,1323,,1,100.724,0.03994,,,84.632,88.655,92.678,96.701,100.724,104.747,108.77,112.793,116.816,lhfa-boys-zscore-expanded-tables (1).xlsx
LHFA,M,,1324,,1,100.7434,0.03994,,,84.649,88.672,92.696,96.72,100.743,104.767,108.791,112.814,116.838,lhfa-boys-zscore-expanded-tables (1).xlsx
LHFA,M,,1325,,1,100.7627,0.03995,,,84.661,88.686,92.712,96.737,100.763,104.788,108.814,112.839,116.865,lhfa-boys-zscore-expanded-tables (1).xlsx
LHFA,M,,1326,,1,100.782,0.03995,,,84.677,88.703,92.73,96.756,100.782,104.808,108.834,112.861,116.887,lhfa-boys-zscore-expanded-tables (1).xlsx
LHFA,M,,1327,,1,100.8013,0.03996,,,84.689,88.717,92.745,96.773,100.801,104.829,108.857,112.885,116.913,lhfa-boys-zscore-expanded-tables (1).xlsx
LHFA,M,,1328,,1,100.8207,0.03996,,,84.706,88.734,92.763,96.792,100.821,104.849,108.878,112.907,116.936,lhfa-boys-zscore-expanded-tables (1).xlsx
LHFA,M,,1329,,1,100.84,0.03997,,,84.718,88.748,92.779,96.809,100.84,104.871,108.901,112.932,116.962,lhfa-boys-zscore-expanded-tables (1).xlsx
LHFA,M,,1330,,1,100.8593,0.03997,,,84.734,88.765,92.797,96.828,100.859,104.891,108.922,112.953,116.985,lhfa-boys-zscore-expanded-tables (1).xlsx
LHFA,M,,1331,,1,100.8786,0.03998,,,84.746,88.779,92.812,96.845,100.879,104.912,108.945,112.978,117.011,lhfa-boys-zscore-expanded-tables (1).xlsx
LHFA,M,,1332,,1,100.8978,0.03998,,,84.762,88.796,92.83,96.864,100.898,104.932,108.966,112.999,117.033,lhfa-boys-zscore-expanded-tables (1).xlsx
LHFA,M,,1333,,1,100.9171,0.03999,,,84.774,88.81,92.846,96.881,100.917,104.953,108.988,113.024,117.06,lhfa-boys-zscore-expanded-tables (1).xlsx
LHFA,M,,1334,,1,100.9364,0.03999,,,84.791,88.827,92.864,96.9,100.936,104.973,109.009,113.046,117.082,lhfa-boys-zscore-expanded-tables (1).xlsx
LHFA,M,,1335,,1,100.9556,0.04,,,84.803,88.841,92.879,96.917,100.956,104.994,109.032,113.07,117.108,lhfa-boys-zscore-expanded-tables (1).xlsx
LHFA,M,,1336,,1,100.9749,0.04,,,84.819,88.858,92.897,96.936,100.975,105.014,109.053,113.092,117.131,lhfa-boys-zscore-expanded-tables (1).xlsx
LHFA,M,,1337,,1,100.9941,0.04001,,,84.831,88.872,92.913,96.953,100.994,105.035,109.076,113.116,117.157,lhfa-boys-zscore-expanded-tables (1).xlsx
LHFA,M,,1338,,1,101.0134,0.04001,,,84.847,88.889,92.93,96.972,101.013,105.055,109.096,113.138,117.18,lhfa-boys-zscore-expanded-tables (1).xlsx
LHFA,M,,1339,,1,101.0326,0.04002,,,84.859,88.903,92.946,96.989,101.033,105.076,109.119,113.163,117.206,lhfa-boys-zscore-expanded-tables (1).xlsx
LHFA,M,,1340,,1,101.0518,0.04002,,,84.875,88.92,92.964,97.008,101.052,105.096,109.14,113.184,117.228,lhfa-boys-zscore-expanded-tables (1).xlsx
LHFA,M,,1341,,1,101.071,0.04003,,,84.888,88.933,92.979,97.025,101.071,105.117,109.163,113.209,117.254,lhfa-boys-zscore-expanded-tables (1).xlsx
LHFA,M,,1342,,1,101.0902,0.04003,,,84.904,88.95,92.997,97.044,101.09,105.137,109.183,113.23,117.277,lhfa-boys-zscore-expanded-tables (1).xlsx
LHFA,M,,1343,,1,101.1094,0.04004,,,84.916,88.964,93.013,97.061,101.109,105.158,109.206,113.255,117.303,lhfa-boys-zscore-expanded-tables (1).xlsx
LHFA,M,,1344,,1,101.1286,0.04004,,,84.932,88.981,93.03,97.079,101.129,105.178,109.227,113.276,117.325,lhfa-boys-zscore-expanded-tables (1).xlsx
LHFA,M,,1345,,1,101.1477,0.04004,,,84.948,88.998,93.048,97.098,101.148,105.198,109.248,113.298,117.348,lhfa-boys-zscore-expanded-tables (1).xlsx
LHFA,M,,1346,,1,101.1669,0.04005,,,84.96,89.012,93.063,97.115,101.167,105.219,109.27,113.322,117.374,lhfa-boys-zscore-expanded-tables (1).xlsx
LHFA,M,,1347,,1,101.1861,0.04005,,,84.976,89.029,93.081,97.134,101.186,105.239,109.291,113.344,117.396,lhfa-boys-zscore-expanded-tables (1).xlsx
LHFA,M,,1348,,1,101.2052,0.04006,,,84.988,89.042,93.097,97.151,101.205,105.259,109.314,113.368,117.422,lhfa-boys-zscore-expanded-tables (1).xlsx
LHFA,M,,1349,,1,101.2244,0.04006,,,85.004,89.059,93.114,97.169,101.224,105.279,109.334,113.39,117.445,lhfa-boys-zscore-expanded-tables (1).xlsx
LHFA,M,,1350,,1,101.2435,0.04007,,,85.016,89.073,93.13,97.187,101.244,105.3,109.357,113.414,117.471,lhfa-boys-zscore-expanded-tables (1).xlsx
LHFA,M,,1351,,1,101.2626,0.04007,,,85.032,89.09,93.147,97.205,101.263,105.32,109.378,113.435,117.493,lhfa-boys-zscore-expanded-tables (1).xlsx
LHFA,M,,1352,,1,101.2817,0.04008,,,85.044,89.104,93.163,97.222,101.282,105.341,109.4,113.46,117.519,lhfa-boys-zscore-expanded-tables (1).xlsx
LHFA,M,,1353,,1,101.3008,0.04008,,,85.06,89.12,93.181,97.241,101.301,105.361,109.421,113.481,117.541,lhfa-boys-zscore-expanded-tables (1).xlsx
LHFA,M,,1354,,1,101.32,0.04009,,,85.072,89.134,93.196,97.258,101.32,105.382,109.444,113.506,117.568,lhfa-boys-zscore-expanded-tables (1).xlsx
LHFA,M,,1355,,1,101.339,0.04009,,,85.088,89.151,93.214,97.276,101.339,105.402,109.464,113.527,117.59,lhfa-boys-zscore-expanded-tables (1).xlsx
LHFA,M,,1356,,1,101.3581,0.0401,,,85.1,89.165,93.229,97.294,101.358,105.423,109.487,113.551,117.616,lhfa-boys-zscore-expanded-tables (1).xlsx
LHFA,M,,1357,,1,101.3772,0.0401,,,85.116,89.182,93.247,97.312,101.377,105.442,109.508,113.573,117.638,lhfa-boys-zscore-expanded-tables (1).xlsx
LHFA,M,,1358,,1,101.3963,0.04011,,,85.128,89.195,93.262,97.329,101.396,105.463,109.53,113.597,117.664,lhfa-boys-zscore-expanded-tables (1).xlsx
LHFA,M,,1359,,1,101.4153,0.04011,,,85.144,89.212,93.28,97.348,101.415,105.483,109.551,113.619,117.686,lhfa-boys-zscore-expanded-tables (1).xlsx
LHFA,M,,1360,,1,101.4344,0.04012,,,85.156,89.226,93.295,97.365,101.434,105.504,109.573,113.643,117.713,lhfa-boys-zscore-expanded-tables (1).xlsx
LHFA,M,,1361,,1,101.4535,0.04012,,,85.172,89.243,93.313,97.383,101.454,105.524,109.594,113.664,117.735,lhfa-boys-zscore-expanded-tables (1).xlsx
LHFA,M,,1362,,1,101.4725,0.04013,,,85.184,89.256,93.328,97.4,101.472,105.545,109.617,113.689,117.761,lhfa-boys-zscore-expanded-tables (1).xlsx
LHFA,M,,1363,,1,101.4915,0.04013,,,85.2,89.273,93.346,97.419,101.492,105.564,109.637,113.71,117.783,lhfa-boys-zscore-expanded-tables (1).xlsx
LHFA,M,,1364,,1,101.5106,0.04014,,,85.212,89.287,93.361,97.436,101.511,105.585,109.66,113.735,117.809,lhfa-boys-zscore-expanded-tables (1).xlsx
LHFA,M,,1365,,1,101.5296,0.04014,,,85.228,89.303,93.379,97.454,101.53,105.605,109.68,113.756,117.831,lhfa-boys-zscore-expanded-tables (1).xlsx
LHFA,M,,1366,,1,101.5486,0.04015,,,85.24,89.317,93.394,97.471,101.549,105.626,109.703,113.78,117.857,lhfa-boys-zscore-expanded-tables (1).xlsx
LHFA,M,,1367,,1,101.5676,0.04015,,,85.256,89.334,93.412,97.49,101.568,105.646,109.723,113.801,117.879,lhfa-boys-zscore-expanded-tables (1).xlsx
LHFA,M,,1368,,1,101.5866,0.04016,,,85.268,89.347,93.427,97.507,101.587,105.666,109.746,113.826,117.905,lhfa-boys-zscore-expanded-tables (1).xlsx
LHFA,M,,1369,,1,101.6056,0.04016,,,85.284,89.364,93.445,97.525,101.606,105.686,109.767,113.847,117.928,lhfa-boys-zscore-expanded-tables (1).xlsx
LHFA,M,,1370,,1,101.6246,0.04017,,,85.296,89.378,93.46,97.542,101.625,105.707,109.789,113.871,117.954,lhfa-boys-zscore-expanded-tables (1).xlsx
LHFA,M,,1371,,1,101.6435,0.04017,,,85.311,89.394,93.477,97.56,101.644,105.727,109.81,113.893,117.976,lhfa-boys-zscore-expanded-tables (1).xlsx
LHFA,M,,1372,,1,101.6625,0.04018,,,85.323,89.408,93.493,97.578,101.662,105.747,109.832,113.917,118.002,lhfa-boys-zscore-expanded-tables (1).xlsx
LHFA,M,,1373,,1,101.6815,0.04018,,,85.339,89.425,93.51,97.596,101.682,105.767,109.853,113.938,118.024,lhfa-boys-zscore-expanded-tables (1).xlsx
LHFA,M,,1374,,1,101.7004,0.04019,,,85.351,89.438,93.526,97.613,101.7,105.788,109.875,113.962,118.05,lhfa-boys-zscore-expanded-tables (1).xlsx
LHFA,M,,1375,,1,101.7194,0.04019,,,85.367,89.455,93.543,97.631,101.719,105.808,109.896,113.984,118.072,lhfa-boys-zscore-expanded-tables (1).xlsx
LHFA,M,,1376,,1,101.7383,0.0402,,,85.379,89.469,93.559,97.648,101.738,105.828,109.918,114.008,118.098,lhfa-boys-zscore-expanded-tables (1).xlsx
LHFA,M,,1377,,1,101.7572,0.0402,,,85.395,89.485,93.576,97.667,101.757,105.848,109.938,114.029,118.12,lhfa-boys-zscore-expanded-tables (1).xlsx
LHFA,M,,1378,,1,101.7762,0.0402,,,85.411,89.502,93.593,97.685,101.776,105.868,109.959,114.05,118.142,lhfa-boys-zscore-expanded-tables (1).xlsx
LHFA,M,,1379,,1,101.7951,0.04021,,,85.422,89.516,93.609,97.702,101.795,105.888,109.981,114.075,118.168,lhfa-boys-zscore-expanded-tables (1).xlsx
LHFA,M,,1380,,1,101.814,0.04021,,,85.438,89.532,93.626,97.72,101.814,105.908,110.002,114.096,118.19,lhfa-boys-zscore-expanded-tables (1).xlsx
LHFA,M,,1381,,1,101.8329,0.04022,,,85.45,89.546,93.641,97.737,101.833,105.929,110.024,114.12,118.216,lhfa-boys-zscore-expanded-tables (1).xlsx
LHFA,M,,1382,,1,101.8518,0.04022,,,85.466,89.562,93.659,97.755,101.852,105.948,110.045,114.141,118.238,lhfa-boys-zscore-expanded-tables (1).xlsx
LHFA,M,,1383,,1,101.8707,0.04023,,,85.478,89.576,93.674,97.772,101.871,105.969,110.067,114.165,118.264,lhfa-boys-zscore-expanded-tables (1).xlsx
LHFA,M,,1384,,1,101.8896,0.04023,,,85.494,89.593,93.692,97.791,101.89,105.989,110.088,114.187,118.286,lhfa-boys-zscore-expanded-tables (1).xlsx
LHFA,M,,1385,,1,101.9085,0.04024,,,85.505,89.606,93.707,97.808,101.908,106.009,110.11,114.211,118.312,lhfa-boys-zscore-expanded-tables (1).xlsx
LHFA,M,,1386,,1,101.9274,0.04024,,,85.521,89.623,93.724,97.826,101.927,106.029,110.131,114.232,118.334,lhfa-boys-zscore-expanded-tables (1).xlsx
LHFA,M,,1387,,1,101.9462,0.04025,,,85.533,89.636,93.74,97.843,101.946,106.05,110.153,114.256,118.36,lhfa-boys-zscore-expanded-tables (1).xlsx
LHFA,M,,1388,,1,101.9651,0.04025,,,85.549,89.653,93.757,97.861,101.965,106.069,110.173,114.277,118.381,lhfa-boys-zscore-expanded-tables (1).xlsx
LHFA,M,,1389,,1,101.9839,0.04026,,,85.56,89.666,93.772,97.878,101.984,106.09,110.196,114.302,118.407,lhfa-boys-zscore-expanded-tables (1).xlsx
LHFA,M,,1390,,1,102.0028,0.04026,,,85.576,89.683,93.79,97.896,102.003,106.109,110.216,114.323,118.429,lhfa-boys-zscore-expanded-tables (1).xlsx
LHFA,M,,1391,,1,102.0216,0.04027,,,85.588,89.696,93.805,97.913,102.022,106.13,110.238,114.347,118.455,lhfa-boys-zscore-expanded-tables (1).xlsx
LHFA,M,,1392,,1,102.0405,0.04027,,,85.604,89.713,93.822,97.931,102.04,106.15,110.259,114.368,118.477,lhfa-boys-zscore-expanded-tables (1).xlsx
LHFA,M,,1393,,1,102.0593,0.04028,,,85.616,89.726,93.837,97.948,102.059,106.17,110.281,114.392,118.503,lhfa-boys-zscore-expanded-tables (1).xlsx
LHFA,M,,1394,,1,102.0781,0.04028,,,85.631,89.743,93.855,97.966,102.078,106.19,110.302,114.413,118.525,lhfa-boys-zscore-expanded-tables (1).xlsx
LHFA,M,,1395,,1,102.097,0.04029,,,85.643,89.757,93.87,97.984,102.097,106.21,110.324,114.437,118.551,lhfa-boys-zscore-expanded-tables (1).xlsx
LHFA,M,,1396,,1,102.1158,0.04029,,,85.659,89.773,93.887,98.002,102.116,106.23,110.344,114.459,118.573,lhfa-boys-zscore-expanded-tables (1).xlsx
LHFA,M,,1397,,1,102.1346,0.0403,,,85.671,89.787,93.903,98.019,102.135,106.251,110.367,114.483,118.599,lhfa-boys-zscore-expanded-tables (1).xlsx
LHFA,M,,1398,,1,102.1534,0.0403,,,85.686,89.803,93.92,98.037,102.153,106.27,110.387,114.504,118.621,lhfa-boys-zscore-expanded-tables (1).xlsx
LHFA,M,,1399,,1,102.1722,0.0403,,,85.702,89.82,93.937,98.055,102.172,106.29,110.407,114.525,118.642,lhfa-boys-zscore-expanded-tables (1).xlsx
LHFA,M,,1400,,1,102.191,0.04031,,,85.714,89.833,93.952,98.072,102.191,106.31,110.43,114.549,118.668,lhfa-boys-zscore-expanded-tables (1).xlsx
LHFA,M,,1401,,1,102.2097,0.04031,,,85.729,89.849,93.97,98.09,102.21,106.33,110.45,114.57,118.69,lhfa-boys-zscore-expanded-tables (1).xlsx
LHFA,M,,1402,,1,102.2285,0.04032,,,85.741,89.863,93.985,98.107,102.228,106.35,110.472,114.594,118.716,lhfa-boys-zscore-expanded-tables (1).xlsx
LHFA,M,,1403,,1,102.2473,0.04032,,,85.757,89.879,94.002,98.125,102.247,106.37,110.493,114.615,118.738,lhfa-boys-zscore-expanded-tables (1).xlsx
LHFA,M,,1404,,1,102.2661,0.04033,,,85.769,89.893,94.017,98.142,102.266,106.39,110.515,114.639,118.764,lhfa-boys-zscore-expanded-tables (1).xlsx
LHFA,M,,1405,,1,102.2848,0.04033,,,85.784,89.909,94.035,98.16,102.285,106.41,110.535,114.66,118.785,lhfa-boys-zscore-expanded-tables (1).xlsx
LHFA,M,,1406,,1,102.3036,0.04034,,,85.796,89.923,94.05,98.177,102.304,106.431,110.557,114.684,118.811,lhfa-boys-zscore-expanded-tables (1).xlsx
LHFA,M,,1407,,1,102.3223,0.04034,,,85.812,89.939,94.067,98.195,102.322,106.45,110.578,114.705,118.833,lhfa-boys-zscore-expanded-tables (1).xlsx
LHFA,M,,1408,,1,102.3411,0.04035,,,85.823,89.953,94.082,98.212,102.341,106.471,110.6,114.729,118.859,lhfa-boys-zscore-expanded-tables (1).xlsx
LHFA,M,,1409,,1,102.3598,0.04035,,,85.839,89.969,94.099,98.23,102.36,106.49,110.62,114.75,118.881,lhfa-boys-zscore-expanded-tables (1).xlsx
LHFA,M,,1410,,1,102.3785,0.04036,,,85.851,89.983,94.115,98.247,102.378,106.51,110.642,114.774,118.906,lhfa-boys-zscore-expanded-tables (1).xlsx
LHFA,M,,1411,,1,102.3972,0.04036,,,85.866,89.999,94.132,98.264,102.397,106.53,110.663,114.795,118.928,lhfa-boys-zscore-expanded-tables (1).xlsx
LHFA,M,,1412,,1,102.416,0.04037,,,85.878,90.012,94.147,98.281,102.416,106.551,110.685,114.82,118.954,lhfa-boys-zscore-expanded-tables (1).xlsx
LHFA,M,,1413,,1,102.4347,0.04037,,,85.894,90.029,94.164,98.299,102.435,106.57,110.705,114.841,118.976,lhfa-boys-zscore-expanded-tables (1).xlsx
LHFA,M,,1414,,1,102.4534,0.04037,,,85.909,90.045,94.181,98.317,102.453,106.589,110.725,114.862,118.998,lhfa-boys-zscore-expanded-tables (1).xlsx
LHFA,M,,1415,,1,102.4721,0.04038,,,85.921,90.059,94.196,98.334,102.472,106.61,110.748,114.886,119.023,lhfa-boys-zscore-expanded-tables (1).xlsx
LHFA,M,,1416,,1,102.4908,0.04038,,,85.936,90.075,94.214,98.352,102.491,106.629,110.768,114.907,119.045,lhfa-boys-zscore-expanded-tables (1).xlsx
LHFA,M,,1417,,1,102.5095,0.04039,,,85.948,90.088,94.229,98.369,102.51,106.65,110.79,114.931,119.071,lhfa-boys-zscore-expanded-tables (1).xlsx
LHFA,M,,1418,,1,102.5282,0.04039,,,85.964,90.105,94.246,98.387,102.528,106.669,110.81,114.952,119.093,lhfa-boys-zscore-expanded-tables (1).xlsx
LHFA,M,,1419,,1,102.5469,0.0404,,,85.975,90.118,94.261,98.404,102.547,106.69,110.833,114.976,119.118,lhfa-boys-zscore-expanded-tables (1).xlsx
LHFA,M,,1420,,1,102.5655,0.0404,,,85.991,90.135,94.278,98.422,102.566,106.709,110.853,114.996,119.14,lhfa-boys-zscore-expanded-tables (1).xlsx
LHFA,M,,1421,,1,102.5842,0.04041,,,86.002,90.148,94.293,98.439,102.584,106.73,110.875,115.02,119.166,lhfa-boys-zscore-expanded-tables (1).xlsx
LHFA,M,,1422,,1,102.6029,0.04041,,,86.018,90.164,94.311,98.457,102.603,106.749,110.895,115.041,119.188,lhfa-boys-zscore-expanded-tables (1).xlsx
LHFA,M,,1423,,1,102.6215,0.04042,,,86.03,90.178,94.326,98.474,102.622,106.769,110.917,115.065,119.213,lhfa-boys-zscore-expanded-tables (1).xlsx
LHFA,M,,1424,,1,102.6402,0.04042,,,86.045,90.194,94.343,98.491,102.64,106.789,110.938,115.086,119.235,lhfa-boys-zscore-expanded-tables (1).xlsx
LHFA,M,,1425,,1,102.6588,0.04043,,,86.057,90.207,94.358,98.508,102.659,106.809,110.96,115.11,119.261,lhfa-boys-zscore-expanded-tables (1).xlsx
LHFA,M,,1426,,1,102.6775,0.04043,,,86.072,90.224,94.375,98.526,102.678,106.829,110.98,115.131,119.283,lhfa-boys-zscore-expanded-tables (1).xlsx
LHFA,M,,1427,,1,102.6961,0.04044,,,86.084,90.237,94.39,98.543,102.696,106.849,111.002,115.155,119.308,lhfa-boys-zscore-expanded-tables (1).xlsx
LHFA,M,,1428,,1,102.7148,0.04044,,,86.1,90.253,94.407,98.561,102.715,106.869,111.022,115.176,119.33,lhfa-boys-zscore-expanded-tables (1).xlsx
LHFA,M,,1429,,1,102.7334,0.04044,,,86.115,90.27,94.424,98.579,102.733,106.888,111.042,115.197,119.352,lhfa-boys-zscore-expanded-tables (1).xlsx
LHFA,M,,1430,,1,102.752,0.04045,,,86.127,90.283,94.439,98.596,102.752,106.908,111.065,115.221,119.377,lhfa-boys-zscore-expanded-tables (1).xlsx
LHFA,M,,1431,,1,102.7706,0.04045,,,86.142,90.299,94.456,98.614,102.771,106.928,111.085,115.242,119.399,lhfa-boys-zscore-expanded-tables (1).xlsx
LHFA,M,,1432,,1,102.7893,0.04046,,,86.154,90.313,94.472,98.63,102.789,106.948,111.107,115.266,119.425,lhfa-boys-zscore-expanded-tables (1).xlsx
LHFA,M,,1433,,1,102.8079,0.04046,,,86.169,90.329,94.489,98.648,102.808,106.968,111.127,115.287,119.446,lhfa-boys-zscore-expanded-tables (1).xlsx
LHFA,M,,1434,,1,102.8265,0.04047,,,86.181,90.342,94.504,98.665,102.826,106.988,111.149,115.311,119.472,lhfa-boys-zscore-expanded-tables (1).xlsx
LHFA,M,,1435,,1,102.8451,0.04047,,,86.197,90.359,94.521,98.683,102.845,107.007,111.169,115.332,119.494,lhfa-boys-zscore-expanded-tables (1).xlsx
LHFA,M,,1436,,1,102.8637,0.04048,,,86.208,90.372,94.536,98.7,102.864,107.028,111.192,115.355,119.519,lhfa-boys-zscore-expanded-tables (1).xlsx
LHFA,M,,1437,,1,102.8823,0.04048,,,86.224,90.388,94.553,98.718,102.882,107.047,111.212,115.376,119.541,lhfa-boys-zscore-expanded-tables (1).xlsx
LHFA,M,,1438,,1,102.9009,0.04049,,,86.235,90.402,94.568,98.734,102.901,107.067,111.234,115.4,119.567,lhfa-boys-zscore-expanded-tables (1).xlsx
LHFA,M,,1439,,1,102.9195,0.04049,,,86.251,90.418,94.585,98.752,102.92,107.087,111.254,115.421,119.588,lhfa-boys-zscore-expanded-tables (1).xlsx
LHFA,M,,1440,,1,102.938,0.0405,,,86.262,90.431,94.6,98.769,102.938,107.107,111.276,115.445,119.614,lhfa-boys-zscore-expanded-tables (1).xlsx
LHFA,M,,1441,,1,102.9566,0.0405,,,86.278,90.447,94.617,98.787,102.957,107.126,111.296,115.466,119.636,lhfa-boys-zscore-expanded-tables (1).xlsx
LHFA,M,,1442,,1,102.9752,0.0405,,,86.293,90.464,94.634,98.805,102.975,107.146,111.316,115.487,119.657,lhfa-boys-zscore-expanded-tables (1).xlsx
LHFA,M,,1443,,1,102.9938,0.04051,,,86.305,90.477,94.649,98.822,102.994,107.166,111.338,115.511,119.683,lhfa-boys-zscore-expanded-tables (1).xlsx
LHFA,M,,1444,,1,103.0123,0.04051,,,86.32,90.493,94.666,98.839,103.012,107.185,111.358,115.531,119.704,lhfa-boys-zscore-expanded-tables (1).xlsx
LHFA,M,,1445,,1,103.0309,0.04052,,,86.332,90.506,94.681,98.856,103.031,107.206,111.381,115.555,119.73,lhfa-boys-zscore-expanded-tables (1).xlsx
LHFA,M,,1446,,1,103.0494,0.04052,,,86.347,90.523,94.698,98.874,103.049,107.225,111.401,115.576,119.752,lhfa-boys-zscore-expanded-tables (1).xlsx
LHFA,M,,1447,,1,103.068,0.04053,,,86.359,90.536,94.713,98.891,103.068,107.245,111.423,115.6,119.777,lhfa-boys-zscore-expanded-tables (1).xlsx
LHFA,M,,1448,,1,103.0865,0.04053,,,86.374,90.552,94.73,98.908,103.086,107.265,111.443,115.621,119.799,lhfa-boys-zscore-expanded-tables (1).xlsx
LHFA,M,,1449,,1,103.1051,0.04054,,,86.386,90.565,94.745,98.925,103.105,107.285,111.465,115.645,119.825,lhfa-boys-zscore-expanded-tables (1).xlsx
LHFA,M,,1450,,1,103.1236,0.04054,,,86.401,90.582,94.762,98.943,103.124,107.304,111.485,115.665,119.846,lhfa-boys-zscore-expanded-tables (1).xlsx
LHFA,M,,1451,,1,103.1421,0.04055,,,86.412,90.595,94.777,98.96,103.142,107.325,111.507,115.689,119.872,lhfa-boys-zscore-expanded-tables (1).xlsx
LHFA,M,,1452,,1,103.1607,0.04055,,,86.428,90.611,94.794,98.978,103.161,107.344,111.527,115.71,119.893,lhfa-boys-zscore-expanded-tables (1).xlsx
LHFA,M,,1453,,1,103.1792,0.04055,,,86.444,90.627,94.811,98.995,103.179,107.363,111.547,115.731,119.915,lhfa-boys-zscore-expanded-tables (1).xlsx
LHFA,M,,1454,,1,103.1977,0.04056,,,86.455,90.641,94.826,99.012,103.198,107.383,111.569,115.755,119.94,lhfa-boys-zscore-expanded-tables (1).xlsx
LHFA,M,,1455,,1,103.2162,0.04056,,,86.47,90.657,94.843,99.03,103.216,107.403,111.589,115.776,119.962,lhfa-boys-zscore-expanded-tables (1).xlsx
LHFA,M,,1456,,1,103.2348,0.04057,,,86.482,90.67,94.858,99.047,103.235,107.423,111.611,115.8,119.988,lhfa-boys-zscore-expanded-tables (1).xlsx
LHFA,M,,1457,,1,103.2533,0.04057,,,86.497,90.686,94.875,99.064,103.253,107.442,111.631,115.82,120.009,lhfa-boys-zscore-expanded-tables (1).xlsx
LHFA,M,,1458,,1,103.2718,0.04058,,,86.509,90.699,94.89,99.081,103.272,107.463,111.653,115.844,120.035,lhfa-boys-zscore-expanded-tables (1).xlsx
LHFA,M,,1459,,1,103.2903,0.04058,,,86.524,90.716,94.907,99.099,103.29,107.482,111.673,115.865,120.056,lhfa-boys-zscore-expanded-tables (1).xlsx
LHFA,M,,1460,,1,103.3088,0.04059,,,86.536,90.729,94.922,99.115,103.309,107.502,111.695,115.889,120.082,lhfa-boys-zscore-expanded-tables (1).xlsx
LHFA,M,,1461,,1,103.3273,0.04059,,,86.551,90.745,94.939,99.133,103.327,107.521,111.715,115.909,120.104,lhfa-boys-zscore-expanded-tables (1).xlsx
LHFA,M,,1462,,1,103.3458,0.0406,,,86.562,90.758,94.954,99.15,103.346,107.542,111.737,115.933,120.129,lhfa-boys-zscore-expanded-tables (1).xlsx
LHFA,M,,1463,,1,103.3643,0.0406,,,86.578,90.775,94.971,99.168,103.364,107.561,111.757,115.954,120.151,lhfa-boys-zscore-expanded-tables (1).xlsx
LHFA,M,,1464,,1,103.3827,0.0406,,,86.593,90.791,94.988,99.185,103.383,107.58,111.777,115.975,120.172,lhfa-boys-zscore-expanded-tables (1).xlsx
LHFA,M,,1465,,1,103.4012,0.04061,,,86.605,90.804,95.003,99.202,103.401,107.6,111.799,115.999,120.198,lhfa-boys-zscore-expanded-tables (1).xlsx
LHFA,M,,1466,,1,103.4197,0.04061,,,86.62,90.82,95.02,99.22,103.42,107.62,111.819,116.019,120.219,lhfa-boys-zscore-expanded-tables (1).xlsx
LHFA,M,,1467,,1,103.4382,0.04062,,,86.632,90.833,95.035,99.237,103.438,107.64,111.842,116.043,120.245,lhfa-boys-zscore-expanded-tables (1).xlsx
LHFA,M,,1468,,1,103.4566,0.04062,,,86.647,90.849,95.052,99.254,103.457,107.659,111.861,116.064,120.266,lhfa-boys-zscore-expanded-tables (1).xlsx
LHFA,M,,1469,,1,103.4751,0.04063,,,86.658,90.863,95.067,99.271,103.475,107.679,111.883,116.088,120.292,lhfa-boys-zscore-expanded-tables (1).xlsx
LHFA,M,,1470,,1,103.4936,0.04063,,,86.674,90.879,95.084,99.289,103.494,107.699,111.903,116.108,120.313,lhfa-boys-zscore-expanded-tables (1).xlsx
LHFA,M,,1471,,1,103.512,0.04064,,,86.685,90.892,95.099,99.305,103.512,107.719,111.925,116.132,120.339,lhfa-boys-zscore-expanded-tables (1).xlsx
LHFA,M,,1472,,1,103.5305,0.04064,,,86.701,90.908,95.116,99.323,103.53,107.738,111.945,116.153,120.36,lhfa-boys-zscore-expanded-tables (1).xlsx
LHFA,M,,1473,,1,103.5489,0.04065,,,86.712,90.921,95.13,99.34,103.549,107.758,111.967,116.177,120.386,lhfa-boys-zscore-expanded-tables (1).xlsx
LHFA,M,,1474,,1,103.5674,0.04065,,,86.727,90.937,95.147,99.357,103.567,107.777,111.987,116.197,120.407,lhfa-boys-zscore-expanded-tables (1).xlsx
LHFA,M,,1475,,1,103.5858,0.04065,,,86.743,90.954,95.164,99.375,103.586,107.797,112.007,116.218,120.429,lhfa-boys-zscore-expanded-tables (1).xlsx
LHFA,M,,1476,,1,103.6043,0.04066,,,86.754,90.967,95.179,99.392,103.604,107.817,112.029,116.242,120.455,lhfa-boys-zscore-expanded-tables (1).xlsx
LHFA,M,,1477,,1,103.6227,0.04066,,,86.77,90.983,95.196,99.409,103.623,107.836,112.049,116.263,120.476,lhfa-boys-zscore-expanded-tables (1).xlsx
LHFA,M,,1478,,1,103.6412,0.04067,,,86.781,90.996,95.211,99.426,103.641,107.856,112.071,116.286,120.502,lhfa-boys-zscore-expanded-tables (1).xlsx
LHFA,M,,1479,,1,103.6596,0.04067,,,86.796,91.012,95.228,99.444,103.66,107.875,112.091,116.307,120.523,lhfa-boys-zscore-expanded-tables (1).xlsx
LHFA,M,,1480,,1,103.678,0.04068,,,86.808,91.025,95.243,99.46,103.678,107.896,112.113,116.331,120.548,lhfa-boys-zscore-expanded-tables (1).xlsx
LHFA,M,,1481,,1,103.6965,0.04068,,,86.823,91.041,95.26,99.478,103.696,107.915,112.133,116.352,120.57,lhfa-boys-zscore-expanded-tables (1).xlsx
LHFA,M,,1482,,1,103.7149,0.04069,,,86.834,91.054,95.275,99.495,103.715,107.935,112.155,116.375,120.596,lhfa-boys-zscore-expanded-tables (1).xlsx
LHFA,M,,1483,,1,103.7333,0.04069,,,86.85,91.071,95.291,99.512,103.733,107.954,112.175,116.396,120.617,lhfa-boys-zscore-expanded-tables (1).xlsx
LHFA,M,,1484,,1,103.7517,0.04069,,,86.865,91.087,95.308,99.53,103.752,107.973,112.195,116.417,120.638,lhfa-boys-zscore-expanded-tables (1).xlsx
LHFA,M,,1485,,1,103.7701,0.0407,,,86.876,91.1,95.323,99.547,103.77,107.994,112.217,116.44,120.664,lhfa-boys-zscore-expanded-tables (1).xlsx
LHFA,M,,1486,,1,103.7885,0.0407,,,86.892,91.116,95.34,99.564,103.788,108.013,112.237,116.461,120.685,lhfa-boys-zscore-expanded-tables (1).xlsx
LHFA,M,,1487,,1,103.807,0.04071,,,86.903,91.129,95.355,99.581,103.807,108.033,112.259,116.485,120.711,lhfa-boys-zscore-expanded-tables (1).xlsx
LHFA,M,,1488,,1,103.8254,0.04071,,,86.918,91.145,95.372,99.599,103.825,108.052,112.279,116.506,120.732,lhfa-boys-zscore-expanded-tables (1).xlsx
LHFA,M,,1489,,1,103.8438,0.04072,,,86.93,91.158,95.387,99.615,103.844,108.072,112.301,116.529,120.758,lhfa-boys-zscore-expanded-tables (1).xlsx
LHFA,M,,1490,,1,103.8622,0.04072,,,86.945,91.174,95.404,99.633,103.862,108.091,112.321,116.55,120.779,lhfa-boys-zscore-expanded-tables (1).xlsx
LHFA,M,,1491,,1,103.8806,0.04073,,,86.956,91.187,95.418,99.65,103.881,108.112,112.343,116.574,120.805,lhfa-boys-zscore-expanded-tables (1).xlsx
LHFA,M,,1492,,1,103.899,0.04073,,,86.972,91.204,95.435,99.667,103.899,108.131,112.363,116.594,120.826,lhfa-boys-zscore-expanded-tables (1).xlsx
LHFA,M,,1493,,1,103.9174,0.04073,,,86.987,91.22,95.452,99.685,103.917,108.15,112.383,116.615,120.848,lhfa-boys-zscore-expanded-tables (1).xlsx
LHFA,M,,1494,,1,103.9357,0.04074,,,86.998,91.233,95.467,99.701,103.936,108.17,112.404,116.639,120.873,lhfa-boys-zscore-expanded-tables (1).xlsx
LHFA,M,,1495,,1,103.9541,0.04074,,,87.014,91.249,95.484,99.719,103.954,108.189,112.424,116.659,120.894,lhfa-boys-zscore-expanded-tables (1).xlsx
LHFA,M,,1496,,1,103.9725,0.04075,,,87.025,91.262,95.499,99.736,103.972,108.209,112.446,116.683,120.92,lhfa-boys-zscore-expanded-tables (1).xlsx
LHFA,M,,1497,,1,103.9909,0.04075,,,87.04,91.278,95.516,99.753,103.991,108.229,112.466,116.704,120.941,lhfa-boys-zscore-expanded-tables (1).xlsx
LHFA,M,,1498,,1,104.0093,0.04076,,,87.052,91.291,95.53,99.77,104.009,108.249,112.488,116.728,120.967,lhfa-boys-zscore-expanded-tables (1).xlsx
LHFA,M,,1499,,1,104.0277,0.04076,,,87.067,91.307,95.547,99.788,104.028,108.268,112.508,116.748,120.988,lhfa-boys-zscore-expanded-tables (1).xlsx
LHFA,M,,1500,,1,104.046,0.04077,,,87.078,91.32,95.562,99.804,104.046,108.288,112.53,116.772,121.014,lhfa-boys-zscore-expanded-tables (1).xlsx
LHFA,M,,1501,,1,104.0644,0.04077,,,87.094,91.336,95.579,99.822,104.064,108.307,112.55,116.793,121.035,lhfa-boys-zscore-expanded-tables (1).xlsx
LHFA,M,,1502,,1,104.0828,0.04078,,,87.105,91.349,95.594,99.838,104.083,108.327,112.572,116.816,121.061,lhfa-boys-zscore-expanded-tables (1).xlsx
LHFA,M,,1503,,1,104.1011,0.04078,,,87.12,91.365,95.611,99.856,104.101,108.346,112.592,116.837,121.082,lhfa-boys-zscore-expanded-tables (1).xlsx
LHFA,M,,1504,,1,104.1195,0.04078,,,87.136,91.382,95.628,99.874,104.12,108.365,112.611,116.857,121.103,lhfa-boys-zscore-expanded-tables (1).xlsx
LHFA,M,,1505,,1,104.1379,0.04079,,,87.147,91.395,95.642,99.89,104.138,108.386,112.633,116.881,121.129,lhfa-boys-zscore-expanded-tables (1).xlsx
LHFA,M,,1506,,1,104.1562,0.04079,,,87.162,91.411,95.659,99.908,104.156,108.405,112.653,116.902,121.15,lhfa-boys-zscore-expanded-tables (1).xlsx
LHFA,M,,1507,,1,104.1746,0.0408,,,87.173,91.424,95.674,99.924,104.175,108.425,112.675,116.926,121.176,lhfa-boys-zscore-expanded-tables (1).xlsx
LHFA,M,,1508,,1,104.1929,0.0408,,,87.189,91.44,95.691,99.942,104.193,108.444,112.695,116.946,121.197,lhfa-boys-zscore-expanded-tables (1).xlsx
LHFA,M,,1509,,1,104.2113,0.04081,,,87.2,91.453,95.706,99.958,104.211,108.464,112.717,116.97,121.223,lhfa-boys-zscore-expanded-tables (1).xlsx
LHFA,M,,1510,,1,104.2296,0.04081,,,87.215,91.469,95.722,99.976,104.23,108.483,112.737,116.99,121.244,lhfa-boys-zscore-expanded-tables (1).xlsx
LHFA,M,,1511,,1,104.248,0.04082,,,87.226,91.482,95.737,99.993,104.248,108.503,112.759,117.014,121.27,lhfa-boys-zscore-expanded-tables (1).xlsx
LHFA,M,,1512,,1,104.2663,0.04082,,,87.242,91.498,95.754,100.01,104.266,108.522,112.779,117.035,121.291,lhfa-boys-zscore-expanded-tables (1).xlsx
LHFA,M,,1513,,1,104.2847,0.04082,,,87.257,91.514,95.771,100.028,104.285,108.542,112.799,117.055,121.312,lhfa-boys-zscore-expanded-tables (1).xlsx
LHFA,M,,1514,,1,104.303,0.04083,,,87.268,91.527,95.786,100.044,104.303,108.562,112.82,117.079,121.338,lhfa-boys-zscore-expanded-tables (1).xlsx
LHFA,M,,1515,,1,104.3213,0.04083,,,87.284,91.543,95.802,100.062,104.321,108.581,112.84,117.1,121.359,lhfa-boys-zscore-expanded-tables (1).xlsx
LHFA,M,,1516,,1,104.3397,0.04084,,,87.295,91.556,95.817,100.078,104.34,108.601,112.862,117.123,121.385,lhfa-boys-zscore-expanded-tables (1).xlsx
LHFA,M,,1517,,1,104.358,0.04084,,,87.31,91.572,95.834,100.096,104.358,108.62,112.882,117.144,121.406,lhfa-boys-zscore-expanded-tables (1).xlsx
LHFA,M,,1518,,1,104.3763,0.04085,,,87.321,91.585,95.849,100.113,104.376,108.64,112.904,117.168,121.431,lhfa-boys-zscore-expanded-tables (1).xlsx
LHFA,M,,1519,,1,104.3947,0.04085,,,87.337,91.601,95.866,100.13,104.395,108.659,112.924,117.188,121.453,lhfa-boys-zscore-expanded-tables (1).xlsx
LHFA,M,,1520,,1,104.413,0.04086,,,87.348,91.614,95.88,100.147,104.413,108.679,112.946,117.212,121.478,lhfa-boys-zscore-expanded-tables (1).xlsx
LHFA,M,,1521,,1,104.4313,0.04086,,,87.363,91.63,95.897,100.164,104.431,108.698,112.965,117.232,121.5,lhfa-boys-zscore-expanded-tables (1).xlsx
LHFA,M,,1522,,1,104.4496,0.04086,,,87.378,91.646,95.914,100.182,104.45,108.717,112.985,117.253,121.521,lhfa-boys-zscore-expanded-tables (1).xlsx
LHFA,M,,1523,,1,104.4679,0.04087,,,87.389,91.659,95.929,100.198,104.468,108.738,113.007,117.277,121.546,lhfa-boys-zscore-expanded-tables (1).xlsx
LHFA,M,,1524,,1,104.4863,0.04087,,,87.405,91.675,95.946,100.216,104.486,108.757,113.027,117.297,121.568,lhfa-boys-zscore-expanded-tables (1).xlsx
LHFA,M,,1525,,1,104.5046,0.04088,,,87.416,91.688,95.96,100.232,104.505,108.777,113.049,117.321,121.593,lhfa-boys-zscore-expanded-tables (1).xlsx
LHFA,M,,1526,,1,104.5229,0.04088,,,87.431,91.704,95.977,100.25,104.523,108.796,113.069,117.342,121.614,lhfa-boys-zscore-expanded-tables (1).xlsx
LHFA,M,,1527,,1,104.5412,0.04089,,,87.442,91.717,95.992,100.267,104.541,108.816,113.091,117.365,121.64,lhfa-boys-zscore-expanded-tables (1).xlsx
LHFA,M,,1528,,1,104.5595,0.04089,,,87.458,91.733,96.009,100.284,104.56,108.835,113.11,117.386,121.661,lhfa-boys-zscore-expanded-tables (1).xlsx
LHFA,M,,1529,,1,104.5778,0.04089,,,87.473,91.749,96.025,100.302,104.578,108.854,113.13,117.406,121.683,lhfa-boys-zscore-expanded-tables (1).xlsx
LHFA,M,,1530,,1,104.5961,0.0409,,,87.484,91.762,96.04,100.318,104.596,108.874,113.152,117.43,121.708,lhfa-boys-zscore-expanded-tables (1).xlsx
LHFA,M,,1531,,1,104.6144,0.0409,,,87.499,91.778,96.057,100.336,104.614,108.893,113.172,117.451,121.729,lhfa-boys-zscore-expanded-tables (1).xlsx
LHFA,M,,1532,,1,104.6327,0.04091,,,87.511,91.791,96.072,100.352,104.633,108.913,113.194,117.474,121.755,lhfa-boys-zscore-expanded-tables (1).xlsx
LHFA,M,,1533,,1,104.651,0.04091,,,87.526,91.807,96.088,100.37,104.651,108.932,113.214,117.495,121.776,lhfa-boys-zscore-expanded-tables (1).xlsx
LHFA,M,,1534,,1,104.6693,0.04092,,,87.537,91.82,96.103,100.386,104.669,108.952,113.235,117.519,121.802,lhfa-boys-zscore-expanded-tables (1).xlsx
LHFA,M,,1535,,1,104.6876,0.04092,,,87.552,91.836,96.12,100.404,104.688,108.971,113.255,117.539,121.823,lhfa-boys-zscore-expanded-tables (1).xlsx
LHFA,M,,1536,,1,104.7059,0.04093,,,87.563,91.849,96.135,100.42,104.706,108.992,113.277,117.563,121.848,lhfa-boys-zscore-expanded-tables (1).xlsx
LHFA,M,,1537,,1,104.7242,0.04093,,,87.579,91.865,96.151,100.438,104.724,109.011,113.297,117.583,121.87,lhfa-boys-zscore-expanded-tables (1).xlsx
LHFA,M,,1538,,1,104.7425,0.04093,,,87.594,91.881,96.168,100.455,104.742,109.03,113.317,117.604,121.891,lhfa-boys-zscore-expanded-tables (1).xlsx
LHFA,M,,1539,,1,104.7608,0.04094,,,87.605,91.894,96.183,100.472,104.761,109.05,113.339,117.628,121.916,lhfa-boys-zscore-expanded-tables (1).xlsx
LHFA,M,,1540,,1,104.7791,0.04094,,,87.62,91.91,96.2,100.489,104.779,109.069,113.358,117.648,121.938,lhfa-boys-zscore-expanded-tables (1).xlsx
LHFA,M,,1541,,1,104.7974,0.04095,,,87.632,91.923,96.214,100.506,104.797,109.089,113.38,117.672,121.963,lhfa-boys-zscore-expanded-tables (1).xlsx
LHFA,M,,1542,,1,104.8157,0.04095,,,87.647,91.939,96.231,100.523,104.816,109.108,113.4,117.692,121.985,lhfa-boys-zscore-expanded-tables (1).xlsx
LHFA,M,,1543,,1,104.8339,0.04096,,,87.658,91.952,96.246,100.54,104.834,109.128,113.422,117.716,122.01,lhfa-boys-zscore-expanded-tables (1).xlsx
LHFA,M,,1544,,1,104.8522,0.04096,,,87.673,91.968,96.263,100.557,104.852,109.147,113.442,117.736,122.031,lhfa-boys-zscore-expanded-tables (1).xlsx
LHFA,M,,1545,,1,104.8705,0.04097,,,87.684,91.981,96.277,100.574,104.87,109.167,113.464,117.76,122.057,lhfa-boys-zscore-expanded-tables (1).xlsx
LHFA,M,,1546,,1,104.8888,0.04097,,,87.7,91.997,96.294,100.592,104.889,109.186,113.483,117.781,122.078,lhfa-boys-zscore-expanded-tables (1).xlsx
LHFA,M,,1547,,1,104.9071,0.04097,,,87.715,92.013,96.311,100.609,104.907,109.205,113.503,117.801,122.099,lhfa-boys-zscore-expanded-tables (1).xlsx
LHFA,M,,1548,,1,104.9253,0.04098,,,87.726,92.026,96.326,100.625,104.925,109.225,113.525,117.825,122.125,lhfa-boys-zscore-expanded-tables (1).xlsx
LHFA,M,,1549,,1,104.9436,0.04098,,,87.741,92.042,96.342,100.643,104.944,109.244,113.545,117.845,122.146,lhfa-boys-zscore-expanded-tables (1).xlsx
LHFA,M,,1550,,1,104.9619,0.04099,,,87.752,92.055,96.357,100.66,104.962,109.264,113.567,117.869,122.171,lhfa-boys-zscore-expanded-tables (1).xlsx
LHFA,M,,1551,,1,104.9802,0.04099,,,87.768,92.071,96.374,100.677,104.98,109.283,113.586,117.89,122.193,lhfa-boys-zscore-expanded-tables (1).xlsx
LHFA,M,,1552,,1,104.9984,0.041,,,87.779,92.084,96.389,100.693,104.998,109.303,113.608,117.913,122.218,lhfa-boys-zscore-expanded-tables (1).xlsx
LHFA,M,,1553,,1,105.0167,0.041,,,87.794,92.1,96.405,100.711,105.017,109.322,113.628,117.934,122.239,lhfa-boys-zscore-expanded-tables (1).xlsx
LHFA,M,,1554,,1,105.035,0.041,,,87.809,92.116,96.422,100.729,105.035,109.341,113.648,117.954,122.261,lhfa-boys-zscore-expanded-tables (1).xlsx
LHFA,M,,1555,,1,105.0532,0.04101,,,87.82,92.129,96.437,100.745,105.053,109.361,113.67,117.978,122.286,lhfa-boys-zscore-expanded-tables (1).xlsx
LHFA,M,,1556,,1,105.0715,0.04101,,,87.836,92.145,96.454,100.763,105.072,109.38,113.689,117.998,122.307,lhfa-boys-zscore-expanded-tables (1).xlsx
LHFA,M,,1557,,1,105.0898,0.04102,,,87.847,92.157,96.468,100.779,105.09,109.401,113.711,118.022,122.333,lhfa-boys-zscore-expanded-tables (1).xlsx
LHFA,M,,1558,,1,105.108,0.04102,,,87.862,92.173,96.485,100.796,105.108,109.42,113.731,118.043,122.354,lhfa-boys-zscore-expanded-tables (1).xlsx
LHFA,M,,1559,,1,105.1263,0.04103,,,87.873,92.186,96.5,100.813,105.126,109.44,113.753,118.066,122.38,lhfa-boys-zscore-expanded-tables (1).xlsx
LHFA,M,,1560,,1,105.1445,0.04103,,,87.888,92.202,96.516,100.83,105.144,109.459,113.773,118.087,122.401,lhfa-boys-zscore-expanded-tables (1).xlsx
LHFA,M,,1561,,1,105.1628,0.04104,,,87.899,92.215,96.531,100.847,105.163,109.479,113.795,118.11,122.426,lhfa-boys-zscore-expanded-tables (1).xlsx
LHFA,M,,1562,,1,105.1811,0.04104,,,87.915,92.231,96.548,100.864,105.181,109.498,113.814,118.131,122.448,lhfa-boys-zscore-expanded-tables (1).xlsx
LHFA,M,,1563,,1,105.1993,0.04104,,,87.93,92.247,96.565,100.882,105.199,109.517,113.834,118.151,122.469,lhfa-boys-zscore-expanded-tables (1).xlsx
LHFA,M,,1564,,1,105.2176,0.04105,,,87.941,92.26,96.579,100.898,105.218,109.537,113.856,118.175,122.494,lhfa-boys-zscore-expanded-tables (1).xlsx
LHFA,M,,1565,,1,105.2358,0.04105,,,87.956,92.276,96.596,100.916,105.236,109.556,113.876,118.196,122.516,lhfa-boys-zscore-expanded-tables (1).xlsx
LHFA,M,,1566,,1,105.2541,0.04106,,,87.967,92.289,96.611,100.932,105.254,109.576,113.898,118.219,122.541,lhfa-boys-zscore-expanded-tables (1).xlsx
LHFA,M,,1567,,1,105.2723,0.04106,,,87.982,92.305,96.627,100.95,105.272,109.595,113.917,118.24,122.562,lhfa-boys-zscore-expanded-tables (1).xlsx
LHFA,M,,1568,,1,105.2906,0.04107,,,87.993,92.318,96.642,100.966,105.291,109.615,113.939,118.263,122.588,lhfa-boys-zscore-expanded-tables (1).xlsx
LHFA,M,,1569,,1,105.3088,0.04107,,,88.009,92.334,96.659,100.984,105.309,109.634,113.959,118.284,122.609,lhfa-boys-zscore-expanded-tables (1).xlsx
LHFA,M,,1570,,1,105.3271,0.04107,,,88.024,92.35,96.676,101.001,105.327,109.653,113.979,118.304,122.63,lhfa-boys-zscore-expanded-tables (1).xlsx
LHFA,M,,1571,,1,105.3453,0.04108,,,88.035,92.363,96.69,101.018,105.345,109.673,114,118.328,122.656,lhfa-boys-zscore-expanded-tables (1).xlsx
LHFA,M,,1572,,1,105.3635,0.04108,,,88.05,92.379,96.707,101.035,105.364,109.692,114.02,118.348,122.677,lhfa-boys-zscore-expanded-tables (1).xlsx
LHFA,M,,1573,,1,105.3818,0.04109,,,88.061,92.391,96.722,101.052,105.382,109.712,114.042,118.372,122.702,lhfa-boys-zscore-expanded-tables (1).xlsx
LHFA,M,,1574,,1,105.4,0.04109,,,88.076,92.407,96.738,101.069,105.4,109.731,114.062,118.393,122.724,lhfa-boys-zscore-expanded-tables (1).xlsx
LHFA,M,,1575,,1,105.4183,0.0411,,,88.088,92.42,96.753,101.086,105.418,109.751,114.084,118.416,122.749,lhfa-boys-zscore-expanded-tables (1).xlsx
LHFA,M,,1576,,1,105.4365,0.0411,,,88.103,92.436,96.77,101.103,105.436,109.77,114.103,118.437,122.77,lhfa-boys-zscore-expanded-tables (1).xlsx
LHFA,M,,1577,,1,105.4547,0.04111,,,88.114,92.449,96.784,101.119,105.455,109.79,114.125,118.46,122.796,lhfa-boys-zscore-expanded-tables (1).xlsx
LHFA,M,,1578,,1,105.473,0.04111,,,88.129,92.465,96.801,101.137,105.473,109.809,114.145,118.481,122.817,lhfa-boys-zscore-expanded-tables (1).xlsx
LHFA,M,,1579,,1,105.4912,0.04111,,,88.144,92.481,96.818,101.154,105.491,109.828,114.165,118.501,122.838,lhfa-boys-zscore-expanded-tables (1).xlsx
LHFA,M,,1580,,1,105.5094,0.04112,,,88.155,92.494,96.832,101.171,105.509,109.848,114.186,118.525,122.864,lhfa-boys-zscore-expanded-tables (1).xlsx
LHFA,M,,1581,,1,105.5277,0.04112,,,88.171,92.51,96.849,101.188,105.528,109.867,114.206,118.546,122.885,lhfa-boys-zscore-expanded-tables (1).xlsx
LHFA,M,,1582,,1,105.5459,0.04113,,,88.181,92.523,96.864,101.205,105.546,109.887,114.228,118.569,122.91,lhfa-boys-zscore-expanded-tables (1).xlsx
LHFA,M,,1583,,1,105.5641,0.04113,,,88.197,92.539,96.88,101.222,105.564,109.906,114.248,118.59,122.932,lhfa-boys-zscore-expanded-tables (1).xlsx
LHFA,M,,1584,,1,105.5824,0.04114,,,88.208,92.551,96.895,101.239,105.582,109.926,114.27,118.613,122.957,lhfa-boys-zscore-expanded-tables (1).xlsx
LHFA,M,,1585,,1,105.6006,0.04114,,,88.223,92.567,96.912,101.256,105.601,109.945,114.289,118.634,122.978,lhfa-boys-zscore-expanded-tables (1).xlsx
LHFA,M,,1586,,1,105.6188,0.04114,,,88.238,92.583,96.928,101.274,105.619,109.964,114.309,118.654,122.999,lhfa-boys-zscore-expanded-tables (1).xlsx
LHFA,M,,1587,,1,105.637,0.04115,,,88.249,92.596,96.943,101.29,105.637,109.984,114.331,118.678,123.025,lhfa-boys-zscore-expanded-tables (1).xlsx
LHFA,M,,1588,,1,105.6553,0.04115,,,88.264,92.612,96.96,101.308,105.655,110.003,114.351,118.698,123.046,lhfa-boys-zscore-expanded-tables (1).xlsx
LHFA,M,,1589,,1,105.6735,0.04116,,,88.275,92.625,96.974,101.324,105.674,110.023,114.373,118.722,123.072,lhfa-boys-zscore-expanded-tables (1).xlsx
LHFA,M,,1590,,1,105.6917,0.04116,,,88.291,92.641,96.991,101.341,105.692,110.042,114.392,118.743,123.093,lhfa-boys-zscore-expanded-tables (1).xlsx
LHFA,M,,1591,,1,105.7099,0.04117,,,88.302,92.654,97.006,101.358,105.71,110.062,114.414,118.766,123.118,lhfa-boys-zscore-expanded-tables (1).xlsx
LHFA,M,,1592,,1,105.7281,0.04117,,,88.317,92.67,97.022,101.375,105.728,110.081,114.434,118.787,123.139,lhfa-boys-zscore-expanded-tables (1).xlsx
LHFA,M,,1593,,1,105.7463,0.04117,,,88.332,92.686,97.039,101.393,105.746,110.1,114.453,118.807,123.161,lhfa-boys-zscore-expanded-tables (1).xlsx
LHFA,M,,1594,,1,105.7646,0.04118,,,88.343,92.698,97.054,101.409,105.765,110.12,114.475,118.831,123.186,lhfa-boys-zscore-expanded-tables (1).xlsx
LHFA,M,,1595,,1,105.7828,0.04118,,,88.358,92.714,97.071,101.427,105.783,110.139,114.495,118.851,123.207,lhfa-boys-zscore-expanded-tables (1).xlsx
LHFA,M,,1596,,1,105.801,0.04119,,,88.369,92.727,97.085,101.443,105.801,110.159,114.517,118.875,123.233,lhfa-boys-zscore-expanded-tables (1).xlsx
LHFA,M,,1597,,1,105.8192,0.04119,,,88.384,92.743,97.102,101.461,105.819,110.178,114.537,118.895,123.254,lhfa-boys-zscore-expanded-tables (1).xlsx
LHFA,M,,1598,,1,105.8374,0.0412,,,88.395,92.756,97.116,101.477,105.837,110.198,114.558,118.919,123.279,lhfa-boys-zscore-expanded-tables (1).xlsx
LHFA,M,,1599,,1,105.8556,0.0412,,,88.411,92.772,97.133,101.494,105.856,110.217,114.578,118.939,123.301,lhfa-boys-zscore-expanded-tables (1).xlsx
LHFA,M,,1600,,1,105.8738,0.0412,,,88.426,92.788,97.15,101.512,105.874,110.236,114.598,118.96,123.322,lhfa-boys-zscore-expanded-tables (1).xlsx
LHFA,M,,1601,,1,105.892,0.04121,,,88.437,92.801,97.164,101.528,105.892,110.256,114.62,118.983,123.347,lhfa-boys-zscore-expanded-tables (1).xlsx
LHFA,M,,1602,,1,105.9102,0.04121,,,88.452,92.817,97.181,101.546,105.91,110.275,114.639,119.004,123.368,lhfa-boys-zscore-expanded-tables (1).xlsx
LHFA,M,,1603,,1,105.9284,0.04122,,,88.463,92.829,97.196,101.562,105.928,110.295,114.661,119.028,123.394,lhfa-boys-zscore-expanded-tables (1).xlsx
LHFA,M,,1604,,1,105.9466,0.04122,,,88.478,92.845,97.212,101.579,105.947,110.314,114.681,119.048,123.415,lhfa-boys-zscore-expanded-tables (1).xlsx
LHFA,M,,1605,,1,105.9648,0.04123,,,88.489,92.858,97.227,101.596,105.965,110.334,114.703,119.072,123.441,lhfa-boys-zscore-expanded-tables (1).xlsx
LHFA,M,,1606,,1,105.983,0.04123,,,88.504,92.874,97.244,101.613,105.983,110.353,114.722,119.092,123.462,lhfa-boys-zscore-expanded-tables (1).xlsx
LHFA,M,,1607,,1,106.0012,0.04123,,,88.519,92.89,97.26,101.631,106.001,110.372,114.742,119.112,123.483,lhfa-boys-zscore-expanded-tables (1).xlsx
LHFA,M,,1608,,1,106.0194,0.04124,,,88.53,92.903,97.275,101.647,106.019,110.392,114.764,119.136,123.508,lhfa-boys-zscore-expanded-tables (1).xlsx
LHFA,M,,1609,,1,106.0376,0.04124,,,88.546,92.919,97.292,101.665,106.038,110.411,114.784,119.157,123.53,lhfa-boys-zscore-expanded-tables (1).xlsx
LHFA,M,,1610,,1,106.0558,0.04125,,,88.557,92.931,97.306,101.681,106.056,110.431,114.805,119.18,123.555,lhfa-boys-zscore-expanded-tables (1).xlsx
LHFA,M,,1611,,1,106.074,0.04125,,,88.572,92.947,97.323,101.698,106.074,110.45,114.825,119.201,123.576,lhfa-boys-zscore-expanded-tables (1).xlsx
LHFA,M,,1612,,1,106.0922,0.04126,,,88.583,92.96,97.337,101.715,106.092,110.47,114.847,119.224,123.602,lhfa-boys-zscore-expanded-tables (1).xlsx
LHFA,M,,1613,,1,106.1104,0.04126,,,88.598,92.976,97.354,101.732,106.11,110.489,114.867,119.245,123.623,lhfa-boys-zscore-expanded-tables (1).xlsx
LHFA,M,,1614,,1,106.1286,0.04127,,,88.609,92.989,97.369,101.749,106.129,110.509,114.888,119.268,123.648,lhfa-boys-zscore-expanded-tables (1).xlsx
LHFA,M,,1615,,1,106.1467,0.04127,,,88.624,93.005,97.385,101.766,106.147,110.527,114.908,119.289,123.669,lhfa-boys-zscore-expanded-tables (1).xlsx
LHFA,M,,1616,,1,106.1649,0.04127,,,88.639,93.021,97.402,101.783,106.165,110.546,114.928,119.309,123.691,lhfa-boys-zscore-expanded-tables (1).xlsx
LHFA,M,,1617,,1,106.1831,0.04128,,,88.65,93.033,97.417,101.8,106.183,110.566,114.95,119.333,123.716,lhfa-boys-zscore-expanded-tables (1).xlsx
LHFA,M,,1618,,1,106.2013,0.04128,,,88.665,93.049,97.433,101.817,106.201,110.585,114.969,119.353,123.737,lhfa-boys-zscore-expanded-tables (1).xlsx
LHFA,M,,1619,,1,106.2195,0.04129,,,88.676,93.062,97.448,101.834,106.22,110.605,114.991,119.377,123.763,lhfa-boys-zscore-expanded-tables (1).xlsx
LHFA,M,,1620,,1,106.2377,0.04129,,,88.691,93.078,97.465,101.851,106.238,110.624,115.011,119.397,123.784,lhfa-boys-zscore-expanded-tables (1).xlsx
LHFA,M,,1621,,1,106.2558,0.0413,,,88.702,93.091,97.479,101.867,106.256,110.644,115.033,119.421,123.809,lhfa-boys-zscore-expanded-tables (1).xlsx
LHFA,M,,1622,,1,106.274,0.0413,,,88.718,93.107,97.496,101.885,106.274,110.663,115.052,119.441,123.83,lhfa-boys-zscore-expanded-tables (1).xlsx
LHFA,M,,1623,,1,106.2922,0.0413,,,88.733,93.123,97.512,101.902,106.292,110.682,115.072,119.462,123.852,lhfa-boys-zscore-expanded-tables (1).xlsx
LHFA,M,,1624,,1,106.3104,0.04131,,,88.744,93.135,97.527,101.919,106.31,110.702,115.094,119.485,123.877,lhfa-boys-zscore-expanded-tables (1).xlsx
LHFA,M,,1625,,1,106.3285,0.04131,,,88.759,93.151,97.544,101.936,106.328,110.721,115.113,119.506,123.898,lhfa-boys-zscore-expanded-tables (1).xlsx
LHFA,M,,1626,,1,106.3467,0.04132,,,88.77,93.164,97.558,101.952,106.347,110.741,115.135,119.529,123.924,lhfa-boys-zscore-expanded-tables (1).xlsx
LHFA,M,,1627,,1,106.3649,0.04132,,,88.785,93.18,97.575,101.97,106.365,110.76,115.155,119.55,123.945,lhfa-boys-zscore-expanded-tables (1).xlsx
LHFA,M,,1628,,1,106.3831,0.04132,,,88.8,93.196,97.592,101.987,106.383,110.779,115.175,119.57,123.966,lhfa-boys-zscore-expanded-tables (1).xlsx
LHFA,M,,1629,,1,106.4012,0.04133,,,88.811,93.209,97.606,102.004,106.401,110.799,115.196,119.594,123.991,lhfa-boys-zscore-expanded-tables (1).xlsx
LHFA,M,,1630,,1,106.4194,0.04133,,,88.826,93.224,97.623,102.021,106.419,110.818,115.216,119.614,124.013,lhfa-boys-zscore-expanded-tables (1).xlsx
LHFA,M,,1631,,1,106.4376,0.04134,,,88.837,93.237,97.637,102.037,106.438,110.838,115.238,119.638,124.038,lhfa-boys-zscore-expanded-tables (1).xlsx
LHFA,M,,1632,,1,106.4557,0.04134,,,88.852,93.253,97.654,102.055,106.456,110.857,115.257,119.658,124.059,lhfa-boys-zscore-expanded-tables (1).xlsx
LHFA,M,,1633,,1,106.4739,0.04135,,,88.863,93.266,97.669,102.071,106.474,110.877,115.279,119.682,124.085,lhfa-boys-zscore-expanded-tables (1).xlsx
LHFA,M,,1634,,1,106.4921,0.04135,,,88.878,93.282,97.685,102.089,106.492,110.896,115.299,119.702,124.106,lhfa-boys-zscore-expanded-tables (1).xlsx
LHFA,M,,1635,,1,106.5102,0.04135,,,88.893,93.298,97.702,102.106,106.51,110.914,115.319,119.723,124.127,lhfa-boys-zscore-expanded-tables (1).xlsx
LHFA,M,,1636,,1,106.5284,0.04136,,,88.904,93.31,97.716,102.122,106.528,110.934,115.34,119.746,124.152,lhfa-boys-zscore-expanded-tables (1).xlsx
LHFA,M,,1637,,1,106.5465,0.04136,,,88.919,93.326,97.733,102.14,106.546,110.953,115.36,119.767,124.174,lhfa-boys-zscore-expanded-tables (1).xlsx
LHFA,M,,1638,,1,106.5647,0.04137,,,88.93,93.339,97.748,102.156,106.565,110.973,115.382,119.79,124.199,lhfa-boys-zscore-expanded-tables (1).xlsx
LHFA,M,,1639,,1,106.5829,0.04137,,,88.946,93.355,97.764,102.174,106.583,110.992,115.402,119.811,124.22,lhfa-boys-zscore-expanded-tables (1).xlsx
LHFA,M,,1640,,1,106.601,0.04138,,,88.956,93.368,97.779,102.19,106.601,111.012,115.423,119.834,124.246,lhfa-boys-zscore-expanded-tables (1).xlsx
LHFA,M,,1641,,1,106.6192,0.04138,,,88.972,93.383,97.795,102.207,106.619,111.031,115.443,119.855,124.267,lhfa-boys-zscore-expanded-tables (1).xlsx
LHFA,M,,1642,,1,106.6373,0.04138,,,88.987,93.399,97.812,102.225,106.637,111.05,115.463,119.875,124.288,lhfa-boys-zscore-expanded-tables (1).xlsx
LHFA,M,,1643,,1,106.6555,0.04139,,,88.998,93.412,97.827,102.241,106.656,111.07,115.484,119.899,124.313,lhfa-boys-zscore-expanded-tables (1).xlsx
LHFA,M,,1644,,1,106.6736,0.04139,,,89.013,93.428,97.843,102.258,106.674,111.089,115.504,119.919,124.334,lhfa-boys-zscore-expanded-tables (1).xlsx
LHFA,M,,1645,,1,106.6918,0.0414,,,89.024,93.441,97.858,102.275,106.692,111.109,115.526,119.943,124.36,lhfa-boys-zscore-expanded-tables (1).xlsx
LHFA,M,,1646,,1,106.7099,0.0414,,,89.039,93.457,97.874,102.292,106.71,111.128,115.545,119.963,124.381,lhfa-boys-zscore-expanded-tables (1).xlsx
LHFA,M,,1647,,1,106.7281,0.04141,,,89.05,93.469,97.889,102.308,106.728,111.148,115.567,119.987,124.407,lhfa-boys-zscore-expanded-tables (1).xlsx
LHFA,M,,1648,,1,106.7462,0.04141,,,89.065,93.485,97.905,102.326,106.746,111.167,115.587,120.007,124.428,lhfa-boys-zscore-expanded-tables (1).xlsx
LHFA,M,,1649,,1,106.7644,0.04141,,,89.08,93.501,97.922,102.343,106.764,111.186,115.607,120.028,124.449,lhfa-boys-zscore-expanded-tables (1).xlsx
LHFA,M,,1650,,1,106.7825,0.04142,,,89.091,93.514,97.937,102.36,106.782,111.205,115.628,120.051,124.474,lhfa-boys-zscore-expanded-tables (1).xlsx
LHFA,M,,1651,,1,106.8006,0.04142,,,89.106,93.53,97.953,102.377,106.801,111.224,115.648,120.072,124.495,lhfa-boys-zscore-expanded-tables (1).xlsx
LHFA,M,,1652,,1,106.8188,0.04143,,,89.117,93.542,97.968,102.393,106.819,111.244,115.67,120.095,124.521,lhfa-boys-zscore-expanded-tables (1).xlsx
LHFA,M,,1653,,1,106.8369,0.04143,,,89.132,93.558,97.984,102.411,106.837,111.263,115.689,120.116,124.542,lhfa-boys-zscore-expanded-tables (1).xlsx
LHFA,M,,1654,,1,106.8551,0.04144,,,89.143,93.571,97.999,102.427,106.855,111.283,115.711,120.139,124.567,lhfa-boys-zscore-expanded-tables (1).xlsx
LHFA,M,,1655,,1,106.8732,0.04144,,,89.158,93.587,98.016,102.444,106.873,111.302,115.731,120.16,124.589,lhfa-boys-zscore-expanded-tables (1).xlsx
LHFA,M,,1656,,1,106.8913,0.04144,,,89.173,93.603,98.032,102.462,106.891,111.321,115.75,120.18,124.61,lhfa-boys-zscore-expanded-tables (1).xlsx
LHFA,M,,1657,,1,106.9095,0.04145,,,89.184,93.615,98.047,102.478,106.91,111.341,115.772,120.204,124.635,lhfa-boys-zscore-expanded-tables (1).xlsx
LHFA,M,,1658,,1,106.9276,0.04145,,,89.199,93.631,98.063,102.495,106.928,111.36,115.792,120.224,124.656,lhfa-boys-zscore-expanded-tables (1).xlsx
LHFA,M,,1659,,1,106.9457,0.04146,,,89.21,93.644,98.078,102.512,106.946,111.38,115.814,120.248,124.682,lhfa-boys-zscore-expanded-tables (1).xlsx
LHFA,M,,1660,,1,106.9639,0.04146,,,89.225,93.66,98.094,102.529,106.964,111.399,115.833,120.268,124.703,lhfa-boys-zscore-expanded-tables (1).xlsx
LHFA,M,,1661,,1,106.982,0.04147,,,89.236,93.672,98.109,102.545,106.982,111.419,115.855,120.292,124.728,lhfa-boys-zscore-expanded-tables (1).xlsx
LHFA,M,,1662,,1,107.0001,0.04147,,,89.251,93.688,98.126,102.563,107,111.437,115.875,120.312,124.749,lhfa-boys-zscore-expanded-tables (1).xlsx
LHFA,M,,1663,,1,107.0183,0.04147,,,89.266,93.704,98.142,102.58,107.018,111.456,115.894,120.332,124.77,lhfa-boys-zscore-expanded-tables (1).xlsx
LHFA,M,,1664,,1,107.0364,0.04148,,,89.277,93.717,98.157,102.597,107.036,111.476,115.916,120.356,124.796,lhfa-boys-zscore-expanded-tables (1).xlsx
LHFA,M,,1665,,1,107.0545,0.04148,,,89.292,93.733,98.173,102.614,107.054,111.495,115.936,120.376,124.817,lhfa-boys-zscore-expanded-tables (1).xlsx
LHFA,M,,1666,,1,107.0727,0.04149,,,89.303,93.745,98.188,102.63,107.073,111.515,115.958,120.4,124.842,lhfa-boys-zscore-expanded-tables (1).xlsx
LHFA,M,,1667,,1,107.0908,0.04149,,,89.318,93.761,98.204,102.648,107.091,111.534,115.977,120.42,124.864,lhfa-boys-zscore-expanded-tables (1).xlsx
LHFA,M,,1668,,1,107.1089,0.04149,,,89.333,93.777,98.221,102.665,107.109,111.553,115.997,120.441,124.885,lhfa-boys-zscore-expanded-tables (1).xlsx
LHFA,M,,1669,,1,107.127,0.0415,,,89.344,93.79,98.235,102.681,107.127,111.573,116.019,120.464,124.91,lhfa-boys-zscore-expanded-tables (1).xlsx
LHFA,M,,1670,,1,107.1452,0.0415,,,89.359,93.806,98.252,102.699,107.145,111.592,116.038,120.485,124.931,lhfa-boys-zscore-expanded-tables (1).xlsx
LHFA,M,,1671,,1,107.1633,0.04151,,,89.37,93.818,98.267,102.715,107.163,111.612,116.06,120.508,124.957,lhfa-boys-zscore-expanded-tables (1).xlsx
LHFA,M,,1672,,1,107.1814,0.04151,,,89.385,93.834,98.283,102.732,107.181,111.63,116.08,120.529,124.978,lhfa-boys-zscore-expanded-tables (1).xlsx
LHFA,M,,1673,,1,107.1995,0.04152,,,89.396,93.847,98.298,102.749,107.2,111.65,116.101,120.552,125.003,lhfa-boys-zscore-expanded-tables (1).xlsx
LHFA,M,,1674,,1,107.2176,0.04152,,,89.411,93.863,98.314,102.766,107.218,111.669,116.121,120.573,125.024,lhfa-boys-zscore-expanded-tables (1).xlsx
LHFA,M,,1675,,1,107.2358,0.04152,,,89.426,93.879,98.331,102.783,107.236,111.688,116.141,120.593,125.046,lhfa-boys-zscore-expanded-tables (1).xlsx
LHFA,M,,1676,,1,107.2539,0.04153,,,89.437,93.891,98.345,102.8,107.254,111.708,116.162,120.617,125.071,lhfa-boys-zscore-expanded-tables (1).xlsx
LHFA,M,,1677,,1,107.272,0.04153,,,89.452,93.907,98.362,102.817,107.272,111.727,116.182,120.637,125.092,lhfa-boys-zscore-expanded-tables (1).xlsx
LHFA,M,,1678,,1,107.2901,0.04154,,,89.463,93.92,98.376,102.833,107.29,111.747,116.204,120.661,125.117,lhfa-boys-zscore-expanded-tables (1).xlsx
LHFA,M,,1679,,1,107.3082,0.04154,,,89.478,93.935,98.393,102.851,107.308,111.766,116.223,120.681,125.139,lhfa-boys-zscore-expanded-tables (1).xlsx
LHFA,M,,1680,,1,107.3263,0.04154,,,89.493,93.951,98.41,102.868,107.326,111.785,116.243,120.701,125.16,lhfa-boys-zscore-expanded-tables (1).xlsx
LHFA,M,,1681,,1,107.3444,0.04155,,,89.504,93.964,98.424,102.884,107.344,111.805,116.265,120.725,125.185,lhfa-boys-zscore-expanded-tables (1).xlsx
LHFA,M,,1682,,1,107.3625,0.04155,,,89.519,93.98,98.441,102.902,107.362,111.823,116.284,120.745,125.206,lhfa-boys-zscore-expanded-tables (1).xlsx
LHFA,M,,1683,,1,107.3806,0.04156,,,89.53,93.992,98.455,102.918,107.381,111.843,116.306,120.769,125.232,lhfa-boys-zscore-expanded-tables (1).xlsx
LHFA,M,,1684,,1,107.3988,0.04156,,,89.545,94.008,98.472,102.935,107.399,111.862,116.326,120.789,125.253,lhfa-boys-zscore-expanded-tables (1).xlsx
LHFA,M,,1685,,1,107.4169,0.04157,,,89.556,94.021,98.486,102.952,107.417,111.882,116.348,120.813,125.278,lhfa-boys-zscore-expanded-tables (1).xlsx
LHFA,M,,1686,,1,107.435,0.04157,,,89.571,94.037,98.503,102.969,107.435,111.901,116.367,120.833,125.299,lhfa-boys-zscore-expanded-tables (1).xlsx
LHFA,M,,1687,,1,107.4531,0.04157,,,89.586,94.053,98.519,102.986,107.453,111.92,116.387,120.854,125.32,lhfa-boys-zscore-expanded-tables (1).xlsx
LHFA,M,,1688,,1,107.4712,0.04158,,,89.597,94.065,98.534,103.003,107.471,111.94,116.409,120.877,125.346,lhfa-boys-zscore-expanded-tables (1).xlsx
LHFA,M,,1689,,1,107.4893,0.04158,,,89.612,94.081,98.55,103.02,107.489,111.959,116.428,120.898,125.367,lhfa-boys-zscore-expanded-tables (1).xlsx
LHFA,M,,1690,,1,107.5074,0.04159,,,89.622,94.094,98.565,103.036,107.507,111.979,116.45,120.921,125.392,lhfa-boys-zscore-expanded-tables (1).xlsx
LHFA,M,,1691,,1,107.5255,0.04159,,,89.638,94.11,98.582,103.054,107.526,111.997,116.469,120.941,125.413,lhfa-boys-zscore-expanded-tables (1).xlsx
LHFA,M,,1692,,1,107.5436,0.0416,,,89.648,94.122,98.596,103.07,107.544,112.017,116.491,120.965,125.439,lhfa-boys-zscore-expanded-tables (1).xlsx
LHFA,M,,1693,,1,107.5617,0.0416,,,89.663,94.138,98.613,103.087,107.562,112.036,116.511,120.985,125.46,lhfa-boys-zscore-expanded-tables (1).xlsx
LHFA,M,,1694,,1,107.5798,0.0416,,,89.679,94.154,98.629,103.104,107.58,112.055,116.53,121.006,125.481,lhfa-boys-zscore-expanded-tables (1).xlsx
LHFA,M,,1695,,1,107.5979,0.04161,,,89.689,94.166,98.644,103.121,107.598,112.075,116.552,121.029,125.506,lhfa-boys-zscore-expanded-tables (1).xlsx
LHFA,M,,1696,,1,107.616,0.04161,,,89.704,94.182,98.66,103.138,107.616,112.094,116.572,121.05,125.528,lhfa-boys-zscore-expanded-tables (1).xlsx
LHFA,M,,1697,,1,107.6341,0.04162,,,89.715,94.195,98.675,103.154,107.634,112.114,116.594,121.073,125.553,lhfa-boys-zscore-expanded-tables (1).xlsx
LHFA,M,,1698,,1,107.6522,0.04162,,,89.73,94.211,98.691,103.172,107.652,112.133,116.613,121.094,125.574,lhfa-boys-zscore-expanded-tables (1).xlsx
LHFA,M,,1699,,1,107.6702,0.04162,,,89.745,94.226,98.708,103.189,107.67,112.151,116.633,121.114,125.595,lhfa-boys-zscore-expanded-tables (1).xlsx
LHFA,M,,1700,,1,107.6883,0.04163,,,89.756,94.239,98.722,103.205,107.688,112.171,116.654,121.137,125.621,lhfa-boys-zscore-expanded-tables (1).xlsx
LHFA,M,,1701,,1,107.7064,0.04163,,,89.771,94.255,98.739,103.223,107.706,112.19,116.674,121.158,125.642,lhfa-boys-zscore-expanded-tables (1).xlsx
LHFA,M,,1702,,1,107.7245,0.04164,,,89.782,94.268,98.753,103.239,107.724,112.21,116.696,121.181,125.667,lhfa-boys-zscore-expanded-tables (1).xlsx
LHFA,M,,1703,,1,107.7426,0.04164,,,89.797,94.283,98.77,103.256,107.743,112.229,116.715,121.202,125.688,lhfa-boys-zscore-expanded-tables (1).xlsx
LHFA,M,,1704,,1,107.7607,0.04165,,,89.808,94.296,98.784,103.272,107.761,112.249,116.737,121.225,125.714,lhfa-boys-zscore-expanded-tables (1).xlsx
LHFA,M,,1705,,1,107.7788,0.04165,,,89.823,94.312,98.801,103.29,107.779,112.268,116.757,121.246,125.735,lhfa-boys-zscore-expanded-tables (1).xlsx
LHFA,M,,1706,,1,107.7969,0.04165,,,89.838,94.328,98.817,103.307,107.797,112.287,116.776,121.266,125.756,lhfa-boys-zscore-expanded-tables (1).xlsx
LHFA,M,,1707,,1,107.8149,0.04166,,,89.849,94.34,98.832,103.323,107.815,112.306,116.798,121.29,125.781,lhfa-boys-zscore-expanded-tables (1).xlsx
LHFA,M,,1708,,1,107.833,0.04166,,,89.864,94.356,98.848,103.341,107.833,112.325,116.818,121.31,125.802,lhfa-boys-zscore-expanded-tables (1).xlsx
LHFA,M,,1709,,1,107.8511,0.04167,,,89.874,94.369,98.863,103.357,107.851,112.345,116.839,121.334,125.828,lhfa-boys-zscore-expanded-tables (1).xlsx
LHFA,M,,1710,,1,107.8692,0.04167,,,89.89,94.384,98.879,103.374,107.869,112.364,116.859,121.354,125.849,lhfa-boys-zscore-expanded-tables (1).xlsx
LHFA,M,,1711,,1,107.8873,0.04167,,,89.905,94.4,98.896,103.392,107.887,112.383,116.879,121.374,125.87,lhfa-boys-zscore-expanded-tables (1).xlsx
LHFA,M,,1712,,1,107.9053,0.04168,,,89.915,94.413,98.91,103.408,107.905,112.403,116.9,121.398,125.895,lhfa-boys-zscore-expanded-tables (1).xlsx
LHFA,M,,1713,,1,107.9234,0.04168,,,89.93,94.429,98.927,103.425,107.923,112.422,116.92,121.418,125.916,lhfa-boys-zscore-expanded-tables (1).xlsx
LHFA,M,,1714,,1,107.9415,0.04169,,,89.941,94.441,98.941,103.441,107.942,112.442,116.942,121.442,125.942,lhfa-boys-zscore-expanded-tables (1).xlsx
LHFA,M,,1715,,1,107.9596,0.04169,,,89.956,94.457,98.958,103.459,107.96,112.46,116.961,121.462,125.963,lhfa-boys-zscore-expanded-tables (1).xlsx
LHFA,M,,1716,,1,107.9777,0.04169,,,89.971,94.473,98.975,103.476,107.978,112.479,116.981,121.482,125.984,lhfa-boys-zscore-expanded-tables (1).xlsx
LHFA,M,,1717,,1,107.9957,0.0417,,,89.982,94.485,98.989,103.492,107.996,112.499,117.003,121.506,126.009,lhfa-boys-zscore-expanded-tables (1).xlsx
LHFA,M,,1718,,1,108.0138,0.0417,,,89.997,94.501,99.005,103.51,108.014,112.518,117.022,121.526,126.031,lhfa-boys-zscore-expanded-tables (1).xlsx
LHFA,M,,1719,,1,108.0319,0.04171,,,90.008,94.514,99.02,103.526,108.032,112.538,117.044,121.55,126.056,lhfa-boys-zscore-expanded-tables (1).xlsx
LHFA,M,,1720,,1,108.0499,0.04171,,,90.023,94.53,99.036,103.543,108.05,112.557,117.063,121.57,126.077,lhfa-boys-zscore-expanded-tables (1).xlsx
LHFA,M,,1721,,1,108.068,0.04172,,,90.034,94.542,99.051,103.559,108.068,112.577,117.085,121.594,126.102,lhfa-boys-zscore-expanded-tables (1).xlsx
LHFA,M,,1722,,1,108.0861,0.04172,,,90.049,94.558,99.067,103.577,108.086,112.595,117.105,121.614,126.124,lhfa-boys-zscore-expanded-tables (1).xlsx
LHFA,M,,1723,,1,108.1041,0.04172,,,90.064,94.574,99.084,103.594,108.104,112.614,117.124,121.634,126.145,lhfa-boys-zscore-expanded-tables (1).xlsx
LHFA,M,,1724,,1,108.1222,0.04173,,,90.074,94.586,99.098,103.61,108.122,112.634,117.146,121.658,126.17,lhfa-boys-zscore-expanded-tables (1).xlsx
LHFA,M,,1725,,1,108.1403,0.04173,,,90.09,94.602,99.115,103.628,108.14,112.653,117.166,121.678,126.191,lhfa-boys-zscore-expanded-tables (1).xlsx
LHFA,M,,1726,,1,108.1583,0.04174,,,90.1,94.615,99.129,103.644,108.158,112.673,117.187,121.702,126.216,lhfa-boys-zscore-expanded-tables (1).xlsx
LHFA,M,,1727,,1,108.1764,0.04174,,,90.115,94.631,99.146,103.661,108.176,112.692,117.207,121.722,126.238,lhfa-boys-zscore-expanded-tables (1).xlsx
LHFA,M,,1728,,1,108.1945,0.04174,,,90.13,94.646,99.162,103.678,108.194,112.711,117.227,121.743,126.259,lhfa-boys-zscore-expanded-tables (1).xlsx
LHFA,M,,1729,,1,108.2125,0.04175,,,90.141,94.659,99.177,103.695,108.212,112.73,117.248,121.766,126.284,lhfa-boys-zscore-expanded-tables (1).xlsx
LHFA,M,,1730,,1,108.2306,0.04175,,,90.156,94.675,99.193,103.712,108.231,112.749,117.268,121.786,126.305,lhfa-boys-zscore-expanded-tables (1).xlsx
LHFA,M,,1731,,1,108.2487,0.04176,,,90.167,94.687,99.208,103.728,108.249,112.769,117.29,121.81,126.331,lhfa-boys-zscore-expanded-tables (1).xlsx
LHFA,M,,1732,,1,108.2667,0.04176,,,90.182,94.703,99.224,103.745,108.267,112.788,117.309,121.83,126.352,lhfa-boys-zscore-expanded-tables (1).xlsx
LHFA,M,,1733,,1,108.2848,0.04176,,,90.197,94.719,99.241,103.763,108.285,112.807,117.329,121.851,126.373,lhfa-boys-zscore-expanded-tables (1).xlsx
LHFA,M,,1734,,1,108.3028,0.04177,,,90.208,94.731,99.255,103.779,108.303,112.827,117.35,121.874,126.398,lhfa-boys-zscore-expanded-tables (1).xlsx
LHFA,M,,1735,,1,108.3209,0.04177,,,90.223,94.747,99.272,103.796,108.321,112.845,117.37,121.895,126.419,lhfa-boys-zscore-expanded-tables (1).xlsx
LHFA,M,,1736,,1,108.3389,0.04178,,,90.233,94.76,99.286,103.813,108.339,112.865,117.392,121.918,126.444,lhfa-boys-zscore-expanded-tables (1).xlsx
LHFA,M,,1737,,1,108.357,0.04178,,,90.248,94.776,99.303,103.83,108.357,112.884,117.411,121.938,126.466,lhfa-boys-zscore-expanded-tables (1).xlsx
LHFA,M,,1738,,1,108.375,0.04179,,,90.259,94.788,99.317,103.846,108.375,112.904,117.433,121.962,126.491,lhfa-boys-zscore-expanded-tables (1).xlsx
LHFA,M,,1739,,1,108.3931,0.04179,,,90.274,94.804,99.334,103.863,108.393,112.923,117.453,121.982,126.512,lhfa-boys-zscore-expanded-tables (1).xlsx
LHFA,M,,1740,,1,108.4112,0.04179,,,90.289,94.82,99.35,103.881,108.411,112.942,117.472,122.003,126.533,lhfa-boys-zscore-expanded-tables (1).xlsx
LHFA,M,,1741,,1,108.4292,0.0418,,,90.3,94.832,99.365,103.897,108.429,112.962,117.494,122.026,126.559,lhfa-boys-zscore-expanded-tables (1).xlsx
LHFA,M,,1742,,1,108.4473,0.0418,,,90.315,94.848,99.381,103.914,108.447,112.98,117.513,122.047,126.58,lhfa-boys-zscore-expanded-tables (1).xlsx
LHFA,M,,1743,,1,108.4653,0.04181,,,90.326,94.86,99.395,103.93,108.465,113,117.535,122.07,126.605,lhfa-boys-zscore-expanded-tables (1).xlsx
LHFA,M,,1744,,1,108.4833,0.04181,,,90.341,94.876,99.412,103.948,108.483,113.019,117.555,122.09,126.626,lhfa-boys-zscore-expanded-tables (1).xlsx
LHFA,M,,1745,,1,108.5014,0.04181,,,90.356,94.892,99.429,103.965,108.501,113.038,117.574,122.111,126.647,lhfa-boys-zscore-expanded-tables (1).xlsx
LHFA,M,,1746,,1,108.5194,0.04182,,,90.366,94.905,99.443,103.981,108.519,113.058,117.596,122.134,126.673,lhfa-boys-zscore-expanded-tables (1).xlsx
LHFA,M,,1747,,1,108.5375,0.04182,,,90.381,94.92,99.459,103.998,108.538,113.077,117.616,122.155,126.694,lhfa-boys-zscore-expanded-tables (1).xlsx
LHFA,M,,1748,,1,108.5555,0.04183,,,90.392,94.933,99.474,104.015,108.556,113.096,117.637,122.178,126.719,lhfa-boys-zscore-expanded-tables (1).xlsx
LHFA,M,,1749,,1,108.5736,0.04183,,,90.407,94.949,99.49,104.032,108.574,113.115,117.657,122.199,126.74,lhfa-boys-zscore-expanded-tables (1).xlsx
LHFA,M,,1750,,1,108.5916,0.04183,,,90.422,94.964,99.507,104.049,108.592,113.134,117.676,122.219,126.761,lhfa-boys-zscore-expanded-tables (1).xlsx
LHFA,M,,1751,,1,108.6097,0.04184,,,90.433,94.977,99.521,104.065,108.61,113.154,117.698,122.242,126.787,lhfa-boys-zscore-expanded-tables (1).xlsx
LHFA,M,,1752,,1,108.6277,0.04184,,,90.448,94.993,99.538,104.083,108.628,113.173,117.718,122.263,126.808,lhfa-boys-zscore-expanded-tables (1).xlsx
LHFA,M,,1753,,1,108.6457,0.04185,,,90.458,95.005,99.552,104.099,108.646,113.193,117.739,122.286,126.833,lhfa-boys-zscore-expanded-tables (1).xlsx
LHFA,M,,1754,,1,108.6638,0.04185,,,90.473,95.021,99.569,104.116,108.664,113.211,117.759,122.307,126.854,lhfa-boys-zscore-expanded-tables (1).xlsx
LHFA,M,,1755,,1,108.6818,0.04185,,,90.488,95.037,99.585,104.133,108.682,113.23,117.778,122.327,126.875,lhfa-boys-zscore-expanded-tables (1).xlsx
LHFA,M,,1756,,1,108.6998,0.04186,,,90.499,95.049,99.599,104.15,108.7,113.25,117.8,122.35,126.9,lhfa-boys-zscore-expanded-tables (1).xlsx
LHFA,M,,1757,,1,108.7179,0.04186,,,90.514,95.065,99.616,104.167,108.718,113.269,117.82,122.371,126.922,lhfa-boys-zscore-expanded-tables (1).xlsx
LHFA,M,,1758,,1,108.7359,0.04187,,,90.525,95.078,99.63,104.183,108.736,113.289,117.841,122.394,126.947,lhfa-boys-zscore-expanded-tables (1).xlsx
LHFA,M,,1759,,1,108.7539,0.04187,,,90.54,95.093,99.647,104.2,108.754,113.307,117.861,122.414,126.968,lhfa-boys-zscore-expanded-tables (1).xlsx
LHFA,M,,1760,,1,108.772,0.04188,,,90.551,95.106,99.661,104.217,108.772,113.327,117.883,122.438,126.993,lhfa-boys-zscore-expanded-tables (1).xlsx
LHFA,M,,1761,,1,108.79,0.04188,,,90.565,95.122,99.678,104.234,108.79,113.346,117.902,122.458,127.015,lhfa-boys-zscore-expanded-tables (1).xlsx
LHFA,M,,1762,,1,108.808,0.04188,,,90.58,95.137,99.694,104.251,108.808,113.365,117.922,122.479,127.036,lhfa-boys-zscore-expanded-tables (1).xlsx
LHFA,M,,1763,,1,108.8261,0.04189,,,90.591,95.15,99.709,104.267,108.826,113.385,117.944,122.502,127.061,lhfa-boys-zscore-expanded-tables (1).xlsx
LHFA,M,,1764,,1,108.8441,0.04189,,,90.606,95.166,99.725,104.285,108.844,113.404,117.963,122.523,127.082,lhfa-boys-zscore-expanded-tables (1).xlsx
LHFA,M,,1765,,1,108.8621,0.0419,,,90.617,95.178,99.739,104.301,108.862,113.423,117.985,122.546,127.107,lhfa-boys-zscore-expanded-tables (1).xlsx
LHFA,M,,1766,,1,108.8801,0.0419,,,90.632,95.194,99.756,104.318,108.88,113.442,118.004,122.566,127.128,lhfa-boys-zscore-expanded-tables (1).xlsx
LHFA,M,,1767,,1,108.8982,0.0419,,,90.647,95.21,99.773,104.335,108.898,113.461,118.024,122.587,127.15,lhfa-boys-zscore-expanded-tables (1).xlsx
LHFA,M,,1768,,1,108.9162,0.04191,,,90.657,95.222,99.787,104.352,108.916,113.481,118.046,122.61,127.175,lhfa-boys-zscore-expanded-tables (1).xlsx
LHFA,M,,1769,,1,108.9342,0.04191,,,90.672,95.238,99.803,104.369,108.934,113.5,118.065,122.63,127.196,lhfa-boys-zscore-expanded-tables (1).xlsx
LHFA,M,,1770,,1,108.9522,0.04192,,,90.683,95.25,99.818,104.385,108.952,113.519,118.087,122.654,127.221,lhfa-boys-zscore-expanded-tables (1).xlsx
LHFA,M,,1771,,1,108.9702,0.04192,,,90.698,95.266,99.834,104.402,108.97,113.538,118.106,122.674,127.242,lhfa-boys-zscore-expanded-tables (1).xlsx
LHFA,M,,1772,,1,108.9883,0.04192,,,90.713,95.282,99.851,104.42,108.988,113.557,118.126,122.695,127.263,lhfa-boys-zscore-expanded-tables (1).xlsx
LHFA,M,,1773,,1,109.0063,0.04193,,,90.724,95.294,99.865,104.436,109.006,113.577,118.148,122.718,127.289,lhfa-boys-zscore-expanded-tables (1).xlsx
LHFA,M,,1774,,1,109.0243,0.04193,,,90.739,95.31,99.882,104.453,109.024,113.596,118.167,122.738,127.31,lhfa-boys-zscore-expanded-tables (1).xlsx
LHFA,M,,1775,,1,109.0423,0.04194,,,90.749,95.323,99.896,104.469,109.042,113.616,118.189,122.762,127.335,lhfa-boys-zscore-expanded-tables (1).xlsx
LHFA,M,,1776,,1,109.0603,0.04194,,,90.764,95.338,99.912,104.486,109.06,113.634,118.208,122.782,127.356,lhfa-boys-zscore-expanded-tables (1).xlsx
LHFA,M,,1777,,1,109.0783,0.04194,,,90.779,95.354,99.929,104.504,109.078,113.653,118.228,122.803,127.377,lhfa-boys-zscore-expanded-tables (1).xlsx
LHFA,M,,1778,,1,109.0963,0.04195,,,90.79,95.367,99.943,104.52,109.096,113.673,118.249,122.826,127.403,lhfa-boys-zscore-expanded-tables (1).xlsx
LHFA,M,,1779,,1,109.1144,0.04195,,,90.805,95.382,99.96,104.537,109.114,113.692,118.269,122.846,127.424,lhfa-boys-zscore-expanded-tables (1).xlsx
LHFA,M,,1780,,1,109.1324,0.04196,,,90.816,95.395,99.974,104.553,109.132,113.712,118.291,122.87,127.449,lhfa-boys-zscore-expanded-tables (1).xlsx
LHFA,M,,1781,,1,109.1504,0.04196,,,90.831,95.411,99.99,104.57,109.15,113.73,118.31,122.89,127.47,lhfa-boys-zscore-expanded-tables (1).xlsx
LHFA,M,,1782,,1,109.1684,0.04196,,,90.846,95.426,100.007,104.588,109.168,113.749,118.33,122.911,127.491,lhfa-boys-zscore-expanded-tables (1).xlsx
LHFA,M,,1783,,1,109.1864,0.04197,,,90.856,95.439,100.021,104.604,109.186,113.769,118.352,122.934,127.517,lhfa-boys-zscore-expanded-tables (1).xlsx
LHFA,M,,1784,,1,109.2044,0.04197,,,90.871,95.454,100.038,104.621,109.204,113.788,118.371,122.954,127.538,lhfa-boys-zscore-expanded-tables (1).xlsx
LHFA,M,,1785,,1,109.2224,0.04198,,,90.882,95.467,100.052,104.637,109.222,113.808,118.393,122.978,127.563,lhfa-boys-zscore-expanded-tables (1).xlsx
LHFA,M,,1786,,1,109.2404,0.04198,,,90.897,95.483,100.069,104.654,109.24,113.826,118.412,122.998,127.584,lhfa-boys-zscore-expanded-tables (1).xlsx
LHFA,M,,1787,,1,109.2584,0.04198,,,90.912,95.498,100.085,104.672,109.258,113.845,118.432,123.018,127.605,lhfa-boys-zscore-expanded-tables (1).xlsx
LHFA,M,,1788,,1,109.2764,0.04199,,,90.922,95.511,100.099,104.688,109.276,113.865,118.453,123.042,127.63,lhfa-boys-zscore-expanded-tables (1).xlsx
LHFA,M,,1789,,1,109.2944,0.04199,,,90.937,95.527,100.116,104.705,109.294,113.884,118.473,123.062,127.651,lhfa-boys-zscore-expanded-tables (1).xlsx
LHFA,M,,1790,,1,109.3124,0.042,,,90.948,95.539,100.13,104.721,109.312,113.904,118.495,123.086,127.677,lhfa-boys-zscore-expanded-tables (1).xlsx
LHFA,M,,1791,,1,109.3304,0.042,,,90.963,95.555,100.147,104.739,109.33,113.922,118.514,123.106,127.698,lhfa-boys-zscore-expanded-tables (1).xlsx
LHFA,M,,1792,,1,109.3484,0.042,,,90.978,95.571,100.163,104.756,109.348,113.941,118.534,123.126,127.719,lhfa-boys-zscore-expanded-tables (1).xlsx
LHFA,M,,1793,,1,109.3664,0.04201,,,90.988,95.583,100.177,104.772,109.366,113.961,118.555,123.15,127.744,lhfa-boys-zscore-expanded-tables (1).xlsx
LHFA,M,,1794,,1,109.3843,0.04201,,,91.003,95.599,100.194,104.789,109.384,113.98,118.575,123.17,127.765,lhfa-boys-zscore-expanded-tables (1).xlsx
LHFA,M,,1795,,1,109.4023,0.04202,,,91.014,95.611,100.208,104.805,109.402,113.999,118.596,123.194,127.791,lhfa-boys-zscore-expanded-tables (1).xlsx
LHFA,M,,1796,,1,109.4203,0.04202,,,91.029,95.627,100.225,104.822,109.42,114.018,118.616,123.214,127.812,lhfa-boys-zscore-expanded-tables (1).xlsx
LHFA,M,,1797,,1,109.4383,0.04202,,,91.044,95.643,100.241,104.84,109.438,114.037,118.635,123.234,127.833,lhfa-boys-zscore-expanded-tables (1).xlsx
LHFA,M,,1798,,1,109.4563,0.04203,,,91.055,95.655,100.255,104.856,109.456,114.057,118.657,123.258,127.858,lhfa-boys-zscore-expanded-tables (1).xlsx
LHFA,M,,1799,,1,109.4743,0.04203,,,91.069,95.671,100.272,104.873,109.474,114.076,118.677,123.278,127.879,lhfa-boys-zscore-expanded-tables (1).xlsx
LHFA,M,,1800,,1,109.4923,0.04204,,,91.08,95.683,100.286,104.889,109.492,114.095,118.698,123.301,127.905,lhfa-boys-zscore-expanded-tables (1).xlsx
LHFA,M,,1801,,1,109.5102,0.04204,,,91.095,95.699,100.303,104.906,109.51,114.114,118.718,123.322,127.925,lhfa-boys-zscore-expanded-tables (1).xlsx
LHFA,M,,1802,,1,109.5282,0.04204,,,91.11,95.715,100.319,104.924,109.528,114.133,118.737,123.342,127.946,lhfa-boys-zscore-expanded-tables (1).xlsx
LHFA,M,,1803,,1,109.5462,0.04205,,,91.121,95.727,100.333,104.94,109.546,114.153,118.759,123.365,127.972,lhfa-boys-zscore-expanded-tables (1).xlsx
LHFA,M,,1804,,1,109.5642,0.04205,,,91.136,95.743,100.35,104.957,109.564,114.171,118.779,123.386,127.993,lhfa-boys-zscore-expanded-tables (1).xlsx
LHFA,M,,1805,,1,109.5822,0.04206,,,91.146,95.755,100.364,104.973,109.582,114.191,118.8,123.409,128.018,lhfa-boys-zscore-expanded-tables (1).xlsx
LHFA,M,,1806,,1,109.6001,0.04206,,,91.161,95.771,100.381,104.99,109.6,114.21,118.82,123.429,128.039,lhfa-boys-zscore-expanded-tables (1).xlsx
LHFA,M,,1807,,1,109.6181,0.04206,,,91.176,95.786,100.397,105.008,109.618,114.229,118.839,123.45,128.06,lhfa-boys-zscore-expanded-tables (1).xlsx
LHFA,M,,1808,,1,109.6361,0.04207,,,91.187,95.799,100.411,105.024,109.636,114.248,118.861,123.473,128.086,lhfa-boys-zscore-expanded-tables (1).xlsx
LHFA,M,,1809,,1,109.654,0.04207,,,91.201,95.815,100.428,105.041,109.654,114.267,118.88,123.493,128.107,lhfa-boys-zscore-expanded-tables (1).xlsx
LHFA,M,,1810,,1,109.672,0.04208,,,91.212,95.827,100.442,105.057,109.672,114.287,118.902,123.517,128.132,lhfa-boys-zscore-expanded-tables (1).xlsx
LHFA,M,,1811,,1,109.69,0.04208,,,91.227,95.843,100.458,105.074,109.69,114.306,118.922,123.537,128.153,lhfa-boys-zscore-expanded-tables (1).xlsx
LHFA,M,,1812,,1,109.7079,0.04208,,,91.242,95.858,100.475,105.091,109.708,114.324,118.941,123.557,128.174,lhfa-boys-zscore-expanded-tables (1).xlsx
LHFA,M,,1813,,1,109.7259,0.04209,,,91.252,95.871,100.489,105.108,109.726,114.344,118.963,123.581,128.199,lhfa-boys-zscore-expanded-tables (1).xlsx
LHFA,M,,1814,,1,109.7439,0.04209,,,91.267,95.887,100.506,105.125,109.744,114.363,118.982,123.601,128.22,lhfa-boys-zscore-expanded-tables (1).xlsx
LHFA,M,,1815,,1,109.7618,0.0421,,,91.278,95.899,100.52,105.141,109.762,114.383,119.004,123.625,128.246,lhfa-boys-zscore-expanded-tables (1).xlsx
LHFA,M,,1816,,1,109.7798,0.0421,,,91.293,95.915,100.536,105.158,109.78,114.402,119.023,123.645,128.267,lhfa-boys-zscore-expanded-tables (1).xlsx
LHFA,M,,1817,,1,109.7978,0.0421,,,91.308,95.93,100.553,105.175,109.798,114.42,119.043,123.665,128.288,lhfa-boys-zscore-expanded-tables (1).xlsx
LHFA,M,,1818,,1,109.8157,0.04211,,,91.318,95.943,100.567,105.191,109.816,114.44,119.064,123.689,128.313,lhfa-boys-zscore-expanded-tables (1).xlsx
LHFA,M,,1819,,1,109.8337,0.04211,,,91.333,95.958,100.584,105.209,109.834,114.459,119.084,123.709,128.334,lhfa-boys-zscore-expanded-tables (1).xlsx
LHFA,M,,1820,,1,109.8516,0.04212,,,91.344,95.971,100.598,105.225,109.852,114.479,119.105,123.732,128.359,lhfa-boys-zscore-expanded-tables (1).xlsx
LHFA,M,,1821,,1,109.8696,0.04212,,,91.359,95.986,100.614,105.242,109.87,114.497,119.125,123.753,128.38,lhfa-boys-zscore-expanded-tables (1).xlsx
LHFA,M,,1822,,1,109.8875,0.04212,,,91.374,96.002,100.631,105.259,109.888,114.516,119.144,123.773,128.401,lhfa-boys-zscore-expanded-tables (1).xlsx
LHFA,M,,1823,,1,109.9055,0.04213,,,91.384,96.015,100.645,105.275,109.906,114.536,119.166,123.796,128.427,lhfa-boys-zscore-expanded-tables (1).xlsx
LHFA,M,,1824,,1,109.9234,0.04213,,,91.399,96.03,100.661,105.292,109.923,114.554,119.186,123.817,128.448,lhfa-boys-zscore-expanded-tables (1).xlsx
LHFA,M,,1825,,1,109.9414,0.04214,,,91.41,96.043,100.676,105.308,109.941,114.574,119.207,123.84,128.473,lhfa-boys-zscore-expanded-tables (1).xlsx
LHFA,M,,1826,,1,109.9593,0.04214,,,91.425,96.058,100.692,105.326,109.959,114.593,119.227,123.86,128.494,lhfa-boys-zscore-expanded-tables (1).xlsx
LHFA,M,,1827,,1,109.9773,0.04214,,,91.44,96.074,100.708,105.343,109.977,114.612,119.246,123.881,128.515,lhfa-boys-zscore-expanded-tables (1).xlsx
LHFA,M,,1828,,1,109.9952,0.04215,,,91.45,96.086,100.723,105.359,109.995,114.631,119.268,123.904,128.54,lhfa-boys-zscore-expanded-tables (1).xlsx
LHFA,M,,1829,,1,110.0131,0.04215,,,91.465,96.102,100.739,105.376,110.013,114.65,119.287,123.924,128.561,lhfa-boys-zscore-expanded-tables (1).xlsx
LHFA,M,,1830,,1,110.0311,0.04216,,,91.475,96.114,100.753,105.392,110.031,114.67,119.309,123.948,128.587,lhfa-boys-zscore-expanded-tables (1).xlsx
LHFA,M,,1831,,1,110.049,0.04216,,,91.49,96.13,100.77,105.409,110.049,114.689,119.328,123.968,128.608,lhfa-boys-zscore-expanded-tables (1).xlsx
LHFA,M,,1832,,1,110.0669,0.04216,,,91.505,96.146,100.786,105.426,110.067,114.707,119.348,123.988,128.629,lhfa-boys-zscore-expanded-tables (1).xlsx
LHFA,M,,1833,,1,110.0849,0.04217,,,91.516,96.158,100.8,105.443,110.085,114.727,119.369,124.012,128.654,lhfa-boys-zscore-expanded-tables (1).xlsx
LHFA,M,,1834,,1,110.1028,0.04217,,,91.531,96.174,100.817,105.46,110.103,114.746,119.389,124.032,128.675,lhfa-boys-zscore-expanded-tables (1).xlsx
LHFA,M,,1835,,1,110.1207,0.04218,,,91.541,96.186,100.831,105.476,110.121,114.766,119.41,124.055,128.7,lhfa-boys-zscore-expanded-tables (1).xlsx
LHFA,M,,1836,,1,110.1387,0.04218,,,91.556,96.202,100.847,105.493,110.139,114.784,119.43,124.076,128.721,lhfa-boys-zscore-expanded-tables (1).xlsx
LHFA,M,,1837,,1,110.1566,0.04218,,,91.571,96.217,100.864,105.51,110.157,114.803,119.449,124.096,128.742,lhfa-boys-zscore-expanded-tables (1).xlsx
LHFA,M,,1838,,1,110.1745,0.04219,,,91.581,96.23,100.878,105.526,110.174,114.823,119.471,124.119,128.768,lhfa-boys-zscore-expanded-tables (1).xlsx
LHFA,M,,1839,,1,110.1924,0.04219,,,91.596,96.245,100.894,105.543,110.192,114.841,119.49,124.139,128.788,lhfa-boys-zscore-expanded-tables (1).xlsx
LHFA,M,,1840,,1,110.2104,0.0422,,,91.607,96.258,100.909,105.56,110.21,114.861,119.512,124.163,128.814,lhfa-boys-zscore-expanded-tables (1).xlsx
LHFA,M,,1841,,1,110.2283,0.0422,,,91.622,96.273,100.925,105.577,110.228,114.88,119.532,124.183,128.835,lhfa-boys-zscore-expanded-tables (1).xlsx
LHFA,M,,1842,,1,110.2462,0.0422,,,91.637,96.289,100.941,105.594,110.246,114.899,119.551,124.203,128.856,lhfa-boys-zscore-expanded-tables (1).xlsx
LHFA,M,,1843,,1,110.2641,0.04221,,,91.647,96.301,100.956,105.61,110.264,114.918,119.573,124.227,128.881,lhfa-boys-zscore-expanded-tables (1).xlsx
LHFA,M,,1844,,1,110.282,0.04221,,,91.662,96.317,100.972,105.627,110.282,114.937,119.592,124.247,128.902,lhfa-boys-zscore-expanded-tables (1).xlsx
LHFA,M,,1845,,1,110.3,0.04222,,,91.673,96.329,100.986,105.643,110.3,114.957,119.614,124.271,128.927,lhfa-boys-zscore-expanded-tables (1).xlsx
LHFA,M,,1846,,1,110.3179,0.04222,,,91.687,96.345,101.003,105.66,110.318,114.976,119.633,124.291,128.948,lhfa-boys-zscore-expanded-tables (1).xlsx
LHFA,M,,1847,,1,110.3358,0.04222,,,91.702,96.361,101.019,105.677,110.336,114.994,119.653,124.311,128.969,lhfa-boys-zscore-expanded-tables (1).xlsx
LHFA,M,,1848,,1,110.3537,0.04223,,,91.713,96.373,101.033,105.693,110.354,115.014,119.674,124.334,128.995,lhfa-boys-zscore-expanded-tables (1).xlsx
LHFA,M,,1849,,1,110.3716,0.04223,,,91.728,96.389,101.05,105.711,110.372,115.033,119.694,124.355,129.016,lhfa-boys-zscore-expanded-tables (1).xlsx
LHFA,M,,1850,,1,110.3895,0.04223,,,91.743,96.404,101.066,105.728,110.39,115.051,119.713,124.375,129.036,lhfa-boys-zscore-expanded-tables (1).xlsx
LHFA,M,,1851,,1,110.4074,0.04224,,,91.753,96.417,101.08,105.744,110.407,115.071,119.735,124.398,129.062,lhfa-boys-zscore-expanded-tables (1).xlsx
LHFA,M,,1852,,1,110.4253,0.04224,,,91.768,96.432,101.097,105.761,110.425,115.09,119.754,124.418,129.083,lhfa-boys-zscore-expanded-tables (1).xlsx
LHFA,M,,1853,,1,110.4432,0.04225,,,91.778,96.445,101.111,105.777,110.443,115.109,119.776,124.442,129.108,lhfa-boys-zscore-expanded-tables (1).xlsx
LHFA,M,,1854,,1,110.4611,0.04225,,,91.793,96.46,101.127,105.794,110.461,115.128,119.795,124.462,129.129,lhfa-boys-zscore-expanded-tables (1).xlsx
LHFA,M,,1855,,1,110.479,0.04225,,,91.808,96.476,101.144,105.811,110.479,115.147,119.814,124.482,129.15,lhfa-boys-zscore-expanded-tables (1).xlsx
LHFA,M,,1856,,1,110.4969,0.04226,,,91.819,96.488,101.158,105.827,110.497,115.166,119.836,124.506,129.175,lhfa-boys-zscore-expanded-tables (1).xlsx
LHFA,F,,0,,1,49.1477,0.0379,,,41.697,43.56,45.422,47.285,49.148,51.01,52.873,54.736,56.598,lhfa-girls-zscore-expanded-tables (1).xlsx
LHFA,F,,1,,1,49.3166,0.03783,,,41.854,43.72,45.585,47.451,49.317,51.182,53.048,54.914,56.779,lhfa-girls-zscore-expanded-tables (1).xlsx
LHFA,F,,2,,1,49.4854,0.03776,,,42.011,43.88,45.748,47.617,49.485,51.354,53.223,55.091,56.96,lhfa-girls-zscore-expanded-tables (1).xlsx
LHFA,F,,3,,1,49.6543,0.0377,,,42.166,44.038,45.91,47.782,49.654,51.526,53.398,55.27,57.142,lhfa-girls-zscore-expanded-tables (1).xlsx
LHFA,F,,4,,1,49.8232,0.03763,,,42.324,44.199,46.074,47.948,49.823,51.698,53.573,55.448,57.323,lhfa-girls-zscore-expanded-tables (1).xlsx
LHFA,F,,5,,1,49.9921,0.03756,,,42.481,44.359,46.237,48.114,49.992,51.87,53.748,55.625,57.503,lhfa-girls-zscore-expanded-tables (1).xlsx
LHFA,F,,6,,1,50.1609,0.03749,,,42.639,44.519,46.4,48.28,50.161,52.041,53.922,55.802,57.683,lhfa-girls-zscore-expanded-tables (1).xlsx
LHFA,F,,7,,1,50.3298,0.03742,,,42.796,44.68,46.563,48.446,50.33,52.213,54.096,55.98,57.863,lhfa-girls-zscore-expanded-tables (1).xlsx
LHFA,F,,8,,1,50.4987,0.03735,,,42.954,44.84,46.726,48.613,50.499,52.385,54.271,56.157,58.043,lhfa-girls-zscore-expanded-tables (1).xlsx
LHFA,F,,9,,1,50.6676,0.03728,,,43.112,45.001,46.89,48.779,50.668,52.556,54.445,56.334,58.223,lhfa-girls-zscore-expanded-tables (1).xlsx
LHFA,F,,10,,1,50.8365,0.03722,,,43.268,45.16,47.052,48.944,50.836,52.729,54.621,56.513,58.405,lhfa-girls-zscore-expanded-tables (1).xlsx
LHFA,F,,11,,1,51.0053,0.03715,,,43.426,45.321,47.216,49.11,51.005,52.9,54.795,56.69,58.585,lhfa-girls-zscore-expanded-tables (1).xlsx
LHFA,F,,12,,1,51.1742,0.03708,,,43.584,45.482,47.379,49.277,51.174,53.072,54.969,56.867,58.764,lhfa-girls-zscore-expanded-tables (1).xlsx
LHFA,F,,13,,1,51.3431,0.03701,,,43.742,45.642,47.543,49.443,51.343,53.243,55.144,57.044,58.944,lhfa-girls-zscore-expanded-tables (1).xlsx
LHFA,F,,14,,1,51.512,0.03694,,,43.901,45.803,47.706,49.609,51.512,53.415,55.318,57.221,59.123,lhfa-girls-zscore-expanded-tables (1).xlsx
LHFA,F,,15,,1,51.651,0.0369,,,44.027,45.933,47.839,49.745,51.651,53.557,55.463,57.369,59.275,lhfa-girls-zscore-expanded-tables (1).xlsx
LHFA,F,,16,,1,51.7895,0.03687,,,44.152,46.061,47.971,49.88,51.79,53.699,55.608,57.518,59.427,lhfa-girls-zscore-expanded-tables (1).xlsx
LHFA,F,,17,,1,51.9272,0.03683,,,44.277,46.19,48.102,50.015,51.927,53.84,55.752,57.665,59.577,lhfa-girls-zscore-expanded-tables (1).xlsx
LHFA,F,,18,,1,52.0641,0.0368,,,44.4,46.316,48.232,50.148,52.064,53.98,55.896,57.812,59.728,lhfa-girls-zscore-expanded-tables (1).xlsx
LHFA,F,,19,,1,52.2002,0.03676,,,44.525,46.444,48.362,50.281,52.2,54.119,56.038,57.957,59.876,lhfa-girls-zscore-expanded-tables (1).xlsx
LHFA,F,,20,,1,52.3353,0.03673,,,44.646,46.568,48.491,50.413,52.335,54.258,56.18,58.102,60.024,lhfa-girls-zscore-expanded-tables (1).xlsx
LHFA,F,,21,,1,52.4695,0.03669,,,44.769,46.694,48.619,50.544,52.47,54.395,56.32,58.245,60.17,lhfa-girls-zscore-expanded-tables (1).xlsx
LHFA,F,,22,,1,52.6027,0.03666,,,44.889,46.817,48.746,50.674,52.603,54.531,56.46,58.388,60.316,lhfa-girls-zscore-expanded-tables (1).xlsx
LHFA,F,,23,,1,52.7349,0.03663,,,45.008,46.94,48.872,50.803,52.735,54.667,56.598,58.53,60.462,lhfa-girls-zscore-expanded-tables (1).xlsx
LHFA,F,,24,,1,52.8661,0.0366,,,45.127,47.061,48.996,50.931,52.866,54.801,56.736,58.671,60.606,lhfa-girls-zscore-expanded-tables (1).xlsx
LHFA,F,,25,,1,52.9963,0.03656,,,45.246,47.184,49.121,51.059,52.996,54.934,56.871,58.809,60.746,lhfa-girls-zscore-expanded-tables (1).xlsx
LHFA,F,,26,,1,53.1255,0.03653,,,45.363,47.303,49.244,51.185,53.126,55.066,57.007,58.948,60.888,lhfa-girls-zscore-expanded-tables (1).xlsx
LHFA,F,,27,,1,53.2537,0.0365,,,45.479,47.422,49.366,51.31,53.254,55.197,57.141,59.085,61.029,lhfa-girls-zscore-expanded-tables (1).xlsx
LHFA,F,,28,,1,53.3809,0.03647,,,45.594,47.54,49.487,51.434,53.381,55.328,57.275,59.221,61.168,lhfa-girls-zscore-expanded-tables (1).xlsx
LHFA,F,,29,,1,53.5072,0.03644,,,45.708,47.658,49.608,51.557,53.507,55.457,57.407,59.357,61.306,lhfa-girls-zscore-expanded-tables (1).xlsx
LHFA,F,,30,,1,53.6326,0.03641,,,45.822,47.774,49.727,51.68,53.633,55.585,57.538,59.491,61.444,lhfa-girls-zscore-expanded-tables (1).xlsx
LHFA,F,,31,,1,53.7571,0.03638,,,45.934,47.89,49.846,51.801,53.757,55.713,57.668,59.624,61.58,lhfa-girls-zscore-expanded-tables (1).xlsx
LHFA,F,,32,,1,53.8806,0.03636,,,46.044,48.003,49.962,51.922,53.881,55.84,57.799,59.758,61.717,lhfa-girls-zscore-expanded-tables (1).xlsx
LHFA,F,,33,,1,54.0031,0.03633,,,46.155,48.117,50.079,52.041,54.003,55.965,57.927,59.889,61.851,lhfa-girls-zscore-expanded-tables (1).xlsx
LHFA,F,,34,,1,54.1247,0.0363,,,46.266,48.231,50.195,52.16,54.125,56.089,58.054,60.019,61.984,lhfa-girls-zscore-expanded-tables (1).xlsx
LHFA,F,,35,,1,54.2454,0.03627,,,46.375,48.343,50.31,52.278,54.245,56.213,58.18,60.148,62.115,lhfa-girls-zscore-expanded-tables (1).xlsx
LHFA,F,,36,,1,54.3651,0.03625,,,46.482,48.453,50.424,52.394,54.365,56.336,58.307,60.277,62.248,lhfa-girls-zscore-expanded-tables (1).xlsx
LHFA,F,,37,,1,54.4839,0.03622,,,46.59,48.564,50.537,52.51,54.484,56.457,58.431,60.404,62.378,lhfa-girls-zscore-expanded-tables (1).xlsx
LHFA,F,,38,,1,54.6018,0.03619,,,46.698,48.674,50.65,52.626,54.602,56.578,58.554,60.53,62.506,lhfa-girls-zscore-expanded-tables (1).xlsx
LHFA,F,,39,,1,54.7187,0.03617,,,46.802,48.781,50.76,52.74,54.719,56.698,58.677,60.656,62.635,lhfa-girls-zscore-expanded-tables (1).xlsx
LHFA,F,,40,,1,54.8348,0.03614,,,46.908,48.89,50.871,52.853,54.835,56.817,58.798,60.78,62.762,lhfa-girls-zscore-expanded-tables (1).xlsx
LHFA,F,,41,,1,54.9499,0.03612,,,47.011,48.996,50.98,52.965,54.95,56.935,58.919,60.904,62.889,lhfa-girls-zscore-expanded-tables (1).xlsx
LHFA,F,,42,,1,55.0642,0.03609,,,47.115,49.102,51.09,53.077,55.064,57.051,59.039,61.026,63.013,lhfa-girls-zscore-expanded-tables (1).xlsx
LHFA,F,,43,,1,55.1777,0.03607,,,47.217,49.207,51.197,53.187,55.178,57.168,59.158,61.148,63.139,lhfa-girls-zscore-expanded-tables (1).xlsx
LHFA,F,,44,,1,55.2903,0.03604,,,47.32,49.312,51.305,53.298,55.29,57.283,59.276,61.268,63.261,lhfa-girls-zscore-expanded-tables (1).xlsx
LHFA,F,,45,,1,55.4021,0.03602,,,47.42,49.415,51.411,53.407,55.402,57.398,59.393,61.389,63.384,lhfa-girls-zscore-expanded-tables (1).xlsx
LHFA,F,,46,,1,55.513,0.036,,,47.519,49.518,51.516,53.515,55.513,57.511,59.51,61.508,63.507,lhfa-girls-zscore-expanded-tables (1).xlsx
LHFA,F,,47,,1,55.623,0.03597,,,47.62,49.621,51.621,53.622,55.623,57.624,59.625,61.625,63.626,lhfa-girls-zscore-expanded-tables (1).xlsx
LHFA,F,,48,,1,55.7322,0.03595,,,47.718,49.721,51.725,53.729,55.732,57.736,59.739,61.743,63.746,lhfa-girls-zscore-expanded-tables (1).xlsx
LHFA,F,,49,,1,55.8406,0.03593,,,47.815,49.822,51.828,53.834,55.841,57.847,59.853,61.86,63.866,lhfa-girls-zscore-expanded-tables (1).xlsx
LHFA,F,,50,,1,55.9482,0.03591,,,47.912,49.921,51.93,53.939,55.948,57.957,59.966,61.975,63.985,lhfa-girls-zscore-expanded-tables (1).xlsx
LHFA,F,,51,,1,56.0549,0.03588,,,48.01,50.021,52.032,54.044,56.055,58.066,60.077,62.089,64.1,lhfa-girls-zscore-expanded-tables (1).xlsx
LHFA,F,,52,,1,56.1609,0.03586,,,48.105,50.119,52.133,54.147,56.161,58.175,60.189,62.203,64.217,lhfa-girls-zscore-expanded-tables (1).xlsx
LHFA,F,,53,,1,56.266,0.03584,,,48.2,50.216,52.233,54.249,56.266,58.283,60.299,62.316,64.332,lhfa-girls-zscore-expanded-tables (1).xlsx
LHFA,F,,54,,1,56.3704,0.03582,,,48.294,50.313,52.332,54.351,56.37,58.39,60.409,62.428,64.447,lhfa-girls-zscore-expanded-tables (1).xlsx
LHFA,F,,55,,1,56.4739,0.0358,,,48.387,50.409,52.43,54.452,56.474,58.496,60.517,62.539,64.561,lhfa-girls-zscore-expanded-tables (1).xlsx
LHFA,F,,56,,1,56.5767,0.03578,,,48.479,50.504,52.528,54.552,56.577,58.601,60.625,62.65,64.674,lhfa-girls-zscore-expanded-tables (1).xlsx
LHFA,F,,57,,1,56.6788,0.03576,,,48.571,50.598,52.625,54.652,56.679,58.706,60.732,62.759,64.786,lhfa-girls-zscore-expanded-tables (1).xlsx
LHFA,F,,58,,1,56.78,0.03574,,,48.663,50.692,52.721,54.751,56.78,58.809,60.839,62.868,64.897,lhfa-girls-zscore-expanded-tables (1).xlsx
LHFA,F,,59,,1,56.8806,0.03572,,,48.753,50.785,52.817,54.849,56.881,58.912,60.944,62.976,65.008,lhfa-girls-zscore-expanded-tables (1).xlsx
LHFA,F,,60,,1,56.9805,0.0357,,,48.844,50.878,52.912,54.946,56.98,59.015,61.049,63.083,65.117,lhfa-girls-zscore-expanded-tables (1).xlsx
LHFA,F,,61,,1,57.0796,0.03568,,,48.933,50.97,53.006,55.043,57.08,59.116,61.153,63.189,65.226,lhfa-girls-zscore-expanded-tables (1).xlsx
LHFA,F,,62,,1,57.1782,0.03566,,,49.022,51.061,53.1,55.139,57.178,59.217,61.256,63.295,65.334,lhfa-girls-zscore-expanded-tables (1).xlsx
LHFA,F,,63,,1,57.2761,0.03564,,,49.111,51.152,53.193,55.235,57.276,59.317,61.359,63.4,65.441,lhfa-girls-zscore-expanded-tables (1).xlsx
LHFA,F,,64,,1,57.3733,0.03562,,,49.199,51.242,53.286,55.33,57.373,59.417,61.461,63.504,65.548,lhfa-girls-zscore-expanded-tables (1).xlsx
LHFA,F,,65,,1,57.4699,0.03561,,,49.284,51.33,53.377,55.423,57.47,59.516,61.563,63.609,65.656,lhfa-girls-zscore-expanded-tables (1).xlsx
LHFA,F,,66,,1,57.5659,0.03559,,,49.371,51.42,53.468,55.517,57.566,59.615,61.663,63.712,65.761,lhfa-girls-zscore-expanded-tables (1).xlsx
LHFA,F,,67,,1,57.6613,0.03557,,,49.457,51.508,53.559,55.61,57.661,59.712,61.763,63.814,65.865,lhfa-girls-zscore-expanded-tables (1).xlsx
LHFA,F,,68,,1,57.756,0.03555,,,49.543,51.596,53.65,55.703,57.756,59.809,61.862,63.916,65.969,lhfa-girls-zscore-expanded-tables (1).xlsx
LHFA,F,,69,,1,57.8501,0.03553,,,49.628,51.684,53.739,55.795,57.85,59.906,61.961,64.016,66.072,lhfa-girls-zscore-expanded-tables (1).xlsx
LHFA,F,,70,,1,57.9436,0.03552,,,49.711,51.769,53.827,55.885,57.944,60.002,62.06,64.118,66.176,lhfa-girls-zscore-expanded-tables (1).xlsx
LHFA,F,,71,,1,58.0365,0.0355,,,49.795,51.856,53.916,55.976,58.036,60.097,62.157,64.217,66.278,lhfa-girls-zscore-expanded-tables (1).xlsx
LHFA,F,,72,,1,58.1288,0.03548,,,49.879,51.942,54.004,56.066,58.129,60.191,62.254,64.316,66.378,lhfa-girls-zscore-expanded-tables (1).xlsx
LHFA,F,,73,,1,58.2206,0.03547,,,49.96,52.025,54.09,56.156,58.221,60.286,62.351,64.416,66.481,lhfa-girls-zscore-expanded-tables (1).xlsx
LHFA,F,,74,,1,58.3117,0.03545,,,50.043,52.11,54.177,56.245,58.312,60.379,62.446,64.513,66.58,lhfa-girls-zscore-expanded-tables (1).xlsx
LHFA,F,,75,,1,58.4022,0.03543,,,50.125,52.195,54.264,56.333,58.402,60.471,62.541,64.61,66.679,lhfa-girls-zscore-expanded-tables (1).xlsx
LHFA,F,,76,,1,58.4922,0.03542,,,50.205,52.277,54.349,56.42,58.492,60.564,62.636,64.708,66.779,lhfa-girls-zscore-expanded-tables (1).xlsx
LHFA,F,,77,,1,58.5816,0.0354,,,50.286,52.36,54.434,56.508,58.582,60.655,62.729,64.803,66.877,lhfa-girls-zscore-expanded-tables (1).xlsx
LHFA,F,,78,,1,58.6705,0.03539,,,50.365,52.441,54.518,56.594,58.67,60.747,62.823,64.9,66.976,lhfa-girls-zscore-expanded-tables (1).xlsx
LHFA,F,,79,,1,58.7588,0.03537,,,50.446,52.524,54.602,56.681,58.759,60.837,62.915,64.994,67.072,lhfa-girls-zscore-expanded-tables (1).xlsx
LHFA,F,,80,,1,58.8465,0.03536,,,50.523,52.604,54.685,56.766,58.846,60.927,63.008,65.089,67.17,lhfa-girls-zscore-expanded-tables (1).xlsx
LHFA,F,,81,,1,58.9337,0.03534,,,50.603,52.686,54.768,56.851,58.934,61.016,63.099,65.182,67.265,lhfa-girls-zscore-expanded-tables (1).xlsx
LHFA,F,,82,,1,59.0204,0.03533,,,50.68,52.765,54.85,56.935,59.02,61.106,63.191,65.276,67.361,lhfa-girls-zscore-expanded-tables (1).xlsx
LHFA,F,,83,,1,59.1066,0.03531,,,50.758,52.845,54.932,57.02,59.107,61.194,63.281,65.368,67.455,lhfa-girls-zscore-expanded-tables (1).xlsx
LHFA,F,,84,,1,59.1922,0.0353,,,50.834,52.924,55.013,57.103,59.192,61.282,63.371,65.461,67.55,lhfa-girls-zscore-expanded-tables (1).xlsx
LHFA,F,,85,,1,59.2773,0.03528,,,50.912,53.003,55.095,57.186,59.277,61.369,63.46,65.551,67.643,lhfa-girls-zscore-expanded-tables (1).xlsx
LHFA,F,,86,,1,59.3619,0.03527,,,50.987,53.081,55.175,57.268,59.362,61.456,63.549,65.643,67.737,lhfa-girls-zscore-expanded-tables (1).xlsx
LHFA,F,,87,,1,59.4459,0.03526,,,51.062,53.158,55.254,57.35,59.446,61.542,63.638,65.734,67.83,lhfa-girls-zscore-expanded-tables (1).xlsx
LHFA,F,,88,,1,59.5295,0.03524,,,51.138,53.236,55.334,57.432,59.53,61.627,63.725,65.823,67.921,lhfa-girls-zscore-expanded-tables (1).xlsx
LHFA,F,,89,,1,59.6126,0.03523,,,51.212,53.312,55.412,57.512,59.613,61.713,63.813,65.913,68.013,lhfa-girls-zscore-expanded-tables (1).xlsx
LHFA,F,,90,,1,59.6952,0.03521,,,51.288,53.39,55.491,57.593,59.695,61.797,63.899,66.001,68.103,lhfa-girls-zscore-expanded-tables (1).xlsx
LHFA,F,,91,,1,59.7773,0.0352,,,51.361,53.465,55.569,57.673,59.777,61.881,63.986,66.09,68.194,lhfa-girls-zscore-expanded-tables (1).xlsx
LHFA,F,,92,,1,59.8589,0.03519,,,51.433,53.54,55.646,57.752,59.859,61.965,64.072,66.178,68.285,lhfa-girls-zscore-expanded-tables (1).xlsx
LHFA,F,,93,,1,59.9401,0.03517,,,51.508,53.616,55.724,57.832,59.94,62.048,64.156,66.264,68.372,lhfa-girls-zscore-expanded-tables (1).xlsx
LHFA,F,,94,,1,60.0209,0.03516,,,51.58,53.69,55.8,57.911,60.021,62.131,64.242,66.352,68.462,lhfa-girls-zscore-expanded-tables (1).xlsx
LHFA,F,,95,,1,60.1011,0.03515,,,51.651,53.763,55.876,57.989,60.101,62.214,64.326,66.439,68.551,lhfa-girls-zscore-expanded-tables (1).xlsx
LHFA,F,,96,,1,60.181,0.03514,,,51.722,53.837,55.951,58.066,60.181,62.296,64.411,66.525,68.64,lhfa-girls-zscore-expanded-tables (1).xlsx
LHFA,F,,97,,1,60.2603,0.03512,,,51.795,53.911,56.028,58.144,60.26,62.377,64.493,66.609,68.726,lhfa-girls-zscore-expanded-tables (1).xlsx
LHFA,F,,98,,1,60.3393,0.03511,,,51.865,53.984,56.102,58.221,60.339,62.458,64.576,66.695,68.813,lhfa-girls-zscore-expanded-tables (1).xlsx
LHFA,F,,99,,1,60.4178,0.0351,,,51.935,54.056,56.176,58.297,60.418,62.538,64.659,66.78,68.9,lhfa-girls-zscore-expanded-tables (1).xlsx
LHFA,F,,100,,1,60.4958,0.03509,,,52.005,54.127,56.25,58.373,60.496,62.619,64.741,66.864,68.987,lhfa-girls-zscore-expanded-tables (1).xlsx
LHFA,F,,101,,1,60.5734,0.03508,,,52.074,54.199,56.324,58.448,60.573,62.698,64.823,66.948,69.073,lhfa-girls-zscore-expanded-tables (1).xlsx
LHFA,F,,102,,1,60.6506,0.03506,,,52.145,54.271,56.398,58.524,60.651,62.777,64.903,67.03,69.156,lhfa-girls-zscore-expanded-tables (1).xlsx
LHFA,F,,103,,1,60.7273,0.03505,,,52.213,54.342,56.47,58.599,60.727,62.856,64.984,67.113,69.241,lhfa-girls-zscore-expanded-tables (1).xlsx
LHFA,F,,104,,1,60.8036,0.03504,,,52.281,54.412,56.542,58.673,60.804,62.934,65.065,67.195,69.326,lhfa-girls-zscore-expanded-tables (1).xlsx
LHFA,F,,105,,1,60.8795,0.03503,,,52.349,54.482,56.614,58.747,60.88,63.012,65.145,67.277,69.41,lhfa-girls-zscore-expanded-tables (1).xlsx
LHFA,F,,106,,1,60.955,0.03502,,,52.416,54.551,56.686,58.82,60.955,63.09,65.224,67.359,69.494,lhfa-girls-zscore-expanded-tables (1).xlsx
LHFA,F,,107,,1,61.0301,0.03501,,,52.483,54.62,56.757,58.893,61.03,63.167,65.303,67.44,69.577,lhfa-girls-zscore-expanded-tables (1).xlsx
LHFA,F,,108,,1,61.1047,0.035,,,52.55,54.689,56.827,58.966,61.105,63.243,65.382,67.521,69.659,lhfa-girls-zscore-expanded-tables (1).xlsx
LHFA,F,,109,,1,61.1789,0.03499,,,52.616,54.757,56.898,59.038,61.179,63.32,65.46,67.601,69.741,lhfa-girls-zscore-expanded-tables (1).xlsx
LHFA,F,,110,,1,61.2527,0.03497,,,52.685,54.827,56.969,59.111,61.253,63.395,65.537,67.679,69.821,lhfa-girls-zscore-expanded-tables (1).xlsx
LHFA,F,,111,,1,61.3261,0.03496,,,52.75,54.894,57.038,59.182,61.326,63.47,65.614,67.758,69.902,lhfa-girls-zscore-expanded-tables (1).xlsx
LHFA,F,,112,,1,61.3991,0.03495,,,52.816,54.961,57.107,59.253,61.399,63.545,65.691,67.837,69.983,lhfa-girls-zscore-expanded-tables (1).xlsx
LHFA,F,,113,,1,61.4717,0.03494,,,52.88,55.028,57.176,59.324,61.472,63.62,65.767,67.915,70.063,lhfa-girls-zscore-expanded-tables (1).xlsx
LHFA,F,,114,,1,61.5439,0.03493,,,52.945,55.095,57.244,59.394,61.544,63.694,65.843,67.993,70.143,lhfa-girls-zscore-expanded-tables (1).xlsx
LHFA,F,,115,,1,61.6156,0.03492,,,53.009,55.161,57.312,59.464,61.616,63.767,65.919,68.07,70.222,lhfa-girls-zscore-expanded-tables (1).xlsx
LHFA,F,,116,,1,61.687,0.03491,,,53.073,55.227,57.38,59.534,61.687,63.84,65.994,68.147,70.301,lhfa-girls-zscore-expanded-tables (1).xlsx
LHFA,F,,117,,1,61.758,0.0349,,,53.137,55.292,57.447,59.603,61.758,63.913,66.069,68.224,70.379,lhfa-girls-zscore-expanded-tables (1).xlsx
LHFA,F,,118,,1,61.8286,0.03489,,,53.2,55.357,57.514,59.671,61.829,63.986,66.143,68.3,70.457,lhfa-girls-zscore-expanded-tables (1).xlsx
LHFA,F,,119,,1,61.8988,0.03488,,,53.263,55.422,57.581,59.74,61.899,64.058,66.217,68.376,70.535,lhfa-girls-zscore-expanded-tables (1).xlsx
LHFA,F,,120,,1,61.9686,0.03487,,,53.325,55.486,57.647,59.808,61.969,64.129,66.29,68.451,70.612,lhfa-girls-zscore-expanded-tables (1).xlsx
LHFA,F,,121,,1,62.0381,0.03487,,,53.385,55.548,57.712,59.875,62.038,64.201,66.365,68.528,70.691,lhfa-girls-zscore-expanded-tables (1).xlsx
LHFA,F,,122,,1,62.1071,0.03486,,,53.447,55.612,57.777,59.942,62.107,64.272,66.437,68.602,70.767,lhfa-girls-zscore-expanded-tables (1).xlsx
LHFA,F,,123,,1,62.1758,0.03485,,,53.508,55.675,57.842,60.009,62.176,64.343,66.509,68.676,70.843,lhfa-girls-zscore-expanded-tables (1).xlsx
LHFA,F,,124,,1,62.2441,0.03484,,,53.57,55.738,57.907,60.076,62.244,64.413,66.581,68.75,70.918,lhfa-girls-zscore-expanded-tables (1).xlsx
LHFA,F,,125,,1,62.312,0.03483,,,53.631,55.801,57.971,60.142,62.312,64.482,66.653,68.823,70.993,lhfa-girls-zscore-expanded-tables (1).xlsx
LHFA,F,,126,,1,62.3795,0.03482,,,53.691,55.863,58.035,60.207,62.38,64.552,66.724,68.896,71.068,lhfa-girls-zscore-expanded-tables (1).xlsx
LHFA,F,,127,,1,62.4467,0.03481,,,53.752,55.925,58.099,60.273,62.447,64.62,66.794,68.968,71.142,lhfa-girls-zscore-expanded-tables (1).xlsx
LHFA,F,,128,,1,62.5135,0.0348,,,53.812,55.987,58.163,60.338,62.514,64.689,66.864,69.04,71.215,lhfa-girls-zscore-expanded-tables (1).xlsx
LHFA,F,,129,,1,62.58,0.03479,,,53.871,56.049,58.226,60.403,62.58,64.757,66.934,69.111,71.289,lhfa-girls-zscore-expanded-tables (1).xlsx
LHFA,F,,130,,1,62.6461,0.03479,,,53.928,56.108,58.287,60.467,62.646,64.826,67.005,69.184,71.364,lhfa-girls-zscore-expanded-tables (1).xlsx
LHFA,F,,131,,1,62.7118,0.03478,,,53.987,56.168,58.35,60.531,62.712,64.893,67.074,69.255,71.436,lhfa-girls-zscore-expanded-tables (1).xlsx
LHFA,F,,132,,1,62.7772,0.03477,,,54.046,56.229,58.412,60.594,62.777,64.96,67.143,69.325,71.508,lhfa-girls-zscore-expanded-tables (1).xlsx
LHFA,F,,133,,1,62.8423,0.03476,,,54.105,56.289,58.474,60.658,62.842,65.027,67.211,69.395,71.58,lhfa-girls-zscore-expanded-tables (1).xlsx
LHFA,F,,134,,1,62.907,0.03475,,,54.163,56.349,58.535,60.721,62.907,65.093,67.279,69.465,71.651,lhfa-girls-zscore-expanded-tables (1).xlsx
LHFA,F,,135,,1,62.9714,0.03475,,,54.218,56.407,58.595,60.783,62.971,65.16,67.348,69.536,71.724,lhfa-girls-zscore-expanded-tables (1).xlsx
LHFA,F,,136,,1,63.0354,0.03474,,,54.276,56.466,58.656,60.846,63.035,65.225,67.415,69.605,71.795,lhfa-girls-zscore-expanded-tables (1).xlsx
LHFA,F,,137,,1,63.0991,0.03473,,,54.333,56.525,58.716,60.908,63.099,65.291,67.482,69.673,71.865,lhfa-girls-zscore-expanded-tables (1).xlsx
LHFA,F,,138,,1,63.1626,0.03472,,,54.391,56.584,58.777,60.97,63.163,65.356,67.549,69.742,71.935,lhfa-girls-zscore-expanded-tables (1).xlsx
LHFA,F,,139,,1,63.2257,0.03471,,,54.447,56.642,58.837,61.031,63.226,65.42,67.615,69.809,72.004,lhfa-girls-zscore-expanded-tables (1).xlsx
LHFA,F,,140,,1,63.2884,0.03471,,,54.501,56.698,58.895,61.092,63.288,65.485,67.682,69.879,72.075,lhfa-girls-zscore-expanded-tables (1).xlsx
LHFA,F,,141,,1,63.3509,0.0347,,,54.558,56.756,58.954,61.153,63.351,65.549,67.747,69.946,72.144,lhfa-girls-zscore-expanded-tables (1).xlsx
LHFA,F,,142,,1,63.4131,0.03469,,,54.614,56.814,59.013,61.213,63.413,65.613,67.813,70.013,72.212,lhfa-girls-zscore-expanded-tables (1).xlsx
LHFA,F,,143,,1,63.475,0.03469,,,54.667,56.869,59.071,61.273,63.475,65.677,67.879,70.081,72.283,lhfa-girls-zscore-expanded-tables (1).xlsx
LHFA,F,,144,,1,63.5365,0.03468,,,54.723,56.926,59.13,61.333,63.536,65.74,67.943,70.147,72.35,lhfa-girls-zscore-expanded-tables (1).xlsx
LHFA,F,,145,,1,63.5978,0.03467,,,54.778,56.983,59.188,61.393,63.598,65.803,68.008,70.213,72.418,lhfa-girls-zscore-expanded-tables (1).xlsx
LHFA,F,,146,,1,63.6588,0.03467,,,54.831,57.038,59.245,61.452,63.659,65.866,68.073,70.28,72.487,lhfa-girls-zscore-expanded-tables (1).xlsx
LHFA,F,,147,,1,63.7196,0.03466,,,54.886,57.094,59.303,61.511,63.72,65.928,68.137,70.345,72.554,lhfa-girls-zscore-expanded-tables (1).xlsx
LHFA,F,,148,,1,63.78,0.03465,,,54.94,57.15,59.36,61.57,63.78,65.99,68.2,70.41,72.62,lhfa-girls-zscore-expanded-tables (1).xlsx
LHFA,F,,149,,1,63.8402,0.03465,,,54.992,57.204,59.416,61.628,63.84,66.052,68.264,70.476,72.688,lhfa-girls-zscore-expanded-tables (1).xlsx
LHFA,F,,150,,1,63.9,0.03464,,,55.046,57.26,59.473,61.687,63.9,66.113,68.327,70.54,72.754,lhfa-girls-zscore-expanded-tables (1).xlsx
LHFA,F,,151,,1,63.9597,0.03463,,,55.1,57.315,59.53,61.745,63.96,66.175,68.39,70.604,72.819,lhfa-girls-zscore-expanded-tables (1).xlsx
LHFA,F,,152,,1,64.019,0.03463,,,55.151,57.368,59.585,61.802,64.019,66.236,68.453,70.67,72.887,lhfa-girls-zscore-expanded-tables (1).xlsx
LHFA,F,,153,,1,64.0781,0.03462,,,55.205,57.423,59.641,61.86,64.078,66.296,68.515,70.733,72.952,lhfa-girls-zscore-expanded-tables (1).xlsx
LHFA,F,,154,,1,64.137,0.03461,,,55.258,57.478,59.697,61.917,64.137,66.357,68.577,70.796,73.016,lhfa-girls-zscore-expanded-tables (1).xlsx
LHFA,F,,155,,1,64.1956,0.03461,,,55.308,57.53,59.752,61.974,64.196,66.417,68.639,70.861,73.083,lhfa-girls-zscore-expanded-tables (1).xlsx
LHFA,F,,156,,1,64.2539,0.0346,,,55.361,57.584,59.808,62.031,64.254,66.477,68.7,70.923,73.147,lhfa-girls-zscore-expanded-tables (1).xlsx
LHFA,F,,157,,1,64.312,0.0346,,,55.411,57.636,59.862,62.087,64.312,66.537,68.762,70.988,73.213,lhfa-girls-zscore-expanded-tables (1).xlsx
LHFA,F,,158,,1,64.3699,0.03459,,,55.464,57.69,59.917,62.143,64.37,66.596,68.823,71.05,73.276,lhfa-girls-zscore-expanded-tables (1).xlsx
LHFA,F,,159,,1,64.4276,0.03459,,,55.513,57.742,59.97,62.199,64.428,66.656,68.885,71.113,73.342,lhfa-girls-zscore-expanded-tables (1).xlsx
LHFA,F,,160,,1,64.485,0.03458,,,55.565,57.795,60.025,62.255,64.485,66.715,68.945,71.175,73.405,lhfa-girls-zscore-expanded-tables (1).xlsx
LHFA,F,,161,,1,64.5422,0.03457,,,55.617,57.849,60.08,62.311,64.542,66.773,69.005,71.236,73.467,lhfa-girls-zscore-expanded-tables (1).xlsx
LHFA,F,,162,,1,64.5991,0.03457,,,55.666,57.9,60.133,62.366,64.599,66.832,69.065,71.299,73.532,lhfa-girls-zscore-expanded-tables (1).xlsx
LHFA,F,,163,,1,64.6559,0.03456,,,55.718,57.952,60.187,62.421,64.656,66.89,69.125,71.359,73.594,lhfa-girls-zscore-expanded-tables (1).xlsx
LHFA,F,,164,,1,64.7124,0.03456,,,55.767,58.003,60.239,62.476,64.712,66.949,69.185,71.422,73.658,lhfa-girls-zscore-expanded-tables (1).xlsx
LHFA,F,,165,,1,64.7688,0.03455,,,55.818,58.056,60.293,62.531,64.769,67.007,69.244,71.482,73.72,lhfa-girls-zscore-expanded-tables (1).xlsx
LHFA,F,,166,,1,64.8249,0.03455,,,55.866,58.106,60.345,62.585,64.825,67.065,69.304,71.544,73.784,lhfa-girls-zscore-expanded-tables (1).xlsx
LHFA,F,,167,,1,64.8808,0.03454,,,55.917,58.158,60.399,62.64,64.881,67.122,69.363,71.604,73.845,lhfa-girls-zscore-expanded-tables (1).xlsx
LHFA,F,,168,,1,64.9366,0.03454,,,55.965,58.208,60.451,62.694,64.937,67.18,69.422,71.665,73.908,lhfa-girls-zscore-expanded-tables (1).xlsx
LHFA,F,,169,,1,64.9921,0.03453,,,56.015,58.26,60.504,62.748,64.992,67.236,69.48,71.725,73.969,lhfa-girls-zscore-expanded-tables (1).xlsx
LHFA,F,,170,,1,65.0474,0.03453,,,56.063,58.309,60.555,62.801,65.047,67.293,69.54,71.786,74.032,lhfa-girls-zscore-expanded-tables (1).xlsx
LHFA,F,,171,,1,65.1026,0.03453,,,56.111,58.359,60.607,62.855,65.103,67.351,69.599,71.847,74.095,lhfa-girls-zscore-expanded-tables (1).xlsx
LHFA,F,,172,,1,65.1576,0.03452,,,56.161,58.41,60.659,62.908,65.158,67.407,69.656,71.905,74.155,lhfa-girls-zscore-expanded-tables (1).xlsx
LHFA,F,,173,,1,65.2123,0.03452,,,56.208,58.459,60.71,62.961,65.212,67.463,69.715,71.966,74.217,lhfa-girls-zscore-expanded-tables (1).xlsx
LHFA,F,,174,,1,65.267,0.03451,,,56.258,58.51,60.762,63.015,65.267,67.519,69.772,72.024,74.276,lhfa-girls-zscore-expanded-tables (1).xlsx
LHFA,F,,175,,1,65.3214,0.03451,,,56.304,58.559,60.813,63.067,65.321,67.576,69.83,72.084,74.338,lhfa-girls-zscore-expanded-tables (1).xlsx
LHFA,F,,176,,1,65.3757,0.0345,,,56.354,58.609,60.865,63.12,65.376,67.631,69.887,72.142,74.398,lhfa-girls-zscore-expanded-tables (1).xlsx
LHFA,F,,177,,1,65.4298,0.0345,,,56.4,58.658,60.915,63.172,65.43,67.687,69.944,72.202,74.459,lhfa-girls-zscore-expanded-tables (1).xlsx
LHFA,F,,178,,1,65.4837,0.0345,,,56.447,58.706,60.965,63.225,65.484,67.743,70.002,72.261,74.52,lhfa-girls-zscore-expanded-tables (1).xlsx
LHFA,F,,179,,1,65.5375,0.03449,,,56.496,58.756,61.017,63.277,65.538,67.798,70.058,72.319,74.579,lhfa-girls-zscore-expanded-tables (1).xlsx
LHFA,F,,180,,1,65.5911,0.03449,,,56.542,58.804,61.067,63.329,65.591,67.853,70.116,72.378,74.64,lhfa-girls-zscore-expanded-tables (1).xlsx
LHFA,F,,181,,1,65.6445,0.03449,,,56.588,58.852,61.116,63.38,65.644,67.909,70.173,72.437,74.701,lhfa-girls-zscore-expanded-tables (1).xlsx
LHFA,F,,182,,1,65.6978,0.03448,,,56.637,58.902,61.167,63.433,65.698,67.963,70.228,72.494,74.759,lhfa-girls-zscore-expanded-tables (1).xlsx
LHFA,F,,183,,1,65.751,0.03448,,,56.683,58.95,61.217,63.484,65.751,68.018,70.285,72.552,74.819,lhfa-girls-zscore-expanded-tables (1).xlsx
LHFA,F,,184,,1,65.804,0.03447,,,56.731,58.999,61.267,63.536,65.804,68.072,70.341,72.609,74.877,lhfa-girls-zscore-expanded-tables (1).xlsx
LHFA,F,,185,,1,65.8568,0.03447,,,56.776,59.047,61.317,63.587,65.857,68.127,70.397,72.667,74.937,lhfa-girls-zscore-expanded-tables (1).xlsx
LHFA,F,,186,,1,65.9095,0.03447,,,56.822,59.094,61.366,63.638,65.91,68.181,70.453,72.725,74.997,lhfa-girls-zscore-expanded-tables (1).xlsx
LHFA,F,,187,,1,65.9621,0.03447,,,56.867,59.141,61.415,63.688,65.962,68.236,70.51,72.783,75.057,lhfa-girls-zscore-expanded-tables (1).xlsx
LHFA,F,,188,,1,66.0145,0.03446,,,56.915,59.19,61.465,63.74,66.014,68.289,70.564,72.839,75.114,lhfa-girls-zscore-expanded-tables (1).xlsx
LHFA,F,,189,,1,66.0668,0.03446,,,56.96,59.237,61.513,63.79,66.067,68.343,70.62,72.897,75.173,lhfa-girls-zscore-expanded-tables (1).xlsx
LHFA,F,,190,,1,66.1189,0.03446,,,57.005,59.284,61.562,63.84,66.119,68.397,70.676,72.954,75.233,lhfa-girls-zscore-expanded-tables (1).xlsx
LHFA,F,,191,,1,66.1709,0.03445,,,57.053,59.332,61.612,63.891,66.171,68.45,70.73,73.01,75.289,lhfa-girls-zscore-expanded-tables (1).xlsx
LHFA,F,,192,,1,66.2228,0.03445,,,57.097,59.379,61.66,63.941,66.223,68.504,70.786,73.067,75.348,lhfa-girls-zscore-expanded-tables (1).xlsx
LHFA,F,,193,,1,66.2745,0.03445,,,57.142,59.425,61.708,63.991,66.274,68.558,70.841,73.124,75.407,lhfa-girls-zscore-expanded-tables (1).xlsx
LHFA,F,,194,,1,66.3261,0.03444,,,57.189,59.473,61.758,64.042,66.326,68.61,70.895,73.179,75.463,lhfa-girls-zscore-expanded-tables (1).xlsx
LHFA,F,,195,,1,66.3776,0.03444,,,57.233,59.519,61.806,64.092,66.378,68.664,70.95,73.236,75.522,lhfa-girls-zscore-expanded-tables (1).xlsx
LHFA,F,,196,,1,66.429,0.03444,,,57.278,59.566,61.853,64.141,66.429,68.717,71.005,73.292,75.58,lhfa-girls-zscore-expanded-tables (1).xlsx
LHFA,F,,197,,1,66.4802,0.03444,,,57.322,59.611,61.901,64.191,66.48,68.77,71.059,73.349,75.639,lhfa-girls-zscore-expanded-tables (1).xlsx
LHFA,F,,198,,1,66.5313,0.03444,,,57.366,59.657,61.949,64.24,66.531,68.823,71.114,73.405,75.697,lhfa-girls-zscore-expanded-tables (1).xlsx
LHFA,F,,199,,1,66.5823,0.03443,,,57.413,59.705,61.997,64.29,66.582,68.875,71.167,73.46,75.752,lhfa-girls-zscore-expanded-tables (1).xlsx
LHFA,F,,200,,1,66.6331,0.03443,,,57.456,59.751,62.045,64.339,66.633,68.927,71.221,73.516,75.81,lhfa-girls-zscore-expanded-tables (1).xlsx
LHFA,F,,201,,1,66.6839,0.03443,,,57.5,59.796,62.092,64.388,66.684,68.98,71.276,73.572,75.868,lhfa-girls-zscore-expanded-tables (1).xlsx
LHFA,F,,202,,1,66.7345,0.03443,,,57.544,59.841,62.139,64.437,66.734,69.032,71.33,73.628,75.925,lhfa-girls-zscore-expanded-tables (1).xlsx
LHFA,F,,203,,1,66.785,0.03442,,,57.59,59.889,62.188,64.486,66.785,69.084,71.382,73.681,75.98,lhfa-girls-zscore-expanded-tables (1).xlsx
LHFA,F,,204,,1,66.8354,0.03442,,,57.634,59.934,62.234,64.535,66.835,69.136,71.436,73.737,76.037,lhfa-girls-zscore-expanded-tables (1).xlsx
LHFA,F,,205,,1,66.8857,0.03442,,,57.677,59.979,62.281,64.583,66.886,69.188,71.49,73.792,76.095,lhfa-girls-zscore-expanded-tables (1).xlsx
LHFA,F,,206,,1,66.9359,0.03442,,,57.72,60.024,62.328,64.632,66.936,69.24,71.544,73.848,76.152,lhfa-girls-zscore-expanded-tables (1).xlsx
LHFA,F,,207,,1,66.9859,0.03442,,,57.763,60.069,62.375,64.68,66.986,69.292,71.597,73.903,76.209,lhfa-girls-zscore-expanded-tables (1).xlsx
LHFA,F,,208,,1,67.0359,0.03442,,,57.806,60.114,62.421,64.729,67.036,69.343,71.651,73.958,76.265,lhfa-girls-zscore-expanded-tables (1).xlsx
LHFA,F,,209,,1,67.0858,0.03441,,,57.852,60.161,62.469,64.777,67.086,69.394,71.703,74.011,76.319,lhfa-girls-zscore-expanded-tables (1).xlsx
LHFA,F,,210,,1,67.1355,0.03441,,,57.895,60.205,62.515,64.825,67.136,69.446,71.756,74.066,76.376,lhfa-girls-zscore-expanded-tables (1).xlsx
LHFA,F,,211,,1,67.1852,0.03441,,,57.938,60.25,62.562,64.873,67.185,69.497,71.809,74.121,76.433,lhfa-girls-zscore-expanded-tables (1).xlsx
LHFA,F,,212,,1,67.2347,0.03441,,,57.981,60.294,62.608,64.921,67.235,69.548,71.862,74.175,76.489,lhfa-girls-zscore-expanded-tables (1).xlsx
LHFA,F,,213,,1,67.2842,0.03441,,,58.023,60.338,62.654,64.969,67.284,69.599,71.915,74.23,76.545,lhfa-girls-zscore-expanded-tables (1).xlsx
LHFA,F,,214,,1,67.3335,0.03441,,,58.066,60.383,62.7,65.017,67.334,69.65,71.967,74.284,76.601,lhfa-girls-zscore-expanded-tables (1).xlsx
LHFA,F,,215,,1,67.3828,0.03441,,,58.108,60.427,62.746,65.064,67.383,69.701,72.02,74.339,76.657,lhfa-girls-zscore-expanded-tables (1).xlsx
LHFA,F,,216,,1,67.432,0.03441,,,58.151,60.471,62.791,65.112,67.432,69.752,72.073,74.393,76.713,lhfa-girls-zscore-expanded-tables (1).xlsx
LHFA,F,,217,,1,67.481,0.0344,,,58.196,60.517,62.838,65.16,67.481,69.802,72.124,74.445,76.766,lhfa-girls-zscore-expanded-tables (1).xlsx
LHFA,F,,218,,1,67.53,0.0344,,,58.238,60.561,62.884,65.207,67.53,69.853,72.176,74.499,76.822,lhfa-girls-zscore-expanded-tables (1).xlsx
LHFA,F,,219,,1,67.5789,0.0344,,,58.28,60.605,62.929,65.254,67.579,69.904,72.228,74.553,76.878,lhfa-girls-zscore-expanded-tables (1).xlsx
LHFA,F,,220,,1,67.6277,0.0344,,,58.322,60.649,62.975,65.301,67.628,69.954,72.28,74.607,76.933,lhfa-girls-zscore-expanded-tables (1).xlsx
LHFA,F,,221,,1,67.6764,0.0344,,,58.364,60.692,63.02,65.348,67.676,70.004,72.333,74.661,76.989,lhfa-girls-zscore-expanded-tables (1).xlsx
LHFA,F,,222,,1,67.725,0.0344,,,58.406,60.736,63.066,65.395,67.725,70.055,72.384,74.714,77.044,lhfa-girls-zscore-expanded-tables (1).xlsx
LHFA,F,,223,,1,67.7735,0.0344,,,58.448,60.779,63.111,65.442,67.774,70.105,72.436,74.768,77.099,lhfa-girls-zscore-expanded-tables (1).xlsx
LHFA,F,,224,,1,67.8219,0.0344,,,58.49,60.823,63.156,65.489,67.822,70.155,72.488,74.821,77.154,lhfa-girls-zscore-expanded-tables (1).xlsx
LHFA,F,,225,,1,67.8703,0.0344,,,58.531,60.866,63.201,65.536,67.87,70.205,72.54,74.875,77.209,lhfa-girls-zscore-expanded-tables (1).xlsx
LHFA,F,,226,,1,67.9185,0.0344,,,58.573,60.909,63.246,65.582,67.918,70.255,72.591,74.928,77.264,lhfa-girls-zscore-expanded-tables (1).xlsx
LHFA,F,,227,,1,67.9667,0.0344,,,58.614,60.953,63.291,65.629,67.967,70.305,72.643,74.981,77.319,lhfa-girls-zscore-expanded-tables (1).xlsx
LHFA,F,,228,,1,68.0148,0.0344,,,58.656,60.996,63.335,65.675,68.015,70.355,72.694,75.034,77.374,lhfa-girls-zscore-expanded-tables (1).xlsx
LHFA,F,,229,,1,68.0628,0.0344,,,58.697,61.039,63.38,65.721,68.063,70.404,72.746,75.087,77.428,lhfa-girls-zscore-expanded-tables (1).xlsx
LHFA,F,,230,,1,68.1107,0.0344,,,58.739,61.082,63.425,65.768,68.111,70.454,72.797,75.14,77.483,lhfa-girls-zscore-expanded-tables (1).xlsx
LHFA,F,,231,,1,68.1585,0.0344,,,58.78,61.125,63.469,65.814,68.158,70.503,72.848,75.192,77.537,lhfa-girls-zscore-expanded-tables (1).xlsx
LHFA,F,,232,,1,68.2063,0.0344,,,58.821,61.167,63.514,65.86,68.206,70.553,72.899,75.245,77.591,lhfa-girls-zscore-expanded-tables (1).xlsx
LHFA,F,,233,,1,68.254,0.0344,,,58.862,61.21,63.558,65.906,68.254,70.602,72.95,75.298,77.646,lhfa-girls-zscore-expanded-tables (1).xlsx
LHFA,F,,234,,1,68.3016,0.0344,,,58.903,61.253,63.602,65.952,68.302,70.651,73.001,75.35,77.7,lhfa-girls-zscore-expanded-tables (1).xlsx
LHFA,F,,235,,1,68.3491,0.0344,,,58.944,61.295,63.647,65.998,68.349,70.7,73.052,75.403,77.754,lhfa-girls-zscore-expanded-tables (1).xlsx
LHFA,F,,236,,1,68.3965,0.0344,,,58.985,61.338,63.691,66.044,68.396,70.749,73.102,75.455,77.808,lhfa-girls-zscore-expanded-tables (1).xlsx
LHFA,F,,237,,1,68.4439,0.0344,,,59.026,61.38,63.735,66.089,68.444,70.798,73.153,75.507,77.862,lhfa-girls-zscore-expanded-tables (1).xlsx
LHFA,F,,238,,1,68.4911,0.0344,,,59.067,61.423,63.779,66.135,68.491,70.847,73.203,75.559,77.915,lhfa-girls-zscore-expanded-tables (1).xlsx
LHFA,F,,239,,1,68.5383,0.0344,,,59.107,61.465,63.823,66.181,68.538,70.896,73.254,75.611,77.969,lhfa-girls-zscore-expanded-tables (1).xlsx
LHFA,F,,240,,1,68.5855,0.0344,,,59.148,61.507,63.867,66.226,68.586,70.945,73.304,75.664,78.023,lhfa-girls-zscore-expanded-tables (1).xlsx
LHFA,F,,241,,1,68.6325,0.0344,,,59.189,61.55,63.911,66.272,68.632,70.993,73.354,75.715,78.076,lhfa-girls-zscore-expanded-tables (1).xlsx
LHFA,F,,242,,1,68.6795,0.0344,,,59.229,61.592,63.954,66.317,68.68,71.042,73.405,75.767,78.13,lhfa-girls-zscore-expanded-tables (1).xlsx
LHFA,F,,243,,1,68.7264,0.0344,,,59.27,61.634,63.998,66.362,68.726,71.091,73.455,75.819,78.183,lhfa-girls-zscore-expanded-tables (1).xlsx
LHFA,F,,244,,1,68.7732,0.0344,,,59.31,61.676,64.042,66.407,68.773,71.139,73.505,75.871,78.236,lhfa-girls-zscore-expanded-tables (1).xlsx
LHFA,F,,245,,1,68.82,0.0344,,,59.35,61.718,64.085,66.453,68.82,71.187,73.555,75.922,78.29,lhfa-girls-zscore-expanded-tables (1).xlsx
LHFA,F,,246,,1,68.8666,0.0344,,,59.391,61.76,64.129,66.498,68.867,71.236,73.605,75.974,78.343,lhfa-girls-zscore-expanded-tables (1).xlsx
LHFA,F,,247,,1,68.9133,0.0344,,,59.431,61.801,64.172,66.543,68.913,71.284,73.655,76.025,78.396,lhfa-girls-zscore-expanded-tables (1).xlsx
LHFA,F,,248,,1,68.9598,0.0344,,,59.471,61.843,64.215,66.588,68.96,71.332,73.704,76.076,78.449,lhfa-girls-zscore-expanded-tables (1).xlsx
LHFA,F,,249,,1,69.0063,0.0344,,,59.511,61.885,64.259,66.632,69.006,71.38,73.754,76.128,78.502,lhfa-girls-zscore-expanded-tables (1).xlsx
LHFA,F,,250,,1,69.0527,0.0344,,,59.551,61.926,64.302,66.677,69.053,71.428,73.804,76.179,78.554,lhfa-girls-zscore-expanded-tables (1).xlsx
LHFA,F,,251,,1,69.099,0.03441,,,59.588,61.966,64.344,66.721,69.099,71.477,73.854,76.232,78.61,lhfa-girls-zscore-expanded-tables (1).xlsx
LHFA,F,,252,,1,69.1452,0.03441,,,59.628,62.007,64.387,66.766,69.145,71.524,73.904,76.283,78.662,lhfa-girls-zscore-expanded-tables (1).xlsx
LHFA,F,,253,,1,69.1914,0.03441,,,59.668,62.049,64.43,66.811,69.191,71.572,73.953,76.334,78.715,lhfa-girls-zscore-expanded-tables (1).xlsx
LHFA,F,,254,,1,69.2376,0.03441,,,59.708,62.09,64.473,66.855,69.238,71.62,74.003,76.385,78.767,lhfa-girls-zscore-expanded-tables (1).xlsx
LHFA,F,,255,,1,69.2836,0.03441,,,59.747,62.131,64.516,66.9,69.284,71.668,74.052,76.436,78.82,lhfa-girls-zscore-expanded-tables (1).xlsx
LHFA,F,,256,,1,69.3296,0.03441,,,59.787,62.173,64.558,66.944,69.33,71.715,74.101,76.486,78.872,lhfa-girls-zscore-expanded-tables (1).xlsx
LHFA,F,,257,,1,69.3755,0.03441,,,59.827,62.214,64.601,66.988,69.376,71.763,74.15,76.537,78.924,lhfa-girls-zscore-expanded-tables (1).xlsx
LHFA,F,,258,,1,69.4214,0.03441,,,59.866,62.255,64.644,67.033,69.421,71.81,74.199,76.588,78.977,lhfa-girls-zscore-expanded-tables (1).xlsx
LHFA,F,,259,,1,69.4672,0.03441,,,59.906,62.296,64.686,67.077,69.467,71.858,74.248,76.638,79.029,lhfa-girls-zscore-expanded-tables (1).xlsx
LHFA,F,,260,,1,69.5129,0.03442,,,59.942,62.335,64.728,67.12,69.513,71.906,74.298,76.691,79.083,lhfa-girls-zscore-expanded-tables (1).xlsx
LHFA,F,,261,,1,69.5585,0.03442,,,59.982,62.376,64.77,67.164,69.558,71.953,74.347,76.741,79.135,lhfa-girls-zscore-expanded-tables (1).xlsx
LHFA,F,,262,,1,69.6041,0.03442,,,60.021,62.417,64.813,67.208,69.604,72,74.396,76.791,79.187,lhfa-girls-zscore-expanded-tables (1).xlsx
LHFA,F,,263,,1,69.6496,0.03442,,,60.06,62.458,64.855,67.252,69.65,72.047,74.444,76.842,79.239,lhfa-girls-zscore-expanded-tables (1).xlsx
LHFA,F,,264,,1,69.6951,0.03442,,,60.099,62.498,64.897,67.296,69.695,72.094,74.493,76.892,79.291,lhfa-girls-zscore-expanded-tables (1).xlsx
LHFA,F,,265,,1,69.7405,0.03442,,,60.139,62.539,64.94,67.34,69.74,72.141,74.541,76.942,79.342,lhfa-girls-zscore-expanded-tables (1).xlsx
LHFA,F,,266,,1,69.7858,0.03443,,,60.175,62.578,64.98,67.383,69.786,72.189,74.591,76.994,79.397,lhfa-girls-zscore-expanded-tables (1).xlsx
LHFA,F,,267,,1,69.8311,0.03443,,,60.214,62.618,65.023,67.427,69.831,72.235,74.64,77.044,79.448,lhfa-girls-zscore-expanded-tables (1).xlsx
LHFA,F,,268,,1,69.8763,0.03443,,,60.253,62.659,65.065,67.47,69.876,72.282,74.688,77.094,79.5,lhfa-girls-zscore-expanded-tables (1).xlsx
LHFA,F,,269,,1,69.9215,0.03443,,,60.292,62.699,65.107,67.514,69.922,72.329,74.736,77.144,79.551,lhfa-girls-zscore-expanded-tables (1).xlsx
LHFA,F,,270,,1,69.9666,0.03443,,,60.331,62.74,65.149,67.558,69.967,72.376,74.785,77.193,79.602,lhfa-girls-zscore-expanded-tables (1).xlsx
LHFA,F,,271,,1,70.0116,0.03444,,,60.367,62.778,65.189,67.6,70.012,72.423,74.834,77.245,79.656,lhfa-girls-zscore-expanded-tables (1).xlsx
LHFA,F,,272,,1,70.0566,0.03444,,,60.406,62.818,65.231,67.644,70.057,72.469,74.882,77.295,79.708,lhfa-girls-zscore-expanded-tables (1).xlsx
LHFA,F,,273,,1,70.1015,0.03444,,,60.444,62.859,65.273,67.687,70.102,72.516,74.93,77.344,79.759,lhfa-girls-zscore-expanded-tables (1).xlsx
LHFA,F,,274,,1,70.1463,0.03444,,,60.483,62.899,65.315,67.73,70.146,72.562,74.978,77.394,79.81,lhfa-girls-zscore-expanded-tables (1).xlsx
LHFA,F,,275,,1,70.1911,0.03444,,,60.522,62.939,65.356,67.774,70.191,72.608,75.026,77.443,79.861,lhfa-girls-zscore-expanded-tables (1).xlsx
LHFA,F,,276,,1,70.2358,0.03445,,,60.557,62.977,65.397,67.816,70.236,72.655,75.075,77.495,79.914,lhfa-girls-zscore-expanded-tables (1).xlsx
LHFA,F,,277,,1,70.2805,0.03445,,,60.596,63.017,65.438,67.859,70.28,72.702,75.123,77.544,79.965,lhfa-girls-zscore-expanded-tables (1).xlsx
LHFA,F,,278,,1,70.3251,0.03445,,,60.634,63.057,65.48,67.902,70.325,72.748,75.17,77.593,80.016,lhfa-girls-zscore-expanded-tables (1).xlsx
LHFA,F,,279,,1,70.3697,0.03445,,,60.673,63.097,65.521,67.945,70.37,72.794,75.218,77.642,80.067,lhfa-girls-zscore-expanded-tables (1).xlsx
LHFA,F,,280,,1,70.4142,0.03445,,,60.711,63.137,65.563,67.988,70.414,72.84,75.266,77.692,80.117,lhfa-girls-zscore-expanded-tables (1).xlsx
LHFA,F,,281,,1,70.4586,0.03446,,,60.747,63.175,65.603,68.031,70.459,72.887,75.315,77.743,80.171,lhfa-girls-zscore-expanded-tables (1).xlsx
LHFA,F,,282,,1,70.503,0.03446,,,60.785,63.214,65.644,68.073,70.503,72.933,75.362,77.792,80.221,lhfa-girls-zscore-expanded-tables (1).xlsx
LHFA,F,,283,,1,70.5474,0.03446,,,60.823,63.254,65.685,68.116,70.547,72.978,75.41,77.841,80.272,lhfa-girls-zscore-expanded-tables (1).xlsx
LHFA,F,,284,,1,70.5917,0.03446,,,60.861,63.294,65.727,68.159,70.592,73.024,75.457,77.889,80.322,lhfa-girls-zscore-expanded-tables (1).xlsx
LHFA,F,,285,,1,70.6359,0.03447,,,60.897,63.331,65.766,68.201,70.636,73.071,75.506,77.94,80.375,lhfa-girls-zscore-expanded-tables (1).xlsx
LHFA,F,,286,,1,70.68,0.03447,,,60.935,63.371,65.807,68.244,70.68,73.116,75.553,77.989,80.425,lhfa-girls-zscore-expanded-tables (1).xlsx
LHFA,F,,287,,1,70.7241,0.03447,,,60.973,63.411,65.848,68.286,70.724,73.162,75.6,78.038,80.476,lhfa-girls-zscore-expanded-tables (1).xlsx
LHFA,F,,288,,1,70.7682,0.03448,,,61.008,63.448,65.888,68.328,70.768,73.208,75.648,78.088,80.529,lhfa-girls-zscore-expanded-tables (1).xlsx
LHFA,F,,289,,1,70.8122,0.03448,,,61.046,63.487,65.929,68.371,70.812,73.254,75.695,78.137,80.579,lhfa-girls-zscore-expanded-tables (1).xlsx
LHFA,F,,290,,1,70.8561,0.03448,,,61.084,63.527,65.97,68.413,70.856,73.299,75.742,78.185,80.629,lhfa-girls-zscore-expanded-tables (1).xlsx
LHFA,F,,291,,1,70.9,0.03448,,,61.121,63.566,66.011,68.455,70.9,73.345,75.789,78.234,80.679,lhfa-girls-zscore-expanded-tables (1).xlsx
LHFA,F,,292,,1,70.9439,0.03449,,,61.156,63.603,66.05,68.497,70.944,73.391,75.838,78.284,80.731,lhfa-girls-zscore-expanded-tables (1).xlsx
LHFA,F,,293,,1,70.9876,0.03449,,,61.194,63.643,66.091,68.539,70.988,73.436,75.884,78.333,80.781,lhfa-girls-zscore-expanded-tables (1).xlsx
LHFA,F,,294,,1,71.0314,0.03449,,,61.232,63.682,66.132,68.582,71.031,73.481,75.931,78.381,80.831,lhfa-girls-zscore-expanded-tables (1).xlsx
LHFA,F,,295,,1,71.075,0.0345,,,61.267,63.719,66.171,68.623,71.075,73.527,75.979,78.431,80.883,lhfa-girls-zscore-expanded-tables (1).xlsx
LHFA,F,,296,,1,71.1187,0.0345,,,61.304,63.758,66.212,68.665,71.119,73.572,76.026,78.479,80.933,lhfa-girls-zscore-expanded-tables (1).xlsx
LHFA,F,,297,,1,71.1622,0.0345,,,61.342,63.797,66.252,68.707,71.162,73.617,76.072,78.527,80.983,lhfa-girls-zscore-expanded-tables (1).xlsx
LHFA,F,,298,,1,71.2057,0.0345,,,61.379,63.836,66.293,68.749,71.206,73.662,76.119,78.575,81.032,lhfa-girls-zscore-expanded-tables (1).xlsx
LHFA,F,,299,,1,71.2492,0.03451,,,61.414,63.873,66.332,68.79,71.249,73.708,76.167,78.626,81.084,lhfa-girls-zscore-expanded-tables (1).xlsx
LHFA,F,,300,,1,71.2926,0.03451,,,61.451,63.912,66.372,68.832,71.293,73.753,76.213,78.674,81.134,lhfa-girls-zscore-expanded-tables (1).xlsx
LHFA,F,,301,,1,71.3359,0.03451,,,61.489,63.95,66.412,68.874,71.336,73.798,76.26,78.721,81.183,lhfa-girls-zscore-expanded-tables (1).xlsx
LHFA,F,,302,,1,71.3792,0.03452,,,61.523,63.987,66.451,68.915,71.379,73.843,76.307,78.771,81.235,lhfa-girls-zscore-expanded-tables (1).xlsx
LHFA,F,,303,,1,71.4224,0.03452,,,61.56,64.026,66.491,68.957,71.422,73.888,76.353,78.819,81.284,lhfa-girls-zscore-expanded-tables (1).xlsx
LHFA,F,,304,,1,71.4656,0.03452,,,61.598,64.065,66.532,68.999,71.466,73.933,76.4,78.867,81.334,lhfa-girls-zscore-expanded-tables (1).xlsx
LHFA,F,,305,,1,71.5088,0.03453,,,61.632,64.101,66.57,69.04,71.509,73.978,76.447,78.916,81.386,lhfa-girls-zscore-expanded-tables (1).xlsx
LHFA,F,,306,,1,71.5518,0.03453,,,61.669,64.14,66.61,69.081,71.552,74.022,76.493,78.964,81.435,lhfa-girls-zscore-expanded-tables (1).xlsx
LHFA,F,,307,,1,71.5949,0.03453,,,61.706,64.178,66.651,69.123,71.595,74.067,76.539,79.011,81.484,lhfa-girls-zscore-expanded-tables (1).xlsx
LHFA,F,,308,,1,71.6378,0.03454,,,61.74,64.215,66.689,69.163,71.638,74.112,76.587,79.061,81.535,lhfa-girls-zscore-expanded-tables (1).xlsx
LHFA,F,,309,,1,71.6808,0.03454,,,61.777,64.253,66.729,69.205,71.681,74.157,76.633,79.108,81.584,lhfa-girls-zscore-expanded-tables (1).xlsx
LHFA,F,,310,,1,71.7236,0.03454,,,61.814,64.292,66.769,69.246,71.724,74.201,76.678,79.156,81.633,lhfa-girls-zscore-expanded-tables (1).xlsx
LHFA,F,,311,,1,71.7664,0.03455,,,61.848,64.328,66.807,69.287,71.766,74.246,76.725,79.205,81.685,lhfa-girls-zscore-expanded-tables (1).xlsx
LHFA,F,,312,,1,71.8092,0.03455,,,61.885,64.366,66.847,69.328,71.809,74.29,76.771,79.252,81.733,lhfa-girls-zscore-expanded-tables (1).xlsx
LHFA,F,,313,,1,71.8519,0.03456,,,61.919,64.402,66.885,69.369,71.852,74.335,76.818,79.302,81.785,lhfa-girls-zscore-expanded-tables (1).xlsx
LHFA,F,,314,,1,71.8946,0.03456,,,61.956,64.441,66.925,69.41,71.895,74.379,76.864,79.349,81.833,lhfa-girls-zscore-expanded-tables (1).xlsx
LHFA,F,,315,,1,71.9372,0.03456,,,61.993,64.479,66.965,69.451,71.937,74.423,76.909,79.396,81.882,lhfa-girls-zscore-expanded-tables (1).xlsx
LHFA,F,,316,,1,71.9798,0.03457,,,62.026,64.515,67.003,69.491,71.98,74.468,76.956,79.445,81.933,lhfa-girls-zscore-expanded-tables (1).xlsx
LHFA,F,,317,,1,72.0223,0.03457,,,62.063,64.553,67.043,69.532,72.022,74.512,77.002,79.492,81.982,lhfa-girls-zscore-expanded-tables (1).xlsx
LHFA,F,,318,,1,72.0647,0.03457,,,62.1,64.591,67.082,69.573,72.065,74.556,77.047,79.539,82.03,lhfa-girls-zscore-expanded-tables (1).xlsx
LHFA,F,,319,,1,72.1071,0.03458,,,62.133,64.627,67.12,69.614,72.107,74.601,77.094,79.587,82.081,lhfa-girls-zscore-expanded-tables (1).xlsx
LHFA,F,,320,,1,72.1495,0.03458,,,62.17,64.665,67.16,69.655,72.15,74.644,77.139,79.634,82.129,lhfa-girls-zscore-expanded-tables (1).xlsx
LHFA,F,,321,,1,72.1918,0.03459,,,62.203,64.7,67.198,69.695,72.192,74.689,77.186,79.683,82.18,lhfa-girls-zscore-expanded-tables (1).xlsx
LHFA,F,,322,,1,72.234,0.03459,,,62.24,64.738,67.237,69.735,72.234,74.733,77.231,79.73,82.228,lhfa-girls-zscore-expanded-tables (1).xlsx
LHFA,F,,323,,1,72.2762,0.03459,,,62.276,64.776,67.276,69.776,72.276,74.776,77.276,79.776,82.276,lhfa-girls-zscore-expanded-tables (1).xlsx
LHFA,F,,324,,1,72.3184,0.0346,,,62.31,64.812,67.314,69.816,72.318,74.821,77.323,79.825,82.327,lhfa-girls-zscore-expanded-tables (1).xlsx
LHFA,F,,325,,1,72.3605,0.0346,,,62.346,64.849,67.353,69.857,72.36,74.864,77.368,79.872,82.375,lhfa-girls-zscore-expanded-tables (1).xlsx
LHFA,F,,326,,1,72.4025,0.03461,,,62.379,64.885,67.391,69.897,72.402,74.908,77.414,79.92,82.426,lhfa-girls-zscore-expanded-tables (1).xlsx
LHFA,F,,327,,1,72.4445,0.03461,,,62.415,64.923,67.43,69.937,72.444,74.952,77.459,79.966,82.474,lhfa-girls-zscore-expanded-tables (1).xlsx
LHFA,F,,328,,1,72.4865,0.03461,,,62.451,64.96,67.469,69.978,72.486,74.995,77.504,80.013,82.522,lhfa-girls-zscore-expanded-tables (1).xlsx
LHFA,F,,329,,1,72.5284,0.03462,,,62.485,64.996,67.507,70.017,72.528,75.039,77.55,80.061,82.572,lhfa-girls-zscore-expanded-tables (1).xlsx
LHFA,F,,330,,1,72.5702,0.03462,,,62.521,65.033,67.545,70.058,72.57,75.083,77.595,80.107,82.62,lhfa-girls-zscore-expanded-tables (1).xlsx
LHFA,F,,331,,1,72.612,0.03463,,,62.554,65.068,67.583,70.097,72.612,75.127,77.641,80.156,82.67,lhfa-girls-zscore-expanded-tables (1).xlsx
LHFA,F,,332,,1,72.6538,0.03463,,,62.59,65.106,67.622,70.138,72.654,75.17,77.686,80.202,82.718,lhfa-girls-zscore-expanded-tables (1).xlsx
LHFA,F,,333,,1,72.6955,0.03464,,,62.623,65.141,67.659,70.177,72.696,75.214,77.732,80.25,82.768,lhfa-girls-zscore-expanded-tables (1).xlsx
LHFA,F,,334,,1,72.7372,0.03464,,,62.659,65.178,67.698,70.218,72.737,75.257,77.776,80.296,82.816,lhfa-girls-zscore-expanded-tables (1).xlsx
LHFA,F,,335,,1,72.7788,0.03464,,,62.695,65.216,67.737,70.258,72.779,75.3,77.821,80.342,82.863,lhfa-girls-zscore-expanded-tables (1).xlsx
LHFA,F,,336,,1,72.8203,0.03465,,,62.727,65.251,67.774,70.297,72.82,75.344,77.867,80.39,82.913,lhfa-girls-zscore-expanded-tables (1).xlsx
LHFA,F,,337,,1,72.8618,0.03465,,,62.763,65.288,67.812,70.337,72.862,75.386,77.911,80.436,82.96,lhfa-girls-zscore-expanded-tables (1).xlsx
LHFA,F,,338,,1,72.9033,0.03466,,,62.796,65.323,67.85,70.376,72.903,75.43,77.957,80.484,83.011,lhfa-girls-zscore-expanded-tables (1).xlsx
LHFA,F,,339,,1,72.9447,0.03466,,,62.832,65.36,67.888,70.416,72.945,75.473,78.001,80.529,83.058,lhfa-girls-zscore-expanded-tables (1).xlsx
LHFA,F,,340,,1,72.9861,0.03467,,,62.864,65.395,67.925,70.456,72.986,75.517,78.047,80.577,83.108,lhfa-girls-zscore-expanded-tables (1).xlsx
LHFA,F,,341,,1,73.0274,0.03467,,,62.9,65.432,67.964,70.496,73.027,75.559,78.091,80.623,83.155,lhfa-girls-zscore-expanded-tables (1).xlsx
LHFA,F,,342,,1,73.0686,0.03468,,,62.933,65.467,68.001,70.535,73.069,75.603,78.137,80.671,83.205,lhfa-girls-zscore-expanded-tables (1).xlsx
LHFA,F,,343,,1,73.1099,0.03468,,,62.968,65.504,68.039,70.574,73.11,75.645,78.181,80.716,83.252,lhfa-girls-zscore-expanded-tables (1).xlsx
LHFA,F,,344,,1,73.151,0.03469,,,63.001,65.538,68.076,70.613,73.151,75.689,78.226,80.764,83.301,lhfa-girls-zscore-expanded-tables (1).xlsx
LHFA,F,,345,,1,73.1922,0.03469,,,63.036,65.575,68.114,70.653,73.192,75.731,78.27,80.809,83.348,lhfa-girls-zscore-expanded-tables (1).xlsx
LHFA,F,,346,,1,73.2332,0.03469,,,63.071,65.612,68.152,70.693,73.233,75.774,78.314,80.855,83.395,lhfa-girls-zscore-expanded-tables (1).xlsx
LHFA,F,,347,,1,73.2743,0.0347,,,63.104,65.646,68.189,70.732,73.274,75.817,78.36,80.902,83.445,lhfa-girls-zscore-expanded-tables (1).xlsx
LHFA,F,,348,,1,73.3152,0.0347,,,63.139,65.683,68.227,70.771,73.315,75.859,78.403,80.947,83.491,lhfa-girls-zscore-expanded-tables (1).xlsx
LHFA,F,,349,,1,73.3562,0.03471,,,63.171,65.718,68.264,70.81,73.356,75.902,78.449,80.995,83.541,lhfa-girls-zscore-expanded-tables (1).xlsx
LHFA,F,,350,,1,73.3971,0.03471,,,63.207,65.754,68.302,70.849,73.397,75.945,78.492,81.04,83.588,lhfa-girls-zscore-expanded-tables (1).xlsx
LHFA,F,,351,,1,73.4379,0.03472,,,63.239,65.789,68.338,70.888,73.438,75.988,78.537,81.087,83.637,lhfa-girls-zscore-expanded-tables (1).xlsx
LHFA,F,,352,,1,73.4787,0.03472,,,63.274,65.825,68.376,70.928,73.479,76.03,78.581,81.132,83.683,lhfa-girls-zscore-expanded-tables (1).xlsx
LHFA,F,,353,,1,73.5195,0.03473,,,63.306,65.86,68.413,70.966,73.52,76.073,78.626,81.179,83.733,lhfa-girls-zscore-expanded-tables (1).xlsx
LHFA,F,,354,,1,73.5602,0.03473,,,63.341,65.896,68.451,71.005,73.56,76.115,78.67,81.224,83.779,lhfa-girls-zscore-expanded-tables (1).xlsx
LHFA,F,,355,,1,73.6008,0.03474,,,63.373,65.93,68.487,71.044,73.601,76.158,78.715,81.271,83.828,lhfa-girls-zscore-expanded-tables (1).xlsx
LHFA,F,,356,,1,73.6414,0.03474,,,63.408,65.966,68.525,71.083,73.641,76.2,78.758,81.316,83.875,lhfa-girls-zscore-expanded-tables (1).xlsx
LHFA,F,,357,,1,73.682,0.03475,,,63.44,66.001,68.561,71.122,73.682,76.242,78.803,81.363,83.924,lhfa-girls-zscore-expanded-tables (1).xlsx
LHFA,F,,358,,1,73.7225,0.03475,,,63.475,66.037,68.599,71.161,73.722,76.284,78.846,81.408,83.97,lhfa-girls-zscore-expanded-tables (1).xlsx
LHFA,F,,359,,1,73.763,0.03476,,,63.507,66.071,68.635,71.199,73.763,76.327,78.891,81.455,84.019,lhfa-girls-zscore-expanded-tables (1).xlsx
LHFA,F,,360,,1,73.8034,0.03476,,,63.542,66.107,68.673,71.238,73.803,76.369,78.934,81.5,84.065,lhfa-girls-zscore-expanded-tables (1).xlsx
LHFA,F,,361,,1,73.8438,0.03477,,,63.574,66.141,68.709,71.276,73.844,76.411,78.979,81.546,84.114,lhfa-girls-zscore-expanded-tables (1).xlsx
LHFA,F,,362,,1,73.8842,0.03477,,,63.608,66.177,68.746,71.315,73.884,76.453,79.022,81.591,84.16,lhfa-girls-zscore-expanded-tables (1).xlsx
LHFA,F,,363,,1,73.9245,0.03478,,,63.64,66.211,68.782,71.353,73.924,76.496,79.067,81.638,84.209,lhfa-girls-zscore-expanded-tables (1).xlsx
LHFA,F,,364,,1,73.9647,0.03478,,,63.675,66.247,68.82,71.392,73.965,76.537,79.11,81.682,84.255,lhfa-girls-zscore-expanded-tables (1).xlsx
LHFA,F,,365,,1,74.0049,0.03479,,,63.706,66.281,68.856,71.43,74.005,76.58,79.154,81.729,84.303,lhfa-girls-zscore-expanded-tables (1).xlsx
LHFA,F,,366,,1,74.0451,0.03479,,,63.741,66.317,68.893,71.469,74.045,76.621,79.197,81.773,84.349,lhfa-girls-zscore-expanded-tables (1).xlsx
LHFA,F,,367,,1,74.0852,0.0348,,,63.773,66.351,68.929,71.507,74.085,76.663,79.242,81.82,84.398,lhfa-girls-zscore-expanded-tables (1).xlsx
LHFA,F,,368,,1,74.1253,0.0348,,,63.807,66.387,68.966,71.546,74.125,76.705,79.284,81.864,84.444,lhfa-girls-zscore-expanded-tables (1).xlsx
LHFA,F,,369,,1,74.1653,0.03481,,,63.839,66.42,69.002,71.584,74.165,76.747,79.329,81.91,84.492,lhfa-girls-zscore-expanded-tables (1).xlsx
LHFA,F,,370,,1,74.2053,0.03482,,,63.87,66.454,69.038,71.621,74.205,76.789,79.373,81.957,84.541,lhfa-girls-zscore-expanded-tables (1).xlsx
LHFA,F,,371,,1,74.2452,0.03482,,,63.904,66.49,69.075,71.66,74.245,76.83,79.416,82.001,84.586,lhfa-girls-zscore-expanded-tables (1).xlsx
LHFA,F,,372,,1,74.2851,0.03483,,,63.936,66.523,69.11,71.698,74.285,76.872,79.46,82.047,84.635,lhfa-girls-zscore-expanded-tables (1).xlsx
LHFA,F,,373,,1,74.325,0.03483,,,63.97,66.559,69.148,71.736,74.325,76.914,79.502,82.091,84.68,lhfa-girls-zscore-expanded-tables (1).xlsx
LHFA,F,,374,,1,74.3648,0.03484,,,64.001,66.592,69.183,71.774,74.365,76.956,79.547,82.137,84.728,lhfa-girls-zscore-expanded-tables (1).xlsx
LHFA,F,,375,,1,74.4045,0.03484,,,64.035,66.628,69.22,71.812,74.404,76.997,79.589,82.181,84.774,lhfa-girls-zscore-expanded-tables (1).xlsx
LHFA,F,,376,,1,74.4443,0.03485,,,64.067,66.661,69.256,71.85,74.444,77.039,79.633,82.227,84.822,lhfa-girls-zscore-expanded-tables (1).xlsx
LHFA,F,,377,,1,74.4839,0.03485,,,64.101,66.697,69.292,71.888,74.484,77.08,79.675,82.271,84.867,lhfa-girls-zscore-expanded-tables (1).xlsx
LHFA,F,,378,,1,74.5236,0.03486,,,64.132,66.73,69.328,71.926,74.524,77.121,79.719,82.317,84.915,lhfa-girls-zscore-expanded-tables (1).xlsx
LHFA,F,,379,,1,74.5632,0.03486,,,64.166,66.765,69.365,71.964,74.563,77.162,79.762,82.361,84.96,lhfa-girls-zscore-expanded-tables (1).xlsx
LHFA,F,,380,,1,74.6027,0.03487,,,64.197,66.799,69.4,72.001,74.603,77.204,79.805,82.407,85.008,lhfa-girls-zscore-expanded-tables (1).xlsx
LHFA,F,,381,,1,74.6422,0.03488,,,64.228,66.832,69.435,72.039,74.642,77.246,79.849,82.453,85.056,lhfa-girls-zscore-expanded-tables (1).xlsx
LHFA,F,,382,,1,74.6817,0.03488,,,64.262,66.867,69.472,72.077,74.682,77.287,79.891,82.496,85.101,lhfa-girls-zscore-expanded-tables (1).xlsx
LHFA,F,,383,,1,74.7211,0.03489,,,64.293,66.9,69.507,72.114,74.721,77.328,79.935,82.542,85.149,lhfa-girls-zscore-expanded-tables (1).xlsx
LHFA,F,,384,,1,74.7605,0.03489,,,64.327,66.935,69.544,72.152,74.76,77.369,79.977,82.586,85.194,lhfa-girls-zscore-expanded-tables (1).xlsx
LHFA,F,,385,,1,74.7998,0.0349,,,64.358,66.968,69.579,72.189,74.8,77.41,80.021,82.631,85.242,lhfa-girls-zscore-expanded-tables (1).xlsx
LHFA,F,,386,,1,74.8391,0.0349,,,64.392,67.003,69.615,72.227,74.839,77.451,80.063,82.675,85.287,lhfa-girls-zscore-expanded-tables (1).xlsx
LHFA,F,,387,,1,74.8784,0.03491,,,64.422,67.036,69.65,72.264,74.878,77.492,80.106,82.72,85.334,lhfa-girls-zscore-expanded-tables (1).xlsx
LHFA,F,,388,,1,74.9176,0.03491,,,64.456,67.071,69.687,72.302,74.918,77.533,80.148,82.764,85.379,lhfa-girls-zscore-expanded-tables (1).xlsx
LHFA,F,,389,,1,74.9567,0.03492,,,64.487,67.104,69.722,72.339,74.957,77.574,80.192,82.809,85.427,lhfa-girls-zscore-expanded-tables (1).xlsx
LHFA,F,,390,,1,74.9959,0.03493,,,64.517,67.137,69.757,72.376,74.996,77.616,80.235,82.855,85.474,lhfa-girls-zscore-expanded-tables (1).xlsx
LHFA,F,,391,,1,75.0349,0.03493,,,64.551,67.172,69.793,72.414,75.035,77.656,80.277,82.898,85.519,lhfa-girls-zscore-expanded-tables (1).xlsx
LHFA,F,,392,,1,75.074,0.03494,,,64.582,67.205,69.828,72.451,75.074,77.697,80.32,82.943,85.566,lhfa-girls-zscore-expanded-tables (1).xlsx
LHFA,F,,393,,1,75.113,0.03494,,,64.615,67.24,69.864,72.489,75.113,77.737,80.362,82.986,85.611,lhfa-girls-zscore-expanded-tables (1).xlsx
LHFA,F,,394,,1,75.1519,0.03495,,,64.646,67.272,69.899,72.525,75.152,77.778,80.405,83.032,85.658,lhfa-girls-zscore-expanded-tables (1).xlsx
LHFA,F,,395,,1,75.1908,0.03495,,,64.679,67.307,69.935,72.563,75.191,77.819,80.447,83.075,85.702,lhfa-girls-zscore-expanded-tables (1).xlsx
LHFA,F,,396,,1,75.2297,0.03496,,,64.71,67.34,69.97,72.6,75.23,77.86,80.49,83.12,85.75,lhfa-girls-zscore-expanded-tables (1).xlsx
LHFA,F,,397,,1,75.2686,0.03497,,,64.74,67.372,70.004,72.636,75.269,77.901,80.533,83.165,85.797,lhfa-girls-zscore-expanded-tables (1).xlsx
LHFA,F,,398,,1,75.3073,0.03497,,,64.773,67.407,70.04,72.674,75.307,77.941,80.574,83.208,85.841,lhfa-girls-zscore-expanded-tables (1).xlsx
LHFA,F,,399,,1,75.3461,0.03498,,,64.804,67.439,70.075,72.71,75.346,77.982,80.617,83.253,85.889,lhfa-girls-zscore-expanded-tables (1).xlsx
LHFA,F,,400,,1,75.3848,0.03498,,,64.837,67.474,70.111,72.748,75.385,78.022,80.659,83.296,85.933,lhfa-girls-zscore-expanded-tables (1).xlsx
LHFA,F,,401,,1,75.4235,0.03499,,,64.867,67.506,70.145,72.784,75.424,78.063,80.702,83.341,85.98,lhfa-girls-zscore-expanded-tables (1).xlsx
LHFA,F,,402,,1,75.4621,0.035,,,64.897,67.539,70.18,72.821,75.462,78.103,80.744,83.386,86.027,lhfa-girls-zscore-expanded-tables (1).xlsx
LHFA,F,,403,,1,75.5007,0.035,,,64.931,67.573,70.216,72.858,75.501,78.143,80.786,83.428,86.071,lhfa-girls-zscore-expanded-tables (1).xlsx
LHFA,F,,404,,1,75.5392,0.03501,,,64.961,67.605,70.25,72.895,75.539,78.184,80.828,83.473,86.118,lhfa-girls-zscore-expanded-tables (1).xlsx
LHFA,F,,405,,1,75.5777,0.03501,,,64.994,67.64,70.286,72.932,75.578,78.224,80.87,83.516,86.162,lhfa-girls-zscore-expanded-tables (1).xlsx
LHFA,F,,406,,1,75.6162,0.03502,,,65.024,67.672,70.32,72.968,75.616,78.264,80.912,83.56,86.209,lhfa-girls-zscore-expanded-tables (1).xlsx
LHFA,F,,407,,1,75.6546,0.03503,,,65.054,67.704,70.354,73.004,75.655,78.305,80.955,83.605,86.255,lhfa-girls-zscore-expanded-tables (1).xlsx
LHFA,F,,408,,1,75.693,0.03503,,,65.087,67.738,70.39,73.041,75.693,78.345,80.996,83.648,86.299,lhfa-girls-zscore-expanded-tables (1).xlsx
LHFA,F,,409,,1,75.7313,0.03504,,,65.117,67.77,70.424,73.078,75.731,78.385,81.039,83.692,86.346,lhfa-girls-zscore-expanded-tables (1).xlsx
LHFA,F,,410,,1,75.7696,0.03504,,,65.15,67.805,70.46,73.115,75.77,78.425,81.08,83.735,86.389,lhfa-girls-zscore-expanded-tables (1).xlsx
LHFA,F,,411,,1,75.8079,0.03505,,,65.18,67.837,70.494,73.151,75.808,78.465,81.122,83.779,86.436,lhfa-girls-zscore-expanded-tables (1).xlsx
LHFA,F,,412,,1,75.8461,0.03506,,,65.209,67.869,70.528,73.187,75.846,78.505,81.164,83.824,86.483,lhfa-girls-zscore-expanded-tables (1).xlsx
LHFA,F,,413,,1,75.8843,0.03506,,,65.242,67.903,70.563,73.224,75.884,78.545,81.205,83.866,86.526,lhfa-girls-zscore-expanded-tables (1).xlsx
LHFA,F,,414,,1,75.9224,0.03507,,,65.272,67.935,70.597,73.26,75.922,78.585,81.248,83.91,86.573,lhfa-girls-zscore-expanded-tables (1).xlsx
LHFA,F,,415,,1,75.9605,0.03507,,,65.305,67.969,70.633,73.297,75.96,78.624,81.288,83.952,86.616,lhfa-girls-zscore-expanded-tables (1).xlsx
LHFA,F,,416,,1,75.9986,0.03508,,,65.334,68.001,70.667,73.333,75.999,78.665,81.331,83.997,86.663,lhfa-girls-zscore-expanded-tables (1).xlsx
LHFA,F,,417,,1,76.0366,0.03509,,,65.364,68.032,70.7,73.368,76.037,78.705,81.373,84.041,86.709,lhfa-girls-zscore-expanded-tables (1).xlsx
LHFA,F,,418,,1,76.0746,0.03509,,,65.397,68.066,70.736,73.405,76.075,78.744,81.414,84.083,86.752,lhfa-girls-zscore-expanded-tables (1).xlsx
LHFA,F,,419,,1,76.1125,0.0351,,,65.426,68.098,70.769,73.441,76.112,78.784,81.456,84.127,86.799,lhfa-girls-zscore-expanded-tables (1).xlsx
LHFA,F,,420,,1,76.1504,0.03511,,,65.456,68.129,70.803,73.477,76.15,78.824,81.498,84.171,86.845,lhfa-girls-zscore-expanded-tables (1).xlsx
LHFA,F,,421,,1,76.1883,0.03511,,,65.488,68.163,70.838,73.513,76.188,78.863,81.538,84.213,86.888,lhfa-girls-zscore-expanded-tables (1).xlsx
LHFA,F,,422,,1,76.2261,0.03512,,,65.518,68.195,70.872,73.549,76.226,78.903,81.58,84.257,86.934,lhfa-girls-zscore-expanded-tables (1).xlsx
LHFA,F,,423,,1,76.2639,0.03512,,,65.55,68.229,70.907,73.586,76.264,78.942,81.621,84.299,86.977,lhfa-girls-zscore-expanded-tables (1).xlsx
LHFA,F,,424,,1,76.3016,0.03513,,,65.58,68.26,70.941,73.621,76.302,78.982,81.663,84.343,87.024,lhfa-girls-zscore-expanded-tables (1).xlsx
LHFA,F,,425,,1,76.3393,0.03514,,,65.609,68.292,70.974,73.657,76.339,79.022,81.704,84.387,87.07,lhfa-girls-zscore-expanded-tables (1).xlsx
LHFA,F,,426,,1,76.377,0.03514,,,65.641,68.325,71.009,73.693,76.377,79.061,81.745,84.429,87.113,lhfa-girls-zscore-expanded-tables (1).xlsx
LHFA,F,,427,,1,76.4146,0.03515,,,65.671,68.357,71.043,73.729,76.415,79.101,81.787,84.473,87.158,lhfa-girls-zscore-expanded-tables (1).xlsx
LHFA,F,,428,,1,76.4522,0.03516,,,65.7,68.388,71.076,73.764,76.452,79.14,81.828,84.516,87.204,lhfa-girls-zscore-expanded-tables (1).xlsx
LHFA,F,,429,,1,76.4897,0.03516,,,65.732,68.422,71.111,73.8,76.49,79.179,81.868,84.558,87.247,lhfa-girls-zscore-expanded-tables (1).xlsx
LHFA,F,,430,,1,76.5272,0.03517,,,65.761,68.453,71.144,73.836,76.527,79.219,81.91,84.602,87.293,lhfa-girls-zscore-expanded-tables (1).xlsx
LHFA,F,,431,,1,76.5647,0.03518,,,65.791,68.484,71.178,73.871,76.565,79.258,81.952,84.645,87.339,lhfa-girls-zscore-expanded-tables (1).xlsx
LHFA,F,,432,,1,76.6021,0.03518,,,65.823,68.518,71.212,73.907,76.602,79.297,81.992,84.687,87.382,lhfa-girls-zscore-expanded-tables (1).xlsx
LHFA,F,,433,,1,76.6395,0.03519,,,65.852,68.549,71.246,73.943,76.64,79.336,82.033,84.73,87.427,lhfa-girls-zscore-expanded-tables (1).xlsx
LHFA,F,,434,,1,76.6769,0.03519,,,65.884,68.582,71.28,73.979,76.677,79.375,82.073,84.772,87.47,lhfa-girls-zscore-expanded-tables (1).xlsx
LHFA,F,,435,,1,76.7142,0.0352,,,65.913,68.613,71.314,74.014,76.714,79.415,82.115,84.815,87.516,lhfa-girls-zscore-expanded-tables (1).xlsx
LHFA,F,,436,,1,76.7515,0.03521,,,65.942,68.644,71.347,74.049,76.752,79.454,82.156,84.859,87.561,lhfa-girls-zscore-expanded-tables (1).xlsx
LHFA,F,,437,,1,76.7887,0.03521,,,65.974,68.678,71.381,74.085,76.789,79.492,82.196,84.9,87.604,lhfa-girls-zscore-expanded-tables (1).xlsx
LHFA,F,,438,,1,76.8259,0.03522,,,66.003,68.708,71.414,74.12,76.826,79.532,82.238,84.943,87.649,lhfa-girls-zscore-expanded-tables (1).xlsx
LHFA,F,,439,,1,76.8631,0.03523,,,66.032,68.739,71.447,74.155,76.863,79.571,82.279,84.987,87.695,lhfa-girls-zscore-expanded-tables (1).xlsx
LHFA,F,,440,,1,76.9002,0.03523,,,66.063,68.773,71.482,74.191,76.9,79.609,82.319,85.028,87.737,lhfa-girls-zscore-expanded-tables (1).xlsx
LHFA,F,,441,,1,76.9373,0.03524,,,66.092,68.803,71.515,74.226,76.937,79.649,82.36,85.071,87.782,lhfa-girls-zscore-expanded-tables (1).xlsx
LHFA,F,,442,,1,76.9744,0.03525,,,66.121,68.834,71.548,74.261,76.974,79.688,82.401,85.114,87.828,lhfa-girls-zscore-expanded-tables (1).xlsx
LHFA,F,,443,,1,77.0114,0.03525,,,66.153,68.867,71.582,74.297,77.011,79.726,82.441,85.155,87.87,lhfa-girls-zscore-expanded-tables (1).xlsx
LHFA,F,,444,,1,77.0484,0.03526,,,66.181,68.898,71.615,74.332,77.048,79.765,82.482,85.199,87.915,lhfa-girls-zscore-expanded-tables (1).xlsx
LHFA,F,,445,,1,77.0853,0.03527,,,66.21,68.929,71.648,74.367,77.085,79.804,82.523,85.242,87.96,lhfa-girls-zscore-expanded-tables (1).xlsx
LHFA,F,,446,,1,77.1222,0.03527,,,66.242,68.962,71.682,74.402,77.122,79.842,82.562,85.282,88.003,lhfa-girls-zscore-expanded-tables (1).xlsx
LHFA,F,,447,,1,77.1591,0.03528,,,66.27,68.993,71.715,74.437,77.159,79.881,82.603,85.326,88.048,lhfa-girls-zscore-expanded-tables (1).xlsx
LHFA,F,,448,,1,77.1959,0.03529,,,66.299,69.023,71.747,74.472,77.196,79.92,82.644,85.369,88.093,lhfa-girls-zscore-expanded-tables (1).xlsx
LHFA,F,,449,,1,77.2327,0.03529,,,66.331,69.056,71.782,74.507,77.233,79.958,82.684,85.409,88.135,lhfa-girls-zscore-expanded-tables (1).xlsx
LHFA,F,,450,,1,77.2695,0.0353,,,66.359,69.087,71.814,74.542,77.27,79.997,82.725,85.452,88.18,lhfa-girls-zscore-expanded-tables (1).xlsx
LHFA,F,,451,,1,77.3062,0.0353,,,66.391,69.119,71.848,74.577,77.306,80.035,82.764,85.493,88.222,lhfa-girls-zscore-expanded-tables (1).xlsx
LHFA,F,,452,,1,77.3429,0.03531,,,66.419,69.15,71.881,74.612,77.343,80.074,82.805,85.536,88.267,lhfa-girls-zscore-expanded-tables (1).xlsx
LHFA,F,,453,,1,77.3796,0.03532,,,66.447,69.18,71.914,74.647,77.38,80.113,82.846,85.579,88.312,lhfa-girls-zscore-expanded-tables (1).xlsx
LHFA,F,,454,,1,77.4162,0.03532,,,66.479,69.213,71.948,74.682,77.416,80.151,82.885,85.619,88.354,lhfa-girls-zscore-expanded-tables (1).xlsx
LHFA,F,,455,,1,77.4528,0.03533,,,66.507,69.244,71.98,74.716,77.453,80.189,82.926,85.662,88.398,lhfa-girls-zscore-expanded-tables (1).xlsx
LHFA,F,,456,,1,77.4893,0.03534,,,66.535,69.274,72.012,74.751,77.489,80.228,82.966,85.705,88.443,lhfa-girls-zscore-expanded-tables (1).xlsx
LHFA,F,,457,,1,77.5258,0.03534,,,66.567,69.307,72.046,74.786,77.526,80.266,83.005,85.745,88.485,lhfa-girls-zscore-expanded-tables (1).xlsx
LHFA,F,,458,,1,77.5623,0.03535,,,66.595,69.337,72.079,74.82,77.562,80.304,83.046,85.788,88.53,lhfa-girls-zscore-expanded-tables (1).xlsx
LHFA,F,,459,,1,77.5988,0.03536,,,66.623,69.367,72.111,74.855,77.599,80.343,83.087,85.83,88.574,lhfa-girls-zscore-expanded-tables (1).xlsx
LHFA,F,,460,,1,77.6352,0.03536,,,66.654,69.4,72.145,74.89,77.635,80.38,83.126,85.871,88.616,lhfa-girls-zscore-expanded-tables (1).xlsx
LHFA,F,,461,,1,77.6716,0.03537,,,66.683,69.43,72.177,74.924,77.672,80.419,83.166,85.913,88.661,lhfa-girls-zscore-expanded-tables (1).xlsx
LHFA,F,,462,,1,77.7079,0.03538,,,66.711,69.46,72.209,74.959,77.708,80.457,83.207,85.956,88.705,lhfa-girls-zscore-expanded-tables (1).xlsx
LHFA,F,,463,,1,77.7442,0.03538,,,66.742,69.492,72.243,74.994,77.744,80.495,83.245,85.996,88.747,lhfa-girls-zscore-expanded-tables (1).xlsx
LHFA,F,,464,,1,77.7805,0.03539,,,66.77,69.523,72.275,75.028,77.78,80.533,83.286,86.038,88.791,lhfa-girls-zscore-expanded-tables (1).xlsx
LHFA,F,,465,,1,77.8167,0.0354,,,66.798,69.553,72.307,75.062,77.817,80.571,83.326,86.081,88.836,lhfa-girls-zscore-expanded-tables (1).xlsx
LHFA,F,,466,,1,77.8529,0.0354,,,66.829,69.585,72.341,75.097,77.853,80.609,83.365,86.121,88.877,lhfa-girls-zscore-expanded-tables (1).xlsx
LHFA,F,,467,,1,77.8891,0.03541,,,66.857,69.615,72.373,75.131,77.889,80.647,83.405,86.163,88.921,lhfa-girls-zscore-expanded-tables (1).xlsx
LHFA,F,,468,,1,77.9252,0.03542,,,66.885,69.645,72.405,75.165,77.925,80.685,83.445,86.206,88.966,lhfa-girls-zscore-expanded-tables (1).xlsx
LHFA,F,,469,,1,77.9613,0.03543,,,66.913,69.675,72.437,75.199,77.961,80.723,83.486,86.248,89.01,lhfa-girls-zscore-expanded-tables (1).xlsx
LHFA,F,,470,,1,77.9974,0.03543,,,66.944,69.707,72.471,75.234,77.997,80.761,83.524,86.288,89.051,lhfa-girls-zscore-expanded-tables (1).xlsx
LHFA,F,,471,,1,78.0334,0.03544,,,66.971,69.737,72.502,75.268,78.033,80.799,83.564,86.33,89.095,lhfa-girls-zscore-expanded-tables (1).xlsx
LHFA,F,,472,,1,78.0694,0.03545,,,66.999,69.767,72.534,75.302,78.069,80.837,83.605,86.372,89.14,lhfa-girls-zscore-expanded-tables (1).xlsx
LHFA,F,,473,,1,78.1054,0.03545,,,67.03,69.799,72.568,75.337,78.105,80.874,83.643,86.412,89.181,lhfa-girls-zscore-expanded-tables (1).xlsx
LHFA,F,,474,,1,78.1413,0.03546,,,67.058,69.829,72.6,75.37,78.141,80.912,83.683,86.454,89.225,lhfa-girls-zscore-expanded-tables (1).xlsx
LHFA,F,,475,,1,78.1772,0.03547,,,67.085,69.858,72.631,75.404,78.177,80.95,83.723,86.496,89.269,lhfa-girls-zscore-expanded-tables (1).xlsx
LHFA,F,,476,,1,78.2131,0.03547,,,67.116,69.89,72.665,75.439,78.213,80.987,83.762,86.536,89.31,lhfa-girls-zscore-expanded-tables (1).xlsx
LHFA,F,,477,,1,78.249,0.03548,,,67.144,69.92,72.696,75.473,78.249,81.025,83.802,86.578,89.354,lhfa-girls-zscore-expanded-tables (1).xlsx
LHFA,F,,478,,1,78.2848,0.03549,,,67.171,69.95,72.728,75.506,78.285,81.063,83.841,86.62,89.398,lhfa-girls-zscore-expanded-tables (1).xlsx
LHFA,F,,479,,1,78.3205,0.03549,,,67.202,69.982,72.761,75.541,78.32,81.1,83.88,86.659,89.439,lhfa-girls-zscore-expanded-tables (1).xlsx
LHFA,F,,480,,1,78.3563,0.0355,,,67.23,70.011,72.793,75.575,78.356,81.138,83.92,86.701,89.483,lhfa-girls-zscore-expanded-tables (1).xlsx
LHFA,F,,481,,1,78.392,0.03551,,,67.257,70.041,72.825,75.608,78.392,81.176,83.959,86.743,89.527,lhfa-girls-zscore-expanded-tables (1).xlsx
LHFA,F,,482,,1,78.4276,0.03551,,,67.288,70.073,72.858,75.643,78.428,81.213,83.998,86.782,89.567,lhfa-girls-zscore-expanded-tables (1).xlsx
LHFA,F,,483,,1,78.4633,0.03552,,,67.315,70.102,72.889,75.676,78.463,81.25,84.037,86.824,89.611,lhfa-girls-zscore-expanded-tables (1).xlsx
LHFA,F,,484,,1,78.4989,0.03553,,,67.343,70.132,72.921,75.71,78.499,81.288,84.077,86.866,89.655,lhfa-girls-zscore-expanded-tables (1).xlsx
LHFA,F,,485,,1,78.5345,0.03553,,,67.373,70.164,72.954,75.744,78.534,81.325,84.115,86.905,89.696,lhfa-girls-zscore-expanded-tables (1).xlsx
LHFA,F,,486,,1,78.57,0.03554,,,67.4,70.193,72.985,75.778,78.57,81.362,84.155,86.947,89.74,lhfa-girls-zscore-expanded-tables (1).xlsx
LHFA,F,,487,,1,78.6055,0.03555,,,67.428,70.222,73.017,75.811,78.606,81.4,84.194,86.989,89.783,lhfa-girls-zscore-expanded-tables (1).xlsx
LHFA,F,,488,,1,78.641,0.03556,,,67.455,70.252,73.048,75.845,78.641,81.437,84.234,87.03,89.827,lhfa-girls-zscore-expanded-tables (1).xlsx
LHFA,F,,489,,1,78.6764,0.03556,,,67.485,70.283,73.081,75.879,78.676,81.474,84.272,87.07,89.867,lhfa-girls-zscore-expanded-tables (1).xlsx
LHFA,F,,490,,1,78.7118,0.03557,,,67.513,70.312,73.112,75.912,78.712,81.512,84.311,87.111,89.911,lhfa-girls-zscore-expanded-tables (1).xlsx
LHFA,F,,491,,1,78.7472,0.03558,,,67.54,70.342,73.144,75.945,78.747,81.549,84.351,87.153,89.955,lhfa-girls-zscore-expanded-tables (1).xlsx
LHFA,F,,492,,1,78.7826,0.03558,,,67.57,70.373,73.176,75.98,78.783,81.586,84.389,87.192,89.995,lhfa-girls-zscore-expanded-tables (1).xlsx
LHFA,F,,493,,1,78.8179,0.03559,,,67.597,70.403,73.208,76.013,78.818,81.623,84.428,87.233,90.038,lhfa-girls-zscore-expanded-tables (1).xlsx
LHFA,F,,494,,1,78.8532,0.0356,,,67.625,70.432,73.239,76.046,78.853,81.66,84.468,87.275,90.082,lhfa-girls-zscore-expanded-tables (1).xlsx
LHFA,F,,495,,1,78.8884,0.0356,,,67.655,70.463,73.272,76.08,78.888,81.697,84.505,87.314,90.122,lhfa-girls-zscore-expanded-tables (1).xlsx
LHFA,F,,496,,1,78.9236,0.03561,,,67.682,70.492,73.303,76.113,78.924,81.734,84.545,87.355,90.165,lhfa-girls-zscore-expanded-tables (1).xlsx
LHFA,F,,497,,1,78.9588,0.03562,,,67.709,70.521,73.334,76.146,78.959,81.771,84.584,87.396,90.209,lhfa-girls-zscore-expanded-tables (1).xlsx
LHFA,F,,498,,1,78.994,0.03562,,,67.739,70.553,73.366,76.18,78.994,81.808,84.622,87.435,90.249,lhfa-girls-zscore-expanded-tables (1).xlsx
LHFA,F,,499,,1,79.0291,0.03563,,,67.766,70.582,73.397,76.213,79.029,81.845,84.661,87.477,90.292,lhfa-girls-zscore-expanded-tables (1).xlsx
LHFA,F,,500,,1,79.0642,0.03564,,,67.793,70.611,73.429,76.246,79.064,81.882,84.7,87.518,90.336,lhfa-girls-zscore-expanded-tables (1).xlsx
LHFA,F,,501,,1,79.0993,0.03565,,,67.82,70.64,73.46,76.279,79.099,81.919,84.739,87.559,90.379,lhfa-girls-zscore-expanded-tables (1).xlsx
LHFA,F,,502,,1,79.1343,0.03565,,,67.85,70.671,73.492,76.313,79.134,81.955,84.777,87.598,90.419,lhfa-girls-zscore-expanded-tables (1).xlsx
LHFA,F,,503,,1,79.1693,0.03566,,,67.877,70.7,73.523,76.346,79.169,81.992,84.816,87.639,90.462,lhfa-girls-zscore-expanded-tables (1).xlsx
LHFA,F,,504,,1,79.2042,0.03567,,,67.903,70.729,73.554,76.379,79.204,82.029,84.855,87.68,90.505,lhfa-girls-zscore-expanded-tables (1).xlsx
LHFA,F,,505,,1,79.2392,0.03567,,,67.933,70.76,73.586,76.413,79.239,82.066,84.892,87.719,90.545,lhfa-girls-zscore-expanded-tables (1).xlsx
LHFA,F,,506,,1,79.2741,0.03568,,,67.96,70.789,73.617,76.446,79.274,82.103,84.931,87.76,90.588,lhfa-girls-zscore-expanded-tables (1).xlsx
LHFA,F,,507,,1,79.3089,0.03569,,,67.987,70.817,73.648,76.478,79.309,82.139,84.97,87.801,90.631,lhfa-girls-zscore-expanded-tables (1).xlsx
LHFA,F,,508,,1,79.3438,0.03569,,,68.017,70.848,73.68,76.512,79.344,82.176,85.007,87.839,90.671,lhfa-girls-zscore-expanded-tables (1).xlsx
LHFA,F,,509,,1,79.3786,0.0357,,,68.043,70.877,73.711,76.545,79.379,82.212,85.046,87.88,90.714,lhfa-girls-zscore-expanded-tables (1).xlsx
LHFA,F,,510,,1,79.4134,0.03571,,,68.07,70.906,73.742,76.578,79.413,82.249,85.085,87.921,90.757,lhfa-girls-zscore-expanded-tables (1).xlsx
LHFA,F,,511,,1,79.4481,0.03572,,,68.097,70.934,73.772,76.61,79.448,82.286,85.124,87.962,90.8,lhfa-girls-zscore-expanded-tables (1).xlsx
LHFA,F,,512,,1,79.4828,0.03572,,,68.126,70.965,73.805,76.644,79.483,82.322,85.161,88,90.839,lhfa-girls-zscore-expanded-tables (1).xlsx
LHFA,F,,513,,1,79.5175,0.03573,,,68.153,70.994,73.835,76.676,79.518,82.359,85.2,88.041,90.882,lhfa-girls-zscore-expanded-tables (1).xlsx
LHFA,F,,514,,1,79.5521,0.03574,,,68.179,71.023,73.866,76.709,79.552,82.395,85.238,88.082,90.925,lhfa-girls-zscore-expanded-tables (1).xlsx
LHFA,F,,515,,1,79.5868,0.03574,,,68.209,71.054,73.898,76.742,79.587,82.431,85.276,88.12,90.965,lhfa-girls-zscore-expanded-tables (1).xlsx
LHFA,F,,516,,1,79.6213,0.03575,,,68.235,71.082,73.928,76.775,79.621,82.468,85.314,88.161,91.007,lhfa-girls-zscore-expanded-tables (1).xlsx
LHFA,F,,517,,1,79.6559,0.03576,,,68.262,71.11,73.959,76.807,79.656,82.504,85.353,88.201,91.05,lhfa-girls-zscore-expanded-tables (1).xlsx
LHFA,F,,518,,1,79.6904,0.03577,,,68.288,71.139,73.989,76.84,79.69,82.541,85.391,88.242,91.093,lhfa-girls-zscore-expanded-tables (1).xlsx
LHFA,F,,519,,1,79.7249,0.03577,,,68.318,71.17,74.021,76.873,79.725,82.577,85.428,88.28,91.132,lhfa-girls-zscore-expanded-tables (1).xlsx
LHFA,F,,520,,1,79.7594,0.03578,,,68.344,71.198,74.052,76.906,79.759,82.613,85.467,88.321,91.175,lhfa-girls-zscore-expanded-tables (1).xlsx
LHFA,F,,521,,1,79.7938,0.03579,,,68.371,71.226,74.082,76.938,79.794,82.65,85.505,88.361,91.217,lhfa-girls-zscore-expanded-tables (1).xlsx
LHFA,F,,522,,1,79.8282,0.03579,,,68.4,71.257,74.114,76.971,79.828,82.685,85.542,88.399,91.256,lhfa-girls-zscore-expanded-tables (1).xlsx
LHFA,F,,523,,1,79.8626,0.0358,,,68.426,71.285,74.144,77.004,79.863,82.722,85.581,88.44,91.299,lhfa-girls-zscore-expanded-tables (1).xlsx
LHFA,F,,524,,1,79.8969,0.03581,,,68.452,71.314,74.175,77.036,79.897,82.758,85.619,88.48,91.341,lhfa-girls-zscore-expanded-tables (1).xlsx
LHFA,F,,525,,1,79.9312,0.03582,,,68.479,71.342,74.205,77.068,79.931,82.794,85.657,88.521,91.384,lhfa-girls-zscore-expanded-tables (1).xlsx
LHFA,F,,526,,1,79.9655,0.03582,,,68.508,71.372,74.237,77.101,79.966,82.83,85.694,88.559,91.423,lhfa-girls-zscore-expanded-tables (1).xlsx
LHFA,F,,527,,1,79.9998,0.03583,,,68.534,71.401,74.267,77.133,80,82.866,85.733,88.599,91.465,lhfa-girls-zscore-expanded-tables (1).xlsx
LHFA,F,,528,,1,80.034,0.03584,,,68.56,71.429,74.297,77.166,80.034,82.902,85.771,88.639,91.508,lhfa-girls-zscore-expanded-tables (1).xlsx
LHFA,F,,529,,1,80.0682,0.03584,,,68.59,71.459,74.329,77.199,80.068,82.938,85.807,88.677,91.547,lhfa-girls-zscore-expanded-tables (1).xlsx
LHFA,F,,530,,1,80.1023,0.03585,,,68.616,71.487,74.359,77.231,80.102,82.974,85.846,88.717,91.589,lhfa-girls-zscore-expanded-tables (1).xlsx
LHFA,F,,531,,1,80.1365,0.03586,,,68.642,71.515,74.389,77.263,80.136,83.01,85.884,88.758,91.631,lhfa-girls-zscore-expanded-tables (1).xlsx
LHFA,F,,532,,1,80.1706,0.03587,,,68.668,71.543,74.419,77.295,80.171,83.046,85.922,88.798,91.673,lhfa-girls-zscore-expanded-tables (1).xlsx
LHFA,F,,533,,1,80.2046,0.03587,,,68.697,71.574,74.451,77.328,80.205,83.082,85.958,88.835,91.712,lhfa-girls-zscore-expanded-tables (1).xlsx
LHFA,F,,534,,1,80.2387,0.03588,,,68.723,71.602,74.481,77.36,80.239,83.118,85.997,88.876,91.755,lhfa-girls-zscore-expanded-tables (1).xlsx
LHFA,F,,535,,1,80.2727,0.03589,,,68.749,71.63,74.511,77.392,80.273,83.154,86.035,88.916,91.797,lhfa-girls-zscore-expanded-tables (1).xlsx
LHFA,F,,536,,1,80.3067,0.03589,,,68.778,71.66,74.542,77.424,80.307,83.189,86.071,88.953,91.836,lhfa-girls-zscore-expanded-tables (1).xlsx
LHFA,F,,537,,1,80.3406,0.0359,,,68.804,71.688,74.572,77.456,80.341,83.225,86.109,88.993,91.878,lhfa-girls-zscore-expanded-tables (1).xlsx
LHFA,F,,538,,1,80.3745,0.03591,,,68.83,71.716,74.602,77.488,80.374,83.261,86.147,89.033,91.919,lhfa-girls-zscore-expanded-tables (1).xlsx
LHFA,F,,539,,1,80.4084,0.03592,,,68.855,71.744,74.632,77.52,80.408,83.297,86.185,89.073,91.961,lhfa-girls-zscore-expanded-tables (1).xlsx
LHFA,F,,540,,1,80.4423,0.03592,,,68.884,71.774,74.663,77.553,80.442,83.332,86.221,89.111,92,lhfa-girls-zscore-expanded-tables (1).xlsx
LHFA,F,,541,,1,80.4761,0.03593,,,68.91,71.802,74.693,77.585,80.476,83.368,86.259,89.151,92.042,lhfa-girls-zscore-expanded-tables (1).xlsx
LHFA,F,,542,,1,80.5099,0.03594,,,68.936,71.829,74.723,77.616,80.51,83.403,86.297,89.19,92.084,lhfa-girls-zscore-expanded-tables (1).xlsx
LHFA,F,,543,,1,80.5437,0.03594,,,68.965,71.859,74.754,77.649,80.544,83.438,86.333,89.228,92.123,lhfa-girls-zscore-expanded-tables (1).xlsx
LHFA,F,,544,,1,80.5774,0.03595,,,68.99,71.887,74.784,77.681,80.577,83.474,86.371,89.268,92.164,lhfa-girls-zscore-expanded-tables (1).xlsx
LHFA,F,,545,,1,80.6112,0.03596,,,69.016,71.915,74.814,77.712,80.611,83.51,86.409,89.308,92.206,lhfa-girls-zscore-expanded-tables (1).xlsx
LHFA,F,,546,,1,80.6448,0.03597,,,69.042,71.942,74.843,77.744,80.645,83.546,86.446,89.347,92.248,lhfa-girls-zscore-expanded-tables (1).xlsx
LHFA,F,,547,,1,80.6785,0.03597,,,69.07,71.972,74.874,77.776,80.678,83.581,86.483,89.385,92.287,lhfa-girls-zscore-expanded-tables (1).xlsx
LHFA,F,,548,,1,80.7121,0.03598,,,69.096,72,74.904,77.808,80.712,83.616,86.52,89.424,92.328,lhfa-girls-zscore-expanded-tables (1).xlsx
LHFA,F,,549,,1,80.7457,0.03599,,,69.122,72.028,74.934,77.84,80.746,83.652,86.558,89.464,92.37,lhfa-girls-zscore-expanded-tables (1).xlsx
LHFA,F,,550,,1,80.7793,0.036,,,69.147,72.055,74.963,77.871,80.779,83.687,86.595,89.503,92.412,lhfa-girls-zscore-expanded-tables (1).xlsx
LHFA,F,,551,,1,80.8128,0.036,,,69.176,72.085,74.994,77.904,80.813,83.722,86.631,89.541,92.45,lhfa-girls-zscore-expanded-tables (1).xlsx
LHFA,F,,552,,1,80.8464,0.03601,,,69.201,72.113,75.024,77.935,80.846,83.758,86.669,89.58,92.492,lhfa-girls-zscore-expanded-tables (1).xlsx
LHFA,F,,553,,1,80.8798,0.03602,,,69.227,72.14,75.053,77.967,80.88,83.793,86.706,89.62,92.533,lhfa-girls-zscore-expanded-tables (1).xlsx
LHFA,F,,554,,1,80.9133,0.03602,,,69.255,72.17,75.084,77.999,80.913,83.828,86.742,89.657,92.571,lhfa-girls-zscore-expanded-tables (1).xlsx
LHFA,F,,555,,1,80.9467,0.03603,,,69.281,72.197,75.114,78.03,80.947,83.863,86.78,89.696,92.613,lhfa-girls-zscore-expanded-tables (1).xlsx
LHFA,F,,556,,1,80.9801,0.03604,,,69.306,72.225,75.143,78.062,80.98,83.899,86.817,89.736,92.654,lhfa-girls-zscore-expanded-tables (1).xlsx
LHFA,F,,557,,1,81.0135,0.03605,,,69.331,72.252,75.172,78.093,81.014,83.934,86.855,89.775,92.696,lhfa-girls-zscore-expanded-tables (1).xlsx
LHFA,F,,558,,1,81.0468,0.03605,,,69.36,72.282,75.203,78.125,81.047,83.969,86.89,89.812,92.734,lhfa-girls-zscore-expanded-tables (1).xlsx
LHFA,F,,559,,1,81.0802,0.03606,,,69.385,72.309,75.233,78.156,81.08,84.004,86.928,89.851,92.775,lhfa-girls-zscore-expanded-tables (1).xlsx
LHFA,F,,560,,1,81.1134,0.03607,,,69.41,72.336,75.262,78.188,81.113,84.039,86.965,89.891,92.816,lhfa-girls-zscore-expanded-tables (1).xlsx
LHFA,F,,561,,1,81.1467,0.03608,,,69.436,72.363,75.291,78.219,81.147,84.074,87.002,89.93,92.858,lhfa-girls-zscore-expanded-tables (1).xlsx
LHFA,F,,562,,1,81.1799,0.03608,,,69.464,72.393,75.322,78.251,81.18,84.109,87.038,89.967,92.896,lhfa-girls-zscore-expanded-tables (1).xlsx
LHFA,F,,563,,1,81.2131,0.03609,,,69.489,72.42,75.351,78.282,81.213,84.144,87.075,90.006,92.937,lhfa-girls-zscore-expanded-tables (1).xlsx
LHFA,F,,564,,1,81.2463,0.0361,,,69.514,72.447,75.38,78.313,81.246,84.179,87.112,90.045,92.978,lhfa-girls-zscore-expanded-tables (1).xlsx
LHFA,F,,565,,1,81.2795,0.03611,,,69.539,72.474,75.409,78.344,81.28,84.215,87.15,90.085,93.02,lhfa-girls-zscore-expanded-tables (1).xlsx
LHFA,F,,566,,1,81.3126,0.03611,,,69.568,72.504,75.44,78.376,81.313,84.249,87.185,90.121,93.057,lhfa-girls-zscore-expanded-tables (1).xlsx
LHFA,F,,567,,1,81.3457,0.03612,,,69.593,72.531,75.469,78.407,81.346,84.284,87.222,90.16,93.099,lhfa-girls-zscore-expanded-tables (1).xlsx
LHFA,F,,568,,1,81.3788,0.03613,,,69.618,72.558,75.498,78.439,81.379,84.319,87.259,90.199,93.14,lhfa-girls-zscore-expanded-tables (1).xlsx
LHFA,F,,569,,1,81.4118,0.03613,,,69.646,72.588,75.529,78.47,81.412,84.353,87.295,90.236,93.177,lhfa-girls-zscore-expanded-tables (1).xlsx
LHFA,F,,570,,1,81.4448,0.03614,,,69.671,72.615,75.558,78.501,81.445,84.388,87.332,90.275,93.218,lhfa-girls-zscore-expanded-tables (1).xlsx
LHFA,F,,571,,1,81.4778,0.03615,,,69.696,72.642,75.587,78.532,81.478,84.423,87.369,90.314,93.259,lhfa-girls-zscore-expanded-tables (1).xlsx
LHFA,F,,572,,1,81.5108,0.03616,,,69.721,72.669,75.616,78.563,81.511,84.458,87.406,90.353,93.301,lhfa-girls-zscore-expanded-tables (1).xlsx
LHFA,F,,573,,1,81.5437,0.03616,,,69.749,72.698,75.646,78.595,81.544,84.492,87.441,90.39,93.338,lhfa-girls-zscore-expanded-tables (1).xlsx
LHFA,F,,574,,1,81.5766,0.03617,,,69.774,72.725,75.675,78.626,81.577,84.527,87.478,90.428,93.379,lhfa-girls-zscore-expanded-tables (1).xlsx
LHFA,F,,575,,1,81.6095,0.03618,,,69.799,72.752,75.704,78.657,81.61,84.562,87.515,90.467,93.42,lhfa-girls-zscore-expanded-tables (1).xlsx
LHFA,F,,576,,1,81.6423,0.03619,,,69.824,72.778,75.733,78.688,81.642,84.597,87.552,90.506,93.461,lhfa-girls-zscore-expanded-tables (1).xlsx
LHFA,F,,577,,1,81.6752,0.03619,,,69.852,72.808,75.764,78.719,81.675,84.631,87.587,90.543,93.499,lhfa-girls-zscore-expanded-tables (1).xlsx
LHFA,F,,578,,1,81.708,0.0362,,,69.877,72.835,75.792,78.75,81.708,84.666,87.624,90.581,93.539,lhfa-girls-zscore-expanded-tables (1).xlsx
LHFA,F,,579,,1,81.7407,0.03621,,,69.901,72.861,75.821,78.781,81.741,84.701,87.66,90.62,93.58,lhfa-girls-zscore-expanded-tables (1).xlsx
LHFA,F,,580,,1,81.7735,0.03622,,,69.926,72.888,75.85,78.812,81.774,84.735,87.697,90.659,93.621,lhfa-girls-zscore-expanded-tables (1).xlsx
LHFA,F,,581,,1,81.8062,0.03622,,,69.954,72.917,75.88,78.843,81.806,84.769,87.732,90.695,93.658,lhfa-girls-zscore-expanded-tables (1).xlsx
LHFA,F,,582,,1,81.8389,0.03623,,,69.979,72.944,75.909,78.874,81.839,84.804,87.769,90.734,93.699,lhfa-girls-zscore-expanded-tables (1).xlsx
LHFA,F,,583,,1,81.8715,0.03624,,,70.003,72.97,75.937,78.904,81.872,84.839,87.806,90.773,93.74,lhfa-girls-zscore-expanded-tables (1).xlsx
LHFA,F,,584,,1,81.9042,0.03624,,,70.031,73,75.968,78.936,81.904,84.872,87.841,90.809,93.777,lhfa-girls-zscore-expanded-tables (1).xlsx
LHFA,F,,585,,1,81.9368,0.03625,,,70.056,73.026,75.996,78.967,81.937,84.907,87.877,90.847,93.818,lhfa-girls-zscore-expanded-tables (1).xlsx
LHFA,F,,586,,1,81.9694,0.03626,,,70.081,73.053,76.025,78.997,81.969,84.942,87.914,90.886,93.858,lhfa-girls-zscore-expanded-tables (1).xlsx
LHFA,F,,587,,1,82.0019,0.03627,,,70.105,73.079,76.053,79.028,82.002,84.976,87.95,90.925,93.899,lhfa-girls-zscore-expanded-tables (1).xlsx
LHFA,F,,588,,1,82.0345,0.03627,,,70.133,73.108,76.084,79.059,82.034,85.01,87.985,90.961,93.936,lhfa-girls-zscore-expanded-tables (1).xlsx
LHFA,F,,589,,1,82.067,0.03628,,,70.157,73.135,76.112,79.09,82.067,85.044,88.022,90.999,93.977,lhfa-girls-zscore-expanded-tables (1).xlsx
LHFA,F,,590,,1,82.0994,0.03629,,,70.182,73.161,76.141,79.12,82.099,85.079,88.058,91.038,94.017,lhfa-girls-zscore-expanded-tables (1).xlsx
LHFA,F,,591,,1,82.1319,0.0363,,,70.206,73.188,76.169,79.151,82.132,85.113,88.095,91.076,94.057,lhfa-girls-zscore-expanded-tables (1).xlsx
LHFA,F,,592,,1,82.1643,0.0363,,,70.234,73.217,76.199,79.182,82.164,85.147,88.129,91.112,94.095,lhfa-girls-zscore-expanded-tables (1).xlsx
LHFA,F,,593,,1,82.1967,0.03631,,,70.258,73.243,76.228,79.212,82.197,85.181,88.166,91.15,94.135,lhfa-girls-zscore-expanded-tables (1).xlsx
LHFA,F,,594,,1,82.2291,0.03632,,,70.283,73.269,76.256,79.243,82.229,85.216,88.202,91.189,94.175,lhfa-girls-zscore-expanded-tables (1).xlsx
LHFA,F,,595,,1,82.2614,0.03633,,,70.307,73.296,76.284,79.273,82.261,85.25,88.239,91.227,94.216,lhfa-girls-zscore-expanded-tables (1).xlsx
LHFA,F,,596,,1,82.2938,0.03633,,,70.335,73.325,76.314,79.304,82.294,85.284,88.273,91.263,94.253,lhfa-girls-zscore-expanded-tables (1).xlsx
LHFA,F,,597,,1,82.3261,0.03634,,,70.359,73.351,76.343,79.334,82.326,85.318,88.31,91.301,94.293,lhfa-girls-zscore-expanded-tables (1).xlsx
LHFA,F,,598,,1,82.3583,0.03635,,,70.383,73.377,76.371,79.365,82.358,85.352,88.346,91.339,94.333,lhfa-girls-zscore-expanded-tables (1).xlsx
LHFA,F,,599,,1,82.3906,0.03636,,,70.408,73.403,76.399,79.395,82.391,85.386,88.382,91.378,94.373,lhfa-girls-zscore-expanded-tables (1).xlsx
LHFA,F,,600,,1,82.4228,0.03636,,,70.435,73.432,76.429,79.426,82.423,85.42,88.417,91.413,94.41,lhfa-girls-zscore-expanded-tables (1).xlsx
LHFA,F,,601,,1,82.455,0.03637,,,70.459,73.458,76.457,79.456,82.455,85.454,88.453,91.452,94.451,lhfa-girls-zscore-expanded-tables (1).xlsx
LHFA,F,,602,,1,82.4872,0.03638,,,70.484,73.485,76.485,79.486,82.487,85.488,88.489,91.49,94.491,lhfa-girls-zscore-expanded-tables (1).xlsx
LHFA,F,,603,,1,82.5193,0.03639,,,70.508,73.511,76.514,79.516,82.519,85.522,88.525,91.528,94.531,lhfa-girls-zscore-expanded-tables (1).xlsx
LHFA,F,,604,,1,82.5514,0.03639,,,70.535,73.539,76.543,79.547,82.551,85.555,88.559,91.564,94.568,lhfa-girls-zscore-expanded-tables (1).xlsx
LHFA,F,,605,,1,82.5835,0.0364,,,70.559,73.565,76.571,79.577,82.584,85.59,88.596,91.602,94.608,lhfa-girls-zscore-expanded-tables (1).xlsx
LHFA,F,,606,,1,82.6156,0.03641,,,70.583,73.591,76.6,79.608,82.616,85.624,88.632,91.64,94.648,lhfa-girls-zscore-expanded-tables (1).xlsx
LHFA,F,,607,,1,82.6476,0.03642,,,70.607,73.618,76.628,79.638,82.648,85.658,88.668,91.678,94.688,lhfa-girls-zscore-expanded-tables (1).xlsx
LHFA,F,,608,,1,82.6796,0.03642,,,70.635,73.646,76.657,79.668,82.68,85.691,88.702,91.713,94.724,lhfa-girls-zscore-expanded-tables (1).xlsx
LHFA,F,,609,,1,82.7116,0.03643,,,70.659,73.672,76.685,79.698,82.712,85.725,88.738,91.751,94.764,lhfa-girls-zscore-expanded-tables (1).xlsx
LHFA,F,,610,,1,82.7436,0.03644,,,70.683,73.698,76.713,79.728,82.744,85.759,88.774,91.789,94.804,lhfa-girls-zscore-expanded-tables (1).xlsx
LHFA,F,,611,,1,82.7755,0.03645,,,70.707,73.724,76.741,79.758,82.776,85.793,88.81,91.827,94.844,lhfa-girls-zscore-expanded-tables (1).xlsx
LHFA,F,,612,,1,82.8074,0.03645,,,70.734,73.752,76.771,79.789,82.807,85.826,88.844,91.862,94.881,lhfa-girls-zscore-expanded-tables (1).xlsx
LHFA,F,,613,,1,82.8393,0.03646,,,70.758,73.778,76.799,79.819,82.839,85.86,88.88,91.9,94.921,lhfa-girls-zscore-expanded-tables (1).xlsx
LHFA,F,,614,,1,82.8712,0.03647,,,70.782,73.804,76.827,79.849,82.871,85.894,88.916,91.938,94.96,lhfa-girls-zscore-expanded-tables (1).xlsx
LHFA,F,,615,,1,82.903,0.03648,,,70.806,73.83,76.854,79.879,82.903,85.927,88.952,91.976,95,lhfa-girls-zscore-expanded-tables (1).xlsx
LHFA,F,,616,,1,82.9348,0.03648,,,70.833,73.858,76.884,79.909,82.935,85.96,88.986,92.011,95.037,lhfa-girls-zscore-expanded-tables (1).xlsx
LHFA,F,,617,,1,82.9666,0.03649,,,70.857,73.884,76.912,79.939,82.967,85.994,89.022,92.049,95.076,lhfa-girls-zscore-expanded-tables (1).xlsx
LHFA,F,,618,,1,82.9984,0.0365,,,70.881,73.91,76.94,79.969,82.998,86.028,89.057,92.087,95.116,lhfa-girls-zscore-expanded-tables (1).xlsx
LHFA,F,,619,,1,83.0301,0.0365,,,70.908,73.938,76.969,80,83.03,86.061,89.091,92.122,95.152,lhfa-girls-zscore-expanded-tables (1).xlsx
LHFA,F,,620,,1,83.0618,0.03651,,,70.931,73.964,76.997,80.029,83.062,86.094,89.127,92.16,95.192,lhfa-girls-zscore-expanded-tables (1).xlsx
LHFA,F,,621,,1,83.0935,0.03652,,,70.955,73.99,77.024,80.059,83.094,86.128,89.163,92.197,95.232,lhfa-girls-zscore-expanded-tables (1).xlsx
LHFA,F,,622,,1,83.1251,0.03653,,,70.979,74.015,77.052,80.089,83.125,86.162,89.198,92.235,95.271,lhfa-girls-zscore-expanded-tables (1).xlsx
LHFA,F,,623,,1,83.1568,0.03653,,,71.006,74.044,77.081,80.119,83.157,86.195,89.232,92.27,95.308,lhfa-girls-zscore-expanded-tables (1).xlsx
LHFA,F,,624,,1,83.1884,0.03654,,,71.03,74.069,77.109,80.149,83.188,86.228,89.268,92.308,95.347,lhfa-girls-zscore-expanded-tables (1).xlsx
LHFA,F,,625,,1,83.22,0.03655,,,71.053,74.095,77.137,80.178,83.22,86.262,89.303,92.345,95.387,lhfa-girls-zscore-expanded-tables (1).xlsx
LHFA,F,,626,,1,83.2515,0.03656,,,71.077,74.12,77.164,80.208,83.252,86.295,89.339,92.383,95.426,lhfa-girls-zscore-expanded-tables (1).xlsx
LHFA,F,,627,,1,83.2831,0.03656,,,71.104,74.149,77.193,80.238,83.283,86.328,89.373,92.418,95.462,lhfa-girls-zscore-expanded-tables (1).xlsx
LHFA,F,,628,,1,83.3146,0.03657,,,71.127,74.174,77.221,80.268,83.315,86.361,89.408,92.455,95.502,lhfa-girls-zscore-expanded-tables (1).xlsx
LHFA,F,,629,,1,83.3461,0.03658,,,71.151,74.2,77.248,80.297,83.346,86.395,89.444,92.493,95.541,lhfa-girls-zscore-expanded-tables (1).xlsx
LHFA,F,,630,,1,83.3775,0.03659,,,71.174,74.225,77.276,80.327,83.378,86.428,89.479,92.53,95.581,lhfa-girls-zscore-expanded-tables (1).xlsx
LHFA,F,,631,,1,83.4089,0.03659,,,71.201,74.253,77.305,80.357,83.409,86.461,89.513,92.565,95.617,lhfa-girls-zscore-expanded-tables (1).xlsx
LHFA,F,,632,,1,83.4403,0.0366,,,71.225,74.279,77.332,80.386,83.44,86.494,89.548,92.602,95.656,lhfa-girls-zscore-expanded-tables (1).xlsx
LHFA,F,,633,,1,83.4717,0.03661,,,71.248,74.304,77.36,80.416,83.472,86.528,89.583,92.639,95.695,lhfa-girls-zscore-expanded-tables (1).xlsx
LHFA,F,,634,,1,83.5031,0.03662,,,71.272,74.329,77.387,80.445,83.503,86.561,89.619,92.677,95.735,lhfa-girls-zscore-expanded-tables (1).xlsx
LHFA,F,,635,,1,83.5344,0.03662,,,71.298,74.357,77.416,80.475,83.534,86.593,89.652,92.711,95.771,lhfa-girls-zscore-expanded-tables (1).xlsx
LHFA,F,,636,,1,83.5657,0.03663,,,71.322,74.383,77.444,80.505,83.566,86.627,89.688,92.749,95.81,lhfa-girls-zscore-expanded-tables (1).xlsx
LHFA,F,,637,,1,83.597,0.03664,,,71.345,74.408,77.471,80.534,83.597,86.66,89.723,92.786,95.849,lhfa-girls-zscore-expanded-tables (1).xlsx
LHFA,F,,638,,1,83.6283,0.03665,,,71.368,74.433,77.498,80.563,83.628,86.693,89.758,92.823,95.888,lhfa-girls-zscore-expanded-tables (1).xlsx
LHFA,F,,639,,1,83.6595,0.03665,,,71.395,74.461,77.527,80.593,83.66,86.726,89.792,92.858,95.924,lhfa-girls-zscore-expanded-tables (1).xlsx
LHFA,F,,640,,1,83.6907,0.03666,,,71.418,74.486,77.554,80.623,83.691,86.759,89.827,92.895,95.963,lhfa-girls-zscore-expanded-tables (1).xlsx
LHFA,F,,641,,1,83.7219,0.03667,,,71.442,74.512,77.582,80.652,83.722,86.792,89.862,92.932,96.002,lhfa-girls-zscore-expanded-tables (1).xlsx
LHFA,F,,642,,1,83.753,0.03668,,,71.465,74.537,77.609,80.681,83.753,86.825,89.897,92.969,96.041,lhfa-girls-zscore-expanded-tables (1).xlsx
LHFA,F,,643,,1,83.7842,0.03668,,,71.491,74.565,77.638,80.711,83.784,86.857,89.931,93.004,96.077,lhfa-girls-zscore-expanded-tables (1).xlsx
LHFA,F,,644,,1,83.8153,0.03669,,,71.515,74.59,77.665,80.74,83.815,86.89,89.966,93.041,96.116,lhfa-girls-zscore-expanded-tables (1).xlsx
LHFA,F,,645,,1,83.8464,0.0367,,,71.538,74.615,77.692,80.769,83.846,86.924,90.001,93.078,96.155,lhfa-girls-zscore-expanded-tables (1).xlsx
LHFA,F,,646,,1,83.8774,0.03671,,,71.561,74.64,77.719,80.798,83.877,86.957,90.036,93.115,96.194,lhfa-girls-zscore-expanded-tables (1).xlsx
LHFA,F,,647,,1,83.9085,0.03671,,,71.587,74.668,77.748,80.828,83.908,86.989,90.069,93.149,96.23,lhfa-girls-zscore-expanded-tables (1).xlsx
LHFA,F,,648,,1,83.9395,0.03672,,,71.61,74.693,77.775,80.857,83.94,87.022,90.104,93.186,96.269,lhfa-girls-zscore-expanded-tables (1).xlsx
LHFA,F,,649,,1,83.9705,0.03673,,,71.634,74.718,77.802,80.886,83.97,87.055,90.139,93.223,96.307,lhfa-girls-zscore-expanded-tables (1).xlsx
LHFA,F,,650,,1,84.0014,0.03674,,,71.657,74.743,77.829,80.915,84.001,87.088,90.174,93.26,96.346,lhfa-girls-zscore-expanded-tables (1).xlsx
LHFA,F,,651,,1,84.0324,0.03674,,,71.683,74.77,77.858,80.945,84.032,87.12,90.207,93.294,96.382,lhfa-girls-zscore-expanded-tables (1).xlsx
LHFA,F,,652,,1,84.0633,0.03675,,,71.706,74.795,77.885,80.974,84.063,87.153,90.242,93.331,96.421,lhfa-girls-zscore-expanded-tables (1).xlsx
LHFA,F,,653,,1,84.0941,0.03676,,,71.729,74.82,77.912,81.003,84.094,87.185,90.277,93.368,96.459,lhfa-girls-zscore-expanded-tables (1).xlsx
LHFA,F,,654,,1,84.125,0.03677,,,71.752,74.845,77.938,81.032,84.125,87.218,90.312,93.405,96.498,lhfa-girls-zscore-expanded-tables (1).xlsx
LHFA,F,,655,,1,84.1558,0.03677,,,71.778,74.873,77.967,81.061,84.156,87.25,90.345,93.439,96.533,lhfa-girls-zscore-expanded-tables (1).xlsx
LHFA,F,,656,,1,84.1867,0.03678,,,71.801,74.898,77.994,81.09,84.187,87.283,90.379,93.476,96.572,lhfa-girls-zscore-expanded-tables (1).xlsx
LHFA,F,,657,,1,84.2174,0.03679,,,71.824,74.922,78.021,81.119,84.217,87.316,90.414,93.512,96.611,lhfa-girls-zscore-expanded-tables (1).xlsx
LHFA,F,,658,,1,84.2482,0.0368,,,71.847,74.947,78.048,81.148,84.248,87.349,90.449,93.549,96.65,lhfa-girls-zscore-expanded-tables (1).xlsx
LHFA,F,,659,,1,84.2789,0.0368,,,71.873,74.975,78.076,81.177,84.279,87.38,90.482,93.583,96.685,lhfa-girls-zscore-expanded-tables (1).xlsx
LHFA,F,,660,,1,84.3096,0.03681,,,71.896,74.999,78.103,81.206,84.31,87.413,90.516,93.62,96.723,lhfa-girls-zscore-expanded-tables (1).xlsx
LHFA,F,,661,,1,84.3403,0.03682,,,71.919,75.024,78.129,81.235,84.34,87.446,90.551,93.657,96.762,lhfa-girls-zscore-expanded-tables (1).xlsx
LHFA,F,,662,,1,84.371,0.03683,,,71.941,75.049,78.156,81.264,84.371,87.478,90.586,93.693,96.801,lhfa-girls-zscore-expanded-tables (1).xlsx
LHFA,F,,663,,1,84.4016,0.03683,,,71.968,75.076,78.185,81.293,84.402,87.51,90.619,93.727,96.836,lhfa-girls-zscore-expanded-tables (1).xlsx
LHFA,F,,664,,1,84.4323,0.03684,,,71.99,75.101,78.211,81.322,84.432,87.543,90.653,93.764,96.874,lhfa-girls-zscore-expanded-tables (1).xlsx
LHFA,F,,665,,1,84.4628,0.03685,,,72.013,75.125,78.238,81.35,84.463,87.575,90.688,93.8,96.913,lhfa-girls-zscore-expanded-tables (1).xlsx
LHFA,F,,666,,1,84.4934,0.03686,,,72.036,75.15,78.265,81.379,84.493,87.608,90.722,93.837,96.951,lhfa-girls-zscore-expanded-tables (1).xlsx
LHFA,F,,667,,1,84.5239,0.03686,,,72.062,75.177,78.293,81.408,84.524,87.639,90.755,93.871,96.986,lhfa-girls-zscore-expanded-tables (1).xlsx
LHFA,F,,668,,1,84.5545,0.03687,,,72.084,75.202,78.319,81.437,84.554,87.672,90.79,93.907,97.025,lhfa-girls-zscore-expanded-tables (1).xlsx
LHFA,F,,669,,1,84.585,0.03688,,,72.107,75.227,78.346,81.466,84.585,87.704,90.824,93.943,97.063,lhfa-girls-zscore-expanded-tables (1).xlsx
LHFA,F,,670,,1,84.6154,0.03689,,,72.13,75.251,78.372,81.494,84.615,87.737,90.858,93.98,97.101,lhfa-girls-zscore-expanded-tables (1).xlsx
LHFA,F,,671,,1,84.6459,0.03689,,,72.156,75.278,78.401,81.523,84.646,87.768,90.891,94.014,97.136,lhfa-girls-zscore-expanded-tables (1).xlsx
LHFA,F,,672,,1,84.6763,0.0369,,,72.178,75.303,78.427,81.552,84.676,87.801,90.925,94.05,97.175,lhfa-girls-zscore-expanded-tables (1).xlsx
LHFA,F,,673,,1,84.7067,0.03691,,,72.201,75.327,78.454,81.58,84.707,87.833,90.96,94.086,97.213,lhfa-girls-zscore-expanded-tables (1).xlsx
LHFA,F,,674,,1,84.737,0.03692,,,72.223,75.352,78.48,81.609,84.737,87.865,90.994,94.122,97.251,lhfa-girls-zscore-expanded-tables (1).xlsx
LHFA,F,,675,,1,84.7674,0.03692,,,72.249,75.379,78.508,81.638,84.767,87.897,91.027,94.156,97.286,lhfa-girls-zscore-expanded-tables (1).xlsx
LHFA,F,,676,,1,84.7977,0.03693,,,72.271,75.403,78.535,81.666,84.798,87.929,91.061,94.192,97.324,lhfa-girls-zscore-expanded-tables (1).xlsx
LHFA,F,,677,,1,84.828,0.03694,,,72.294,75.427,78.561,81.694,84.828,87.962,91.095,94.229,97.362,lhfa-girls-zscore-expanded-tables (1).xlsx
LHFA,F,,678,,1,84.8583,0.03695,,,72.316,75.452,78.587,81.723,84.858,87.994,91.129,94.265,97.4,lhfa-girls-zscore-expanded-tables (1).xlsx
LHFA,F,,679,,1,84.8885,0.03695,,,72.342,75.479,78.615,81.752,84.888,88.025,91.162,94.298,97.435,lhfa-girls-zscore-expanded-tables (1).xlsx
LHFA,F,,680,,1,84.9188,0.03696,,,72.364,75.503,78.642,81.78,84.919,88.057,91.196,94.335,97.473,lhfa-girls-zscore-expanded-tables (1).xlsx
LHFA,F,,681,,1,84.949,0.03697,,,72.387,75.527,78.668,81.808,84.949,88.09,91.23,94.371,97.511,lhfa-girls-zscore-expanded-tables (1).xlsx
LHFA,F,,682,,1,84.9791,0.03698,,,72.409,75.552,78.694,81.837,84.979,88.122,91.264,94.407,97.549,lhfa-girls-zscore-expanded-tables (1).xlsx
LHFA,F,,683,,1,85.0093,0.03698,,,72.435,75.578,78.722,81.866,85.009,88.153,91.297,94.44,97.584,lhfa-girls-zscore-expanded-tables (1).xlsx
LHFA,F,,684,,1,85.0394,0.03699,,,72.457,75.603,78.748,81.894,85.039,88.185,91.331,94.476,97.622,lhfa-girls-zscore-expanded-tables (1).xlsx
LHFA,F,,685,,1,85.0695,0.037,,,72.479,75.627,78.774,81.922,85.07,88.217,91.365,94.512,97.66,lhfa-girls-zscore-expanded-tables (1).xlsx
LHFA,F,,686,,1,85.0996,0.03701,,,72.501,75.651,78.801,81.95,85.1,88.249,91.399,94.548,97.698,lhfa-girls-zscore-expanded-tables (1).xlsx
LHFA,F,,687,,1,85.1297,0.03701,,,72.527,75.678,78.828,81.979,85.13,88.28,91.431,94.582,97.732,lhfa-girls-zscore-expanded-tables (1).xlsx
LHFA,F,,688,,1,85.1597,0.03702,,,72.549,75.702,78.854,82.007,85.16,88.312,91.465,94.618,97.77,lhfa-girls-zscore-expanded-tables (1).xlsx
LHFA,F,,689,,1,85.1897,0.03703,,,72.571,75.726,78.881,82.035,85.19,88.344,91.499,94.653,97.808,lhfa-girls-zscore-expanded-tables (1).xlsx
LHFA,F,,690,,1,85.2197,0.03704,,,72.594,75.75,78.907,82.063,85.22,88.376,91.533,94.689,97.846,lhfa-girls-zscore-expanded-tables (1).xlsx
LHFA,F,,691,,1,85.2497,0.03704,,,72.619,75.777,78.934,82.092,85.25,88.407,91.565,94.723,97.88,lhfa-girls-zscore-expanded-tables (1).xlsx
LHFA,F,,692,,1,85.2796,0.03705,,,72.641,75.801,78.96,82.12,85.28,88.439,91.599,94.758,97.918,lhfa-girls-zscore-expanded-tables (1).xlsx
LHFA,F,,693,,1,85.3096,0.03706,,,72.663,75.825,78.986,82.148,85.31,88.471,91.633,94.794,97.956,lhfa-girls-zscore-expanded-tables (1).xlsx
LHFA,F,,694,,1,85.3395,0.03706,,,72.689,75.851,79.014,82.177,85.34,88.502,91.665,94.828,97.99,lhfa-girls-zscore-expanded-tables (1).xlsx
LHFA,F,,695,,1,85.3693,0.03707,,,72.711,75.875,79.04,82.205,85.369,88.534,91.699,94.863,98.028,lhfa-girls-zscore-expanded-tables (1).xlsx
LHFA,F,,696,,1,85.3992,0.03708,,,72.733,75.899,79.066,82.233,85.399,88.566,91.732,94.899,98.066,lhfa-girls-zscore-expanded-tables (1).xlsx
LHFA,F,,697,,1,85.429,0.03709,,,72.755,75.923,79.092,82.26,85.429,88.598,91.766,94.935,98.103,lhfa-girls-zscore-expanded-tables (1).xlsx
LHFA,F,,698,,1,85.4588,0.03709,,,72.78,75.95,79.119,82.289,85.459,88.628,91.798,94.968,98.137,lhfa-girls-zscore-expanded-tables (1).xlsx
LHFA,F,,699,,1,85.4886,0.0371,,,72.802,75.974,79.145,82.317,85.489,88.66,91.832,95.003,98.175,lhfa-girls-zscore-expanded-tables (1).xlsx
LHFA,F,,700,,1,85.5184,0.03711,,,72.824,75.998,79.171,82.345,85.518,88.692,91.866,95.039,98.213,lhfa-girls-zscore-expanded-tables (1).xlsx
LHFA,F,,701,,1,85.5481,0.03712,,,72.846,76.021,79.197,82.373,85.548,88.724,91.899,95.075,98.25,lhfa-girls-zscore-expanded-tables (1).xlsx
LHFA,F,,702,,1,85.5778,0.03712,,,72.871,76.048,79.225,82.401,85.578,88.754,91.931,95.108,98.284,lhfa-girls-zscore-expanded-tables (1).xlsx
LHFA,F,,703,,1,85.6075,0.03713,,,72.893,76.072,79.25,82.429,85.608,88.786,91.965,95.143,98.322,lhfa-girls-zscore-expanded-tables (1).xlsx
LHFA,F,,704,,1,85.6372,0.03714,,,72.915,76.096,79.276,82.457,85.637,88.818,91.998,95.179,98.359,lhfa-girls-zscore-expanded-tables (1).xlsx
LHFA,F,,705,,1,85.6668,0.03715,,,72.937,76.119,79.302,82.484,85.667,88.849,92.032,95.214,98.397,lhfa-girls-zscore-expanded-tables (1).xlsx
LHFA,F,,706,,1,85.6964,0.03715,,,72.962,76.146,79.329,82.513,85.696,88.88,92.064,95.247,98.431,lhfa-girls-zscore-expanded-tables (1).xlsx
LHFA,F,,707,,1,85.726,0.03716,,,72.984,76.169,79.355,82.54,85.726,88.912,92.097,95.283,98.468,lhfa-girls-zscore-expanded-tables (1).xlsx
LHFA,F,,708,,1,85.7556,0.03717,,,73.005,76.193,79.381,82.568,85.756,88.943,92.131,95.318,98.506,lhfa-girls-zscore-expanded-tables (1).xlsx
LHFA,F,,709,,1,85.7852,0.03718,,,73.027,76.217,79.406,82.596,85.785,88.975,92.164,95.354,98.543,lhfa-girls-zscore-expanded-tables (1).xlsx
LHFA,F,,710,,1,85.8147,0.03718,,,73.052,76.243,79.434,82.624,85.815,89.005,92.196,95.386,98.577,lhfa-girls-zscore-expanded-tables (1).xlsx
LHFA,F,,711,,1,85.8442,0.03719,,,73.074,76.267,79.459,82.652,85.844,89.037,92.229,95.422,98.614,lhfa-girls-zscore-expanded-tables (1).xlsx
LHFA,F,,712,,1,85.8737,0.0372,,,73.096,76.29,79.485,82.679,85.874,89.068,92.263,95.457,98.652,lhfa-girls-zscore-expanded-tables (1).xlsx
LHFA,F,,713,,1,85.9032,0.03721,,,73.117,76.314,79.51,82.707,85.903,89.1,92.296,95.493,98.689,lhfa-girls-zscore-expanded-tables (1).xlsx
LHFA,F,,714,,1,85.9326,0.03721,,,73.142,76.34,79.537,82.735,85.933,89.13,92.328,95.525,98.723,lhfa-girls-zscore-expanded-tables (1).xlsx
LHFA,F,,715,,1,85.9621,0.03722,,,73.164,76.364,79.563,82.763,85.962,89.162,92.361,95.561,98.76,lhfa-girls-zscore-expanded-tables (1).xlsx
LHFA,F,,716,,1,85.9915,0.03723,,,73.186,76.387,79.589,82.79,85.992,89.193,92.394,95.596,98.797,lhfa-girls-zscore-expanded-tables (1).xlsx
LHFA,F,,717,,1,86.0208,0.03724,,,73.207,76.411,79.614,82.817,86.021,89.224,92.428,95.631,98.834,lhfa-girls-zscore-expanded-tables (1).xlsx
LHFA,F,,718,,1,86.0502,0.03724,,,73.232,76.437,79.641,82.846,86.05,89.255,92.459,95.664,98.868,lhfa-girls-zscore-expanded-tables (1).xlsx
LHFA,F,,719,,1,86.0795,0.03725,,,73.254,76.46,79.667,82.873,86.08,89.286,92.492,95.699,98.905,lhfa-girls-zscore-expanded-tables (1).xlsx
LHFA,F,,720,,1,86.1089,0.03726,,,73.275,76.484,79.692,82.9,86.109,89.317,92.526,95.734,98.943,lhfa-girls-zscore-expanded-tables (1).xlsx
LHFA,F,,721,,1,86.1381,0.03727,,,73.297,76.507,79.717,82.928,86.138,89.348,92.559,95.769,98.98,lhfa-girls-zscore-expanded-tables (1).xlsx
LHFA,F,,722,,1,86.1674,0.03727,,,73.322,76.533,79.744,82.956,86.167,89.379,92.59,95.802,99.013,lhfa-girls-zscore-expanded-tables (1).xlsx
LHFA,F,,723,,1,86.1967,0.03728,,,73.343,76.556,79.77,82.983,86.197,89.41,92.624,95.837,99.05,lhfa-girls-zscore-expanded-tables (1).xlsx
LHFA,F,,724,,1,86.2259,0.03729,,,73.364,76.58,79.795,83.011,86.226,89.441,92.657,95.872,99.087,lhfa-girls-zscore-expanded-tables (1).xlsx
LHFA,F,,725,,1,86.2551,0.03729,,,73.389,76.606,79.822,83.039,86.255,89.472,92.688,95.904,99.121,lhfa-girls-zscore-expanded-tables (1).xlsx
LHFA,F,,726,,1,86.2843,0.0373,,,73.411,76.629,79.847,83.066,86.284,89.503,92.721,95.94,99.158,lhfa-girls-zscore-expanded-tables (1).xlsx
LHFA,F,,727,,1,86.3134,0.03731,,,73.432,76.652,79.873,83.093,86.313,89.534,92.754,95.974,99.195,lhfa-girls-zscore-expanded-tables (1).xlsx
LHFA,F,,728,,1,86.3426,0.03732,,,73.453,76.676,79.898,83.12,86.343,89.565,92.787,96.01,99.232,lhfa-girls-zscore-expanded-tables (1).xlsx
LHFA,F,,729,,1,86.3717,0.03732,,,73.478,76.702,79.925,83.148,86.372,89.595,92.818,96.042,99.265,lhfa-girls-zscore-expanded-tables (1).xlsx
LHFA,F,,730,,1,86.4008,0.03733,,,73.499,76.725,79.95,83.175,86.401,89.626,92.851,96.077,99.302,lhfa-girls-zscore-expanded-tables (1).xlsx
LHFA,F,,731,,1,85.7299,0.03764,,,72.822,76.049,79.276,82.503,85.73,88.957,92.184,95.411,98.637,lhfa-girls-zscore-expanded-tables (1).xlsx
LHFA,F,,732,,1,85.7589,0.03765,,,72.844,76.072,79.301,82.53,85.759,88.988,92.217,95.445,98.674,lhfa-girls-zscore-expanded-tables (1).xlsx
LHFA,F,,733,,1,85.788,0.03766,,,72.865,76.096,79.326,82.557,85.788,89.019,92.25,95.48,98.711,lhfa-girls-zscore-expanded-tables (1).xlsx
LHFA,F,,734,,1,85.817,0.03767,,,72.886,76.119,79.352,82.584,85.817,89.05,92.282,95.515,98.748,lhfa-girls-zscore-expanded-tables (1).xlsx
LHFA,F,,735,,1,85.846,0.03767,,,72.911,76.145,79.378,82.612,85.846,89.08,92.314,95.547,98.781,lhfa-girls-zscore-expanded-tables (1).xlsx
LHFA,F,,736,,1,85.8749,0.03768,,,72.932,76.168,79.403,82.639,85.875,89.111,92.346,95.582,98.818,lhfa-girls-zscore-expanded-tables (1).xlsx
LHFA,F,,737,,1,85.9039,0.03769,,,72.953,76.191,79.428,82.666,85.904,89.142,92.379,95.617,98.855,lhfa-girls-zscore-expanded-tables (1).xlsx
LHFA,F,,738,,1,85.9328,0.0377,,,72.974,76.214,79.453,82.693,85.933,89.172,92.412,95.652,98.891,lhfa-girls-zscore-expanded-tables (1).xlsx
LHFA,F,,739,,1,85.9617,0.0377,,,72.999,76.239,79.48,82.721,85.962,89.202,92.443,95.684,98.925,lhfa-girls-zscore-expanded-tables (1).xlsx
LHFA,F,,740,,1,85.9906,0.03771,,,73.02,76.262,79.505,82.748,85.991,89.233,92.476,95.719,98.961,lhfa-girls-zscore-expanded-tables (1).xlsx
LHFA,F,,741,,1,86.0194,0.03772,,,73.041,76.285,79.53,82.775,86.019,89.264,92.509,95.753,98.998,lhfa-girls-zscore-expanded-tables (1).xlsx
LHFA,F,,742,,1,86.0483,0.03772,,,73.065,76.311,79.557,82.803,86.048,89.294,92.54,95.786,99.031,lhfa-girls-zscore-expanded-tables (1).xlsx
LHFA,F,,743,,1,86.0771,0.03773,,,73.086,76.334,79.582,82.829,86.077,89.325,92.572,95.82,99.068,lhfa-girls-zscore-expanded-tables (1).xlsx
LHFA,F,,744,,1,86.1059,0.03774,,,73.107,76.357,79.607,82.856,86.106,89.356,92.605,95.855,99.104,lhfa-girls-zscore-expanded-tables (1).xlsx
LHFA,F,,745,,1,86.1347,0.03775,,,73.128,76.38,79.632,82.883,86.135,89.386,92.638,95.889,99.141,lhfa-girls-zscore-expanded-tables (1).xlsx
LHFA,F,,746,,1,86.1634,0.03775,,,73.153,76.405,79.658,82.911,86.163,89.416,92.669,95.921,99.174,lhfa-girls-zscore-expanded-tables (1).xlsx
LHFA,F,,747,,1,86.1921,0.03776,,,73.174,76.428,79.683,82.937,86.192,89.447,92.701,95.956,99.211,lhfa-girls-zscore-expanded-tables (1).xlsx
LHFA,F,,748,,1,86.2209,0.03777,,,73.195,76.451,79.708,82.964,86.221,89.477,92.734,95.991,99.247,lhfa-girls-zscore-expanded-tables (1).xlsx
LHFA,F,,749,,1,86.2495,0.03778,,,73.215,76.474,79.732,82.991,86.25,89.508,92.767,96.025,99.284,lhfa-girls-zscore-expanded-tables (1).xlsx
LHFA,F,,750,,1,86.2782,0.03778,,,73.24,76.499,79.759,83.019,86.278,89.538,92.797,96.057,99.317,lhfa-girls-zscore-expanded-tables (1).xlsx
LHFA,F,,751,,1,86.3069,0.03779,,,73.261,76.522,79.784,83.045,86.307,89.568,92.83,96.092,99.353,lhfa-girls-zscore-expanded-tables (1).xlsx
LHFA,F,,752,,1,86.3355,0.0378,,,73.282,76.545,79.809,83.072,86.336,89.599,92.862,96.126,99.389,lhfa-girls-zscore-expanded-tables (1).xlsx
LHFA,F,,753,,1,86.3641,0.0378,,,73.306,76.57,79.835,83.1,86.364,89.629,92.893,96.158,99.422,lhfa-girls-zscore-expanded-tables (1).xlsx
LHFA,F,,754,,1,86.3927,0.03781,,,73.327,76.593,79.86,83.126,86.393,89.659,92.926,96.192,99.459,lhfa-girls-zscore-expanded-tables (1).xlsx
LHFA,F,,755,,1,86.4212,0.03782,,,73.347,76.616,79.884,83.153,86.421,89.69,92.958,96.227,99.495,lhfa-girls-zscore-expanded-tables (1).xlsx
LHFA,F,,756,,1,86.4498,0.03783,,,73.368,76.639,79.909,83.179,86.45,89.72,92.991,96.261,99.531,lhfa-girls-zscore-expanded-tables (1).xlsx
LHFA,F,,757,,1,86.4783,0.03783,,,73.392,76.664,79.935,83.207,86.478,89.75,93.021,96.293,99.564,lhfa-girls-zscore-expanded-tables (1).xlsx
LHFA,F,,758,,1,86.5068,0.03784,,,73.413,76.687,79.96,83.233,86.507,89.78,93.054,96.327,99.6,lhfa-girls-zscore-expanded-tables (1).xlsx
LHFA,F,,759,,1,86.5353,0.03785,,,73.434,76.709,79.985,83.26,86.535,89.811,93.086,96.361,99.637,lhfa-girls-zscore-expanded-tables (1).xlsx
LHFA,F,,760,,1,86.5638,0.03786,,,73.455,76.732,80.009,83.286,86.564,89.841,93.118,96.396,99.673,lhfa-girls-zscore-expanded-tables (1).xlsx
LHFA,F,,761,,1,86.5922,0.03786,,,73.479,76.757,80.035,83.314,86.592,89.871,93.149,96.427,99.706,lhfa-girls-zscore-expanded-tables (1).xlsx
LHFA,F,,762,,1,86.6206,0.03787,,,73.499,76.78,80.06,83.34,86.621,89.901,93.181,96.462,99.742,lhfa-girls-zscore-expanded-tables (1).xlsx
LHFA,F,,763,,1,86.649,0.03788,,,73.52,76.802,80.084,83.367,86.649,89.931,93.214,96.496,99.778,lhfa-girls-zscore-expanded-tables (1).xlsx
LHFA,F,,764,,1,86.6774,0.03788,,,73.544,76.827,80.111,83.394,86.677,89.961,93.244,96.527,99.811,lhfa-girls-zscore-expanded-tables (1).xlsx
LHFA,F,,765,,1,86.7057,0.03789,,,73.565,76.85,80.135,83.42,86.706,89.991,93.276,96.562,99.847,lhfa-girls-zscore-expanded-tables (1).xlsx
LHFA,F,,766,,1,86.7341,0.0379,,,73.585,76.872,80.16,83.447,86.734,90.021,93.309,96.596,99.883,lhfa-girls-zscore-expanded-tables (1).xlsx
LHFA,F,,767,,1,86.7624,0.03791,,,73.606,76.895,80.184,83.473,86.762,90.052,93.341,96.63,99.919,lhfa-girls-zscore-expanded-tables (1).xlsx
LHFA,F,,768,,1,86.7907,0.03791,,,73.63,76.92,80.21,83.5,86.791,90.081,93.371,96.661,99.952,lhfa-girls-zscore-expanded-tables (1).xlsx
LHFA,F,,769,,1,86.819,0.03792,,,73.65,76.942,80.235,83.527,86.819,90.111,93.403,96.696,99.988,lhfa-girls-zscore-expanded-tables (1).xlsx
LHFA,F,,770,,1,86.8472,0.03793,,,73.671,76.965,80.259,83.553,86.847,90.141,93.435,96.73,100.024,lhfa-girls-zscore-expanded-tables (1).xlsx
LHFA,F,,771,,1,86.8754,0.03794,,,73.691,76.987,80.283,83.579,86.875,90.171,93.468,96.764,100.06,lhfa-girls-zscore-expanded-tables (1).xlsx
LHFA,F,,772,,1,86.9037,0.03794,,,73.715,77.012,80.309,83.607,86.904,90.201,93.498,96.795,100.092,lhfa-girls-zscore-expanded-tables (1).xlsx
LHFA,F,,773,,1,86.9319,0.03795,,,73.736,77.035,80.334,83.633,86.932,90.231,93.53,96.829,100.128,lhfa-girls-zscore-expanded-tables (1).xlsx
LHFA,F,,774,,1,86.96,0.03796,,,73.756,77.057,80.358,83.659,86.96,90.261,93.562,96.863,100.164,lhfa-girls-zscore-expanded-tables (1).xlsx
LHFA,F,,775,,1,86.9882,0.03796,,,73.78,77.082,80.384,83.686,86.988,90.29,93.592,96.894,100.196,lhfa-girls-zscore-expanded-tables (1).xlsx
LHFA,F,,776,,1,87.0163,0.03797,,,73.8,77.104,80.408,83.712,87.016,90.32,93.624,96.928,100.232,lhfa-girls-zscore-expanded-tables (1).xlsx
LHFA,F,,777,,1,87.0444,0.03798,,,73.821,77.127,80.433,83.738,87.044,90.35,93.656,96.962,100.268,lhfa-girls-zscore-expanded-tables (1).xlsx
LHFA,F,,778,,1,87.0725,0.03799,,,73.841,77.149,80.457,83.765,87.072,90.38,93.688,96.996,100.304,lhfa-girls-zscore-expanded-tables (1).xlsx
LHFA,F,,779,,1,87.1006,0.03799,,,73.865,77.174,80.483,83.792,87.101,90.41,93.719,97.027,100.336,lhfa-girls-zscore-expanded-tables (1).xlsx
LHFA,F,,780,,1,87.1286,0.038,,,73.885,77.196,80.507,83.818,87.129,90.439,93.75,97.061,100.372,lhfa-girls-zscore-expanded-tables (1).xlsx
LHFA,F,,781,,1,87.1567,0.03801,,,73.905,77.218,80.531,83.844,87.157,90.47,93.782,97.095,100.408,lhfa-girls-zscore-expanded-tables (1).xlsx
LHFA,F,,782,,1,87.1847,0.03801,,,73.929,77.243,80.557,83.871,87.185,90.499,93.812,97.126,100.44,lhfa-girls-zscore-expanded-tables (1).xlsx
LHFA,F,,783,,1,87.2126,0.03802,,,73.949,77.265,80.581,83.897,87.213,90.528,93.844,97.16,100.476,lhfa-girls-zscore-expanded-tables (1).xlsx
LHFA,F,,784,,1,87.2406,0.03803,,,73.97,77.287,80.605,83.923,87.241,90.558,93.876,97.194,100.512,lhfa-girls-zscore-expanded-tables (1).xlsx
LHFA,F,,785,,1,87.2686,0.03804,,,73.99,77.31,80.629,83.949,87.269,90.588,93.908,97.228,100.547,lhfa-girls-zscore-expanded-tables (1).xlsx
LHFA,F,,786,,1,87.2965,0.03804,,,74.013,77.334,80.655,83.976,87.296,90.617,93.938,97.259,100.58,lhfa-girls-zscore-expanded-tables (1).xlsx
LHFA,F,,787,,1,87.3244,0.03805,,,74.034,77.356,80.679,84.002,87.324,90.647,93.97,97.292,100.615,lhfa-girls-zscore-expanded-tables (1).xlsx
LHFA,F,,788,,1,87.3523,0.03806,,,74.054,77.378,80.703,84.028,87.352,90.677,94.002,97.326,100.651,lhfa-girls-zscore-expanded-tables (1).xlsx
LHFA,F,,789,,1,87.3801,0.03806,,,74.077,77.403,80.729,84.054,87.38,90.706,94.031,97.357,100.683,lhfa-girls-zscore-expanded-tables (1).xlsx
LHFA,F,,790,,1,87.408,0.03807,,,74.098,77.425,80.753,84.08,87.408,90.736,94.063,97.391,100.718,lhfa-girls-zscore-expanded-tables (1).xlsx
LHFA,F,,791,,1,87.4358,0.03808,,,74.118,77.447,80.777,84.106,87.436,90.765,94.095,97.424,100.754,lhfa-girls-zscore-expanded-tables (1).xlsx
LHFA,F,,792,,1,87.4636,0.03809,,,74.138,77.469,80.801,84.132,87.464,90.795,94.127,97.458,100.79,lhfa-girls-zscore-expanded-tables (1).xlsx
LHFA,F,,793,,1,87.4914,0.03809,,,74.161,77.494,80.826,84.159,87.491,90.824,94.156,97.489,100.822,lhfa-girls-zscore-expanded-tables (1).xlsx
LHFA,F,,794,,1,87.5192,0.0381,,,74.181,77.516,80.85,84.185,87.519,90.854,94.188,97.523,100.857,lhfa-girls-zscore-expanded-tables (1).xlsx
LHFA,F,,795,,1,87.5469,0.03811,,,74.201,77.538,80.874,84.21,87.547,90.883,94.22,97.556,100.893,lhfa-girls-zscore-expanded-tables (1).xlsx
LHFA,F,,796,,1,87.5746,0.03812,,,74.221,77.56,80.898,84.236,87.575,90.913,94.251,97.59,100.928,lhfa-girls-zscore-expanded-tables (1).xlsx
LHFA,F,,797,,1,87.6023,0.03812,,,74.245,77.584,80.924,84.263,87.602,90.942,94.281,97.62,100.96,lhfa-girls-zscore-expanded-tables (1).xlsx
LHFA,F,,798,,1,87.63,0.03813,,,74.265,77.606,80.947,84.289,87.63,90.971,94.313,97.654,100.995,lhfa-girls-zscore-expanded-tables (1).xlsx
LHFA,F,,799,,1,87.6577,0.03814,,,74.285,77.628,80.971,84.314,87.658,91.001,94.344,97.687,101.031,lhfa-girls-zscore-expanded-tables (1).xlsx
LHFA,F,,800,,1,87.6853,0.03814,,,74.308,77.652,80.997,84.341,87.685,91.03,94.374,97.718,101.063,lhfa-girls-zscore-expanded-tables (1).xlsx
LHFA,F,,801,,1,87.7129,0.03815,,,74.328,77.674,81.02,84.367,87.713,91.059,94.405,97.752,101.098,lhfa-girls-zscore-expanded-tables (1).xlsx
LHFA,F,,802,,1,87.7405,0.03816,,,74.348,77.696,81.044,84.392,87.74,91.089,94.437,97.785,101.133,lhfa-girls-zscore-expanded-tables (1).xlsx
LHFA,F,,803,,1,87.7681,0.03817,,,74.368,77.718,81.068,84.418,87.768,91.118,94.468,97.818,101.169,lhfa-girls-zscore-expanded-tables (1).xlsx
LHFA,F,,804,,1,87.7956,0.03817,,,74.391,77.742,81.093,84.444,87.796,91.147,94.498,97.849,101.2,lhfa-girls-zscore-expanded-tables (1).xlsx
LHFA,F,,805,,1,87.8232,0.03818,,,74.411,77.764,81.117,84.47,87.823,91.176,94.529,97.882,101.236,lhfa-girls-zscore-expanded-tables (1).xlsx
LHFA,F,,806,,1,87.8507,0.03819,,,74.431,77.786,81.141,84.496,87.851,91.206,94.561,97.916,101.271,lhfa-girls-zscore-expanded-tables (1).xlsx
LHFA,F,,807,,1,87.8782,0.03819,,,74.454,77.81,81.166,84.522,87.878,91.234,94.59,97.946,101.302,lhfa-girls-zscore-expanded-tables (1).xlsx
LHFA,F,,808,,1,87.9056,0.0382,,,74.474,77.832,81.19,84.548,87.906,91.264,94.622,97.98,101.338,lhfa-girls-zscore-expanded-tables (1).xlsx
LHFA,F,,809,,1,87.9331,0.03821,,,74.493,77.853,81.213,84.573,87.933,91.293,94.653,98.013,101.373,lhfa-girls-zscore-expanded-tables (1).xlsx
LHFA,F,,810,,1,87.9605,0.03821,,,74.517,77.878,81.239,84.6,87.96,91.321,94.682,98.043,101.404,lhfa-girls-zscore-expanded-tables (1).xlsx
LHFA,F,,811,,1,87.9879,0.03822,,,74.536,77.899,81.262,84.625,87.988,91.351,94.714,98.077,101.439,lhfa-girls-zscore-expanded-tables (1).xlsx
LHFA,F,,812,,1,88.0153,0.03823,,,74.556,77.921,81.286,84.65,88.015,91.38,94.745,98.11,101.475,lhfa-girls-zscore-expanded-tables (1).xlsx
LHFA,F,,813,,1,88.0427,0.03824,,,74.576,77.942,81.309,84.676,88.043,91.409,94.776,98.143,101.51,lhfa-girls-zscore-expanded-tables (1).xlsx
LHFA,F,,814,,1,88.07,0.03824,,,74.599,77.967,81.334,84.702,88.07,91.438,94.806,98.173,101.541,lhfa-girls-zscore-expanded-tables (1).xlsx
LHFA,F,,815,,1,88.0974,0.03825,,,74.618,77.988,81.358,84.728,88.097,91.467,94.837,98.207,101.576,lhfa-girls-zscore-expanded-tables (1).xlsx
LHFA,F,,816,,1,88.1247,0.03826,,,74.638,78.01,81.381,84.753,88.125,91.496,94.868,98.24,101.611,lhfa-girls-zscore-expanded-tables (1).xlsx
LHFA,F,,817,,1,88.1519,0.03826,,,74.661,78.034,81.407,84.779,88.152,91.525,94.897,98.27,101.643,lhfa-girls-zscore-expanded-tables (1).xlsx
LHFA,F,,818,,1,88.1792,0.03827,,,74.681,78.055,81.43,84.805,88.179,91.554,94.928,98.303,101.678,lhfa-girls-zscore-expanded-tables (1).xlsx
LHFA,F,,819,,1,88.2065,0.03828,,,74.7,78.077,81.453,84.83,88.206,91.583,94.96,98.336,101.713,lhfa-girls-zscore-expanded-tables (1).xlsx
LHFA,F,,820,,1,88.2337,0.03829,,,74.72,78.098,81.477,84.855,88.234,91.612,94.991,98.369,101.748,lhfa-girls-zscore-expanded-tables (1).xlsx
LHFA,F,,821,,1,88.2609,0.03829,,,74.743,78.122,81.502,84.881,88.261,91.64,95.02,98.399,101.779,lhfa-girls-zscore-expanded-tables (1).xlsx
LHFA,F,,822,,1,88.2881,0.0383,,,74.762,78.144,81.525,84.907,88.288,91.67,95.051,98.432,101.814,lhfa-girls-zscore-expanded-tables (1).xlsx
LHFA,F,,823,,1,88.3152,0.03831,,,74.782,78.165,81.548,84.932,88.315,91.699,95.082,98.465,101.849,lhfa-girls-zscore-expanded-tables (1).xlsx
LHFA,F,,824,,1,88.3423,0.03831,,,74.805,78.189,81.574,84.958,88.342,91.727,95.111,98.495,101.88,lhfa-girls-zscore-expanded-tables (1).xlsx
LHFA,F,,825,,1,88.3695,0.03832,,,74.824,78.211,81.597,84.983,88.37,91.756,95.142,98.528,101.915,lhfa-girls-zscore-expanded-tables (1).xlsx
LHFA,F,,826,,1,88.3966,0.03833,,,74.844,78.232,81.62,85.008,88.397,91.785,95.173,98.561,101.95,lhfa-girls-zscore-expanded-tables (1).xlsx
LHFA,F,,827,,1,88.4236,0.03834,,,74.863,78.253,81.643,85.033,88.424,91.814,95.204,98.594,101.984,lhfa-girls-zscore-expanded-tables (1).xlsx
LHFA,F,,828,,1,88.4507,0.03834,,,74.886,78.277,81.668,85.06,88.451,91.842,95.233,98.624,102.015,lhfa-girls-zscore-expanded-tables (1).xlsx
LHFA,F,,829,,1,88.4777,0.03835,,,74.905,78.298,81.691,85.085,88.478,91.871,95.264,98.657,102.05,lhfa-girls-zscore-expanded-tables (1).xlsx
LHFA,F,,830,,1,88.5047,0.03836,,,74.925,78.32,81.715,85.11,88.505,91.9,95.295,98.69,102.085,lhfa-girls-zscore-expanded-tables (1).xlsx
LHFA,F,,831,,1,88.5317,0.03836,,,74.947,78.343,81.74,85.136,88.532,91.928,95.324,98.72,102.116,lhfa-girls-zscore-expanded-tables (1).xlsx
LHFA,F,,832,,1,88.5587,0.03837,,,74.967,78.365,81.763,85.161,88.559,91.957,95.355,98.753,102.151,lhfa-girls-zscore-expanded-tables (1).xlsx
LHFA,F,,833,,1,88.5856,0.03838,,,74.986,78.386,81.786,85.186,88.586,91.986,95.385,98.785,102.185,lhfa-girls-zscore-expanded-tables (1).xlsx
LHFA,F,,834,,1,88.6126,0.03838,,,75.009,78.41,81.811,85.212,88.613,92.014,95.415,98.815,102.216,lhfa-girls-zscore-expanded-tables (1).xlsx
LHFA,F,,835,,1,88.6395,0.03839,,,75.028,78.431,81.834,85.237,88.64,92.042,95.445,98.848,102.251,lhfa-girls-zscore-expanded-tables (1).xlsx
LHFA,F,,836,,1,88.6664,0.0384,,,75.047,78.452,81.857,85.262,88.666,92.071,95.476,98.881,102.286,lhfa-girls-zscore-expanded-tables (1).xlsx
LHFA,F,,837,,1,88.6932,0.03841,,,75.066,78.473,81.88,85.286,88.693,92.1,95.507,98.913,102.32,lhfa-girls-zscore-expanded-tables (1).xlsx
LHFA,F,,838,,1,88.7201,0.03841,,,75.089,78.497,81.905,85.312,88.72,92.128,95.536,98.943,102.351,lhfa-girls-zscore-expanded-tables (1).xlsx
LHFA,F,,839,,1,88.7469,0.03842,,,75.108,78.518,81.928,85.337,88.747,92.157,95.566,98.976,102.386,lhfa-girls-zscore-expanded-tables (1).xlsx
LHFA,F,,840,,1,88.7737,0.03843,,,75.127,78.539,81.951,85.362,88.774,92.185,95.597,99.008,102.42,lhfa-girls-zscore-expanded-tables (1).xlsx
LHFA,F,,841,,1,88.8005,0.03843,,,75.15,78.563,81.975,85.388,88.8,92.213,95.626,99.038,102.451,lhfa-girls-zscore-expanded-tables (1).xlsx
LHFA,F,,842,,1,88.8273,0.03844,,,75.169,78.584,81.998,85.413,88.827,92.242,95.656,99.071,102.485,lhfa-girls-zscore-expanded-tables (1).xlsx
LHFA,F,,843,,1,88.854,0.03845,,,75.188,78.605,82.021,85.438,88.854,92.27,95.687,99.103,102.52,lhfa-girls-zscore-expanded-tables (1).xlsx
LHFA,F,,844,,1,88.8807,0.03845,,,75.211,78.628,82.046,85.463,88.881,92.298,95.716,99.133,102.551,lhfa-girls-zscore-expanded-tables (1).xlsx
LHFA,F,,845,,1,88.9074,0.03846,,,75.23,78.649,82.069,85.488,88.907,92.327,95.746,99.166,102.585,lhfa-girls-zscore-expanded-tables (1).xlsx
LHFA,F,,846,,1,88.9341,0.03847,,,75.249,78.67,82.092,85.513,88.934,92.355,95.777,99.198,102.619,lhfa-girls-zscore-expanded-tables (1).xlsx
LHFA,F,,847,,1,88.9608,0.03848,,,75.268,78.691,82.114,85.538,88.961,92.384,95.807,99.23,102.654,lhfa-girls-zscore-expanded-tables (1).xlsx
LHFA,F,,848,,1,88.9874,0.03848,,,75.29,78.715,82.139,85.563,88.987,92.412,95.836,99.26,102.684,lhfa-girls-zscore-expanded-tables (1).xlsx
LHFA,F,,849,,1,89.014,0.03849,,,75.309,78.736,82.162,85.588,89.014,92.44,95.866,99.292,102.719,lhfa-girls-zscore-expanded-tables (1).xlsx
LHFA,F,,850,,1,89.0406,0.0385,,,75.328,78.756,82.184,85.613,89.041,92.469,95.897,99.325,102.753,lhfa-girls-zscore-expanded-tables (1).xlsx
LHFA,F,,851,,1,89.0672,0.0385,,,75.351,78.78,82.209,85.638,89.067,92.496,95.925,99.354,102.784,lhfa-girls-zscore-expanded-tables (1).xlsx
LHFA,F,,852,,1,89.0938,0.03851,,,75.37,78.801,82.232,85.663,89.094,92.525,95.956,99.387,102.818,lhfa-girls-zscore-expanded-tables (1).xlsx
LHFA,F,,853,,1,89.1203,0.03852,,,75.389,78.822,82.254,85.687,89.12,92.553,95.986,99.419,102.852,lhfa-girls-zscore-expanded-tables (1).xlsx
LHFA,F,,854,,1,89.1468,0.03852,,,75.411,78.845,82.279,85.713,89.147,92.581,96.015,99.449,102.883,lhfa-girls-zscore-expanded-tables (1).xlsx
LHFA,F,,855,,1,89.1733,0.03853,,,75.43,78.866,82.302,85.737,89.173,92.609,96.045,99.481,102.917,lhfa-girls-zscore-expanded-tables (1).xlsx
LHFA,F,,856,,1,89.1998,0.03854,,,75.449,78.887,82.324,85.762,89.2,92.638,96.075,99.513,102.951,lhfa-girls-zscore-expanded-tables (1).xlsx
LHFA,F,,857,,1,89.2263,0.03855,,,75.468,78.907,82.347,85.787,89.226,92.666,96.106,99.545,102.985,lhfa-girls-zscore-expanded-tables (1).xlsx
LHFA,F,,858,,1,89.2527,0.03855,,,75.49,78.931,82.371,85.812,89.253,92.693,96.134,99.575,103.015,lhfa-girls-zscore-expanded-tables (1).xlsx
LHFA,F,,859,,1,89.2791,0.03856,,,75.509,78.951,82.394,85.836,89.279,92.722,96.164,99.607,103.05,lhfa-girls-zscore-expanded-tables (1).xlsx
LHFA,F,,860,,1,89.3055,0.03857,,,75.527,78.972,82.416,85.861,89.306,92.75,96.195,99.639,103.084,lhfa-girls-zscore-expanded-tables (1).xlsx
LHFA,F,,861,,1,89.3319,0.03857,,,75.55,78.995,82.441,85.886,89.332,92.777,96.223,99.668,103.114,lhfa-girls-zscore-expanded-tables (1).xlsx
LHFA,F,,862,,1,89.3583,0.03858,,,75.569,79.016,82.463,85.911,89.358,92.806,96.253,99.701,103.148,lhfa-girls-zscore-expanded-tables (1).xlsx
LHFA,F,,863,,1,89.3846,0.03859,,,75.587,79.037,82.486,85.935,89.385,92.834,96.283,99.733,103.182,lhfa-girls-zscore-expanded-tables (1).xlsx
LHFA,F,,864,,1,89.4109,0.03859,,,75.609,79.06,82.51,85.961,89.411,92.861,96.312,99.762,103.212,lhfa-girls-zscore-expanded-tables (1).xlsx
LHFA,F,,865,,1,89.4372,0.0386,,,75.628,79.08,82.533,85.985,89.437,92.889,96.342,99.794,103.246,lhfa-girls-zscore-expanded-tables (1).xlsx
LHFA,F,,866,,1,89.4635,0.03861,,,75.647,79.101,82.555,86.009,89.464,92.918,96.372,99.826,103.28,lhfa-girls-zscore-expanded-tables (1).xlsx
LHFA,F,,867,,1,89.4898,0.03861,,,75.669,79.124,82.579,86.035,89.49,92.945,96.4,99.855,103.311,lhfa-girls-zscore-expanded-tables (1).xlsx
LHFA,F,,868,,1,89.516,0.03862,,,75.688,79.145,82.602,86.059,89.516,92.973,96.43,99.887,103.344,lhfa-girls-zscore-expanded-tables (1).xlsx
LHFA,F,,869,,1,89.5422,0.03863,,,75.706,79.165,82.624,86.083,89.542,93.001,96.46,99.919,103.378,lhfa-girls-zscore-expanded-tables (1).xlsx
LHFA,F,,870,,1,89.5684,0.03864,,,75.725,79.186,82.647,86.107,89.568,93.029,96.49,99.951,103.412,lhfa-girls-zscore-expanded-tables (1).xlsx
LHFA,F,,871,,1,89.5946,0.03864,,,75.747,79.209,82.671,86.133,89.595,93.057,96.518,99.98,103.442,lhfa-girls-zscore-expanded-tables (1).xlsx
LHFA,F,,872,,1,89.6208,0.03865,,,75.765,79.229,82.693,86.157,89.621,93.085,96.548,100.012,103.476,lhfa-girls-zscore-expanded-tables (1).xlsx
LHFA,F,,873,,1,89.6469,0.03866,,,75.784,79.25,82.715,86.181,89.647,93.113,96.578,100.044,103.51,lhfa-girls-zscore-expanded-tables (1).xlsx
LHFA,F,,874,,1,89.673,0.03866,,,75.806,79.273,82.739,86.206,89.673,93.14,96.607,100.073,103.54,lhfa-girls-zscore-expanded-tables (1).xlsx
LHFA,F,,875,,1,89.6991,0.03867,,,75.824,79.293,82.762,86.23,89.699,93.168,96.636,100.105,103.574,lhfa-girls-zscore-expanded-tables (1).xlsx
LHFA,F,,876,,1,89.7252,0.03868,,,75.843,79.313,82.784,86.255,89.725,93.196,96.666,100.137,103.607,lhfa-girls-zscore-expanded-tables (1).xlsx
LHFA,F,,877,,1,89.7513,0.03868,,,75.865,79.337,82.808,86.28,89.751,93.223,96.694,100.166,103.638,lhfa-girls-zscore-expanded-tables (1).xlsx
LHFA,F,,878,,1,89.7773,0.03869,,,75.883,79.357,82.83,86.304,89.777,93.251,96.724,100.198,103.671,lhfa-girls-zscore-expanded-tables (1).xlsx
LHFA,F,,879,,1,89.8033,0.0387,,,75.902,79.377,82.853,86.328,89.803,93.279,96.754,100.229,103.705,lhfa-girls-zscore-expanded-tables (1).xlsx
LHFA,F,,880,,1,89.8293,0.0387,,,75.924,79.4,82.877,86.353,89.829,93.306,96.782,100.258,103.735,lhfa-girls-zscore-expanded-tables (1).xlsx
LHFA,F,,881,,1,89.8553,0.03871,,,75.942,79.42,82.899,86.377,89.855,93.334,96.812,100.29,103.768,lhfa-girls-zscore-expanded-tables (1).xlsx
LHFA,F,,882,,1,89.8813,0.03872,,,75.96,79.441,82.921,86.401,89.881,93.362,96.842,100.322,103.802,lhfa-girls-zscore-expanded-tables (1).xlsx
LHFA,F,,883,,1,89.9072,0.03872,,,75.982,79.464,82.945,86.426,89.907,93.388,96.87,100.351,103.832,lhfa-girls-zscore-expanded-tables (1).xlsx
LHFA,F,,884,,1,89.9331,0.03873,,,76.001,79.484,82.967,86.45,89.933,93.416,96.899,100.382,103.866,lhfa-girls-zscore-expanded-tables (1).xlsx
LHFA,F,,885,,1,89.9591,0.03874,,,76.019,79.504,82.989,86.474,89.959,93.444,96.929,100.414,103.899,lhfa-girls-zscore-expanded-tables (1).xlsx
LHFA,F,,886,,1,89.9849,0.03874,,,76.041,79.527,83.013,86.499,89.985,93.471,96.957,100.443,103.929,lhfa-girls-zscore-expanded-tables (1).xlsx
LHFA,F,,887,,1,90.0108,0.03875,,,76.059,79.547,83.035,86.523,90.011,93.499,96.987,100.475,103.962,lhfa-girls-zscore-expanded-tables (1).xlsx
LHFA,F,,888,,1,90.0366,0.03876,,,76.077,79.567,83.057,86.547,90.037,93.526,97.016,100.506,103.996,lhfa-girls-zscore-expanded-tables (1).xlsx
LHFA,F,,889,,1,90.0625,0.03877,,,76.096,79.587,83.079,86.571,90.062,93.554,97.046,100.538,104.029,lhfa-girls-zscore-expanded-tables (1).xlsx
LHFA,F,,890,,1,90.0883,0.03877,,,76.117,79.61,83.103,86.596,90.088,93.581,97.074,100.566,104.059,lhfa-girls-zscore-expanded-tables (1).xlsx
LHFA,F,,891,,1,90.1141,0.03878,,,76.136,79.63,83.125,86.619,90.114,93.609,97.103,100.598,104.093,lhfa-girls-zscore-expanded-tables (1).xlsx
LHFA,F,,892,,1,90.1398,0.03879,,,76.154,79.65,83.147,86.643,90.14,93.636,97.133,100.629,104.126,lhfa-girls-zscore-expanded-tables (1).xlsx
LHFA,F,,893,,1,90.1656,0.03879,,,76.176,79.673,83.171,86.668,90.166,93.663,97.161,100.658,104.156,lhfa-girls-zscore-expanded-tables (1).xlsx
LHFA,F,,894,,1,90.1913,0.0388,,,76.194,79.693,83.192,86.692,90.191,93.691,97.19,100.69,104.189,lhfa-girls-zscore-expanded-tables (1).xlsx
LHFA,F,,895,,1,90.217,0.03881,,,76.212,79.713,83.214,86.716,90.217,93.718,97.22,100.721,104.222,lhfa-girls-zscore-expanded-tables (1).xlsx
LHFA,F,,896,,1,90.2427,0.03881,,,76.233,79.736,83.238,86.74,90.243,93.745,97.247,100.75,104.252,lhfa-girls-zscore-expanded-tables (1).xlsx
LHFA,F,,897,,1,90.2684,0.03882,,,76.252,79.756,83.26,86.764,90.268,93.773,97.277,100.781,104.285,lhfa-girls-zscore-expanded-tables (1).xlsx
LHFA,F,,898,,1,90.294,0.03883,,,76.27,79.776,83.282,86.788,90.294,93.8,97.306,100.812,104.318,lhfa-girls-zscore-expanded-tables (1).xlsx
LHFA,F,,899,,1,90.3197,0.03883,,,76.291,79.798,83.305,86.813,90.32,93.827,97.334,100.841,104.348,lhfa-girls-zscore-expanded-tables (1).xlsx
LHFA,F,,900,,1,90.3453,0.03884,,,76.309,79.818,83.327,86.836,90.345,93.854,97.363,100.872,104.381,lhfa-girls-zscore-expanded-tables (1).xlsx
LHFA,F,,901,,1,90.3709,0.03885,,,76.327,79.838,83.349,86.86,90.371,93.882,97.393,100.904,104.415,lhfa-girls-zscore-expanded-tables (1).xlsx
LHFA,F,,902,,1,90.3965,0.03885,,,76.349,79.861,83.373,86.885,90.396,93.908,97.42,100.932,104.444,lhfa-girls-zscore-expanded-tables (1).xlsx
LHFA,F,,903,,1,90.422,0.03886,,,76.367,79.881,83.394,86.908,90.422,93.936,97.45,100.963,104.477,lhfa-girls-zscore-expanded-tables (1).xlsx
LHFA,F,,904,,1,90.4476,0.03887,,,76.385,79.901,83.416,86.932,90.448,93.963,97.479,100.995,104.51,lhfa-girls-zscore-expanded-tables (1).xlsx
LHFA,F,,905,,1,90.4731,0.03887,,,76.406,79.923,83.44,86.956,90.473,93.99,97.506,101.023,104.54,lhfa-girls-zscore-expanded-tables (1).xlsx
LHFA,F,,906,,1,90.4986,0.03888,,,76.424,79.943,83.461,86.98,90.499,94.017,97.536,101.054,104.573,lhfa-girls-zscore-expanded-tables (1).xlsx
LHFA,F,,907,,1,90.524,0.03889,,,76.442,79.963,83.483,87.004,90.524,94.044,97.565,101.085,104.606,lhfa-girls-zscore-expanded-tables (1).xlsx
LHFA,F,,908,,1,90.5495,0.03889,,,76.464,79.985,83.507,87.028,90.55,94.071,97.592,101.114,104.635,lhfa-girls-zscore-expanded-tables (1).xlsx
LHFA,F,,909,,1,90.575,0.0389,,,76.482,80.005,83.528,87.052,90.575,94.098,97.622,101.145,104.668,lhfa-girls-zscore-expanded-tables (1).xlsx
LHFA,F,,910,,1,90.6004,0.03891,,,76.499,80.025,83.55,87.075,90.6,94.126,97.651,101.176,104.701,lhfa-girls-zscore-expanded-tables (1).xlsx
LHFA,F,,911,,1,90.6258,0.03891,,,76.521,80.047,83.573,87.1,90.626,94.152,97.678,101.205,104.731,lhfa-girls-zscore-expanded-tables (1).xlsx
LHFA,F,,912,,1,90.6512,0.03892,,,76.539,80.067,83.595,87.123,90.651,94.179,97.707,101.236,104.764,lhfa-girls-zscore-expanded-tables (1).xlsx
LHFA,F,,913,,1,90.6765,0.03893,,,76.556,80.086,83.616,87.146,90.676,94.207,97.737,101.267,104.797,lhfa-girls-zscore-expanded-tables (1).xlsx
LHFA,F,,914,,1,90.7019,0.03893,,,76.578,80.109,83.64,87.171,90.702,94.233,97.764,101.295,104.826,lhfa-girls-zscore-expanded-tables (1).xlsx
LHFA,F,,915,,1,90.7272,0.03894,,,76.596,80.128,83.661,87.194,90.727,94.26,97.793,101.326,104.859,lhfa-girls-zscore-expanded-tables (1).xlsx
LHFA,F,,916,,1,90.7525,0.03895,,,76.613,80.148,83.683,87.218,90.752,94.287,97.822,101.357,104.892,lhfa-girls-zscore-expanded-tables (1).xlsx
LHFA,F,,917,,1,90.7778,0.03895,,,76.635,80.17,83.706,87.242,90.778,94.314,97.849,101.385,104.921,lhfa-girls-zscore-expanded-tables (1).xlsx
LHFA,F,,918,,1,90.8031,0.03896,,,76.652,80.19,83.728,87.265,90.803,94.341,97.878,101.416,104.954,lhfa-girls-zscore-expanded-tables (1).xlsx
LHFA,F,,919,,1,90.8283,0.03897,,,76.67,80.21,83.749,87.289,90.828,94.368,97.907,101.447,104.987,lhfa-girls-zscore-expanded-tables (1).xlsx
LHFA,F,,920,,1,90.8536,0.03897,,,76.691,80.232,83.772,87.313,90.854,94.394,97.935,101.475,105.016,lhfa-girls-zscore-expanded-tables (1).xlsx
LHFA,F,,921,,1,90.8788,0.03898,,,76.709,80.251,83.794,87.336,90.879,94.421,97.964,101.506,105.049,lhfa-girls-zscore-expanded-tables (1).xlsx
LHFA,F,,922,,1,90.904,0.03899,,,76.727,80.271,83.815,87.36,90.904,94.448,97.993,101.537,105.081,lhfa-girls-zscore-expanded-tables (1).xlsx
LHFA,F,,923,,1,90.9292,0.03899,,,76.748,80.293,83.839,87.384,90.929,94.475,98.02,101.565,105.111,lhfa-girls-zscore-expanded-tables (1).xlsx
LHFA,F,,924,,1,90.9544,0.039,,,76.766,80.313,83.86,87.407,90.954,94.502,98.049,101.596,105.143,lhfa-girls-zscore-expanded-tables (1).xlsx
LHFA,F,,925,,1,90.9795,0.03901,,,76.783,80.332,83.881,87.43,90.98,94.529,98.078,101.627,105.176,lhfa-girls-zscore-expanded-tables (1).xlsx
LHFA,F,,926,,1,91.0046,0.03901,,,76.804,80.354,83.904,87.455,91.005,94.555,98.105,101.655,105.205,lhfa-girls-zscore-expanded-tables (1).xlsx
LHFA,F,,927,,1,91.0297,0.03902,,,76.822,80.374,83.926,87.478,91.03,94.582,98.134,101.686,105.238,lhfa-girls-zscore-expanded-tables (1).xlsx
LHFA,F,,928,,1,91.0548,0.03903,,,76.839,80.393,83.947,87.501,91.055,94.609,98.163,101.716,105.27,lhfa-girls-zscore-expanded-tables (1).xlsx
LHFA,F,,929,,1,91.0799,0.03903,,,76.861,80.415,83.97,87.525,91.08,94.635,98.19,101.744,105.299,lhfa-girls-zscore-expanded-tables (1).xlsx
LHFA,F,,930,,1,91.105,0.03904,,,76.878,80.435,83.992,87.548,91.105,94.662,98.218,101.775,105.332,lhfa-girls-zscore-expanded-tables (1).xlsx
LHFA,F,,931,,1,91.13,0.03905,,,76.895,80.454,84.013,87.571,91.13,94.689,98.247,101.806,105.365,lhfa-girls-zscore-expanded-tables (1).xlsx
LHFA,F,,932,,1,91.155,0.03905,,,76.917,80.476,84.036,87.595,91.155,94.715,98.274,101.834,105.393,lhfa-girls-zscore-expanded-tables (1).xlsx
LHFA,F,,933,,1,91.18,0.03906,,,76.934,80.496,84.057,87.619,91.18,94.741,98.303,101.864,105.426,lhfa-girls-zscore-expanded-tables (1).xlsx
LHFA,F,,934,,1,91.205,0.03907,,,76.951,80.515,84.078,87.642,91.205,94.768,98.332,101.895,105.459,lhfa-girls-zscore-expanded-tables (1).xlsx
LHFA,F,,935,,1,91.23,0.03907,,,76.973,80.537,84.101,87.666,91.23,94.794,98.359,101.923,105.487,lhfa-girls-zscore-expanded-tables (1).xlsx
LHFA,F,,936,,1,91.2549,0.03908,,,76.99,80.556,84.122,87.689,91.255,94.821,98.387,101.954,105.52,lhfa-girls-zscore-expanded-tables (1).xlsx
LHFA,F,,937,,1,91.2799,0.03909,,,77.007,80.576,84.144,87.712,91.28,94.848,98.416,101.984,105.552,lhfa-girls-zscore-expanded-tables (1).xlsx
LHFA,F,,938,,1,91.3048,0.03909,,,77.028,80.597,84.167,87.736,91.305,94.874,98.443,102.012,105.581,lhfa-girls-zscore-expanded-tables (1).xlsx
LHFA,F,,939,,1,91.3297,0.0391,,,77.046,80.617,84.188,87.759,91.33,94.901,98.472,102.043,105.614,lhfa-girls-zscore-expanded-tables (1).xlsx
LHFA,F,,940,,1,91.3545,0.03911,,,77.063,80.636,84.209,87.782,91.354,94.927,98.5,102.073,105.646,lhfa-girls-zscore-expanded-tables (1).xlsx
LHFA,F,,941,,1,91.3794,0.03911,,,77.084,80.658,84.232,87.806,91.379,94.953,98.527,102.101,105.675,lhfa-girls-zscore-expanded-tables (1).xlsx
LHFA,F,,942,,1,91.4043,0.03912,,,77.101,80.677,84.253,87.829,91.404,94.98,98.556,102.132,105.707,lhfa-girls-zscore-expanded-tables (1).xlsx
LHFA,F,,943,,1,91.4291,0.03913,,,77.119,80.696,84.274,87.851,91.429,95.007,98.584,102.162,105.74,lhfa-girls-zscore-expanded-tables (1).xlsx
LHFA,F,,944,,1,91.4539,0.03913,,,77.14,80.718,84.297,87.875,91.454,95.032,98.611,102.19,105.768,lhfa-girls-zscore-expanded-tables (1).xlsx
LHFA,F,,945,,1,91.4787,0.03914,,,77.157,80.737,84.318,87.898,91.479,95.059,98.64,102.22,105.801,lhfa-girls-zscore-expanded-tables (1).xlsx
LHFA,F,,946,,1,91.5035,0.03915,,,77.174,80.756,84.339,87.921,91.504,95.086,98.668,102.251,105.833,lhfa-girls-zscore-expanded-tables (1).xlsx
LHFA,F,,947,,1,91.5282,0.03915,,,77.195,80.778,84.362,87.945,91.528,95.112,98.695,102.278,105.862,lhfa-girls-zscore-expanded-tables (1).xlsx
LHFA,F,,948,,1,91.553,0.03916,,,77.212,80.797,84.383,87.968,91.553,95.138,98.723,102.309,105.894,lhfa-girls-zscore-expanded-tables (1).xlsx
LHFA,F,,949,,1,91.5777,0.03917,,,77.229,80.816,84.404,87.991,91.578,95.165,98.752,102.339,105.926,lhfa-girls-zscore-expanded-tables (1).xlsx
LHFA,F,,950,,1,91.6024,0.03917,,,77.25,80.838,84.426,88.014,91.602,95.19,98.779,102.367,105.955,lhfa-girls-zscore-expanded-tables (1).xlsx
LHFA,F,,951,,1,91.6271,0.03918,,,77.267,80.857,84.447,88.037,91.627,95.217,98.807,102.397,105.987,lhfa-girls-zscore-expanded-tables (1).xlsx
LHFA,F,,952,,1,91.6518,0.03918,,,77.288,80.879,84.47,88.061,91.652,95.243,98.834,102.425,106.015,lhfa-girls-zscore-expanded-tables (1).xlsx
LHFA,F,,953,,1,91.6764,0.03919,,,77.305,80.898,84.491,88.084,91.676,95.269,98.862,102.455,106.048,lhfa-girls-zscore-expanded-tables (1).xlsx
LHFA,F,,954,,1,91.7011,0.0392,,,77.322,80.917,84.512,88.106,91.701,95.296,98.89,102.485,106.08,lhfa-girls-zscore-expanded-tables (1).xlsx
LHFA,F,,955,,1,91.7257,0.0392,,,77.343,80.939,84.534,88.13,91.726,95.321,98.917,102.513,106.108,lhfa-girls-zscore-expanded-tables (1).xlsx
LHFA,F,,956,,1,91.7503,0.03921,,,77.36,80.958,84.555,88.153,91.75,95.348,98.945,102.543,106.14,lhfa-girls-zscore-expanded-tables (1).xlsx
LHFA,F,,957,,1,91.7749,0.03922,,,77.377,80.977,84.576,88.175,91.775,95.374,98.974,102.573,106.173,lhfa-girls-zscore-expanded-tables (1).xlsx
LHFA,F,,958,,1,91.7995,0.03922,,,77.398,80.998,84.599,88.199,91.8,95.4,99,102.601,106.201,lhfa-girls-zscore-expanded-tables (1).xlsx
LHFA,F,,959,,1,91.8241,0.03923,,,77.415,81.017,84.62,88.222,91.824,95.426,99.029,102.631,106.233,lhfa-girls-zscore-expanded-tables (1).xlsx
LHFA,F,,960,,1,91.8486,0.03924,,,77.432,81.036,84.64,88.244,91.849,95.453,99.057,102.661,106.265,lhfa-girls-zscore-expanded-tables (1).xlsx
LHFA,F,,961,,1,91.8731,0.03924,,,77.453,81.058,84.663,88.268,91.873,95.478,99.083,102.688,106.294,lhfa-girls-zscore-expanded-tables (1).xlsx
LHFA,F,,962,,1,91.8976,0.03925,,,77.47,81.077,84.684,88.291,91.898,95.505,99.112,102.719,106.326,lhfa-girls-zscore-expanded-tables (1).xlsx
LHFA,F,,963,,1,91.9221,0.03926,,,77.487,81.096,84.704,88.313,91.922,95.531,99.14,102.749,106.358,lhfa-girls-zscore-expanded-tables (1).xlsx
LHFA,F,,964,,1,91.9466,0.03926,,,77.507,81.117,84.727,88.337,91.947,95.556,99.166,102.776,106.386,lhfa-girls-zscore-expanded-tables (1).xlsx
LHFA,F,,965,,1,91.9711,0.03927,,,77.524,81.136,84.748,88.359,91.971,95.583,99.195,102.806,106.418,lhfa-girls-zscore-expanded-tables (1).xlsx
LHFA,F,,966,,1,91.9955,0.03928,,,77.541,81.155,84.768,88.382,91.996,95.609,99.223,102.836,106.45,lhfa-girls-zscore-expanded-tables (1).xlsx
LHFA,F,,967,,1,92.02,0.03928,,,77.562,81.176,84.791,88.405,92.02,95.635,99.249,102.864,106.478,lhfa-girls-zscore-expanded-tables (1).xlsx
LHFA,F,,968,,1,92.0444,0.03929,,,77.579,81.195,84.812,88.428,92.044,95.661,99.277,102.894,106.51,lhfa-girls-zscore-expanded-tables (1).xlsx
LHFA,F,,969,,1,92.0688,0.03929,,,77.599,81.217,84.834,88.451,92.069,95.686,99.304,102.921,106.538,lhfa-girls-zscore-expanded-tables (1).xlsx
LHFA,F,,970,,1,92.0932,0.0393,,,77.616,81.235,84.855,88.474,92.093,95.712,99.332,102.951,106.57,lhfa-girls-zscore-expanded-tables (1).xlsx
LHFA,F,,971,,1,92.1175,0.03931,,,77.633,81.254,84.875,88.496,92.118,95.739,99.36,102.981,106.602,lhfa-girls-zscore-expanded-tables (1).xlsx
LHFA,F,,972,,1,92.1419,0.03931,,,77.654,81.276,84.898,88.52,92.142,95.764,99.386,103.008,106.63,lhfa-girls-zscore-expanded-tables (1).xlsx
LHFA,F,,973,,1,92.1662,0.03932,,,77.67,81.294,84.918,88.542,92.166,95.79,99.414,103.038,106.662,lhfa-girls-zscore-expanded-tables (1).xlsx
LHFA,F,,974,,1,92.1906,0.03933,,,77.687,81.313,84.939,88.565,92.191,95.816,99.442,103.068,106.694,lhfa-girls-zscore-expanded-tables (1).xlsx
LHFA,F,,975,,1,92.2149,0.03933,,,77.708,81.334,84.961,88.588,92.215,95.842,99.469,103.095,106.722,lhfa-girls-zscore-expanded-tables (1).xlsx
LHFA,F,,976,,1,92.2392,0.03934,,,77.724,81.353,84.982,88.611,92.239,95.868,99.497,103.125,106.754,lhfa-girls-zscore-expanded-tables (1).xlsx
LHFA,F,,977,,1,92.2635,0.03935,,,77.741,81.372,85.002,88.633,92.264,95.894,99.525,103.155,106.786,lhfa-girls-zscore-expanded-tables (1).xlsx
LHFA,F,,978,,1,92.2877,0.03935,,,77.762,81.393,85.025,88.656,92.288,95.919,99.551,103.182,106.814,lhfa-girls-zscore-expanded-tables (1).xlsx
LHFA,F,,979,,1,92.312,0.03936,,,77.778,81.412,85.045,88.679,92.312,95.945,99.579,103.212,106.846,lhfa-girls-zscore-expanded-tables (1).xlsx
LHFA,F,,980,,1,92.3362,0.03936,,,77.799,81.433,85.067,88.702,92.336,95.971,99.605,103.239,106.874,lhfa-girls-zscore-expanded-tables (1).xlsx
LHFA,F,,981,,1,92.3604,0.03937,,,77.815,81.452,85.088,88.724,92.36,95.997,99.633,103.269,106.905,lhfa-girls-zscore-expanded-tables (1).xlsx
LHFA,F,,982,,1,92.3846,0.03938,,,77.832,81.47,85.108,88.746,92.385,96.023,99.661,103.299,106.937,lhfa-girls-zscore-expanded-tables (1).xlsx
LHFA,F,,983,,1,92.4088,0.03938,,,77.853,81.492,85.131,88.77,92.409,96.048,99.687,103.326,106.965,lhfa-girls-zscore-expanded-tables (1).xlsx
LHFA,F,,984,,1,92.433,0.03939,,,77.869,81.51,85.151,88.792,92.433,96.074,99.715,103.356,106.997,lhfa-girls-zscore-expanded-tables (1).xlsx
LHFA,F,,985,,1,92.4572,0.0394,,,77.886,81.529,85.172,88.814,92.457,96.1,99.743,103.386,107.028,lhfa-girls-zscore-expanded-tables (1).xlsx
LHFA,F,,986,,1,92.4813,0.0394,,,77.906,81.55,85.194,88.838,92.481,96.125,99.769,103.413,107.056,lhfa-girls-zscore-expanded-tables (1).xlsx
LHFA,F,,987,,1,92.5054,0.03941,,,77.923,81.568,85.214,88.86,92.505,96.151,99.797,103.442,107.088,lhfa-girls-zscore-expanded-tables (1).xlsx
LHFA,F,,988,,1,92.5295,0.03942,,,77.939,81.587,85.234,88.882,92.53,96.177,99.825,103.472,107.12,lhfa-girls-zscore-expanded-tables (1).xlsx
LHFA,F,,989,,1,92.5536,0.03942,,,77.96,81.608,85.257,88.905,92.554,96.202,99.851,103.499,107.147,lhfa-girls-zscore-expanded-tables (1).xlsx
LHFA,F,,990,,1,92.5777,0.03943,,,77.976,81.627,85.277,88.927,92.578,96.228,99.878,103.529,107.179,lhfa-girls-zscore-expanded-tables (1).xlsx
LHFA,F,,991,,1,92.6018,0.03943,,,77.997,81.648,85.299,88.951,92.602,96.253,99.904,103.556,107.207,lhfa-girls-zscore-expanded-tables (1).xlsx
LHFA,F,,992,,1,92.6259,0.03944,,,78.013,81.666,85.32,88.973,92.626,96.279,99.932,103.585,107.239,lhfa-girls-zscore-expanded-tables (1).xlsx
LHFA,F,,993,,1,92.6499,0.03945,,,78.03,81.685,85.34,88.995,92.65,96.305,99.96,103.615,107.27,lhfa-girls-zscore-expanded-tables (1).xlsx
LHFA,F,,994,,1,92.6739,0.03945,,,78.05,81.706,85.362,89.018,92.674,96.33,99.986,103.642,107.298,lhfa-girls-zscore-expanded-tables (1).xlsx
LHFA,F,,995,,1,92.698,0.03946,,,78.067,81.724,85.382,89.04,92.698,96.356,100.014,103.672,107.329,lhfa-girls-zscore-expanded-tables (1).xlsx
LHFA,F,,996,,1,92.722,0.03947,,,78.083,81.743,85.403,89.062,92.722,96.382,100.041,103.701,107.361,lhfa-girls-zscore-expanded-tables (1).xlsx
LHFA,F,,997,,1,92.7459,0.03947,,,78.103,81.764,85.425,89.085,92.746,96.407,100.067,103.728,107.389,lhfa-girls-zscore-expanded-tables (1).xlsx
LHFA,F,,998,,1,92.7699,0.03948,,,78.12,81.782,85.445,89.107,92.77,96.432,100.095,103.758,107.42,lhfa-girls-zscore-expanded-tables (1).xlsx
LHFA,F,,999,,1,92.7939,0.03948,,,78.14,81.803,85.467,89.13,92.794,96.457,100.121,103.784,107.448,lhfa-girls-zscore-expanded-tables (1).xlsx
LHFA,F,,1000,,1,92.8178,0.03949,,,78.156,81.822,85.487,89.152,92.818,96.483,100.149,103.814,107.479,lhfa-girls-zscore-expanded-tables (1).xlsx
LHFA,F,,1001,,1,92.8418,0.0395,,,78.173,81.84,85.507,89.175,92.842,96.509,100.176,103.844,107.511,lhfa-girls-zscore-expanded-tables (1).xlsx
LHFA,F,,1002,,1,92.8657,0.0395,,,78.193,81.861,85.529,89.198,92.866,96.534,100.202,103.87,107.538,lhfa-girls-zscore-expanded-tables (1).xlsx
LHFA,F,,1003,,1,92.8896,0.03951,,,78.209,81.879,85.549,89.22,92.89,96.56,100.23,103.9,107.57,lhfa-girls-zscore-expanded-tables (1).xlsx
LHFA,F,,1004,,1,92.9135,0.03952,,,78.226,81.898,85.57,89.242,92.914,96.585,100.257,103.929,107.601,lhfa-girls-zscore-expanded-tables (1).xlsx
LHFA,F,,1005,,1,92.9373,0.03952,,,78.246,81.919,85.592,89.264,92.937,96.61,100.283,103.956,107.629,lhfa-girls-zscore-expanded-tables (1).xlsx
LHFA,F,,1006,,1,92.9612,0.03953,,,78.262,81.937,85.612,89.286,92.961,96.636,100.311,103.985,107.66,lhfa-girls-zscore-expanded-tables (1).xlsx
LHFA,F,,1007,,1,92.985,0.03953,,,78.282,81.958,85.634,89.309,92.985,96.661,100.336,104.012,107.688,lhfa-girls-zscore-expanded-tables (1).xlsx
LHFA,F,,1008,,1,93.0089,0.03954,,,78.299,81.976,85.654,89.331,93.009,96.686,100.364,104.042,107.719,lhfa-girls-zscore-expanded-tables (1).xlsx
LHFA,F,,1009,,1,93.0327,0.03955,,,78.315,81.994,85.674,89.353,93.033,96.712,100.392,104.071,107.75,lhfa-girls-zscore-expanded-tables (1).xlsx
LHFA,F,,1010,,1,93.0565,0.03955,,,78.335,82.015,85.696,89.376,93.056,96.737,100.417,104.098,107.778,lhfa-girls-zscore-expanded-tables (1).xlsx
LHFA,F,,1011,,1,93.0803,0.03956,,,78.351,82.034,85.716,89.398,93.08,96.763,100.445,104.127,107.809,lhfa-girls-zscore-expanded-tables (1).xlsx
LHFA,F,,1012,,1,93.1041,0.03957,,,78.368,82.052,85.736,89.42,93.104,96.788,100.472,104.156,107.841,lhfa-girls-zscore-expanded-tables (1).xlsx
LHFA,F,,1013,,1,93.1278,0.03957,,,78.388,82.073,85.758,89.443,93.128,96.813,100.498,104.183,107.868,lhfa-girls-zscore-expanded-tables (1).xlsx
LHFA,F,,1014,,1,93.1516,0.03958,,,78.404,82.091,85.778,89.465,93.152,96.839,100.525,104.212,107.899,lhfa-girls-zscore-expanded-tables (1).xlsx
LHFA,F,,1015,,1,93.1753,0.03958,,,78.424,82.112,85.8,89.487,93.175,96.863,100.551,104.239,107.927,lhfa-girls-zscore-expanded-tables (1).xlsx
LHFA,F,,1016,,1,93.1991,0.03959,,,78.44,82.13,85.82,89.509,93.199,96.889,100.579,104.268,107.958,lhfa-girls-zscore-expanded-tables (1).xlsx
LHFA,F,,1017,,1,93.2228,0.0396,,,78.456,82.148,85.84,89.531,93.223,96.914,100.606,104.298,107.989,lhfa-girls-zscore-expanded-tables (1).xlsx
LHFA,F,,1018,,1,93.2465,0.0396,,,78.476,82.169,85.861,89.554,93.246,96.939,100.632,104.324,108.017,lhfa-girls-zscore-expanded-tables (1).xlsx
LHFA,F,,1019,,1,93.2702,0.03961,,,78.492,82.187,85.881,89.576,93.27,96.965,100.659,104.353,108.048,lhfa-girls-zscore-expanded-tables (1).xlsx
LHFA,F,,1020,,1,93.2938,0.03961,,,78.512,82.208,85.903,89.598,93.294,96.989,100.685,104.38,108.075,lhfa-girls-zscore-expanded-tables (1).xlsx
LHFA,F,,1021,,1,93.3175,0.03962,,,78.529,82.226,85.923,89.62,93.318,97.015,100.712,104.409,108.106,lhfa-girls-zscore-expanded-tables (1).xlsx
LHFA,F,,1022,,1,93.3411,0.03963,,,78.545,82.244,85.943,89.642,93.341,97.04,100.739,104.438,108.138,lhfa-girls-zscore-expanded-tables (1).xlsx
LHFA,F,,1023,,1,93.3648,0.03963,,,78.565,82.265,85.965,89.665,93.365,97.065,100.765,104.465,108.165,lhfa-girls-zscore-expanded-tables (1).xlsx
LHFA,F,,1024,,1,93.3884,0.03964,,,78.581,82.283,85.985,89.686,93.388,97.09,100.792,104.494,108.196,lhfa-girls-zscore-expanded-tables (1).xlsx
LHFA,F,,1025,,1,93.412,0.03964,,,78.601,82.303,86.006,89.709,93.412,97.115,100.818,104.521,108.223,lhfa-girls-zscore-expanded-tables (1).xlsx
LHFA,F,,1026,,1,93.4356,0.03965,,,78.617,82.321,86.026,89.731,93.436,97.14,100.845,104.55,108.254,lhfa-girls-zscore-expanded-tables (1).xlsx
LHFA,F,,1027,,1,93.4592,0.03966,,,78.633,82.339,86.046,89.753,93.459,97.166,100.872,104.579,108.286,lhfa-girls-zscore-expanded-tables (1).xlsx
LHFA,F,,1028,,1,93.4827,0.03966,,,78.653,82.36,86.068,89.775,93.483,97.19,100.898,104.605,108.313,lhfa-girls-zscore-expanded-tables (1).xlsx
LHFA,F,,1029,,1,93.5063,0.03967,,,78.669,82.378,86.088,89.797,93.506,97.216,100.925,104.634,108.344,lhfa-girls-zscore-expanded-tables (1).xlsx
LHFA,F,,1030,,1,93.5298,0.03968,,,78.685,82.396,86.107,89.819,93.53,97.241,100.952,104.664,108.375,lhfa-girls-zscore-expanded-tables (1).xlsx
LHFA,F,,1031,,1,93.5534,0.03968,,,78.705,82.417,86.129,89.841,93.553,97.266,100.978,104.69,108.402,lhfa-girls-zscore-expanded-tables (1).xlsx
LHFA,F,,1032,,1,93.5769,0.03969,,,78.721,82.435,86.149,89.863,93.577,97.291,101.005,104.719,108.433,lhfa-girls-zscore-expanded-tables (1).xlsx
LHFA,F,,1033,,1,93.6004,0.03969,,,78.74,82.455,86.17,89.885,93.6,97.315,101.03,104.745,108.46,lhfa-girls-zscore-expanded-tables (1).xlsx
LHFA,F,,1034,,1,93.6239,0.0397,,,78.756,82.473,86.19,89.907,93.624,97.341,101.058,104.775,108.491,lhfa-girls-zscore-expanded-tables (1).xlsx
LHFA,F,,1035,,1,93.6473,0.03971,,,78.772,82.491,86.21,89.929,93.647,97.366,101.085,104.804,108.522,lhfa-girls-zscore-expanded-tables (1).xlsx
LHFA,F,,1036,,1,93.6708,0.03971,,,78.792,82.512,86.231,89.951,93.671,97.39,101.11,104.83,108.549,lhfa-girls-zscore-expanded-tables (1).xlsx
LHFA,F,,1037,,1,93.6943,0.03972,,,78.808,82.53,86.251,89.973,93.694,97.416,101.137,104.859,108.58,lhfa-girls-zscore-expanded-tables (1).xlsx
LHFA,F,,1038,,1,93.7177,0.03972,,,78.828,82.55,86.273,89.995,93.718,97.44,101.163,104.885,108.608,lhfa-girls-zscore-expanded-tables (1).xlsx
LHFA,F,,1039,,1,93.7411,0.03973,,,78.844,82.568,86.292,90.017,93.741,97.465,101.19,104.914,108.638,lhfa-girls-zscore-expanded-tables (1).xlsx
LHFA,F,,1040,,1,93.7646,0.03974,,,78.86,82.586,86.312,90.038,93.765,97.491,101.217,104.943,108.669,lhfa-girls-zscore-expanded-tables (1).xlsx
LHFA,F,,1041,,1,93.788,0.03974,,,78.879,82.607,86.334,90.061,93.788,97.515,101.242,104.969,108.697,lhfa-girls-zscore-expanded-tables (1).xlsx
LHFA,F,,1042,,1,93.8113,0.03975,,,78.895,82.624,86.353,90.082,93.811,97.54,101.269,104.998,108.727,lhfa-girls-zscore-expanded-tables (1).xlsx
LHFA,F,,1043,,1,93.8347,0.03975,,,78.915,82.645,86.375,90.105,93.835,97.565,101.295,105.024,108.754,lhfa-girls-zscore-expanded-tables (1).xlsx
LHFA,F,,1044,,1,93.8581,0.03976,,,78.931,82.663,86.395,90.126,93.858,97.59,101.322,105.053,108.785,lhfa-girls-zscore-expanded-tables (1).xlsx
LHFA,F,,1045,,1,93.8814,0.03977,,,78.947,82.68,86.414,90.148,93.881,97.615,101.349,105.082,108.816,lhfa-girls-zscore-expanded-tables (1).xlsx
LHFA,F,,1046,,1,93.9048,0.03977,,,78.966,82.701,86.436,90.17,93.905,97.639,101.374,105.109,108.843,lhfa-girls-zscore-expanded-tables (1).xlsx
LHFA,F,,1047,,1,93.9281,0.03978,,,78.982,82.719,86.455,90.192,93.928,97.665,101.401,105.137,108.874,lhfa-girls-zscore-expanded-tables (1).xlsx
LHFA,F,,1048,,1,93.9514,0.03978,,,79.002,82.739,86.477,90.214,93.951,97.689,101.426,105.164,108.901,lhfa-girls-zscore-expanded-tables (1).xlsx
LHFA,F,,1049,,1,93.9747,0.03979,,,79.018,82.757,86.496,90.235,93.975,97.714,101.453,105.192,108.932,lhfa-girls-zscore-expanded-tables (1).xlsx
LHFA,F,,1050,,1,93.998,0.0398,,,79.034,82.775,86.516,90.257,93.998,97.739,101.48,105.221,108.962,lhfa-girls-zscore-expanded-tables (1).xlsx
LHFA,F,,1051,,1,94.0213,0.0398,,,79.053,82.795,86.537,90.279,94.021,97.763,101.505,105.247,108.989,lhfa-girls-zscore-expanded-tables (1).xlsx
LHFA,F,,1052,,1,94.0446,0.03981,,,79.069,82.813,86.557,90.301,94.045,97.789,101.532,105.276,109.02,lhfa-girls-zscore-expanded-tables (1).xlsx
LHFA,F,,1053,,1,94.0678,0.03981,,,79.088,82.833,86.578,90.323,94.068,97.813,101.557,105.302,109.047,lhfa-girls-zscore-expanded-tables (1).xlsx
LHFA,F,,1054,,1,94.0911,0.03982,,,79.104,82.851,86.598,90.344,94.091,97.838,101.585,105.331,109.078,lhfa-girls-zscore-expanded-tables (1).xlsx
LHFA,F,,1055,,1,94.1143,0.03983,,,79.12,82.869,86.617,90.366,94.114,97.863,101.611,105.36,109.109,lhfa-girls-zscore-expanded-tables (1).xlsx
LHFA,F,,1056,,1,94.1376,0.03983,,,79.14,82.889,86.639,90.388,94.138,97.887,101.637,105.386,109.136,lhfa-girls-zscore-expanded-tables (1).xlsx
LHFA,F,,1057,,1,94.1608,0.03984,,,79.155,82.907,86.658,90.409,94.161,97.912,101.664,105.415,109.166,lhfa-girls-zscore-expanded-tables (1).xlsx
LHFA,F,,1058,,1,94.184,0.03984,,,79.175,82.927,86.679,90.432,94.184,97.936,101.689,105.441,109.193,lhfa-girls-zscore-expanded-tables (1).xlsx
LHFA,F,,1059,,1,94.2071,0.03985,,,79.19,82.945,86.699,90.453,94.207,97.961,101.715,105.47,109.224,lhfa-girls-zscore-expanded-tables (1).xlsx
LHFA,F,,1060,,1,94.2303,0.03986,,,79.206,82.962,86.718,90.474,94.23,97.986,101.742,105.498,109.254,lhfa-girls-zscore-expanded-tables (1).xlsx
LHFA,F,,1061,,1,94.2535,0.03986,,,79.226,82.983,86.74,90.497,94.254,98.01,101.767,105.524,109.281,lhfa-girls-zscore-expanded-tables (1).xlsx
LHFA,F,,1062,,1,94.2766,0.03987,,,79.241,83,86.759,90.518,94.277,98.035,101.794,105.553,109.312,lhfa-girls-zscore-expanded-tables (1).xlsx
LHFA,F,,1063,,1,94.2998,0.03987,,,79.261,83.021,86.78,90.54,94.3,98.06,101.819,105.579,109.339,lhfa-girls-zscore-expanded-tables (1).xlsx
LHFA,F,,1064,,1,94.3229,0.03988,,,79.277,83.038,86.8,90.561,94.323,98.084,101.846,105.608,109.369,lhfa-girls-zscore-expanded-tables (1).xlsx
LHFA,F,,1065,,1,94.346,0.03989,,,79.292,83.056,86.819,90.583,94.346,98.109,101.873,105.636,109.4,lhfa-girls-zscore-expanded-tables (1).xlsx
LHFA,F,,1066,,1,94.3691,0.03989,,,79.312,83.076,86.84,90.605,94.369,98.133,101.898,105.662,109.427,lhfa-girls-zscore-expanded-tables (1).xlsx
LHFA,F,,1067,,1,94.3922,0.0399,,,79.327,83.093,86.86,90.626,94.392,98.158,101.925,105.691,109.457,lhfa-girls-zscore-expanded-tables (1).xlsx
LHFA,F,,1068,,1,94.4153,0.0399,,,79.347,83.114,86.881,90.648,94.415,98.182,101.95,105.717,109.484,lhfa-girls-zscore-expanded-tables (1).xlsx
LHFA,F,,1069,,1,94.4384,0.03991,,,79.362,83.131,86.9,90.669,94.438,98.207,101.976,105.746,109.515,lhfa-girls-zscore-expanded-tables (1).xlsx
LHFA,F,,1070,,1,94.4615,0.03991,,,79.382,83.152,86.922,90.692,94.462,98.231,102.001,105.771,109.541,lhfa-girls-zscore-expanded-tables (1).xlsx
LHFA,F,,1071,,1,94.4845,0.03992,,,79.397,83.169,86.941,90.713,94.484,98.256,102.028,105.8,109.572,lhfa-girls-zscore-expanded-tables (1).xlsx
LHFA,F,,1072,,1,94.5075,0.03993,,,79.413,83.186,86.96,90.734,94.508,98.281,102.055,105.829,109.602,lhfa-girls-zscore-expanded-tables (1).xlsx
LHFA,F,,1073,,1,94.5306,0.03993,,,79.432,83.207,86.981,90.756,94.531,98.305,102.08,105.854,109.629,lhfa-girls-zscore-expanded-tables (1).xlsx
LHFA,F,,1074,,1,94.5536,0.03994,,,79.448,83.224,87.001,90.777,94.554,98.33,102.107,105.883,109.659,lhfa-girls-zscore-expanded-tables (1).xlsx
LHFA,F,,1075,,1,94.5766,0.03994,,,79.467,83.244,87.022,90.799,94.577,98.354,102.131,105.909,109.686,lhfa-girls-zscore-expanded-tables (1).xlsx
LHFA,F,,1076,,1,94.5996,0.03995,,,79.483,83.262,87.041,90.82,94.6,98.379,102.158,105.937,109.717,lhfa-girls-zscore-expanded-tables (1).xlsx
LHFA,F,,1077,,1,94.6226,0.03996,,,79.498,83.279,87.06,90.841,94.623,98.404,102.185,105.966,109.747,lhfa-girls-zscore-expanded-tables (1).xlsx
LHFA,F,,1078,,1,94.6455,0.03996,,,79.517,83.299,87.081,90.863,94.646,98.428,102.21,105.992,109.774,lhfa-girls-zscore-expanded-tables (1).xlsx
LHFA,F,,1079,,1,94.6685,0.03997,,,79.533,83.317,87.101,90.885,94.668,98.452,102.236,106.02,109.804,lhfa-girls-zscore-expanded-tables (1).xlsx
LHFA,F,,1080,,1,94.6914,0.03997,,,79.552,83.337,87.122,90.907,94.691,98.476,102.261,106.046,109.831,lhfa-girls-zscore-expanded-tables (1).xlsx
LHFA,F,,1081,,1,94.7144,0.03998,,,79.568,83.354,87.141,90.928,94.714,98.501,102.288,106.074,109.861,lhfa-girls-zscore-expanded-tables (1).xlsx
LHFA,F,,1082,,1,94.7373,0.03999,,,79.583,83.372,87.16,90.949,94.737,98.526,102.314,106.103,109.891,lhfa-girls-zscore-expanded-tables (1).xlsx
LHFA,F,,1083,,1,94.7602,0.03999,,,79.602,83.392,87.181,90.971,94.76,98.55,102.339,106.129,109.918,lhfa-girls-zscore-expanded-tables (1).xlsx
LHFA,F,,1084,,1,94.7831,0.04,,,79.618,83.409,87.2,90.992,94.783,98.574,102.366,106.157,109.948,lhfa-girls-zscore-expanded-tables (1).xlsx
LHFA,F,,1085,,1,94.806,0.04,,,79.637,83.429,87.222,91.014,94.806,98.598,102.39,106.183,109.975,lhfa-girls-zscore-expanded-tables (1).xlsx
LHFA,F,,1086,,1,94.8289,0.04001,,,79.652,83.447,87.241,91.035,94.829,98.623,102.417,106.211,110.005,lhfa-girls-zscore-expanded-tables (1).xlsx
LHFA,F,,1087,,1,94.8518,0.04001,,,79.672,83.467,87.262,91.057,94.852,98.647,102.442,106.237,110.032,lhfa-girls-zscore-expanded-tables (1).xlsx
LHFA,F,,1088,,1,94.8747,0.04002,,,79.687,83.484,87.281,91.078,94.875,98.672,102.468,106.265,110.062,lhfa-girls-zscore-expanded-tables (1).xlsx
LHFA,F,,1089,,1,94.8975,0.04003,,,79.703,83.501,87.3,91.099,94.898,98.696,102.495,106.294,110.092,lhfa-girls-zscore-expanded-tables (1).xlsx
LHFA,F,,1090,,1,94.9203,0.04003,,,79.722,83.521,87.321,91.121,94.92,98.72,102.52,106.319,110.119,lhfa-girls-zscore-expanded-tables (1).xlsx
LHFA,F,,1091,,1,94.9432,0.04004,,,79.737,83.539,87.34,91.142,94.943,98.745,102.546,106.348,110.149,lhfa-girls-zscore-expanded-tables (1).xlsx
LHFA,F,,1092,,1,94.966,0.04004,,,79.756,83.559,87.361,91.164,94.966,98.768,102.571,106.373,110.176,lhfa-girls-zscore-expanded-tables (1).xlsx
LHFA,F,,1093,,1,94.9888,0.04005,,,79.772,83.576,87.38,91.184,94.989,98.793,102.597,106.402,110.206,lhfa-girls-zscore-expanded-tables (1).xlsx
LHFA,F,,1094,,1,95.0116,0.04005,,,79.791,83.596,87.401,91.206,95.012,98.817,102.622,106.427,110.232,lhfa-girls-zscore-expanded-tables (1).xlsx
LHFA,F,,1095,,1,95.0344,0.04006,,,79.806,83.613,87.42,91.227,95.034,98.841,102.649,106.456,110.263,lhfa-girls-zscore-expanded-tables (1).xlsx
LHFA,F,,1096,,1,95.0572,0.04007,,,79.821,83.63,87.439,91.248,95.057,98.866,102.675,106.484,110.293,lhfa-girls-zscore-expanded-tables (1).xlsx
LHFA,F,,1097,,1,95.0799,0.04007,,,79.84,83.65,87.46,91.27,95.08,98.89,102.7,106.509,110.319,lhfa-girls-zscore-expanded-tables (1).xlsx
LHFA,F,,1098,,1,95.1027,0.04008,,,79.856,83.668,87.479,91.291,95.103,98.914,102.726,106.538,110.35,lhfa-girls-zscore-expanded-tables (1).xlsx
LHFA,F,,1099,,1,95.1254,0.04008,,,79.875,83.688,87.5,91.313,95.125,98.938,102.751,106.563,110.376,lhfa-girls-zscore-expanded-tables (1).xlsx
LHFA,F,,1100,,1,95.1482,0.04009,,,79.89,83.705,87.519,91.334,95.148,98.963,102.777,106.592,110.406,lhfa-girls-zscore-expanded-tables (1).xlsx
LHFA,F,,1101,,1,95.1709,0.04009,,,79.909,83.725,87.54,91.355,95.171,98.986,102.802,106.617,110.433,lhfa-girls-zscore-expanded-tables (1).xlsx
LHFA,F,,1102,,1,95.1936,0.0401,,,79.925,83.742,87.559,91.376,95.194,99.011,102.828,106.645,110.463,lhfa-girls-zscore-expanded-tables (1).xlsx
LHFA,F,,1103,,1,95.2163,0.04011,,,79.94,83.759,87.578,91.397,95.216,99.035,102.855,106.674,110.493,lhfa-girls-zscore-expanded-tables (1).xlsx
LHFA,F,,1104,,1,95.239,0.04011,,,79.959,83.779,87.599,91.419,95.239,99.059,102.879,106.699,110.519,lhfa-girls-zscore-expanded-tables (1).xlsx
LHFA,F,,1105,,1,95.2617,0.04012,,,79.974,83.796,87.618,91.44,95.262,99.084,102.905,106.727,110.549,lhfa-girls-zscore-expanded-tables (1).xlsx
LHFA,F,,1106,,1,95.2844,0.04012,,,79.993,83.816,87.639,91.462,95.284,99.107,102.93,106.753,110.576,lhfa-girls-zscore-expanded-tables (1).xlsx
LHFA,F,,1107,,1,95.307,0.04013,,,80.008,83.833,87.658,91.482,95.307,99.132,102.956,106.781,110.606,lhfa-girls-zscore-expanded-tables (1).xlsx
LHFA,F,,1108,,1,95.3297,0.04013,,,80.027,83.853,87.679,91.504,95.33,99.155,102.981,106.806,110.632,lhfa-girls-zscore-expanded-tables (1).xlsx
LHFA,F,,1109,,1,95.3523,0.04014,,,80.043,83.87,87.697,91.525,95.352,99.18,103.007,106.835,110.662,lhfa-girls-zscore-expanded-tables (1).xlsx
LHFA,F,,1110,,1,95.375,0.04015,,,80.058,83.887,87.716,91.546,95.375,99.204,103.034,106.863,110.692,lhfa-girls-zscore-expanded-tables (1).xlsx
LHFA,F,,1111,,1,95.3976,0.04015,,,80.077,83.907,87.737,91.567,95.398,99.228,103.058,106.888,110.718,lhfa-girls-zscore-expanded-tables (1).xlsx
LHFA,F,,1112,,1,95.4202,0.04016,,,80.092,83.924,87.756,91.588,95.42,99.252,103.084,106.916,110.749,lhfa-girls-zscore-expanded-tables (1).xlsx
LHFA,F,,1113,,1,95.4428,0.04016,,,80.111,83.944,87.777,91.61,95.443,99.276,103.109,106.942,110.775,lhfa-girls-zscore-expanded-tables (1).xlsx
LHFA,F,,1114,,1,95.4654,0.04017,,,80.126,83.961,87.796,91.631,95.465,99.3,103.135,106.97,110.805,lhfa-girls-zscore-expanded-tables (1).xlsx
LHFA,F,,1115,,1,95.488,0.04017,,,80.145,83.981,87.816,91.652,95.488,99.324,103.16,106.995,110.831,lhfa-girls-zscore-expanded-tables (1).xlsx
LHFA,F,,1116,,1,95.5105,0.04018,,,80.16,83.998,87.835,91.673,95.51,99.348,103.186,107.023,110.861,lhfa-girls-zscore-expanded-tables (1).xlsx
LHFA,F,,1117,,1,95.5331,0.04019,,,80.175,84.015,87.854,91.694,95.533,99.373,103.212,107.052,110.891,lhfa-girls-zscore-expanded-tables (1).xlsx
LHFA,F,,1118,,1,95.5556,0.04019,,,80.194,84.034,87.875,91.715,95.556,99.396,103.236,107.077,110.917,lhfa-girls-zscore-expanded-tables (1).xlsx
LHFA,F,,1119,,1,95.5782,0.0402,,,80.209,84.051,87.894,91.736,95.578,99.42,103.263,107.105,110.947,lhfa-girls-zscore-expanded-tables (1).xlsx
LHFA,F,,1120,,1,95.6007,0.0402,,,80.228,84.071,87.914,91.758,95.601,99.444,103.287,107.13,110.973,lhfa-girls-zscore-expanded-tables (1).xlsx
LHFA,F,,1121,,1,95.6232,0.04021,,,80.243,84.088,87.933,91.778,95.623,99.468,103.313,107.158,111.003,lhfa-girls-zscore-expanded-tables (1).xlsx
LHFA,F,,1122,,1,95.6457,0.04021,,,80.262,84.108,87.954,91.8,95.646,99.492,103.338,107.183,111.029,lhfa-girls-zscore-expanded-tables (1).xlsx
LHFA,F,,1123,,1,95.6682,0.04022,,,80.277,84.125,87.973,91.82,95.668,99.516,103.364,107.212,111.059,lhfa-girls-zscore-expanded-tables (1).xlsx
LHFA,F,,1124,,1,95.6907,0.04023,,,80.292,84.142,87.991,91.841,95.691,99.54,103.39,107.24,111.089,lhfa-girls-zscore-expanded-tables (1).xlsx
LHFA,F,,1125,,1,95.7132,0.04023,,,80.311,84.162,88.012,91.863,95.713,99.564,103.414,107.265,111.115,lhfa-girls-zscore-expanded-tables (1).xlsx
LHFA,F,,1126,,1,95.7356,0.04024,,,80.326,84.178,88.031,91.883,95.736,99.588,103.44,107.293,111.145,lhfa-girls-zscore-expanded-tables (1).xlsx
LHFA,F,,1127,,1,95.7581,0.04024,,,80.345,84.198,88.051,91.905,95.758,99.611,103.465,107.318,111.171,lhfa-girls-zscore-expanded-tables (1).xlsx
LHFA,F,,1128,,1,95.7805,0.04025,,,80.36,84.215,88.07,91.925,95.78,99.636,103.491,107.346,111.201,lhfa-girls-zscore-expanded-tables (1).xlsx
LHFA,F,,1129,,1,95.803,0.04025,,,80.379,84.235,88.091,91.947,95.803,99.659,103.515,107.371,111.227,lhfa-girls-zscore-expanded-tables (1).xlsx
LHFA,F,,1130,,1,95.8254,0.04026,,,80.394,84.252,88.11,91.967,95.825,99.683,103.541,107.399,111.257,lhfa-girls-zscore-expanded-tables (1).xlsx
LHFA,F,,1131,,1,95.8478,0.04026,,,80.412,84.271,88.13,91.989,95.848,99.707,103.565,107.424,111.283,lhfa-girls-zscore-expanded-tables (1).xlsx
LHFA,F,,1132,,1,95.8702,0.04027,,,80.427,84.288,88.149,92.01,95.87,99.731,103.592,107.452,111.313,lhfa-girls-zscore-expanded-tables (1).xlsx
LHFA,F,,1133,,1,95.8926,0.04028,,,80.442,84.305,88.167,92.03,95.893,99.755,103.618,107.48,111.343,lhfa-girls-zscore-expanded-tables (1).xlsx
LHFA,F,,1134,,1,95.915,0.04028,,,80.461,84.325,88.188,92.052,95.915,99.778,103.642,107.505,111.369,lhfa-girls-zscore-expanded-tables (1).xlsx
LHFA,F,,1135,,1,95.9374,0.04029,,,80.476,84.341,88.207,92.072,95.937,99.803,103.668,107.533,111.399,lhfa-girls-zscore-expanded-tables (1).xlsx
LHFA,F,,1136,,1,95.9597,0.04029,,,80.495,84.361,88.227,92.093,95.96,99.826,103.692,107.558,111.425,lhfa-girls-zscore-expanded-tables (1).xlsx
LHFA,F,,1137,,1,95.9821,0.0403,,,80.51,84.378,88.246,92.114,95.982,99.85,103.718,107.586,111.454,lhfa-girls-zscore-expanded-tables (1).xlsx
LHFA,F,,1138,,1,96.0044,0.0403,,,80.528,84.397,88.266,92.135,96.004,99.873,103.742,107.611,111.48,lhfa-girls-zscore-expanded-tables (1).xlsx
LHFA,F,,1139,,1,96.0268,0.04031,,,80.543,84.414,88.285,92.156,96.027,99.898,103.768,107.639,111.51,lhfa-girls-zscore-expanded-tables (1).xlsx
LHFA,F,,1140,,1,96.0491,0.04032,,,80.558,84.431,88.304,92.176,96.049,99.922,103.794,107.667,111.54,lhfa-girls-zscore-expanded-tables (1).xlsx
LHFA,F,,1141,,1,96.0714,0.04032,,,80.577,84.451,88.324,92.198,96.071,99.945,103.819,107.692,111.566,lhfa-girls-zscore-expanded-tables (1).xlsx
LHFA,F,,1142,,1,96.0937,0.04033,,,80.592,84.467,88.343,92.218,96.094,99.969,103.845,107.72,111.596,lhfa-girls-zscore-expanded-tables (1).xlsx
LHFA,F,,1143,,1,96.116,0.04033,,,80.611,84.487,88.363,92.24,96.116,99.992,103.869,107.745,111.621,lhfa-girls-zscore-expanded-tables (1).xlsx
LHFA,F,,1144,,1,96.1383,0.04034,,,80.625,84.504,88.382,92.26,96.138,100.017,103.895,107.773,111.651,lhfa-girls-zscore-expanded-tables (1).xlsx
LHFA,F,,1145,,1,96.1606,0.04034,,,80.644,84.523,88.402,92.281,96.161,100.04,103.919,107.798,111.677,lhfa-girls-zscore-expanded-tables (1).xlsx
LHFA,F,,1146,,1,96.1828,0.04035,,,80.659,84.54,88.421,92.302,96.183,100.064,103.945,107.826,111.707,lhfa-girls-zscore-expanded-tables (1).xlsx
LHFA,F,,1147,,1,96.2051,0.04035,,,80.678,84.559,88.441,92.323,96.205,100.087,103.969,107.851,111.733,lhfa-girls-zscore-expanded-tables (1).xlsx
LHFA,F,,1148,,1,96.2273,0.04036,,,80.692,84.576,88.46,92.344,96.227,100.111,103.995,107.879,111.762,lhfa-girls-zscore-expanded-tables (1).xlsx
LHFA,F,,1149,,1,96.2495,0.04036,,,80.711,84.596,88.48,92.365,96.25,100.134,104.019,107.903,111.788,lhfa-girls-zscore-expanded-tables (1).xlsx
LHFA,F,,1150,,1,96.2718,0.04037,,,80.726,84.612,88.499,92.385,96.272,100.158,104.045,107.931,111.818,lhfa-girls-zscore-expanded-tables (1).xlsx
LHFA,F,,1151,,1,96.294,0.04038,,,80.741,84.629,88.517,92.406,96.294,100.182,104.071,107.959,111.847,lhfa-girls-zscore-expanded-tables (1).xlsx
LHFA,F,,1152,,1,96.3162,0.04038,,,80.759,84.648,88.538,92.427,96.316,100.205,104.095,107.984,111.873,lhfa-girls-zscore-expanded-tables (1).xlsx
LHFA,F,,1153,,1,96.3384,0.04039,,,80.774,84.665,88.556,92.447,96.338,100.23,104.121,108.012,111.903,lhfa-girls-zscore-expanded-tables (1).xlsx
LHFA,F,,1154,,1,96.3606,0.04039,,,80.793,84.685,88.577,92.469,96.361,100.253,104.145,108.037,111.929,lhfa-girls-zscore-expanded-tables (1).xlsx
LHFA,F,,1155,,1,96.3827,0.0404,,,80.807,84.701,88.595,92.489,96.383,100.277,104.17,108.064,111.958,lhfa-girls-zscore-expanded-tables (1).xlsx
LHFA,F,,1156,,1,96.4049,0.0404,,,80.826,84.721,88.615,92.51,96.405,100.3,104.194,108.089,111.984,lhfa-girls-zscore-expanded-tables (1).xlsx
LHFA,F,,1157,,1,96.427,0.04041,,,80.841,84.737,88.634,92.53,96.427,100.324,104.22,108.117,112.013,lhfa-girls-zscore-expanded-tables (1).xlsx
LHFA,F,,1158,,1,96.4492,0.04041,,,80.859,84.757,88.654,92.552,96.449,100.347,104.244,108.142,112.039,lhfa-girls-zscore-expanded-tables (1).xlsx
LHFA,F,,1159,,1,96.4713,0.04042,,,80.874,84.773,88.673,92.572,96.471,100.371,104.27,108.169,112.069,lhfa-girls-zscore-expanded-tables (1).xlsx
LHFA,F,,1160,,1,96.4934,0.04043,,,80.888,84.79,88.691,92.592,96.493,100.395,104.296,108.197,112.098,lhfa-girls-zscore-expanded-tables (1).xlsx
LHFA,F,,1161,,1,96.5156,0.04043,,,80.907,84.809,88.711,92.613,96.516,100.418,104.32,108.222,112.124,lhfa-girls-zscore-expanded-tables (1).xlsx
LHFA,F,,1162,,1,96.5377,0.04044,,,80.922,84.826,88.73,92.634,96.538,100.442,104.346,108.25,112.154,lhfa-girls-zscore-expanded-tables (1).xlsx
LHFA,F,,1163,,1,96.5598,0.04044,,,80.94,84.845,88.75,92.655,96.56,100.465,104.37,108.274,112.179,lhfa-girls-zscore-expanded-tables (1).xlsx
LHFA,F,,1164,,1,96.5818,0.04045,,,80.955,84.862,88.768,92.675,96.582,100.489,104.395,108.302,112.209,lhfa-girls-zscore-expanded-tables (1).xlsx
LHFA,F,,1165,,1,96.6039,0.04045,,,80.973,84.881,88.789,92.696,96.604,100.512,104.419,108.327,112.234,lhfa-girls-zscore-expanded-tables (1).xlsx
LHFA,F,,1166,,1,96.626,0.04046,,,80.988,84.898,88.807,92.717,96.626,100.535,104.445,108.354,112.264,lhfa-girls-zscore-expanded-tables (1).xlsx
LHFA,F,,1167,,1,96.648,0.04046,,,81.006,84.917,88.827,92.738,96.648,100.558,104.469,108.379,112.29,lhfa-girls-zscore-expanded-tables (1).xlsx
LHFA,F,,1168,,1,96.6701,0.04047,,,81.021,84.933,88.846,92.758,96.67,100.582,104.495,108.407,112.319,lhfa-girls-zscore-expanded-tables (1).xlsx
LHFA,F,,1169,,1,96.6921,0.04047,,,81.04,84.953,88.866,92.779,96.692,100.605,104.518,108.431,112.345,lhfa-girls-zscore-expanded-tables (1).xlsx
LHFA,F,,1170,,1,96.7141,0.04048,,,81.054,84.969,88.884,92.799,96.714,100.629,104.544,108.459,112.374,lhfa-girls-zscore-expanded-tables (1).xlsx
LHFA,F,,1171,,1,96.7362,0.04049,,,81.069,84.986,88.903,92.819,96.736,100.653,104.57,108.487,112.404,lhfa-girls-zscore-expanded-tables (1).xlsx
LHFA,F,,1172,,1,96.7582,0.04049,,,81.087,85.005,88.923,92.84,96.758,100.676,104.594,108.511,112.429,lhfa-girls-zscore-expanded-tables (1).xlsx
LHFA,F,,1173,,1,96.7802,0.0405,,,81.102,85.021,88.941,92.861,96.78,100.7,104.619,108.539,112.459,lhfa-girls-zscore-expanded-tables (1).xlsx
LHFA,F,,1174,,1,96.8021,0.0405,,,81.12,85.041,88.961,92.882,96.802,100.723,104.643,108.564,112.484,lhfa-girls-zscore-expanded-tables (1).xlsx
LHFA,F,,1175,,1,96.8241,0.04051,,,81.135,85.057,88.979,92.902,96.824,100.746,104.669,108.591,112.513,lhfa-girls-zscore-expanded-tables (1).xlsx
LHFA,F,,1176,,1,96.8461,0.04051,,,81.153,85.076,89,92.923,96.846,100.769,104.693,108.616,112.539,lhfa-girls-zscore-expanded-tables (1).xlsx
LHFA,F,,1177,,1,96.868,0.04052,,,81.168,85.093,89.018,92.943,96.868,100.793,104.718,108.643,112.568,lhfa-girls-zscore-expanded-tables (1).xlsx
LHFA,F,,1178,,1,96.89,0.04052,,,81.186,85.112,89.038,92.964,96.89,100.816,104.742,108.668,112.594,lhfa-girls-zscore-expanded-tables (1).xlsx
LHFA,F,,1179,,1,96.9119,0.04053,,,81.201,85.128,89.056,92.984,96.912,100.84,104.768,108.695,112.623,lhfa-girls-zscore-expanded-tables (1).xlsx
LHFA,F,,1180,,1,96.9339,0.04053,,,81.219,85.148,89.076,93.005,96.934,100.863,104.791,108.72,112.649,lhfa-girls-zscore-expanded-tables (1).xlsx
LHFA,F,,1181,,1,96.9558,0.04054,,,81.233,85.164,89.095,93.025,96.956,100.886,104.817,108.748,112.678,lhfa-girls-zscore-expanded-tables (1).xlsx
LHFA,F,,1182,,1,96.9777,0.04054,,,81.252,85.183,89.115,93.046,96.978,100.909,104.841,108.772,112.704,lhfa-girls-zscore-expanded-tables (1).xlsx
LHFA,F,,1183,,1,96.9996,0.04055,,,81.266,85.2,89.133,93.066,97,100.933,104.866,108.8,112.733,lhfa-girls-zscore-expanded-tables (1).xlsx
LHFA,F,,1184,,1,97.0215,0.04056,,,81.281,85.216,89.151,93.086,97.022,100.957,104.892,108.827,112.762,lhfa-girls-zscore-expanded-tables (1).xlsx
LHFA,F,,1185,,1,97.0434,0.04056,,,81.299,85.235,89.171,93.107,97.043,100.979,104.916,108.852,112.788,lhfa-girls-zscore-expanded-tables (1).xlsx
LHFA,F,,1186,,1,97.0652,0.04057,,,81.313,85.251,89.189,93.127,97.065,101.003,104.941,108.879,112.817,lhfa-girls-zscore-expanded-tables (1).xlsx
LHFA,F,,1187,,1,97.0871,0.04057,,,81.332,85.271,89.209,93.148,97.087,101.026,104.965,108.904,112.842,lhfa-girls-zscore-expanded-tables (1).xlsx
LHFA,F,,1188,,1,97.1089,0.04058,,,81.346,85.287,89.228,93.168,97.109,101.05,104.99,108.931,112.872,lhfa-girls-zscore-expanded-tables (1).xlsx
LHFA,F,,1189,,1,97.1308,0.04058,,,81.365,85.306,89.248,93.189,97.131,101.072,105.014,108.956,112.897,lhfa-girls-zscore-expanded-tables (1).xlsx
LHFA,F,,1190,,1,97.1526,0.04059,,,81.379,85.322,89.266,93.209,97.153,101.096,105.039,108.983,112.926,lhfa-girls-zscore-expanded-tables (1).xlsx
LHFA,F,,1191,,1,97.1744,0.04059,,,81.397,85.341,89.286,93.23,97.174,101.119,105.063,109.007,112.952,lhfa-girls-zscore-expanded-tables (1).xlsx
LHFA,F,,1192,,1,97.1963,0.0406,,,81.412,85.358,89.304,93.25,97.196,101.142,105.089,109.035,112.981,lhfa-girls-zscore-expanded-tables (1).xlsx
LHFA,F,,1193,,1,97.2181,0.0406,,,81.43,85.377,89.324,93.271,97.218,101.165,105.112,109.059,113.006,lhfa-girls-zscore-expanded-tables (1).xlsx
LHFA,F,,1194,,1,97.2399,0.04061,,,81.444,85.393,89.342,93.291,97.24,101.189,105.138,109.087,113.036,lhfa-girls-zscore-expanded-tables (1).xlsx
LHFA,F,,1195,,1,97.2616,0.04061,,,81.462,85.412,89.362,93.312,97.262,101.211,105.161,109.111,113.061,lhfa-girls-zscore-expanded-tables (1).xlsx
LHFA,F,,1196,,1,97.2834,0.04062,,,81.477,85.428,89.38,93.332,97.283,101.235,105.187,109.138,113.09,lhfa-girls-zscore-expanded-tables (1).xlsx
LHFA,F,,1197,,1,97.3052,0.04063,,,81.491,85.445,89.398,93.352,97.305,101.259,105.212,109.166,113.119,lhfa-girls-zscore-expanded-tables (1).xlsx
LHFA,F,,1198,,1,97.3269,0.04063,,,81.509,85.464,89.418,93.373,97.327,101.281,105.236,109.19,113.144,lhfa-girls-zscore-expanded-tables (1).xlsx
LHFA,F,,1199,,1,97.3487,0.04064,,,81.524,85.48,89.436,93.392,97.349,101.305,105.261,109.217,113.174,lhfa-girls-zscore-expanded-tables (1).xlsx
LHFA,F,,1200,,1,97.3704,0.04064,,,81.542,85.499,89.456,93.413,97.37,101.328,105.285,109.242,113.199,lhfa-girls-zscore-expanded-tables (1).xlsx
LHFA,F,,1201,,1,97.3922,0.04065,,,81.556,85.515,89.474,93.433,97.392,101.351,105.31,109.269,113.228,lhfa-girls-zscore-expanded-tables (1).xlsx
LHFA,F,,1202,,1,97.4139,0.04065,,,81.574,85.534,89.494,93.454,97.414,101.374,105.334,109.294,113.253,lhfa-girls-zscore-expanded-tables (1).xlsx
LHFA,F,,1203,,1,97.4356,0.04066,,,81.589,85.55,89.512,93.474,97.436,101.397,105.359,109.321,113.283,lhfa-girls-zscore-expanded-tables (1).xlsx
LHFA,F,,1204,,1,97.4573,0.04066,,,81.607,85.569,89.532,93.495,97.457,101.42,105.383,109.345,113.308,lhfa-girls-zscore-expanded-tables (1).xlsx
LHFA,F,,1205,,1,97.479,0.04067,,,81.621,85.586,89.55,93.515,97.479,101.443,105.408,109.372,113.337,lhfa-girls-zscore-expanded-tables (1).xlsx
LHFA,F,,1206,,1,97.5007,0.04067,,,81.639,85.605,89.57,93.535,97.501,101.466,105.431,109.397,113.362,lhfa-girls-zscore-expanded-tables (1).xlsx
LHFA,F,,1207,,1,97.5223,0.04068,,,81.653,85.621,89.588,93.555,97.522,101.49,105.457,109.424,113.391,lhfa-girls-zscore-expanded-tables (1).xlsx
LHFA,F,,1208,,1,97.544,0.04068,,,81.672,85.64,89.608,93.576,97.544,101.512,105.48,109.448,113.416,lhfa-girls-zscore-expanded-tables (1).xlsx
LHFA,F,,1209,,1,97.5657,0.04069,,,81.686,85.656,89.626,93.596,97.566,101.536,105.506,109.476,113.445,lhfa-girls-zscore-expanded-tables (1).xlsx
LHFA,F,,1210,,1,97.5873,0.04069,,,81.704,85.675,89.646,93.616,97.587,101.558,105.529,109.5,113.471,lhfa-girls-zscore-expanded-tables (1).xlsx
LHFA,F,,1211,,1,97.6089,0.0407,,,81.718,85.691,89.664,93.636,97.609,101.582,105.554,109.527,113.5,lhfa-girls-zscore-expanded-tables (1).xlsx
LHFA,F,,1212,,1,97.6306,0.0407,,,81.736,85.71,89.683,93.657,97.631,101.604,105.578,109.551,113.525,lhfa-girls-zscore-expanded-tables (1).xlsx
LHFA,F,,1213,,1,97.6522,0.04071,,,81.751,85.726,89.701,93.677,97.652,101.628,105.603,109.578,113.554,lhfa-girls-zscore-expanded-tables (1).xlsx
LHFA,F,,1214,,1,97.6738,0.04072,,,81.765,85.742,89.719,93.697,97.674,101.651,105.628,109.606,113.583,lhfa-girls-zscore-expanded-tables (1).xlsx
LHFA,F,,1215,,1,97.6954,0.04072,,,81.783,85.761,89.739,93.717,97.695,101.674,105.652,109.63,113.608,lhfa-girls-zscore-expanded-tables (1).xlsx
LHFA,F,,1216,,1,97.717,0.04073,,,81.797,85.777,89.757,93.737,97.717,101.697,105.677,109.657,113.637,lhfa-girls-zscore-expanded-tables (1).xlsx
LHFA,F,,1217,,1,97.7385,0.04073,,,81.815,85.796,89.777,93.758,97.738,101.719,105.7,109.681,113.662,lhfa-girls-zscore-expanded-tables (1).xlsx
LHFA,F,,1218,,1,97.7601,0.04074,,,81.829,85.812,89.795,93.777,97.76,101.743,105.726,109.708,113.691,lhfa-girls-zscore-expanded-tables (1).xlsx
LHFA,F,,1219,,1,97.7817,0.04074,,,81.847,85.831,89.814,93.798,97.782,101.765,105.749,109.733,113.716,lhfa-girls-zscore-expanded-tables (1).xlsx
LHFA,F,,1220,,1,97.8032,0.04075,,,81.861,85.847,89.832,93.818,97.803,101.789,105.774,109.76,113.745,lhfa-girls-zscore-expanded-tables (1).xlsx
LHFA,F,,1221,,1,97.8248,0.04075,,,81.879,85.866,89.852,93.838,97.825,101.811,105.798,109.784,113.77,lhfa-girls-zscore-expanded-tables (1).xlsx
LHFA,F,,1222,,1,97.8463,0.04076,,,81.893,85.882,89.87,93.858,97.846,101.835,105.823,109.811,113.799,lhfa-girls-zscore-expanded-tables (1).xlsx
LHFA,F,,1223,,1,97.8678,0.04076,,,81.911,85.901,89.89,93.879,97.868,101.857,105.846,109.835,113.824,lhfa-girls-zscore-expanded-tables (1).xlsx
LHFA,F,,1224,,1,97.8893,0.04077,,,81.926,85.916,89.907,93.898,97.889,101.88,105.871,109.862,113.853,lhfa-girls-zscore-expanded-tables (1).xlsx
LHFA,F,,1225,,1,97.9108,0.04077,,,81.944,85.935,89.927,93.919,97.911,101.903,105.894,109.886,113.878,lhfa-girls-zscore-expanded-tables (1).xlsx
LHFA,F,,1226,,1,97.9323,0.04078,,,81.958,85.951,89.945,93.939,97.932,101.926,105.92,109.913,113.907,lhfa-girls-zscore-expanded-tables (1).xlsx
LHFA,F,,1227,,1,97.9538,0.04078,,,81.976,85.97,89.965,93.959,97.954,101.948,105.943,109.937,113.932,lhfa-girls-zscore-expanded-tables (1).xlsx
LHFA,F,,1228,,1,97.9753,0.04079,,,81.99,85.986,89.982,93.979,97.975,101.972,105.968,109.965,113.961,lhfa-girls-zscore-expanded-tables (1).xlsx
LHFA,F,,1229,,1,97.9968,0.04079,,,82.008,86.005,90.002,94,97.997,101.994,105.991,109.989,113.986,lhfa-girls-zscore-expanded-tables (1).xlsx
LHFA,F,,1230,,1,98.0182,0.0408,,,82.022,86.021,90.02,94.019,98.018,102.017,106.016,110.016,114.015,lhfa-girls-zscore-expanded-tables (1).xlsx
LHFA,F,,1231,,1,98.0397,0.0408,,,82.04,86.04,90.04,94.04,98.04,102.04,106.04,110.04,114.04,lhfa-girls-zscore-expanded-tables (1).xlsx
LHFA,F,,1232,,1,98.0611,0.04081,,,82.054,86.055,90.057,94.059,98.061,102.063,106.065,110.067,114.069,lhfa-girls-zscore-expanded-tables (1).xlsx
LHFA,F,,1233,,1,98.0825,0.04081,,,82.072,86.074,90.077,94.08,98.082,102.085,106.088,110.091,114.093,lhfa-girls-zscore-expanded-tables (1).xlsx
LHFA,F,,1234,,1,98.1039,0.04082,,,82.085,86.09,90.095,94.099,98.104,102.109,106.113,110.118,114.122,lhfa-girls-zscore-expanded-tables (1).xlsx
LHFA,F,,1235,,1,98.1253,0.04082,,,82.103,86.109,90.114,94.12,98.125,102.131,106.136,110.142,114.147,lhfa-girls-zscore-expanded-tables (1).xlsx
LHFA,F,,1236,,1,98.1467,0.04083,,,82.117,86.125,90.132,94.139,98.147,102.154,106.161,110.169,114.176,lhfa-girls-zscore-expanded-tables (1).xlsx
LHFA,F,,1237,,1,98.1681,0.04084,,,82.131,86.141,90.15,94.159,98.168,102.177,106.186,110.196,114.205,lhfa-girls-zscore-expanded-tables (1).xlsx
LHFA,F,,1238,,1,98.1895,0.04084,,,82.149,86.159,90.169,94.179,98.19,102.2,106.21,110.22,114.23,lhfa-girls-zscore-expanded-tables (1).xlsx
LHFA,F,,1239,,1,98.2109,0.04085,,,82.163,86.175,90.187,94.199,98.211,102.223,106.235,110.247,114.259,lhfa-girls-zscore-expanded-tables (1).xlsx
LHFA,F,,1240,,1,98.2322,0.04085,,,82.181,86.194,90.207,94.219,98.232,102.245,106.258,110.271,114.283,lhfa-girls-zscore-expanded-tables (1).xlsx
LHFA,F,,1241,,1,98.2536,0.04086,,,82.195,86.21,90.224,94.239,98.254,102.268,106.283,110.298,114.312,lhfa-girls-zscore-expanded-tables (1).xlsx
LHFA,F,,1242,,1,98.2749,0.04086,,,82.213,86.228,90.244,94.259,98.275,102.29,106.306,110.321,114.337,lhfa-girls-zscore-expanded-tables (1).xlsx
LHFA,F,,1243,,1,98.2963,0.04087,,,82.227,86.244,90.262,94.279,98.296,102.314,106.331,110.348,114.366,lhfa-girls-zscore-expanded-tables (1).xlsx
LHFA,F,,1244,,1,98.3176,0.04087,,,82.245,86.263,90.281,94.299,98.318,102.336,106.354,110.372,114.391,lhfa-girls-zscore-expanded-tables (1).xlsx
LHFA,F,,1245,,1,98.3389,0.04088,,,82.259,86.279,90.299,94.319,98.339,102.359,106.379,110.399,114.419,lhfa-girls-zscore-expanded-tables (1).xlsx
LHFA,F,,1246,,1,98.3602,0.04088,,,82.276,86.297,90.318,94.339,98.36,102.381,106.402,110.423,114.444,lhfa-girls-zscore-expanded-tables (1).xlsx
LHFA,F,,1247,,1,98.3815,0.04089,,,82.29,86.313,90.336,94.359,98.382,102.404,106.427,110.45,114.473,lhfa-girls-zscore-expanded-tables (1).xlsx
LHFA,F,,1248,,1,98.4028,0.04089,,,82.308,86.332,90.355,94.379,98.403,102.426,106.45,110.474,114.498,lhfa-girls-zscore-expanded-tables (1).xlsx
LHFA,F,,1249,,1,98.4241,0.0409,,,82.322,86.347,90.373,94.399,98.424,102.45,106.475,110.501,114.526,lhfa-girls-zscore-expanded-tables (1).xlsx
LHFA,F,,1250,,1,98.4453,0.0409,,,82.34,86.366,90.392,94.419,98.445,102.472,106.498,110.525,114.551,lhfa-girls-zscore-expanded-tables (1).xlsx
LHFA,F,,1251,,1,98.4666,0.04091,,,82.354,86.382,90.41,94.438,98.467,102.495,106.523,110.551,114.58,lhfa-girls-zscore-expanded-tables (1).xlsx
LHFA,F,,1252,,1,98.4878,0.04091,,,82.371,86.4,90.43,94.459,98.488,102.517,106.546,110.575,114.604,lhfa-girls-zscore-expanded-tables (1).xlsx
LHFA,F,,1253,,1,98.5091,0.04092,,,82.385,86.416,90.447,94.478,98.509,102.54,106.571,110.602,114.633,lhfa-girls-zscore-expanded-tables (1).xlsx
LHFA,F,,1254,,1,98.5303,0.04092,,,82.403,86.435,90.467,94.498,98.53,102.562,106.594,110.626,114.658,lhfa-girls-zscore-expanded-tables (1).xlsx
LHFA,F,,1255,,1,98.5515,0.04093,,,82.417,86.45,90.484,94.518,98.552,102.585,106.619,110.653,114.686,lhfa-girls-zscore-expanded-tables (1).xlsx
LHFA,F,,1256,,1,98.5727,0.04093,,,82.434,86.469,90.504,94.538,98.573,102.607,106.642,110.676,114.711,lhfa-girls-zscore-expanded-tables (1).xlsx
LHFA,F,,1257,,1,98.5939,0.04094,,,82.448,86.485,90.521,94.557,98.594,102.63,106.667,110.703,114.74,lhfa-girls-zscore-expanded-tables (1).xlsx
LHFA,F,,1258,,1,98.6151,0.04094,,,82.466,86.503,90.54,94.578,98.615,102.652,106.69,110.727,114.764,lhfa-girls-zscore-expanded-tables (1).xlsx
LHFA,F,,1259,,1,98.6363,0.04095,,,82.48,86.519,90.558,94.597,98.636,102.675,106.715,110.754,114.793,lhfa-girls-zscore-expanded-tables (1).xlsx
LHFA,F,,1260,,1,98.6575,0.04095,,,82.497,86.537,90.577,94.617,98.658,102.698,106.738,110.778,114.818,lhfa-girls-zscore-expanded-tables (1).xlsx
LHFA,F,,1261,,1,98.6786,0.04096,,,82.511,86.553,90.595,94.637,98.679,102.72,106.762,110.804,114.846,lhfa-girls-zscore-expanded-tables (1).xlsx
LHFA,F,,1262,,1,98.6998,0.04096,,,82.529,86.572,90.614,94.657,98.7,102.743,106.785,110.828,114.871,lhfa-girls-zscore-expanded-tables (1).xlsx
LHFA,F,,1263,,1,98.7209,0.04097,,,82.543,86.587,90.632,94.676,98.721,102.765,106.81,110.855,114.899,lhfa-girls-zscore-expanded-tables (1).xlsx
LHFA,F,,1264,,1,98.7421,0.04097,,,82.56,86.606,90.651,94.697,98.742,102.788,106.833,110.878,114.924,lhfa-girls-zscore-expanded-tables (1).xlsx
LHFA,F,,1265,,1,98.7632,0.04098,,,82.574,86.621,90.669,94.716,98.763,102.811,106.858,110.905,114.952,lhfa-girls-zscore-expanded-tables (1).xlsx
LHFA,F,,1266,,1,98.7843,0.04098,,,82.592,86.64,90.688,94.736,98.784,102.832,106.881,110.929,114.977,lhfa-girls-zscore-expanded-tables (1).xlsx
LHFA,F,,1267,,1,98.8054,0.04099,,,82.605,86.655,90.705,94.755,98.805,102.855,106.905,110.956,115.006,lhfa-girls-zscore-expanded-tables (1).xlsx
LHFA,F,,1268,,1,98.8265,0.04099,,,82.623,86.674,90.725,94.776,98.826,102.877,106.928,110.979,115.03,lhfa-girls-zscore-expanded-tables (1).xlsx
LHFA,F,,1269,,1,98.8476,0.041,,,82.637,86.689,90.742,94.795,98.848,102.9,106.953,111.006,115.059,lhfa-girls-zscore-expanded-tables (1).xlsx
LHFA,F,,1270,,1,98.8687,0.041,,,82.654,86.708,90.761,94.815,98.869,102.922,106.976,111.03,115.083,lhfa-girls-zscore-expanded-tables (1).xlsx
LHFA,F,,1271,,1,98.8897,0.04101,,,82.668,86.723,90.779,94.834,98.89,102.945,107.001,111.056,115.112,lhfa-girls-zscore-expanded-tables (1).xlsx
LHFA,F,,1272,,1,98.9108,0.04101,,,82.685,86.742,90.798,94.854,98.911,102.967,107.023,111.08,115.136,lhfa-girls-zscore-expanded-tables (1).xlsx
LHFA,F,,1273,,1,98.9318,0.04102,,,82.699,86.757,90.815,94.874,98.932,102.99,107.048,111.106,115.165,lhfa-girls-zscore-expanded-tables (1).xlsx
LHFA,F,,1274,,1,98.9529,0.04103,,,82.713,86.773,90.833,94.893,98.953,103.013,107.073,111.133,115.193,lhfa-girls-zscore-expanded-tables (1).xlsx
LHFA,F,,1275,,1,98.9739,0.04103,,,82.73,86.791,90.852,94.913,98.974,103.035,107.096,111.157,115.217,lhfa-girls-zscore-expanded-tables (1).xlsx
LHFA,F,,1276,,1,98.9949,0.04104,,,82.744,86.807,90.869,94.932,98.995,103.058,107.12,111.183,115.246,lhfa-girls-zscore-expanded-tables (1).xlsx
LHFA,F,,1277,,1,99.0159,0.04104,,,82.761,86.825,90.889,94.952,99.016,103.08,107.143,111.207,115.27,lhfa-girls-zscore-expanded-tables (1).xlsx
LHFA,F,,1278,,1,99.0369,0.04105,,,82.775,86.841,90.906,94.971,99.037,103.102,107.168,111.233,115.299,lhfa-girls-zscore-expanded-tables (1).xlsx
LHFA,F,,1279,,1,99.0579,0.04105,,,82.793,86.859,90.925,94.992,99.058,103.124,107.191,111.257,115.323,lhfa-girls-zscore-expanded-tables (1).xlsx
LHFA,F,,1280,,1,99.0789,0.04106,,,82.806,86.874,90.943,95.011,99.079,103.147,107.215,111.283,115.352,lhfa-girls-zscore-expanded-tables (1).xlsx
LHFA,F,,1281,,1,99.0999,0.04106,,,82.824,86.893,90.962,95.031,99.1,103.169,107.238,111.307,115.376,lhfa-girls-zscore-expanded-tables (1).xlsx
LHFA,F,,1282,,1,99.1208,0.04107,,,82.837,86.908,90.979,95.05,99.121,103.192,107.263,111.333,115.404,lhfa-girls-zscore-expanded-tables (1).xlsx
LHFA,F,,1283,,1,99.1418,0.04107,,,82.855,86.927,90.998,95.07,99.142,103.214,107.285,111.357,115.429,lhfa-girls-zscore-expanded-tables (1).xlsx
LHFA,F,,1284,,1,99.1628,0.04108,,,82.868,86.942,91.016,95.089,99.163,103.236,107.31,111.384,115.457,lhfa-girls-zscore-expanded-tables (1).xlsx
LHFA,F,,1285,,1,99.1837,0.04108,,,82.886,86.96,91.035,95.109,99.184,103.258,107.333,111.407,115.482,lhfa-girls-zscore-expanded-tables (1).xlsx
LHFA,F,,1286,,1,99.2046,0.04109,,,82.899,86.976,91.052,95.128,99.205,103.281,107.357,111.434,115.51,lhfa-girls-zscore-expanded-tables (1).xlsx
LHFA,F,,1287,,1,99.2255,0.04109,,,82.917,86.994,91.071,95.148,99.226,103.303,107.38,111.457,115.534,lhfa-girls-zscore-expanded-tables (1).xlsx
LHFA,F,,1288,,1,99.2464,0.0411,,,82.93,87.009,91.088,95.167,99.246,103.325,107.404,111.483,115.563,lhfa-girls-zscore-expanded-tables (1).xlsx
LHFA,F,,1289,,1,99.2673,0.0411,,,82.948,87.028,91.108,95.187,99.267,103.347,107.427,111.507,115.587,lhfa-girls-zscore-expanded-tables (1).xlsx
LHFA,F,,1290,,1,99.2882,0.04111,,,82.961,87.043,91.125,95.206,99.288,103.37,107.452,111.533,115.615,lhfa-girls-zscore-expanded-tables (1).xlsx
LHFA,F,,1291,,1,99.3091,0.04111,,,82.979,87.061,91.144,95.227,99.309,103.392,107.474,111.557,115.639,lhfa-girls-zscore-expanded-tables (1).xlsx
LHFA,F,,1292,,1,99.33,0.04112,,,82.992,87.077,91.161,95.246,99.33,103.414,107.499,111.583,115.668,lhfa-girls-zscore-expanded-tables (1).xlsx
LHFA,F,,1293,,1,99.3509,0.04112,,,83.01,87.095,91.18,95.266,99.351,103.436,107.522,111.607,115.692,lhfa-girls-zscore-expanded-tables (1).xlsx
LHFA,F,,1294,,1,99.3717,0.04113,,,83.023,87.11,91.197,95.285,99.372,103.459,107.546,111.633,115.72,lhfa-girls-zscore-expanded-tables (1).xlsx
LHFA,F,,1295,,1,99.3926,0.04113,,,83.041,87.129,91.217,95.305,99.393,103.481,107.569,111.657,115.745,lhfa-girls-zscore-expanded-tables (1).xlsx
LHFA,F,,1296,,1,99.4134,0.04114,,,83.054,87.144,91.234,95.324,99.413,103.503,107.593,111.683,115.773,lhfa-girls-zscore-expanded-tables (1).xlsx
LHFA,F,,1297,,1,99.4342,0.04114,,,83.071,87.162,91.253,95.343,99.434,103.525,107.616,111.706,115.797,lhfa-girls-zscore-expanded-tables (1).xlsx
LHFA,F,,1298,,1,99.455,0.04115,,,83.085,87.177,91.27,95.362,99.455,103.548,107.64,111.733,115.825,lhfa-girls-zscore-expanded-tables (1).xlsx
LHFA,F,,1299,,1,99.4758,0.04115,,,83.102,87.196,91.289,95.382,99.476,103.569,107.663,111.756,115.85,lhfa-girls-zscore-expanded-tables (1).xlsx
LHFA,F,,1300,,1,99.4966,0.04116,,,83.115,87.211,91.306,95.401,99.497,103.592,107.687,111.782,115.878,lhfa-girls-zscore-expanded-tables (1).xlsx
LHFA,F,,1301,,1,99.5174,0.04116,,,83.133,87.229,91.325,95.421,99.517,103.614,107.71,111.806,115.902,lhfa-girls-zscore-expanded-tables (1).xlsx
LHFA,F,,1302,,1,99.5382,0.04117,,,83.146,87.244,91.342,95.44,99.538,103.636,107.734,111.832,115.93,lhfa-girls-zscore-expanded-tables (1).xlsx
LHFA,F,,1303,,1,99.559,0.04117,,,83.164,87.262,91.361,95.46,99.559,103.658,107.757,111.856,115.954,lhfa-girls-zscore-expanded-tables (1).xlsx
LHFA,F,,1304,,1,99.5798,0.04118,,,83.177,87.278,91.378,95.479,99.58,103.68,107.781,111.882,115.983,lhfa-girls-zscore-expanded-tables (1).xlsx
LHFA,F,,1305,,1,99.6005,0.04118,,,83.194,87.296,91.397,95.499,99.6,103.702,107.804,111.905,116.007,lhfa-girls-zscore-expanded-tables (1).xlsx
LHFA,F,,1306,,1,99.6212,0.04119,,,83.208,87.311,91.414,95.518,99.621,103.725,107.828,111.931,116.035,lhfa-girls-zscore-expanded-tables (1).xlsx
LHFA,F,,1307,,1,99.642,0.04119,,,83.225,87.329,91.433,95.538,99.642,103.746,107.851,111.955,116.059,lhfa-girls-zscore-expanded-tables (1).xlsx
LHFA,F,,1308,,1,99.6627,0.0412,,,83.238,87.344,91.45,95.557,99.663,103.769,107.875,111.981,116.087,lhfa-girls-zscore-expanded-tables (1).xlsx
LHFA,F,,1309,,1,99.6834,0.0412,,,83.256,87.363,91.469,95.576,99.683,103.79,107.897,112.004,116.111,lhfa-girls-zscore-expanded-tables (1).xlsx
LHFA,F,,1310,,1,99.7041,0.04121,,,83.269,87.378,91.486,95.595,99.704,103.813,107.922,112.031,116.139,lhfa-girls-zscore-expanded-tables (1).xlsx
LHFA,F,,1311,,1,99.7248,0.04121,,,83.286,87.396,91.505,95.615,99.725,103.834,107.944,112.054,116.163,lhfa-girls-zscore-expanded-tables (1).xlsx
LHFA,F,,1312,,1,99.7455,0.04122,,,83.299,87.411,91.522,95.634,99.746,103.857,107.969,112.08,116.192,lhfa-girls-zscore-expanded-tables (1).xlsx
LHFA,F,,1313,,1,99.7662,0.04122,,,83.317,87.429,91.541,95.654,99.766,103.879,107.991,112.103,116.216,lhfa-girls-zscore-expanded-tables (1).xlsx
LHFA,F,,1314,,1,99.7869,0.04123,,,83.33,87.444,91.558,95.673,99.787,103.901,108.015,112.13,116.244,lhfa-girls-zscore-expanded-tables (1).xlsx
LHFA,F,,1315,,1,99.8075,0.04123,,,83.347,87.462,91.577,95.692,99.808,103.923,108.038,112.153,116.268,lhfa-girls-zscore-expanded-tables (1).xlsx
LHFA,F,,1316,,1,99.8282,0.04124,,,83.361,87.477,91.594,95.711,99.828,103.945,108.062,112.179,116.296,lhfa-girls-zscore-expanded-tables (1).xlsx
LHFA,F,,1317,,1,99.8488,0.04124,,,83.378,87.496,91.613,95.731,99.849,103.967,108.084,112.202,116.32,lhfa-girls-zscore-expanded-tables (1).xlsx
LHFA,F,,1318,,1,99.8695,0.04125,,,83.391,87.511,91.63,95.75,99.87,103.989,108.109,112.228,116.348,lhfa-girls-zscore-expanded-tables (1).xlsx
LHFA,F,,1319,,1,99.8901,0.04125,,,83.408,87.529,91.649,95.77,99.89,104.011,108.131,112.251,116.372,lhfa-girls-zscore-expanded-tables (1).xlsx
LHFA,F,,1320,,1,99.9107,0.04126,,,83.421,87.544,91.666,95.788,99.911,104.033,108.155,112.278,116.4,lhfa-girls-zscore-expanded-tables (1).xlsx
LHFA,F,,1321,,1,99.9313,0.04126,,,83.439,87.562,91.685,95.808,99.931,104.054,108.178,112.301,116.424,lhfa-girls-zscore-expanded-tables (1).xlsx
LHFA,F,,1322,,1,99.9519,0.04126,,,83.456,87.58,91.704,95.828,99.952,104.076,108.2,112.324,116.448,lhfa-girls-zscore-expanded-tables (1).xlsx
LHFA,F,,1323,,1,99.9725,0.04127,,,83.469,87.595,91.721,95.847,99.972,104.098,108.224,112.35,116.476,lhfa-girls-zscore-expanded-tables (1).xlsx
LHFA,F,,1324,,1,99.9931,0.04127,,,83.486,87.613,91.74,95.866,99.993,104.12,108.247,112.373,116.5,lhfa-girls-zscore-expanded-tables (1).xlsx
LHFA,F,,1325,,1,100.0137,0.04128,,,83.499,87.628,91.757,95.885,100.014,104.142,108.271,112.399,116.528,lhfa-girls-zscore-expanded-tables (1).xlsx
LHFA,F,,1326,,1,100.0342,0.04128,,,83.517,87.646,91.775,95.905,100.034,104.164,108.293,112.422,116.552,lhfa-girls-zscore-expanded-tables (1).xlsx
LHFA,F,,1327,,1,100.0548,0.04129,,,83.53,87.661,91.792,95.924,100.055,104.186,108.317,112.449,116.58,lhfa-girls-zscore-expanded-tables (1).xlsx
LHFA,F,,1328,,1,100.0753,0.04129,,,83.547,87.679,91.811,95.943,100.075,104.207,108.34,112.472,116.604,lhfa-girls-zscore-expanded-tables (1).xlsx
LHFA,F,,1329,,1,100.0959,0.0413,,,83.56,87.694,91.828,95.962,100.096,104.23,108.364,112.498,116.632,lhfa-girls-zscore-expanded-tables (1).xlsx
LHFA,F,,1330,,1,100.1164,0.0413,,,83.577,87.712,91.847,95.982,100.116,104.251,108.386,112.521,116.656,lhfa-girls-zscore-expanded-tables (1).xlsx
LHFA,F,,1331,,1,100.1369,0.04131,,,83.59,87.727,91.864,96,100.137,104.274,108.41,112.547,116.684,lhfa-girls-zscore-expanded-tables (1).xlsx
LHFA,F,,1332,,1,100.1574,0.04131,,,83.607,87.745,91.882,96.02,100.157,104.295,108.432,112.57,116.707,lhfa-girls-zscore-expanded-tables (1).xlsx
LHFA,F,,1333,,1,100.1779,0.04132,,,83.62,87.76,91.899,96.039,100.178,104.317,108.457,112.596,116.735,lhfa-girls-zscore-expanded-tables (1).xlsx
LHFA,F,,1334,,1,100.1984,0.04132,,,83.638,87.778,91.918,96.058,100.198,104.339,108.479,112.619,116.759,lhfa-girls-zscore-expanded-tables (1).xlsx
LHFA,F,,1335,,1,100.2189,0.04133,,,83.651,87.793,91.935,96.077,100.219,104.361,108.503,112.645,116.787,lhfa-girls-zscore-expanded-tables (1).xlsx
LHFA,F,,1336,,1,100.2394,0.04133,,,83.668,87.811,91.954,96.097,100.239,104.382,108.525,112.668,116.811,lhfa-girls-zscore-expanded-tables (1).xlsx
LHFA,F,,1337,,1,100.2598,0.04134,,,83.681,87.826,91.97,96.115,100.26,104.405,108.549,112.694,116.839,lhfa-girls-zscore-expanded-tables (1).xlsx
LHFA,F,,1338,,1,100.2803,0.04134,,,83.698,87.844,91.989,96.135,100.28,104.426,108.571,112.717,116.863,lhfa-girls-zscore-expanded-tables (1).xlsx
LHFA,F,,1339,,1,100.3007,0.04135,,,83.711,87.858,92.006,96.153,100.301,104.448,108.596,112.743,116.89,lhfa-girls-zscore-expanded-tables (1).xlsx
LHFA,F,,1340,,1,100.3212,0.04135,,,83.728,87.876,92.025,96.173,100.321,104.469,108.618,112.766,116.914,lhfa-girls-zscore-expanded-tables (1).xlsx
LHFA,F,,1341,,1,100.3416,0.04136,,,83.741,87.891,92.041,96.191,100.342,104.492,108.642,112.792,116.942,lhfa-girls-zscore-expanded-tables (1).xlsx
LHFA,F,,1342,,1,100.362,0.04136,,,83.758,87.909,92.06,96.211,100.362,104.513,108.664,112.815,116.966,lhfa-girls-zscore-expanded-tables (1).xlsx
LHFA,F,,1343,,1,100.3824,0.04137,,,83.771,87.924,92.077,96.23,100.382,104.535,108.688,112.841,116.994,lhfa-girls-zscore-expanded-tables (1).xlsx
LHFA,F,,1344,,1,100.4028,0.04137,,,83.788,87.942,92.095,96.249,100.403,104.556,108.71,112.864,117.017,lhfa-girls-zscore-expanded-tables (1).xlsx
LHFA,F,,1345,,1,100.4232,0.04138,,,83.801,87.957,92.112,96.268,100.423,104.579,108.734,112.89,117.045,lhfa-girls-zscore-expanded-tables (1).xlsx
LHFA,F,,1346,,1,100.4436,0.04138,,,83.818,87.975,92.131,96.287,100.444,104.6,108.756,112.913,117.069,lhfa-girls-zscore-expanded-tables (1).xlsx
LHFA,F,,1347,,1,100.464,0.04139,,,83.831,87.989,92.148,96.306,100.464,104.622,108.78,112.939,117.097,lhfa-girls-zscore-expanded-tables (1).xlsx
LHFA,F,,1348,,1,100.4843,0.04139,,,83.848,88.007,92.166,96.325,100.484,104.643,108.802,112.961,117.12,lhfa-girls-zscore-expanded-tables (1).xlsx
LHFA,F,,1349,,1,100.5047,0.0414,,,83.861,88.022,92.183,96.344,100.505,104.666,108.826,112.987,117.148,lhfa-girls-zscore-expanded-tables (1).xlsx
LHFA,F,,1350,,1,100.525,0.0414,,,83.878,88.04,92.202,96.363,100.525,104.687,108.848,113.01,117.172,lhfa-girls-zscore-expanded-tables (1).xlsx
LHFA,F,,1351,,1,100.5454,0.04141,,,83.891,88.055,92.218,96.382,100.545,104.709,108.873,113.036,117.2,lhfa-girls-zscore-expanded-tables (1).xlsx
LHFA,F,,1352,,1,100.5657,0.04141,,,83.908,88.072,92.237,96.401,100.566,104.73,108.895,113.059,117.223,lhfa-girls-zscore-expanded-tables (1).xlsx
LHFA,F,,1353,,1,100.586,0.04142,,,83.921,88.087,92.253,96.42,100.586,104.752,108.919,113.085,117.251,lhfa-girls-zscore-expanded-tables (1).xlsx
LHFA,F,,1354,,1,100.6063,0.04142,,,83.938,88.105,92.272,96.439,100.606,104.773,108.941,113.108,117.275,lhfa-girls-zscore-expanded-tables (1).xlsx
LHFA,F,,1355,,1,100.6266,0.04143,,,83.951,88.12,92.289,96.458,100.627,104.796,108.965,113.133,117.302,lhfa-girls-zscore-expanded-tables (1).xlsx
LHFA,F,,1356,,1,100.6469,0.04143,,,83.968,88.137,92.307,96.477,100.647,104.817,108.987,113.156,117.326,lhfa-girls-zscore-expanded-tables (1).xlsx
LHFA,F,,1357,,1,100.6672,0.04144,,,83.981,88.152,92.324,96.496,100.667,104.839,109.01,113.182,117.354,lhfa-girls-zscore-expanded-tables (1).xlsx
LHFA,F,,1358,,1,100.6875,0.04144,,,83.998,88.17,92.343,96.515,100.688,104.86,109.032,113.205,117.377,lhfa-girls-zscore-expanded-tables (1).xlsx
LHFA,F,,1359,,1,100.7077,0.04145,,,84.01,88.185,92.359,96.533,100.708,104.882,109.056,113.231,117.405,lhfa-girls-zscore-expanded-tables (1).xlsx
LHFA,F,,1360,,1,100.728,0.04145,,,84.027,88.202,92.378,96.553,100.728,104.903,109.078,113.254,117.429,lhfa-girls-zscore-expanded-tables (1).xlsx
LHFA,F,,1361,,1,100.7482,0.04146,,,84.04,88.217,92.394,96.571,100.748,104.925,109.102,113.279,117.456,lhfa-girls-zscore-expanded-tables (1).xlsx
LHFA,F,,1362,,1,100.7685,0.04146,,,84.057,88.235,92.413,96.591,100.768,104.946,109.124,113.302,117.48,lhfa-girls-zscore-expanded-tables (1).xlsx
LHFA,F,,1363,,1,100.7887,0.04146,,,84.074,88.253,92.431,96.61,100.789,104.967,109.146,113.325,117.503,lhfa-girls-zscore-expanded-tables (1).xlsx
LHFA,F,,1364,,1,100.8089,0.04147,,,84.087,88.267,92.448,96.628,100.809,104.989,109.17,113.351,117.531,lhfa-girls-zscore-expanded-tables (1).xlsx
LHFA,F,,1365,,1,100.8291,0.04147,,,84.104,88.285,92.466,96.648,100.829,105.01,109.192,113.373,117.555,lhfa-girls-zscore-expanded-tables (1).xlsx
LHFA,F,,1366,,1,100.8493,0.04148,,,84.116,88.3,92.483,96.666,100.849,105.033,109.216,113.399,117.582,lhfa-girls-zscore-expanded-tables (1).xlsx
LHFA,F,,1367,,1,100.8695,0.04148,,,84.133,88.317,92.501,96.685,100.87,105.054,109.238,113.422,117.606,lhfa-girls-zscore-expanded-tables (1).xlsx
LHFA,F,,1368,,1,100.8897,0.04149,,,84.146,88.332,92.518,96.704,100.89,105.076,109.262,113.447,117.633,lhfa-girls-zscore-expanded-tables (1).xlsx
LHFA,F,,1369,,1,100.9099,0.04149,,,84.163,88.35,92.536,96.723,100.91,105.097,109.283,113.47,117.657,lhfa-girls-zscore-expanded-tables (1).xlsx
LHFA,F,,1370,,1,100.9301,0.0415,,,84.176,88.364,92.553,96.742,100.93,105.119,109.307,113.496,117.684,lhfa-girls-zscore-expanded-tables (1).xlsx
LHFA,F,,1371,,1,100.9502,0.0415,,,84.192,88.382,92.571,96.761,100.95,105.14,109.329,113.518,117.708,lhfa-girls-zscore-expanded-tables (1).xlsx
LHFA,F,,1372,,1,100.9704,0.04151,,,84.205,88.397,92.588,96.779,100.97,105.162,109.353,113.544,117.736,lhfa-girls-zscore-expanded-tables (1).xlsx
LHFA,F,,1373,,1,100.9905,0.04151,,,84.222,88.414,92.606,96.798,100.99,105.183,109.375,113.567,117.759,lhfa-girls-zscore-expanded-tables (1).xlsx
LHFA,F,,1374,,1,101.0107,0.04152,,,84.235,88.429,92.623,96.817,101.011,105.205,109.399,113.593,117.787,lhfa-girls-zscore-expanded-tables (1).xlsx
LHFA,F,,1375,,1,101.0308,0.04152,,,84.252,88.446,92.641,96.836,101.031,105.226,109.42,113.615,117.81,lhfa-girls-zscore-expanded-tables (1).xlsx
LHFA,F,,1376,,1,101.0509,0.04153,,,84.264,88.461,92.658,96.854,101.051,105.248,109.444,113.641,117.837,lhfa-girls-zscore-expanded-tables (1).xlsx
LHFA,F,,1377,,1,101.071,0.04153,,,84.281,88.479,92.676,96.874,101.071,105.268,109.466,113.663,117.861,lhfa-girls-zscore-expanded-tables (1).xlsx
LHFA,F,,1378,,1,101.0911,0.04154,,,84.294,88.493,92.692,96.892,101.091,105.29,109.49,113.689,117.888,lhfa-girls-zscore-expanded-tables (1).xlsx
LHFA,F,,1379,,1,101.1112,0.04154,,,84.311,88.511,92.711,96.911,101.111,105.311,109.512,113.712,117.912,lhfa-girls-zscore-expanded-tables (1).xlsx
LHFA,F,,1380,,1,101.1313,0.04155,,,84.323,88.525,92.727,96.929,101.131,105.333,109.535,113.737,117.939,lhfa-girls-zscore-expanded-tables (1).xlsx
LHFA,F,,1381,,1,101.1514,0.04155,,,84.34,88.543,92.746,96.949,101.151,105.354,109.557,113.76,117.963,lhfa-girls-zscore-expanded-tables (1).xlsx
LHFA,F,,1382,,1,101.1714,0.04156,,,84.353,88.557,92.762,96.967,101.171,105.376,109.581,113.785,117.99,lhfa-girls-zscore-expanded-tables (1).xlsx
LHFA,F,,1383,,1,101.1915,0.04156,,,84.369,88.575,92.78,96.986,101.192,105.397,109.603,113.808,118.014,lhfa-girls-zscore-expanded-tables (1).xlsx
LHFA,F,,1384,,1,101.2115,0.04157,,,84.382,88.589,92.797,97.004,101.212,105.419,109.626,113.834,118.041,lhfa-girls-zscore-expanded-tables (1).xlsx
LHFA,F,,1385,,1,101.2316,0.04157,,,84.399,88.607,92.815,97.023,101.232,105.44,109.648,113.856,118.064,lhfa-girls-zscore-expanded-tables (1).xlsx
LHFA,F,,1386,,1,101.2516,0.04158,,,84.411,88.621,92.832,97.042,101.252,105.462,109.672,113.882,118.092,lhfa-girls-zscore-expanded-tables (1).xlsx
LHFA,F,,1387,,1,101.2716,0.04158,,,84.428,88.639,92.85,97.061,101.272,105.482,109.693,113.904,118.115,lhfa-girls-zscore-expanded-tables (1).xlsx
LHFA,F,,1388,,1,101.2917,0.04158,,,84.445,88.657,92.868,97.08,101.292,105.503,109.715,113.927,118.139,lhfa-girls-zscore-expanded-tables (1).xlsx
LHFA,F,,1389,,1,101.3117,0.04159,,,84.457,88.671,92.885,97.098,101.312,105.525,109.739,113.952,118.166,lhfa-girls-zscore-expanded-tables (1).xlsx
LHFA,F,,1390,,1,101.3317,0.04159,,,84.474,88.689,92.903,97.117,101.332,105.546,109.76,113.975,118.189,lhfa-girls-zscore-expanded-tables (1).xlsx
LHFA,F,,1391,,1,101.3517,0.0416,,,84.487,88.703,92.919,97.135,101.352,105.568,109.784,114,118.217,lhfa-girls-zscore-expanded-tables (1).xlsx
LHFA,F,,1392,,1,101.3716,0.0416,,,84.503,88.72,92.937,97.155,101.372,105.589,109.806,114.023,118.24,lhfa-girls-zscore-expanded-tables (1).xlsx
LHFA,F,,1393,,1,101.3916,0.04161,,,84.516,88.735,92.954,97.173,101.392,105.611,109.829,114.048,118.267,lhfa-girls-zscore-expanded-tables (1).xlsx
LHFA,F,,1394,,1,101.4116,0.04161,,,84.533,88.752,92.972,97.192,101.412,105.631,109.851,114.071,118.291,lhfa-girls-zscore-expanded-tables (1).xlsx
LHFA,F,,1395,,1,101.4315,0.04162,,,84.545,88.767,92.988,97.21,101.432,105.653,109.875,114.096,118.318,lhfa-girls-zscore-expanded-tables (1).xlsx
LHFA,F,,1396,,1,101.4515,0.04162,,,84.562,88.784,93.007,97.229,101.452,105.674,109.896,114.119,118.341,lhfa-girls-zscore-expanded-tables (1).xlsx
LHFA,F,,1397,,1,101.4714,0.04163,,,84.574,88.799,93.023,97.247,101.471,105.696,109.92,114.144,118.368,lhfa-girls-zscore-expanded-tables (1).xlsx
LHFA,F,,1398,,1,101.4914,0.04163,,,84.591,88.816,93.041,97.266,101.491,105.716,109.942,114.167,118.392,lhfa-girls-zscore-expanded-tables (1).xlsx
LHFA,F,,1399,,1,101.5113,0.04164,,,84.604,88.831,93.057,97.284,101.511,105.738,109.965,114.192,118.419,lhfa-girls-zscore-expanded-tables (1).xlsx
LHFA,F,,1400,,1,101.5312,0.04164,,,84.62,88.848,93.076,97.303,101.531,105.759,109.987,114.214,118.442,lhfa-girls-zscore-expanded-tables (1).xlsx
LHFA,F,,1401,,1,101.5511,0.04165,,,84.633,88.862,93.092,97.321,101.551,105.781,110.01,114.24,118.47,lhfa-girls-zscore-expanded-tables (1).xlsx
LHFA,F,,1402,,1,101.571,0.04165,,,84.649,88.88,93.11,97.341,101.571,105.801,110.032,114.262,118.493,lhfa-girls-zscore-expanded-tables (1).xlsx
LHFA,F,,1403,,1,101.5909,0.04166,,,84.662,88.894,93.126,97.359,101.591,105.823,110.055,114.288,118.52,lhfa-girls-zscore-expanded-tables (1).xlsx
LHFA,F,,1404,,1,101.6108,0.04166,,,84.678,88.911,93.145,97.378,101.611,105.844,110.077,114.31,118.543,lhfa-girls-zscore-expanded-tables (1).xlsx
LHFA,F,,1405,,1,101.6306,0.04167,,,84.691,88.926,93.161,97.396,101.631,105.866,110.1,114.335,118.57,lhfa-girls-zscore-expanded-tables (1).xlsx
LHFA,F,,1406,,1,101.6505,0.04167,,,84.707,88.943,93.179,97.415,101.65,105.886,110.122,114.358,118.594,lhfa-girls-zscore-expanded-tables (1).xlsx
LHFA,F,,1407,,1,101.6704,0.04167,,,84.724,88.961,93.197,97.434,101.67,105.907,110.144,114.38,118.617,lhfa-girls-zscore-expanded-tables (1).xlsx
LHFA,F,,1408,,1,101.6902,0.04168,,,84.736,88.975,93.213,97.452,101.69,105.929,110.167,114.406,118.644,lhfa-girls-zscore-expanded-tables (1).xlsx
LHFA,F,,1409,,1,101.7101,0.04168,,,84.753,88.992,93.232,97.471,101.71,105.949,110.189,114.428,118.667,lhfa-girls-zscore-expanded-tables (1).xlsx
LHFA,F,,1410,,1,101.7299,0.04169,,,84.765,89.007,93.248,97.489,101.73,105.971,110.212,114.453,118.694,lhfa-girls-zscore-expanded-tables (1).xlsx
LHFA,F,,1411,,1,101.7497,0.04169,,,84.782,89.024,93.266,97.508,101.75,105.992,110.234,114.476,118.717,lhfa-girls-zscore-expanded-tables (1).xlsx
LHFA,F,,1412,,1,101.7695,0.0417,,,84.794,89.038,93.282,97.526,101.77,106.013,110.257,114.501,118.745,lhfa-girls-zscore-expanded-tables (1).xlsx
LHFA,F,,1413,,1,101.7893,0.0417,,,84.811,89.055,93.3,97.545,101.789,106.034,110.279,114.523,118.768,lhfa-girls-zscore-expanded-tables (1).xlsx
LHFA,F,,1414,,1,101.8091,0.04171,,,84.823,89.07,93.316,97.563,101.809,106.056,110.302,114.548,118.795,lhfa-girls-zscore-expanded-tables (1).xlsx
LHFA,F,,1415,,1,101.8289,0.04171,,,84.84,89.087,93.334,97.582,101.829,106.076,110.323,114.571,118.818,lhfa-girls-zscore-expanded-tables (1).xlsx
LHFA,F,,1416,,1,101.8487,0.04172,,,84.852,89.101,93.35,97.6,101.849,106.098,110.347,114.596,118.845,lhfa-girls-zscore-expanded-tables (1).xlsx
LHFA,F,,1417,,1,101.8685,0.04172,,,84.869,89.119,93.369,97.619,101.868,106.118,110.368,114.618,118.868,lhfa-girls-zscore-expanded-tables (1).xlsx
LHFA,F,,1418,,1,101.8883,0.04173,,,84.881,89.133,93.385,97.637,101.888,106.14,110.392,114.644,118.895,lhfa-girls-zscore-expanded-tables (1).xlsx
LHFA,F,,1419,,1,101.908,0.04173,,,84.898,89.15,93.403,97.655,101.908,106.161,110.413,114.666,118.918,lhfa-girls-zscore-expanded-tables (1).xlsx
LHFA,F,,1420,,1,101.9278,0.04174,,,84.91,89.164,93.419,97.673,101.928,106.182,110.437,114.691,118.946,lhfa-girls-zscore-expanded-tables (1).xlsx
LHFA,F,,1421,,1,101.9475,0.04174,,,84.926,89.182,93.437,97.692,101.948,106.203,110.458,114.713,118.969,lhfa-girls-zscore-expanded-tables (1).xlsx
LHFA,F,,1422,,1,101.9673,0.04175,,,84.939,89.196,93.453,97.71,101.967,106.224,110.482,114.739,118.996,lhfa-girls-zscore-expanded-tables (1).xlsx
LHFA,F,,1423,,1,101.987,0.04175,,,84.955,89.213,93.471,97.729,101.987,106.245,110.503,114.761,119.019,lhfa-girls-zscore-expanded-tables (1).xlsx
LHFA,F,,1424,,1,102.0067,0.04175,,,84.972,89.23,93.489,97.748,102.007,106.265,110.524,114.783,119.042,lhfa-girls-zscore-expanded-tables (1).xlsx
LHFA,F,,1425,,1,102.0264,0.04176,,,84.984,89.245,93.505,97.766,102.026,106.287,110.548,114.808,119.069,lhfa-girls-zscore-expanded-tables (1).xlsx
LHFA,F,,1426,,1,102.0461,0.04176,,,85,89.262,93.523,97.785,102.046,106.308,110.569,114.83,119.092,lhfa-girls-zscore-expanded-tables (1).xlsx
LHFA,F,,1427,,1,102.0658,0.04177,,,85.013,89.276,93.539,97.803,102.066,106.329,110.592,114.856,119.119,lhfa-girls-zscore-expanded-tables (1).xlsx
LHFA,F,,1428,,1,102.0855,0.04177,,,85.029,89.293,93.557,97.821,102.086,106.35,110.614,114.878,119.142,lhfa-girls-zscore-expanded-tables (1).xlsx
LHFA,F,,1429,,1,102.1052,0.04178,,,85.041,89.307,93.573,97.839,102.105,106.371,110.637,114.903,119.169,lhfa-girls-zscore-expanded-tables (1).xlsx
LHFA,F,,1430,,1,102.1249,0.04178,,,85.058,89.325,93.591,97.858,102.125,106.392,110.658,114.925,119.192,lhfa-girls-zscore-expanded-tables (1).xlsx
LHFA,F,,1431,,1,102.1446,0.04179,,,85.07,89.339,93.607,97.876,102.145,106.413,110.682,114.95,119.219,lhfa-girls-zscore-expanded-tables (1).xlsx
LHFA,F,,1432,,1,102.1642,0.04179,,,85.086,89.356,93.625,97.895,102.164,106.434,110.703,114.973,119.242,lhfa-girls-zscore-expanded-tables (1).xlsx
LHFA,F,,1433,,1,102.1839,0.0418,,,85.099,89.37,93.641,97.913,102.184,106.455,110.726,114.998,119.269,lhfa-girls-zscore-expanded-tables (1).xlsx
LHFA,F,,1434,,1,102.2035,0.0418,,,85.115,89.387,93.659,97.931,102.204,106.476,110.748,115.02,119.292,lhfa-girls-zscore-expanded-tables (1).xlsx
LHFA,F,,1435,,1,102.2232,0.04181,,,85.127,89.401,93.675,97.949,102.223,106.497,110.771,115.045,119.319,lhfa-girls-zscore-expanded-tables (1).xlsx
LHFA,F,,1436,,1,102.2428,0.04181,,,85.144,89.418,93.693,97.968,102.243,106.518,110.792,115.067,119.342,lhfa-girls-zscore-expanded-tables (1).xlsx
LHFA,F,,1437,,1,102.2624,0.04181,,,85.16,89.436,93.711,97.987,102.262,106.538,110.814,115.089,119.365,lhfa-girls-zscore-expanded-tables (1).xlsx
LHFA,F,,1438,,1,102.282,0.04182,,,85.172,89.45,93.727,98.005,102.282,106.559,110.837,115.114,119.392,lhfa-girls-zscore-expanded-tables (1).xlsx
LHFA,F,,1439,,1,102.3016,0.04182,,,85.189,89.467,93.745,98.023,102.302,106.58,110.858,115.136,119.415,lhfa-girls-zscore-expanded-tables (1).xlsx
LHFA,F,,1440,,1,102.3212,0.04183,,,85.201,89.481,93.761,98.041,102.321,106.601,110.881,115.161,119.442,lhfa-girls-zscore-expanded-tables (1).xlsx
LHFA,F,,1441,,1,102.3408,0.04183,,,85.217,89.498,93.779,98.06,102.341,106.622,110.903,115.184,119.464,lhfa-girls-zscore-expanded-tables (1).xlsx
LHFA,F,,1442,,1,102.3604,0.04184,,,85.229,89.512,93.795,98.078,102.36,106.643,110.926,115.209,119.491,lhfa-girls-zscore-expanded-tables (1).xlsx
LHFA,F,,1443,,1,102.38,0.04184,,,85.246,89.529,93.813,98.096,102.38,106.664,110.947,115.231,119.514,lhfa-girls-zscore-expanded-tables (1).xlsx
LHFA,F,,1444,,1,102.3996,0.04185,,,85.258,89.543,93.829,98.114,102.4,106.685,110.97,115.256,119.541,lhfa-girls-zscore-expanded-tables (1).xlsx
LHFA,F,,1445,,1,102.4191,0.04185,,,85.274,89.56,93.847,98.133,102.419,106.705,110.992,115.278,119.564,lhfa-girls-zscore-expanded-tables (1).xlsx
LHFA,F,,1446,,1,102.4387,0.04186,,,85.286,89.574,93.863,98.151,102.439,106.727,111.015,115.303,119.591,lhfa-girls-zscore-expanded-tables (1).xlsx
LHFA,F,,1447,,1,102.4582,0.04186,,,85.303,89.591,93.88,98.169,102.458,106.747,111.036,115.325,119.614,lhfa-girls-zscore-expanded-tables (1).xlsx
LHFA,F,,1448,,1,102.4778,0.04187,,,85.315,89.606,93.896,98.187,102.478,106.769,111.059,115.35,119.641,lhfa-girls-zscore-expanded-tables (1).xlsx
LHFA,F,,1449,,1,102.4973,0.04187,,,85.331,89.623,93.914,98.206,102.497,106.789,111.08,115.372,119.664,lhfa-girls-zscore-expanded-tables (1).xlsx
LHFA,F,,1450,,1,102.5168,0.04187,,,85.347,89.64,93.932,98.224,102.517,106.809,111.102,115.394,119.686,lhfa-girls-zscore-expanded-tables (1).xlsx
LHFA,F,,1451,,1,102.5364,0.04188,,,85.36,89.654,93.948,98.242,102.536,106.831,111.125,115.419,119.713,lhfa-girls-zscore-expanded-tables (1).xlsx
LHFA,F,,1452,,1,102.5559,0.04188,,,85.376,89.671,93.966,98.261,102.556,106.851,111.146,115.441,119.736,lhfa-girls-zscore-expanded-tables (1).xlsx
LHFA,F,,1453,,1,102.5754,0.04189,,,85.388,89.685,93.982,98.279,102.575,106.872,111.169,115.466,119.763,lhfa-girls-zscore-expanded-tables (1).xlsx
LHFA,F,,1454,,1,102.5949,0.04189,,,85.404,89.702,93.999,98.297,102.595,106.893,111.19,115.488,119.786,lhfa-girls-zscore-expanded-tables (1).xlsx
LHFA,F,,1455,,1,102.6144,0.0419,,,85.416,89.716,94.015,98.315,102.614,106.914,111.213,115.513,119.813,lhfa-girls-zscore-expanded-tables (1).xlsx
LHFA,F,,1456,,1,102.6338,0.0419,,,85.432,89.733,94.033,98.333,102.634,106.934,111.235,115.535,119.835,lhfa-girls-zscore-expanded-tables (1).xlsx
LHFA,F,,1457,,1,102.6533,0.04191,,,85.445,89.747,94.049,98.351,102.653,106.955,111.258,115.56,119.862,lhfa-girls-zscore-expanded-tables (1).xlsx
LHFA,F,,1458,,1,102.6728,0.04191,,,85.461,89.764,94.067,98.37,102.673,106.976,111.279,115.582,119.885,lhfa-girls-zscore-expanded-tables (1).xlsx
LHFA,F,,1459,,1,102.6923,0.04192,,,85.473,89.778,94.083,98.387,102.692,106.997,111.302,115.607,119.912,lhfa-girls-zscore-expanded-tables (1).xlsx
LHFA,F,,1460,,1,102.7117,0.04192,,,85.489,89.795,94.1,98.406,102.712,107.017,111.323,115.629,119.934,lhfa-girls-zscore-expanded-tables (1).xlsx
LHFA,F,,1461,,1,102.7312,0.04193,,,85.501,89.809,94.116,98.424,102.731,107.039,111.346,115.654,119.961,lhfa-girls-zscore-expanded-tables (1).xlsx
LHFA,F,,1462,,1,102.7506,0.04193,,,85.517,89.826,94.134,98.442,102.751,107.059,111.367,115.676,119.984,lhfa-girls-zscore-expanded-tables (1).xlsx
LHFA,F,,1463,,1,102.77,0.04193,,,85.533,89.843,94.152,98.461,102.77,107.079,111.388,115.697,120.007,lhfa-girls-zscore-expanded-tables (1).xlsx
LHFA,F,,1464,,1,102.7895,0.04194,,,85.546,89.857,94.168,98.479,102.79,107.1,111.411,115.722,120.033,lhfa-girls-zscore-expanded-tables (1).xlsx
LHFA,F,,1465,,1,102.8089,0.04194,,,85.562,89.873,94.185,98.497,102.809,107.121,111.433,115.744,120.056,lhfa-girls-zscore-expanded-tables (1).xlsx
LHFA,F,,1466,,1,102.8283,0.04195,,,85.574,89.887,94.201,98.515,102.828,107.142,111.456,115.769,120.083,lhfa-girls-zscore-expanded-tables (1).xlsx
LHFA,F,,1467,,1,102.8477,0.04195,,,85.59,89.904,94.219,98.533,102.848,107.162,111.477,115.791,120.106,lhfa-girls-zscore-expanded-tables (1).xlsx
LHFA,F,,1468,,1,102.8671,0.04196,,,85.602,89.918,94.234,98.551,102.867,107.183,111.5,115.816,120.132,lhfa-girls-zscore-expanded-tables (1).xlsx
LHFA,F,,1469,,1,102.8865,0.04196,,,85.618,89.935,94.252,98.569,102.886,107.204,111.521,115.838,120.155,lhfa-girls-zscore-expanded-tables (1).xlsx
LHFA,F,,1470,,1,102.9059,0.04197,,,85.63,89.949,94.268,98.587,102.906,107.225,111.544,115.863,120.182,lhfa-girls-zscore-expanded-tables (1).xlsx
LHFA,F,,1471,,1,102.9252,0.04197,,,85.646,89.966,94.286,98.605,102.925,107.245,111.565,115.885,120.204,lhfa-girls-zscore-expanded-tables (1).xlsx
LHFA,F,,1472,,1,102.9446,0.04198,,,85.658,89.98,94.301,98.623,102.945,107.266,111.588,115.909,120.231,lhfa-girls-zscore-expanded-tables (1).xlsx
LHFA,F,,1473,,1,102.964,0.04198,,,85.674,89.997,94.319,98.642,102.964,107.286,111.609,115.931,120.254,lhfa-girls-zscore-expanded-tables (1).xlsx
LHFA,F,,1474,,1,102.9833,0.04198,,,85.69,90.014,94.337,98.66,102.983,107.307,111.63,115.953,120.276,lhfa-girls-zscore-expanded-tables (1).xlsx
LHFA,F,,1475,,1,103.0027,0.04199,,,85.702,90.027,94.353,98.678,103.003,107.328,111.653,115.978,120.303,lhfa-girls-zscore-expanded-tables (1).xlsx
LHFA,F,,1476,,1,103.022,0.04199,,,85.718,90.044,94.37,98.696,103.022,107.348,111.674,116,120.326,lhfa-girls-zscore-expanded-tables (1).xlsx
LHFA,F,,1477,,1,103.0414,0.042,,,85.73,90.058,94.386,98.714,103.041,107.369,111.697,116.025,120.352,lhfa-girls-zscore-expanded-tables (1).xlsx
LHFA,F,,1478,,1,103.0607,0.042,,,85.747,90.075,94.404,98.732,103.061,107.389,111.718,116.046,120.375,lhfa-girls-zscore-expanded-tables (1).xlsx
LHFA,F,,1479,,1,103.08,0.04201,,,85.758,90.089,94.419,98.75,103.08,107.41,111.741,116.071,120.402,lhfa-girls-zscore-expanded-tables (1).xlsx
LHFA,F,,1480,,1,103.0993,0.04201,,,85.774,90.106,94.437,98.768,103.099,107.431,111.762,116.093,120.424,lhfa-girls-zscore-expanded-tables (1).xlsx
LHFA,F,,1481,,1,103.1186,0.04202,,,85.786,90.119,94.453,98.786,103.119,107.452,111.785,116.118,120.451,lhfa-girls-zscore-expanded-tables (1).xlsx
LHFA,F,,1482,,1,103.1379,0.04202,,,85.802,90.136,94.47,98.804,103.138,107.472,111.806,116.139,120.473,lhfa-girls-zscore-expanded-tables (1).xlsx
LHFA,F,,1483,,1,103.1572,0.04203,,,85.814,90.15,94.486,98.822,103.157,107.493,111.829,116.164,120.5,lhfa-girls-zscore-expanded-tables (1).xlsx
LHFA,F,,1484,,1,103.1765,0.04203,,,85.83,90.167,94.503,98.84,103.176,107.513,111.85,116.186,120.523,lhfa-girls-zscore-expanded-tables (1).xlsx
LHFA,F,,1485,,1,103.1958,0.04203,,,85.847,90.184,94.521,98.858,103.196,107.533,111.87,116.208,120.545,lhfa-girls-zscore-expanded-tables (1).xlsx
LHFA,F,,1486,,1,103.2151,0.04204,,,85.858,90.198,94.537,98.876,103.215,107.554,111.893,116.233,120.572,lhfa-girls-zscore-expanded-tables (1).xlsx
LHFA,F,,1487,,1,103.2343,0.04204,,,85.874,90.214,94.554,98.894,103.234,107.574,111.914,116.254,120.594,lhfa-girls-zscore-expanded-tables (1).xlsx
LHFA,F,,1488,,1,103.2536,0.04205,,,85.886,90.228,94.57,98.912,103.254,107.595,111.937,116.279,120.621,lhfa-girls-zscore-expanded-tables (1).xlsx
LHFA,F,,1489,,1,103.2728,0.04205,,,85.902,90.245,94.588,98.93,103.273,107.615,111.958,116.301,120.643,lhfa-girls-zscore-expanded-tables (1).xlsx
LHFA,F,,1490,,1,103.2921,0.04206,,,85.914,90.259,94.603,98.948,103.292,107.637,111.981,116.325,120.67,lhfa-girls-zscore-expanded-tables (1).xlsx
LHFA,F,,1491,,1,103.3113,0.04206,,,85.93,90.275,94.621,98.966,103.311,107.657,112.002,116.347,120.692,lhfa-girls-zscore-expanded-tables (1).xlsx
LHFA,F,,1492,,1,103.3306,0.04207,,,85.942,90.289,94.636,98.983,103.331,107.678,112.025,116.372,120.719,lhfa-girls-zscore-expanded-tables (1).xlsx
LHFA,F,,1493,,1,103.3498,0.04207,,,85.958,90.306,94.654,99.002,103.35,107.698,112.046,116.394,120.742,lhfa-girls-zscore-expanded-tables (1).xlsx
LHFA,F,,1494,,1,103.369,0.04208,,,85.97,90.32,94.669,99.019,103.369,107.719,112.069,116.418,120.768,lhfa-girls-zscore-expanded-tables (1).xlsx
LHFA,F,,1495,,1,103.3882,0.04208,,,85.986,90.336,94.687,99.038,103.388,107.739,112.089,116.44,120.791,lhfa-girls-zscore-expanded-tables (1).xlsx
LHFA,F,,1496,,1,103.4074,0.04208,,,86.002,90.353,94.705,99.056,103.407,107.759,112.11,116.462,120.813,lhfa-girls-zscore-expanded-tables (1).xlsx
LHFA,F,,1497,,1,103.4266,0.04209,,,86.014,90.367,94.72,99.073,103.427,107.78,112.133,116.486,120.84,lhfa-girls-zscore-expanded-tables (1).xlsx
LHFA,F,,1498,,1,103.4458,0.04209,,,86.03,90.384,94.738,99.092,103.446,107.8,112.154,116.508,120.862,lhfa-girls-zscore-expanded-tables (1).xlsx
LHFA,F,,1499,,1,103.465,0.0421,,,86.041,90.397,94.753,99.109,103.465,107.821,112.177,116.533,120.889,lhfa-girls-zscore-expanded-tables (1).xlsx
LHFA,F,,1500,,1,103.4842,0.0421,,,86.057,90.414,94.771,99.128,103.484,107.841,112.198,116.554,120.911,lhfa-girls-zscore-expanded-tables (1).xlsx
LHFA,F,,1501,,1,103.5034,0.04211,,,86.069,90.428,94.786,99.145,103.503,107.862,112.22,116.579,120.938,lhfa-girls-zscore-expanded-tables (1).xlsx
LHFA,F,,1502,,1,103.5225,0.04211,,,86.085,90.445,94.804,99.163,103.522,107.882,112.241,116.6,120.96,lhfa-girls-zscore-expanded-tables (1).xlsx
LHFA,F,,1503,,1,103.5417,0.04212,,,86.097,90.458,94.819,99.181,103.542,107.903,112.264,116.625,120.986,lhfa-girls-zscore-expanded-tables (1).xlsx
LHFA,F,,1504,,1,103.5608,0.04212,,,86.113,90.475,94.837,99.199,103.561,107.923,112.285,116.647,121.009,lhfa-girls-zscore-expanded-tables (1).xlsx
LHFA,F,,1505,,1,103.58,0.04212,,,86.129,90.492,94.854,99.217,103.58,107.943,112.306,116.668,121.031,lhfa-girls-zscore-expanded-tables (1).xlsx
LHFA,F,,1506,,1,103.5991,0.04213,,,86.141,90.505,94.87,99.234,103.599,107.964,112.328,116.693,121.058,lhfa-girls-zscore-expanded-tables (1).xlsx
LHFA,F,,1507,,1,103.6183,0.04213,,,86.157,90.522,94.887,99.253,103.618,107.984,112.349,116.715,121.08,lhfa-girls-zscore-expanded-tables (1).xlsx
LHFA,F,,1508,,1,103.6374,0.04214,,,86.168,90.536,94.903,99.27,103.637,108.005,112.372,116.739,121.107,lhfa-girls-zscore-expanded-tables (1).xlsx
LHFA,F,,1509,,1,103.6565,0.04214,,,86.184,90.552,94.92,99.288,103.656,108.025,112.393,116.761,121.129,lhfa-girls-zscore-expanded-tables (1).xlsx
LHFA,F,,1510,,1,103.6756,0.04215,,,86.196,90.566,94.936,99.306,103.676,108.046,112.415,116.785,121.155,lhfa-girls-zscore-expanded-tables (1).xlsx
LHFA,F,,1511,,1,103.6947,0.04215,,,86.212,90.583,94.953,99.324,103.695,108.065,112.436,116.807,121.178,lhfa-girls-zscore-expanded-tables (1).xlsx
LHFA,F,,1512,,1,103.7138,0.04216,,,86.224,90.596,94.969,99.341,103.714,108.086,112.459,116.832,121.204,lhfa-girls-zscore-expanded-tables (1).xlsx
LHFA,F,,1513,,1,103.7329,0.04216,,,86.239,90.613,94.986,99.36,103.733,108.106,112.48,116.853,121.226,lhfa-girls-zscore-expanded-tables (1).xlsx
LHFA,F,,1514,,1,103.752,0.04216,,,86.255,90.629,95.004,99.378,103.752,108.126,112.5,116.875,121.249,lhfa-girls-zscore-expanded-tables (1).xlsx
LHFA,F,,1515,,1,103.7711,0.04217,,,86.267,90.643,95.019,99.395,103.771,108.147,112.523,116.899,121.275,lhfa-girls-zscore-expanded-tables (1).xlsx
LHFA,F,,1516,,1,103.7902,0.04217,,,86.283,90.66,95.037,99.413,103.79,108.167,112.544,116.921,121.298,lhfa-girls-zscore-expanded-tables (1).xlsx
LHFA,F,,1517,,1,103.8092,0.04218,,,86.295,90.673,95.052,99.431,103.809,108.188,112.567,116.945,121.324,lhfa-girls-zscore-expanded-tables (1).xlsx
LHFA,F,,1518,,1,103.8283,0.04218,,,86.31,90.69,95.069,99.449,103.828,108.208,112.587,116.967,121.346,lhfa-girls-zscore-expanded-tables (1).xlsx
LHFA,F,,1519,,1,103.8473,0.04219,,,86.322,90.703,95.085,99.466,103.847,108.229,112.61,116.991,121.373,lhfa-girls-zscore-expanded-tables (1).xlsx
LHFA,F,,1520,,1,103.8664,0.04219,,,86.338,90.72,95.102,99.484,103.866,108.249,112.631,117.013,121.395,lhfa-girls-zscore-expanded-tables (1).xlsx
LHFA,F,,1521,,1,103.8854,0.0422,,,86.35,90.734,95.117,99.501,103.885,108.269,112.653,117.037,121.421,lhfa-girls-zscore-expanded-tables (1).xlsx
LHFA,F,,1522,,1,103.9045,0.0422,,,86.365,90.75,95.135,99.52,103.904,108.289,112.674,117.059,121.444,lhfa-girls-zscore-expanded-tables (1).xlsx
LHFA,F,,1523,,1,103.9235,0.0422,,,86.381,90.767,95.152,99.538,103.924,108.309,112.695,117.08,121.466,lhfa-girls-zscore-expanded-tables (1).xlsx
LHFA,F,,1524,,1,103.9425,0.04221,,,86.393,90.78,95.168,99.555,103.942,108.33,112.717,117.105,121.492,lhfa-girls-zscore-expanded-tables (1).xlsx
LHFA,F,,1525,,1,103.9616,0.04221,,,86.409,90.797,95.185,99.573,103.962,108.35,112.738,117.126,121.514,lhfa-girls-zscore-expanded-tables (1).xlsx
LHFA,F,,1526,,1,103.9806,0.04222,,,86.42,90.81,95.2,99.591,103.981,108.371,112.761,117.151,121.541,lhfa-girls-zscore-expanded-tables (1).xlsx
LHFA,F,,1527,,1,103.9996,0.04222,,,86.436,90.827,95.218,99.609,104,108.39,112.781,117.172,121.563,lhfa-girls-zscore-expanded-tables (1).xlsx
LHFA,F,,1528,,1,104.0186,0.04223,,,86.448,90.84,95.233,99.626,104.019,108.411,112.804,117.197,121.589,lhfa-girls-zscore-expanded-tables (1).xlsx
LHFA,F,,1529,,1,104.0376,0.04223,,,86.464,90.857,95.251,99.644,104.038,108.431,112.825,117.218,121.612,lhfa-girls-zscore-expanded-tables (1).xlsx
LHFA,F,,1530,,1,104.0565,0.04224,,,86.475,90.87,95.266,99.661,104.056,108.452,112.847,117.243,121.638,lhfa-girls-zscore-expanded-tables (1).xlsx
LHFA,F,,1531,,1,104.0755,0.04224,,,86.491,90.887,95.283,99.679,104.076,108.472,112.868,117.264,121.66,lhfa-girls-zscore-expanded-tables (1).xlsx
LHFA,F,,1532,,1,104.0945,0.04224,,,86.507,90.904,95.301,99.698,104.094,108.491,112.888,117.285,121.682,lhfa-girls-zscore-expanded-tables (1).xlsx
LHFA,F,,1533,,1,104.1135,0.04225,,,86.518,90.917,95.316,99.715,104.114,108.512,112.911,117.31,121.709,lhfa-girls-zscore-expanded-tables (1).xlsx
LHFA,F,,1534,,1,104.1324,0.04225,,,86.534,90.934,95.333,99.733,104.132,108.532,112.932,117.331,121.731,lhfa-girls-zscore-expanded-tables (1).xlsx
LHFA,F,,1535,,1,104.1514,0.04226,,,86.546,90.947,95.349,99.75,104.151,108.553,112.954,117.356,121.757,lhfa-girls-zscore-expanded-tables (1).xlsx
LHFA,F,,1536,,1,104.1703,0.04226,,,86.561,90.964,95.366,99.768,104.17,108.573,112.975,117.377,121.779,lhfa-girls-zscore-expanded-tables (1).xlsx
LHFA,F,,1537,,1,104.1893,0.04227,,,86.573,90.977,95.381,99.785,104.189,108.593,112.997,117.402,121.806,lhfa-girls-zscore-expanded-tables (1).xlsx
LHFA,F,,1538,,1,104.2082,0.04227,,,86.589,90.994,95.398,99.803,104.208,108.613,113.018,117.423,121.828,lhfa-girls-zscore-expanded-tables (1).xlsx
LHFA,F,,1539,,1,104.2271,0.04227,,,86.604,91.01,95.416,99.821,104.227,108.633,113.038,117.444,121.85,lhfa-girls-zscore-expanded-tables (1).xlsx
LHFA,F,,1540,,1,104.2461,0.04228,,,86.616,91.024,95.431,99.839,104.246,108.654,113.061,117.469,121.876,lhfa-girls-zscore-expanded-tables (1).xlsx
LHFA,F,,1541,,1,104.265,0.04228,,,86.632,91.04,95.448,99.857,104.265,108.673,113.082,117.49,121.898,lhfa-girls-zscore-expanded-tables (1).xlsx
LHFA,F,,1542,,1,104.2839,0.04229,,,86.643,91.053,95.464,99.874,104.284,108.694,113.104,117.514,121.925,lhfa-girls-zscore-expanded-tables (1).xlsx
LHFA,F,,1543,,1,104.3028,0.04229,,,86.659,91.07,95.481,99.892,104.303,108.714,113.125,117.536,121.947,lhfa-girls-zscore-expanded-tables (1).xlsx
LHFA,F,,1544,,1,104.3217,0.0423,,,86.67,91.083,95.496,99.909,104.322,108.735,113.147,117.56,121.973,lhfa-girls-zscore-expanded-tables (1).xlsx
LHFA,F,,1545,,1,104.3406,0.0423,,,86.686,91.1,95.513,99.927,104.341,108.754,113.168,117.581,121.995,lhfa-girls-zscore-expanded-tables (1).xlsx
LHFA,F,,1546,,1,104.3595,0.04231,,,86.698,91.113,95.529,99.944,104.36,108.775,113.19,117.606,122.021,lhfa-girls-zscore-expanded-tables (1).xlsx
LHFA,F,,1547,,1,104.3784,0.04231,,,86.713,91.13,95.546,99.962,104.378,108.795,113.211,117.627,122.043,lhfa-girls-zscore-expanded-tables (1).xlsx
LHFA,F,,1548,,1,104.3972,0.04231,,,86.729,91.146,95.563,99.98,104.397,108.814,113.231,117.648,122.065,lhfa-girls-zscore-expanded-tables (1).xlsx
LHFA,F,,1549,,1,104.4161,0.04232,,,86.741,91.159,95.578,99.997,104.416,108.835,113.254,117.673,122.092,lhfa-girls-zscore-expanded-tables (1).xlsx
LHFA,F,,1550,,1,104.435,0.04232,,,86.756,91.176,95.596,100.015,104.435,108.855,113.274,117.694,122.114,lhfa-girls-zscore-expanded-tables (1).xlsx
LHFA,F,,1551,,1,104.4538,0.04233,,,86.768,91.189,95.611,100.032,104.454,108.875,113.297,117.718,122.14,lhfa-girls-zscore-expanded-tables (1).xlsx
LHFA,F,,1552,,1,104.4727,0.04233,,,86.783,91.206,95.628,100.05,104.473,108.895,113.317,117.74,122.162,lhfa-girls-zscore-expanded-tables (1).xlsx
LHFA,F,,1553,,1,104.4915,0.04234,,,86.795,91.219,95.643,100.067,104.492,108.916,113.34,117.764,122.188,lhfa-girls-zscore-expanded-tables (1).xlsx
LHFA,F,,1554,,1,104.5104,0.04234,,,86.811,91.235,95.66,100.085,104.51,108.935,113.36,117.785,122.21,lhfa-girls-zscore-expanded-tables (1).xlsx
LHFA,F,,1555,,1,104.5292,0.04234,,,86.826,91.252,95.678,100.103,104.529,108.955,113.381,117.806,122.232,lhfa-girls-zscore-expanded-tables (1).xlsx
LHFA,F,,1556,,1,104.548,0.04235,,,86.838,91.265,95.693,100.12,104.548,108.976,113.403,117.831,122.258,lhfa-girls-zscore-expanded-tables (1).xlsx
LHFA,F,,1557,,1,104.5668,0.04235,,,86.853,91.282,95.71,100.138,104.567,108.995,113.424,117.852,122.28,lhfa-girls-zscore-expanded-tables (1).xlsx
LHFA,F,,1558,,1,104.5856,0.04236,,,86.865,91.295,95.725,100.155,104.586,109.016,113.446,117.876,122.307,lhfa-girls-zscore-expanded-tables (1).xlsx
LHFA,F,,1559,,1,104.6045,0.04236,,,86.88,91.311,95.742,100.173,104.604,109.036,113.467,117.898,122.329,lhfa-girls-zscore-expanded-tables (1).xlsx
LHFA,F,,1560,,1,104.6233,0.04237,,,86.892,91.325,95.758,100.19,104.623,109.056,113.489,117.922,122.355,lhfa-girls-zscore-expanded-tables (1).xlsx
LHFA,F,,1561,,1,104.6421,0.04237,,,86.907,91.341,95.775,100.208,104.642,109.076,113.509,117.943,122.377,lhfa-girls-zscore-expanded-tables (1).xlsx
LHFA,F,,1562,,1,104.6608,0.04238,,,86.919,91.354,95.79,100.225,104.661,109.096,113.532,117.967,122.403,lhfa-girls-zscore-expanded-tables (1).xlsx
LHFA,F,,1563,,1,104.6796,0.04238,,,86.934,91.371,95.807,100.243,104.68,109.116,113.552,117.989,122.425,lhfa-girls-zscore-expanded-tables (1).xlsx
LHFA,F,,1564,,1,104.6984,0.04238,,,86.95,91.387,95.824,100.261,104.698,109.136,113.573,118.01,122.447,lhfa-girls-zscore-expanded-tables (1).xlsx
LHFA,F,,1565,,1,104.7172,0.04239,,,86.961,91.4,95.839,100.278,104.717,109.156,113.595,118.034,122.473,lhfa-girls-zscore-expanded-tables (1).xlsx
LHFA,F,,1566,,1,104.736,0.04239,,,86.977,91.417,95.856,100.296,104.736,109.176,113.616,118.055,122.495,lhfa-girls-zscore-expanded-tables (1).xlsx
LHFA,F,,1567,,1,104.7547,0.0424,,,86.988,91.43,95.872,100.313,104.755,109.196,113.638,118.079,122.521,lhfa-girls-zscore-expanded-tables (1).xlsx
LHFA,F,,1568,,1,104.7735,0.0424,,,87.004,91.446,95.889,100.331,104.774,109.216,113.658,118.101,122.543,lhfa-girls-zscore-expanded-tables (1).xlsx
LHFA,F,,1569,,1,104.7922,0.04241,,,87.015,91.459,95.904,100.348,104.792,109.236,113.681,118.125,122.569,lhfa-girls-zscore-expanded-tables (1).xlsx
LHFA,F,,1570,,1,104.811,0.04241,,,87.031,91.476,95.921,100.366,104.811,109.256,113.701,118.146,122.591,lhfa-girls-zscore-expanded-tables (1).xlsx
LHFA,F,,1571,,1,104.8297,0.04241,,,87.046,91.492,95.938,100.384,104.83,109.276,113.721,118.167,122.613,lhfa-girls-zscore-expanded-tables (1).xlsx
LHFA,F,,1572,,1,104.8484,0.04242,,,87.058,91.505,95.953,100.401,104.848,109.296,113.744,118.191,122.639,lhfa-girls-zscore-expanded-tables (1).xlsx
LHFA,F,,1573,,1,104.8672,0.04242,,,87.073,91.522,95.97,100.419,104.867,109.316,113.764,118.213,122.661,lhfa-girls-zscore-expanded-tables (1).xlsx
LHFA,F,,1574,,1,104.8859,0.04243,,,87.085,91.535,95.985,100.436,104.886,109.336,113.787,118.237,122.687,lhfa-girls-zscore-expanded-tables (1).xlsx
LHFA,F,,1575,,1,104.9046,0.04243,,,87.1,91.551,96.002,100.453,104.905,109.356,113.807,118.258,122.709,lhfa-girls-zscore-expanded-tables (1).xlsx
LHFA,F,,1576,,1,104.9233,0.04244,,,87.112,91.564,96.017,100.47,104.923,109.376,113.829,118.282,122.735,lhfa-girls-zscore-expanded-tables (1).xlsx
LHFA,F,,1577,,1,104.942,0.04244,,,87.127,91.581,96.035,100.488,104.942,109.396,113.849,118.303,122.757,lhfa-girls-zscore-expanded-tables (1).xlsx
LHFA,F,,1578,,1,104.9607,0.04244,,,87.143,91.597,96.052,100.506,104.961,109.415,113.87,118.324,122.779,lhfa-girls-zscore-expanded-tables (1).xlsx
LHFA,F,,1579,,1,104.9794,0.04245,,,87.154,91.61,96.067,100.523,104.979,109.436,113.892,118.349,122.805,lhfa-girls-zscore-expanded-tables (1).xlsx
LHFA,F,,1580,,1,104.9981,0.04245,,,87.169,91.627,96.084,100.541,104.998,109.455,113.912,118.37,122.827,lhfa-girls-zscore-expanded-tables (1).xlsx
LHFA,F,,1581,,1,105.0167,0.04246,,,87.181,91.64,96.099,100.558,105.017,109.476,113.935,118.394,122.853,lhfa-girls-zscore-expanded-tables (1).xlsx
LHFA,F,,1582,,1,105.0354,0.04246,,,87.196,91.656,96.116,100.576,105.035,109.495,113.955,118.415,122.875,lhfa-girls-zscore-expanded-tables (1).xlsx
LHFA,F,,1583,,1,105.0541,0.04247,,,87.208,91.669,96.131,100.592,105.054,109.516,113.977,118.439,122.901,lhfa-girls-zscore-expanded-tables (1).xlsx
LHFA,F,,1584,,1,105.0727,0.04247,,,87.223,91.685,96.148,100.61,105.073,109.535,113.998,118.46,122.922,lhfa-girls-zscore-expanded-tables (1).xlsx
LHFA,F,,1585,,1,105.0914,0.04247,,,87.238,91.702,96.165,100.628,105.091,109.555,114.018,118.481,122.944,lhfa-girls-zscore-expanded-tables (1).xlsx
LHFA,F,,1586,,1,105.11,0.04248,,,87.25,91.715,96.18,100.645,105.11,109.575,114.04,118.505,122.97,lhfa-girls-zscore-expanded-tables (1).xlsx
LHFA,F,,1587,,1,105.1287,0.04248,,,87.265,91.731,96.197,100.663,105.129,109.595,114.06,118.526,122.992,lhfa-girls-zscore-expanded-tables (1).xlsx
LHFA,F,,1588,,1,105.1473,0.04249,,,87.276,91.744,96.212,100.68,105.147,109.615,114.083,118.55,123.018,lhfa-girls-zscore-expanded-tables (1).xlsx
LHFA,F,,1589,,1,105.166,0.04249,,,87.292,91.76,96.229,100.697,105.166,109.635,114.103,118.572,123.04,lhfa-girls-zscore-expanded-tables (1).xlsx
LHFA,F,,1590,,1,105.1846,0.0425,,,87.303,91.774,96.244,100.714,105.185,109.655,114.125,118.596,123.066,lhfa-girls-zscore-expanded-tables (1).xlsx
LHFA,F,,1591,,1,105.2032,0.0425,,,87.319,91.79,96.261,100.732,105.203,109.674,114.145,118.617,123.088,lhfa-girls-zscore-expanded-tables (1).xlsx
LHFA,F,,1592,,1,105.2218,0.0425,,,87.334,91.806,96.278,100.75,105.222,109.694,114.166,118.638,123.11,lhfa-girls-zscore-expanded-tables (1).xlsx
LHFA,F,,1593,,1,105.2404,0.04251,,,87.345,91.819,96.293,100.767,105.24,109.714,114.188,118.662,123.135,lhfa-girls-zscore-expanded-tables (1).xlsx
LHFA,F,,1594,,1,105.259,0.04251,,,87.361,91.835,96.31,100.784,105.259,109.734,114.208,118.683,123.157,lhfa-girls-zscore-expanded-tables (1).xlsx
LHFA,F,,1595,,1,105.2776,0.04252,,,87.372,91.848,96.325,100.801,105.278,109.754,114.23,118.707,123.183,lhfa-girls-zscore-expanded-tables (1).xlsx
LHFA,F,,1596,,1,105.2962,0.04252,,,87.387,91.865,96.342,100.819,105.296,109.773,114.251,118.728,123.205,lhfa-girls-zscore-expanded-tables (1).xlsx
LHFA,F,,1597,,1,105.3148,0.04253,,,87.399,91.878,96.357,100.836,105.315,109.794,114.273,118.752,123.231,lhfa-girls-zscore-expanded-tables (1).xlsx
LHFA,F,,1598,,1,105.3334,0.04253,,,87.414,91.894,96.374,100.854,105.333,109.813,114.293,118.773,123.253,lhfa-girls-zscore-expanded-tables (1).xlsx
LHFA,F,,1599,,1,105.352,0.04253,,,87.43,91.91,96.391,100.871,105.352,109.833,114.313,118.794,123.274,lhfa-girls-zscore-expanded-tables (1).xlsx
LHFA,F,,1600,,1,105.3705,0.04254,,,87.441,91.923,96.406,100.888,105.37,109.853,114.335,118.818,123.3,lhfa-girls-zscore-expanded-tables (1).xlsx
LHFA,F,,1601,,1,105.3891,0.04254,,,87.456,91.939,96.423,100.906,105.389,109.872,114.356,118.839,123.322,lhfa-girls-zscore-expanded-tables (1).xlsx
LHFA,F,,1602,,1,105.4076,0.04255,,,87.467,91.952,96.437,100.923,105.408,109.893,114.378,118.863,123.348,lhfa-girls-zscore-expanded-tables (1).xlsx
LHFA,F,,1603,,1,105.4262,0.04255,,,87.483,91.969,96.454,100.94,105.426,109.912,114.398,118.884,123.37,lhfa-girls-zscore-expanded-tables (1).xlsx
LHFA,F,,1604,,1,105.4447,0.04256,,,87.494,91.982,96.469,100.957,105.445,109.932,114.42,118.908,123.396,lhfa-girls-zscore-expanded-tables (1).xlsx
LHFA,F,,1605,,1,105.4633,0.04256,,,87.509,91.998,96.486,100.975,105.463,109.952,114.44,118.929,123.417,lhfa-girls-zscore-expanded-tables (1).xlsx
LHFA,F,,1606,,1,105.4818,0.04256,,,87.525,92.014,96.503,100.992,105.482,109.971,114.46,118.95,123.439,lhfa-girls-zscore-expanded-tables (1).xlsx
LHFA,F,,1607,,1,105.5003,0.04257,,,87.536,92.027,96.518,101.009,105.5,109.991,114.483,118.974,123.465,lhfa-girls-zscore-expanded-tables (1).xlsx
LHFA,F,,1608,,1,105.5189,0.04257,,,87.551,92.043,96.535,101.027,105.519,110.011,114.503,118.995,123.487,lhfa-girls-zscore-expanded-tables (1).xlsx
LHFA,F,,1609,,1,105.5374,0.04258,,,87.562,92.056,96.55,101.044,105.537,110.031,114.525,119.019,123.513,lhfa-girls-zscore-expanded-tables (1).xlsx
LHFA,F,,1610,,1,105.5559,0.04258,,,87.578,92.072,96.567,101.061,105.556,110.05,114.545,119.04,123.534,lhfa-girls-zscore-expanded-tables (1).xlsx
LHFA,F,,1611,,1,105.5744,0.04259,,,87.589,92.085,96.582,101.078,105.574,110.071,114.567,119.064,123.56,lhfa-girls-zscore-expanded-tables (1).xlsx
LHFA,F,,1612,,1,105.5929,0.04259,,,87.604,92.101,96.598,101.096,105.593,110.09,114.587,119.085,123.582,lhfa-girls-zscore-expanded-tables (1).xlsx
LHFA,F,,1613,,1,105.6114,0.04259,,,87.619,92.117,96.615,101.113,105.611,110.109,114.607,119.105,123.603,lhfa-girls-zscore-expanded-tables (1).xlsx
LHFA,F,,1614,,1,105.6299,0.0426,,,87.631,92.13,96.63,101.13,105.63,110.13,114.63,119.129,123.629,lhfa-girls-zscore-expanded-tables (1).xlsx
LHFA,F,,1615,,1,105.6483,0.0426,,,87.646,92.146,96.647,101.148,105.648,110.149,114.65,119.15,123.651,lhfa-girls-zscore-expanded-tables (1).xlsx
LHFA,F,,1616,,1,105.6668,0.04261,,,87.657,92.159,96.662,101.164,105.667,110.169,114.672,119.174,123.677,lhfa-girls-zscore-expanded-tables (1).xlsx
LHFA,F,,1617,,1,105.6853,0.04261,,,87.672,92.176,96.679,101.182,105.685,110.189,114.692,119.195,123.698,lhfa-girls-zscore-expanded-tables (1).xlsx
LHFA,F,,1618,,1,105.7037,0.04262,,,87.683,92.188,96.694,101.199,105.704,110.209,114.714,119.219,123.724,lhfa-girls-zscore-expanded-tables (1).xlsx
LHFA,F,,1619,,1,105.7222,0.04262,,,87.699,92.205,96.71,101.216,105.722,110.228,114.734,119.24,123.746,lhfa-girls-zscore-expanded-tables (1).xlsx
LHFA,F,,1620,,1,105.7406,0.04262,,,87.714,92.221,96.727,101.234,105.741,110.247,114.754,119.261,123.767,lhfa-girls-zscore-expanded-tables (1).xlsx
LHFA,F,,1621,,1,105.7591,0.04263,,,87.725,92.234,96.742,101.251,105.759,110.268,114.776,119.285,123.793,lhfa-girls-zscore-expanded-tables (1).xlsx
LHFA,F,,1622,,1,105.7775,0.04263,,,87.74,92.25,96.759,101.268,105.778,110.287,114.796,119.305,123.815,lhfa-girls-zscore-expanded-tables (1).xlsx
LHFA,F,,1623,,1,105.796,0.04264,,,87.751,92.263,96.774,101.285,105.796,110.307,114.818,119.329,123.841,lhfa-girls-zscore-expanded-tables (1).xlsx
LHFA,F,,1624,,1,105.8144,0.04264,,,87.767,92.279,96.791,101.302,105.814,110.326,114.838,119.35,123.862,lhfa-girls-zscore-expanded-tables (1).xlsx
LHFA,F,,1625,,1,105.8328,0.04264,,,87.782,92.295,96.807,101.32,105.833,110.346,114.858,119.371,123.884,lhfa-girls-zscore-expanded-tables (1).xlsx
LHFA,F,,1626,,1,105.8512,0.04265,,,87.793,92.308,96.822,101.337,105.851,110.366,114.88,119.395,123.909,lhfa-girls-zscore-expanded-tables (1).xlsx
LHFA,F,,1627,,1,105.8696,0.04265,,,87.808,92.324,96.839,101.354,105.87,110.385,114.9,119.416,123.931,lhfa-girls-zscore-expanded-tables (1).xlsx
LHFA,F,,1628,,1,105.888,0.04266,,,87.819,92.336,96.854,101.371,105.888,110.405,114.922,119.44,123.957,lhfa-girls-zscore-expanded-tables (1).xlsx
LHFA,F,,1629,,1,105.9064,0.04266,,,87.835,92.352,96.87,101.388,105.906,110.424,114.942,119.46,123.978,lhfa-girls-zscore-expanded-tables (1).xlsx
LHFA,F,,1630,,1,105.9248,0.04267,,,87.846,92.365,96.885,101.405,105.925,110.445,114.964,119.484,124.004,lhfa-girls-zscore-expanded-tables (1).xlsx
LHFA,F,,1631,,1,105.9432,0.04267,,,87.861,92.381,96.902,101.423,105.943,110.464,114.984,119.505,124.026,lhfa-girls-zscore-expanded-tables (1).xlsx
LHFA,F,,1632,,1,105.9616,0.04267,,,87.876,92.397,96.919,101.44,105.962,110.483,115.004,119.526,124.047,lhfa-girls-zscore-expanded-tables (1).xlsx
LHFA,F,,1633,,1,105.98,0.04268,,,87.887,92.41,96.934,101.457,105.98,110.503,115.026,119.55,124.073,lhfa-girls-zscore-expanded-tables (1).xlsx
LHFA,F,,1634,,1,105.9983,0.04268,,,87.902,92.426,96.95,101.474,105.998,110.522,115.046,119.57,124.094,lhfa-girls-zscore-expanded-tables (1).xlsx
LHFA,F,,1635,,1,106.0167,0.04269,,,87.913,92.439,96.965,101.491,106.017,110.543,115.068,119.594,124.12,lhfa-girls-zscore-expanded-tables (1).xlsx
LHFA,F,,1636,,1,106.0351,0.04269,,,87.929,92.455,96.982,101.508,106.035,110.562,115.088,119.615,124.142,lhfa-girls-zscore-expanded-tables (1).xlsx
LHFA,F,,1637,,1,106.0534,0.0427,,,87.939,92.468,96.996,101.525,106.053,110.582,115.11,119.639,124.167,lhfa-girls-zscore-expanded-tables (1).xlsx
LHFA,F,,1638,,1,106.0718,0.0427,,,87.955,92.484,97.013,101.543,106.072,110.601,115.13,119.66,124.189,lhfa-girls-zscore-expanded-tables (1).xlsx
LHFA,F,,1639,,1,106.0901,0.0427,,,87.97,92.5,97.03,101.56,106.09,110.62,115.15,119.68,124.21,lhfa-girls-zscore-expanded-tables (1).xlsx
LHFA,F,,1640,,1,106.1084,0.04271,,,87.981,92.513,97.045,101.577,106.108,110.64,115.172,119.704,124.236,lhfa-girls-zscore-expanded-tables (1).xlsx
LHFA,F,,1641,,1,106.1268,0.04271,,,87.996,92.529,97.061,101.594,106.127,110.659,115.192,119.725,124.258,lhfa-girls-zscore-expanded-tables (1).xlsx
LHFA,F,,1642,,1,106.1451,0.04272,,,88.007,92.542,97.076,101.611,106.145,110.68,115.214,119.749,124.283,lhfa-girls-zscore-expanded-tables (1).xlsx
LHFA,F,,1643,,1,106.1634,0.04272,,,88.022,92.557,97.093,101.628,106.163,110.699,115.234,119.769,124.305,lhfa-girls-zscore-expanded-tables (1).xlsx
LHFA,F,,1644,,1,106.1817,0.04272,,,88.037,92.573,97.11,101.646,106.182,110.718,115.254,119.79,124.326,lhfa-girls-zscore-expanded-tables (1).xlsx
LHFA,F,,1645,,1,106.2,0.04273,,,88.048,92.586,97.124,101.662,106.2,110.738,115.276,119.814,124.352,lhfa-girls-zscore-expanded-tables (1).xlsx
LHFA,F,,1646,,1,106.2183,0.04273,,,88.063,92.602,97.141,101.68,106.218,110.757,115.296,119.834,124.373,lhfa-girls-zscore-expanded-tables (1).xlsx
LHFA,F,,1647,,1,106.2366,0.04274,,,88.074,92.615,97.155,101.696,106.237,110.777,115.318,119.858,124.399,lhfa-girls-zscore-expanded-tables (1).xlsx
LHFA,F,,1648,,1,106.2549,0.04274,,,88.09,92.631,97.172,101.714,106.255,110.796,115.338,119.879,124.42,lhfa-girls-zscore-expanded-tables (1).xlsx
LHFA,F,,1649,,1,106.2732,0.04275,,,88.1,92.644,97.187,101.73,106.273,110.816,115.36,119.903,124.446,lhfa-girls-zscore-expanded-tables (1).xlsx
LHFA,F,,1650,,1,106.2915,0.04275,,,88.116,92.66,97.204,101.748,106.292,110.835,115.379,119.923,124.467,lhfa-girls-zscore-expanded-tables (1).xlsx
LHFA,F,,1651,,1,106.3097,0.04275,,,88.131,92.675,97.22,101.765,106.31,110.854,115.399,119.944,124.489,lhfa-girls-zscore-expanded-tables (1).xlsx
LHFA,F,,1652,,1,106.328,0.04276,,,88.142,92.688,97.235,101.781,106.328,110.875,115.421,119.968,124.514,lhfa-girls-zscore-expanded-tables (1).xlsx
LHFA,F,,1653,,1,106.3463,0.04276,,,88.157,92.704,97.252,101.799,106.346,110.894,115.441,119.988,124.536,lhfa-girls-zscore-expanded-tables (1).xlsx
LHFA,F,,1654,,1,106.3645,0.04277,,,88.168,92.717,97.266,101.815,106.364,110.914,115.463,120.012,124.561,lhfa-girls-zscore-expanded-tables (1).xlsx
LHFA,F,,1655,,1,106.3828,0.04277,,,88.183,92.733,97.283,101.833,106.383,110.933,115.483,120.033,124.583,lhfa-girls-zscore-expanded-tables (1).xlsx
LHFA,F,,1656,,1,106.401,0.04277,,,88.198,92.749,97.299,101.85,106.401,110.952,115.503,120.053,124.604,lhfa-girls-zscore-expanded-tables (1).xlsx
LHFA,F,,1657,,1,106.4192,0.04278,,,88.209,92.761,97.314,101.867,106.419,110.972,115.524,120.077,124.63,lhfa-girls-zscore-expanded-tables (1).xlsx
LHFA,F,,1658,,1,106.4375,0.04278,,,88.224,92.777,97.331,101.884,106.438,110.991,115.544,120.098,124.651,lhfa-girls-zscore-expanded-tables (1).xlsx
LHFA,F,,1659,,1,106.4557,0.04279,,,88.235,92.79,97.345,101.9,106.456,111.011,115.566,120.121,124.677,lhfa-girls-zscore-expanded-tables (1).xlsx
LHFA,F,,1660,,1,106.4739,0.04279,,,88.25,92.806,97.362,101.918,106.474,111.03,115.586,120.142,124.698,lhfa-girls-zscore-expanded-tables (1).xlsx
LHFA,F,,1661,,1,106.4921,0.0428,,,88.261,92.819,97.376,101.934,106.492,111.05,115.608,120.166,124.724,lhfa-girls-zscore-expanded-tables (1).xlsx
LHFA,F,,1662,,1,106.5103,0.0428,,,88.276,92.834,97.393,101.952,106.51,111.069,115.628,120.186,124.745,lhfa-girls-zscore-expanded-tables (1).xlsx
LHFA,F,,1663,,1,106.5285,0.0428,,,88.291,92.85,97.41,101.969,106.528,111.088,115.647,120.207,124.766,lhfa-girls-zscore-expanded-tables (1).xlsx
LHFA,F,,1664,,1,106.5467,0.04281,,,88.302,92.863,97.424,101.985,106.547,111.108,115.669,120.23,124.792,lhfa-girls-zscore-expanded-tables (1).xlsx
LHFA,F,,1665,,1,106.5649,0.04281,,,88.317,92.879,97.441,102.003,106.565,111.127,115.689,120.251,124.813,lhfa-girls-zscore-expanded-tables (1).xlsx
LHFA,F,,1666,,1,106.5831,0.04282,,,88.328,92.891,97.455,102.019,106.583,111.147,115.711,120.275,124.839,lhfa-girls-zscore-expanded-tables (1).xlsx
LHFA,F,,1667,,1,106.6013,0.04282,,,88.343,92.907,97.472,102.037,106.601,111.166,115.731,120.295,124.86,lhfa-girls-zscore-expanded-tables (1).xlsx
LHFA,F,,1668,,1,106.6195,0.04282,,,88.358,92.923,97.489,102.054,106.62,111.185,115.75,120.316,124.881,lhfa-girls-zscore-expanded-tables (1).xlsx
LHFA,F,,1669,,1,106.6376,0.04283,,,88.368,92.936,97.503,102.07,106.638,111.205,115.772,120.339,124.907,lhfa-girls-zscore-expanded-tables (1).xlsx
LHFA,F,,1670,,1,106.6558,0.04283,,,88.384,92.952,97.52,102.088,106.656,111.224,115.792,120.36,124.928,lhfa-girls-zscore-expanded-tables (1).xlsx
LHFA,F,,1671,,1,106.6739,0.04284,,,88.394,92.964,97.534,102.104,106.674,111.244,115.814,120.384,124.954,lhfa-girls-zscore-expanded-tables (1).xlsx
LHFA,F,,1672,,1,106.6921,0.04284,,,88.409,92.98,97.551,102.121,106.692,111.263,115.833,120.404,124.975,lhfa-girls-zscore-expanded-tables (1).xlsx
LHFA,F,,1673,,1,106.7102,0.04285,,,88.42,92.993,97.565,102.138,106.71,111.283,115.855,120.428,125,lhfa-girls-zscore-expanded-tables (1).xlsx
LHFA,F,,1674,,1,106.7284,0.04285,,,88.435,93.008,97.582,102.155,106.728,111.302,115.875,120.448,125.022,lhfa-girls-zscore-expanded-tables (1).xlsx
LHFA,F,,1675,,1,106.7465,0.04285,,,88.45,93.024,97.598,102.172,106.746,111.321,115.895,120.469,125.043,lhfa-girls-zscore-expanded-tables (1).xlsx
LHFA,F,,1676,,1,106.7646,0.04286,,,88.461,93.037,97.613,102.189,106.765,111.341,115.916,120.492,125.068,lhfa-girls-zscore-expanded-tables (1).xlsx
LHFA,F,,1677,,1,106.7828,0.04286,,,88.476,93.053,97.629,102.206,106.783,111.36,115.936,120.513,125.09,lhfa-girls-zscore-expanded-tables (1).xlsx
LHFA,F,,1678,,1,106.8009,0.04287,,,88.487,93.065,97.644,102.222,106.801,111.379,115.958,120.537,125.115,lhfa-girls-zscore-expanded-tables (1).xlsx
LHFA,F,,1679,,1,106.819,0.04287,,,88.502,93.081,97.66,102.24,106.819,111.398,115.978,120.557,125.136,lhfa-girls-zscore-expanded-tables (1).xlsx
LHFA,F,,1680,,1,106.8371,0.04287,,,88.517,93.097,97.677,102.257,106.837,111.417,115.997,120.577,125.158,lhfa-girls-zscore-expanded-tables (1).xlsx
LHFA,F,,1681,,1,106.8552,0.04288,,,88.527,93.109,97.691,102.273,106.855,111.437,116.019,120.601,125.183,lhfa-girls-zscore-expanded-tables (1).xlsx
LHFA,F,,1682,,1,106.8733,0.04288,,,88.542,93.125,97.708,102.291,106.873,111.456,116.039,120.621,125.204,lhfa-girls-zscore-expanded-tables (1).xlsx
LHFA,F,,1683,,1,106.8914,0.04289,,,88.553,93.138,97.722,102.307,106.891,111.476,116.061,120.645,125.23,lhfa-girls-zscore-expanded-tables (1).xlsx
LHFA,F,,1684,,1,106.9094,0.04289,,,88.568,93.153,97.739,102.324,106.909,111.495,116.08,120.665,125.251,lhfa-girls-zscore-expanded-tables (1).xlsx
LHFA,F,,1685,,1,106.9275,0.04289,,,88.583,93.169,97.755,102.341,106.928,111.514,116.1,120.686,125.272,lhfa-girls-zscore-expanded-tables (1).xlsx
LHFA,F,,1686,,1,106.9456,0.0429,,,88.594,93.182,97.77,102.358,106.946,111.534,116.122,120.709,125.297,lhfa-girls-zscore-expanded-tables (1).xlsx
LHFA,F,,1687,,1,106.9636,0.0429,,,88.609,93.197,97.786,102.375,106.964,111.552,116.141,120.73,125.319,lhfa-girls-zscore-expanded-tables (1).xlsx
LHFA,F,,1688,,1,106.9817,0.04291,,,88.619,93.21,97.801,102.391,106.982,111.572,116.163,120.753,125.344,lhfa-girls-zscore-expanded-tables (1).xlsx
LHFA,F,,1689,,1,106.9998,0.04291,,,88.634,93.226,97.817,102.408,107,111.591,116.183,120.774,125.365,lhfa-girls-zscore-expanded-tables (1).xlsx
LHFA,F,,1690,,1,107.0178,0.04292,,,88.645,93.238,97.831,102.425,107.018,111.611,116.204,120.797,125.391,lhfa-girls-zscore-expanded-tables (1).xlsx
LHFA,F,,1691,,1,107.0358,0.04292,,,88.66,93.254,97.848,102.442,107.036,111.63,116.224,120.818,125.412,lhfa-girls-zscore-expanded-tables (1).xlsx
LHFA,F,,1692,,1,107.0539,0.04292,,,88.675,93.27,97.864,102.459,107.054,111.649,116.243,120.838,125.433,lhfa-girls-zscore-expanded-tables (1).xlsx
LHFA,F,,1693,,1,107.0719,0.04293,,,88.686,93.282,97.879,102.475,107.072,111.668,116.265,120.862,125.458,lhfa-girls-zscore-expanded-tables (1).xlsx
LHFA,F,,1694,,1,107.0899,0.04293,,,88.7,93.298,97.895,102.493,107.09,111.687,116.285,120.882,125.479,lhfa-girls-zscore-expanded-tables (1).xlsx
LHFA,F,,1695,,1,107.1079,0.04294,,,88.711,93.31,97.909,102.509,107.108,111.707,116.306,120.906,125.505,lhfa-girls-zscore-expanded-tables (1).xlsx
LHFA,F,,1696,,1,107.126,0.04294,,,88.726,93.326,97.926,102.526,107.126,111.726,116.326,120.926,125.526,lhfa-girls-zscore-expanded-tables (1).xlsx
LHFA,F,,1697,,1,107.144,0.04294,,,88.741,93.342,97.942,102.543,107.144,111.745,116.346,120.946,125.547,lhfa-girls-zscore-expanded-tables (1).xlsx
LHFA,F,,1698,,1,107.162,0.04295,,,88.752,93.354,97.957,102.559,107.162,111.765,116.367,120.97,125.572,lhfa-girls-zscore-expanded-tables (1).xlsx
LHFA,F,,1699,,1,107.1799,0.04295,,,88.766,93.37,97.973,102.577,107.18,111.783,116.387,120.99,125.593,lhfa-girls-zscore-expanded-tables (1).xlsx
LHFA,F,,1700,,1,107.1979,0.04296,,,88.777,93.382,97.987,102.593,107.198,111.803,116.408,121.014,125.619,lhfa-girls-zscore-expanded-tables (1).xlsx
LHFA,F,,1701,,1,107.2159,0.04296,,,88.792,93.398,98.004,102.61,107.216,111.822,116.428,121.034,125.64,lhfa-girls-zscore-expanded-tables (1).xlsx
LHFA,F,,1702,,1,107.2339,0.04296,,,88.807,93.414,98.02,102.627,107.234,111.841,116.447,121.054,125.661,lhfa-girls-zscore-expanded-tables (1).xlsx
LHFA,F,,1703,,1,107.2519,0.04297,,,88.817,93.426,98.035,102.643,107.252,111.861,116.469,121.078,125.686,lhfa-girls-zscore-expanded-tables (1).xlsx
LHFA,F,,1704,,1,107.2698,0.04297,,,88.832,93.442,98.051,102.66,107.27,111.879,116.489,121.098,125.707,lhfa-girls-zscore-expanded-tables (1).xlsx
LHFA,F,,1705,,1,107.2878,0.04298,,,88.843,93.454,98.065,102.677,107.288,111.899,116.51,121.121,125.733,lhfa-girls-zscore-expanded-tables (1).xlsx
LHFA,F,,1706,,1,107.3057,0.04298,,,88.858,93.47,98.082,102.694,107.306,111.918,116.53,121.142,125.754,lhfa-girls-zscore-expanded-tables (1).xlsx
LHFA,F,,1707,,1,107.3237,0.04299,,,88.868,93.482,98.096,102.71,107.324,111.938,116.551,121.165,125.779,lhfa-girls-zscore-expanded-tables (1).xlsx
LHFA,F,,1708,,1,107.3416,0.04299,,,88.883,93.498,98.112,102.727,107.342,111.956,116.571,121.185,125.8,lhfa-girls-zscore-expanded-tables (1).xlsx
LHFA,F,,1709,,1,107.3596,0.04299,,,88.898,93.513,98.129,102.744,107.36,111.975,116.59,121.206,125.821,lhfa-girls-zscore-expanded-tables (1).xlsx
LHFA,F,,1710,,1,107.3775,0.043,,,88.909,93.526,98.143,102.76,107.378,111.995,116.612,121.229,125.846,lhfa-girls-zscore-expanded-tables (1).xlsx
LHFA,F,,1711,,1,107.3954,0.043,,,88.923,93.541,98.159,102.777,107.395,112.013,116.631,121.249,125.867,lhfa-girls-zscore-expanded-tables (1).xlsx
LHFA,F,,1712,,1,107.4133,0.04301,,,88.934,93.554,98.174,102.793,107.413,112.033,116.653,121.273,125.893,lhfa-girls-zscore-expanded-tables (1).xlsx
LHFA,F,,1713,,1,107.4312,0.04301,,,88.949,93.569,98.19,102.811,107.431,112.052,116.672,121.293,125.914,lhfa-girls-zscore-expanded-tables (1).xlsx
LHFA,F,,1714,,1,107.4492,0.04301,,,88.964,93.585,98.206,102.828,107.449,112.071,116.692,121.313,125.935,lhfa-girls-zscore-expanded-tables (1).xlsx
LHFA,F,,1715,,1,107.4671,0.04302,,,88.974,93.597,98.221,102.844,107.467,112.09,116.714,121.337,125.96,lhfa-girls-zscore-expanded-tables (1).xlsx
LHFA,F,,1716,,1,107.4849,0.04302,,,88.989,93.613,98.237,102.861,107.485,112.109,116.733,121.357,125.981,lhfa-girls-zscore-expanded-tables (1).xlsx
LHFA,F,,1717,,1,107.5028,0.04303,,,88.999,93.625,98.251,102.877,107.503,112.129,116.754,121.38,126.006,lhfa-girls-zscore-expanded-tables (1).xlsx
LHFA,F,,1718,,1,107.5207,0.04303,,,89.014,93.641,98.267,102.894,107.521,112.147,116.774,121.401,126.027,lhfa-girls-zscore-expanded-tables (1).xlsx
LHFA,F,,1719,,1,107.5386,0.04303,,,89.029,93.656,98.284,102.911,107.539,112.166,116.793,121.421,126.048,lhfa-girls-zscore-expanded-tables (1).xlsx
LHFA,F,,1720,,1,107.5565,0.04304,,,89.04,93.669,98.298,102.927,107.556,112.186,116.815,121.444,126.073,lhfa-girls-zscore-expanded-tables (1).xlsx
LHFA,F,,1721,,1,107.5743,0.04304,,,89.054,93.684,98.314,102.944,107.574,112.204,116.834,121.464,126.094,lhfa-girls-zscore-expanded-tables (1).xlsx
LHFA,F,,1722,,1,107.5922,0.04305,,,89.065,93.697,98.329,102.96,107.592,112.224,116.856,121.488,126.12,lhfa-girls-zscore-expanded-tables (1).xlsx
LHFA,F,,1723,,1,107.61,0.04305,,,89.08,93.712,98.345,102.977,107.61,112.243,116.875,121.508,126.14,lhfa-girls-zscore-expanded-tables (1).xlsx
LHFA,F,,1724,,1,107.6279,0.04305,,,89.094,93.728,98.361,102.995,107.628,112.261,116.895,121.528,126.161,lhfa-girls-zscore-expanded-tables (1).xlsx
LHFA,F,,1725,,1,107.6457,0.04306,,,89.105,93.74,98.375,103.01,107.646,112.281,116.916,121.551,126.187,lhfa-girls-zscore-expanded-tables (1).xlsx
LHFA,F,,1726,,1,107.6636,0.04306,,,89.12,93.756,98.392,103.028,107.664,112.3,116.936,121.572,126.208,lhfa-girls-zscore-expanded-tables (1).xlsx
LHFA,F,,1727,,1,107.6814,0.04307,,,89.13,93.768,98.406,103.044,107.681,112.319,116.957,121.595,126.233,lhfa-girls-zscore-expanded-tables (1).xlsx
LHFA,F,,1728,,1,107.6992,0.04307,,,89.145,93.783,98.422,103.061,107.699,112.338,116.976,121.615,126.254,lhfa-girls-zscore-expanded-tables (1).xlsx
LHFA,F,,1729,,1,107.717,0.04308,,,89.155,93.796,98.436,103.077,107.717,112.357,116.998,121.638,126.279,lhfa-girls-zscore-expanded-tables (1).xlsx
LHFA,F,,1730,,1,107.7349,0.04308,,,89.17,93.811,98.452,103.094,107.735,112.376,117.017,121.659,126.3,lhfa-girls-zscore-expanded-tables (1).xlsx
LHFA,F,,1731,,1,107.7527,0.04308,,,89.185,93.827,98.469,103.111,107.753,112.395,117.037,121.679,126.321,lhfa-girls-zscore-expanded-tables (1).xlsx
LHFA,F,,1732,,1,107.7705,0.04309,,,89.195,93.839,98.483,103.127,107.77,112.414,117.058,121.702,126.346,lhfa-girls-zscore-expanded-tables (1).xlsx
LHFA,F,,1733,,1,107.7883,0.04309,,,89.21,93.855,98.499,103.144,107.788,112.433,117.077,121.722,126.367,lhfa-girls-zscore-expanded-tables (1).xlsx
LHFA,F,,1734,,1,107.806,0.0431,,,89.22,93.867,98.513,103.16,107.806,112.452,117.099,121.745,126.392,lhfa-girls-zscore-expanded-tables (1).xlsx
LHFA,F,,1735,,1,107.8238,0.0431,,,89.235,93.882,98.529,103.177,107.824,112.471,117.118,121.765,126.413,lhfa-girls-zscore-expanded-tables (1).xlsx
LHFA,F,,1736,,1,107.8416,0.0431,,,89.25,93.898,98.546,103.194,107.842,112.49,117.138,121.786,126.433,lhfa-girls-zscore-expanded-tables (1).xlsx
LHFA,F,,1737,,1,107.8594,0.04311,,,89.26,93.91,98.56,103.21,107.859,112.509,117.159,121.809,126.459,lhfa-girls-zscore-expanded-tables (1).xlsx
LHFA,F,,1738,,1,107.8772,0.04311,,,89.275,93.925,98.576,103.227,107.877,112.528,117.178,121.829,126.48,lhfa-girls-zscore-expanded-tables (1).xlsx
LHFA,F,,1739,,1,107.8949,0.04312,,,89.285,93.938,98.59,103.242,107.895,112.547,117.2,121.852,126.505,lhfa-girls-zscore-expanded-tables (1).xlsx
LHFA,F,,1740,,1,107.9127,0.04312,,,89.3,93.953,98.606,103.26,107.913,112.566,117.219,121.872,126.525,lhfa-girls-zscore-expanded-tables (1).xlsx
LHFA,F,,1741,,1,107.9304,0.04312,,,89.315,93.969,98.622,103.276,107.93,112.584,117.238,121.892,126.546,lhfa-girls-zscore-expanded-tables (1).xlsx
LHFA,F,,1742,,1,107.9482,0.04313,,,89.325,93.981,98.637,103.292,107.948,112.604,117.26,121.916,126.571,lhfa-girls-zscore-expanded-tables (1).xlsx
LHFA,F,,1743,,1,107.9659,0.04313,,,89.34,93.996,98.653,103.309,107.966,112.622,117.279,121.936,126.592,lhfa-girls-zscore-expanded-tables (1).xlsx
LHFA,F,,1744,,1,107.9836,0.04314,,,89.35,94.008,98.667,103.325,107.984,112.642,117.3,121.959,126.617,lhfa-girls-zscore-expanded-tables (1).xlsx
LHFA,F,,1745,,1,108.0014,0.04314,,,89.365,94.024,98.683,103.342,108.001,112.661,117.32,121.979,126.638,lhfa-girls-zscore-expanded-tables (1).xlsx
LHFA,F,,1746,,1,108.0191,0.04314,,,89.379,94.039,98.699,103.359,108.019,112.679,117.339,121.999,126.659,lhfa-girls-zscore-expanded-tables (1).xlsx
LHFA,F,,1747,,1,108.0368,0.04315,,,89.39,94.051,98.713,103.375,108.037,112.699,117.36,122.022,126.684,lhfa-girls-zscore-expanded-tables (1).xlsx
LHFA,F,,1748,,1,108.0545,0.04315,,,89.404,94.067,98.729,103.392,108.054,112.717,117.38,122.042,126.705,lhfa-girls-zscore-expanded-tables (1).xlsx
LHFA,F,,1749,,1,108.0722,0.04316,,,89.415,94.079,98.743,103.408,108.072,112.737,117.401,122.065,126.73,lhfa-girls-zscore-expanded-tables (1).xlsx
LHFA,F,,1750,,1,108.0899,0.04316,,,89.429,94.094,98.76,103.425,108.09,112.755,117.42,122.085,126.751,lhfa-girls-zscore-expanded-tables (1).xlsx
LHFA,F,,1751,,1,108.1076,0.04316,,,89.444,94.11,98.776,103.442,108.108,112.774,117.439,122.105,126.771,lhfa-girls-zscore-expanded-tables (1).xlsx
LHFA,F,,1752,,1,108.1253,0.04317,,,89.454,94.122,98.79,103.458,108.125,112.793,117.461,122.129,126.796,lhfa-girls-zscore-expanded-tables (1).xlsx
LHFA,F,,1753,,1,108.143,0.04317,,,89.469,94.137,98.806,103.474,108.143,112.812,117.48,122.149,126.817,lhfa-girls-zscore-expanded-tables (1).xlsx
LHFA,F,,1754,,1,108.1607,0.04318,,,89.479,94.15,98.82,103.49,108.161,112.831,117.501,122.172,126.842,lhfa-girls-zscore-expanded-tables (1).xlsx
LHFA,F,,1755,,1,108.1783,0.04318,,,89.494,94.165,98.836,103.507,108.178,112.849,117.521,122.192,126.863,lhfa-girls-zscore-expanded-tables (1).xlsx
LHFA,F,,1756,,1,108.196,0.04318,,,89.508,94.18,98.852,103.524,108.196,112.868,117.54,122.212,126.884,lhfa-girls-zscore-expanded-tables (1).xlsx
LHFA,F,,1757,,1,108.2137,0.04319,,,89.519,94.192,98.866,103.54,108.214,112.887,117.561,122.235,126.909,lhfa-girls-zscore-expanded-tables (1).xlsx
LHFA,F,,1758,,1,108.2313,0.04319,,,89.533,94.208,98.882,103.557,108.231,112.906,117.58,122.255,126.929,lhfa-girls-zscore-expanded-tables (1).xlsx
LHFA,F,,1759,,1,108.249,0.0432,,,89.544,94.22,98.896,103.573,108.249,112.925,117.602,122.278,126.954,lhfa-girls-zscore-expanded-tables (1).xlsx
LHFA,F,,1760,,1,108.2666,0.0432,,,89.558,94.235,98.912,103.589,108.267,112.944,117.621,122.298,126.975,lhfa-girls-zscore-expanded-tables (1).xlsx
LHFA,F,,1761,,1,108.2842,0.04321,,,89.568,94.247,98.926,103.605,108.284,112.963,117.642,122.321,127,lhfa-girls-zscore-expanded-tables (1).xlsx
LHFA,F,,1762,,1,108.3019,0.04321,,,89.583,94.263,98.942,103.622,108.302,112.982,117.661,122.341,127.021,lhfa-girls-zscore-expanded-tables (1).xlsx
LHFA,F,,1763,,1,108.3195,0.04321,,,89.598,94.278,98.959,103.639,108.32,113,117.68,122.361,127.041,lhfa-girls-zscore-expanded-tables (1).xlsx
LHFA,F,,1764,,1,108.3371,0.04322,,,89.608,94.29,98.972,103.655,108.337,113.019,117.702,122.384,127.066,lhfa-girls-zscore-expanded-tables (1).xlsx
LHFA,F,,1765,,1,108.3547,0.04322,,,89.622,94.305,98.989,103.672,108.355,113.038,117.721,122.404,127.087,lhfa-girls-zscore-expanded-tables (1).xlsx
LHFA,F,,1766,,1,108.3723,0.04323,,,89.633,94.317,99.002,103.687,108.372,113.057,117.742,122.427,127.112,lhfa-girls-zscore-expanded-tables (1).xlsx
LHFA,F,,1767,,1,108.3899,0.04323,,,89.647,94.333,99.019,103.704,108.39,113.076,117.761,122.447,127.133,lhfa-girls-zscore-expanded-tables (1).xlsx
LHFA,F,,1768,,1,108.4075,0.04323,,,89.662,94.348,99.035,103.721,108.408,113.094,117.78,122.467,127.153,lhfa-girls-zscore-expanded-tables (1).xlsx
LHFA,F,,1769,,1,108.4251,0.04324,,,89.672,94.36,99.048,103.737,108.425,113.113,117.802,122.49,127.178,lhfa-girls-zscore-expanded-tables (1).xlsx
LHFA,F,,1770,,1,108.4427,0.04324,,,89.686,94.376,99.065,103.754,108.443,113.132,117.821,122.51,127.199,lhfa-girls-zscore-expanded-tables (1).xlsx
LHFA,F,,1771,,1,108.4603,0.04325,,,89.697,94.388,99.078,103.769,108.46,113.151,117.842,122.533,127.224,lhfa-girls-zscore-expanded-tables (1).xlsx
LHFA,F,,1772,,1,108.4779,0.04325,,,89.711,94.403,99.095,103.786,108.478,113.17,117.861,122.553,127.245,lhfa-girls-zscore-expanded-tables (1).xlsx
LHFA,F,,1773,,1,108.4954,0.04325,,,89.726,94.418,99.111,103.803,108.495,113.188,117.88,122.573,127.265,lhfa-girls-zscore-expanded-tables (1).xlsx
LHFA,F,,1774,,1,108.513,0.04326,,,89.736,94.43,99.124,103.819,108.513,113.207,117.902,122.596,127.29,lhfa-girls-zscore-expanded-tables (1).xlsx
LHFA,F,,1775,,1,108.5306,0.04326,,,89.75,94.445,99.141,103.836,108.531,113.226,117.921,122.616,127.311,lhfa-girls-zscore-expanded-tables (1).xlsx
LHFA,F,,1776,,1,108.5481,0.04327,,,89.761,94.457,99.154,103.851,108.548,113.245,117.942,122.639,127.336,lhfa-girls-zscore-expanded-tables (1).xlsx
LHFA,F,,1777,,1,108.5657,0.04327,,,89.775,94.473,99.17,103.868,108.566,113.263,117.961,122.659,127.356,lhfa-girls-zscore-expanded-tables (1).xlsx
LHFA,F,,1778,,1,108.5832,0.04327,,,89.79,94.488,99.186,103.885,108.583,113.282,117.98,122.678,127.377,lhfa-girls-zscore-expanded-tables (1).xlsx
LHFA,F,,1779,,1,108.6008,0.04328,,,89.8,94.5,99.2,103.901,108.601,113.301,118.001,122.702,127.402,lhfa-girls-zscore-expanded-tables (1).xlsx
LHFA,F,,1780,,1,108.6183,0.04328,,,89.814,94.515,99.216,103.917,108.618,113.319,118.02,122.721,127.422,lhfa-girls-zscore-expanded-tables (1).xlsx
LHFA,F,,1781,,1,108.6358,0.04329,,,89.824,94.527,99.23,103.933,108.636,113.339,118.041,122.744,127.447,lhfa-girls-zscore-expanded-tables (1).xlsx
LHFA,F,,1782,,1,108.6533,0.04329,,,89.839,94.542,99.246,103.95,108.653,113.357,118.061,122.764,127.468,lhfa-girls-zscore-expanded-tables (1).xlsx
LHFA,F,,1783,,1,108.6709,0.04329,,,89.853,94.558,99.262,103.967,108.671,113.375,118.08,122.784,127.488,lhfa-girls-zscore-expanded-tables (1).xlsx
LHFA,F,,1784,,1,108.6884,0.0433,,,89.864,94.57,99.276,103.982,108.688,113.395,118.101,122.807,127.513,lhfa-girls-zscore-expanded-tables (1).xlsx
LHFA,F,,1785,,1,108.7059,0.0433,,,89.878,94.585,99.292,103.999,108.706,113.413,118.12,122.827,127.534,lhfa-girls-zscore-expanded-tables (1).xlsx
LHFA,F,,1786,,1,108.7234,0.04331,,,89.888,94.597,99.306,104.015,108.723,113.432,118.141,122.85,127.559,lhfa-girls-zscore-expanded-tables (1).xlsx
LHFA,F,,1787,,1,108.7409,0.04331,,,89.903,94.612,99.322,104.031,108.741,113.45,118.16,122.87,127.579,lhfa-girls-zscore-expanded-tables (1).xlsx
LHFA,F,,1788,,1,108.7583,0.04331,,,89.917,94.627,99.338,104.048,108.758,113.469,118.179,122.889,127.6,lhfa-girls-zscore-expanded-tables (1).xlsx
LHFA,F,,1789,,1,108.7758,0.04332,,,89.927,94.639,99.351,104.064,108.776,113.488,118.2,122.912,127.624,lhfa-girls-zscore-expanded-tables (1).xlsx
LHFA,F,,1790,,1,108.7933,0.04332,,,89.942,94.655,99.367,104.08,108.793,113.506,118.219,122.932,127.645,lhfa-girls-zscore-expanded-tables (1).xlsx
LHFA,F,,1791,,1,108.8108,0.04333,,,89.952,94.666,99.381,104.096,108.811,113.526,118.24,122.955,127.67,lhfa-girls-zscore-expanded-tables (1).xlsx
LHFA,F,,1792,,1,108.8282,0.04333,,,89.966,94.682,99.397,104.113,108.828,113.544,118.259,122.975,127.69,lhfa-girls-zscore-expanded-tables (1).xlsx
LHFA,F,,1793,,1,108.8457,0.04333,,,89.981,94.697,99.413,104.129,108.846,113.562,118.278,122.995,127.711,lhfa-girls-zscore-expanded-tables (1).xlsx
LHFA,F,,1794,,1,108.8632,0.04334,,,89.991,94.709,99.427,104.145,108.863,113.581,118.299,123.018,127.736,lhfa-girls-zscore-expanded-tables (1).xlsx
LHFA,F,,1795,,1,108.8806,0.04334,,,90.005,94.724,99.443,104.162,108.881,113.599,118.318,123.037,127.756,lhfa-girls-zscore-expanded-tables (1).xlsx
LHFA,F,,1796,,1,108.8981,0.04335,,,90.015,94.736,99.457,104.177,108.898,113.619,118.34,123.06,127.781,lhfa-girls-zscore-expanded-tables (1).xlsx
LHFA,F,,1797,,1,108.9155,0.04335,,,90.03,94.751,99.473,104.194,108.916,113.637,118.358,123.08,127.801,lhfa-girls-zscore-expanded-tables (1).xlsx
LHFA,F,,1798,,1,108.9329,0.04335,,,90.044,94.766,99.488,104.211,108.933,113.655,118.377,123.1,127.822,lhfa-girls-zscore-expanded-tables (1).xlsx
LHFA,F,,1799,,1,108.9504,0.04336,,,90.054,94.778,99.502,104.226,108.95,113.674,118.399,123.123,127.847,lhfa-girls-zscore-expanded-tables (1).xlsx
LHFA,F,,1800,,1,108.9678,0.04336,,,90.068,94.793,99.518,104.243,108.968,113.693,118.417,123.142,127.867,lhfa-girls-zscore-expanded-tables (1).xlsx
LHFA,F,,1801,,1,108.9852,0.04337,,,90.078,94.805,99.532,104.259,108.985,113.712,118.439,123.165,127.892,lhfa-girls-zscore-expanded-tables (1).xlsx
LHFA,F,,1802,,1,109.0026,0.04337,,,90.093,94.82,99.548,104.275,109.003,113.73,118.457,123.185,127.912,lhfa-girls-zscore-expanded-tables (1).xlsx
LHFA,F,,1803,,1,109.02,0.04337,,,90.107,94.835,99.564,104.292,109.02,113.748,118.476,123.205,127.933,lhfa-girls-zscore-expanded-tables (1).xlsx
LHFA,F,,1804,,1,109.0374,0.04338,,,90.117,94.847,99.577,104.307,109.037,113.767,118.497,123.228,127.958,lhfa-girls-zscore-expanded-tables (1).xlsx
LHFA,F,,1805,,1,109.0548,0.04338,,,90.132,94.862,99.593,104.324,109.055,113.786,118.516,123.247,127.978,lhfa-girls-zscore-expanded-tables (1).xlsx
LHFA,F,,1806,,1,109.0722,0.04339,,,90.142,94.874,99.607,104.34,109.072,113.805,118.537,123.27,128.003,lhfa-girls-zscore-expanded-tables (1).xlsx
LHFA,F,,1807,,1,109.0896,0.04339,,,90.156,94.889,99.623,104.356,109.09,113.823,118.556,123.29,128.023,lhfa-girls-zscore-expanded-tables (1).xlsx
LHFA,F,,1808,,1,109.107,0.04339,,,90.17,94.905,99.639,104.373,109.107,113.841,118.575,123.309,128.044,lhfa-girls-zscore-expanded-tables (1).xlsx
LHFA,F,,1809,,1,109.1244,0.0434,,,90.18,94.916,99.652,104.388,109.124,113.86,118.596,123.332,128.068,lhfa-girls-zscore-expanded-tables (1).xlsx
LHFA,F,,1810,,1,109.1417,0.0434,,,90.195,94.931,99.668,104.405,109.142,113.878,118.615,123.352,128.089,lhfa-girls-zscore-expanded-tables (1).xlsx
LHFA,F,,1811,,1,109.1591,0.04341,,,90.205,94.943,99.682,104.421,109.159,113.898,118.636,123.375,128.113,lhfa-girls-zscore-expanded-tables (1).xlsx
LHFA,F,,1812,,1,109.1764,0.04341,,,90.219,94.958,99.698,104.437,109.176,113.916,118.655,123.394,128.134,lhfa-girls-zscore-expanded-tables (1).xlsx
LHFA,F,,1813,,1,109.1938,0.04341,,,90.233,94.973,99.714,104.454,109.194,113.934,118.674,123.414,128.154,lhfa-girls-zscore-expanded-tables (1).xlsx
LHFA,F,,1814,,1,109.2112,0.04342,,,90.243,94.985,99.727,104.469,109.211,113.953,118.695,123.437,128.179,lhfa-girls-zscore-expanded-tables (1).xlsx
LHFA,F,,1815,,1,109.2285,0.04342,,,90.258,95,99.743,104.486,109.228,113.971,118.714,123.457,128.199,lhfa-girls-zscore-expanded-tables (1).xlsx
LHFA,F,,1816,,1,109.2458,0.04343,,,90.268,95.012,99.757,104.501,109.246,113.99,118.735,123.479,128.224,lhfa-girls-zscore-expanded-tables (1).xlsx
LHFA,F,,1817,,1,109.2632,0.04343,,,90.282,95.027,99.773,104.518,109.263,114.009,118.754,123.499,128.244,lhfa-girls-zscore-expanded-tables (1).xlsx
LHFA,F,,1818,,1,109.2805,0.04343,,,90.296,95.042,99.788,104.534,109.28,114.027,118.773,123.519,128.265,lhfa-girls-zscore-expanded-tables (1).xlsx
LHFA,F,,1819,,1,109.2978,0.04344,,,90.306,95.054,99.802,104.55,109.298,114.046,118.794,123.541,128.289,lhfa-girls-zscore-expanded-tables (1).xlsx
LHFA,F,,1820,,1,109.3151,0.04344,,,90.321,95.069,99.818,104.566,109.315,114.064,118.812,123.561,128.31,lhfa-girls-zscore-expanded-tables (1).xlsx
LHFA,F,,1821,,1,109.3324,0.04345,,,90.33,95.081,99.831,104.582,109.332,114.083,118.833,123.584,128.334,lhfa-girls-zscore-expanded-tables (1).xlsx
LHFA,F,,1822,,1,109.3498,0.04345,,,90.345,95.096,99.847,104.599,109.35,114.101,118.852,123.604,128.355,lhfa-girls-zscore-expanded-tables (1).xlsx
LHFA,F,,1823,,1,109.3671,0.04345,,,90.359,95.111,99.863,104.615,109.367,114.119,118.871,123.623,128.375,lhfa-girls-zscore-expanded-tables (1).xlsx
LHFA,F,,1824,,1,109.3844,0.04346,,,90.369,95.123,99.877,104.631,109.384,114.138,118.892,123.646,128.4,lhfa-girls-zscore-expanded-tables (1).xlsx
LHFA,F,,1825,,1,109.4016,0.04346,,,90.383,95.138,99.892,104.647,109.402,114.156,118.911,123.665,128.42,lhfa-girls-zscore-expanded-tables (1).xlsx
LHFA,F,,1826,,1,109.4189,0.04346,,,90.398,95.153,99.908,104.664,109.419,114.174,118.93,123.685,128.44,lhfa-girls-zscore-expanded-tables (1).xlsx
LHFA,F,,1827,,1,109.4362,0.04347,,,90.407,95.165,99.922,104.679,109.436,114.193,118.951,123.708,128.465,lhfa-girls-zscore-expanded-tables (1).xlsx
LHFA,F,,1828,,1,109.4535,0.04347,,,90.422,95.18,99.938,104.696,109.454,114.211,118.969,123.727,128.485,lhfa-girls-zscore-expanded-tables (1).xlsx
LHFA,F,,1829,,1,109.4708,0.04348,,,90.432,95.191,99.951,104.711,109.471,114.231,118.99,123.75,128.51,lhfa-girls-zscore-expanded-tables (1).xlsx
LHFA,F,,1830,,1,109.488,0.04348,,,90.446,95.206,99.967,104.727,109.488,114.249,119.009,123.77,128.53,lhfa-girls-zscore-expanded-tables (1).xlsx
LHFA,F,,1831,,1,109.5053,0.04348,,,90.46,95.221,99.983,104.744,109.505,114.267,119.028,123.789,128.55,lhfa-girls-zscore-expanded-tables (1).xlsx
LHFA,F,,1832,,1,109.5225,0.04349,,,90.47,95.233,99.996,104.759,109.522,114.286,119.049,123.812,128.575,lhfa-girls-zscore-expanded-tables (1).xlsx
LHFA,F,,1833,,1,109.5398,0.04349,,,90.484,95.248,100.012,104.776,109.54,114.304,119.068,123.831,128.595,lhfa-girls-zscore-expanded-tables (1).xlsx
LHFA,F,,1834,,1,109.557,0.0435,,,90.494,95.26,100.026,104.791,109.557,114.323,119.088,123.854,128.62,lhfa-girls-zscore-expanded-tables (1).xlsx
LHFA,F,,1835,,1,109.5743,0.0435,,,90.508,95.275,100.041,104.808,109.574,114.341,119.107,123.874,128.64,lhfa-girls-zscore-expanded-tables (1).xlsx
LHFA,F,,1836,,1,109.5915,0.0435,,,90.523,95.29,100.057,104.824,109.592,114.359,119.126,123.893,128.66,lhfa-girls-zscore-expanded-tables (1).xlsx
LHFA,F,,1837,,1,109.6088,0.04351,,,90.532,95.302,100.071,104.84,109.609,114.378,119.147,123.916,128.685,lhfa-girls-zscore-expanded-tables (1).xlsx
LHFA,F,,1838,,1,109.626,0.04351,,,90.547,95.317,100.086,104.856,109.626,114.396,119.166,123.935,128.705,lhfa-girls-zscore-expanded-tables (1).xlsx
LHFA,F,,1839,,1,109.6432,0.04352,,,90.557,95.328,100.1,104.872,109.643,114.415,119.187,123.958,128.73,lhfa-girls-zscore-expanded-tables (1).xlsx
LHFA,F,,1840,,1,109.6604,0.04352,,,90.571,95.343,100.116,104.888,109.66,114.433,119.205,123.978,128.75,lhfa-girls-zscore-expanded-tables (1).xlsx
LHFA,F,,1841,,1,109.6776,0.04352,,,90.585,95.358,100.131,104.904,109.678,114.451,119.224,123.997,128.77,lhfa-girls-zscore-expanded-tables (1).xlsx
LHFA,F,,1842,,1,109.6948,0.04353,,,90.595,95.37,100.145,104.92,109.695,114.47,119.245,124.02,128.795,lhfa-girls-zscore-expanded-tables (1).xlsx
LHFA,F,,1843,,1,109.712,0.04353,,,90.609,95.385,100.16,104.936,109.712,114.488,119.264,124.039,128.815,lhfa-girls-zscore-expanded-tables (1).xlsx
LHFA,F,,1844,,1,109.7292,0.04354,,,90.619,95.396,100.174,104.952,109.729,114.507,119.284,124.062,128.84,lhfa-girls-zscore-expanded-tables (1).xlsx
LHFA,F,,1845,,1,109.7464,0.04354,,,90.633,95.411,100.19,104.968,109.746,114.525,119.303,124.081,128.86,lhfa-girls-zscore-expanded-tables (1).xlsx
LHFA,F,,1846,,1,109.7636,0.04354,,,90.647,95.426,100.205,104.984,109.764,114.543,119.322,124.101,128.88,lhfa-girls-zscore-expanded-tables (1).xlsx
LHFA,F,,1847,,1,109.7808,0.04355,,,90.657,95.438,100.219,105,109.781,114.562,119.343,124.124,128.905,lhfa-girls-zscore-expanded-tables (1).xlsx
LHFA,F,,1848,,1,109.798,0.04355,,,90.671,95.453,100.235,105.016,109.798,114.58,119.361,124.143,128.925,lhfa-girls-zscore-expanded-tables (1).xlsx
LHFA,F,,1849,,1,109.8151,0.04356,,,90.681,95.464,100.248,105.032,109.815,114.599,119.382,124.166,128.949,lhfa-girls-zscore-expanded-tables (1).xlsx
LHFA,F,,1850,,1,109.8323,0.04356,,,90.695,95.479,100.264,105.048,109.832,114.617,119.401,124.185,128.969,lhfa-girls-zscore-expanded-tables (1).xlsx
LHFA,F,,1851,,1,109.8494,0.04356,,,90.709,95.494,100.279,105.064,109.849,114.634,119.419,124.205,128.99,lhfa-girls-zscore-expanded-tables (1).xlsx
LHFA,F,,1852,,1,109.8666,0.04357,,,90.719,95.506,100.293,105.08,109.867,114.653,119.44,124.227,129.014,lhfa-girls-zscore-expanded-tables (1).xlsx
LHFA,F,,1853,,1,109.8837,0.04357,,,90.733,95.521,100.308,105.096,109.884,114.671,119.459,124.247,129.034,lhfa-girls-zscore-expanded-tables (1).xlsx
LHFA,F,,1854,,1,109.9009,0.04358,,,90.743,95.532,100.322,105.111,109.901,114.69,119.48,124.269,129.059,lhfa-girls-zscore-expanded-tables (1).xlsx
LHFA,F,,1855,,1,109.918,0.04358,,,90.757,95.547,100.338,105.128,109.918,114.708,119.498,124.289,129.079,lhfa-girls-zscore-expanded-tables (1).xlsx
LHFA,F,,1856,,1,109.9352,0.04358,,,90.771,95.562,100.353,105.144,109.935,114.726,119.517,124.308,129.099,lhfa-girls-zscore-expanded-tables (1).xlsx
BMI,M,61,,,-0.7387,15.2641,0.0839,,,11.204,12.118,13.031,14.071,15.264,16.645,18.259,20.166,22.072,bmi-boys-z-who-2007-exp (1).xlsx
BMI,M,62,,,-0.7621,15.2616,0.08414,,,11.204,12.115,13.027,14.066,15.262,16.648,18.273,20.2,22.127,bmi-boys-z-who-2007-exp (1).xlsx
BMI,M,63,,,-0.7856,15.2604,0.08439,,,11.204,12.114,13.024,14.063,15.26,16.653,18.29,20.238,22.186,bmi-boys-z-who-2007-exp (1).xlsx
BMI,M,64,,,-0.8089,15.2605,0.08464,,,11.205,12.114,13.022,14.061,15.26,16.659,18.308,20.277,22.247,bmi-boys-z-who-2007-exp (1).xlsx
BMI,M,65,,,-0.8322,15.2619,0.0849,,,11.207,12.114,13.021,14.06,15.262,16.667,18.328,20.32,22.312,bmi-boys-z-who-2007-exp (1).xlsx
BMI,M,66,,,-0.8554,15.2645,0.08516,,,11.21,12.115,13.021,14.06,15.264,16.676,18.35,20.365,22.38,bmi-boys-z-who-2007-exp (1).xlsx
BMI,M,67,,,-0.8785,15.2684,0.08543,,,11.213,12.117,13.021,14.061,15.268,16.686,18.374,20.413,22.452,bmi-boys-z-who-2007-exp (1).xlsx
BMI,M,68,,,-0.9015,15.2737,0.0857,,,11.218,12.121,13.023,14.063,15.274,16.699,18.399,20.463,22.526,bmi-boys-z-who-2007-exp (1).xlsx
BMI,M,69,,,-0.9243,15.2801,0.08597,,,11.223,12.125,13.026,14.067,15.28,16.712,18.427,20.515,22.604,bmi-boys-z-who-2007-exp (1).xlsx
BMI,M,70,,,-0.9471,15.2877,0.08625,,,11.228,12.129,13.03,14.071,15.288,16.727,18.456,20.571,22.685,bmi-boys-z-who-2007-exp (1).xlsx
BMI,M,71,,,-0.9697,15.2965,0.08653,,,11.235,12.135,13.035,14.077,15.296,16.743,18.487,20.628,22.77,bmi-boys-z-who-2007-exp (1).xlsx
BMI,M,72,,,-0.9921,15.3062,0.08682,,,11.242,12.141,13.04,14.083,15.306,16.761,18.52,20.689,22.858,bmi-boys-z-who-2007-exp (1).xlsx
BMI,M,73,,,-1.0144,15.3169,0.08711,,,11.249,12.148,13.047,14.09,15.317,16.78,18.554,20.751,22.948,bmi-boys-z-who-2007-exp (1).xlsx
BMI,M,74,,,-1.0365,15.3285,0.08741,,,11.257,12.155,13.053,14.098,15.328,16.799,18.589,20.816,23.043,bmi-boys-z-who-2007-exp (1).xlsx
BMI,M,75,,,-1.0584,15.3408,0.08771,,,11.265,12.163,13.061,14.107,15.341,16.82,18.626,20.883,23.139,bmi-boys-z-who-2007-exp (1).xlsx
BMI,M,76,,,-1.0801,15.354,0.08802,,,11.274,12.171,13.069,14.116,15.354,16.842,18.665,20.952,23.24,bmi-boys-z-who-2007-exp (1).xlsx
BMI,M,77,,,-1.1017,15.3679,0.08833,,,11.283,12.18,13.077,14.126,15.368,16.864,18.704,21.023,23.343,bmi-boys-z-who-2007-exp (1).xlsx
BMI,M,78,,,-1.123,15.3825,0.08865,,,11.292,12.189,13.086,14.136,15.382,16.888,18.745,21.097,23.449,bmi-boys-z-who-2007-exp (1).xlsx
BMI,M,79,,,-1.1441,15.3978,0.08898,,,11.301,12.198,13.095,14.147,15.398,16.913,18.788,21.174,23.559,bmi-boys-z-who-2007-exp (1).xlsx
BMI,M,80,,,-1.1649,15.4137,0.08931,,,11.311,12.208,13.105,14.158,15.414,16.938,18.831,21.251,23.672,bmi-boys-z-who-2007-exp (1).xlsx
BMI,M,81,,,-1.1856,15.4302,0.08964,,,11.321,12.218,13.115,14.17,15.43,16.964,18.876,21.331,23.786,bmi-boys-z-who-2007-exp (1).xlsx
BMI,M,82,,,-1.206,15.4473,0.08998,,,11.331,12.228,13.126,14.183,15.447,16.991,18.922,21.413,23.905,bmi-boys-z-who-2007-exp (1).xlsx
BMI,M,83,,,-1.2261,15.465,0.09033,,,11.341,12.239,13.136,14.195,15.465,17.019,18.969,21.498,24.027,bmi-boys-z-who-2007-exp (1).xlsx
BMI,M,84,,,-1.246,15.4832,0.09068,,,11.351,12.25,13.148,14.209,15.483,17.047,19.017,21.584,24.152,bmi-boys-z-who-2007-exp (1).xlsx
BMI,M,85,,,-1.2656,15.5019,0.09103,,,11.362,12.261,13.159,14.222,15.502,17.076,19.066,21.672,24.279,bmi-boys-z-who-2007-exp (1).xlsx
BMI,M,86,,,-1.2849,15.521,0.09139,,,11.373,12.272,13.171,14.236,15.521,17.106,19.116,21.763,24.409,bmi-boys-z-who-2007-exp (1).xlsx
BMI,M,87,,,-1.304,15.5407,0.09176,,,11.384,12.283,13.183,14.25,15.541,17.136,19.168,21.856,24.544,bmi-boys-z-who-2007-exp (1).xlsx
BMI,M,88,,,-1.3228,15.5608,0.09213,,,11.395,12.295,13.195,14.265,15.561,17.167,19.22,21.95,24.681,bmi-boys-z-who-2007-exp (1).xlsx
BMI,M,89,,,-1.3414,15.5814,0.09251,,,11.406,12.307,13.208,14.28,15.581,17.199,19.274,22.048,24.822,bmi-boys-z-who-2007-exp (1).xlsx
BMI,M,90,,,-1.3596,15.6023,0.09289,,,11.417,12.319,13.221,14.295,15.602,17.231,19.328,22.147,24.966,bmi-boys-z-who-2007-exp (1).xlsx
BMI,M,91,,,-1.3776,15.6237,0.09327,,,11.428,12.331,13.234,14.311,15.624,17.264,19.383,22.247,25.112,bmi-boys-z-who-2007-exp (1).xlsx
BMI,M,92,,,-1.3953,15.6455,0.09366,,,11.44,12.343,13.247,14.327,15.646,17.297,19.44,22.351,25.262,bmi-boys-z-who-2007-exp (1).xlsx
BMI,M,93,,,-1.4126,15.6677,0.09406,,,11.451,12.356,13.26,14.343,15.668,17.331,19.497,22.457,25.416,bmi-boys-z-who-2007-exp (1).xlsx
BMI,M,94,,,-1.4297,15.6903,0.09445,,,11.463,12.368,13.274,14.36,15.69,17.366,19.555,22.563,25.571,bmi-boys-z-who-2007-exp (1).xlsx
BMI,M,95,,,-1.4464,15.7133,0.09486,,,11.474,12.381,13.288,14.377,15.713,17.401,19.615,22.673,25.732,bmi-boys-z-who-2007-exp (1).xlsx
BMI,M,96,,,-1.4629,15.7368,0.09526,,,11.486,12.394,13.302,14.394,15.737,17.437,19.675,22.785,25.895,bmi-boys-z-who-2007-exp (1).xlsx
BMI,M,97,,,-1.479,15.7606,0.09567,,,11.498,12.407,13.317,14.412,15.761,17.473,19.736,22.899,26.061,bmi-boys-z-who-2007-exp (1).xlsx
BMI,M,98,,,-1.4947,15.7848,0.09609,,,11.51,12.42,13.331,14.429,15.785,17.51,19.798,23.015,26.232,bmi-boys-z-who-2007-exp (1).xlsx
BMI,M,99,,,-1.5101,15.8094,0.09651,,,11.521,12.434,13.346,14.447,15.809,17.548,19.862,23.134,26.406,bmi-boys-z-who-2007-exp (1).xlsx
BMI,M,100,,,-1.5252,15.8344,0.09693,,,11.534,12.447,13.361,14.466,15.834,17.586,19.926,23.254,26.582,bmi-boys-z-who-2007-exp (1).xlsx
BMI,M,101,,,-1.5399,15.8597,0.09735,,,11.546,12.461,13.376,14.484,15.86,17.624,19.99,23.376,26.761,bmi-boys-z-who-2007-exp (1).xlsx
BMI,M,102,,,-1.5542,15.8855,0.09778,,,11.558,12.475,13.392,14.503,15.886,17.663,20.056,23.5,26.945,bmi-boys-z-who-2007-exp (1).xlsx
BMI,M,103,,,-1.5681,15.9116,0.09821,,,11.57,12.489,13.408,14.523,15.912,17.702,20.123,23.627,27.131,bmi-boys-z-who-2007-exp (1).xlsx
BMI,M,104,,,-1.5817,15.9381,0.09864,,,11.583,12.503,13.424,14.542,15.938,17.742,20.19,23.755,27.32,bmi-boys-z-who-2007-exp (1).xlsx
BMI,M,105,,,-1.5948,15.9651,0.09907,,,11.595,12.518,13.44,14.562,15.965,17.783,20.258,23.885,27.511,bmi-boys-z-who-2007-exp (1).xlsx
BMI,M,106,,,-1.6076,15.9925,0.09951,,,11.608,12.532,13.456,14.582,15.992,17.824,20.327,24.018,27.708,bmi-boys-z-who-2007-exp (1).xlsx
BMI,M,107,,,-1.6199,16.0205,0.09994,,,11.621,12.547,13.473,14.603,16.02,17.866,20.397,24.151,27.905,bmi-boys-z-who-2007-exp (1).xlsx
BMI,M,108,,,-1.6318,16.049,0.10038,,,11.634,12.562,13.491,14.624,16.049,17.908,20.468,24.288,28.107,bmi-boys-z-who-2007-exp (1).xlsx
BMI,M,109,,,-1.6433,16.0781,0.10082,,,11.647,12.578,13.508,14.646,16.078,17.952,20.54,24.426,28.312,bmi-boys-z-who-2007-exp (1).xlsx
BMI,M,110,,,-1.6544,16.1078,0.10126,,,11.661,12.594,13.526,14.668,16.108,17.996,20.613,24.567,28.52,bmi-boys-z-who-2007-exp (1).xlsx
BMI,M,111,,,-1.6651,16.1381,0.1017,,,11.675,12.61,13.545,14.691,16.138,18.04,20.687,24.709,28.731,bmi-boys-z-who-2007-exp (1).xlsx
BMI,M,112,,,-1.6753,16.1692,0.10214,,,11.689,12.626,13.564,14.714,16.169,18.086,20.763,24.854,28.945,bmi-boys-z-who-2007-exp (1).xlsx
BMI,M,113,,,-1.6851,16.2009,0.10259,,,11.703,12.643,13.583,14.738,16.201,18.132,20.839,25.001,29.163,bmi-boys-z-who-2007-exp (1).xlsx
BMI,M,114,,,-1.6944,16.2333,0.10303,,,11.718,12.661,13.603,14.763,16.233,18.179,20.916,25.149,29.382,bmi-boys-z-who-2007-exp (1).xlsx
BMI,M,115,,,-1.7032,16.2665,0.10347,,,11.733,12.679,13.624,14.788,16.266,18.227,20.994,25.299,29.604,bmi-boys-z-who-2007-exp (1).xlsx
BMI,M,116,,,-1.7116,16.3004,0.10391,,,11.749,12.697,13.645,14.814,16.3,18.276,21.074,25.451,29.828,bmi-boys-z-who-2007-exp (1).xlsx
BMI,M,117,,,-1.7196,16.3351,0.10435,,,11.765,12.716,13.667,14.84,16.335,18.326,21.154,25.605,30.055,bmi-boys-z-who-2007-exp (1).xlsx
BMI,M,118,,,-1.7271,16.3704,0.10478,,,11.781,12.735,13.689,14.867,16.37,18.376,21.234,25.758,30.282,bmi-boys-z-who-2007-exp (1).xlsx
BMI,M,119,,,-1.7341,16.4065,0.10522,,,11.798,12.755,13.712,14.895,16.406,18.428,21.317,25.915,30.513,bmi-boys-z-who-2007-exp (1).xlsx
BMI,M,120,,,-1.7407,16.4433,0.10566,,,11.815,12.775,13.735,14.923,16.443,18.48,21.4,26.073,30.746,bmi-boys-z-who-2007-exp (1).xlsx
BMI,M,121,,,-1.7468,16.4807,0.10609,,,11.832,12.796,13.759,14.952,16.481,18.532,21.483,26.231,30.979,bmi-boys-z-who-2007-exp (1).xlsx
BMI,M,122,,,-1.7525,16.5189,0.10652,,,11.85,12.817,13.784,14.982,16.519,18.586,21.568,26.391,31.213,bmi-boys-z-who-2007-exp (1).xlsx
BMI,M,123,,,-1.7578,16.5578,0.10695,,,11.868,12.838,13.808,15.012,16.558,18.64,21.653,26.552,31.45,bmi-boys-z-who-2007-exp (1).xlsx
BMI,M,124,,,-1.7626,16.5974,0.10738,,,11.886,12.86,13.834,15.043,16.597,18.696,21.739,26.714,31.688,bmi-boys-z-who-2007-exp (1).xlsx
BMI,M,125,,,-1.767,16.6376,0.1078,,,11.905,12.882,13.86,15.074,16.638,18.751,21.826,26.875,31.925,bmi-boys-z-who-2007-exp (1).xlsx
BMI,M,126,,,-1.771,16.6786,0.10823,,,11.924,12.905,13.886,15.106,16.679,18.808,21.914,27.04,32.166,bmi-boys-z-who-2007-exp (1).xlsx
BMI,M,127,,,-1.7745,16.7203,0.10865,,,11.943,12.928,13.913,15.139,16.72,18.865,22.002,27.204,32.405,bmi-boys-z-who-2007-exp (1).xlsx
BMI,M,128,,,-1.7777,16.7628,0.10906,,,11.964,12.952,13.941,15.172,16.763,18.923,22.09,27.367,32.643,bmi-boys-z-who-2007-exp (1).xlsx
BMI,M,129,,,-1.7804,16.8059,0.10948,,,11.984,12.976,13.969,15.206,16.806,18.982,22.18,27.533,32.885,bmi-boys-z-who-2007-exp (1).xlsx
BMI,M,130,,,-1.7828,16.8497,0.10989,,,12.004,13.001,13.998,15.241,16.85,19.042,22.271,27.698,33.125,bmi-boys-z-who-2007-exp (1).xlsx
BMI,M,131,,,-1.7847,16.8941,0.1103,,,12.025,13.026,14.027,15.276,16.894,19.102,22.362,27.863,33.365,bmi-boys-z-who-2007-exp (1).xlsx
BMI,M,132,,,-1.7862,16.9392,0.1107,,,12.046,13.051,14.056,15.312,16.939,19.163,22.452,28.027,33.602,bmi-boys-z-who-2007-exp (1).xlsx
BMI,M,133,,,-1.7873,16.985,0.1111,,,12.068,13.077,14.087,15.348,16.985,19.224,22.544,28.192,33.839,bmi-boys-z-who-2007-exp (1).xlsx
BMI,M,134,,,-1.7881,17.0314,0.1115,,,12.09,13.103,14.117,15.385,17.031,19.287,22.637,28.357,34.077,bmi-boys-z-who-2007-exp (1).xlsx
BMI,M,135,,,-1.7884,17.0784,0.11189,,,12.112,13.13,14.148,15.422,17.078,19.349,22.729,28.52,34.311,bmi-boys-z-who-2007-exp (1).xlsx
BMI,M,136,,,-1.7884,17.1262,0.11228,,,12.134,13.157,14.18,15.461,17.126,19.413,22.822,28.684,34.545,bmi-boys-z-who-2007-exp (1).xlsx
BMI,M,137,,,-1.788,17.1746,0.11266,,,12.157,13.185,14.212,15.499,17.175,19.477,22.915,28.846,34.776,bmi-boys-z-who-2007-exp (1).xlsx
BMI,M,138,,,-1.7873,17.2236,0.11304,,,12.181,13.213,14.245,15.539,17.224,19.542,23.009,29.008,35.006,bmi-boys-z-who-2007-exp (1).xlsx
BMI,M,139,,,-1.7861,17.2734,0.11342,,,12.204,13.241,14.278,15.578,17.273,19.607,23.104,29.169,35.235,bmi-boys-z-who-2007-exp (1).xlsx
BMI,M,140,,,-1.7846,17.324,0.11379,,,12.228,13.27,14.312,15.619,17.324,19.674,23.199,29.329,35.46,bmi-boys-z-who-2007-exp (1).xlsx
BMI,M,141,,,-1.7828,17.3752,0.11415,,,12.253,13.3,14.347,15.66,17.375,19.741,23.293,29.487,35.681,bmi-boys-z-who-2007-exp (1).xlsx
BMI,M,142,,,-1.7806,17.4272,0.11451,,,12.278,13.33,14.382,15.702,17.427,19.808,23.389,29.645,35.901,bmi-boys-z-who-2007-exp (1).xlsx
BMI,M,143,,,-1.778,17.4799,0.11487,,,12.303,13.36,14.417,15.745,17.48,19.877,23.485,29.802,36.119,bmi-boys-z-who-2007-exp (1).xlsx
BMI,M,144,,,-1.7751,17.5334,0.11522,,,12.328,13.391,14.453,15.788,17.533,19.946,23.581,29.957,36.333,bmi-boys-z-who-2007-exp (1).xlsx
BMI,M,145,,,-1.7719,17.5877,0.11556,,,12.355,13.422,14.49,15.833,17.588,20.015,23.677,30.11,36.542,bmi-boys-z-who-2007-exp (1).xlsx
BMI,M,146,,,-1.7684,17.6427,0.1159,,,12.381,13.454,14.528,15.877,17.643,20.086,23.774,30.262,36.75,bmi-boys-z-who-2007-exp (1).xlsx
BMI,M,147,,,-1.7645,17.6985,0.11623,,,12.408,13.487,14.566,15.923,17.698,20.157,23.871,30.412,36.952,bmi-boys-z-who-2007-exp (1).xlsx
BMI,M,148,,,-1.7604,17.7551,0.11656,,,12.436,13.52,14.605,15.969,17.755,20.229,23.969,30.561,37.154,bmi-boys-z-who-2007-exp (1).xlsx
BMI,M,149,,,-1.7559,17.8124,0.11688,,,12.464,13.554,14.644,16.016,17.812,20.302,24.067,30.708,37.349,bmi-boys-z-who-2007-exp (1).xlsx
BMI,M,150,,,-1.7511,17.8704,0.1172,,,12.492,13.588,14.684,16.063,17.87,20.375,24.165,30.854,37.543,bmi-boys-z-who-2007-exp (1).xlsx
BMI,M,151,,,-1.7461,17.9292,0.11751,,,12.52,13.622,14.724,16.112,17.929,20.449,24.263,30.998,37.732,bmi-boys-z-who-2007-exp (1).xlsx
BMI,M,152,,,-1.7408,17.9887,0.11781,,,12.55,13.658,14.766,16.161,17.989,20.524,24.362,31.138,37.915,bmi-boys-z-who-2007-exp (1).xlsx
BMI,M,153,,,-1.7352,18.0488,0.11811,,,12.579,13.693,14.807,16.21,18.049,20.599,24.46,31.278,38.096,bmi-boys-z-who-2007-exp (1).xlsx
BMI,M,154,,,-1.7293,18.1096,0.11841,,,12.609,13.729,14.849,16.26,18.11,20.675,24.559,31.417,38.275,bmi-boys-z-who-2007-exp (1).xlsx
BMI,M,155,,,-1.7232,18.171,0.11869,,,12.639,13.766,14.892,16.311,18.171,20.751,24.658,31.551,38.444,bmi-boys-z-who-2007-exp (1).xlsx
BMI,M,156,,,-1.7168,18.233,0.11898,,,12.669,13.802,14.935,16.362,18.233,20.829,24.757,31.686,38.616,bmi-boys-z-who-2007-exp (1).xlsx
BMI,M,157,,,-1.7102,18.2955,0.11925,,,12.7,13.839,14.979,16.414,18.296,20.906,24.856,31.816,38.777,bmi-boys-z-who-2007-exp (1).xlsx
BMI,M,158,,,-1.7033,18.3586,0.11952,,,12.731,13.877,15.023,16.466,18.359,20.984,24.954,31.945,38.936,bmi-boys-z-who-2007-exp (1).xlsx
BMI,M,159,,,-1.6962,18.4221,0.11979,,,12.762,13.915,15.067,16.519,18.422,21.062,25.053,32.073,39.093,bmi-boys-z-who-2007-exp (1).xlsx
BMI,M,160,,,-1.6888,18.486,0.12005,,,12.794,13.953,15.112,16.572,18.486,21.14,25.152,32.197,39.243,bmi-boys-z-who-2007-exp (1).xlsx
BMI,M,161,,,-1.6811,18.5502,0.1203,,,12.825,13.991,15.157,16.625,18.55,21.219,25.249,32.317,39.385,bmi-boys-z-who-2007-exp (1).xlsx
BMI,M,162,,,-1.6732,18.6148,0.12055,,,12.857,14.029,15.202,16.679,18.615,21.298,25.347,32.436,39.525,bmi-boys-z-who-2007-exp (1).xlsx
BMI,M,163,,,-1.6651,18.6795,0.12079,,,12.889,14.068,15.247,16.733,18.68,21.376,25.444,32.551,39.659,bmi-boys-z-who-2007-exp (1).xlsx
BMI,M,164,,,-1.6568,18.7445,0.12102,,,12.921,14.107,15.293,16.787,18.744,21.455,25.54,32.663,39.786,bmi-boys-z-who-2007-exp (1).xlsx
BMI,M,165,,,-1.6482,18.8095,0.12125,,,12.952,14.145,15.338,16.841,18.81,21.534,25.635,32.772,39.909,bmi-boys-z-who-2007-exp (1).xlsx
BMI,M,166,,,-1.6394,18.8746,0.12148,,,12.984,14.184,15.384,16.895,18.875,21.613,25.731,32.88,40.03,bmi-boys-z-who-2007-exp (1).xlsx
BMI,M,167,,,-1.6304,18.9398,0.1217,,,13.015,14.222,15.429,16.95,18.94,21.691,25.825,32.985,40.144,bmi-boys-z-who-2007-exp (1).xlsx
BMI,M,168,,,-1.6211,19.005,0.12191,,,13.047,14.261,15.475,17.004,19.005,21.77,25.918,33.084,40.25,bmi-boys-z-who-2007-exp (1).xlsx
BMI,M,169,,,-1.6116,19.0701,0.12212,,,13.078,14.299,15.521,17.058,19.07,21.848,26.011,33.182,40.353,bmi-boys-z-who-2007-exp (1).xlsx
BMI,M,170,,,-1.602,19.1351,0.12233,,,13.109,14.337,15.566,17.113,19.135,21.926,26.103,33.279,40.454,bmi-boys-z-who-2007-exp (1).xlsx
BMI,M,171,,,-1.5921,19.2,0.12253,,,13.139,14.375,15.611,17.167,19.2,22.004,26.194,33.371,40.547,bmi-boys-z-who-2007-exp (1).xlsx
BMI,M,172,,,-1.5821,19.2648,0.12272,,,13.17,14.414,15.657,17.221,19.265,22.081,26.284,33.459,40.634,bmi-boys-z-who-2007-exp (1).xlsx
BMI,M,173,,,-1.5719,19.3294,0.12291,,,13.201,14.451,15.702,17.275,19.329,22.158,26.373,33.546,40.718,bmi-boys-z-who-2007-exp (1).xlsx
BMI,M,174,,,-1.5615,19.3937,0.1231,,,13.231,14.489,15.747,17.329,19.394,22.235,26.462,33.631,40.8,bmi-boys-z-who-2007-exp (1).xlsx
BMI,M,175,,,-1.551,19.4578,0.12328,,,13.261,14.526,15.791,17.382,19.458,22.311,26.549,33.712,40.875,bmi-boys-z-who-2007-exp (1).xlsx
BMI,M,176,,,-1.5403,19.5217,0.12346,,,13.29,14.563,15.836,17.435,19.522,22.387,26.635,33.791,40.948,bmi-boys-z-who-2007-exp (1).xlsx
BMI,M,177,,,-1.5294,19.5853,0.12363,,,13.319,14.6,15.88,17.489,19.585,22.462,26.72,33.866,41.013,bmi-boys-z-who-2007-exp (1).xlsx
BMI,M,178,,,-1.5185,19.6486,0.1238,,,13.348,14.636,15.924,17.541,19.649,22.537,26.804,33.941,41.078,bmi-boys-z-who-2007-exp (1).xlsx
BMI,M,179,,,-1.5074,19.7117,0.12396,,,13.377,14.672,15.968,17.594,19.712,22.611,26.887,34.012,41.137,bmi-boys-z-who-2007-exp (1).xlsx
BMI,M,180,,,-1.4961,19.7744,0.12412,,,13.405,14.708,16.011,17.647,19.774,22.685,26.969,34.081,41.192,bmi-boys-z-who-2007-exp (1).xlsx
BMI,M,181,,,-1.4848,19.8367,0.12428,,,13.433,14.744,16.054,17.699,19.837,22.758,27.051,34.149,41.247,bmi-boys-z-who-2007-exp (1).xlsx
BMI,M,182,,,-1.4733,19.8987,0.12443,,,13.461,14.779,16.097,17.75,19.899,22.831,27.13,34.213,41.295,bmi-boys-z-who-2007-exp (1).xlsx
BMI,M,183,,,-1.4617,19.9603,0.12458,,,13.488,14.814,16.14,17.802,19.96,22.903,27.21,34.275,41.341,bmi-boys-z-who-2007-exp (1).xlsx
BMI,M,184,,,-1.45,20.0215,0.12473,,,13.515,14.848,16.182,17.853,20.022,22.975,27.288,34.337,41.386,bmi-boys-z-who-2007-exp (1).xlsx
BMI,M,185,,,-1.4382,20.0823,0.12487,,,13.541,14.882,16.224,17.904,20.082,23.046,27.365,34.395,41.425,bmi-boys-z-who-2007-exp (1).xlsx
BMI,M,186,,,-1.4263,20.1427,0.12501,,,13.567,14.916,16.265,17.954,20.143,23.116,27.441,34.452,41.462,bmi-boys-z-who-2007-exp (1).xlsx
BMI,M,187,,,-1.4143,20.2026,0.12514,,,13.593,14.95,16.306,18.004,20.203,23.186,27.515,34.505,41.495,bmi-boys-z-who-2007-exp (1).xlsx
BMI,M,188,,,-1.4022,20.2621,0.12528,,,13.618,14.982,16.347,18.053,20.262,23.255,27.59,34.559,41.529,bmi-boys-z-who-2007-exp (1).xlsx
BMI,M,189,,,-1.39,20.3211,0.12541,,,13.643,15.015,16.387,18.103,20.321,23.324,27.662,34.61,41.558,bmi-boys-z-who-2007-exp (1).xlsx
BMI,M,190,,,-1.3777,20.3796,0.12554,,,13.667,15.047,16.427,18.151,20.38,23.391,27.734,34.66,41.585,bmi-boys-z-who-2007-exp (1).xlsx
BMI,M,191,,,-1.3653,20.4376,0.12567,,,13.69,15.078,16.466,18.199,20.438,23.459,27.805,34.708,41.611,bmi-boys-z-who-2007-exp (1).xlsx
BMI,M,192,,,-1.3529,20.4951,0.12579,,,13.714,15.109,16.505,18.247,20.495,23.525,27.875,34.754,41.632,bmi-boys-z-who-2007-exp (1).xlsx
BMI,M,193,,,-1.3403,20.5521,0.12591,,,13.736,15.14,16.543,18.295,20.552,23.591,27.943,34.797,41.651,bmi-boys-z-who-2007-exp (1).xlsx
BMI,M,194,,,-1.3277,20.6085,0.12603,,,13.759,15.17,16.581,18.342,20.608,23.656,28.011,34.84,41.67,bmi-boys-z-who-2007-exp (1).xlsx
BMI,M,195,,,-1.3149,20.6644,0.12615,,,13.78,15.199,16.619,18.388,20.664,23.721,28.078,34.881,41.685,bmi-boys-z-who-2007-exp (1).xlsx
BMI,M,196,,,-1.3021,20.7197,0.12627,,,13.801,15.228,16.656,18.434,20.72,23.785,28.143,34.922,41.7,bmi-boys-z-who-2007-exp (1).xlsx
BMI,M,197,,,-1.2892,20.7745,0.12638,,,13.822,15.257,16.692,18.479,20.774,23.847,28.207,34.959,41.711,bmi-boys-z-who-2007-exp (1).xlsx
BMI,M,198,,,-1.2762,20.8287,0.1265,,,13.842,15.285,16.728,18.524,20.829,23.91,28.271,34.997,41.723,bmi-boys-z-who-2007-exp (1).xlsx
BMI,M,199,,,-1.2631,20.8824,0.12661,,,13.861,15.312,16.763,18.568,20.882,23.972,28.334,35.032,41.73,bmi-boys-z-who-2007-exp (1).xlsx
BMI,M,200,,,-1.2499,20.9355,0.12672,,,13.88,15.339,16.798,18.612,20.936,24.032,28.395,35.066,41.736,bmi-boys-z-who-2007-exp (1).xlsx
BMI,M,201,,,-1.2366,20.9881,0.12683,,,13.898,15.365,16.833,18.655,20.988,24.093,28.456,35.098,41.741,bmi-boys-z-who-2007-exp (1).xlsx
BMI,M,202,,,-1.2233,21.04,0.12694,,,13.916,15.391,16.867,18.698,21.04,24.152,28.515,35.13,41.744,bmi-boys-z-who-2007-exp (1).xlsx
BMI,M,203,,,-1.2098,21.0914,0.12704,,,13.933,15.417,16.9,18.741,21.091,24.211,28.573,35.158,41.743,bmi-boys-z-who-2007-exp (1).xlsx
BMI,M,204,,,-1.1962,21.1423,0.12715,,,13.95,15.441,16.933,18.782,21.142,24.269,28.63,35.187,41.743,bmi-boys-z-who-2007-exp (1).xlsx
BMI,M,205,,,-1.1826,21.1925,0.12726,,,13.965,15.465,16.965,18.823,21.192,24.327,28.687,35.215,41.743,bmi-boys-z-who-2007-exp (1).xlsx
BMI,M,206,,,-1.1688,21.2423,0.12736,,,13.981,15.489,16.997,18.864,21.242,24.383,28.742,35.24,41.737,bmi-boys-z-who-2007-exp (1).xlsx
BMI,M,207,,,-1.155,21.2914,0.12746,,,13.996,15.512,17.028,18.904,21.291,24.439,28.797,35.264,41.732,bmi-boys-z-who-2007-exp (1).xlsx
BMI,M,208,,,-1.141,21.34,0.12756,,,14.01,15.534,17.059,18.944,21.34,24.494,28.85,35.287,41.724,bmi-boys-z-who-2007-exp (1).xlsx
BMI,M,209,,,-1.127,21.388,0.12767,,,14.023,15.556,17.089,18.983,21.388,24.549,28.903,35.31,41.718,bmi-boys-z-who-2007-exp (1).xlsx
BMI,M,210,,,-1.1129,21.4354,0.12777,,,14.036,15.577,17.118,19.022,21.435,24.603,28.954,35.331,41.708,bmi-boys-z-who-2007-exp (1).xlsx
BMI,M,211,,,-1.0986,21.4822,0.12787,,,14.048,15.598,17.147,19.06,21.482,24.656,29.005,35.351,41.697,bmi-boys-z-who-2007-exp (1).xlsx
BMI,M,212,,,-1.0843,21.5285,0.12797,,,14.06,15.618,17.176,19.097,21.528,24.708,29.054,35.369,41.685,bmi-boys-z-who-2007-exp (1).xlsx
BMI,M,213,,,-1.0699,21.5742,0.12807,,,14.071,15.637,17.204,19.134,21.574,24.76,29.103,35.387,41.671,bmi-boys-z-who-2007-exp (1).xlsx
BMI,M,214,,,-1.0553,21.6193,0.12816,,,14.081,15.656,17.231,19.171,21.619,24.811,29.15,35.402,41.653,bmi-boys-z-who-2007-exp (1).xlsx
BMI,M,215,,,-1.0407,21.6638,0.12826,,,14.091,15.674,17.258,19.207,21.664,24.861,29.197,35.417,41.638,bmi-boys-z-who-2007-exp (1).xlsx
BMI,M,216,,,-1.026,21.7077,0.12836,,,14.1,15.692,17.284,19.242,21.708,24.911,29.243,35.432,41.621,bmi-boys-z-who-2007-exp (1).xlsx
BMI,M,217,,,-1.0112,21.751,0.12845,,,14.108,15.709,17.31,19.277,21.751,24.959,29.287,35.443,41.6,bmi-boys-z-who-2007-exp (1).xlsx
BMI,M,218,,,-0.9962,21.7937,0.12855,,,14.116,15.725,17.335,19.311,21.794,25.008,29.331,35.455,41.58,bmi-boys-z-who-2007-exp (1).xlsx
BMI,M,219,,,-0.9812,21.8358,0.12864,,,14.123,15.741,17.36,19.344,21.836,25.055,29.373,35.465,41.558,bmi-boys-z-who-2007-exp (1).xlsx
BMI,M,220,,,-0.9661,21.8773,0.12874,,,14.129,15.756,17.383,19.377,21.877,25.102,29.415,35.476,41.536,bmi-boys-z-who-2007-exp (1).xlsx
BMI,M,221,,,-0.9509,21.9182,0.12883,,,14.135,15.771,17.407,19.41,21.918,25.147,29.455,35.483,41.512,bmi-boys-z-who-2007-exp (1).xlsx
BMI,M,222,,,-0.9356,21.9585,0.12893,,,14.14,15.784,17.429,19.442,21.958,25.193,29.496,35.492,41.488,bmi-boys-z-who-2007-exp (1).xlsx
BMI,M,223,,,-0.9202,21.9982,0.12902,,,14.144,15.798,17.452,19.473,21.998,25.237,29.534,35.498,41.461,bmi-boys-z-who-2007-exp (1).xlsx
BMI,M,224,,,-0.9048,22.0374,0.12911,,,14.148,15.811,17.473,19.504,22.037,25.281,29.572,35.503,41.434,bmi-boys-z-who-2007-exp (1).xlsx
BMI,M,225,,,-0.8892,22.076,0.1292,,,14.151,15.823,17.495,19.535,22.076,25.324,29.609,35.507,41.406,bmi-boys-z-who-2007-exp (1).xlsx
BMI,M,226,,,-0.8735,22.114,0.1293,,,14.153,15.834,17.515,19.564,22.114,25.366,29.646,35.512,41.378,bmi-boys-z-who-2007-exp (1).xlsx
BMI,M,227,,,-0.8578,22.1514,0.12939,,,14.155,15.845,17.535,19.594,22.151,25.408,29.681,35.515,41.348,bmi-boys-z-who-2007-exp (1).xlsx
BMI,M,228,,,-0.8419,22.1883,0.12948,,,14.156,15.855,17.554,19.622,22.188,25.449,29.716,35.516,41.317,bmi-boys-z-who-2007-exp (1).xlsx
BMI,F,61,,,-0.8886,15.2441,0.09692,,,10.793,11.77,12.748,13.891,15.244,16.87,18.858,21.34,23.821,bmi-girls-z-who-2007-exp (1).xlsx
BMI,F,62,,,-0.9068,15.2434,0.09738,,,10.786,11.763,12.741,13.885,15.243,16.879,18.886,21.403,23.92,bmi-girls-z-who-2007-exp (1).xlsx
BMI,F,63,,,-0.9248,15.2433,0.09783,,,10.78,11.757,12.734,13.881,15.243,16.889,18.915,21.468,24.02,bmi-girls-z-who-2007-exp (1).xlsx
BMI,F,64,,,-0.9427,15.2438,0.09829,,,10.775,11.752,12.728,13.876,15.244,16.9,18.946,21.535,24.123,bmi-girls-z-who-2007-exp (1).xlsx
BMI,F,65,,,-0.9605,15.2448,0.09875,,,10.77,11.746,12.723,13.872,15.245,16.911,18.977,21.603,24.23,bmi-girls-z-who-2007-exp (1).xlsx
BMI,F,66,,,-0.978,15.2464,0.0992,,,10.765,11.742,12.718,13.869,15.246,16.923,19.009,21.673,24.337,bmi-girls-z-who-2007-exp (1).xlsx
BMI,F,67,,,-0.9954,15.2487,0.09966,,,10.761,11.737,12.714,13.866,15.249,16.936,19.042,21.745,24.448,bmi-girls-z-who-2007-exp (1).xlsx
BMI,F,68,,,-1.0126,15.2516,0.10012,,,10.757,11.733,12.71,13.864,15.252,16.95,19.077,21.819,24.561,bmi-girls-z-who-2007-exp (1).xlsx
BMI,F,69,,,-1.0296,15.2551,0.10058,,,10.754,11.73,12.706,13.863,15.255,16.964,19.112,21.895,24.678,bmi-girls-z-who-2007-exp (1).xlsx
BMI,F,70,,,-1.0464,15.2592,0.10104,,,10.751,11.727,12.703,13.862,15.259,16.979,19.148,21.973,24.797,bmi-girls-z-who-2007-exp (1).xlsx
BMI,F,71,,,-1.063,15.2641,0.10149,,,10.749,11.725,12.701,13.862,15.264,16.995,19.185,22.051,24.917,bmi-girls-z-who-2007-exp (1).xlsx
BMI,F,72,,,-1.0794,15.2697,0.10195,,,10.747,11.723,12.7,13.862,15.27,17.011,19.224,22.133,25.042,bmi-girls-z-who-2007-exp (1).xlsx
BMI,F,73,,,-1.0956,15.276,0.10241,,,10.745,11.722,12.699,13.863,15.276,17.029,19.264,22.217,25.17,bmi-girls-z-who-2007-exp (1).xlsx
BMI,F,74,,,-1.1115,15.2831,0.10287,,,10.744,11.721,12.698,13.865,15.283,17.047,19.305,22.303,25.301,bmi-girls-z-who-2007-exp (1).xlsx
BMI,F,75,,,-1.1272,15.2911,0.10333,,,10.744,11.721,12.699,13.867,15.291,17.067,19.347,22.391,25.435,bmi-girls-z-who-2007-exp (1).xlsx
BMI,F,76,,,-1.1427,15.2998,0.10379,,,10.744,11.722,12.7,13.87,15.3,17.087,19.391,22.481,25.572,bmi-girls-z-who-2007-exp (1).xlsx
BMI,F,77,,,-1.1579,15.3095,0.10425,,,10.745,11.723,12.701,13.874,15.31,17.108,19.436,22.574,25.712,bmi-girls-z-who-2007-exp (1).xlsx
BMI,F,78,,,-1.1728,15.32,0.10471,,,10.746,11.725,12.704,13.879,15.32,17.131,19.482,22.668,25.855,bmi-girls-z-who-2007-exp (1).xlsx
BMI,F,79,,,-1.1875,15.3314,0.10517,,,10.748,11.727,12.707,13.885,15.331,17.154,19.529,22.766,26.002,bmi-girls-z-who-2007-exp (1).xlsx
BMI,F,80,,,-1.2019,15.3439,0.10562,,,10.751,11.731,12.711,13.892,15.344,17.179,19.578,22.864,26.15,bmi-girls-z-who-2007-exp (1).xlsx
BMI,F,81,,,-1.216,15.3572,0.10608,,,10.754,11.735,12.716,13.899,15.357,17.204,19.628,22.966,26.304,bmi-girls-z-who-2007-exp (1).xlsx
BMI,F,82,,,-1.2298,15.3717,0.10654,,,10.758,11.74,12.721,13.907,15.372,17.231,19.68,23.071,26.461,bmi-girls-z-who-2007-exp (1).xlsx
BMI,F,83,,,-1.2433,15.3871,0.107,,,10.762,11.745,12.728,13.916,15.387,17.259,19.734,23.178,26.621,bmi-girls-z-who-2007-exp (1).xlsx
BMI,F,84,,,-1.2565,15.4036,0.10746,,,10.767,11.751,12.735,13.927,15.404,17.289,19.789,23.287,26.785,bmi-girls-z-who-2007-exp (1).xlsx
BMI,F,85,,,-1.2693,15.4211,0.10792,,,10.773,11.758,12.743,13.938,15.421,17.319,19.845,23.399,26.953,bmi-girls-z-who-2007-exp (1).xlsx
BMI,F,86,,,-1.2819,15.4397,0.10837,,,10.779,11.766,12.752,13.95,15.44,17.35,19.903,23.512,27.122,bmi-girls-z-who-2007-exp (1).xlsx
BMI,F,87,,,-1.2941,15.4593,0.10883,,,10.786,11.774,12.762,13.963,15.459,17.383,19.963,23.629,27.296,bmi-girls-z-who-2007-exp (1).xlsx
BMI,F,88,,,-1.306,15.4798,0.10929,,,10.793,11.783,12.772,13.976,15.48,17.417,20.023,23.749,27.474,bmi-girls-z-who-2007-exp (1).xlsx
BMI,F,89,,,-1.3175,15.5014,0.10974,,,10.802,11.793,12.783,13.991,15.501,17.452,20.085,23.869,27.653,bmi-girls-z-who-2007-exp (1).xlsx
BMI,F,90,,,-1.3287,15.524,0.1102,,,10.81,11.803,12.795,14.007,15.524,17.488,20.149,23.994,27.838,bmi-girls-z-who-2007-exp (1).xlsx
BMI,F,91,,,-1.3395,15.5476,0.11065,,,10.82,11.814,12.808,14.023,15.548,17.526,20.214,24.119,28.023,bmi-girls-z-who-2007-exp (1).xlsx
BMI,F,92,,,-1.3499,15.5723,0.1111,,,10.83,11.826,12.822,14.041,15.572,17.564,20.281,24.246,28.212,bmi-girls-z-who-2007-exp (1).xlsx
BMI,F,93,,,-1.36,15.5979,0.11156,,,10.84,11.838,12.836,14.059,15.598,17.604,20.349,24.377,28.406,bmi-girls-z-who-2007-exp (1).xlsx
BMI,F,94,,,-1.3697,15.6246,0.11201,,,10.851,11.851,12.852,14.078,15.625,17.645,20.418,24.51,28.601,bmi-girls-z-who-2007-exp (1).xlsx
BMI,F,95,,,-1.379,15.6523,0.11246,,,10.862,11.865,12.868,14.099,15.652,17.687,20.489,24.644,28.799,bmi-girls-z-who-2007-exp (1).xlsx
BMI,F,96,,,-1.388,15.681,0.11291,,,10.874,11.879,12.884,14.12,15.681,17.73,20.561,24.781,29.001,bmi-girls-z-who-2007-exp (1).xlsx
BMI,F,97,,,-1.3966,15.7107,0.11335,,,10.887,11.895,12.902,14.142,15.711,17.774,20.634,24.918,29.203,bmi-girls-z-who-2007-exp (1).xlsx
BMI,F,98,,,-1.4047,15.7415,0.1138,,,10.9,11.91,12.92,14.164,15.742,17.82,20.709,25.059,29.409,bmi-girls-z-who-2007-exp (1).xlsx
BMI,F,99,,,-1.4125,15.7732,0.11424,,,10.914,11.927,12.94,14.188,15.773,17.866,20.784,25.2,29.617,bmi-girls-z-who-2007-exp (1).xlsx
BMI,F,100,,,-1.4199,15.8058,0.11469,,,10.928,11.944,12.959,14.212,15.806,17.914,20.862,25.345,29.829,bmi-girls-z-who-2007-exp (1).xlsx
BMI,F,101,,,-1.427,15.8394,0.11513,,,10.943,11.962,12.98,14.238,15.839,17.962,20.94,25.491,30.042,bmi-girls-z-who-2007-exp (1).xlsx
BMI,F,102,,,-1.4336,15.8738,0.11557,,,10.958,11.98,13.001,14.264,15.874,18.012,21.019,25.638,30.256,bmi-girls-z-who-2007-exp (1).xlsx
BMI,F,103,,,-1.4398,15.909,0.11601,,,10.974,11.998,13.023,14.291,15.909,18.062,21.1,25.786,30.472,bmi-girls-z-who-2007-exp (1).xlsx
BMI,F,104,,,-1.4456,15.9451,0.11644,,,10.99,12.018,13.045,14.318,15.945,18.113,21.181,25.934,30.688,bmi-girls-z-who-2007-exp (1).xlsx
BMI,F,105,,,-1.4511,15.9818,0.11688,,,11.006,12.037,13.068,14.346,15.982,18.166,21.263,26.085,30.908,bmi-girls-z-who-2007-exp (1).xlsx
BMI,F,106,,,-1.4561,16.0194,0.11731,,,11.023,12.057,13.092,14.375,16.019,18.219,21.346,26.236,31.127,bmi-girls-z-who-2007-exp (1).xlsx
BMI,F,107,,,-1.4607,16.0575,0.11774,,,11.04,12.078,13.115,14.404,16.058,18.272,21.429,26.388,31.346,bmi-girls-z-who-2007-exp (1).xlsx
BMI,F,108,,,-1.465,16.0964,0.11816,,,11.057,12.099,13.14,14.434,16.096,18.326,21.513,26.539,31.565,bmi-girls-z-who-2007-exp (1).xlsx
BMI,F,109,,,-1.4688,16.1358,0.11859,,,11.075,12.12,13.165,14.465,16.136,18.381,21.599,26.692,31.786,bmi-girls-z-who-2007-exp (1).xlsx
BMI,F,110,,,-1.4723,16.1759,0.11901,,,11.092,12.141,13.19,14.496,16.176,18.437,21.684,26.845,32.007,bmi-girls-z-who-2007-exp (1).xlsx
BMI,F,111,,,-1.4753,16.2166,0.11943,,,11.11,12.163,13.216,14.527,16.217,18.493,21.77,26.998,32.227,bmi-girls-z-who-2007-exp (1).xlsx
BMI,F,112,,,-1.478,16.258,0.11985,,,11.128,12.185,13.242,14.559,16.258,18.551,21.857,27.152,32.448,bmi-girls-z-who-2007-exp (1).xlsx
BMI,F,113,,,-1.4803,16.2999,0.12026,,,11.147,12.208,13.269,14.592,16.3,18.608,21.944,27.305,32.666,bmi-girls-z-who-2007-exp (1).xlsx
BMI,F,114,,,-1.4823,16.3425,0.12067,,,11.166,12.231,13.296,14.625,16.343,18.666,22.031,27.459,32.886,bmi-girls-z-who-2007-exp (1).xlsx
BMI,F,115,,,-1.4838,16.3858,0.12108,,,11.185,12.254,13.323,14.659,16.386,18.725,22.12,27.612,33.104,bmi-girls-z-who-2007-exp (1).xlsx
BMI,F,116,,,-1.485,16.4298,0.12148,,,11.204,12.278,13.352,14.694,16.43,18.785,22.208,27.765,33.321,bmi-girls-z-who-2007-exp (1).xlsx
BMI,F,117,,,-1.4859,16.4746,0.12188,,,11.224,12.302,13.38,14.729,16.475,18.846,22.298,27.918,33.538,bmi-girls-z-who-2007-exp (1).xlsx
BMI,F,118,,,-1.4864,16.52,0.12228,,,11.244,12.327,13.41,14.764,16.52,18.907,22.388,28.071,33.755,bmi-girls-z-who-2007-exp (1).xlsx
BMI,F,119,,,-1.4866,16.5663,0.12268,,,11.265,12.352,13.439,14.801,16.566,18.969,22.479,28.226,33.972,bmi-girls-z-who-2007-exp (1).xlsx
BMI,F,120,,,-1.4864,16.6133,0.12307,,,11.285,12.378,13.47,14.838,16.613,19.032,22.57,28.378,34.185,bmi-girls-z-who-2007-exp (1).xlsx
BMI,F,121,,,-1.4859,16.6612,0.12346,,,11.307,12.404,13.501,14.876,16.661,19.096,22.663,28.531,34.399,bmi-girls-z-who-2007-exp (1).xlsx
BMI,F,122,,,-1.4851,16.71,0.12384,,,11.328,12.43,13.533,14.914,16.71,19.161,22.755,28.683,34.61,bmi-girls-z-who-2007-exp (1).xlsx
BMI,F,123,,,-1.4839,16.7595,0.12422,,,11.35,12.458,13.565,14.954,16.76,19.226,22.849,28.834,34.82,bmi-girls-z-who-2007-exp (1).xlsx
BMI,F,124,,,-1.4825,16.81,0.1246,,,11.373,12.485,13.598,14.994,16.81,19.293,22.943,28.987,35.031,bmi-girls-z-who-2007-exp (1).xlsx
BMI,F,125,,,-1.4807,16.8614,0.12497,,,11.396,12.514,13.631,15.035,16.861,19.36,23.038,29.138,35.238,bmi-girls-z-who-2007-exp (1).xlsx
BMI,F,126,,,-1.4787,16.9136,0.12534,,,11.419,12.542,13.666,15.076,16.914,19.429,23.134,29.29,35.445,bmi-girls-z-who-2007-exp (1).xlsx
BMI,F,127,,,-1.4763,16.9667,0.12571,,,11.443,12.572,13.7,15.119,16.967,19.498,23.231,29.441,35.651,bmi-girls-z-who-2007-exp (1).xlsx
BMI,F,128,,,-1.4737,17.0208,0.12607,,,11.467,12.602,13.736,15.162,17.021,19.568,23.328,29.591,35.854,bmi-girls-z-who-2007-exp (1).xlsx
BMI,F,129,,,-1.4708,17.0757,0.12643,,,11.492,12.632,13.772,15.206,17.076,19.639,23.426,29.742,36.057,bmi-girls-z-who-2007-exp (1).xlsx
BMI,F,130,,,-1.4677,17.1316,0.12678,,,11.517,12.663,13.81,15.251,17.132,19.712,23.525,29.891,36.257,bmi-girls-z-who-2007-exp (1).xlsx
BMI,F,131,,,-1.4642,17.1883,0.12713,,,11.543,12.695,13.847,15.297,17.188,19.785,23.624,30.039,36.454,bmi-girls-z-who-2007-exp (1).xlsx
BMI,F,132,,,-1.4606,17.2459,0.12748,,,11.569,12.727,13.885,15.343,17.246,19.859,23.725,30.189,36.653,bmi-girls-z-who-2007-exp (1).xlsx
BMI,F,133,,,-1.4567,17.3044,0.12782,,,11.595,12.76,13.925,15.39,17.304,19.933,23.825,30.336,36.847,bmi-girls-z-who-2007-exp (1).xlsx
BMI,F,134,,,-1.4526,17.3637,0.12816,,,11.622,12.793,13.964,15.438,17.364,20.009,23.927,30.484,37.042,bmi-girls-z-who-2007-exp (1).xlsx
BMI,F,135,,,-1.4482,17.4238,0.12849,,,11.65,12.827,14.004,15.487,17.424,20.086,24.029,30.63,37.231,bmi-girls-z-who-2007-exp (1).xlsx
BMI,F,136,,,-1.4436,17.4847,0.12882,,,11.677,12.861,14.045,15.536,17.485,20.163,24.131,30.776,37.42,bmi-girls-z-who-2007-exp (1).xlsx
BMI,F,137,,,-1.4389,17.5464,0.12914,,,11.706,12.896,14.087,15.586,17.546,20.241,24.234,30.92,37.606,bmi-girls-z-who-2007-exp (1).xlsx
BMI,F,138,,,-1.4339,17.6088,0.12946,,,11.734,12.931,14.129,15.637,17.609,20.32,24.338,31.064,37.79,bmi-girls-z-who-2007-exp (1).xlsx
BMI,F,139,,,-1.4288,17.6719,0.12978,,,11.763,12.967,14.171,15.688,17.672,20.4,24.442,31.209,37.975,bmi-girls-z-who-2007-exp (1).xlsx
BMI,F,140,,,-1.4235,17.7357,0.13009,,,11.792,13.003,14.214,15.74,17.736,20.48,24.546,31.351,38.155,bmi-girls-z-who-2007-exp (1).xlsx
BMI,F,141,,,-1.418,17.8001,0.1304,,,11.822,13.04,14.258,15.793,17.8,20.561,24.651,31.493,38.335,bmi-girls-z-who-2007-exp (1).xlsx
BMI,F,142,,,-1.4123,17.8651,0.1307,,,11.852,13.077,14.302,15.846,17.865,20.642,24.756,31.633,38.509,bmi-girls-z-who-2007-exp (1).xlsx
BMI,F,143,,,-1.4065,17.9306,0.13099,,,11.882,13.114,14.346,15.899,17.931,20.724,24.861,31.77,38.68,bmi-girls-z-who-2007-exp (1).xlsx
BMI,F,144,,,-1.4006,17.9966,0.13129,,,11.912,13.151,14.391,15.953,17.997,20.806,24.967,31.91,38.854,bmi-girls-z-who-2007-exp (1).xlsx
BMI,F,145,,,-1.3945,18.063,0.13158,,,11.942,13.189,14.436,16.008,18.063,20.889,25.072,32.047,39.023,bmi-girls-z-who-2007-exp (1).xlsx
BMI,F,146,,,-1.3883,18.1297,0.13186,,,11.973,13.227,14.481,16.062,18.13,20.972,25.177,32.182,39.187,bmi-girls-z-who-2007-exp (1).xlsx
BMI,F,147,,,-1.3819,18.1967,0.13214,,,12.003,13.265,14.526,16.117,18.197,21.055,25.282,32.316,39.35,bmi-girls-z-who-2007-exp (1).xlsx
BMI,F,148,,,-1.3755,18.2639,0.13241,,,12.034,13.303,14.572,16.172,18.264,21.138,25.387,32.448,39.509,bmi-girls-z-who-2007-exp (1).xlsx
BMI,F,149,,,-1.3689,18.3312,0.13268,,,12.065,13.341,14.618,16.227,18.331,21.222,25.491,32.579,39.666,bmi-girls-z-who-2007-exp (1).xlsx
BMI,F,150,,,-1.3621,18.3986,0.13295,,,12.095,13.379,14.663,16.282,18.399,21.305,25.596,32.708,39.82,bmi-girls-z-who-2007-exp (1).xlsx
BMI,F,151,,,-1.3553,18.466,0.13321,,,12.126,13.418,14.709,16.338,18.466,21.388,25.699,32.835,39.97,bmi-girls-z-who-2007-exp (1).xlsx
BMI,F,152,,,-1.3483,18.5333,0.13347,,,12.156,13.456,14.755,16.393,18.533,21.471,25.802,32.96,40.118,bmi-girls-z-who-2007-exp (1).xlsx
BMI,F,153,,,-1.3413,18.6006,0.13372,,,12.187,13.494,14.8,16.448,18.601,21.554,25.905,33.083,40.261,bmi-girls-z-who-2007-exp (1).xlsx
BMI,F,154,,,-1.3341,18.6677,0.13397,,,12.217,13.531,14.846,16.503,18.668,21.637,26.007,33.204,40.402,bmi-girls-z-who-2007-exp (1).xlsx
BMI,F,155,,,-1.3269,18.7346,0.13421,,,12.247,13.569,14.891,16.558,18.735,21.719,26.107,33.322,40.538,bmi-girls-z-who-2007-exp (1).xlsx
BMI,F,156,,,-1.3195,18.8012,0.13445,,,12.276,13.606,14.936,16.612,18.801,21.8,26.207,33.439,40.67,bmi-girls-z-who-2007-exp (1).xlsx
BMI,F,157,,,-1.3121,18.8675,0.13469,,,12.305,13.643,14.981,16.667,18.868,21.882,26.307,33.554,40.802,bmi-girls-z-who-2007-exp (1).xlsx
BMI,F,158,,,-1.3046,18.9335,0.13492,,,12.335,13.68,15.025,16.721,18.934,21.962,26.405,33.666,40.928,bmi-girls-z-who-2007-exp (1).xlsx
BMI,F,159,,,-1.297,18.9991,0.13514,,,12.364,13.717,15.07,16.775,18.999,22.042,26.501,33.775,41.048,bmi-girls-z-who-2007-exp (1).xlsx
BMI,F,160,,,-1.2894,19.0642,0.13537,,,12.392,13.753,15.113,16.828,19.064,22.122,26.598,33.884,41.171,bmi-girls-z-who-2007-exp (1).xlsx
BMI,F,161,,,-1.2816,19.1289,0.13559,,,12.42,13.788,15.157,16.881,19.129,22.201,26.693,33.989,41.286,bmi-girls-z-who-2007-exp (1).xlsx
BMI,F,162,,,-1.2739,19.1931,0.1358,,,12.447,13.824,15.2,16.934,19.193,22.279,26.786,34.092,41.397,bmi-girls-z-who-2007-exp (1).xlsx
BMI,F,163,,,-1.2661,19.2567,0.13601,,,12.475,13.859,15.243,16.986,19.257,22.357,26.879,34.192,41.506,bmi-girls-z-who-2007-exp (1).xlsx
BMI,F,164,,,-1.2583,19.3197,0.13622,,,12.501,13.893,15.285,17.037,19.32,22.433,26.97,34.292,41.614,bmi-girls-z-who-2007-exp (1).xlsx
BMI,F,165,,,-1.2504,19.382,0.13642,,,12.528,13.927,15.327,17.088,19.382,22.509,27.06,34.387,41.714,bmi-girls-z-who-2007-exp (1).xlsx
BMI,F,166,,,-1.2425,19.4437,0.13662,,,12.554,13.961,15.368,17.139,19.444,22.584,27.149,34.481,41.814,bmi-girls-z-who-2007-exp (1).xlsx
BMI,F,167,,,-1.2345,19.5045,0.13681,,,12.579,13.994,15.408,17.188,19.504,22.658,27.235,34.571,41.907,bmi-girls-z-who-2007-exp (1).xlsx
BMI,F,168,,,-1.2266,19.5647,0.137,,,12.604,14.026,15.448,17.238,19.565,22.731,27.321,34.66,41.999,bmi-girls-z-who-2007-exp (1).xlsx
BMI,F,169,,,-1.2186,19.624,0.13719,,,12.628,14.058,15.488,17.286,19.624,22.803,27.406,34.747,42.088,bmi-girls-z-who-2007-exp (1).xlsx
BMI,F,170,,,-1.2107,19.6824,0.13738,,,12.652,14.089,15.526,17.334,19.682,22.874,27.489,34.833,42.176,bmi-girls-z-who-2007-exp (1).xlsx
BMI,F,171,,,-1.2027,19.74,0.13756,,,12.675,14.119,15.564,17.38,19.74,22.943,27.57,34.914,42.258,bmi-girls-z-who-2007-exp (1).xlsx
BMI,F,172,,,-1.1947,19.7966,0.13774,,,12.697,14.149,15.601,17.427,19.797,23.012,27.65,34.994,42.338,bmi-girls-z-who-2007-exp (1).xlsx
BMI,F,173,,,-1.1867,19.8523,0.13791,,,12.719,14.179,15.638,17.472,19.852,23.079,27.727,35.07,42.412,bmi-girls-z-who-2007-exp (1).xlsx
BMI,F,174,,,-1.1788,19.907,0.13808,,,12.74,14.207,15.674,17.516,19.907,23.145,27.804,35.145,42.485,bmi-girls-z-who-2007-exp (1).xlsx
BMI,F,175,,,-1.1708,19.9607,0.13825,,,12.761,14.235,15.709,17.56,19.961,23.21,27.879,35.217,42.555,bmi-girls-z-who-2007-exp (1).xlsx
BMI,F,176,,,-1.1629,20.0133,0.13841,,,12.781,14.262,15.743,17.603,20.013,23.273,27.951,35.286,42.621,bmi-girls-z-who-2007-exp (1).xlsx
BMI,F,177,,,-1.1549,20.0648,0.13858,,,12.8,14.288,15.776,17.644,20.065,23.336,28.023,35.354,42.685,bmi-girls-z-who-2007-exp (1).xlsx
BMI,F,178,,,-1.147,20.1152,0.13873,,,12.819,14.314,15.809,17.685,20.115,23.396,28.091,35.417,42.743,bmi-girls-z-who-2007-exp (1).xlsx
BMI,F,179,,,-1.139,20.1644,0.13889,,,12.836,14.338,15.841,17.725,20.164,23.456,28.159,35.479,42.8,bmi-girls-z-who-2007-exp (1).xlsx
BMI,F,180,,,-1.1311,20.2125,0.13904,,,12.853,14.362,15.871,17.764,20.212,23.514,28.224,35.538,42.852,bmi-girls-z-who-2007-exp (1).xlsx
BMI,F,181,,,-1.1232,20.2595,0.1392,,,12.869,14.385,15.901,17.802,20.26,23.57,28.289,35.597,42.905,bmi-girls-z-who-2007-exp (1).xlsx
BMI,F,182,,,-1.1153,20.3053,0.13934,,,12.885,14.408,15.93,17.839,20.305,23.625,28.35,35.65,42.95,bmi-girls-z-who-2007-exp (1).xlsx
BMI,F,183,,,-1.1074,20.3499,0.13949,,,12.9,14.429,15.958,17.874,20.35,23.679,28.411,35.703,42.995,bmi-girls-z-who-2007-exp (1).xlsx
BMI,F,184,,,-1.0996,20.3934,0.13963,,,12.914,14.45,15.985,17.909,20.393,23.731,28.469,35.752,43.036,bmi-girls-z-who-2007-exp (1).xlsx
BMI,F,185,,,-1.0917,20.4357,0.13977,,,12.927,14.469,16.012,17.943,20.436,23.782,28.525,35.799,43.073,bmi-girls-z-who-2007-exp (1).xlsx
BMI,F,186,,,-1.0838,20.4769,0.13991,,,12.94,14.488,16.037,17.976,20.477,23.832,28.58,35.844,43.108,bmi-girls-z-who-2007-exp (1).xlsx
BMI,F,187,,,-1.076,20.517,0.14005,,,12.952,14.507,16.062,18.008,20.517,23.88,28.634,35.887,43.141,bmi-girls-z-who-2007-exp (1).xlsx
BMI,F,188,,,-1.0681,20.556,0.14018,,,12.963,14.524,16.085,18.039,20.556,23.927,28.684,35.927,43.169,bmi-girls-z-who-2007-exp (1).xlsx
BMI,F,189,,,-1.0603,20.5938,0.14031,,,12.973,14.541,16.108,18.069,20.594,23.972,28.734,35.964,43.195,bmi-girls-z-who-2007-exp (1).xlsx
BMI,F,190,,,-1.0525,20.6306,0.14044,,,12.983,14.557,16.13,18.098,20.631,24.017,28.782,36,43.219,bmi-girls-z-who-2007-exp (1).xlsx
BMI,F,191,,,-1.0447,20.6663,0.14057,,,12.992,14.572,16.151,18.126,20.666,24.06,28.828,36.034,43.241,bmi-girls-z-who-2007-exp (1).xlsx
BMI,F,192,,,-1.0368,20.7008,0.1407,,,13,14.586,16.172,18.153,20.701,24.101,28.873,36.066,43.259,bmi-girls-z-who-2007-exp (1).xlsx
BMI,F,193,,,-1.029,20.7344,0.14082,,,13.008,14.6,16.191,18.179,20.734,24.141,28.915,36.094,43.274,bmi-girls-z-who-2007-exp (1).xlsx
BMI,F,194,,,-1.0212,20.7668,0.14094,,,13.015,14.613,16.21,18.205,20.767,24.18,28.956,36.121,43.286,bmi-girls-z-who-2007-exp (1).xlsx
BMI,F,195,,,-1.0134,20.7982,0.14106,,,13.022,14.625,16.228,18.229,20.798,24.218,28.996,36.146,43.296,bmi-girls-z-who-2007-exp (1).xlsx
BMI,F,196,,,-1.0055,20.8286,0.14118,,,13.027,14.636,16.245,18.253,20.829,24.254,29.034,36.169,43.304,bmi-girls-z-who-2007-exp (1).xlsx
BMI,F,197,,,-0.9977,20.858,0.1413,,,13.032,14.647,16.261,18.275,20.858,24.29,29.07,36.19,43.31,bmi-girls-z-who-2007-exp (1).xlsx
BMI,F,198,,,-0.9898,20.8863,0.14142,,,13.036,14.656,16.277,18.297,20.886,24.324,29.105,36.209,43.313,bmi-girls-z-who-2007-exp (1).xlsx
BMI,F,199,,,-0.9819,20.9137,0.14153,,,13.04,14.666,16.291,18.318,20.914,24.356,29.138,36.225,43.312,bmi-girls-z-who-2007-exp (1).xlsx
BMI,F,200,,,-0.974,20.9401,0.14164,,,13.043,14.674,16.305,18.338,20.94,24.388,29.17,36.239,43.309,bmi-girls-z-who-2007-exp (1).xlsx
BMI,F,201,,,-0.9661,20.9656,0.14176,,,13.045,14.682,16.318,18.357,20.966,24.418,29.201,36.254,43.307,bmi-girls-z-who-2007-exp (1).xlsx
BMI,F,202,,,-0.9582,20.9901,0.14187,,,13.047,14.689,16.331,18.376,20.99,24.448,29.23,36.265,43.3,bmi-girls-z-who-2007-exp (1).xlsx
BMI,F,203,,,-0.9503,21.0138,0.14198,,,13.048,14.695,16.343,18.393,21.014,24.476,29.257,36.275,43.292,bmi-girls-z-who-2007-exp (1).xlsx
BMI,F,204,,,-0.9423,21.0367,0.14208,,,13.049,14.701,16.354,18.411,21.037,24.503,29.283,36.281,43.279,bmi-girls-z-who-2007-exp (1).xlsx
BMI,F,205,,,-0.9344,21.0587,0.14219,,,13.049,14.707,16.365,18.427,21.059,24.53,29.308,36.288,43.268,bmi-girls-z-who-2007-exp (1).xlsx
BMI,F,206,,,-0.9264,21.0801,0.1423,,,13.048,14.711,16.375,18.443,21.08,24.555,29.333,36.293,43.254,bmi-girls-z-who-2007-exp (1).xlsx
BMI,F,207,,,-0.9184,21.1007,0.1424,,,13.047,14.716,16.384,18.458,21.101,24.58,29.355,36.296,43.237,bmi-girls-z-who-2007-exp (1).xlsx
BMI,F,208,,,-0.9104,21.1206,0.1425,,,13.046,14.719,16.393,18.472,21.121,24.603,29.376,36.297,43.218,bmi-girls-z-who-2007-exp (1).xlsx
BMI,F,209,,,-0.9024,21.1399,0.14261,,,13.044,14.722,16.401,18.486,21.14,24.626,29.398,36.3,43.202,bmi-girls-z-who-2007-exp (1).xlsx
BMI,F,210,,,-0.8944,21.1586,0.14271,,,13.042,14.725,16.409,18.499,21.159,24.649,29.418,36.299,43.181,bmi-girls-z-who-2007-exp (1).xlsx
BMI,F,211,,,-0.8863,21.1768,0.14281,,,13.039,14.728,16.417,18.512,21.177,24.67,29.436,36.298,43.159,bmi-girls-z-who-2007-exp (1).xlsx
BMI,F,212,,,-0.8783,21.1944,0.14291,,,13.036,14.73,16.424,18.525,21.194,24.691,29.455,36.296,43.137,bmi-girls-z-who-2007-exp (1).xlsx
BMI,F,213,,,-0.8703,21.2116,0.14301,,,13.032,14.731,16.431,18.537,21.212,24.712,29.472,36.293,43.114,bmi-girls-z-who-2007-exp (1).xlsx
BMI,F,214,,,-0.8623,21.2282,0.14311,,,13.029,14.733,16.437,18.548,21.228,24.731,29.489,36.29,43.09,bmi-girls-z-who-2007-exp (1).xlsx
BMI,F,215,,,-0.8542,21.2444,0.1432,,,13.025,14.734,16.443,18.56,21.244,24.75,29.505,36.284,43.062,bmi-girls-z-who-2007-exp (1).xlsx
BMI,F,216,,,-0.8462,21.2603,0.1433,,,13.02,14.734,16.448,18.571,21.26,24.769,29.52,36.279,43.038,bmi-girls-z-who-2007-exp (1).xlsx
BMI,F,217,,,-0.8382,21.2757,0.1434,,,13.016,14.735,16.454,18.581,21.276,24.788,29.536,36.274,43.013,bmi-girls-z-who-2007-exp (1).xlsx
BMI,F,218,,,-0.8301,21.2908,0.14349,,,13.011,14.735,16.459,18.592,21.291,24.805,29.55,36.267,42.984,bmi-girls-z-who-2007-exp (1).xlsx
BMI,F,219,,,-0.8221,21.3055,0.14359,,,13.006,14.735,16.463,18.601,21.306,24.823,29.564,36.261,42.958,bmi-girls-z-who-2007-exp (1).xlsx
BMI,F,220,,,-0.814,21.32,0.14368,,,13,14.734,16.468,18.611,21.32,24.84,29.577,36.252,42.928,bmi-girls-z-who-2007-exp (1).xlsx
BMI,F,221,,,-0.806,21.3341,0.14377,,,12.995,14.734,16.473,18.621,21.334,24.856,29.589,36.244,42.899,bmi-girls-z-who-2007-exp (1).xlsx
BMI,F,222,,,-0.798,21.348,0.14386,,,12.989,14.733,16.477,18.63,21.348,24.873,29.602,36.235,42.869,bmi-girls-z-who-2007-exp (1).xlsx
BMI,F,223,,,-0.7899,21.3617,0.14396,,,12.983,14.732,16.48,18.639,21.362,24.889,29.614,36.228,42.841,bmi-girls-z-who-2007-exp (1).xlsx
BMI,F,224,,,-0.7819,21.3752,0.14405,,,12.977,14.731,16.484,18.648,21.375,24.905,29.626,36.219,42.812,bmi-girls-z-who-2007-exp (1).xlsx
BMI,F,225,,,-0.7738,21.3884,0.14414,,,12.971,14.729,16.488,18.657,21.388,24.92,29.637,36.209,42.781,bmi-girls-z-who-2007-exp (1).xlsx
BMI,F,226,,,-0.7658,21.4014,0.14423,,,12.964,14.728,16.491,18.665,21.401,24.935,29.649,36.2,42.751,bmi-girls-z-who-2007-exp (1).xlsx
BMI,F,227,,,-0.7577,21.4143,0.14432,,,12.958,14.726,16.494,18.673,21.414,24.951,29.659,36.19,42.72,bmi-girls-z-who-2007-exp (1).xlsx
BMI,F,228,,,-0.7496,21.4269,0.14441,,,12.951,14.724,16.497,18.681,21.427,24.965,29.67,36.179,42.689,bmi-girls-z-who-2007-exp (1).xlsx
HFA,M,61,,,1,110.2647,0.04164,4.5914,87.308,91.899,96.49,101.082,105.673,110.265,114.856,119.448,124.039,128.63,hfa-boys-z-who-2007-exp (1).xlsx
HFA,M,62,,,1,110.8006,0.04172,4.6226,87.688,92.31,96.933,101.555,106.178,110.801,115.423,120.046,124.668,129.291,hfa-boys-z-who-2007-exp (1).xlsx
HFA,M,63,,,1,111.3338,0.0418,4.6538,88.065,92.719,97.373,102.026,106.68,111.334,115.988,120.641,125.295,129.949,hfa-boys-z-who-2007-exp (1).xlsx
HFA,M,64,,,1,111.8636,0.04187,4.6837,88.445,93.129,97.812,102.496,107.18,111.864,116.547,121.231,125.915,130.599,hfa-boys-z-who-2007-exp (1).xlsx
HFA,M,65,,,1,112.3895,0.04195,4.7147,88.816,93.531,98.245,102.96,107.675,112.39,117.104,121.819,126.534,131.248,hfa-boys-z-who-2007-exp (1).xlsx
HFA,M,66,,,1,112.911,0.04203,4.7456,89.183,93.928,98.674,103.42,108.165,112.911,117.657,122.402,127.148,131.894,hfa-boys-z-who-2007-exp (1).xlsx
HFA,M,67,,,1,113.428,0.04211,4.7765,89.546,94.322,99.099,103.875,108.652,113.428,118.204,122.981,127.757,132.534,hfa-boys-z-who-2007-exp (1).xlsx
HFA,M,68,,,1,113.941,0.04218,4.806,89.911,94.717,99.523,104.329,109.135,113.941,118.747,123.553,128.359,133.165,hfa-boys-z-who-2007-exp (1).xlsx
HFA,M,69,,,1,114.45,0.04226,4.8367,90.267,95.103,99.94,104.777,109.613,114.45,119.287,124.123,128.96,133.797,hfa-boys-z-who-2007-exp (1).xlsx
HFA,M,70,,,1,114.9547,0.04234,4.8672,90.619,95.486,100.353,105.22,110.088,114.955,119.822,124.689,129.556,134.423,hfa-boys-z-who-2007-exp (1).xlsx
HFA,M,71,,,1,115.4549,0.04241,4.8964,90.973,95.869,100.766,105.662,110.558,115.455,120.351,125.248,130.144,135.041,hfa-boys-z-who-2007-exp (1).xlsx
HFA,M,72,,,1,115.9509,0.04249,4.9268,91.317,96.244,101.171,106.097,111.024,115.951,120.878,125.804,130.731,135.658,hfa-boys-z-who-2007-exp (1).xlsx
HFA,M,73,,,1,116.4432,0.04257,4.957,91.658,96.615,101.572,106.529,111.486,116.443,121.4,126.357,131.314,136.271,hfa-boys-z-who-2007-exp (1).xlsx
HFA,M,74,,,1,116.9325,0.04264,4.986,92.002,96.988,101.974,106.96,111.946,116.932,121.919,126.905,131.891,136.877,hfa-boys-z-who-2007-exp (1).xlsx
HFA,M,75,,,1,117.4196,0.04272,5.0162,92.339,97.355,102.371,107.387,112.403,117.42,122.436,127.452,132.468,137.484,hfa-boys-z-who-2007-exp (1).xlsx
HFA,M,76,,,1,117.9046,0.0428,5.0463,92.673,97.719,102.766,107.812,112.858,117.905,122.951,127.997,133.044,138.09,hfa-boys-z-who-2007-exp (1).xlsx
HFA,M,77,,,1,118.388,0.04287,5.0753,93.012,98.087,103.162,108.237,113.313,118.388,123.463,128.539,133.614,138.689,hfa-boys-z-who-2007-exp (1).xlsx
HFA,M,78,,,1,118.87,0.04295,5.1055,93.343,98.448,103.554,108.659,113.765,118.87,123.975,129.081,134.186,139.292,hfa-boys-z-who-2007-exp (1).xlsx
HFA,M,79,,,1,119.3508,0.04303,5.1357,93.672,98.808,103.944,109.079,114.215,119.351,124.486,129.622,134.758,139.893,hfa-boys-z-who-2007-exp (1).xlsx
HFA,M,80,,,1,119.8303,0.04311,5.1659,94.001,99.167,104.333,109.499,114.664,119.83,124.996,130.162,135.328,140.494,hfa-boys-z-who-2007-exp (1).xlsx
HFA,M,81,,,1,120.3085,0.04318,5.1949,94.334,99.529,104.724,109.919,115.114,120.308,125.503,130.698,135.893,141.088,hfa-boys-z-who-2007-exp (1).xlsx
HFA,M,82,,,1,120.7853,0.04326,5.2252,94.659,99.885,105.11,110.335,115.56,120.785,126.01,131.236,136.461,141.686,hfa-boys-z-who-2007-exp (1).xlsx
HFA,M,83,,,1,121.2604,0.04334,5.2554,94.983,100.239,105.494,110.75,116.005,121.26,126.516,131.771,137.027,142.282,hfa-boys-z-who-2007-exp (1).xlsx
HFA,M,84,,,1,121.7338,0.04342,5.2857,95.305,100.591,105.877,111.162,116.448,121.734,127.019,132.305,137.591,142.877,hfa-boys-z-who-2007-exp (1).xlsx
HFA,M,85,,,1,122.2053,0.0435,5.3159,95.626,100.942,106.258,111.573,116.889,122.205,127.521,132.837,138.153,143.469,hfa-boys-z-who-2007-exp (1).xlsx
HFA,M,86,,,1,122.675,0.04358,5.3462,95.944,101.29,106.636,111.983,117.329,122.675,128.021,133.367,138.714,144.06,hfa-boys-z-who-2007-exp (1).xlsx
HFA,M,87,,,1,123.1429,0.04366,5.3764,96.261,101.637,107.014,112.39,117.766,123.143,128.519,133.896,139.272,144.649,hfa-boys-z-who-2007-exp (1).xlsx
HFA,M,88,,,1,123.6092,0.04374,5.4067,96.576,101.983,107.389,112.796,118.203,123.609,129.016,134.423,139.829,145.236,hfa-boys-z-who-2007-exp (1).xlsx
HFA,M,89,,,1,124.0736,0.04382,5.4369,96.889,102.326,107.763,113.2,118.637,124.074,129.511,134.947,140.384,145.821,hfa-boys-z-who-2007-exp (1).xlsx
HFA,M,90,,,1,124.5361,0.0439,5.4671,97.2,102.668,108.135,113.602,119.069,124.536,130.003,135.47,140.938,146.405,hfa-boys-z-who-2007-exp (1).xlsx
HFA,M,91,,,1,124.9964,0.04398,5.4973,97.51,103.007,108.504,114.002,119.499,124.996,130.494,135.991,141.488,146.986,hfa-boys-z-who-2007-exp (1).xlsx
HFA,M,92,,,1,125.4545,0.04406,5.5275,97.817,103.344,108.872,114.399,119.927,125.454,130.982,136.51,142.037,147.565,hfa-boys-z-who-2007-exp (1).xlsx
HFA,M,93,,,1,125.9104,0.04414,5.5577,98.122,103.68,109.237,114.795,120.353,125.91,131.468,137.026,142.583,148.141,hfa-boys-z-who-2007-exp (1).xlsx
HFA,M,94,,,1,126.364,0.04422,5.5878,98.425,104.013,109.601,115.188,120.776,126.364,131.952,137.54,143.127,148.715,hfa-boys-z-who-2007-exp (1).xlsx
HFA,M,95,,,1,126.8156,0.0443,5.6179,98.726,104.344,109.962,115.58,121.198,126.816,132.434,138.051,143.669,149.287,hfa-boys-z-who-2007-exp (1).xlsx
HFA,M,96,,,1,127.2651,0.04438,5.648,99.025,104.673,110.321,115.969,121.617,127.265,132.913,138.561,144.209,149.857,hfa-boys-z-who-2007-exp (1).xlsx
HFA,M,97,,,1,127.7129,0.04446,5.6781,99.322,105,110.679,116.357,122.035,127.713,133.391,139.069,144.747,150.425,hfa-boys-z-who-2007-exp (1).xlsx
HFA,M,98,,,1,128.159,0.04454,5.7082,99.618,105.326,111.034,116.743,122.451,128.159,133.867,139.575,145.284,150.992,hfa-boys-z-who-2007-exp (1).xlsx
HFA,M,99,,,1,128.6034,0.04462,5.7383,99.912,105.65,111.389,117.127,122.865,128.603,134.342,140.08,145.818,151.557,hfa-boys-z-who-2007-exp (1).xlsx
HFA,M,100,,,1,129.0466,0.0447,5.7684,100.205,105.973,111.741,117.51,123.278,129.047,134.815,140.583,146.352,152.12,hfa-boys-z-who-2007-exp (1).xlsx
HFA,M,101,,,1,129.4887,0.04478,5.7985,100.496,106.295,112.093,117.892,123.69,129.489,135.287,141.086,146.884,152.683,hfa-boys-z-who-2007-exp (1).xlsx
HFA,M,102,,,1,129.93,0.04487,5.83,100.78,106.61,112.44,118.27,124.1,129.93,135.76,141.59,147.42,153.25,hfa-boys-z-who-2007-exp (1).xlsx
HFA,M,103,,,1,130.3705,0.04495,5.8602,101.07,106.93,112.79,118.65,124.51,130.37,136.231,142.091,147.951,153.811,hfa-boys-z-who-2007-exp (1).xlsx
HFA,M,104,,,1,130.8103,0.04503,5.8904,101.358,107.249,113.139,119.03,124.92,130.81,136.701,142.591,148.481,154.372,hfa-boys-z-who-2007-exp (1).xlsx
HFA,M,105,,,1,131.2495,0.04511,5.9207,101.646,107.567,113.488,119.408,125.329,131.25,137.17,143.091,149.011,154.932,hfa-boys-z-who-2007-exp (1).xlsx
HFA,M,106,,,1,131.6884,0.04519,5.951,101.933,107.884,113.835,119.786,125.737,131.688,137.639,143.59,149.541,155.492,hfa-boys-z-who-2007-exp (1).xlsx
HFA,M,107,,,1,132.1269,0.04527,5.9814,102.22,108.201,114.183,120.164,126.146,132.127,138.108,144.09,150.071,156.052,hfa-boys-z-who-2007-exp (1).xlsx
HFA,M,108,,,1,132.5652,0.04535,6.0118,102.506,108.518,114.53,120.542,126.553,132.565,138.577,144.589,150.601,156.613,hfa-boys-z-who-2007-exp (1).xlsx
HFA,M,109,,,1,133.0031,0.04543,6.0423,102.791,108.834,114.876,120.918,126.961,133.003,139.045,145.088,151.13,157.172,hfa-boys-z-who-2007-exp (1).xlsx
HFA,M,110,,,1,133.4404,0.04551,6.0729,103.076,109.149,115.222,121.295,127.368,133.44,139.513,145.586,151.659,157.732,hfa-boys-z-who-2007-exp (1).xlsx
HFA,M,111,,,1,133.877,0.04559,6.1035,103.36,109.463,115.567,121.67,127.774,133.877,139.98,146.084,152.187,158.291,hfa-boys-z-who-2007-exp (1).xlsx
HFA,M,112,,,1,134.313,0.04566,6.1327,103.649,109.782,115.915,122.048,128.18,134.313,140.446,146.578,152.711,158.844,hfa-boys-z-who-2007-exp (1).xlsx
HFA,M,113,,,1,134.7483,0.04574,6.1634,103.931,110.095,116.258,122.422,128.585,134.748,140.912,147.075,153.238,159.402,hfa-boys-z-who-2007-exp (1).xlsx
HFA,M,114,,,1,135.1829,0.04582,6.1941,104.212,110.407,116.601,122.795,128.989,135.183,141.377,147.571,153.765,159.959,hfa-boys-z-who-2007-exp (1).xlsx
HFA,M,115,,,1,135.6168,0.04589,6.2235,104.5,110.723,116.946,123.17,129.393,135.617,141.84,148.064,154.287,160.511,hfa-boys-z-who-2007-exp (1).xlsx
HFA,M,116,,,1,136.0501,0.04597,6.2542,104.779,111.033,117.287,123.542,129.796,136.05,142.304,148.559,154.813,161.067,hfa-boys-z-who-2007-exp (1).xlsx
HFA,M,117,,,1,136.4829,0.04604,6.2837,105.065,111.348,117.632,123.916,130.199,136.483,142.767,149.05,155.334,161.618,hfa-boys-z-who-2007-exp (1).xlsx
HFA,M,118,,,1,136.9153,0.04612,6.3145,105.343,111.657,117.972,124.286,130.601,136.915,143.23,149.544,155.859,162.173,hfa-boys-z-who-2007-exp (1).xlsx
HFA,M,119,,,1,137.3474,0.04619,6.3441,105.627,111.971,118.315,124.659,131.003,137.347,143.691,150.036,156.38,162.724,hfa-boys-z-who-2007-exp (1).xlsx
HFA,M,120,,,1,137.7795,0.04626,6.3737,105.911,112.285,118.658,125.032,131.406,137.78,144.153,150.527,156.901,163.274,hfa-boys-z-who-2007-exp (1).xlsx
HFA,M,121,,,1,138.2119,0.04633,6.4034,106.195,112.598,119.002,125.405,131.809,138.212,144.615,151.019,157.422,163.825,hfa-boys-z-who-2007-exp (1).xlsx
HFA,M,122,,,1,138.6452,0.0464,6.4331,106.48,112.913,119.346,125.779,132.212,138.645,145.078,151.511,157.945,164.378,hfa-boys-z-who-2007-exp (1).xlsx
HFA,M,123,,,1,139.0797,0.04647,6.463,106.765,113.228,119.691,126.154,132.617,139.08,145.543,152.006,158.469,164.932,hfa-boys-z-who-2007-exp (1).xlsx
HFA,M,124,,,1,139.5158,0.04654,6.4931,107.05,113.544,120.037,126.53,133.023,139.516,146.009,152.502,158.995,165.488,hfa-boys-z-who-2007-exp (1).xlsx
HFA,M,125,,,1,139.954,0.04661,6.5233,107.338,113.861,120.384,126.907,133.431,139.954,146.477,153.001,159.524,166.047,hfa-boys-z-who-2007-exp (1).xlsx
HFA,M,126,,,1,140.3948,0.04667,6.5522,107.634,114.186,120.738,127.29,133.843,140.395,146.947,153.499,160.051,166.604,hfa-boys-z-who-2007-exp (1).xlsx
HFA,M,127,,,1,140.8387,0.04674,6.5828,107.925,114.507,121.09,127.673,134.256,140.839,147.422,154.004,160.587,167.17,hfa-boys-z-who-2007-exp (1).xlsx
HFA,M,128,,,1,141.2859,0.0468,6.6122,108.225,114.837,121.449,128.062,134.674,141.286,147.898,154.51,161.122,167.735,hfa-boys-z-who-2007-exp (1).xlsx
HFA,M,129,,,1,141.7368,0.04686,6.6418,108.528,115.17,121.811,128.453,135.095,141.737,148.379,155.02,161.662,168.304,hfa-boys-z-who-2007-exp (1).xlsx
HFA,M,130,,,1,142.1916,0.04692,6.6716,108.833,115.505,122.177,128.848,135.52,142.192,148.863,155.535,162.206,168.878,hfa-boys-z-who-2007-exp (1).xlsx
HFA,M,131,,,1,142.6501,0.04698,6.7017,109.142,115.843,122.545,129.247,135.948,142.65,149.352,156.054,162.755,169.457,hfa-boys-z-who-2007-exp (1).xlsx
HFA,M,132,,,1,143.1126,0.04703,6.7306,109.46,116.19,122.921,129.651,136.382,143.113,149.843,156.574,163.304,170.035,hfa-boys-z-who-2007-exp (1).xlsx
HFA,M,133,,,1,143.5795,0.04709,6.7612,109.774,116.535,123.296,130.057,136.818,143.58,150.341,157.102,163.863,170.624,hfa-boys-z-who-2007-exp (1).xlsx
HFA,M,134,,,1,144.0511,0.04714,6.7906,110.098,116.889,123.679,130.47,137.261,144.051,150.842,157.632,164.423,171.213,hfa-boys-z-who-2007-exp (1).xlsx
HFA,M,135,,,1,144.5276,0.04719,6.8203,110.426,117.247,124.067,130.887,137.707,144.528,151.348,158.168,164.988,171.809,hfa-boys-z-who-2007-exp (1).xlsx
HFA,M,136,,,1,145.0093,0.04723,6.8488,110.765,117.614,124.463,131.312,138.161,145.009,151.858,158.707,165.556,172.404,hfa-boys-z-who-2007-exp (1).xlsx
HFA,M,137,,,1,145.4964,0.04728,6.8791,111.101,117.98,124.859,131.738,138.617,145.496,152.375,159.255,166.134,173.013,hfa-boys-z-who-2007-exp (1).xlsx
HFA,M,138,,,1,145.9891,0.04732,6.9082,111.448,118.356,125.264,132.173,139.081,145.989,152.897,159.806,166.714,173.622,hfa-boys-z-who-2007-exp (1).xlsx
HFA,M,139,,,1,146.4878,0.04736,6.9377,111.799,118.737,125.675,132.612,139.55,146.488,153.425,160.363,167.301,174.238,hfa-boys-z-who-2007-exp (1).xlsx
HFA,M,140,,,1,146.9927,0.0474,6.9675,112.155,119.123,126.09,133.058,140.025,146.993,153.96,160.928,167.895,174.863,hfa-boys-z-who-2007-exp (1).xlsx
HFA,M,141,,,1,147.5041,0.04744,6.9976,112.516,119.514,126.511,133.509,140.507,147.504,154.502,161.499,168.497,175.494,hfa-boys-z-who-2007-exp (1).xlsx
HFA,M,142,,,1,148.0224,0.04747,7.0266,112.889,119.916,126.943,133.969,140.996,148.022,155.049,162.076,169.102,176.129,hfa-boys-z-who-2007-exp (1).xlsx
HFA,M,143,,,1,148.5478,0.0475,7.056,113.268,120.324,127.38,134.436,141.492,148.548,155.604,162.66,169.716,176.772,hfa-boys-z-who-2007-exp (1).xlsx
HFA,M,144,,,1,149.0807,0.04753,7.0858,113.652,120.737,127.823,134.909,141.995,149.081,156.167,163.252,170.338,177.424,hfa-boys-z-who-2007-exp (1).xlsx
HFA,M,145,,,1,149.6212,0.04755,7.1145,114.049,121.163,128.278,135.392,142.507,149.621,156.736,163.85,170.965,178.079,hfa-boys-z-who-2007-exp (1).xlsx
HFA,M,146,,,1,150.1694,0.04758,7.1451,114.444,121.589,128.734,135.879,143.024,150.169,157.314,164.46,171.605,178.75,hfa-boys-z-who-2007-exp (1).xlsx
HFA,M,147,,,1,150.7256,0.04759,7.173,114.86,122.033,129.207,136.38,143.553,150.726,157.899,165.072,172.245,179.418,hfa-boys-z-who-2007-exp (1).xlsx
HFA,M,148,,,1,151.2899,0.04761,7.2029,115.275,122.478,129.681,136.884,144.087,151.29,158.493,165.696,172.899,180.102,hfa-boys-z-who-2007-exp (1).xlsx
HFA,M,149,,,1,151.8623,0.04762,7.2317,115.704,122.936,130.167,137.399,144.631,151.862,159.094,166.326,173.557,180.789,hfa-boys-z-who-2007-exp (1).xlsx
HFA,M,150,,,1,152.4425,0.04763,7.2608,116.138,123.399,130.66,137.921,145.182,152.442,159.703,166.964,174.225,181.486,hfa-boys-z-who-2007-exp (1).xlsx
HFA,M,151,,,1,153.0298,0.04763,7.2888,116.586,123.875,131.163,138.452,145.741,153.03,160.319,167.607,174.896,182.185,hfa-boys-z-who-2007-exp (1).xlsx
HFA,M,152,,,1,153.6234,0.04764,7.3186,117.03,124.349,131.668,138.986,146.305,153.623,160.942,168.261,175.579,182.898,hfa-boys-z-who-2007-exp (1).xlsx
HFA,M,153,,,1,154.2223,0.04763,7.3456,117.494,124.84,132.185,139.531,146.877,154.222,161.568,168.914,176.259,183.605,hfa-boys-z-who-2007-exp (1).xlsx
HFA,M,154,,,1,154.8258,0.04763,7.3744,117.954,125.328,132.703,140.077,147.451,154.826,162.2,169.575,176.949,184.323,hfa-boys-z-who-2007-exp (1).xlsx
HFA,M,155,,,1,155.4329,0.04762,7.4017,118.424,125.826,133.228,140.629,148.031,155.433,162.835,170.236,177.638,185.04,hfa-boys-z-who-2007-exp (1).xlsx
HFA,M,156,,,1,156.0426,0.0476,7.4276,118.904,126.332,133.76,141.187,148.615,156.043,163.47,170.898,178.325,185.753,hfa-boys-z-who-2007-exp (1).xlsx
HFA,M,157,,,1,156.6539,0.04758,7.4536,119.386,126.84,134.293,141.747,149.2,156.654,164.107,171.561,179.015,186.468,hfa-boys-z-who-2007-exp (1).xlsx
HFA,M,158,,,1,157.266,0.04756,7.4796,119.868,127.348,134.827,142.307,149.786,157.266,164.746,172.225,179.705,187.184,hfa-boys-z-who-2007-exp (1).xlsx
HFA,M,159,,,1,157.8775,0.04754,7.5055,120.35,127.856,135.361,142.867,150.372,157.878,165.383,172.888,180.394,187.899,hfa-boys-z-who-2007-exp (1).xlsx
HFA,M,160,,,1,158.4871,0.04751,7.5297,120.838,128.368,135.898,143.428,150.957,158.487,166.017,173.547,181.076,188.606,hfa-boys-z-who-2007-exp (1).xlsx
HFA,M,161,,,1,159.0937,0.04747,7.5522,121.333,128.885,136.437,143.989,151.542,159.094,166.646,174.198,181.75,189.302,hfa-boys-z-who-2007-exp (1).xlsx
HFA,M,162,,,1,159.6962,0.04744,7.576,121.816,129.392,136.968,144.544,152.12,159.696,167.272,174.848,182.424,190,hfa-boys-z-who-2007-exp (1).xlsx
HFA,M,163,,,1,160.2939,0.0474,7.5979,122.304,129.902,137.5,145.098,152.696,160.294,167.892,175.49,183.088,190.686,hfa-boys-z-who-2007-exp (1).xlsx
HFA,M,164,,,1,160.8861,0.04735,7.618,122.796,130.414,138.032,145.65,153.268,160.886,168.504,176.122,183.74,191.358,hfa-boys-z-who-2007-exp (1).xlsx
HFA,M,165,,,1,161.472,0.0473,7.6376,123.284,130.921,138.559,146.197,153.834,161.472,169.11,176.747,184.385,192.023,hfa-boys-z-who-2007-exp (1).xlsx
HFA,M,166,,,1,162.0505,0.04725,7.6569,123.766,131.423,139.08,146.737,154.394,162.05,169.707,177.364,185.021,192.678,hfa-boys-z-who-2007-exp (1).xlsx
HFA,M,167,,,1,162.6207,0.0472,7.6757,124.242,131.918,139.594,147.269,154.945,162.621,170.296,177.972,185.648,193.323,hfa-boys-z-who-2007-exp (1).xlsx
HFA,M,168,,,1,163.1816,0.04714,7.6924,124.72,132.412,140.104,147.797,155.489,163.182,170.874,178.566,186.259,193.951,hfa-boys-z-who-2007-exp (1).xlsx
HFA,M,169,,,1,163.7321,0.04707,7.7069,125.198,132.905,140.611,148.318,156.025,163.732,171.439,179.146,186.853,194.56,hfa-boys-z-who-2007-exp (1).xlsx
HFA,M,170,,,1,164.2717,0.04701,7.7224,125.66,133.382,141.104,148.827,156.549,164.272,171.994,179.717,187.439,195.161,hfa-boys-z-who-2007-exp (1).xlsx
HFA,M,171,,,1,164.7994,0.04694,7.7357,126.121,133.857,141.592,149.328,157.064,164.799,172.535,180.271,188.006,195.742,hfa-boys-z-who-2007-exp (1).xlsx
HFA,M,172,,,1,165.3145,0.04687,7.7483,126.573,134.321,142.07,149.818,157.566,165.314,173.063,180.811,188.559,196.308,hfa-boys-z-who-2007-exp (1).xlsx
HFA,M,173,,,1,165.8165,0.04679,7.7586,127.024,134.782,142.541,150.299,158.058,165.816,173.575,181.334,189.092,196.851,hfa-boys-z-who-2007-exp (1).xlsx
HFA,M,174,,,1,166.305,0.04671,7.7681,127.464,135.233,143.001,150.769,158.537,166.305,174.073,181.841,189.609,197.377,hfa-boys-z-who-2007-exp (1).xlsx
HFA,M,175,,,1,166.7799,0.04663,7.7769,127.895,135.672,143.449,151.226,159.003,166.78,174.557,182.334,190.111,197.888,hfa-boys-z-who-2007-exp (1).xlsx
HFA,M,176,,,1,167.2415,0.04655,7.7851,128.316,136.101,143.886,151.671,159.456,167.242,175.027,182.812,190.597,198.382,hfa-boys-z-who-2007-exp (1).xlsx
HFA,M,177,,,1,167.6899,0.04646,7.7909,128.736,136.526,144.317,152.108,159.899,167.69,175.481,183.272,191.063,198.853,hfa-boys-z-who-2007-exp (1).xlsx
HFA,M,178,,,1,168.1255,0.04637,7.796,129.146,136.942,144.738,152.534,160.33,168.126,175.921,183.717,191.513,199.309,hfa-boys-z-who-2007-exp (1).xlsx
HFA,M,179,,,1,168.5482,0.04628,7.8004,129.546,137.347,145.147,152.947,160.748,168.548,176.349,184.149,191.949,199.75,hfa-boys-z-who-2007-exp (1).xlsx
HFA,M,180,,,1,168.958,0.04619,7.8042,129.937,137.741,145.545,153.35,161.154,168.958,176.762,184.566,192.371,200.175,hfa-boys-z-who-2007-exp (1).xlsx
HFA,M,181,,,1,169.3549,0.04609,7.8056,130.327,138.133,145.938,153.744,161.549,169.355,177.16,184.966,192.772,200.577,hfa-boys-z-who-2007-exp (1).xlsx
HFA,M,182,,,1,169.7389,0.04599,7.8063,130.707,138.514,146.32,154.126,161.933,169.739,177.545,185.351,193.158,200.964,hfa-boys-z-who-2007-exp (1).xlsx
HFA,M,183,,,1,170.1099,0.04589,7.8063,131.078,138.885,146.691,154.497,162.304,170.11,177.916,185.723,193.529,201.335,hfa-boys-z-who-2007-exp (1).xlsx
HFA,M,184,,,1,170.468,0.04579,7.8057,131.439,139.245,147.051,154.857,162.662,170.468,178.274,186.079,193.885,201.691,hfa-boys-z-who-2007-exp (1).xlsx
HFA,M,185,,,1,170.8136,0.04569,7.8045,131.791,139.596,147.4,155.205,163.009,170.814,178.618,186.423,194.227,202.031,hfa-boys-z-who-2007-exp (1).xlsx
HFA,M,186,,,1,171.1468,0.04559,7.8026,132.134,139.936,147.739,155.542,163.344,171.147,178.949,186.752,194.555,202.357,hfa-boys-z-who-2007-exp (1).xlsx
HFA,M,187,,,1,171.468,0.04548,7.7984,132.476,140.275,148.073,155.871,163.67,171.468,179.266,187.065,194.863,202.661,hfa-boys-z-who-2007-exp (1).xlsx
HFA,M,188,,,1,171.7773,0.04538,7.7953,132.801,140.596,148.392,156.187,163.982,171.777,179.573,187.368,195.163,202.958,hfa-boys-z-who-2007-exp (1).xlsx
HFA,M,189,,,1,172.0748,0.04527,7.7898,133.126,140.915,148.705,156.495,164.285,172.075,179.865,187.654,195.444,203.234,hfa-boys-z-who-2007-exp (1).xlsx
HFA,M,190,,,1,172.3606,0.04516,7.7838,133.442,141.225,149.009,156.793,164.577,172.361,180.144,187.928,195.712,203.496,hfa-boys-z-who-2007-exp (1).xlsx
HFA,M,191,,,1,172.6345,0.04506,7.7789,133.74,141.519,149.298,157.077,164.856,172.634,180.413,188.192,195.971,203.75,hfa-boys-z-who-2007-exp (1).xlsx
HFA,M,192,,,1,172.8967,0.04495,7.7717,134.038,141.81,149.582,157.353,165.125,172.897,180.668,188.44,196.212,203.984,hfa-boys-z-who-2007-exp (1).xlsx
HFA,M,193,,,1,173.147,0.04484,7.7639,134.327,142.091,149.855,157.619,165.383,173.147,180.911,188.675,196.439,204.203,hfa-boys-z-who-2007-exp (1).xlsx
HFA,M,194,,,1,173.3856,0.04473,7.7555,134.608,142.363,150.119,157.875,165.63,173.386,181.141,188.897,196.652,204.408,hfa-boys-z-who-2007-exp (1).xlsx
HFA,M,195,,,1,173.6126,0.04462,7.7466,134.88,142.626,150.373,158.119,165.866,173.613,181.359,189.106,196.852,204.599,hfa-boys-z-who-2007-exp (1).xlsx
HFA,M,196,,,1,173.828,0.04451,7.7371,135.143,142.88,150.617,158.354,166.091,173.828,181.565,189.302,197.039,204.776,hfa-boys-z-who-2007-exp (1).xlsx
HFA,M,197,,,1,174.0321,0.0444,7.727,135.397,143.124,150.851,158.578,166.305,174.032,181.759,189.486,197.213,204.94,hfa-boys-z-who-2007-exp (1).xlsx
HFA,M,198,,,1,174.2251,0.04429,7.7164,135.643,143.359,151.076,158.792,166.509,174.225,181.942,189.658,197.374,205.091,hfa-boys-z-who-2007-exp (1).xlsx
HFA,M,199,,,1,174.4071,0.04418,7.7053,135.881,143.586,151.291,158.996,166.702,174.407,182.112,189.818,197.523,205.228,hfa-boys-z-who-2007-exp (1).xlsx
HFA,M,200,,,1,174.5784,0.04407,7.6937,136.11,143.804,151.497,159.191,166.885,174.578,182.272,189.966,197.659,205.353,hfa-boys-z-who-2007-exp (1).xlsx
HFA,M,201,,,1,174.7392,0.04396,7.6815,136.332,144.013,151.695,159.376,167.058,174.739,182.421,190.102,197.784,205.465,hfa-boys-z-who-2007-exp (1).xlsx
HFA,M,202,,,1,174.8896,0.04385,7.6689,136.545,144.214,151.883,159.552,167.221,174.89,182.559,190.227,197.896,205.565,hfa-boys-z-who-2007-exp (1).xlsx
HFA,M,203,,,1,175.0301,0.04375,7.6576,136.742,144.4,152.057,159.715,167.373,175.03,182.688,190.345,198.003,205.66,hfa-boys-z-who-2007-exp (1).xlsx
HFA,M,204,,,1,175.1609,0.04364,7.644,136.941,144.585,152.229,159.873,167.517,175.161,182.805,190.449,198.093,205.737,hfa-boys-z-who-2007-exp (1).xlsx
HFA,M,205,,,1,175.2824,0.04353,7.63,137.132,144.762,152.392,160.022,167.652,175.282,182.912,190.542,198.173,205.803,hfa-boys-z-who-2007-exp (1).xlsx
HFA,M,206,,,1,175.3951,0.04343,7.6174,137.308,144.925,152.543,160.16,167.778,175.395,183.013,190.63,198.247,205.865,hfa-boys-z-who-2007-exp (1).xlsx
HFA,M,207,,,1,175.4995,0.04332,7.6026,137.486,145.089,152.692,160.294,167.897,175.5,183.102,190.705,198.307,205.91,hfa-boys-z-who-2007-exp (1).xlsx
HFA,M,208,,,1,175.5959,0.04322,7.5893,137.65,145.239,152.828,160.417,168.007,175.596,183.185,190.774,198.364,205.953,hfa-boys-z-who-2007-exp (1).xlsx
HFA,M,209,,,1,175.685,0.04311,7.5738,137.816,145.39,152.964,160.537,168.111,175.685,183.259,190.833,198.406,205.98,hfa-boys-z-who-2007-exp (1).xlsx
HFA,M,210,,,1,175.7672,0.04301,7.5597,137.968,145.528,153.088,160.648,168.207,175.767,183.327,190.887,198.446,206.006,hfa-boys-z-who-2007-exp (1).xlsx
HFA,M,211,,,1,175.8432,0.04291,7.5454,138.116,145.661,153.207,160.752,168.298,175.843,183.389,190.934,198.479,206.025,hfa-boys-z-who-2007-exp (1).xlsx
HFA,M,212,,,1,175.9133,0.04281,7.5308,138.259,145.79,153.321,160.852,168.382,175.913,183.444,190.975,198.506,206.037,hfa-boys-z-who-2007-exp (1).xlsx
HFA,M,213,,,1,175.9781,0.04271,7.516,138.398,145.914,153.43,160.946,168.462,175.978,183.494,191.01,198.526,206.042,hfa-boys-z-who-2007-exp (1).xlsx
HFA,M,214,,,1,176.038,0.04261,7.501,138.533,146.034,153.535,161.036,168.537,176.038,183.539,191.04,198.541,206.042,hfa-boys-z-who-2007-exp (1).xlsx
HFA,M,215,,,1,176.0935,0.04251,7.4857,138.665,146.151,153.636,161.122,168.608,176.094,183.579,191.065,198.551,206.036,hfa-boys-z-who-2007-exp (1).xlsx
HFA,M,216,,,1,176.1449,0.04241,7.4703,138.793,146.264,153.734,161.204,168.675,176.145,183.615,191.086,198.556,206.026,hfa-boys-z-who-2007-exp (1).xlsx
HFA,M,217,,,1,176.1925,0.04232,7.4565,138.91,146.367,153.823,161.28,168.736,176.192,183.649,191.105,198.562,206.018,hfa-boys-z-who-2007-exp (1).xlsx
HFA,M,218,,,1,176.2368,0.04222,7.4407,139.033,146.474,153.915,161.355,168.796,176.237,183.678,191.118,198.559,206,hfa-boys-z-who-2007-exp (1).xlsx
HFA,M,219,,,1,176.2779,0.04213,7.4266,139.145,146.572,153.998,161.425,168.851,176.278,183.704,191.131,198.558,205.984,hfa-boys-z-who-2007-exp (1).xlsx
HFA,M,220,,,1,176.3162,0.04204,7.4123,139.255,146.667,154.079,161.492,168.904,176.316,183.729,191.141,198.553,205.966,hfa-boys-z-who-2007-exp (1).xlsx
HFA,M,221,,,1,176.3518,0.04195,7.398,139.362,146.76,154.158,161.556,168.954,176.352,183.75,191.148,198.546,205.944,hfa-boys-z-who-2007-exp (1).xlsx
HFA,M,222,,,1,176.3851,0.04185,7.3817,139.477,146.858,154.24,161.622,169.003,176.385,183.767,191.149,198.53,205.912,hfa-boys-z-who-2007-exp (1).xlsx
HFA,M,223,,,1,176.4162,0.04177,7.3689,139.572,146.941,154.309,161.678,169.047,176.416,183.785,191.154,198.523,205.892,hfa-boys-z-who-2007-exp (1).xlsx
HFA,M,224,,,1,176.4453,0.04168,7.3542,139.674,147.028,154.383,161.737,169.091,176.445,183.8,191.154,198.508,205.862,hfa-boys-z-who-2007-exp (1).xlsx
HFA,M,225,,,1,176.4724,0.04159,7.3395,139.775,147.114,154.454,161.793,169.133,176.472,183.812,191.151,198.491,205.83,hfa-boys-z-who-2007-exp (1).xlsx
HFA,M,226,,,1,176.4976,0.0415,7.3247,139.874,147.199,154.524,161.848,169.173,176.498,183.822,191.147,198.472,205.796,hfa-boys-z-who-2007-exp (1).xlsx
HFA,M,227,,,1,176.5211,0.04142,7.3115,139.964,147.275,154.587,161.898,169.21,176.521,183.833,191.144,198.456,205.767,hfa-boys-z-who-2007-exp (1).xlsx
HFA,M,228,,,1,176.5432,0.04134,7.2983,140.052,147.35,154.648,161.947,169.245,176.543,183.841,191.14,198.438,205.736,hfa-boys-z-who-2007-exp (1).xlsx
HFA,F,61,,,1,109.6016,0.04355,4.7731,85.736,90.509,95.282,100.055,104.828,109.602,114.375,119.148,123.921,128.694,hfa-girls-z-who-2007-exp (1).xlsx
HFA,F,62,,,1,110.1258,0.04364,4.8059,86.096,90.902,95.708,100.514,105.32,110.126,114.932,119.738,124.543,129.349,hfa-girls-z-who-2007-exp (1).xlsx
HFA,F,63,,,1,110.6451,0.04373,4.8385,86.453,91.291,96.13,100.968,105.807,110.645,115.484,120.322,125.161,129.999,hfa-girls-z-who-2007-exp (1).xlsx
HFA,F,64,,,1,111.1596,0.04382,4.871,86.805,91.676,96.547,101.418,106.289,111.16,116.031,120.902,125.773,130.644,hfa-girls-z-who-2007-exp (1).xlsx
HFA,F,65,,,1,111.6696,0.0439,4.9023,87.158,92.06,96.963,101.865,106.767,111.67,116.572,121.474,126.376,131.279,hfa-girls-z-who-2007-exp (1).xlsx
HFA,F,66,,,1,112.1753,0.04399,4.9346,87.502,92.437,97.372,102.306,107.241,112.175,117.11,122.044,126.979,131.914,hfa-girls-z-who-2007-exp (1).xlsx
HFA,F,67,,,1,112.6767,0.04407,4.9657,87.848,92.814,97.78,102.745,107.711,112.677,117.642,122.608,127.574,132.539,hfa-girls-z-who-2007-exp (1).xlsx
HFA,F,68,,,1,113.174,0.04415,4.9966,88.191,93.187,98.184,103.181,108.177,113.174,118.171,123.167,128.164,133.161,hfa-girls-z-who-2007-exp (1).xlsx
HFA,F,69,,,1,113.6672,0.04423,5.0275,88.53,93.557,98.585,103.612,108.64,113.667,118.695,123.722,128.75,133.777,hfa-girls-z-who-2007-exp (1).xlsx
HFA,F,70,,,1,114.1565,0.04431,5.0583,88.865,93.923,98.982,104.04,109.098,114.156,119.215,124.273,129.331,134.39,hfa-girls-z-who-2007-exp (1).xlsx
HFA,F,71,,,1,114.6421,0.04439,5.089,89.197,94.286,99.375,104.464,109.553,114.642,119.731,124.82,129.909,134.998,hfa-girls-z-who-2007-exp (1).xlsx
HFA,F,72,,,1,115.1244,0.04447,5.1196,89.526,94.646,99.766,104.885,110.005,115.124,120.244,125.364,130.483,135.603,hfa-girls-z-who-2007-exp (1).xlsx
HFA,F,73,,,1,115.6039,0.04454,5.149,89.859,95.008,100.157,105.306,110.455,115.604,120.753,125.902,131.051,136.2,hfa-girls-z-who-2007-exp (1).xlsx
HFA,F,74,,,1,116.0812,0.04461,5.1784,90.189,95.368,100.546,105.724,110.903,116.081,121.26,126.438,131.616,136.795,hfa-girls-z-who-2007-exp (1).xlsx
HFA,F,75,,,1,116.5568,0.04469,5.2089,90.512,95.721,100.93,106.139,111.348,116.557,121.766,126.975,132.184,137.392,hfa-girls-z-who-2007-exp (1).xlsx
HFA,F,76,,,1,117.0311,0.04475,5.2371,90.845,96.083,101.32,106.557,111.794,117.031,122.268,127.505,132.743,137.98,hfa-girls-z-who-2007-exp (1).xlsx
HFA,F,77,,,1,117.5044,0.04482,5.2665,91.172,96.438,101.705,106.971,112.238,117.504,122.771,128.037,133.304,138.571,hfa-girls-z-who-2007-exp (1).xlsx
HFA,F,78,,,1,117.9769,0.04489,5.296,91.497,96.793,102.089,107.385,112.681,117.977,123.273,128.569,133.865,139.161,hfa-girls-z-who-2007-exp (1).xlsx
HFA,F,79,,,1,118.4489,0.04495,5.3243,91.828,97.152,102.476,107.8,113.125,118.449,123.773,129.097,134.422,139.746,hfa-girls-z-who-2007-exp (1).xlsx
HFA,F,80,,,1,118.9208,0.04502,5.3538,92.152,97.506,102.859,108.213,113.567,118.921,124.275,129.628,134.982,140.336,hfa-girls-z-who-2007-exp (1).xlsx
HFA,F,81,,,1,119.3926,0.04508,5.3822,92.482,97.864,103.246,108.628,114.01,119.393,124.775,130.157,135.539,140.921,hfa-girls-z-who-2007-exp (1).xlsx
HFA,F,82,,,1,119.8648,0.04514,5.4107,92.811,98.222,103.633,109.043,114.454,119.865,125.275,130.686,136.097,141.508,hfa-girls-z-who-2007-exp (1).xlsx
HFA,F,83,,,1,120.3374,0.0452,5.4393,93.141,98.58,104.02,109.459,114.898,120.337,125.777,131.216,136.655,142.094,hfa-girls-z-who-2007-exp (1).xlsx
HFA,F,84,,,1,120.8105,0.04525,5.4667,93.477,98.944,104.41,109.877,115.344,120.81,126.277,131.744,137.211,142.677,hfa-girls-z-who-2007-exp (1).xlsx
HFA,F,85,,,1,121.2843,0.04531,5.4954,93.807,99.303,104.798,110.294,115.789,121.284,126.78,132.275,137.77,143.266,hfa-girls-z-who-2007-exp (1).xlsx
HFA,F,86,,,1,121.7587,0.04536,5.523,94.144,99.667,105.19,110.713,116.236,121.759,127.282,132.805,138.328,143.851,hfa-girls-z-who-2007-exp (1).xlsx
HFA,F,87,,,1,122.2338,0.04542,5.5519,94.475,100.026,105.578,111.13,116.682,122.234,127.786,133.338,138.889,144.441,hfa-girls-z-who-2007-exp (1).xlsx
HFA,F,88,,,1,122.7098,0.04547,5.5796,94.812,100.391,105.971,111.551,117.13,122.71,128.289,133.869,139.449,145.028,hfa-girls-z-who-2007-exp (1).xlsx
HFA,F,89,,,1,123.1868,0.04551,5.6062,95.156,100.762,106.368,111.974,117.581,123.187,128.793,134.399,140.005,145.612,hfa-girls-z-who-2007-exp (1).xlsx
HFA,F,90,,,1,123.6646,0.04556,5.6342,95.494,101.128,106.762,112.396,118.03,123.665,129.299,134.933,140.567,146.201,hfa-girls-z-who-2007-exp (1).xlsx
HFA,F,91,,,1,124.1435,0.04561,5.6622,95.833,101.495,107.157,112.819,118.481,124.144,129.806,135.468,141.13,146.792,hfa-girls-z-who-2007-exp (1).xlsx
HFA,F,92,,,1,124.6234,0.04565,5.6891,96.178,101.867,107.556,113.245,118.934,124.623,130.312,136.002,141.691,147.38,hfa-girls-z-who-2007-exp (1).xlsx
HFA,F,93,,,1,125.1045,0.04569,5.716,96.524,102.24,107.956,113.672,119.388,125.104,130.821,136.537,142.253,147.969,hfa-girls-z-who-2007-exp (1).xlsx
HFA,F,94,,,1,125.5869,0.04573,5.7431,96.871,102.615,108.358,114.101,119.844,125.587,131.33,137.073,142.816,148.559,hfa-girls-z-who-2007-exp (1).xlsx
HFA,F,95,,,1,126.0706,0.04577,5.7703,97.219,102.99,108.76,114.53,120.3,126.071,131.841,137.611,143.381,149.152,hfa-girls-z-who-2007-exp (1).xlsx
HFA,F,96,,,1,126.5558,0.04581,5.7975,97.568,103.366,109.163,114.961,120.758,126.556,132.353,138.151,143.948,149.746,hfa-girls-z-who-2007-exp (1).xlsx
HFA,F,97,,,1,127.0424,0.04585,5.8249,97.918,103.743,109.568,115.393,121.218,127.042,132.867,138.692,144.517,150.342,hfa-girls-z-who-2007-exp (1).xlsx
HFA,F,98,,,1,127.5304,0.04588,5.8511,98.275,104.126,109.977,115.828,121.679,127.53,133.381,139.233,145.084,150.935,hfa-girls-z-who-2007-exp (1).xlsx
HFA,F,99,,,1,128.0199,0.04591,5.8774,98.633,104.51,110.388,116.265,122.143,128.02,133.897,139.775,145.652,151.529,hfa-girls-z-who-2007-exp (1).xlsx
HFA,F,100,,,1,128.5109,0.04594,5.9038,98.992,104.896,110.8,116.703,122.607,128.511,134.415,140.318,146.222,152.126,hfa-girls-z-who-2007-exp (1).xlsx
HFA,F,101,,,1,129.0035,0.04597,5.9303,99.352,105.282,111.213,117.143,123.073,129.004,134.934,140.864,146.794,152.725,hfa-girls-z-who-2007-exp (1).xlsx
HFA,F,102,,,1,129.4975,0.046,5.9569,99.713,105.67,111.627,117.584,123.541,129.498,135.454,141.411,147.368,153.325,hfa-girls-z-who-2007-exp (1).xlsx
HFA,F,103,,,1,129.9932,0.04602,5.9823,100.082,106.064,112.046,118.029,124.011,129.993,135.975,141.958,147.94,153.922,hfa-girls-z-who-2007-exp (1).xlsx
HFA,F,104,,,1,130.4904,0.04604,6.0078,100.452,106.459,112.467,118.475,124.483,130.49,136.498,142.506,148.514,154.522,hfa-girls-z-who-2007-exp (1).xlsx
HFA,F,105,,,1,130.9891,0.04607,6.0347,100.816,106.85,112.885,118.92,124.954,130.989,137.024,143.058,149.093,155.128,hfa-girls-z-who-2007-exp (1).xlsx
HFA,F,106,,,1,131.4895,0.04608,6.059,101.194,107.253,113.312,119.371,125.43,131.49,137.549,143.608,149.667,155.726,hfa-girls-z-who-2007-exp (1).xlsx
HFA,F,107,,,1,131.9912,0.0461,6.0848,101.567,107.652,113.737,119.822,125.906,131.991,138.076,144.161,150.246,156.33,hfa-girls-z-who-2007-exp (1).xlsx
HFA,F,108,,,1,132.4944,0.04612,6.1106,101.941,108.052,114.162,120.273,126.384,132.494,138.605,144.716,150.826,156.937,hfa-girls-z-who-2007-exp (1).xlsx
HFA,F,109,,,1,132.9989,0.04613,6.1352,102.323,108.458,114.593,120.728,126.864,132.999,139.134,145.269,151.405,157.54,hfa-girls-z-who-2007-exp (1).xlsx
HFA,F,110,,,1,133.5046,0.04614,6.1599,102.705,108.865,115.025,121.185,127.345,133.505,139.665,145.824,151.984,158.144,hfa-girls-z-who-2007-exp (1).xlsx
HFA,F,111,,,1,134.0118,0.04615,6.1846,103.089,109.273,115.458,121.643,127.827,134.012,140.196,146.381,152.566,158.75,hfa-girls-z-who-2007-exp (1).xlsx
HFA,F,112,,,1,134.5202,0.04616,6.2095,103.473,109.682,115.892,122.101,128.311,134.52,140.73,146.939,153.149,159.358,hfa-girls-z-who-2007-exp (1).xlsx
HFA,F,113,,,1,135.0299,0.04616,6.233,103.865,110.098,116.331,122.564,128.797,135.03,141.263,147.496,153.729,159.962,hfa-girls-z-who-2007-exp (1).xlsx
HFA,F,114,,,1,135.541,0.04617,6.2579,104.251,110.509,116.767,123.025,129.283,135.541,141.799,148.057,154.315,160.573,hfa-girls-z-who-2007-exp (1).xlsx
HFA,F,115,,,1,136.0533,0.04617,6.2816,104.645,110.927,117.209,123.49,129.772,136.053,142.335,148.616,154.898,161.18,hfa-girls-z-who-2007-exp (1).xlsx
HFA,F,116,,,1,136.567,0.04616,6.3039,105.047,111.351,117.655,123.959,130.263,136.567,142.871,149.175,155.479,161.783,hfa-girls-z-who-2007-exp (1).xlsx
HFA,F,117,,,1,137.0821,0.04616,6.3277,105.444,111.771,118.099,124.427,130.754,137.082,143.41,149.738,156.065,162.393,hfa-girls-z-who-2007-exp (1).xlsx
HFA,F,118,,,1,137.5987,0.04616,6.3516,105.841,112.192,118.544,124.896,131.247,137.599,143.95,150.302,156.653,163.005,hfa-girls-z-who-2007-exp (1).xlsx
HFA,F,119,,,1,138.1167,0.04615,6.3741,106.246,112.62,118.994,125.369,131.743,138.117,144.491,150.865,157.239,163.613,hfa-girls-z-who-2007-exp (1).xlsx
HFA,F,120,,,1,138.6363,0.04614,6.3967,106.653,113.05,119.446,125.843,132.24,138.636,145.033,151.43,157.826,164.223,hfa-girls-z-who-2007-exp (1).xlsx
HFA,F,121,,,1,139.1575,0.04612,6.4179,107.068,113.486,119.904,126.322,132.74,139.158,145.575,151.993,158.411,164.829,hfa-girls-z-who-2007-exp (1).xlsx
HFA,F,122,,,1,139.6803,0.04611,6.4407,107.477,113.918,120.358,126.799,133.24,139.68,146.121,152.562,159.002,165.443,hfa-girls-z-who-2007-exp (1).xlsx
HFA,F,123,,,1,140.2049,0.04609,6.462,107.895,114.357,120.819,127.281,133.743,140.205,146.667,153.129,159.591,166.053,hfa-girls-z-who-2007-exp (1).xlsx
HFA,F,124,,,1,140.7313,0.04607,6.4835,108.314,114.797,121.281,127.764,134.248,140.731,147.215,153.698,160.182,166.665,hfa-girls-z-who-2007-exp (1).xlsx
HFA,F,125,,,1,141.2594,0.04605,6.505,108.734,115.239,121.744,128.249,134.754,141.259,147.764,154.269,160.774,167.279,hfa-girls-z-who-2007-exp (1).xlsx
HFA,F,126,,,1,141.7892,0.04603,6.5266,109.156,115.683,122.21,128.736,135.263,141.789,148.316,154.842,161.369,167.895,hfa-girls-z-who-2007-exp (1).xlsx
HFA,F,127,,,1,142.3206,0.046,6.5467,109.587,116.134,122.68,129.227,135.774,142.321,148.867,155.414,161.961,168.508,hfa-girls-z-who-2007-exp (1).xlsx
HFA,F,128,,,1,142.8534,0.04597,6.567,110.019,116.586,123.152,129.719,136.286,142.853,149.42,155.987,162.554,169.121,hfa-girls-z-who-2007-exp (1).xlsx
HFA,F,129,,,1,143.3874,0.04594,6.5872,110.451,117.039,123.626,130.213,136.8,143.387,149.975,156.562,163.149,169.736,hfa-girls-z-who-2007-exp (1).xlsx
HFA,F,130,,,1,143.9222,0.04591,6.6075,110.885,117.492,124.1,130.707,137.315,143.922,150.53,157.137,163.745,170.352,hfa-girls-z-who-2007-exp (1).xlsx
HFA,F,131,,,1,144.4575,0.04588,6.6277,111.319,117.947,124.574,131.202,137.83,144.458,151.085,157.713,164.341,170.968,hfa-girls-z-who-2007-exp (1).xlsx
HFA,F,132,,,1,144.9929,0.04584,6.6465,111.761,118.407,125.053,131.7,138.346,144.993,151.639,158.286,164.932,171.579,hfa-girls-z-who-2007-exp (1).xlsx
HFA,F,133,,,1,145.528,0.0458,6.6652,112.202,118.867,125.532,132.198,138.863,145.528,152.193,158.858,165.524,172.189,hfa-girls-z-who-2007-exp (1).xlsx
HFA,F,134,,,1,146.0622,0.04576,6.6838,112.643,119.327,126.011,132.695,139.378,146.062,152.746,159.43,166.114,172.797,hfa-girls-z-who-2007-exp (1).xlsx
HFA,F,135,,,1,146.5951,0.04571,6.7009,113.091,119.792,126.493,133.193,139.894,146.595,153.296,159.997,166.698,173.399,hfa-girls-z-who-2007-exp (1).xlsx
HFA,F,136,,,1,147.1262,0.04567,6.7193,113.53,120.249,126.968,133.688,140.407,147.126,153.845,160.565,167.284,174.003,hfa-girls-z-who-2007-exp (1).xlsx
HFA,F,137,,,1,147.6548,0.04562,6.736,113.975,120.711,127.447,134.183,140.919,147.655,154.391,161.127,167.863,174.599,hfa-girls-z-who-2007-exp (1).xlsx
HFA,F,138,,,1,148.1804,0.04557,6.7526,114.417,121.17,127.923,134.675,141.428,148.18,154.933,161.686,168.438,175.191,hfa-girls-z-who-2007-exp (1).xlsx
HFA,F,139,,,1,148.7023,0.04552,6.7689,114.858,121.627,128.396,135.164,141.933,148.702,155.471,162.24,169.009,175.778,hfa-girls-z-who-2007-exp (1).xlsx
HFA,F,140,,,1,149.2197,0.04546,6.7835,115.302,122.086,128.869,135.653,142.436,149.22,156.003,162.787,169.57,176.354,hfa-girls-z-who-2007-exp (1).xlsx
HFA,F,141,,,1,149.7322,0.04541,6.7993,115.736,122.535,129.334,136.134,142.933,149.732,156.532,163.331,170.13,176.93,hfa-girls-z-who-2007-exp (1).xlsx
HFA,F,142,,,1,150.239,0.04535,6.8133,116.172,122.986,129.799,136.612,143.426,150.239,157.052,163.866,170.679,177.492,hfa-girls-z-who-2007-exp (1).xlsx
HFA,F,143,,,1,150.7394,0.04529,6.827,116.604,123.431,130.258,137.085,143.912,150.739,157.566,164.393,171.22,178.047,hfa-girls-z-who-2007-exp (1).xlsx
HFA,F,144,,,1,151.2327,0.04523,6.8403,117.031,123.872,130.712,137.552,144.392,151.233,158.073,164.913,171.753,178.594,hfa-girls-z-who-2007-exp (1).xlsx
HFA,F,145,,,1,151.7182,0.04516,6.8516,117.46,124.312,131.163,138.015,144.867,151.718,158.57,165.421,172.273,179.125,hfa-girls-z-who-2007-exp (1).xlsx
HFA,F,146,,,1,152.1951,0.0451,6.864,117.875,124.739,131.603,138.467,145.331,152.195,159.059,165.923,172.787,179.651,hfa-girls-z-who-2007-exp (1).xlsx
HFA,F,147,,,1,152.6628,0.04503,6.8744,118.291,125.165,132.04,138.914,145.788,152.663,159.537,166.412,173.286,180.16,hfa-girls-z-who-2007-exp (1).xlsx
HFA,F,148,,,1,153.1206,0.04497,6.8858,118.691,125.577,132.463,139.349,146.235,153.121,160.006,166.892,173.778,180.664,hfa-girls-z-who-2007-exp (1).xlsx
HFA,F,149,,,1,153.5678,0.0449,6.8952,119.092,125.987,132.882,139.777,146.673,153.568,160.463,167.358,174.253,181.149,hfa-girls-z-who-2007-exp (1).xlsx
HFA,F,150,,,1,154.0041,0.04483,6.904,119.484,126.388,133.292,140.196,147.1,154.004,160.908,167.812,174.716,181.62,hfa-girls-z-who-2007-exp (1).xlsx
HFA,F,151,,,1,154.429,0.04476,6.9122,119.868,126.78,133.692,140.605,147.517,154.429,161.341,168.253,175.166,182.078,hfa-girls-z-who-2007-exp (1).xlsx
HFA,F,152,,,1,154.8423,0.04468,6.9184,120.251,127.169,134.087,141.006,147.924,154.842,161.761,168.679,175.597,182.516,hfa-girls-z-who-2007-exp (1).xlsx
HFA,F,153,,,1,155.2437,0.04461,6.9254,120.617,127.542,134.467,141.393,148.318,155.244,162.169,169.095,176.02,182.945,hfa-girls-z-who-2007-exp (1).xlsx
HFA,F,154,,,1,155.633,0.04454,6.9319,120.974,127.905,134.837,141.769,148.701,155.633,162.565,169.497,176.429,183.361,hfa-girls-z-who-2007-exp (1).xlsx
HFA,F,155,,,1,156.0101,0.04446,6.9362,121.329,128.265,135.201,142.138,149.074,156.01,162.946,169.883,176.819,183.755,hfa-girls-z-who-2007-exp (1).xlsx
HFA,F,156,,,1,156.3748,0.04439,6.9415,121.667,128.609,135.55,142.492,149.433,156.375,163.316,170.258,177.199,184.141,hfa-girls-z-who-2007-exp (1).xlsx
HFA,F,157,,,1,156.7269,0.04431,6.9446,122.004,128.949,135.893,142.838,149.782,156.727,163.671,170.616,177.561,184.505,hfa-girls-z-who-2007-exp (1).xlsx
HFA,F,158,,,1,157.0666,0.04423,6.9471,122.331,129.278,136.225,143.172,150.12,157.067,164.014,170.961,177.908,184.855,hfa-girls-z-who-2007-exp (1).xlsx
HFA,F,159,,,1,157.3936,0.04415,6.9489,122.649,129.598,136.547,143.496,150.445,157.394,164.343,171.291,178.24,185.189,hfa-girls-z-who-2007-exp (1).xlsx
HFA,F,160,,,1,157.7082,0.04408,6.9518,122.949,129.901,136.853,143.805,150.756,157.708,164.66,171.612,178.564,185.515,hfa-girls-z-who-2007-exp (1).xlsx
HFA,F,161,,,1,158.0102,0.044,6.9524,123.248,130.2,137.153,144.105,151.058,158.01,164.963,171.915,178.868,185.82,hfa-girls-z-who-2007-exp (1).xlsx
HFA,F,162,,,1,158.2997,0.04392,6.9525,123.537,130.49,137.442,144.395,151.347,158.3,165.252,172.205,179.157,186.11,hfa-girls-z-who-2007-exp (1).xlsx
HFA,F,163,,,1,158.5771,0.04384,6.952,123.817,130.769,137.721,144.673,151.625,158.577,165.529,172.481,179.433,186.385,hfa-girls-z-who-2007-exp (1).xlsx
HFA,F,164,,,1,158.8425,0.04376,6.9509,124.088,131.039,137.99,144.941,151.892,158.842,165.793,172.744,179.695,186.646,hfa-girls-z-who-2007-exp (1).xlsx
HFA,F,165,,,1,159.0961,0.04369,6.9509,124.342,131.292,138.243,145.194,152.145,159.096,166.047,172.998,179.949,186.9,hfa-girls-z-who-2007-exp (1).xlsx
HFA,F,166,,,1,159.3382,0.04361,6.9487,124.595,131.543,138.492,145.441,152.389,159.338,166.287,173.236,180.184,187.133,hfa-girls-z-who-2007-exp (1).xlsx
HFA,F,167,,,1,159.5691,0.04353,6.946,124.839,131.785,138.731,145.677,152.623,159.569,166.515,173.461,180.407,187.353,hfa-girls-z-who-2007-exp (1).xlsx
HFA,F,168,,,1,159.789,0.04345,6.9428,125.075,132.018,138.961,145.903,152.846,159.789,166.732,173.675,180.617,187.56,hfa-girls-z-who-2007-exp (1).xlsx
HFA,F,169,,,1,159.9983,0.04337,6.9391,125.303,132.242,139.181,146.12,153.059,159.998,166.937,173.877,180.816,187.755,hfa-girls-z-who-2007-exp (1).xlsx
HFA,F,170,,,1,160.1971,0.0433,6.9365,125.514,132.451,139.387,146.324,153.261,160.197,167.134,174.07,181.007,187.943,hfa-girls-z-who-2007-exp (1).xlsx
HFA,F,171,,,1,160.3857,0.04322,6.9319,125.726,132.658,139.59,146.522,153.454,160.386,167.318,174.249,181.181,188.113,hfa-girls-z-who-2007-exp (1).xlsx
HFA,F,172,,,1,160.5643,0.04314,6.9267,125.931,132.857,139.784,146.711,153.638,160.564,167.491,174.418,181.345,188.271,hfa-girls-z-who-2007-exp (1).xlsx
HFA,F,173,,,1,160.7332,0.04307,6.9228,126.119,133.042,139.965,146.888,153.81,160.733,167.656,174.579,181.502,188.424,hfa-girls-z-who-2007-exp (1).xlsx
HFA,F,174,,,1,160.8927,0.04299,6.9168,126.309,133.226,140.142,147.059,153.976,160.893,167.809,174.726,181.643,188.56,hfa-girls-z-who-2007-exp (1).xlsx
HFA,F,175,,,1,161.043,0.04292,6.912,126.483,133.395,140.307,147.219,154.131,161.043,167.955,174.867,181.779,188.691,hfa-girls-z-who-2007-exp (1).xlsx
HFA,F,176,,,1,161.1845,0.04284,6.9051,126.659,133.564,140.469,147.374,154.279,161.184,168.09,174.995,181.9,188.805,hfa-girls-z-who-2007-exp (1).xlsx
HFA,F,177,,,1,161.3176,0.04277,6.8996,126.82,133.719,140.619,147.518,154.418,161.318,168.217,175.117,182.016,188.916,hfa-girls-z-who-2007-exp (1).xlsx
HFA,F,178,,,1,161.4425,0.0427,6.8936,126.975,133.868,140.762,147.655,154.549,161.442,168.336,175.23,182.123,189.017,hfa-girls-z-who-2007-exp (1).xlsx
HFA,F,179,,,1,161.5596,0.04263,6.8873,127.123,134.01,140.898,147.785,154.672,161.56,168.447,175.334,182.221,189.109,hfa-girls-z-who-2007-exp (1).xlsx
HFA,F,180,,,1,161.6692,0.04255,6.879,127.274,134.153,141.032,147.911,154.79,161.669,168.548,175.427,182.306,189.185,hfa-girls-z-who-2007-exp (1).xlsx
HFA,F,181,,,1,161.7717,0.04248,6.8721,127.411,134.283,141.156,148.028,154.9,161.772,168.644,175.516,182.388,189.26,hfa-girls-z-who-2007-exp (1).xlsx
HFA,F,182,,,1,161.8673,0.04241,6.8648,127.543,134.408,141.273,148.138,155.003,161.867,168.732,175.597,182.462,189.326,hfa-girls-z-who-2007-exp (1).xlsx
HFA,F,183,,,1,161.9564,0.04235,6.8589,127.662,134.521,141.38,148.239,155.098,161.956,168.815,175.674,182.533,189.392,hfa-girls-z-who-2007-exp (1).xlsx
HFA,F,184,,,1,162.0393,0.04228,6.851,127.784,134.635,141.486,148.337,155.188,162.039,168.89,175.741,182.592,189.443,hfa-girls-z-who-2007-exp (1).xlsx
HFA,F,185,,,1,162.1164,0.04221,6.8429,127.902,134.745,141.588,148.431,155.273,162.116,168.959,175.802,182.645,189.488,hfa-girls-z-who-2007-exp (1).xlsx
HFA,F,186,,,1,162.188,0.04214,6.8346,128.015,134.85,141.684,148.519,155.353,162.188,169.023,175.857,182.692,189.526,hfa-girls-z-who-2007-exp (1).xlsx
HFA,F,187,,,1,162.2542,0.04208,6.8277,128.116,134.944,141.771,148.599,155.427,162.254,169.082,175.91,182.737,189.565,hfa-girls-z-who-2007-exp (1).xlsx
HFA,F,188,,,1,162.3154,0.04201,6.8189,128.221,135.04,141.859,148.678,155.497,162.315,169.134,175.953,182.772,189.591,hfa-girls-z-who-2007-exp (1).xlsx
HFA,F,189,,,1,162.3719,0.04195,6.8115,128.314,135.126,141.937,148.749,155.56,162.372,169.183,175.995,182.806,189.618,hfa-girls-z-who-2007-exp (1).xlsx
HFA,F,190,,,1,162.4239,0.04189,6.8039,128.404,135.208,142.012,148.816,155.62,162.424,169.228,176.032,182.836,189.64,hfa-girls-z-who-2007-exp (1).xlsx
HFA,F,191,,,1,162.4717,0.04182,6.7946,128.499,135.293,142.088,148.883,155.677,162.472,169.266,176.061,182.855,189.65,hfa-girls-z-who-2007-exp (1).xlsx
HFA,F,192,,,1,162.5156,0.04176,6.7867,128.582,135.369,142.156,148.942,155.729,162.516,169.302,176.089,182.876,189.662,hfa-girls-z-who-2007-exp (1).xlsx
HFA,F,193,,,1,162.556,0.0417,6.7786,128.663,135.442,142.22,148.999,155.777,162.556,169.335,176.113,182.892,189.67,hfa-girls-z-who-2007-exp (1).xlsx
HFA,F,194,,,1,162.5933,0.04164,6.7704,128.741,135.512,142.282,149.053,155.823,162.593,169.364,176.134,182.904,189.675,hfa-girls-z-who-2007-exp (1).xlsx
HFA,F,195,,,1,162.6276,0.04158,6.7621,128.817,135.579,142.341,149.103,155.866,162.628,169.39,176.152,182.914,189.676,hfa-girls-z-who-2007-exp (1).xlsx
HFA,F,196,,,1,162.6594,0.04152,6.7536,128.891,135.645,142.399,149.152,155.906,162.659,169.413,176.167,182.92,189.674,hfa-girls-z-who-2007-exp (1).xlsx
HFA,F,197,,,1,162.689,0.04147,6.7467,128.955,135.702,142.449,149.196,155.942,162.689,169.436,176.182,182.929,189.676,hfa-girls-z-who-2007-exp (1).xlsx
HFA,F,198,,,1,162.7165,0.04141,6.7381,129.026,135.764,142.502,149.24,155.978,162.716,169.455,176.193,182.931,189.669,hfa-girls-z-who-2007-exp (1).xlsx
HFA,F,199,,,1,162.7425,0.04136,6.731,129.087,135.818,142.549,149.28,156.011,162.742,169.474,176.205,182.936,189.667,hfa-girls-z-who-2007-exp (1).xlsx
HFA,F,200,,,1,162.767,0.0413,6.7223,129.156,135.878,142.6,149.322,156.045,162.767,169.489,176.212,182.934,189.656,hfa-girls-z-who-2007-exp (1).xlsx
HFA,F,201,,,1,162.7904,0.04125,6.7151,129.215,135.93,142.645,149.36,156.075,162.79,169.506,176.221,182.936,189.651,hfa-girls-z-who-2007-exp (1).xlsx
HFA,F,202,,,1,162.8126,0.04119,6.7063,129.281,135.988,142.694,149.4,156.106,162.813,169.519,176.225,182.931,189.638,hfa-girls-z-who-2007-exp (1).xlsx
HFA,F,203,,,1,162.834,0.04114,6.699,129.339,136.038,142.737,149.436,156.135,162.834,169.533,176.232,182.931,189.63,hfa-girls-z-who-2007-exp (1).xlsx
HFA,F,204,,,1,162.8545,0.04109,6.6917,129.396,136.088,142.779,149.471,156.163,162.854,169.546,176.238,182.93,189.621,hfa-girls-z-who-2007-exp (1).xlsx
HFA,F,205,,,1,162.8743,0.04104,6.6844,129.452,136.137,142.821,149.506,156.19,162.874,169.559,176.243,182.927,189.612,hfa-girls-z-who-2007-exp (1).xlsx
HFA,F,206,,,1,162.8935,0.04099,6.677,129.508,136.185,142.862,149.539,156.216,162.894,169.571,176.248,182.925,189.602,hfa-girls-z-who-2007-exp (1).xlsx
HFA,F,207,,,1,162.912,0.04094,6.6696,129.564,136.234,142.903,149.573,156.242,162.912,169.582,176.251,182.921,189.59,hfa-girls-z-who-2007-exp (1).xlsx
HFA,F,208,,,1,162.93,0.04089,6.6622,129.619,136.281,142.943,149.606,156.268,162.93,169.592,176.254,182.917,189.579,hfa-girls-z-who-2007-exp (1).xlsx
HFA,F,209,,,1,162.9476,0.04084,6.6548,129.674,136.328,142.983,149.638,156.293,162.948,169.602,176.257,182.912,189.567,hfa-girls-z-who-2007-exp (1).xlsx
HFA,F,210,,,1,162.9649,0.0408,6.649,129.72,136.369,143.018,149.667,156.316,162.965,169.614,176.263,182.912,189.561,hfa-girls-z-who-2007-exp (1).xlsx
HFA,F,211,,,1,162.9817,0.04075,6.6415,129.774,136.416,143.057,149.699,156.34,162.982,169.623,176.265,182.906,189.548,hfa-girls-z-who-2007-exp (1).xlsx
HFA,F,212,,,1,162.9983,0.04071,6.6357,129.82,136.456,143.091,149.727,156.363,162.998,169.634,176.27,182.905,189.541,hfa-girls-z-who-2007-exp (1).xlsx
HFA,F,213,,,1,163.0144,0.04066,6.6282,129.874,136.502,143.13,149.758,156.386,163.014,169.643,176.271,182.899,189.527,hfa-girls-z-who-2007-exp (1).xlsx
HFA,F,214,,,1,163.03,0.04062,6.6223,129.919,136.541,143.163,149.785,156.408,163.03,169.652,176.275,182.897,189.519,hfa-girls-z-who-2007-exp (1).xlsx
HFA,F,215,,,1,163.0451,0.04058,6.6164,129.963,136.58,143.196,149.812,156.429,163.045,169.661,176.278,182.894,189.511,hfa-girls-z-who-2007-exp (1).xlsx
HFA,F,216,,,1,163.0595,0.04053,6.6088,130.015,136.624,143.233,149.842,156.451,163.06,169.668,176.277,182.886,189.495,hfa-girls-z-who-2007-exp (1).xlsx
HFA,F,217,,,1,163.0733,0.04049,6.6028,130.059,136.662,143.265,149.868,156.47,163.073,169.676,176.279,182.882,189.485,hfa-girls-z-who-2007-exp (1).xlsx
HFA,F,218,,,1,163.0862,0.04045,6.5968,130.102,136.699,143.296,149.893,156.489,163.086,169.683,176.28,182.877,189.474,hfa-girls-z-who-2007-exp (1).xlsx
HFA,F,219,,,1,163.0982,0.04041,6.5908,130.144,136.735,143.326,149.917,156.507,163.098,169.689,176.28,182.871,189.461,hfa-girls-z-who-2007-exp (1).xlsx
HFA,F,220,,,1,163.1092,0.04037,6.5847,130.186,136.77,143.355,149.94,156.524,163.109,169.694,176.279,182.863,189.448,hfa-girls-z-who-2007-exp (1).xlsx
HFA,F,221,,,1,163.1192,0.04034,6.5802,130.218,136.798,143.379,149.959,156.539,163.119,169.699,176.28,182.86,189.44,hfa-girls-z-who-2007-exp (1).xlsx
HFA,F,222,,,1,163.1279,0.0403,6.5741,130.258,136.832,143.406,149.98,156.554,163.128,169.702,176.276,182.85,189.424,hfa-girls-z-who-2007-exp (1).xlsx
HFA,F,223,,,1,163.1355,0.04026,6.5678,130.296,136.864,143.432,150,156.568,163.136,169.703,176.271,182.839,189.407,hfa-girls-z-who-2007-exp (1).xlsx
HFA,F,224,,,1,163.1418,0.04023,6.5632,130.326,136.889,143.452,150.015,156.579,163.142,169.705,176.268,182.831,189.395,hfa-girls-z-who-2007-exp (1).xlsx
HFA,F,225,,,1,163.1469,0.04019,6.5569,130.363,136.919,143.476,150.033,156.59,163.147,169.704,176.261,182.818,189.374,hfa-girls-z-who-2007-exp (1).xlsx
HFA,F,226,,,1,163.1508,0.04016,6.5521,130.39,136.942,143.494,150.047,156.599,163.151,169.703,176.255,182.807,189.359,hfa-girls-z-who-2007-exp (1).xlsx
HFA,F,227,,,1,163.1534,0.04012,6.5457,130.425,136.971,143.516,150.062,156.608,163.153,169.699,176.245,182.791,189.336,hfa-girls-z-who-2007-exp (1).xlsx
HFA,F,228,,,1,163.1548,0.04009,6.5409,130.45,136.991,143.532,150.073,156.614,163.155,169.696,176.237,182.777,189.318,hfa-girls-z-who-2007-exp (1).xlsx
WFA,M,61,,,-0.2026,18.5057,0.12988,,,11.07,12.718,14.367,16.279,18.506,21.109,24.165,27.77,31.375,hfa-boys-z-who-2007-exp_0ff9c43c-8cc0-4c23-9fc6-81290675e08b (1).xlsx
WFA,M,62,,,-0.213,18.6802,0.13028,,,11.171,12.833,14.496,16.428,18.68,21.319,24.423,28.093,31.764,hfa-boys-z-who-2007-exp_0ff9c43c-8cc0-4c23-9fc6-81290675e08b (1).xlsx
WFA,M,63,,,-0.2234,18.8563,0.13067,,,11.272,12.95,14.627,16.578,18.856,21.53,24.683,28.42,32.157,hfa-boys-z-who-2007-exp_0ff9c43c-8cc0-4c23-9fc6-81290675e08b (1).xlsx
WFA,M,64,,,-0.2338,19.034,0.13105,,,11.376,13.067,14.759,16.729,19.034,21.744,24.946,28.75,32.554,hfa-boys-z-who-2007-exp_0ff9c43c-8cc0-4c23-9fc6-81290675e08b (1).xlsx
WFA,M,65,,,-0.2443,19.2132,0.13142,,,11.48,13.186,14.892,16.882,19.213,21.959,25.21,29.083,32.956,hfa-boys-z-who-2007-exp_0ff9c43c-8cc0-4c23-9fc6-81290675e08b (1).xlsx
WFA,M,66,,,-0.2548,19.394,0.13178,,,11.587,13.307,15.027,17.036,19.394,22.176,25.477,29.42,33.362,hfa-boys-z-who-2007-exp_0ff9c43c-8cc0-4c23-9fc6-81290675e08b (1).xlsx
WFA,M,67,,,-0.2653,19.5765,0.13213,,,11.694,13.429,15.164,17.192,19.576,22.395,25.747,29.76,33.772,hfa-boys-z-who-2007-exp_0ff9c43c-8cc0-4c23-9fc6-81290675e08b (1).xlsx
WFA,M,68,,,-0.2758,19.7607,0.13246,,,11.804,13.553,15.302,17.35,19.761,22.615,26.018,30.102,34.186,hfa-boys-z-who-2007-exp_0ff9c43c-8cc0-4c23-9fc6-81290675e08b (1).xlsx
WFA,M,69,,,-0.2864,19.9468,0.13279,,,11.915,13.679,15.442,17.509,19.947,22.839,26.293,30.449,34.605,hfa-boys-z-who-2007-exp_0ff9c43c-8cc0-4c23-9fc6-81290675e08b (1).xlsx
WFA,M,70,,,-0.2969,20.1344,0.13311,,,12.027,13.805,15.583,17.67,20.134,23.063,26.569,30.799,35.029,hfa-boys-z-who-2007-exp_0ff9c43c-8cc0-4c23-9fc6-81290675e08b (1).xlsx
WFA,M,71,,,-0.3075,20.3235,0.13342,,,12.141,13.934,15.726,17.832,20.324,23.29,26.848,31.153,35.457,hfa-boys-z-who-2007-exp_0ff9c43c-8cc0-4c23-9fc6-81290675e08b (1).xlsx
WFA,M,72,,,-0.318,20.5137,0.13372,,,12.256,14.063,15.87,17.996,20.514,23.517,27.129,31.508,35.888,hfa-boys-z-who-2007-exp_0ff9c43c-8cc0-4c23-9fc6-81290675e08b (1).xlsx
WFA,M,73,,,-0.3285,20.7052,0.13402,,,12.371,14.193,16.015,18.16,20.705,23.747,27.412,31.868,36.324,hfa-boys-z-who-2007-exp_0ff9c43c-8cc0-4c23-9fc6-81290675e08b (1).xlsx
WFA,M,74,,,-0.339,20.8979,0.13432,,,12.488,14.324,16.16,18.326,20.898,23.978,27.697,32.231,36.765,hfa-boys-z-who-2007-exp_0ff9c43c-8cc0-4c23-9fc6-81290675e08b (1).xlsx
WFA,M,75,,,-0.3494,21.0918,0.13462,,,12.605,14.456,16.307,18.492,21.092,24.21,27.984,32.598,37.211,hfa-boys-z-who-2007-exp_0ff9c43c-8cc0-4c23-9fc6-81290675e08b (1).xlsx
WFA,M,76,,,-0.3598,21.287,0.13493,,,12.722,14.588,16.454,18.659,21.287,24.445,28.275,32.969,37.664,hfa-boys-z-who-2007-exp_0ff9c43c-8cc0-4c23-9fc6-81290675e08b (1).xlsx
WFA,M,77,,,-0.3701,21.4833,0.13523,,,12.841,14.721,16.602,18.828,21.483,24.68,28.567,33.343,38.12,hfa-boys-z-who-2007-exp_0ff9c43c-8cc0-4c23-9fc6-81290675e08b (1).xlsx
WFA,M,78,,,-0.3804,21.681,0.13554,,,12.96,14.855,16.751,18.997,21.681,24.918,28.862,33.723,38.583,hfa-boys-z-who-2007-exp_0ff9c43c-8cc0-4c23-9fc6-81290675e08b (1).xlsx
WFA,M,79,,,-0.3906,21.8799,0.13586,,,13.079,14.99,16.9,19.167,21.88,25.158,29.161,34.107,39.054,hfa-boys-z-who-2007-exp_0ff9c43c-8cc0-4c23-9fc6-81290675e08b (1).xlsx
WFA,M,80,,,-0.4007,22.08,0.13618,,,13.199,15.125,17.05,19.338,22.08,25.399,29.461,34.495,39.529,hfa-boys-z-who-2007-exp_0ff9c43c-8cc0-4c23-9fc6-81290675e08b (1).xlsx
WFA,M,81,,,-0.4107,22.2813,0.13652,,,13.318,15.259,17.201,19.51,22.281,25.642,29.765,34.889,40.013,hfa-boys-z-who-2007-exp_0ff9c43c-8cc0-4c23-9fc6-81290675e08b (1).xlsx
WFA,M,82,,,-0.4207,22.4837,0.13686,,,13.438,15.395,17.352,19.682,22.484,25.887,30.072,35.287,40.503,hfa-boys-z-who-2007-exp_0ff9c43c-8cc0-4c23-9fc6-81290675e08b (1).xlsx
WFA,M,83,,,-0.4305,22.6872,0.13722,,,13.558,15.531,17.503,19.855,22.687,26.134,30.382,35.692,41.001,hfa-boys-z-who-2007-exp_0ff9c43c-8cc0-4c23-9fc6-81290675e08b (1).xlsx
WFA,M,84,,,-0.4402,22.8915,0.13759,,,13.677,15.666,17.655,20.029,22.892,26.382,30.695,36.1,41.506,hfa-boys-z-who-2007-exp_0ff9c43c-8cc0-4c23-9fc6-81290675e08b (1).xlsx
WFA,M,85,,,-0.4499,23.0968,0.13797,,,13.797,15.802,17.807,20.203,23.097,26.632,31.011,36.515,42.019,hfa-boys-z-who-2007-exp_0ff9c43c-8cc0-4c23-9fc6-81290675e08b (1).xlsx
WFA,M,86,,,-0.4594,23.3029,0.13838,,,13.915,15.937,17.958,20.377,23.303,26.885,31.33,36.936,42.542,hfa-boys-z-who-2007-exp_0ff9c43c-8cc0-4c23-9fc6-81290675e08b (1).xlsx
WFA,M,87,,,-0.4688,23.5101,0.1388,,,14.033,16.072,18.11,20.552,23.51,27.138,31.653,37.363,43.073,hfa-boys-z-who-2007-exp_0ff9c43c-8cc0-4c23-9fc6-81290675e08b (1).xlsx
WFA,M,88,,,-0.4781,23.7182,0.13923,,,14.151,16.207,18.262,20.727,23.718,27.394,31.979,37.795,43.612,hfa-boys-z-who-2007-exp_0ff9c43c-8cc0-4c23-9fc6-81290675e08b (1).xlsx
WFA,M,89,,,-0.4873,23.9272,0.13969,,,14.268,16.341,18.414,20.903,23.927,27.652,32.309,38.236,44.163,hfa-boys-z-who-2007-exp_0ff9c43c-8cc0-4c23-9fc6-81290675e08b (1).xlsx
WFA,M,90,,,-0.4964,24.1371,0.14016,,,14.385,16.475,18.565,21.078,24.137,27.911,32.642,38.682,44.722,hfa-boys-z-who-2007-exp_0ff9c43c-8cc0-4c23-9fc6-81290675e08b (1).xlsx
WFA,M,91,,,-0.5053,24.3479,0.14065,,,14.502,16.609,18.717,21.255,24.348,28.172,32.979,39.135,45.291,hfa-boys-z-who-2007-exp_0ff9c43c-8cc0-4c23-9fc6-81290675e08b (1).xlsx
WFA,M,92,,,-0.5142,24.5595,0.14117,,,14.617,16.742,18.868,21.431,24.56,28.436,33.32,39.597,45.873,hfa-boys-z-who-2007-exp_0ff9c43c-8cc0-4c23-9fc6-81290675e08b (1).xlsx
WFA,M,93,,,-0.5229,24.7722,0.1417,,,14.732,16.875,19.019,21.607,24.772,28.701,33.665,40.065,46.464,hfa-boys-z-who-2007-exp_0ff9c43c-8cc0-4c23-9fc6-81290675e08b (1).xlsx
WFA,M,94,,,-0.5315,24.9858,0.14226,,,14.845,17.008,19.17,21.784,24.986,28.969,34.015,40.542,47.069,hfa-boys-z-who-2007-exp_0ff9c43c-8cc0-4c23-9fc6-81290675e08b (1).xlsx
WFA,M,95,,,-0.5399,25.2005,0.14284,,,14.958,17.14,19.321,21.961,25.2,29.239,34.368,41.027,47.686,hfa-boys-z-who-2007-exp_0ff9c43c-8cc0-4c23-9fc6-81290675e08b (1).xlsx
WFA,M,96,,,-0.5482,25.4163,0.14344,,,15.071,17.271,19.472,22.138,25.416,29.512,34.727,41.521,48.315,hfa-boys-z-who-2007-exp_0ff9c43c-8cc0-4c23-9fc6-81290675e08b (1).xlsx
WFA,M,97,,,-0.5564,25.6332,0.14407,,,15.182,17.402,19.622,22.316,25.633,29.787,35.091,42.025,48.959,hfa-boys-z-who-2007-exp_0ff9c43c-8cc0-4c23-9fc6-81290675e08b (1).xlsx
WFA,M,98,,,-0.5644,25.8513,0.14472,,,15.292,17.532,19.772,22.494,25.851,30.064,35.459,42.538,49.617,hfa-boys-z-who-2007-exp_0ff9c43c-8cc0-4c23-9fc6-81290675e08b (1).xlsx
WFA,M,99,,,-0.5722,26.0706,0.14539,,,15.402,17.662,19.922,22.672,26.071,30.344,35.832,43.06,50.287,hfa-boys-z-who-2007-exp_0ff9c43c-8cc0-4c23-9fc6-81290675e08b (1).xlsx
WFA,M,100,,,-0.5799,26.2911,0.14608,,,15.511,17.792,20.072,22.851,26.291,30.627,36.21,43.591,50.972,hfa-boys-z-who-2007-exp_0ff9c43c-8cc0-4c23-9fc6-81290675e08b (1).xlsx
WFA,M,101,,,-0.5873,26.5128,0.14679,,,15.62,17.921,20.222,23.031,26.513,30.912,36.593,44.131,51.669,hfa-boys-z-who-2007-exp_0ff9c43c-8cc0-4c23-9fc6-81290675e08b (1).xlsx
WFA,M,102,,,-0.5946,26.7358,0.14752,,,15.727,18.05,20.372,23.21,26.736,31.199,36.981,44.682,52.382,hfa-boys-z-who-2007-exp_0ff9c43c-8cc0-4c23-9fc6-81290675e08b (1).xlsx
WFA,M,103,,,-0.6017,26.9602,0.14828,,,15.834,18.178,20.522,23.39,26.96,31.49,37.376,45.244,53.113,hfa-boys-z-who-2007-exp_0ff9c43c-8cc0-4c23-9fc6-81290675e08b (1).xlsx
WFA,M,104,,,-0.6085,27.1861,0.14905,,,15.94,18.306,20.672,23.571,27.186,31.784,37.774,45.815,53.855,hfa-boys-z-who-2007-exp_0ff9c43c-8cc0-4c23-9fc6-81290675e08b (1).xlsx
WFA,M,105,,,-0.6152,27.4137,0.14984,,,16.045,18.433,20.822,23.753,27.414,32.08,38.179,46.397,54.615,hfa-boys-z-who-2007-exp_0ff9c43c-8cc0-4c23-9fc6-81290675e08b (1).xlsx
WFA,M,106,,,-0.6216,27.6432,0.15066,,,16.15,18.561,20.972,23.936,27.643,32.381,38.591,46.992,55.394,hfa-boys-z-who-2007-exp_0ff9c43c-8cc0-4c23-9fc6-81290675e08b (1).xlsx
WFA,M,107,,,-0.6278,27.875,0.15149,,,16.254,18.689,21.123,24.119,27.875,32.685,39.009,47.598,56.188,hfa-boys-z-who-2007-exp_0ff9c43c-8cc0-4c23-9fc6-81290675e08b (1).xlsx
WFA,M,108,,,-0.6337,28.1092,0.15233,,,16.359,18.817,21.275,24.305,28.109,32.993,39.433,48.214,56.996,hfa-boys-z-who-2007-exp_0ff9c43c-8cc0-4c23-9fc6-81290675e08b (1).xlsx
WFA,M,109,,,-0.6393,28.3459,0.15319,,,16.463,18.945,21.428,24.492,28.346,33.305,39.864,48.843,57.822,hfa-boys-z-who-2007-exp_0ff9c43c-8cc0-4c23-9fc6-81290675e08b (1).xlsx
WFA,M,110,,,-0.6446,28.5854,0.15406,,,16.568,19.075,21.582,24.681,28.585,33.621,40.301,49.483,58.664,hfa-boys-z-who-2007-exp_0ff9c43c-8cc0-4c23-9fc6-81290675e08b (1).xlsx
WFA,M,111,,,-0.6496,28.8277,0.15493,,,16.673,19.205,21.737,24.871,28.828,33.941,40.744,50.132,59.519,hfa-boys-z-who-2007-exp_0ff9c43c-8cc0-4c23-9fc6-81290675e08b (1).xlsx
WFA,M,112,,,-0.6543,29.0731,0.15581,,,16.778,19.336,21.894,25.064,29.073,34.266,41.195,50.792,60.389,hfa-boys-z-who-2007-exp_0ff9c43c-8cc0-4c23-9fc6-81290675e08b (1).xlsx
WFA,M,113,,,-0.6585,29.3217,0.1567,,,16.884,19.468,22.052,25.259,29.322,34.595,41.652,51.463,61.274,hfa-boys-z-who-2007-exp_0ff9c43c-8cc0-4c23-9fc6-81290675e08b (1).xlsx
WFA,M,114,,,-0.6624,29.5736,0.1576,,,16.99,19.601,22.212,25.457,29.574,34.929,42.116,52.146,62.175,hfa-boys-z-who-2007-exp_0ff9c43c-8cc0-4c23-9fc6-81290675e08b (1).xlsx
WFA,M,115,,,-0.6659,29.8289,0.1585,,,17.096,19.735,22.373,25.656,29.829,35.268,42.587,52.838,63.089,hfa-boys-z-who-2007-exp_0ff9c43c-8cc0-4c23-9fc6-81290675e08b (1).xlsx
WFA,M,116,,,-0.6689,30.0877,0.1594,,,17.203,19.87,22.537,25.859,30.088,35.612,43.063,53.538,64.012,hfa-boys-z-who-2007-exp_0ff9c43c-8cc0-4c23-9fc6-81290675e08b (1).xlsx
WFA,M,117,,,-0.6714,30.3501,0.16031,,,17.31,20.006,22.701,26.064,30.35,35.96,43.547,54.248,64.949,hfa-boys-z-who-2007-exp_0ff9c43c-8cc0-4c23-9fc6-81290675e08b (1).xlsx
WFA,M,118,,,-0.6735,30.616,0.16122,,,17.418,20.143,22.868,26.271,30.616,36.313,44.038,54.968,65.898,hfa-boys-z-who-2007-exp_0ff9c43c-8cc0-4c23-9fc6-81290675e08b (1).xlsx
WFA,M,119,,,-0.6752,30.8854,0.16213,,,17.526,20.281,23.036,26.481,30.885,36.671,44.534,55.695,66.857,hfa-boys-z-who-2007-exp_0ff9c43c-8cc0-4c23-9fc6-81290675e08b (1).xlsx
WFA,M,120,,,-0.6764,31.1586,0.16305,,,17.634,20.42,23.206,26.694,31.159,37.035,45.038,56.434,67.829,hfa-boys-z-who-2007-exp_0ff9c43c-8cc0-4c23-9fc6-81290675e08b (1).xlsx
WFA,F,61,,,-0.4681,18.2579,0.14295,,,10.742,12.352,13.961,15.899,18.258,21.169,24.817,29.468,34.118,hfa-girls-z-who-2007-exp_7ea58763-36a2-436d-bef0-7fcfbadd2820 (1).xlsx
WFA,F,62,,,-0.4711,18.4329,0.1435,,,10.828,12.456,14.083,16.043,18.433,21.386,25.09,29.823,34.555,hfa-girls-z-who-2007-exp_7ea58763-36a2-436d-bef0-7fcfbadd2820 (1).xlsx
WFA,F,63,,,-0.4742,18.6073,0.14404,,,10.915,12.559,14.204,16.187,18.607,21.601,25.363,30.178,34.992,hfa-girls-z-who-2007-exp_7ea58763-36a2-436d-bef0-7fcfbadd2820 (1).xlsx
WFA,F,64,,,-0.4773,18.7811,0.14459,,,11,12.662,14.324,16.33,18.781,21.817,25.637,30.535,35.433,hfa-girls-z-who-2007-exp_7ea58763-36a2-436d-bef0-7fcfbadd2820 (1).xlsx
WFA,F,65,,,-0.4803,18.9545,0.14514,,,11.085,12.764,14.444,16.473,18.954,22.032,25.911,30.893,35.876,hfa-girls-z-who-2007-exp_7ea58763-36a2-436d-bef0-7fcfbadd2820 (1).xlsx
WFA,F,66,,,-0.4834,19.1276,0.14569,,,11.169,12.866,14.564,16.616,19.128,22.247,26.185,31.253,36.321,hfa-girls-z-who-2007-exp_7ea58763-36a2-436d-bef0-7fcfbadd2820 (1).xlsx
WFA,F,67,,,-0.4864,19.3004,0.14624,,,11.253,12.968,14.683,16.758,19.3,22.462,26.46,31.614,36.768,hfa-girls-z-who-2007-exp_7ea58763-36a2-436d-bef0-7fcfbadd2820 (1).xlsx
WFA,F,68,,,-0.4894,19.473,0.14679,,,11.337,13.069,14.801,16.899,19.473,22.677,26.735,31.977,37.218,hfa-girls-z-who-2007-exp_7ea58763-36a2-436d-bef0-7fcfbadd2820 (1).xlsx
WFA,F,69,,,-0.4924,19.6455,0.14735,,,11.419,13.169,14.919,17.041,19.646,22.893,27.011,32.342,37.673,hfa-girls-z-who-2007-exp_7ea58763-36a2-436d-bef0-7fcfbadd2820 (1).xlsx
WFA,F,70,,,-0.4954,19.818,0.1479,,,11.503,13.27,15.038,17.182,19.818,23.108,27.288,32.708,38.129,hfa-girls-z-who-2007-exp_7ea58763-36a2-436d-bef0-7fcfbadd2820 (1).xlsx
WFA,F,71,,,-0.4984,19.9908,0.14845,,,11.586,13.371,15.156,17.323,19.991,23.324,27.566,33.077,38.589,hfa-girls-z-who-2007-exp_7ea58763-36a2-436d-bef0-7fcfbadd2820 (1).xlsx
WFA,F,72,,,-0.5013,20.1639,0.149,,,11.669,13.471,15.274,17.465,20.164,23.541,27.845,33.448,39.051,hfa-girls-z-who-2007-exp_7ea58763-36a2-436d-bef0-7fcfbadd2820 (1).xlsx
WFA,F,73,,,-0.5043,20.3377,0.14955,,,11.752,13.572,15.393,17.607,20.338,23.759,28.126,33.822,39.519,hfa-girls-z-who-2007-exp_7ea58763-36a2-436d-bef0-7fcfbadd2820 (1).xlsx
WFA,F,74,,,-0.5072,20.5124,0.1501,,,11.835,13.673,15.512,17.75,20.512,23.978,28.409,34.2,39.991,hfa-girls-z-who-2007-exp_7ea58763-36a2-436d-bef0-7fcfbadd2820 (1).xlsx
WFA,F,75,,,-0.51,20.6885,0.15065,,,11.919,13.775,15.632,17.893,20.688,24.199,28.695,34.581,40.468,hfa-girls-z-who-2007-exp_7ea58763-36a2-436d-bef0-7fcfbadd2820 (1).xlsx
WFA,F,76,,,-0.5129,20.8661,0.1512,,,12.004,13.878,15.753,18.038,20.866,24.423,28.983,34.968,40.953,hfa-girls-z-who-2007-exp_7ea58763-36a2-436d-bef0-7fcfbadd2820 (1).xlsx
WFA,F,77,,,-0.5157,21.0457,0.15175,,,12.089,13.982,15.875,18.185,21.046,24.648,29.276,35.36,41.443,hfa-girls-z-who-2007-exp_7ea58763-36a2-436d-bef0-7fcfbadd2820 (1).xlsx
WFA,F,78,,,-0.5185,21.2274,0.1523,,,12.175,14.087,15.998,18.333,21.227,24.877,29.572,35.757,41.942,hfa-girls-z-who-2007-exp_7ea58763-36a2-436d-bef0-7fcfbadd2820 (1).xlsx
WFA,F,79,,,-0.5213,21.4113,0.15284,,,12.263,14.193,16.124,18.483,21.411,25.108,29.871,36.158,42.446,hfa-girls-z-who-2007-exp_7ea58763-36a2-436d-bef0-7fcfbadd2820 (1).xlsx
WFA,F,80,,,-0.524,21.5979,0.15339,,,12.352,14.301,16.25,18.635,21.598,25.343,30.176,36.568,42.96,hfa-girls-z-who-2007-exp_7ea58763-36a2-436d-bef0-7fcfbadd2820 (1).xlsx
WFA,F,81,,,-0.5268,21.7872,0.15393,,,12.443,14.411,16.379,18.79,21.787,25.581,30.485,36.983,43.482,hfa-girls-z-who-2007-exp_7ea58763-36a2-436d-bef0-7fcfbadd2820 (1).xlsx
WFA,F,82,,,-0.5294,21.9795,0.15448,,,12.534,14.522,16.51,18.947,21.98,25.823,30.799,37.406,44.013,hfa-girls-z-who-2007-exp_7ea58763-36a2-436d-bef0-7fcfbadd2820 (1).xlsx
WFA,F,83,,,-0.5321,22.1751,0.15502,,,12.627,14.635,16.643,19.106,22.175,26.069,31.118,37.836,44.554,hfa-girls-z-who-2007-exp_7ea58763-36a2-436d-bef0-7fcfbadd2820 (1).xlsx
WFA,F,84,,,-0.5347,22.374,0.15556,,,12.722,14.75,16.779,19.268,22.374,26.32,31.443,38.274,45.104,hfa-girls-z-who-2007-exp_7ea58763-36a2-436d-bef0-7fcfbadd2820 (1).xlsx
WFA,F,85,,,-0.5372,22.5762,0.1561,,,12.819,14.867,16.916,19.433,22.576,26.574,31.773,38.719,45.664,hfa-girls-z-who-2007-exp_7ea58763-36a2-436d-bef0-7fcfbadd2820 (1).xlsx
WFA,F,86,,,-0.5398,22.7816,0.15663,,,12.917,14.987,17.056,19.601,22.782,26.832,32.109,39.171,46.232,hfa-girls-z-who-2007-exp_7ea58763-36a2-436d-bef0-7fcfbadd2820 (1).xlsx
WFA,F,87,,,-0.5423,22.9904,0.15717,,,13.017,15.108,17.199,19.772,22.99,27.095,32.45,39.632,46.813,hfa-girls-z-who-2007-exp_7ea58763-36a2-436d-bef0-7fcfbadd2820 (1).xlsx
WFA,F,88,,,-0.5447,23.2025,0.1577,,,13.119,15.231,17.343,19.945,23.202,27.362,32.796,40.099,47.401,hfa-girls-z-who-2007-exp_7ea58763-36a2-436d-bef0-7fcfbadd2820 (1).xlsx
WFA,F,89,,,-0.5471,23.418,0.15823,,,13.222,15.356,17.49,20.121,23.418,27.633,33.149,40.574,48,hfa-girls-z-who-2007-exp_7ea58763-36a2-436d-bef0-7fcfbadd2820 (1).xlsx
WFA,F,90,,,-0.5495,23.6369,0.15876,,,13.327,15.483,17.639,20.299,23.637,27.908,33.507,41.058,48.61,hfa-girls-z-who-2007-exp_7ea58763-36a2-436d-bef0-7fcfbadd2820 (1).xlsx
WFA,F,91,,,-0.5518,23.8593,0.15928,,,13.434,15.612,17.791,20.481,23.859,28.188,33.87,41.549,49.228,hfa-girls-z-who-2007-exp_7ea58763-36a2-436d-bef0-7fcfbadd2820 (1).xlsx
WFA,F,92,,,-0.5541,24.0853,0.1598,,,13.542,15.744,17.946,20.666,24.085,28.472,34.239,42.048,49.857,hfa-girls-z-who-2007-exp_7ea58763-36a2-436d-bef0-7fcfbadd2820 (1).xlsx
WFA,F,93,,,-0.5563,24.3149,0.16032,,,13.652,15.877,18.102,20.853,24.315,28.761,34.614,42.555,50.497,hfa-girls-z-who-2007-exp_7ea58763-36a2-436d-bef0-7fcfbadd2820 (1).xlsx
WFA,F,94,,,-0.5585,24.5482,0.16084,,,13.764,16.013,18.262,21.044,24.548,29.054,34.996,43.072,51.149,hfa-girls-z-who-2007-exp_7ea58763-36a2-436d-bef0-7fcfbadd2820 (1).xlsx
WFA,F,95,,,-0.5606,24.7853,0.16135,,,13.878,16.151,18.424,21.238,24.785,29.352,35.383,43.596,51.809,hfa-girls-z-who-2007-exp_7ea58763-36a2-436d-bef0-7fcfbadd2820 (1).xlsx
WFA,F,96,,,-0.5627,25.0262,0.16186,,,13.994,16.291,18.588,21.435,25.026,29.655,35.776,44.128,52.481,hfa-girls-z-who-2007-exp_7ea58763-36a2-436d-bef0-7fcfbadd2820 (1).xlsx
WFA,F,97,,,-0.5647,25.271,0.16237,,,14.112,16.434,18.756,21.635,25.271,29.963,36.176,44.67,53.164,hfa-girls-z-who-2007-exp_7ea58763-36a2-436d-bef0-7fcfbadd2820 (1).xlsx
WFA,F,98,,,-0.5667,25.5197,0.16287,,,14.232,16.579,18.926,21.838,25.52,30.275,36.582,45.22,53.858,hfa-girls-z-who-2007-exp_7ea58763-36a2-436d-bef0-7fcfbadd2820 (1).xlsx
WFA,F,99,,,-0.5686,25.7721,0.16337,,,14.353,16.726,19.098,22.045,25.772,30.593,36.994,45.778,54.562,hfa-girls-z-who-2007-exp_7ea58763-36a2-436d-bef0-7fcfbadd2820 (1).xlsx
WFA,F,100,,,-0.5704,26.0284,0.16386,,,14.477,16.875,19.274,22.254,26.028,30.914,37.412,46.343,55.275,hfa-girls-z-who-2007-exp_7ea58763-36a2-436d-bef0-7fcfbadd2820 (1).xlsx
WFA,F,101,,,-0.5722,26.2883,0.16435,,,14.602,17.027,19.452,22.467,26.288,31.241,37.836,46.918,55.999,hfa-girls-z-who-2007-exp_7ea58763-36a2-436d-bef0-7fcfbadd2820 (1).xlsx
WFA,F,102,,,-0.574,26.5519,0.16483,,,14.73,17.181,19.632,22.683,26.552,31.572,38.265,47.499,56.734,hfa-girls-z-who-2007-exp_7ea58763-36a2-436d-bef0-7fcfbadd2820 (1).xlsx
WFA,F,103,,,-0.5757,26.819,0.16532,,,14.859,17.337,19.815,22.901,26.819,31.907,38.702,48.092,57.481,hfa-girls-z-who-2007-exp_7ea58763-36a2-436d-bef0-7fcfbadd2820 (1).xlsx
WFA,F,104,,,-0.5773,27.0896,0.16579,,,14.989,17.495,20.001,23.123,27.09,32.247,39.142,48.688,58.233,hfa-girls-z-who-2007-exp_7ea58763-36a2-436d-bef0-7fcfbadd2820 (1).xlsx
WFA,F,105,,,-0.5789,27.3635,0.16626,,,15.122,17.655,20.188,23.347,27.364,32.591,39.589,49.293,58.997,hfa-girls-z-who-2007-exp_7ea58763-36a2-436d-bef0-7fcfbadd2820 (1).xlsx
WFA,F,106,,,-0.5804,27.6406,0.16673,,,15.255,17.817,20.378,23.574,27.641,32.939,40.041,49.906,59.771,hfa-girls-z-who-2007-exp_7ea58763-36a2-436d-bef0-7fcfbadd2820 (1).xlsx
WFA,F,107,,,-0.5819,27.9208,0.16719,,,15.391,17.98,20.57,23.803,27.921,33.29,40.497,50.525,60.552,hfa-girls-z-who-2007-exp_7ea58763-36a2-436d-bef0-7fcfbadd2820 (1).xlsx
WFA,F,108,,,-0.5833,28.204,0.16764,,,15.528,18.146,20.764,24.035,28.204,33.645,40.958,51.149,61.34,hfa-girls-z-who-2007-exp_7ea58763-36a2-436d-bef0-7fcfbadd2820 (1).xlsx
WFA,F,109,,,-0.5847,28.4901,0.16809,,,15.666,18.313,20.96,24.27,28.49,34.004,41.424,51.781,62.138,hfa-girls-z-who-2007-exp_7ea58763-36a2-436d-bef0-7fcfbadd2820 (1).xlsx
WFA,F,110,,,-0.5859,28.7791,0.16854,,,15.805,18.482,21.158,24.506,28.779,34.367,41.895,52.419,62.944,hfa-girls-z-who-2007-exp_7ea58763-36a2-436d-bef0-7fcfbadd2820 (1).xlsx
WFA,F,111,,,-0.5872,29.0711,0.16897,,,15.947,18.653,21.359,24.745,29.071,34.733,42.37,53.063,63.755,hfa-girls-z-who-2007-exp_7ea58763-36a2-436d-bef0-7fcfbadd2820 (1).xlsx
WFA,F,112,,,-0.5883,29.3663,0.16941,,,16.089,18.825,21.561,24.987,29.366,35.104,42.851,53.714,64.578,hfa-girls-z-who-2007-exp_7ea58763-36a2-436d-bef0-7fcfbadd2820 (1).xlsx
WFA,F,113,,,-0.5895,29.6646,0.16983,,,16.234,19,21.766,25.232,29.665,35.478,43.335,54.371,65.407,hfa-girls-z-who-2007-exp_7ea58763-36a2-436d-bef0-7fcfbadd2820 (1).xlsx
WFA,F,114,,,-0.5905,29.9663,0.17025,,,16.38,19.176,21.973,25.479,29.966,35.856,43.826,55.035,66.244,hfa-girls-z-who-2007-exp_7ea58763-36a2-436d-bef0-7fcfbadd2820 (1).xlsx
WFA,F,115,,,-0.5915,30.2715,0.17066,,,16.528,19.355,22.183,25.729,30.272,36.238,44.321,55.705,67.089,hfa-girls-z-who-2007-exp_7ea58763-36a2-436d-bef0-7fcfbadd2820 (1).xlsx
WFA,F,116,,,-0.5925,30.5805,0.17107,,,16.678,19.536,22.395,25.982,30.58,36.625,44.823,56.385,67.947,hfa-girls-z-who-2007-exp_7ea58763-36a2-436d-bef0-7fcfbadd2820 (1).xlsx
WFA,F,117,,,-0.5934,30.8934,0.17146,,,16.83,19.72,22.61,26.239,30.893,37.017,45.329,57.069,68.809,hfa-girls-z-who-2007-exp_7ea58763-36a2-436d-bef0-7fcfbadd2820 (1).xlsx
WFA,F,118,,,-0.5942,31.2105,0.17186,,,16.983,19.906,22.828,26.499,31.21,37.414,45.843,57.764,69.685,hfa-girls-z-who-2007-exp_7ea58763-36a2-436d-bef0-7fcfbadd2820 (1).xlsx
WFA,F,119,,,-0.595,31.5319,0.17224,,,17.14,20.095,23.049,26.763,31.532,37.815,46.363,58.465,70.568,hfa-girls-z-who-2007-exp_7ea58763-36a2-436d-bef0-7fcfbadd2820 (1).xlsx
WFA,F,120,,,-0.5958,31.8578,0.17262,,,17.298,20.286,23.274,27.031,31.858,38.223,46.89,59.177,71.465,hfa-girls-z-who-2007-exp_7ea58763-36a2-436d-bef0-7fcfbadd2820 (1).xlsx
