id_ingrediente,energia_kcal,agua_g,alcohol_g,proteinas_g,hidratos_carbono_g,almidon_g,azucares_sencillos_g,azucares_libres_g,fibra_vegetal_g,grasa_total_g,ags_g,agm_g,agp_g,colesterol_mg,vitamina_a_eq_retinol_ug,retinol_ug,carotenoides_eq_beta_caroteno_ug,vit_d_ug,vit_e_eq_alpha_tocoferol_mg,vit_k_ug,vitamina_b1_mg,vitamina_b2_mg,eq_niacina_mg,vit_b6_mg,eq_folato_dietetico_ug,vit_b12_ug,pantotenico_mg,biotina_ug,vit_c_mg,calcio_mg,fosforo_mg,hierro_mg,iodo_ug,cinc_mg,magnesio_mg,sodio_mg,potasio_mg,manganeso_mg,cobre_mg,selenio_ug,omega3_g,tipo_omega3,grasas_trans_g,polifenoles_mg,probioticos_billones_ufc
1,365.0,9.4,0.0,11.2,73.1,72.4,0.66,0.0,4.2,2.1,0.32,0.24,0.81,0.0,1.8,0.0,11.0,0.0,2.2,2.8,0.52,0.2,4.7,0.15,57.0,0.0,0.68,0.0,0.0,36.0,349.0,3.5,0.0,3.6,111.0,17.0,521.0,0.0,0.66,70.7,0.03,ALA,0.0,40.0,0.0
2,364.0,9.4,0.0,6.7,81.6,81.4,0.16,0.0,1.4,0.9,0.19,0.23,0.32,0.0,0.0,0.0,0.0,0.0,0.076,1.0,0.05,0.04,4.9,0.2,20.0,0.0,0.0,3.0,20.0,14.0,150.0,0.8,14.0,1.5,31.0,3.9,109.0,1.2,2.0,7.0,0.01,ALA,0.0,1.0,0.0
3,349.0,12.9,0.0,6.9,78.2,78.2,0.0,0.0,1.4,0.6,0.15,0.17,0.2,0.0,0.0,0.0,0.0,0.0,0.1,1.0,0.22,0.06,4.7,0.38,20.0,0.0,1.1,3.0,0.0,34.0,150.0,1.4,14.0,1.8,31.0,4.0,150.0,1.2,0.37,10.0,0.0,N/A,0.0,0.0,0.0
4,350.0,14.2,0.0,7.3,74.1,72.7,1.4,0.0,2.2,2.2,0.61,0.55,0.81,0.0,0.0,0.0,0.0,0.0,0.74,1.0,0.41,0.09,6.6,0.28,49.0,0.0,1.5,12.0,0.0,21.0,310.0,1.7,2.2,1.6,110.0,10.0,238.0,2.1,0.29,10.0,0.04,ALA,0.0,25.0,0.0
5,353.0,15.8,0.0,11.7,55.7,55.7,0.0,0.0,9.7,7.1,1.5,2.6,2.9,0.0,0.0,0.0,0.0,0.0,0.84,50.0,0.67,0.17,3.4,0.96,33.0,0.0,0.71,13.0,0.0,80.0,342.0,5.8,7.7,3.2,129.0,8.4,355.0,3.1,0.42,7.1,0.11,ALA,0.0,80.0,0.0
6,330.0,10.1,0.0,9.9,62.1,61.3,0.8,0.0,15.6,1.2,0.24,0.15,0.56,0.0,2.2,0.0,13.0,0.0,0.02,2.2,0.19,0.11,4.6,0.26,23.0,0.0,0.28,0.0,0.0,29.0,221.0,2.5,0.0,2.1,79.0,9.0,280.0,1.3,0.42,37.7,0.08,ALA,0.0,72.9,0.0
7,372.0,0.0,0.0,14.8,65.2,64.2,1.1,0.0,14.6,2.5,0.29,0.3,1.1,0.0,1.2,0.0,7.0,0.0,1.9,5.9,0.32,0.25,4.3,0.29,38.0,0.0,1.5,0.0,0.0,33.0,374.0,2.7,10.0,3.7,121.0,6.0,264.0,0.0,0.45,35.3,0.06,ALA,0.0,65.0,0.0
8,356.0,10.9,0.0,0.41,88.0,88.0,0.0,0.0,0.6,0.08,0.011,0.02,0.03,0.0,0.0,0.0,0.0,0.0,0.0,1.0,0.0,0.008,0.03,0.005,1.0,0.0,0.0,0.0,0.0,1.0,30.0,0.5,2.5,0.3,2.0,3.0,7.0,1.0,0.05,2.8,0.0,N/A,0.0,0.0,0.0
9,349.0,11.9,0.0,7.6,78.0,77.9,0.12,0.0,0.0,0.7,0.2,0.22,0.19,0.0,0.0,0.0,0.0,0.0,0.11,0.0,0.14,0.021,2.6,0.44,4.0,0.0,0.0,0.0,0.0,10.0,98.0,0.35,0.0,0.8,35.0,0.0,76.0,0.0,0.0,0.0,0.01,ALA,0.0,1.0,0.0
10,326.0,13.4,0.0,10.0,59.7,59.7,0.0,0.0,15.0,1.9,0.24,0.2,0.85,0.0,0.0,0.0,0.0,0.0,1.5,0.0,0.3,0.2,1.6,0.3,70.0,0.0,0.0,0.0,0.0,27.0,286.0,2.6,0.0,3.0,82.0,2.0,390.0,0.0,0.0,14.4,0.04,ALA,0.0,45.0,0.0
11,342.0,13.2,0.0,8.3,66.3,66.3,0.0,0.0,9.4,2.8,0.35,0.88,1.4,0.0,50.0,0.0,300.0,0.0,0.0,1.0,0.44,0.13,0.82,0.06,10.0,0.0,0.55,6.6,0.0,18.0,39.0,2.4,80.0,1.6,47.0,0.7,120.0,0.46,0.13,15.4,0.03,ALA,0.0,10.0,0.0
12,341.0,14.0,0.0,9.9,70.6,69.9,0.7,0.0,4.3,1.2,0.16,0.13,0.51,0.0,0.17,0.0,1.0,0.0,0.34,32.7,0.11,0.03,2.3,0.1,16.0,0.0,0.4,1.1,0.0,17.0,108.0,1.0,10.0,0.78,23.0,2.0,146.0,0.69,0.14,4.0,0.02,ALA,0.0,68.3,0.0
13,322.0,17.8,0.0,12.7,58.3,56.2,2.1,0.0,9.0,2.2,0.28,0.21,0.89,0.0,0.0,0.0,0.0,0.0,1.4,65.5,0.47,0.09,8.2,0.5,57.0,0.0,0.8,7.0,0.0,38.0,320.0,3.9,0.0,2.9,120.0,3.0,340.0,3.1,0.45,53.0,0.07,ALA,0.0,90.5,0.0
14,356.0,6.1,0.0,10.1,64.8,63.4,1.4,0.0,16.2,2.7,0.31,0.36,1.2,0.0,0.0,0.0,0.0,0.0,0.4,0.0,0.21,0.04,4.6,0.3,25.0,0.0,0.0,0.0,0.0,16.8,314.0,6.8,0.0,0.7,103.0,214.0,136.0,0.0,0.0,0.0,0.05,ALA,0.0,50.0,0.0
15,102.0,74.9,0.0,3.3,18.2,13.7,4.5,0.0,2.3,1.3,0.2,0.37,0.6,0.0,13.0,0.0,0.0,0.0,0.45,1.0,0.04,0.08,1.8,0.09,33.0,0.0,0.88,0.0,1.0,3.0,69.0,0.6,1.0,0.3,22.0,288.0,200.0,0.19,0.053,0.8,0.02,ALA,0.0,15.0,0.0
16,346.0,13.7,0.0,8.6,64.7,58.5,6.2,0.0,9.2,3.8,0.57,1.0,1.5,0.0,21.4,0.0,129.0,0.0,1.1,1.0,0.36,0.2,1.5,0.4,26.0,0.0,0.65,0.0,0.0,7.0,256.0,2.4,2.0,1.7,93.0,6.0,330.0,0.46,0.23,15.4,0.02,ALA,0.0,20.0,0.0
17,110.0,72.3,0.0,3.4,18.6,14.0,4.5,0.0,4.2,1.5,0.2,0.4,0.6,0.0,26.3,0.0,158.0,0.0,0.7,1.0,0.22,0.07,2.0,0.1,31.0,0.0,0.37,0.0,7.0,3.0,103.0,0.6,1.0,0.3,33.0,17.0,251.0,0.14,0.046,0.7,0.02,ALA,0.0,18.0,0.0
18,354.0,13.3,0.0,14.1,57.2,52.2,5.0,0.0,7.0,6.1,0.71,1.6,3.3,0.0,1.4,0.0,8.5,0.0,2.9,0.0,0.36,0.32,1.5,0.49,184.0,0.0,0.0,0.0,0.0,0.33,457.0,4.6,0.0,3.1,197.0,5.0,563.0,2.0,0.59,8.5,0.26,ALA,0.0,45.0,0.0
19,351.0,10.1,0.0,12.7,69.0,68.7,0.32,0.0,7.2,1.1,0.15,0.12,0.43,0.0,0.0,0.0,0.0,0.0,0.26,98.2,0.28,0.08,6.0,0.1,72.0,0.0,0.58,0.0,0.0,17.0,136.0,1.2,5.1,1.1,47.0,1.0,186.0,0.62,0.19,2.5,0.02,ALA,0.0,12.0,0.0
20,544.0,8.4,0.0,7.4,41.3,39.4,1.9,0.0,1.5,38.5,5.5,8.3,22.2,1.0,0.0,0.0,0.0,1.0,2.4,14.4,0.32,0.25,5.2,0.019,47.0,0.0,0.0,0.0,0.0,10.0,60.0,2.6,17.2,0.54,16.0,253.0,62.0,0.49,0.11,24.5,0.05,ALA,2.8,5.0,0.0
21,372.0,32.8,0.0,6.1,39.3,37.8,1.5,1.5,0.9,20.9,8.8,0.0,0.0,114.0,35.8,35.5,1.6,0.52,1.0,17.9,0.07,0.079,1.6,0.064,16.1,0.36,0.49,4.5,0.0,22.4,89.0,0.85,7.2,0.7,14.6,460.0,95.7,0.33,0.088,3.9,0.05,ALA,1.9,4.0,0.0
22,243.0,39.6,0.0,8.3,47.0,42.2,4.8,0.0,3.5,1.6,0.39,0.28,0.34,0.0,0.33,0.0,2.0,0.0,0.0,1.9,0.086,0.06,3.0,0.06,23.0,0.0,0.3,1.0,0.0,56.0,91.0,1.6,4.7,0.61,25.1,424.0,110.0,0.5,0.19,28.0,0.04,ALA,0.1,20.0,0.0
23,265.0,33.5,0.0,8.0,53.9,52.0,1.9,0.0,3.5,1.1,0.2,0.1,0.4,0.0,0.0,0.0,0.0,0.0,0.18,1.9,0.09,0.05,2.6,0.12,23.0,0.0,0.3,0.0,0.0,20.0,90.0,1.7,5.0,0.6,26.0,2.0,100.0,0.38,0.13,22.6,0.04,ALA,0.1,20.0,0.0
24,273.0,31.5,0.0,8.0,55.9,53.6,2.3,0.0,3.5,1.2,0.2,0.1,0.4,0.0,0.0,0.0,0.0,0.0,0.18,1.9,0.09,0.05,3.3,0.08,24.0,0.0,0.39,1.0,0.0,23.0,110.0,1.5,6.0,0.7,28.0,424.0,130.0,0.5,0.16,28.0,0.04,ALA,0.1,20.0,0.0
25,389.0,6.6,0.0,11.5,73.4,68.2,5.2,0.0,3.9,4.6,0.5,1.9,0.98,0.0,0.0,0.0,0.0,0.0,0.01,3.0,0.36,0.27,6.2,0.09,21.0,0.0,0.3,1.0,0.0,114.0,92.0,1.0,7.0,0.78,25.0,702.0,160.0,0.55,0.17,33.6,0.04,ALA,0.1,18.0,0.0
26,389.0,6.6,0.0,11.5,73.4,68.2,5.2,0.0,5.2,3.9,0.5,1.8,0.82,1.0,0.0,0.0,0.0,0.0,0.01,3.0,0.42,0.34,5.7,0.063,26.0,0.02,0.28,0.0,0.0,119.0,103.0,3.3,7.0,0.68,26.0,192.0,131.0,0.42,0.14,33.6,0.04,ALA,0.1,18.0,0.0
27,275.0,34.7,0.0,8.4,48.5,37.9,10.6,5.7,4.0,4.4,0.7,1.6,1.7,0.0,2.0,2.0,0.0,0.0,0.61,0.0,0.4,0.24,3.1,0.0,0.0,0.03,0.34,0.0,0.0,43.0,147.0,3.2,0.0,1.0,68.0,23.4,165.0,0.0,0.21,24.6,0.08,ALA,0.0,45.0,0.0
28,248.0,41.6,0.0,6.4,43.5,37.8,5.7,0.0,4.0,4.5,0.7,0.61,1.6,0.0,0.83,0.0,5.0,0.0,0.0,0.0,0.41,0.25,5.6,0.11,85.0,0.0,0.0,0.0,0.2,125.0,129.0,3.6,0.0,1.0,41.0,473.0,141.0,0.0,0.15,28.8,0.06,ALA,0.0,40.0,0.0
29,245.0,39.9,0.0,8.5,42.5,38.7,3.9,0.0,5.8,3.3,0.63,1.3,0.8,0.0,0.0,0.0,0.0,0.0,0.33,1.2,0.43,0.34,3.8,0.075,59.0,0.0,0.44,0.0,0.4,73.0,125.0,2.8,0.0,1.1,40.0,603.0,166.0,0.82,0.19,30.9,0.05,ALA,0.0,50.0,0.0
30,274.0,31.8,0.0,9.1,55.7,54.4,1.3,0.0,2.2,1.2,0.17,0.11,0.54,0.0,8.3,0.0,50.0,0.0,0.074,0.0,0.11,0.08,2.6,0.05,21.0,0.0,0.0,0.0,0.0,52.7,153.0,1.0,10.0,1.0,18.1,530.0,134.0,0.0,0.0,0.0,0.03,ALA,0.0,15.0,0.0
31,243.0,37.8,0.0,6.7,49.0,46.0,3.0,0.0,5.5,1.0,0.13,0.1,0.47,30.7,0.0,0.0,0.0,0.0,1.2,0.0,0.18,0.11,1.2,0.22,16.0,0.0,0.0,0.0,0.0,26.0,114.0,2.4,9.3,0.9,33.0,464.0,130.0,0.0,0.0,0.0,0.06,ALA,0.0,60.0,0.0
32,259.0,36.1,0.0,10.9,44.0,39.5,4.5,0.0,6.0,3.0,0.54,0.41,1.2,0.0,0.0,0.0,0.0,0.0,0.18,3.4,0.34,0.09,5.5,0.12,39.0,0.0,0.65,3.5,0.0,54.0,200.0,2.7,1.0,1.8,76.0,361.0,230.0,1.9,0.25,35.0,0.1,ALA,0.0,215.7,0.0
33,385.0,7.0,0.0,13.0,62.0,58.0,4.0,0.0,11.0,7.0,0.0,0.0,0.0,0.0,0.33,0.0,2.0,0.0,0.2,3.0,0.34,0.1,7.0,0.14,46.0,0.0,0.7,7.0,0.0,63.0,230.0,3.2,0.0,2.1,89.0,538.0,270.0,2.2,0.3,41.0,0.1,ALA,0.0,195.0,0.0
34,242.0,43.9,0.0,4.3,42.3,38.7,3.5,0.0,4.3,5.2,0.98,2.0,0.52,0.0,0.0,0.0,0.0,0.0,0.6,0.3,0.38,0.51,2.8,0.073,36.0,0.0,0.0,0.0,0.0,138.0,51.0,2.6,0.0,0.48,12.0,447.0,75.0,0.0,0.075,0.4,0.02,ALA,0.0,10.0,0.0
35,271.0,36.2,0.0,7.5,47.5,45.2,2.3,0.0,4.1,4.7,1.0,1.4,1.3,0.0,0.01,0.01,0.0,0.0,0.26,3.0,0.32,0.14,2.5,0.1,26.0,0.91,0.3,1.0,0.0,211.0,150.0,2.3,2.6,1.8,34.0,400.0,110.0,0.5,0.13,28.0,0.03,ALA,0.8,15.0,0.0
36,524.0,5.2,0.0,10.2,46.9,46.3,0.6,0.0,6.2,31.5,4.4,21.0,6.1,0.0,0.0,0.0,0.0,0.0,0.0,0.0,0.0,0.0,0.0,0.0,0.0,0.0,0.0,0.0,0.0,0.0,0.0,0.0,0.0,0.0,0.0,700.0,0.0,0.0,0.0,0.0,0.5,ALA,0.0,20.0,0.0
37,305.0,27.7,0.0,8.0,56.6,49.9,2.1,0.0,3.2,4.5,0.75,3.2,0.47,0.0,0.0,0.0,0.0,0.0,0.0,0.0,0.23,0.1,3.4,0.06,48.0,0.0,0.0,0.0,0.0,130.0,78.2,2.3,19.0,0.7,31.0,550.0,110.0,0.0,0.0,28.0,0.06,ALA,0.0,35.0,0.0
38,371.0,7.9,0.0,11.0,75.6,71.6,4.0,0.0,3.5,2.0,0.4,0.0,0.0,0.0,0.0,0.0,0.0,0.0,0.0,0.0,0.0,0.0,0.0,0.0,0.0,0.0,0.0,0.0,0.0,0.0,0.0,0.0,0.0,0.0,0.0,448.0,0.0,0.0,0.0,0.0,0.03,ALA,0.2,15.0,0.0
39,377.0,4.2,0.0,12.8,77.4,77.4,0.0,0.0,5.0,0.64,0.12,0.089,0.25,0.0,0.0,0.0,0.0,0.0,0.0,0.0,0.16,0.078,3.5,0.11,20.0,0.0,0.0,0.0,0.0,24.0,170.0,1.1,0.0,0.83,44.0,10.0,166.0,0.0,0.0,0.0,0.02,ALA,0.0,10.0,0.0
40,359.0,9.7,0.0,12.8,70.9,68.3,2.6,0.0,5.0,1.6,0.23,0.19,0.65,0.0,0.0,0.0,0.0,0.0,0.13,0.5,0.09,0.06,4.4,0.11,18.0,0.0,0.43,0.0,0.0,24.0,150.0,1.8,10.0,1.2,48.0,7.0,236.0,0.69,0.25,62.2,0.02,ALA,0.0,12.0,0.0
41,374.0,9.3,0.0,12.4,69.9,64.5,1.9,0.0,3.4,4.2,0.9,1.5,0.4,30.0,63.0,63.0,0.0,0.13,0.21,0.5,0.17,0.073,3.4,0.06,22.0,0.2,0.3,1.0,0.0,23.0,153.0,3.0,0.0,1.3,42.0,17.0,219.0,0.64,0.2,20.0,0.05,ALA/DHA,0.0,15.0,0.0
42,352.0,10.1,0.0,13.1,70.6,68.4,3.8,0.0,4.3,1.0,0.15,0.12,0.43,0.0,8.0,0.0,48.0,0.0,0.1,0.5,1.0,0.53,10.1,0.13,17.0,0.0,0.75,0.0,0.0,34.0,116.0,4.3,10.0,0.76,46.0,43.0,285.0,3.8,0.2,62.2,0.03,ALA,0.0,25.0,0.0
43,130.0,68.6,0.0,5.2,24.9,24.9,0.0,0.0,0.0,1.1,0.15,0.12,0.43,33.0,6.0,6.0,0.0,0.0,0.0,0.0,0.21,0.15,0.99,0.034,64.0,0.0,0.19,0.0,0.0,6.0,63.0,1.1,0.0,0.56,18.0,6.0,24.0,0.0,0.093,0.0,0.02,ALA,0.0,10.0,0.0
44,352.0,10.7,0.0,13.1,63.7,61.4,2.3,0.0,9.3,2.9,0.41,0.3,1.3,0.0,0.0,0.0,0.0,0.0,0.25,0.0,0.67,0.11,2.3,0.043,0.0,53.0,0.0,0.0,0.0,34.0,370.0,4.0,1.9,0.8,91.0,5.0,490.0,0.0,0.0,1.9,0.08,ALA,0.0,85.0,0.0
45,104.0,77.4,0.0,4.7,12.7,12.7,0.0,0.0,1.8,3.4,1.3,1.6,0.3,23.0,0.0,0.0,0.0,0.1,0.3,0.5,0.12,0.06,1.6,0.2,10.0,0.0,0.3,0.0,2.0,20.0,70.0,1.3,10.0,0.5,18.0,444.0,163.0,0.64,0.2,20.0,0.04,ALA,0.1,15.0,0.0
46,151.0,68.2,0.0,9.5,16.3,15.3,1.0,0.0,0.9,5.1,2.0,2.3,0.5,26.0,38.0,38.0,0.0,0.1,0.3,0.5,0.12,0.06,1.6,0.2,10.0,0.0,0.3,0.0,2.0,20.0,86.0,1.1,10.0,0.5,18.0,435.0,163.0,0.64,0.2,20.0,0.03,ALA,0.1,12.0,0.0
47,82.4,85.9,0.0,5.0,3.9,0.0,3.9,3.9,0.0,5.2,0.6,1.0,2.6,0.0,0.0,0.0,0.0,0.0,0.74,0.0,0.07,0.03,0.1,0.07,19.0,0.0,0.08,0.0,0.47,100.0,47.0,0.4,0.0,0.2,15.0,32.0,120.0,0.2,0.1,1.3,0.2,ALA,0.0,60.0,2.0
48,54.8,87.9,0.0,3.2,5.8,0.0,5.8,5.8,1.3,1.8,0.21,0.31,0.8,0.0,2.0,0.0,12.0,0.0,0.74,0.0,0.12,0.42,0.88,0.062,1.0,0.0,0.08,0.0,0.0,3.0,47.0,0.8,0.0,0.39,28.0,3.0,191.0,0.2,0.1,1.3,0.31,ALA,0.0,40.0,0.0
49,54.6,86.4,0.0,5.5,4.7,2.3,2.3,0.0,2.4,1.0,0.14,0.23,0.58,0.0,4.2,0.0,25.0,0.0,0.1,0.0,0.15,0.16,1.4,0.16,160.0,0.0,1.4,0.0,1.0,32.0,75.0,0.89,1.0,0.96,19.0,30.0,235.0,0.17,0.23,0.6,0.04,ALA,0.0,30.0,0.0
50,340.0,13.1,0.0,0.09,83.2,77.0,2.0,0.0,3.3,0.07,0.0,0.016,0.041,0.0,8.3,0.0,50.0,0.0,0.0,0.0,0.0,0.0,0.0,0.0,7.0,0.0,0.0,0.0,0.0,25.2,40.0,1.0,10.0,1.0,9.6,10.3,13.2,0.0,0.0,5.0,0.01,ALA,0.0,15.0,0.0
51,192.0,57.4,0.0,15.7,15.7,13.8,1.9,0.0,4.9,6.3,1.4,1.8,2.0,5.0,1.7,0.0,10.0,0.0,0.23,4.2,2.7,0.24,3.8,0.3,124.0,2.0,0.29,0.0,4.5,136.0,206.0,2.4,0.0,1.3,56.0,569.0,333.0,0.95,0.2,22.6,0.1,ALA,0.2,40.0,0.0
52,475.0,5.0,0.0,36.8,23.5,10.8,12.7,0.0,11.2,23.5,2.9,11.4,4.5,0.0,0.0,0.0,0.0,0.0,1.5,70.0,0.75,0.28,10.6,0.46,345.0,0.0,1.8,0.0,0.0,210.0,600.0,6.9,0.0,3.9,240.0,9.0,1660.0,4.0,2.9,9.0,1.05,ALA,0.0,120.0,0.0
53,501.0,41.1,0.0,0.0,5.9,3.0,2.9,0.0,0.0,53.0,13.0,5.0,35.0,0.0,0.0,0.0,0.0,0.0,0.0,0.0,0.0,0.0,0.0,0.0,0.0,0.0,0.0,0.0,0.0,0.0,3.1,0.0,0.0,0.0,0.0,0.0,1.2,0.0,0.0,0.0,0.0,N/A,0.0,0.0,0.0
54,129.0,67.7,0.0,9.0,22.1,0.0,0.0,0.0,0.0,0.55,0.057,0.1,0.22,0.0,2.0,0.0,0.0,0.0,0.0,0.0,0.23,0.13,1.1,0.19,100.0,0.0,0.0,0.0,16.5,25.0,173.0,3.2,0.0,1.5,37.0,11.0,322.0,0.0,0.0,0.6,0.11,ALA,0.0,120.0,0.0
55,283.0,50.4,0.0,18.5,9.8,9.8,0.0,0.0,2.8,18.2,2.9,4.5,9.3,0.0,0.0,0.0,0.0,0.0,2.1,0.0,2.3,11.2,0.83,0.0,0.0,26.0,0.0,0.0,0.0,63.0,225.0,372.0,0.0,1.5,36.0,888.0,231.0,0.0,0.0,144.0,0.05,ALA,0.3,20.0,0.0
56,104.0,76.0,0.0,18.0,3.5,3.0,0.5,0.0,0.0,1.5,0.0,0.0,0.0,0.0,0.0,0.0,0.0,0.0,0.0,0.0,0.078,0.36,2.6,0.22,24.0,0.08,0.0,0.0,0.0,111.0,266.0,2.7,0.0,1.1,81.0,9.0,412.0,0.0,0.0,0.0,0.35,ALA,0.0,110.0,1.0
57,120.0,71.7,0.0,7.2,14.1,13.7,0.4,0.0,4.1,2.9,0.31,0.72,1.3,0.0,3.5,0.0,21.0,0.0,1.6,132.0,0.13,0.06,1.2,0.04,67.0,0.0,0.29,0.0,0.0,43.0,335.0,2.8,1.0,1.2,24.0,220.0,110.0,0.6,0.17,1.0,0.03,ALA,0.0,40.0,0.0
58,101.0,72.9,0.0,6.7,15.7,14.7,1.0,0.0,4.4,0.3,0.07,0.01,0.12,0.0,0.0,0.0,0.0,0.0,0.2,9.5,0.1,0.04,1.3,0.07,60.0,0.0,0.17,0.0,0.0,71.0,84.0,2.8,1.0,2.3,23.0,243.0,362.0,0.22,0.47,0.6,0.1,ALA,0.0,65.0,0.0
59,84.2,76.9,0.0,8.4,9.9,9.4,0.5,0.0,4.6,0.2,0.0,0.0,0.16,0.0,0.0,0.0,0.0,0.0,0.24,9.5,0.16,0.07,2.2,0.1,60.0,0.0,0.14,0.0,1.0,66.0,92.0,2.5,1.0,2.3,27.0,294.0,420.0,0.22,0.14,7.1,0.09,ALA,0.0,180.0,0.0
60,109.0,71.9,0.0,8.8,14.9,14.5,0.4,0.0,3.8,0.7,0.1,0.1,0.3,0.0,0.0,0.0,0.0,0.0,0.0,61.5,0.14,0.07,1.8,0.28,30.0,0.0,0.2,0.0,0.0,22.0,130.0,3.5,1.0,1.4,16.0,238.0,310.0,0.5,0.25,2.8,0.08,ALA,0.0,80.0,0.0
61,394.0,10.4,0.0,36.2,40.4,0.0,0.0,0.0,0.0,9.7,1.2,3.9,2.4,0.0,6.9,0.0,0.0,0.0,0.0,0.0,0.64,0.22,2.2,0.36,0.0,0.0,0.0,0.0,4.8,176.0,440.0,4.4,0.0,4.8,198.0,15.0,1013.0,0.0,0.0,8.2,0.15,ALA,0.0,60.0,0.0
62,341.0,11.0,0.0,20.8,44.3,41.9,2.4,0.0,15.5,5.5,0.36,1.6,2.5,0.0,33.0,0.0,198.0,0.0,0.82,264.0,0.45,0.14,4.6,0.55,185.0,0.0,1.3,0.0,4.1,143.0,332.0,6.8,1.5,3.4,122.0,25.0,875.0,2.7,0.84,8.2,0.04,ALA,0.0,70.0,0.0
63,307.0,10.4,0.0,26.1,33.3,30.8,2.5,0.0,25.0,2.1,0.3,0.3,1.1,0.0,5.3,0.0,32.0,0.0,0.09,19.0,0.5,0.26,6.9,0.37,423.0,0.0,0.98,0.0,4.0,100.0,590.0,5.5,2.0,3.1,190.0,11.0,1090.0,1.6,0.82,8.2,0.03,ALA,0.0,50.0,0.0
64,300.0,3.6,0.0,4.6,49.1,0.0,49.1,0.0,39.8,0.65,0.09,0.02,0.22,0.0,1.3,0.0,8.0,0.0,0.63,0.0,0.053,0.46,1.9,0.37,21.0,0.0,0.0,0.0,0.2,348.0,79.0,2.9,0.0,0.092,54.0,35.0,827.0,0.0,0.0,5.3,0.0,N/A,0.0,400.0,0.0
65,284.0,15.5,0.0,21.1,34.7,32.7,2.0,0.0,23.2,1.6,0.43,0.14,0.69,0.0,67.0,0.0,400.0,0.0,0.21,19.0,0.5,0.12,5.3,0.41,388.0,0.0,0.87,0.0,2.5,113.0,426.0,6.2,1.8,2.6,140.0,15.0,1337.0,1.6,0.98,12.8,0.18,ALA,0.0,105.5,0.0
66,292.0,11.8,0.0,23.6,35.1,32.9,2.2,0.0,24.9,0.83,0.12,0.064,0.46,0.0,67.0,0.0,400.0,0.0,0.22,19.0,0.53,0.22,6.8,0.4,394.0,0.0,0.78,0.0,4.5,143.0,407.0,8.2,2.0,2.8,140.0,24.0,1406.0,1.0,0.96,3.2,0.15,ALA,0.0,325.3,0.0
67,305.0,14.8,0.0,23.2,40.6,39.5,1.1,0.0,17.0,1.7,0.23,0.3,0.84,0.0,10.0,0.0,60.0,0.0,1.8,123.0,0.47,0.22,6.6,0.7,168.0,0.0,1.6,0.0,3.4,70.0,411.0,8.2,1.5,3.1,129.0,24.0,837.0,1.5,0.74,9.9,0.11,ALA,0.0,120.0,0.0
68,373.0,14.0,0.0,34.7,6.3,0.62,5.7,0.0,22.0,18.3,2.4,4.1,10.7,0.0,63.4,0.0,380.0,0.0,1.5,47.0,0.61,0.27,7.9,1.0,240.0,0.0,1.9,60.0,3.0,201.0,550.0,6.6,6.3,4.2,220.0,4.7,1799.0,2.7,1.2,17.8,1.33,ALA,0.0,150.0,0.0
69,21.4,94.6,0.0,3.4,0.07,0.0,0.07,0.0,1.5,0.5,0.066,0.009,0.2,0.0,0.0,0.0,0.0,0.0,0.12,14.0,0.02,0.19,2.9,0.06,8.0,0.0,0.8,8.4,1.7,19.0,69.0,0.8,2.0,0.3,15.0,308.0,121.0,0.05,0.13,8.8,0.0,N/A,0.0,10.0,0.0
70,34.0,92.1,0.0,4.3,0.54,0.0,0.54,0.0,1.9,1.2,0.2,0.06,0.71,0.0,0.0,0.0,0.0,0.0,0.13,14.0,0.1,0.31,5.3,0.09,23.0,0.0,2.1,16.0,4.0,10.8,125.0,1.0,15.7,0.46,12.2,7.9,390.0,0.077,0.37,7.0,0.0,N/A,0.0,15.0,0.0
71,114.0,70.5,0.0,1.6,24.1,19.5,4.6,0.0,3.1,0.6,0.23,0.04,0.2,0.0,1581.0,0.0,9488.0,0.0,4.6,1.8,0.17,0.06,0.97,0.27,17.0,0.0,0.59,4.3,25.0,22.0,50.0,0.66,2.4,0.39,18.0,19.0,300.0,0.24,0.13,1.0,0.01,ALA,0.0,440.0,0.0
72,375.0,3.8,0.0,6.9,83.1,79.6,3.5,0.0,5.9,0.34,0.09,0.008,0.15,0.0,0.0,0.0,0.0,0.0,0.25,0.0,0.23,0.051,3.5,0.77,25.0,0.0,0.0,0.0,3.8,65.0,168.0,1.4,0.0,0.54,65.0,55.0,1001.0,0.0,0.0,1.1,0.0,N/A,0.0,0.0,0.0
73,382.0,4.6,0.0,0.5,94.3,94.3,0.0,0.0,0.4,0.2,0.05,0.05,0.03,0.0,0.0,0.0,0.0,0.0,0.0,0.0,0.01,0.01,0.01,0.01,0.01,0.0,0.0,0.0,0.0,11.0,20.0,1.0,0.0,0.0,3.0,4.0,20.0,0.0,0.0,0.8,0.0,N/A,0.0,0.0,0.0
74,31.8,90.6,0.0,1.0,4.7,0.69,4.0,0.0,3.5,0.22,0.052,0.015,0.088,0.0,12.0,0.0,72.0,0.0,0.0,0.1,0.04,0.051,0.68,0.08,20.0,0.0,0.2,2.0,20.0,45.0,41.0,0.38,2.0,0.23,14.0,58.0,269.0,0.068,0.056,1.0,0.01,ALA,0.0,45.0,0.0
75,73.6,80.7,0.0,2.3,14.8,14.1,0.7,0.0,2.1,0.11,0.026,0.002,0.056,0.0,0.17,0.0,1.0,0.0,0.053,2.1,0.11,0.047,1.7,0.31,22.0,0.0,0.4,0.4,17.0,6.4,50.0,0.43,2.6,0.34,21.0,2.7,418.0,0.15,0.091,1.5,0.01,ALA,0.0,25.0,0.0
76,17.3,95.0,0.0,1.1,2.1,0.0,2.1,0.0,1.6,0.14,0.033,0.017,0.055,0.0,3.8,0.0,23.0,0.0,0.001,1.3,0.033,0.03,0.52,0.06,24.0,0.0,0.18,0.0,29.0,26.0,18.0,0.44,1.2,0.19,9.4,21.0,241.0,0.049,0.026,2.0,0.01,ALA,0.0,35.0,0.0
77,46.1,87.3,0.0,1.6,8.4,0.0,8.4,0.0,2.6,0.1,0.018,0.0099,0.049,0.0,1.8,0.0,11.0,0.0,0.047,0.2,0.022,0.042,0.32,0.05,83.0,0.0,0.13,0.0,10.0,17.0,45.0,0.91,0.4,0.36,21.0,58.0,407.0,0.24,0.084,0.62,0.02,ALA,0.0,150.0,0.0
78,345.0,13.9,0.0,0.58,84.9,84.9,0.0,0.0,0.4,0.2,0.05,0.05,0.03,0.0,0.0,0.0,0.0,0.0,0.0,0.0,0.004,0.1,0.15,0.008,0.0,0.0,0.14,0.0,0.0,12.0,12.0,1.0,0.0,0.12,3.0,4.0,20.0,0.11,0.07,0.8,0.0,N/A,0.0,0.0,0.0
79,164.0,58.4,0.0,1.4,38.1,36.4,1.7,0.0,1.8,0.3,0.07,0.08,0.05,0.0,1.3,0.0,8.0,0.0,0.19,0.0,0.09,0.05,0.85,0.09,27.0,0.0,0.0,0.0,21.0,16.0,27.0,0.3,0.0,0.3,21.0,14.0,271.0,0.0,0.0,0.7,0.01,ALA,0.0,15.0,0.0
80,39.8,89.1,0.0,1.3,6.9,0.0,6.9,0.0,2.6,0.2,0.039,0.0032,0.12,0.0,1455.0,0.0,8731.0,0.0,0.55,15.0,0.06,0.05,0.77,0.14,13.9,0.0,0.27,5.0,6.5,27.2,35.0,0.47,6.5,0.28,11.2,61.0,321.0,0.18,0.05,1.3,0.0,N/A,0.0,45.0,0.0
81,37.7,89.1,0.0,2.6,3.9,0.9,3.0,0.0,3.9,0.43,0.099,0.012,0.18,0.0,8.0,0.0,48.0,0.0,0.19,14.0,0.058,0.14,0.86,0.082,126.0,0.0,0.19,0.0,5.3,19.0,58.0,0.5,1.0,0.32,27.0,47.0,248.0,0.24,0.054,0.2,0.01,ALA,0.0,250.0,0.0
82,32.4,91.4,0.0,3.1,1.2,0.36,0.87,0.0,3.1,1.0,0.3,0.1,0.4,0.0,716.0,0.0,4298.0,0.0,1.6,377.0,0.07,0.19,1.9,1.9,140.0,0.0,0.21,0.1,8.5,181.0,48.0,2.1,2.8,0.54,66.2,16.0,340.0,0.2,0.09,0.7,0.1,ALA,0.0,90.0,0.0
83,74.0,79.9,0.0,6.0,9.5,4.1,5.4,0.0,4.2,0.4,0.15,0.13,0.05,0.0,67.5,0.0,405.0,0.0,0.18,23.5,0.26,0.09,2.5,0.09,47.0,0.0,0.14,0.4,12.0,35.0,99.0,1.6,2.0,0.7,21.0,2.0,150.0,0.3,0.03,0.88,0.03,ALA,0.0,30.0,0.0
84,36.5,90.4,0.0,1.9,3.6,1.5,2.1,0.0,3.2,0.9,0.3,0.1,0.4,0.0,19.7,0.0,118.0,0.0,0.12,47.0,0.06,0.1,0.89,0.15,63.9,0.0,0.07,0.0,9.8,46.6,33.0,0.59,0.5,0.24,19.6,8.0,160.0,0.2,0.05,1.2,0.03,ALA,0.0,35.0,0.0
85,18.8,95.1,0.0,1.9,1.5,0.0,1.5,0.0,1.2,0.31,0.071,0.01,0.14,0.0,46.3,0.0,278.0,0.0,0.4,40.0,0.03,0.04,0.94,0.05,29.8,0.0,0.13,1.7,6.8,22.6,50.0,0.74,2.1,0.38,9.6,348.0,220.0,0.11,0.086,0.7,0.01,ALA,0.0,25.0,0.0
86,27.8,92.9,0.0,3.1,2.3,1.8,0.5,0.0,1.3,0.4,0.1,0.0,0.1,0.0,13.7,0.0,82.3,0.0,16.7,290.0,0.03,0.03,2.1,0.03,47.6,0.0,0.21,0.1,9.6,146.0,30.0,2.8,5.4,0.52,39.3,255.0,213.0,0.5,0.01,0.7,0.08,ALA,0.0,70.0,0.0
87,88.9,76.4,0.0,5.3,12.4,9.9,2.5,0.0,5.0,0.9,0.2,0.1,0.4,0.0,75.0,0.0,450.0,0.0,0.22,26.0,0.09,0.07,2.1,0.06,20.0,0.0,0.04,0.0,1.0,30.0,81.0,1.9,1.7,0.6,20.0,268.0,130.0,0.2,0.02,0.7,0.02,ALA,0.0,20.0,0.0
88,15.1,95.6,0.0,1.2,1.6,0.53,1.1,0.0,1.5,0.1,0.023,0.004,0.052,0.0,33.3,0.0,200.0,0.0,0.05,47.0,0.07,0.04,0.55,0.03,13.0,0.0,0.09,0.0,4.3,34.0,24.0,1.3,1.4,0.2,20.0,328.0,143.0,0.17,0.23,0.9,0.02,ALA,0.0,25.0,0.0
89,43.2,89.2,0.0,2.8,8.0,0.0,8.0,0.0,0.0,0.0,0.0,0.0,0.0,0.0,0.0,0.0,0.0,0.0,0.9,0.0,0.07,0.09,0.82,0.1,28.0,0.0,0.13,0.0,7.0,44.0,71.0,0.4,0.0,0.0,23.0,620.0,163.0,1.4,0.13,0.7,0.01,ALA,0.0,15.0,0.0
90,32.2,91.7,0.0,1.2,5.2,0.1,5.1,0.0,1.5,0.4,0.1,0.013,0.2,0.0,630.0,0.0,3780.0,0.0,0.9,5.1,0.01,0.03,1.1,0.31,11.0,0.0,0.06,0.0,81.0,9.0,26.0,0.3,0.4,0.2,14.0,314.0,180.0,0.1,0.01,0.3,0.01,ALA,0.0,50.0,0.0
91,29.4,91.7,0.0,1.2,4.5,1.6,2.9,0.0,1.5,0.4,0.1,0.013,0.2,0.0,630.0,0.0,3780.0,0.0,0.9,5.1,0.01,0.03,1.1,0.31,11.0,0.0,0.06,0.0,81.0,9.0,26.0,0.3,0.4,0.2,14.0,288.0,180.0,0.1,0.01,0.3,0.01,ALA,0.0,45.0,0.0
92,33.0,91.7,0.0,1.2,5.4,1.6,3.8,0.0,1.5,0.4,0.1,0.013,0.2,0.0,630.0,0.0,3780.0,0.0,0.9,5.1,0.01,0.03,1.1,0.31,11.0,0.0,0.06,0.0,81.0,9.0,26.0,0.3,0.4,0.2,14.0,260.0,180.0,0.1,0.01,0.3,0.01,ALA,0.0,60.0,0.0
93,38.1,90.0,0.0,1.2,5.4,4.1,1.3,0.0,2.7,0.7,0.1,0.003,0.4,0.0,95.8,0.0,575.0,0.0,0.78,47.0,0.02,0.02,0.55,0.05,40.0,0.0,0.1,1.0,7.0,20.0,32.0,0.7,5.4,0.2,2.0,6.0,150.0,0.2,0.02,1.0,0.01,ALA,0.0,30.0,0.0
94,29.8,92.2,0.0,1.9,4.5,3.5,1.0,0.0,1.2,0.2,0.03,0.04,0.07,0.0,227.0,0.0,1360.0,0.0,0.03,200.0,0.05,0.05,1.1,0.11,128.0,0.0,0.17,0.0,18.9,105.0,40.0,3.3,39.1,0.03,76.0,150.0,380.0,0.37,0.077,0.9,0.01,ALA,0.0,33.5,0.0
95,119.0,70.0,0.0,4.3,24.3,21.8,2.2,0.0,1.2,0.23,0.05,0.03,0.1,0.0,0.0,0.0,5.0,0.0,0.011,1.4,0.16,0.02,1.0,0.32,4.8,0.0,0.6,0.0,14.0,17.8,134.0,1.2,4.7,1.1,24.1,19.0,446.0,0.46,0.15,2.0,0.02,ALA,0.0,143.0,0.0
96,43.9,83.8,0.0,2.4,2.9,0.0,2.9,0.0,10.8,0.12,0.028,0.004,0.05,0.0,7.8,0.0,47.0,0.0,0.19,14.0,0.14,0.12,0.9,0.09,47.0,0.0,0.34,0.0,7.6,53.0,130.0,1.5,1.0,0.1,26.0,47.0,353.0,0.38,0.32,0.7,0.01,ALA,0.0,320.0,0.0
97,19.4,94.7,0.0,1.2,2.5,0.0,2.5,0.0,1.4,0.2,0.053,0.04,0.099,0.0,8.3,0.0,50.0,0.0,0.2,12.0,0.048,0.076,0.48,0.09,16.0,0.0,0.43,0.1,7.0,41.0,21.0,0.4,0.98,0.14,12.0,100.0,320.0,0.1,0.038,3.0,0.01,ALA,0.0,50.0,0.0
98,21.4,93.7,0.0,1.3,2.4,0.19,2.2,0.0,2.5,0.18,0.034,0.016,0.076,0.0,8.4,0.0,50.6,0.0,0.03,3.5,0.038,0.045,0.75,0.075,23.2,0.0,0.23,0.0,5.9,16.4,21.0,0.4,1.4,0.22,10.8,3.0,210.0,0.11,0.09,1.0,0.01,ALA,0.0,65.0,0.0
99,20.1,94.6,0.0,1.6,2.0,0.0,2.0,0.0,1.5,0.3,0.081,0.024,0.11,0.0,987.0,0.0,5919.0,0.0,1.5,542.0,0.085,0.17,0.73,0.23,214.0,0.0,0.31,0.4,96.0,180.0,64.0,3.1,12.0,0.7,34.0,12.0,276.0,0.6,0.01,0.9,0.01,ALA,0.0,45.0,0.0
100,25.9,94.4,0.0,1.8,3.1,0.0,0.0,0.0,0.0,0.7,0.17,0.21,0.11,0.0,210.0,0.0,35.0,13.0,0.0,0.0,0.06,0.15,0.0,0.084,13.0,0.0,0.041,0.0,35.0,93.0,53.0,3.3,0.0,0.2,52.0,80.0,470.0,0.35,0.13,0.9,0.02,ALA,0.0,35.0,0.0
101,33.0,90.6,0.0,3.6,2.7,0.0,2.7,0.0,3.0,0.2,0.031,0.014,0.095,0.0,71.1,0.0,427.0,0.0,0.62,154.0,0.09,0.18,1.5,0.28,114.0,0.0,0.9,0.5,100.0,58.0,65.0,0.86,15.0,0.49,19.0,22.0,279.0,0.45,0.056,0.7,0.02,ALA,0.0,95.0,0.0
102,23.3,94.0,0.0,1.9,2.0,0.08,1.9,0.0,1.6,0.5,0.1,0.1,0.1,0.0,47.8,0.0,287.0,0.0,0.06,4.3,0.09,0.07,0.71,0.07,33.1,0.0,0.16,0.0,13.8,21.5,45.0,0.67,2.0,0.24,12.9,1.0,230.0,0.1,0.02,1.0,0.01,ALA,0.0,30.0,0.0
103,28.4,92.0,0.0,1.1,4.6,0.7,3.9,0.0,2.2,0.13,0.068,0.017,0.007,0.0,128.0,0.0,766.0,0.0,1.1,1.1,0.047,0.067,0.35,0.11,36.0,0.0,0.4,0.4,12.0,22.0,44.0,0.8,1.4,0.2,8.0,3.1,304.0,0.066,0.08,0.3,0.01,ALA,0.0,40.0,0.0
104,31.9,91.5,0.0,1.2,5.3,0.0,5.3,0.0,1.8,0.25,0.094,0.0,0.11,0.0,0.17,0.0,1.0,0.0,0.45,0.7,0.03,0.03,0.72,0.13,7.0,0.0,0.11,3.5,6.9,25.4,33.0,0.27,8.9,0.26,4.2,3.0,162.0,0.13,0.05,1.5,0.01,ALA,0.0,75.0,0.0
105,37.0,90.3,0.0,1.0,6.4,1.8,4.6,0.0,1.9,0.4,0.1,0.0,0.2,0.0,95.3,0.0,572.0,0.0,0.8,0.0,0.12,0.15,2.5,0.0,0.0,0.0,0.08,0.0,225.0,16.0,39.0,1.0,1.0,0.3,21.0,12.0,440.0,0.0,0.01,0.0001,0.02,ALA,0.0,115.0,0.0
106,20.1,94.4,0.0,0.8,2.6,0.93,1.7,0.0,1.9,0.3,0.1,0.0,0.2,0.0,37.0,0.0,222.0,0.0,0.8,0.0,0.07,0.08,1.6,0.0,0.0,0.0,0.08,0.0,120.0,30.0,80.0,1.2,1.0,0.4,24.0,7.0,220.0,0.0,0.02,0.0,0.02,ALA,0.0,110.0,0.0
107,70.1,81.7,0.0,1.8,11.1,5.6,5.4,0.0,4.3,1.1,0.2,0.5,0.2,0.0,5.0,0.0,30.0,0.0,1.0,0.0,0.023,0.01,1.0,0.11,87.0,0.0,0.0,0.0,17.0,41.0,74.0,0.6,0.0,0.3,23.0,10.0,450.0,0.0,0.0,0.0,0.01,ALA,0.0,25.0,0.0
108,30.2,90.6,0.0,1.4,4.2,0.03,4.1,0.0,3.0,0.2,0.038,0.0041,0.11,0.0,12.0,0.0,69.0,0.0,1.7,70.0,0.043,0.045,0.73,0.19,31.0,0.0,0.21,3.1,48.0,45.0,36.0,0.41,3.0,0.22,14.0,12.0,255.0,0.2,0.033,2.5,0.03,ALA,0.0,60.0,0.0
109,42.7,87.5,0.0,4.4,3.3,0.49,2.8,0.0,4.4,0.34,0.047,0.007,0.24,0.0,12.8,0.0,77.0,0.0,0.56,236.0,0.13,0.13,1.0,0.34,101.0,0.0,1.0,0.4,112.0,33.0,84.0,1.0,0.7,0.54,22.0,9.2,451.0,0.3,0.065,0.6,0.09,ALA,0.0,110.0,0.0
110,43.7,88.1,0.0,4.3,2.5,0.0,2.5,0.0,4.2,0.9,0.11,0.017,0.49,0.0,867.0,0.0,5200.0,0.0,1.7,817.0,0.1,0.25,2.1,0.25,187.0,0.0,0.09,0.5,105.0,212.0,87.0,1.9,4.5,0.33,31.0,35.0,451.0,0.55,0.056,1.4,0.18,ALA,0.0,250.0,0.0
111,27.5,92.0,0.0,2.4,2.4,0.29,2.1,0.0,2.9,0.28,0.042,0.006,0.14,0.0,0.33,0.0,2.0,0.0,0.21,57.0,0.088,0.092,1.3,0.24,72.5,0.0,0.6,1.5,58.8,19.3,52.0,0.84,5.9,0.32,15.9,13.0,296.0,0.18,0.045,0.93,0.04,ALA,0.0,45.0,0.0
112,17.4,94.6,0.0,1.6,1.0,0.0,1.0,0.0,2.6,0.2,0.0,0.0,0.1,0.0,94.0,0.0,0.0,0.0,0.6,200.0,0.06,0.09,0.6,0.05,110.0,0.0,0.11,0.0,10.0,55.0,37.0,1.0,3.0,0.2,13.0,14.0,327.0,0.3,0.01,1.0,0.01,ALA,0.0,55.0,0.0
113,20.7,93.9,0.0,2.6,0.61,0.14,0.47,0.0,2.6,0.3,0.03,0.015,0.16,0.0,542.0,0.0,3254.0,0.0,1.4,307.0,0.092,0.2,1.4,0.22,145.0,0.0,0.25,6.9,40.0,117.0,46.0,2.7,12.0,0.6,60.0,69.0,554.0,0.64,0.097,0.8,0.14,ALA,0.0,120.0,0.0
114,90.7,76.0,0.0,6.9,11.3,10.1,1.2,0.0,4.9,0.9,0.1,0.1,0.5,0.0,60.5,0.0,363.0,0.0,0.23,29.0,0.29,0.16,4.1,0.17,75.3,0.0,0.45,5.3,21.9,25.4,113.0,1.9,4.0,0.7,32.3,2.0,247.0,0.35,0.25,0.89,0.04,ALA,0.0,40.0,0.0
115,50.4,85.1,0.0,5.4,4.2,3.8,0.4,0.0,5.1,0.2,0.03,0.04,0.09,0.0,18.0,0.0,0.0,0.0,0.46,43.0,0.2,0.1,4.1,0.06,145.0,0.0,0.09,0.0,24.0,23.0,98.0,1.8,4.0,0.9,28.0,18.0,210.0,0.22,0.08,1.4,0.02,ALA,0.0,50.0,0.0
116,36.4,90.4,0.0,2.4,4.2,2.0,2.2,0.0,2.4,0.58,0.07,0.06,0.23,0.0,30.6,0.0,184.0,0.0,0.28,43.0,0.06,0.1,1.5,0.22,62.3,0.0,0.09,7.0,23.4,51.7,37.0,1.0,3.6,0.23,22.2,1.5,238.0,0.22,0.08,1.4,0.04,ALA,0.0,45.0,0.0
117,19.6,95.1,0.0,1.4,1.4,0.036,1.4,0.0,1.5,0.6,0.12,0.0062,0.37,0.0,29.2,0.0,175.0,0.0,0.6,113.0,0.06,0.07,0.8,0.06,33.6,0.0,0.11,1.9,13.0,34.7,28.0,1.0,3.0,0.23,8.7,3.0,220.0,0.3,0.01,1.0,0.01,ALA,0.0,25.0,0.0
118,26.6,92.3,0.0,1.5,3.5,0.072,3.5,0.0,2.5,0.18,0.036,0.006,0.098,0.0,2.5,0.0,15.0,0.0,1.7,25.0,0.063,0.044,0.5,0.15,35.0,0.0,0.32,2.0,57.0,52.0,36.0,0.44,2.9,0.24,13.0,10.0,250.0,0.16,0.041,0.92,0.03,ALA,0.0,180.0,0.0
119,23.6,93.1,0.0,1.3,3.3,2.1,1.2,0.0,2.2,0.09,0.016,0.018,0.05,0.0,45.7,0.0,274.0,0.0,0.0,5.3,0.012,0.041,0.41,0.07,3.0,0.0,0.17,0.0,9.3,164.0,16.0,0.59,0.0,0.25,52.0,21.0,257.0,0.46,0.052,0.7,0.01,ALA,0.0,218.8,0.0
120,13.3,96.6,0.0,0.63,1.9,0.08,1.8,0.0,0.7,0.2,0.069,0.008,0.088,0.0,28.2,0.0,169.0,0.0,0.39,13.0,0.04,0.03,0.36,0.04,19.4,0.0,0.26,0.9,7.0,18.5,23.0,0.2,0.3,0.14,7.3,3.0,140.0,0.08,0.039,0.8,0.01,ALA,0.0,20.0,0.0
121,33.1,92.2,0.0,1.3,4.2,0.0,4.2,0.0,1.5,0.9,0.3,0.0,0.3,0.0,539.0,0.0,3236.0,0.0,0.8,17.0,0.04,0.03,1.1,0.28,23.7,0.0,0.08,0.0,139.0,11.9,22.0,0.37,0.78,0.14,12.8,4.0,160.0,0.1,0.01,0.1,0.01,ALA,0.0,85.0,0.0
122,19.7,95.2,0.0,0.63,1.6,0.07,1.5,0.0,1.8,0.8,0.3,0.1,0.3,0.0,32.8,0.0,197.0,0.0,0.87,11.0,0.01,0.02,0.23,0.27,25.1,0.0,0.06,0.0,107.0,11.3,19.0,0.49,0.17,0.12,10.5,4.0,120.0,0.13,0.02,0.0,0.01,ALA,0.0,70.0,0.0
123,29.2,92.0,0.0,2.2,3.3,0.12,3.1,0.0,2.3,0.29,0.078,0.013,0.18,0.0,123.0,0.0,739.0,0.0,0.53,47.0,0.086,0.068,0.77,0.26,103.0,0.0,0.14,1.6,26.0,63.0,48.0,0.81,8.6,0.31,16.0,4.4,267.0,0.19,0.053,0.76,0.02,ALA,0.0,45.0,0.0
124,32.1,91.4,0.0,1.7,4.1,0.09,4.0,0.0,2.4,0.45,0.1,0.047,0.3,0.0,64.2,0.0,385.0,0.0,0.2,70.0,0.15,0.02,0.8,0.17,75.0,0.0,0.21,0.1,49.0,52.0,41.0,0.7,2.0,0.3,8.0,5.0,270.0,0.2,0.02,1.0,0.03,ALA,0.0,55.0,0.0
125,22.2,94.0,0.0,0.88,3.5,0.1,3.4,0.0,1.4,0.21,0.037,0.025,0.1,0.0,217.0,0.0,1302.0,0.0,0.89,5.7,0.07,0.04,0.9,0.13,28.8,0.0,0.28,1.5,26.6,10.6,24.0,0.7,2.2,0.16,8.3,9.0,242.0,0.11,0.058,0.99,0.01,ALA,0.0,60.0,0.0
126,33.0,92.0,0.0,0.8,5.0,0.03,3.0,0.0,1.3,0.8,0.018,0.019,0.053,0.0,132.0,0.0,792.0,0.0,1.2,0.0,0.06,0.04,1.0,0.14,17.0,0.0,0.0,0.0,28.0,11.0,30.0,0.4,2.0,0.2,11.0,13.0,290.0,0.0,0.0,0.0,0.01,ALA,0.0,65.0,0.0
127,15.0,96.2,0.0,0.0,3.8,0.0,3.8,0.0,0.0,0.0,0.0,0.0,0.0,0.0,0.0,0.0,0.0,0.0,0.0,0.0,0.0,0.0,0.0,0.0,0.0,0.0,0.0,0.0,3.8,8.0,0.0,0.15,0.0,0.0,0.0,8.0,0.0,0.0,0.0,0.0,0.0,N/A,0.0,30.0,0.0
128,16.7,95.6,0.0,0.76,3.0,0.1,2.8,0.0,0.6,0.05,0.0066,0.0075,0.02,0.0,70.5,0.0,423.0,0.0,1.0,4.0,0.056,0.026,0.77,0.11,13.0,0.0,0.2,2.5,15.0,15.0,16.0,0.56,2.0,0.086,9.5,4.8,236.0,0.007,0.12,0.6,0.01,ALA,0.0,50.0,0.0
129,24.3,93.9,0.0,0.63,4.8,0.0,4.8,0.0,0.62,0.15,0.027,0.007,0.071,0.0,437.0,0.0,2622.0,0.0,0.56,15.0,0.06,0.06,0.77,0.2,4.0,0.0,0.23,0.0,3.8,27.0,31.0,0.5,7.0,0.0,13.0,52.0,219.0,0.13,0.046,0.6,0.0,N/A,0.0,20.0,0.0
130,341.0,31.0,0.0,4.6,50.7,12.7,38.0,15.2,0.5,13.2,0.9,7.6,2.1,0.0,0.0,0.0,0.0,0.0,5.2,0.0,0.05,0.1,1.1,0.02,8.0,0.0,0.26,0.0,0.0,49.0,168.0,0.8,0.0,0.7,63.0,3.0,186.0,0.086,0.45,4.2,0.05,ALA,0.5,80.0,0.0
131,619.0,1.5,0.0,30.1,13.6,6.5,7.1,2.8,7.0,47.8,9.5,26.4,10.3,0.0,0.0,0.0,0.0,0.0,5.0,0.8,0.12,0.1,18.0,0.58,53.0,0.0,0.81,94.0,0.0,74.0,393.0,1.9,0.0,3.0,180.0,120.0,820.0,1.7,0.7,3.0,0.05,ALA,0.5,80.0,0.0
132,259.0,33.6,0.0,1.0,62.2,0.0,62.2,24.9,3.2,0.0,0.0,0.0,0.0,0.0,2.0,0.0,12.0,0.0,0.0,0.0,0.01,0.01,0.1,0.0,0.0,0.0,0.02,0.0,0.0,4.0,6.0,0.3,0.0,0.1,3.0,1.0,90.0,0.0,0.0,0.0,0.0,N/A,0.0,0.0,0.0
133,258.0,35.1,0.0,0.32,63.2,0.0,63.2,25.3,1.2,0.2,0.01,0.11,0.0,0.0,10.0,0.0,60.0,0.0,0.13,0.5,0.04,0.022,0.1,0.02,33.0,0.0,0.02,0.0,8.8,20.0,11.0,0.49,2.7,0.06,4.0,40.0,77.0,0.04,0.1,2.0,0.0,N/A,0.0,30.0,0.0
134,30.0,91.1,0.0,0.7,5.4,1.0,4.4,2.2,2.8,0.0,0.0,0.0,0.0,0.0,0.0,0.0,0.0,0.0,0.57,0.0,0.04,0.06,0.1,0.06,9.0,0.0,0.02,0.0,5.7,13.9,19.7,0.41,2.7,0.08,9.8,50.0,238.0,0.04,0.1,2.0,0.0,N/A,0.0,30.0,0.0
135,251.0,38.0,0.0,0.38,60.9,0.9,60.0,24.4,0.55,0.16,0.0,0.0,0.0,0.0,0.0,0.0,0.0,0.0,0.16,1.1,0.024,0.013,0.1,0.01,6.0,0.0,0.1,0.0,19.6,12.0,16.0,0.22,2.7,0.05,7.1,7.0,110.0,0.08,0.05,2.0,0.0,N/A,0.0,30.0,0.0
136,251.0,36.9,0.0,0.31,59.6,0.0,59.6,23.8,2.6,0.63,0.03,0.33,0.0,0.0,21.0,0.0,126.0,0.0,0.0,0.5,0.01,0.02,1.9,0.02,33.0,0.0,0.02,0.0,20.0,39.0,8.6,1.0,2.7,0.1,30.0,10.0,344.0,0.04,0.1,2.0,0.0,N/A,0.0,30.0,0.0
137,251.0,37.2,0.0,0.45,60.9,0.0,60.9,24.4,1.2,0.3,0.015,0.17,0.0,0.0,10.0,0.0,60.0,0.0,0.16,0.5,0.009,0.015,0.1,0.02,30.0,0.0,0.02,0.0,2.7,20.0,16.0,0.49,2.7,0.06,4.0,7.0,56.0,0.04,0.1,2.0,0.0,N/A,0.0,30.0,0.0
138,255.0,36.1,0.0,0.31,62.6,0.0,62.6,25.0,0.8,0.2,0.01,0.11,0.0,0.0,10.0,0.0,60.0,0.0,0.16,0.5,0.01,0.014,0.1,0.02,50.9,0.0,0.02,0.0,49.2,20.0,10.0,0.49,2.7,0.06,4.0,5.0,59.0,0.04,0.1,2.0,0.0,N/A,0.0,30.0,0.0
139,33.0,90.6,0.0,0.7,6.4,0.0,6.4,2.6,2.3,0.0,0.0,0.0,0.0,0.0,0.0,0.0,0.0,0.0,0.16,0.0,0.02,0.02,0.1,0.05,50.9,0.0,0.02,0.0,49.2,20.6,21.3,0.57,2.7,0.07,10.7,47.0,123.0,0.04,0.1,2.0,0.0,N/A,0.0,30.0,0.0
140,239.0,40.8,0.0,0.5,58.7,6.7,52.0,23.5,1.1,0.0,0.0,0.0,0.0,0.0,20.4,0.0,123.0,0.0,0.0,0.0,0.0,0.0,0.0,0.0,0.0,0.0,0.0,0.0,0.0,0.0,14.0,0.0,0.0,0.0,0.0,0.0,0.0,0.0,0.0,0.0,0.0,N/A,0.0,30.0,0.0
141,234.0,41.4,0.0,0.38,58.0,1.0,57.0,23.2,0.2,0.0,0.0,0.0,0.0,0.0,3.2,0.0,19.1,0.0,0.06,0.0,0.005,0.006,0.14,0.014,9.0,0.0,0.015,0.0,4.0,32.0,4.5,0.15,2.7,0.04,2.0,11.0,53.0,0.02,0.09,0.6,0.0,N/A,0.0,30.0,0.0
142,197.0,49.0,0.0,0.56,48.0,0.7,47.3,19.2,0.61,0.14,0.025,0.016,0.066,0.0,133.0,0.0,795.0,0.0,0.56,3.5,0.045,0.025,0.56,0.082,17.5,0.0,0.18,0.99,17.8,7.4,15.3,0.53,14.0,0.13,57.0,7.0,155.0,0.071,0.052,0.86,0.0,N/A,0.0,30.0,0.0
143,283.0,26.2,0.0,3.4,62.6,0.35,53.4,0.0,7.3,0.51,0.017,0.074,0.074,0.0,361.0,0.0,2163.0,0.0,4.3,3.1,0.015,0.074,2.9,0.14,10.0,0.0,0.52,0.0,1.0,55.0,71.0,2.7,1.0,0.39,32.0,10.0,1162.0,0.24,0.34,2.2,0.01,ALA,0.0,150.0,0.0
144,219.0,35.0,0.0,2.2,42.4,0.0,42.4,0.0,17.8,0.52,0.041,0.34,0.11,0.0,78.2,0.0,469.0,0.0,2.3,59.5,0.15,0.12,1.9,0.15,4.0,0.0,0.46,0.0,2.0,41.0,73.0,2.3,1.0,0.4,27.0,8.0,824.0,0.22,0.4,2.7,0.01,ALA,0.0,250.0,0.0
145,633.0,12.3,0.0,5.6,6.4,0.0,6.4,0.0,13.7,62.0,53.4,3.5,1.5,0.0,0.0,0.0,0.0,0.0,1.3,0.3,0.03,0.05,2.0,0.09,9.0,0.0,0.5,0.0,1.0,23.0,160.0,3.6,3.0,0.9,90.0,28.0,660.0,1.8,0.55,3.0,0.0,N/A,0.0,15.0,0.0
146,289.0,23.9,0.0,1.9,65.1,0.0,65.1,0.0,8.7,0.45,0.15,0.15,0.03,0.0,5.7,0.0,34.0,0.0,0.05,2.7,0.06,0.08,2.3,0.16,21.0,0.0,0.8,0.0,3.0,63.0,57.0,1.9,1.0,0.3,50.0,8.0,650.0,0.15,0.29,3.0,0.01,ALA,0.0,220.0,0.0
147,305.0,21.2,0.0,2.5,69.3,0.0,69.3,0.0,6.5,0.5,0.16,0.14,0.14,0.0,5.0,0.0,30.0,0.0,0.12,3.5,0.12,0.055,0.68,0.25,10.0,0.0,0.15,2.0,1.0,80.0,111.0,2.3,2.0,0.25,41.0,21.0,782.0,0.46,0.37,7.3,0.01,ALA,0.0,230.0,0.0
148,233.0,67.9,0.0,1.9,0.4,0.0,0.4,0.0,6.3,23.5,1.9,15.5,1.9,0.0,19.3,0.0,116.0,0.0,1.3,19.0,0.08,0.15,1.4,0.36,30.0,0.0,1.1,10.0,6.0,12.0,43.0,0.49,1.0,0.4,30.0,4.7,487.0,0.2,0.23,0.4,0.11,ALA,0.0,45.0,0.0
149,41.4,88.9,0.0,0.88,8.5,0.0,8.5,0.0,1.5,0.1,0.01,0.04,0.02,0.0,26.0,0.0,156.0,0.0,0.5,3.3,0.04,0.053,0.65,0.07,5.0,0.0,0.27,0.0,6.0,16.0,21.0,0.65,0.5,0.14,11.0,2.0,279.0,0.16,0.13,1.3,0.0,N/A,0.0,85.0,0.0
150,42.1,87.8,0.0,0.63,6.1,0.0,6.1,0.0,4.9,0.6,0.0,0.0,0.0,0.0,34.0,0.0,204.0,0.0,1.9,12.0,0.02,0.02,0.09,0.06,10.0,0.0,0.16,1.1,22.0,10.0,13.0,0.74,1.0,0.13,2.4,1.0,78.0,4.2,0.077,0.1,0.06,ALA,0.0,350.0,0.0
151,74.2,80.5,0.0,0.63,16.0,0.0,16.0,0.0,2.5,0.3,0.049,0.094,0.062,0.0,267.0,0.0,1600.0,0.0,0.59,2.6,0.024,0.03,0.28,0.1,7.0,0.0,0.16,0.0,16.0,8.0,25.0,0.37,3.0,0.038,8.0,4.0,178.0,0.047,0.02,0.6,0.0,N/A,0.0,60.0,0.0
152,31.0,91.0,0.0,0.5,6.3,0.3,6.0,0.0,1.7,0.0,0.0,0.0,0.0,0.0,31.0,0.0,188.0,0.0,0.5,0.0,0.03,0.03,0.47,0.1,0.0,0.0,0.0,0.0,23.0,4.0,15.0,0.5,0.0,0.1,8.0,3.0,158.0,0.0,0.0,0.0,0.01,ALA,0.0,130.0,0.0
153,62.1,84.2,0.0,0.88,13.3,0.0,13.3,0.0,1.3,0.31,0.07,0.084,0.093,0.0,2.8,0.0,16.5,0.0,0.13,1.5,0.039,0.042,0.33,0.045,52.0,0.0,0.19,0.4,15.0,17.0,23.0,0.35,1.2,0.087,13.0,2.7,234.0,0.084,0.099,1.2,0.01,ALA,0.0,150.0,0.0
154,72.7,81.6,0.0,1.3,14.1,0.0,14.1,0.0,2.4,0.7,0.2,0.1,0.3,0.0,9.8,0.0,58.8,0.0,0.01,0.0,0.07,0.11,1.2,0.03,12.5,0.0,0.24,0.0,14.2,21.2,21.0,0.43,1.5,0.11,17.3,4.0,382.0,0.083,0.073,0.0,0.01,ALA,0.0,45.0,0.0
155,48.1,87.4,0.0,0.63,10.2,0.0,10.2,0.0,1.6,0.17,0.022,0.052,0.078,0.0,23.2,0.0,139.0,0.0,0.86,8.3,0.072,0.043,1.3,0.045,2.0,0.0,0.18,0.1,5.4,8.3,17.0,0.26,1.4,0.093,7.9,1.7,177.0,0.068,0.071,0.59,0.01,ALA,0.0,125.0,0.0
156,384.0,45.1,0.0,4.6,4.8,0.0,4.8,0.0,9.0,36.5,31.8,2.2,0.68,0.0,0.0,0.0,0.0,0.0,0.73,0.2,0.061,0.008,1.2,0.06,30.0,0.0,0.2,0.0,2.0,20.0,94.0,2.3,1.2,0.79,39.0,35.0,379.0,1.3,0.44,10.1,0.0,N/A,0.0,15.0,0.0
157,36.9,88.8,0.0,1.3,4.9,0.0,4.9,0.0,4.7,0.3,0.01,0.03,0.2,0.0,3.8,0.0,22.5,0.0,0.91,10.0,0.023,0.05,0.78,0.06,30.0,0.0,0.3,1.9,25.0,40.0,44.0,1.0,3.0,0.36,30.0,1.3,200.0,0.38,0.093,1.3,0.12,ALA,0.0,280.0,0.0
,32,91.6,0.0,0.81,5.5,0.0,5.5,0.0,1.7,0.4,0.032,0.063,0.24,0.0,3.0,0.0,18.0,0.0,0.23,5.5,0.031,0.054,0.79,0.06,61.6,0.0,0.34,4.0,54.9,21.5,26.0,0.46,2.7,0.22,13.3,1.4,161.0,0.39,0.046,1.3,0.02,ALA,0.0,225.0,0.0
159,77.2,80.4,0.0,0.69,16.1,0.0,16.1,0.0,2.3,0.6,0.076,0.09,0.13,0.0,6.7,0.0,40.0,0.0,0.55,4.6,0.05,0.02,0.3,0.2,29.0,0.0,0.6,0.0,7.0,8.0,17.0,0.5,0.0,0.23,3.0,2.5,238.0,0.13,0.12,0.6,0.01,ALA,0.0,250.0,0.0
160,45.2,85.6,0.0,1.3,6.1,0.0,6.1,0.0,6.8,0.22,0.026,0.025,0.11,0.0,13.5,0.0,81.0,0.0,1.9,30.0,0.051,0.044,0.4,0.08,8.8,0.0,0.4,2.4,177.0,46.0,40.0,1.3,1.0,0.25,17.0,1.7,303.0,0.35,0.1,1.7,0.04,ALA,0.0,350.0,0.0
161,32.4,90.4,0.0,1.1,4.8,0.0,4.8,0.0,3.5,0.2,0.039,0.029,0.073,0.0,4.2,0.0,25.0,0.0,0.72,11.0,0.04,0.03,0.3,0.045,11.0,0.0,0.06,2.6,36.0,29.0,27.0,0.91,1.0,0.24,13.0,1.6,257.0,0.24,0.14,1.3,0.04,ALA,0.0,300.0,0.0
162,41.6,87.6,0.0,0.88,5.8,0.0,5.8,0.0,5.2,0.5,0.14,0.045,0.21,0.0,122.0,0.0,733.0,0.0,1.1,2.6,0.03,0.04,1.1,0.14,14.0,0.0,0.15,0.0,273.0,17.0,31.0,0.75,0.0,0.56,13.0,4.0,290.0,0.1,0.1,0.5,0.11,ALA,0.0,126.4,0.0
163,65.3,83.3,0.0,1.3,12.9,0.0,12.9,0.0,2.0,0.5,0.089,0.098,0.21,0.0,8.0,0.0,48.0,0.0,0.89,4.7,0.046,0.05,0.64,0.11,6.7,0.0,0.3,0.0,2.7,54.0,32.0,0.6,1.5,0.24,20.0,1.3,248.0,0.043,0.081,1.6,0.0,N/A,0.0,85.0,0.0
164,51.8,87.0,0.0,1.0,9.1,0.0,9.1,0.0,2.1,0.8,0.1,0.1,0.4,0.0,6.2,0.0,37.3,0.0,0.93,3.3,0.02,0.04,0.6,0.12,26.8,0.0,0.18,0.0,43.1,34.1,32.0,0.37,0.33,0.16,14.9,4.0,290.0,0.1,0.13,0.6,0.04,ALA,0.0,65.0,0.0
165,17.0,94.6,0.0,0.5,1.9,0.0,1.9,0.0,2.8,0.2,0.022,0.019,0.055,0.0,1.7,0.0,10.0,0.0,0.8,0.6,0.021,0.02,0.25,0.04,10.0,0.0,0.2,0.0,44.0,13.0,11.0,0.2,1.5,0.11,8.0,2.0,82.0,0.008,0.065,0.4,0.01,ALA,0.0,45.0,0.0
166,27.7,91.2,0.0,0.69,3.2,0.0,3.2,0.0,4.7,0.3,0.039,0.011,0.089,0.0,0.57,0.0,3.4,0.0,0.8,0.2,0.051,0.02,0.27,0.06,6.3,0.0,0.23,0.5,51.0,11.0,16.0,0.45,1.5,0.11,28.0,1.9,170.0,0.042,0.13,1.0,0.01,ALA,0.0,50.0,0.0
167,76.7,80.4,0.0,0.9,16.8,0.0,16.8,0.0,1.6,0.3,0.068,0.082,0.094,0.0,0.0,0.0,0.0,0.0,0.1,0.4,0.05,0.05,0.6,0.05,70.0,0.0,0.0,0.0,39.0,9.3,33.0,0.35,0.0,0.21,11.0,2.5,185.0,0.1,0.2,0.6,0.0,N/A,0.0,40.0,0.0
168,44.7,88.2,0.0,0.63,9.2,0.0,9.2,0.0,1.8,0.2,0.022,0.034,0.037,0.0,65.0,0.0,390.0,0.0,0.29,0.0,0.06,0.03,0.41,0.08,21.8,0.0,0.2,0.45,32.0,34.5,20.0,0.3,0.0,0.09,10.9,1.1,150.0,0.037,0.056,2.4,0.01,ALA,0.0,85.0,0.0
169,54.1,85.9,0.0,0.31,11.4,0.6,10.8,0.0,2.0,0.36,0.058,0.15,0.11,0.0,3.0,0.0,18.0,0.0,0.36,3.7,0.035,0.032,0.13,0.06,5.8,0.0,0.061,1.2,12.4,5.5,11.0,0.56,1.1,0.13,5.6,1.2,120.0,0.045,0.052,1.4,0.01,ALA,0.0,136.0,0.0
170,54.2,86.3,0.0,2.4,9.5,0.0,9.5,0.0,1.5,0.4,0.1,0.1,0.11,0.0,109.0,0.0,653.0,0.0,0.2,0.7,0.02,0.1,1.9,0.0,29.0,0.0,0.0,0.0,24.0,17.0,57.0,1.3,0.0,0.65,29.0,19.0,267.0,0.46,0.16,0.2,0.02,ALA,0.0,55.0,0.0
171,50.8,86.6,0.0,1.0,10.3,0.0,10.3,0.0,1.9,0.2,0.018,0.061,0.079,0.0,17.7,0.0,106.0,0.0,0.57,2.3,0.02,0.04,1.0,0.02,2.7,0.0,0.17,1.9,8.9,8.0,21.0,0.42,2.4,0.09,8.8,1.3,194.0,0.1,0.067,1.2,0.0,N/A,0.0,70.0,0.0
172,55.5,85.9,0.0,0.88,12.4,0.0,12.4,0.0,0.73,0.1,0.026,0.013,0.015,0.0,112.0,0.0,671.0,0.0,0.14,0.52,0.05,0.01,0.66,0.06,2.7,0.0,0.13,0.0,32.1,15.6,17.0,0.35,0.55,0.29,11.8,17.0,310.0,0.043,0.046,0.5,0.0,N/A,0.0,25.0,0.0
173,47.3,85.8,0.0,0.44,7.3,0.0,7.3,0.0,5.9,0.5,0.037,0.15,0.2,0.0,5.5,0.0,33.0,0.0,0.89,0.0,0.03,0.03,0.2,0.04,3.0,0.0,0.081,0.0,13.0,10.0,19.0,0.6,0.0,0.2,8.2,2.0,183.0,0.02,0.1,0.6,0.0,N/A,0.0,110.0,0.0
174,45.0,88.4,0.0,1.2,6.2,0.0,6.2,0.0,3.2,1.0,0.0,0.4,0.4,0.0,45.0,0.0,270.0,0.0,0.72,10.0,0.03,0.04,0.6,0.05,34.0,0.0,0.22,0.4,17.0,44.0,30.0,0.9,0.4,0.19,30.0,2.4,190.0,0.89,0.11,0.0,0.08,ALA,0.0,320.0,0.0
175,45.5,87.7,0.0,0.87,8.9,0.0,8.9,0.0,2.3,0.2,0.028,0.055,0.076,0.0,33.5,0.0,201.0,0.0,0.81,3.8,0.08,0.04,0.48,0.06,38.7,0.0,0.37,1.0,50.6,41.0,20.0,0.49,2.1,0.15,15.2,1.4,165.0,0.035,0.053,1.2,0.01,ALA,0.0,85.0,0.0
176,49.7,86.6,0.0,0.9,10.2,0.0,10.2,0.0,2.2,0.1,0.011,0.033,0.049,0.0,8.7,0.0,52.0,0.0,0.5,3.0,0.02,0.04,0.8,0.03,9.0,0.0,0.16,0.2,37.0,7.0,22.0,0.4,3.0,0.1,10.0,1.0,170.0,0.1,0.06,1.0,0.0,N/A,0.0,65.0,0.0
177,42.6,88.6,0.0,0.56,8.6,0.0,8.6,0.0,2.1,0.2,0.043,0.0091,0.1,0.0,133.0,0.0,800.0,0.0,0.89,3.3,0.02,0.03,0.35,0.02,23.0,0.0,0.27,0.0,4.0,19.0,23.0,0.3,1.0,0.05,10.0,4.0,263.0,0.15,0.04,0.5,0.01,ALA,0.0,50.0,0.0
178,35.0,90.4,0.0,0.5,7.1,0.0,7.1,0.0,1.9,0.09,0.027,0.025,0.02,0.0,153.0,0.0,915.0,0.0,1.1,2.6,0.03,0.039,0.41,0.03,38.0,0.0,0.22,0.0,80.0,21.0,13.0,0.42,1.0,0.16,11.0,3.0,200.0,0.023,0.032,0.6,0.01,ALA,0.0,45.0,0.0
179,49.4,86.7,0.0,0.43,10.6,0.0,10.6,0.0,2.2,0.1,0.014,0.022,0.044,0.0,2.7,0.0,16.2,0.0,0.89,4.9,0.02,0.03,0.2,0.02,3.0,0.0,0.062,0.1,5.2,9.6,13.0,0.3,2.1,0.23,8.4,2.1,116.0,0.059,0.077,0.59,0.01,ALA,0.0,65.0,0.0
180,50.8,86.9,0.0,0.44,10.4,0.0,10.4,0.0,1.9,0.4,0.0,0.1,0.1,0.0,6.1,0.0,36.8,0.0,0.13,0.1,0.08,0.03,0.39,0.076,5.0,0.0,0.16,0.3,15.0,14.5,10.0,0.41,4.3,0.13,16.9,2.1,175.0,0.32,0.061,0.55,0.02,ALA,0.0,45.0,0.0
181,95.2,75.3,0.0,1.1,20.8,3.2,17.6,0.0,2.6,0.27,0.12,0.04,0.09,0.0,38.0,0.0,228.0,0.0,0.23,0.26,0.05,0.07,0.98,0.36,20.0,0.0,0.23,2.6,11.5,7.3,23.0,0.59,2.4,0.21,36.4,1.0,370.0,0.29,0.11,1.4,0.03,ALA,0.0,20.0,0.0
182,141.0,64.1,0.0,1.3,31.9,16.9,15.0,0.0,2.3,0.37,0.14,0.032,0.069,0.0,149.0,0.0,895.0,0.0,0.14,0.0,0.052,0.054,0.69,0.3,22.0,0.0,0.0,0.0,18.4,3.0,34.0,0.6,0.0,0.14,37.0,4.0,499.0,0.0,0.0,1.5,0.03,ALA,0.0,25.0,0.0
183,36.7,90.2,0.0,0.63,7.4,0.0,7.4,0.0,1.6,0.15,0.035,0.029,0.056,0.0,219.0,0.0,1313.0,0.0,0.3,0.0,0.048,0.024,0.37,0.03,14.0,0.0,0.27,0.35,36.0,23.0,16.0,0.17,1.3,0.066,9.6,1.1,148.0,0.026,0.037,1.0,0.01,ALA,0.0,70.0,0.0
184,28.4,93.1,0.0,0.63,5.6,0.0,5.6,0.0,0.4,0.3,0.1,0.0,0.1,0.0,35.4,0.0,212.0,0.0,0.11,0.2,0.03,0.03,0.24,0.07,4.6,0.0,0.21,1.0,6.3,6.7,9.0,0.29,1.5,0.19,9.2,2.0,100.0,0.035,0.029,0.4,0.0,N/A,0.0,20.0,0.0
185,277.0,29.0,0.0,2.8,62.5,5.1,57.4,0.0,5.1,0.6,0.27,0.18,0.06,0.0,2.0,0.0,12.0,0.0,0.1,0.0,0.43,0.15,1.9,0.07,14.0,0.0,0.0,0.0,3.5,74.0,113.0,2.8,0.0,0.1,92.0,28.0,628.0,0.0,0.0,1.3,0.0,N/A,0.0,45.0,0.0
186,70.3,82.2,0.0,0.72,16.1,0.0,16.1,0.0,0.8,0.16,0.054,0.007,0.048,0.0,6.6,0.0,39.5,0.0,0.94,14.6,0.05,0.03,0.37,0.11,20.0,0.0,0.05,0.0,3.0,17.0,22.0,0.6,2.0,0.2,10.0,2.0,250.0,0.07,0.13,0.1,0.01,ALA,0.0,140.0,0.0
187,67.1,83.2,0.0,0.72,15.5,0.0,15.5,0.0,0.4,0.16,0.054,0.007,0.048,0.0,6.6,0.0,39.5,0.0,0.7,14.6,0.04,0.02,0.37,0.16,27.0,0.0,0.05,0.0,4.0,4.0,16.0,0.3,2.0,0.6,4.0,2.0,320.0,0.07,0.13,0.1,0.01,ALA,0.0,184.9,0.0
188,610.0,5.7,0.0,18.7,5.4,2.1,3.3,0.0,13.5,54.1,4.1,33.1,12.9,0.0,20.0,0.0,120.0,0.0,26.2,3.0,0.22,0.62,5.5,0.16,45.0,0.0,0.44,64.0,0.0,252.0,454.0,4.1,2.0,3.2,270.0,14.0,835.0,1.9,0.85,3.5,0.01,ALA,0.0,150.0,0.0
189,661.0,5.3,0.0,12.0,10.5,3.4,7.1,0.0,8.2,61.6,4.1,45.9,8.6,0.0,4.8,0.0,29.0,0.0,26.2,9.0,0.39,0.21,3.8,0.59,71.0,0.0,1.2,76.0,3.0,226.0,333.0,3.8,1.5,2.1,156.0,6.0,636.0,5.7,1.3,4.5,0.02,ALA,0.0,290.0,0.0
190,661.0,5.3,0.0,12.0,10.5,3.4,7.1,0.0,8.2,61.6,4.1,45.9,8.6,0.0,4.8,0.0,29.0,0.0,26.2,9.0,0.39,0.21,3.8,0.59,71.0,0.0,1.2,76.0,3.0,226.0,333.0,3.8,1.5,2.1,156.0,6.0,636.0,5.7,1.3,4.5,0.02,ALA,0.0,290.0,0.0
191,563.0,10.8,0.0,25.2,7.9,3.9,4.0,0.0,8.1,46.0,8.7,22.0,13.2,0.0,0.33,0.0,2.0,0.0,10.9,2.0,0.9,0.16,18.4,0.44,110.0,0.0,2.7,3.4,0.0,60.0,430.0,2.5,13.0,3.5,210.0,2.0,670.0,1.6,0.76,7.2,0.0,N/A,0.0,60.0,0.0
192,627.0,1.7,0.0,24.5,8.9,4.0,4.9,0.0,8.4,53.0,9.5,24.2,16.5,0.0,0.0,0.0,0.0,0.0,7.4,26.0,0.18,0.1,17.5,0.3,52.0,0.0,1.7,107.0,0.0,37.0,410.0,1.3,19.0,2.9,180.0,400.0,810.0,119.0,0.54,4.0,0.0,N/A,0.0,40.0,0.0
193,563.0,10.6,0.0,25.2,7.9,3.9,4.0,0.0,8.1,46.0,8.7,22.0,13.2,0.0,0.33,0.0,2.0,0.0,10.9,26.0,0.9,0.16,18.4,0.44,110.0,0.0,2.7,3.4,0.0,60.0,430.0,2.5,13.0,3.5,210.0,2.0,670.0,1.6,0.76,7.2,0.0,N/A,0.0,60.0,0.0
194,190.0,52.0,0.0,2.7,36.5,24.2,12.3,0.0,6.7,2.2,0.4,0.6,0.6,0.0,4.0,0.0,24.0,0.0,1.2,11.2,0.18,0.23,0.95,0.32,12.4,0.0,0.49,1.5,17.2,36.5,74.0,1.6,0.02,2.4,34.3,11.0,500.0,0.5,0.23,1.8,0.02,ALA,0.0,85.0,0.0
195,744.0,6.2,0.0,7.9,4.8,0.8,4.0,0.0,5.3,75.8,6.4,9.2,40.2,0.0,0.0,0.0,0.0,0.0,1.5,0.0,0.28,0.06,1.6,0.28,0.0,0.0,0.0,0.0,1.2,47.0,200.0,1.6,0.0,1.1,100.0,280.0,300.0,0.0,0.0,7.0,0.06,ALA,0.0,45.0,0.0
196,732.0,2.9,0.0,9.3,2.9,0.31,2.6,0.0,9.5,73.8,6.8,41.7,21.8,0.0,0.9,4.8,0.0,29.0,0.0,0.0,0.53,0.12,1.2,0.2,17.7,0.0,0.0,0.0,0.0,69.7,278.0,2.6,2.0,4.7,125.0,0.67,409.0,0.0,0.0,5.2,0.28,ALA,0.0,500.0,0.0
197,649.0,12.9,0.0,14.4,4.4,0.24,1.2,0.0,5.8,62.5,6.8,10.9,41.7,0.0,4.5,0.0,27.2,0.0,3.5,2.0,0.34,0.12,3.6,0.87,77.0,0.0,1.4,19.0,2.6,87.1,409.0,2.8,2.1,2.7,121.0,2.4,544.0,2.0,0.88,5.5,9.08,ALA,0.0,1500.0,0.0
198,649.0,12.9,0.0,14.4,4.4,0.24,1.2,0.0,5.8,62.5,6.8,10.9,41.7,0.0,4.5,0.0,27.2,0.0,3.5,2.0,0.34,0.12,3.6,0.87,77.0,0.0,1.4,19.0,2.6,87.1,409.0,2.8,2.1,2.7,121.0,2.4,544.0,2.0,0.88,5.5,9.08,ALA,0.0,1500.0,0.0
199,640.0,0.9,0.0,17.3,9.1,8.4,0.74,0.0,11.5,56.8,6.0,10.8,37.5,0.0,0.0,0.0,0.0,0.0,37.8,2.7,0.33,0.29,8.2,0.81,238.0,0.0,7.1,0.0,1.4,57.0,1158.0,6.8,0.0,5.3,129.0,613.0,491.0,2.1,1.8,62.2,0.02,ALA,0.0,80.0,0.0
200,652.0,2.2,0.0,17.3,12.2,9.3,2.9,0.0,11.5,56.8,6.0,10.8,37.5,0.0,0.0,0.0,0.0,0.0,37.8,2.7,0.33,0.29,8.2,0.81,238.0,0.0,7.1,0.0,1.4,57.0,1158.0,6.8,0.0,5.3,129.0,3.0,491.0,2.1,1.8,62.2,0.02,ALA,0.0,95.0,0.0
201,635.0,0.0,0.0,29.9,14.7,13.4,1.3,0.0,6.5,49.1,8.5,15.7,19.9,0.0,0.83,0.0,5.0,0.0,13.7,0.0,0.07,0.15,4.4,0.1,57.0,0.0,0.0,0.0,1.8,52.0,1174.0,8.1,0.0,7.6,550.0,18.0,788.0,0.0,0.0,9.4,0.05,ALA,0.0,65.0,0.0
202,603.0,5.9,0.0,17.7,11.6,3.4,8.1,0.0,10.6,51.6,6.1,34.5,7.6,0.0,25.0,0.0,150.0,0.0,5.2,13.2,0.69,0.2,4.8,1.7,58.0,0.0,0.52,0.0,7.0,136.0,390.0,7.2,0.0,1.4,122.0,290.0,1020.0,0.5,0.46,6.4,0.08,ALA,0.0,145.0,0.0
203,613.0,8.1,0.0,18.0,12.5,4.9,7.6,0.0,8.5,52.7,6.7,35.7,8.1,0.0,13.0,0.0,0.0,0.0,5.2,13.2,0.59,0.2,5.3,0.26,50.0,0.0,0.51,0.0,0.0,135.0,500.0,7.0,0.0,1.2,158.0,650.0,1050.0,1.3,1.3,8.0,0.08,ALA,0.0,120.0,0.0
204,33.1,92.5,0.0,0.4,6.1,0.0,2.4,0.0,0.4,0.29,0.038,0.011,0.085,0.0,0.5,0.0,3.0,0.0,0.15,0.1,0.041,0.009,0.2,0.043,0.0,0.0,0.091,1.0,24.8,11.0,9.0,0.13,1.0,0.06,8.0,21.2,102.0,0.02,0.037,1.0,0.0,N/A,0.0,0.0,0.0
205,43.6,89.0,0.0,0.69,9.4,0.0,9.4,0.0,0.7,0.2,0.024,0.037,0.04,0.0,2.6,0.0,15.5,0.0,0.25,0.1,0.072,0.016,0.27,0.05,18.6,0.0,0.23,1.0,39.0,10.8,15.0,0.15,1.0,0.11,10.9,1.0,143.0,0.03,0.08,1.0,0.0,N/A,0.0,0.0,0.0
206,132.0,76.6,0.0,6.5,9.3,0.0,9.3,0.0,0.0,7.6,4.2,2.4,0.21,25.0,53.7,48.0,34.0,0.1,0.17,1.5,0.067,0.37,2.0,0.059,6.0,0.41,0.64,6.3,2.1,242.0,189.0,0.094,6.7,0.78,27.0,98.0,322.0,0.0051,0.021,1.2,0.15,ALA/EPA,0.4,0.0,0.0
207,336.0,28.6,0.0,8.5,52.8,0.0,52.8,22.7,0.0,10.1,6.3,2.9,0.31,36.0,122.0,110.0,70.0,5.4,0.19,2.0,0.09,0.46,2.4,0.07,15.0,0.7,0.85,3.9,4.0,290.0,240.0,0.23,74.0,1.0,29.0,140.0,360.0,0.0,0.0,3.0,0.15,ALA/EPA,0.4,0.0,0.0
208,282.0,29.8,0.0,10.0,60.0,0.0,60.0,25.8,0.0,0.2,0.09,0.09,0.0,1.0,31.3,28.0,20.0,0.85,0.04,0.66,0.11,0.51,2.6,0.09,16.0,0.9,1.0,5.2,5.0,330.0,270.0,0.33,89.0,1.2,33.0,150.0,450.0,0.0,0.0,3.0,0.05,ALA/EPA,0.1,0.0,0.0
209,66.7,88.2,0.0,3.7,4.2,0.0,4.2,0.0,0.0,3.9,2.6,0.94,0.13,11.0,73.8,68.0,35.0,0.25,0.03,0.1,0.049,0.23,1.0,0.027,0.8,0.07,0.31,3.9,2.0,127.0,109.0,0.041,4.1,0.25,11.0,42.0,181.0,0.0055,0.011,0.7,0.05,ALA/EPA,0.1,0.0,0.0
210,96.7,83.7,0.0,5.3,4.7,0.0,4.7,0.0,0.0,6.3,3.5,1.6,0.25,11.0,51.0,50.0,5.0,0.18,0.11,0.1,0.048,0.51,1.5,0.08,5.0,0.51,0.35,2.5,4.3,183.0,115.0,0.07,5.0,0.43,11.0,30.0,182.0,0.0068,0.026,0.9,0.08,ALA/EPA,0.2,0.0,0.0
211,37.0,91.0,0.0,3.9,4.9,0.0,4.9,0.0,0.0,0.2,0.09,0.06,0.01,2.6,2.2,1.0,7.0,0.0,0.0,0.1,0.04,0.17,0.9,0.04,5.3,0.3,0.32,1.5,1.7,121.0,97.0,0.09,11.1,0.54,28.6,53.0,150.0,0.0,0.002,1.6,0.01,ALA/EPA,0.0,0.0,0.0
212,65.4,88.4,0.0,3.1,4.7,0.0,4.7,0.0,0.0,3.8,2.3,1.1,0.13,14.0,46.0,41.3,28.0,0.03,0.1,0.34,0.04,0.19,0.73,0.04,5.5,0.3,0.35,3.5,1.4,124.0,92.0,0.09,9.0,0.38,11.6,48.0,157.0,0.003,0.01,1.4,0.04,ALA/EPA,0.1,0.0,0.0
213,47.6,90.1,0.0,3.5,4.8,0.0,4.8,0.0,0.0,1.6,1.1,0.45,0.04,6.3,18.9,17.6,7.8,0.02,0.04,0.2,0.04,0.19,0.71,0.06,2.7,0.3,0.35,3.5,0.52,125.0,91.0,0.09,8.6,0.52,11.9,47.0,155.0,0.003,0.01,1.5,0.02,ALA/EPA,0.0,0.0,0.0
214,36.6,91.0,0.0,3.9,4.8,0.0,4.8,0.0,0.0,0.2,0.09,0.06,0.01,2.6,2.2,1.0,7.0,0.0,0.0,0.1,0.04,0.17,0.9,0.04,5.3,0.3,0.32,1.5,1.7,121.0,97.0,0.09,11.1,0.54,28.6,53.0,150.0,0.0,0.002,1.6,0.01,ALA/EPA,0.0,0.0,0.0
215,352.0,4.9,0.0,36.1,50.4,0.0,50.4,0.0,0.0,0.64,0.4,0.2,0.029,12.0,122.0,110.0,70.0,5.4,0.19,0.5,0.09,0.46,2.3,0.07,15.0,0.7,3.2,3.9,4.0,1280.0,970.0,0.27,150.0,4.0,130.0,550.0,1590.0,0.0,0.0,11.0,0.02,ALA/EPA,0.0,0.0,0.0
216,477.0,6.5,0.0,25.2,35.1,0.0,35.1,0.0,0.0,26.2,15.8,8.4,0.72,97.0,253.0,230.0,140.0,1.2,0.5,1.7,0.27,1.4,6.3,0.2,40.0,1.5,2.7,24.0,11.0,1047.0,714.0,0.7,27.0,3.1,89.0,371.0,1160.0,0.14,0.17,7.4,0.15,ALA/EPA,0.4,0.0,0.0
217,442.0,10.0,0.0,29.8,43.9,0.0,43.9,0.0,0.0,16.3,9.7,5.1,0.6,60.0,4.0,4.0,1.0,0.1,0.4,1.0,0.4,1.2,2.9,0.2,30.0,2.9,3.0,0.0,4.0,1050.0,930.0,0.3,27.0,4.1,105.0,510.0,1280.0,0.0,0.0,7.4,0.08,ALA/EPA,0.2,0.0,0.0
218,65.4,88.4,0.0,3.1,4.7,0.0,4.7,0.0,0.0,3.8,2.3,1.1,0.13,14.0,46.0,41.3,28.0,0.03,0.1,0.34,0.04,0.19,0.73,0.04,5.5,0.3,0.35,3.5,1.4,124.0,92.0,0.09,9.0,0.38,11.6,48.0,157.0,0.003,0.01,1.4,0.04,ALA/EPA,0.1,0.0,0.0
219,151.0,74.1,0.0,8.4,8.1,0.0,8.1,0.0,0.0,9.4,5.9,2.7,0.3,34.0,122.0,105.0,100.0,0.1,0.19,1.6,0.07,0.42,2.2,0.07,11.0,0.1,0.75,4.0,1.0,290.0,260.0,0.26,11.0,0.9,29.0,180.0,360.0,0.006,0.02,3.0,0.1,ALA/EPA,0.3,0.0,0.0
220,47.6,90.1,0.0,3.5,4.8,0.0,4.8,0.0,0.0,1.6,1.1,0.45,0.04,6.3,18.9,17.6,7.8,0.02,0.04,0.2,0.04,0.19,0.71,0.06,2.7,0.3,0.35,3.5,0.52,125.0,91.0,0.09,8.6,0.52,11.9,47.0,155.0,0.003,0.01,1.5,0.02,ALA/EPA,0.0,0.0,0.0
221,125.0,81.9,0.0,3.1,4.5,0.0,4.5,0.0,0.0,10.5,5.9,3.0,1.2,34.0,91.5,88.0,21.0,0.82,0.25,1.0,0.03,0.16,0.78,0.035,6.0,0.4,0.8,3.4,1.0,101.0,85.0,0.11,2.9,0.3,11.0,40.0,132.0,2.6,0.022,0.0,0.1,ALA/EPA,0.3,0.0,0.0
222,375.0,33.0,0.0,35.6,0.06,0.0,0.056,0.0,0.0,25.8,15.8,6.8,0.56,68.0,360.0,340.0,116.0,0.65,0.9,3.0,0.02,0.62,7.7,0.096,20.0,1.5,0.53,3.0,0.0,1178.0,743.0,1.0,2.0,3.0,41.0,704.0,131.0,0.023,0.36,23.9,0.06,ALA/EPA,0.1,0.0,0.0
223,353.0,43.6,0.0,21.1,0.0,0.0,0.0,0.0,0.0,29.8,17.6,8.2,0.77,88.0,290.0,260.0,180.0,0.23,0.77,2.5,0.043,0.5,3.5,0.18,40.0,0.59,2.0,3.0,0.0,526.0,362.0,0.18,9.0,4.1,39.0,936.0,128.0,0.19,0.14,2.0,0.1,ALA/EPA,0.3,0.0,0.0
224,393.0,37.7,0.0,25.4,0.36,0.0,0.36,0.0,0.0,32.2,19.6,8.1,0.74,84.0,440.0,390.0,300.0,0.34,1.0,2.3,0.037,0.44,4.3,0.055,19.0,0.96,0.29,1.9,0.0,752.0,489.0,0.59,39.0,3.9,30.0,675.0,102.0,0.017,0.08,11.0,0.1,ALA/EPA,0.3,0.0,0.0
225,375.0,33.0,0.0,35.6,0.06,0.0,0.056,0.0,0.0,25.8,15.8,6.8,0.56,68.0,360.0,340.0,116.0,0.65,0.9,3.0,0.02,0.62,7.7,0.096,20.0,1.5,0.53,3.0,0.0,1178.0,743.0,1.0,2.0,3.0,41.0,704.0,131.0,0.023,0.36,23.9,0.06,ALA/EPA,0.2,0.0,0.0
226,467.0,29.1,0.0,27.6,0.0,0.0,0.0,0.0,0.0,39.6,25.4,10.6,2.4,100.0,486.0,478.0,0.0,0.2,0.9,2.3,0.14,1.2,7.2,0.1,53.0,1.5,0.41,0.0,0.0,190.0,796.0,1.1,2.0,2.9,26.0,790.0,114.0,0.09,0.63,5.5,0.12,ALA/EPA,0.3,0.0,0.1
227,327.0,50.5,0.0,18.3,0.1,0.0,0.1,0.0,0.0,28.2,18.1,7.6,1.0,70.0,407.0,401.0,0.0,0.2,0.8,2.3,0.08,0.77,4.6,0.08,125.0,1.5,0.19,0.0,0.0,102.0,218.0,1.0,2.0,0.5,16.0,672.0,250.0,0.093,0.56,3.8,0.1,ALA/EPA,0.2,0.0,0.0
228,208.0,68.5,0.0,11.1,1.2,0.0,1.2,0.0,0.0,17.6,11.3,4.7,0.6,50.0,288.0,283.0,0.0,0.2,0.9,2.3,0.14,1.2,2.4,0.1,53.0,1.5,0.68,0.0,0.0,150.0,216.0,0.2,2.0,0.5,26.0,404.0,132.0,0.1,0.73,2.8,0.08,ALA/EPA,0.2,0.0,0.0
229,327.0,44.7,0.0,25.1,2.2,0.0,2.2,0.0,0.0,24.2,13.1,6.5,1.7,84.9,437.0,412.0,130.0,0.2,0.02,3.0,0.62,0.46,6.5,0.1,14.1,0.43,0.086,0.0,0.0,647.0,393.0,0.91,4.9,0.51,30.1,800.0,128.0,0.038,0.021,14.5,0.08,ALA/EPA,0.2,0.0,0.0
230,333.33,0.0,0.0,20.0,6.67,0.0,0.0,0.0,0.0,20.0,16.67,0.0,0.0,310.0,0.0,0.0,0.0,0.0,0.0,0.0,0.0,0.0,0.0,0.0,0.0,0.0,0.0,0.0,0.0,0.0,0.0,0.0,0.0,0.0,0.0,766.67,0.0,0.0,0.0,0.0,0.06,ALA/EPA,0.1,0.0,0.0
231,250.0,0.0,0.0,18.18,0.0,0.0,0.0,0.0,0.0,20.45,13.64,0.0,0.0,438.64,3.2,0.0,0.0,0.0,0.0,0.0,0.0,0.0,0.0,0.0,0.0,0.0,0.0,0.0,0.0,681.82,0.0,0.0,0.0,0.0,0.0,629.55,0.0,0.0,0.0,0.0,0.05,ALA/EPA,0.1,0.0,0.0
232,375.0,33.0,0.0,35.6,0.06,0.0,0.056,0.0,0.0,25.8,15.8,6.8,0.56,68.0,360.0,340.0,116.0,0.65,0.9,3.0,0.02,0.62,7.7,0.096,20.0,1.5,0.53,3.0,0.0,1178.0,743.0,1.0,2.0,3.0,41.0,704.0,131.0,0.023,0.36,23.9,0.07,ALA/EPA,0.2,0.0,0.0
233,233.0,59.2,0.0,19.9,2.2,0.0,2.2,0.0,0.0,16.1,9.9,4.6,0.47,78.0,206.0,199.0,42.0,0.1,0.35,2.3,0.03,0.27,4.1,0.006,10.0,0.65,0.064,2.0,0.0,632.0,428.0,0.2,2.0,2.2,24.0,373.0,67.0,0.008,0.02,14.5,0.05,ALA/EPA,0.1,0.0,0.0
234,325.1,0.0,0.0,19.51,0.0,0.0,0.0,0.0,0.0,26.01,13.0,0.0,0.0,97.53,0.0,0.0,0.0,0.0,0.0,0.0,0.0,0.0,0.0,0.0,0.0,0.0,0.0,0.0,0.0,650.2,0.0,0.0,0.0,0.0,0.0,520.16,0.0,0.0,0.0,0.0,0.05,ALA/EPA,0.1,0.0,0.0
235,300.0,0.0,0.0,23.33,3.33,0.0,0.0,0.0,0.0,23.33,13.33,0.0,0.0,83.33,3.2,0.0,0.0,0.0,0.0,0.0,0.0,0.0,0.0,0.0,0.0,0.0,0.0,0.0,0.0,500.0,0.0,0.0,0.0,0.0,0.0,633.33,0.0,0.0,0.0,0.0,0.05,ALA/EPA,0.1,0.0,0.0
237,375.0,33.0,0.0,35.6,0.06,0.0,0.056,0.0,0.0,25.8,15.8,6.8,0.56,68.0,360.0,340.0,116.0,0.65,0.9,3.0,0.02,0.62,7.7,0.096,20.0,1.5,0.53,3.0,0.0,1178.0,743.0,1.0,2.0,3.0,41.0,704.0,131.0,0.023,0.36,23.9,0.12,ALA/EPA,0.3,0.0,0.1
237,375.0,33.0,0.0,35.6,0.06,0.0,0.056,0.0,0.0,25.8,15.8,6.8,0.56,68.0,360.0,340.0,116.0,0.65,0.9,3.0,0.02,0.62,7.7,0.096,20.0,1.5,0.53,3.0,0.0,1178.0,743.0,1.0,2.0,3.0,41.0,704.0,131.0,0.023,0.36,23.9,0.12,ALA/EPA,0.3,0.0,0.1
238,67.9,81.3,0.0,13.2,3.2,0.0,3.2,0.0,0.0,0.25,0.17,0.06,0.8,0.0,2.0,1.2,4.6,0.0,0.01,0.0,0.043,0.3,0.15,0.1,16.0,0.88,0.0,0.0,0.7,92.0,160.0,0.4,10.0,0.57,12.0,40.0,95.0,0.0,0.0,0.0,0.01,ALA/EPA,0.0,0.0,0.1
239,63.9,88.4,0.0,3.3,4.8,0.0,4.8,0.0,0.0,3.5,0.0,0.0,0.0,0.0,16.5,16.0,3.0,0.0,0.0,0.0,0.0,0.0,0.0,0.0,0.0,0.0,0.0,0.0,0.0,0.0,0.0,0.13,0.0,0.0,14.0,46.0,160.0,0.0,0.0,0.0,0.05,ALA/EPA,0.1,0.0,4000.0
240,90.0,78.2,0.0,2.4,17.1,0.0,1.4,0.0,0.6,1.2,0.0,0.0,0.0,0.0,0.0,0.0,0.0,0.0,0.0,0.0,0.0,0.0,0.0,0.0,0.0,0.0,0.0,0.0,17.6,176.0,0.0,0.64,0.0,0.0,0.0,15.0,0.0,0.0,0.0,0.0,0.2,ALA,0.0,40.0,3.0
241,56.5,85.7,0.0,4.6,6.9,1.2,5.7,0.0,0.3,1.1,0.19,0.21,0.081,1.0,1.3,1.0,2.0,0.0,0.2,0.0,0.1,0.3,0.93,0.14,36.6,0.3,0.0,0.0,3.0,130.0,102.0,0.4,19.0,0.5,13.9,67.0,176.0,0.0,0.0,1.9,0.02,ALA/EPA,0.0,5.0,3.0
242,71.6,81.8,0.0,3.8,13.1,0.0,13.1,6.8,1.1,0.2,0.16,0.022,0.0,0.3,2.0,2.0,0.0,0.0,0.0,0.3,0.03,0.19,0.43,0.42,16.0,0.4,0.33,2.3,0.0,112.0,95.0,0.16,14.4,0.33,12.8,64.0,210.0,0.0,0.0,1.0,0.02,ALA/EPA,0.0,5.0,3.0
243,90.1,78.6,0.0,3.8,16.7,0.0,16.7,10.4,0.0,0.9,0.4,0.3,0.1,4.0,2.0,2.0,0.0,0.01,0.01,0.3,0.05,0.21,0.42,0.07,5.0,0.2,0.3,2.2,1.0,150.0,120.0,0.1,5.0,0.5,15.0,65.0,190.0,0.0,0.0,1.0,0.01,ALA/EPA,0.0,0.0,3.0
244,45.3,89.1,0.0,4.3,6.3,0.0,6.3,0.0,0.0,0.32,0.11,0.15,0.0,1.0,2.0,2.0,0.0,0.0,0.0,0.3,0.04,0.19,1.2,0.08,4.7,0.4,0.5,2.9,1.6,140.0,109.0,0.09,5.3,0.44,13.7,57.0,187.0,0.003,0.012,1.0,0.01,ALA/EPA,0.0,0.0,6.0
245,75.9,81.4,0.0,4.5,13.8,0.0,13.8,7.5,0.0,0.3,0.11,0.1,0.0,1.0,2.0,2.0,0.0,0.0,0.03,0.3,0.04,0.19,0.86,0.1,5.0,0.3,0.5,0.0,4.0,149.0,123.0,0.1,5.0,0.4,17.0,66.0,191.0,0.0,0.0,1.0,0.01,ALA/EPA,0.0,0.0,6.0
246,40.5,90.3,0.0,4.3,5.1,0.0,4.8,0.0,0.0,0.32,0.11,0.15,0.0,1.0,0.8,0.72,0.48,0.0,0.0,0.3,0.04,0.19,1.2,0.08,4.7,0.4,0.5,2.9,1.6,140.0,109.0,0.09,5.3,0.44,13.7,57.0,187.0,0.003,0.012,1.0,0.01,ALA/EPA,0.0,0.0,6.0
247,89.6,79.7,0.0,3.9,9.1,0.81,8.3,0.0,1.8,3.8,2.5,0.86,0.12,14.5,25.6,25.6,0.0,0.07,0.077,0.0,0.06,0.17,0.51,0.11,26.0,0.23,0.0,0.0,0.55,126.0,94.8,0.19,5.0,0.4,3.3,51.2,13.4,0.0,0.0,5.0,0.05,ALA/EPA,0.1,5.0,3.0
248,94.9,78.0,0.0,3.8,14.3,0.0,14.3,8.8,0.9,2.3,1.4,0.6,0.1,10.7,14.5,13.6,5.6,0.04,0.03,0.7,0.03,0.2,1.4,0.013,18.1,0.18,0.3,2.0,0.7,109.0,130.0,0.14,28.6,0.3,12.8,82.0,210.0,0.0,0.0,1.0,0.05,ALA/EPA,0.1,5.0,3.0
249,115.0,75.6,0.0,5.4,15.6,0.0,15.6,10.1,0.0,3.4,2.1,0.97,0.08,11.0,27.4,25.7,10.2,0.05,0.08,0.7,0.03,0.17,0.44,0.05,13.5,0.17,0.35,0.0,0.94,121.0,140.0,0.1,6.0,0.52,14.2,65.0,240.0,0.0,0.0,1.0,0.04,ALA/EPA,0.1,0.0,3.0
250,85.9,80.9,0.0,3.5,13.7,0.0,13.7,8.2,0.0,1.9,1.2,0.6,0.0,4.0,27.0,27.0,0.0,0.35,0.03,0.7,0.04,0.15,0.46,0.07,4.0,0.3,0.35,0.0,0.7,131.0,140.0,0.1,4.0,0.3,14.0,49.0,157.0,0.0,0.0,1.0,0.04,ALA/EPA,0.1,0.0,6.0
251,81.9,81.4,0.0,2.8,14.3,0.0,14.3,8.8,0.0,1.5,1.0,0.4,0.0,0.0,2.7,2.0,4.0,0.1,0.0,0.3,0.03,0.14,0.42,0.07,4.0,0.3,0.3,0.0,0.0,110.0,86.0,0.1,4.0,0.3,12.0,41.0,139.0,0.0,0.0,1.0,0.03,ALA/EPA,0.0,2.0,2.0
252,75.4,82.9,0.0,2.9,12.8,0.0,12.8,7.3,0.0,1.4,0.9,0.4,0.0,0.0,17.0,17.0,0.0,0.0,0.0,0.3,0.03,0.16,0.42,0.05,5.0,0.2,0.3,0.0,0.0,107.0,81.0,0.1,4.0,0.3,11.0,45.0,135.0,0.0,0.0,1.0,0.02,ALA/EPA,0.0,0.0,2.0
253,69.2,84.2,0.0,3.0,11.6,0.0,11.6,6.1,0.0,1.2,0.8,0.3,0.0,0.0,27.0,27.0,0.0,0.12,0.0,0.3,0.03,0.15,0.42,0.07,5.0,0.3,0.3,0.0,0.0,115.0,90.0,0.1,4.0,0.3,13.0,43.0,145.0,0.0,0.0,1.0,0.03,ALA/EPA,0.0,0.0,2.0
254,61.4,87.9,0.0,4.0,5.5,0.0,5.5,0.0,0.0,2.6,1.5,0.72,0.13,10.2,9.8,9.1,4.1,0.06,0.04,0.7,0.04,0.18,0.44,0.05,3.7,0.2,0.5,2.6,0.7,142.0,170.0,0.09,3.7,0.59,14.3,80.0,280.0,0.0,0.0,2.0,0.04,ALA/EPA,0.1,0.0,6.0
255,70.7,84.7,0.0,3.5,9.9,0.0,9.8,4.3,0.0,1.9,1.2,0.6,0.0,4.0,16.0,15.0,5.0,0.35,0.03,0.7,0.04,0.15,0.46,0.07,4.0,0.3,0.35,0.0,0.7,131.0,140.0,0.1,4.0,0.3,14.0,49.0,157.0,0.0,0.0,1.0,0.04,ALA/EPA,0.1,0.0,6.0
256,139.0,78.0,0.0,6.4,5.4,0.0,5.4,0.0,0.0,10.2,6.8,2.4,0.28,11.0,121.0,115.0,36.0,0.05,0.38,0.8,0.03,0.36,1.6,0.05,6.0,0.2,0.3,0.0,0.0,150.0,130.0,0.3,4.0,0.5,12.0,71.0,150.0,0.0,0.0,2.0,0.06,ALA/EPA,0.2,0.0,6.0
257,49.0,88.0,0.0,11.1,0.7,0.0,0.7,0.0,0.0,0.2,0.0,0.0,0.0,0.0,0.0,0.0,0.0,0.0,0.0,0.01,0.022,0.32,3.4,0.012,9.2,0.1,0.14,7.0,0.3,11.0,21.0,0.2,6.8,0.02,12.0,170.0,154.0,0.04,0.006,5.4,0.0,N/A,0.0,0.0,0.0
258,155.0,75.3,0.0,13.1,0.41,0.0,0.41,0.0,0.0,11.2,3.1,4.9,1.3,844.0,90.0,90.0,0.0,5.1,0.74,0.3,0.43,0.79,3.5,0.15,66.0,1.6,1.8,0.0,0.0,64.0,226.0,3.7,13.0,1.5,13.0,141.0,132.0,0.038,0.062,32.0,0.05,ALA/DHA,0.0,0.0,0.0
259,0.16,0.53,4.5,0.25,80.0,5.4,1.9,0.0,0.0,63.0,178.0,2.7,13.0,1.4,16.0,100.0,150.0,0.1,0.5,36.4,184.0,71.9,0.0,13.0,0.7,0.0,0.7,0.0,0.0,14.4,3.9,6.9,1.0,680.0,740.0,540.0,1200.0,5.0,0.74,0.3,0.0,N/A,0.0,0.0,0.0
260,0.29,0.4,4.2,0.3,159.0,2.0,3.7,53.0,0.0,140.0,590.0,7.2,12.0,3.8,16.0,51.0,138.0,0.13,0.35,19.0,353.0,51.7,0.0,16.1,0.3,0.0,0.3,0.0,0.0,31.9,8.6,12.3,5.7,1260.0,886.0,881.0,29.0,5.6,5.5,2.0,0.03,DHA,0.0,0.0,0.0
261,217.0,65.7,0.0,18.3,0.0,0.0,0.0,0.0,0.0,16.0,4.4,6.3,3.3,77.0,44.0,44.0,0.0,0.1,0.3,1.0,0.048,0.088,9.2,4.0,4.0,0.32,0.77,0.0,0.7,12.0,132.0,0.95,6.9,1.3,18.0,73.0,156.0,0.018,0.041,15.5,0.04,ALA,0.1,0.0,0.0
262,110.0,75.3,0.0,22.4,0.0,0.0,0.0,0.0,0.0,2.3,0.77,0.6,0.55,76.0,17.0,17.0,0.0,0.0,0.01,6.0,0.14,0.18,12.0,0.67,8.0,0.43,0.66,0.0,6.1,15.0,179.0,4.0,2.0,0.1,31.0,47.0,281.0,0.019,0.5,16.6,0.03,ALA,0.1,0.0,0.0
263,232.0,64.6,0.0,17.3,0.0,0.0,0.0,0.0,0.0,18.1,5.1,7.4,3.9,72.0,32.0,32.0,0.0,0.1,0.3,0.1,0.09,0.14,6.4,0.32,8.0,0.31,0.96,0.0,2.0,10.0,179.0,1.0,6.9,1.0,18.7,61.0,196.0,0.02,0.04,10.0,0.05,ALA,0.1,0.0,0.0
264,114.0,75.9,0.0,20.5,0.0,0.0,0.0,0.0,0.0,3.6,1.4,0.85,0.96,72.0,1.0,1.0,0.0,0.0,0.0,7.0,0.09,0.18,6.6,0.34,20.0,1.7,1.1,0.0,0.0,17.0,177.0,2.0,2.0,2.4,17.0,86.0,289.0,0.05,0.16,26.4,0.03,ALA,0.1,0.0,0.0
265,183.0,68.2,0.0,20.6,0.0,0.0,0.0,0.0,0.0,11.2,3.7,3.2,2.6,86.0,0.0,0.0,0.0,0.0,0.1,1.0,0.1,0.24,9.4,0.25,11.4,0.0,0.84,0.0,1.7,15.0,188.0,1.8,6.9,0.8,21.0,95.0,250.0,0.021,0.063,7.3,0.03,ALA,0.1,0.0,0.0
266,155.0,68.3,0.0,22.8,0.0,0.0,0.0,0.0,0.0,7.1,2.8,1.9,0.9,84.0,12.0,12.0,0.0,0.0,0.0,0.0,0.13,0.38,4.3,0.64,31.0,0.49,0.0,0.0,7.2,13.0,312.0,2.6,0.0,2.3,24.0,87.0,420.0,0.0,0.0,16.8,0.06,ALA,0.1,0.0,0.0
267,366.0,49.7,0.0,15.9,0.0,0.0,0.0,0.0,0.0,33.6,9.8,17.8,3.8,80.0,17.0,17.0,0.0,0.0,0.0,0.0,0.085,0.25,3.6,0.39,4.0,0.34,0.0,0.0,4.2,12.0,234.0,2.5,0.0,1.7,18.0,73.0,308.0,0.0,0.0,14.4,0.08,ALA,0.2,0.0,0.0
268,288.0,56.6,0.0,18.5,0.0,0.0,0.0,0.0,0.0,23.8,8.4,9.7,3.1,95.0,73.0,73.0,0.0,0.0,0.0,0.0,0.12,0.22,6.1,0.41,6.0,0.4,0.0,0.0,5.2,12.0,248.0,3.5,0.0,2.2,22.0,54.0,199.0,0.0,0.0,13.3,0.03,ALA,0.1,0.0,0.0
269,227.0,64.7,0.0,18.1,0.0,0.0,0.0,0.0,0.0,17.2,5.9,8.2,2.3,76.0,26.0,26.0,0.0,0.0,0.7,6.0,0.3,0.2,7.3,0.33,25.0,1.8,1.6,0.0,0.0,14.0,196.0,2.5,2.0,1.8,22.0,38.0,270.0,0.047,0.24,12.4,0.07,ALA,0.2,0.0,0.0
270,157.0,71.3,0.0,20.2,0.0,0.0,0.0,0.0,0.0,8.5,2.2,3.0,2.4,74.0,13.0,13.0,0.0,0.0,0.0,7.0,0.1,0.18,10.6,0.46,16.0,2.0,0.8,2.0,0.0,15.0,175.0,0.98,2.0,2.4,20.0,63.0,247.0,0.019,0.07,28.6,0.02,ALA,0.0,0.0,0.0
271,105.0,74.9,0.0,24.1,0.0,0.0,0.0,0.0,0.0,0.99,0.36,0.22,0.24,45.0,10.0,10.0,0.0,0.0,0.0,7.0,0.047,0.081,11.6,0.46,7.0,0.52,0.59,0.0,0.0,8.0,210.0,1.0,2.0,1.8,20.0,46.0,333.0,0.03,0.13,22.4,0.02,ALA,0.0,0.0,0.0
272,145.0,71.6,0.0,22.2,0.0,0.0,0.0,0.0,0.0,6.2,1.9,1.9,1.5,62.0,11.0,11.0,0.0,0.0,0.25,1.0,0.07,0.09,12.1,0.53,9.0,0.0,0.84,0.0,4.6,14.0,212.0,1.1,6.9,0.8,21.0,66.0,264.0,0.018,0.039,6.5,0.02,ALA,0.0,0.0,0.0
273,166.0,70.5,0.0,19.9,0.0,0.0,0.0,0.0,0.0,9.6,2.6,3.1,2.4,99.0,39.0,39.0,0.0,0.1,0.66,0.0,0.083,0.16,11.7,0.5,12.0,0.4,0.96,2.0,2.5,13.0,165.0,0.73,6.9,1.0,19.0,83.0,262.0,0.015,0.042,10.0,0.03,ALA,0.1,0.0,0.0
274,682.0,16.1,0.0,14.6,0.0,0.0,0.0,0.0,0.0,69.3,28.2,27.1,7.2,100.0,0.0,0.0,0.0,0.0,0.08,46.0,0.37,0.15,3.4,0.28,2.0,0.0,0.4,1.0,0.0,8.0,120.0,1.0,13.0,1.7,15.0,680.0,240.0,0.01,0.1,4.0,0.06,ALA,0.2,0.0,0.0
275,219.0,66.0,0.0,17.5,0.0,0.0,0.0,0.0,0.0,16.5,7.0,7.8,1.2,70.0,0.0,0.0,0.0,0.0,0.1,5.0,0.92,0.21,7.2,0.39,4.0,0.56,0.6,0.0,0.0,9.0,149.0,1.8,2.0,2.7,18.0,74.0,291.0,0.011,0.084,25.5,0.04,ALA,0.1,0.0,0.0
276,156.0,70.4,0.0,22.0,0.0,0.0,0.0,0.0,0.0,7.6,2.9,3.1,0.8,64.4,0.0,0.0,0.0,0.0,0.0,5.0,0.83,0.21,12.9,0.47,5.4,3.1,1.1,3.0,0.0,5.8,172.0,1.8,2.4,2.3,23.2,72.0,292.0,0.04,0.31,14.0,0.02,ALA,0.1,0.0,0.0
277,352.0,48.9,0.0,21.7,0.0,0.0,0.0,0.0,0.0,29.5,10.9,11.9,4.5,72.0,9.0,9.0,0.0,0.0,0.01,10.0,0.82,0.2,8.5,0.55,3.0,2.0,0.53,5.5,0.0,11.0,150.0,1.8,3.0,1.4,24.0,65.0,315.0,0.06,0.13,14.0,0.03,ALA,0.1,0.0,0.0
278,281.0,59.3,0.0,17.1,0.0,0.0,0.0,0.0,0.0,23.6,8.9,10.2,2.2,78.0,0.0,0.0,0.0,0.0,0.05,10.0,0.62,0.27,8.5,0.42,4.0,0.87,0.79,0.0,0.0,7.0,240.0,1.0,2.0,1.3,22.0,75.0,260.0,0.01,0.085,27.3,0.05,ALA,0.2,0.0,0.0
279,305.0,57.2,0.0,16.3,0.0,0.0,0.0,0.0,0.0,26.6,10.4,11.9,1.7,70.6,0.0,0.0,0.0,0.0,0.01,11.0,0.79,0.2,7.5,0.39,3.2,2.1,0.88,0.0,5.1,9.4,151.0,1.8,2.6,1.6,16.0,63.0,212.0,0.015,0.048,32.4,0.02,ALA,0.1,0.0,0.0
280,291.0,58.5,0.0,16.0,0.5,0.0,0.5,0.0,0.0,25.0,8.3,11.2,3.0,6.2,0.0,0.0,0.0,0.0,0.1,7.0,1.0,0.2,4.0,0.5,3.0,1.0,0.6,0.0,0.0,10.0,190.0,2.5,2.0,2.6,30.0,60.0,300.0,0.01,0.04,25.5,0.04,ALA,0.1,0.0,0.0
281,349.0,49.3,0.0,21.5,0.0,0.0,0.0,0.0,0.0,29.2,9.4,12.2,4.5,69.0,0.0,0.0,0.0,0.0,0.0,0.0,0.65,0.15,8.8,0.0,0.0,0.0,0.0,0.0,0.0,13.0,160.0,1.8,0.0,2.3,18.0,96.5,270.0,0.0,0.0,14.0,0.04,ALA,0.1,0.0,0.0
282,471.0,40.4,0.0,12.5,0.5,0.0,0.5,0.0,0.0,46.6,19.4,21.2,3.5,57.0,11.0,11.0,0.0,0.0,0.08,46.0,0.32,0.12,4.2,0.27,1.5,0.0,0.6,0.0,0.0,6.0,70.0,0.9,11.0,1.5,13.0,1470.0,230.0,0.01,0.04,1.0,0.06,ALA,0.2,0.0,0.0
283,158.0,70.1,0.0,22.3,0.0,0.0,0.0,0.0,0.0,7.6,2.9,3.1,0.8,68.4,2.0,2.0,0.0,0.0,0.0,5.0,0.83,0.21,13.2,0.47,5.4,3.1,1.1,0.0,0.0,5.8,196.0,1.8,2.4,2.3,23.2,76.0,370.0,0.013,0.044,30.0,0.02,ALA,0.1,0.0,0.0
284,655.0,24.9,0.0,4.1,0.0,0.0,0.0,0.0,0.0,71.0,29.3,32.4,5.3,57.0,11.0,11.0,0.0,0.0,0.11,46.0,0.1,0.02,4.1,0.37,3.0,0.0,0.35,0.0,0.0,3.0,38.0,0.7,11.0,0.6,4.0,560.0,75.0,0.0,0.06,1.0,0.08,ALA,0.3,0.0,0.0
285,250.0,63.2,0.0,16.2,0.0,0.0,0.0,0.0,0.0,20.6,9.2,7.5,1.7,79.5,16.0,16.0,0.0,0.0,0.18,15.0,0.13,0.2,7.6,0.15,2.9,1.1,0.4,1.0,0.0,8.0,130.0,3.2,5.4,2.2,15.7,60.0,230.0,0.02,0.15,1.0,0.08,ALA,0.5,0.0,0.0
286,151.0,77.1,0.0,11.1,0.0,0.0,0.0,0.0,0.0,11.8,5.0,4.6,0.8,80.6,0.0,0.0,0.0,0.0,0.15,15.0,0.13,0.2,6.0,0.82,3.1,1.5,0.5,1.0,0.0,7.5,204.0,3.1,2.3,6.1,23.3,87.0,395.0,0.03,0.25,1.0,0.07,ALA,0.4,0.0,0.0
287,178.0,70.3,0.0,17.9,0.0,0.0,0.0,0.0,0.0,11.8,5.1,4.6,0.8,78.0,0.0,0.0,0.0,0.0,0.14,15.0,0.14,0.25,9.5,0.2,4.0,2.0,0.6,1.0,0.0,6.0,170.0,1.7,5.0,2.8,22.0,52.0,310.0,0.02,0.14,1.0,0.06,ALA,0.4,0.0,0.0
288,238.0,62.4,0.0,10.0,5.5,2.7,2.8,2.8,0.0,19.6,6.8,8.9,3.0,50.0,0.0,0.0,0.0,0.01,0.01,5.0,0.04,0.13,3.7,0.1,2.0,0.01,0.6,2.0,0.0,51.0,160.0,1.9,0.0,0.0,15.0,703.0,140.0,0.16,0.27,11.5,0.04,ALA,0.2,0.0,0.0
289,534.0,29.8,0.0,19.4,0.2,0.0,0.2,0.2,0.0,50.6,20.6,23.1,4.0,80.0,0.0,0.0,0.0,0.5,0.07,5.0,0.04,0.12,0.0,0.11,3.0,0.8,0.0,0.0,0.0,21.0,59.0,1.1,0.0,1.4,9.0,929.0,53.0,0.0,0.0,0.0,0.05,ALA,0.2,0.0,0.0
290,519.0,33.3,0.0,15.3,0.9,0.0,0.9,0.9,0.0,50.5,26.8,18.7,2.6,76.0,0.0,0.0,0.0,0.0,0.57,6.0,0.56,0.25,11.5,0.16,2.0,0.85,0.9,0.0,0.0,13.0,90.0,1.7,11.0,1.4,23.0,889.0,232.0,0.04,0.08,21.1,0.06,ALA,0.3,0.0,0.0
291,293.0,53.7,0.0,14.4,3.1,2.6,0.48,0.48,0.0,24.8,8.5,11.3,2.1,70.0,0.0,0.0,0.0,0.0,0.07,5.0,0.23,0.15,6.6,0.03,0.9,2.0,0.4,2.0,0.0,50.6,250.0,1.0,3.6,2.4,7.5,672.0,230.0,0.02,0.24,17.4,0.03,ALA,0.2,0.0,0.0
292,356.0,43.7,0.0,21.2,1.9,0.0,1.9,1.9,0.0,29.3,12.4,13.1,2.5,72.6,0.0,0.0,0.0,0.0,0.29,6.0,0.33,0.15,11.5,0.14,0.9,0.9,0.9,0.0,0.0,18.4,270.0,2.1,10.9,1.2,10.3,1404.0,180.0,0.04,0.08,21.1,0.05,ALA,0.3,0.0,0.0
293,213.0,57.4,0.0,19.1,9.9,0.0,9.9,9.9,0.0,10.8,3.5,4.3,1.7,60.4,0.0,0.0,0.0,0.0,0.08,11.0,0.46,0.18,6.8,0.2,0.0,0.0,0.58,0.0,0.0,9.6,136.0,2.1,10.9,2.8,17.5,634.0,270.0,0.0,0.24,0.0,0.02,ALA,0.1,0.0,0.0
294,120.0,72.9,0.0,18.4,0.0,0.0,0.0,0.0,0.0,5.1,1.9,2.1,0.6,68.0,0.0,0.0,0.0,0.0,0.08,11.0,0.52,0.25,7.3,0.22,0.0,0.0,0.6,1.0,0.0,9.0,280.0,1.2,11.0,2.3,18.0,634.0,280.0,0.02,0.22,8.0,0.02,ALA,0.1,0.0,0.0
295,375.0,34.3,0.0,43.2,0.1,0.0,0.1,0.1,0.0,22.4,6.5,13.2,2.5,0.0,0.0,0.0,0.0,0.0,0.08,11.0,0.84,0.2,0.0,0.42,13.5,15.7,0.0,0.0,0.0,27.1,158.0,3.4,11.0,3.0,1.6,1661.0,153.0,0.0,0.1,0.0,0.04,ALA,0.1,0.0,0.0
296,136.0,69.5,0.0,21.4,0.0,0.0,0.0,0.0,0.0,5.6,1.9,2.7,0.66,70.9,0.0,0.0,0.0,0.0,0.08,11.0,0.57,0.25,6.7,0.41,0.0,0.0,0.0,0.0,0.0,12.7,223.0,2.3,11.4,2.2,17.1,1964.0,250.0,0.0,0.1,0.0,0.03,ALA,0.1,0.0,0.0
297,308.0,48.0,0.0,32.0,0.0,0.0,0.0,0.0,0.0,20.0,7.5,8.4,1.4,172.0,0.0,0.0,0.0,0.0,0.28,11.0,0.67,0.19,12.0,0.16,4.6,3.8,0.0,0.0,0.0,21.4,180.0,4.1,3.8,2.0,21.3,1470.0,230.0,0.0,0.0,0.0,0.02,ALA,0.1,0.0,0.0
298,348.0,47.5,0.0,25.0,0.0,0.0,0.0,0.0,0.0,27.5,11.3,1.5,4.7,88.5,13.0,11.0,0.0,0.0,0.29,6.0,0.2,0.15,0.25,0.14,0.9,0.9,0.9,0.0,0.0,20.0,160.0,1.6,10.9,1.2,200.0,70.0,200.0,0.04,0.08,21.1,0.05,ALA,0.2,0.0,0.0
299,256.0,55.1,0.0,6.9,16.7,14.7,2.0,2.0,1.3,17.7,8.1,5.6,0.9,64.3,4.1,4.1,0.0,0.17,0.31,5.0,0.05,0.11,4.5,0.04,5.0,0.5,0.6,0.0,0.0,27.6,22.0,8.2,4.9,0.88,14.6,680.0,150.0,0.011,0.04,11.8,0.04,ALA,0.2,0.0,0.0
300,266.0,60.5,0.0,11.9,1.3,1.3,0.0,0.0,0.0,23.7,8.3,9.9,2.1,73.9,0.0,0.0,0.0,0.0,0.09,7.0,0.16,0.15,4.3,0.03,2.2,2.4,0.36,0.0,0.0,59.1,143.0,0.83,8.6,3.1,11.0,766.0,207.0,0.03,0.06,6.1,0.04,ALA,0.2,0.0,0.0
301,81.5,79.8,0.0,15.2,3.7,3.2,0.5,0.5,0.0,0.65,0.18,0.21,0.15,0.0,0.0,0.0,0.0,0.0,0.0,0.0,0.0,0.0,0.0,0.0,0.0,0.0,0.0,0.0,0.0,0.0,0.0,0.0,0.0,0.0,0.0,683.0,0.0,0.0,0.0,0.0,0.02,ALA,0.1,0.0,0.0
302,444.0,33.3,0.0,21.0,1.7,1.7,0.0,0.0,0.1,39.2,14.6,17.6,4.5,79.0,0.0,0.0,0.0,0.0,0.78,9.0,0.18,0.2,7.5,0.15,3.0,1.4,0.8,3.0,0.0,10.0,167.0,1.0,15.0,1.7,35.0,2084.0,224.0,0.07,0.24,6.9,0.05,ALA,0.3,0.0,0.0
303,309.0,55.4,0.0,13.1,0.9,0.51,0.39,0.39,0.0,28.1,10.5,12.3,2.6,67.0,0.0,0.0,0.0,0.0,0.0,9.0,0.18,0.16,4.6,0.16,3.4,1.5,0.4,0.0,0.0,34.5,150.0,1.4,1.8,2.6,9.4,1060.0,210.0,0.028,0.07,11.5,0.05,ALA,0.3,0.0,0.0
304,438.0,34.4,0.0,19.3,1.4,1.3,0.09,0.09,0.0,39.5,14.1,18.6,4.7,77.7,0.0,0.0,0.0,0.0,0.27,10.0,0.18,0.19,7.3,0.16,4.2,2.6,1.1,0.0,0.0,15.7,242.0,1.0,14.7,1.8,11.2,1174.0,160.0,0.038,0.08,26.1,0.05,ALA,0.3,0.0,0.0
305,122.0,75.8,0.0,19.2,0.0,0.0,0.0,0.0,0.0,5.0,1.5,2.2,0.39,56.0,0.0,0.0,0.0,0.4,0.09,15.0,0.25,0.1,5.7,0.3,5.0,2.0,0.6,0.0,0.0,9.0,220.0,1.0,5.0,2.0,22.0,82.0,385.0,0.02,0.14,1.0,0.03,ALA,0.1,0.0,0.0
306,108.0,76.3,0.0,20.6,0.4,0.4,0.0,0.0,0.0,2.7,0.96,1.1,0.57,54.0,21.0,21.0,0.0,0.0,0.67,7.0,0.11,0.15,6.6,0.5,6.0,3.0,0.33,0.0,0.0,9.2,216.0,4.8,5.0,4.9,26.0,44.0,377.0,0.024,0.21,3.0,0.03,ALA,0.1,0.0,0.0
307,204.0,66.2,0.0,18.1,0.4,0.0,0.4,0.0,0.0,14.4,5.7,2.9,4.4,65.0,0.34,0.34,0.0,0.0,0.4,4.0,0.0,0.09,3.0,0.59,6.0,11.6,0.95,1.2,0.0,22.8,216.0,1.5,1.8,1.4,24.9,78.0,350.0,0.038,0.15,10.0,0.04,ALA,0.1,0.0,0.0
308,88.4,74.9,0.0,10.4,0.0,0.0,0.0,0.0,0.0,5.2,1.8,1.4,1.5,52.0,0.0,0.0,0.0,0.0,0.09,4.0,0.03,0.3,6.3,0.44,4.0,8.8,0.7,0.9,0.0,22.0,220.0,1.0,5.0,3.9,22.0,67.0,360.0,0.01,0.06,17.0,0.02,ALA,0.1,0.0,0.0
309,138.0,70.9,0.0,22.1,0.5,0.0,0.0,0.0,0.0,5.3,2.1,1.1,1.6,65.0,0.0,0.0,0.0,0.0,0.16,4.0,0.17,0.11,3.7,0.5,5.0,10.0,0.8,1.0,0.0,17.0,180.0,1.3,5.0,4.5,26.0,67.0,360.0,0.01,0.07,20.0,0.03,ALA,0.1,0.0,0.0
310,113.0,75.4,0.0,21.6,0.0,0.0,0.0,0.0,0.0,3.0,0.9,0.82,0.58,65.0,0.0,0.0,0.0,0.0,0.27,6.0,0.09,0.06,10.5,0.3,5.0,1.0,0.8,0.0,0.0,14.0,210.0,2.8,2.0,2.2,24.0,44.0,276.0,0.04,0.22,17.0,0.02,ALA,0.1,0.0,0.0
311,102.0,75.3,0.0,23.7,0.6,0.0,0.6,0.0,0.0,0.6,0.24,0.12,0.18,65.0,0.0,0.0,0.0,0.0,0.01,4.0,0.19,0.12,4.0,0.43,4.0,8.7,0.69,0.9,0.0,17.0,180.0,1.3,5.0,3.9,22.0,57.0,306.0,0.01,0.06,17.4,0.02,ALA,0.1,0.0,0.0
312,137.0,72.0,0.0,21.0,0.0,0.0,0.0,0.0,0.0,5.9,2.3,1.2,1.8,52.0,0.0,0.0,0.0,0.0,0.13,4.0,0.03,0.3,6.3,0.5,5.0,10.0,0.8,1.0,0.0,22.8,216.0,1.0,5.0,3.9,22.0,67.0,360.0,0.038,0.06,17.0,0.02,ALA,0.1,0.0,0.0
313,256.0,63.0,0.0,15.4,0.0,0.0,0.0,0.0,0.0,21.6,9.3,9.5,0.9,67.5,0.0,0.0,0.0,0.0,0.2,6.0,0.04,0.17,9.0,0.28,9.5,1.0,0.33,0.0,0.0,9.2,139.0,1.8,5.6,3.5,12.9,49.0,260.0,0.01,0.07,1.0,0.04,ALA,0.2,0.0,0.0
314,234.0,61.8,0.0,22.0,0.0,0.0,0.0,0.0,0.0,16.2,6.9,6.9,0.48,66.0,1.0,1.0,0.0,0.0,0.18,6.0,0.06,0.31,8.0,0.27,9.0,2.0,0.6,0.0,0.0,15.0,160.0,2.7,6.0,4.3,17.0,86.0,290.0,0.04,0.15,3.0,0.05,ALA,0.3,0.0,0.0
315,200.0,67.4,0.0,18.6,0.0,0.0,0.0,0.0,0.0,14.0,6.3,6.6,0.49,70.0,22.0,22.0,0.0,0.0,0.19,6.0,0.038,0.064,7.0,0.23,8.0,1.0,0.5,0.0,0.0,8.1,139.0,1.9,6.0,3.6,18.0,61.0,264.0,0.0087,0.074,1.0,0.06,ALA,0.4,0.0,0.0
316,120.0,75.4,0.0,20.3,0.0,0.0,0.0,0.0,0.0,4.3,1.7,1.9,0.23,59.0,0.0,0.0,0.0,0.0,0.15,6.0,0.07,0.24,9.5,0.32,10.0,2.0,0.7,0.0,0.0,7.0,180.0,2.1,6.0,4.3,20.0,61.0,350.0,0.04,0.14,3.0,0.04,ALA,0.2,0.0,0.0
317,160.0,71.6,0.0,19.1,0.0,0.0,0.0,0.0,0.0,9.3,3.8,4.6,0.39,70.0,4.0,4.0,0.0,0.5,0.15,6.0,0.11,0.12,5.5,0.54,16.0,1.0,0.55,0.0,0.0,10.0,172.0,2.1,6.0,3.6,17.0,51.0,330.0,0.01,0.067,1.0,0.05,ALA,0.3,0.0,0.0
318,107.0,76.5,0.0,20.9,0.0,0.0,0.0,0.0,0.0,2.6,1.1,0.98,0.2,70.0,0.0,0.0,0.0,0.0,0.19,7.0,0.14,0.26,7.4,0.4,5.0,1.0,0.85,0.0,0.0,13.0,195.0,2.1,2.8,2.3,16.0,93.0,369.0,0.03,0.25,8.1,0.04,ALA,0.2,0.0,0.0
319,120.0,77.4,0.0,16.6,0.0,0.0,0.0,0.0,0.0,6.0,2.7,2.4,0.35,62.8,0.0,0.0,0.0,0.0,0.19,4.0,0.07,0.24,7.5,0.61,3.3,2.0,13.0,0.0,0.0,8.0,199.0,2.9,2.8,7.1,20.0,85.0,304.0,0.027,0.094,8.5,0.03,ALA,0.1,0.0,0.0
320,242.0,62.8,0.0,18.6,0.0,0.0,0.0,0.0,0.0,18.6,6.3,6.6,0.49,70.0,22.0,0.0,0.0,0.0,0.19,0.0,0.04,0.06,7.0,0.23,0.0,1.0,0.0,0.0,0.0,8.1,139.0,1.9,6.0,3.6,18.0,61.0,264.0,0.0,0.0,1.0,0.06,ALA,0.4,0.0,0.0
321,131.0,75.1,0.0,18.6,0.0,0.0,0.0,0.0,0.0,6.3,2.6,2.4,0.41,73.0,0.0,0.0,0.0,0.0,0.08,6.0,0.14,0.24,6.7,0.43,9.0,1.4,0.99,0.0,0.0,11.0,237.0,3.0,3.0,3.3,17.0,105.0,329.0,0.012,0.065,15.6,0.04,ALA,0.2,0.0,0.0
322,131.0,73.9,0.0,20.7,0.0,0.0,0.0,0.0,0.0,5.4,2.0,2.3,0.19,59.0,4.0,4.0,0.0,0.0,0.15,7.0,0.041,0.16,8.1,0.32,8.0,2.0,0.64,0.0,0.0,8.0,198.0,2.1,3.0,3.8,18.0,60.0,350.0,0.01,0.077,17.4,0.03,ALA,0.1,0.0,0.0
323,205.0,65.8,0.0,20.6,0.0,0.0,0.0,0.0,0.0,13.6,4.7,6.5,0.92,71.2,4.0,4.0,0.0,0.0,0.14,7.0,0.06,0.16,9.0,0.39,5.9,1.0,0.85,0.0,0.0,12.0,204.0,1.5,2.6,4.7,25.5,87.0,395.0,0.03,0.25,8.1,0.04,ALA,0.2,0.0,0.0
324,134.0,76.9,0.0,14.8,0.0,0.0,0.0,0.0,0.0,8.3,4.3,2.8,0.19,95.0,0.0,0.0,0.0,0.0,0.08,4.0,0.025,0.07,2.6,0.04,2.0,1.5,2.4,0.0,3.4,9.0,79.0,10.0,0.0,2.5,8.0,46.0,270.0,0.01,0.09,45.9,0.02,ALA,0.1,0.0,0.0
325,114.0,77.7,0.0,17.3,1.3,0.0,1.3,0.0,0.0,4.4,1.2,1.0,1.1,131.0,8.0,8.0,0.0,0.0,0.63,0.0,0.46,1.1,6.6,0.0,0.0,2.7,2.5,0.0,5.3,5.0,176.0,4.3,0.0,2.2,20.0,80.0,257.0,0.0,0.41,10.4,0.04,EPA/DHA,0.1,0.0,0.0
326,118.0,77.6,0.0,16.5,0.21,0.0,0.21,0.0,0.0,5.7,2.3,1.6,0.6,135.0,0.0,0.0,0.0,0.0,0.0,0.0,0.31,0.86,0.0,0.0,0.0,5.2,2.6,0.0,5.0,4.0,160.0,6.1,0.0,2.1,16.0,118.0,248.0,0.0,0.4,32.0,0.04,EPA/DHA,0.1,0.0,0.0
327,149.0,74.4,0.0,15.6,0.71,0.0,0.71,0.0,0.0,9.3,2.7,2.4,2.7,136.0,9.0,9.0,0.0,0.0,1.2,0.0,0.43,1.2,0.0,0.0,0.0,4.2,2.6,0.0,6.0,22.0,164.0,1.7,0.0,3.1,15.0,111.0,262.0,0.0,0.0,0.0,0.04,EPA/DHA,0.1,0.0,0.0
328,104.0,79.0,0.0,17.0,0.0,0.0,0.0,0.0,0.0,4.0,1.6,1.0,0.5,140.0,0.0,0.0,0.0,1.0,0.52,0.0,0.19,1.0,10.5,0.3,3.0,13.0,2.3,0.0,6.0,6.0,210.0,4.8,0.0,2.0,23.0,92.0,263.0,0.041,0.36,22.0,0.04,EPA/DHA,0.1,0.0,0.0
329,131.0,73.5,0.0,20.7,0.93,0.93,0.0,0.0,0.0,4.9,1.7,0.58,1.4,354.0,36000.0,36000.0,0.0,1.1,0.6,56.0,0.31,3.2,19.4,0.59,136.0,39.0,6.8,27.0,23.0,7.6,407.0,18.0,14.0,6.5,23.0,77.0,363.0,0.31,1.3,56.0,0.05,EPA/DHA,0.1,0.0,0.0
330,137.0,70.7,0.0,20.7,2.2,2.2,0.0,0.0,0.0,5.0,1.7,1.2,0.75,371.0,20010.0,20000.0,60.0,1.2,0.4,0.0,0.34,3.5,15.5,0.6,240.0,75.0,0.0,0.0,15.0,8.0,360.0,10.2,0.0,3.9,19.0,72.0,297.0,0.0,0.0,0.0,0.05,EPA/DHA,0.1,0.0,0.0
331,136.0,72.0,0.0,22.1,1.2,1.2,0.0,0.0,0.0,4.7,1.6,1.1,0.75,492.0,33.0,33.0,0.0,1.3,0.4,80.0,0.32,2.5,14.8,0.8,380.0,25.0,6.6,210.0,28.0,18.0,240.0,7.4,3.0,3.2,13.0,68.0,218.0,0.29,0.32,55.0,0.05,EPA/DHA,0.1,0.0,0.0
332,130.0,71.8,0.0,19.5,5.3,5.3,0.0,0.0,0.0,3.4,1.3,0.45,0.74,261.0,18000.0,17720.0,1680.0,1.7,0.7,33.0,0.29,2.9,17.8,0.88,592.0,65.0,7.3,100.0,32.0,6.1,352.0,6.9,14.0,4.8,21.0,116.0,330.0,0.33,3.2,21.0,0.05,EPA/DHA,0.1,0.0,0.0
333,157.0,73.7,0.0,16.0,0.0,0.0,0.0,0.0,0.0,10.3,3.6,4.9,1.1,116.0,0.0,0.0,0.0,0.0,0.51,0.0,0.49,0.5,8.2,0.35,4.0,0.8,0.64,0.0,4.4,9.6,197.0,3.0,14.0,2.6,20.0,93.0,278.0,0.34,0.23,12.0,0.06,ALA,0.2,0.0,0.0
334,193.0,70.1,0.0,15.3,0.0,0.0,0.0,0.0,0.0,14.6,5.6,7.2,0.9,180.0,0.0,0.0,0.0,0.0,0.21,0.0,0.17,0.49,7.5,0.17,4.0,7.0,0.97,1.0,7.0,6.0,170.0,2.2,14.0,2.7,33.0,420.0,250.0,0.045,0.64,15.0,0.06,ALA,0.2,0.0,0.0
335,148.0,73.7,0.0,17.8,0.0,0.0,0.0,0.0,0.0,8.5,3.0,3.3,0.4,62.0,0.0,0.0,0.0,0.0,0.3,0.0,0.15,0.33,6.1,0.15,5.0,5.0,1.6,0.0,5.0,8.0,170.0,2.6,14.0,2.3,14.0,80.0,234.0,0.038,0.16,14.7,0.06,ALA,0.2,0.0,0.0
336,219.0,65.3,0.0,14.9,3.7,3.7,0.0,0.0,0.0,16.1,7.0,7.2,0.9,87.0,0.0,0.0,0.0,1.7,0.1,0.0,0.13,0.34,6.1,0.31,7.0,3.8,0.65,0.0,3.1,6.0,133.0,3.0,14.0,2.9,16.0,69.0,315.0,0.026,0.17,9.4,0.06,ALA,0.2,0.0,0.0
337,131.0,76.9,0.0,15.3,0.0,0.0,0.0,0.0,0.0,7.8,3.0,2.4,0.32,260.0,0.0,0.0,0.0,0.0,0.44,0.0,0.03,0.25,7.0,0.03,13.0,6.0,0.0,3.0,18.0,8.0,400.0,1.7,0.0,1.9,21.0,75.0,420.0,0.04,0.2,0.0,0.03,ALA,0.1,0.0,0.0
338,303.0,57.7,0.0,11.5,0.0,0.0,0.0,0.0,0.0,28.6,12.3,8.1,0.65,217.0,19.0,19.0,0.0,0.63,3.0,0.2,0.087,0.12,2.0,0.041,2.0,2.1,0.0,0.0,0.0,4.0,331.0,1.2,0.0,1.0,15.0,64.0,318.0,0.0,0.0,0.0,0.03,ALA,0.1,0.0,0.0
339,80.7,83.2,0.0,14.1,0.0,0.0,0.0,0.0,0.0,2.7,0.96,0.61,0.35,320.0,0.0,0.0,0.0,3.0,0.0,0.0,0.085,0.43,5.4,0.1,3.0,2.8,0.9,0.0,12.3,7.0,196.0,18.9,0.0,2.0,14.0,153.0,303.0,0.017,0.083,17.8,0.02,ALA,0.1,0.0,0.0
340,90.2,80.7,0.0,16.7,0.0,0.0,0.0,0.0,0.0,2.6,0.89,0.67,0.35,0.0,27.0,27.0,0.0,12.0,0.0,0.0,0.048,0.24,7.0,0.11,12.0,3.9,0.0,0.0,31.0,10.0,219.0,6.4,0.0,1.8,14.0,157.0,238.0,0.019,0.25,17.7,0.02,ALA,0.1,0.0,0.0
341,87.3,81.3,0.0,16.2,0.0,0.0,0.0,0.0,0.0,2.5,0.86,0.64,0.34,242.0,14.0,14.0,0.0,11.0,0.0,0.0,0.047,0.23,6.5,0.04,11.0,3.8,1.0,0.0,38.5,10.0,224.0,8.0,0.0,1.6,14.0,198.0,340.0,0.019,0.26,44.3,0.02,ALA,0.1,0.0,0.0
342,102.0,79.3,0.0,16.9,0.0,0.0,0.0,0.0,0.0,3.8,1.2,0.57,1.1,385.0,60.0,60.0,0.0,0.0,0.45,12.0,0.34,1.8,11.7,0.55,93.0,15.0,3.1,32.0,16.0,7.1,254.0,7.3,7.0,2.7,17.0,173.0,247.0,0.15,0.77,206.0,0.03,EPA/DHA,0.1,0.0,0.0
343,90.3,80.8,0.0,16.5,0.0,0.0,0.0,0.0,0.0,2.7,0.9,0.6,0.4,400.0,105.0,105.0,0.0,0.0,0.45,12.0,0.49,1.8,12.0,0.3,31.0,55.0,4.3,37.0,7.0,10.0,260.0,7.4,7.0,2.4,17.0,220.0,270.0,0.16,0.42,93.0,0.03,EPA/DHA,0.1,0.0,0.0
344,131.0,76.2,0.0,16.7,0.0,0.0,0.0,0.0,0.0,7.1,2.1,1.5,1.4,380.0,419.0,419.0,0.0,1.0,0.2,12.0,0.37,2.5,11.2,0.5,63.0,25.0,4.0,80.0,13.0,10.0,260.0,12.0,7.0,1.8,18.0,200.0,290.0,0.05,0.37,40.0,0.03,EPA/DHA,0.1,0.0,0.0
345,76.0,81.2,0.0,18.5,0.06,0.0,0.06,0.0,0.0,0.2,0.01,0.01,0.12,40.0,30.0,30.0,0.0,0.1,0.4,0.0,0.09,0.03,0.6,0.001,4.0,0.0,0.0,0.0,0.0,6.3,74.0,42.0,0.0,0.33,9.1,207.0,174.0,0.006,0.14,0.0,0.01,ALA,0.0,0.0,0.0
346,123.0,80.4,0.0,10.6,0.0,0.0,0.0,0.0,0.0,9.0,2.0,1.6,1.4,2550.0,9.0,9.0,0.0,0.0,1.2,30.0,0.16,0.28,7.0,0.2,6.0,2.8,2.8,0.0,18.0,10.0,400.0,3.6,0.0,1.6,20.0,153.0,312.0,0.048,0.54,17.0,0.25,EPA/DHA,0.1,0.0,0.0
347,133.0,79.7,0.0,10.0,0.0,0.0,0.0,0.0,0.0,10.3,2.4,2.1,1.3,2100.0,0.0,0.0,0.0,0.0,1.2,30.0,0.2,0.25,5.4,0.1,6.0,8.0,2.3,0.0,18.0,10.0,320.0,2.1,0.0,1.4,17.0,125.0,240.0,0.044,0.24,9.0,0.25,EPA/DHA,0.1,0.0,0.0
348,109.0,82.3,0.0,10.1,0.0,0.0,0.0,0.0,0.0,7.6,1.8,1.5,0.88,2000.0,7.0,0.0,0.0,0.0,1.2,30.0,0.16,0.26,6.0,0.16,13.0,5.7,2.3,6.1,23.0,12.0,350.0,2.5,0.0,1.3,15.0,158.0,280.0,0.04,0.14,10.0,0.25,EPA/DHA,0.1,0.0,0.0
349,76.6,82.1,0.0,15.4,1.5,0.0,1.5,0.0,0.0,1.0,0.3,0.2,0.2,34.0,90.0,90.0,0.0,0.0,0.4,0.1,0.03,0.21,4.2,0.14,16.0,0.0,0.36,0.0,0.0,46.0,169.0,14.0,27.0,1.2,51.0,56.0,314.0,0.5,0.34,24.3,0.18,EPA/DHA,0.0,0.0,0.0
350,82.6,80.6,0.0,16.9,1.5,0.0,1.5,0.0,0.0,1.0,0.3,0.2,0.2,34.0,0.0,0.0,0.0,0.0,0.4,0.1,0.03,0.08,4.2,0.1,17.0,0.0,0.36,0.0,0.0,46.0,169.0,14.0,27.0,1.2,51.0,56.0,314.0,0.5,0.34,24.3,0.18,EPA/DHA,0.0,0.0,0.0
351,83.5,79.4,0.0,15.9,0.7,0.0,0.7,0.0,0.0,1.9,0.24,0.45,0.68,89.0,1.0,1.0,0.0,0.0,1.5,0.04,0.13,0.088,3.4,0.06,16.0,0.95,2.4,4.5,3.0,61.0,234.0,1.0,100.0,1.6,24.0,270.0,220.0,0.034,0.7,130.0,0.07,EPA/DHA,0.0,0.0,0.0
352,80.6,81.7,0.0,16.3,0.7,0.0,0.7,0.0,0.0,1.4,0.41,0.1,0.5,168.0,77.0,77.0,0.0,0.0,2.7,0.07,0.07,0.15,7.0,0.03,5.1,1.3,0.5,0.0,0.0,144.0,190.0,0.32,64.0,1.1,37.8,110.0,280.0,0.035,0.59,44.8,0.35,EPA/DHA,0.0,0.0,0.0
353,124.0,75.4,0.0,19.5,0.0,0.0,0.0,0.0,0.0,5.1,0.69,1.1,2.2,100.0,31.0,31.0,0.0,0.0,2.3,0.04,0.1,0.15,6.3,0.3,20.0,0.0,0.35,0.0,0.0,30.0,160.0,1.3,40.0,3.8,48.0,370.0,270.0,0.15,0.66,37.4,0.25,EPA/DHA,0.0,0.0,0.0
354,127.0,74.7,0.0,20.1,0.0,0.0,0.0,0.0,0.0,5.2,0.71,1.2,2.2,100.0,52.0,52.0,0.0,0.0,2.3,0.05,0.1,0.15,6.1,0.35,20.0,0.0,0.35,0.0,0.0,29.0,160.0,1.3,40.0,5.5,48.0,370.0,270.0,0.15,0.66,37.4,0.25,EPA/DHA,0.0,0.0,0.0
355,80.6,81.7,0.0,16.3,0.7,0.0,0.0,0.0,0.0,1.4,0.41,0.1,0.5,168.0,77.0,10.0,0.0,0.0,2.7,0.0,0.07,0.15,7.0,0.03,0.0,1.3,0.0,0.0,0.0,144.0,190.0,0.32,64.0,1.1,37.8,110.0,280.0,0.0,0.0,44.8,0.3,EPA/DHA,0.0,0.0,0.0
356,85.4,80.4,0.0,17.7,0.5,0.0,0.5,0.0,0.0,1.4,0.22,0.22,0.5,105.0,16.0,16.0,0.0,0.0,1.5,0.5,0.08,0.05,27.0,0.1,17.0,1.0,2.4,0.0,0.0,100.0,300.0,1.0,30.0,0.8,30.0,400.0,400.0,0.03,0.7,130.0,0.3,EPA/DHA,0.0,0.0,0.0
357,94.2,78.7,0.0,18.0,1.5,0.0,1.5,0.0,0.0,1.8,0.33,0.46,0.66,185.0,54.0,54.0,0.0,0.01,1.5,0.04,0.02,0.02,3.2,0.06,5.0,1.9,0.28,0.0,0.0,115.0,215.0,3.3,90.0,1.1,69.0,305.0,221.0,0.01,0.1,24.3,0.3,EPA/DHA,0.0,0.0,0.0
358,83.9,80.4,0.0,17.2,1.3,0.0,1.3,0.0,0.0,1.1,0.13,0.13,0.55,140.0,25.0,25.0,0.0,0.0,1.5,0.04,0.15,0.08,4.4,0.06,2.0,1.9,0.35,0.0,0.0,68.0,215.0,1.3,100.0,5.7,40.0,182.0,180.0,0.015,0.38,99.0,0.07,EPA/DHA,0.0,0.0,0.0
359,110.0,73.4,0.0,24.3,1.5,0.0,1.5,0.0,0.0,0.8,0.2,0.1,0.22,185.0,0.0,0.0,0.0,0.01,1.5,0.04,0.02,0.02,3.2,0.06,2.0,1.9,0.28,0.0,0.0,115.0,215.0,3.3,90.0,1.1,69.0,305.0,221.0,0.01,0.1,24.3,0.3,EPA/DHA,0.0,0.0,0.0
360,72.4,84.4,0.0,10.2,3.4,0.0,3.4,0.0,0.0,2.0,0.59,0.27,0.53,126.0,48.0,48.0,0.0,0.0,0.75,0.1,0.16,0.22,3.0,0.076,33.0,8.0,0.5,0.0,3.2,80.0,200.0,4.2,105.0,1.8,32.0,296.0,282.0,2.3,0.18,56.0,0.45,EPA/DHA,0.0,0.0,0.0
361,66.0,85.0,0.0,9.0,4.8,0.0,4.8,0.0,0.0,1.2,0.42,0.13,0.28,123.0,90.0,90.0,0.0,0.54,0.85,0.1,0.16,0.2,3.0,0.22,7.0,15.0,0.32,10.0,0.0,130.0,157.0,3.1,58.0,22.0,32.0,160.0,184.0,0.14,0.92,28.0,0.45,EPA/DHA,0.0,0.0,0.0
362,89.8,79.3,0.0,17.9,1.4,0.0,1.4,0.0,0.0,1.4,0.3,0.2,0.5,48.0,45.0,45.0,0.0,0.0,2.1,0.07,0.07,0.04,6.8,0.36,13.0,3.0,0.5,0.0,0.0,144.0,170.0,1.2,64.0,1.7,28.0,363.0,230.0,0.02,0.43,44.8,0.35,EPA/DHA,0.0,0.0,0.0
363,281.0,60.5,0.0,15.0,0.0,0.0,0.0,0.0,0.0,24.5,5.7,9.5,3.2,164.0,980.0,980.0,0.0,20.0,4.1,0.02,0.18,0.32,4.6,0.28,13.0,1.0,0.24,0.0,1.8,17.0,334.0,0.87,4.0,2.0,24.0,65.0,259.0,0.025,0.087,30.0,1.1,EPA/DHA,0.0,0.0,0.0
364,205.0,68.2,0.0,16.3,0.0,0.0,0.0,0.0,0.0,15.5,3.2,9.9,1.5,50.0,1043.0,1043.0,0.0,110.0,5.6,0.02,0.17,0.32,8.5,0.3,13.0,1.0,0.24,0.0,0.0,30.0,170.0,1.0,10.0,1.8,19.0,90.0,270.0,0.03,0.09,30.0,1.1,EPA/DHA,0.0,0.0,0.0
365,226.0,63.0,0.0,21.5,0.0,0.0,0.0,0.0,0.0,15.5,4.1,3.4,4.4,48.0,655.0,655.0,0.0,4.5,1.0,0.03,0.16,0.16,17.1,0.46,15.0,4.3,0.66,0.0,0.0,40.0,200.0,1.0,50.0,0.5,28.0,43.0,363.0,0.03,0.051,82.0,0.23,EPA+DHA,0.0,0.0,0.0
366,153.0,69.3,0.0,24.7,0.0,0.0,0.0,0.0,0.0,6.0,1.5,1.2,2.6,45.0,16.0,16.0,0.0,5.0,0.9,0.04,0.22,0.12,17.8,0.4,15.0,3.0,0.66,0.0,0.0,8.0,204.0,1.3,10.0,0.7,23.0,39.0,330.0,0.03,0.05,82.0,1.94,EPA/DHA,0.0,0.0,0.0
367,142.0,72.0,0.0,21.5,0.5,0.0,0.5,0.0,0.0,6.0,2.3,0.81,2.3,69.0,31.9,31.9,0.0,7.0,0.02,0.09,0.07,0.27,11.6,1.1,8.7,1.9,0.64,0.0,0.0,28.2,182.0,1.0,20.0,0.46,28.0,116.0,331.0,0.07,0.21,36.5,1.2,EPA/DHA,0.0,0.0,0.0
368,182.0,69.4,0.0,18.7,0.0,0.0,0.0,0.0,0.0,11.9,3.4,2.4,2.5,76.0,100.0,100.0,0.0,4.0,1.3,5.0,0.13,0.36,12.5,0.63,1.2,9.0,0.4,4.3,0.0,12.0,244.0,1.2,51.0,0.52,30.0,84.0,386.0,0.031,0.11,39.0,2.53,EPA/DHA,0.0,0.0,0.0
369,114.0,77.3,0.0,18.0,0.0,0.0,0.0,0.0,0.0,4.7,0.9,1.6,0.8,67.0,44.0,44.0,0.0,0.01,0.63,0.02,0.06,0.05,5.5,0.15,6.0,2.0,0.75,0.0,1.0,63.0,247.0,0.7,1.7,0.9,51.0,30.0,387.0,0.55,0.087,12.6,0.4,EPA/DHA,0.0,0.0,0.0
370,123.0,75.0,0.0,19.0,1.4,0.0,1.4,0.0,0.0,4.6,0.9,1.5,0.6,40.0,1043.0,500.0,0.0,22.0,4.1,0.03,0.17,0.37,5.5,0.28,13.0,1.0,0.24,0.0,0.0,30.0,202.0,0.7,4.0,2.0,30.0,50.0,340.0,0.03,0.09,30.0,0.6,EPA/DHA,0.0,0.0,0.0
371,118.0,75.6,0.0,19.8,0.8,0.0,0.8,0.0,0.0,3.9,0.79,0.69,0.51,79.0,12.0,12.0,0.0,16.0,2.6,0.02,0.14,0.14,9.0,0.63,1.2,6.0,0.4,0.0,0.0,65.0,239.0,1.0,48.0,0.29,31.0,64.0,360.0,0.09,0.057,47.0,0.6,EPA/DHA,0.0,0.0,0.0
372,125.0,75.0,0.0,20.0,0.0,0.0,0.0,0.0,0.0,5.0,0.7,0.3,0.8,79.0,36.0,36.0,0.0,16.0,2.6,0.02,0.05,0.08,9.0,0.63,1.2,10.0,0.4,0.0,0.0,25.0,250.0,0.7,48.0,0.5,28.0,110.0,430.0,0.09,0.04,45.0,0.6,EPA/DHA,0.0,0.0,0.0
373,117.0,76.2,0.0,19.4,0.0,0.0,0.0,0.0,0.0,4.4,1.2,1.7,1.2,39.0,20.0,20.0,0.0,7.2,1.0,0.02,0.05,0.08,11.9,0.51,2.0,5.0,0.41,0.0,1.0,10.0,506.0,0.5,2.0,0.7,27.0,102.0,342.0,0.019,0.12,48.1,0.8,EPA/DHA,0.0,0.0,0.0
374,191.0,67.3,0.0,20.6,0.0,0.0,0.0,0.0,0.0,12.1,2.1,3.7,3.3,48.1,13.3,13.3,0.0,9.9,2.0,0.4,0.2,0.15,13.2,0.73,22.5,3.9,1.0,7.4,0.0,20.5,253.0,0.84,28.3,0.72,25.8,59.0,336.0,0.014,0.13,29.0,2.43,EPA+DHA,0.0,0.0,0.0
375,109.0,77.5,0.0,18.7,0.0,0.0,0.0,0.0,0.0,3.8,0.9,0.88,1.4,70.0,9.0,9.0,0.0,0.8,0.51,0.3,0.08,0.07,4.2,0.42,11.0,2.0,0.46,0.0,0.0,66.0,220.0,0.3,190.0,0.3,30.0,91.0,340.0,0.01,0.13,29.0,0.5,EPA/DHA,0.0,0.0,0.0
376,157.0,72.6,0.0,18.0,0.0,0.0,0.0,0.0,0.0,9.4,2.6,2.9,2.9,79.8,62.9,62.9,0.0,7.9,1.6,0.09,0.02,0.25,9.6,0.96,8.7,28.4,0.81,0.0,0.0,50.4,270.0,2.2,28.9,0.89,25.1,120.0,360.0,0.11,0.17,60.0,2.2,EPA+DHA,0.0,0.0,0.0
377,104.0,79.6,0.0,15.0,1.0,0.0,1.0,0.0,0.0,4.4,0.57,0.85,2.5,70.0,48.0,48.0,0.0,0.0,0.4,0.02,0.06,0.08,6.0,0.19,5.0,2.9,0.15,0.0,0.0,30.0,264.0,1.0,7.0,0.5,30.0,77.0,350.0,0.09,0.04,45.0,0.5,EPA/DHA,0.0,0.0,0.0
378,136.0,74.6,0.0,18.8,0.0,0.0,0.0,0.0,0.0,6.7,1.7,2.0,2.2,67.2,34.5,34.5,0.0,2.0,1.5,0.3,0.07,0.07,8.5,0.43,9.4,5.2,1.7,4.5,0.0,108.0,260.0,1.2,11.4,1.4,29.5,56.0,480.0,0.015,0.15,25.0,1.0,EPA/DHA,0.0,0.0,0.0
379,74.0,82.5,0.0,16.7,0.0,0.0,0.0,0.0,0.0,0.8,0.14,0.088,0.27,71.0,14.0,14.0,0.0,0.0,0.5,0.01,0.17,0.17,4.4,0.22,3.1,1.2,0.18,0.0,0.0,8.0,376.0,0.2,103.0,0.43,23.0,100.0,338.0,0.03,0.035,20.0,0.25,EPA/DHA,0.0,0.0,0.0
380,79.8,81.3,0.0,17.7,0.0,0.0,0.0,0.0,0.0,1.0,0.13,0.1,0.39,34.0,6.5,6.5,0.0,1.3,1.0,0.01,0.055,0.046,5.2,0.2,8.0,1.2,0.26,2.2,2.0,26.0,194.0,0.32,170.0,0.4,24.0,72.0,352.0,0.017,0.053,28.0,0.15,EPA/DHA,0.0,0.0,0.0
381,230.0,63.7,0.0,18.1,1.3,0.0,1.3,0.0,0.0,16.9,3.4,4.3,3.1,93.7,83.4,83.4,0.0,1.5,15.8,0.04,0.04,0.11,6.9,0.28,13.4,2.3,0.15,0.0,0.0,40.5,244.0,0.13,3.0,0.51,23.7,31.0,446.0,0.091,0.038,45.0,0.6,EPA/DHA,0.0,0.0,0.0
382,97.9,78.4,0.0,19.3,0.0,0.0,0.0,0.0,0.0,2.3,0.41,0.61,0.6,80.0,27.0,27.0,0.0,0.0,0.5,0.02,0.06,0.06,3.7,0.2,3.0,4.0,0.75,0.0,0.0,130.0,410.0,2.2,7.0,0.3,25.0,69.0,340.0,0.015,0.019,36.5,0.6,EPA/DHA,0.0,0.0,0.0
383,63.8,86.3,0.0,11.9,0.0,0.0,0.0,0.0,0.0,1.8,0.35,0.43,0.46,67.0,17.0,17.0,0.0,0.0,0.35,0.02,0.09,0.09,8.5,0.16,12.3,1.1,0.22,0.0,0.0,33.1,142.0,1.1,27.0,0.37,25.1,101.0,294.0,0.02,0.021,36.0,0.25,EPA/DHA,0.0,0.0,0.0
384,70.3,83.3,0.0,16.0,0.0,0.0,0.0,0.0,0.0,0.7,0.16,0.14,0.23,37.0,43.0,43.0,0.0,0.0,0.8,0.02,0.8,0.14,3.3,0.32,11.0,2.0,0.75,0.0,0.0,14.0,210.0,0.9,7.0,0.5,20.0,80.0,255.0,0.02,0.02,36.5,0.6,EPA/DHA,0.0,0.0,0.0
385,124.0,74.5,0.0,20.4,0.8,0.0,0.8,0.0,0.0,4.3,1.3,0.94,0.81,81.0,37.0,37.0,0.0,0.0,1.0,0.01,0.06,0.15,5.7,0.43,9.0,2.0,0.22,0.0,0.0,53.0,217.0,1.5,330.0,0.6,29.0,69.0,404.0,0.05,0.0075,51.0,0.8,EPA/DHA,0.0,0.0,0.0
386,65.6,83.8,0.0,13.4,0.3,0.0,0.3,0.0,0.0,1.2,0.47,0.44,0.17,29.8,2.0,0.0,0.0,0.05,0.16,0.0,0.04,0.04,0.35,0.1,0.0,0.3,0.0,0.0,0.0,36.7,107.0,0.21,8.0,0.24,17.6,274.0,200.0,0.0,0.0,9.6,0.15,EPA/DHA,0.0,0.0,0.0
387,88.8,79.8,0.0,18.6,0.0,0.0,0.0,0.0,0.0,1.6,0.24,0.63,0.43,42.0,9.0,9.0,0.0,0.0,1.3,0.0,0.11,0.11,1.7,0.0,0.0,1.0,0.36,0.0,0.8,20.0,198.0,0.0,0.0,0.48,20.0,47.0,330.0,0.0,0.03,43.3,0.15,EPA/DHA,0.0,0.0,0.0
388,74.0,82.5,0.0,16.7,0.0,0.0,0.0,0.0,0.0,0.8,0.09,0.23,0.17,56.8,30.0,30.0,0.0,0.0,0.5,0.02,0.09,0.06,7.3,0.22,13.7,1.0,0.22,0.0,0.0,43.4,190.0,0.77,27.0,0.38,27.3,100.0,270.0,0.02,0.02,36.0,0.25,EPA/DHA,0.0,0.0,0.0
389,85.9,80.9,0.0,17.2,0.0,0.0,0.0,0.0,0.0,1.9,1.1,0.4,0.13,63.0,10.0,10.0,0.0,0.0,0.36,0.2,0.21,0.22,6.5,0.2,11.0,1.5,0.8,0.0,1.5,61.0,198.0,0.9,53.0,0.53,22.0,104.0,310.0,0.03,0.042,33.0,0.2,EPA/DHA,0.0,0.0,0.0
390,65.6,84.5,0.0,14.9,0.0,0.0,0.0,0.0,0.0,0.67,0.17,0.11,0.31,25.0,12.0,12.0,0.0,0.0,0.85,0.02,0.03,0.05,4.3,0.01,1.0,1.0,0.15,0.0,0.0,8.0,330.0,0.3,0.0,0.31,21.0,109.0,235.0,0.024,0.0097,36.5,0.2,EPA/DHA,0.0,0.0,0.0
391,97.3,77.3,0.0,20.6,0.8,0.0,0.8,0.0,0.0,1.3,0.29,0.29,0.53,65.0,27.0,27.0,0.0,0.0,0.0,0.01,0.02,0.01,5.9,0.37,3.0,6.0,0.22,0.0,0.0,38.0,155.0,0.75,3.0,0.98,30.0,90.0,250.0,0.02,0.01,36.5,0.3,EPA/DHA,0.0,0.0,0.0
392,82.1,81.6,0.0,16.7,0.0,0.0,0.0,0.0,0.0,1.7,0.53,0.39,0.56,25.0,11.0,11.0,0.0,0.0,0.4,0.2,0.02,0.15,5.2,0.15,10.0,2.0,0.57,0.0,0.0,17.0,159.0,0.5,16.0,0.4,45.0,114.0,290.0,0.037,0.014,36.5,0.3,EPA/DHA,0.0,0.0,0.0
393,70.5,81.4,0.0,16.5,0.0,0.0,0.0,0.0,0.0,0.5,0.0,0.07,0.17,65.0,0.0,0.0,0.0,0.0,0.0,0.0,0.0,0.0,0.0,0.0,0.0,0.0,0.0,0.0,0.0,0.0,0.0,0.0,0.0,0.0,0.0,112.0,254.0,0.0,0.0,0.0,0.3,EPA/DHA,0.0,0.0,0.0
394,140.0,67.7,0.0,25.4,0.0,0.0,0.0,0.0,0.0,4.3,0.8,1.8,1.4,35.0,26.0,26.0,0.0,19.0,1.7,0.3,0.16,0.17,13.7,0.28,2.0,3.0,0.8,0.0,0.0,19.0,250.0,0.6,28.0,0.4,32.0,1008.0,420.0,0.017,0.2,32.4,1.8,EPA+DHA,0.0,0.0,0.0
395,253.0,55.8,0.0,28.6,0.37,0.0,0.37,0.0,0.0,15.2,2.8,2.8,8.3,70.6,67.4,67.4,0.0,11.8,0.98,0.04,0.06,0.21,9.1,0.19,18.5,3.4,0.9,0.0,0.0,273.0,300.0,4.2,18.8,3.4,54.8,4348.0,230.0,0.18,0.17,68.1,1.2,EPA/DHA,0.0,0.0,0.0
396,99.4,75.9,0.0,23.5,0.0,0.0,0.0,0.0,0.0,0.6,0.2,0.1,0.2,51.0,17.0,17.0,0.0,4.0,0.55,0.03,0.02,0.11,18.8,0.47,7.0,4.0,0.21,0.0,0.0,28.0,170.0,1.0,13.0,0.7,27.0,320.0,230.0,0.011,0.051,80.4,0.26,EPA/DHA,0.0,0.0,0.0
397,208.0,60.8,0.0,24.8,0.0,0.0,0.0,0.0,0.0,12.1,1.8,3.6,5.6,39.8,62.2,62.2,0.0,4.9,6.3,0.04,0.1,0.1,18.2,0.42,16.8,5.0,0.22,2.1,0.0,27.7,200.0,1.2,34.2,0.3,28.2,360.0,248.0,0.016,0.23,90.0,0.23,EPA+DHA,0.0,0.0,0.0
398,99.4,75.9,0.0,23.5,0.0,0.0,0.0,0.0,0.0,0.6,0.23,0.1,0.21,51.0,65.0,65.0,0.0,4.0,0.55,0.03,0.02,0.11,18.8,0.47,16.0,4.3,0.3,2.0,0.0,8.0,170.0,1.0,13.0,0.7,27.0,562.0,230.0,0.01,0.05,78.0,1.14,EPA/DHA,0.0,0.0,0.0
399,203.0,63.6,0.0,24.9,0.0,0.0,0.0,0.0,0.0,11.5,1.8,3.1,5.4,46.7,26.0,26.0,0.0,3.1,7.2,0.04,0.05,0.11,17.8,0.42,15.5,5.0,0.33,0.0,0.0,8.0,200.0,1.0,37.0,1.1,29.0,400.0,230.0,0.02,0.05,82.0,1.2,EPA/DHA,0.0,0.0,0.0
400,207.0,59.1,0.0,32.2,0.0,0.0,0.0,0.0,0.0,8.7,1.8,1.8,4.2,33.0,18.0,18.0,0.0,3.1,7.2,0.04,0.1,0.1,17.8,0.52,15.0,5.0,0.33,0.0,0.0,10.0,200.0,1.2,37.0,1.1,33.0,347.0,267.0,0.02,0.05,82.0,1.2,EPA/DHA,0.0,0.0,0.0
401,184.0,63.2,0.0,27.5,2.0,0.0,0.0,0.0,0.0,7.3,1.1,5.5,0.65,40.0,5.0,5.0,0.0,0.0,0.0,0.0,0.0,0.0,0.0,0.0,0.0,0.0,0.0,0.0,0.0,0.0,0.0,0.0,0.0,0.0,0.0,0.35,0.0,0.0,0.0,0.0,1.0,EPA/DHA,0.0,0.0,0.0
402,174.0,68.4,0.0,13.8,1.9,0.0,1.9,1.9,0.0,12.3,3.3,3.9,3.8,78.5,13.2,4.7,50.8,7.5,0.52,0.06,0.02,0.2,5.1,1.6,13.0,26.0,0.73,5.0,0.29,344.0,380.0,2.6,17.9,1.8,39.2,468.0,376.0,0.24,0.23,37.0,1.5,EPA/DHA,0.0,0.0,0.0
403,218.0,58.9,0.0,23.9,0.0,0.0,0.0,0.0,0.0,13.6,2.8,4.7,4.9,65.0,49.0,49.0,0.0,8.2,0.3,0.04,0.04,0.31,12.6,0.47,8.7,29.6,0.5,5.0,0.0,314.0,430.0,2.9,33.4,2.8,49.3,418.0,388.0,0.11,0.19,50.0,2.2,EPA+DHA,0.0,0.0,0.0
404,131.0,76.7,0.0,15.0,0.8,0.0,0.8,0.0,0.0,7.5,2.6,1.8,2.3,100.0,32.0,32.0,0.0,7.0,1.6,0.03,0.11,0.34,5.9,0.96,7.0,26.0,0.81,0.0,0.0,30.0,270.0,0.9,10.0,0.4,26.0,446.0,260.0,0.11,0.17,60.0,1.4,EPA/DHA,0.0,0.0,0.0
405,218.0,58.9,0.0,23.9,0.0,0.0,0.0,0.0,0.0,13.6,2.8,4.7,4.9,65.0,49.0,49.0,0.0,8.2,0.3,0.04,0.04,0.31,12.6,0.47,8.7,29.6,0.5,5.0,0.0,314.0,430.0,2.9,33.4,2.8,49.3,480.0,388.0,0.11,0.19,50.0,1.48,EPA/DHA,0.0,0.0,0.0
406,322.0,22.6,0.0,75.0,0.0,0.0,0.0,0.0,0.0,2.4,0.71,0.4,0.59,56.0,42.0,42.0,0.0,5.0,1.3,0.01,0.08,0.45,15.1,0.6,14.0,5.0,1.7,0.0,0.1,50.0,891.0,3.6,170.0,1.6,28.0,8100.0,300.0,0.05,0.18,148.0,0.15,EPA/DHA,0.0,0.0,0.0
407,900.0,0.0,0.0,0.0,0.0,0.0,0.0,0.0,0.0,100.0,16.9,46.2,32.0,0.0,0.0,0.0,0.0,0.0,15.7,0.7,0.0,0.0,0.0,0.0,0.0,0.0,0.0,0.0,0.0,0.0,0.0,0.03,0.0,0.01,0.0,0.0,0.0,0.0,0.0,0.0,0.0,N/A,0.0,0.0,0.0
408,900.0,0.0,0.0,0.0,0.0,0.0,0.0,0.0,0.0,100.0,86.5,5.8,1.8,0.0,0.0,0.0,0.0,0.0,0.11,0.5,0.0,0.0,0.0,0.0,0.0,0.0,0.0,0.0,0.0,0.0,0.0,0.04,0.0,0.0,0.0,0.0,0.0,0.0,0.0,0.0,0.0,N/A,0.0,0.0,0.0
409,900.0,0.0,0.0,0.0,0.0,0.0,0.0,0.0,0.0,100.0,7.0,60.5,26.3,0.0,0.0,0.0,0.0,0.0,42.0,0.0,0.0,0.0,0.0,0.0,0.0,0.0,0.0,0.0,0.0,5.6,0.0,0.023,0.4,0.05,0.58,5.5,10.7,0.0,0.0,10.0,9.0,ALA,0.0,0.0,0.0
410,899.0,0.1,0.0,0.0,0.0,0.0,0.0,0.0,0.0,99.9,18.8,15.1,61.7,0.0,0.0,0.0,0.0,0.0,215.0,0.0,0.0,0.0,0.0,0.0,0.0,0.0,0.0,0.0,0.0,0.0,0.0,0.0,0.0,0.0,0.0,0.0,0.0,0.0,0.0,0.0,0.5,ALA,0.0,5.0,0.0
411,899.0,0.1,0.0,0.0,0.0,0.0,0.0,0.0,0.0,99.9,12.0,20.5,63.3,0.0,4.3,0.0,26.0,0.0,62.2,9.4,0.0,0.0,0.0,0.0,0.0,0.0,0.0,0.0,0.0,0.0,0.0,0.03,0.0,0.0,0.0,0.0,0.0,0.0,0.0,0.0,0.05,ALA,0.0,0.0,0.0
412,899.0,0.1,0.0,0.0,0.0,0.0,0.0,0.0,0.0,99.9,21.1,44.6,30.5,650.0,18000.0,18000.0,0.0,210.0,20.0,0.0,0.0,0.0,0.0,0.0,0.0,0.0,0.0,0.0,0.0,0.0,0.0,0.0,0.0,0.0,0.0,0.0,0.0,0.0,0.0,0.0,20.0,EPA/DHA,0.0,0.0,0.0
413,900.0,0.12,0.0,0.11,0.0,0.0,0.0,0.0,0.0,100.0,9.0,18.4,67.8,0.0,0.0,0.0,0.0,0.0,3.6,9.3,0.0,0.0,0.0,0.0,0.0,0.0,0.0,0.0,0.0,1.0,1.0,0.0,0.0,0.07,0.0,0.0,0.0,0.0,0.0,0.0,9.0,ALA,0.0,0.0,0.0
414,899.0,0.1,0.0,0.0,0.0,0.0,0.0,0.0,0.0,99.9,14.5,29.9,51.3,0.0,0.0,0.0,0.0,0.0,34.0,31.0,0.0,0.0,0.0,0.0,0.0,0.0,0.0,0.0,0.0,0.0,0.0,0.0,0.0,0.0,0.0,0.0,0.0,0.0,0.0,0.0,0.0,N/A,0.0,0.0,0.0
415,898.0,0.0,0.0,0.0,0.0,0.0,0.0,0.0,0.0,99.8,9.3,17.1,69.0,0.0,0.0,0.0,0.0,0.0,10.8,0.0,0.0,0.0,0.0,0.0,0.0,0.0,0.0,0.0,0.0,0.0,0.0,0.0,0.0,0.0,0.0,0.0,0.0,0.0,0.0,0.0,9.0,ALA,0.0,0.0,0.0
416,899.0,0.1,0.0,0.0,0.0,0.0,0.0,0.0,0.0,99.9,14.3,73.0,8.2,0.0,0.0,0.0,0.0,0.0,5.1,49.6,0.0,0.0,0.0,0.0,0.0,0.0,0.0,0.0,0.0,0.0,0.0,0.4,0.0,0.0,0.0,0.0,0.0,0.0,0.0,0.0,0.7,ALA,0.0,45.0,0.0
417,899.0,0.1,0.0,0.0,0.0,0.0,0.0,0.0,0.0,99.9,14.5,71.0,10.0,0.0,0.0,0.0,0.0,0.0,12.0,49.6,0.0,0.0,0.0,0.0,0.0,0.0,0.0,0.0,0.0,0.0,0.0,0.0,0.0,0.0,0.0,0.0,0.0,0.0,0.0,0.0,0.7,ALA,0.0,45.0,0.0
418,899.0,0.1,0.0,0.0,0.0,0.0,0.0,0.0,0.0,99.9,14.5,71.0,10.0,0.0,0.0,0.0,0.0,0.0,19.8,49.6,0.0,0.0,0.0,0.0,0.0,0.0,0.0,0.0,0.0,0.0,0.0,0.0,0.0,0.0,0.0,0.0,0.0,0.0,0.0,0.0,0.7,ALA,0.0,45.0,0.0
419,899.0,0.1,0.0,0.0,0.0,0.0,0.0,0.0,0.0,99.9,14.5,71.0,10.0,0.0,34.0,0.0,0.0,0.0,19.8,49.6,0.0,0.0,0.0,0.0,0.0,0.0,0.0,0.0,0.0,0.0,0.0,0.0,0.0,0.0,0.0,0.0,0.0,0.0,0.0,0.0,0.7,ALA,0.0,45.0,0.0
420,899.0,0.1,0.0,0.0,0.0,0.0,0.0,0.0,0.0,99.9,47.8,37.1,10.4,0.0,9.3,4.1,31.0,8.0,9.5,8.0,0.0,0.0,0.0,0.0,0.0,0.0,0.0,0.0,0.0,0.0,0.0,0.0,0.0,0.0,0.0,0.0,0.0,0.0,0.0,0.0,0.0,N/A,0.0,0.0,0.0
421,900.0,0.0,0.0,0.0,0.0,0.0,0.0,0.0,0.0,100.0,14.2,39.7,41.7,0.0,0.0,0.0,0.0,0.0,4.1,0.0,0.0,0.0,0.0,0.0,0.0,0.0,0.0,0.0,0.0,0.0,0.0,0.0,0.0,0.0,0.0,0.0,0.0,0.0,0.0,0.0,0.0,N/A,0.0,0.0,0.0
422,900.0,0.01,0.0,0.0,0.0,0.0,0.0,0.0,0.0,100.0,15.6,21.2,58.8,0.0,0.0,0.0,0.0,0.0,16.8,138.0,0.0,0.0,0.0,0.0,0.0,0.0,0.0,0.0,0.0,0.0,0.0,0.0,0.0,0.0,0.0,0.0,0.0,0.0,0.0,0.0,9.0,ALA,0.0,0.0,0.0
423,734.0,15.9,0.0,0.85,0.06,0.0,0.06,0.0,0.0,81.1,51.4,21.0,3.0,215.0,739.0,671.0,410.0,1.0,2.3,7.0,0.005,0.034,0.21,0.003,3.0,0.17,0.04,0.0,0.0,24.0,24.0,0.02,1.8,0.09,2.0,72.0,24.0,0.04,0.03,1.8,0.0,N/A,0.0,0.0,0.0
424,517.0,39.7,0.0,3.3,1.9,1.9,0.0,0.0,0.0,55.1,34.3,15.9,2.0,106.0,474.0,456.0,107.0,1.0,1.6,4.8,0.01,0.07,0.07,0.01,1.0,0.13,0.0,0.0,0.0,48.0,34.0,1.1,0.0,0.26,5.0,36.0,71.0,0.0,0.0,1.0,0.0,N/A,0.0,0.0,0.0
425,736.0,18.0,0.0,0.89,0.7,0.0,0.7,0.0,0.0,81.1,40.8,33.4,3.3,215.0,697.0,671.0,158.0,1.4,2.3,7.0,0.005,0.034,0.24,0.003,3.0,0.17,0.11,0.0,0.0,24.0,24.0,0.02,38.0,0.09,2.0,714.0,24.0,0.04,0.03,1.0,0.0,N/A,0.0,0.0,0.0
426,722.0,19.4,0.0,0.2,0.4,0.0,0.4,0.0,0.0,80.0,23.8,31.0,19.5,115.0,638.0,530.0,650.0,8.0,10.0,93.0,0.0,0.0,0.04,0.0,0.0,0.0,0.03,0.0,0.0,4.0,12.0,0.3,26.0,0.0,0.0,132.0,5.0,0.0,0.04,0.0,0.0,N/A,0.0,0.0,0.0
427,387.0,53.9,0.0,0.1,0.95,0.45,0.5,0.0,0.3,42.5,8.5,9.0,17.5,0.0,0.0,0.0,0.0,4.3,5.7,93.0,0.01,0.02,0.36,0.01,1.0,0.06,0.05,0.0,0.1,13.0,8.0,0.06,26.0,0.0,0.5,133.0,7.0,0.0,0.03,0.0,0.0,N/A,0.0,0.0,0.0
428,740.0,15.1,0.0,0.9,4.0,4.0,0.0,0.0,0.0,80.0,13.0,32.0,31.0,2.0,731.0,662.0,414.0,3.8,7.5,1.5,0.01,1.6,0.67,0.009,1.0,0.1,0.084,0.0,0.2,30.0,23.0,0.0,26.0,0.0,3.0,212.0,42.0,0.0,0.0,0.0,0.0,N/A,0.0,0.0,0.0
429,371.0,58.0,0.0,1.6,1.1,0.6,0.5,0.0,0.0,40.0,11.3,13.5,13.9,4.2,584.0,500.0,500.0,2.5,6.0,93.0,0.006,0.022,0.36,0.005,1.0,0.06,0.051,0.0,0.1,12.0,8.0,0.06,26.0,0.0,0.5,132.0,7.0,0.0,0.03,0.0,0.0,N/A,0.0,0.0,0.0
430,730.0,15.8,0.0,0.9,0.5,0.0,0.5,0.0,0.0,80.5,15.8,35.8,25.4,0.0,731.0,650.0,485.0,8.0,12.8,93.0,0.01,0.037,0.02,0.009,1.0,0.1,0.084,0.0,0.2,30.0,23.0,0.06,26.0,0.0,3.0,232.0,42.0,0.0,0.0,0.0,0.0,N/A,0.0,0.0,0.0
431,731.0,17.2,0.0,0.5,0.4,0.0,0.4,0.0,0.0,80.8,22.6,31.9,22.8,0.0,672.0,560.0,670.0,8.0,26.5,0.0,0.01,0.03,0.0,0.0,0.0,0.0,0.0,0.0,0.0,19.0,16.0,0.0,0.0,0.0,2.0,118.0,22.0,0.0,0.0,0.0,0.0,N/A,0.0,0.0,0.0
432,900.0,0.0,0.0,0.0,0.0,0.0,0.0,0.0,0.0,100.0,59.7,32.9,3.0,0.0,0.0,0.0,0.0,0.0,1.8,24.7,0.0,0.0,0.0,0.0,0.0,0.0,0.0,0.0,0.0,0.0,0.0,0.0,0.0,0.0,0.0,0.0,0.0,0.0,0.0,0.0,0.1,ALA,0.5,0.0,0.0
433,891.0,1.0,0.0,0.0,0.0,0.0,0.0,0.0,0.0,99.0,40.6,43.0,9.8,93.0,0.0,0.0,0.0,0.0,1.6,7.0,0.0,0.0,0.0,0.0,0.0,0.0,0.0,0.0,0.0,1.0,3.0,0.1,9.7,0.0,1.0,1.0,1.0,0.0,0.02,0.0,0.0,N/A,0.0,0.0,0.0
434,346.0,0.97,0.0,16.6,63.7,61.3,2.4,0.0,9.0,0.73,0.25,0.12,0.18,0.0,0.0,0.0,0.0,0.0,0.67,0.4,0.44,0.14,0.8,1654.0,47.0,0.0,0.0,0.0,1.2,79.0,414.0,5.7,0.0,3.0,77.0,60.0,1193.0,0.98,0.53,23.9,0.02,ALA,0.0,2500.0,0.0
435,26.2,92.1,0.0,3.2,1.1,0.0,0.3,0.0,1.6,0.64,0.041,0.088,0.39,0.0,264.0,0.0,1584.0,0.0,0.8,415.0,0.034,0.076,0.9,0.16,68.0,0.0,0.21,0.0,18.0,177.0,56.0,3.2,0.0,0.81,64.0,4.0,295.0,1.1,0.39,0.3,0.1,ALA,0.0,1200.0,0.0
436,255.0,20.6,0.0,14.0,20.5,1.7,18.8,0.0,40.5,4.0,0.24,0.45,2.2,0.0,931.0,0.0,5584.0,0.0,7.5,0.0,0.15,0.32,7.0,2.3,274.0,0.0,0.0,0.0,61.2,2113.0,490.0,42.0,0.0,5.8,422.0,34.0,3433.0,0.0,0.0,2.8,0.0,N/A,0.0,0.0,0.0
437,353.0,17.3,0.0,11.4,61.5,19.1,42.4,0.0,3.9,5.9,1.6,0.43,2.1,0.0,27.0,0.0,162.0,0.0,0.0,0.0,0.12,0.27,1.5,1.0,93.0,0.0,0.0,0.0,80.8,111.0,252.0,11.1,0.0,1.1,264.0,148.0,1724.0,28.4,0.33,5.6,0.05,ALA,0.0,800.0,0.0
438,255.0,9.6,0.0,3.9,25.6,23.4,2.2,0.0,54.3,3.2,0.65,0.48,0.53,0.0,28.0,0.0,168.0,0.0,0.95,31.2,0.077,0.14,0.0,0.31,29.0,0.0,0.0,0.0,28.5,1228.0,61.0,38.1,0.0,2.0,56.0,26.0,500.0,16.7,0.23,1.1,0.05,ALA,0.0,3500.0,0.0
439,344.0,8.3,0.0,10.8,46.2,0.0,0.0,0.0,28.0,6.7,0.68,0.87,0.43,0.0,0.0,0.0,0.0,0.0,0.0,0.0,0.2,0.18,1.1,0.23,0.0,0.0,0.0,0.0,21.0,383.0,178.0,14.0,0.0,7.5,229.0,18.0,1119.0,0.0,0.0,0.0,0.05,ALA,0.0,800.0,0.0
440,355.0,7.3,0.0,9.0,74.1,2.7,37.4,0.0,9.2,0.45,0.078,0.064,0.18,0.0,1.0,0.0,11.0,0.0,0.18,0.0,0.5,0.1,0.1,1.6,166.0,0.0,0.0,0.0,75.0,257.0,303.0,1.6,0.0,89.0,92.0,21.0,1622.0,0.0,0.0,5.0,0.0,N/A,0.0,0.0,0.0
441,29.0,91.3,0.0,3.0,1.9,0.0,1.9,0.0,2.3,0.53,0.12,0.08,0.22,0.0,435.0,0.0,2612.0,0.0,0.9,0.0,0.08,0.11,0.0,0.13,130.0,0.0,0.0,0.0,60.0,86.0,54.0,1.5,0.0,0.4,40.0,3.0,275.0,0.0,0.0,0.0,0.05,ALA,0.0,800.0,0.0
442,22.1,92.2,0.0,2.1,0.9,0.9,0.0,0.0,2.8,0.5,0.0,0.3,0.04,0.0,685.0,0.0,4049.0,0.0,2.5,310.0,0.1,0.2,1.1,0.1,62.0,0.0,0.6,0.0,27.0,67.0,48.0,1.8,0.0,0.5,26.0,46.0,521.0,0.4,0.2,0.9,0.15,ALA,0.0,2100.0,0.0
443,335.0,9.9,0.0,6.0,31.6,0.0,2.4,0.0,33.9,13.0,4.0,1.4,3.6,0.0,16.1,0.0,96.5,0.0,8.8,142.0,0.16,0.22,1.6,0.39,25.0,0.0,0.51,0.0,0.2,632.0,104.0,11.8,0.0,2.3,259.0,277.0,1020.0,60.1,0.37,0.0,0.1,ALA,0.0,15000.0,0.0
444,291.0,12.9,0.0,9.7,44.4,0.0,3.2,0.0,22.7,3.3,1.8,0.45,0.76,0.0,0.0,0.0,0.0,0.0,0.0,13.4,0.058,0.15,1.4,0.11,20.0,0.0,0.54,0.0,0.7,168.0,299.0,55.0,0.0,4.5,208.0,27.0,2080.0,19.8,1.3,0.0,0.15,ALA,0.0,2100.0,0.0
445,316.0,7.3,0.0,20.0,42.2,0.0,0.0,0.0,13.6,4.4,0.23,0.0,0.0,0.0,293.0,0.0,1758.0,0.0,0.0,0.0,0.42,0.28,2.8,1.7,0.0,0.0,0.0,0.0,50.0,1784.0,543.0,48.8,0.0,3.3,451.0,208.0,3308.0,4.0,0.49,0.0,0.15,ALA,0.0,2100.0,0.0
446,89.7,84.7,0.0,2.7,0.14,0.14,0.0,0.0,0.0,8.7,1.3,3.3,3.8,0.0,0.15,0.0,0.0,0.0,0.38,0.0,0.14,0.03,1.6,0.11,0.0,0.0,0.0,0.0,0.0,102.0,108.0,1.6,0.0,0.8,56.2,353.0,86.1,0.0,0.0,0.0,0.08,ALA,0.0,600.0,0.0
447,47.3,88.8,0.0,1.9,6.7,1.4,5.3,0.0,1.5,1.1,0.11,0.061,0.6,0.0,95.3,0.0,572.0,0.0,0.69,14.0,0.072,0.086,1.7,0.51,23.0,0.0,0.2,0.0,144.0,14.0,43.0,1.0,0.0,0.26,23.0,9.0,322.0,0.19,0.13,0.5,0.08,ALA,0.0,600.0,0.0
448,20.2,93.3,0.0,1.1,2.3,0.15,2.2,0.0,3.3,0.0,0.0,0.0,0.0,0.0,5.3,0.0,32.0,0.0,0.9,62.8,0.08,0.02,0.68,0.06,0.0,0.0,0.0,0.0,8.0,37.0,38.0,0.5,0.0,0.5,12.0,15.0,473.0,0.0,0.0,0.0,0.05,ALA,0.0,900.0,0.0
449,32.9,90.9,0.0,1.1,3.4,2.0,1.0,0.0,2.7,1.1,0.09,0.8,0.13,0.0,0.0,0.0,0.0,0.25,0.75,0.8,0.018,0.01,0.1,0.1,11.8,0.0,0.16,0.0,0.5,11.0,26.0,0.4,20.0,0.24,26.0,6.3,320.0,7.0,0.05,20.0,0.0,N/A,0.0,0.0,0.0
450,336.0,9.7,0.0,9.1,58.3,54.9,3.4,0.0,14.1,4.2,2.6,0.48,0.93,0.0,3.0,0.0,18.0,0.0,0.0,0.8,0.046,0.17,9.6,0.63,13.0,0.0,0.48,0.0,0.7,114.0,168.0,19.8,0.0,3.6,214.0,27.0,1320.0,33.3,0.48,0.0,0.0,N/A,0.0,0.0,0.0
451,353.0,9.0,0.0,7.6,48.7,0.0,48.7,0.0,26.3,8.4,2.3,1.6,2.3,0.0,309.0,0.0,1854.0,0.0,0.0,0.0,0.009,0.42,2.0,1.7,180.0,0.0,0.0,0.0,46.5,834.0,113.0,43.0,0.0,3.7,120.0,23.0,529.0,8.2,0.42,2.8,0.05,ALA,0.0,900.0,0.0
452,164.0,34.0,0.0,27.8,11.8,11.8,0.0,0.0,3.0,0.0,0.0,0.0,0.0,0.0,0.0,0.0,0.0,0.0,0.0,0.0,9.7,14.3,97.0,1.3,1010.0,0.5,0.0,0.0,0.0,86.0,104.0,3.7,0.0,2.1,180.0,3600.0,2600.0,0.0,0.3,18.0,0.0,N/A,0.0,0.0,0.0
453,73.0,73.3,0.0,16.0,0.0,0.0,0.0,0.0,0.0,1.0,0.0,0.0,0.0,0.0,0.0,0.0,0.0,0.0,0.0,0.0,0.76,1.9,16.0,0.93,1000.0,0.0,0.0,0.0,0.0,20.0,440.0,3.8,0.0,0.0,115.0,25.0,630.0,0.0,0.0,0.0,0.0,N/A,0.0,0.0,0.0
454,324.0,7.6,0.0,12.7,32.4,28.3,4.1,0.0,40.3,7.0,0.53,0.94,4.4,0.0,403.0,0.0,4806.0,0.0,1.7,0.0,0.29,0.32,4.1,1.2,274.0,0.0,0.0,0.0,51.4,1990.0,306.0,82.7,0.0,3.6,346.0,77.0,1522.0,0.0,0.0,4.5,0.04,ALA,0.0,1300.0,0.0
455,67.3,80.4,0.0,3.8,6.9,0.0,6.9,0.0,8.0,0.94,0.25,0.033,0.51,0.0,212.0,0.0,1272.0,0.0,0.0,0.0,0.082,0.27,2.7,0.13,114.0,0.0,0.34,0.0,31.8,243.0,73.0,5.1,0.0,1.1,80.0,31.0,569.0,1.2,0.33,0.0,0.05,ALA,0.0,11900.0,0.0
456,506.0,8.6,0.0,5.8,28.5,0.0,28.5,0.0,20.8,36.3,25.9,3.2,0.35,0.0,10.2,0.0,61.0,0.0,0.053,0.0,0.35,0.057,1.3,0.16,76.0,0.0,0.0,0.0,3.0,184.0,213.0,3.0,0.0,2.2,183.0,16.0,350.0,2.9,1.0,1.6,0.04,ALA,0.0,1300.0,0.0
457,65.6,86.1,0.0,2.2,9.7,7.9,1.8,0.0,0.0,2.0,0.0,0.0,0.0,0.0,135.0,0.0,810.0,0.0,0.0,0.0,0.07,0.0,0.0,0.0,0.0,0.0,0.0,0.0,45.0,310.0,39.0,0.0,0.0,0.9,53.0,3.0,330.0,0.0,0.0,0.0,0.2,ALA,0.0,8000.0,0.0
458,309.0,7.2,0.0,11.0,21.6,17.5,4.1,0.0,42.8,10.3,2.7,0.67,5.3,0.0,690.0,0.0,4142.0,0.0,18.9,622.0,0.34,0.32,6.2,1.2,274.0,0.0,0.0,0.0,50.0,1576.0,200.0,44.0,0.0,4.4,270.0,15.0,1669.0,4.7,0.94,5.9,0.0,N/A,0.0,0.0,0.0
459,59.0,83.6,0.0,4.4,7.4,0.46,6.9,0.0,4.3,0.36,0.043,0.0072,0.19,0.0,867.0,0.0,5200.0,0.0,3.7,421.0,0.14,0.3,2.5,0.2,149.0,0.0,0.0,0.4,161.0,179.0,87.0,3.6,3.4,0.74,43.0,37.0,811.0,0.76,0.14,1.4,0.06,ALA,0.0,1100.0,0.0
460,357.0,9.5,0.0,14.8,34.8,0.0,34.8,0.0,20.9,13.0,2.0,1.1,8.2,0.0,6042.0,0.0,36250.0,0.0,0.69,80.3,0.65,1.7,18.4,4.0,0.0,0.0,1.8,0.0,0.0,180.0,350.0,23.6,0.0,4.1,190.0,34.0,2340.0,0.8,0.61,4.0,0.06,ALA,0.0,1100.0,0.0
461,283.0,17.3,0.0,10.4,42.4,0.0,42.4,0.0,26.2,2.1,0.62,0.79,0.64,0.0,0.0,0.0,0.0,0.0,2.5,0.0,0.02,0.13,0.2,0.1,0.0,0.0,0.0,0.0,0.0,270.0,180.0,14.3,0.0,1.1,90.0,5.0,73.0,4.5,1.1,3.0,0.0,N/A,0.0,0.0,0.0
462,280.0,16.7,0.0,10.9,38.3,0.0,38.3,0.0,26.5,3.3,0.98,1.0,1.1,0.0,19.2,0.0,115.0,0.0,1.0,0.0,0.11,0.24,1.1,0.34,0.0,0.0,0.0,0.0,0.0,430.0,170.0,11.2,0.0,1.4,190.0,44.0,1260.0,6.5,1.1,3.0,0.03,ALA,0.0,780.0,0.0
463,0.0,0.2,0.0,0.0,0.0,0.0,0.0,0.0,0.0,0.0,0.0,0.0,0.0,0.0,0.0,0.0,0.0,0.0,0.0,0.0,0.0,0.0,0.0,0.0,0.0,0.0,0.0,0.0,0.0,29.0,8.0,0.2,44.0,0.1,290.0,38850.0,0.0,0.1,0.1,0.1,0.0,N/A,0.0,0.0,0.0
464,0.0,0.2,0.0,0.0,0.0,0.0,0.0,0.0,0.0,0.0,0.0,0.0,0.0,0.0,0.0,0.0,0.0,0.0,0.0,0.0,0.0,0.0,0.0,0.0,0.0,0.0,0.0,0.0,0.0,29.0,8.0,0.2,44.0,0.1,290.0,38850.0,0.0,0.1,0.1,0.1,0.0,N/A,0.0,0.0,0.0
465,0.0,0.2,0.0,0.0,0.0,0.0,0.0,0.0,0.0,0.0,0.0,0.0,0.0,0.0,0.0,0.0,0.0,0.0,0.0,0.0,0.0,0.0,0.0,0.0,0.0,0.0,0.0,0.0,0.0,29.0,8.0,0.2,44.0,0.1,290.0,12900.0,0.0,0.1,0.1,0.1,0.0,N/A,0.0,0.0,0.0
466,0.0,0.2,0.0,0.0,0.0,0.0,0.0,0.0,0.0,0.0,0.0,0.0,0.0,0.0,0.0,0.0,0.0,0.0,0.0,0.0,0.0,0.0,0.0,0.0,0.0,0.0,0.0,0.0,0.0,29.0,8.0,0.2,6000.0,0.1,290.0,38850.0,0.0,0.1,0.1,0.1,0.0,N/A,0.0,0.0,0.0
467,0.0,0.2,0.0,0.0,0.0,0.0,0.0,0.0,0.0,0.0,0.0,0.0,0.0,0.0,0.0,0.0,0.0,0.0,0.0,0.0,0.0,0.0,0.0,0.0,0.0,0.0,0.0,0.0,0.0,29.0,8.0,0.2,6000.0,0.1,290.0,38850.0,0.0,0.1,0.1,0.1,0.0,N/A,0.0,0.0,0.0
468,443.0,1.7,0.0,17.6,50.0,0.0,0.0,0.0,14.6,15.9,0.59,9.8,3.2,0.0,16.0,0.0,0.0,0.0,0.0,0.0,0.34,0.29,3.1,0.65,10.0,0.0,0.8,0.0,21.0,646.0,440.0,37.0,0.0,5.3,170.0,16.0,1441.0,2.3,0.91,5.0,0.05,ALA,0.0,3000.0,0.0
469,369.0,7.8,0.0,9.1,57.1,0.0,0.0,0.0,18.6,7.4,0.0,0.0,0.0,0.0,380.0,0.0,2281.0,0.0,0.0,0.0,0.51,0.4,4.9,0.0,0.0,0.0,0.0,0.0,0.0,1890.0,201.0,124.0,0.0,0.0,220.0,55.0,814.0,0.0,0.0,0.0,0.05,ALA,0.0,3000.0,0.0
470,51.6,87.2,0.0,0.06,12.7,0.0,12.7,0.0,0.0,0.06,0.01,0.01,0.004,0.0,0.0,0.0,0.0,0.0,0.0,0.0,0.011,0.095,0.43,0.026,0.0,0.0,0.035,0.0,0.0,11.0,6.0,0.12,0.0,0.11,12.0,9.0,148.0,0.23,0.072,0.0,0.02,ALA,0.0,500.0,0.0
471,4.0,99.0,0.0,0.4,0.6,0.0,0.6,0.0,0.0,0.0,0.0,0.0,0.0,0.0,0.0,0.0,0.0,0.0,0.0,0.0,0.0,0.0,0.0,0.0,0.0,0.0,0.0,0.0,0.0,15.0,32.0,0.5,0.0,0.1,22.0,20.0,89.0,0.24,0.04,1.0,0.0,N/A,0.0,20.0,0.0
472,70.0,76.5,0.0,0.49,17.0,3.0,15.0,14.4,0.0,0.0,0.0,0.0,0.0,0.0,0.0,0.0,0.0,0.0,0.0,0.0,0.0,0.0,0.0,0.0,0.0,0.0,0.0,0.0,0.0,27.0,19.0,0.72,0.0,0.08,12.0,23.0,112.0,0.0,0.0,0.0,0.0,N/A,0.0,20.0,0.0
473,2.4,99.0,0.0,0.4,0.2,0.0,0.2,0.0,0.0,0.0,0.0,0.0,0.0,0.0,0.0,0.0,0.0,0.0,0.0,0.0,0.0,0.0,0.0,0.0,0.0,0.0,0.0,0.0,0.0,15.0,32.0,0.5,0.0,0.1,22.0,20.0,89.0,0.0,0.0,1.0,0.0,N/A,0.0,0.0,0.0
474,4.0,97.0,0.0,0.4,0.6,0.0,0.0,0.0,0.0,0.0,0.0,0.0,0.0,0.0,0.0,0.0,0.0,0.0,0.0,0.0,0.0,0.0,0.0,0.0,0.0,0.0,0.0,0.0,0.0,6.0,8.0,0.45,0.0,0.03,4.0,8.0,39.0,0.0,0.0,0.0,0.0,N/A,0.0,0.0,0.0
475,796.0,9.7,0.0,0.5,2.8,2.5,0.3,0.3,0.1,86.9,12.6,61.7,8.7,0.0,0.0,0.0,0.0,0.0,10.5,80.3,0.02,0.0,0.03,0.04,1.0,0.0,0.5,0.0,0.0,2.0,16.0,0.1,32.0,0.1,7.0,565.0,52.0,0.046,0.33,0.2,0.5,ALA,0.1,0.0,0.0
476,338.0,15.6,0.0,84.4,0.0,0.0,0.0,0.0,0.0,0.0,0.0,0.0,0.0,0.0,0.0,0.0,0.0,0.0,0.0,0.0,0.0,0.0,0.1,0.0,0.0,0.0,0.0,0.0,0.0,11.0,0.0,0.0,6.0,0.2,11.0,32.0,22.0,0.0,0.05,0.0,0.0,N/A,0.0,0.0,0.0
477,117.0,66.4,0.0,2.0,26.0,1.2,24.8,21.1,0.9,0.4,0.061,0.072,0.18,0.0,52.7,0.0,316.0,0.0,1.5,0.0,0.06,0.06,1.2,0.16,10.0,0.0,0.2,0.0,15.0,19.0,40.0,0.9,0.0,0.1,19.0,952.0,480.0,0.13,0.2,0.8,0.1,ALA,0.0,15.0,0.0
478,709.0,16.3,0.0,1.3,5.8,3.0,2.7,1.5,0.0,75.6,11.4,18.2,42.4,100.0,6.3,5.0,8.0,0.25,15.5,81.0,0.02,0.05,1.0,0.1,10.0,0.48,0.46,0.0,0.0,12.0,48.0,0.4,35.0,0.1,4.0,364.0,18.0,0.0,0.02,0.0,0.0,N/A,0.0,0.0,0.0
479,272.0,64.5,0.0,0.7,8.8,6.5,2.3,1.3,0.0,26.0,4.3,6.9,15.7,50.0,8.0,5.0,0.0,0.0,14.0,81.0,0.02,0.05,0.24,0.1,10.0,0.48,0.46,0.0,0.0,10.0,1.0,0.3,35.0,0.1,10.0,0.0,10.0,0.0,0.02,0.0,0.0,N/A,0.0,0.0,0.0
480,125.0,74.9,0.0,7.1,5.0,2.5,2.5,2.5,1.3,8.2,0.5,5.8,1.6,0.0,10.8,0.0,65.0,0.0,0.01,0.0,0.051,0.025,2.9,0.01,18.0,0.0,0.34,0.0,52.5,70.0,190.0,2.9,0.0,1.0,82.0,2950.0,200.0,0.7,0.19,36.0,0.1,ALA,0.0,15.0,0.0
481,121.0,71.2,0.0,0.48,24.0,3.2,20.8,20.8,0.8,2.4,0.37,0.7,1.2,0.0,0.0,0.0,0.0,0.0,0.0,0.0,0.027,0.015,0.2,0.044,2.0,0.0,0.051,0.0,0.0,18.0,9.0,0.85,0.53,0.08,7.0,353.0,66.0,0.29,0.048,0.0,0.0,N/A,0.0,0.0,0.0
482,78.2,86.7,0.0,1.5,6.8,3.1,3.7,3.7,0.0,5.0,1.5,2.4,0.98,0.0,29.8,0.0,179.0,0.0,0.0,0.0,0.0,0.03,0.3,0.02,0.0,0.0,0.0,0.0,0.0,30.0,31.0,1.1,0.0,0.2,18.0,980.0,180.0,0.2,0.05,0.0,0.0,N/A,0.0,0.0,0.0
483,71.0,81.5,0.0,1.8,11.6,3.3,8.3,6.3,0.6,1.8,0.0,0.46,1.1,0.0,86.7,0.0,520.0,0.0,6.6,0.1,0.03,0.02,1.2,0.08,3.0,0.0,0.3,0.0,7.0,19.0,20.0,0.9,0.0,0.2,19.0,810.0,170.0,0.3,0.2,1.3,0.0,N/A,0.0,0.0,0.0
484,153.0,74.5,0.0,4.1,10.8,6.4,4.4,0.0,0.3,10.3,4.4,3.5,1.8,26.0,128.0,115.0,77.0,0.62,0.71,0.77,0.05,0.18,0.96,0.06,4.0,0.4,0.32,2.1,0.0,130.0,110.0,0.2,19.0,0.4,15.0,400.0,160.0,0.0,0.01,1.0,0.0,N/A,0.0,0.0,0.0
485,163.0,72.6,0.0,8.0,7.2,2.6,4.6,3.7,1.1,11.1,3.1,4.7,2.6,25.0,213.0,0.0,1275.0,0.0,1.9,5.5,0.07,0.11,3.2,0.16,7.0,0.8,0.33,1.0,4.0,23.0,79.0,1.4,4.0,1.7,14.0,430.0,310.0,0.1,0.11,2.0,0.0,N/A,0.0,0.0,0.0
486,186.0,70.1,0.0,2.0,12.3,3.3,9.0,7.7,1.3,14.3,1.7,0.0,0.0,3.0,0.0,0.0,0.0,0.0,0.0,0.0,0.0,0.0,0.0,0.0,0.0,0.0,0.0,0.0,4.4,47.0,0.0,1.6,0.0,0.0,0.0,628.0,0.0,0.0,0.0,0.0,0.0,N/A,0.0,0.0,0.0
487,307.0,60.6,0.0,7.5,2.0,0.0,2.0,2.0,0.0,29.9,17.6,9.9,1.2,97.0,190.0,168.0,134.0,0.33,0.5,21.6,0.17,0.13,0.96,0.09,1.0,0.3,0.0,0.0,0.0,35.0,78.0,0.3,5.3,0.7,9.0,185.0,133.0,0.1,0.1,3.0,0.0,N/A,0.0,0.0,0.0
488,543.0,34.3,0.0,2.2,3.3,0.5,2.8,2.7,0.0,57.9,8.8,13.5,32.9,39.0,9.0,9.0,2.0,0.1,4.7,0.0,0.01,0.01,0.04,0.025,2.0,0.03,0.0,0.0,0.3,48.0,19.0,1.1,0.0,0.11,2.0,1209.0,29.0,0.0,0.0,1.6,0.0,N/A,0.0,0.0,0.0
489,111.0,77.0,0.0,5.3,8.4,4.0,4.4,4.4,0.5,6.1,2.6,1.7,1.2,29.0,67.0,60.8,37.0,0.09,0.29,11.5,0.04,0.23,1.4,0.07,5.0,0.5,0.3,0.0,1.0,160.0,170.0,0.1,14.8,0.6,14.0,460.0,170.0,0.01,0.0,3.2,0.0,N/A,0.0,0.0,0.0
490,65.7,76.6,0.0,8.7,6.7,3.8,2.9,2.9,1.6,0.1,0.011,0.017,0.044,0.0,0.0,0.0,0.0,0.0,0.0,0.0,0.05,0.13,4.8,0.2,11.0,0.0,0.32,0.0,0.0,19.0,210.0,2.7,0.0,0.2,43.0,5720.0,360.0,0.0,0.1,0.8,0.01,ALA,0.0,25.0,0.0
491,289.0,64.7,0.0,2.7,0.6,0.0,0.6,0.6,0.0,30.6,19.0,9.2,1.2,200.0,602.0,510.0,550.0,0.86,14.0,21.6,0.03,0.06,0.96,0.0,64.0,0.89,0.0,0.0,6.0,41.0,99.0,0.7,5.3,0.8,6.0,400.0,45.0,0.1,0.1,3.0,0.0,N/A,0.0,0.0,0.0
492,78.0,78.5,0.0,0.0,19.5,9.4,10.0,10.0,0.0,0.0,0.0,0.0,0.0,0.0,5.0,1.0,47.0,0.0,0.08,0.0,0.07,0.13,0.7,0.0,8.0,0.0,0.0,0.0,13.0,107.0,60.0,5.3,0.0,0.19,13.0,980.0,800.0,0.0,0.0,0.5,0.1,ALA,0.0,15.0,0.0
493,0.0,0.0,0.0,0.0,0.0,0.0,0.0,0.0,0.0,0.6,0.3,0.29,0.0,0.1,0.2,0.3,2.2,0.01,0.043,0.6,399.0,0.2,0.0,0.0,99.8,0.0,99.8,99.8,0.0,0.0,0.0,0.0,0.0,0.0,0.0,0.0,0.0,0.0,0.0,0.0,0.0,N/A,0.0,0.0,0.0
494,0.008,0.007,1.0,0.02,1.0,0.0,0.11,0.0,0.0,85.0,24.0,1.9,0.0,0.1,22.0,40.0,320.0,0.32,0.3,1.2,390.0,2.4,0.0,0.0,97.6,0.0,97.6,97.6,0.0,0.0,0.0,0.0,0.0,0.0,0.0,0.0,0.0,0.0,0.0,0.0,0.0,N/A,0.0,0.0,0.0
495,0.0,0.0,0.0,0.0,0.0,0.0,0.0,0.0,0.0,0.1,0.1,0.07,5.0,0.01,0.0,0.1,0.3,0.0,0.0,0.5,399.0,0.2,0.0,0.0,99.8,0.0,99.8,99.8,0.0,0.0,0.0,0.0,0.0,0.0,0.0,0.0,0.0,0.0,0.0,0.0,0.0,N/A,0.0,0.0,0.0
496,0.0,0.0,0.0,0.0,0.0,0.0,0.0,0.0,0.0,6.0,4.0,0.05,0.0,0.13,4.0,27.0,28.0,0.0,0.0,0.6,268.0,32.4,0.0,0.0,66.9,20.4,46.6,46.6,0.0,0.0,0.0,0.0,0.0,0.0,0.0,0.0,0.0,0.0,0.0,0.0,0.0,N/A,0.0,0.0,0.0
497,0.02,0.02,0.0,0.0,0.0,0.0,0.0,0.0,4.0,10.0,10.0,0.2,0.0,0.0,0.0,12.0,69.0,0.0,0.0,2.0,261.0,34.8,0.0,0.2,65.0,0.0,64.0,64.0,0.0,0.0,0.0,0.0,0.0,0.0,0.5,0.0,3.0,0.0,0.0,0.0,0.0,N/A,0.0,5.0,0.0
498,0.0,0.01,0.0,0.0,0.0,0.0,0.0,0.0,0.0,74.0,2.0,2.5,5.0,0.1,34.0,50.0,220.0,0.0,0.0,1.0,297.0,25.8,0.0,0.1,74.1,0.0,74.1,74.1,0.0,0.0,0.0,0.0,0.0,0.0,0.0,0.0,0.0,0.0,0.0,0.0,0.0,N/A,0.0,0.0,0.0
499,0.003,0.05,0.28,0.16,5.0,0.0,0.07,0.0,2.4,5.9,4.9,1.3,0.5,0.35,1.7,2.4,45.0,0.03,0.09,4.7,302.0,24.5,0.0,0.38,75.1,0.0,75.1,75.1,0.0,0.0,0.0,0.0,0.0,0.0,0.0,0.0,0.0,0.0,0.0,25.0,0.0,N/A,0.0,5.0,0.0
500,0.076,0.12,1.2,0.01,107.0,0.0,0.82,0.0,0.5,140.0,690.0,48.5,3.1,6.4,500.0,45.0,3900.0,4.1,3.9,16.7,387.0,15.9,0.0,22.4,11.6,8.5,0.9,0.0,29.5,20.6,12.4,6.7,0.62,0.0,0.0,0.0,0.0,2.7,0.61,3.9,0.01,ALA,0.0,1200.0,0.0
501,0.1,0.56,3.1,0.11,15.0,1.3,0.89,20.0,1.8,141.0,315.0,1.2,3.1,1.5,83.0,504.0,712.0,0.27,0.29,5.0,391.0,1.5,0.0,5.9,81.0,6.7,74.3,73.4,3.5,4.0,2.5,1.3,0.12,6.0,1.0,1.0,0.0,0.0,0.53,0.8,0.01,ALA,0.0,400.0,0.0
502,0.27,1.4,1.1,0.32,15.0,1.6,3.8,0.0,1.8,576.0,893.0,5.0,3.1,3.4,208.0,1121.0,2702.0,0.67,0.73,16.7,358.0,3.4,0.0,16.1,63.4,18.5,44.9,44.0,6.4,3.0,1.8,0.98,0.089,6.0,1.0,0.0,0.0,0.0,0.43,9.1,0.01,ALA,0.0,400.0,0.0
503,0.08,0.49,5.4,0.07,10.0,0.0,0.59,2.0,0.0,270.0,230.0,0.2,6.0,0.9,26.0,110.0,350.0,0.24,0.45,3.0,547.0,1.5,0.0,8.0,58.8,0.0,58.8,58.8,0.8,30.9,18.2,9.9,1.1,23.0,26.0,13.0,75.0,0.0,1.1,5.7,0.0,N/A,0.1,0.0,0.0
504,0.11,0.37,2.2,0.11,10.0,0.0,0.9,3.0,0.0,247.0,261.0,1.7,5.5,1.7,71.0,58.0,465.0,0.24,0.45,3.0,538.0,2.9,0.0,9.2,54.1,0.0,54.1,54.1,0.8,31.5,19.0,10.2,1.1,28.0,33.2,31.0,13.0,0.0,0.7,5.7,0.01,ALA,0.1,150.0,0.0
505,0.07,0.44,2.6,0.05,13.0,0.0,0.43,0.0,0.0,195.0,243.0,1.2,12.0,1.7,85.7,62.0,365.0,0.62,0.42,4.0,558.0,1.8,0.0,8.7,51.5,0.0,51.5,51.5,1.4,34.9,17.5,13.5,2.3,25.0,52.0,52.0,0.0,0.0,3.0,5.1,0.0,N/A,0.0,0.0,0.0
506,0.06,0.04,2.1,0.02,10.0,0.0,0.9,0.0,0.0,141.0,190.0,2.4,3.1,1.9,150.0,250.0,410.0,0.27,1.1,5.0,405.0,3.5,0.0,5.5,79.4,13.7,65.7,65.7,5.8,6.0,3.5,2.0,0.2,0.0,1.0,1.0,0.0,0.0,0.18,0.8,0.01,ALA,0.1,250.0,0.0
507,0.04,0.13,1.2,0.05,10.0,0.0,0.35,0.01,0.0,63.0,287.0,0.92,5.5,1.4,100.0,19.0,397.0,0.063,1.4,2.3,509.0,2.7,0.0,5.3,47.0,3.8,43.2,43.2,15.0,30.0,17.9,9.7,0.95,9.0,3.8,0.0,23.0,0.0,0.85,5.7,0.02,ALA,0.0,900.0,0.0
508,0.03,0.01,2.0,0.1,11.0,0.0,0.46,0.0,0.0,130.0,180.0,2.2,12.0,1.0,65.0,50.0,390.0,1.1,0.48,3.8,555.0,1.9,0.0,6.2,57.8,1.8,56.0,51.5,1.1,33.0,10.1,16.8,4.6,2.0,0.17,0.0,1.0,0.0,3.0,5.1,0.02,ALA,0.3,120.0,0.0
509,513.0,1.2,0.0,9.4,60.5,3.5,53.5,49.5,2.7,25.4,9.8,12.0,2.5,7.5,103.0,103.0,0.0,0.04,2.9,0.0,0.06,0.22,0.1,0.05,5.4,0.54,0.0,0.0,1.2,112.0,230.0,1.6,7.2,4.1,146.0,65.0,117.0,0.0,0.0,1.0,0.01,ALA,0.2,80.0,0.0
510,321.0,26.6,0.0,5.2,62.0,0.6,61.3,61.3,0.7,5.6,4.2,1.0,0.14,12.0,74.0,73.0,14.0,0.15,0.2,1.3,0.016,0.41,0.21,0.016,11.0,0.31,0.0,0.0,2.6,215.0,193.0,0.17,0.0,0.79,22.0,52.0,157.0,0.0,0.0,0.0,0.0,N/A,0.1,0.0,0.0
511,503.0,2.4,0.0,8.0,58.7,9.7,49.0,49.0,6.0,24.9,2.0,17.1,4.7,53.3,14.0,14.0,0.0,0.1,10.8,1.5,0.1,0.45,3.2,0.06,25.0,0.2,0.35,2.0,2.0,43.0,220.0,2.0,5.0,1.5,120.0,5.0,209.0,0.8,0.08,3.0,0.0,N/A,0.1,0.0,0.0
512,416.0,1.2,5.4,0.0,91.6,0.0,91.6,91.6,0.0,1.3,0.0,0.0,0.0,0.0,0.0,0.0,0.0,0.0,0.0,0.0,0.0,0.25,0.1,0.0,0.0,0.0,0.0,0.0,0.0,5.0,22.0,0.2,0.0,0.0,5.0,100.0,90.0,0.0,0.0,0.0,0.0,N/A,0.1,0.0,0.0
513,427.0,13.4,0.0,10.0,42.9,27.5,15.4,12.3,12.5,21.2,10.2,7.6,1.3,0.0,0.0,0.0,0.0,0.0,0.0,4.0,1.3,1.4,2.4,1.7,19.0,0.0,0.49,0.0,0.0,333.0,133.0,15.0,0.0,12.5,28.0,300.0,90.0,0.78,0.3,7.3,0.05,ALA,1.5,10.0,0.0
514,476.0,5.2,0.0,6.2,64.0,32.0,32.0,28.9,3.3,21.0,10.3,7.7,1.8,88.0,18.0,18.0,0.0,2.2,2.3,4.0,0.12,0.08,2.2,0.07,5.0,0.0,0.49,0.0,0.0,78.0,82.0,1.3,0.0,0.7,23.0,216.0,139.0,0.17,0.2,8.4,0.0,N/A,0.0,0.0,0.0
515,469.0,5.8,0.0,6.3,63.0,50.0,13.0,9.9,4.6,20.3,9.0,8.3,2.0,41.0,0.0,0.0,0.0,0.0,0.0,4.0,0.14,0.11,2.4,0.09,13.0,0.0,0.49,0.0,0.0,92.0,88.0,3.2,0.0,0.5,23.0,285.0,170.0,0.5,0.28,7.3,0.04,ALA,1.2,15.0,0.0
516,501.0,4.3,0.0,6.8,62.6,34.9,27.8,24.7,3.1,24.1,12.2,8.9,1.6,51.0,0.0,0.0,0.0,0.0,1.1,4.0,0.08,0.11,2.7,0.08,11.0,0.0,0.17,0.0,0.0,84.0,130.0,2.1,0.0,1.0,41.0,285.0,210.0,0.36,0.24,2.4,0.0,N/A,0.0,0.0,0.0
517,482.0,1.8,0.0,7.1,69.0,44.2,24.8,22.8,3.1,19.0,9.7,5.7,2.5,65.9,0.0,0.0,0.0,0.0,0.0,4.0,0.1,0.08,2.1,0.08,8.0,0.0,0.49,2.0,0.0,118.0,90.0,2.0,0.0,0.59,25.0,212.0,110.0,0.5,0.28,7.3,0.03,ALA,1.8,5.0,0.0
518,447.0,8.8,0.0,2.9,67.7,25.6,41.2,38.0,2.9,17.7,5.9,5.9,2.9,0.0,0.0,0.0,0.0,0.0,0.0,0.0,0.0,0.0,0.0,0.0,0.0,0.0,0.0,0.0,0.0,0.0,0.0,3.2,0.0,0.0,0.0,471.0,162.0,0.0,0.0,0.0,0.0,N/A,0.0,0.0,0.0
519,382.0,4.6,0.0,0.4,95.0,0.0,95.0,95.0,0.0,0.0,0.0,0.0,0.0,0.0,0.0,0.0,0.0,0.0,0.0,0.0,0.0,0.0,0.0,0.0,0.0,0.0,0.01,0.0,0.0,4.0,8.0,0.4,0.0,0.2,3.0,41.0,23.0,0.0,0.0,2.6,0.0,N/A,0.0,0.0,0.0
520,390.0,3.0,0.0,0.0,96.7,0.0,96.7,96.7,0.0,0.3,0.042,0.079,0.14,0.0,0.0,0.0,0.0,0.0,0.0,0.0,0.0,0.0,0.0,0.0,0.0,0.0,0.01,0.0,0.0,0.0,0.0,0.0,0.0,0.0,0.0,6.0,4.0,0.0,0.0,0.6,0.0,N/A,0.0,0.0,0.0
521,2.7,3.0,0.0,0.0,0.0,0.0,0.0,0.0,0.0,0.3,0.042,0.079,0.14,0.0,0.0,0.0,0.0,0.0,0.0,0.0,0.0,0.0,0.0,0.0,0.0,0.0,0.01,0.0,0.0,0.0,0.0,0.0,0.0,0.0,0.0,6.0,4.0,0.0,0.0,0.6,0.0,N/A,0.0,0.0,0.0
522,134.0,68.2,0.0,1.0,29.5,0.0,29.5,29.5,0.0,1.3,0.9,0.0,0.0,0.0,0.0,0.0,0.0,0.0,0.1,0.0,0.05,0.22,0.8,0.05,12.0,0.4,0.4,2.8,0.0,29.0,109.0,0.2,0.0,0.4,5.0,24.0,64.0,0.0,0.009,0.0,0.0,N/A,0.0,0.0,0.0
523,466.0,7.3,0.0,6.2,64.0,55.0,9.0,8.9,2.5,20.0,1.9,4.3,3.3,0.0,0.0,0.0,0.0,0.0,0.5,4.0,0.11,0.1,0.9,0.1,10.0,0.0,0.49,0.0,0.0,68.0,150.0,1.0,0.0,0.6,30.0,1000.0,165.0,0.5,0.28,7.3,0.02,ALA,1.0,0.0,0.0
524,28.4,92.9,0.0,0.0,7.1,0.0,7.1,7.1,0.0,0.0,0.0,0.0,0.0,0.0,0.06,32.0,0.0,0.0,0.6,0.0,0.09,0.12,1.2,0.13,0.03,0.0,0.0,0.0,10.0,1.0,3.0,0.0,0.0,0.0,12.0,70.0,18.0,0.0,0.0,0.0,0.0,N/A,0.0,0.0,0.0
525,0.0,100.0,0.0,0.0,0.0,0.0,0.0,0.0,0.0,0.0,0.0,0.0,0.0,0.0,0.0,0.0,0.0,0.0,0.0,0.0,0.0,0.0,0.0,0.0,0.0,0.0,0.0,0.0,0.0,3.0,0.0,0.0,0.0,0.0,1.0,111.0,5.0,0.0,0.0,0.0,0.0,N/A,0.0,0.0,0.0
526,0.0,100.0,0.0,0.0,0.0,0.0,0.0,0.0,0.0,0.0,0.0,0.0,0.0,0.0,0.0,0.0,0.0,0.0,0.0,0.0,0.0,0.0,0.0,0.0,0.0,0.0,0.0,0.0,0.0,0.0,0.0,0.0,0.0,0.0,0.0,0.0,0.0,0.0,0.0,0.0,0.0,N/A,0.0,0.0,0.0
527,0.0,100.0,0.0,0.0,0.0,0.0,0.0,0.0,0.0,0.0,0.0,0.0,0.0,0.0,0.0,0.0,0.0,0.0,0.0,0.0,0.0,0.0,0.0,0.0,0.0,0.0,0.0,0.0,0.0,6.0,0.0,0.0,0.0,0.0,1.0,0.0,0.0,0.0,0.0,0.0,0.0,N/A,0.0,0.0,0.0
528,0.0,100.0,0.0,0.0,0.0,0.0,0.0,0.0,0.0,0.0,0.0,0.0,0.0,0.0,0.0,0.0,0.0,0.0,0.0,0.0,0.0,0.0,0.0,0.0,0.0,0.0,0.0,0.0,0.0,6.0,0.0,0.0,0.0,0.0,3.0,1.0,0.3,0.0,0.0,0.0,0.0,N/A,0.0,0.0,0.0
529,42.0,89.5,0.0,0.0,10.5,0.0,10.5,10.5,0.0,0.0,0.0,0.0,0.0,0.0,0.0,0.0,0.0,0.0,0.0,0.0,0.0,0.0,0.0,0.0,0.0,0.0,0.0,0.0,0.0,4.0,15.0,0.0,0.0,0.0,1.0,8.0,1.0,0.0,0.0,0.0,0.0,N/A,0.0,5.0,0.0
530,21.6,94.6,0.0,0.0,5.4,0.0,5.4,5.4,0.0,0.0,0.0,0.0,0.0,0.0,0.0,0.0,0.0,0.0,0.0,0.0,0.0,0.0,0.0,0.0,0.0,0.0,0.0,0.0,0.0,5.0,0.0,0.0,0.0,0.0,0.0,7.0,1.0,0.001,0.01,0.0,0.0,N/A,0.0,0.0,0.0
531,0.32,99.9,0.0,0.01,0.07,0.0,0.07,0.0,0.0,0.0,0.0,0.0,0.0,0.0,0.0,0.0,0.0,0.0,0.0,0.0,0.0,0.0,0.0,0.0,0.0,0.0,0.0,0.0,0.0,4.0,0.0,0.0,1.0,8.0,0.0,1.0,15.0,0.0,0.0,0.0,0.0,N/A,0.0,0.0,0.0
532,17.0,94.6,0.0,0.5,1.9,0.0,1.9,1.5,2.8,0.2,0.02,0.02,0.06,0.0,1.7,0.0,0.0,0.0,0.8,0.0,0.02,0.02,0.25,0.04,0.0,0.0,0.0,0.0,44.0,13.0,11.0,0.2,1.5,0.11,8.0,2.0,82.0,0.0,0.0,0.4,0.0,N/A,0.0,5.0,0.0
533,36.4,90.9,0.0,0.0,9.1,0.0,9.1,9.1,0.0,0.0,0.0,0.0,0.0,0.0,0.0,0.0,0.0,0.0,0.0,0.0,0.0,0.0,0.0,0.0,0.0,0.0,0.0,0.0,0.0,3.0,36.0,0.0,0.0,0.06,1.0,21.0,19.0,0.0,0.0,0.0,0.0,N/A,0.0,0.0,0.0
534,0.0,100.0,0.0,0.0,0.0,0.0,0.0,0.0,0.0,0.0,0.0,0.0,0.0,0.0,0.0,0.0,0.0,0.0,0.0,0.0,0.0,0.0,0.0,0.0,0.0,0.0,0.0,0.0,0.0,3.0,36.0,0.0,0.0,0.06,1.0,21.0,19.0,0.0,0.0,0.0,0.0,N/A,0.0,0.0,0.0
535,43.6,89.2,0.0,0.0,10.9,0.0,10.9,10.9,0.0,0.0,0.0,0.0,0.0,0.0,0.0,0.0,0.0,0.0,0.0,0.0,0.0,0.0,0.0,0.0,0.0,0.0,0.0,0.0,0.0,4.0,15.0,0.03,0.0,0.01,1.0,8.0,1.0,0.009,0.03,0.1,0.0,N/A,0.0,0.0,0.0
536,0.4,99.9,0.0,0.0,0.1,0.0,0.1,0.1,0.0,0.0,0.0,0.0,0.0,0.0,0.0,0.0,0.0,0.0,0.0,0.0,0.0,0.0,0.0,0.0,0.0,0.0,0.0,0.0,0.0,4.0,12.0,0.03,0.0,0.03,1.0,7.0,4.0,0.009,0.01,0.1,0.0,N/A,0.0,0.0,0.0
537,43.2,89.3,0.0,0.0,10.8,0.0,10.8,10.8,0.0,0.0,0.0,0.0,0.0,0.0,0.0,0.0,0.0,0.0,0.0,0.0,0.0,0.0,0.0,0.0,0.0,0.0,0.0,0.0,0.0,3.0,12.0,0.03,0.0,0.01,1.0,4.0,1.0,0.018,0.011,0.1,0.0,N/A,0.0,0.0,0.0
538,0.8,99.8,0.0,0.1,0.1,0.0,0.1,0.1,0.0,0.0,0.0,0.0,0.0,0.0,0.0,0.0,0.0,0.0,0.0,0.0,0.005,0.023,0.0,0.0,0.0,0.0,0.0,0.0,0.0,4.0,9.0,0.03,0.0,0.08,1.0,6.0,0.0,0.035,0.011,0.1,0.0,N/A,0.0,0.0,0.0
539,45.6,88.6,0.0,0.0,11.4,0.0,11.4,11.4,0.0,0.0,0.0,0.0,0.0,0.0,0.0,0.0,0.0,0.0,0.0,0.0,0.0,0.02,0.0,0.0,0.0,0.0,0.0,0.0,0.0,2.0,0.0,0.06,0.0,0.0,1.0,5.0,1.0,0.013,0.015,0.0,0.0,N/A,0.0,0.0,0.0
540,42.0,89.5,0.0,0.0,10.5,0.0,10.5,10.5,0.0,0.0,0.0,0.0,0.0,0.0,0.0,0.0,0.0,0.0,0.0,0.0,0.0,0.0,0.0,0.0,1.0,0.0,0.0,0.0,1.0,1.0,0.0,0.0,0.0,0.0,1.0,5.0,10.0,0.013,0.015,0.0,0.0,N/A,0.0,0.0,0.0
541,35.2,91.2,0.0,0.0,8.8,0.0,8.8,8.8,0.0,0.0,0.0,0.0,0.0,0.0,0.0,0.0,0.0,0.0,0.0,0.0,0.0,0.0,0.0,0.0,0.0,0.0,0.0,0.0,0.0,1.0,0.0,0.01,0.0,0.0,0.0,4.0,0.0,0.001,0.006,0.0,0.0,N/A,0.0,0.0,0.0
542,36.8,90.8,0.0,0.0,9.2,0.0,9.2,9.2,0.0,0.0,0.0,0.0,0.0,0.0,0.0,0.0,0.0,0.0,0.01,0.0,0.01,0.02,0.0,0.0,0.0,0.0,0.0,0.0,0.0,3.0,0.0,0.0,0.0,0.0,0.0,3.0,0.0,0.001,0.006,0.0,0.0,N/A,0.0,0.0,0.0
543,10.6,95.2,0.0,0.5,2.4,0.0,2.4,0.0,1.3,0.6,0.2,0.0,0.3,0.0,20.0,0.0,120.0,0.0,0.1,10.0,0.058,0.034,0.3,0.01,14.0,0.0,0.42,4.8,5.0,21.0,26.0,0.4,3.0,0.2,6.0,4.3,170.0,0.3,0.05,0.1,0.0,N/A,0.0,200.0,0.0
544,396.0,13.3,0.0,10.6,60.8,10.1,50.7,44.0,3.9,11.4,7.0,3.3,0.5,0.0,0.0,0.0,0.0,0.0,0.0,0.0,0.0,0.0,0.0,0.0,0.0,0.0,0.0,0.0,0.0,317.0,0.0,0.0,0.0,0.0,0.0,400.0,0.0,0.0,0.0,0.0,0.0,N/A,0.0,0.0,0.0
545,315.0,4.3,0.0,13.5,6.7,0.0,6.7,0.0,58.2,13.1,5.2,1.1,5.1,0.0,1.0,0.0,6.0,0.0,2.7,10.0,0.07,0.18,13.0,0.14,22.0,0.0,0.23,0.0,0.0,146.0,192.0,17.0,3.3,0.71,201.0,12.0,1653.0,0.027,1.7,4.9,0.0,N/A,0.0,0.0,0.0
546,228.0,3.2,0.0,13.9,42.6,17.4,25.2,18.5,0.0,0.22,0.1,0.02,0.09,0.0,0.0,0.0,0.0,0.0,0.0,1.9,0.008,1.4,28.6,0.029,0.0,0.0,0.097,0.0,0.0,160.0,286.0,3.8,0.0,0.11,311.0,23.0,3501.0,1.2,0.069,17.3,0.0,N/A,0.0,0.0,0.0
547,12.2,96.3,0.0,0.52,0.25,0.0,0.25,0.0,2.3,0.5,0.19,0.042,0.19,0.0,0.0,0.0,0.0,0.0,0.1,0.38,0.0027,0.0069,0.5,0.0054,0.85,0.0,0.0088,0.0,0.0,5.6,7.3,0.65,0.13,0.027,7.7,0.46,63.7,0.001,0.065,0.19,0.0,N/A,0.0,0.0,0.0
548,315.0,4.3,0.0,13.5,6.7,0.0,6.7,0.0,58.2,13.1,5.2,1.1,5.1,0.0,1.0,0.0,6.0,0.0,2.7,10.0,0.07,0.18,13.0,0.14,22.0,0.0,0.23,0.0,0.0,146.0,192.0,17.0,3.3,0.71,201.0,12.0,1653.0,0.027,1.7,4.9,0.0,N/A,0.0,0.0,0.0
549,227.0,3.5,0.0,14.6,41.1,16.8,24.3,17.6,0.0,0.5,0.19,0.041,0.2,0.0,0.0,0.0,0.0,0.0,0.0,1.9,0.008,0.11,24.9,0.03,3.0,0.0,0.097,0.0,0.0,160.0,350.0,4.4,0.0,0.48,390.0,41.0,4000.0,1.8,0.059,12.6,0.0,N/A,0.0,0.0,0.0
550,220.0,9.3,0.0,19.6,3.0,0.0,3.0,0.0,55.8,2.0,0.44,0.22,0.89,0.0,0.0,0.0,0.0,0.0,0.0,262.0,0.025,0.95,0.1,0.25,5.0,0.0,1.3,0.0,0.0,302.0,314.0,17.0,11.0,3.2,184.0,14.0,1640.0,0.14,2.5,5.4,0.0,N/A,0.0,200.0,0.0
551,17.2,95.4,0.0,0.7,2.6,0.0,2.6,0.0,1.1,0.2,0.76,0.008,0.002,0.0,0.0,0.0,0.0,0.0,0.0,0.0,0.03,0.057,0.08,0.032,3.0,0.0,0.0,0.0,2.4,24.0,20.0,0.29,0.5,0.1,25.0,105.0,250.0,0.0,0.0,1.0,0.0,N/A,0.0,0.0,0.0
552,24.3,95.2,0.0,0.5,3.0,0.0,3.0,3.0,0.2,1.1,0.1,0.0,0.0,0.0,0.0,0.0,0.0,0.75,1.8,0.0,0.0,0.21,0.0,0.0,0.0,0.38,0.0,0.0,0.0,120.0,0.0,0.0,0.0,0.0,0.0,130.0,0.0,0.0,0.0,0.0,0.1,ALA,0.0,15.0,0.0
553,45.0,90.3,0.0,1.2,7.1,0.0,3.3,3.3,0.39,1.0,0.12,0.45,0.4,0.0,0.0,0.0,0.0,0.75,0.0,0.0,0.0,0.21,0.0,0.0,0.0,0.38,0.0,0.0,0.0,120.0,0.0,0.0,0.0,0.0,0.0,48.0,0.0,0.0,0.0,0.0,0.0,N/A,0.0,0.0,0.0
554,46.7,89.6,0.0,1.0,8.7,5.6,3.1,3.1,0.8,0.7,0.1,0.4,0.2,0.0,0.0,0.0,31.1,0.0,0.4,0.0,0.03,0.01,0.4,0.01,4.6,0.0,0.0,0.0,0.0,7.0,43.0,0.6,0.0,0.5,13.4,50.0,41.0,0.0,0.0,0.9,0.0,N/A,0.0,0.0,0.0
555,97.3,79.0,0.0,1.2,17.0,3.1,13.9,13.9,0.1,2.7,0.4,1.9,0.3,0.0,0.0,0.0,0.0,0.0,0.0,0.0,0.02,0.0,0.13,0.0,2.0,0.0,0.0,0.0,0.03,29.0,26.0,1.2,0.0,1.0,15.0,9.0,52.0,0.0,0.0,0.0,0.02,ALA,0.0,5.0,0.0
556,48.0,89.1,0.0,0.47,9.2,3.8,5.3,0.0,0.3,0.97,0.0,0.63,0.31,0.0,62.4,0.0,374.0,1.1,0.47,0.2,0.027,0.14,0.39,0.039,2.0,0.63,0.0,0.0,0.0,118.0,56.0,0.2,0.0,0.13,11.0,39.0,27.0,0.0,0.0,0.0,0.0,N/A,0.0,0.0,0.0
557,241.0,68.4,0.0,2.3,3.3,0.0,3.3,3.3,2.2,23.8,21.1,1.0,0.26,0.0,0.0,0.0,0.0,0.0,0.15,0.1,0.026,0.0,0.76,0.033,16.0,0.0,0.18,0.0,2.6,16.0,100.0,1.6,0.0,0.67,37.0,15.0,263.0,0.92,0.27,6.2,0.0,N/A,0.0,0.0,0.0
558,54.4,86.4,0.0,0.4,13.2,0.0,13.2,9.2,0.0,0.0,0.0,0.0,0.0,0.0,16.7,0.0,100.0,0.0,0.3,0.0,0.04,0.03,0.25,0.01,5.0,0.0,0.0,0.0,15.0,15.0,10.0,0.1,0.0,0.0,8.0,3.0,120.0,0.0,0.0,0.0,0.0,N/A,0.0,0.0,0.0
559,140.0,64.9,0.0,0.9,34.2,0.0,34.2,31.0,0.0,0.0,0.0,0.0,0.0,0.0,0.0,0.0,0.0,0.0,0.0,0.0,0.0,0.004,0.3,0.01,1.0,0.0,0.0,0.0,0.0,2.0,5.0,0.0,0.0,1.0,2.0,18.0,42.0,0.0,0.0,1.0,0.0,N/A,0.0,10.0,0.0
560,43.3,89.1,0.0,0.63,9.4,0.0,9.4,0.0,0.7,0.2,0.026,0.036,0.049,0.0,2.6,0.0,15.5,0.0,0.25,0.1,0.03,0.02,0.28,0.02,18.6,0.0,0.13,1.0,30.5,10.8,13.0,0.15,2.0,0.11,10.9,1.4,150.0,0.03,0.057,1.0,0.0,N/A,0.0,0.0,0.0
561,60.8,84.8,0.0,0.3,14.9,0.0,14.9,0.0,0.0,0.0,0.0,0.0,0.0,0.0,120.0,0.0,0.0,0.0,1.5,0.0,0.0,0.0,0.0,0.0,0.0,0.0,0.0,0.0,9.0,0.0,0.0,0.0,0.0,0.0,0.0,0.0,0.0,0.0,0.0,0.0,0.0,N/A,0.0,0.0,0.0
562,42.0,89.9,0.0,0.1,9.8,1.0,8.8,0.0,0.3,0.2,0.06,0.0,0.0,0.0,35.0,0.0,0.0,0.0,1.1,0.0,0.01,0.01,0.5,0.0,0.0,0.0,0.0,0.0,13.9,9.0,22.0,0.0,0.0,0.0,0.0,1.0,18.0,0.0,0.0,0.0,0.0,N/A,0.0,0.0,0.0
563,48.9,88.0,0.0,0.063,11.9,0.0,11.9,0.0,0.01,0.11,0.019,0.005,0.036,0.0,0.0,0.0,0.0,0.0,0.01,0.1,0.02,0.025,0.12,0.05,3.1,0.0,0.055,1.0,1.4,6.9,7.0,0.26,1.0,0.12,4.2,2.2,116.0,0.12,0.059,0.1,0.0,N/A,0.0,0.0,0.0
564,47.1,88.4,0.0,0.63,10.5,0.0,10.5,0.0,0.3,0.22,0.027,0.08,0.11,0.0,39.1,0.0,229.0,0.0,0.38,1.7,0.03,0.03,0.093,0.03,3.3,0.0,0.05,0.0,8.9,8.6,17.0,0.43,0.0,0.04,6.1,8.0,241.0,0.048,0.05,0.3,0.0,N/A,0.0,0.0,0.0
565,41.4,89.6,0.0,0.38,9.7,0.0,9.7,0.0,0.2,0.08,0.005,0.009,0.028,0.0,0.5,0.0,3.0,0.0,0.03,0.3,0.05,0.02,0.2,0.1,8.0,0.0,0.07,0.0,11.0,15.0,4.5,0.29,0.0,0.081,13.0,4.6,116.0,0.7,0.064,0.1,0.0,N/A,0.0,0.0,0.0
566,43.6,89.2,0.0,0.53,10.1,0.0,10.1,0.0,0.1,0.1,0.012,0.012,0.021,0.0,0.92,0.0,5.5,0.0,0.19,0.0,0.033,0.018,0.2,0.02,8.8,0.0,0.15,0.52,36.0,9.3,13.0,0.57,1.0,0.11,8.0,1.3,149.0,0.01,0.12,0.1,0.0,N/A,0.0,0.0,0.0
567,14.1,96.4,0.0,0.63,2.6,0.0,2.6,0.0,0.3,0.06,0.008,0.009,0.024,0.0,11.4,0.0,68.1,0.0,0.35,2.3,0.04,0.03,0.58,0.92,21.9,0.0,0.2,1.5,9.4,8.6,19.0,0.29,2.0,0.06,8.3,4.8,230.0,0.1,0.12,0.6,0.0,N/A,0.0,0.0,0.0
568,68.1,83.1,0.0,0.21,16.6,0.0,16.6,0.0,0.0,0.1,0.031,0.004,0.028,0.0,0.5,0.0,3.0,0.0,0.0,0.4,0.031,0.016,0.26,0.022,1.0,0.0,0.49,1.2,0.0,13.0,12.0,0.43,0.48,0.04,8.8,2.6,148.0,0.05,0.048,0.1,0.0,N/A,0.0,45.0,0.0
569,24.2,93.7,0.0,0.63,4.8,0.0,4.8,0.0,0.8,0.1,0.02,0.004,0.05,0.0,437.0,0.0,2622.0,0.0,0.56,15.5,0.092,0.055,0.4,0.2,4.0,0.0,0.23,0.0,6.0,27.0,31.0,0.46,7.0,0.18,14.0,52.0,219.0,0.13,0.046,0.6,0.0,N/A,0.0,0.0,0.0
570,52.8,87.0,0.0,0.6,12.0,0.0,12.0,0.0,0.15,0.23,0.03,0.057,0.14,0.0,3.6,0.0,21.5,0.0,0.19,1.1,0.03,0.025,0.17,0.025,2.2,0.0,0.27,0.0,4.5,10.8,145.0,0.43,0.24,0.04,7.5,5.3,191.0,0.05,0.05,0.2,0.0,N/A,0.0,0.0,0.0
