id,id_ingrediente,id_metrica,valor_numerico
1,1.0,1,0.030684931506849315
2,2.0,1,0.018406593406593407
3,3.0,1,0.01977077363896848
4,4.0,1,0.020857142857142855
5,5.0,1,0.033144475920679886
6,6.0,1,0.030000000000000002
7,7.0,1,0.03978494623655914
8,8.0,1,0.0011516853932584269
9,9.0,1,0.021776504297994267
10,10.0,1,0.03067484662576687
11,11.0,1,0.024269005847953218
12,12.0,1,0.02903225806451613
13,13.0,1,0.03944099378881987
14,14.0,1,0.028370786516853933
15,15.0,1,0.032352941176470584
16,16.0,1,0.024855491329479767
17,17.0,1,0.030909090909090907
18,18.0,1,0.03983050847457627
19,19.0,1,0.03618233618233618
20,20.0,1,0.013602941176470588
21,21.0,1,0.01639784946236559
22,22.0,1,0.034156378600823045
23,23.0,1,0.03018867924528302
24,24.0,1,0.029304029304029304
25,25.0,1,0.02956298200514139
26,26.0,1,0.02956298200514139
27,27.0,1,0.030545454545454546
28,28.0,1,0.025806451612903226
29,29.0,1,0.03469387755102041
30,30.0,1,0.03321167883211679
31,31.0,1,0.02757201646090535
32,32.0,1,0.04208494208494209
33,33.0,1,0.033766233766233764
34,34.0,1,0.017768595041322312
35,35.0,1,0.027675276752767528
36,36.0,1,0.01946564885496183
37,37.0,1,0.02622950819672131
38,38.0,1,0.029649595687331536
39,39.0,1,0.03395225464190982
40,40.0,1,0.03565459610027855
41,41.0,1,0.033155080213903745
42,42.0,1,0.03721590909090909
43,43.0,1,0.04
44,44.0,1,0.03721590909090909
45,45.0,1,0.04519230769230769
46,46.0,1,0.06291390728476821
47,47.0,1,0.06067961165048543
48,48.0,1,0.05839416058394161
49,49.0,1,0.10073260073260074
50,50.0,1,0.00026470588235294115
51,51.0,1,0.08177083333333333
52,52.0,1,0.0774736842105263
53,53.0,1,0.0
54,54.0,1,0.06976744186046512
55,55.0,1,0.06537102473498234
56,56.0,1,0.17307692307692307
57,57.0,1,0.060000000000000005
58,58.0,1,0.06633663366336634
59,59.0,1,0.0997624703087886
60,60.0,1,0.08073394495412844
61,61.0,1,0.09187817258883249
62,62.0,1,0.06099706744868035
63,63.0,1,0.08501628664495114
64,64.0,1,0.015333333333333332
65,65.0,1,0.07429577464788732
66,66.0,1,0.08082191780821918
67,67.0,1,0.0760655737704918
68,68.0,1,0.093029490616622
69,69.0,1,0.15887850467289721
70,70.0,1,0.1264705882352941
71,71.0,1,0.014035087719298246
72,72.0,1,0.0184
73,73.0,1,0.0013089005235602095
74,74.0,1,0.031446540880503145
75,75.0,1,0.03125
76,76.0,1,0.06358381502890173
77,77.0,1,0.03470715835140998
78,78.0,1,0.001681159420289855
79,79.0,1,0.008536585365853657
80,80.0,1,0.032663316582914576
81,81.0,1,0.06896551724137931
82,82.0,1,0.09567901234567902
83,83.0,1,0.08108108108108109
84,84.0,1,0.05205479452054794
85,85.0,1,0.10106382978723404
86,86.0,1,0.11151079136690648
87,87.0,1,0.05961754780652418
88,88.0,1,0.07947019867549669
89,89.0,1,0.06481481481481481
90,90.0,1,0.03726708074534161
91,91.0,1,0.04081632653061225
92,92.0,1,0.03636363636363636
93,93.0,1,0.031496062992125984
94,94.0,1,0.06375838926174496
95,95.0,1,0.0361344537815126
96,96.0,1,0.05466970387243736
97,97.0,1,0.061855670103092786
98,98.0,1,0.060747663551401876
99,99.0,1,0.07960199004975124
100,100.0,1,0.0694980694980695
101,101.0,1,0.1090909090909091
102,102.0,1,0.0815450643776824
103,103.0,1,0.03873239436619719
104,104.0,1,0.03761755485893417
105,105.0,1,0.02702702702702703
106,106.0,1,0.03980099502487562
107,107.0,1,0.02567760342368046
108,108.0,1,0.046357615894039736
109,109.0,1,0.10304449648711944
110,110.0,1,0.09839816933638443
111,111.0,1,0.08727272727272727
112,112.0,1,0.09195402298850576
113,113.0,1,0.12560386473429952
114,114.0,1,0.07607497243660419
115,115.0,1,0.10714285714285715
116,116.0,1,0.06593406593406594
117,117.0,1,0.07142857142857142
118,118.0,1,0.05639097744360902
119,119.0,1,0.05508474576271186
120,120.0,1,0.047368421052631574
121,121.0,1,0.03927492447129909
122,122.0,1,0.03197969543147208
123,123.0,1,0.07534246575342467
124,124.0,1,0.0529595015576324
125,125.0,1,0.039639639639639644
126,126.0,1,0.024242424242424242
127,127.0,1,0.0
128,128.0,1,0.045508982035928146
129,129.0,1,0.025925925925925925
130,130.0,1,0.01348973607038123
131,131.0,1,0.04862681744749597
132,132.0,1,0.003861003861003861
133,133.0,1,0.00124031007751938
134,134.0,1,0.02333333333333333
135,135.0,1,0.0015139442231075697
136,136.0,1,0.0012350597609561752
137,137.0,1,0.0017928286852589642
138,138.0,1,0.0012156862745098039
139,139.0,1,0.02121212121212121
140,140.0,1,0.0020920502092050207
141,141.0,1,0.001623931623931624
142,142.0,1,0.00284263959390863
143,143.0,1,0.012014134275618375
144,144.0,1,0.010045662100456623
145,145.0,1,0.008846761453396523
146,146.0,1,0.00657439446366782
147,147.0,1,0.00819672131147541
148,148.0,1,0.00815450643776824
149,149.0,1,0.021256038647342997
150,150.0,1,0.014964370546318289
151,151.0,1,0.008490566037735849
152,152.0,1,0.016129032258064516
153,153.0,1,0.014170692431561997
154,154.0,1,0.017881705639614855
155,155.0,1,0.013097713097713097
156,156.0,1,0.011979166666666666
157,157.0,1,0.03523035230352304
158,,1,0.02515527950310559
159,159.0,1,0.00893782383419689
160,160.0,1,0.028761061946902654
161,161.0,1,0.03395061728395062
162,162.0,1,0.02115384615384615
163,163.0,1,0.01990811638591118
164,164.0,1,0.019305019305019305
165,165.0,1,0.029411764705882353
166,166.0,1,0.024909747292418773
167,167.0,1,0.011734028683181226
168,168.0,1,0.014093959731543624
169,169.0,1,0.005730129390018484
170,170.0,1,0.04428044280442804
171,171.0,1,0.01968503937007874
172,172.0,1,0.015855855855855857
173,173.0,1,0.009302325581395349
174,174.0,1,0.026666666666666665
175,175.0,1,0.01912087912087912
176,176.0,1,0.018108651911468814
177,177.0,1,0.013145539906103287
178,178.0,1,0.014285714285714285
179,179.0,1,0.008704453441295546
180,180.0,1,0.008661417322834646
181,181.0,1,0.011554621848739496
182,182.0,1,0.00921985815602837
183,183.0,1,0.017166212534059946
184,184.0,1,0.022183098591549297
185,185.0,1,0.010108303249097473
186,186.0,1,0.010241820768136558
187,187.0,1,0.010730253353204173
188,188.0,1,0.030655737704918033
189,189.0,1,0.018154311649016642
190,190.0,1,0.018154311649016642
191,191.0,1,0.044760213143872116
192,192.0,1,0.03907496012759171
193,193.0,1,0.044760213143872116
194,194.0,1,0.014210526315789474
195,195.0,1,0.010618279569892473
196,196.0,1,0.012704918032786887
197,197.0,1,0.022187981510015407
198,198.0,1,0.022187981510015407
199,199.0,1,0.02703125
200,200.0,1,0.026533742331288343
201,201.0,1,0.04708661417322835
202,202.0,1,0.02935323383084577
203,203.0,1,0.02936378466557912
204,204.0,1,0.012084592145015106
205,205.0,1,0.015825688073394493
206,206.0,1,0.04924242424242424
207,207.0,1,0.025297619047619048
208,208.0,1,0.03546099290780142
209,209.0,1,0.05547226386806597
210,210.0,1,0.05480868665977249
211,211.0,1,0.1054054054054054
212,212.0,1,0.047400611620795105
213,213.0,1,0.07352941176470588
214,214.0,1,0.10655737704918032
215,215.0,1,0.10255681818181818
216,216.0,1,0.05283018867924528
217,217.0,1,0.067420814479638
218,218.0,1,0.047400611620795105
219,219.0,1,0.05562913907284769
220,220.0,1,0.07352941176470588
221,221.0,1,0.0248
222,222.0,1,0.09493333333333334
223,223.0,1,0.05977337110481587
224,224.0,1,0.06463104325699745
225,225.0,1,0.09493333333333334
226,226.0,1,0.05910064239828694
227,227.0,1,0.05596330275229358
228,228.0,1,0.05336538461538461
229,229.0,1,0.07675840978593272
230,230.0,1,0.06000060000600006
231,231.0,1,0.07271999999999999
232,232.0,1,0.09493333333333334
233,233.0,1,0.08540772532188841
234,234.0,1,0.06001230390649031
235,235.0,1,0.07776666666666666
236,237.0,1,0.09493333333333334
237,237.0,1,0.09493333333333334
238,238.0,1,0.19440353460972015
239,239.0,1,0.05164319248826291
240,240.0,1,0.026666666666666665
241,241.0,1,0.08141592920353982
242,242.0,1,0.05307262569832402
243,243.0,1,0.042175360710321866
244,244.0,1,0.09492273730684327
245,245.0,1,0.05928853754940711
246,246.0,1,0.10617283950617283
247,247.0,1,0.04352678571428572
248,248.0,1,0.040042149631190724
249,249.0,1,0.04695652173913044
250,250.0,1,0.04074505238649592
251,251.0,1,0.034188034188034185
252,252.0,1,0.03846153846153846
253,253.0,1,0.04335260115606936
254,254.0,1,0.06514657980456026
255,255.0,1,0.0495049504950495
256,256.0,1,0.0460431654676259
257,257.0,1,0.22653061224489796
258,258.0,1,0.08451612903225807
259,259.0,1,1.5625
260,260.0,1,1.0344827586206897
261,261.0,1,0.08433179723502304
262,262.0,1,0.20363636363636362
263,263.0,1,0.07456896551724138
264,264.0,1,0.17982456140350878
265,265.0,1,0.11256830601092897
266,266.0,1,0.14709677419354839
267,267.0,1,0.04344262295081967
268,268.0,1,0.0642361111111111
269,269.0,1,0.07973568281938327
270,270.0,1,0.1286624203821656
271,271.0,1,0.22952380952380955
272,272.0,1,0.15310344827586206
273,273.0,1,0.11987951807228915
274,274.0,1,0.021407624633431085
275,275.0,1,0.07990867579908675
276,276.0,1,0.14102564102564102
277,277.0,1,0.06164772727272727
278,278.0,1,0.0608540925266904
279,279.0,1,0.053442622950819675
280,280.0,1,0.054982817869415807
281,281.0,1,0.06160458452722063
282,282.0,1,0.02653927813163482
283,283.0,1,0.14113924050632912
284,284.0,1,0.0062595419847328235
285,285.0,1,0.0648
286,286.0,1,0.07350993377483443
287,287.0,1,0.10056179775280898
288,288.0,1,0.04201680672268908
289,289.0,1,0.03632958801498127
290,290.0,1,0.02947976878612717
291,291.0,1,0.04914675767918089
292,292.0,1,0.05955056179775281
293,293.0,1,0.08967136150234742
294,294.0,1,0.15333333333333332
295,295.0,1,0.11520000000000001
296,296.0,1,0.15735294117647058
297,297.0,1,0.1038961038961039
298,298.0,1,0.07183908045977011
299,299.0,1,0.026953125
300,300.0,1,0.04473684210526316
301,301.0,1,0.18650306748466255
302,302.0,1,0.0472972972972973
303,303.0,1,0.04239482200647249
304,304.0,1,0.04406392694063927
305,305.0,1,0.15737704918032785
306,306.0,1,0.19074074074074077
307,307.0,1,0.08872549019607844
308,308.0,1,0.11764705882352941
309,309.0,1,0.16014492753623188
310,310.0,1,0.19115044247787613
311,311.0,1,0.23235294117647057
312,312.0,1,0.15328467153284672
313,313.0,1,0.06015625
314,314.0,1,0.09401709401709402
315,315.0,1,0.09300000000000001
316,316.0,1,0.16916666666666666
317,317.0,1,0.11937500000000001
318,318.0,1,0.1953271028037383
319,319.0,1,0.13833333333333334
320,320.0,1,0.07685950413223142
321,321.0,1,0.1419847328244275
322,322.0,1,0.15801526717557252
323,323.0,1,0.10048780487804879
324,324.0,1,0.11044776119402985
325,325.0,1,0.15175438596491228
326,326.0,1,0.13983050847457626
327,327.0,1,0.10469798657718121
328,328.0,1,0.16346153846153846
329,329.0,1,0.15801526717557252
330,330.0,1,0.1510948905109489
331,331.0,1,0.1625
332,332.0,1,0.15
333,333.0,1,0.10191082802547771
334,334.0,1,0.07927461139896373
335,335.0,1,0.12027027027027028
336,336.0,1,0.0680365296803653
337,337.0,1,0.116793893129771
338,338.0,1,0.037953795379537955
339,339.0,1,0.17472118959107805
340,340.0,1,0.1851441241685144
341,341.0,1,0.18556701030927836
342,342.0,1,0.16568627450980392
343,343.0,1,0.18272425249169436
344,344.0,1,0.12748091603053435
345,345.0,1,0.24342105263157895
346,346.0,1,0.08617886178861789
347,347.0,1,0.07518796992481203
348,348.0,1,0.09266055045871559
349,349.0,1,0.20104438642297653
350,350.0,1,0.2046004842615012
351,351.0,1,0.19041916167664671
352,352.0,1,0.20223325062034742
353,353.0,1,0.15725806451612903
354,354.0,1,0.1582677165354331
355,355.0,1,0.20223325062034742
356,356.0,1,0.2072599531615925
357,357.0,1,0.19108280254777069
358,358.0,1,0.20500595947556613
359,359.0,1,0.22090909090909092
360,360.0,1,0.14088397790055246
361,361.0,1,0.13636363636363635
362,362.0,1,0.19933184855233851
363,363.0,1,0.05338078291814947
364,364.0,1,0.07951219512195122
365,365.0,1,0.09513274336283185
366,366.0,1,0.161437908496732
367,367.0,1,0.15140845070422534
368,368.0,1,0.10274725274725274
369,369.0,1,0.15789473684210525
370,370.0,1,0.15447154471544716
371,371.0,1,0.16779661016949154
372,372.0,1,0.16
373,373.0,1,0.1658119658119658
374,374.0,1,0.10785340314136127
375,375.0,1,0.17155963302752292
376,376.0,1,0.11464968152866242
377,377.0,1,0.14423076923076922
378,378.0,1,0.13823529411764707
379,379.0,1,0.22567567567567567
380,380.0,1,0.22180451127819548
381,381.0,1,0.07869565217391306
382,382.0,1,0.19713993871297242
383,383.0,1,0.1865203761755486
384,384.0,1,0.22759601706970128
385,385.0,1,0.16451612903225804
386,386.0,1,0.20426829268292684
387,387.0,1,0.20945945945945948
388,388.0,1,0.22567567567567567
389,389.0,1,0.20023282887077995
390,390.0,1,0.22713414634146345
391,391.0,1,0.2117163412127441
392,392.0,1,0.20341047503045068
393,393.0,1,0.23404255319148937
394,394.0,1,0.1814285714285714
395,395.0,1,0.11304347826086956
396,396.0,1,0.23641851106639838
397,397.0,1,0.11923076923076924
398,398.0,1,0.23641851106639838
399,399.0,1,0.12266009852216748
400,400.0,1,0.15555555555555556
401,401.0,1,0.14945652173913043
402,402.0,1,0.07931034482758621
403,403.0,1,0.10963302752293577
404,404.0,1,0.11450381679389313
405,405.0,1,0.10963302752293577
406,406.0,1,0.2329192546583851
407,407.0,1,0.0
408,408.0,1,0.0
409,409.0,1,0.0
410,410.0,1,0.0
411,411.0,1,0.0
412,412.0,1,0.0
413,413.0,1,0.00012222222222222221
414,414.0,1,0.0
415,415.0,1,0.0
416,416.0,1,0.0
417,417.0,1,0.0
418,418.0,1,0.0
419,419.0,1,0.0
420,420.0,1,0.0
421,421.0,1,0.0
422,422.0,1,0.0
423,423.0,1,0.0011580381471389645
424,424.0,1,0.006382978723404255
425,425.0,1,0.0012092391304347825
426,426.0,1,0.0002770083102493075
427,427.0,1,0.0002583979328165375
428,428.0,1,0.0012162162162162162
429,429.0,1,0.00431266846361186
430,430.0,1,0.001232876712328767
431,431.0,1,0.0006839945280437756
432,432.0,1,0.0
433,433.0,1,0.0
434,434.0,1,0.04797687861271677
435,435.0,1,0.12213740458015268
436,436.0,1,0.054901960784313725
437,437.0,1,0.03229461756373938
438,438.0,1,0.015294117647058823
439,439.0,1,0.031395348837209305
440,440.0,1,0.02535211267605634
441,441.0,1,0.10344827586206896
442,442.0,1,0.09502262443438914
443,443.0,1,0.01791044776119403
444,444.0,1,0.03333333333333333
445,445.0,1,0.06329113924050633
446,446.0,1,0.030100334448160536
447,447.0,1,0.04016913319238901
448,448.0,1,0.05445544554455446
449,449.0,1,0.033434650455927056
450,450.0,1,0.02708333333333333
451,451.0,1,0.02152974504249292
452,452.0,1,0.16951219512195123
453,453.0,1,0.2191780821917808
454,454.0,1,0.03919753086419753
455,455.0,1,0.05646359583952452
456,456.0,1,0.011462450592885375
457,457.0,1,0.03353658536585367
458,458.0,1,0.03559870550161812
459,459.0,1,0.07457627118644068
460,460.0,1,0.04145658263305323
461,461.0,1,0.03674911660777385
462,462.0,1,0.03892857142857143
463,463.0,1,0.0
464,464.0,1,0.0
465,465.0,1,0.0
466,466.0,1,0.0
467,467.0,1,0.0
468,468.0,1,0.03972911963882619
469,469.0,1,0.024661246612466124
470,470.0,1,0.0011627906976744186
471,471.0,1,0.1
472,472.0,1,0.007
473,473.0,1,0.16666666666666669
474,474.0,1,0.1
475,475.0,1,0.000628140703517588
476,476.0,1,0.24970414201183433
477,477.0,1,0.017094017094017096
478,478.0,1,0.001833568406205924
479,479.0,1,0.002573529411764706
480,480.0,1,0.056799999999999996
481,481.0,1,0.003966942148760331
482,482.0,1,0.01918158567774936
483,483.0,1,0.02535211267605634
484,484.0,1,0.02679738562091503
485,485.0,1,0.049079754601226995
486,486.0,1,0.010752688172043012
487,487.0,1,0.024429967426710098
488,488.0,1,0.004051565377532229
489,489.0,1,0.047747747747747746
490,490.0,1,0.1324200913242009
491,491.0,1,0.009342560553633219
492,492.0,1,0.0
493,493.0,1,0.0
494,494.0,1,2.5
495,495.0,1,0.0
496,496.0,1,0.0
497,497.0,1,0.0
498,498.0,1,0.0
499,499.0,1,53.333333333333336
500,500.0,1,0.13157894736842105
501,501.0,1,1.0999999999999999
502,502.0,1,1.1851851851851851
503,503.0,1,0.8750000000000001
504,504.0,1,1.0
505,505.0,1,0.7142857142857143
506,506.0,1,0.33333333333333337
507,507.0,1,1.25
508,508.0,1,3.3333333333333335
509,509.0,1,0.018323586744639377
510,510.0,1,0.0161993769470405
511,511.0,1,0.015904572564612324
512,512.0,1,0.0
513,513.0,1,0.0234192037470726
514,514.0,1,0.013025210084033614
515,515.0,1,0.013432835820895522
516,516.0,1,0.013572854291417165
517,517.0,1,0.014730290456431535
518,518.0,1,0.006487695749440716
519,519.0,1,0.0010471204188481676
520,520.0,1,0.0
521,521.0,1,0.0
522,522.0,1,0.007462686567164179
523,523.0,1,0.013304721030042918
524,524.0,1,0.0
525,525.0,1,0.0
526,526.0,1,0.0
527,527.0,1,0.0
528,528.0,1,0.0
529,529.0,1,0.0
530,530.0,1,0.0
531,531.0,1,0.03125
532,532.0,1,0.029411764705882353
533,533.0,1,0.0
534,534.0,1,0.0
535,535.0,1,0.0
536,536.0,1,0.0
537,537.0,1,0.0
538,538.0,1,0.125
539,539.0,1,0.0
540,540.0,1,0.0
541,541.0,1,0.0
542,542.0,1,0.0
543,543.0,1,0.04716981132075472
544,544.0,1,0.026767676767676767
545,545.0,1,0.04285714285714286
546,546.0,1,0.06096491228070176
547,547.0,1,0.042622950819672135
548,548.0,1,0.04285714285714286
549,549.0,1,0.06431718061674009
550,550.0,1,0.0890909090909091
551,551.0,1,0.04069767441860465
552,552.0,1,0.0205761316872428
553,553.0,1,0.026666666666666665
554,554.0,1,0.021413276231263382
555,555.0,1,0.012332990750256937
556,556.0,1,0.009791666666666666
557,557.0,1,0.00954356846473029
558,558.0,1,0.007352941176470589
559,559.0,1,0.0064285714285714285
560,560.0,1,0.014549653579676676
561,561.0,1,0.004934210526315789
562,562.0,1,0.002380952380952381
563,563.0,1,0.0012883435582822086
564,564.0,1,0.01337579617834395
565,565.0,1,0.009178743961352657
566,566.0,1,0.012155963302752294
567,567.0,1,0.04468085106382979
568,568.0,1,0.0030837004405286344
569,569.0,1,0.02603305785123967
570,570.0,1,0.011363636363636364
571,1.0,2,0.011506849315068493
572,2.0,2,0.003846153846153846
573,3.0,2,0.0040114613180515755
574,4.0,2,0.006285714285714286
575,5.0,2,0.027478753541076484
576,6.0,2,0.04727272727272727
577,7.0,2,0.03924731182795699
578,8.0,2,0.0016853932584269663
579,9.0,2,0.0
580,10.0,2,0.046012269938650305
581,11.0,2,0.027485380116959064
582,12.0,2,0.012609970674486803
583,13.0,2,0.027950310559006212
584,14.0,2,0.045505617977528084
585,15.0,2,0.022549019607843137
586,16.0,2,0.02658959537572254
587,17.0,2,0.038181818181818185
588,18.0,2,0.01977401129943503
589,19.0,2,0.020512820512820513
590,20.0,2,0.0027573529411764708
591,21.0,2,0.0024193548387096775
592,22.0,2,0.01440329218106996
593,23.0,2,0.013207547169811321
594,24.0,2,0.01282051282051282
595,25.0,2,0.010025706940874035
596,26.0,2,0.013367609254498715
597,27.0,2,0.014545454545454545
598,28.0,2,0.016129032258064516
599,29.0,2,0.0236734693877551
600,30.0,2,0.008029197080291971
601,31.0,2,0.02263374485596708
602,32.0,2,0.023166023166023165
603,33.0,2,0.02857142857142857
604,34.0,2,0.017768595041322312
605,35.0,2,0.015129151291512913
606,36.0,2,0.01183206106870229
607,37.0,2,0.010491803278688525
608,38.0,2,0.009433962264150943
609,39.0,2,0.013262599469496022
610,40.0,2,0.013927576601671309
611,41.0,2,0.00909090909090909
612,42.0,2,0.01221590909090909
613,43.0,2,0.0
614,44.0,2,0.02642045454545455
615,45.0,2,0.01730769230769231
616,46.0,2,0.005960264900662252
617,47.0,2,0.0
618,48.0,2,0.02372262773722628
619,49.0,2,0.04395604395604395
620,50.0,2,0.009705882352941175
621,51.0,2,0.025520833333333336
622,52.0,2,0.02357894736842105
623,53.0,2,0.0
624,54.0,2,0.0
625,55.0,2,0.009893992932862191
626,56.0,2,0.0
627,57.0,2,0.034166666666666665
628,58.0,2,0.04356435643564357
629,59.0,2,0.05463182897862232
630,60.0,2,0.03486238532110091
631,61.0,2,0.0
632,62.0,2,0.045454545454545456
633,63.0,2,0.08143322475570032
634,64.0,2,0.13266666666666665
635,65.0,2,0.08169014084507042
636,66.0,2,0.08527397260273972
637,67.0,2,0.05573770491803279
638,68.0,2,0.058981233243967826
639,69.0,2,0.07009345794392524
640,70.0,2,0.055882352941176466
641,71.0,2,0.027192982456140352
642,72.0,2,0.015733333333333335
643,73.0,2,0.0010471204188481676
644,74.0,2,0.11006289308176101
645,75.0,2,0.028532608695652176
646,76.0,2,0.09248554913294797
647,77.0,2,0.05639913232104121
648,78.0,2,0.0011594202898550724
649,79.0,2,0.010975609756097562
650,80.0,2,0.06532663316582915
651,81.0,2,0.10344827586206895
652,82.0,2,0.09567901234567902
653,83.0,2,0.05675675675675676
654,84.0,2,0.08767123287671233
655,85.0,2,0.06382978723404255
656,86.0,2,0.046762589928057555
657,87.0,2,0.056242969628796394
658,88.0,2,0.09933774834437087
659,89.0,2,0.0
660,90.0,2,0.046583850931677016
661,91.0,2,0.05102040816326531
662,92.0,2,0.045454545454545456
663,93.0,2,0.07086614173228346
664,94.0,2,0.040268456375838924
665,95.0,2,0.010084033613445377
666,96.0,2,0.24601366742596814
667,97.0,2,0.07216494845360825
668,98.0,2,0.11682242990654207
669,99.0,2,0.07462686567164178
670,100.0,2,0.0
671,101.0,2,0.09090909090909091
672,102.0,2,0.06866952789699571
673,103.0,2,0.07746478873239437
674,104.0,2,0.05642633228840126
675,105.0,2,0.05135135135135135
676,106.0,2,0.09452736318407959
677,107.0,2,0.06134094151212554
678,108.0,2,0.09933774834437087
679,109.0,2,0.10304449648711944
680,110.0,2,0.09610983981693363
681,111.0,2,0.10545454545454545
682,112.0,2,0.14942528735632185
683,113.0,2,0.12560386473429952
684,114.0,2,0.05402425578831312
685,115.0,2,0.10119047619047619
686,116.0,2,0.06593406593406594
687,117.0,2,0.07653061224489795
688,118.0,2,0.09398496240601503
689,119.0,2,0.09322033898305085
690,120.0,2,0.05263157894736842
691,121.0,2,0.045317220543806644
692,122.0,2,0.09137055837563453
693,123.0,2,0.07876712328767123
694,124.0,2,0.07476635514018691
695,125.0,2,0.06306306306306306
696,126.0,2,0.0393939393939394
697,127.0,2,0.0
698,128.0,2,0.03592814371257485
699,129.0,2,0.02551440329218107
700,130.0,2,0.001466275659824047
701,131.0,2,0.011308562197092083
702,132.0,2,0.012355212355212355
703,133.0,2,0.004651162790697674
704,134.0,2,0.09333333333333332
705,135.0,2,0.0021912350597609563
706,136.0,2,0.010358565737051793
707,137.0,2,0.004780876494023904
708,138.0,2,0.0031372549019607846
709,139.0,2,0.06969696969696969
710,140.0,2,0.004602510460251046
711,141.0,2,0.0008547008547008547
712,142.0,2,0.0030964467005076142
713,143.0,2,0.025795053003533568
714,144.0,2,0.08127853881278539
715,145.0,2,0.02164296998420221
716,146.0,2,0.0301038062283737
717,147.0,2,0.021311475409836064
718,148.0,2,0.02703862660944206
719,149.0,2,0.036231884057971016
720,150.0,2,0.1163895486935867
721,151.0,2,0.03369272237196765
722,152.0,2,0.054838709677419356
723,153.0,2,0.020933977455716585
724,154.0,2,0.033012379642365884
725,155.0,2,0.033264033264033266
726,156.0,2,0.0234375
727,157.0,2,0.12737127371273713
728,,2,0.05279503105590062
729,159.0,2,0.029792746113989636
730,160.0,2,0.15044247787610618
731,161.0,2,0.1080246913580247
732,162.0,2,0.125
733,163.0,2,0.030627871362940276
734,164.0,2,0.04054054054054054
735,165.0,2,0.16470588235294117
736,166.0,2,0.1696750902527076
737,167.0,2,0.020860495436766623
738,168.0,2,0.040268456375838924
739,169.0,2,0.03696857670979667
740,170.0,2,0.027675276752767528
741,171.0,2,0.03740157480314961
742,172.0,2,0.013153153153153152
743,173.0,2,0.12473572938689219
744,174.0,2,0.07111111111111111
745,175.0,2,0.05054945054945054
746,176.0,2,0.04426559356136821
747,177.0,2,0.04929577464788733
748,178.0,2,0.054285714285714284
749,179.0,2,0.04453441295546559
750,180.0,2,0.03740157480314961
751,181.0,2,0.0273109243697479
752,182.0,2,0.016312056737588652
753,183.0,2,0.043596730245231606
754,184.0,2,0.014084507042253523
755,185.0,2,0.018411552346570395
756,186.0,2,0.011379800853485065
757,187.0,2,0.005961251862891208
758,188.0,2,0.022131147540983605
759,189.0,2,0.012405446293494705
760,190.0,2,0.012405446293494705
761,191.0,2,0.014387211367673179
762,192.0,2,0.013397129186602871
763,193.0,2,0.014387211367673179
764,194.0,2,0.035263157894736843
765,195.0,2,0.007123655913978494
766,196.0,2,0.012978142076502733
767,197.0,2,0.008936825885978428
768,198.0,2,0.008936825885978428
769,199.0,2,0.01796875
770,200.0,2,0.01763803680981595
771,201.0,2,0.010236220472440945
772,202.0,2,0.017578772802653398
773,203.0,2,0.013866231647634585
774,204.0,2,0.012084592145015106
775,205.0,2,0.01605504587155963
776,206.0,2,0.0
777,207.0,2,0.0
778,208.0,2,0.0
779,209.0,2,0.0
780,210.0,2,0.0
781,211.0,2,0.0
782,212.0,2,0.0
783,213.0,2,0.0
784,214.0,2,0.0
785,215.0,2,0.0
786,216.0,2,0.0
787,217.0,2,0.0
788,218.0,2,0.0
789,219.0,2,0.0
790,220.0,2,0.0
791,221.0,2,0.0
792,222.0,2,0.0
793,223.0,2,0.0
794,224.0,2,0.0
795,225.0,2,0.0
796,226.0,2,0.0
797,227.0,2,0.0
798,228.0,2,0.0
799,229.0,2,0.0
800,230.0,2,0.0
801,231.0,2,0.0
802,232.0,2,0.0
803,233.0,2,0.0
804,234.0,2,0.0
805,235.0,2,0.0
806,237.0,2,0.0
807,237.0,2,0.0
808,238.0,2,0.0
809,239.0,2,0.0
810,240.0,2,0.006666666666666666
811,241.0,2,0.005309734513274336
812,242.0,2,0.015363128491620115
813,243.0,2,0.0
814,244.0,2,0.0
815,245.0,2,0.0
816,246.0,2,0.0
817,247.0,2,0.020089285714285716
818,248.0,2,0.009483667017913594
819,249.0,2,0.0
820,250.0,2,0.0
821,251.0,2,0.0
822,252.0,2,0.0
823,253.0,2,0.0
824,254.0,2,0.0
825,255.0,2,0.0
826,256.0,2,0.0
827,257.0,2,0.0
828,258.0,2,0.0
829,259.0,2,0.0
830,260.0,2,0.0
831,261.0,2,0.0
832,262.0,2,0.0
833,263.0,2,0.0
834,264.0,2,0.0
835,265.0,2,0.0
836,266.0,2,0.0
837,267.0,2,0.0
838,268.0,2,0.0
839,269.0,2,0.0
840,270.0,2,0.0
841,271.0,2,0.0
842,272.0,2,0.0
843,273.0,2,0.0
844,274.0,2,0.0
845,275.0,2,0.0
846,276.0,2,0.0
847,277.0,2,0.0
848,278.0,2,0.0
849,279.0,2,0.0
850,280.0,2,0.0
851,281.0,2,0.0
852,282.0,2,0.0
853,283.0,2,0.0
854,284.0,2,0.0
855,285.0,2,0.0
856,286.0,2,0.0
857,287.0,2,0.0
858,288.0,2,0.0
859,289.0,2,0.0
860,290.0,2,0.0
861,291.0,2,0.0
862,292.0,2,0.0
863,293.0,2,0.0
864,294.0,2,0.0
865,295.0,2,0.0
866,296.0,2,0.0
867,297.0,2,0.0
868,298.0,2,0.0
869,299.0,2,0.005078125
870,300.0,2,0.0
871,301.0,2,0.0
872,302.0,2,0.00022522522522522523
873,303.0,2,0.0
874,304.0,2,0.0
875,305.0,2,0.0
876,306.0,2,0.0
877,307.0,2,0.0
878,308.0,2,0.0
879,309.0,2,0.0
880,310.0,2,0.0
881,311.0,2,0.0
882,312.0,2,0.0
883,313.0,2,0.0
884,314.0,2,0.0
885,315.0,2,0.0
886,316.0,2,0.0
887,317.0,2,0.0
888,318.0,2,0.0
889,319.0,2,0.0
890,320.0,2,0.0
891,321.0,2,0.0
892,322.0,2,0.0
893,323.0,2,0.0
894,324.0,2,0.0
895,325.0,2,0.0
896,326.0,2,0.0
897,327.0,2,0.0
898,328.0,2,0.0
899,329.0,2,0.0
900,330.0,2,0.0
901,331.0,2,0.0
902,332.0,2,0.0
903,333.0,2,0.0
904,334.0,2,0.0
905,335.0,2,0.0
906,336.0,2,0.0
907,337.0,2,0.0
908,338.0,2,0.0
909,339.0,2,0.0
910,340.0,2,0.0
911,341.0,2,0.0
912,342.0,2,0.0
913,343.0,2,0.0
914,344.0,2,0.0
915,345.0,2,0.0
916,346.0,2,0.0
917,347.0,2,0.0
918,348.0,2,0.0
919,349.0,2,0.0
920,350.0,2,0.0
921,351.0,2,0.0
922,352.0,2,0.0
923,353.0,2,0.0
924,354.0,2,0.0
925,355.0,2,0.0
926,356.0,2,0.0
927,357.0,2,0.0
928,358.0,2,0.0
929,359.0,2,0.0
930,360.0,2,0.0
931,361.0,2,0.0
932,362.0,2,0.0
933,363.0,2,0.0
934,364.0,2,0.0
935,365.0,2,0.0
936,366.0,2,0.0
937,367.0,2,0.0
938,368.0,2,0.0
939,369.0,2,0.0
940,370.0,2,0.0
941,371.0,2,0.0
942,372.0,2,0.0
943,373.0,2,0.0
944,374.0,2,0.0
945,375.0,2,0.0
946,376.0,2,0.0
947,377.0,2,0.0
948,378.0,2,0.0
949,379.0,2,0.0
950,380.0,2,0.0
951,381.0,2,0.0
952,382.0,2,0.0
953,383.0,2,0.0
954,384.0,2,0.0
955,385.0,2,0.0
956,386.0,2,0.0
957,387.0,2,0.0
958,388.0,2,0.0
959,389.0,2,0.0
960,390.0,2,0.0
961,391.0,2,0.0
962,392.0,2,0.0
963,393.0,2,0.0
964,394.0,2,0.0
965,395.0,2,0.0
966,396.0,2,0.0
967,397.0,2,0.0
968,398.0,2,0.0
969,399.0,2,0.0
970,400.0,2,0.0
971,401.0,2,0.0
972,402.0,2,0.0
973,403.0,2,0.0
974,404.0,2,0.0
975,405.0,2,0.0
976,406.0,2,0.0
977,407.0,2,0.0
978,408.0,2,0.0
979,409.0,2,0.0
980,410.0,2,0.0
981,411.0,2,0.0
982,412.0,2,0.0
983,413.0,2,0.0
984,414.0,2,0.0
985,415.0,2,0.0
986,416.0,2,0.0
987,417.0,2,0.0
988,418.0,2,0.0
989,419.0,2,0.0
990,420.0,2,0.0
991,421.0,2,0.0
992,422.0,2,0.0
993,423.0,2,0.0
994,424.0,2,0.0
995,425.0,2,0.0
996,426.0,2,0.0
997,427.0,2,0.0007751937984496124
998,428.0,2,0.0
999,429.0,2,0.0
1000,430.0,2,0.0
1001,431.0,2,0.0
1002,432.0,2,0.0
1003,433.0,2,0.0
1004,434.0,2,0.02601156069364162
1005,435.0,2,0.06106870229007634
1006,436.0,2,0.1588235294117647
1007,437.0,2,0.01104815864022663
1008,438.0,2,0.21294117647058822
1009,439.0,2,0.08139534883720931
1010,440.0,2,0.025915492957746478
1011,441.0,2,0.0793103448275862
1012,442.0,2,0.12669683257918551
1013,443.0,2,0.10119402985074627
1014,444.0,2,0.07800687285223368
1015,445.0,2,0.043037974683544304
1016,446.0,2,0.0
1017,447.0,2,0.031712473572938694
1018,448.0,2,0.16336633663366337
1019,449.0,2,0.08206686930091187
1020,450.0,2,0.04196428571428571
1021,451.0,2,0.0745042492917847
1022,452.0,2,0.018292682926829267
1023,453.0,2,0.0
1024,454.0,2,0.12438271604938271
1025,455.0,2,0.11887072808320952
1026,456.0,2,0.04110671936758893
1027,457.0,2,0.0
1028,458.0,2,0.13851132686084142
1029,459.0,2,0.07288135593220339
1030,460.0,2,0.05854341736694677
1031,461.0,2,0.09257950530035336
1032,462.0,2,0.09464285714285714
1033,463.0,2,0.0
1034,464.0,2,0.0
1035,465.0,2,0.0
1036,466.0,2,0.0
1037,467.0,2,0.0
1038,468.0,2,0.03295711060948081
1039,469.0,2,0.05040650406504065
1040,470.0,2,0.0
1041,471.0,2,0.0
1042,472.0,2,0.0
1043,473.0,2,0.0
1044,474.0,2,0.0
1045,475.0,2,0.0001256281407035176
1046,476.0,2,0.0
1047,477.0,2,0.007692307692307693
1048,478.0,2,0.0
1049,479.0,2,0.0
1050,480.0,2,0.0104
1051,481.0,2,0.006611570247933885
1052,482.0,2,0.0
1053,483.0,2,0.008450704225352112
1054,484.0,2,0.00196078431372549
1055,485.0,2,0.006748466257668713
1056,486.0,2,0.006989247311827957
1057,487.0,2,0.0
1058,488.0,2,0.0
1059,489.0,2,0.0045045045045045045
1060,490.0,2,0.0243531202435312
1061,491.0,2,0.0
1062,492.0,2,0.0
1063,493.0,2,0.0
1064,494.0,2,0.0
1065,495.0,2,0.0
1066,496.0,2,0.0
1067,497.0,2,200.0
1068,498.0,2,0.0
1069,499.0,2,800.0
1070,500.0,2,6.578947368421053
1071,501.0,2,18.0
1072,502.0,2,6.666666666666666
1073,503.0,2,0.0
1074,504.0,2,0.0
1075,505.0,2,0.0
1076,506.0,2,0.0
1077,507.0,2,0.0
1078,508.0,2,0.0
1079,509.0,2,0.005263157894736843
1080,510.0,2,0.0021806853582554517
1081,511.0,2,0.011928429423459244
1082,512.0,2,0.0
1083,513.0,2,0.02927400468384075
1084,514.0,2,0.006932773109243697
1085,515.0,2,0.009808102345415777
1086,516.0,2,0.006187624750499002
1087,517.0,2,0.006431535269709544
1088,518.0,2,0.006487695749440716
1089,519.0,2,0.0
1090,520.0,2,0.0
1091,521.0,2,0.0
1092,522.0,2,0.0
1093,523.0,2,0.00536480686695279
1094,524.0,2,0.0
1095,525.0,2,0.0
1096,526.0,2,0.0
1097,527.0,2,0.0
1098,528.0,2,0.0
1099,529.0,2,0.0
1100,530.0,2,0.0
1101,531.0,2,0.0
1102,532.0,2,0.16470588235294117
1103,533.0,2,0.0
1104,534.0,2,0.0
1105,535.0,2,0.0
1106,536.0,2,0.0
1107,537.0,2,0.0
1108,538.0,2,0.0
1109,539.0,2,0.0
1110,540.0,2,0.0
1111,541.0,2,0.0
1112,542.0,2,0.0
1113,543.0,2,0.12264150943396228
1114,544.0,2,0.009848484848484848
1115,545.0,2,0.18476190476190477
1116,546.0,2,0.0
1117,547.0,2,0.1885245901639344
1118,548.0,2,0.18476190476190477
1119,549.0,2,0.0
1120,550.0,2,0.2536363636363636
1121,551.0,2,0.06395348837209303
1122,552.0,2,0.00823045267489712
1123,553.0,2,0.008666666666666666
1124,554.0,2,0.017130620985010708
1125,555.0,2,0.0010277492291880781
1126,556.0,2,0.0062499999999999995
1127,557.0,2,0.009128630705394191
1128,558.0,2,0.0
1129,559.0,2,0.0
1130,560.0,2,0.016166281755196306
1131,561.0,2,0.0
1132,562.0,2,0.007142857142857143
1133,563.0,2,0.00020449897750511248
1134,564.0,2,0.006369426751592356
1135,565.0,2,0.004830917874396136
1136,566.0,2,0.0022935779816513763
1137,567.0,2,0.02127659574468085
1138,568.0,2,0.0
1139,569.0,2,0.03305785123966942
1140,570.0,2,0.002840909090909091
1141,1.0,3,0.09863013698630137
1142,2.0,3,0.038461538461538464
1143,3.0,3,0.09742120343839542
1144,4.0,3,0.06
1145,5.0,3,0.22662889518413598
1146,6.0,3,0.08787878787878788
1147,7.0,3,0.08870967741935484
1148,8.0,3,0.0028089887640449437
1149,9.0,3,0.02865329512893983
1150,10.0,3,0.08282208588957055
1151,11.0,3,0.05263157894736842
1152,12.0,3,0.04985337243401759
1153,13.0,3,0.11801242236024845
1154,14.0,3,0.04719101123595506
1155,15.0,3,0.029411764705882353
1156,16.0,3,0.02023121387283237
1157,17.0,3,0.02727272727272727
1158,18.0,3,0.0009322033898305085
1159,19.0,3,0.04843304843304843
1160,20.0,3,0.01838235294117647
1161,21.0,3,0.06021505376344086
1162,22.0,3,0.23045267489711935
1163,23.0,3,0.07547169811320754
1164,24.0,3,0.08424908424908426
1165,25.0,3,0.2930591259640103
1166,26.0,3,0.3059125964010283
1167,27.0,3,0.15636363636363637
1168,28.0,3,0.5040322580645161
1169,29.0,3,0.2979591836734694
1170,30.0,3,0.19233576642335767
1171,31.0,3,0.10699588477366255
1172,32.0,3,0.2084942084942085
1173,33.0,3,0.16363636363636364
1174,34.0,3,0.5702479338842975
1175,35.0,3,0.7785977859778598
1176,36.0,3,0.0
1177,37.0,3,0.4262295081967213
1178,38.0,3,0.0
1179,39.0,3,0.0636604774535809
1180,40.0,3,0.06685236768802229
1181,41.0,3,0.06149732620320856
1182,42.0,3,0.09659090909090909
1183,43.0,3,0.046153846153846156
1184,44.0,3,0.09659090909090909
1185,45.0,3,0.19230769230769232
1186,46.0,3,0.13245033112582782
1187,47.0,3,1.2135922330097086
1188,48.0,3,0.05474452554744526
1189,49.0,3,0.5860805860805861
1190,50.0,3,0.07411764705882352
1191,51.0,3,0.7083333333333334
1192,52.0,3,0.4421052631578947
1193,53.0,3,0.0
1194,54.0,3,0.1937984496124031
1195,55.0,3,0.2226148409893993
1196,56.0,3,1.0673076923076923
1197,57.0,3,0.35833333333333334
1198,58.0,3,0.7029702970297029
1199,59.0,3,0.7838479809976246
1200,60.0,3,0.2018348623853211
1201,61.0,3,0.4467005076142132
1202,62.0,3,0.41935483870967744
1203,63.0,3,0.3257328990228013
1204,64.0,3,1.16
1205,65.0,3,0.397887323943662
1206,66.0,3,0.4897260273972603
1207,67.0,3,0.22950819672131148
1208,68.0,3,0.5388739946380697
1209,69.0,3,0.8878504672897197
1210,70.0,3,0.31764705882352945
1211,71.0,3,0.19298245614035087
1212,72.0,3,0.17333333333333334
1213,73.0,3,0.028795811518324606
1214,74.0,3,1.4150943396226414
1215,75.0,3,0.08695652173913045
1216,76.0,3,1.5028901734104045
1217,77.0,3,0.368763557483731
1218,78.0,3,0.034782608695652174
1219,79.0,3,0.0975609756097561
1220,80.0,3,0.6834170854271358
1221,81.0,3,0.5039787798408488
1222,82.0,3,5.58641975308642
1223,83.0,3,0.47297297297297297
1224,84.0,3,1.2767123287671234
1225,85.0,3,1.202127659574468
1226,86.0,3,5.251798561151079
1227,87.0,3,0.3374578177727784
1228,88.0,3,2.251655629139073
1229,89.0,3,1.0185185185185184
1230,90.0,3,0.2795031055900621
1231,91.0,3,0.30612244897959184
1232,92.0,3,0.2727272727272727
1233,93.0,3,0.5249343832020997
1234,94.0,3,3.523489932885906
1235,95.0,3,0.1495798319327731
1236,96.0,3,1.2072892938496584
1237,97.0,3,2.11340206185567
1238,98.0,3,0.7663551401869159
1239,99.0,3,8.955223880597014
1240,100.0,3,3.590733590733591
1241,101.0,3,1.7575757575757576
1242,102.0,3,0.9227467811158798
1243,103.0,3,0.7746478873239437
1244,104.0,3,0.7962382445141065
1245,105.0,3,0.43243243243243246
1246,106.0,3,1.4925373134328357
1247,107.0,3,0.5848787446504994
1248,108.0,3,1.490066225165563
1249,109.0,3,0.7728337236533958
1250,110.0,3,4.851258581235697
1251,111.0,3,0.7018181818181819
1252,112.0,3,3.1609195402298855
1253,113.0,3,5.6521739130434785
1254,114.0,3,0.28004410143329656
1255,115.0,3,0.45634920634920634
1256,116.0,3,1.4203296703296704
1257,117.0,3,1.7704081632653061
1258,118.0,3,1.9548872180451127
1259,119.0,3,6.949152542372881
1260,120.0,3,1.3909774436090225
1261,121.0,3,0.3595166163141994
1262,122.0,3,0.5736040609137056
1263,123.0,3,2.1575342465753424
1264,124.0,3,1.6199376947040498
1265,125.0,3,0.4774774774774775
1266,126.0,3,0.3333333333333333
1267,127.0,3,0.5333333333333333
1268,128.0,3,0.8982035928143713
1269,129.0,3,1.1111111111111112
1270,130.0,3,0.1436950146627566
1271,131.0,3,0.11954765751211632
1272,132.0,3,0.015444015444015444
1273,133.0,3,0.07751937984496124
1274,134.0,3,0.4633333333333333
1275,135.0,3,0.04780876494023904
1276,136.0,3,0.1553784860557769
1277,137.0,3,0.0796812749003984
1278,138.0,3,0.0784313725490196
1279,139.0,3,0.6242424242424243
1280,140.0,3,0.0
1281,141.0,3,0.13675213675213677
1282,142.0,3,0.03756345177664975
1283,143.0,3,0.19434628975265017
1284,144.0,3,0.1872146118721461
1285,145.0,3,0.036334913112164295
1286,146.0,3,0.2179930795847751
1287,147.0,3,0.26229508196721313
1288,148.0,3,0.05150214592274678
1289,149.0,3,0.3864734299516908
1290,150.0,3,0.2375296912114014
1291,151.0,3,0.10781671159029649
1292,152.0,3,0.12903225806451613
1293,153.0,3,0.27375201288244766
1294,154.0,3,0.29160935350756534
1295,155.0,3,0.17255717255717257
1296,156.0,3,0.052083333333333336
1297,157.0,3,1.0840108401084012
1298,,3,0.6677018633540373
1299,159.0,3,0.10362694300518134
1300,160.0,3,1.0176991150442478
1301,161.0,3,0.8950617283950618
1302,162.0,3,0.40865384615384615
1303,163.0,3,0.8269525267993875
1304,164.0,3,0.6583011583011583
1305,165.0,3,0.7647058823529411
1306,166.0,3,0.39711191335740076
1307,167.0,3,0.121251629726206
1308,168.0,3,0.7718120805369127
1309,169.0,3,0.10166358595194085
1310,170.0,3,0.3136531365313653
1311,171.0,3,0.15748031496062992
1312,172.0,3,0.2810810810810811
1313,173.0,3,0.21141649048625794
1314,174.0,3,0.9777777777777777
1315,175.0,3,0.9010989010989011
1316,176.0,3,0.1408450704225352
1317,177.0,3,0.4460093896713615
1318,178.0,3,0.6
1319,179.0,3,0.19433198380566802
1320,180.0,3,0.2854330708661417
1321,181.0,3,0.07668067226890755
1322,182.0,3,0.02127659574468085
1323,183.0,3,0.6267029972752043
1324,184.0,3,0.2359154929577465
1325,185.0,3,0.26714801444043323
1326,186.0,3,0.24182076813655762
1327,187.0,3,0.05961251862891208
1328,188.0,3,0.4131147540983607
1329,189.0,3,0.34190620272314676
1330,190.0,3,0.34190620272314676
1331,191.0,3,0.10657193605683836
1332,192.0,3,0.05901116427432217
1333,193.0,3,0.10657193605683836
1334,194.0,3,0.19210526315789472
1335,195.0,3,0.06317204301075269
1336,196.0,3,0.09521857923497268
1337,197.0,3,0.13420647149460707
1338,198.0,3,0.13420647149460707
1339,199.0,3,0.0890625
1340,200.0,3,0.08742331288343558
1341,201.0,3,0.08188976377952756
1342,202.0,3,0.22553897180762852
1343,203.0,3,0.22022838499184338
1344,204.0,3,0.3323262839879154
1345,205.0,3,0.24770642201834864
1346,206.0,3,1.8333333333333333
1347,207.0,3,0.8630952380952381
1348,208.0,3,1.1702127659574468
1349,209.0,3,1.904047976011994
1350,210.0,3,1.8924508790072387
1351,211.0,3,3.27027027027027
1352,212.0,3,1.896024464831804
1353,213.0,3,2.6260504201680672
1354,214.0,3,3.3060109289617485
1355,215.0,3,3.6363636363636362
1356,216.0,3,2.1949685534591197
1357,217.0,3,2.3755656108597285
1358,218.0,3,1.896024464831804
1359,219.0,3,1.9205298013245033
1360,220.0,3,2.6260504201680672
1361,221.0,3,0.808
1362,222.0,3,3.1413333333333333
1363,223.0,3,1.4900849858356942
1364,224.0,3,1.9134860050890585
1365,225.0,3,3.1413333333333333
1366,226.0,3,0.4068522483940043
1367,227.0,3,0.3119266055045872
1368,228.0,3,0.7211538461538461
1369,229.0,3,1.9785932721712538
1370,230.0,3,0.0
1371,231.0,3,2.7272800000000004
1372,232.0,3,3.1413333333333333
1373,233.0,3,2.7124463519313307
1374,234.0,3,2.0
1375,235.0,3,1.6666666666666667
1376,237.0,3,3.1413333333333333
1377,237.0,3,3.1413333333333333
1378,238.0,3,1.3549337260677465
1379,239.0,3,0.0
1380,240.0,3,1.9555555555555555
1381,241.0,3,2.3008849557522124
1382,242.0,3,1.564245810055866
1383,243.0,3,1.6648168701442843
1384,244.0,3,3.090507726269316
1385,245.0,3,1.9631093544137022
1386,246.0,3,3.45679012345679
1387,247.0,3,1.40625
1388,248.0,3,1.148577449947313
1389,249.0,3,1.0521739130434782
1390,250.0,3,1.5250291036088475
1391,251.0,3,1.343101343101343
1392,252.0,3,1.419098143236074
1393,253.0,3,1.6618497109826589
1394,254.0,3,2.3127035830618894
1395,255.0,3,1.852899575671853
1396,256.0,3,1.079136690647482
1397,257.0,3,0.22448979591836735
1398,258.0,3,0.4129032258064516
1399,259.0,3,90.0
1400,260.0,3,110.0
1401,261.0,3,0.055299539170506916
1402,262.0,3,0.13636363636363635
1403,263.0,3,0.04310344827586207
1404,264.0,3,0.14912280701754385
1405,265.0,3,0.08196721311475409
1406,266.0,3,0.08387096774193549
1407,267.0,3,0.03278688524590164
1408,268.0,3,0.041666666666666664
1409,269.0,3,0.06167400881057269
1410,270.0,3,0.09554140127388536
1411,271.0,3,0.0761904761904762
1412,272.0,3,0.09655172413793103
1413,273.0,3,0.0783132530120482
1414,274.0,3,0.011730205278592375
1415,275.0,3,0.0410958904109589
1416,276.0,3,0.03717948717948718
1417,277.0,3,0.03125
1418,278.0,3,0.02491103202846975
1419,279.0,3,0.030819672131147544
1420,280.0,3,0.03436426116838488
1421,281.0,3,0.03724928366762178
1422,282.0,3,0.012738853503184714
1423,283.0,3,0.03670886075949367
1424,284.0,3,0.004580152671755725
1425,285.0,3,0.032
1426,286.0,3,0.04966887417218543
1427,287.0,3,0.033707865168539325
1428,288.0,3,0.21428571428571427
1429,289.0,3,0.03932584269662921
1430,290.0,3,0.025048169556840076
1431,291.0,3,0.1726962457337884
1432,292.0,3,0.051685393258426963
1433,293.0,3,0.04507042253521126
1434,294.0,3,0.075
1435,295.0,3,0.07226666666666667
1436,296.0,3,0.09338235294117647
1437,297.0,3,0.06948051948051948
1438,298.0,3,0.05747126436781609
1439,299.0,3,0.1078125
1440,300.0,3,0.22218045112781956
1441,301.0,3,0.0
1442,302.0,3,0.02252252252252252
1443,303.0,3,0.11165048543689321
1444,304.0,3,0.03584474885844749
1445,305.0,3,0.07377049180327869
1446,306.0,3,0.08518518518518518
1447,307.0,3,0.11176470588235295
1448,308.0,3,0.24886877828054296
1449,309.0,3,0.12318840579710146
1450,310.0,3,0.12389380530973451
1451,311.0,3,0.16666666666666666
1452,312.0,3,0.16642335766423358
1453,313.0,3,0.0359375
1454,314.0,3,0.0641025641025641
1455,315.0,3,0.0405
1456,316.0,3,0.058333333333333334
1457,317.0,3,0.0625
1458,318.0,3,0.12149532710280374
1459,319.0,3,0.06666666666666667
1460,320.0,3,0.033471074380165285
1461,321.0,3,0.08396946564885496
1462,322.0,3,0.061068702290076333
1463,323.0,3,0.05853658536585366
1464,324.0,3,0.06716417910447761
1465,325.0,3,0.043859649122807015
1466,326.0,3,0.03389830508474576
1467,327.0,3,0.1476510067114094
1468,328.0,3,0.057692307692307696
1469,329.0,3,0.05801526717557252
1470,330.0,3,0.058394160583941604
1471,331.0,3,0.1323529411764706
1472,332.0,3,0.04692307692307692
1473,333.0,3,0.061146496815286625
1474,334.0,3,0.031088082901554404
1475,335.0,3,0.05405405405405406
1476,336.0,3,0.0273972602739726
1477,337.0,3,0.061068702290076333
1478,338.0,3,0.013201320132013201
1479,339.0,3,0.08674101610904585
1480,340.0,3,0.11086474501108647
1481,341.0,3,0.11454753722794961
1482,342.0,3,0.0696078431372549
1483,343.0,3,0.1107419712070875
1484,344.0,3,0.07633587786259542
1485,345.0,3,0.08289473684210526
1486,346.0,3,0.08130081300813008
1487,347.0,3,0.07518796992481203
1488,348.0,3,0.11009174311926606
1489,349.0,3,0.6005221932114883
1490,350.0,3,0.5569007263922519
1491,351.0,3,0.7305389221556886
1492,352.0,3,1.7866004962779158
1493,353.0,3,0.24193548387096775
1494,354.0,3,0.2283464566929134
1495,355.0,3,1.7866004962779158
1496,356.0,3,1.17096018735363
1497,357.0,3,1.2208067940552016
1498,358.0,3,0.8104886769964242
1499,359.0,3,1.0454545454545454
1500,360.0,3,1.1049723756906076
1501,361.0,3,1.9696969696969697
1502,362.0,3,1.603563474387528
1503,363.0,3,0.060498220640569395
1504,364.0,3,0.14634146341463414
1505,365.0,3,0.17699115044247787
1506,366.0,3,0.05228758169934641
1507,367.0,3,0.19859154929577463
1508,368.0,3,0.06593406593406594
1509,369.0,3,0.5526315789473685
1510,370.0,3,0.24390243902439024
1511,371.0,3,0.5508474576271186
1512,372.0,3,0.2
1513,373.0,3,0.08547008547008547
1514,374.0,3,0.10732984293193717
1515,375.0,3,0.6055045871559633
1516,376.0,3,0.32101910828025476
1517,377.0,3,0.28846153846153844
1518,378.0,3,0.7941176470588235
1519,379.0,3,0.10810810810810811
1520,380.0,3,0.32581453634085217
1521,381.0,3,0.17608695652173914
1522,382.0,3,1.3278855975485189
1523,383.0,3,0.5188087774294672
1524,384.0,3,0.19914651493598862
1525,385.0,3,0.4274193548387097
1526,386.0,3,0.5594512195121952
1527,387.0,3,0.22522522522522523
1528,388.0,3,0.5864864864864865
1529,389.0,3,0.7101280558789289
1530,390.0,3,0.12195121951219513
1531,391.0,3,0.3905447070914697
1532,392.0,3,0.20706455542021926
1533,393.0,3,0.0
1534,394.0,3,0.1357142857142857
1535,395.0,3,1.0790513833992095
1536,396.0,3,0.2816901408450704
1537,397.0,3,0.13317307692307692
1538,398.0,3,0.08048289738430583
1539,399.0,3,0.03940886699507389
1540,400.0,3,0.04830917874396135
1541,401.0,3,0.0
1542,402.0,3,1.9770114942528736
1543,403.0,3,1.4403669724770642
1544,404.0,3,0.22900763358778625
1545,405.0,3,1.4403669724770642
1546,406.0,3,0.15527950310559005
1547,407.0,3,0.0
1548,408.0,3,0.0
1549,409.0,3,0.006222222222222222
1550,410.0,3,0.0
1551,411.0,3,0.0
1552,412.0,3,0.0
1553,413.0,3,0.0011111111111111111
1554,414.0,3,0.0
1555,415.0,3,0.0
1556,416.0,3,0.0
1557,417.0,3,0.0
1558,418.0,3,0.0
1559,419.0,3,0.0
1560,420.0,3,0.0
1561,421.0,3,0.0
1562,422.0,3,0.0
1563,423.0,3,0.0326975476839237
1564,424.0,3,0.09284332688588008
1565,425.0,3,0.03260869565217391
1566,426.0,3,0.00554016620498615
1567,427.0,3,0.03359173126614987
1568,428.0,3,0.04054054054054054
1569,429.0,3,0.03234501347708895
1570,430.0,3,0.0410958904109589
1571,431.0,3,0.025991792065663474
1572,432.0,3,0.0
1573,433.0,3,0.001122334455667789
1574,434.0,3,0.22832369942196531
1575,435.0,3,6.755725190839695
1576,436.0,3,8.286274509803922
1577,437.0,3,0.31444759206798867
1578,438.0,3,4.815686274509804
1579,439.0,3,1.1133720930232558
1580,440.0,3,0.723943661971831
1581,441.0,3,2.9655172413793105
1582,442.0,3,3.0316742081447963
1583,443.0,3,1.8865671641791044
1584,444.0,3,0.5773195876288659
1585,445.0,3,5.6455696202531644
1586,446.0,3,1.137123745819398
1587,447.0,3,0.2959830866807611
1588,448.0,3,1.8316831683168318
1589,449.0,3,0.3343465045592705
1590,450.0,3,0.3392857142857143
1591,451.0,3,2.3626062322946177
1592,452.0,3,0.524390243902439
1593,453.0,3,0.273972602739726
1594,454.0,3,6.1419753086419755
1595,455.0,3,3.610698365527489
1596,456.0,3,0.36363636363636365
1597,457.0,3,4.725609756097561
1598,458.0,3,5.100323624595469
1599,459.0,3,3.0338983050847457
1600,460.0,3,0.5042016806722689
1601,461.0,3,0.9540636042402827
1602,462.0,3,1.5357142857142858
1603,463.0,3,0.0
1604,464.0,3,0.0
1605,465.0,3,0.0
1606,466.0,3,0.0
1607,467.0,3,0.0
1608,468.0,3,1.4582392776523703
1609,469.0,3,5.121951219512195
1610,470.0,3,0.2131782945736434
1611,471.0,3,3.75
1612,472.0,3,0.38571428571428573
1613,473.0,3,6.25
1614,474.0,3,1.5
1615,475.0,3,0.002512562814070352
1616,476.0,3,0.03254437869822485
1617,477.0,3,0.1623931623931624
1618,478.0,3,0.01692524682651622
1619,479.0,3,0.03676470588235294
1620,480.0,3,0.56
1621,481.0,3,0.1487603305785124
1622,482.0,3,0.3836317135549872
1623,483.0,3,0.2676056338028169
1624,484.0,3,0.8496732026143791
1625,485.0,3,0.1411042944785276
1626,486.0,3,0.25268817204301075
1627,487.0,3,0.11400651465798045
1628,488.0,3,0.08839779005524862
1629,489.0,3,1.4414414414414414
1630,490.0,3,0.289193302891933
1631,491.0,3,0.14186851211072665
1632,492.0,3,1.3717948717948718
1633,493.0,3,0.0
1634,494.0,3,0.0
1635,495.0,3,0.0
1636,496.0,3,0.0
1637,497.0,3,0.0
1638,498.0,3,0.0
1639,499.0,3,0.0
1640,500.0,3,271.0526315789474
1641,501.0,3,40.0
1642,502.0,3,11.11111111111111
1643,503.0,3,386.25
1644,504.0,3,286.3636363636364
1645,505.0,3,498.5714285714285
1646,506.0,3,100.0
1647,507.0,3,750.0
1648,508.0,3,1100.0
1649,509.0,3,0.21832358674463936
1650,510.0,3,0.6697819314641744
1651,511.0,3,0.08548707753479125
1652,512.0,3,0.01201923076923077
1653,513.0,3,0.7798594847775175
1654,514.0,3,0.1638655462184874
1655,515.0,3,0.19616204690831557
1656,516.0,3,0.16766467065868262
1657,517.0,3,0.24481327800829875
1658,518.0,3,0.0
1659,519.0,3,0.010471204188481676
1660,520.0,3,0.0
1661,521.0,3,0.0
1662,522.0,3,0.21641791044776118
1663,523.0,3,0.1459227467811159
1664,524.0,3,0.035211267605633804
1665,525.0,3,0.0
1666,526.0,3,0.0
1667,527.0,3,0.0
1668,528.0,3,0.0
1669,529.0,3,0.09523809523809523
1670,530.0,3,0.23148148148148145
1671,531.0,3,12.5
1672,532.0,3,0.7647058823529411
1673,533.0,3,0.08241758241758242
1674,534.0,3,0.0
1675,535.0,3,0.09174311926605504
1676,536.0,3,10.0
1677,537.0,3,0.06944444444444443
1678,538.0,3,5.0
1679,539.0,3,0.043859649122807015
1680,540.0,3,0.023809523809523808
1681,541.0,3,0.028409090909090908
1682,542.0,3,0.08152173913043478
1683,543.0,3,1.9811320754716981
1684,544.0,3,0.8005050505050505
1685,545.0,3,0.4634920634920635
1686,546.0,3,0.7017543859649122
1687,547.0,3,0.45901639344262296
1688,548.0,3,0.4634920634920635
1689,549.0,3,0.7048458149779736
1690,550.0,3,1.3727272727272728
1691,551.0,3,1.3953488372093024
1692,552.0,3,4.938271604938271
1693,553.0,3,2.6666666666666665
1694,554.0,3,0.14989293361884368
1695,555.0,3,0.29804727646454265
1696,556.0,3,2.4583333333333335
1697,557.0,3,0.06639004149377593
1698,558.0,3,0.2757352941176471
1699,559.0,3,0.014285714285714285
1700,560.0,3,0.2494226327944573
1701,561.0,3,0.0
1702,562.0,3,0.21428571428571427
1703,563.0,3,0.14110429447852763
1704,564.0,3,0.18259023354564755
1705,565.0,3,0.36231884057971014
1706,566.0,3,0.21330275229357798
1707,567.0,3,0.6099290780141844
1708,568.0,3,0.19089574155653452
1709,569.0,3,1.115702479338843
1710,570.0,3,0.20454545454545456
1711,1.0,4,0.009589041095890411
1712,2.0,4,0.002197802197802198
1713,3.0,4,0.0040114613180515755
1714,4.0,4,0.004857142857142857
1715,5.0,4,0.016430594900849856
1716,6.0,4,0.007575757575757576
1717,7.0,4,0.007258064516129033
1718,8.0,4,0.0014044943820224719
1719,9.0,4,0.0010028653295128939
1720,10.0,4,0.007975460122699387
1721,11.0,4,0.007017543859649123
1722,12.0,4,0.002932551319648094
1723,13.0,4,0.012111801242236025
1724,14.0,4,0.019101123595505618
1725,15.0,4,0.0058823529411764705
1726,16.0,4,0.006936416184971098
1727,17.0,4,0.005454545454545454
1728,18.0,4,0.012994350282485875
1729,19.0,4,0.003418803418803419
1730,20.0,4,0.004779411764705883
1731,21.0,4,0.00228494623655914
1732,22.0,4,0.006584362139917696
1733,23.0,4,0.006415094339622641
1734,24.0,4,0.005494505494505495
1735,25.0,4,0.002570694087403599
1736,26.0,4,0.008483290488431876
1737,27.0,4,0.011636363636363637
1738,28.0,4,0.014516129032258065
1739,29.0,4,0.011428571428571429
1740,30.0,4,0.0036496350364963502
1741,31.0,4,0.009876543209876543
1742,32.0,4,0.010424710424710425
1743,33.0,4,0.008311688311688312
1744,34.0,4,0.010743801652892562
1745,35.0,4,0.008487084870848708
1746,36.0,4,0.0
1747,37.0,4,0.007540983606557377
1748,38.0,4,0.0
1749,39.0,4,0.002917771883289125
1750,40.0,4,0.005013927576601671
1751,41.0,4,0.008021390374331552
1752,42.0,4,0.01221590909090909
1753,43.0,4,0.008461538461538463
1754,44.0,4,0.011363636363636364
1755,45.0,4,0.0125
1756,46.0,4,0.00728476821192053
1757,47.0,4,0.0048543689320388345
1758,48.0,4,0.014598540145985403
1759,49.0,4,0.0163003663003663
1760,50.0,4,0.0029411764705882353
1761,51.0,4,0.012499999999999999
1762,52.0,4,0.014526315789473686
1763,53.0,4,0.0
1764,54.0,4,0.024806201550387597
1765,55.0,4,1.314487632508834
1766,56.0,4,0.025961538461538463
1767,57.0,4,0.02333333333333333
1768,58.0,4,0.02772277227722772
1769,59.0,4,0.029691211401425176
1770,60.0,4,0.03211009174311927
1771,61.0,4,0.011167512690355331
1772,62.0,4,0.019941348973607036
1773,63.0,4,0.017915309446254073
1774,64.0,4,0.009666666666666667
1775,65.0,4,0.02183098591549296
1776,66.0,4,0.028082191780821917
1777,67.0,4,0.02688524590163934
1778,68.0,4,0.01769436997319035
1779,69.0,4,0.03738317757009346
1780,70.0,4,0.029411764705882353
1781,71.0,4,0.005789473684210527
1782,72.0,4,0.0037333333333333333
1783,73.0,4,0.002617801047120419
1784,74.0,4,0.011949685534591194
1785,75.0,4,0.005842391304347826
1786,76.0,4,0.02543352601156069
1787,77.0,4,0.019739696312364424
1788,78.0,4,0.002898550724637681
1789,79.0,4,0.0018292682926829267
1790,80.0,4,0.011809045226130653
1791,81.0,4,0.01326259946949602
1792,82.0,4,0.06481481481481483
1793,83.0,4,0.021621621621621623
1794,84.0,4,0.016164383561643833
1795,85.0,4,0.039361702127659576
1796,86.0,4,0.10071942446043164
1797,87.0,4,0.02137232845894263
1798,88.0,4,0.08609271523178809
1799,89.0,4,0.009259259259259259
1800,90.0,4,0.009316770186335402
1801,91.0,4,0.010204081632653062
1802,92.0,4,0.00909090909090909
1803,93.0,4,0.01837270341207349
1804,94.0,4,0.11073825503355704
1805,95.0,4,0.010084033613445377
1806,96.0,4,0.03416856492027335
1807,97.0,4,0.02061855670103093
1808,98.0,4,0.01869158878504673
1809,99.0,4,0.15422885572139303
1810,100.0,4,0.1274131274131274
1811,101.0,4,0.026060606060606062
1812,102.0,4,0.028755364806866954
1813,103.0,4,0.028169014084507046
1814,104.0,4,0.00846394984326019
1815,105.0,4,0.02702702702702703
1816,106.0,4,0.059701492537313425
1817,107.0,4,0.008559201141226819
1818,108.0,4,0.01357615894039735
1819,109.0,4,0.023419203747072598
1820,110.0,4,0.04347826086956521
1821,111.0,4,0.030545454545454546
1822,112.0,4,0.0574712643678161
1823,113.0,4,0.13043478260869568
1824,114.0,4,0.020948180815876516
1825,115.0,4,0.03571428571428572
1826,116.0,4,0.027472527472527472
1827,117.0,4,0.0510204081632653
1828,118.0,4,0.016541353383458645
1829,119.0,4,0.024999999999999998
1830,120.0,4,0.015037593984962405
1831,121.0,4,0.011178247734138972
1832,122.0,4,0.024873096446700507
1833,123.0,4,0.027739726027397264
1834,124.0,4,0.021806853582554516
1835,125.0,4,0.03153153153153153
1836,126.0,4,0.012121212121212121
1837,127.0,4,0.01
1838,128.0,4,0.03353293413173653
1839,129.0,4,0.0205761316872428
1840,130.0,4,0.002346041055718475
1841,131.0,4,0.0030694668820678513
1842,132.0,4,0.0011583011583011582
1843,133.0,4,0.0018992248062015503
1844,134.0,4,0.013666666666666666
1845,135.0,4,0.0008764940239043825
1846,136.0,4,0.00398406374501992
1847,137.0,4,0.001952191235059761
1848,138.0,4,0.0019215686274509803
1849,139.0,4,0.017272727272727273
1850,140.0,4,0.0
1851,141.0,4,0.000641025641025641
1852,142.0,4,0.0026903553299492387
1853,143.0,4,0.009540636042402828
1854,144.0,4,0.01050228310502283
1855,145.0,4,0.005687203791469194
1856,146.0,4,0.00657439446366782
1857,147.0,4,0.007540983606557377
1858,148.0,4,0.0021030042918454934
1859,149.0,4,0.01570048309178744
1860,150.0,4,0.017577197149643703
1861,151.0,4,0.004986522911051213
1862,152.0,4,0.016129032258064516
1863,153.0,4,0.005636070853462158
1864,154.0,4,0.005914718019257221
1865,155.0,4,0.005405405405405406
1866,156.0,4,0.005989583333333333
1867,157.0,4,0.02710027100271003
1868,,4,0.014285714285714285
1869,159.0,4,0.006476683937823834
1870,160.0,4,0.028761061946902654
1871,161.0,4,0.02808641975308642
1872,162.0,4,0.018028846153846152
1873,163.0,4,0.009188361408882083
1874,164.0,4,0.0071428571428571435
1875,165.0,4,0.011764705882352941
1876,166.0,4,0.01624548736462094
1877,167.0,4,0.0045632333767926985
1878,168.0,4,0.006711409395973153
1879,169.0,4,0.010351201478743069
1880,170.0,4,0.023985239852398525
1881,171.0,4,0.00826771653543307
1882,172.0,4,0.006306306306306306
1883,173.0,4,0.012684989429175475
1884,174.0,4,0.02
1885,175.0,4,0.010769230769230769
1886,176.0,4,0.008048289738430584
1887,177.0,4,0.00704225352112676
1888,178.0,4,0.012
1889,179.0,4,0.006072874493927126
1890,180.0,4,0.008070866141732283
1891,181.0,4,0.006197478991596638
1892,182.0,4,0.00425531914893617
1893,183.0,4,0.004632152588555858
1894,184.0,4,0.010211267605633803
1895,185.0,4,0.010108303249097473
1896,186.0,4,0.008534850640113799
1897,187.0,4,0.004470938897168405
1898,188.0,4,0.006721311475409835
1899,189.0,4,0.005748865355521936
1900,190.0,4,0.005748865355521936
1901,191.0,4,0.004440497335701598
1902,192.0,4,0.002073365231259968
1903,193.0,4,0.004440497335701598
1904,194.0,4,0.008421052631578947
1905,195.0,4,0.002150537634408602
1906,196.0,4,0.003551912568306011
1907,197.0,4,0.004314329738058551
1908,198.0,4,0.004314329738058551
1909,199.0,4,0.010624999999999999
1910,200.0,4,0.010429447852760737
1911,201.0,4,0.012755905511811024
1912,202.0,4,0.011940298507462687
1913,203.0,4,0.011419249592169658
1914,204.0,4,0.003927492447129909
1915,205.0,4,0.003440366972477064
1916,206.0,4,0.0007121212121212121
1917,207.0,4,0.0006845238095238096
1918,208.0,4,0.001170212765957447
1919,209.0,4,0.0006146926536731635
1920,210.0,4,0.0007238883143743537
1921,211.0,4,0.0024324324324324323
1922,212.0,4,0.0013761467889908255
1923,213.0,4,0.0018907563025210082
1924,214.0,4,0.0024590163934426227
1925,215.0,4,0.0007670454545454546
1926,216.0,4,0.0014675052410901466
1927,217.0,4,0.0006787330316742081
1928,218.0,4,0.0013761467889908255
1929,219.0,4,0.0017218543046357616
1930,220.0,4,0.0018907563025210082
1931,221.0,4,0.00088
1932,222.0,4,0.0026666666666666666
1933,223.0,4,0.0005099150141643059
1934,224.0,4,0.001501272264631043
1935,225.0,4,0.0026666666666666666
1936,226.0,4,0.002355460385438972
1937,227.0,4,0.0030581039755351682
1938,228.0,4,0.0009615384615384616
1939,229.0,4,0.0027828746177370033
1940,230.0,4,0.0
1941,231.0,4,0.0
1942,232.0,4,0.0026666666666666666
1943,233.0,4,0.0008583690987124464
1944,234.0,4,0.0
1945,235.0,4,0.0
1946,237.0,4,0.0026666666666666666
1947,237.0,4,0.0026666666666666666
1948,238.0,4,0.005891016200294551
1949,239.0,4,0.0020344287949921754
1950,240.0,4,0.0071111111111111115
1951,241.0,4,0.007079646017699116
1952,242.0,4,0.00223463687150838
1953,243.0,4,0.001109877913429523
1954,244.0,4,0.001986754966887417
1955,245.0,4,0.0013175230566534915
1956,246.0,4,0.0022222222222222222
1957,247.0,4,0.0021205357142857146
1958,248.0,4,0.001475237091675448
1959,249.0,4,0.0008695652173913044
1960,250.0,4,0.0011641443538998836
1961,251.0,4,0.001221001221001221
1962,252.0,4,0.001326259946949602
1963,253.0,4,0.001445086705202312
1964,254.0,4,0.0014657980456026058
1965,255.0,4,0.0014144271570014145
1966,256.0,4,0.002158273381294964
1967,257.0,4,0.004081632653061225
1968,258.0,4,0.023870967741935485
1969,259.0,4,43.125
1970,260.0,4,42.413793103448285
1971,261.0,4,0.004377880184331797
1972,262.0,4,0.03636363636363636
1973,263.0,4,0.004310344827586207
1974,264.0,4,0.017543859649122806
1975,265.0,4,0.009836065573770493
1976,266.0,4,0.016774193548387096
1977,267.0,4,0.006830601092896175
1978,268.0,4,0.012152777777777778
1979,269.0,4,0.011013215859030838
1980,270.0,4,0.006242038216560509
1981,271.0,4,0.009523809523809525
1982,272.0,4,0.007586206896551725
1983,273.0,4,0.004397590361445783
1984,274.0,4,0.001466275659824047
1985,275.0,4,0.008219178082191782
1986,276.0,4,0.011538461538461539
1987,277.0,4,0.005113636363636364
1988,278.0,4,0.0035587188612099642
1989,279.0,4,0.005901639344262295
1990,280.0,4,0.00859106529209622
1991,281.0,4,0.005157593123209169
1992,282.0,4,0.001910828025477707
1993,283.0,4,0.01139240506329114
1994,284.0,4,0.0010687022900763357
1995,285.0,4,0.0128
1996,286.0,4,0.020529801324503313
1997,287.0,4,0.009550561797752809
1998,288.0,4,0.007983193277310924
1999,289.0,4,0.002059925093632959
2000,290.0,4,0.0032755298651252407
2001,291.0,4,0.0034129692832764505
2002,292.0,4,0.005898876404494382
2003,293.0,4,0.009859154929577466
2004,294.0,4,0.01
2005,295.0,4,0.009066666666666666
2006,296.0,4,0.016911764705882352
2007,297.0,4,0.013311688311688311
2008,298.0,4,0.004597701149425287
2009,299.0,4,0.03203125
2010,300.0,4,0.003120300751879699
2011,301.0,4,0.0
2012,302.0,4,0.0022522522522522522
2013,303.0,4,0.004530744336569579
2014,304.0,4,0.00228310502283105
2015,305.0,4,0.00819672131147541
2016,306.0,4,0.044444444444444446
2017,307.0,4,0.007352941176470588
2018,308.0,4,0.011312217194570135
2019,309.0,4,0.009420289855072464
2020,310.0,4,0.024778761061946902
2021,311.0,4,0.012745098039215686
2022,312.0,4,0.0072992700729927005
2023,313.0,4,0.00703125
2024,314.0,4,0.011538461538461539
2025,315.0,4,0.0095
2026,316.0,4,0.0175
2027,317.0,4,0.013125000000000001
2028,318.0,4,0.019626168224299065
2029,319.0,4,0.024166666666666666
2030,320.0,4,0.007851239669421486
2031,321.0,4,0.022900763358778626
2032,322.0,4,0.01603053435114504
2033,323.0,4,0.007317073170731708
2034,324.0,4,0.07462686567164178
2035,325.0,4,0.037719298245614034
2036,326.0,4,0.051694915254237285
2037,327.0,4,0.011409395973154362
2038,328.0,4,0.04615384615384615
2039,329.0,4,0.13740458015267176
2040,330.0,4,0.07445255474452554
2041,331.0,4,0.054411764705882354
2042,332.0,4,0.05307692307692308
2043,333.0,4,0.01910828025477707
2044,334.0,4,0.01139896373056995
2045,335.0,4,0.01756756756756757
2046,336.0,4,0.0136986301369863
2047,337.0,4,0.012977099236641221
2048,338.0,4,0.0039603960396039604
2049,339.0,4,0.23420074349442377
2050,340.0,4,0.07095343680709534
2051,341.0,4,0.09163802978235969
2052,342.0,4,0.07156862745098039
2053,343.0,4,0.08194905869324474
2054,344.0,4,0.0916030534351145
2055,345.0,4,0.5526315789473685
2056,346.0,4,0.02926829268292683
2057,347.0,4,0.015789473684210527
2058,348.0,4,0.022935779816513763
2059,349.0,4,0.18276762402088775
2060,350.0,4,0.16949152542372883
2061,351.0,4,0.011976047904191617
2062,352.0,4,0.003970223325062035
2063,353.0,4,0.010483870967741936
2064,354.0,4,0.010236220472440945
2065,355.0,4,0.003970223325062035
2066,356.0,4,0.011709601873536299
2067,357.0,4,0.03503184713375796
2068,358.0,4,0.015494636471990465
2069,359.0,4,0.03
2070,360.0,4,0.058011049723756904
2071,361.0,4,0.046969696969696974
2072,362.0,4,0.013363028953229399
2073,363.0,4,0.0030960854092526692
2074,364.0,4,0.004878048780487805
2075,365.0,4,0.004424778761061947
2076,366.0,4,0.008496732026143792
2077,367.0,4,0.007042253521126761
2078,368.0,4,0.006593406593406593
2079,369.0,4,0.0061403508771929825
2080,370.0,4,0.005691056910569105
2081,371.0,4,0.00847457627118644
2082,372.0,4,0.0056
2083,373.0,4,0.004273504273504274
2084,374.0,4,0.004397905759162304
2085,375.0,4,0.002752293577981651
2086,376.0,4,0.014012738853503185
2087,377.0,4,0.009615384615384616
2088,378.0,4,0.008823529411764706
2089,379.0,4,0.002702702702702703
2090,380.0,4,0.0040100250626566416
2091,381.0,4,0.0005652173913043479
2092,382.0,4,0.02247191011235955
2093,383.0,4,0.01724137931034483
2094,384.0,4,0.012802275960170698
2095,385.0,4,0.012096774193548387
2096,386.0,4,0.003201219512195122
2097,387.0,4,0.0
2098,388.0,4,0.010405405405405405
2099,389.0,4,0.010477299185098952
2100,390.0,4,0.004573170731707318
2101,391.0,4,0.007708119218910586
2102,392.0,4,0.006090133982947625
2103,393.0,4,0.0
2104,394.0,4,0.004285714285714286
2105,395.0,4,0.016600790513833993
2106,396.0,4,0.01006036217303823
2107,397.0,4,0.005769230769230769
2108,398.0,4,0.01006036217303823
2109,399.0,4,0.0049261083743842365
2110,400.0,4,0.005797101449275362
2111,401.0,4,0.0
2112,402.0,4,0.014942528735632184
2113,403.0,4,0.01330275229357798
2114,404.0,4,0.006870229007633588
2115,405.0,4,0.01330275229357798
2116,406.0,4,0.011180124223602485
2117,407.0,4,3.3333333333333335e-05
2118,408.0,4,4.4444444444444447e-05
2119,409.0,4,2.5555555555555554e-05
2120,410.0,4,0.0
2121,411.0,4,3.3370411568409345e-05
2122,412.0,4,0.0
2123,413.0,4,0.0
2124,414.0,4,0.0
2125,415.0,4,0.0
2126,416.0,4,0.0004449388209121246
2127,417.0,4,0.0
2128,418.0,4,0.0
2129,419.0,4,0.0
2130,420.0,4,0.0
2131,421.0,4,0.0
2132,422.0,4,0.0
2133,423.0,4,2.7247956403269754e-05
2134,424.0,4,0.002127659574468085
2135,425.0,4,2.7173913043478262e-05
2136,426.0,4,0.0004155124653739612
2137,427.0,4,0.00015503875968992246
2138,428.0,4,0.0
2139,429.0,4,0.00016172506738544473
2140,430.0,4,8.219178082191781e-05
2141,431.0,4,0.0
2142,432.0,4,0.0
2143,433.0,4,0.0001122334455667789
2144,434.0,4,0.01647398843930636
2145,435.0,4,0.12213740458015268
2146,436.0,4,0.16470588235294117
2147,437.0,4,0.031444759206798865
2148,438.0,4,0.14941176470588236
2149,439.0,4,0.040697674418604654
2150,440.0,4,0.004507042253521127
2151,441.0,4,0.05172413793103448
2152,442.0,4,0.08144796380090498
2153,443.0,4,0.03522388059701493
2154,444.0,4,0.18900343642611683
2155,445.0,4,0.15443037974683543
2156,446.0,4,0.017837235228539576
2157,447.0,4,0.021141649048625793
2158,448.0,4,0.024752475247524754
2159,449.0,4,0.012158054711246202
2160,450.0,4,0.05892857142857143
2161,451.0,4,0.12181303116147309
2162,452.0,4,0.0225609756097561
2163,453.0,4,0.05205479452054794
2164,454.0,4,0.2552469135802469
2165,455.0,4,0.07578008915304606
2166,456.0,4,0.005928853754940711
2167,457.0,4,0.0
2168,458.0,4,0.1423948220064725
2169,459.0,4,0.061016949152542375
2170,460.0,4,0.06610644257703081
2171,461.0,4,0.05053003533568905
2172,462.0,4,0.04
2173,463.0,4,0.0
2174,464.0,4,0.0
2175,465.0,4,0.0
2176,466.0,4,0.0
2177,467.0,4,0.0
2178,468.0,4,0.0835214446952596
2179,469.0,4,0.33604336043360433
2180,470.0,4,0.002325581395348837
2181,471.0,4,0.125
2182,472.0,4,0.010285714285714285
2183,473.0,4,0.20833333333333334
2184,474.0,4,0.1125
2185,475.0,4,0.0001256281407035176
2186,476.0,4,0.0
2187,477.0,4,0.007692307692307693
2188,478.0,4,0.0005641748942172074
2189,479.0,4,0.0011029411764705882
2190,480.0,4,0.0232
2191,481.0,4,0.007024793388429752
2192,482.0,4,0.014066496163682865
2193,483.0,4,0.01267605633802817
2194,484.0,4,0.0013071895424836603
2195,485.0,4,0.008588957055214723
2196,486.0,4,0.008602150537634409
2197,487.0,4,0.000977198697068404
2198,488.0,4,0.0020257826887661143
2199,489.0,4,0.0009009009009009009
2200,490.0,4,0.0410958904109589
2201,491.0,4,0.002422145328719723
2202,492.0,4,0.06794871794871794
2203,493.0,4,0.0
2204,494.0,4,0.0
2205,495.0,4,0.0
2206,496.0,4,0.0
2207,497.0,4,0.0
2208,498.0,4,0.0
2209,499.0,4,0.0
2210,500.0,4,88.15789473684211
2211,501.0,4,13.0
2212,502.0,4,3.6296296296296293
2213,503.0,4,123.75
2214,504.0,4,92.72727272727272
2215,505.0,4,192.85714285714283
2216,506.0,4,33.333333333333336
2217,507.0,4,242.49999999999997
2218,508.0,4,560.0
2219,509.0,4,0.003118908382066277
2220,510.0,4,0.000529595015576324
2221,511.0,4,0.003976143141153081
2222,512.0,4,0.0004807692307692308
2223,513.0,4,0.0351288056206089
2224,514.0,4,0.00273109243697479
2225,515.0,4,0.006823027718550107
2226,516.0,4,0.0041916167664670665
2227,517.0,4,0.004149377593360996
2228,518.0,4,0.0071588366890380315
2229,519.0,4,0.0010471204188481676
2230,520.0,4,0.0
2231,521.0,4,0.0
2232,522.0,4,0.0014925373134328358
2233,523.0,4,0.002145922746781116
2234,524.0,4,0.0
2235,525.0,4,0.0
2236,526.0,4,0.0
2237,527.0,4,0.0
2238,528.0,4,0.0
2239,529.0,4,0.0
2240,530.0,4,0.0
2241,531.0,4,0.0
2242,532.0,4,0.011764705882352941
2243,533.0,4,0.0
2244,534.0,4,0.0
2245,535.0,4,0.0006880733944954128
2246,536.0,4,0.075
2247,537.0,4,0.0006944444444444444
2248,538.0,4,0.0375
2249,539.0,4,0.0013157894736842105
2250,540.0,4,0.0
2251,541.0,4,0.0002840909090909091
2252,542.0,4,0.0
2253,543.0,4,0.03773584905660378
2254,544.0,4,0.0
2255,545.0,4,0.05396825396825397
2256,546.0,4,0.016666666666666666
2257,547.0,4,0.05327868852459017
2258,548.0,4,0.05396825396825397
2259,549.0,4,0.019383259911894275
2260,550.0,4,0.07727272727272727
2261,551.0,4,0.016860465116279068
2262,552.0,4,0.0
2263,553.0,4,0.0
2264,554.0,4,0.012847965738758028
2265,555.0,4,0.012332990750256937
2266,556.0,4,0.004166666666666667
2267,557.0,4,0.006639004149377594
2268,558.0,4,0.0018382352941176473
2269,559.0,4,0.0
2270,560.0,4,0.003464203233256351
2271,561.0,4,0.0
2272,562.0,4,0.0
2273,563.0,4,0.005316973415132925
2274,564.0,4,0.009129511677282378
2275,565.0,4,0.0070048309178743955
2276,566.0,4,0.013073394495412843
2277,567.0,4,0.02056737588652482
2278,568.0,4,0.0063142437591776806
2279,569.0,4,0.01900826446280992
2280,570.0,4,0.008143939393939394
2281,1.0,5,0.04657534246575343
2282,2.0,5,0.010714285714285714
2283,3.0,5,0.011461318051575931
2284,4.0,5,0.02857142857142857
2285,5.0,5,0.02379603399433428
2286,6.0,5,0.02727272727272727
2287,7.0,5,0.016129032258064516
2288,8.0,5,0.008426966292134831
2289,9.0,5,0.0
2290,10.0,5,0.006134969325153374
2291,11.0,5,0.002046783625730994
2292,12.0,5,0.005865102639296188
2293,13.0,5,0.009316770186335404
2294,14.0,5,0.601123595505618
2295,15.0,5,2.823529411764706
2296,16.0,5,0.017341040462427744
2297,17.0,5,0.15454545454545454
2298,18.0,5,0.014124293785310734
2299,19.0,5,0.002849002849002849
2300,20.0,5,0.4650735294117647
2301,21.0,5,1.2365591397849462
2302,22.0,5,1.7448559670781894
2303,23.0,5,0.007547169811320755
2304,24.0,5,1.5531135531135531
2305,25.0,5,1.8046272493573265
2306,26.0,5,0.493573264781491
2307,27.0,5,0.08509090909090909
2308,28.0,5,1.907258064516129
2309,29.0,5,2.4612244897959186
2310,30.0,5,1.9343065693430657
2311,31.0,5,1.9094650205761317
2312,32.0,5,1.393822393822394
2313,33.0,5,1.3974025974025974
2314,34.0,5,1.8471074380165289
2315,35.0,5,1.4760147601476015
2316,36.0,5,1.3358778625954197
2317,37.0,5,1.8032786885245902
2318,38.0,5,1.2075471698113207
2319,39.0,5,0.026525198938992044
2320,40.0,5,0.019498607242339833
2321,41.0,5,0.045454545454545456
2322,42.0,5,0.12215909090909091
2323,43.0,5,0.046153846153846156
2324,44.0,5,0.014204545454545454
2325,45.0,5,4.269230769230769
2326,46.0,5,2.880794701986755
2327,47.0,5,0.3883495145631068
2328,48.0,5,0.05474452554744526
2329,49.0,5,0.5494505494505494
2330,50.0,5,0.030294117647058826
2331,51.0,5,2.9635416666666665
2332,52.0,5,0.018947368421052633
2333,53.0,5,0.0
2334,54.0,5,0.08527131782945736
2335,55.0,5,3.137809187279152
2336,56.0,5,0.08653846153846154
2337,57.0,5,1.8333333333333333
2338,58.0,5,2.405940594059406
2339,59.0,5,3.491686460807601
2340,60.0,5,2.18348623853211
2341,61.0,5,0.03807106598984772
2342,62.0,5,0.07331378299120235
2343,63.0,5,0.035830618892508145
2344,64.0,5,0.11666666666666667
2345,65.0,5,0.0528169014084507
2346,66.0,5,0.0821917808219178
2347,67.0,5,0.07868852459016394
2348,68.0,5,0.01260053619302949
2349,69.0,5,14.392523364485982
2350,70.0,5,0.2323529411764706
2351,71.0,5,0.16666666666666666
2352,72.0,5,0.14666666666666667
2353,73.0,5,0.010471204188481676
2354,74.0,5,1.8238993710691824
2355,75.0,5,0.036684782608695655
2356,76.0,5,1.2138728323699421
2357,77.0,5,1.2581344902386116
2358,78.0,5,0.011594202898550725
2359,79.0,5,0.08536585365853659
2360,80.0,5,1.5326633165829147
2361,81.0,5,1.246684350132626
2362,82.0,5,0.4938271604938272
2363,83.0,5,0.02702702702702703
2364,84.0,5,0.2191780821917808
2365,85.0,5,18.51063829787234
2366,86.0,5,9.172661870503596
2367,87.0,5,3.014623172103487
2368,88.0,5,21.721854304635762
2369,89.0,5,14.351851851851851
2370,90.0,5,9.751552795031055
2371,91.0,5,9.795918367346939
2372,92.0,5,7.878787878787879
2373,93.0,5,0.15748031496062992
2374,94.0,5,5.033557046979865
2375,95.0,5,0.15966386554621848
2376,96.0,5,1.070615034168565
2377,97.0,5,5.154639175257732
2378,98.0,5,0.14018691588785048
2379,99.0,5,0.5970149253731343
2380,100.0,5,3.088803088803089
2381,101.0,5,0.6666666666666666
2382,102.0,5,0.04291845493562232
2383,103.0,5,0.1091549295774648
2384,104.0,5,0.09404388714733543
2385,105.0,5,0.32432432432432434
2386,106.0,5,0.34825870646766166
2387,107.0,5,0.14265335235378032
2388,108.0,5,0.3973509933774835
2389,109.0,5,0.21545667447306788
2390,110.0,5,0.8009153318077803
2391,111.0,5,0.4727272727272727
2392,112.0,5,0.8045977011494253
2393,113.0,5,3.3333333333333335
2394,114.0,5,0.022050716648291068
2395,115.0,5,0.35714285714285715
2396,116.0,5,0.04120879120879121
2397,117.0,5,0.1530612244897959
2398,118.0,5,0.37593984962406013
2399,119.0,5,0.8898305084745762
2400,120.0,5,0.22556390977443608
2401,121.0,5,0.12084592145015105
2402,122.0,5,0.20304568527918782
2403,123.0,5,0.15068493150684933
2404,124.0,5,0.1557632398753894
2405,125.0,5,0.40540540540540543
2406,126.0,5,0.3939393939393939
2407,127.0,5,0.5333333333333333
2408,128.0,5,0.2874251497005988
2409,129.0,5,2.139917695473251
2410,130.0,5,0.008797653958944282
2411,131.0,5,0.1938610662358643
2412,132.0,5,0.003861003861003861
2413,133.0,5,0.15503875968992248
2414,134.0,5,1.6666666666666667
2415,135.0,5,0.027888446215139442
2416,136.0,5,0.0398406374501992
2417,137.0,5,0.027888446215139442
2418,138.0,5,0.0196078431372549
2419,139.0,5,1.4242424242424243
2420,140.0,5,0.0
2421,141.0,5,0.04700854700854701
2422,142.0,5,0.03553299492385787
2423,143.0,5,0.0353356890459364
2424,144.0,5,0.0365296803652968
2425,145.0,5,0.044233807266982623
2426,146.0,5,0.02768166089965398
2427,147.0,5,0.06885245901639345
2428,148.0,5,0.02017167381974249
2429,149.0,5,0.04830917874396135
2430,150.0,5,0.023752969121140142
2431,151.0,5,0.053908355795148244
2432,152.0,5,0.0967741935483871
2433,153.0,5,0.043478260869565216
2434,154.0,5,0.055020632737276476
2435,155.0,5,0.03534303534303534
2436,156.0,5,0.09114583333333333
2437,157.0,5,0.03523035230352304
2438,,5,0.04347826086956521
2439,159.0,5,0.03238341968911917
2440,160.0,5,0.037610619469026545
2441,161.0,5,0.04938271604938272
2442,162.0,5,0.09615384615384615
2443,163.0,5,0.01990811638591118
2444,164.0,5,0.07722007722007722
2445,165.0,5,0.11764705882352941
2446,166.0,5,0.06859205776173286
2447,167.0,5,0.03259452411994785
2448,168.0,5,0.024608501118568233
2449,169.0,5,0.022181146025878003
2450,170.0,5,0.3505535055350553
2451,171.0,5,0.025590551181102365
2452,172.0,5,0.3063063063063063
2453,173.0,5,0.042283298097251586
2454,174.0,5,0.05333333333333333
2455,175.0,5,0.030769230769230767
2456,176.0,5,0.02012072434607646
2457,177.0,5,0.09389671361502347
2458,178.0,5,0.08571428571428572
2459,179.0,5,0.042510121457489884
2460,180.0,5,0.04133858267716536
2461,181.0,5,0.010504201680672268
2462,182.0,5,0.028368794326241134
2463,183.0,5,0.02997275204359673
2464,184.0,5,0.07042253521126761
2465,185.0,5,0.10108303249097472
2466,186.0,5,0.02844950213371266
2467,187.0,5,0.02980625931445604
2468,188.0,5,0.022950819672131147
2469,189.0,5,0.009077155824508321
2470,190.0,5,0.009077155824508321
2471,191.0,5,0.003552397868561279
2472,192.0,5,0.6379585326953748
2473,193.0,5,0.003552397868561279
2474,194.0,5,0.05789473684210526
2475,195.0,5,0.3763440860215054
2476,196.0,5,0.0009153005464480875
2477,197.0,5,0.003697996918335901
2478,198.0,5,0.003697996918335901
2479,199.0,5,0.9578125
2480,200.0,5,0.004601226993865031
2481,201.0,5,0.028346456692913385
2482,202.0,5,0.48092868988391374
2483,203.0,5,1.0603588907014683
2484,204.0,5,0.6404833836858006
2485,205.0,5,0.02293577981651376
2486,206.0,5,0.7424242424242424
2487,207.0,5,0.4166666666666667
2488,208.0,5,0.5319148936170213
2489,209.0,5,0.6296851574212893
2490,210.0,5,0.3102378490175801
2491,211.0,5,1.4324324324324325
2492,212.0,5,0.7339449541284403
2493,213.0,5,0.9873949579831932
2494,214.0,5,1.4480874316939891
2495,215.0,5,1.5625
2496,216.0,5,0.7777777777777778
2497,217.0,5,1.1538461538461537
2498,218.0,5,0.7339449541284403
2499,219.0,5,1.1920529801324504
2500,220.0,5,0.9873949579831932
2501,221.0,5,0.32
2502,222.0,5,1.8773333333333333
2503,223.0,5,2.651558073654391
2504,224.0,5,1.717557251908397
2505,225.0,5,1.8773333333333333
2506,226.0,5,1.6916488222698072
2507,227.0,5,2.055045871559633
2508,228.0,5,1.9423076923076923
2509,229.0,5,2.4464831804281344
2510,230.0,5,2.300033000330003
2511,231.0,5,2.5181999999999998
2512,232.0,5,1.8773333333333333
2513,233.0,5,1.6008583690987124
2514,234.0,5,1.5999999999999999
2515,235.0,5,2.1111
2516,237.0,5,1.8773333333333333
2517,237.0,5,1.8773333333333333
2518,238.0,5,0.589101620029455
2519,239.0,5,0.7198748043818467
2520,240.0,5,0.16666666666666666
2521,241.0,5,1.1858407079646018
2522,242.0,5,0.893854748603352
2523,243.0,5,0.7214206437291898
2524,244.0,5,1.2582781456953642
2525,245.0,5,0.8695652173913043
2526,246.0,5,1.4074074074074074
2527,247.0,5,0.5714285714285715
2528,248.0,5,0.8640674394099052
2529,249.0,5,0.5652173913043478
2530,250.0,5,0.570430733410943
2531,251.0,5,0.5006105006105006
2532,252.0,5,0.5968169761273209
2533,253.0,5,0.6213872832369942
2534,254.0,5,1.3029315960912053
2535,255.0,5,0.693069306930693
2536,256.0,5,0.5107913669064749
2537,257.0,5,3.4693877551020407
2538,258.0,5,0.9096774193548387
2539,259.0,5,3375.0
2540,260.0,5,3037.9310344827586
2541,261.0,5,0.33640552995391704
2542,262.0,5,0.42727272727272725
2543,263.0,5,0.2629310344827586
2544,264.0,5,0.7543859649122807
2545,265.0,5,0.5191256830601093
2546,266.0,5,0.5612903225806452
2547,267.0,5,0.1994535519125683
2548,268.0,5,0.1875
2549,269.0,5,0.16740088105726872
2550,270.0,5,0.4012738853503185
2551,271.0,5,0.4380952380952381
2552,272.0,5,0.45517241379310347
2553,273.0,5,0.5
2554,274.0,5,0.9970674486803519
2555,275.0,5,0.3378995433789954
2556,276.0,5,0.46153846153846156
2557,277.0,5,0.1846590909090909
2558,278.0,5,0.2669039145907473
2559,279.0,5,0.20655737704918034
2560,280.0,5,0.20618556701030927
2561,281.0,5,0.27650429799426934
2562,282.0,5,3.121019108280255
2563,283.0,5,0.4810126582278481
2564,284.0,5,0.8549618320610687
2565,285.0,5,0.24
2566,286.0,5,0.5761589403973509
2567,287.0,5,0.29213483146067415
2568,288.0,5,2.953781512605042
2569,289.0,5,1.7397003745318351
2570,290.0,5,1.7129094412331407
2571,291.0,5,2.2935153583617747
2572,292.0,5,3.943820224719101
2573,293.0,5,2.976525821596244
2574,294.0,5,5.283333333333333
2575,295.0,5,4.429333333333333
2576,296.0,5,14.441176470588236
2577,297.0,5,4.7727272727272725
2578,298.0,5,0.20114942528735633
2579,299.0,5,2.65625
2580,300.0,5,2.8796992481203008
2581,301.0,5,8.38036809815951
2582,302.0,5,4.693693693693693
2583,303.0,5,3.43042071197411
2584,304.0,5,2.680365296803653
2585,305.0,5,0.6721311475409836
2586,306.0,5,0.4074074074074074
2587,307.0,5,0.38235294117647056
2588,308.0,5,0.7579185520361991
2589,309.0,5,0.4855072463768116
2590,310.0,5,0.3893805309734513
2591,311.0,5,0.5588235294117647
2592,312.0,5,0.48905109489051096
2593,313.0,5,0.19140625
2594,314.0,5,0.36752136752136755
2595,315.0,5,0.305
2596,316.0,5,0.5083333333333333
2597,317.0,5,0.31875
2598,318.0,5,0.8691588785046729
2599,319.0,5,0.7083333333333334
2600,320.0,5,0.25206611570247933
2601,321.0,5,0.8015267175572519
2602,322.0,5,0.4580152671755725
2603,323.0,5,0.424390243902439
2604,324.0,5,0.34328358208955223
2605,325.0,5,0.7017543859649122
2606,326.0,5,1.0
2607,327.0,5,0.7449664429530202
2608,328.0,5,0.8846153846153846
2609,329.0,5,0.5877862595419847
2610,330.0,5,0.5255474452554745
2611,331.0,5,0.5
2612,332.0,5,0.8923076923076924
2613,333.0,5,0.5923566878980892
2614,334.0,5,2.1761658031088085
2615,335.0,5,0.5405405405405406
2616,336.0,5,0.3150684931506849
2617,337.0,5,0.5725190839694656
2618,338.0,5,0.21122112211221122
2619,339.0,5,1.8959107806691449
2620,340.0,5,1.7405764966740576
2621,341.0,5,2.268041237113402
2622,342.0,5,1.696078431372549
2623,343.0,5,2.436323366555925
2624,344.0,5,1.5267175572519085
2625,345.0,5,2.723684210526316
2626,346.0,5,1.2439024390243902
2627,347.0,5,0.9398496240601504
2628,348.0,5,1.4495412844036697
2629,349.0,5,0.731070496083551
2630,350.0,5,0.6779661016949153
2631,351.0,5,3.2335329341317367
2632,352.0,5,1.3647642679900744
2633,353.0,5,2.9838709677419355
2634,354.0,5,2.9133858267716537
2635,355.0,5,1.3647642679900744
2636,356.0,5,4.68384074941452
2637,357.0,5,3.237791932059448
2638,358.0,5,2.1692491060786647
2639,359.0,5,2.772727272727273
2640,360.0,5,4.088397790055248
2641,361.0,5,2.4242424242424243
2642,362.0,5,4.042316258351893
2643,363.0,5,0.2313167259786477
2644,364.0,5,0.43902439024390244
2645,365.0,5,0.1902654867256637
2646,366.0,5,0.2549019607843137
2647,367.0,5,0.8169014084507042
2648,368.0,5,0.46153846153846156
2649,369.0,5,0.2631578947368421
2650,370.0,5,0.4065040650406504
2651,371.0,5,0.5423728813559322
2652,372.0,5,0.88
2653,373.0,5,0.8717948717948718
2654,374.0,5,0.3089005235602094
2655,375.0,5,0.8348623853211009
2656,376.0,5,0.7643312101910829
2657,377.0,5,0.7403846153846154
2658,378.0,5,0.4117647058823529
2659,379.0,5,1.3513513513513513
2660,380.0,5,0.9022556390977444
2661,381.0,5,0.13478260869565217
2662,382.0,5,0.7048008171603677
2663,383.0,5,1.5830721003134798
2664,384.0,5,1.1379800853485065
2665,385.0,5,0.5564516129032258
2666,386.0,5,4.176829268292683
2667,387.0,5,0.5292792792792793
2668,388.0,5,1.3513513513513513
2669,389.0,5,1.2107101280558787
2670,390.0,5,1.6615853658536588
2671,391.0,5,0.9249743062692704
2672,392.0,5,1.3885505481120586
2673,393.0,5,1.5886524822695036
2674,394.0,5,7.2
2675,395.0,5,17.18577075098814
2676,396.0,5,3.219315895372233
2677,397.0,5,1.7307692307692308
2678,398.0,5,5.653923541247485
2679,399.0,5,1.9704433497536946
2680,400.0,5,1.6763285024154588
2681,401.0,5,0.0019021739130434781
2682,402.0,5,2.689655172413793
2683,403.0,5,1.9174311926605505
2684,404.0,5,3.404580152671756
2685,405.0,5,2.2018348623853212
2686,406.0,5,25.15527950310559
2687,407.0,5,0.0
2688,408.0,5,0.0
2689,409.0,5,0.006111111111111111
2690,410.0,5,0.0
2691,411.0,5,0.0
2692,412.0,5,0.0
2693,413.0,5,0.0
2694,414.0,5,0.0
2695,415.0,5,0.0
2696,416.0,5,0.0
2697,417.0,5,0.0
2698,418.0,5,0.0
2699,419.0,5,0.0
2700,420.0,5,0.0
2701,421.0,5,0.0
2702,422.0,5,0.0
2703,423.0,5,0.09809264305177112
2704,424.0,5,0.06963249516441006
2705,425.0,5,0.970108695652174
2706,426.0,5,0.18282548476454294
2707,427.0,5,0.34366925064599485
2708,428.0,5,0.2864864864864865
2709,429.0,5,0.3557951482479784
2710,430.0,5,0.3178082191780822
2711,431.0,5,0.16142270861833105
2712,432.0,5,0.0
2713,433.0,5,0.001122334455667789
2714,434.0,5,0.17341040462427745
2715,435.0,5,0.15267175572519084
2716,436.0,5,0.13333333333333333
2717,437.0,5,0.4192634560906516
2718,438.0,5,0.10196078431372549
2719,439.0,5,0.05232558139534884
2720,440.0,5,0.059154929577464786
2721,441.0,5,0.10344827586206896
2722,442.0,5,2.0814479638009047
2723,443.0,5,0.826865671641791
2724,444.0,5,0.09278350515463918
2725,445.0,5,0.6582278481012658
2726,446.0,5,3.935340022296544
2727,447.0,5,0.19027484143763215
2728,448.0,5,0.7425742574257426
2729,449.0,5,0.19148936170212766
2730,450.0,5,0.08035714285714286
2731,451.0,5,0.06515580736543909
2732,452.0,5,21.951219512195124
2733,453.0,5,0.3424657534246575
2734,454.0,5,0.23765432098765432
2735,455.0,5,0.4606240713224369
2736,456.0,5,0.03162055335968379
2737,457.0,5,0.04573170731707318
2738,458.0,5,0.04854368932038835
2739,459.0,5,0.6271186440677966
2740,460.0,5,0.09523809523809523
2741,461.0,5,0.0176678445229682
2742,462.0,5,0.15714285714285714
2743,463.0,5,0.0
2744,464.0,5,0.0
2745,465.0,5,0.0
2746,466.0,5,0.0
2747,467.0,5,0.0
2748,468.0,5,0.03611738148984198
2749,469.0,5,0.14905149051490515
2750,470.0,5,0.1744186046511628
2751,471.0,5,5.0
2752,472.0,5,0.32857142857142857
2753,473.0,5,8.333333333333334
2754,474.0,5,2.0
2755,475.0,5,0.7097989949748744
2756,476.0,5,0.09467455621301775
2757,477.0,5,8.136752136752136
2758,478.0,5,0.5133991537376587
2759,479.0,5,0.0
2760,480.0,5,23.6
2761,481.0,5,2.9173553719008263
2762,482.0,5,12.531969309462916
2763,483.0,5,11.408450704225352
2764,484.0,5,2.6143790849673203
2765,485.0,5,2.638036809815951
2766,486.0,5,3.3763440860215055
2767,487.0,5,0.6026058631921825
2768,488.0,5,2.226519337016575
2769,489.0,5,4.1441441441441444
2770,490.0,5,87.06240487062405
2771,491.0,5,1.3840830449826989
2772,492.0,5,12.564102564102564
2773,493.0,5,0.0
2774,494.0,5,0.0
2775,495.0,5,0.0
2776,496.0,5,0.0
2777,497.0,5,0.0
2778,498.0,5,0.0
2779,499.0,5,0.0
2780,500.0,5,0.0
2781,501.0,5,10.0
2782,502.0,5,0.0
2783,503.0,5,162.5
2784,504.0,5,281.8181818181818
2785,505.0,5,742.8571428571428
2786,506.0,5,16.666666666666668
2787,507.0,5,0.0
2788,508.0,5,0.0
2789,509.0,5,0.1267056530214425
2790,510.0,5,0.16199376947040497
2791,511.0,5,0.009940357852882704
2792,512.0,5,0.2403846153846154
2793,513.0,5,0.702576112412178
2794,514.0,5,0.453781512605042
2795,515.0,5,0.6076759061833689
2796,516.0,5,0.5688622754491018
2797,517.0,5,0.43983402489626555
2798,518.0,5,1.0536912751677852
2799,519.0,5,0.10732984293193717
2800,520.0,5,0.015384615384615385
2801,521.0,5,2.222222222222222
2802,522.0,5,0.1791044776119403
2803,523.0,5,2.1459227467811157
2804,524.0,5,2.4647887323943665
2805,525.0,5,0.0
2806,526.0,5,0.0
2807,527.0,5,0.0
2808,528.0,5,0.0
2809,529.0,5,0.19047619047619047
2810,530.0,5,0.32407407407407407
2811,531.0,5,3.125
2812,532.0,5,0.11764705882352941
2813,533.0,5,0.576923076923077
2814,534.0,5,0.0
2815,535.0,5,0.18348623853211007
2816,536.0,5,17.5
2817,537.0,5,0.09259259259259259
2818,538.0,5,7.5
2819,539.0,5,0.10964912280701754
2820,540.0,5,0.11904761904761904
2821,541.0,5,0.11363636363636363
2822,542.0,5,0.08152173913043478
2823,543.0,5,0.4056603773584906
2824,544.0,5,1.0101010101010102
2825,545.0,5,0.0380952380952381
2826,546.0,5,0.10087719298245613
2827,547.0,5,0.03770491803278689
2828,548.0,5,0.0380952380952381
2829,549.0,5,0.18061674008810572
2830,550.0,5,0.06363636363636363
2831,551.0,5,6.104651162790698
2832,552.0,5,5.349794238683128
2833,553.0,5,1.0666666666666667
2834,554.0,5,1.070663811563169
2835,555.0,5,0.09249743062692703
2836,556.0,5,0.8125
2837,557.0,5,0.06224066390041494
2838,558.0,5,0.05514705882352941
2839,559.0,5,0.12857142857142856
2840,560.0,5,0.03233256351039261
2841,561.0,5,0.0
2842,562.0,5,0.023809523809523808
2843,563.0,5,0.044989775051124746
2844,564.0,5,0.16985138004246284
2845,565.0,5,0.1111111111111111
2846,566.0,5,0.02981651376146789
2847,567.0,5,0.3404255319148936
2848,568.0,5,0.03817914831130691
2849,569.0,5,2.1487603305785123
2850,570.0,5,0.10037878787878789
2851,1.0,6,2.53125
2852,2.0,6,1.6842105263157894
2853,3.0,6,1.3333333333333335
2854,4.0,6,1.3278688524590165
2855,5.0,6,1.9333333333333333
2856,6.0,6,2.3333333333333335
2857,7.0,6,3.7931034482758625
2858,8.0,6,2.7272727272727275
2859,9.0,6,0.95
2860,10.0,6,3.5416666666666665
2861,11.0,6,4.0
2862,12.0,6,3.1875
2863,13.0,6,3.1785714285714284
2864,14.0,6,3.8709677419354835
2865,15.0,6,2.9999999999999996
2866,16.0,6,2.6315789473684212
2867,17.0,6,2.9999999999999996
2868,18.0,6,4.647887323943662
2869,19.0,6,2.8666666666666667
2870,20.0,6,4.036363636363636
2871,21.0,6,0.0
2872,22.0,6,0.8717948717948718
2873,23.0,6,2.0
2874,24.0,6,2.0
2875,25.0,6,1.96
2876,26.0,6,1.64
2877,27.0,6,2.428571428571429
2878,28.0,6,2.285714285714286
2879,29.0,6,1.26984126984127
2880,30.0,6,3.176470588235294
2881,31.0,6,3.615384615384615
2882,32.0,6,2.222222222222222
2883,33.0,6,0.0
2884,34.0,6,0.5306122448979592
2885,35.0,6,1.3
2886,36.0,6,1.3863636363636362
2887,37.0,6,0.6266666666666666
2888,38.0,6,0.0
2889,39.0,6,2.0833333333333335
2890,40.0,6,2.8260869565217392
2891,41.0,6,0.4444444444444445
2892,42.0,6,2.8666666666666667
2893,43.0,6,2.8666666666666667
2894,44.0,6,3.1707317073170733
2895,45.0,6,0.23076923076923075
2896,46.0,6,0.25
2897,47.0,6,4.333333333333334
2898,48.0,6,3.8095238095238098
2899,49.0,6,4.142857142857142
2900,50.0,6,0.0
2901,51.0,6,1.4285714285714286
2902,52.0,6,1.5517241379310345
2903,53.0,6,2.6923076923076925
2904,54.0,6,3.8596491228070176
2905,55.0,6,3.2068965517241383
2906,56.0,6,0.0
2907,57.0,6,4.193548387096774
2908,58.0,6,1.714285714285714
2909,59.0,6,0.0
2910,60.0,6,2.9999999999999996
2911,61.0,6,2.0
2912,62.0,6,6.944444444444445
2913,63.0,6,3.666666666666667
2914,64.0,6,2.4444444444444446
2915,65.0,6,1.6046511627906976
2916,66.0,6,3.8333333333333335
2917,67.0,6,3.652173913043478
2918,68.0,6,4.458333333333333
2919,69.0,6,3.0303030303030303
2920,70.0,6,3.55
2921,71.0,6,0.8695652173913043
2922,72.0,6,1.6666666666666667
2923,73.0,6,0.6
2924,74.0,6,1.6923076923076923
2925,75.0,6,2.153846153846154
2926,76.0,6,1.6666666666666665
2927,77.0,6,2.7222222222222223
2928,78.0,6,0.6
2929,79.0,6,0.7142857142857143
2930,80.0,6,3.0769230769230766
2931,81.0,6,1.8181818181818181
2932,82.0,6,1.3333333333333335
2933,83.0,6,0.33333333333333337
2934,84.0,6,1.3333333333333335
2935,85.0,6,1.9718309859154932
2936,86.0,6,1.0
2937,87.0,6,2.0
2938,88.0,6,2.260869565217391
2939,89.0,6,0.0
2940,90.0,6,2.0
2941,91.0,6,2.0
2942,92.0,6,2.0
2943,93.0,6,4.0
2944,94.0,6,2.3333333333333335
2945,95.0,6,2.0
2946,96.0,6,1.7857142857142858
2947,97.0,6,1.867924528301887
2948,98.0,6,2.2352941176470584
2949,99.0,6,1.3580246913580247
2950,100.0,6,0.6470588235294117
2951,101.0,6,3.064516129032258
2952,102.0,6,1.0
2953,103.0,6,0.10294117647058823
2954,104.0,6,1.1702127659574468
2955,105.0,6,2.0
2956,106.0,6,2.0
2957,107.0,6,1.0
2958,108.0,6,2.8947368421052633
2959,109.0,6,5.106382978723404
2960,110.0,6,4.454545454545454
2961,111.0,6,3.3333333333333335
2962,112.0,6,0.0
2963,113.0,6,5.333333333333334
2964,114.0,6,5.0
2965,115.0,6,3.0
2966,116.0,6,3.2857142857142856
2967,117.0,6,3.0833333333333335
2968,118.0,6,2.7222222222222223
2969,119.0,6,3.125
2970,120.0,6,1.2753623188405796
2971,121.0,6,1.0
2972,122.0,6,1.0
2973,123.0,6,2.3076923076923075
2974,124.0,6,2.9999999999999996
2975,125.0,6,2.702702702702703
2976,126.0,6,2.9444444444444446
2977,127.0,6,0.0
2978,128.0,6,3.0303030303030303
2979,129.0,6,2.6296296296296293
2980,130.0,6,2.3333333333333335
2981,131.0,6,1.0842105263157895
2982,132.0,6,0.0
2983,133.0,6,0.0
2984,134.0,6,0.0
2985,135.0,6,0.0
2986,136.0,6,0.0
2987,137.0,6,0.0
2988,138.0,6,0.0
2989,139.0,6,0.0
2990,140.0,6,0.0
2991,141.0,6,0.0
2992,142.0,6,2.64
2993,143.0,6,4.352941176470588
2994,144.0,6,2.6829268292682924
2995,145.0,6,0.028089887640449437
2996,146.0,6,0.2
2997,147.0,6,0.8750000000000001
2998,148.0,6,1.0
2999,149.0,6,2.0
3000,150.0,6,0.0
3001,151.0,6,1.2653061224489794
3002,152.0,6,0.0
3003,153.0,6,1.3285714285714285
3004,154.0,6,1.4999999999999998
3005,155.0,6,3.545454545454546
3006,156.0,6,0.02138364779874214
3007,157.0,6,20.0
3008,,6,7.5
3009,159.0,6,1.710526315789474
3010,160.0,6,4.230769230769231
3011,161.0,6,1.8717948717948716
3012,162.0,6,1.4999999999999998
3013,163.0,6,2.359550561797753
3014,164.0,6,4.0
3015,165.0,6,2.5
3016,166.0,6,2.282051282051282
3017,167.0,6,1.3823529411764706
3018,168.0,6,1.6818181818181819
3019,169.0,6,1.896551724137931
3020,170.0,6,1.0999999999999999
3021,171.0,6,4.388888888888889
3022,172.0,6,0.576923076923077
3023,173.0,6,5.405405405405406
3024,174.0,6,0.0
3025,175.0,6,2.714285714285714
3026,176.0,6,4.454545454545455
3027,177.0,6,2.3255813953488373
3028,178.0,6,0.7407407407407408
3029,179.0,6,3.142857142857143
3030,180.0,6,0.0
3031,181.0,6,0.75
3032,182.0,6,0.4928571428571428
3033,183.0,6,1.5999999999999999
3034,184.0,6,1.0
3035,185.0,6,0.2222222222222222
3036,186.0,6,0.888888888888889
3037,187.0,6,0.888888888888889
3038,188.0,6,3.1463414634146347
3039,189.0,6,2.097560975609756
3040,190.0,6,2.097560975609756
3041,191.0,6,1.517241379310345
3042,192.0,6,1.736842105263158
3043,193.0,6,1.517241379310345
3044,194.0,6,1.4999999999999998
3045,195.0,6,6.28125
3046,196.0,6,3.2058823529411766
3047,197.0,6,6.132352941176471
3048,198.0,6,6.132352941176471
3049,199.0,6,6.25
3050,200.0,6,6.25
3051,201.0,6,2.341176470588235
3052,202.0,6,1.2459016393442623
3053,203.0,6,1.208955223880597
3054,204.0,6,2.236842105263158
3055,205.0,6,1.6666666666666667
3056,206.0,6,0.049999999999999996
3057,207.0,6,0.049206349206349205
3058,208.0,6,0.0
3059,209.0,6,0.05
3060,210.0,6,0.07142857142857142
3061,211.0,6,0.11111111111111112
3062,212.0,6,0.05652173913043479
3063,213.0,6,0.03636363636363636
3064,214.0,6,0.11111111111111112
3065,215.0,6,0.0725
3066,216.0,6,0.04556962025316455
3067,217.0,6,0.061855670103092786
3068,218.0,6,0.05652173913043479
3069,219.0,6,0.05084745762711864
3070,220.0,6,0.03636363636363636
3071,221.0,6,0.20338983050847456
3072,222.0,6,0.035443037974683546
3073,223.0,6,0.04375
3074,224.0,6,0.03775510204081632
3075,225.0,6,0.035443037974683546
3076,226.0,6,0.09448818897637795
3077,227.0,6,0.055248618784530384
3078,228.0,6,0.053097345132743355
3079,229.0,6,0.1297709923664122
3080,230.0,6,0.0
3081,231.0,6,0.0
3082,232.0,6,0.035443037974683546
3083,233.0,6,0.04747474747474747
3084,234.0,6,0.0
3085,235.0,6,0.0
3086,237.0,6,0.035443037974683546
3087,237.0,6,0.035443037974683546
3088,238.0,6,4.705882352941177
3089,239.0,6,0.0
3090,240.0,6,0.0
3091,241.0,6,0.4263157894736842
3092,242.0,6,0.0
3093,243.0,6,0.25
3094,244.0,6,0.0
3095,245.0,6,0.0
3096,246.0,6,0.0
3097,247.0,6,0.048
3098,248.0,6,0.07142857142857144
3099,249.0,6,0.03809523809523809
3100,250.0,6,0.0
3101,251.0,6,0.0
3102,252.0,6,0.0
3103,253.0,6,0.0
3104,254.0,6,0.08666666666666667
3105,255.0,6,0.0
3106,256.0,6,0.0411764705882353
3107,257.0,6,0.0
3108,258.0,6,0.41935483870967744
3109,259.0,6,0.07303370786516854
3110,260.0,6,0.020338983050847456
3111,261.0,6,0.7499999999999999
3112,262.0,6,0.7142857142857143
3113,263.0,6,0.7647058823529412
3114,264.0,6,0.6857142857142857
3115,265.0,6,0.7027027027027027
3116,266.0,6,0.32142857142857145
3117,267.0,6,0.38775510204081626
3118,268.0,6,0.36904761904761907
3119,269.0,6,0.38983050847457623
3120,270.0,6,1.0909090909090908
3121,271.0,6,0.6666666666666666
3122,272.0,6,0.7894736842105263
3123,273.0,6,0.923076923076923
3124,274.0,6,0.25531914893617025
3125,275.0,6,0.17142857142857143
3126,276.0,6,0.27586206896551724
3127,277.0,6,0.4128440366972477
3128,278.0,6,0.24719101123595508
3129,279.0,6,0.16346153846153846
3130,280.0,6,0.36144578313253006
3131,281.0,6,0.4787234042553191
3132,282.0,6,0.18041237113402064
3133,283.0,6,0.27586206896551724
3134,284.0,6,0.18088737201365188
3135,285.0,6,0.1847826086956522
3136,286.0,6,0.16
3137,287.0,6,0.15686274509803924
3138,288.0,6,0.4411764705882353
3139,289.0,6,0.1941747572815534
3140,290.0,6,0.09701492537313433
3141,291.0,6,0.24705882352941178
3142,292.0,6,0.20161290322580644
3143,293.0,6,0.4857142857142857
3144,294.0,6,0.3157894736842105
3145,295.0,6,0.38461538461538464
3146,296.0,6,0.3473684210526316
3147,297.0,6,0.18666666666666665
3148,298.0,6,0.415929203539823
3149,299.0,6,0.11111111111111112
3150,300.0,6,0.25301204819277107
3151,301.0,6,0.8333333333333334
3152,302.0,6,0.3082191780821918
3153,303.0,6,0.24761904761904763
3154,304.0,6,0.33333333333333337
3155,305.0,6,0.26
3156,306.0,6,0.59375
3157,307.0,6,0.7719298245614036
3158,308.0,6,0.8333333333333333
3159,309.0,6,0.7619047619047619
3160,310.0,6,0.6444444444444444
3161,311.0,6,0.75
3162,312.0,6,0.782608695652174
3163,313.0,6,0.0967741935483871
3164,314.0,6,0.06956521739130433
3165,315.0,6,0.07777777777777778
3166,316.0,6,0.13529411764705884
3167,317.0,6,0.10263157894736843
3168,318.0,6,0.18181818181818182
3169,319.0,6,0.12962962962962962
3170,320.0,6,0.07777777777777778
3171,321.0,6,0.1576923076923077
3172,322.0,6,0.095
3173,323.0,6,0.19574468085106383
3174,324.0,6,0.044186046511627906
3175,325.0,6,0.9166666666666667
3176,326.0,6,0.2608695652173913
3177,327.0,6,1.0
3178,328.0,6,0.3125
3179,329.0,6,0.8235294117647058
3180,330.0,6,0.4411764705882353
3181,331.0,6,0.46875
3182,332.0,6,0.5692307692307692
3183,333.0,6,0.3055555555555556
3184,334.0,6,0.16071428571428573
3185,335.0,6,0.13333333333333333
3186,336.0,6,0.1285714285714286
3187,337.0,6,0.10666666666666667
3188,338.0,6,0.05284552845528455
3189,339.0,6,0.3645833333333333
3190,340.0,6,0.3932584269662921
3191,341.0,6,0.39534883720930236
3192,342.0,6,0.9166666666666667
3193,343.0,6,0.4444444444444445
3194,344.0,6,0.6666666666666666
3195,345.0,6,12.0
3196,346.0,6,0.7
3197,347.0,6,0.5416666666666667
3198,348.0,6,0.4888888888888889
3199,349.0,6,0.6666666666666667
3200,350.0,6,0.6666666666666667
3201,351.0,6,2.8333333333333335
3202,352.0,6,1.2195121951219512
3203,353.0,6,3.1884057971014497
3204,354.0,6,3.098591549295775
3205,355.0,6,1.2195121951219512
3206,356.0,6,2.272727272727273
3207,357.0,6,2.0
3208,358.0,6,4.230769230769231
3209,359.0,6,1.0999999999999999
3210,360.0,6,0.8983050847457628
3211,361.0,6,0.6666666666666667
3212,362.0,6,1.6666666666666667
3213,363.0,6,0.5614035087719298
3214,364.0,6,0.46875
3215,365.0,6,1.0731707317073174
3216,366.0,6,1.7333333333333334
3217,367.0,6,1.0
3218,368.0,6,0.7352941176470589
3219,369.0,6,0.888888888888889
3220,370.0,6,0.6666666666666666
3221,371.0,6,0.6455696202531646
3222,372.0,6,1.142857142857143
3223,373.0,6,1.0
3224,374.0,6,1.5714285714285712
3225,375.0,6,1.5555555555555554
3226,376.0,6,1.1153846153846154
3227,377.0,6,4.385964912280702
3228,378.0,6,1.2941176470588236
3229,379.0,6,1.9285714285714286
3230,380.0,6,3.0
3231,381.0,6,0.911764705882353
3232,382.0,6,1.4634146341463414
3233,383.0,6,1.3142857142857145
3234,384.0,6,1.4375
3235,385.0,6,0.6230769230769231
3236,386.0,6,0.3617021276595745
3237,387.0,6,1.7916666666666667
3238,388.0,6,1.888888888888889
3239,389.0,6,0.11818181818181818
3240,390.0,6,1.8235294117647058
3241,391.0,6,1.827586206896552
3242,392.0,6,1.0566037735849056
3243,393.0,6,0.0
3244,394.0,6,1.7499999999999998
3245,395.0,6,2.964285714285715
3246,396.0,6,1.0
3247,397.0,6,3.1111111111111107
3248,398.0,6,0.9130434782608695
3249,399.0,6,3.0
3250,400.0,6,2.3333333333333335
3251,401.0,6,0.5909090909090908
3252,402.0,6,1.1515151515151516
3253,403.0,6,1.7500000000000002
3254,404.0,6,0.8846153846153845
3255,405.0,6,1.7500000000000002
3256,406.0,6,0.8309859154929577
3257,407.0,6,1.8934911242603552
3258,408.0,6,0.020809248554913295
3259,409.0,6,3.757142857142857
3260,410.0,6,3.2819148936170213
3261,411.0,6,5.2749999999999995
3262,412.0,6,1.4454976303317535
3263,413.0,6,7.533333333333333
3264,414.0,6,3.5379310344827584
3265,415.0,6,7.419354838709677
3266,416.0,6,0.5734265734265733
3267,417.0,6,0.6896551724137931
3268,418.0,6,0.6896551724137931
3269,419.0,6,0.6896551724137931
3270,420.0,6,0.2175732217573222
3271,421.0,6,2.9366197183098595
3272,422.0,6,3.769230769230769
3273,423.0,6,0.058365758754863814
3274,424.0,6,0.05830903790087464
3275,425.0,6,0.08088235294117647
3276,426.0,6,0.819327731092437
3277,427.0,6,2.0588235294117645
3278,428.0,6,2.3846153846153846
3279,429.0,6,1.2300884955752212
3280,430.0,6,1.6075949367088607
3281,431.0,6,1.008849557522124
3282,432.0,6,0.05025125628140703
3283,433.0,6,0.2413793103448276
3284,434.0,6,0.72
3285,435.0,6,9.512195121951219
3286,436.0,6,9.166666666666668
3287,437.0,6,1.3125
3288,438.0,6,0.8153846153846154
3289,439.0,6,0.6323529411764706
3290,440.0,6,2.3076923076923075
3291,441.0,6,1.8333333333333335
3292,442.0,6,0.0
3293,443.0,6,0.9
3294,444.0,6,0.4222222222222222
3295,445.0,6,0.0
3296,446.0,6,2.923076923076923
3297,447.0,6,5.454545454545454
3298,448.0,6,0.0
3299,449.0,6,1.4444444444444446
3300,450.0,6,0.3576923076923077
3301,451.0,6,1.0
3302,452.0,6,0.0
3303,453.0,6,0.0
3304,454.0,6,8.30188679245283
3305,455.0,6,2.04
3306,456.0,6,0.013513513513513514
3307,457.0,6,0.0
3308,458.0,6,1.9629629629629628
3309,459.0,6,4.418604651162791
3310,460.0,6,4.1
3311,461.0,6,1.032258064516129
3312,462.0,6,1.1224489795918369
3313,463.0,6,0.0
3314,464.0,6,0.0
3315,465.0,6,0.0
3316,466.0,6,0.0
3317,467.0,6,0.0
3318,468.0,6,5.423728813559323
3319,469.0,6,0.0
3320,470.0,6,0.4
3321,471.0,6,0.0
3322,472.0,6,0.0
3323,473.0,6,0.0
3324,474.0,6,0.0
3325,475.0,6,0.6904761904761905
3326,476.0,6,0.0
3327,477.0,6,2.9508196721311477
3328,478.0,6,3.7192982456140347
3329,479.0,6,3.6511627906976742
3330,480.0,6,3.2
3331,481.0,6,3.243243243243243
3332,482.0,6,0.6533333333333333
3333,483.0,6,0.0
3334,484.0,6,0.40909090909090906
3335,485.0,6,0.8387096774193549
3336,486.0,6,0.0
3337,487.0,6,0.06818181818181818
3338,488.0,6,3.7386363636363633
3339,489.0,6,0.4615384615384615
3340,490.0,6,4.0
3341,491.0,6,0.06315789473684211
3342,492.0,6,0.0
3343,493.0,6,0.0
3344,494.0,6,0.0
3345,495.0,6,50.0
3346,496.0,6,0.0
3347,497.0,6,0.0
3348,498.0,6,2.5
3349,499.0,6,0.1020408163265306
3350,500.0,6,0.004492753623188406
3351,501.0,6,0.009841269841269842
3352,502.0,6,0.003471444568868981
3353,503.0,6,0.02608695652173913
3354,504.0,6,0.0210727969348659
3355,505.0,6,0.04938271604938271
3356,506.0,6,0.01631578947368421
3357,507.0,6,0.01916376306620209
3358,508.0,6,0.06666666666666667
3359,509.0,6,0.25510204081632654
3360,510.0,6,0.03333333333333333
3361,511.0,6,2.35
3362,512.0,6,0.0
3363,513.0,6,0.12745098039215688
3364,514.0,6,0.17475728155339806
3365,515.0,6,0.2222222222222222
3366,516.0,6,0.13114754098360656
3367,517.0,6,0.2577319587628866
3368,518.0,6,0.4915254237288135
3369,519.0,6,0.0
3370,520.0,6,3.3333333333333335
3371,521.0,6,3.3333333333333335
3372,522.0,6,0.0
3373,523.0,6,1.736842105263158
3374,524.0,6,0.0
3375,525.0,6,0.0
3376,526.0,6,0.0
3377,527.0,6,0.0
3378,528.0,6,0.0
3379,529.0,6,0.0
3380,530.0,6,0.0
3381,531.0,6,0.0
3382,532.0,6,3.0
3383,533.0,6,0.0
3384,534.0,6,0.0
3385,535.0,6,0.0
3386,536.0,6,0.0
3387,537.0,6,0.0
3388,538.0,6,0.0
3389,539.0,6,0.0
3390,540.0,6,0.0
3391,541.0,6,0.0
3392,542.0,6,0.0
3393,543.0,6,1.4999999999999998
3394,544.0,6,0.07142857142857142
3395,545.0,6,0.9807692307692306
3396,546.0,6,0.8999999999999999
3397,547.0,6,1.0
3398,548.0,6,0.9807692307692306
3399,549.0,6,1.0526315789473684
3400,550.0,6,2.022727272727273
3401,551.0,6,0.002631578947368421
3402,552.0,6,0.0
3403,553.0,6,3.3333333333333335
3404,554.0,6,2.0
3405,555.0,6,0.7499999999999999
3406,556.0,6,0.0
3407,557.0,6,0.012322274881516587
3408,558.0,6,0.0
3409,559.0,6,0.0
3410,560.0,6,1.8846153846153848
3411,561.0,6,0.0
3412,562.0,6,0.0
3413,563.0,6,1.894736842105263
3414,564.0,6,4.074074074074074
3415,565.0,6,5.6
3416,566.0,6,1.75
3417,567.0,6,3.0
3418,568.0,6,0.9032258064516129
3419,569.0,6,2.5
3420,570.0,6,4.666666666666667
3421,1.0,7,0.10315186246418338
3422,2.0,7,0.09333333333333334
3423,3.0,7,0.22666666666666666
3424,4.0,7,0.06774193548387097
3425,5.0,7,0.23391812865497075
3426,6.0,7,0.13122171945701358
3427,7.0,7,0.08823529411764706
3428,8.0,7,0.03333333333333333
3429,9.0,7,0.10204081632653061
3430,10.0,7,0.0944055944055944
3431,11.0,7,0.46153846153846156
3432,12.0,7,0.1574074074074074
3433,13.0,7,0.11875
3434,14.0,7,0.0535031847133758
3435,15.0,7,0.043478260869565216
3436,16.0,7,0.02734375
3437,17.0,7,0.02912621359223301
3438,18.0,7,0.0007221006564551422
3439,19.0,7,0.125
3440,20.0,7,0.16666666666666666
3441,21.0,7,0.2516853932584269
3442,22.0,7,0.6153846153846154
3443,23.0,7,0.2222222222222222
3444,24.0,7,0.20909090909090908
3445,25.0,7,1.2391304347826086
3446,26.0,7,1.1553398058252426
3447,27.0,7,0.2925170068027211
3448,28.0,7,0.9689922480620154
3449,29.0,7,0.584
3450,30.0,7,0.34444444444444444
3451,31.0,7,0.22807017543859648
3452,32.0,7,0.27
3453,33.0,7,0.27391304347826084
3454,34.0,7,2.7058823529411766
3455,35.0,7,1.4066666666666667
3456,36.0,7,0.0
3457,37.0,7,1.6624040920716112
3458,38.0,7,0.0
3459,39.0,7,0.1411764705882353
3460,40.0,7,0.16
3461,41.0,7,0.1503267973856209
3462,42.0,7,0.29310344827586204
3463,43.0,7,0.09523809523809523
3464,44.0,7,0.0918918918918919
3465,45.0,7,0.2857142857142857
3466,46.0,7,0.23255813953488372
3467,47.0,7,2.127659574468085
3468,48.0,7,0.06382978723404255
3469,49.0,7,0.4266666666666667
3470,50.0,7,0.63
3471,51.0,7,0.6601941747572816
3472,52.0,7,0.35
3473,53.0,7,0.0
3474,54.0,7,0.14450867052023122
3475,55.0,7,0.28
3476,56.0,7,0.41729323308270677
3477,57.0,7,0.12835820895522387
3478,58.0,7,0.8452380952380952
3479,59.0,7,0.717391304347826
3480,60.0,7,0.16923076923076924
3481,61.0,7,0.4
3482,62.0,7,0.4307228915662651
3483,63.0,7,0.1694915254237288
3484,64.0,7,4.405063291139241
3485,65.0,7,0.2652582159624413
3486,66.0,7,0.35135135135135137
3487,67.0,7,0.170316301703163
3488,68.0,7,0.3654545454545455
3489,69.0,7,0.2753623188405797
3490,70.0,7,0.0864
3491,71.0,7,0.44
3492,72.0,7,0.3869047619047619
3493,73.0,7,0.55
3494,74.0,7,1.0975609756097562
3495,75.0,7,0.128
3496,76.0,7,1.4444444444444444
3497,77.0,7,0.37777777777777777
3498,78.0,7,1.0
3499,79.0,7,0.5925925925925926
3500,80.0,7,0.7771428571428571
3501,81.0,7,0.3275862068965517
3502,82.0,7,3.7708333333333335
3503,83.0,7,0.35353535353535354
3504,84.0,7,1.412121212121212
3505,85.0,7,0.452
3506,86.0,7,4.866666666666666
3507,87.0,7,0.37037037037037035
3508,88.0,7,1.4166666666666667
3509,89.0,7,0.6197183098591549
3510,90.0,7,0.34615384615384615
3511,91.0,7,0.34615384615384615
3512,92.0,7,0.34615384615384615
3513,93.0,7,0.625
3514,94.0,7,2.625
3515,95.0,7,0.1328358208955224
3516,96.0,7,0.4076923076923077
3517,97.0,7,1.9523809523809523
3518,98.0,7,0.7809523809523808
3519,99.0,7,2.8125
3520,100.0,7,1.7547169811320755
3521,101.0,7,0.8923076923076924
3522,102.0,7,0.4777777777777778
3523,103.0,7,0.5
3524,104.0,7,0.7696969696969697
3525,105.0,7,0.41025641025641024
3526,106.0,7,0.375
3527,107.0,7,0.5540540540540541
3528,108.0,7,1.25
3529,109.0,7,0.39285714285714285
3530,110.0,7,2.4367816091954024
3531,111.0,7,0.37115384615384617
3532,112.0,7,1.4864864864864864
3533,113.0,7,2.5434782608695654
3534,114.0,7,0.22477876106194689
3535,115.0,7,0.23469387755102042
3536,116.0,7,1.3972972972972975
3537,117.0,7,1.2392857142857143
3538,118.0,7,1.4444444444444444
3539,119.0,7,10.25
3540,120.0,7,0.8043478260869565
3541,121.0,7,0.5409090909090909
3542,122.0,7,0.5947368421052632
3543,123.0,7,1.3125
3544,124.0,7,1.2682926829268293
3545,125.0,7,0.44166666666666665
3546,126.0,7,0.36666666666666664
3547,127.0,7,0.0
3548,128.0,7,0.9375
3549,129.0,7,0.8709677419354839
3550,130.0,7,0.2916666666666667
3551,131.0,7,0.18829516539440203
3552,132.0,7,0.6666666666666666
3553,133.0,7,1.8181818181818181
3554,134.0,7,0.7055837563451777
3555,135.0,7,0.75
3556,136.0,7,4.534883720930233
3557,137.0,7,1.25
3558,138.0,7,2.0
3559,139.0,7,0.9671361502347419
3560,140.0,7,0.0
3561,141.0,7,7.111111111111111
3562,142.0,7,0.48366013071895425
3563,143.0,7,0.7746478873239436
3564,144.0,7,0.5616438356164384
3565,145.0,7,0.14375
3566,146.0,7,1.105263157894737
3567,147.0,7,0.7207207207207207
3568,148.0,7,0.27906976744186046
3569,149.0,7,0.7619047619047619
3570,150.0,7,0.7692307692307693
3571,151.0,7,0.32
3572,152.0,7,0.26666666666666666
3573,153.0,7,0.7391304347826086
3574,154.0,7,1.0095238095238095
3575,155.0,7,0.4882352941176471
3576,156.0,7,0.2127659574468085
3577,157.0,7,0.9090909090909091
3578,,7,0.8269230769230769
3579,159.0,7,0.47058823529411764
3580,160.0,7,1.15
3581,161.0,7,1.0740740740740742
3582,162.0,7,0.5483870967741935
3583,163.0,7,1.6875
3584,164.0,7,1.065625
3585,165.0,7,1.1818181818181819
3586,166.0,7,0.6875
3587,167.0,7,0.28181818181818186
3588,168.0,7,1.725
3589,169.0,7,0.5
3590,170.0,7,0.2982456140350877
3591,171.0,7,0.38095238095238093
3592,172.0,7,0.9176470588235294
3593,173.0,7,0.5263157894736842
3594,174.0,7,1.4666666666666666
3595,175.0,7,2.05
3596,176.0,7,0.3181818181818182
3597,177.0,7,0.8260869565217391
3598,178.0,7,1.6153846153846154
3599,179.0,7,0.7384615384615384
3600,180.0,7,1.45
3601,181.0,7,0.3173913043478261
3602,182.0,7,0.08823529411764706
3603,183.0,7,1.4375
3604,184.0,7,0.7444444444444445
3605,185.0,7,0.6548672566371682
3606,186.0,7,0.7727272727272727
3607,187.0,7,0.25
3608,188.0,7,0.5550660792951542
3609,189.0,7,0.6786786786786787
3610,190.0,7,0.6786786786786787
3611,191.0,7,0.13953488372093023
3612,192.0,7,0.09024390243902439
3613,193.0,7,0.13953488372093023
3614,194.0,7,0.49324324324324326
3615,195.0,7,0.235
3616,196.0,7,0.25071942446043166
3617,197.0,7,0.21295843520782395
3618,198.0,7,0.21295843520782395
3619,199.0,7,0.04922279792746114
3620,200.0,7,0.04922279792746114
3621,201.0,7,0.044293015332197615
3622,202.0,7,0.3487179487179487
3623,203.0,7,0.27
3624,204.0,7,1.2222222222222223
3625,205.0,7,0.7200000000000001
3626,206.0,7,1.2804232804232805
3627,207.0,7,1.2083333333333333
3628,208.0,7,1.2222222222222223
3629,209.0,7,1.165137614678899
3630,210.0,7,1.5913043478260869
3631,211.0,7,1.2474226804123711
3632,212.0,7,1.3478260869565217
3633,213.0,7,1.3736263736263736
3634,214.0,7,1.2474226804123711
3635,215.0,7,1.3195876288659794
3636,216.0,7,1.4663865546218486
3637,217.0,7,1.1290322580645162
3638,218.0,7,1.3478260869565217
3639,219.0,7,1.1153846153846154
3640,220.0,7,1.3736263736263736
3641,221.0,7,1.188235294117647
3642,222.0,7,1.585464333781965
3643,223.0,7,1.4530386740331491
3644,224.0,7,1.5378323108384457
3645,225.0,7,1.585464333781965
3646,226.0,7,0.23869346733668342
3647,227.0,7,0.46788990825688076
3648,228.0,7,0.6944444444444444
3649,229.0,7,1.6463104325699744
3650,230.0,7,0.0
3651,231.0,7,0.0
3652,232.0,7,1.585464333781965
3653,233.0,7,1.4766355140186915
3654,234.0,7,0.0
3655,235.0,7,0.0
3656,237.0,7,1.585464333781965
3657,237.0,7,1.585464333781965
3658,238.0,7,0.575
3659,239.0,7,0.0
3660,240.0,7,0.0
3661,241.0,7,1.2745098039215685
3662,242.0,7,1.1789473684210525
3663,243.0,7,1.25
3664,244.0,7,1.2844036697247707
3665,245.0,7,1.2113821138211383
3666,246.0,7,1.2844036697247707
3667,247.0,7,1.3291139240506329
3668,248.0,7,0.8384615384615385
3669,249.0,7,0.8642857142857143
3670,250.0,7,0.9357142857142857
3671,251.0,7,1.2790697674418605
3672,252.0,7,1.3209876543209877
3673,253.0,7,1.2777777777777777
3674,254.0,7,0.8352941176470589
3675,255.0,7,0.9357142857142857
3676,256.0,7,1.1538461538461537
3677,257.0,7,0.5238095238095238
3678,258.0,7,0.2831858407079646
3679,259.0,7,3.6923076923076925
3680,260.0,7,3.7093023255813953
3681,261.0,7,0.09090909090909091
3682,262.0,7,0.08379888268156424
3683,263.0,7,0.055865921787709494
3684,264.0,7,0.096045197740113
3685,265.0,7,0.0797872340425532
3686,266.0,7,0.041666666666666664
3687,267.0,7,0.05128205128205128
3688,268.0,7,0.04838709677419355
3689,269.0,7,0.07142857142857142
3690,270.0,7,0.08571428571428572
3691,271.0,7,0.0380952380952381
3692,272.0,7,0.0660377358490566
3693,273.0,7,0.07878787878787878
3694,274.0,7,0.06666666666666667
3695,275.0,7,0.06040268456375839
3696,276.0,7,0.033720930232558136
3697,277.0,7,0.07333333333333333
3698,278.0,7,0.029166666666666667
3699,279.0,7,0.06225165562913908
3700,280.0,7,0.05263157894736842
3701,281.0,7,0.08125
3702,282.0,7,0.08571428571428572
3703,283.0,7,0.029591836734693875
3704,284.0,7,0.07894736842105263
3705,285.0,7,0.06153846153846154
3706,286.0,7,0.03676470588235294
3707,287.0,7,0.03529411764705882
3708,288.0,7,0.31875
3709,289.0,7,0.3559322033898305
3710,290.0,7,0.14444444444444443
3711,291.0,7,0.2024
3712,292.0,7,0.06814814814814814
3713,293.0,7,0.07058823529411765
3714,294.0,7,0.03214285714285714
3715,295.0,7,0.17151898734177215
3716,296.0,7,0.05695067264573991
3717,297.0,7,0.11888888888888888
3718,298.0,7,0.125
3719,299.0,7,1.2545454545454546
3720,300.0,7,0.4132867132867133
3721,301.0,7,0.0
3722,302.0,7,0.059880239520958084
3723,303.0,7,0.23
3724,304.0,7,0.06487603305785124
3725,305.0,7,0.04090909090909091
3726,306.0,7,0.04259259259259259
3727,307.0,7,0.10555555555555556
3728,308.0,7,0.1
3729,309.0,7,0.09444444444444444
3730,310.0,7,0.06666666666666667
3731,311.0,7,0.09444444444444444
3732,312.0,7,0.10555555555555556
3733,313.0,7,0.06618705035971223
3734,314.0,7,0.09375
3735,315.0,7,0.058273381294964025
3736,316.0,7,0.03888888888888889
3737,317.0,7,0.05813953488372093
3738,318.0,7,0.06666666666666667
3739,319.0,7,0.04020100502512563
3740,320.0,7,0.058273381294964025
3741,321.0,7,0.046413502109704644
3742,322.0,7,0.04040404040404041
3743,323.0,7,0.058823529411764705
3744,324.0,7,0.11392405063291139
3745,325.0,7,0.028409090909090908
3746,326.0,7,0.025
3747,327.0,7,0.13414634146341464
3748,328.0,7,0.02857142857142857
3749,329.0,7,0.018673218673218674
3750,330.0,7,0.022222222222222223
3751,331.0,7,0.075
3752,332.0,7,0.017329545454545455
3753,333.0,7,0.048730964467005075
3754,334.0,7,0.03529411764705882
3755,335.0,7,0.047058823529411764
3756,336.0,7,0.045112781954887216
3757,337.0,7,0.02
3758,338.0,7,0.012084592145015106
3759,339.0,7,0.03571428571428571
3760,340.0,7,0.045662100456621
3761,341.0,7,0.044642857142857144
3762,342.0,7,0.02795275590551181
3763,343.0,7,0.038461538461538464
3764,344.0,7,0.038461538461538464
3765,345.0,7,0.08513513513513513
3766,346.0,7,0.025
3767,347.0,7,0.03125
3768,348.0,7,0.03428571428571429
3769,349.0,7,0.27218934911242604
3770,350.0,7,0.27218934911242604
3771,351.0,7,0.2606837606837607
3772,352.0,7,0.7578947368421053
3773,353.0,7,0.1875
3774,354.0,7,0.18125
3775,355.0,7,0.7578947368421053
3776,356.0,7,0.3333333333333333
3777,357.0,7,0.5348837209302325
3778,358.0,7,0.31627906976744186
3779,359.0,7,0.5348837209302325
3780,360.0,7,0.4
3781,361.0,7,0.8280254777070064
3782,362.0,7,0.8470588235294118
3783,363.0,7,0.05089820359281437
3784,364.0,7,0.17647058823529413
3785,365.0,7,0.2
3786,366.0,7,0.0392156862745098
3787,367.0,7,0.15494505494505495
3788,368.0,7,0.04918032786885246
3789,369.0,7,0.2550607287449393
3790,370.0,7,0.1485148514851485
3791,371.0,7,0.2719665271966527
3792,372.0,7,0.1
3793,373.0,7,0.019762845849802372
3794,374.0,7,0.08102766798418973
3795,375.0,7,0.3
3796,376.0,7,0.18666666666666668
3797,377.0,7,0.11363636363636363
3798,378.0,7,0.4153846153846154
3799,379.0,7,0.02127659574468085
3800,380.0,7,0.13402061855670103
3801,381.0,7,0.16598360655737704
3802,382.0,7,0.3170731707317073
3803,383.0,7,0.2330985915492958
3804,384.0,7,0.06666666666666667
3805,385.0,7,0.24423963133640553
3806,386.0,7,0.3429906542056075
3807,387.0,7,0.10101010101010101
3808,388.0,7,0.22842105263157894
3809,389.0,7,0.30808080808080807
3810,390.0,7,0.024242424242424242
3811,391.0,7,0.24516129032258063
3812,392.0,7,0.1069182389937107
3813,393.0,7,0.0
3814,394.0,7,0.076
3815,395.0,7,0.91
3816,396.0,7,0.16470588235294117
3817,397.0,7,0.13849999999999998
3818,398.0,7,0.047058823529411764
3819,399.0,7,0.04
3820,400.0,7,0.05
3821,401.0,7,0.0
3822,402.0,7,0.9052631578947369
3823,403.0,7,0.7302325581395349
3824,404.0,7,0.1111111111111111
3825,405.0,7,0.7302325581395349
3826,406.0,7,0.05611672278338945
3827,407.0,7,0.0
3828,408.0,7,0.0
3829,409.0,7,0.0
3830,410.0,7,0.0
3831,411.0,7,0.0
3832,412.0,7,0.0
3833,413.0,7,1.0
3834,414.0,7,0.0
3835,415.0,7,0.0
3836,416.0,7,0.0
3837,417.0,7,0.0
3838,418.0,7,0.0
3839,419.0,7,0.0
3840,420.0,7,0.0
3841,421.0,7,0.0
3842,422.0,7,0.0
3843,423.0,7,1.0
3844,424.0,7,1.411764705882353
3845,425.0,7,1.0
3846,426.0,7,0.3333333333333333
3847,427.0,7,1.625
3848,428.0,7,1.3043478260869565
3849,429.0,7,1.5
3850,430.0,7,1.3043478260869565
3851,431.0,7,1.1875
3852,432.0,7,0.0
3853,433.0,7,0.3333333333333333
3854,434.0,7,0.19082125603864733
3855,435.0,7,3.1607142857142856
3856,436.0,7,4.312244897959184
3857,437.0,7,0.44047619047619047
3858,438.0,7,20.131147540983605
3859,439.0,7,2.151685393258427
3860,440.0,7,0.8481848184818482
3861,441.0,7,1.5925925925925926
3862,442.0,7,1.3958333333333333
3863,443.0,7,6.076923076923077
3864,444.0,7,0.5618729096989966
3865,445.0,7,3.285451197053407
3866,446.0,7,0.9444444444444444
3867,447.0,7,0.32558139534883723
3868,448.0,7,0.9736842105263158
3869,449.0,7,0.4230769230769231
3870,450.0,7,0.6785714285714286
3871,451.0,7,7.380530973451328
3872,452.0,7,0.8269230769230769
3873,453.0,7,0.045454545454545456
3874,454.0,7,6.503267973856209
3875,455.0,7,3.328767123287671
3876,456.0,7,0.863849765258216
3877,457.0,7,7.948717948717949
3878,458.0,7,7.88
3879,459.0,7,2.057471264367816
3880,460.0,7,0.5142857142857142
3881,461.0,7,1.5
3882,462.0,7,2.5294117647058822
3883,463.0,7,3.625
3884,464.0,7,3.625
3885,465.0,7,3.625
3886,466.0,7,3.625
3887,467.0,7,3.625
3888,468.0,7,1.4681818181818183
3889,469.0,7,9.402985074626866
3890,470.0,7,1.8333333333333333
3891,471.0,7,0.46875
3892,472.0,7,1.4210526315789473
3893,473.0,7,0.46875
3894,474.0,7,0.75
3895,475.0,7,0.125
3896,476.0,7,0.0
3897,477.0,7,0.475
3898,478.0,7,0.25
3899,479.0,7,10.0
3900,480.0,7,0.3684210526315789
3901,481.0,7,2.0
3902,482.0,7,0.967741935483871
3903,483.0,7,0.95
3904,484.0,7,1.1818181818181819
3905,485.0,7,0.2911392405063291
3906,486.0,7,0.0
3907,487.0,7,0.44871794871794873
3908,488.0,7,2.526315789473684
3909,489.0,7,0.9411764705882353
3910,490.0,7,0.09047619047619047
3911,491.0,7,0.41414141414141414
3912,492.0,7,1.7833333333333334
3913,493.0,7,0.0
3914,494.0,7,0.0
3915,495.0,7,0.0
3916,496.0,7,0.0
3917,497.0,7,0.0
3918,498.0,7,0.0
3919,499.0,7,0.0
3920,500.0,7,1.6612903225806452
3921,501.0,7,1.6
3922,502.0,7,1.6666666666666665
3923,503.0,7,1.6978021978021978
3924,504.0,7,1.6578947368421053
3925,505.0,7,1.9942857142857142
3926,506.0,7,1.7142857142857142
3927,507.0,7,1.6759776536312851
3928,508.0,7,3.2673267326732676
3929,509.0,7,0.48695652173913045
3930,510.0,7,1.1139896373056994
3931,511.0,7,0.19545454545454546
3932,512.0,7,0.22727272727272727
3933,513.0,7,2.5037593984962405
3934,514.0,7,0.9512195121951219
3935,515.0,7,1.0454545454545454
3936,516.0,7,0.6461538461538462
3937,517.0,7,1.3111111111111111
3938,518.0,7,0.0
3939,519.0,7,0.5
3940,520.0,7,0.0
3941,521.0,7,0.0
3942,522.0,7,0.26605504587155965
3943,523.0,7,0.4533333333333333
3944,524.0,7,0.3333333333333333
3945,525.0,7,0.0
3946,526.0,7,0.0
3947,527.0,7,0.0
3948,528.0,7,0.0
3949,529.0,7,0.26666666666666666
3950,530.0,7,0.0
3951,531.0,7,0.0
3952,532.0,7,1.1818181818181819
3953,533.0,7,0.08333333333333333
3954,534.0,7,0.08333333333333333
3955,535.0,7,0.26666666666666666
3956,536.0,7,0.3333333333333333
3957,537.0,7,0.25
3958,538.0,7,0.4444444444444444
3959,539.0,7,0.0
3960,540.0,7,0.0
3961,541.0,7,0.0
3962,542.0,7,0.0
3963,543.0,7,0.8076923076923077
3964,544.0,7,0.0
3965,545.0,7,0.7604166666666666
3966,546.0,7,0.5594405594405595
3967,547.0,7,0.7671232876712328
3968,548.0,7,0.7604166666666666
3969,549.0,7,0.45714285714285713
3970,550.0,7,0.9617834394904459
3971,551.0,7,1.2
3972,552.0,7,0.0
3973,553.0,7,0.0
3974,554.0,7,0.16279069767441862
3975,555.0,7,1.1153846153846154
3976,556.0,7,2.107142857142857
3977,557.0,7,0.16
3978,558.0,7,1.5
3979,559.0,7,0.4
3980,560.0,7,0.8307692307692308
3981,561.0,7,0.0
3982,562.0,7,0.4090909090909091
3983,563.0,7,0.9857142857142858
3984,564.0,7,0.5058823529411764
3985,565.0,7,3.3333333333333335
3986,566.0,7,0.7153846153846154
3987,567.0,7,0.4526315789473684
3988,568.0,7,1.0833333333333333
3989,569.0,7,0.8709677419354839
3990,570.0,7,0.07448275862068966
3991,1.0,8,0.15238095238095237
3992,2.0,8,0.2111111111111111
3993,3.0,8,0.25
3994,4.0,8,0.2772727272727272
3995,5.0,8,0.21126760563380284
3996,6.0,8,0.2
3997,7.0,8,0.11599999999999999
3998,8.0,8,0.13749999999999998
3999,9.0,8,0.28571428571428575
4000,10.0,8,0.12631578947368421
4001,11.0,8,0.125
4002,12.0,8,0.13333333333333333
4003,13.0,8,0.1272727272727273
4004,14.0,8,0.1148148148148148
4005,15.0,8,0.15384615384615385
4006,16.0,8,0.15
4007,17.0,8,0.13333333333333333
4008,18.0,8,0.11639344262295082
4009,19.0,8,0.13636363636363635
4010,20.0,8,0.14285714285714285
4011,21.0,8,0.42105263157894746
4012,22.0,8,0.24375
4013,23.0,8,0.18181818181818182
4014,24.0,8,0.16666666666666669
4015,25.0,8,0.10869565217391305
4016,26.0,8,0.12820512820512822
4017,27.0,8,0.15909090909090906
4018,28.0,8,0.15555555555555556
4019,29.0,8,0.19090909090909092
4020,30.0,8,0.1416666666666667
4021,31.0,8,0.13
4022,32.0,8,0.18000000000000002
4023,33.0,8,0.0
4024,34.0,8,0.18846153846153846
4025,35.0,8,0.2127659574468085
4026,36.0,8,0.13968253968253969
4027,37.0,8,0.16666666666666666
4028,38.0,8,0.2
4029,39.0,8,0.1875
4030,40.0,8,0.14375
4031,41.0,8,0.21428571428571427
4032,42.0,8,0.15
4033,43.0,8,0.13636363636363635
4034,44.0,8,0.1413793103448276
4035,45.0,8,0.3823529411764706
4036,46.0,8,0.3921568627450981
4037,47.0,8,0.11538461538461538
4038,48.0,8,0.11666666666666665
4039,49.0,8,0.14
4040,50.0,8,0.0
4041,51.0,8,0.2222222222222222
4042,52.0,8,0.12340425531914893
4043,53.0,8,0.24528301886792453
4044,54.0,8,0.10363636363636364
4045,55.0,8,0.15934065934065933
4046,56.0,8,0.0
4047,57.0,8,0.10689655172413794
4048,58.0,8,0.23333333333333336
4049,59.0,8,0.0
4050,60.0,8,0.14285714285714288
4051,61.0,8,0.12371134020618557
4052,62.0,8,0.06545454545454545
4053,63.0,8,0.14285714285714285
4054,64.0,8,0.13846153846153844
4055,65.0,8,0.26875
4056,66.0,8,0.14457831325301204
4057,67.0,8,0.13529411764705884
4058,68.0,8,0.13114754098360654
4059,69.0,8,0.132
4060,70.0,8,0.16666666666666669
4061,71.0,8,0.38333333333333336
4062,72.0,8,0.2647058823529411
4063,73.0,8,0.25
4064,74.0,8,0.23636363636363636
4065,75.0,8,0.23636363636363636
4066,76.0,8,0.2357142857142857
4067,77.0,8,0.17999999999999997
4068,78.0,8,0.25
4069,79.0,8,0.23333333333333336
4070,80.0,8,0.19499999999999998
4071,81.0,8,0.2302325581395349
4072,82.0,8,0.3
4073,83.0,8,0.37499999999999994
4074,84.0,8,0.3333333333333333
4075,85.0,8,0.2290322580645161
4076,86.0,8,0.25
4077,87.0,8,0.22222222222222224
4078,88.0,8,0.22999999999999998
4079,89.0,8,0.0
4080,90.0,8,0.25
4081,91.0,8,0.25
4082,92.0,8,0.25
4083,93.0,8,0.14285714285714288
4084,94.0,8,0.15
4085,95.0,8,0.21739130434782608
4086,96.0,8,0.23333333333333334
4087,97.0,8,0.26499999999999996
4088,98.0,8,0.1888888888888889
4089,99.0,8,0.27
4090,100.0,8,0.24285714285714288
4091,101.0,8,0.155
4092,102.0,8,0.2
4093,103.0,8,0.5230769230769231
4094,104.0,8,0.376
4095,105.0,8,0.25
4096,106.0,8,0.33333333333333337
4097,107.0,8,0.18181818181818182
4098,108.0,8,0.18999999999999997
4099,109.0,8,0.13823529411764704
4100,110.0,8,0.12222222222222222
4101,111.0,8,0.15
4102,112.0,8,0.0
4103,113.0,8,0.1
4104,114.0,8,0.11111111111111112
4105,115.0,8,0.15
4106,116.0,8,0.12068965517241381
4107,117.0,8,0.2
4108,118.0,8,0.19999999999999998
4109,119.0,8,0.17777777777777778
4110,120.0,8,0.34500000000000003
4111,121.0,8,0.3333333333333333
4112,122.0,8,0.37499999999999994
4113,123.0,8,0.26896551724137935
4114,124.0,8,0.22222222222222224
4115,125.0,8,0.17619047619047618
4116,126.0,8,0.022499999999999996
4117,127.0,8,0.0
4118,128.0,8,0.13199999999999998
4119,129.0,8,0.18
4120,130.0,8,0.06818181818181819
4121,131.0,8,0.198744769874477
4122,132.0,8,0.0
4123,133.0,8,0.049999999999999996
4124,134.0,8,0.0
4125,135.0,8,0.0
4126,136.0,8,0.047619047619047616
4127,137.0,8,0.05
4128,138.0,8,0.049999999999999996
4129,139.0,8,0.0
4130,140.0,8,0.0
4131,141.0,8,0.0
4132,142.0,8,0.17857142857142858
4133,143.0,8,0.03333333333333333
4134,144.0,8,0.07884615384615384
4135,145.0,8,0.8612903225806451
4136,146.0,8,0.3333333333333333
4137,147.0,8,0.32
4138,148.0,8,0.08085106382978723
4139,149.0,8,0.09999999999999999
4140,150.0,8,0.0
4141,151.0,8,0.16333333333333336
4142,152.0,8,0.0
4143,153.0,8,0.22580645161290325
4144,154.0,8,0.28571428571428575
4145,155.0,8,0.12941176470588234
4146,156.0,8,0.8712328767123287
4147,157.0,8,0.03333333333333333
4148,,8,0.08
4149,159.0,8,0.12666666666666668
4150,160.0,8,0.11818181818181818
4151,161.0,8,0.19499999999999998
4152,162.0,8,0.28
4153,163.0,8,0.178
4154,164.0,8,0.125
4155,165.0,8,0.10999999999999999
4156,166.0,8,0.13
4157,167.0,8,0.22666666666666668
4158,168.0,8,0.10999999999999999
4159,169.0,8,0.16111111111111112
4160,170.0,8,0.25
4161,171.0,8,0.08999999999999998
4162,172.0,8,0.25999999999999995
4163,173.0,8,0.074
4164,174.0,8,0.0
4165,175.0,8,0.13999999999999999
4166,176.0,8,0.10999999999999999
4167,177.0,8,0.21499999999999997
4168,178.0,8,0.3
4169,179.0,8,0.13999999999999999
4170,180.0,8,0.0
4171,181.0,8,0.4444444444444444
4172,182.0,8,0.3783783783783784
4173,183.0,8,0.23333333333333336
4174,184.0,8,0.33333333333333337
4175,185.0,8,0.45000000000000007
4176,186.0,8,0.33749999999999997
4177,187.0,8,0.33749999999999997
4178,188.0,8,0.07578558225508317
4179,189.0,8,0.06655844155844155
4180,190.0,8,0.06655844155844155
4181,191.0,8,0.1891304347826087
4182,192.0,8,0.1792452830188679
4183,193.0,8,0.1891304347826087
4184,194.0,8,0.18181818181818182
4185,195.0,8,0.08443271767810027
4186,196.0,8,0.0921409214092141
4187,197.0,8,0.1088
4188,198.0,8,0.1088
4189,199.0,8,0.10563380281690142
4190,200.0,8,0.10563380281690142
4191,201.0,8,0.17311608961303462
4192,202.0,8,0.11821705426356588
4193,203.0,8,0.127134724857685
4194,204.0,8,0.1310344827586207
4195,205.0,8,0.12
4196,206.0,8,0.5526315789473685
4197,207.0,8,0.6237623762376238
4198,208.0,8,0.44999999999999996
4199,209.0,8,0.6666666666666667
4200,210.0,8,0.5555555555555556
4201,211.0,8,0.44999999999999996
4202,212.0,8,0.6052631578947368
4203,213.0,8,0.6875
4204,214.0,8,0.44999999999999996
4205,215.0,8,0.625
4206,216.0,8,0.6030534351145038
4207,217.0,8,0.5950920245398772
4208,218.0,8,0.6052631578947368
4209,219.0,8,0.6276595744680851
4210,220.0,8,0.6875
4211,221.0,8,0.5619047619047619
4212,222.0,8,0.6124031007751938
4213,223.0,8,0.5906040268456376
4214,224.0,8,0.6086956521739131
4215,225.0,8,0.6124031007751938
4216,226.0,8,0.6414141414141413
4217,227.0,8,0.6418439716312058
4218,228.0,8,0.6420454545454546
4219,229.0,8,0.5413223140495868
4220,230.0,8,0.8335000000000001
4221,231.0,8,0.6669926650366749
4222,232.0,8,0.6124031007751938
4223,233.0,8,0.6149068322981366
4224,234.0,8,0.4998077662437524
4225,235.0,8,0.5713673381911702
4226,237.0,8,0.6124031007751938
4227,237.0,8,0.6124031007751938
4228,238.0,8,0.68
4229,239.0,8,0.0
4230,240.0,8,0.0
4231,241.0,8,0.1727272727272727
4232,242.0,8,0.7999999999999999
4233,243.0,8,0.4444444444444445
4234,244.0,8,0.34375
4235,245.0,8,0.3666666666666667
4236,246.0,8,0.34375
4237,247.0,8,0.6578947368421053
4238,248.0,8,0.6086956521739131
4239,249.0,8,0.6176470588235294
4240,250.0,8,0.631578947368421
4241,251.0,8,0.6666666666666666
4242,252.0,8,0.6428571428571429
4243,253.0,8,0.6666666666666667
4244,254.0,8,0.5769230769230769
4245,255.0,8,0.631578947368421
4246,256.0,8,0.6666666666666667
4247,257.0,8,0.0
4248,258.0,8,0.2767857142857143
4249,259.0,8,2.8253968253968256
4250,260.0,8,4.214285714285714
4251,261.0,8,0.275
4252,262.0,8,0.3347826086956522
4253,263.0,8,0.2817679558011049
4254,264.0,8,0.38888888888888884
4255,265.0,8,0.3303571428571429
4256,266.0,8,0.39436619718309857
4257,267.0,8,0.2916666666666667
4258,268.0,8,0.35294117647058826
4259,269.0,8,0.34302325581395354
4260,270.0,8,0.25882352941176473
4261,271.0,8,0.36363636363636365
4262,272.0,8,0.30645161290322576
4263,273.0,8,0.27083333333333337
4264,274.0,8,0.4069264069264069
4265,275.0,8,0.42424242424242425
4266,276.0,8,0.3815789473684211
4267,277.0,8,0.3694915254237288
4268,278.0,8,0.3771186440677966
4269,279.0,8,0.39097744360902253
4270,280.0,8,0.332
4271,281.0,8,0.3219178082191781
4272,282.0,8,0.41630901287553645
4273,283.0,8,0.3815789473684211
4274,284.0,8,0.4126760563380282
4275,285.0,8,0.44660194174757273
4276,286.0,8,0.423728813559322
4277,287.0,8,0.43220338983050843
4278,288.0,8,0.346938775510204
4279,289.0,8,0.4071146245059289
4280,290.0,8,0.5306930693069307
4281,291.0,8,0.34274193548387094
4282,292.0,8,0.4232081911262799
4283,293.0,8,0.32407407407407407
4284,294.0,8,0.37254901960784315
4285,295.0,8,0.29017857142857145
4286,296.0,8,0.3392857142857143
4287,297.0,8,0.375
4288,298.0,8,0.41090909090909095
4289,299.0,8,0.4576271186440678
4290,300.0,8,0.3502109704641351
4291,301.0,8,0.2769230769230769
4292,302.0,8,0.3724489795918367
4293,303.0,8,0.3736654804270462
4294,304.0,8,0.3569620253164557
4295,305.0,8,0.3
4296,306.0,8,0.3555555555555555
4297,307.0,8,0.3958333333333333
4298,308.0,8,0.34615384615384615
4299,309.0,8,0.39622641509433965
4300,310.0,8,0.3
4301,311.0,8,0.4
4302,312.0,8,0.38983050847457623
4303,313.0,8,0.4305555555555556
4304,314.0,8,0.425925925925926
4305,315.0,8,0.45
4306,316.0,8,0.3953488372093023
4307,317.0,8,0.4086021505376344
4308,318.0,8,0.4230769230769231
4309,319.0,8,0.45
4310,320.0,8,0.3387096774193548
4311,321.0,8,0.41269841269841273
4312,322.0,8,0.37037037037037035
4313,323.0,8,0.3455882352941177
4314,324.0,8,0.5180722891566264
4315,325.0,8,0.2727272727272727
4316,326.0,8,0.40350877192982454
4317,327.0,8,0.2903225806451613
4318,328.0,8,0.4
4319,329.0,8,0.346938775510204
4320,330.0,8,0.33999999999999997
4321,331.0,8,0.3404255319148936
4322,332.0,8,0.3823529411764706
4323,333.0,8,0.34951456310679613
4324,334.0,8,0.3835616438356164
4325,335.0,8,0.35294117647058826
4326,336.0,8,0.43478260869565216
4327,337.0,8,0.38461538461538464
4328,338.0,8,0.43006993006993005
4329,339.0,8,0.3555555555555555
4330,340.0,8,0.3423076923076923
4331,341.0,8,0.344
4332,342.0,8,0.3157894736842105
4333,343.0,8,0.3333333333333333
4334,344.0,8,0.295774647887324
4335,345.0,8,0.049999999999999996
4336,346.0,8,0.2222222222222222
4337,347.0,8,0.23300970873786406
4338,348.0,8,0.2368421052631579
4339,349.0,8,0.3
4340,350.0,8,0.3
4341,351.0,8,0.12631578947368421
4342,352.0,8,0.29285714285714287
4343,353.0,8,0.13529411764705881
4344,354.0,8,0.13653846153846153
4345,355.0,8,0.29285714285714287
4346,356.0,8,0.15714285714285717
4347,357.0,8,0.18333333333333335
4348,358.0,8,0.11818181818181818
4349,359.0,8,0.25
4350,360.0,8,0.295
4351,361.0,8,0.35
4352,362.0,8,0.2142857142857143
4353,363.0,8,0.2326530612244898
4354,364.0,8,0.2064516129032258
4355,365.0,8,0.264516129032258
4356,366.0,8,0.25
4357,367.0,8,0.3833333333333333
4358,368.0,8,0.2857142857142857
4359,369.0,8,0.19148936170212766
4360,370.0,8,0.1956521739130435
4361,371.0,8,0.20256410256410257
4362,372.0,8,0.13999999999999999
4363,373.0,8,0.2727272727272727
4364,374.0,8,0.17355371900826447
4365,375.0,8,0.2368421052631579
4366,376.0,8,0.2765957446808511
4367,377.0,8,0.12954545454545452
4368,378.0,8,0.2537313432835821
4369,379.0,8,0.17500000000000002
4370,380.0,8,0.13
4371,381.0,8,0.20118343195266272
4372,382.0,8,0.1782608695652174
4373,383.0,8,0.19444444444444442
4374,384.0,8,0.2285714285714286
4375,385.0,8,0.3023255813953489
4376,386.0,8,0.39166666666666666
4377,387.0,8,0.15
4378,388.0,8,0.11249999999999999
4379,389.0,8,0.5789473684210527
4380,390.0,8,0.2537313432835821
4381,391.0,8,0.22307692307692306
4382,392.0,8,0.31176470588235294
4383,393.0,8,0.0
4384,394.0,8,0.186046511627907
4385,395.0,8,0.18421052631578946
4386,396.0,8,0.33333333333333337
4387,397.0,8,0.1487603305785124
4388,398.0,8,0.38333333333333336
4389,399.0,8,0.1565217391304348
4390,400.0,8,0.20689655172413796
4391,401.0,8,0.15068493150684933
4392,402.0,8,0.26829268292682923
4393,403.0,8,0.20588235294117646
4394,404.0,8,0.3466666666666667
4395,405.0,8,0.20588235294117646
4396,406.0,8,0.29583333333333334
4397,407.0,8,0.16899999999999998
4398,408.0,8,0.865
4399,409.0,8,0.07
4400,410.0,8,0.1881881881881882
4401,411.0,8,0.12012012012012012
4402,412.0,8,0.21121121121121122
4403,413.0,8,0.09
4404,414.0,8,0.14514514514514515
4405,415.0,8,0.09318637274549099
4406,416.0,8,0.14314314314314314
4407,417.0,8,0.14514514514514515
4408,418.0,8,0.14514514514514515
4409,419.0,8,0.14514514514514515
4410,420.0,8,0.4784784784784784
4411,421.0,8,0.142
4412,422.0,8,0.156
4413,423.0,8,0.6337854500616523
4414,424.0,8,0.6225045372050816
4415,425.0,8,0.5030826140567201
4416,426.0,8,0.2975
4417,427.0,8,0.2
4418,428.0,8,0.1625
4419,429.0,8,0.28250000000000003
4420,430.0,8,0.19627329192546586
4421,431.0,8,0.27970297029702973
4422,432.0,8,0.597
4423,433.0,8,0.41010101010101013
4424,434.0,8,0.3424657534246575
4425,435.0,8,0.0640625
4426,436.0,8,0.06
4427,437.0,8,0.2711864406779661
4428,438.0,8,0.203125
4429,439.0,8,0.10149253731343284
4430,440.0,8,0.17333333333333334
4431,441.0,8,0.22641509433962262
4432,442.0,8,0.0
4433,443.0,8,0.3076923076923077
4434,444.0,8,0.5454545454545455
4435,445.0,8,0.05227272727272727
4436,446.0,8,0.14942528735632185
4437,447.0,8,0.09999999999999999
4438,448.0,8,0.0
4439,449.0,8,0.0818181818181818
4440,450.0,8,0.6190476190476191
4441,451.0,8,0.2738095238095238
4442,452.0,8,0.0
4443,453.0,8,0.0
4444,454.0,8,0.07571428571428572
4445,455.0,8,0.26595744680851063
4446,456.0,8,0.7134986225895317
4447,457.0,8,0.0
4448,458.0,8,0.2621359223300971
4449,459.0,8,0.11944444444444444
4450,460.0,8,0.15384615384615385
4451,461.0,8,0.29523809523809524
4452,462.0,8,0.296969696969697
4453,463.0,8,0.0
4454,464.0,8,0.0
4455,465.0,8,0.0
4456,466.0,8,0.0
4457,467.0,8,0.0
4458,468.0,8,0.03710691823899371
4459,469.0,8,0.0
4460,470.0,8,0.16666666666666669
4461,471.0,8,0.0
4462,472.0,8,0.0
4463,473.0,8,0.0
4464,474.0,8,0.0
4465,475.0,8,0.14499424626006904
4466,476.0,8,0.0
4467,477.0,8,0.1525
4468,478.0,8,0.1507936507936508
4469,479.0,8,0.16538461538461538
4470,480.0,8,0.06097560975609757
4471,481.0,8,0.15416666666666667
4472,482.0,8,0.3
4473,483.0,8,0.0
4474,484.0,8,0.4271844660194175
4475,485.0,8,0.2792792792792793
4476,486.0,8,0.11888111888111887
4477,487.0,8,0.5886287625418061
4478,488.0,8,0.15198618307426598
4479,489.0,8,0.42622950819672134
4480,490.0,8,0.10999999999999999
4481,491.0,8,0.6209150326797386
4482,492.0,8,0.0
4483,493.0,8,0.5
4484,494.0,8,0.2823529411764706
4485,495.0,8,1.0
4486,496.0,8,0.6666666666666666
4487,497.0,8,1.0
4488,498.0,8,0.02702702702702703
4489,499.0,8,0.8305084745762712
4490,500.0,8,4.928571428571429
4491,501.0,8,2.234042553191489
4492,502.0,8,1.5503472222222223
4493,503.0,8,0.8518518518518519
4494,504.0,8,1.05668016194332
4495,505.0,8,1.2461538461538462
4496,506.0,8,1.3475177304964538
4497,507.0,8,4.555555555555555
4498,508.0,8,1.3846153846153846
4499,509.0,8,0.38582677165354334
4500,510.0,8,0.7500000000000001
4501,511.0,8,0.08032128514056225
4502,512.0,8,0.0
4503,513.0,8,0.4811320754716981
4504,514.0,8,0.4904761904761905
4505,515.0,8,0.44334975369458124
4506,516.0,8,0.5062240663900415
4507,517.0,8,0.5105263157894736
4508,518.0,8,0.33333333333333337
4509,519.0,8,0.0
4510,520.0,8,0.14
4511,521.0,8,0.14
4512,522.0,8,0.6923076923076923
4513,523.0,8,0.095
4514,524.0,8,0.0
4515,525.0,8,0.0
4516,526.0,8,0.0
4517,527.0,8,0.0
4518,528.0,8,0.0
4519,529.0,8,0.0
4520,530.0,8,0.0
4521,531.0,8,0.0
4522,532.0,8,0.09999999999999999
4523,533.0,8,0.0
4524,534.0,8,0.0
4525,535.0,8,0.0
4526,536.0,8,0.0
4527,537.0,8,0.0
4528,538.0,8,0.0
4529,539.0,8,0.0
4530,540.0,8,0.0
4531,541.0,8,0.0
4532,542.0,8,0.0
4533,543.0,8,0.33333333333333337
4534,544.0,8,0.6140350877192983
4535,545.0,8,0.39694656488549623
4536,546.0,8,0.4545454545454546
4537,547.0,8,0.38
4538,548.0,8,0.39694656488549623
4539,549.0,8,0.38
4540,550.0,8,0.22
4541,551.0,8,3.8
4542,552.0,8,0.09090909090909091
4543,553.0,8,0.12
4544,554.0,8,0.14285714285714288
4545,555.0,8,0.14814814814814814
4546,556.0,8,0.0
4547,557.0,8,0.8865546218487396
4548,558.0,8,0.0
4549,559.0,8,0.0
4550,560.0,8,0.12999999999999998
4551,561.0,8,0.0
4552,562.0,8,0.3
4553,563.0,8,0.17272727272727273
4554,564.0,8,0.12272727272727273
4555,565.0,8,0.0625
4556,566.0,8,0.12
4557,567.0,8,0.13333333333333333
4558,568.0,8,0.31
4559,569.0,8,0.19999999999999998
4560,570.0,8,0.13043478260869565
4561,1.0,9,0.03262955854126679
4562,2.0,9,0.03577981651376147
4563,3.0,9,0.02666666666666667
4564,4.0,9,0.04201680672268908
4565,5.0,9,0.023661971830985916
4566,6.0,9,0.03214285714285714
4567,7.0,9,0.022727272727272728
4568,8.0,9,0.42857142857142855
4569,9.0,9,0.0
4570,10.0,9,0.005128205128205128
4571,11.0,9,0.005833333333333333
4572,12.0,9,0.0136986301369863
4573,13.0,9,0.008823529411764706
4574,14.0,9,1.5735294117647058
4575,15.0,9,1.44
4576,16.0,9,0.01818181818181818
4577,17.0,9,0.06772908366533864
4578,18.0,9,0.008880994671403197
4579,19.0,9,0.005376344086021506
4580,20.0,9,4.080645161290323
4581,21.0,9,4.806687565308255
4582,22.0,9,3.8545454545454545
4583,23.0,9,0.02
4584,24.0,9,3.2615384615384615
4585,25.0,9,4.3875
4586,26.0,9,1.465648854961832
4587,27.0,9,0.14181818181818182
4588,28.0,9,3.354609929078014
4589,29.0,9,3.6325301204819276
4590,30.0,9,3.955223880597015
4591,31.0,9,3.5692307692307694
4592,32.0,9,1.5695652173913044
4593,33.0,9,1.9925925925925927
4594,34.0,9,5.96
4595,35.0,9,3.6363636363636362
4596,36.0,9,0.0
4597,37.0,9,5.0
4598,38.0,9,0.0
4599,39.0,9,0.060240963855421686
4600,40.0,9,0.029661016949152543
4601,41.0,9,0.0776255707762557
4602,42.0,9,0.15087719298245614
4603,43.0,9,0.25
4604,44.0,9,0.01020408163265306
4605,45.0,9,2.723926380368098
4606,46.0,9,2.668711656441718
4607,47.0,9,0.26666666666666666
4608,48.0,9,0.015706806282722512
4609,49.0,9,0.1276595744680851
4610,50.0,9,0.7803030303030304
4611,51.0,9,1.7087087087087087
4612,52.0,9,0.005421686746987952
4613,53.0,9,0.0
4614,54.0,9,0.034161490683229816
4615,55.0,9,3.844155844155844
4616,56.0,9,0.021844660194174758
4617,57.0,9,2.0
4618,58.0,9,0.6712707182320442
4619,59.0,9,0.7
4620,60.0,9,0.7677419354838709
4621,61.0,9,0.014807502467917079
4622,62.0,9,0.02857142857142857
4623,63.0,9,0.010091743119266056
4624,64.0,9,0.04232164449818621
4625,65.0,9,0.011219147344801795
4626,66.0,9,0.017069701280227598
4627,67.0,9,0.02867383512544803
4628,68.0,9,0.0026125625347415233
4629,69.0,9,2.5454545454545454
4630,70.0,9,0.020256410256410257
4631,71.0,9,0.06333333333333334
4632,72.0,9,0.054945054945054944
4633,73.0,9,0.2
4634,74.0,9,0.21561338289962825
4635,75.0,9,0.00645933014354067
4636,76.0,9,0.08713692946058091
4637,77.0,9,0.14250614250614252
4638,78.0,9,0.2
4639,79.0,9,0.05166051660516605
4640,80.0,9,0.19003115264797507
4641,81.0,9,0.18951612903225806
4642,82.0,9,0.047058823529411764
4643,83.0,9,0.013333333333333334
4644,84.0,9,0.05
4645,85.0,9,1.5818181818181818
4646,86.0,9,1.1971830985915493
4647,87.0,9,2.0615384615384613
4648,88.0,9,2.2937062937062938
4649,89.0,9,3.803680981595092
4650,90.0,9,1.7444444444444445
4651,91.0,9,1.6
4652,92.0,9,1.4444444444444444
4653,93.0,9,0.04
4654,94.0,9,0.39473684210526316
4655,95.0,9,0.042600896860986545
4656,96.0,9,0.13314447592067988
4657,97.0,9,0.3125
4658,98.0,9,0.014285714285714285
4659,99.0,9,0.043478260869565216
4660,100.0,9,0.1702127659574468
4661,101.0,9,0.07885304659498207
4662,102.0,9,0.004347826086956522
4663,103.0,9,0.010197368421052632
4664,104.0,9,0.018518518518518517
4665,105.0,9,0.02727272727272727
4666,106.0,9,0.031818181818181815
4667,107.0,9,0.022222222222222223
4668,108.0,9,0.047058823529411764
4669,109.0,9,0.02039911308203991
4670,110.0,9,0.07760532150776053
4671,111.0,9,0.04391891891891892
4672,112.0,9,0.04281345565749235
4673,113.0,9,0.12454873646209386
4674,114.0,9,0.008097165991902834
4675,115.0,9,0.08571428571428572
4676,116.0,9,0.0063025210084033615
4677,117.0,9,0.013636363636363636
4678,118.0,9,0.04
4679,119.0,9,0.08171206225680934
4680,120.0,9,0.02142857142857143
4681,121.0,9,0.025
4682,122.0,9,0.03333333333333333
4683,123.0,9,0.01647940074906367
4684,124.0,9,0.018518518518518517
4685,125.0,9,0.0371900826446281
4686,126.0,9,0.04482758620689655
4687,127.0,9,0.0
4688,128.0,9,0.020338983050847456
4689,129.0,9,0.2374429223744292
4690,130.0,9,0.016129032258064516
4691,131.0,9,0.14634146341463414
4692,132.0,9,0.011111111111111112
4693,133.0,9,0.5194805194805194
4694,134.0,9,0.21008403361344538
4695,135.0,9,0.06363636363636363
4696,136.0,9,0.029069767441860465
4697,137.0,9,0.125
4698,138.0,9,0.0847457627118644
4699,139.0,9,0.3821138211382114
4700,140.0,9,0.0
4701,141.0,9,0.20754716981132076
4702,142.0,9,0.04516129032258064
4703,143.0,9,0.008605851979345954
4704,144.0,9,0.009708737864077669
4705,145.0,9,0.04242424242424243
4706,146.0,9,0.012307692307692308
4707,147.0,9,0.026854219948849106
4708,148.0,9,0.009650924024640658
4709,149.0,9,0.007168458781362007
4710,150.0,9,0.01282051282051282
4711,151.0,9,0.02247191011235955
4712,152.0,9,0.0189873417721519
4713,153.0,9,0.011538461538461539
4714,154.0,9,0.010471204188481676
4715,155.0,9,0.009604519774011298
4716,156.0,9,0.09234828496042216
4717,157.0,9,0.006500000000000001
4718,,9,0.008695652173913044
4719,159.0,9,0.01050420168067227
4720,160.0,9,0.005610561056105611
4721,161.0,9,0.0062256809338521405
4722,162.0,9,0.013793103448275862
4723,163.0,9,0.005241935483870968
4724,164.0,9,0.013793103448275862
4725,165.0,9,0.024390243902439025
4726,166.0,9,0.011176470588235293
4727,167.0,9,0.013513513513513514
4728,168.0,9,0.007333333333333334
4729,169.0,9,0.01
4730,170.0,9,0.07116104868913857
4731,171.0,9,0.006701030927835052
4732,172.0,9,0.054838709677419356
4733,173.0,9,0.01092896174863388
4734,174.0,9,0.01263157894736842
4735,175.0,9,0.008484848484848484
4736,176.0,9,0.0058823529411764705
4737,177.0,9,0.015209125475285171
4738,178.0,9,0.015
4739,179.0,9,0.01810344827586207
4740,180.0,9,0.012
4741,181.0,9,0.002702702702702703
4742,182.0,9,0.008016032064128256
4743,183.0,9,0.007432432432432433
4744,184.0,9,0.02
4745,185.0,9,0.044585987261146494
4746,186.0,9,0.008
4747,187.0,9,0.00625
4748,188.0,9,0.016766467065868262
4749,189.0,9,0.009433962264150943
4750,190.0,9,0.009433962264150943
4751,191.0,9,0.0029850746268656717
4752,192.0,9,0.49382716049382713
4753,193.0,9,0.0029850746268656717
4754,194.0,9,0.022
4755,195.0,9,0.9333333333333333
4756,196.0,9,0.0016381418092909536
4757,197.0,9,0.004411764705882353
4758,198.0,9,0.004411764705882353
4759,199.0,9,1.2484725050916496
4760,200.0,9,0.006109979633401222
4761,201.0,9,0.02284263959390863
4762,202.0,9,0.28431372549019607
4763,203.0,9,0.6190476190476191
4764,204.0,9,0.20784313725490194
4765,205.0,9,0.006993006993006993
4766,206.0,9,0.30434782608695654
4767,207.0,9,0.3888888888888889
4768,208.0,9,0.3333333333333333
4769,209.0,9,0.23204419889502761
4770,210.0,9,0.16483516483516483
4771,211.0,9,0.35333333333333333
4772,212.0,9,0.3057324840764331
4773,213.0,9,0.3032258064516129
4774,214.0,9,0.35333333333333333
4775,215.0,9,0.34591194968553457
4776,216.0,9,0.31982758620689655
4777,217.0,9,0.3984375
4778,218.0,9,0.3057324840764331
4779,219.0,9,0.5
4780,220.0,9,0.3032258064516129
4781,221.0,9,0.30303030303030304
4782,222.0,9,5.374045801526718
4783,223.0,9,7.3125
4784,224.0,9,6.617647058823529
4785,225.0,9,5.374045801526718
4786,226.0,9,6.9298245614035086
4787,227.0,9,2.688
4788,228.0,9,3.0606060606060606
4789,229.0,9,6.25
4790,230.0,9,0.0
4791,231.0,9,0.0
4792,232.0,9,5.374045801526718
4793,233.0,9,5.567164179104478
4794,234.0,9,0.0
4795,235.0,9,0.0
4796,237.0,9,5.374045801526718
4797,237.0,9,5.374045801526718
4798,238.0,9,0.42105263157894735
4799,239.0,9,0.2875
4800,240.0,9,0.0
4801,241.0,9,0.3806818181818182
4802,242.0,9,0.3047619047619048
4803,243.0,9,0.34210526315789475
4804,244.0,9,0.3048128342245989
4805,245.0,9,0.34554973821989526
4806,246.0,9,0.3048128342245989
4807,247.0,9,3.8208955223880596
4808,248.0,9,0.3904761904761905
4809,249.0,9,0.2708333333333333
4810,250.0,9,0.31210191082802546
4811,251.0,9,0.2949640287769784
4812,252.0,9,0.3333333333333333
4813,253.0,9,0.296551724137931
4814,254.0,9,0.2857142857142857
4815,255.0,9,0.31210191082802546
4816,256.0,9,0.47333333333333333
4817,257.0,9,1.103896103896104
4818,258.0,9,1.0681818181818181
4819,259.0,9,0.45
4820,260.0,9,30.379310344827587
4821,261.0,9,0.46794871794871795
4822,262.0,9,0.16725978647686832
4823,263.0,9,0.3112244897959184
4824,264.0,9,0.2975778546712803
4825,265.0,9,0.38
4826,266.0,9,0.20714285714285716
4827,267.0,9,0.237012987012987
4828,268.0,9,0.271356783919598
4829,269.0,9,0.14074074074074075
4830,270.0,9,0.2550607287449393
4831,271.0,9,0.13813813813813813
4832,272.0,9,0.25
4833,273.0,9,0.31679389312977096
4834,274.0,9,2.8333333333333335
4835,275.0,9,0.2542955326460481
4836,276.0,9,0.2465753424657534
4837,277.0,9,0.20634920634920634
4838,278.0,9,0.28846153846153844
4839,279.0,9,0.2971698113207547
4840,280.0,9,0.2
4841,281.0,9,0.3574074074074074
4842,282.0,9,6.391304347826087
4843,283.0,9,0.20540540540540542
4844,284.0,9,7.466666666666667
4845,285.0,9,0.2608695652173913
4846,286.0,9,0.22025316455696203
4847,287.0,9,0.16774193548387098
4848,288.0,9,5.021428571428571
4849,289.0,9,17.528301886792452
4850,290.0,9,3.831896551724138
4851,291.0,9,2.9217391304347826
4852,292.0,9,7.8
4853,293.0,9,2.348148148148148
4854,294.0,9,2.2642857142857142
4855,295.0,9,10.856209150326798
4856,296.0,9,7.856
4857,297.0,9,6.391304347826087
4858,298.0,9,0.35
4859,299.0,9,4.533333333333333
4860,300.0,9,3.7004830917874396
4861,301.0,9,0.0
4862,302.0,9,9.303571428571429
4863,303.0,9,5.0476190476190474
4864,304.0,9,7.3375
4865,305.0,9,0.21298701298701297
4866,306.0,9,0.11671087533156499
4867,307.0,9,0.22285714285714286
4868,308.0,9,0.18611111111111112
4869,309.0,9,0.18611111111111112
4870,310.0,9,0.15942028985507245
4871,311.0,9,0.18627450980392157
4872,312.0,9,0.18611111111111112
4873,313.0,9,0.18846153846153846
4874,314.0,9,0.296551724137931
4875,315.0,9,0.23106060606060605
4876,316.0,9,0.1742857142857143
4877,317.0,9,0.15454545454545454
4878,318.0,9,0.25203252032520324
4879,319.0,9,0.27960526315789475
4880,320.0,9,0.23106060606060605
4881,321.0,9,0.3191489361702128
4882,322.0,9,0.17142857142857143
4883,323.0,9,0.22025316455696203
4884,324.0,9,0.17037037037037037
4885,325.0,9,0.311284046692607
4886,326.0,9,0.47580645161290325
4887,327.0,9,0.42366412213740456
4888,328.0,9,0.34980988593155893
4889,329.0,9,0.21212121212121213
4890,330.0,9,0.24242424242424243
4891,331.0,9,0.3119266055045872
4892,332.0,9,0.3515151515151515
4893,333.0,9,0.3345323741007194
4894,334.0,9,1.68
4895,335.0,9,0.3418803418803419
4896,336.0,9,0.21904761904761905
4897,337.0,9,0.17857142857142858
4898,338.0,9,0.20125786163522014
4899,339.0,9,0.504950495049505
4900,340.0,9,0.6596638655462185
4901,341.0,9,0.5823529411764706
4902,342.0,9,0.7004048582995951
4903,343.0,9,0.8148148148148148
4904,344.0,9,0.6896551724137931
4905,345.0,9,1.1896551724137931
4906,346.0,9,0.49038461538461536
4907,347.0,9,0.5208333333333334
4908,348.0,9,0.5642857142857143
4909,349.0,9,0.17834394904458598
4910,350.0,9,0.17834394904458598
4911,351.0,9,1.2272727272727273
4912,352.0,9,0.39285714285714285
4913,353.0,9,1.3703703703703705
4914,354.0,9,1.3703703703703705
4915,355.0,9,0.39285714285714285
4916,356.0,9,1.0
4917,357.0,9,1.3800904977375565
4918,358.0,9,1.011111111111111
4919,359.0,9,1.3800904977375565
4920,360.0,9,1.049645390070922
4921,361.0,9,0.8695652173913043
4922,362.0,9,1.5782608695652174
4923,363.0,9,0.25096525096525096
4924,364.0,9,0.3333333333333333
4925,365.0,9,0.1184573002754821
4926,366.0,9,0.11818181818181818
4927,367.0,9,0.3504531722054381
4928,368.0,9,0.21761658031088082
4929,369.0,9,0.07751937984496124
4930,370.0,9,0.14705882352941177
4931,371.0,9,0.17777777777777778
4932,372.0,9,0.2558139534883721
4933,373.0,9,0.2982456140350877
4934,374.0,9,0.17559523809523808
4935,375.0,9,0.2676470588235294
4936,376.0,9,0.3333333333333333
4937,377.0,9,0.22
4938,378.0,9,0.11666666666666667
4939,379.0,9,0.2958579881656805
4940,380.0,9,0.20454545454545456
4941,381.0,9,0.06950672645739911
4942,382.0,9,0.20294117647058824
4943,383.0,9,0.3435374149659864
4944,384.0,9,0.3137254901960784
4945,385.0,9,0.1707920792079208
4946,386.0,9,1.37
4947,387.0,9,0.14242424242424243
4948,388.0,9,0.37037037037037035
4949,389.0,9,0.33548387096774196
4950,390.0,9,0.46382978723404256
4951,391.0,9,0.36
4952,392.0,9,0.3931034482758621
4953,393.0,9,0.4409448818897638
4954,394.0,9,2.4
4955,395.0,9,18.904347826086955
4956,396.0,9,1.391304347826087
4957,397.0,9,1.4516129032258065
4958,398.0,9,2.4434782608695653
4959,399.0,9,1.7391304347826086
4960,400.0,9,1.299625468164794
4961,401.0,9,0.0
4962,402.0,9,1.2446808510638299
4963,403.0,9,1.077319587628866
4964,404.0,9,1.7153846153846153
4965,405.0,9,1.2371134020618557
4966,406.0,9,27.0
4967,407.0,9,0.0
4968,408.0,9,0.0
4969,409.0,9,0.5140186915887851
4970,410.0,9,0.0
4971,411.0,9,0.0
4972,412.0,9,0.0
4973,413.0,9,0.0
4974,414.0,9,0.0
4975,415.0,9,0.0
4976,416.0,9,0.0
4977,417.0,9,0.0
4978,418.0,9,0.0
4979,419.0,9,0.0
4980,420.0,9,0.0
4981,421.0,9,0.0
4982,422.0,9,0.0
4983,423.0,9,3.0
4984,424.0,9,0.5070422535211268
4985,425.0,9,29.75
4986,426.0,9,26.4
4987,427.0,9,19.0
4988,428.0,9,5.0476190476190474
4989,429.0,9,18.857142857142858
4990,430.0,9,5.523809523809524
4991,431.0,9,5.363636363636363
4992,432.0,9,0.0
4993,433.0,9,1.0
4994,434.0,9,0.050293378038558254
4995,435.0,9,0.013559322033898305
4996,436.0,9,0.009903874162540053
4997,437.0,9,0.08584686774941995
4998,438.0,9,0.052
4999,439.0,9,0.0160857908847185
5000,440.0,9,0.012946979038224414
5001,441.0,9,0.01090909090909091
5002,442.0,9,0.08829174664107485
5003,443.0,9,0.27156862745098037
5004,444.0,9,0.012980769230769231
5005,445.0,9,0.06287787182587666
5006,446.0,9,4.0998838559814175
5007,447.0,9,0.027950310559006212
5008,448.0,9,0.03171247357293869
5009,449.0,9,0.0196875
5010,450.0,9,0.020454545454545454
5011,451.0,9,0.043478260869565216
5012,452.0,9,1.3846153846153846
5013,453.0,9,0.03968253968253968
5014,454.0,9,0.05059132720105125
5015,455.0,9,0.054481546572934976
5016,456.0,9,0.045714285714285714
5017,457.0,9,0.00909090909090909
5018,458.0,9,0.008987417615338526
5019,459.0,9,0.04562268803945746
5020,460.0,9,0.01452991452991453
5021,461.0,9,0.0684931506849315
5022,462.0,9,0.03492063492063492
5023,463.0,9,0.0
5024,464.0,9,0.0
5025,465.0,9,0.0
5026,466.0,9,0.0
5027,467.0,9,0.0
5028,468.0,9,0.011103400416377515
5029,469.0,9,0.06756756756756757
5030,470.0,9,0.060810810810810814
5031,471.0,9,0.2247191011235955
5032,472.0,9,0.20535714285714285
5033,473.0,9,0.2247191011235955
5034,474.0,9,0.20512820512820512
5035,475.0,9,10.865384615384615
5036,476.0,9,1.4545454545454546
5037,477.0,9,1.9833333333333334
5038,478.0,9,20.22222222222222
5039,479.0,9,0.0
5040,480.0,9,14.75
5041,481.0,9,5.348484848484849
5042,482.0,9,5.444444444444445
5043,483.0,9,4.764705882352941
5044,484.0,9,2.5
5045,485.0,9,1.3870967741935485
5046,486.0,9,0.0
5047,487.0,9,1.3909774436090225
5048,488.0,9,41.689655172413794
5049,489.0,9,2.7058823529411766
5050,490.0,9,15.88888888888889
5051,491.0,9,8.88888888888889
5052,492.0,9,1.225
5053,493.0,9,0.0
5054,494.0,9,0.0
5055,495.0,9,0.0
5056,496.0,9,0.0
5057,497.0,9,0.0
5058,498.0,9,0.0
5059,499.0,9,0.0
5060,500.0,9,0.0
5061,501.0,9,0.0
5062,502.0,9,0.0
5063,503.0,9,0.17333333333333334
5064,504.0,9,2.3846153846153846
5065,505.0,9,0.0
5066,506.0,9,0.0
5067,507.0,9,0.0
5068,508.0,9,0.0
5069,509.0,9,0.5555555555555556
5070,510.0,9,0.33121019108280253
5071,511.0,9,0.023923444976076555
5072,512.0,9,1.1111111111111112
5073,513.0,9,3.3333333333333335
5074,514.0,9,1.5539568345323742
5075,515.0,9,1.6764705882352942
5076,516.0,9,1.3571428571428572
5077,517.0,9,1.9272727272727272
5078,518.0,9,2.9074074074074074
5079,519.0,9,1.7826086956521738
5080,520.0,9,1.5
5081,521.0,9,1.5
5082,522.0,9,0.375
5083,523.0,9,6.0606060606060606
5084,524.0,9,3.888888888888889
5085,525.0,9,22.2
5086,526.0,9,0.0
5087,527.0,9,0.0
5088,528.0,9,3.3333333333333335
5089,529.0,9,8.0
5090,530.0,9,7.0
5091,531.0,9,0.06666666666666667
5092,532.0,9,0.024390243902439025
5093,533.0,9,1.105263157894737
5094,534.0,9,1.105263157894737
5095,535.0,9,8.0
5096,536.0,9,1.75
5097,537.0,9,4.0
5098,538.0,9,0.0
5099,539.0,9,5.0
5100,540.0,9,0.5
5101,541.0,9,0.0
5102,542.0,9,0.0
5103,543.0,9,0.02529411764705882
5104,544.0,9,0.0
5105,545.0,9,0.007259528130671506
5106,546.0,9,0.006569551556698086
5107,547.0,9,0.007221350078492936
5108,548.0,9,0.007259528130671506
5109,549.0,9,0.01025
5110,550.0,9,0.00853658536585366
5111,551.0,9,0.42
5112,552.0,9,0.0
5113,553.0,9,0.0
5114,554.0,9,1.2195121951219512
5115,555.0,9,0.17307692307692307
5116,556.0,9,1.4444444444444444
5117,557.0,9,0.057034220532319393
5118,558.0,9,0.025
5119,559.0,9,0.42857142857142855
5120,560.0,9,0.009333333333333332
5121,561.0,9,0.0
5122,562.0,9,0.05555555555555555
5123,563.0,9,0.018965517241379314
5124,564.0,9,0.03319502074688797
5125,565.0,9,0.0396551724137931
5126,566.0,9,0.008724832214765102
5127,567.0,9,0.020869565217391303
5128,568.0,9,0.01756756756756757
5129,569.0,9,0.2374429223744292
5130,570.0,9,0.02774869109947644
5131,1.0,10,0.00902872777017784
5132,2.0,10,0.00196078431372549
5133,3.0,10,0.0
5134,4.0,10,0.018893387314439947
5135,5.0,10,0.0
5136,6.0,10,0.01288244766505636
5137,7.0,10,0.01687116564417178
5138,8.0,10,0.0
5139,9.0,10,0.0015384615384615385
5140,10.0,10,0.0
5141,11.0,10,0.0
5142,12.0,10,0.009915014164305949
5143,13.0,10,0.036020583190394515
5144,14.0,10,0.021604938271604937
5145,15.0,10,0.24725274725274726
5146,16.0,10,0.09582689335394126
5147,17.0,10,0.24193548387096772
5148,18.0,10,0.08741258741258741
5149,19.0,10,0.00463768115942029
5150,20.0,10,0.04600484261501211
5151,21.0,10,0.03816793893129771
5152,22.0,10,0.10212765957446808
5153,23.0,10,0.03525046382189239
5154,24.0,10,0.04114490161001789
5155,25.0,10,0.07084468664850135
5156,26.0,10,0.07084468664850135
5157,27.0,10,0.21855670103092784
5158,28.0,10,0.1310344827586207
5159,29.0,10,0.09176470588235294
5160,30.0,10,0.02333931777378815
5161,31.0,10,0.061224489795918366
5162,32.0,10,0.10227272727272728
5163,33.0,10,0.06451612903225806
5164,34.0,10,0.08274231678486998
5165,35.0,10,0.04842105263157894
5166,36.0,10,0.01279317697228145
5167,37.0,10,0.037102473498233215
5168,38.0,10,0.052910052910052914
5169,39.0,10,0.0
5170,40.0,10,0.036671368124118475
5171,41.0,10,0.02718168812589413
5172,42.0,10,0.053824362606232294
5173,43.0,10,0.0
5174,44.0,10,0.03610675039246467
5175,45.0,10,0.0
5176,46.0,10,0.06134969325153374
5177,47.0,10,1.0
5178,48.0,10,1.0
5179,49.0,10,0.4893617021276595
5180,50.0,10,0.024038461538461536
5181,51.0,10,0.12101910828025478
5182,52.0,10,0.5404255319148936
5183,53.0,10,0.4915254237288135
5184,54.0,10,0.0
5185,55.0,10,0.0
5186,56.0,10,0.14285714285714285
5187,57.0,10,0.028368794326241138
5188,58.0,10,0.06369426751592357
5189,59.0,10,0.050505050505050504
5190,60.0,10,0.026845637583892617
5191,61.0,10,0.0
5192,62.0,10,0.05417607223476298
5193,63.0,10,0.07507507507507508
5194,64.0,10,1.0
5195,65.0,10,0.05763688760806916
5196,66.0,10,0.06267806267806268
5197,67.0,10,0.027093596059113302
5198,68.0,10,0.9047619047619048
5199,69.0,10,1.0
5200,70.0,10,1.0
5201,71.0,10,0.19087136929460577
5202,72.0,10,0.04211793020457281
5203,73.0,10,0.0
5204,74.0,10,0.851063829787234
5205,75.0,10,0.04729729729729729
5206,76.0,10,1.0
5207,77.0,10,1.0
5208,78.0,10,0.0
5209,79.0,10,0.04461942257217848
5210,80.0,10,1.0
5211,81.0,10,0.7692307692307693
5212,82.0,10,0.725
5213,83.0,10,0.5684210526315789
5214,84.0,10,0.5833333333333334
5215,85.0,10,1.0
5216,86.0,10,0.2173913043478261
5217,87.0,10,0.20161290322580644
5218,88.0,10,0.6875
5219,89.0,10,1.0
5220,90.0,10,0.9807692307692306
5221,91.0,10,0.6444444444444444
5222,92.0,10,0.7037037037037036
5223,93.0,10,0.24074074074074073
5224,94.0,10,0.2222222222222222
5225,95.0,10,0.09053497942386832
5226,96.0,10,1.0
5227,97.0,10,1.0
5228,98.0,10,0.9166666666666667
5229,99.0,10,1.0
5230,100.0,10,0.0
5231,101.0,10,1.0
5232,102.0,10,0.95
5233,103.0,10,0.8478260869565218
5234,104.0,10,1.0
5235,105.0,10,0.7187499999999999
5236,106.0,10,0.6538461538461539
5237,107.0,10,0.4864864864864865
5238,108.0,10,0.976190476190476
5239,109.0,10,0.8484848484848485
5240,110.0,10,1.0
5241,111.0,10,0.8750000000000001
5242,112.0,10,1.0
5243,113.0,10,0.7704918032786885
5244,114.0,10,0.10619469026548671
5245,115.0,10,0.09523809523809523
5246,116.0,10,0.5238095238095238
5247,117.0,10,1.0
5248,118.0,10,1.0
5249,119.0,10,0.36363636363636365
5250,120.0,10,0.9473684210526316
5251,121.0,10,1.0
5252,122.0,10,0.9375
5253,123.0,10,0.9393939393939394
5254,124.0,10,0.9756097560975611
5255,125.0,10,0.9714285714285714
5256,126.0,10,0.6
5257,127.0,10,1.0
5258,128.0,10,0.9333333333333332
5259,129.0,10,1.0
5260,130.0,10,0.7495069033530571
5261,131.0,10,0.5220588235294118
5262,132.0,10,1.0
5263,133.0,10,1.0
5264,134.0,10,0.8148148148148149
5265,135.0,10,0.9852216748768473
5266,136.0,10,1.0
5267,137.0,10,1.0
5268,138.0,10,1.0
5269,139.0,10,1.0
5270,140.0,10,0.8858603066439522
5271,141.0,10,0.9827586206896551
5272,142.0,10,0.9854166666666666
5273,143.0,10,0.853035143769968
5274,144.0,10,1.0
5275,145.0,10,1.0
5276,146.0,10,1.0
5277,147.0,10,1.0
5278,148.0,10,1.0
5279,149.0,10,1.0
5280,150.0,10,1.0
5281,151.0,10,1.0
5282,152.0,10,0.9523809523809524
5283,153.0,10,1.0
5284,154.0,10,1.0
5285,155.0,10,1.0
5286,156.0,10,1.0
5287,157.0,10,1.0
5288,,10,1.0
5289,159.0,10,1.0
5290,160.0,10,1.0
5291,161.0,10,1.0
5292,162.0,10,1.0
5293,163.0,10,1.0
5294,164.0,10,1.0
5295,165.0,10,1.0
5296,166.0,10,1.0
5297,167.0,10,1.0
5298,168.0,10,1.0
5299,169.0,10,0.9473684210526316
5300,170.0,10,1.0
5301,171.0,10,1.0
5302,172.0,10,1.0
5303,173.0,10,1.0
5304,174.0,10,1.0
5305,175.0,10,1.0
5306,176.0,10,1.0
5307,177.0,10,1.0
5308,178.0,10,1.0
5309,179.0,10,1.0
5310,180.0,10,1.0
5311,181.0,10,0.8461538461538461
5312,182.0,10,0.4702194357366771
5313,183.0,10,1.0
5314,184.0,10,1.0
5315,185.0,10,0.9184
5316,186.0,10,1.0
5317,187.0,10,1.0
5318,188.0,10,0.611111111111111
5319,189.0,10,0.6761904761904761
5320,190.0,10,0.6761904761904761
5321,191.0,10,0.5063291139240506
5322,192.0,10,0.550561797752809
5323,193.0,10,0.5063291139240506
5324,194.0,10,0.336986301369863
5325,195.0,10,0.8333333333333334
5326,196.0,10,0.896551724137931
5327,197.0,10,0.2727272727272727
5328,198.0,10,0.2727272727272727
5329,199.0,10,0.08131868131868132
5330,200.0,10,0.2377049180327869
5331,201.0,10,0.08843537414965986
5332,202.0,10,0.6982758620689655
5333,203.0,10,0.608
5334,204.0,10,0.39344262295081966
5335,205.0,10,1.0
5336,206.0,10,1.0
5337,207.0,10,1.0
5338,208.0,10,1.0
5339,209.0,10,1.0
5340,210.0,10,1.0
5341,211.0,10,1.0
5342,212.0,10,1.0
5343,213.0,10,1.0
5344,214.0,10,1.0
5345,215.0,10,1.0
5346,216.0,10,1.0
5347,217.0,10,1.0
5348,218.0,10,1.0
5349,219.0,10,1.0
5350,220.0,10,1.0
5351,221.0,10,1.0
5352,222.0,10,0.9333333333333333
5353,223.0,10,0.0
5354,224.0,10,1.0
5355,225.0,10,0.9333333333333333
5356,226.0,10,0.0
5357,227.0,10,1.0
5358,228.0,10,1.0
5359,229.0,10,1.0
5360,230.0,10,0.0
5361,231.0,10,0.0
5362,232.0,10,0.9333333333333333
5363,233.0,10,1.0
5364,234.0,10,0.0
5365,235.0,10,0.0
5366,237.0,10,0.9333333333333333
5367,237.0,10,0.9333333333333333
5368,238.0,10,1.0
5369,239.0,10,1.0
5370,240.0,10,0.08187134502923975
5371,241.0,10,0.8260869565217391
5372,242.0,10,1.0
5373,243.0,10,1.0
5374,244.0,10,1.0
5375,245.0,10,1.0
5376,246.0,10,0.9411764705882353
5377,247.0,10,0.9120879120879122
5378,248.0,10,1.0
5379,249.0,10,1.0
5380,250.0,10,1.0
5381,251.0,10,1.0
5382,252.0,10,1.0
5383,253.0,10,1.0
5384,254.0,10,1.0
5385,255.0,10,0.98989898989899
5386,256.0,10,1.0
5387,257.0,10,1.0
5388,258.0,10,1.0
5389,259.0,10,0.02375
5390,260.0,10,0.02327044025157233
5391,261.0,10,0.0
5392,262.0,10,0.0
5393,263.0,10,0.0
5394,264.0,10,0.0
5395,265.0,10,0.0
5396,266.0,10,0.0
5397,267.0,10,0.0
5398,268.0,10,0.0
5399,269.0,10,0.0
5400,270.0,10,0.0
5401,271.0,10,0.0
5402,272.0,10,0.0
5403,273.0,10,0.0
5404,274.0,10,0.0
5405,275.0,10,0.0
5406,276.0,10,0.0
5407,277.0,10,0.0
5408,278.0,10,0.0
5409,279.0,10,0.0
5410,280.0,10,1.0
5411,281.0,10,0.0
5412,282.0,10,1.0
5413,283.0,10,0.0
5414,284.0,10,0.0
5415,285.0,10,0.0
5416,286.0,10,0.0
5417,287.0,10,0.0
5418,288.0,10,0.509090909090909
5419,289.0,10,1.0
5420,290.0,10,1.0
5421,291.0,10,0.15483870967741933
5422,292.0,10,1.0
5423,293.0,10,1.0
5424,294.0,10,0.0
5425,295.0,10,1.0
5426,296.0,10,0.0
5427,297.0,10,0.0
5428,298.0,10,0.0
5429,299.0,10,0.11976047904191617
5430,300.0,10,0.0
5431,301.0,10,0.13513513513513511
5432,302.0,10,0.0
5433,303.0,10,0.43333333333333335
5434,304.0,10,0.0642857142857143
5435,305.0,10,0.0
5436,306.0,10,0.0
5437,307.0,10,1.0
5438,308.0,10,0.0
5439,309.0,10,0.0
5440,310.0,10,0.0
5441,311.0,10,1.0
5442,312.0,10,0.0
5443,313.0,10,0.0
5444,314.0,10,0.0
5445,315.0,10,0.0
5446,316.0,10,0.0
5447,317.0,10,0.0
5448,318.0,10,0.0
5449,319.0,10,0.0
5450,320.0,10,0.0
5451,321.0,10,0.0
5452,322.0,10,0.0
5453,323.0,10,0.0
5454,324.0,10,0.0
5455,325.0,10,1.0
5456,326.0,10,1.0
5457,327.0,10,1.0
5458,328.0,10,0.0
5459,329.0,10,0.0
5460,330.0,10,0.0
5461,331.0,10,0.0
5462,332.0,10,0.0
5463,333.0,10,0.0
5464,334.0,10,0.0
5465,335.0,10,0.0
5466,336.0,10,0.0
5467,337.0,10,0.0
5468,338.0,10,0.0
5469,339.0,10,0.0
5470,340.0,10,0.0
5471,341.0,10,0.0
5472,342.0,10,0.0
5473,343.0,10,0.0
5474,344.0,10,0.0
5475,345.0,10,1.0
5476,346.0,10,0.0
5477,347.0,10,0.0
5478,348.0,10,0.0
5479,349.0,10,1.0
5480,350.0,10,1.0
5481,351.0,10,1.0
5482,352.0,10,1.0
5483,353.0,10,0.0
5484,354.0,10,0.0
5485,355.0,10,0.0
5486,356.0,10,1.0
5487,357.0,10,1.0
5488,358.0,10,1.0
5489,359.0,10,1.0
5490,360.0,10,1.0
5491,361.0,10,1.0
5492,362.0,10,1.0
5493,363.0,10,0.0
5494,364.0,10,0.0
5495,365.0,10,0.0
5496,366.0,10,0.0
5497,367.0,10,1.0
5498,368.0,10,0.0
5499,369.0,10,0.0
5500,370.0,10,1.0
5501,371.0,10,1.0
5502,372.0,10,0.0
5503,373.0,10,0.0
5504,374.0,10,0.0
5505,375.0,10,0.0
5506,376.0,10,0.0
5507,377.0,10,1.0
5508,378.0,10,0.0
5509,379.0,10,0.0
5510,380.0,10,0.0
5511,381.0,10,1.0
5512,382.0,10,0.0
5513,383.0,10,0.0
5514,384.0,10,0.0
5515,385.0,10,1.0
5516,386.0,10,1.0
5517,387.0,10,0.0
5518,388.0,10,0.0
5519,389.0,10,0.0
5520,390.0,10,0.0
5521,391.0,10,1.0
5522,392.0,10,0.0
5523,393.0,10,0.0
5524,394.0,10,0.0
5525,395.0,10,1.0
5526,396.0,10,0.0
5527,397.0,10,0.0
5528,398.0,10,0.0
5529,399.0,10,0.0
5530,400.0,10,0.0
5531,401.0,10,0.0
5532,402.0,10,1.0
5533,403.0,10,0.0
5534,404.0,10,1.0
5535,405.0,10,0.0
5536,406.0,10,0.0
5537,407.0,10,0.0
5538,408.0,10,0.0
5539,409.0,10,0.0
5540,410.0,10,0.0
5541,411.0,10,0.0
5542,412.0,10,0.0
5543,413.0,10,0.0
5544,414.0,10,0.0
5545,415.0,10,0.0
5546,416.0,10,0.0
5547,417.0,10,0.0
5548,418.0,10,0.0
5549,419.0,10,0.0
5550,420.0,10,0.0
5551,421.0,10,0.0
5552,422.0,10,0.0
5553,423.0,10,1.0
5554,424.0,10,0.0
5555,425.0,10,1.0
5556,426.0,10,1.0
5557,427.0,10,0.5263157894736842
5558,428.0,10,0.0
5559,429.0,10,0.45454545454545453
5560,430.0,10,1.0
5561,431.0,10,1.0
5562,432.0,10,0.0
5563,433.0,10,0.0
5564,434.0,10,0.03767660910518053
5565,435.0,10,0.2727272727272727
5566,436.0,10,0.9170731707317074
5567,437.0,10,0.6894308943089431
5568,438.0,10,0.0859375
5569,439.0,10,0.0
5570,440.0,10,0.50472334682861
5571,441.0,10,1.0
5572,442.0,10,0.0
5573,443.0,10,0.07594936708860758
5574,444.0,10,0.07207207207207207
5575,445.0,10,0.0
5576,446.0,10,0.0
5577,447.0,10,0.7910447761194029
5578,448.0,10,0.9565217391304349
5579,449.0,10,0.29411764705882354
5580,450.0,10,0.058319039451114926
5581,451.0,10,1.0
5582,452.0,10,0.0
5583,453.0,10,0.0
5584,454.0,10,0.12654320987654322
5585,455.0,10,1.0
5586,456.0,10,1.0
5587,457.0,10,0.18556701030927836
5588,458.0,10,0.1898148148148148
5589,459.0,10,0.9324324324324325
5590,460.0,10,1.0
5591,461.0,10,1.0
5592,462.0,10,1.0
5593,463.0,10,0.0
5594,464.0,10,0.0
5595,465.0,10,0.0
5596,466.0,10,0.0
5597,467.0,10,0.0
5598,468.0,10,0.0
5599,469.0,10,0.0
5600,470.0,10,1.0
5601,471.0,10,1.0
5602,472.0,10,0.8823529411764706
5603,473.0,10,1.0
5604,474.0,10,0.0
5605,475.0,10,0.10714285714285715
5606,476.0,10,0.0
5607,477.0,10,0.9538461538461539
5608,478.0,10,0.4655172413793104
5609,479.0,10,0.2613636363636363
5610,480.0,10,0.5
5611,481.0,10,0.8666666666666667
5612,482.0,10,0.5441176470588236
5613,483.0,10,0.7155172413793104
5614,484.0,10,0.40740740740740744
5615,485.0,10,0.6388888888888888
5616,486.0,10,0.7317073170731707
5617,487.0,10,1.0
5618,488.0,10,0.8484848484848485
5619,489.0,10,0.5238095238095238
5620,490.0,10,0.43283582089552236
5621,491.0,10,1.0
5622,492.0,10,0.5128205128205128
5623,493.0,10,0.0
5624,494.0,10,0.11
5625,495.0,10,0.0
5626,496.0,10,0.0
5627,497.0,10,0.0
5628,498.0,10,0.0
5629,499.0,10,0.014000000000000002
5630,500.0,10,0.007663551401869159
5631,501.0,10,0.059333333333333335
5632,502.0,10,0.2533333333333333
5633,503.0,10,0.059
5634,504.0,10,0.09
5635,505.0,10,0.03307692307692307
5636,506.0,10,0.09
5637,507.0,10,0.034999999999999996
5638,508.0,10,0.04181818181818182
5639,509.0,10,0.8842975206611571
5640,510.0,10,0.9887096774193548
5641,511.0,10,0.8347529812606473
5642,512.0,10,1.0
5643,513.0,10,0.358974358974359
5644,514.0,10,0.5
5645,515.0,10,0.20634920634920634
5646,516.0,10,0.4440894568690096
5647,517.0,10,0.35942028985507246
5648,518.0,10,0.6085672082717873
5649,519.0,10,1.0
5650,520.0,10,1.0
5651,521.0,10,0.0
5652,522.0,10,1.0
5653,523.0,10,0.140625
5654,524.0,10,1.0
5655,525.0,10,0.0
5656,526.0,10,0.0
5657,527.0,10,0.0
5658,528.0,10,0.0
5659,529.0,10,1.0
5660,530.0,10,1.0
5661,531.0,10,1.0
5662,532.0,10,1.0
5663,533.0,10,1.0
5664,534.0,10,0.0
5665,535.0,10,1.0
5666,536.0,10,1.0
5667,537.0,10,1.0
5668,538.0,10,1.0
5669,539.0,10,1.0
5670,540.0,10,1.0
5671,541.0,10,1.0
5672,542.0,10,1.0
5673,543.0,10,1.0
5674,544.0,10,0.8338815789473685
5675,545.0,10,1.0
5676,546.0,10,0.5915492957746479
5677,547.0,10,1.0
5678,548.0,10,1.0
5679,549.0,10,0.5912408759124087
5680,550.0,10,1.0
5681,551.0,10,1.0
5682,552.0,10,1.0
5683,553.0,10,0.4647887323943662
5684,554.0,10,0.35632183908045983
5685,555.0,10,0.8176470588235294
5686,556.0,10,0.5760869565217391
5687,557.0,10,1.0
5688,558.0,10,1.0
5689,559.0,10,1.0
5690,560.0,10,1.0
5691,561.0,10,1.0
5692,562.0,10,0.8979591836734694
5693,563.0,10,1.0
5694,564.0,10,1.0
5695,565.0,10,1.0
5696,566.0,10,1.0
5697,567.0,10,1.0
5698,568.0,10,1.0
5699,569.0,10,1.0
5700,570.0,10,1.0
5701,1.0,11,0.05745554035567716
5702,2.0,11,0.01715686274509804
5703,3.0,11,0.017902813299232736
5704,4.0,11,0.029689608636977064
5705,5.0,11,0.1741472172351885
5706,6.0,11,0.25120772946859904
5707,7.0,11,0.22392638036809814
5708,8.0,11,0.006818181818181818
5709,9.0,11,0.0
5710,10.0,11,0.25125628140703515
5711,11.0,11,0.1417797888386124
5712,12.0,11,0.060906515580736544
5713,13.0,11,0.15437392795883362
5714,14.0,11,0.25
5715,15.0,11,0.12637362637362637
5716,16.0,11,0.14219474497681606
5717,17.0,11,0.22580645161290322
5718,18.0,11,0.12237762237762237
5719,19.0,11,0.10434782608695653
5720,20.0,11,0.036319612590799036
5721,21.0,11,0.02290076335877863
5722,22.0,11,0.07446808510638298
5723,23.0,11,0.06493506493506494
5724,24.0,11,0.06261180679785332
5725,25.0,11,0.053133514986376015
5726,26.0,11,0.07084468664850135
5727,27.0,11,0.08247422680412371
5728,28.0,11,0.09195402298850575
5729,29.0,11,0.13647058823529412
5730,30.0,11,0.03949730700179533
5731,31.0,11,0.11224489795918367
5732,32.0,11,0.13636363636363635
5733,33.0,11,0.1774193548387097
5734,34.0,11,0.10165484633569741
5735,35.0,11,0.0863157894736842
5736,36.0,11,0.13219616204690832
5737,37.0,11,0.05653710247349823
5738,38.0,11,0.0462962962962963
5739,39.0,11,0.06459948320413436
5740,40.0,11,0.0705218617771509
5741,41.0,11,0.048640915593705286
5742,42.0,11,0.060906515580736544
5743,43.0,11,0.0
5744,44.0,11,0.14599686028257458
5745,45.0,11,0.14173228346456693
5746,46.0,11,0.05521472392638037
5747,47.0,11,0.0
5748,48.0,11,0.22413793103448276
5749,49.0,11,0.5106382978723404
5750,50.0,11,0.039663461538461536
5751,51.0,11,0.3121019108280255
5752,52.0,11,0.47659574468085103
5753,53.0,11,0.0
5754,54.0,11,0.0
5755,55.0,11,0.2857142857142857
5756,56.0,11,0.0
5757,57.0,11,0.2907801418439716
5758,58.0,11,0.28025477707006374
5759,59.0,11,0.4646464646464646
5760,60.0,11,0.25503355704697983
5761,61.0,11,0.0
5762,62.0,11,0.34988713318284426
5763,63.0,11,0.7507507507507508
5764,64.0,11,0.810590631364562
5765,65.0,11,0.6685878962536023
5766,66.0,11,0.7094017094017093
5767,67.0,11,0.4187192118226601
5768,68.0,11,3.492063492063492
5769,69.0,11,21.428571428571427
5770,70.0,11,3.518518518518518
5771,71.0,11,0.12863070539419086
5772,72.0,11,0.07099879663056559
5773,73.0,11,0.0042417815482502655
5774,74.0,11,0.7446808510638298
5775,75.0,11,0.14189189189189189
5776,76.0,11,0.7619047619047619
5777,77.0,11,0.30952380952380953
5778,78.0,11,0.004711425206124852
5779,79.0,11,0.047244094488188976
5780,80.0,11,0.37681159420289856
5781,81.0,11,1.0
5782,82.0,11,2.5833333333333335
5783,83.0,11,0.4421052631578948
5784,84.0,11,0.888888888888889
5785,85.0,11,0.7999999999999999
5786,86.0,11,0.5652173913043479
5787,87.0,11,0.4032258064516129
5788,88.0,11,0.9375
5789,89.0,11,0.0
5790,90.0,11,0.28846153846153844
5791,91.0,11,0.3333333333333333
5792,92.0,11,0.27777777777777773
5793,93.0,11,0.5
5794,94.0,11,0.26666666666666666
5795,95.0,11,0.04938271604938271
5796,96.0,11,3.724137931034483
5797,97.0,11,0.5599999999999999
5798,98.0,11,1.0416666666666667
5799,99.0,11,0.75
5800,100.0,11,0.0
5801,101.0,11,1.111111111111111
5802,102.0,11,0.8
5803,103.0,11,0.47826086956521746
5804,104.0,11,0.339622641509434
5805,105.0,11,0.29687499999999994
5806,106.0,11,0.7307692307692307
5807,107.0,11,0.38738738738738737
5808,108.0,11,0.7142857142857143
5809,109.0,11,1.3333333333333335
5810,110.0,11,1.6800000000000002
5811,111.0,11,1.2083333333333333
5812,112.0,11,2.6
5813,113.0,11,4.262295081967213
5814,114.0,11,0.4336283185840708
5815,115.0,11,1.2142857142857142
5816,116.0,11,0.5714285714285714
5817,117.0,11,1.0714285714285714
5818,118.0,11,0.7142857142857143
5819,119.0,11,0.6666666666666667
5820,120.0,11,0.3684210526315789
5821,121.0,11,0.35714285714285715
5822,122.0,11,1.125
5823,123.0,11,0.6969696969696969
5824,124.0,11,0.5853658536585367
5825,125.0,11,0.39999999999999997
5826,126.0,11,0.26
5827,127.0,11,0.0
5828,128.0,11,0.19999999999999998
5829,129.0,11,0.12916666666666668
5830,130.0,11,0.009861932938856016
5831,131.0,11,0.5147058823529412
5832,132.0,11,0.05144694533762058
5833,133.0,11,0.018987341772151896
5834,134.0,11,0.5185185185185185
5835,135.0,11,0.009031198686371101
5836,136.0,11,0.0436241610738255
5837,137.0,11,0.019704433497536946
5838,138.0,11,0.012779552715654953
5839,139.0,11,0.35937499999999994
5840,140.0,11,0.018739352640545145
5841,141.0,11,0.003448275862068966
5842,142.0,11,0.012708333333333334
5843,143.0,11,0.11661341853035143
5844,144.0,11,0.419811320754717
5845,145.0,11,2.1406249999999996
5846,146.0,11,0.1336405529953917
5847,147.0,11,0.09379509379509379
5848,148.0,11,15.749999999999998
5849,149.0,11,0.17647058823529413
5850,150.0,11,0.8032786885245903
5851,151.0,11,0.15625
5852,152.0,11,0.2698412698412698
5853,153.0,11,0.09774436090225563
5854,154.0,11,0.1702127659574468
5855,155.0,11,0.15686274509803924
5856,156.0,11,1.875
5857,157.0,11,0.9591836734693877
5858,,11,0.3090909090909091
5859,159.0,11,0.14285714285714282
5860,160.0,11,1.1147540983606559
5861,161.0,11,0.7291666666666667
5862,162.0,11,0.896551724137931
5863,163.0,11,0.15503875968992248
5864,164.0,11,0.23076923076923078
5865,165.0,11,1.4736842105263157
5866,166.0,11,1.46875
5867,167.0,11,0.09523809523809523
5868,168.0,11,0.1956521739130435
5869,169.0,11,0.17543859649122806
5870,170.0,11,0.15789473684210525
5871,171.0,11,0.1844660194174757
5872,172.0,11,0.05887096774193548
5873,173.0,11,0.8082191780821919
5874,174.0,11,0.5161290322580645
5875,175.0,11,0.2584269662921348
5876,176.0,11,0.21568627450980396
5877,177.0,11,0.24418604651162792
5878,178.0,11,0.2676056338028169
5879,179.0,11,0.2075471698113208
5880,180.0,11,0.18269230769230768
5881,181.0,11,0.125
5882,182.0,11,0.07210031347962383
5883,183.0,11,0.21621621621621623
5884,184.0,11,0.07142857142857144
5885,185.0,11,0.08159999999999999
5886,186.0,11,0.049689440993788817
5887,187.0,11,0.025806451612903226
5888,188.0,11,2.5
5889,189.0,11,0.7809523809523808
5890,190.0,11,0.7809523809523808
5891,191.0,11,1.0253164556962024
5892,192.0,11,0.9438202247191011
5893,193.0,11,1.0253164556962024
5894,194.0,11,0.18356164383561643
5895,195.0,11,1.1041666666666667
5896,196.0,11,3.2758620689655173
5897,197.0,11,1.3181818181818181
5898,198.0,11,1.3181818181818181
5899,199.0,11,1.2637362637362637
5900,200.0,11,0.9426229508196722
5901,201.0,11,0.44217687074829937
5902,202.0,11,0.9137931034482759
5903,203.0,11,0.68
5904,204.0,11,0.06557377049180328
5905,205.0,11,0.07446808510638298
5906,206.0,11,0.0
5907,207.0,11,0.0
5908,208.0,11,0.0
5909,209.0,11,0.0
5910,210.0,11,0.0
5911,211.0,11,0.0
5912,212.0,11,0.0
5913,213.0,11,0.0
5914,214.0,11,0.0
5915,215.0,11,0.0
5916,216.0,11,0.0
5917,217.0,11,0.0
5918,218.0,11,0.0
5919,219.0,11,0.0
5920,220.0,11,0.0
5921,221.0,11,0.0
5922,222.0,11,0.0
5923,223.0,11,0.0
5924,224.0,11,0.0
5925,225.0,11,0.0
5926,226.0,11,0.0
5927,227.0,11,0.0
5928,228.0,11,0.0
5929,229.0,11,0.0
5930,230.0,11,0.0
5931,231.0,11,0.0
5932,232.0,11,0.0
5933,233.0,11,0.0
5934,234.0,11,0.0
5935,235.0,11,0.0
5936,237.0,11,0.0
5937,237.0,11,0.0
5938,238.0,11,0.0
5939,239.0,11,0.0
5940,240.0,11,0.03508771929824561
5941,241.0,11,0.043478260869565216
5942,242.0,11,0.08396946564885498
5943,243.0,11,0.0
5944,244.0,11,0.0
5945,245.0,11,0.0
5946,246.0,11,0.0
5947,247.0,11,0.19780219780219782
5948,248.0,11,0.06293706293706293
5949,249.0,11,0.0
5950,250.0,11,0.0
5951,251.0,11,0.0
5952,252.0,11,0.0
5953,253.0,11,0.0
5954,254.0,11,0.0
5955,255.0,11,0.0
5956,256.0,11,0.0
5957,257.0,11,0.0
5958,258.0,11,0.0
5959,259.0,11,0.0
5960,260.0,11,0.0
5961,261.0,11,0.0
5962,262.0,11,0.0
5963,263.0,11,0.0
5964,264.0,11,0.0
5965,265.0,11,0.0
5966,266.0,11,0.0
5967,267.0,11,0.0
5968,268.0,11,0.0
5969,269.0,11,0.0
5970,270.0,11,0.0
5971,271.0,11,0.0
5972,272.0,11,0.0
5973,273.0,11,0.0
5974,274.0,11,0.0
5975,275.0,11,0.0
5976,276.0,11,0.0
5977,277.0,11,0.0
5978,278.0,11,0.0
5979,279.0,11,0.0
5980,280.0,11,0.0
5981,281.0,11,0.0
5982,282.0,11,0.0
5983,283.0,11,0.0
5984,284.0,11,0.0
5985,285.0,11,0.0
5986,286.0,11,0.0
5987,287.0,11,0.0
5988,288.0,11,0.0
5989,289.0,11,0.0
5990,290.0,11,0.0
5991,291.0,11,0.0
5992,292.0,11,0.0
5993,293.0,11,0.0
5994,294.0,11,0.0
5995,295.0,11,0.0
5996,296.0,11,0.0
5997,297.0,11,0.0
5998,298.0,11,0.0
5999,299.0,11,0.07784431137724551
6000,300.0,11,0.0
6001,301.0,11,0.0
6002,302.0,11,0.05882352941176471
6003,303.0,11,0.0
6004,304.0,11,0.0
6005,305.0,11,0.0
6006,306.0,11,0.0
6007,307.0,11,0.0
6008,308.0,11,0.0
6009,309.0,11,0.0
6010,310.0,11,0.0
6011,311.0,11,0.0
6012,312.0,11,0.0
6013,313.0,11,0.0
6014,314.0,11,0.0
6015,315.0,11,0.0
6016,316.0,11,0.0
6017,317.0,11,0.0
6018,318.0,11,0.0
6019,319.0,11,0.0
6020,320.0,11,0.0
6021,321.0,11,0.0
6022,322.0,11,0.0
6023,323.0,11,0.0
6024,324.0,11,0.0
6025,325.0,11,0.0
6026,326.0,11,0.0
6027,327.0,11,0.0
6028,328.0,11,0.0
6029,329.0,11,0.0
6030,330.0,11,0.0
6031,331.0,11,0.0
6032,332.0,11,0.0
6033,333.0,11,0.0
6034,334.0,11,0.0
6035,335.0,11,0.0
6036,336.0,11,0.0
6037,337.0,11,0.0
6038,338.0,11,0.0
6039,339.0,11,0.0
6040,340.0,11,0.0
6041,341.0,11,0.0
6042,342.0,11,0.0
6043,343.0,11,0.0
6044,344.0,11,0.0
6045,345.0,11,0.0
6046,346.0,11,0.0
6047,347.0,11,0.0
6048,348.0,11,0.0
6049,349.0,11,0.0
6050,350.0,11,0.0
6051,351.0,11,0.0
6052,352.0,11,0.0
6053,353.0,11,0.0
6054,354.0,11,0.0
6055,355.0,11,0.0
6056,356.0,11,0.0
6057,357.0,11,0.0
6058,358.0,11,0.0
6059,359.0,11,0.0
6060,360.0,11,0.0
6061,361.0,11,0.0
6062,362.0,11,0.0
6063,363.0,11,0.0
6064,364.0,11,0.0
6065,365.0,11,0.0
6066,366.0,11,0.0
6067,367.0,11,0.0
6068,368.0,11,0.0
6069,369.0,11,0.0
6070,370.0,11,0.0
6071,371.0,11,0.0
6072,372.0,11,0.0
6073,373.0,11,0.0
6074,374.0,11,0.0
6075,375.0,11,0.0
6076,376.0,11,0.0
6077,377.0,11,0.0
6078,378.0,11,0.0
6079,379.0,11,0.0
6080,380.0,11,0.0
6081,381.0,11,0.0
6082,382.0,11,0.0
6083,383.0,11,0.0
6084,384.0,11,0.0
6085,385.0,11,0.0
6086,386.0,11,0.0
6087,387.0,11,0.0
6088,388.0,11,0.0
6089,389.0,11,0.0
6090,390.0,11,0.0
6091,391.0,11,0.0
6092,392.0,11,0.0
6093,393.0,11,0.0
6094,394.0,11,0.0
6095,395.0,11,0.0
6096,396.0,11,0.0
6097,397.0,11,0.0
6098,398.0,11,0.0
6099,399.0,11,0.0
6100,400.0,11,0.0
6101,401.0,11,0.0
6102,402.0,11,0.0
6103,403.0,11,0.0
6104,404.0,11,0.0
6105,405.0,11,0.0
6106,406.0,11,0.0
6107,407.0,11,0.0
6108,408.0,11,0.0
6109,409.0,11,0.0
6110,410.0,11,0.0
6111,411.0,11,0.0
6112,412.0,11,0.0
6113,413.0,11,0.0
6114,414.0,11,0.0
6115,415.0,11,0.0
6116,416.0,11,0.0
6117,417.0,11,0.0
6118,418.0,11,0.0
6119,419.0,11,0.0
6120,420.0,11,0.0
6121,421.0,11,0.0
6122,422.0,11,0.0
6123,423.0,11,0.0
6124,424.0,11,0.0
6125,425.0,11,0.0
6126,426.0,11,0.0
6127,427.0,11,0.3157894736842105
6128,428.0,11,0.0
6129,429.0,11,0.0
6130,430.0,11,0.0
6131,431.0,11,0.0
6132,432.0,11,0.0
6133,433.0,11,0.0
6134,434.0,11,0.14128728414442698
6135,435.0,11,1.4545454545454546
6136,436.0,11,1.975609756097561
6137,437.0,11,0.06341463414634146
6138,438.0,11,2.1210937499999996
6139,439.0,11,0.6060606060606061
6140,440.0,11,0.1241565452091768
6141,441.0,11,1.2105263157894737
6142,442.0,11,3.1111111111111107
6143,443.0,11,1.0727848101265822
6144,444.0,11,0.5112612612612613
6145,445.0,11,0.3222748815165877
6146,446.0,11,0.0
6147,447.0,11,0.22388059701492538
6148,448.0,11,1.434782608695652
6149,449.0,11,0.7941176470588236
6150,450.0,11,0.241852487135506
6151,451.0,11,0.5400410677618069
6152,452.0,11,0.2542372881355932
6153,453.0,11,0.0
6154,454.0,11,1.2438271604938271
6155,455.0,11,1.1594202898550725
6156,456.0,11,0.7298245614035088
6157,457.0,11,0.0
6158,458.0,11,1.9814814814814812
6159,459.0,11,0.581081081081081
6160,460.0,11,0.6005747126436781
6161,461.0,11,0.6179245283018868
6162,462.0,11,0.6919060052219321
6163,463.0,11,0.0
6164,464.0,11,0.0
6165,465.0,11,0.0
6166,466.0,11,0.0
6167,467.0,11,0.0
6168,468.0,11,0.292
6169,469.0,11,0.3257443082311734
6170,470.0,11,0.0
6171,471.0,11,0.0
6172,472.0,11,0.0
6173,473.0,11,0.0
6174,474.0,11,0.0
6175,475.0,11,0.03571428571428572
6176,476.0,11,0.0
6177,477.0,11,0.03461538461538462
6178,478.0,11,0.0
6179,479.0,11,0.0
6180,480.0,11,0.26
6181,481.0,11,0.03333333333333333
6182,482.0,11,0.0
6183,483.0,11,0.05172413793103448
6184,484.0,11,0.027777777777777776
6185,485.0,11,0.1527777777777778
6186,486.0,11,0.1056910569105691
6187,487.0,11,0.0
6188,488.0,11,0.0
6189,489.0,11,0.05952380952380952
6190,490.0,11,0.23880597014925373
6191,491.0,11,0.0
6192,492.0,11,0.0
6193,493.0,11,0.0
6194,494.0,11,0.0
6195,495.0,11,0.0
6196,496.0,11,0.0
6197,497.0,11,0.0
6198,498.0,11,0.0
6199,499.0,11,0.48
6200,500.0,11,0.004672897196261682
6201,501.0,11,0.12000000000000001
6202,502.0,11,0.12000000000000001
6203,503.0,11,0.0
6204,504.0,11,0.0
6205,505.0,11,0.0
6206,506.0,11,0.0
6207,507.0,11,0.0
6208,508.0,11,0.0
6209,509.0,11,0.044628099173553724
6210,510.0,11,0.01129032258064516
6211,511.0,11,0.10221465076660988
6212,512.0,11,0.0
6213,513.0,11,0.2913752913752914
6214,514.0,11,0.0515625
6215,515.0,11,0.073015873015873
6216,516.0,11,0.04952076677316294
6217,517.0,11,0.04492753623188406
6218,518.0,11,0.04283604135893648
6219,519.0,11,0.0
6220,520.0,11,0.0
6221,521.0,11,0.0
6222,522.0,11,0.0
6223,523.0,11,0.0390625
6224,524.0,11,0.0
6225,525.0,11,0.0
6226,526.0,11,0.0
6227,527.0,11,0.0
6228,528.0,11,0.0
6229,529.0,11,0.0
6230,530.0,11,0.0
6231,531.0,11,0.0
6232,532.0,11,1.4736842105263157
6233,533.0,11,0.0
6234,534.0,11,0.0
6235,535.0,11,0.0
6236,536.0,11,0.0
6237,537.0,11,0.0
6238,538.0,11,0.0
6239,539.0,11,0.0
6240,540.0,11,0.0
6241,541.0,11,0.0
6242,542.0,11,0.0
6243,543.0,11,0.5416666666666667
6244,544.0,11,0.06414473684210527
6245,545.0,11,8.686567164179104
6246,546.0,11,0.0
6247,547.0,11,9.2
6248,548.0,11,8.686567164179104
6249,549.0,11,0.0
6250,550.0,11,18.599999999999998
6251,551.0,11,0.4230769230769231
6252,552.0,11,0.06666666666666667
6253,553.0,11,0.054929577464788736
6254,554.0,11,0.09195402298850576
6255,555.0,11,0.0058823529411764705
6256,556.0,11,0.03260869565217391
6257,557.0,11,0.6666666666666667
6258,558.0,11,0.0
6259,559.0,11,0.0
6260,560.0,11,0.07446808510638298
6261,561.0,11,0.0
6262,562.0,11,0.03061224489795918
6263,563.0,11,0.0008403361344537815
6264,564.0,11,0.02857142857142857
6265,565.0,11,0.02061855670103093
6266,566.0,11,0.009900990099009901
6267,567.0,11,0.11538461538461538
6268,568.0,11,0.0
6269,569.0,11,0.16666666666666669
6270,570.0,11,0.012499999999999999
6271,1.0,12,0.05178082191780822
6272,2.0,12,0.022252747252747253
6273,3.0,12,0.015472779369627506
6274,4.0,12,0.05657142857142857
6275,5.0,12,0.1810198300283286
6276,6.0,12,0.03272727272727272
6277,7.0,12,0.06048387096774194
6278,8.0,12,0.0020224719101123597
6279,9.0,12,0.01805157593123209
6280,10.0,12,0.052453987730061345
6281,11.0,12,0.07368421052631578
6282,12.0,12,0.03167155425219941
6283,13.0,12,0.061490683229813665
6284,14.0,12,0.06825842696629214
6285,15.0,12,0.11470588235294119
6286,16.0,12,0.09884393063583814
6287,17.0,12,0.12272727272727273
6288,18.0,12,0.15508474576271186
6289,19.0,12,0.028205128205128206
6290,20.0,12,0.6369485294117647
6291,21.0,12,0.5056451612903226
6292,22.0,12,0.05925925925925926
6293,23.0,12,0.03735849056603774
6294,24.0,12,0.03956043956043956
6295,25.0,12,0.106426735218509
6296,26.0,12,0.09023136246786632
6297,27.0,12,0.14400000000000002
6298,28.0,12,0.16330645161290322
6299,29.0,12,0.12122448979591836
6300,30.0,12,0.03941605839416058
6301,31.0,12,0.037037037037037035
6302,32.0,12,0.10424710424710425
6303,33.0,12,0.16363636363636364
6304,34.0,12,0.19338842975206613
6305,35.0,12,0.15608856088560888
6306,36.0,12,0.541030534351145
6307,37.0,12,0.13278688524590163
6308,38.0,12,0.04851752021563342
6309,39.0,12,0.015278514588859416
6310,40.0,12,0.04011142061281337
6311,41.0,12,0.10106951871657756
6312,42.0,12,0.02556818181818182
6313,43.0,12,0.07615384615384616
6314,44.0,12,0.07414772727272727
6315,45.0,12,0.2942307692307692
6316,46.0,12,0.3039735099337748
6317,47.0,12,0.5679611650485437
6318,48.0,12,0.2956204379562044
6319,49.0,12,0.16483516483516483
6320,50.0,12,0.0018529411764705887
6321,51.0,12,0.2953125
6322,52.0,12,0.44526315789473686
6323,53.0,12,0.9520958083832335
6324,54.0,12,0.03837209302325582
6325,55.0,12,0.5787985865724381
6326,56.0,12,0.12980769230769232
6327,57.0,12,0.21749999999999997
6328,58.0,12,0.02673267326732673
6329,59.0,12,0.021377672209026127
6330,60.0,12,0.057798165137614675
6331,61.0,12,0.2215736040609137
6332,62.0,12,0.14516129032258066
6333,63.0,12,0.06156351791530945
6334,64.0,12,0.019500000000000003
6335,65.0,12,0.05070422535211268
6336,66.0,12,0.025582191780821918
6337,67.0,12,0.0501639344262295
6338,68.0,12,0.44155495978552284
6339,69.0,12,0.21028037383177572
6340,70.0,12,0.3176470588235294
6341,71.0,12,0.047368421052631574
6342,72.0,12,0.00816
6343,73.0,12,0.004712041884816754
6344,74.0,12,0.062264150943396226
6345,75.0,12,0.01345108695652174
6346,76.0,12,0.07283236994219654
6347,77.0,12,0.019522776572668113
6348,78.0,12,0.0052173913043478265
6349,79.0,12,0.01646341463414634
6350,80.0,12,0.04522613065326633
6351,81.0,12,0.1026525198938992
6352,82.0,12,0.2777777777777778
6353,83.0,12,0.04864864864864865
6354,84.0,12,0.22191780821917806
6355,85.0,12,0.14840425531914894
6356,86.0,12,0.12949640287769784
6357,87.0,12,0.09111361079865016
6358,88.0,12,0.05960264900662252
6359,89.0,12,0.0
6360,90.0,12,0.11180124223602483
6361,91.0,12,0.12244897959183675
6362,92.0,12,0.1090909090909091
6363,93.0,12,0.1653543307086614
6364,94.0,12,0.06040268456375839
6365,95.0,12,0.01739495798319328
6366,96.0,12,0.024601366742596813
6367,97.0,12,0.09278350515463918
6368,98.0,12,0.07570093457943926
6369,99.0,12,0.1343283582089552
6370,100.0,12,0.24324324324324326
6371,101.0,12,0.05454545454545455
6372,102.0,12,0.19313304721030042
6373,103.0,12,0.04119718309859155
6374,104.0,12,0.07053291536050157
6375,105.0,12,0.0972972972972973
6376,106.0,12,0.1343283582089552
6377,107.0,12,0.14122681883024252
6378,108.0,12,0.05960264900662252
6379,109.0,12,0.07166276346604215
6380,110.0,12,0.18535469107551486
6381,111.0,12,0.09163636363636365
6382,112.0,12,0.10344827586206898
6383,113.0,12,0.13043478260869565
6384,114.0,12,0.08930540242557883
6385,115.0,12,0.03571428571428572
6386,116.0,12,0.1434065934065934
6387,117.0,12,0.2755102040816326
6388,118.0,12,0.060902255639097735
6389,119.0,12,0.03432203389830508
6390,120.0,12,0.13533834586466165
6391,121.0,12,0.24471299093655588
6392,122.0,12,0.3654822335025381
6393,123.0,12,0.08938356164383561
6394,124.0,12,0.1261682242990654
6395,125.0,12,0.08513513513513514
6396,126.0,12,0.2181818181818182
6397,127.0,12,0.0
6398,128.0,12,0.02694610778443114
6399,129.0,12,0.055555555555555546
6400,130.0,12,0.34838709677419355
6401,131.0,12,0.6949919224555735
6402,132.0,12,0.0
6403,133.0,12,0.0069767441860465115
6404,134.0,12,0.0
6405,135.0,12,0.0057370517928286855
6406,136.0,12,0.02258964143426295
6407,137.0,12,0.010756972111553784
6408,138.0,12,0.007058823529411765
6409,139.0,12,0.0
6410,140.0,12,0.0
6411,141.0,12,0.0
6412,142.0,12,0.006395939086294418
6413,143.0,12,0.016219081272084806
6414,144.0,12,0.02136986301369863
6415,145.0,12,0.8815165876777251
6416,146.0,12,0.014013840830449827
6417,147.0,12,0.014754098360655738
6418,148.0,12,0.907725321888412
6419,149.0,12,0.02173913043478261
6420,150.0,12,0.12826603325415675
6421,151.0,12,0.03638814016172506
6422,152.0,12,0.0
6423,153.0,12,0.04492753623188406
6424,154.0,12,0.08665749656121045
6425,155.0,12,0.03180873180873181
6426,156.0,12,0.85546875
6427,157.0,12,0.07317073170731707
6428,,12,0.11180124223602483
6429,159.0,12,0.0699481865284974
6430,160.0,12,0.04380530973451327
6431,161.0,12,0.05555555555555556
6432,162.0,12,0.10817307692307691
6433,163.0,12,0.06891271056661562
6434,164.0,12,0.138996138996139
6435,165.0,12,0.10588235294117647
6436,166.0,12,0.09747292418772563
6437,167.0,12,0.035202086049543675
6438,168.0,12,0.040268456375838924
6439,169.0,12,0.0598890942698706
6440,170.0,12,0.06642066420664207
6441,171.0,12,0.03543307086614173
6442,172.0,12,0.016216216216216217
6443,173.0,12,0.09513742071881608
6444,174.0,12,0.2
6445,175.0,12,0.03956043956043956
6446,176.0,12,0.018108651911468814
6447,177.0,12,0.04225352112676056
6448,178.0,12,0.023142857142857142
6449,179.0,12,0.01821862348178138
6450,180.0,12,0.07086614173228346
6451,181.0,12,0.025525210084033613
6452,182.0,12,0.023617021276595745
6453,183.0,12,0.036784741144414164
6454,184.0,12,0.09507042253521127
6455,185.0,12,0.019494584837545126
6456,186.0,12,0.020483641536273117
6457,187.0,12,0.021460506706408346
6458,188.0,12,0.7981967213114755
6459,189.0,12,0.8387291981845688
6460,190.0,12,0.8387291981845688
6461,191.0,12,0.7353463587921847
6462,192.0,12,0.7607655502392344
6463,193.0,12,0.7353463587921847
6464,194.0,12,0.10421052631578948
6465,195.0,12,0.9169354838709677
6466,196.0,12,0.9073770491803278
6467,197.0,12,0.8667180277349769
6468,198.0,12,0.8667180277349769
6469,199.0,12,0.79875
6470,200.0,12,0.7840490797546013
6471,201.0,12,0.6959055118110237
6472,202.0,12,0.7701492537313434
6473,203.0,12,0.7737357259380098
6474,204.0,12,0.07885196374622355
6475,205.0,12,0.04128440366972477
6476,206.0,12,0.5181818181818181
6477,207.0,12,0.27053571428571427
6478,208.0,12,0.006382978723404256
6479,209.0,12,0.5262368815592204
6480,210.0,12,0.5863495346432264
6481,211.0,12,0.04864864864864865
6482,212.0,12,0.5229357798165136
6483,213.0,12,0.3025210084033613
6484,214.0,12,0.04918032786885246
6485,215.0,12,0.01636363636363636
6486,216.0,12,0.4943396226415094
6487,217.0,12,0.3319004524886878
6488,218.0,12,0.5229357798165136
6489,219.0,12,0.5602649006622518
6490,220.0,12,0.3025210084033613
6491,221.0,12,0.756
6492,222.0,12,0.6192000000000001
6493,223.0,12,0.7597733711048158
6494,224.0,12,0.7374045801526717
6495,225.0,12,0.6192000000000001
6496,226.0,12,0.7631691648822271
6497,227.0,12,0.7761467889908257
6498,228.0,12,0.7615384615384616
6499,229.0,12,0.6660550458715596
6500,230.0,12,0.5400054000540006
6501,231.0,12,0.7362
6502,232.0,12,0.6192000000000001
6503,233.0,12,0.6218884120171674
6504,234.0,12,0.7200553675792064
6505,235.0,12,0.6998999999999999
6506,237.0,12,0.6192000000000001
6507,237.0,12,0.6192000000000001
6508,238.0,12,0.03313696612665685
6509,239.0,12,0.49295774647887325
6510,240.0,12,0.11999999999999998
6511,241.0,12,0.1752212389380531
6512,242.0,12,0.025139664804469275
6513,243.0,12,0.08990011098779134
6514,244.0,12,0.06357615894039735
6515,245.0,12,0.035573122529644265
6516,246.0,12,0.07111111111111111
6517,247.0,12,0.38169642857142855
6518,248.0,12,0.21812434141201262
6519,249.0,12,0.26608695652173914
6520,250.0,12,0.19906868451688006
6521,251.0,12,0.16483516483516483
6522,252.0,12,0.16710875331564984
6523,253.0,12,0.1560693641618497
6524,254.0,12,0.3811074918566776
6525,255.0,12,0.24186704384724184
6526,256.0,12,0.660431654676259
6527,257.0,12,0.036734693877551024
6528,258.0,12,0.6503225806451612
6529,259.0,12,3543.75
6530,260.0,12,4344.827586206897
6531,261.0,12,0.663594470046083
6532,262.0,12,0.18818181818181817
6533,263.0,12,0.7021551724137931
6534,264.0,12,0.28421052631578947
6535,265.0,12,0.5508196721311476
6536,266.0,12,0.412258064516129
6537,267.0,12,0.8262295081967214
6538,268.0,12,0.74375
6539,269.0,12,0.6819383259911893
6540,270.0,12,0.4872611464968153
6541,271.0,12,0.08485714285714285
6542,272.0,12,0.38482758620689655
6543,273.0,12,0.5204819277108433
6544,274.0,12,0.914516129032258
6545,275.0,12,0.678082191780822
6546,276.0,12,0.4384615384615384
6547,277.0,12,0.7542613636363636
6548,278.0,12,0.7558718861209964
6549,279.0,12,0.7849180327868852
6550,280.0,12,0.7731958762886598
6551,281.0,12,0.7530085959885388
6552,282.0,12,0.8904458598726115
6553,283.0,12,0.4329113924050632
6554,284.0,12,0.9755725190839695
6555,285.0,12,0.7416
6556,286.0,12,0.7033112582781457
6557,287.0,12,0.5966292134831461
6558,288.0,12,0.7411764705882353
6559,289.0,12,0.852808988764045
6560,290.0,12,0.8757225433526011
6561,291.0,12,0.7617747440273038
6562,292.0,12,0.7407303370786517
6563,293.0,12,0.4563380281690141
6564,294.0,12,0.3825
6565,295.0,12,0.5376
6566,296.0,12,0.37058823529411766
6567,297.0,12,0.5844155844155844
6568,298.0,12,0.7112068965517241
6569,299.0,12,0.6222656249999999
6570,300.0,12,0.8018796992481202
6571,301.0,12,0.07177914110429448
6572,302.0,12,0.7945945945945946
6573,303.0,12,0.8184466019417476
6574,304.0,12,0.8116438356164384
6575,305.0,12,0.36885245901639346
6576,306.0,12,0.225
6577,307.0,12,0.6352941176470588
6578,308.0,12,0.5294117647058824
6579,309.0,12,0.3456521739130434
6580,310.0,12,0.23893805309734514
6581,311.0,12,0.05294117647058823
6582,312.0,12,0.3875912408759124
6583,313.0,12,0.759375
6584,314.0,12,0.623076923076923
6585,315.0,12,0.63
6586,316.0,12,0.32249999999999995
6587,317.0,12,0.5231250000000001
6588,318.0,12,0.21869158878504674
6589,319.0,12,0.45
6590,320.0,12,0.6917355371900826
6591,321.0,12,0.432824427480916
6592,322.0,12,0.3709923664122137
6593,323.0,12,0.5970731707317073
6594,324.0,12,0.5574626865671642
6595,325.0,12,0.3473684210526316
6596,326.0,12,0.43474576271186444
6597,327.0,12,0.561744966442953
6598,328.0,12,0.34615384615384615
6599,329.0,12,0.3366412213740458
6600,330.0,12,0.3284671532846715
6601,331.0,12,0.3110294117647059
6602,332.0,12,0.23538461538461536
6603,333.0,12,0.5904458598726114
6604,334.0,12,0.6808290155440415
6605,335.0,12,0.5168918918918919
6606,336.0,12,0.6616438356164384
6607,337.0,12,0.5358778625954199
6608,338.0,12,0.8495049504950496
6609,339.0,12,0.30111524163568776
6610,340.0,12,0.2594235033259424
6611,341.0,12,0.2577319587628866
6612,342.0,12,0.3352941176470588
6613,343.0,12,0.26910299003322263
6614,344.0,12,0.48778625954198473
6615,345.0,12,0.02368421052631579
6616,346.0,12,0.6585365853658537
6617,347.0,12,0.6969924812030075
6618,348.0,12,0.6275229357798164
6619,349.0,12,0.1174934725848564
6620,350.0,12,0.10895883777239711
6621,351.0,12,0.20479041916167662
6622,352.0,12,0.15632754342431762
6623,353.0,12,0.37016129032258066
6624,354.0,12,0.36850393700787404
6625,355.0,12,0.15632754342431762
6626,356.0,12,0.14754098360655737
6627,357.0,12,0.17197452229299362
6628,358.0,12,0.11799761620977353
6629,359.0,12,0.06545454545454546
6630,360.0,12,0.24861878453038672
6631,361.0,12,0.1636363636363636
6632,362.0,12,0.1403118040089087
6633,363.0,12,0.7846975088967971
6634,364.0,12,0.6804878048780488
6635,365.0,12,0.6172566371681416
6636,366.0,12,0.35294117647058826
6637,367.0,12,0.38028169014084506
6638,368.0,12,0.5884615384615385
6639,369.0,12,0.3710526315789474
6640,370.0,12,0.3365853658536585
6641,371.0,12,0.2974576271186441
6642,372.0,12,0.36
6643,373.0,12,0.3384615384615385
6644,374.0,12,0.5701570680628272
6645,375.0,12,0.3137614678899082
6646,376.0,12,0.5388535031847135
6647,377.0,12,0.3807692307692308
6648,378.0,12,0.4433823529411765
6649,379.0,12,0.0972972972972973
6650,380.0,12,0.11278195488721805
6651,381.0,12,0.6613043478260869
6652,382.0,12,0.2114402451481103
6653,383.0,12,0.25391849529780564
6654,384.0,12,0.08961593172119488
6655,385.0,12,0.31209677419354837
6656,386.0,12,0.16463414634146342
6657,387.0,12,0.16216216216216217
6658,388.0,12,0.0972972972972973
6659,389.0,12,0.19906868451688006
6660,390.0,12,0.09192073170731709
6661,391.0,12,0.12024665981500515
6662,392.0,12,0.18635809987819732
6663,393.0,12,0.06382978723404255
6664,394.0,12,0.2764285714285714
6665,395.0,12,0.5407114624505929
6666,396.0,12,0.05432595573440643
6667,397.0,12,0.5235576923076922
6668,398.0,12,0.05432595573440643
6669,399.0,12,0.5098522167487685
6670,400.0,12,0.3782608695652174
6671,401.0,12,0.35706521739130437
6672,402.0,12,0.6362068965517241
6673,403.0,12,0.5614678899082568
6674,404.0,12,0.5152671755725191
6675,405.0,12,0.5614678899082568
6676,406.0,12,0.0670807453416149
6677,407.0,12,1.0
6678,408.0,12,1.0
6679,409.0,12,1.0
6680,410.0,12,1.0001112347052281
6681,411.0,12,1.0001112347052281
6682,412.0,12,1.0001112347052281
6683,413.0,12,1.0
6684,414.0,12,1.0001112347052281
6685,415.0,12,1.0002227171492204
6686,416.0,12,1.0001112347052281
6687,417.0,12,1.0001112347052281
6688,418.0,12,1.0001112347052281
6689,419.0,12,1.0001112347052281
6690,420.0,12,1.0001112347052281
6691,421.0,12,1.0
6692,422.0,12,1.0
6693,423.0,12,0.9944141689373297
6694,424.0,12,0.9591876208897486
6695,425.0,12,0.991711956521739
6696,426.0,12,0.997229916897507
6697,427.0,12,0.9883720930232558
6698,428.0,12,0.972972972972973
6699,429.0,12,0.9703504043126685
6700,430.0,12,0.9924657534246575
6701,431.0,12,0.9948016415868672
6702,432.0,12,1.0
6703,433.0,12,1.0
6704,434.0,12,0.018988439306358382
6705,435.0,12,0.2198473282442748
6706,436.0,12,0.1411764705882353
6707,437.0,12,0.15042492917847025
6708,438.0,12,0.11294117647058824
6709,439.0,12,0.17529069767441863
6710,440.0,12,0.011408450704225352
6711,441.0,12,0.16448275862068967
6712,442.0,12,0.20361990950226244
6713,443.0,12,0.3492537313432836
6714,444.0,12,0.10206185567010309
6715,445.0,12,0.12531645569620253
6716,446.0,12,0.8729096989966555
6717,447.0,12,0.20930232558139536
6718,448.0,12,0.0
6719,449.0,12,0.3009118541033435
6720,450.0,12,0.11250000000000002
6721,451.0,12,0.2141643059490085
6722,452.0,12,0.0
6723,453.0,12,0.1232876712328767
6724,454.0,12,0.19444444444444445
6725,455.0,12,0.12570579494799405
6726,456.0,12,0.6456521739130434
6727,457.0,12,0.27439024390243905
6728,458.0,12,0.3
6729,459.0,12,0.05491525423728813
6730,460.0,12,0.3277310924369748
6731,461.0,12,0.0667844522968198
6732,462.0,12,0.10607142857142857
6733,463.0,12,0.0
6734,464.0,12,0.0
6735,465.0,12,0.0
6736,466.0,12,0.0
6737,467.0,12,0.0
6738,468.0,12,0.3230248306997743
6739,469.0,12,0.1804878048780488
6740,470.0,12,0.010465116279069767
6741,471.0,12,0.0
6742,472.0,12,0.0
6743,473.0,12,0.0
6744,474.0,12,0.0
6745,475.0,12,0.9825376884422111
6746,476.0,12,0.0
6747,477.0,12,0.03076923076923077
6748,478.0,12,0.9596614950634696
6749,479.0,12,0.8602941176470589
6750,480.0,12,0.5903999999999999
6751,481.0,12,0.17851239669421487
6752,482.0,12,0.5754475703324808
6753,483.0,12,0.22816901408450704
6754,484.0,12,0.6058823529411765
6755,485.0,12,0.612883435582822
6756,486.0,12,0.6919354838709678
6757,487.0,12,0.8765472312703582
6758,488.0,12,0.9596685082872929
6759,489.0,12,0.4945945945945946
6760,490.0,12,0.0136986301369863
6761,491.0,12,0.9529411764705884
6762,492.0,12,0.0
6763,493.0,12,0.0
6764,494.0,12,95625.0
6765,495.0,12,0.0
6766,496.0,12,0.0
6767,497.0,12,4500.0
6768,498.0,12,0.0
6769,499.0,12,17700.0
6770,500.0,12,16578.947368421053
6771,501.0,12,12690.0
6772,502.0,12,19200.0
6773,503.0,12,30375.0
6774,504.0,12,20209.090909090908
6775,505.0,12,25071.42857142857
6776,506.0,12,21150.0
6777,507.0,12,14175.0
6778,508.0,12,39000.0
6779,509.0,12,0.4456140350877193
6780,510.0,12,0.15700934579439252
6781,511.0,12,0.44552683896620277
6782,512.0,12,0.028125000000000004
6783,513.0,12,0.44683840749414516
6784,514.0,12,0.39705882352941174
6785,515.0,12,0.3895522388059702
6786,516.0,12,0.43293413173652695
6787,517.0,12,0.35477178423236516
6788,518.0,12,0.35637583892617447
6789,519.0,12,0.0
6790,520.0,12,0.006923076923076922
6791,521.0,12,0.9999999999999999
6792,522.0,12,0.08731343283582091
6793,523.0,12,0.38626609442060084
6794,524.0,12,0.0
6795,525.0,12,0.0
6796,526.0,12,0.0
6797,527.0,12,0.0
6798,528.0,12,0.0
6799,529.0,12,0.0
6800,530.0,12,0.0
6801,531.0,12,0.0
6802,532.0,12,0.10588235294117647
6803,533.0,12,0.0
6804,534.0,12,0.0
6805,535.0,12,0.0
6806,536.0,12,0.0
6807,537.0,12,0.0
6808,538.0,12,0.0
6809,539.0,12,0.0
6810,540.0,12,0.0
6811,541.0,12,0.0
6812,542.0,12,0.0
6813,543.0,12,0.5094339622641509
6814,544.0,12,0.2590909090909091
6815,545.0,12,0.3742857142857143
6816,546.0,12,0.008684210526315789
6817,547.0,12,0.36885245901639346
6818,548.0,12,0.3742857142857143
6819,549.0,12,0.019823788546255508
6820,550.0,12,0.08181818181818182
6821,551.0,12,0.10465116279069768
6822,552.0,12,0.4074074074074074
6823,553.0,12,0.2
6824,554.0,12,0.1349036402569593
6825,555.0,12,0.249743062692703
6826,556.0,12,0.181875
6827,557.0,12,0.8887966804979254
6828,558.0,12,0.0
6829,559.0,12,0.0
6830,560.0,12,0.041570438799076216
6831,561.0,12,0.0
6832,562.0,12,0.04285714285714286
6833,563.0,12,0.020245398773006136
6834,564.0,12,0.04203821656050955
6835,565.0,12,0.017391304347826087
6836,566.0,12,0.020642201834862386
6837,567.0,12,0.03829787234042554
6838,568.0,12,0.013215859030837006
6839,569.0,12,0.0371900826446281
6840,570.0,12,0.039204545454545464
6841,1.0,13,0.3041095890410959
6842,2.0,13,0.08516483516483517
6843,3.0,13,0.08882521489971347
6844,4.0,13,0.3142857142857143
6845,5.0,13,0.3654390934844193
6846,6.0,13,0.23939393939393938
6847,7.0,13,0.32526881720430106
6848,8.0,13,0.0056179775280898875
6849,9.0,13,0.10028653295128939
6850,10.0,13,0.25153374233128833
6851,11.0,13,0.13742690058479531
6852,12.0,13,0.06744868035190615
6853,13.0,13,0.37267080745341613
6854,14.0,13,0.2893258426966292
6855,15.0,13,0.21568627450980393
6856,16.0,13,0.26878612716763006
6857,17.0,13,0.3
6858,18.0,13,0.556497175141243
6859,19.0,13,0.1339031339031339
6860,20.0,13,0.029411764705882353
6861,21.0,13,0.03924731182795699
6862,22.0,13,0.10329218106995885
6863,23.0,13,0.09811320754716982
6864,24.0,13,0.10256410256410256
6865,25.0,13,0.06426735218508997
6866,26.0,13,0.06683804627249357
6867,27.0,13,0.24727272727272728
6868,28.0,13,0.16532258064516128
6869,29.0,13,0.16326530612244897
6870,30.0,13,0.06605839416058394
6871,31.0,13,0.13580246913580246
6872,32.0,13,0.29343629343629346
6873,33.0,13,0.23116883116883116
6874,34.0,13,0.049586776859504134
6875,35.0,13,0.12546125461254612
6876,36.0,13,0.0
6877,37.0,13,0.10163934426229508
6878,38.0,13,0.0
6879,39.0,13,0.11671087533156499
6880,40.0,13,0.13370473537604458
6881,41.0,13,0.11229946524064172
6882,42.0,13,0.13068181818181818
6883,43.0,13,0.13846153846153847
6884,44.0,13,0.2585227272727273
6885,45.0,13,0.17307692307692307
6886,46.0,13,0.11920529801324503
6887,47.0,13,0.18203883495145629
6888,48.0,13,0.5109489051094891
6889,49.0,13,0.34798534798534797
6890,50.0,13,0.028235294117647056
6891,51.0,13,0.2916666666666667
6892,52.0,13,0.5052631578947369
6893,53.0,13,0.0
6894,54.0,13,0.2868217054263566
6895,55.0,13,0.127208480565371
6896,56.0,13,0.7788461538461539
6897,57.0,13,0.2
6898,58.0,13,0.22772277227722773
6899,59.0,13,0.32066508313539194
6900,60.0,13,0.14678899082568808
6901,61.0,13,0.5025380710659898
6902,62.0,13,0.35777126099706746
6903,63.0,13,0.6188925081433225
6904,64.0,13,0.18
6905,65.0,13,0.49295774647887325
6906,66.0,13,0.4794520547945205
6907,67.0,13,0.42295081967213116
6908,68.0,13,0.5898123324396782
6909,69.0,13,0.7009345794392524
6910,70.0,13,0.3588235294117647
6911,71.0,13,0.15789473684210525
6912,72.0,13,0.17333333333333334
6913,73.0,13,0.007853403141361256
6914,74.0,13,0.44025157232704404
6915,75.0,13,0.2853260869565218
6916,76.0,13,0.5433526011560693
6917,77.0,13,0.455531453362256
6918,78.0,13,0.008695652173913044
6919,79.0,13,0.12804878048780488
6920,80.0,13,0.2814070351758794
6921,81.0,13,0.7161803713527851
6922,82.0,13,2.04320987654321
6923,83.0,13,0.28378378378378377
6924,84.0,13,0.536986301369863
6925,85.0,13,0.5106382978723404
6926,86.0,13,1.4136690647482013
6927,87.0,13,0.22497187851518557
6928,88.0,13,1.3245033112582782
6929,89.0,13,0.5324074074074073
6930,90.0,13,0.43478260869565216
6931,91.0,13,0.4761904761904762
6932,92.0,13,0.42424242424242425
6933,93.0,13,0.05249343832020997
6934,94.0,13,2.5503355704697985
6935,95.0,13,0.20252100840336135
6936,96.0,13,0.5922551252847381
6937,97.0,13,0.6185567010309279
6938,98.0,13,0.5046728971962617
6939,99.0,13,1.6915422885572138
6940,100.0,13,2.0077220077220077
6941,101.0,13,0.5757575757575758
6942,102.0,13,0.5536480686695279
6943,103.0,13,0.28169014084507044
6944,104.0,13,0.1316614420062696
6945,105.0,13,0.5675675675675675
6946,106.0,13,1.1940298507462686
6947,107.0,13,0.32810271041369476
6948,108.0,13,0.4635761589403974
6949,109.0,13,0.5152224824355972
6950,110.0,13,0.7093821510297482
6951,111.0,13,0.5781818181818182
6952,112.0,13,0.7471264367816093
6953,113.0,13,2.898550724637681
6954,114.0,13,0.3561190738699007
6955,115.0,13,0.5555555555555556
6956,116.0,13,0.6098901098901099
6957,117.0,13,0.4438775510204081
6958,118.0,13,0.48872180451127817
6959,119.0,13,2.2033898305084745
6960,120.0,13,0.5488721804511277
6961,121.0,13,0.3867069486404834
6962,122.0,13,0.5329949238578681
6963,123.0,13,0.547945205479452
6964,124.0,13,0.24922118380062305
6965,125.0,13,0.37387387387387394
6966,126.0,13,0.3333333333333333
6967,127.0,13,0.0
6968,128.0,13,0.5688622754491018
6969,129.0,13,0.5349794238683128
6970,130.0,13,0.18475073313782991
6971,131.0,13,0.29079159935379645
6972,132.0,13,0.011583011583011582
6973,133.0,13,0.015503875968992248
6974,134.0,13,0.3266666666666667
6975,135.0,13,0.028286852589641434
6976,136.0,13,0.11952191235059761
6977,137.0,13,0.01593625498007968
6978,138.0,13,0.01568627450980392
6979,139.0,13,0.3242424242424242
6980,140.0,13,0.0
6981,141.0,13,0.008547008547008548
6982,142.0,13,0.2893401015228426
6983,143.0,13,0.11307420494699646
6984,144.0,13,0.1232876712328767
6985,145.0,13,0.14218009478672985
6986,146.0,13,0.17301038062283736
6987,147.0,13,0.13442622950819672
6988,148.0,13,0.12875536480686695
6989,149.0,13,0.26570048309178745
6990,150.0,13,0.05700712589073634
6991,151.0,13,0.10781671159029649
6992,152.0,13,0.25806451612903225
6993,153.0,13,0.20933977455716585
6994,154.0,13,0.23796423658872076
6995,155.0,13,0.16424116424116425
6996,156.0,13,0.1015625
6997,157.0,13,0.8130081300813008
6998,,13,0.41304347826086957
6999,159.0,13,0.038860103626943004
7000,160.0,13,0.37610619469026546
7001,161.0,13,0.4012345679012346
7002,162.0,13,0.3125
7003,163.0,13,0.3062787136294028
7004,164.0,13,0.2876447876447877
7005,165.0,13,0.47058823529411764
7006,166.0,13,1.0108303249097472
7007,167.0,13,0.14341590612777053
7008,168.0,13,0.24384787472035793
7009,169.0,13,0.10351201478743068
7010,170.0,13,0.5350553505535055
7011,171.0,13,0.17322834645669294
7012,172.0,13,0.21261261261261263
7013,173.0,13,0.1733615221987315
7014,174.0,13,0.6666666666666666
7015,175.0,13,0.33406593406593404
7016,176.0,13,0.20120724346076457
7017,177.0,13,0.2347417840375587
7018,178.0,13,0.3142857142857143
7019,179.0,13,0.17004048582995954
7020,180.0,13,0.3326771653543307
7021,181.0,13,0.38235294117647056
7022,182.0,13,0.2624113475177305
7023,183.0,13,0.2615803814713896
7024,184.0,13,0.323943661971831
7025,185.0,13,0.33212996389891697
7026,186.0,13,0.1422475106685633
7027,187.0,13,0.05961251862891208
7028,188.0,13,0.4426229508196721
7029,189.0,13,0.23600605143721634
7030,190.0,13,0.23600605143721634
7031,191.0,13,0.37300177619893427
7032,192.0,13,0.28708133971291866
7033,193.0,13,0.37300177619893427
7034,194.0,13,0.18052631578947367
7035,195.0,13,0.13440860215053763
7036,196.0,13,0.17076502732240437
7037,197.0,13,0.1864406779661017
7038,198.0,13,0.1864406779661017
7039,199.0,13,0.2015625
7040,200.0,13,0.19785276073619631
7041,201.0,13,0.8661417322834646
7042,202.0,13,0.2023217247097844
7043,203.0,13,0.25774877650897227
7044,204.0,13,0.2416918429003021
7045,205.0,13,0.25
7046,206.0,13,0.20454545454545456
7047,207.0,13,0.08630952380952381
7048,208.0,13,0.11702127659574468
7049,209.0,13,0.1649175412293853
7050,210.0,13,0.11375387797311272
7051,211.0,13,0.772972972972973
7052,212.0,13,0.17737003058103973
7053,213.0,13,0.25
7054,214.0,13,0.7814207650273224
7055,215.0,13,0.3693181818181818
7056,216.0,13,0.18658280922431866
7057,217.0,13,0.23755656108597284
7058,218.0,13,0.17737003058103973
7059,219.0,13,0.19205298013245034
7060,220.0,13,0.25
7061,221.0,13,0.088
7062,222.0,13,0.10933333333333334
7063,223.0,13,0.11048158640226628
7064,224.0,13,0.07633587786259542
7065,225.0,13,0.10933333333333334
7066,226.0,13,0.055674518201284794
7067,227.0,13,0.04892966360856269
7068,228.0,13,0.125
7069,229.0,13,0.09204892966360857
7070,230.0,13,0.0
7071,231.0,13,0.0
7072,232.0,13,0.10933333333333334
7073,233.0,13,0.10300429184549356
7074,234.0,13,0.0
7075,235.0,13,0.0
7076,237.0,13,0.10933333333333334
7077,237.0,13,0.10933333333333334
7078,238.0,13,0.1767304860088365
7079,239.0,13,0.2190923317683881
7080,240.0,13,0.0
7081,241.0,13,0.24601769911504426
7082,242.0,13,0.17877094972067042
7083,243.0,13,0.16648168701442842
7084,244.0,13,0.30242825607064017
7085,245.0,13,0.22397891963109354
7086,246.0,13,0.3382716049382716
7087,247.0,13,0.036830357142857144
7088,248.0,13,0.13487881981032665
7089,249.0,13,0.12347826086956522
7090,250.0,13,0.1629802095459837
7091,251.0,13,0.1465201465201465
7092,252.0,13,0.1458885941644562
7093,253.0,13,0.18786127167630057
7094,254.0,13,0.23289902280130295
7095,255.0,13,0.198019801980198
7096,256.0,13,0.08633093525179857
7097,257.0,13,0.24489795918367346
7098,258.0,13,0.08387096774193549
7099,259.0,13,4625.0
7100,260.0,13,3055.1724137931037
7101,261.0,13,0.08294930875576037
7102,262.0,13,0.2818181818181818
7103,263.0,13,0.08060344827586206
7104,264.0,13,0.14912280701754385
7105,265.0,13,0.11475409836065574
7106,266.0,13,0.15483870967741936
7107,267.0,13,0.04918032786885246
7108,268.0,13,0.0763888888888889
7109,269.0,13,0.09691629955947137
7110,270.0,13,0.12738853503184713
7111,271.0,13,0.19047619047619047
7112,272.0,13,0.14482758620689656
7113,273.0,13,0.1144578313253012
7114,274.0,13,0.021994134897360705
7115,275.0,13,0.0821917808219178
7116,276.0,13,0.14871794871794872
7117,277.0,13,0.06818181818181818
7118,278.0,13,0.07829181494661921
7119,279.0,13,0.05245901639344262
7120,280.0,13,0.10309278350515463
7121,281.0,13,0.05157593123209169
7122,282.0,13,0.027600849256900213
7123,283.0,13,0.1468354430379747
7124,284.0,13,0.0061068702290076335
7125,285.0,13,0.0628
7126,286.0,13,0.1543046357615894
7127,287.0,13,0.12359550561797752
7128,288.0,13,0.06302521008403361
7129,289.0,13,0.016853932584269662
7130,290.0,13,0.04431599229287091
7131,291.0,13,0.025597269624573378
7132,292.0,13,0.028932584269662925
7133,293.0,13,0.08215962441314555
7134,294.0,13,0.15
7135,295.0,13,0.004266666666666667
7136,296.0,13,0.12573529411764706
7137,297.0,13,0.06915584415584416
7138,298.0,13,0.5747126436781609
7139,299.0,13,0.05703125
7140,300.0,13,0.041353383458646614
7141,301.0,13,0.0
7142,302.0,13,0.07882882882882883
7143,303.0,13,0.030420711974110032
7144,304.0,13,0.02557077625570776
7145,305.0,13,0.18032786885245902
7146,306.0,13,0.24074074074074073
7147,307.0,13,0.12205882352941176
7148,308.0,13,0.24886877828054296
7149,309.0,13,0.18840579710144928
7150,310.0,13,0.21238938053097345
7151,311.0,13,0.21568627450980393
7152,312.0,13,0.16058394160583941
7153,313.0,13,0.050390625
7154,314.0,13,0.07264957264957266
7155,315.0,13,0.09
7156,316.0,13,0.16666666666666666
7157,317.0,13,0.10625
7158,318.0,13,0.14953271028037382
7159,319.0,13,0.16666666666666666
7160,320.0,13,0.0743801652892562
7161,321.0,13,0.1297709923664122
7162,322.0,13,0.13740458015267176
7163,323.0,13,0.12439024390243902
7164,324.0,13,0.05970149253731343
7165,325.0,13,0.17543859649122806
7166,326.0,13,0.13559322033898305
7167,327.0,13,0.10067114093959731
7168,328.0,13,0.22115384615384615
7169,329.0,13,0.17557251908396945
7170,330.0,13,0.1386861313868613
7171,331.0,13,0.09558823529411764
7172,332.0,13,0.16153846153846155
7173,333.0,13,0.12738853503184713
7174,334.0,13,0.17098445595854922
7175,335.0,13,0.0945945945945946
7176,336.0,13,0.0730593607305936
7177,337.0,13,0.16030534351145037
7178,338.0,13,0.04950495049504951
7179,339.0,13,0.1734820322180917
7180,340.0,13,0.15521064301552107
7181,341.0,13,0.16036655211912945
7182,342.0,13,0.16666666666666666
7183,343.0,13,0.18826135105204872
7184,344.0,13,0.13740458015267176
7185,345.0,13,0.11973684210526316
7186,346.0,13,0.16260162601626016
7187,347.0,13,0.12781954887218044
7188,348.0,13,0.13761467889908258
7189,349.0,13,0.6657963446475196
7190,350.0,13,0.6174334140435835
7191,351.0,13,0.2874251497005988
7192,352.0,13,0.46898263027295284
7193,353.0,13,0.3870967741935484
7194,354.0,13,0.3779527559055118
7195,355.0,13,0.46898263027295284
7196,356.0,13,0.351288056206089
7197,357.0,13,0.732484076433121
7198,358.0,13,0.47675804529201427
7199,359.0,13,0.6272727272727273
7200,360.0,13,0.4419889502762431
7201,361.0,13,0.48484848484848486
7202,362.0,13,0.311804008908686
7203,363.0,13,0.08540925266903915
7204,364.0,13,0.09268292682926829
7205,365.0,13,0.12389380530973451
7206,366.0,13,0.1503267973856209
7207,367.0,13,0.19718309859154928
7208,368.0,13,0.16483516483516483
7209,369.0,13,0.4473684210526316
7210,370.0,13,0.24390243902439024
7211,371.0,13,0.2627118644067797
7212,372.0,13,0.224
7213,373.0,13,0.23076923076923078
7214,374.0,13,0.13507853403141362
7215,375.0,13,0.27522935779816515
7216,376.0,13,0.15987261146496817
7217,377.0,13,0.28846153846153844
7218,378.0,13,0.21691176470588236
7219,379.0,13,0.3108108108108108
7220,380.0,13,0.3007518796992481
7221,381.0,13,0.10304347826086956
7222,382.0,13,0.2553626149131767
7223,383.0,13,0.3934169278996866
7224,384.0,13,0.2844950213371266
7225,385.0,13,0.23387096774193547
7226,386.0,13,0.26829268292682934
7227,387.0,13,0.22522522522522523
7228,388.0,13,0.3689189189189189
7229,389.0,13,0.25611175785797435
7230,390.0,13,0.3201219512195122
7231,391.0,13,0.30832476875642345
7232,392.0,13,0.5481120584652863
7233,393.0,13,0.0
7234,394.0,13,0.22857142857142856
7235,395.0,13,0.216600790513834
7236,396.0,13,0.2716297786720322
7237,397.0,13,0.13557692307692307
7238,398.0,13,0.2716297786720322
7239,399.0,13,0.14285714285714285
7240,400.0,13,0.15942028985507245
7241,401.0,13,0.0
7242,402.0,13,0.2252873563218391
7243,403.0,13,0.2261467889908257
7244,404.0,13,0.1984732824427481
7245,405.0,13,0.2261467889908257
7246,406.0,13,0.08695652173913043
7247,407.0,13,0.0
7248,408.0,13,0.0
7249,409.0,13,0.0006444444444444444
7250,410.0,13,0.0
7251,411.0,13,0.0
7252,412.0,13,0.0
7253,413.0,13,0.0
7254,414.0,13,0.0
7255,415.0,13,0.0
7256,416.0,13,0.0
7257,417.0,13,0.0
7258,418.0,13,0.0
7259,419.0,13,0.0
7260,420.0,13,0.0
7261,421.0,13,0.0
7262,422.0,13,0.0
7263,423.0,13,0.0027247956403269754
7264,424.0,13,0.009671179883945842
7265,425.0,13,0.002717391304347826
7266,426.0,13,0.0
7267,427.0,13,0.0012919896640826874
7268,428.0,13,0.004054054054054054
7269,429.0,13,0.0013477088948787063
7270,430.0,13,0.00410958904109589
7271,431.0,13,0.0027359781121751026
7272,432.0,13,0.0
7273,433.0,13,0.001122334455667789
7274,434.0,13,0.22254335260115607
7275,435.0,13,2.4427480916030535
7276,436.0,13,1.6549019607843136
7277,437.0,13,0.7478753541076487
7278,438.0,13,0.2196078431372549
7279,439.0,13,0.6656976744186046
7280,440.0,13,0.2591549295774648
7281,441.0,13,1.3793103448275863
7282,442.0,13,1.176470588235294
7283,443.0,13,0.7731343283582089
7284,444.0,13,0.7147766323024055
7285,445.0,13,1.4272151898734178
7286,446.0,13,0.6265328874024526
7287,447.0,13,0.48625792811839325
7288,448.0,13,0.594059405940594
7289,449.0,13,0.790273556231003
7290,450.0,13,0.6369047619047619
7291,451.0,13,0.33994334277620397
7292,452.0,13,1.0975609756097562
7293,453.0,13,1.5753424657534247
7294,454.0,13,1.0679012345679013
7295,455.0,13,1.188707280832095
7296,456.0,13,0.3616600790513834
7297,457.0,13,0.8079268292682927
7298,458.0,13,0.8737864077669902
7299,459.0,13,0.7288135593220338
7300,460.0,13,0.5322128851540616
7301,461.0,13,0.31802120141342755
7302,462.0,13,0.6785714285714286
7303,463.0,13,0.0
7304,464.0,13,0.0
7305,465.0,13,0.0
7306,466.0,13,0.0
7307,467.0,13,0.0
7308,468.0,13,0.3837471783295711
7309,469.0,13,0.5962059620596206
7310,470.0,13,0.23255813953488372
7311,471.0,13,5.5
7312,472.0,13,0.17142857142857143
7313,473.0,13,9.166666666666668
7314,474.0,13,1.0
7315,475.0,13,0.008793969849246231
7316,476.0,13,0.03254437869822485
7317,477.0,13,0.1623931623931624
7318,478.0,13,0.005641748942172073
7319,479.0,13,0.03676470588235294
7320,480.0,13,0.656
7321,481.0,13,0.05785123966942149
7322,482.0,13,0.23017902813299232
7323,483.0,13,0.2676056338028169
7324,484.0,13,0.09803921568627451
7325,485.0,13,0.08588957055214724
7326,486.0,13,0.0
7327,487.0,13,0.029315960912052116
7328,488.0,13,0.003683241252302026
7329,489.0,13,0.12612612612612611
7330,490.0,13,0.654490106544901
7331,491.0,13,0.020761245674740483
7332,492.0,13,0.16666666666666666
7333,493.0,13,0.0
7334,494.0,13,0.0
7335,495.0,13,0.0
7336,496.0,13,0.0
7337,497.0,13,25.0
7338,498.0,13,0.0
7339,499.0,13,0.0
7340,500.0,13,0.0
7341,501.0,13,10.0
7342,502.0,13,3.7037037037037033
7343,503.0,13,325.0
7344,504.0,13,301.81818181818187
7345,505.0,13,742.8571428571428
7346,506.0,13,16.666666666666668
7347,507.0,13,95.0
7348,508.0,13,5.666666666666667
7349,509.0,13,0.28460038986354774
7350,510.0,13,0.06853582554517133
7351,511.0,13,0.23856858846918488
7352,512.0,13,0.01201923076923077
7353,513.0,13,0.06557377049180328
7354,514.0,13,0.04831932773109244
7355,515.0,13,0.04904051172707889
7356,516.0,13,0.08183632734530938
7357,517.0,13,0.05186721991701245
7358,518.0,13,0.0
7359,519.0,13,0.007853403141361256
7360,520.0,13,0.0
7361,521.0,13,0.0
7362,522.0,13,0.03731343283582089
7363,523.0,13,0.06437768240343347
7364,524.0,13,0.4225352112676057
7365,525.0,13,0.0
7366,526.0,13,0.0
7367,527.0,13,0.0
7368,528.0,13,0.0
7369,529.0,13,0.023809523809523808
7370,530.0,13,0.0
7371,531.0,13,0.0
7372,532.0,13,0.47058823529411764
7373,533.0,13,0.027472527472527472
7374,534.0,13,0.0
7375,535.0,13,0.02293577981651376
7376,536.0,13,2.5
7377,537.0,13,0.023148148148148147
7378,538.0,13,1.25
7379,539.0,13,0.021929824561403508
7380,540.0,13,0.023809523809523808
7381,541.0,13,0.0
7382,542.0,13,0.0
7383,543.0,13,0.5660377358490566
7384,544.0,13,0.0
7385,545.0,13,0.638095238095238
7386,546.0,13,1.3640350877192982
7387,547.0,13,0.6311475409836066
7388,548.0,13,0.638095238095238
7389,549.0,13,1.7180616740088106
7390,550.0,13,0.8363636363636363
7391,551.0,13,1.4534883720930234
7392,552.0,13,0.0
7393,553.0,13,0.0
7394,554.0,13,0.28693790149892934
7395,555.0,13,0.15416238437821173
7396,556.0,13,0.22916666666666666
7397,557.0,13,0.15352697095435686
7398,558.0,13,0.14705882352941177
7399,559.0,13,0.014285714285714285
7400,560.0,13,0.2517321016166282
7401,561.0,13,0.0
7402,562.0,13,0.0
7403,563.0,13,0.08588957055214724
7404,564.0,13,0.12951167728237792
7405,565.0,13,0.3140096618357488
7406,566.0,13,0.18348623853211007
7407,567.0,13,0.5886524822695036
7408,568.0,13,0.12922173274596185
7409,569.0,13,0.578512396694215
7410,570.0,13,0.14204545454545456
