id,id_ingrediente,id_nutriente,valor_por_100g
1,1.0,1,365.0
2,2.0,1,364.0
3,3.0,1,349.0
4,4.0,1,350.0
5,5.0,1,353.0
6,6.0,1,330.0
7,7.0,1,372.0
8,8.0,1,356.0
9,9.0,1,349.0
10,10.0,1,326.0
11,11.0,1,342.0
12,12.0,1,341.0
13,13.0,1,322.0
14,14.0,1,356.0
15,15.0,1,102.0
16,16.0,1,346.0
17,17.0,1,110.0
18,18.0,1,354.0
19,19.0,1,351.0
20,20.0,1,544.0
21,21.0,1,372.0
22,22.0,1,243.0
23,23.0,1,265.0
24,24.0,1,273.0
25,25.0,1,389.0
26,26.0,1,389.0
27,27.0,1,275.0
28,28.0,1,248.0
29,29.0,1,245.0
30,30.0,1,274.0
31,31.0,1,243.0
32,32.0,1,259.0
33,33.0,1,385.0
34,34.0,1,242.0
35,35.0,1,271.0
36,36.0,1,524.0
37,37.0,1,305.0
38,38.0,1,371.0
39,39.0,1,377.0
40,40.0,1,359.0
41,41.0,1,374.0
42,42.0,1,352.0
43,43.0,1,130.0
44,44.0,1,352.0
45,45.0,1,104.0
46,46.0,1,151.0
47,47.0,1,82.4
48,48.0,1,54.8
49,49.0,1,54.6
50,50.0,1,340.0
51,51.0,1,192.0
52,52.0,1,475.0
53,53.0,1,501.0
54,54.0,1,129.0
55,55.0,1,283.0
56,56.0,1,104.0
57,57.0,1,120.0
58,58.0,1,101.0
59,59.0,1,84.2
60,60.0,1,109.0
61,61.0,1,394.0
62,62.0,1,341.0
63,63.0,1,307.0
64,64.0,1,300.0
65,65.0,1,284.0
66,66.0,1,292.0
67,67.0,1,305.0
68,68.0,1,373.0
69,69.0,1,21.4
70,70.0,1,34.0
71,71.0,1,114.0
72,72.0,1,375.0
73,73.0,1,382.0
74,74.0,1,31.8
75,75.0,1,73.6
76,76.0,1,17.3
77,77.0,1,46.1
78,78.0,1,345.0
79,79.0,1,164.0
80,80.0,1,39.8
81,81.0,1,37.7
82,82.0,1,32.4
83,83.0,1,74.0
84,84.0,1,36.5
85,85.0,1,18.8
86,86.0,1,27.8
87,87.0,1,88.9
88,88.0,1,15.1
89,89.0,1,43.2
90,90.0,1,32.2
91,91.0,1,29.4
92,92.0,1,33.0
93,93.0,1,38.1
94,94.0,1,29.8
95,95.0,1,119.0
96,96.0,1,43.9
97,97.0,1,19.4
98,98.0,1,21.4
99,99.0,1,20.1
100,100.0,1,25.9
101,101.0,1,33.0
102,102.0,1,23.3
103,103.0,1,28.4
104,104.0,1,31.9
105,105.0,1,37.0
106,106.0,1,20.1
107,107.0,1,70.1
108,108.0,1,30.2
109,109.0,1,42.7
110,110.0,1,43.7
111,111.0,1,27.5
112,112.0,1,17.4
113,113.0,1,20.7
114,114.0,1,90.7
115,115.0,1,50.4
116,116.0,1,36.4
117,117.0,1,19.6
118,118.0,1,26.6
119,119.0,1,23.6
120,120.0,1,13.3
121,121.0,1,33.1
122,122.0,1,19.7
123,123.0,1,29.2
124,124.0,1,32.1
125,125.0,1,22.2
126,126.0,1,33.0
127,127.0,1,15.0
128,128.0,1,16.7
129,129.0,1,24.3
130,130.0,1,341.0
131,131.0,1,619.0
132,132.0,1,259.0
133,133.0,1,258.0
134,134.0,1,30.0
135,135.0,1,251.0
136,136.0,1,251.0
137,137.0,1,251.0
138,138.0,1,255.0
139,139.0,1,33.0
140,140.0,1,239.0
141,141.0,1,234.0
142,142.0,1,197.0
143,143.0,1,283.0
144,144.0,1,219.0
145,145.0,1,633.0
146,146.0,1,289.0
147,147.0,1,305.0
148,148.0,1,233.0
149,149.0,1,41.4
150,150.0,1,42.1
151,151.0,1,74.2
152,152.0,1,31.0
153,153.0,1,62.1
154,154.0,1,72.7
155,155.0,1,48.1
156,156.0,1,384.0
157,157.0,1,36.9
158,,1,32.2
159,159.0,1,77.2
160,160.0,1,45.2
161,161.0,1,32.4
162,162.0,1,41.6
163,163.0,1,65.3
164,164.0,1,51.8
165,165.0,1,17.0
166,166.0,1,27.7
167,167.0,1,76.7
168,168.0,1,44.7
169,169.0,1,54.1
170,170.0,1,54.2
171,171.0,1,50.8
172,172.0,1,55.5
173,173.0,1,47.3
174,174.0,1,45.0
175,175.0,1,45.5
176,176.0,1,49.7
177,177.0,1,42.6
178,178.0,1,35.0
179,179.0,1,49.4
180,180.0,1,50.8
181,181.0,1,95.2
182,182.0,1,141.0
183,183.0,1,36.7
184,184.0,1,28.4
185,185.0,1,277.0
186,186.0,1,70.3
187,187.0,1,67.1
188,188.0,1,610.0
189,189.0,1,661.0
190,190.0,1,661.0
191,191.0,1,563.0
192,192.0,1,627.0
193,193.0,1,563.0
194,194.0,1,190.0
195,195.0,1,744.0
196,196.0,1,732.0
197,197.0,1,649.0
198,198.0,1,649.0
199,199.0,1,640.0
200,200.0,1,652.0
201,201.0,1,635.0
202,202.0,1,603.0
203,203.0,1,613.0
204,204.0,1,33.1
205,205.0,1,43.6
206,206.0,1,132.0
207,207.0,1,336.0
208,208.0,1,282.0
209,209.0,1,66.7
210,210.0,1,96.7
211,211.0,1,37.0
212,212.0,1,65.4
213,213.0,1,47.6
214,214.0,1,36.6
215,215.0,1,352.0
216,216.0,1,477.0
217,217.0,1,442.0
218,218.0,1,65.4
219,219.0,1,151.0
220,220.0,1,47.6
221,221.0,1,125.0
222,222.0,1,375.0
223,223.0,1,353.0
224,224.0,1,393.0
225,225.0,1,375.0
226,226.0,1,467.0
227,227.0,1,327.0
228,228.0,1,208.0
229,229.0,1,327.0
230,230.0,1,333.33
231,231.0,1,250.0
232,232.0,1,375.0
233,233.0,1,233.0
234,234.0,1,325.1
235,235.0,1,300.0
236,237.0,1,375.0
237,237.0,1,375.0
238,238.0,1,67.9
239,239.0,1,63.9
240,240.0,1,90.0
241,241.0,1,56.5
242,242.0,1,71.6
243,243.0,1,90.1
244,244.0,1,45.3
245,245.0,1,75.9
246,246.0,1,40.5
247,247.0,1,89.6
248,248.0,1,94.9
249,249.0,1,115.0
250,250.0,1,85.9
251,251.0,1,81.9
252,252.0,1,75.4
253,253.0,1,69.2
254,254.0,1,61.4
255,255.0,1,70.7
256,256.0,1,139.0
257,257.0,1,49.0
258,258.0,1,155.0
259,259.0,1,0.16
260,260.0,1,0.29
261,261.0,1,217.0
262,262.0,1,110.0
263,263.0,1,232.0
264,264.0,1,114.0
265,265.0,1,183.0
266,266.0,1,155.0
267,267.0,1,366.0
268,268.0,1,288.0
269,269.0,1,227.0
270,270.0,1,157.0
271,271.0,1,105.0
272,272.0,1,145.0
273,273.0,1,166.0
274,274.0,1,682.0
275,275.0,1,219.0
276,276.0,1,156.0
277,277.0,1,352.0
278,278.0,1,281.0
279,279.0,1,305.0
280,280.0,1,291.0
281,281.0,1,349.0
282,282.0,1,471.0
283,283.0,1,158.0
284,284.0,1,655.0
285,285.0,1,250.0
286,286.0,1,151.0
287,287.0,1,178.0
288,288.0,1,238.0
289,289.0,1,534.0
290,290.0,1,519.0
291,291.0,1,293.0
292,292.0,1,356.0
293,293.0,1,213.0
294,294.0,1,120.0
295,295.0,1,375.0
296,296.0,1,136.0
297,297.0,1,308.0
298,298.0,1,348.0
299,299.0,1,256.0
300,300.0,1,266.0
301,301.0,1,81.5
302,302.0,1,444.0
303,303.0,1,309.0
304,304.0,1,438.0
305,305.0,1,122.0
306,306.0,1,108.0
307,307.0,1,204.0
308,308.0,1,88.4
309,309.0,1,138.0
310,310.0,1,113.0
311,311.0,1,102.0
312,312.0,1,137.0
313,313.0,1,256.0
314,314.0,1,234.0
315,315.0,1,200.0
316,316.0,1,120.0
317,317.0,1,160.0
318,318.0,1,107.0
319,319.0,1,120.0
320,320.0,1,242.0
321,321.0,1,131.0
322,322.0,1,131.0
323,323.0,1,205.0
324,324.0,1,134.0
325,325.0,1,114.0
326,326.0,1,118.0
327,327.0,1,149.0
328,328.0,1,104.0
329,329.0,1,131.0
330,330.0,1,137.0
331,331.0,1,136.0
332,332.0,1,130.0
333,333.0,1,157.0
334,334.0,1,193.0
335,335.0,1,148.0
336,336.0,1,219.0
337,337.0,1,131.0
338,338.0,1,303.0
339,339.0,1,80.7
340,340.0,1,90.2
341,341.0,1,87.3
342,342.0,1,102.0
343,343.0,1,90.3
344,344.0,1,131.0
345,345.0,1,76.0
346,346.0,1,123.0
347,347.0,1,133.0
348,348.0,1,109.0
349,349.0,1,76.6
350,350.0,1,82.6
351,351.0,1,83.5
352,352.0,1,80.6
353,353.0,1,124.0
354,354.0,1,127.0
355,355.0,1,80.6
356,356.0,1,85.4
357,357.0,1,94.2
358,358.0,1,83.9
359,359.0,1,110.0
360,360.0,1,72.4
361,361.0,1,66.0
362,362.0,1,89.8
363,363.0,1,281.0
364,364.0,1,205.0
365,365.0,1,226.0
366,366.0,1,153.0
367,367.0,1,142.0
368,368.0,1,182.0
369,369.0,1,114.0
370,370.0,1,123.0
371,371.0,1,118.0
372,372.0,1,125.0
373,373.0,1,117.0
374,374.0,1,191.0
375,375.0,1,109.0
376,376.0,1,157.0
377,377.0,1,104.0
378,378.0,1,136.0
379,379.0,1,74.0
380,380.0,1,79.8
381,381.0,1,230.0
382,382.0,1,97.9
383,383.0,1,63.8
384,384.0,1,70.3
385,385.0,1,124.0
386,386.0,1,65.6
387,387.0,1,88.8
388,388.0,1,74.0
389,389.0,1,85.9
390,390.0,1,65.6
391,391.0,1,97.3
392,392.0,1,82.1
393,393.0,1,70.5
394,394.0,1,140.0
395,395.0,1,253.0
396,396.0,1,99.4
397,397.0,1,208.0
398,398.0,1,99.4
399,399.0,1,203.0
400,400.0,1,207.0
401,401.0,1,184.0
402,402.0,1,174.0
403,403.0,1,218.0
404,404.0,1,131.0
405,405.0,1,218.0
406,406.0,1,322.0
407,407.0,1,900.0
408,408.0,1,900.0
409,409.0,1,900.0
410,410.0,1,899.0
411,411.0,1,899.0
412,412.0,1,899.0
413,413.0,1,900.0
414,414.0,1,899.0
415,415.0,1,898.0
416,416.0,1,899.0
417,417.0,1,899.0
418,418.0,1,899.0
419,419.0,1,899.0
420,420.0,1,899.0
421,421.0,1,900.0
422,422.0,1,900.0
423,423.0,1,734.0
424,424.0,1,517.0
425,425.0,1,736.0
426,426.0,1,722.0
427,427.0,1,387.0
428,428.0,1,740.0
429,429.0,1,371.0
430,430.0,1,730.0
431,431.0,1,731.0
432,432.0,1,900.0
433,433.0,1,891.0
434,434.0,1,346.0
435,435.0,1,26.2
436,436.0,1,255.0
437,437.0,1,353.0
438,438.0,1,255.0
439,439.0,1,344.0
440,440.0,1,355.0
441,441.0,1,29.0
442,442.0,1,22.1
443,443.0,1,335.0
444,444.0,1,291.0
445,445.0,1,316.0
446,446.0,1,89.7
447,447.0,1,47.3
448,448.0,1,20.2
449,449.0,1,32.9
450,450.0,1,336.0
451,451.0,1,353.0
452,452.0,1,164.0
453,453.0,1,73.0
454,454.0,1,324.0
455,455.0,1,67.3
456,456.0,1,506.0
457,457.0,1,65.6
458,458.0,1,309.0
459,459.0,1,59.0
460,460.0,1,357.0
461,461.0,1,283.0
462,462.0,1,280.0
463,463.0,1,0.0
464,464.0,1,0.0
465,465.0,1,0.0
466,466.0,1,0.0
467,467.0,1,0.0
468,468.0,1,443.0
469,469.0,1,369.0
470,470.0,1,51.6
471,471.0,1,4.0
472,472.0,1,70.0
473,473.0,1,2.4
474,474.0,1,4.0
475,475.0,1,796.0
476,476.0,1,338.0
477,477.0,1,117.0
478,478.0,1,709.0
479,479.0,1,272.0
480,480.0,1,125.0
481,481.0,1,121.0
482,482.0,1,78.2
483,483.0,1,71.0
484,484.0,1,153.0
485,485.0,1,163.0
486,486.0,1,186.0
487,487.0,1,307.0
488,488.0,1,543.0
489,489.0,1,111.0
490,490.0,1,65.7
491,491.0,1,289.0
492,492.0,1,78.0
493,493.0,1,0.0
494,494.0,1,0.008
495,495.0,1,0.0
496,496.0,1,0.0
497,497.0,1,0.02
498,498.0,1,0.0
499,499.0,1,0.003
500,500.0,1,0.076
501,501.0,1,0.1
502,502.0,1,0.27
503,503.0,1,0.08
504,504.0,1,0.11
505,505.0,1,0.07
506,506.0,1,0.06
507,507.0,1,0.04
508,508.0,1,0.03
509,509.0,1,513.0
510,510.0,1,321.0
511,511.0,1,503.0
512,512.0,1,416.0
513,513.0,1,427.0
514,514.0,1,476.0
515,515.0,1,469.0
516,516.0,1,501.0
517,517.0,1,482.0
518,518.0,1,447.0
519,519.0,1,382.0
520,520.0,1,390.0
521,521.0,1,2.7
522,522.0,1,134.0
523,523.0,1,466.0
524,524.0,1,28.4
525,525.0,1,0.0
526,526.0,1,0.0
527,527.0,1,0.0
528,528.0,1,0.0
529,529.0,1,42.0
530,530.0,1,21.6
531,531.0,1,0.32
532,532.0,1,17.0
533,533.0,1,36.4
534,534.0,1,0.0
535,535.0,1,43.6
536,536.0,1,0.4
537,537.0,1,43.2
538,538.0,1,0.8
539,539.0,1,45.6
540,540.0,1,42.0
541,541.0,1,35.2
542,542.0,1,36.8
543,543.0,1,10.6
544,544.0,1,396.0
545,545.0,1,315.0
546,546.0,1,228.0
547,547.0,1,12.2
548,548.0,1,315.0
549,549.0,1,227.0
550,550.0,1,220.0
551,551.0,1,17.2
552,552.0,1,24.3
553,553.0,1,45.0
554,554.0,1,46.7
555,555.0,1,97.3
556,556.0,1,48.0
557,557.0,1,241.0
558,558.0,1,54.4
559,559.0,1,140.0
560,560.0,1,43.3
561,561.0,1,60.8
562,562.0,1,42.0
563,563.0,1,48.9
564,564.0,1,47.1
565,565.0,1,41.4
566,566.0,1,43.6
567,567.0,1,14.1
568,568.0,1,68.1
569,569.0,1,24.2
570,570.0,1,52.8
571,1.0,2,9.4
572,2.0,2,9.4
573,3.0,2,12.9
574,4.0,2,14.2
575,5.0,2,15.8
576,6.0,2,10.1
577,7.0,2,0.0
578,8.0,2,10.9
579,9.0,2,11.9
580,10.0,2,13.4
581,11.0,2,13.2
582,12.0,2,14.0
583,13.0,2,17.8
584,14.0,2,6.1
585,15.0,2,74.9
586,16.0,2,13.7
587,17.0,2,72.3
588,18.0,2,13.3
589,19.0,2,10.1
590,20.0,2,8.4
591,21.0,2,32.8
592,22.0,2,39.6
593,23.0,2,33.5
594,24.0,2,31.5
595,25.0,2,6.6
596,26.0,2,6.6
597,27.0,2,34.7
598,28.0,2,41.6
599,29.0,2,39.9
600,30.0,2,31.8
601,31.0,2,37.8
602,32.0,2,36.1
603,33.0,2,7.0
604,34.0,2,43.9
605,35.0,2,36.2
606,36.0,2,5.2
607,37.0,2,27.7
608,38.0,2,7.9
609,39.0,2,4.2
610,40.0,2,9.7
611,41.0,2,9.3
612,42.0,2,10.1
613,43.0,2,68.6
614,44.0,2,10.7
615,45.0,2,77.4
616,46.0,2,68.2
617,47.0,2,85.9
618,48.0,2,87.9
619,49.0,2,86.4
620,50.0,2,13.1
621,51.0,2,57.4
622,52.0,2,5.0
623,53.0,2,41.1
624,54.0,2,67.7
625,55.0,2,50.4
626,56.0,2,76.0
627,57.0,2,71.7
628,58.0,2,72.9
629,59.0,2,76.9
630,60.0,2,71.9
631,61.0,2,10.4
632,62.0,2,11.0
633,63.0,2,10.4
634,64.0,2,3.6
635,65.0,2,15.5
636,66.0,2,11.8
637,67.0,2,14.8
638,68.0,2,14.0
639,69.0,2,94.6
640,70.0,2,92.1
641,71.0,2,70.5
642,72.0,2,3.8
643,73.0,2,4.6
644,74.0,2,90.6
645,75.0,2,80.7
646,76.0,2,95.0
647,77.0,2,87.3
648,78.0,2,13.9
649,79.0,2,58.4
650,80.0,2,89.1
651,81.0,2,89.1
652,82.0,2,91.4
653,83.0,2,79.9
654,84.0,2,90.4
655,85.0,2,95.1
656,86.0,2,92.9
657,87.0,2,76.4
658,88.0,2,95.6
659,89.0,2,89.2
660,90.0,2,91.7
661,91.0,2,91.7
662,92.0,2,91.7
663,93.0,2,90.0
664,94.0,2,92.2
665,95.0,2,70.0
666,96.0,2,83.8
667,97.0,2,94.7
668,98.0,2,93.7
669,99.0,2,94.6
670,100.0,2,94.4
671,101.0,2,90.6
672,102.0,2,94.0
673,103.0,2,92.0
674,104.0,2,91.5
675,105.0,2,90.3
676,106.0,2,94.4
677,107.0,2,81.7
678,108.0,2,90.6
679,109.0,2,87.5
680,110.0,2,88.1
681,111.0,2,92.0
682,112.0,2,94.6
683,113.0,2,93.9
684,114.0,2,76.0
685,115.0,2,85.1
686,116.0,2,90.4
687,117.0,2,95.1
688,118.0,2,92.3
689,119.0,2,93.1
690,120.0,2,96.6
691,121.0,2,92.2
692,122.0,2,95.2
693,123.0,2,92.0
694,124.0,2,91.4
695,125.0,2,94.0
696,126.0,2,92.0
697,127.0,2,96.2
698,128.0,2,95.6
699,129.0,2,93.9
700,130.0,2,31.0
701,131.0,2,1.5
702,132.0,2,33.6
703,133.0,2,35.1
704,134.0,2,91.1
705,135.0,2,38.0
706,136.0,2,36.9
707,137.0,2,37.2
708,138.0,2,36.1
709,139.0,2,90.6
710,140.0,2,40.8
711,141.0,2,41.4
712,142.0,2,49.0
713,143.0,2,26.2
714,144.0,2,35.0
715,145.0,2,12.3
716,146.0,2,23.9
717,147.0,2,21.2
718,148.0,2,67.9
719,149.0,2,88.9
720,150.0,2,87.8
721,151.0,2,80.5
722,152.0,2,91.0
723,153.0,2,84.2
724,154.0,2,81.6
725,155.0,2,87.4
726,156.0,2,45.1
727,157.0,2,88.8
728,,2,91.6
729,159.0,2,80.4
730,160.0,2,85.6
731,161.0,2,90.4
732,162.0,2,87.6
733,163.0,2,83.3
734,164.0,2,87.0
735,165.0,2,94.6
736,166.0,2,91.2
737,167.0,2,80.4
738,168.0,2,88.2
739,169.0,2,85.9
740,170.0,2,86.3
741,171.0,2,86.6
742,172.0,2,85.9
743,173.0,2,85.8
744,174.0,2,88.4
745,175.0,2,87.7
746,176.0,2,86.6
747,177.0,2,88.6
748,178.0,2,90.4
749,179.0,2,86.7
750,180.0,2,86.9
751,181.0,2,75.3
752,182.0,2,64.1
753,183.0,2,90.2
754,184.0,2,93.1
755,185.0,2,29.0
756,186.0,2,82.2
757,187.0,2,83.2
758,188.0,2,5.7
759,189.0,2,5.3
760,190.0,2,5.3
761,191.0,2,10.8
762,192.0,2,1.7
763,193.0,2,10.6
764,194.0,2,52.0
765,195.0,2,6.2
766,196.0,2,2.9
767,197.0,2,12.9
768,198.0,2,12.9
769,199.0,2,0.9
770,200.0,2,2.2
771,201.0,2,0.0
772,202.0,2,5.9
773,203.0,2,8.1
774,204.0,2,92.5
775,205.0,2,89.0
776,206.0,2,76.6
777,207.0,2,28.6
778,208.0,2,29.8
779,209.0,2,88.2
780,210.0,2,83.7
781,211.0,2,91.0
782,212.0,2,88.4
783,213.0,2,90.1
784,214.0,2,91.0
785,215.0,2,4.9
786,216.0,2,6.5
787,217.0,2,10.0
788,218.0,2,88.4
789,219.0,2,74.1
790,220.0,2,90.1
791,221.0,2,81.9
792,222.0,2,33.0
793,223.0,2,43.6
794,224.0,2,37.7
795,225.0,2,33.0
796,226.0,2,29.1
797,227.0,2,50.5
798,228.0,2,68.5
799,229.0,2,44.7
800,230.0,2,0.0
801,231.0,2,0.0
802,232.0,2,33.0
803,233.0,2,59.2
804,234.0,2,0.0
805,235.0,2,0.0
806,237.0,2,33.0
807,237.0,2,33.0
808,238.0,2,81.3
809,239.0,2,88.4
810,240.0,2,78.2
811,241.0,2,85.7
812,242.0,2,81.8
813,243.0,2,78.6
814,244.0,2,89.1
815,245.0,2,81.4
816,246.0,2,90.3
817,247.0,2,79.7
818,248.0,2,78.0
819,249.0,2,75.6
820,250.0,2,80.9
821,251.0,2,81.4
822,252.0,2,82.9
823,253.0,2,84.2
824,254.0,2,87.9
825,255.0,2,84.7
826,256.0,2,78.0
827,257.0,2,88.0
828,258.0,2,75.3
829,259.0,2,0.53
830,260.0,2,0.4
831,261.0,2,65.7
832,262.0,2,75.3
833,263.0,2,64.6
834,264.0,2,75.9
835,265.0,2,68.2
836,266.0,2,68.3
837,267.0,2,49.7
838,268.0,2,56.6
839,269.0,2,64.7
840,270.0,2,71.3
841,271.0,2,74.9
842,272.0,2,71.6
843,273.0,2,70.5
844,274.0,2,16.1
845,275.0,2,66.0
846,276.0,2,70.4
847,277.0,2,48.9
848,278.0,2,59.3
849,279.0,2,57.2
850,280.0,2,58.5
851,281.0,2,49.3
852,282.0,2,40.4
853,283.0,2,70.1
854,284.0,2,24.9
855,285.0,2,63.2
856,286.0,2,77.1
857,287.0,2,70.3
858,288.0,2,62.4
859,289.0,2,29.8
860,290.0,2,33.3
861,291.0,2,53.7
862,292.0,2,43.7
863,293.0,2,57.4
864,294.0,2,72.9
865,295.0,2,34.3
866,296.0,2,69.5
867,297.0,2,48.0
868,298.0,2,47.5
869,299.0,2,55.1
870,300.0,2,60.5
871,301.0,2,79.8
872,302.0,2,33.3
873,303.0,2,55.4
874,304.0,2,34.4
875,305.0,2,75.8
876,306.0,2,76.3
877,307.0,2,66.2
878,308.0,2,74.9
879,309.0,2,70.9
880,310.0,2,75.4
881,311.0,2,75.3
882,312.0,2,72.0
883,313.0,2,63.0
884,314.0,2,61.8
885,315.0,2,67.4
886,316.0,2,75.4
887,317.0,2,71.6
888,318.0,2,76.5
889,319.0,2,77.4
890,320.0,2,62.8
891,321.0,2,75.1
892,322.0,2,73.9
893,323.0,2,65.8
894,324.0,2,76.9
895,325.0,2,77.7
896,326.0,2,77.6
897,327.0,2,74.4
898,328.0,2,79.0
899,329.0,2,73.5
900,330.0,2,70.7
901,331.0,2,72.0
902,332.0,2,71.8
903,333.0,2,73.7
904,334.0,2,70.1
905,335.0,2,73.7
906,336.0,2,65.3
907,337.0,2,76.9
908,338.0,2,57.7
909,339.0,2,83.2
910,340.0,2,80.7
911,341.0,2,81.3
912,342.0,2,79.3
913,343.0,2,80.8
914,344.0,2,76.2
915,345.0,2,81.2
916,346.0,2,80.4
917,347.0,2,79.7
918,348.0,2,82.3
919,349.0,2,82.1
920,350.0,2,80.6
921,351.0,2,79.4
922,352.0,2,81.7
923,353.0,2,75.4
924,354.0,2,74.7
925,355.0,2,81.7
926,356.0,2,80.4
927,357.0,2,78.7
928,358.0,2,80.4
929,359.0,2,73.4
930,360.0,2,84.4
931,361.0,2,85.0
932,362.0,2,79.3
933,363.0,2,60.5
934,364.0,2,68.2
935,365.0,2,63.0
936,366.0,2,69.3
937,367.0,2,72.0
938,368.0,2,69.4
939,369.0,2,77.3
940,370.0,2,75.0
941,371.0,2,75.6
942,372.0,2,75.0
943,373.0,2,76.2
944,374.0,2,67.3
945,375.0,2,77.5
946,376.0,2,72.6
947,377.0,2,79.6
948,378.0,2,74.6
949,379.0,2,82.5
950,380.0,2,81.3
951,381.0,2,63.7
952,382.0,2,78.4
953,383.0,2,86.3
954,384.0,2,83.3
955,385.0,2,74.5
956,386.0,2,83.8
957,387.0,2,79.8
958,388.0,2,82.5
959,389.0,2,80.9
960,390.0,2,84.5
961,391.0,2,77.3
962,392.0,2,81.6
963,393.0,2,81.4
964,394.0,2,67.7
965,395.0,2,55.8
966,396.0,2,75.9
967,397.0,2,60.8
968,398.0,2,75.9
969,399.0,2,63.6
970,400.0,2,59.1
971,401.0,2,63.2
972,402.0,2,68.4
973,403.0,2,58.9
974,404.0,2,76.7
975,405.0,2,58.9
976,406.0,2,22.6
977,407.0,2,0.0
978,408.0,2,0.0
979,409.0,2,0.0
980,410.0,2,0.1
981,411.0,2,0.1
982,412.0,2,0.1
983,413.0,2,0.12
984,414.0,2,0.1
985,415.0,2,0.0
986,416.0,2,0.1
987,417.0,2,0.1
988,418.0,2,0.1
989,419.0,2,0.1
990,420.0,2,0.1
991,421.0,2,0.0
992,422.0,2,0.01
993,423.0,2,15.9
994,424.0,2,39.7
995,425.0,2,18.0
996,426.0,2,19.4
997,427.0,2,53.9
998,428.0,2,15.1
999,429.0,2,58.0
1000,430.0,2,15.8
1001,431.0,2,17.2
1002,432.0,2,0.0
1003,433.0,2,1.0
1004,434.0,2,0.97
1005,435.0,2,92.1
1006,436.0,2,20.6
1007,437.0,2,17.3
1008,438.0,2,9.6
1009,439.0,2,8.3
1010,440.0,2,7.3
1011,441.0,2,91.3
1012,442.0,2,92.2
1013,443.0,2,9.9
1014,444.0,2,12.9
1015,445.0,2,7.3
1016,446.0,2,84.7
1017,447.0,2,88.8
1018,448.0,2,93.3
1019,449.0,2,90.9
1020,450.0,2,9.7
1021,451.0,2,9.0
1022,452.0,2,34.0
1023,453.0,2,73.3
1024,454.0,2,7.6
1025,455.0,2,80.4
1026,456.0,2,8.6
1027,457.0,2,86.1
1028,458.0,2,7.2
1029,459.0,2,83.6
1030,460.0,2,9.5
1031,461.0,2,17.3
1032,462.0,2,16.7
1033,463.0,2,0.2
1034,464.0,2,0.2
1035,465.0,2,0.2
1036,466.0,2,0.2
1037,467.0,2,0.2
1038,468.0,2,1.7
1039,469.0,2,7.8
1040,470.0,2,87.2
1041,471.0,2,99.0
1042,472.0,2,76.5
1043,473.0,2,99.0
1044,474.0,2,97.0
1045,475.0,2,9.7
1046,476.0,2,15.6
1047,477.0,2,66.4
1048,478.0,2,16.3
1049,479.0,2,64.5
1050,480.0,2,74.9
1051,481.0,2,71.2
1052,482.0,2,86.7
1053,483.0,2,81.5
1054,484.0,2,74.5
1055,485.0,2,72.6
1056,486.0,2,70.1
1057,487.0,2,60.6
1058,488.0,2,34.3
1059,489.0,2,77.0
1060,490.0,2,76.6
1061,491.0,2,64.7
1062,492.0,2,78.5
1063,493.0,2,0.0
1064,494.0,2,0.007
1065,495.0,2,0.0
1066,496.0,2,0.0
1067,497.0,2,0.02
1068,498.0,2,0.01
1069,499.0,2,0.05
1070,500.0,2,0.12
1071,501.0,2,0.56
1072,502.0,2,1.4
1073,503.0,2,0.49
1074,504.0,2,0.37
1075,505.0,2,0.44
1076,506.0,2,0.04
1077,507.0,2,0.13
1078,508.0,2,0.01
1079,509.0,2,1.2
1080,510.0,2,26.6
1081,511.0,2,2.4
1082,512.0,2,1.2
1083,513.0,2,13.4
1084,514.0,2,5.2
1085,515.0,2,5.8
1086,516.0,2,4.3
1087,517.0,2,1.8
1088,518.0,2,8.8
1089,519.0,2,4.6
1090,520.0,2,3.0
1091,521.0,2,3.0
1092,522.0,2,68.2
1093,523.0,2,7.3
1094,524.0,2,92.9
1095,525.0,2,100.0
1096,526.0,2,100.0
1097,527.0,2,100.0
1098,528.0,2,100.0
1099,529.0,2,89.5
1100,530.0,2,94.6
1101,531.0,2,99.9
1102,532.0,2,94.6
1103,533.0,2,90.9
1104,534.0,2,100.0
1105,535.0,2,89.2
1106,536.0,2,99.9
1107,537.0,2,89.3
1108,538.0,2,99.8
1109,539.0,2,88.6
1110,540.0,2,89.5
1111,541.0,2,91.2
1112,542.0,2,90.8
1113,543.0,2,95.2
1114,544.0,2,13.3
1115,545.0,2,4.3
1116,546.0,2,3.2
1117,547.0,2,96.3
1118,548.0,2,4.3
1119,549.0,2,3.5
1120,550.0,2,9.3
1121,551.0,2,95.4
1122,552.0,2,95.2
1123,553.0,2,90.3
1124,554.0,2,89.6
1125,555.0,2,79.0
1126,556.0,2,89.1
1127,557.0,2,68.4
1128,558.0,2,86.4
1129,559.0,2,64.9
1130,560.0,2,89.1
1131,561.0,2,84.8
1132,562.0,2,89.9
1133,563.0,2,88.0
1134,564.0,2,88.4
1135,565.0,2,89.6
1136,566.0,2,89.2
1137,567.0,2,96.4
1138,568.0,2,83.1
1139,569.0,2,93.7
1140,570.0,2,87.0
1141,1.0,3,0.0
1142,2.0,3,0.0
1143,3.0,3,0.0
1144,4.0,3,0.0
1145,5.0,3,0.0
1146,6.0,3,0.0
1147,7.0,3,0.0
1148,8.0,3,0.0
1149,9.0,3,0.0
1150,10.0,3,0.0
1151,11.0,3,0.0
1152,12.0,3,0.0
1153,13.0,3,0.0
1154,14.0,3,0.0
1155,15.0,3,0.0
1156,16.0,3,0.0
1157,17.0,3,0.0
1158,18.0,3,0.0
1159,19.0,3,0.0
1160,20.0,3,0.0
1161,21.0,3,0.0
1162,22.0,3,0.0
1163,23.0,3,0.0
1164,24.0,3,0.0
1165,25.0,3,0.0
1166,26.0,3,0.0
1167,27.0,3,0.0
1168,28.0,3,0.0
1169,29.0,3,0.0
1170,30.0,3,0.0
1171,31.0,3,0.0
1172,32.0,3,0.0
1173,33.0,3,0.0
1174,34.0,3,0.0
1175,35.0,3,0.0
1176,36.0,3,0.0
1177,37.0,3,0.0
1178,38.0,3,0.0
1179,39.0,3,0.0
1180,40.0,3,0.0
1181,41.0,3,0.0
1182,42.0,3,0.0
1183,43.0,3,0.0
1184,44.0,3,0.0
1185,45.0,3,0.0
1186,46.0,3,0.0
1187,47.0,3,0.0
1188,48.0,3,0.0
1189,49.0,3,0.0
1190,50.0,3,0.0
1191,51.0,3,0.0
1192,52.0,3,0.0
1193,53.0,3,0.0
1194,54.0,3,0.0
1195,55.0,3,0.0
1196,56.0,3,0.0
1197,57.0,3,0.0
1198,58.0,3,0.0
1199,59.0,3,0.0
1200,60.0,3,0.0
1201,61.0,3,0.0
1202,62.0,3,0.0
1203,63.0,3,0.0
1204,64.0,3,0.0
1205,65.0,3,0.0
1206,66.0,3,0.0
1207,67.0,3,0.0
1208,68.0,3,0.0
1209,69.0,3,0.0
1210,70.0,3,0.0
1211,71.0,3,0.0
1212,72.0,3,0.0
1213,73.0,3,0.0
1214,74.0,3,0.0
1215,75.0,3,0.0
1216,76.0,3,0.0
1217,77.0,3,0.0
1218,78.0,3,0.0
1219,79.0,3,0.0
1220,80.0,3,0.0
1221,81.0,3,0.0
1222,82.0,3,0.0
1223,83.0,3,0.0
1224,84.0,3,0.0
1225,85.0,3,0.0
1226,86.0,3,0.0
1227,87.0,3,0.0
1228,88.0,3,0.0
1229,89.0,3,0.0
1230,90.0,3,0.0
1231,91.0,3,0.0
1232,92.0,3,0.0
1233,93.0,3,0.0
1234,94.0,3,0.0
1235,95.0,3,0.0
1236,96.0,3,0.0
1237,97.0,3,0.0
1238,98.0,3,0.0
1239,99.0,3,0.0
1240,100.0,3,0.0
1241,101.0,3,0.0
1242,102.0,3,0.0
1243,103.0,3,0.0
1244,104.0,3,0.0
1245,105.0,3,0.0
1246,106.0,3,0.0
1247,107.0,3,0.0
1248,108.0,3,0.0
1249,109.0,3,0.0
1250,110.0,3,0.0
1251,111.0,3,0.0
1252,112.0,3,0.0
1253,113.0,3,0.0
1254,114.0,3,0.0
1255,115.0,3,0.0
1256,116.0,3,0.0
1257,117.0,3,0.0
1258,118.0,3,0.0
1259,119.0,3,0.0
1260,120.0,3,0.0
1261,121.0,3,0.0
1262,122.0,3,0.0
1263,123.0,3,0.0
1264,124.0,3,0.0
1265,125.0,3,0.0
1266,126.0,3,0.0
1267,127.0,3,0.0
1268,128.0,3,0.0
1269,129.0,3,0.0
1270,130.0,3,0.0
1271,131.0,3,0.0
1272,132.0,3,0.0
1273,133.0,3,0.0
1274,134.0,3,0.0
1275,135.0,3,0.0
1276,136.0,3,0.0
1277,137.0,3,0.0
1278,138.0,3,0.0
1279,139.0,3,0.0
1280,140.0,3,0.0
1281,141.0,3,0.0
1282,142.0,3,0.0
1283,143.0,3,0.0
1284,144.0,3,0.0
1285,145.0,3,0.0
1286,146.0,3,0.0
1287,147.0,3,0.0
1288,148.0,3,0.0
1289,149.0,3,0.0
1290,150.0,3,0.0
1291,151.0,3,0.0
1292,152.0,3,0.0
1293,153.0,3,0.0
1294,154.0,3,0.0
1295,155.0,3,0.0
1296,156.0,3,0.0
1297,157.0,3,0.0
1298,,3,0.0
1299,159.0,3,0.0
1300,160.0,3,0.0
1301,161.0,3,0.0
1302,162.0,3,0.0
1303,163.0,3,0.0
1304,164.0,3,0.0
1305,165.0,3,0.0
1306,166.0,3,0.0
1307,167.0,3,0.0
1308,168.0,3,0.0
1309,169.0,3,0.0
1310,170.0,3,0.0
1311,171.0,3,0.0
1312,172.0,3,0.0
1313,173.0,3,0.0
1314,174.0,3,0.0
1315,175.0,3,0.0
1316,176.0,3,0.0
1317,177.0,3,0.0
1318,178.0,3,0.0
1319,179.0,3,0.0
1320,180.0,3,0.0
1321,181.0,3,0.0
1322,182.0,3,0.0
1323,183.0,3,0.0
1324,184.0,3,0.0
1325,185.0,3,0.0
1326,186.0,3,0.0
1327,187.0,3,0.0
1328,188.0,3,0.0
1329,189.0,3,0.0
1330,190.0,3,0.0
1331,191.0,3,0.0
1332,192.0,3,0.0
1333,193.0,3,0.0
1334,194.0,3,0.0
1335,195.0,3,0.0
1336,196.0,3,0.0
1337,197.0,3,0.0
1338,198.0,3,0.0
1339,199.0,3,0.0
1340,200.0,3,0.0
1341,201.0,3,0.0
1342,202.0,3,0.0
1343,203.0,3,0.0
1344,204.0,3,0.0
1345,205.0,3,0.0
1346,206.0,3,0.0
1347,207.0,3,0.0
1348,208.0,3,0.0
1349,209.0,3,0.0
1350,210.0,3,0.0
1351,211.0,3,0.0
1352,212.0,3,0.0
1353,213.0,3,0.0
1354,214.0,3,0.0
1355,215.0,3,0.0
1356,216.0,3,0.0
1357,217.0,3,0.0
1358,218.0,3,0.0
1359,219.0,3,0.0
1360,220.0,3,0.0
1361,221.0,3,0.0
1362,222.0,3,0.0
1363,223.0,3,0.0
1364,224.0,3,0.0
1365,225.0,3,0.0
1366,226.0,3,0.0
1367,227.0,3,0.0
1368,228.0,3,0.0
1369,229.0,3,0.0
1370,230.0,3,0.0
1371,231.0,3,0.0
1372,232.0,3,0.0
1373,233.0,3,0.0
1374,234.0,3,0.0
1375,235.0,3,0.0
1376,237.0,3,0.0
1377,237.0,3,0.0
1378,238.0,3,0.0
1379,239.0,3,0.0
1380,240.0,3,0.0
1381,241.0,3,0.0
1382,242.0,3,0.0
1383,243.0,3,0.0
1384,244.0,3,0.0
1385,245.0,3,0.0
1386,246.0,3,0.0
1387,247.0,3,0.0
1388,248.0,3,0.0
1389,249.0,3,0.0
1390,250.0,3,0.0
1391,251.0,3,0.0
1392,252.0,3,0.0
1393,253.0,3,0.0
1394,254.0,3,0.0
1395,255.0,3,0.0
1396,256.0,3,0.0
1397,257.0,3,0.0
1398,258.0,3,0.0
1399,259.0,3,4.5
1400,260.0,3,4.2
1401,261.0,3,0.0
1402,262.0,3,0.0
1403,263.0,3,0.0
1404,264.0,3,0.0
1405,265.0,3,0.0
1406,266.0,3,0.0
1407,267.0,3,0.0
1408,268.0,3,0.0
1409,269.0,3,0.0
1410,270.0,3,0.0
1411,271.0,3,0.0
1412,272.0,3,0.0
1413,273.0,3,0.0
1414,274.0,3,0.0
1415,275.0,3,0.0
1416,276.0,3,0.0
1417,277.0,3,0.0
1418,278.0,3,0.0
1419,279.0,3,0.0
1420,280.0,3,0.0
1421,281.0,3,0.0
1422,282.0,3,0.0
1423,283.0,3,0.0
1424,284.0,3,0.0
1425,285.0,3,0.0
1426,286.0,3,0.0
1427,287.0,3,0.0
1428,288.0,3,0.0
1429,289.0,3,0.0
1430,290.0,3,0.0
1431,291.0,3,0.0
1432,292.0,3,0.0
1433,293.0,3,0.0
1434,294.0,3,0.0
1435,295.0,3,0.0
1436,296.0,3,0.0
1437,297.0,3,0.0
1438,298.0,3,0.0
1439,299.0,3,0.0
1440,300.0,3,0.0
1441,301.0,3,0.0
1442,302.0,3,0.0
1443,303.0,3,0.0
1444,304.0,3,0.0
1445,305.0,3,0.0
1446,306.0,3,0.0
1447,307.0,3,0.0
1448,308.0,3,0.0
1449,309.0,3,0.0
1450,310.0,3,0.0
1451,311.0,3,0.0
1452,312.0,3,0.0
1453,313.0,3,0.0
1454,314.0,3,0.0
1455,315.0,3,0.0
1456,316.0,3,0.0
1457,317.0,3,0.0
1458,318.0,3,0.0
1459,319.0,3,0.0
1460,320.0,3,0.0
1461,321.0,3,0.0
1462,322.0,3,0.0
1463,323.0,3,0.0
1464,324.0,3,0.0
1465,325.0,3,0.0
1466,326.0,3,0.0
1467,327.0,3,0.0
1468,328.0,3,0.0
1469,329.0,3,0.0
1470,330.0,3,0.0
1471,331.0,3,0.0
1472,332.0,3,0.0
1473,333.0,3,0.0
1474,334.0,3,0.0
1475,335.0,3,0.0
1476,336.0,3,0.0
1477,337.0,3,0.0
1478,338.0,3,0.0
1479,339.0,3,0.0
1480,340.0,3,0.0
1481,341.0,3,0.0
1482,342.0,3,0.0
1483,343.0,3,0.0
1484,344.0,3,0.0
1485,345.0,3,0.0
1486,346.0,3,0.0
1487,347.0,3,0.0
1488,348.0,3,0.0
1489,349.0,3,0.0
1490,350.0,3,0.0
1491,351.0,3,0.0
1492,352.0,3,0.0
1493,353.0,3,0.0
1494,354.0,3,0.0
1495,355.0,3,0.0
1496,356.0,3,0.0
1497,357.0,3,0.0
1498,358.0,3,0.0
1499,359.0,3,0.0
1500,360.0,3,0.0
1501,361.0,3,0.0
1502,362.0,3,0.0
1503,363.0,3,0.0
1504,364.0,3,0.0
1505,365.0,3,0.0
1506,366.0,3,0.0
1507,367.0,3,0.0
1508,368.0,3,0.0
1509,369.0,3,0.0
1510,370.0,3,0.0
1511,371.0,3,0.0
1512,372.0,3,0.0
1513,373.0,3,0.0
1514,374.0,3,0.0
1515,375.0,3,0.0
1516,376.0,3,0.0
1517,377.0,3,0.0
1518,378.0,3,0.0
1519,379.0,3,0.0
1520,380.0,3,0.0
1521,381.0,3,0.0
1522,382.0,3,0.0
1523,383.0,3,0.0
1524,384.0,3,0.0
1525,385.0,3,0.0
1526,386.0,3,0.0
1527,387.0,3,0.0
1528,388.0,3,0.0
1529,389.0,3,0.0
1530,390.0,3,0.0
1531,391.0,3,0.0
1532,392.0,3,0.0
1533,393.0,3,0.0
1534,394.0,3,0.0
1535,395.0,3,0.0
1536,396.0,3,0.0
1537,397.0,3,0.0
1538,398.0,3,0.0
1539,399.0,3,0.0
1540,400.0,3,0.0
1541,401.0,3,0.0
1542,402.0,3,0.0
1543,403.0,3,0.0
1544,404.0,3,0.0
1545,405.0,3,0.0
1546,406.0,3,0.0
1547,407.0,3,0.0
1548,408.0,3,0.0
1549,409.0,3,0.0
1550,410.0,3,0.0
1551,411.0,3,0.0
1552,412.0,3,0.0
1553,413.0,3,0.0
1554,414.0,3,0.0
1555,415.0,3,0.0
1556,416.0,3,0.0
1557,417.0,3,0.0
1558,418.0,3,0.0
1559,419.0,3,0.0
1560,420.0,3,0.0
1561,421.0,3,0.0
1562,422.0,3,0.0
1563,423.0,3,0.0
1564,424.0,3,0.0
1565,425.0,3,0.0
1566,426.0,3,0.0
1567,427.0,3,0.0
1568,428.0,3,0.0
1569,429.0,3,0.0
1570,430.0,3,0.0
1571,431.0,3,0.0
1572,432.0,3,0.0
1573,433.0,3,0.0
1574,434.0,3,0.0
1575,435.0,3,0.0
1576,436.0,3,0.0
1577,437.0,3,0.0
1578,438.0,3,0.0
1579,439.0,3,0.0
1580,440.0,3,0.0
1581,441.0,3,0.0
1582,442.0,3,0.0
1583,443.0,3,0.0
1584,444.0,3,0.0
1585,445.0,3,0.0
1586,446.0,3,0.0
1587,447.0,3,0.0
1588,448.0,3,0.0
1589,449.0,3,0.0
1590,450.0,3,0.0
1591,451.0,3,0.0
1592,452.0,3,0.0
1593,453.0,3,0.0
1594,454.0,3,0.0
1595,455.0,3,0.0
1596,456.0,3,0.0
1597,457.0,3,0.0
1598,458.0,3,0.0
1599,459.0,3,0.0
1600,460.0,3,0.0
1601,461.0,3,0.0
1602,462.0,3,0.0
1603,463.0,3,0.0
1604,464.0,3,0.0
1605,465.0,3,0.0
1606,466.0,3,0.0
1607,467.0,3,0.0
1608,468.0,3,0.0
1609,469.0,3,0.0
1610,470.0,3,0.0
1611,471.0,3,0.0
1612,472.0,3,0.0
1613,473.0,3,0.0
1614,474.0,3,0.0
1615,475.0,3,0.0
1616,476.0,3,0.0
1617,477.0,3,0.0
1618,478.0,3,0.0
1619,479.0,3,0.0
1620,480.0,3,0.0
1621,481.0,3,0.0
1622,482.0,3,0.0
1623,483.0,3,0.0
1624,484.0,3,0.0
1625,485.0,3,0.0
1626,486.0,3,0.0
1627,487.0,3,0.0
1628,488.0,3,0.0
1629,489.0,3,0.0
1630,490.0,3,0.0
1631,491.0,3,0.0
1632,492.0,3,0.0
1633,493.0,3,0.0
1634,494.0,3,1.0
1635,495.0,3,0.0
1636,496.0,3,0.0
1637,497.0,3,0.0
1638,498.0,3,0.0
1639,499.0,3,0.28
1640,500.0,3,1.2
1641,501.0,3,3.1
1642,502.0,3,1.1
1643,503.0,3,5.4
1644,504.0,3,2.2
1645,505.0,3,2.6
1646,506.0,3,2.1
1647,507.0,3,1.2
1648,508.0,3,2.0
1649,509.0,3,0.0
1650,510.0,3,0.0
1651,511.0,3,0.0
1652,512.0,3,5.4
1653,513.0,3,0.0
1654,514.0,3,0.0
1655,515.0,3,0.0
1656,516.0,3,0.0
1657,517.0,3,0.0
1658,518.0,3,0.0
1659,519.0,3,0.0
1660,520.0,3,0.0
1661,521.0,3,0.0
1662,522.0,3,0.0
1663,523.0,3,0.0
1664,524.0,3,0.0
1665,525.0,3,0.0
1666,526.0,3,0.0
1667,527.0,3,0.0
1668,528.0,3,0.0
1669,529.0,3,0.0
1670,530.0,3,0.0
1671,531.0,3,0.0
1672,532.0,3,0.0
1673,533.0,3,0.0
1674,534.0,3,0.0
1675,535.0,3,0.0
1676,536.0,3,0.0
1677,537.0,3,0.0
1678,538.0,3,0.0
1679,539.0,3,0.0
1680,540.0,3,0.0
1681,541.0,3,0.0
1682,542.0,3,0.0
1683,543.0,3,0.0
1684,544.0,3,0.0
1685,545.0,3,0.0
1686,546.0,3,0.0
1687,547.0,3,0.0
1688,548.0,3,0.0
1689,549.0,3,0.0
1690,550.0,3,0.0
1691,551.0,3,0.0
1692,552.0,3,0.0
1693,553.0,3,0.0
1694,554.0,3,0.0
1695,555.0,3,0.0
1696,556.0,3,0.0
1697,557.0,3,0.0
1698,558.0,3,0.0
1699,559.0,3,0.0
1700,560.0,3,0.0
1701,561.0,3,0.0
1702,562.0,3,0.0
1703,563.0,3,0.0
1704,564.0,3,0.0
1705,565.0,3,0.0
1706,566.0,3,0.0
1707,567.0,3,0.0
1708,568.0,3,0.0
1709,569.0,3,0.0
1710,570.0,3,0.0
1711,1.0,4,11.2
1712,2.0,4,6.7
1713,3.0,4,6.9
1714,4.0,4,7.3
1715,5.0,4,11.7
1716,6.0,4,9.9
1717,7.0,4,14.8
1718,8.0,4,0.41
1719,9.0,4,7.6
1720,10.0,4,10.0
1721,11.0,4,8.3
1722,12.0,4,9.9
1723,13.0,4,12.7
1724,14.0,4,10.1
1725,15.0,4,3.3
1726,16.0,4,8.6
1727,17.0,4,3.4
1728,18.0,4,14.1
1729,19.0,4,12.7
1730,20.0,4,7.4
1731,21.0,4,6.1
1732,22.0,4,8.3
1733,23.0,4,8.0
1734,24.0,4,8.0
1735,25.0,4,11.5
1736,26.0,4,11.5
1737,27.0,4,8.4
1738,28.0,4,6.4
1739,29.0,4,8.5
1740,30.0,4,9.1
1741,31.0,4,6.7
1742,32.0,4,10.9
1743,33.0,4,13.0
1744,34.0,4,4.3
1745,35.0,4,7.5
1746,36.0,4,10.2
1747,37.0,4,8.0
1748,38.0,4,11.0
1749,39.0,4,12.8
1750,40.0,4,12.8
1751,41.0,4,12.4
1752,42.0,4,13.1
1753,43.0,4,5.2
1754,44.0,4,13.1
1755,45.0,4,4.7
1756,46.0,4,9.5
1757,47.0,4,5.0
1758,48.0,4,3.2
1759,49.0,4,5.5
1760,50.0,4,0.09
1761,51.0,4,15.7
1762,52.0,4,36.8
1763,53.0,4,0.0
1764,54.0,4,9.0
1765,55.0,4,18.5
1766,56.0,4,18.0
1767,57.0,4,7.2
1768,58.0,4,6.7
1769,59.0,4,8.4
1770,60.0,4,8.8
1771,61.0,4,36.2
1772,62.0,4,20.8
1773,63.0,4,26.1
1774,64.0,4,4.6
1775,65.0,4,21.1
1776,66.0,4,23.6
1777,67.0,4,23.2
1778,68.0,4,34.7
1779,69.0,4,3.4
1780,70.0,4,4.3
1781,71.0,4,1.6
1782,72.0,4,6.9
1783,73.0,4,0.5
1784,74.0,4,1.0
1785,75.0,4,2.3
1786,76.0,4,1.1
1787,77.0,4,1.6
1788,78.0,4,0.58
1789,79.0,4,1.4
1790,80.0,4,1.3
1791,81.0,4,2.6
1792,82.0,4,3.1
1793,83.0,4,6.0
1794,84.0,4,1.9
1795,85.0,4,1.9
1796,86.0,4,3.1
1797,87.0,4,5.3
1798,88.0,4,1.2
1799,89.0,4,2.8
1800,90.0,4,1.2
1801,91.0,4,1.2
1802,92.0,4,1.2
1803,93.0,4,1.2
1804,94.0,4,1.9
1805,95.0,4,4.3
1806,96.0,4,2.4
1807,97.0,4,1.2
1808,98.0,4,1.3
1809,99.0,4,1.6
1810,100.0,4,1.8
1811,101.0,4,3.6
1812,102.0,4,1.9
1813,103.0,4,1.1
1814,104.0,4,1.2
1815,105.0,4,1.0
1816,106.0,4,0.8
1817,107.0,4,1.8
1818,108.0,4,1.4
1819,109.0,4,4.4
1820,110.0,4,4.3
1821,111.0,4,2.4
1822,112.0,4,1.6
1823,113.0,4,2.6
1824,114.0,4,6.9
1825,115.0,4,5.4
1826,116.0,4,2.4
1827,117.0,4,1.4
1828,118.0,4,1.5
1829,119.0,4,1.3
1830,120.0,4,0.63
1831,121.0,4,1.3
1832,122.0,4,0.63
1833,123.0,4,2.2
1834,124.0,4,1.7
1835,125.0,4,0.88
1836,126.0,4,0.8
1837,127.0,4,0.0
1838,128.0,4,0.76
1839,129.0,4,0.63
1840,130.0,4,4.6
1841,131.0,4,30.1
1842,132.0,4,1.0
1843,133.0,4,0.32
1844,134.0,4,0.7
1845,135.0,4,0.38
1846,136.0,4,0.31
1847,137.0,4,0.45
1848,138.0,4,0.31
1849,139.0,4,0.7
1850,140.0,4,0.5
1851,141.0,4,0.38
1852,142.0,4,0.56
1853,143.0,4,3.4
1854,144.0,4,2.2
1855,145.0,4,5.6
1856,146.0,4,1.9
1857,147.0,4,2.5
1858,148.0,4,1.9
1859,149.0,4,0.88
1860,150.0,4,0.63
1861,151.0,4,0.63
1862,152.0,4,0.5
1863,153.0,4,0.88
1864,154.0,4,1.3
1865,155.0,4,0.63
1866,156.0,4,4.6
1867,157.0,4,1.3
1868,,4,0.81
1869,159.0,4,0.69
1870,160.0,4,1.3
1871,161.0,4,1.1
1872,162.0,4,0.88
1873,163.0,4,1.3
1874,164.0,4,1.0
1875,165.0,4,0.5
1876,166.0,4,0.69
1877,167.0,4,0.9
1878,168.0,4,0.63
1879,169.0,4,0.31
1880,170.0,4,2.4
1881,171.0,4,1.0
1882,172.0,4,0.88
1883,173.0,4,0.44
1884,174.0,4,1.2
1885,175.0,4,0.87
1886,176.0,4,0.9
1887,177.0,4,0.56
1888,178.0,4,0.5
1889,179.0,4,0.43
1890,180.0,4,0.44
1891,181.0,4,1.1
1892,182.0,4,1.3
1893,183.0,4,0.63
1894,184.0,4,0.63
1895,185.0,4,2.8
1896,186.0,4,0.72
1897,187.0,4,0.72
1898,188.0,4,18.7
1899,189.0,4,12.0
1900,190.0,4,12.0
1901,191.0,4,25.2
1902,192.0,4,24.5
1903,193.0,4,25.2
1904,194.0,4,2.7
1905,195.0,4,7.9
1906,196.0,4,9.3
1907,197.0,4,14.4
1908,198.0,4,14.4
1909,199.0,4,17.3
1910,200.0,4,17.3
1911,201.0,4,29.9
1912,202.0,4,17.7
1913,203.0,4,18.0
1914,204.0,4,0.4
1915,205.0,4,0.69
1916,206.0,4,6.5
1917,207.0,4,8.5
1918,208.0,4,10.0
1919,209.0,4,3.7
1920,210.0,4,5.3
1921,211.0,4,3.9
1922,212.0,4,3.1
1923,213.0,4,3.5
1924,214.0,4,3.9
1925,215.0,4,36.1
1926,216.0,4,25.2
1927,217.0,4,29.8
1928,218.0,4,3.1
1929,219.0,4,8.4
1930,220.0,4,3.5
1931,221.0,4,3.1
1932,222.0,4,35.6
1933,223.0,4,21.1
1934,224.0,4,25.4
1935,225.0,4,35.6
1936,226.0,4,27.6
1937,227.0,4,18.3
1938,228.0,4,11.1
1939,229.0,4,25.1
1940,230.0,4,20.0
1941,231.0,4,18.18
1942,232.0,4,35.6
1943,233.0,4,19.9
1944,234.0,4,19.51
1945,235.0,4,23.33
1946,237.0,4,35.6
1947,237.0,4,35.6
1948,238.0,4,13.2
1949,239.0,4,3.3
1950,240.0,4,2.4
1951,241.0,4,4.6
1952,242.0,4,3.8
1953,243.0,4,3.8
1954,244.0,4,4.3
1955,245.0,4,4.5
1956,246.0,4,4.3
1957,247.0,4,3.9
1958,248.0,4,3.8
1959,249.0,4,5.4
1960,250.0,4,3.5
1961,251.0,4,2.8
1962,252.0,4,2.9
1963,253.0,4,3.0
1964,254.0,4,4.0
1965,255.0,4,3.5
1966,256.0,4,6.4
1967,257.0,4,11.1
1968,258.0,4,13.1
1969,259.0,4,0.25
1970,260.0,4,0.3
1971,261.0,4,18.3
1972,262.0,4,22.4
1973,263.0,4,17.3
1974,264.0,4,20.5
1975,265.0,4,20.6
1976,266.0,4,22.8
1977,267.0,4,15.9
1978,268.0,4,18.5
1979,269.0,4,18.1
1980,270.0,4,20.2
1981,271.0,4,24.1
1982,272.0,4,22.2
1983,273.0,4,19.9
1984,274.0,4,14.6
1985,275.0,4,17.5
1986,276.0,4,22.0
1987,277.0,4,21.7
1988,278.0,4,17.1
1989,279.0,4,16.3
1990,280.0,4,16.0
1991,281.0,4,21.5
1992,282.0,4,12.5
1993,283.0,4,22.3
1994,284.0,4,4.1
1995,285.0,4,16.2
1996,286.0,4,11.1
1997,287.0,4,17.9
1998,288.0,4,10.0
1999,289.0,4,19.4
2000,290.0,4,15.3
2001,291.0,4,14.4
2002,292.0,4,21.2
2003,293.0,4,19.1
2004,294.0,4,18.4
2005,295.0,4,43.2
2006,296.0,4,21.4
2007,297.0,4,32.0
2008,298.0,4,25.0
2009,299.0,4,6.9
2010,300.0,4,11.9
2011,301.0,4,15.2
2012,302.0,4,21.0
2013,303.0,4,13.1
2014,304.0,4,19.3
2015,305.0,4,19.2
2016,306.0,4,20.6
2017,307.0,4,18.1
2018,308.0,4,10.4
2019,309.0,4,22.1
2020,310.0,4,21.6
2021,311.0,4,23.7
2022,312.0,4,21.0
2023,313.0,4,15.4
2024,314.0,4,22.0
2025,315.0,4,18.6
2026,316.0,4,20.3
2027,317.0,4,19.1
2028,318.0,4,20.9
2029,319.0,4,16.6
2030,320.0,4,18.6
2031,321.0,4,18.6
2032,322.0,4,20.7
2033,323.0,4,20.6
2034,324.0,4,14.8
2035,325.0,4,17.3
2036,326.0,4,16.5
2037,327.0,4,15.6
2038,328.0,4,17.0
2039,329.0,4,20.7
2040,330.0,4,20.7
2041,331.0,4,22.1
2042,332.0,4,19.5
2043,333.0,4,16.0
2044,334.0,4,15.3
2045,335.0,4,17.8
2046,336.0,4,14.9
2047,337.0,4,15.3
2048,338.0,4,11.5
2049,339.0,4,14.1
2050,340.0,4,16.7
2051,341.0,4,16.2
2052,342.0,4,16.9
2053,343.0,4,16.5
2054,344.0,4,16.7
2055,345.0,4,18.5
2056,346.0,4,10.6
2057,347.0,4,10.0
2058,348.0,4,10.1
2059,349.0,4,15.4
2060,350.0,4,16.9
2061,351.0,4,15.9
2062,352.0,4,16.3
2063,353.0,4,19.5
2064,354.0,4,20.1
2065,355.0,4,16.3
2066,356.0,4,17.7
2067,357.0,4,18.0
2068,358.0,4,17.2
2069,359.0,4,24.3
2070,360.0,4,10.2
2071,361.0,4,9.0
2072,362.0,4,17.9
2073,363.0,4,15.0
2074,364.0,4,16.3
2075,365.0,4,21.5
2076,366.0,4,24.7
2077,367.0,4,21.5
2078,368.0,4,18.7
2079,369.0,4,18.0
2080,370.0,4,19.0
2081,371.0,4,19.8
2082,372.0,4,20.0
2083,373.0,4,19.4
2084,374.0,4,20.6
2085,375.0,4,18.7
2086,376.0,4,18.0
2087,377.0,4,15.0
2088,378.0,4,18.8
2089,379.0,4,16.7
2090,380.0,4,17.7
2091,381.0,4,18.1
2092,382.0,4,19.3
2093,383.0,4,11.9
2094,384.0,4,16.0
2095,385.0,4,20.4
2096,386.0,4,13.4
2097,387.0,4,18.6
2098,388.0,4,16.7
2099,389.0,4,17.2
2100,390.0,4,14.9
2101,391.0,4,20.6
2102,392.0,4,16.7
2103,393.0,4,16.5
2104,394.0,4,25.4
2105,395.0,4,28.6
2106,396.0,4,23.5
2107,397.0,4,24.8
2108,398.0,4,23.5
2109,399.0,4,24.9
2110,400.0,4,32.2
2111,401.0,4,27.5
2112,402.0,4,13.8
2113,403.0,4,23.9
2114,404.0,4,15.0
2115,405.0,4,23.9
2116,406.0,4,75.0
2117,407.0,4,0.0
2118,408.0,4,0.0
2119,409.0,4,0.0
2120,410.0,4,0.0
2121,411.0,4,0.0
2122,412.0,4,0.0
2123,413.0,4,0.11
2124,414.0,4,0.0
2125,415.0,4,0.0
2126,416.0,4,0.0
2127,417.0,4,0.0
2128,418.0,4,0.0
2129,419.0,4,0.0
2130,420.0,4,0.0
2131,421.0,4,0.0
2132,422.0,4,0.0
2133,423.0,4,0.85
2134,424.0,4,3.3
2135,425.0,4,0.89
2136,426.0,4,0.2
2137,427.0,4,0.1
2138,428.0,4,0.9
2139,429.0,4,1.6
2140,430.0,4,0.9
2141,431.0,4,0.5
2142,432.0,4,0.0
2143,433.0,4,0.0
2144,434.0,4,16.6
2145,435.0,4,3.2
2146,436.0,4,14.0
2147,437.0,4,11.4
2148,438.0,4,3.9
2149,439.0,4,10.8
2150,440.0,4,9.0
2151,441.0,4,3.0
2152,442.0,4,2.1
2153,443.0,4,6.0
2154,444.0,4,9.7
2155,445.0,4,20.0
2156,446.0,4,2.7
2157,447.0,4,1.9
2158,448.0,4,1.1
2159,449.0,4,1.1
2160,450.0,4,9.1
2161,451.0,4,7.6
2162,452.0,4,27.8
2163,453.0,4,16.0
2164,454.0,4,12.7
2165,455.0,4,3.8
2166,456.0,4,5.8
2167,457.0,4,2.2
2168,458.0,4,11.0
2169,459.0,4,4.4
2170,460.0,4,14.8
2171,461.0,4,10.4
2172,462.0,4,10.9
2173,463.0,4,0.0
2174,464.0,4,0.0
2175,465.0,4,0.0
2176,466.0,4,0.0
2177,467.0,4,0.0
2178,468.0,4,17.6
2179,469.0,4,9.1
2180,470.0,4,0.06
2181,471.0,4,0.4
2182,472.0,4,0.49
2183,473.0,4,0.4
2184,474.0,4,0.4
2185,475.0,4,0.5
2186,476.0,4,84.4
2187,477.0,4,2.0
2188,478.0,4,1.3
2189,479.0,4,0.7
2190,480.0,4,7.1
2191,481.0,4,0.48
2192,482.0,4,1.5
2193,483.0,4,1.8
2194,484.0,4,4.1
2195,485.0,4,8.0
2196,486.0,4,2.0
2197,487.0,4,7.5
2198,488.0,4,2.2
2199,489.0,4,5.3
2200,490.0,4,8.7
2201,491.0,4,2.7
2202,492.0,4,0.0
2203,493.0,4,0.0
2204,494.0,4,0.02
2205,495.0,4,0.0
2206,496.0,4,0.0
2207,497.0,4,0.0
2208,498.0,4,0.0
2209,499.0,4,0.16
2210,500.0,4,0.01
2211,501.0,4,0.11
2212,502.0,4,0.32
2213,503.0,4,0.07
2214,504.0,4,0.11
2215,505.0,4,0.05
2216,506.0,4,0.02
2217,507.0,4,0.05
2218,508.0,4,0.1
2219,509.0,4,9.4
2220,510.0,4,5.2
2221,511.0,4,8.0
2222,512.0,4,0.0
2223,513.0,4,10.0
2224,514.0,4,6.2
2225,515.0,4,6.3
2226,516.0,4,6.8
2227,517.0,4,7.1
2228,518.0,4,2.9
2229,519.0,4,0.4
2230,520.0,4,0.0
2231,521.0,4,0.0
2232,522.0,4,1.0
2233,523.0,4,6.2
2234,524.0,4,0.0
2235,525.0,4,0.0
2236,526.0,4,0.0
2237,527.0,4,0.0
2238,528.0,4,0.0
2239,529.0,4,0.0
2240,530.0,4,0.0
2241,531.0,4,0.01
2242,532.0,4,0.5
2243,533.0,4,0.0
2244,534.0,4,0.0
2245,535.0,4,0.0
2246,536.0,4,0.0
2247,537.0,4,0.0
2248,538.0,4,0.1
2249,539.0,4,0.0
2250,540.0,4,0.0
2251,541.0,4,0.0
2252,542.0,4,0.0
2253,543.0,4,0.5
2254,544.0,4,10.6
2255,545.0,4,13.5
2256,546.0,4,13.9
2257,547.0,4,0.52
2258,548.0,4,13.5
2259,549.0,4,14.6
2260,550.0,4,19.6
2261,551.0,4,0.7
2262,552.0,4,0.5
2263,553.0,4,1.2
2264,554.0,4,1.0
2265,555.0,4,1.2
2266,556.0,4,0.47
2267,557.0,4,2.3
2268,558.0,4,0.4
2269,559.0,4,0.9
2270,560.0,4,0.63
2271,561.0,4,0.3
2272,562.0,4,0.1
2273,563.0,4,0.063
2274,564.0,4,0.63
2275,565.0,4,0.38
2276,566.0,4,0.53
2277,567.0,4,0.63
2278,568.0,4,0.21
2279,569.0,4,0.63
2280,570.0,4,0.6
2281,1.0,5,73.1
2282,2.0,5,81.6
2283,3.0,5,78.2
2284,4.0,5,74.1
2285,5.0,5,55.7
2286,6.0,5,62.1
2287,7.0,5,65.2
2288,8.0,5,88.0
2289,9.0,5,78.0
2290,10.0,5,59.7
2291,11.0,5,66.3
2292,12.0,5,70.6
2293,13.0,5,58.3
2294,14.0,5,64.8
2295,15.0,5,18.2
2296,16.0,5,64.7
2297,17.0,5,18.6
2298,18.0,5,57.2
2299,19.0,5,69.0
2300,20.0,5,41.3
2301,21.0,5,39.3
2302,22.0,5,47.0
2303,23.0,5,53.9
2304,24.0,5,55.9
2305,25.0,5,73.4
2306,26.0,5,73.4
2307,27.0,5,48.5
2308,28.0,5,43.5
2309,29.0,5,42.5
2310,30.0,5,55.7
2311,31.0,5,49.0
2312,32.0,5,44.0
2313,33.0,5,62.0
2314,34.0,5,42.3
2315,35.0,5,47.5
2316,36.0,5,46.9
2317,37.0,5,56.6
2318,38.0,5,75.6
2319,39.0,5,77.4
2320,40.0,5,70.9
2321,41.0,5,69.9
2322,42.0,5,70.6
2323,43.0,5,24.9
2324,44.0,5,63.7
2325,45.0,5,12.7
2326,46.0,5,16.3
2327,47.0,5,3.9
2328,48.0,5,5.8
2329,49.0,5,4.7
2330,50.0,5,83.2
2331,51.0,5,15.7
2332,52.0,5,23.5
2333,53.0,5,5.9
2334,54.0,5,22.1
2335,55.0,5,9.8
2336,56.0,5,3.5
2337,57.0,5,14.1
2338,58.0,5,15.7
2339,59.0,5,9.9
2340,60.0,5,14.9
2341,61.0,5,40.4
2342,62.0,5,44.3
2343,63.0,5,33.3
2344,64.0,5,49.1
2345,65.0,5,34.7
2346,66.0,5,35.1
2347,67.0,5,40.6
2348,68.0,5,6.3
2349,69.0,5,0.07
2350,70.0,5,0.54
2351,71.0,5,24.1
2352,72.0,5,83.1
2353,73.0,5,94.3
2354,74.0,5,4.7
2355,75.0,5,14.8
2356,76.0,5,2.1
2357,77.0,5,8.4
2358,78.0,5,84.9
2359,79.0,5,38.1
2360,80.0,5,6.9
2361,81.0,5,3.9
2362,82.0,5,1.2
2363,83.0,5,9.5
2364,84.0,5,3.6
2365,85.0,5,1.5
2366,86.0,5,2.3
2367,87.0,5,12.4
2368,88.0,5,1.6
2369,89.0,5,8.0
2370,90.0,5,5.2
2371,91.0,5,4.5
2372,92.0,5,5.4
2373,93.0,5,5.4
2374,94.0,5,4.5
2375,95.0,5,24.3
2376,96.0,5,2.9
2377,97.0,5,2.5
2378,98.0,5,2.4
2379,99.0,5,2.0
2380,100.0,5,3.1
2381,101.0,5,2.7
2382,102.0,5,2.0
2383,103.0,5,4.6
2384,104.0,5,5.3
2385,105.0,5,6.4
2386,106.0,5,2.6
2387,107.0,5,11.1
2388,108.0,5,4.2
2389,109.0,5,3.3
2390,110.0,5,2.5
2391,111.0,5,2.4
2392,112.0,5,1.0
2393,113.0,5,0.61
2394,114.0,5,11.3
2395,115.0,5,4.2
2396,116.0,5,4.2
2397,117.0,5,1.4
2398,118.0,5,3.5
2399,119.0,5,3.3
2400,120.0,5,1.9
2401,121.0,5,4.2
2402,122.0,5,1.6
2403,123.0,5,3.3
2404,124.0,5,4.1
2405,125.0,5,3.5
2406,126.0,5,5.0
2407,127.0,5,3.8
2408,128.0,5,3.0
2409,129.0,5,4.8
2410,130.0,5,50.7
2411,131.0,5,13.6
2412,132.0,5,62.2
2413,133.0,5,63.2
2414,134.0,5,5.4
2415,135.0,5,60.9
2416,136.0,5,59.6
2417,137.0,5,60.9
2418,138.0,5,62.6
2419,139.0,5,6.4
2420,140.0,5,58.7
2421,141.0,5,58.0
2422,142.0,5,48.0
2423,143.0,5,62.6
2424,144.0,5,42.4
2425,145.0,5,6.4
2426,146.0,5,65.1
2427,147.0,5,69.3
2428,148.0,5,0.4
2429,149.0,5,8.5
2430,150.0,5,6.1
2431,151.0,5,16.0
2432,152.0,5,6.3
2433,153.0,5,13.3
2434,154.0,5,14.1
2435,155.0,5,10.2
2436,156.0,5,4.8
2437,157.0,5,4.9
2438,,5,5.5
2439,159.0,5,16.1
2440,160.0,5,6.1
2441,161.0,5,4.8
2442,162.0,5,5.8
2443,163.0,5,12.9
2444,164.0,5,9.1
2445,165.0,5,1.9
2446,166.0,5,3.2
2447,167.0,5,16.8
2448,168.0,5,9.2
2449,169.0,5,11.4
2450,170.0,5,9.5
2451,171.0,5,10.3
2452,172.0,5,12.4
2453,173.0,5,7.3
2454,174.0,5,6.2
2455,175.0,5,8.9
2456,176.0,5,10.2
2457,177.0,5,8.6
2458,178.0,5,7.1
2459,179.0,5,10.6
2460,180.0,5,10.4
2461,181.0,5,20.8
2462,182.0,5,31.9
2463,183.0,5,7.4
2464,184.0,5,5.6
2465,185.0,5,62.5
2466,186.0,5,16.1
2467,187.0,5,15.5
2468,188.0,5,5.4
2469,189.0,5,10.5
2470,190.0,5,10.5
2471,191.0,5,7.9
2472,192.0,5,8.9
2473,193.0,5,7.9
2474,194.0,5,36.5
2475,195.0,5,4.8
2476,196.0,5,2.9
2477,197.0,5,4.4
2478,198.0,5,4.4
2479,199.0,5,9.1
2480,200.0,5,12.2
2481,201.0,5,14.7
2482,202.0,5,11.6
2483,203.0,5,12.5
2484,204.0,5,6.1
2485,205.0,5,9.4
2486,206.0,5,9.3
2487,207.0,5,52.8
2488,208.0,5,60.0
2489,209.0,5,4.2
2490,210.0,5,4.7
2491,211.0,5,4.9
2492,212.0,5,4.7
2493,213.0,5,4.8
2494,214.0,5,4.8
2495,215.0,5,50.4
2496,216.0,5,35.1
2497,217.0,5,43.9
2498,218.0,5,4.7
2499,219.0,5,8.1
2500,220.0,5,4.8
2501,221.0,5,4.5
2502,222.0,5,0.06
2503,223.0,5,0.0
2504,224.0,5,0.36
2505,225.0,5,0.06
2506,226.0,5,0.0
2507,227.0,5,0.1
2508,228.0,5,1.2
2509,229.0,5,2.2
2510,230.0,5,6.67
2511,231.0,5,0.0
2512,232.0,5,0.06
2513,233.0,5,2.2
2514,234.0,5,0.0
2515,235.0,5,3.33
2516,237.0,5,0.06
2517,237.0,5,0.06
2518,238.0,5,3.2
2519,239.0,5,4.8
2520,240.0,5,17.1
2521,241.0,5,6.9
2522,242.0,5,13.1
2523,243.0,5,16.7
2524,244.0,5,6.3
2525,245.0,5,13.8
2526,246.0,5,5.1
2527,247.0,5,9.1
2528,248.0,5,14.3
2529,249.0,5,15.6
2530,250.0,5,13.7
2531,251.0,5,14.3
2532,252.0,5,12.8
2533,253.0,5,11.6
2534,254.0,5,5.5
2535,255.0,5,9.9
2536,256.0,5,5.4
2537,257.0,5,0.7
2538,258.0,5,0.41
2539,259.0,5,80.0
2540,260.0,5,159.0
2541,261.0,5,0.0
2542,262.0,5,0.0
2543,263.0,5,0.0
2544,264.0,5,0.0
2545,265.0,5,0.0
2546,266.0,5,0.0
2547,267.0,5,0.0
2548,268.0,5,0.0
2549,269.0,5,0.0
2550,270.0,5,0.0
2551,271.0,5,0.0
2552,272.0,5,0.0
2553,273.0,5,0.0
2554,274.0,5,0.0
2555,275.0,5,0.0
2556,276.0,5,0.0
2557,277.0,5,0.0
2558,278.0,5,0.0
2559,279.0,5,0.0
2560,280.0,5,0.5
2561,281.0,5,0.0
2562,282.0,5,0.5
2563,283.0,5,0.0
2564,284.0,5,0.0
2565,285.0,5,0.0
2566,286.0,5,0.0
2567,287.0,5,0.0
2568,288.0,5,5.5
2569,289.0,5,0.2
2570,290.0,5,0.9
2571,291.0,5,3.1
2572,292.0,5,1.9
2573,293.0,5,9.9
2574,294.0,5,0.0
2575,295.0,5,0.1
2576,296.0,5,0.0
2577,297.0,5,0.0
2578,298.0,5,0.0
2579,299.0,5,16.7
2580,300.0,5,1.3
2581,301.0,5,3.7
2582,302.0,5,1.7
2583,303.0,5,0.9
2584,304.0,5,1.4
2585,305.0,5,0.0
2586,306.0,5,0.4
2587,307.0,5,0.4
2588,308.0,5,0.0
2589,309.0,5,0.5
2590,310.0,5,0.0
2591,311.0,5,0.6
2592,312.0,5,0.0
2593,313.0,5,0.0
2594,314.0,5,0.0
2595,315.0,5,0.0
2596,316.0,5,0.0
2597,317.0,5,0.0
2598,318.0,5,0.0
2599,319.0,5,0.0
2600,320.0,5,0.0
2601,321.0,5,0.0
2602,322.0,5,0.0
2603,323.0,5,0.0
2604,324.0,5,0.0
2605,325.0,5,1.3
2606,326.0,5,0.21
2607,327.0,5,0.71
2608,328.0,5,0.0
2609,329.0,5,0.93
2610,330.0,5,2.2
2611,331.0,5,1.2
2612,332.0,5,5.3
2613,333.0,5,0.0
2614,334.0,5,0.0
2615,335.0,5,0.0
2616,336.0,5,3.7
2617,337.0,5,0.0
2618,338.0,5,0.0
2619,339.0,5,0.0
2620,340.0,5,0.0
2621,341.0,5,0.0
2622,342.0,5,0.0
2623,343.0,5,0.0
2624,344.0,5,0.0
2625,345.0,5,0.06
2626,346.0,5,0.0
2627,347.0,5,0.0
2628,348.0,5,0.0
2629,349.0,5,1.5
2630,350.0,5,1.5
2631,351.0,5,0.7
2632,352.0,5,0.7
2633,353.0,5,0.0
2634,354.0,5,0.0
2635,355.0,5,0.7
2636,356.0,5,0.5
2637,357.0,5,1.5
2638,358.0,5,1.3
2639,359.0,5,1.5
2640,360.0,5,3.4
2641,361.0,5,4.8
2642,362.0,5,1.4
2643,363.0,5,0.0
2644,364.0,5,0.0
2645,365.0,5,0.0
2646,366.0,5,0.0
2647,367.0,5,0.5
2648,368.0,5,0.0
2649,369.0,5,0.0
2650,370.0,5,1.4
2651,371.0,5,0.8
2652,372.0,5,0.0
2653,373.0,5,0.0
2654,374.0,5,0.0
2655,375.0,5,0.0
2656,376.0,5,0.0
2657,377.0,5,1.0
2658,378.0,5,0.0
2659,379.0,5,0.0
2660,380.0,5,0.0
2661,381.0,5,1.3
2662,382.0,5,0.0
2663,383.0,5,0.0
2664,384.0,5,0.0
2665,385.0,5,0.8
2666,386.0,5,0.3
2667,387.0,5,0.0
2668,388.0,5,0.0
2669,389.0,5,0.0
2670,390.0,5,0.0
2671,391.0,5,0.8
2672,392.0,5,0.0
2673,393.0,5,0.0
2674,394.0,5,0.0
2675,395.0,5,0.37
2676,396.0,5,0.0
2677,397.0,5,0.0
2678,398.0,5,0.0
2679,399.0,5,0.0
2680,400.0,5,0.0
2681,401.0,5,2.0
2682,402.0,5,1.9
2683,403.0,5,0.0
2684,404.0,5,0.8
2685,405.0,5,0.0
2686,406.0,5,0.0
2687,407.0,5,0.0
2688,408.0,5,0.0
2689,409.0,5,0.0
2690,410.0,5,0.0
2691,411.0,5,0.0
2692,412.0,5,0.0
2693,413.0,5,0.0
2694,414.0,5,0.0
2695,415.0,5,0.0
2696,416.0,5,0.0
2697,417.0,5,0.0
2698,418.0,5,0.0
2699,419.0,5,0.0
2700,420.0,5,0.0
2701,421.0,5,0.0
2702,422.0,5,0.0
2703,423.0,5,0.06
2704,424.0,5,1.9
2705,425.0,5,0.7
2706,426.0,5,0.4
2707,427.0,5,0.95
2708,428.0,5,4.0
2709,429.0,5,1.1
2710,430.0,5,0.5
2711,431.0,5,0.4
2712,432.0,5,0.0
2713,433.0,5,0.0
2714,434.0,5,63.7
2715,435.0,5,1.1
2716,436.0,5,20.5
2717,437.0,5,61.5
2718,438.0,5,25.6
2719,439.0,5,46.2
2720,440.0,5,74.1
2721,441.0,5,1.9
2722,442.0,5,0.9
2723,443.0,5,31.6
2724,444.0,5,44.4
2725,445.0,5,42.2
2726,446.0,5,0.14
2727,447.0,5,6.7
2728,448.0,5,2.3
2729,449.0,5,3.4
2730,450.0,5,58.3
2731,451.0,5,48.7
2732,452.0,5,11.8
2733,453.0,5,0.0
2734,454.0,5,32.4
2735,455.0,5,6.9
2736,456.0,5,28.5
2737,457.0,5,9.7
2738,458.0,5,21.6
2739,459.0,5,7.4
2740,460.0,5,34.8
2741,461.0,5,42.4
2742,462.0,5,38.3
2743,463.0,5,0.0
2744,464.0,5,0.0
2745,465.0,5,0.0
2746,466.0,5,0.0
2747,467.0,5,0.0
2748,468.0,5,50.0
2749,469.0,5,57.1
2750,470.0,5,12.7
2751,471.0,5,0.6
2752,472.0,5,17.0
2753,473.0,5,0.2
2754,474.0,5,0.6
2755,475.0,5,2.8
2756,476.0,5,0.0
2757,477.0,5,26.0
2758,478.0,5,5.8
2759,479.0,5,8.8
2760,480.0,5,5.0
2761,481.0,5,24.0
2762,482.0,5,6.8
2763,483.0,5,11.6
2764,484.0,5,10.8
2765,485.0,5,7.2
2766,486.0,5,12.3
2767,487.0,5,2.0
2768,488.0,5,3.3
2769,489.0,5,8.4
2770,490.0,5,6.7
2771,491.0,5,0.6
2772,492.0,5,19.5
2773,493.0,5,0.0
2774,494.0,5,1.0
2775,495.0,5,0.0
2776,496.0,5,0.0
2777,497.0,5,0.0
2778,498.0,5,0.0
2779,499.0,5,5.0
2780,500.0,5,107.0
2781,501.0,5,15.0
2782,502.0,5,15.0
2783,503.0,5,10.0
2784,504.0,5,10.0
2785,505.0,5,13.0
2786,506.0,5,10.0
2787,507.0,5,10.0
2788,508.0,5,11.0
2789,509.0,5,60.5
2790,510.0,5,62.0
2791,511.0,5,58.7
2792,512.0,5,91.6
2793,513.0,5,42.9
2794,514.0,5,64.0
2795,515.0,5,63.0
2796,516.0,5,62.6
2797,517.0,5,69.0
2798,518.0,5,67.7
2799,519.0,5,95.0
2800,520.0,5,96.7
2801,521.0,5,0.0
2802,522.0,5,29.5
2803,523.0,5,64.0
2804,524.0,5,7.1
2805,525.0,5,0.0
2806,526.0,5,0.0
2807,527.0,5,0.0
2808,528.0,5,0.0
2809,529.0,5,10.5
2810,530.0,5,5.4
2811,531.0,5,0.07
2812,532.0,5,1.9
2813,533.0,5,9.1
2814,534.0,5,0.0
2815,535.0,5,10.9
2816,536.0,5,0.1
2817,537.0,5,10.8
2818,538.0,5,0.1
2819,539.0,5,11.4
2820,540.0,5,10.5
2821,541.0,5,8.8
2822,542.0,5,9.2
2823,543.0,5,2.4
2824,544.0,5,60.8
2825,545.0,5,6.7
2826,546.0,5,42.6
2827,547.0,5,0.25
2828,548.0,5,6.7
2829,549.0,5,41.1
2830,550.0,5,3.0
2831,551.0,5,2.6
2832,552.0,5,3.0
2833,553.0,5,7.1
2834,554.0,5,8.7
2835,555.0,5,17.0
2836,556.0,5,9.2
2837,557.0,5,3.3
2838,558.0,5,13.2
2839,559.0,5,34.2
2840,560.0,5,9.4
2841,561.0,5,14.9
2842,562.0,5,9.8
2843,563.0,5,11.9
2844,564.0,5,10.5
2845,565.0,5,9.7
2846,566.0,5,10.1
2847,567.0,5,2.6
2848,568.0,5,16.6
2849,569.0,5,4.8
2850,570.0,5,12.0
2851,1.0,6,72.4
2852,2.0,6,81.4
2853,3.0,6,78.2
2854,4.0,6,72.7
2855,5.0,6,55.7
2856,6.0,6,61.3
2857,7.0,6,64.2
2858,8.0,6,88.0
2859,9.0,6,77.9
2860,10.0,6,59.7
2861,11.0,6,66.3
2862,12.0,6,69.9
2863,13.0,6,56.2
2864,14.0,6,63.4
2865,15.0,6,13.7
2866,16.0,6,58.5
2867,17.0,6,14.0
2868,18.0,6,52.2
2869,19.0,6,68.7
2870,20.0,6,39.4
2871,21.0,6,37.8
2872,22.0,6,42.2
2873,23.0,6,52.0
2874,24.0,6,53.6
2875,25.0,6,68.2
2876,26.0,6,68.2
2877,27.0,6,37.9
2878,28.0,6,37.8
2879,29.0,6,38.7
2880,30.0,6,54.4
2881,31.0,6,46.0
2882,32.0,6,39.5
2883,33.0,6,58.0
2884,34.0,6,38.7
2885,35.0,6,45.2
2886,36.0,6,46.3
2887,37.0,6,49.9
2888,38.0,6,71.6
2889,39.0,6,77.4
2890,40.0,6,68.3
2891,41.0,6,64.5
2892,42.0,6,68.4
2893,43.0,6,24.9
2894,44.0,6,61.4
2895,45.0,6,12.7
2896,46.0,6,15.3
2897,47.0,6,0.0
2898,48.0,6,0.0
2899,49.0,6,2.3
2900,50.0,6,77.0
2901,51.0,6,13.8
2902,52.0,6,10.8
2903,53.0,6,3.0
2904,54.0,6,0.0
2905,55.0,6,9.8
2906,56.0,6,3.0
2907,57.0,6,13.7
2908,58.0,6,14.7
2909,59.0,6,9.4
2910,60.0,6,14.5
2911,61.0,6,0.0
2912,62.0,6,41.9
2913,63.0,6,30.8
2914,64.0,6,0.0
2915,65.0,6,32.7
2916,66.0,6,32.9
2917,67.0,6,39.5
2918,68.0,6,0.62
2919,69.0,6,0.0
2920,70.0,6,0.0
2921,71.0,6,19.5
2922,72.0,6,79.6
2923,73.0,6,94.3
2924,74.0,6,0.69
2925,75.0,6,14.1
2926,76.0,6,0.0
2927,77.0,6,0.0
2928,78.0,6,84.9
2929,79.0,6,36.4
2930,80.0,6,0.0
2931,81.0,6,0.9
2932,82.0,6,0.36
2933,83.0,6,4.1
2934,84.0,6,1.5
2935,85.0,6,0.0
2936,86.0,6,1.8
2937,87.0,6,9.9
2938,88.0,6,0.53
2939,89.0,6,0.0
2940,90.0,6,0.1
2941,91.0,6,1.6
2942,92.0,6,1.6
2943,93.0,6,4.1
2944,94.0,6,3.5
2945,95.0,6,21.8
2946,96.0,6,0.0
2947,97.0,6,0.0
2948,98.0,6,0.19
2949,99.0,6,0.0
2950,100.0,6,0.0
2951,101.0,6,0.0
2952,102.0,6,0.08
2953,103.0,6,0.7
2954,104.0,6,0.0
2955,105.0,6,1.8
2956,106.0,6,0.93
2957,107.0,6,5.6
2958,108.0,6,0.03
2959,109.0,6,0.49
2960,110.0,6,0.0
2961,111.0,6,0.29
2962,112.0,6,0.0
2963,113.0,6,0.14
2964,114.0,6,10.1
2965,115.0,6,3.8
2966,116.0,6,2.0
2967,117.0,6,0.036
2968,118.0,6,0.072
2969,119.0,6,2.1
2970,120.0,6,0.08
2971,121.0,6,0.0
2972,122.0,6,0.07
2973,123.0,6,0.12
2974,124.0,6,0.09
2975,125.0,6,0.1
2976,126.0,6,0.03
2977,127.0,6,0.0
2978,128.0,6,0.1
2979,129.0,6,0.0
2980,130.0,6,12.7
2981,131.0,6,6.5
2982,132.0,6,0.0
2983,133.0,6,0.0
2984,134.0,6,1.0
2985,135.0,6,0.9
2986,136.0,6,0.0
2987,137.0,6,0.0
2988,138.0,6,0.0
2989,139.0,6,0.0
2990,140.0,6,6.7
2991,141.0,6,1.0
2992,142.0,6,0.7
2993,143.0,6,0.35
2994,144.0,6,0.0
2995,145.0,6,0.0
2996,146.0,6,0.0
2997,147.0,6,0.0
2998,148.0,6,0.0
2999,149.0,6,0.0
3000,150.0,6,0.0
3001,151.0,6,0.0
3002,152.0,6,0.3
3003,153.0,6,0.0
3004,154.0,6,0.0
3005,155.0,6,0.0
3006,156.0,6,0.0
3007,157.0,6,0.0
3008,,6,0.0
3009,159.0,6,0.0
3010,160.0,6,0.0
3011,161.0,6,0.0
3012,162.0,6,0.0
3013,163.0,6,0.0
3014,164.0,6,0.0
3015,165.0,6,0.0
3016,166.0,6,0.0
3017,167.0,6,0.0
3018,168.0,6,0.0
3019,169.0,6,0.6
3020,170.0,6,0.0
3021,171.0,6,0.0
3022,172.0,6,0.0
3023,173.0,6,0.0
3024,174.0,6,0.0
3025,175.0,6,0.0
3026,176.0,6,0.0
3027,177.0,6,0.0
3028,178.0,6,0.0
3029,179.0,6,0.0
3030,180.0,6,0.0
3031,181.0,6,3.2
3032,182.0,6,16.9
3033,183.0,6,0.0
3034,184.0,6,0.0
3035,185.0,6,5.1
3036,186.0,6,0.0
3037,187.0,6,0.0
3038,188.0,6,2.1
3039,189.0,6,3.4
3040,190.0,6,3.4
3041,191.0,6,3.9
3042,192.0,6,4.0
3043,193.0,6,3.9
3044,194.0,6,24.2
3045,195.0,6,0.8
3046,196.0,6,0.31
3047,197.0,6,0.24
3048,198.0,6,0.24
3049,199.0,6,8.4
3050,200.0,6,9.3
3051,201.0,6,13.4
3052,202.0,6,3.4
3053,203.0,6,4.9
3054,204.0,6,0.0
3055,205.0,6,0.0
3056,206.0,6,0.0
3057,207.0,6,0.0
3058,208.0,6,0.0
3059,209.0,6,0.0
3060,210.0,6,0.0
3061,211.0,6,0.0
3062,212.0,6,0.0
3063,213.0,6,0.0
3064,214.0,6,0.0
3065,215.0,6,0.0
3066,216.0,6,0.0
3067,217.0,6,0.0
3068,218.0,6,0.0
3069,219.0,6,0.0
3070,220.0,6,0.0
3071,221.0,6,0.0
3072,222.0,6,0.0
3073,223.0,6,0.0
3074,224.0,6,0.0
3075,225.0,6,0.0
3076,226.0,6,0.0
3077,227.0,6,0.0
3078,228.0,6,0.0
3079,229.0,6,0.0
3080,230.0,6,0.0
3081,231.0,6,0.0
3082,232.0,6,0.0
3083,233.0,6,0.0
3084,234.0,6,0.0
3085,235.0,6,0.0
3086,237.0,6,0.0
3087,237.0,6,0.0
3088,238.0,6,0.0
3089,239.0,6,0.0
3090,240.0,6,0.0
3091,241.0,6,1.2
3092,242.0,6,0.0
3093,243.0,6,0.0
3094,244.0,6,0.0
3095,245.0,6,0.0
3096,246.0,6,0.0
3097,247.0,6,0.81
3098,248.0,6,0.0
3099,249.0,6,0.0
3100,250.0,6,0.0
3101,251.0,6,0.0
3102,252.0,6,0.0
3103,253.0,6,0.0
3104,254.0,6,0.0
3105,255.0,6,0.0
3106,256.0,6,0.0
3107,257.0,6,0.0
3108,258.0,6,0.0
3109,259.0,6,5.4
3110,260.0,6,2.0
3111,261.0,6,0.0
3112,262.0,6,0.0
3113,263.0,6,0.0
3114,264.0,6,0.0
3115,265.0,6,0.0
3116,266.0,6,0.0
3117,267.0,6,0.0
3118,268.0,6,0.0
3119,269.0,6,0.0
3120,270.0,6,0.0
3121,271.0,6,0.0
3122,272.0,6,0.0
3123,273.0,6,0.0
3124,274.0,6,0.0
3125,275.0,6,0.0
3126,276.0,6,0.0
3127,277.0,6,0.0
3128,278.0,6,0.0
3129,279.0,6,0.0
3130,280.0,6,0.0
3131,281.0,6,0.0
3132,282.0,6,0.0
3133,283.0,6,0.0
3134,284.0,6,0.0
3135,285.0,6,0.0
3136,286.0,6,0.0
3137,287.0,6,0.0
3138,288.0,6,2.7
3139,289.0,6,0.0
3140,290.0,6,0.0
3141,291.0,6,2.6
3142,292.0,6,0.0
3143,293.0,6,0.0
3144,294.0,6,0.0
3145,295.0,6,0.0
3146,296.0,6,0.0
3147,297.0,6,0.0
3148,298.0,6,0.0
3149,299.0,6,14.7
3150,300.0,6,1.3
3151,301.0,6,3.2
3152,302.0,6,1.7
3153,303.0,6,0.51
3154,304.0,6,1.3
3155,305.0,6,0.0
3156,306.0,6,0.4
3157,307.0,6,0.0
3158,308.0,6,0.0
3159,309.0,6,0.0
3160,310.0,6,0.0
3161,311.0,6,0.0
3162,312.0,6,0.0
3163,313.0,6,0.0
3164,314.0,6,0.0
3165,315.0,6,0.0
3166,316.0,6,0.0
3167,317.0,6,0.0
3168,318.0,6,0.0
3169,319.0,6,0.0
3170,320.0,6,0.0
3171,321.0,6,0.0
3172,322.0,6,0.0
3173,323.0,6,0.0
3174,324.0,6,0.0
3175,325.0,6,0.0
3176,326.0,6,0.0
3177,327.0,6,0.0
3178,328.0,6,0.0
3179,329.0,6,0.93
3180,330.0,6,2.2
3181,331.0,6,1.2
3182,332.0,6,5.3
3183,333.0,6,0.0
3184,334.0,6,0.0
3185,335.0,6,0.0
3186,336.0,6,3.7
3187,337.0,6,0.0
3188,338.0,6,0.0
3189,339.0,6,0.0
3190,340.0,6,0.0
3191,341.0,6,0.0
3192,342.0,6,0.0
3193,343.0,6,0.0
3194,344.0,6,0.0
3195,345.0,6,0.0
3196,346.0,6,0.0
3197,347.0,6,0.0
3198,348.0,6,0.0
3199,349.0,6,0.0
3200,350.0,6,0.0
3201,351.0,6,0.0
3202,352.0,6,0.0
3203,353.0,6,0.0
3204,354.0,6,0.0
3205,355.0,6,0.0
3206,356.0,6,0.0
3207,357.0,6,0.0
3208,358.0,6,0.0
3209,359.0,6,0.0
3210,360.0,6,0.0
3211,361.0,6,0.0
3212,362.0,6,0.0
3213,363.0,6,0.0
3214,364.0,6,0.0
3215,365.0,6,0.0
3216,366.0,6,0.0
3217,367.0,6,0.0
3218,368.0,6,0.0
3219,369.0,6,0.0
3220,370.0,6,0.0
3221,371.0,6,0.0
3222,372.0,6,0.0
3223,373.0,6,0.0
3224,374.0,6,0.0
3225,375.0,6,0.0
3226,376.0,6,0.0
3227,377.0,6,0.0
3228,378.0,6,0.0
3229,379.0,6,0.0
3230,380.0,6,0.0
3231,381.0,6,0.0
3232,382.0,6,0.0
3233,383.0,6,0.0
3234,384.0,6,0.0
3235,385.0,6,0.0
3236,386.0,6,0.0
3237,387.0,6,0.0
3238,388.0,6,0.0
3239,389.0,6,0.0
3240,390.0,6,0.0
3241,391.0,6,0.0
3242,392.0,6,0.0
3243,393.0,6,0.0
3244,394.0,6,0.0
3245,395.0,6,0.0
3246,396.0,6,0.0
3247,397.0,6,0.0
3248,398.0,6,0.0
3249,399.0,6,0.0
3250,400.0,6,0.0
3251,401.0,6,0.0
3252,402.0,6,0.0
3253,403.0,6,0.0
3254,404.0,6,0.0
3255,405.0,6,0.0
3256,406.0,6,0.0
3257,407.0,6,0.0
3258,408.0,6,0.0
3259,409.0,6,0.0
3260,410.0,6,0.0
3261,411.0,6,0.0
3262,412.0,6,0.0
3263,413.0,6,0.0
3264,414.0,6,0.0
3265,415.0,6,0.0
3266,416.0,6,0.0
3267,417.0,6,0.0
3268,418.0,6,0.0
3269,419.0,6,0.0
3270,420.0,6,0.0
3271,421.0,6,0.0
3272,422.0,6,0.0
3273,423.0,6,0.0
3274,424.0,6,1.9
3275,425.0,6,0.0
3276,426.0,6,0.0
3277,427.0,6,0.45
3278,428.0,6,4.0
3279,429.0,6,0.6
3280,430.0,6,0.0
3281,431.0,6,0.0
3282,432.0,6,0.0
3283,433.0,6,0.0
3284,434.0,6,61.3
3285,435.0,6,0.0
3286,436.0,6,1.7
3287,437.0,6,19.1
3288,438.0,6,23.4
3289,439.0,6,0.0
3290,440.0,6,2.7
3291,441.0,6,0.0
3292,442.0,6,0.9
3293,443.0,6,0.0
3294,444.0,6,0.0
3295,445.0,6,0.0
3296,446.0,6,0.14
3297,447.0,6,1.4
3298,448.0,6,0.15
3299,449.0,6,2.0
3300,450.0,6,54.9
3301,451.0,6,0.0
3302,452.0,6,11.8
3303,453.0,6,0.0
3304,454.0,6,28.3
3305,455.0,6,0.0
3306,456.0,6,0.0
3307,457.0,6,7.9
3308,458.0,6,17.5
3309,459.0,6,0.46
3310,460.0,6,0.0
3311,461.0,6,0.0
3312,462.0,6,0.0
3313,463.0,6,0.0
3314,464.0,6,0.0
3315,465.0,6,0.0
3316,466.0,6,0.0
3317,467.0,6,0.0
3318,468.0,6,0.0
3319,469.0,6,0.0
3320,470.0,6,0.0
3321,471.0,6,0.0
3322,472.0,6,3.0
3323,473.0,6,0.0
3324,474.0,6,0.0
3325,475.0,6,2.5
3326,476.0,6,0.0
3327,477.0,6,1.2
3328,478.0,6,3.0
3329,479.0,6,6.5
3330,480.0,6,2.5
3331,481.0,6,3.2
3332,482.0,6,3.1
3333,483.0,6,3.3
3334,484.0,6,6.4
3335,485.0,6,2.6
3336,486.0,6,3.3
3337,487.0,6,0.0
3338,488.0,6,0.5
3339,489.0,6,4.0
3340,490.0,6,3.8
3341,491.0,6,0.0
3342,492.0,6,9.4
3343,493.0,6,0.0
3344,494.0,6,0.0
3345,495.0,6,0.0
3346,496.0,6,0.0
3347,497.0,6,0.0
3348,498.0,6,0.0
3349,499.0,6,0.0
3350,500.0,6,0.0
3351,501.0,6,1.3
3352,502.0,6,1.6
3353,503.0,6,0.0
3354,504.0,6,0.0
3355,505.0,6,0.0
3356,506.0,6,0.0
3357,507.0,6,0.0
3358,508.0,6,0.0
3359,509.0,6,3.5
3360,510.0,6,0.6
3361,511.0,6,9.7
3362,512.0,6,0.0
3363,513.0,6,27.5
3364,514.0,6,32.0
3365,515.0,6,50.0
3366,516.0,6,34.9
3367,517.0,6,44.2
3368,518.0,6,25.6
3369,519.0,6,0.0
3370,520.0,6,0.0
3371,521.0,6,0.0
3372,522.0,6,0.0
3373,523.0,6,55.0
3374,524.0,6,0.0
3375,525.0,6,0.0
3376,526.0,6,0.0
3377,527.0,6,0.0
3378,528.0,6,0.0
3379,529.0,6,0.0
3380,530.0,6,0.0
3381,531.0,6,0.0
3382,532.0,6,0.0
3383,533.0,6,0.0
3384,534.0,6,0.0
3385,535.0,6,0.0
3386,536.0,6,0.0
3387,537.0,6,0.0
3388,538.0,6,0.0
3389,539.0,6,0.0
3390,540.0,6,0.0
3391,541.0,6,0.0
3392,542.0,6,0.0
3393,543.0,6,0.0
3394,544.0,6,10.1
3395,545.0,6,0.0
3396,546.0,6,17.4
3397,547.0,6,0.0
3398,548.0,6,0.0
3399,549.0,6,16.8
3400,550.0,6,0.0
3401,551.0,6,0.0
3402,552.0,6,0.0
3403,553.0,6,0.0
3404,554.0,6,5.6
3405,555.0,6,3.1
3406,556.0,6,3.8
3407,557.0,6,0.0
3408,558.0,6,0.0
3409,559.0,6,0.0
3410,560.0,6,0.0
3411,561.0,6,0.0
3412,562.0,6,1.0
3413,563.0,6,0.0
3414,564.0,6,0.0
3415,565.0,6,0.0
3416,566.0,6,0.0
3417,567.0,6,0.0
3418,568.0,6,0.0
3419,569.0,6,0.0
3420,570.0,6,0.0
3421,1.0,7,0.66
3422,2.0,7,0.16
3423,3.0,7,0.0
3424,4.0,7,1.4
3425,5.0,7,0.0
3426,6.0,7,0.8
3427,7.0,7,1.1
3428,8.0,7,0.0
3429,9.0,7,0.12
3430,10.0,7,0.0
3431,11.0,7,0.0
3432,12.0,7,0.7
3433,13.0,7,2.1
3434,14.0,7,1.4
3435,15.0,7,4.5
3436,16.0,7,6.2
3437,17.0,7,4.5
3438,18.0,7,5.0
3439,19.0,7,0.32
3440,20.0,7,1.9
3441,21.0,7,1.5
3442,22.0,7,4.8
3443,23.0,7,1.9
3444,24.0,7,2.3
3445,25.0,7,5.2
3446,26.0,7,5.2
3447,27.0,7,10.6
3448,28.0,7,5.7
3449,29.0,7,3.9
3450,30.0,7,1.3
3451,31.0,7,3.0
3452,32.0,7,4.5
3453,33.0,7,4.0
3454,34.0,7,3.5
3455,35.0,7,2.3
3456,36.0,7,0.6
3457,37.0,7,2.1
3458,38.0,7,4.0
3459,39.0,7,0.0
3460,40.0,7,2.6
3461,41.0,7,1.9
3462,42.0,7,3.8
3463,43.0,7,0.0
3464,44.0,7,2.3
3465,45.0,7,0.0
3466,46.0,7,1.0
3467,47.0,7,3.9
3468,48.0,7,5.8
3469,49.0,7,2.3
3470,50.0,7,2.0
3471,51.0,7,1.9
3472,52.0,7,12.7
3473,53.0,7,2.9
3474,54.0,7,0.0
3475,55.0,7,0.0
3476,56.0,7,0.5
3477,57.0,7,0.4
3478,58.0,7,1.0
3479,59.0,7,0.5
3480,60.0,7,0.4
3481,61.0,7,0.0
3482,62.0,7,2.4
3483,63.0,7,2.5
3484,64.0,7,49.1
3485,65.0,7,2.0
3486,66.0,7,2.2
3487,67.0,7,1.1
3488,68.0,7,5.7
3489,69.0,7,0.07
3490,70.0,7,0.54
3491,71.0,7,4.6
3492,72.0,7,3.5
3493,73.0,7,0.0
3494,74.0,7,4.0
3495,75.0,7,0.7
3496,76.0,7,2.1
3497,77.0,7,8.4
3498,78.0,7,0.0
3499,79.0,7,1.7
3500,80.0,7,6.9
3501,81.0,7,3.0
3502,82.0,7,0.87
3503,83.0,7,5.4
3504,84.0,7,2.1
3505,85.0,7,1.5
3506,86.0,7,0.5
3507,87.0,7,2.5
3508,88.0,7,1.1
3509,89.0,7,8.0
3510,90.0,7,5.1
3511,91.0,7,2.9
3512,92.0,7,3.8
3513,93.0,7,1.3
3514,94.0,7,1.0
3515,95.0,7,2.2
3516,96.0,7,2.9
3517,97.0,7,2.5
3518,98.0,7,2.2
3519,99.0,7,2.0
3520,100.0,7,0.0
3521,101.0,7,2.7
3522,102.0,7,1.9
3523,103.0,7,3.9
3524,104.0,7,5.3
3525,105.0,7,4.6
3526,106.0,7,1.7
3527,107.0,7,5.4
3528,108.0,7,4.1
3529,109.0,7,2.8
3530,110.0,7,2.5
3531,111.0,7,2.1
3532,112.0,7,1.0
3533,113.0,7,0.47
3534,114.0,7,1.2
3535,115.0,7,0.4
3536,116.0,7,2.2
3537,117.0,7,1.4
3538,118.0,7,3.5
3539,119.0,7,1.2
3540,120.0,7,1.8
3541,121.0,7,4.2
3542,122.0,7,1.5
3543,123.0,7,3.1
3544,124.0,7,4.0
3545,125.0,7,3.4
3546,126.0,7,3.0
3547,127.0,7,3.8
3548,128.0,7,2.8
3549,129.0,7,4.8
3550,130.0,7,38.0
3551,131.0,7,7.1
3552,132.0,7,62.2
3553,133.0,7,63.2
3554,134.0,7,4.4
3555,135.0,7,60.0
3556,136.0,7,59.6
3557,137.0,7,60.9
3558,138.0,7,62.6
3559,139.0,7,6.4
3560,140.0,7,52.0
3561,141.0,7,57.0
3562,142.0,7,47.3
3563,143.0,7,53.4
3564,144.0,7,42.4
3565,145.0,7,6.4
3566,146.0,7,65.1
3567,147.0,7,69.3
3568,148.0,7,0.4
3569,149.0,7,8.5
3570,150.0,7,6.1
3571,151.0,7,16.0
3572,152.0,7,6.0
3573,153.0,7,13.3
3574,154.0,7,14.1
3575,155.0,7,10.2
3576,156.0,7,4.8
3577,157.0,7,4.9
3578,,7,5.5
3579,159.0,7,16.1
3580,160.0,7,6.1
3581,161.0,7,4.8
3582,162.0,7,5.8
3583,163.0,7,12.9
3584,164.0,7,9.1
3585,165.0,7,1.9
3586,166.0,7,3.2
3587,167.0,7,16.8
3588,168.0,7,9.2
3589,169.0,7,10.8
3590,170.0,7,9.5
3591,171.0,7,10.3
3592,172.0,7,12.4
3593,173.0,7,7.3
3594,174.0,7,6.2
3595,175.0,7,8.9
3596,176.0,7,10.2
3597,177.0,7,8.6
3598,178.0,7,7.1
3599,179.0,7,10.6
3600,180.0,7,10.4
3601,181.0,7,17.6
3602,182.0,7,15.0
3603,183.0,7,7.4
3604,184.0,7,5.6
3605,185.0,7,57.4
3606,186.0,7,16.1
3607,187.0,7,15.5
3608,188.0,7,3.3
3609,189.0,7,7.1
3610,190.0,7,7.1
3611,191.0,7,4.0
3612,192.0,7,4.9
3613,193.0,7,4.0
3614,194.0,7,12.3
3615,195.0,7,4.0
3616,196.0,7,2.6
3617,197.0,7,1.2
3618,198.0,7,1.2
3619,199.0,7,0.74
3620,200.0,7,2.9
3621,201.0,7,1.3
3622,202.0,7,8.1
3623,203.0,7,7.6
3624,204.0,7,2.4
3625,205.0,7,9.4
3626,206.0,7,9.3
3627,207.0,7,52.8
3628,208.0,7,60.0
3629,209.0,7,4.2
3630,210.0,7,4.7
3631,211.0,7,4.9
3632,212.0,7,4.7
3633,213.0,7,4.8
3634,214.0,7,4.8
3635,215.0,7,50.4
3636,216.0,7,35.1
3637,217.0,7,43.9
3638,218.0,7,4.7
3639,219.0,7,8.1
3640,220.0,7,4.8
3641,221.0,7,4.5
3642,222.0,7,0.056
3643,223.0,7,0.0
3644,224.0,7,0.36
3645,225.0,7,0.056
3646,226.0,7,0.0
3647,227.0,7,0.1
3648,228.0,7,1.2
3649,229.0,7,2.2
3650,230.0,7,0.0
3651,231.0,7,0.0
3652,232.0,7,0.056
3653,233.0,7,2.2
3654,234.0,7,0.0
3655,235.0,7,0.0
3656,237.0,7,0.056
3657,237.0,7,0.056
3658,238.0,7,3.2
3659,239.0,7,4.8
3660,240.0,7,1.4
3661,241.0,7,5.7
3662,242.0,7,13.1
3663,243.0,7,16.7
3664,244.0,7,6.3
3665,245.0,7,13.8
3666,246.0,7,4.8
3667,247.0,7,8.3
3668,248.0,7,14.3
3669,249.0,7,15.6
3670,250.0,7,13.7
3671,251.0,7,14.3
3672,252.0,7,12.8
3673,253.0,7,11.6
3674,254.0,7,5.5
3675,255.0,7,9.8
3676,256.0,7,5.4
3677,257.0,7,0.7
3678,258.0,7,0.41
3679,259.0,7,1.9
3680,260.0,7,3.7
3681,261.0,7,0.0
3682,262.0,7,0.0
3683,263.0,7,0.0
3684,264.0,7,0.0
3685,265.0,7,0.0
3686,266.0,7,0.0
3687,267.0,7,0.0
3688,268.0,7,0.0
3689,269.0,7,0.0
3690,270.0,7,0.0
3691,271.0,7,0.0
3692,272.0,7,0.0
3693,273.0,7,0.0
3694,274.0,7,0.0
3695,275.0,7,0.0
3696,276.0,7,0.0
3697,277.0,7,0.0
3698,278.0,7,0.0
3699,279.0,7,0.0
3700,280.0,7,0.5
3701,281.0,7,0.0
3702,282.0,7,0.5
3703,283.0,7,0.0
3704,284.0,7,0.0
3705,285.0,7,0.0
3706,286.0,7,0.0
3707,287.0,7,0.0
3708,288.0,7,2.8
3709,289.0,7,0.2
3710,290.0,7,0.9
3711,291.0,7,0.48
3712,292.0,7,1.9
3713,293.0,7,9.9
3714,294.0,7,0.0
3715,295.0,7,0.1
3716,296.0,7,0.0
3717,297.0,7,0.0
3718,298.0,7,0.0
3719,299.0,7,2.0
3720,300.0,7,0.0
3721,301.0,7,0.5
3722,302.0,7,0.0
3723,303.0,7,0.39
3724,304.0,7,0.09
3725,305.0,7,0.0
3726,306.0,7,0.0
3727,307.0,7,0.4
3728,308.0,7,0.0
3729,309.0,7,0.0
3730,310.0,7,0.0
3731,311.0,7,0.6
3732,312.0,7,0.0
3733,313.0,7,0.0
3734,314.0,7,0.0
3735,315.0,7,0.0
3736,316.0,7,0.0
3737,317.0,7,0.0
3738,318.0,7,0.0
3739,319.0,7,0.0
3740,320.0,7,0.0
3741,321.0,7,0.0
3742,322.0,7,0.0
3743,323.0,7,0.0
3744,324.0,7,0.0
3745,325.0,7,1.3
3746,326.0,7,0.21
3747,327.0,7,0.71
3748,328.0,7,0.0
3749,329.0,7,0.0
3750,330.0,7,0.0
3751,331.0,7,0.0
3752,332.0,7,0.0
3753,333.0,7,0.0
3754,334.0,7,0.0
3755,335.0,7,0.0
3756,336.0,7,0.0
3757,337.0,7,0.0
3758,338.0,7,0.0
3759,339.0,7,0.0
3760,340.0,7,0.0
3761,341.0,7,0.0
3762,342.0,7,0.0
3763,343.0,7,0.0
3764,344.0,7,0.0
3765,345.0,7,0.06
3766,346.0,7,0.0
3767,347.0,7,0.0
3768,348.0,7,0.0
3769,349.0,7,1.5
3770,350.0,7,1.5
3771,351.0,7,0.7
3772,352.0,7,0.7
3773,353.0,7,0.0
3774,354.0,7,0.0
3775,355.0,7,0.0
3776,356.0,7,0.5
3777,357.0,7,1.5
3778,358.0,7,1.3
3779,359.0,7,1.5
3780,360.0,7,3.4
3781,361.0,7,4.8
3782,362.0,7,1.4
3783,363.0,7,0.0
3784,364.0,7,0.0
3785,365.0,7,0.0
3786,366.0,7,0.0
3787,367.0,7,0.5
3788,368.0,7,0.0
3789,369.0,7,0.0
3790,370.0,7,1.4
3791,371.0,7,0.8
3792,372.0,7,0.0
3793,373.0,7,0.0
3794,374.0,7,0.0
3795,375.0,7,0.0
3796,376.0,7,0.0
3797,377.0,7,1.0
3798,378.0,7,0.0
3799,379.0,7,0.0
3800,380.0,7,0.0
3801,381.0,7,1.3
3802,382.0,7,0.0
3803,383.0,7,0.0
3804,384.0,7,0.0
3805,385.0,7,0.8
3806,386.0,7,0.3
3807,387.0,7,0.0
3808,388.0,7,0.0
3809,389.0,7,0.0
3810,390.0,7,0.0
3811,391.0,7,0.8
3812,392.0,7,0.0
3813,393.0,7,0.0
3814,394.0,7,0.0
3815,395.0,7,0.37
3816,396.0,7,0.0
3817,397.0,7,0.0
3818,398.0,7,0.0
3819,399.0,7,0.0
3820,400.0,7,0.0
3821,401.0,7,0.0
3822,402.0,7,1.9
3823,403.0,7,0.0
3824,404.0,7,0.8
3825,405.0,7,0.0
3826,406.0,7,0.0
3827,407.0,7,0.0
3828,408.0,7,0.0
3829,409.0,7,0.0
3830,410.0,7,0.0
3831,411.0,7,0.0
3832,412.0,7,0.0
3833,413.0,7,0.0
3834,414.0,7,0.0
3835,415.0,7,0.0
3836,416.0,7,0.0
3837,417.0,7,0.0
3838,418.0,7,0.0
3839,419.0,7,0.0
3840,420.0,7,0.0
3841,421.0,7,0.0
3842,422.0,7,0.0
3843,423.0,7,0.06
3844,424.0,7,0.0
3845,425.0,7,0.7
3846,426.0,7,0.4
3847,427.0,7,0.5
3848,428.0,7,0.0
3849,429.0,7,0.5
3850,430.0,7,0.5
3851,431.0,7,0.4
3852,432.0,7,0.0
3853,433.0,7,0.0
3854,434.0,7,2.4
3855,435.0,7,0.3
3856,436.0,7,18.8
3857,437.0,7,42.4
3858,438.0,7,2.2
3859,439.0,7,0.0
3860,440.0,7,37.4
3861,441.0,7,1.9
3862,442.0,7,0.0
3863,443.0,7,2.4
3864,444.0,7,3.2
3865,445.0,7,0.0
3866,446.0,7,0.0
3867,447.0,7,5.3
3868,448.0,7,2.2
3869,449.0,7,1.0
3870,450.0,7,3.4
3871,451.0,7,48.7
3872,452.0,7,0.0
3873,453.0,7,0.0
3874,454.0,7,4.1
3875,455.0,7,6.9
3876,456.0,7,28.5
3877,457.0,7,1.8
3878,458.0,7,4.1
3879,459.0,7,6.9
3880,460.0,7,34.8
3881,461.0,7,42.4
3882,462.0,7,38.3
3883,463.0,7,0.0
3884,464.0,7,0.0
3885,465.0,7,0.0
3886,466.0,7,0.0
3887,467.0,7,0.0
3888,468.0,7,0.0
3889,469.0,7,0.0
3890,470.0,7,12.7
3891,471.0,7,0.6
3892,472.0,7,15.0
3893,473.0,7,0.2
3894,474.0,7,0.0
3895,475.0,7,0.3
3896,476.0,7,0.0
3897,477.0,7,24.8
3898,478.0,7,2.7
3899,479.0,7,2.3
3900,480.0,7,2.5
3901,481.0,7,20.8
3902,482.0,7,3.7
3903,483.0,7,8.3
3904,484.0,7,4.4
3905,485.0,7,4.6
3906,486.0,7,9.0
3907,487.0,7,2.0
3908,488.0,7,2.8
3909,489.0,7,4.4
3910,490.0,7,2.9
3911,491.0,7,0.6
3912,492.0,7,10.0
3913,493.0,7,0.0
3914,494.0,7,0.11
3915,495.0,7,0.0
3916,496.0,7,0.0
3917,497.0,7,0.0
3918,498.0,7,0.0
3919,499.0,7,0.07
3920,500.0,7,0.82
3921,501.0,7,0.89
3922,502.0,7,3.8
3923,503.0,7,0.59
3924,504.0,7,0.9
3925,505.0,7,0.43
3926,506.0,7,0.9
3927,507.0,7,0.35
3928,508.0,7,0.46
3929,509.0,7,53.5
3930,510.0,7,61.3
3931,511.0,7,49.0
3932,512.0,7,91.6
3933,513.0,7,15.4
3934,514.0,7,32.0
3935,515.0,7,13.0
3936,516.0,7,27.8
3937,517.0,7,24.8
3938,518.0,7,41.2
3939,519.0,7,95.0
3940,520.0,7,96.7
3941,521.0,7,0.0
3942,522.0,7,29.5
3943,523.0,7,9.0
3944,524.0,7,7.1
3945,525.0,7,0.0
3946,526.0,7,0.0
3947,527.0,7,0.0
3948,528.0,7,0.0
3949,529.0,7,10.5
3950,530.0,7,5.4
3951,531.0,7,0.07
3952,532.0,7,1.9
3953,533.0,7,9.1
3954,534.0,7,0.0
3955,535.0,7,10.9
3956,536.0,7,0.1
3957,537.0,7,10.8
3958,538.0,7,0.1
3959,539.0,7,11.4
3960,540.0,7,10.5
3961,541.0,7,8.8
3962,542.0,7,9.2
3963,543.0,7,2.4
3964,544.0,7,50.7
3965,545.0,7,6.7
3966,546.0,7,25.2
3967,547.0,7,0.25
3968,548.0,7,6.7
3969,549.0,7,24.3
3970,550.0,7,3.0
3971,551.0,7,2.6
3972,552.0,7,3.0
3973,553.0,7,3.3
3974,554.0,7,3.1
3975,555.0,7,13.9
3976,556.0,7,5.3
3977,557.0,7,3.3
3978,558.0,7,13.2
3979,559.0,7,34.2
3980,560.0,7,9.4
3981,561.0,7,14.9
3982,562.0,7,8.8
3983,563.0,7,11.9
3984,564.0,7,10.5
3985,565.0,7,9.7
3986,566.0,7,10.1
3987,567.0,7,2.6
3988,568.0,7,16.6
3989,569.0,7,4.8
3990,570.0,7,12.0
3991,1.0,8,0.0
3992,2.0,8,0.0
3993,3.0,8,0.0
3994,4.0,8,0.0
3995,5.0,8,0.0
3996,6.0,8,0.0
3997,7.0,8,0.0
3998,8.0,8,0.0
3999,9.0,8,0.0
4000,10.0,8,0.0
4001,11.0,8,0.0
4002,12.0,8,0.0
4003,13.0,8,0.0
4004,14.0,8,0.0
4005,15.0,8,0.0
4006,16.0,8,0.0
4007,17.0,8,0.0
4008,18.0,8,0.0
4009,19.0,8,0.0
4010,20.0,8,0.0
4011,21.0,8,1.5
4012,22.0,8,0.0
4013,23.0,8,0.0
4014,24.0,8,0.0
4015,25.0,8,0.0
4016,26.0,8,0.0
4017,27.0,8,5.7
4018,28.0,8,0.0
4019,29.0,8,0.0
4020,30.0,8,0.0
4021,31.0,8,0.0
4022,32.0,8,0.0
4023,33.0,8,0.0
4024,34.0,8,0.0
4025,35.0,8,0.0
4026,36.0,8,0.0
4027,37.0,8,0.0
4028,38.0,8,0.0
4029,39.0,8,0.0
4030,40.0,8,0.0
4031,41.0,8,0.0
4032,42.0,8,0.0
4033,43.0,8,0.0
4034,44.0,8,0.0
4035,45.0,8,0.0
4036,46.0,8,0.0
4037,47.0,8,3.9
4038,48.0,8,5.8
4039,49.0,8,0.0
4040,50.0,8,0.0
4041,51.0,8,0.0
4042,52.0,8,0.0
4043,53.0,8,0.0
4044,54.0,8,0.0
4045,55.0,8,0.0
4046,56.0,8,0.0
4047,57.0,8,0.0
4048,58.0,8,0.0
4049,59.0,8,0.0
4050,60.0,8,0.0
4051,61.0,8,0.0
4052,62.0,8,0.0
4053,63.0,8,0.0
4054,64.0,8,0.0
4055,65.0,8,0.0
4056,66.0,8,0.0
4057,67.0,8,0.0
4058,68.0,8,0.0
4059,69.0,8,0.0
4060,70.0,8,0.0
4061,71.0,8,0.0
4062,72.0,8,0.0
4063,73.0,8,0.0
4064,74.0,8,0.0
4065,75.0,8,0.0
4066,76.0,8,0.0
4067,77.0,8,0.0
4068,78.0,8,0.0
4069,79.0,8,0.0
4070,80.0,8,0.0
4071,81.0,8,0.0
4072,82.0,8,0.0
4073,83.0,8,0.0
4074,84.0,8,0.0
4075,85.0,8,0.0
4076,86.0,8,0.0
4077,87.0,8,0.0
4078,88.0,8,0.0
4079,89.0,8,0.0
4080,90.0,8,0.0
4081,91.0,8,0.0
4082,92.0,8,0.0
4083,93.0,8,0.0
4084,94.0,8,0.0
4085,95.0,8,0.0
4086,96.0,8,0.0
4087,97.0,8,0.0
4088,98.0,8,0.0
4089,99.0,8,0.0
4090,100.0,8,0.0
4091,101.0,8,0.0
4092,102.0,8,0.0
4093,103.0,8,0.0
4094,104.0,8,0.0
4095,105.0,8,0.0
4096,106.0,8,0.0
4097,107.0,8,0.0
4098,108.0,8,0.0
4099,109.0,8,0.0
4100,110.0,8,0.0
4101,111.0,8,0.0
4102,112.0,8,0.0
4103,113.0,8,0.0
4104,114.0,8,0.0
4105,115.0,8,0.0
4106,116.0,8,0.0
4107,117.0,8,0.0
4108,118.0,8,0.0
4109,119.0,8,0.0
4110,120.0,8,0.0
4111,121.0,8,0.0
4112,122.0,8,0.0
4113,123.0,8,0.0
4114,124.0,8,0.0
4115,125.0,8,0.0
4116,126.0,8,0.0
4117,127.0,8,0.0
4118,128.0,8,0.0
4119,129.0,8,0.0
4120,130.0,8,15.2
4121,131.0,8,2.8
4122,132.0,8,24.9
4123,133.0,8,25.3
4124,134.0,8,2.2
4125,135.0,8,24.4
4126,136.0,8,23.8
4127,137.0,8,24.4
4128,138.0,8,25.0
4129,139.0,8,2.6
4130,140.0,8,23.5
4131,141.0,8,23.2
4132,142.0,8,19.2
4133,143.0,8,0.0
4134,144.0,8,0.0
4135,145.0,8,0.0
4136,146.0,8,0.0
4137,147.0,8,0.0
4138,148.0,8,0.0
4139,149.0,8,0.0
4140,150.0,8,0.0
4141,151.0,8,0.0
4142,152.0,8,0.0
4143,153.0,8,0.0
4144,154.0,8,0.0
4145,155.0,8,0.0
4146,156.0,8,0.0
4147,157.0,8,0.0
4148,,8,0.0
4149,159.0,8,0.0
4150,160.0,8,0.0
4151,161.0,8,0.0
4152,162.0,8,0.0
4153,163.0,8,0.0
4154,164.0,8,0.0
4155,165.0,8,0.0
4156,166.0,8,0.0
4157,167.0,8,0.0
4158,168.0,8,0.0
4159,169.0,8,0.0
4160,170.0,8,0.0
4161,171.0,8,0.0
4162,172.0,8,0.0
4163,173.0,8,0.0
4164,174.0,8,0.0
4165,175.0,8,0.0
4166,176.0,8,0.0
4167,177.0,8,0.0
4168,178.0,8,0.0
4169,179.0,8,0.0
4170,180.0,8,0.0
4171,181.0,8,0.0
4172,182.0,8,0.0
4173,183.0,8,0.0
4174,184.0,8,0.0
4175,185.0,8,0.0
4176,186.0,8,0.0
4177,187.0,8,0.0
4178,188.0,8,0.0
4179,189.0,8,0.0
4180,190.0,8,0.0
4181,191.0,8,0.0
4182,192.0,8,0.0
4183,193.0,8,0.0
4184,194.0,8,0.0
4185,195.0,8,0.0
4186,196.0,8,0.0
4187,197.0,8,0.0
4188,198.0,8,0.0
4189,199.0,8,0.0
4190,200.0,8,0.0
4191,201.0,8,0.0
4192,202.0,8,0.0
4193,203.0,8,0.0
4194,204.0,8,0.0
4195,205.0,8,0.0
4196,206.0,8,0.0
4197,207.0,8,22.7
4198,208.0,8,25.8
4199,209.0,8,0.0
4200,210.0,8,0.0
4201,211.0,8,0.0
4202,212.0,8,0.0
4203,213.0,8,0.0
4204,214.0,8,0.0
4205,215.0,8,0.0
4206,216.0,8,0.0
4207,217.0,8,0.0
4208,218.0,8,0.0
4209,219.0,8,0.0
4210,220.0,8,0.0
4211,221.0,8,0.0
4212,222.0,8,0.0
4213,223.0,8,0.0
4214,224.0,8,0.0
4215,225.0,8,0.0
4216,226.0,8,0.0
4217,227.0,8,0.0
4218,228.0,8,0.0
4219,229.0,8,0.0
4220,230.0,8,0.0
4221,231.0,8,0.0
4222,232.0,8,0.0
4223,233.0,8,0.0
4224,234.0,8,0.0
4225,235.0,8,0.0
4226,237.0,8,0.0
4227,237.0,8,0.0
4228,238.0,8,0.0
4229,239.0,8,0.0
4230,240.0,8,0.0
4231,241.0,8,0.0
4232,242.0,8,6.8
4233,243.0,8,10.4
4234,244.0,8,0.0
4235,245.0,8,7.5
4236,246.0,8,0.0
4237,247.0,8,0.0
4238,248.0,8,8.8
4239,249.0,8,10.1
4240,250.0,8,8.2
4241,251.0,8,8.8
4242,252.0,8,7.3
4243,253.0,8,6.1
4244,254.0,8,0.0
4245,255.0,8,4.3
4246,256.0,8,0.0
4247,257.0,8,0.0
4248,258.0,8,0.0
4249,259.0,8,0.0
4250,260.0,8,53.0
4251,261.0,8,0.0
4252,262.0,8,0.0
4253,263.0,8,0.0
4254,264.0,8,0.0
4255,265.0,8,0.0
4256,266.0,8,0.0
4257,267.0,8,0.0
4258,268.0,8,0.0
4259,269.0,8,0.0
4260,270.0,8,0.0
4261,271.0,8,0.0
4262,272.0,8,0.0
4263,273.0,8,0.0
4264,274.0,8,0.0
4265,275.0,8,0.0
4266,276.0,8,0.0
4267,277.0,8,0.0
4268,278.0,8,0.0
4269,279.0,8,0.0
4270,280.0,8,0.0
4271,281.0,8,0.0
4272,282.0,8,0.0
4273,283.0,8,0.0
4274,284.0,8,0.0
4275,285.0,8,0.0
4276,286.0,8,0.0
4277,287.0,8,0.0
4278,288.0,8,2.8
4279,289.0,8,0.2
4280,290.0,8,0.9
4281,291.0,8,0.48
4282,292.0,8,1.9
4283,293.0,8,9.9
4284,294.0,8,0.0
4285,295.0,8,0.1
4286,296.0,8,0.0
4287,297.0,8,0.0
4288,298.0,8,0.0
4289,299.0,8,2.0
4290,300.0,8,0.0
4291,301.0,8,0.5
4292,302.0,8,0.0
4293,303.0,8,0.39
4294,304.0,8,0.09
4295,305.0,8,0.0
4296,306.0,8,0.0
4297,307.0,8,0.0
4298,308.0,8,0.0
4299,309.0,8,0.0
4300,310.0,8,0.0
4301,311.0,8,0.0
4302,312.0,8,0.0
4303,313.0,8,0.0
4304,314.0,8,0.0
4305,315.0,8,0.0
4306,316.0,8,0.0
4307,317.0,8,0.0
4308,318.0,8,0.0
4309,319.0,8,0.0
4310,320.0,8,0.0
4311,321.0,8,0.0
4312,322.0,8,0.0
4313,323.0,8,0.0
4314,324.0,8,0.0
4315,325.0,8,0.0
4316,326.0,8,0.0
4317,327.0,8,0.0
4318,328.0,8,0.0
4319,329.0,8,0.0
4320,330.0,8,0.0
4321,331.0,8,0.0
4322,332.0,8,0.0
4323,333.0,8,0.0
4324,334.0,8,0.0
4325,335.0,8,0.0
4326,336.0,8,0.0
4327,337.0,8,0.0
4328,338.0,8,0.0
4329,339.0,8,0.0
4330,340.0,8,0.0
4331,341.0,8,0.0
4332,342.0,8,0.0
4333,343.0,8,0.0
4334,344.0,8,0.0
4335,345.0,8,0.0
4336,346.0,8,0.0
4337,347.0,8,0.0
4338,348.0,8,0.0
4339,349.0,8,0.0
4340,350.0,8,0.0
4341,351.0,8,0.0
4342,352.0,8,0.0
4343,353.0,8,0.0
4344,354.0,8,0.0
4345,355.0,8,0.0
4346,356.0,8,0.0
4347,357.0,8,0.0
4348,358.0,8,0.0
4349,359.0,8,0.0
4350,360.0,8,0.0
4351,361.0,8,0.0
4352,362.0,8,0.0
4353,363.0,8,0.0
4354,364.0,8,0.0
4355,365.0,8,0.0
4356,366.0,8,0.0
4357,367.0,8,0.0
4358,368.0,8,0.0
4359,369.0,8,0.0
4360,370.0,8,0.0
4361,371.0,8,0.0
4362,372.0,8,0.0
4363,373.0,8,0.0
4364,374.0,8,0.0
4365,375.0,8,0.0
4366,376.0,8,0.0
4367,377.0,8,0.0
4368,378.0,8,0.0
4369,379.0,8,0.0
4370,380.0,8,0.0
4371,381.0,8,0.0
4372,382.0,8,0.0
4373,383.0,8,0.0
4374,384.0,8,0.0
4375,385.0,8,0.0
4376,386.0,8,0.0
4377,387.0,8,0.0
4378,388.0,8,0.0
4379,389.0,8,0.0
4380,390.0,8,0.0
4381,391.0,8,0.0
4382,392.0,8,0.0
4383,393.0,8,0.0
4384,394.0,8,0.0
4385,395.0,8,0.0
4386,396.0,8,0.0
4387,397.0,8,0.0
4388,398.0,8,0.0
4389,399.0,8,0.0
4390,400.0,8,0.0
4391,401.0,8,0.0
4392,402.0,8,1.9
4393,403.0,8,0.0
4394,404.0,8,0.0
4395,405.0,8,0.0
4396,406.0,8,0.0
4397,407.0,8,0.0
4398,408.0,8,0.0
4399,409.0,8,0.0
4400,410.0,8,0.0
4401,411.0,8,0.0
4402,412.0,8,0.0
4403,413.0,8,0.0
4404,414.0,8,0.0
4405,415.0,8,0.0
4406,416.0,8,0.0
4407,417.0,8,0.0
4408,418.0,8,0.0
4409,419.0,8,0.0
4410,420.0,8,0.0
4411,421.0,8,0.0
4412,422.0,8,0.0
4413,423.0,8,0.0
4414,424.0,8,0.0
4415,425.0,8,0.0
4416,426.0,8,0.0
4417,427.0,8,0.0
4418,428.0,8,0.0
4419,429.0,8,0.0
4420,430.0,8,0.0
4421,431.0,8,0.0
4422,432.0,8,0.0
4423,433.0,8,0.0
4424,434.0,8,0.0
4425,435.0,8,0.0
4426,436.0,8,0.0
4427,437.0,8,0.0
4428,438.0,8,0.0
4429,439.0,8,0.0
4430,440.0,8,0.0
4431,441.0,8,0.0
4432,442.0,8,0.0
4433,443.0,8,0.0
4434,444.0,8,0.0
4435,445.0,8,0.0
4436,446.0,8,0.0
4437,447.0,8,0.0
4438,448.0,8,0.0
4439,449.0,8,0.0
4440,450.0,8,0.0
4441,451.0,8,0.0
4442,452.0,8,0.0
4443,453.0,8,0.0
4444,454.0,8,0.0
4445,455.0,8,0.0
4446,456.0,8,0.0
4447,457.0,8,0.0
4448,458.0,8,0.0
4449,459.0,8,0.0
4450,460.0,8,0.0
4451,461.0,8,0.0
4452,462.0,8,0.0
4453,463.0,8,0.0
4454,464.0,8,0.0
4455,465.0,8,0.0
4456,466.0,8,0.0
4457,467.0,8,0.0
4458,468.0,8,0.0
4459,469.0,8,0.0
4460,470.0,8,0.0
4461,471.0,8,0.0
4462,472.0,8,14.4
4463,473.0,8,0.0
4464,474.0,8,0.0
4465,475.0,8,0.3
4466,476.0,8,0.0
4467,477.0,8,21.1
4468,478.0,8,1.5
4469,479.0,8,1.3
4470,480.0,8,2.5
4471,481.0,8,20.8
4472,482.0,8,3.7
4473,483.0,8,6.3
4474,484.0,8,0.0
4475,485.0,8,3.7
4476,486.0,8,7.7
4477,487.0,8,2.0
4478,488.0,8,2.7
4479,489.0,8,4.4
4480,490.0,8,2.9
4481,491.0,8,0.6
4482,492.0,8,10.0
4483,493.0,8,0.0
4484,494.0,8,0.0
4485,495.0,8,0.0
4486,496.0,8,0.0
4487,497.0,8,0.0
4488,498.0,8,0.0
4489,499.0,8,0.0
4490,500.0,8,0.0
4491,501.0,8,20.0
4492,502.0,8,0.0
4493,503.0,8,2.0
4494,504.0,8,3.0
4495,505.0,8,0.0
4496,506.0,8,0.0
4497,507.0,8,0.01
4498,508.0,8,0.0
4499,509.0,8,49.5
4500,510.0,8,61.3
4501,511.0,8,49.0
4502,512.0,8,91.6
4503,513.0,8,12.3
4504,514.0,8,28.9
4505,515.0,8,9.9
4506,516.0,8,24.7
4507,517.0,8,22.8
4508,518.0,8,38.0
4509,519.0,8,95.0
4510,520.0,8,96.7
4511,521.0,8,0.0
4512,522.0,8,29.5
4513,523.0,8,8.9
4514,524.0,8,7.1
4515,525.0,8,0.0
4516,526.0,8,0.0
4517,527.0,8,0.0
4518,528.0,8,0.0
4519,529.0,8,10.5
4520,530.0,8,5.4
4521,531.0,8,0.0
4522,532.0,8,1.5
4523,533.0,8,9.1
4524,534.0,8,0.0
4525,535.0,8,10.9
4526,536.0,8,0.1
4527,537.0,8,10.8
4528,538.0,8,0.1
4529,539.0,8,11.4
4530,540.0,8,10.5
4531,541.0,8,8.8
4532,542.0,8,9.2
4533,543.0,8,0.0
4534,544.0,8,44.0
4535,545.0,8,0.0
4536,546.0,8,18.5
4537,547.0,8,0.0
4538,548.0,8,0.0
4539,549.0,8,17.6
4540,550.0,8,0.0
4541,551.0,8,0.0
4542,552.0,8,3.0
4543,553.0,8,3.3
4544,554.0,8,3.1
4545,555.0,8,13.9
4546,556.0,8,0.0
4547,557.0,8,3.3
4548,558.0,8,9.2
4549,559.0,8,31.0
4550,560.0,8,0.0
4551,561.0,8,0.0
4552,562.0,8,0.0
4553,563.0,8,0.0
4554,564.0,8,0.0
4555,565.0,8,0.0
4556,566.0,8,0.0
4557,567.0,8,0.0
4558,568.0,8,0.0
4559,569.0,8,0.0
4560,570.0,8,0.0
4561,1.0,9,4.2
4562,2.0,9,1.4
4563,3.0,9,1.4
4564,4.0,9,2.2
4565,5.0,9,9.7
4566,6.0,9,15.6
4567,7.0,9,14.6
4568,8.0,9,0.6
4569,9.0,9,0.0
4570,10.0,9,15.0
4571,11.0,9,9.4
4572,12.0,9,4.3
4573,13.0,9,9.0
4574,14.0,9,16.2
4575,15.0,9,2.3
4576,16.0,9,9.2
4577,17.0,9,4.2
4578,18.0,9,7.0
4579,19.0,9,7.2
4580,20.0,9,1.5
4581,21.0,9,0.9
4582,22.0,9,3.5
4583,23.0,9,3.5
4584,24.0,9,3.5
4585,25.0,9,3.9
4586,26.0,9,5.2
4587,27.0,9,4.0
4588,28.0,9,4.0
4589,29.0,9,5.8
4590,30.0,9,2.2
4591,31.0,9,5.5
4592,32.0,9,6.0
4593,33.0,9,11.0
4594,34.0,9,4.3
4595,35.0,9,4.1
4596,36.0,9,6.2
4597,37.0,9,3.2
4598,38.0,9,3.5
4599,39.0,9,5.0
4600,40.0,9,5.0
4601,41.0,9,3.4
4602,42.0,9,4.3
4603,43.0,9,0.0
4604,44.0,9,9.3
4605,45.0,9,1.8
4606,46.0,9,0.9
4607,47.0,9,0.0
4608,48.0,9,1.3
4609,49.0,9,2.4
4610,50.0,9,3.3
4611,51.0,9,4.9
4612,52.0,9,11.2
4613,53.0,9,0.0
4614,54.0,9,0.0
4615,55.0,9,2.8
4616,56.0,9,0.0
4617,57.0,9,4.1
4618,58.0,9,4.4
4619,59.0,9,4.6
4620,60.0,9,3.8
4621,61.0,9,0.0
4622,62.0,9,15.5
4623,63.0,9,25.0
4624,64.0,9,39.8
4625,65.0,9,23.2
4626,66.0,9,24.9
4627,67.0,9,17.0
4628,68.0,9,22.0
4629,69.0,9,1.5
4630,70.0,9,1.9
4631,71.0,9,3.1
4632,72.0,9,5.9
4633,73.0,9,0.4
4634,74.0,9,3.5
4635,75.0,9,2.1
4636,76.0,9,1.6
4637,77.0,9,2.6
4638,78.0,9,0.4
4639,79.0,9,1.8
4640,80.0,9,2.6
4641,81.0,9,3.9
4642,82.0,9,3.1
4643,83.0,9,4.2
4644,84.0,9,3.2
4645,85.0,9,1.2
4646,86.0,9,1.3
4647,87.0,9,5.0
4648,88.0,9,1.5
4649,89.0,9,0.0
4650,90.0,9,1.5
4651,91.0,9,1.5
4652,92.0,9,1.5
4653,93.0,9,2.7
4654,94.0,9,1.2
4655,95.0,9,1.2
4656,96.0,9,10.8
4657,97.0,9,1.4
4658,98.0,9,2.5
4659,99.0,9,1.5
4660,100.0,9,0.0
4661,101.0,9,3.0
4662,102.0,9,1.6
4663,103.0,9,2.2
4664,104.0,9,1.8
4665,105.0,9,1.9
4666,106.0,9,1.9
4667,107.0,9,4.3
4668,108.0,9,3.0
4669,109.0,9,4.4
4670,110.0,9,4.2
4671,111.0,9,2.9
4672,112.0,9,2.6
4673,113.0,9,2.6
4674,114.0,9,4.9
4675,115.0,9,5.1
4676,116.0,9,2.4
4677,117.0,9,1.5
4678,118.0,9,2.5
4679,119.0,9,2.2
4680,120.0,9,0.7
4681,121.0,9,1.5
4682,122.0,9,1.8
4683,123.0,9,2.3
4684,124.0,9,2.4
4685,125.0,9,1.4
4686,126.0,9,1.3
4687,127.0,9,0.0
4688,128.0,9,0.6
4689,129.0,9,0.62
4690,130.0,9,0.5
4691,131.0,9,7.0
4692,132.0,9,3.2
4693,133.0,9,1.2
4694,134.0,9,2.8
4695,135.0,9,0.55
4696,136.0,9,2.6
4697,137.0,9,1.2
4698,138.0,9,0.8
4699,139.0,9,2.3
4700,140.0,9,1.1
4701,141.0,9,0.2
4702,142.0,9,0.61
4703,143.0,9,7.3
4704,144.0,9,17.8
4705,145.0,9,13.7
4706,146.0,9,8.7
4707,147.0,9,6.5
4708,148.0,9,6.3
4709,149.0,9,1.5
4710,150.0,9,4.9
4711,151.0,9,2.5
4712,152.0,9,1.7
4713,153.0,9,1.3
4714,154.0,9,2.4
4715,155.0,9,1.6
4716,156.0,9,9.0
4717,157.0,9,4.7
4718,,9,1.7
4719,159.0,9,2.3
4720,160.0,9,6.8
4721,161.0,9,3.5
4722,162.0,9,5.2
4723,163.0,9,2.0
4724,164.0,9,2.1
4725,165.0,9,2.8
4726,166.0,9,4.7
4727,167.0,9,1.6
4728,168.0,9,1.8
4729,169.0,9,2.0
4730,170.0,9,1.5
4731,171.0,9,1.9
4732,172.0,9,0.73
4733,173.0,9,5.9
4734,174.0,9,3.2
4735,175.0,9,2.3
4736,176.0,9,2.2
4737,177.0,9,2.1
4738,178.0,9,1.9
4739,179.0,9,2.2
4740,180.0,9,1.9
4741,181.0,9,2.6
4742,182.0,9,2.3
4743,183.0,9,1.6
4744,184.0,9,0.4
4745,185.0,9,5.1
4746,186.0,9,0.8
4747,187.0,9,0.4
4748,188.0,9,13.5
4749,189.0,9,8.2
4750,190.0,9,8.2
4751,191.0,9,8.1
4752,192.0,9,8.4
4753,193.0,9,8.1
4754,194.0,9,6.7
4755,195.0,9,5.3
4756,196.0,9,9.5
4757,197.0,9,5.8
4758,198.0,9,5.8
4759,199.0,9,11.5
4760,200.0,9,11.5
4761,201.0,9,6.5
4762,202.0,9,10.6
4763,203.0,9,8.5
4764,204.0,9,0.4
4765,205.0,9,0.7
4766,206.0,9,0.0
4767,207.0,9,0.0
4768,208.0,9,0.0
4769,209.0,9,0.0
4770,210.0,9,0.0
4771,211.0,9,0.0
4772,212.0,9,0.0
4773,213.0,9,0.0
4774,214.0,9,0.0
4775,215.0,9,0.0
4776,216.0,9,0.0
4777,217.0,9,0.0
4778,218.0,9,0.0
4779,219.0,9,0.0
4780,220.0,9,0.0
4781,221.0,9,0.0
4782,222.0,9,0.0
4783,223.0,9,0.0
4784,224.0,9,0.0
4785,225.0,9,0.0
4786,226.0,9,0.0
4787,227.0,9,0.0
4788,228.0,9,0.0
4789,229.0,9,0.0
4790,230.0,9,0.0
4791,231.0,9,0.0
4792,232.0,9,0.0
4793,233.0,9,0.0
4794,234.0,9,0.0
4795,235.0,9,0.0
4796,237.0,9,0.0
4797,237.0,9,0.0
4798,238.0,9,0.0
4799,239.0,9,0.0
4800,240.0,9,0.6
4801,241.0,9,0.3
4802,242.0,9,1.1
4803,243.0,9,0.0
4804,244.0,9,0.0
4805,245.0,9,0.0
4806,246.0,9,0.0
4807,247.0,9,1.8
4808,248.0,9,0.9
4809,249.0,9,0.0
4810,250.0,9,0.0
4811,251.0,9,0.0
4812,252.0,9,0.0
4813,253.0,9,0.0
4814,254.0,9,0.0
4815,255.0,9,0.0
4816,256.0,9,0.0
4817,257.0,9,0.0
4818,258.0,9,0.0
4819,259.0,9,0.0
4820,260.0,9,0.0
4821,261.0,9,0.0
4822,262.0,9,0.0
4823,263.0,9,0.0
4824,264.0,9,0.0
4825,265.0,9,0.0
4826,266.0,9,0.0
4827,267.0,9,0.0
4828,268.0,9,0.0
4829,269.0,9,0.0
4830,270.0,9,0.0
4831,271.0,9,0.0
4832,272.0,9,0.0
4833,273.0,9,0.0
4834,274.0,9,0.0
4835,275.0,9,0.0
4836,276.0,9,0.0
4837,277.0,9,0.0
4838,278.0,9,0.0
4839,279.0,9,0.0
4840,280.0,9,0.0
4841,281.0,9,0.0
4842,282.0,9,0.0
4843,283.0,9,0.0
4844,284.0,9,0.0
4845,285.0,9,0.0
4846,286.0,9,0.0
4847,287.0,9,0.0
4848,288.0,9,0.0
4849,289.0,9,0.0
4850,290.0,9,0.0
4851,291.0,9,0.0
4852,292.0,9,0.0
4853,293.0,9,0.0
4854,294.0,9,0.0
4855,295.0,9,0.0
4856,296.0,9,0.0
4857,297.0,9,0.0
4858,298.0,9,0.0
4859,299.0,9,1.3
4860,300.0,9,0.0
4861,301.0,9,0.0
4862,302.0,9,0.1
4863,303.0,9,0.0
4864,304.0,9,0.0
4865,305.0,9,0.0
4866,306.0,9,0.0
4867,307.0,9,0.0
4868,308.0,9,0.0
4869,309.0,9,0.0
4870,310.0,9,0.0
4871,311.0,9,0.0
4872,312.0,9,0.0
4873,313.0,9,0.0
4874,314.0,9,0.0
4875,315.0,9,0.0
4876,316.0,9,0.0
4877,317.0,9,0.0
4878,318.0,9,0.0
4879,319.0,9,0.0
4880,320.0,9,0.0
4881,321.0,9,0.0
4882,322.0,9,0.0
4883,323.0,9,0.0
4884,324.0,9,0.0
4885,325.0,9,0.0
4886,326.0,9,0.0
4887,327.0,9,0.0
4888,328.0,9,0.0
4889,329.0,9,0.0
4890,330.0,9,0.0
4891,331.0,9,0.0
4892,332.0,9,0.0
4893,333.0,9,0.0
4894,334.0,9,0.0
4895,335.0,9,0.0
4896,336.0,9,0.0
4897,337.0,9,0.0
4898,338.0,9,0.0
4899,339.0,9,0.0
4900,340.0,9,0.0
4901,341.0,9,0.0
4902,342.0,9,0.0
4903,343.0,9,0.0
4904,344.0,9,0.0
4905,345.0,9,0.0
4906,346.0,9,0.0
4907,347.0,9,0.0
4908,348.0,9,0.0
4909,349.0,9,0.0
4910,350.0,9,0.0
4911,351.0,9,0.0
4912,352.0,9,0.0
4913,353.0,9,0.0
4914,354.0,9,0.0
4915,355.0,9,0.0
4916,356.0,9,0.0
4917,357.0,9,0.0
4918,358.0,9,0.0
4919,359.0,9,0.0
4920,360.0,9,0.0
4921,361.0,9,0.0
4922,362.0,9,0.0
4923,363.0,9,0.0
4924,364.0,9,0.0
4925,365.0,9,0.0
4926,366.0,9,0.0
4927,367.0,9,0.0
4928,368.0,9,0.0
4929,369.0,9,0.0
4930,370.0,9,0.0
4931,371.0,9,0.0
4932,372.0,9,0.0
4933,373.0,9,0.0
4934,374.0,9,0.0
4935,375.0,9,0.0
4936,376.0,9,0.0
4937,377.0,9,0.0
4938,378.0,9,0.0
4939,379.0,9,0.0
4940,380.0,9,0.0
4941,381.0,9,0.0
4942,382.0,9,0.0
4943,383.0,9,0.0
4944,384.0,9,0.0
4945,385.0,9,0.0
4946,386.0,9,0.0
4947,387.0,9,0.0
4948,388.0,9,0.0
4949,389.0,9,0.0
4950,390.0,9,0.0
4951,391.0,9,0.0
4952,392.0,9,0.0
4953,393.0,9,0.0
4954,394.0,9,0.0
4955,395.0,9,0.0
4956,396.0,9,0.0
4957,397.0,9,0.0
4958,398.0,9,0.0
4959,399.0,9,0.0
4960,400.0,9,0.0
4961,401.0,9,0.0
4962,402.0,9,0.0
4963,403.0,9,0.0
4964,404.0,9,0.0
4965,405.0,9,0.0
4966,406.0,9,0.0
4967,407.0,9,0.0
4968,408.0,9,0.0
4969,409.0,9,0.0
4970,410.0,9,0.0
4971,411.0,9,0.0
4972,412.0,9,0.0
4973,413.0,9,0.0
4974,414.0,9,0.0
4975,415.0,9,0.0
4976,416.0,9,0.0
4977,417.0,9,0.0
4978,418.0,9,0.0
4979,419.0,9,0.0
4980,420.0,9,0.0
4981,421.0,9,0.0
4982,422.0,9,0.0
4983,423.0,9,0.0
4984,424.0,9,0.0
4985,425.0,9,0.0
4986,426.0,9,0.0
4987,427.0,9,0.3
4988,428.0,9,0.0
4989,429.0,9,0.0
4990,430.0,9,0.0
4991,431.0,9,0.0
4992,432.0,9,0.0
4993,433.0,9,0.0
4994,434.0,9,9.0
4995,435.0,9,1.6
4996,436.0,9,40.5
4997,437.0,9,3.9
4998,438.0,9,54.3
4999,439.0,9,28.0
5000,440.0,9,9.2
5001,441.0,9,2.3
5002,442.0,9,2.8
5003,443.0,9,33.9
5004,444.0,9,22.7
5005,445.0,9,13.6
5006,446.0,9,0.0
5007,447.0,9,1.5
5008,448.0,9,3.3
5009,449.0,9,2.7
5010,450.0,9,14.1
5011,451.0,9,26.3
5012,452.0,9,3.0
5013,453.0,9,0.0
5014,454.0,9,40.3
5015,455.0,9,8.0
5016,456.0,9,20.8
5017,457.0,9,0.0
5018,458.0,9,42.8
5019,459.0,9,4.3
5020,460.0,9,20.9
5021,461.0,9,26.2
5022,462.0,9,26.5
5023,463.0,9,0.0
5024,464.0,9,0.0
5025,465.0,9,0.0
5026,466.0,9,0.0
5027,467.0,9,0.0
5028,468.0,9,14.6
5029,469.0,9,18.6
5030,470.0,9,0.0
5031,471.0,9,0.0
5032,472.0,9,0.0
5033,473.0,9,0.0
5034,474.0,9,0.0
5035,475.0,9,0.1
5036,476.0,9,0.0
5037,477.0,9,0.9
5038,478.0,9,0.0
5039,479.0,9,0.0
5040,480.0,9,1.3
5041,481.0,9,0.8
5042,482.0,9,0.0
5043,483.0,9,0.6
5044,484.0,9,0.3
5045,485.0,9,1.1
5046,486.0,9,1.3
5047,487.0,9,0.0
5048,488.0,9,0.0
5049,489.0,9,0.5
5050,490.0,9,1.6
5051,491.0,9,0.0
5052,492.0,9,0.0
5053,493.0,9,0.0
5054,494.0,9,0.0
5055,495.0,9,0.0
5056,496.0,9,0.0
5057,497.0,9,4.0
5058,498.0,9,0.0
5059,499.0,9,2.4
5060,500.0,9,0.5
5061,501.0,9,1.8
5062,502.0,9,1.8
5063,503.0,9,0.0
5064,504.0,9,0.0
5065,505.0,9,0.0
5066,506.0,9,0.0
5067,507.0,9,0.0
5068,508.0,9,0.0
5069,509.0,9,2.7
5070,510.0,9,0.7
5071,511.0,9,6.0
5072,512.0,9,0.0
5073,513.0,9,12.5
5074,514.0,9,3.3
5075,515.0,9,4.6
5076,516.0,9,3.1
5077,517.0,9,3.1
5078,518.0,9,2.9
5079,519.0,9,0.0
5080,520.0,9,0.0
5081,521.0,9,0.0
5082,522.0,9,0.0
5083,523.0,9,2.5
5084,524.0,9,0.0
5085,525.0,9,0.0
5086,526.0,9,0.0
5087,527.0,9,0.0
5088,528.0,9,0.0
5089,529.0,9,0.0
5090,530.0,9,0.0
5091,531.0,9,0.0
5092,532.0,9,2.8
5093,533.0,9,0.0
5094,534.0,9,0.0
5095,535.0,9,0.0
5096,536.0,9,0.0
5097,537.0,9,0.0
5098,538.0,9,0.0
5099,539.0,9,0.0
5100,540.0,9,0.0
5101,541.0,9,0.0
5102,542.0,9,0.0
5103,543.0,9,1.3
5104,544.0,9,3.9
5105,545.0,9,58.2
5106,546.0,9,0.0
5107,547.0,9,2.3
5108,548.0,9,58.2
5109,549.0,9,0.0
5110,550.0,9,55.8
5111,551.0,9,1.1
5112,552.0,9,0.2
5113,553.0,9,0.39
5114,554.0,9,0.8
5115,555.0,9,0.1
5116,556.0,9,0.3
5117,557.0,9,2.2
5118,558.0,9,0.0
5119,559.0,9,0.0
5120,560.0,9,0.7
5121,561.0,9,0.0
5122,562.0,9,0.3
5123,563.0,9,0.01
5124,564.0,9,0.3
5125,565.0,9,0.2
5126,566.0,9,0.1
5127,567.0,9,0.3
5128,568.0,9,0.0
5129,569.0,9,0.8
5130,570.0,9,0.15
5131,1.0,10,2.1
5132,2.0,10,0.9
5133,3.0,10,0.6
5134,4.0,10,2.2
5135,5.0,10,7.1
5136,6.0,10,1.2
5137,7.0,10,2.5
5138,8.0,10,0.08
5139,9.0,10,0.7
5140,10.0,10,1.9
5141,11.0,10,2.8
5142,12.0,10,1.2
5143,13.0,10,2.2
5144,14.0,10,2.7
5145,15.0,10,1.3
5146,16.0,10,3.8
5147,17.0,10,1.5
5148,18.0,10,6.1
5149,19.0,10,1.1
5150,20.0,10,38.5
5151,21.0,10,20.9
5152,22.0,10,1.6
5153,23.0,10,1.1
5154,24.0,10,1.2
5155,25.0,10,4.6
5156,26.0,10,3.9
5157,27.0,10,4.4
5158,28.0,10,4.5
5159,29.0,10,3.3
5160,30.0,10,1.2
5161,31.0,10,1.0
5162,32.0,10,3.0
5163,33.0,10,7.0
5164,34.0,10,5.2
5165,35.0,10,4.7
5166,36.0,10,31.5
5167,37.0,10,4.5
5168,38.0,10,2.0
5169,39.0,10,0.64
5170,40.0,10,1.6
5171,41.0,10,4.2
5172,42.0,10,1.0
5173,43.0,10,1.1
5174,44.0,10,2.9
5175,45.0,10,3.4
5176,46.0,10,5.1
5177,47.0,10,5.2
5178,48.0,10,1.8
5179,49.0,10,1.0
5180,50.0,10,0.07
5181,51.0,10,6.3
5182,52.0,10,23.5
5183,53.0,10,53.0
5184,54.0,10,0.55
5185,55.0,10,18.2
5186,56.0,10,1.5
5187,57.0,10,2.9
5188,58.0,10,0.3
5189,59.0,10,0.2
5190,60.0,10,0.7
5191,61.0,10,9.7
5192,62.0,10,5.5
5193,63.0,10,2.1
5194,64.0,10,0.65
5195,65.0,10,1.6
5196,66.0,10,0.83
5197,67.0,10,1.7
5198,68.0,10,18.3
5199,69.0,10,0.5
5200,70.0,10,1.2
5201,71.0,10,0.6
5202,72.0,10,0.34
5203,73.0,10,0.2
5204,74.0,10,0.22
5205,75.0,10,0.11
5206,76.0,10,0.14
5207,77.0,10,0.1
5208,78.0,10,0.2
5209,79.0,10,0.3
5210,80.0,10,0.2
5211,81.0,10,0.43
5212,82.0,10,1.0
5213,83.0,10,0.4
5214,84.0,10,0.9
5215,85.0,10,0.31
5216,86.0,10,0.4
5217,87.0,10,0.9
5218,88.0,10,0.1
5219,89.0,10,0.0
5220,90.0,10,0.4
5221,91.0,10,0.4
5222,92.0,10,0.4
5223,93.0,10,0.7
5224,94.0,10,0.2
5225,95.0,10,0.23
5226,96.0,10,0.12
5227,97.0,10,0.2
5228,98.0,10,0.18
5229,99.0,10,0.3
5230,100.0,10,0.7
5231,101.0,10,0.2
5232,102.0,10,0.5
5233,103.0,10,0.13
5234,104.0,10,0.25
5235,105.0,10,0.4
5236,106.0,10,0.3
5237,107.0,10,1.1
5238,108.0,10,0.2
5239,109.0,10,0.34
5240,110.0,10,0.9
5241,111.0,10,0.28
5242,112.0,10,0.2
5243,113.0,10,0.3
5244,114.0,10,0.9
5245,115.0,10,0.2
5246,116.0,10,0.58
5247,117.0,10,0.6
5248,118.0,10,0.18
5249,119.0,10,0.09
5250,120.0,10,0.2
5251,121.0,10,0.9
5252,122.0,10,0.8
5253,123.0,10,0.29
5254,124.0,10,0.45
5255,125.0,10,0.21
5256,126.0,10,0.8
5257,127.0,10,0.0
5258,128.0,10,0.05
5259,129.0,10,0.15
5260,130.0,10,13.2
5261,131.0,10,47.8
5262,132.0,10,0.0
5263,133.0,10,0.2
5264,134.0,10,0.0
5265,135.0,10,0.16
5266,136.0,10,0.63
5267,137.0,10,0.3
5268,138.0,10,0.2
5269,139.0,10,0.0
5270,140.0,10,0.0
5271,141.0,10,0.0
5272,142.0,10,0.14
5273,143.0,10,0.51
5274,144.0,10,0.52
5275,145.0,10,62.0
5276,146.0,10,0.45
5277,147.0,10,0.5
5278,148.0,10,23.5
5279,149.0,10,0.1
5280,150.0,10,0.6
5281,151.0,10,0.3
5282,152.0,10,0.0
5283,153.0,10,0.31
5284,154.0,10,0.7
5285,155.0,10,0.17
5286,156.0,10,36.5
5287,157.0,10,0.3
5288,,10,0.4
5289,159.0,10,0.6
5290,160.0,10,0.22
5291,161.0,10,0.2
5292,162.0,10,0.5
5293,163.0,10,0.5
5294,164.0,10,0.8
5295,165.0,10,0.2
5296,166.0,10,0.3
5297,167.0,10,0.3
5298,168.0,10,0.2
5299,169.0,10,0.36
5300,170.0,10,0.4
5301,171.0,10,0.2
5302,172.0,10,0.1
5303,173.0,10,0.5
5304,174.0,10,1.0
5305,175.0,10,0.2
5306,176.0,10,0.1
5307,177.0,10,0.2
5308,178.0,10,0.09
5309,179.0,10,0.1
5310,180.0,10,0.4
5311,181.0,10,0.27
5312,182.0,10,0.37
5313,183.0,10,0.15
5314,184.0,10,0.3
5315,185.0,10,0.6
5316,186.0,10,0.16
5317,187.0,10,0.16
5318,188.0,10,54.1
5319,189.0,10,61.6
5320,190.0,10,61.6
5321,191.0,10,46.0
5322,192.0,10,53.0
5323,193.0,10,46.0
5324,194.0,10,2.2
5325,195.0,10,75.8
5326,196.0,10,73.8
5327,197.0,10,62.5
5328,198.0,10,62.5
5329,199.0,10,56.8
5330,200.0,10,56.8
5331,201.0,10,49.1
5332,202.0,10,51.6
5333,203.0,10,52.7
5334,204.0,10,0.29
5335,205.0,10,0.2
5336,206.0,10,7.6
5337,207.0,10,10.1
5338,208.0,10,0.2
5339,209.0,10,3.9
5340,210.0,10,6.3
5341,211.0,10,0.2
5342,212.0,10,3.8
5343,213.0,10,1.6
5344,214.0,10,0.2
5345,215.0,10,0.64
5346,216.0,10,26.2
5347,217.0,10,16.3
5348,218.0,10,3.8
5349,219.0,10,9.4
5350,220.0,10,1.6
5351,221.0,10,10.5
5352,222.0,10,25.8
5353,223.0,10,29.8
5354,224.0,10,32.2
5355,225.0,10,25.8
5356,226.0,10,39.6
5357,227.0,10,28.2
5358,228.0,10,17.6
5359,229.0,10,24.2
5360,230.0,10,20.0
5361,231.0,10,20.45
5362,232.0,10,25.8
5363,233.0,10,16.1
5364,234.0,10,26.01
5365,235.0,10,23.33
5366,237.0,10,25.8
5367,237.0,10,25.8
5368,238.0,10,0.25
5369,239.0,10,3.5
5370,240.0,10,1.2
5371,241.0,10,1.1
5372,242.0,10,0.2
5373,243.0,10,0.9
5374,244.0,10,0.32
5375,245.0,10,0.3
5376,246.0,10,0.32
5377,247.0,10,3.8
5378,248.0,10,2.3
5379,249.0,10,3.4
5380,250.0,10,1.9
5381,251.0,10,1.5
5382,252.0,10,1.4
5383,253.0,10,1.2
5384,254.0,10,2.6
5385,255.0,10,1.9
5386,256.0,10,10.2
5387,257.0,10,0.2
5388,258.0,10,11.2
5389,259.0,10,63.0
5390,260.0,10,140.0
5391,261.0,10,16.0
5392,262.0,10,2.3
5393,263.0,10,18.1
5394,264.0,10,3.6
5395,265.0,10,11.2
5396,266.0,10,7.1
5397,267.0,10,33.6
5398,268.0,10,23.8
5399,269.0,10,17.2
5400,270.0,10,8.5
5401,271.0,10,0.99
5402,272.0,10,6.2
5403,273.0,10,9.6
5404,274.0,10,69.3
5405,275.0,10,16.5
5406,276.0,10,7.6
5407,277.0,10,29.5
5408,278.0,10,23.6
5409,279.0,10,26.6
5410,280.0,10,25.0
5411,281.0,10,29.2
5412,282.0,10,46.6
5413,283.0,10,7.6
5414,284.0,10,71.0
5415,285.0,10,20.6
5416,286.0,10,11.8
5417,287.0,10,11.8
5418,288.0,10,19.6
5419,289.0,10,50.6
5420,290.0,10,50.5
5421,291.0,10,24.8
5422,292.0,10,29.3
5423,293.0,10,10.8
5424,294.0,10,5.1
5425,295.0,10,22.4
5426,296.0,10,5.6
5427,297.0,10,20.0
5428,298.0,10,27.5
5429,299.0,10,17.7
5430,300.0,10,23.7
5431,301.0,10,0.65
5432,302.0,10,39.2
5433,303.0,10,28.1
5434,304.0,10,39.5
5435,305.0,10,5.0
5436,306.0,10,2.7
5437,307.0,10,14.4
5438,308.0,10,5.2
5439,309.0,10,5.3
5440,310.0,10,3.0
5441,311.0,10,0.6
5442,312.0,10,5.9
5443,313.0,10,21.6
5444,314.0,10,16.2
5445,315.0,10,14.0
5446,316.0,10,4.3
5447,317.0,10,9.3
5448,318.0,10,2.6
5449,319.0,10,6.0
5450,320.0,10,18.6
5451,321.0,10,6.3
5452,322.0,10,5.4
5453,323.0,10,13.6
5454,324.0,10,8.3
5455,325.0,10,4.4
5456,326.0,10,5.7
5457,327.0,10,9.3
5458,328.0,10,4.0
5459,329.0,10,4.9
5460,330.0,10,5.0
5461,331.0,10,4.7
5462,332.0,10,3.4
5463,333.0,10,10.3
5464,334.0,10,14.6
5465,335.0,10,8.5
5466,336.0,10,16.1
5467,337.0,10,7.8
5468,338.0,10,28.6
5469,339.0,10,2.7
5470,340.0,10,2.6
5471,341.0,10,2.5
5472,342.0,10,3.8
5473,343.0,10,2.7
5474,344.0,10,7.1
5475,345.0,10,0.2
5476,346.0,10,9.0
5477,347.0,10,10.3
5478,348.0,10,7.6
5479,349.0,10,1.0
5480,350.0,10,1.0
5481,351.0,10,1.9
5482,352.0,10,1.4
5483,353.0,10,5.1
5484,354.0,10,5.2
5485,355.0,10,1.4
5486,356.0,10,1.4
5487,357.0,10,1.8
5488,358.0,10,1.1
5489,359.0,10,0.8
5490,360.0,10,2.0
5491,361.0,10,1.2
5492,362.0,10,1.4
5493,363.0,10,24.5
5494,364.0,10,15.5
5495,365.0,10,15.5
5496,366.0,10,6.0
5497,367.0,10,6.0
5498,368.0,10,11.9
5499,369.0,10,4.7
5500,370.0,10,4.6
5501,371.0,10,3.9
5502,372.0,10,5.0
5503,373.0,10,4.4
5504,374.0,10,12.1
5505,375.0,10,3.8
5506,376.0,10,9.4
5507,377.0,10,4.4
5508,378.0,10,6.7
5509,379.0,10,0.8
5510,380.0,10,1.0
5511,381.0,10,16.9
5512,382.0,10,2.3
5513,383.0,10,1.8
5514,384.0,10,0.7
5515,385.0,10,4.3
5516,386.0,10,1.2
5517,387.0,10,1.6
5518,388.0,10,0.8
5519,389.0,10,1.9
5520,390.0,10,0.67
5521,391.0,10,1.3
5522,392.0,10,1.7
5523,393.0,10,0.5
5524,394.0,10,4.3
5525,395.0,10,15.2
5526,396.0,10,0.6
5527,397.0,10,12.1
5528,398.0,10,0.6
5529,399.0,10,11.5
5530,400.0,10,8.7
5531,401.0,10,7.3
5532,402.0,10,12.3
5533,403.0,10,13.6
5534,404.0,10,7.5
5535,405.0,10,13.6
5536,406.0,10,2.4
5537,407.0,10,100.0
5538,408.0,10,100.0
5539,409.0,10,100.0
5540,410.0,10,99.9
5541,411.0,10,99.9
5542,412.0,10,99.9
5543,413.0,10,100.0
5544,414.0,10,99.9
5545,415.0,10,99.8
5546,416.0,10,99.9
5547,417.0,10,99.9
5548,418.0,10,99.9
5549,419.0,10,99.9
5550,420.0,10,99.9
5551,421.0,10,100.0
5552,422.0,10,100.0
5553,423.0,10,81.1
5554,424.0,10,55.1
5555,425.0,10,81.1
5556,426.0,10,80.0
5557,427.0,10,42.5
5558,428.0,10,80.0
5559,429.0,10,40.0
5560,430.0,10,80.5
5561,431.0,10,80.8
5562,432.0,10,100.0
5563,433.0,10,99.0
5564,434.0,10,0.73
5565,435.0,10,0.64
5566,436.0,10,4.0
5567,437.0,10,5.9
5568,438.0,10,3.2
5569,439.0,10,6.7
5570,440.0,10,0.45
5571,441.0,10,0.53
5572,442.0,10,0.5
5573,443.0,10,13.0
5574,444.0,10,3.3
5575,445.0,10,4.4
5576,446.0,10,8.7
5577,447.0,10,1.1
5578,448.0,10,0.0
5579,449.0,10,1.1
5580,450.0,10,4.2
5581,451.0,10,8.4
5582,452.0,10,0.0
5583,453.0,10,1.0
5584,454.0,10,7.0
5585,455.0,10,0.94
5586,456.0,10,36.3
5587,457.0,10,2.0
5588,458.0,10,10.3
5589,459.0,10,0.36
5590,460.0,10,13.0
5591,461.0,10,2.1
5592,462.0,10,3.3
5593,463.0,10,0.0
5594,464.0,10,0.0
5595,465.0,10,0.0
5596,466.0,10,0.0
5597,467.0,10,0.0
5598,468.0,10,15.9
5599,469.0,10,7.4
5600,470.0,10,0.06
5601,471.0,10,0.0
5602,472.0,10,0.0
5603,473.0,10,0.0
5604,474.0,10,0.0
5605,475.0,10,86.9
5606,476.0,10,0.0
5607,477.0,10,0.4
5608,478.0,10,75.6
5609,479.0,10,26.0
5610,480.0,10,8.2
5611,481.0,10,2.4
5612,482.0,10,5.0
5613,483.0,10,1.8
5614,484.0,10,10.3
5615,485.0,10,11.1
5616,486.0,10,14.3
5617,487.0,10,29.9
5618,488.0,10,57.9
5619,489.0,10,6.1
5620,490.0,10,0.1
5621,491.0,10,30.6
5622,492.0,10,0.0
5623,493.0,10,0.6
5624,494.0,10,85.0
5625,495.0,10,0.1
5626,496.0,10,6.0
5627,497.0,10,10.0
5628,498.0,10,74.0
5629,499.0,10,5.9
5630,500.0,10,140.0
5631,501.0,10,141.0
5632,502.0,10,576.0
5633,503.0,10,270.0
5634,504.0,10,247.0
5635,505.0,10,195.0
5636,506.0,10,141.0
5637,507.0,10,63.0
5638,508.0,10,130.0
5639,509.0,10,25.4
5640,510.0,10,5.6
5641,511.0,10,24.9
5642,512.0,10,1.3
5643,513.0,10,21.2
5644,514.0,10,21.0
5645,515.0,10,20.3
5646,516.0,10,24.1
5647,517.0,10,19.0
5648,518.0,10,17.7
5649,519.0,10,0.0
5650,520.0,10,0.3
5651,521.0,10,0.3
5652,522.0,10,1.3
5653,523.0,10,20.0
5654,524.0,10,0.0
5655,525.0,10,0.0
5656,526.0,10,0.0
5657,527.0,10,0.0
5658,528.0,10,0.0
5659,529.0,10,0.0
5660,530.0,10,0.0
5661,531.0,10,0.0
5662,532.0,10,0.2
5663,533.0,10,0.0
5664,534.0,10,0.0
5665,535.0,10,0.0
5666,536.0,10,0.0
5667,537.0,10,0.0
5668,538.0,10,0.0
5669,539.0,10,0.0
5670,540.0,10,0.0
5671,541.0,10,0.0
5672,542.0,10,0.0
5673,543.0,10,0.6
5674,544.0,10,11.4
5675,545.0,10,13.1
5676,546.0,10,0.22
5677,547.0,10,0.5
5678,548.0,10,13.1
5679,549.0,10,0.5
5680,550.0,10,2.0
5681,551.0,10,0.2
5682,552.0,10,1.1
5683,553.0,10,1.0
5684,554.0,10,0.7
5685,555.0,10,2.7
5686,556.0,10,0.97
5687,557.0,10,23.8
5688,558.0,10,0.0
5689,559.0,10,0.0
5690,560.0,10,0.2
5691,561.0,10,0.0
5692,562.0,10,0.2
5693,563.0,10,0.11
5694,564.0,10,0.22
5695,565.0,10,0.08
5696,566.0,10,0.1
5697,567.0,10,0.06
5698,568.0,10,0.1
5699,569.0,10,0.1
5700,570.0,10,0.23
5701,1.0,11,0.32
5702,2.0,11,0.19
5703,3.0,11,0.15
5704,4.0,11,0.61
5705,5.0,11,1.5
5706,6.0,11,0.24
5707,7.0,11,0.29
5708,8.0,11,0.011
5709,9.0,11,0.2
5710,10.0,11,0.24
5711,11.0,11,0.35
5712,12.0,11,0.16
5713,13.0,11,0.28
5714,14.0,11,0.31
5715,15.0,11,0.2
5716,16.0,11,0.57
5717,17.0,11,0.2
5718,18.0,11,0.71
5719,19.0,11,0.15
5720,20.0,11,5.5
5721,21.0,11,8.8
5722,22.0,11,0.39
5723,23.0,11,0.2
5724,24.0,11,0.2
5725,25.0,11,0.5
5726,26.0,11,0.5
5727,27.0,11,0.7
5728,28.0,11,0.7
5729,29.0,11,0.63
5730,30.0,11,0.17
5731,31.0,11,0.13
5732,32.0,11,0.54
5733,33.0,11,0.0
5734,34.0,11,0.98
5735,35.0,11,1.0
5736,36.0,11,4.4
5737,37.0,11,0.75
5738,38.0,11,0.4
5739,39.0,11,0.12
5740,40.0,11,0.23
5741,41.0,11,0.9
5742,42.0,11,0.15
5743,43.0,11,0.15
5744,44.0,11,0.41
5745,45.0,11,1.3
5746,46.0,11,2.0
5747,47.0,11,0.6
5748,48.0,11,0.21
5749,49.0,11,0.14
5750,50.0,11,0.0
5751,51.0,11,1.4
5752,52.0,11,2.9
5753,53.0,11,13.0
5754,54.0,11,0.057
5755,55.0,11,2.9
5756,56.0,11,0.0
5757,57.0,11,0.31
5758,58.0,11,0.07
5759,59.0,11,0.0
5760,60.0,11,0.1
5761,61.0,11,1.2
5762,62.0,11,0.36
5763,63.0,11,0.3
5764,64.0,11,0.09
5765,65.0,11,0.43
5766,66.0,11,0.12
5767,67.0,11,0.23
5768,68.0,11,2.4
5769,69.0,11,0.066
5770,70.0,11,0.2
5771,71.0,11,0.23
5772,72.0,11,0.09
5773,73.0,11,0.05
5774,74.0,11,0.052
5775,75.0,11,0.026
5776,76.0,11,0.033
5777,77.0,11,0.018
5778,78.0,11,0.05
5779,79.0,11,0.07
5780,80.0,11,0.039
5781,81.0,11,0.099
5782,82.0,11,0.3
5783,83.0,11,0.15
5784,84.0,11,0.3
5785,85.0,11,0.071
5786,86.0,11,0.1
5787,87.0,11,0.2
5788,88.0,11,0.023
5789,89.0,11,0.0
5790,90.0,11,0.1
5791,91.0,11,0.1
5792,92.0,11,0.1
5793,93.0,11,0.1
5794,94.0,11,0.03
5795,95.0,11,0.05
5796,96.0,11,0.028
5797,97.0,11,0.053
5798,98.0,11,0.034
5799,99.0,11,0.081
5800,100.0,11,0.17
5801,101.0,11,0.031
5802,102.0,11,0.1
5803,103.0,11,0.068
5804,104.0,11,0.094
5805,105.0,11,0.1
5806,106.0,11,0.1
5807,107.0,11,0.2
5808,108.0,11,0.038
5809,109.0,11,0.047
5810,110.0,11,0.11
5811,111.0,11,0.042
5812,112.0,11,0.0
5813,113.0,11,0.03
5814,114.0,11,0.1
5815,115.0,11,0.03
5816,116.0,11,0.07
5817,117.0,11,0.12
5818,118.0,11,0.036
5819,119.0,11,0.016
5820,120.0,11,0.069
5821,121.0,11,0.3
5822,122.0,11,0.3
5823,123.0,11,0.078
5824,124.0,11,0.1
5825,125.0,11,0.037
5826,126.0,11,0.018
5827,127.0,11,0.0
5828,128.0,11,0.0066
5829,129.0,11,0.027
5830,130.0,11,0.9
5831,131.0,11,9.5
5832,132.0,11,0.0
5833,133.0,11,0.01
5834,134.0,11,0.0
5835,135.0,11,0.0
5836,136.0,11,0.03
5837,137.0,11,0.015
5838,138.0,11,0.01
5839,139.0,11,0.0
5840,140.0,11,0.0
5841,141.0,11,0.0
5842,142.0,11,0.025
5843,143.0,11,0.017
5844,144.0,11,0.041
5845,145.0,11,53.4
5846,146.0,11,0.15
5847,147.0,11,0.16
5848,148.0,11,1.9
5849,149.0,11,0.01
5850,150.0,11,0.0
5851,151.0,11,0.049
5852,152.0,11,0.0
5853,153.0,11,0.07
5854,154.0,11,0.2
5855,155.0,11,0.022
5856,156.0,11,31.8
5857,157.0,11,0.01
5858,,11,0.032
5859,159.0,11,0.076
5860,160.0,11,0.026
5861,161.0,11,0.039
5862,162.0,11,0.14
5863,163.0,11,0.089
5864,164.0,11,0.1
5865,165.0,11,0.022
5866,166.0,11,0.039
5867,167.0,11,0.068
5868,168.0,11,0.022
5869,169.0,11,0.058
5870,170.0,11,0.1
5871,171.0,11,0.018
5872,172.0,11,0.026
5873,173.0,11,0.037
5874,174.0,11,0.0
5875,175.0,11,0.028
5876,176.0,11,0.011
5877,177.0,11,0.043
5878,178.0,11,0.027
5879,179.0,11,0.014
5880,180.0,11,0.0
5881,181.0,11,0.12
5882,182.0,11,0.14
5883,183.0,11,0.035
5884,184.0,11,0.1
5885,185.0,11,0.27
5886,186.0,11,0.054
5887,187.0,11,0.054
5888,188.0,11,4.1
5889,189.0,11,4.1
5890,190.0,11,4.1
5891,191.0,11,8.7
5892,192.0,11,9.5
5893,193.0,11,8.7
5894,194.0,11,0.4
5895,195.0,11,6.4
5896,196.0,11,6.8
5897,197.0,11,6.8
5898,198.0,11,6.8
5899,199.0,11,6.0
5900,200.0,11,6.0
5901,201.0,11,8.5
5902,202.0,11,6.1
5903,203.0,11,6.7
5904,204.0,11,0.038
5905,205.0,11,0.024
5906,206.0,11,4.2
5907,207.0,11,6.3
5908,208.0,11,0.09
5909,209.0,11,2.6
5910,210.0,11,3.5
5911,211.0,11,0.09
5912,212.0,11,2.3
5913,213.0,11,1.1
5914,214.0,11,0.09
5915,215.0,11,0.4
5916,216.0,11,15.8
5917,217.0,11,9.7
5918,218.0,11,2.3
5919,219.0,11,5.9
5920,220.0,11,1.1
5921,221.0,11,5.9
5922,222.0,11,15.8
5923,223.0,11,17.6
5924,224.0,11,19.6
5925,225.0,11,15.8
5926,226.0,11,25.4
5927,227.0,11,18.1
5928,228.0,11,11.3
5929,229.0,11,13.1
5930,230.0,11,16.67
5931,231.0,11,13.64
5932,232.0,11,15.8
5933,233.0,11,9.9
5934,234.0,11,13.0
5935,235.0,11,13.33
5936,237.0,11,15.8
5937,237.0,11,15.8
5938,238.0,11,0.17
5939,239.0,11,0.0
5940,240.0,11,0.0
5941,241.0,11,0.19
5942,242.0,11,0.16
5943,243.0,11,0.4
5944,244.0,11,0.11
5945,245.0,11,0.11
5946,246.0,11,0.11
5947,247.0,11,2.5
5948,248.0,11,1.4
5949,249.0,11,2.1
5950,250.0,11,1.2
5951,251.0,11,1.0
5952,252.0,11,0.9
5953,253.0,11,0.8
5954,254.0,11,1.5
5955,255.0,11,1.2
5956,256.0,11,6.8
5957,257.0,11,0.0
5958,258.0,11,3.1
5959,259.0,11,178.0
5960,260.0,11,590.0
5961,261.0,11,4.4
5962,262.0,11,0.77
5963,263.0,11,5.1
5964,264.0,11,1.4
5965,265.0,11,3.7
5966,266.0,11,2.8
5967,267.0,11,9.8
5968,268.0,11,8.4
5969,269.0,11,5.9
5970,270.0,11,2.2
5971,271.0,11,0.36
5972,272.0,11,1.9
5973,273.0,11,2.6
5974,274.0,11,28.2
5975,275.0,11,7.0
5976,276.0,11,2.9
5977,277.0,11,10.9
5978,278.0,11,8.9
5979,279.0,11,10.4
5980,280.0,11,8.3
5981,281.0,11,9.4
5982,282.0,11,19.4
5983,283.0,11,2.9
5984,284.0,11,29.3
5985,285.0,11,9.2
5986,286.0,11,5.0
5987,287.0,11,5.1
5988,288.0,11,6.8
5989,289.0,11,20.6
5990,290.0,11,26.8
5991,291.0,11,8.5
5992,292.0,11,12.4
5993,293.0,11,3.5
5994,294.0,11,1.9
5995,295.0,11,6.5
5996,296.0,11,1.9
5997,297.0,11,7.5
5998,298.0,11,11.3
5999,299.0,11,8.1
6000,300.0,11,8.3
6001,301.0,11,0.18
6002,302.0,11,14.6
6003,303.0,11,10.5
6004,304.0,11,14.1
6005,305.0,11,1.5
6006,306.0,11,0.96
6007,307.0,11,5.7
6008,308.0,11,1.8
6009,309.0,11,2.1
6010,310.0,11,0.9
6011,311.0,11,0.24
6012,312.0,11,2.3
6013,313.0,11,9.3
6014,314.0,11,6.9
6015,315.0,11,6.3
6016,316.0,11,1.7
6017,317.0,11,3.8
6018,318.0,11,1.1
6019,319.0,11,2.7
6020,320.0,11,6.3
6021,321.0,11,2.6
6022,322.0,11,2.0
6023,323.0,11,4.7
6024,324.0,11,4.3
6025,325.0,11,1.2
6026,326.0,11,2.3
6027,327.0,11,2.7
6028,328.0,11,1.6
6029,329.0,11,1.7
6030,330.0,11,1.7
6031,331.0,11,1.6
6032,332.0,11,1.3
6033,333.0,11,3.6
6034,334.0,11,5.6
6035,335.0,11,3.0
6036,336.0,11,7.0
6037,337.0,11,3.0
6038,338.0,11,12.3
6039,339.0,11,0.96
6040,340.0,11,0.89
6041,341.0,11,0.86
6042,342.0,11,1.2
6043,343.0,11,0.9
6044,344.0,11,2.1
6045,345.0,11,0.01
6046,346.0,11,2.0
6047,347.0,11,2.4
6048,348.0,11,1.8
6049,349.0,11,0.3
6050,350.0,11,0.3
6051,351.0,11,0.24
6052,352.0,11,0.41
6053,353.0,11,0.69
6054,354.0,11,0.71
6055,355.0,11,0.41
6056,356.0,11,0.22
6057,357.0,11,0.33
6058,358.0,11,0.13
6059,359.0,11,0.2
6060,360.0,11,0.59
6061,361.0,11,0.42
6062,362.0,11,0.3
6063,363.0,11,5.7
6064,364.0,11,3.2
6065,365.0,11,4.1
6066,366.0,11,1.5
6067,367.0,11,2.3
6068,368.0,11,3.4
6069,369.0,11,0.9
6070,370.0,11,0.9
6071,371.0,11,0.79
6072,372.0,11,0.7
6073,373.0,11,1.2
6074,374.0,11,2.1
6075,375.0,11,0.9
6076,376.0,11,2.6
6077,377.0,11,0.57
6078,378.0,11,1.7
6079,379.0,11,0.14
6080,380.0,11,0.13
6081,381.0,11,3.4
6082,382.0,11,0.41
6083,383.0,11,0.35
6084,384.0,11,0.16
6085,385.0,11,1.3
6086,386.0,11,0.47
6087,387.0,11,0.24
6088,388.0,11,0.09
6089,389.0,11,1.1
6090,390.0,11,0.17
6091,391.0,11,0.29
6092,392.0,11,0.53
6093,393.0,11,0.0
6094,394.0,11,0.8
6095,395.0,11,2.8
6096,396.0,11,0.2
6097,397.0,11,1.8
6098,398.0,11,0.23
6099,399.0,11,1.8
6100,400.0,11,1.8
6101,401.0,11,1.1
6102,402.0,11,3.3
6103,403.0,11,2.8
6104,404.0,11,2.6
6105,405.0,11,2.8
6106,406.0,11,0.71
6107,407.0,11,16.9
6108,408.0,11,86.5
6109,409.0,11,7.0
6110,410.0,11,18.8
6111,411.0,11,12.0
6112,412.0,11,21.1
6113,413.0,11,9.0
6114,414.0,11,14.5
6115,415.0,11,9.3
6116,416.0,11,14.3
6117,417.0,11,14.5
6118,418.0,11,14.5
6119,419.0,11,14.5
6120,420.0,11,47.8
6121,421.0,11,14.2
6122,422.0,11,15.6
6123,423.0,11,51.4
6124,424.0,11,34.3
6125,425.0,11,40.8
6126,426.0,11,23.8
6127,427.0,11,8.5
6128,428.0,11,13.0
6129,429.0,11,11.3
6130,430.0,11,15.8
6131,431.0,11,22.6
6132,432.0,11,59.7
6133,433.0,11,40.6
6134,434.0,11,0.25
6135,435.0,11,0.041
6136,436.0,11,0.24
6137,437.0,11,1.6
6138,438.0,11,0.65
6139,439.0,11,0.68
6140,440.0,11,0.078
6141,441.0,11,0.12
6142,442.0,11,0.0
6143,443.0,11,4.0
6144,444.0,11,1.8
6145,445.0,11,0.23
6146,446.0,11,1.3
6147,447.0,11,0.11
6148,448.0,11,0.0
6149,449.0,11,0.09
6150,450.0,11,2.6
6151,451.0,11,2.3
6152,452.0,11,0.0
6153,453.0,11,0.0
6154,454.0,11,0.53
6155,455.0,11,0.25
6156,456.0,11,25.9
6157,457.0,11,0.0
6158,458.0,11,2.7
6159,459.0,11,0.043
6160,460.0,11,2.0
6161,461.0,11,0.62
6162,462.0,11,0.98
6163,463.0,11,0.0
6164,464.0,11,0.0
6165,465.0,11,0.0
6166,466.0,11,0.0
6167,467.0,11,0.0
6168,468.0,11,0.59
6169,469.0,11,0.0
6170,470.0,11,0.01
6171,471.0,11,0.0
6172,472.0,11,0.0
6173,473.0,11,0.0
6174,474.0,11,0.0
6175,475.0,11,12.6
6176,476.0,11,0.0
6177,477.0,11,0.061
6178,478.0,11,11.4
6179,479.0,11,4.3
6180,480.0,11,0.5
6181,481.0,11,0.37
6182,482.0,11,1.5
6183,483.0,11,0.0
6184,484.0,11,4.4
6185,485.0,11,3.1
6186,486.0,11,1.7
6187,487.0,11,17.6
6188,488.0,11,8.8
6189,489.0,11,2.6
6190,490.0,11,0.011
6191,491.0,11,19.0
6192,492.0,11,0.0
6193,493.0,11,0.3
6194,494.0,11,24.0
6195,495.0,11,0.1
6196,496.0,11,4.0
6197,497.0,11,10.0
6198,498.0,11,2.0
6199,499.0,11,4.9
6200,500.0,11,690.0
6201,501.0,11,315.0
6202,502.0,11,893.0
6203,503.0,11,230.0
6204,504.0,11,261.0
6205,505.0,11,243.0
6206,506.0,11,190.0
6207,507.0,11,287.0
6208,508.0,11,180.0
6209,509.0,11,9.8
6210,510.0,11,4.2
6211,511.0,11,2.0
6212,512.0,11,0.0
6213,513.0,11,10.2
6214,514.0,11,10.3
6215,515.0,11,9.0
6216,516.0,11,12.2
6217,517.0,11,9.7
6218,518.0,11,5.9
6219,519.0,11,0.0
6220,520.0,11,0.042
6221,521.0,11,0.042
6222,522.0,11,0.9
6223,523.0,11,1.9
6224,524.0,11,0.0
6225,525.0,11,0.0
6226,526.0,11,0.0
6227,527.0,11,0.0
6228,528.0,11,0.0
6229,529.0,11,0.0
6230,530.0,11,0.0
6231,531.0,11,0.0
6232,532.0,11,0.02
6233,533.0,11,0.0
6234,534.0,11,0.0
6235,535.0,11,0.0
6236,536.0,11,0.0
6237,537.0,11,0.0
6238,538.0,11,0.0
6239,539.0,11,0.0
6240,540.0,11,0.0
6241,541.0,11,0.0
6242,542.0,11,0.0
6243,543.0,11,0.2
6244,544.0,11,7.0
6245,545.0,11,5.2
6246,546.0,11,0.1
6247,547.0,11,0.19
6248,548.0,11,5.2
6249,549.0,11,0.19
6250,550.0,11,0.44
6251,551.0,11,0.76
6252,552.0,11,0.1
6253,553.0,11,0.12
6254,554.0,11,0.1
6255,555.0,11,0.4
6256,556.0,11,0.0
6257,557.0,11,21.1
6258,558.0,11,0.0
6259,559.0,11,0.0
6260,560.0,11,0.026
6261,561.0,11,0.0
6262,562.0,11,0.06
6263,563.0,11,0.019
6264,564.0,11,0.027
6265,565.0,11,0.005
6266,566.0,11,0.012
6267,567.0,11,0.008
6268,568.0,11,0.031
6269,569.0,11,0.02
6270,570.0,11,0.03
6271,1.0,12,0.24
6272,2.0,12,0.23
6273,3.0,12,0.17
6274,4.0,12,0.55
6275,5.0,12,2.6
6276,6.0,12,0.15
6277,7.0,12,0.3
6278,8.0,12,0.02
6279,9.0,12,0.22
6280,10.0,12,0.2
6281,11.0,12,0.88
6282,12.0,12,0.13
6283,13.0,12,0.21
6284,14.0,12,0.36
6285,15.0,12,0.37
6286,16.0,12,1.0
6287,17.0,12,0.4
6288,18.0,12,1.6
6289,19.0,12,0.12
6290,20.0,12,8.3
6291,21.0,12,0.0
6292,22.0,12,0.28
6293,23.0,12,0.1
6294,24.0,12,0.1
6295,25.0,12,1.9
6296,26.0,12,1.8
6297,27.0,12,1.6
6298,28.0,12,0.61
6299,29.0,12,1.3
6300,30.0,12,0.11
6301,31.0,12,0.1
6302,32.0,12,0.41
6303,33.0,12,0.0
6304,34.0,12,2.0
6305,35.0,12,1.4
6306,36.0,12,21.0
6307,37.0,12,3.2
6308,38.0,12,0.0
6309,39.0,12,0.089
6310,40.0,12,0.19
6311,41.0,12,1.5
6312,42.0,12,0.12
6313,43.0,12,0.12
6314,44.0,12,0.3
6315,45.0,12,1.6
6316,46.0,12,2.3
6317,47.0,12,1.0
6318,48.0,12,0.31
6319,49.0,12,0.23
6320,50.0,12,0.016
6321,51.0,12,1.8
6322,52.0,12,11.4
6323,53.0,12,5.0
6324,54.0,12,0.1
6325,55.0,12,4.5
6326,56.0,12,0.0
6327,57.0,12,0.72
6328,58.0,12,0.01
6329,59.0,12,0.0
6330,60.0,12,0.1
6331,61.0,12,3.9
6332,62.0,12,1.6
6333,63.0,12,0.3
6334,64.0,12,0.02
6335,65.0,12,0.14
6336,66.0,12,0.064
6337,67.0,12,0.3
6338,68.0,12,4.1
6339,69.0,12,0.009
6340,70.0,12,0.06
6341,71.0,12,0.04
6342,72.0,12,0.008
6343,73.0,12,0.05
6344,74.0,12,0.015
6345,75.0,12,0.002
6346,76.0,12,0.017
6347,77.0,12,0.0099
6348,78.0,12,0.05
6349,79.0,12,0.08
6350,80.0,12,0.0032
6351,81.0,12,0.012
6352,82.0,12,0.1
6353,83.0,12,0.13
6354,84.0,12,0.1
6355,85.0,12,0.01
6356,86.0,12,0.0
6357,87.0,12,0.1
6358,88.0,12,0.004
6359,89.0,12,0.0
6360,90.0,12,0.013
6361,91.0,12,0.013
6362,92.0,12,0.013
6363,93.0,12,0.003
6364,94.0,12,0.04
6365,95.0,12,0.03
6366,96.0,12,0.004
6367,97.0,12,0.04
6368,98.0,12,0.016
6369,99.0,12,0.024
6370,100.0,12,0.21
6371,101.0,12,0.014
6372,102.0,12,0.1
6373,103.0,12,0.017
6374,104.0,12,0.0
6375,105.0,12,0.0
6376,106.0,12,0.0
6377,107.0,12,0.5
6378,108.0,12,0.0041
6379,109.0,12,0.007
6380,110.0,12,0.017
6381,111.0,12,0.006
6382,112.0,12,0.0
6383,113.0,12,0.015
6384,114.0,12,0.1
6385,115.0,12,0.04
6386,116.0,12,0.06
6387,117.0,12,0.0062
6388,118.0,12,0.006
6389,119.0,12,0.018
6390,120.0,12,0.008
6391,121.0,12,0.0
6392,122.0,12,0.1
6393,123.0,12,0.013
6394,124.0,12,0.047
6395,125.0,12,0.025
6396,126.0,12,0.019
6397,127.0,12,0.0
6398,128.0,12,0.0075
6399,129.0,12,0.007
6400,130.0,12,7.6
6401,131.0,12,26.4
6402,132.0,12,0.0
6403,133.0,12,0.11
6404,134.0,12,0.0
6405,135.0,12,0.0
6406,136.0,12,0.33
6407,137.0,12,0.17
6408,138.0,12,0.11
6409,139.0,12,0.0
6410,140.0,12,0.0
6411,141.0,12,0.0
6412,142.0,12,0.016
6413,143.0,12,0.074
6414,144.0,12,0.34
6415,145.0,12,3.5
6416,146.0,12,0.15
6417,147.0,12,0.14
6418,148.0,12,15.5
6419,149.0,12,0.04
6420,150.0,12,0.0
6421,151.0,12,0.094
6422,152.0,12,0.0
6423,153.0,12,0.084
6424,154.0,12,0.1
6425,155.0,12,0.052
6426,156.0,12,2.2
6427,157.0,12,0.03
6428,,12,0.063
6429,159.0,12,0.09
6430,160.0,12,0.025
6431,161.0,12,0.029
6432,162.0,12,0.045
6433,163.0,12,0.098
6434,164.0,12,0.1
6435,165.0,12,0.019
6436,166.0,12,0.011
6437,167.0,12,0.082
6438,168.0,12,0.034
6439,169.0,12,0.15
6440,170.0,12,0.1
6441,171.0,12,0.061
6442,172.0,12,0.013
6443,173.0,12,0.15
6444,174.0,12,0.4
6445,175.0,12,0.055
6446,176.0,12,0.033
6447,177.0,12,0.0091
6448,178.0,12,0.025
6449,179.0,12,0.022
6450,180.0,12,0.1
6451,181.0,12,0.04
6452,182.0,12,0.032
6453,183.0,12,0.029
6454,184.0,12,0.0
6455,185.0,12,0.18
6456,186.0,12,0.007
6457,187.0,12,0.007
6458,188.0,12,33.1
6459,189.0,12,45.9
6460,190.0,12,45.9
6461,191.0,12,22.0
6462,192.0,12,24.2
6463,193.0,12,22.0
6464,194.0,12,0.6
6465,195.0,12,9.2
6466,196.0,12,41.7
6467,197.0,12,10.9
6468,198.0,12,10.9
6469,199.0,12,10.8
6470,200.0,12,10.8
6471,201.0,12,15.7
6472,202.0,12,34.5
6473,203.0,12,35.7
6474,204.0,12,0.011
6475,205.0,12,0.037
6476,206.0,12,2.4
6477,207.0,12,2.9
6478,208.0,12,0.09
6479,209.0,12,0.94
6480,210.0,12,1.6
6481,211.0,12,0.06
6482,212.0,12,1.1
6483,213.0,12,0.45
6484,214.0,12,0.06
6485,215.0,12,0.2
6486,216.0,12,8.4
6487,217.0,12,5.1
6488,218.0,12,1.1
6489,219.0,12,2.7
6490,220.0,12,0.45
6491,221.0,12,3.0
6492,222.0,12,6.8
6493,223.0,12,8.2
6494,224.0,12,8.1
6495,225.0,12,6.8
6496,226.0,12,10.6
6497,227.0,12,7.6
6498,228.0,12,4.7
6499,229.0,12,6.5
6500,230.0,12,0.0
6501,231.0,12,0.0
6502,232.0,12,6.8
6503,233.0,12,4.6
6504,234.0,12,0.0
6505,235.0,12,0.0
6506,237.0,12,6.8
6507,237.0,12,6.8
6508,238.0,12,0.06
6509,239.0,12,0.0
6510,240.0,12,0.0
6511,241.0,12,0.21
6512,242.0,12,0.022
6513,243.0,12,0.3
6514,244.0,12,0.15
6515,245.0,12,0.1
6516,246.0,12,0.15
6517,247.0,12,0.86
6518,248.0,12,0.6
6519,249.0,12,0.97
6520,250.0,12,0.6
6521,251.0,12,0.4
6522,252.0,12,0.4
6523,253.0,12,0.3
6524,254.0,12,0.72
6525,255.0,12,0.6
6526,256.0,12,2.4
6527,257.0,12,0.0
6528,258.0,12,4.9
6529,259.0,12,2.7
6530,260.0,12,7.2
6531,261.0,12,6.3
6532,262.0,12,0.6
6533,263.0,12,7.4
6534,264.0,12,0.85
6535,265.0,12,3.2
6536,266.0,12,1.9
6537,267.0,12,17.8
6538,268.0,12,9.7
6539,269.0,12,8.2
6540,270.0,12,3.0
6541,271.0,12,0.22
6542,272.0,12,1.9
6543,273.0,12,3.1
6544,274.0,12,27.1
6545,275.0,12,7.8
6546,276.0,12,3.1
6547,277.0,12,11.9
6548,278.0,12,10.2
6549,279.0,12,11.9
6550,280.0,12,11.2
6551,281.0,12,12.2
6552,282.0,12,21.2
6553,283.0,12,3.1
6554,284.0,12,32.4
6555,285.0,12,7.5
6556,286.0,12,4.6
6557,287.0,12,4.6
6558,288.0,12,8.9
6559,289.0,12,23.1
6560,290.0,12,18.7
6561,291.0,12,11.3
6562,292.0,12,13.1
6563,293.0,12,4.3
6564,294.0,12,2.1
6565,295.0,12,13.2
6566,296.0,12,2.7
6567,297.0,12,8.4
6568,298.0,12,1.5
6569,299.0,12,5.6
6570,300.0,12,9.9
6571,301.0,12,0.21
6572,302.0,12,17.6
6573,303.0,12,12.3
6574,304.0,12,18.6
6575,305.0,12,2.2
6576,306.0,12,1.1
6577,307.0,12,2.9
6578,308.0,12,1.4
6579,309.0,12,1.1
6580,310.0,12,0.82
6581,311.0,12,0.12
6582,312.0,12,1.2
6583,313.0,12,9.5
6584,314.0,12,6.9
6585,315.0,12,6.6
6586,316.0,12,1.9
6587,317.0,12,4.6
6588,318.0,12,0.98
6589,319.0,12,2.4
6590,320.0,12,6.6
6591,321.0,12,2.4
6592,322.0,12,2.3
6593,323.0,12,6.5
6594,324.0,12,2.8
6595,325.0,12,1.0
6596,326.0,12,1.6
6597,327.0,12,2.4
6598,328.0,12,1.0
6599,329.0,12,0.58
6600,330.0,12,1.2
6601,331.0,12,1.1
6602,332.0,12,0.45
6603,333.0,12,4.9
6604,334.0,12,7.2
6605,335.0,12,3.3
6606,336.0,12,7.2
6607,337.0,12,2.4
6608,338.0,12,8.1
6609,339.0,12,0.61
6610,340.0,12,0.67
6611,341.0,12,0.64
6612,342.0,12,0.57
6613,343.0,12,0.6
6614,344.0,12,1.5
6615,345.0,12,0.01
6616,346.0,12,1.6
6617,347.0,12,2.1
6618,348.0,12,1.5
6619,349.0,12,0.2
6620,350.0,12,0.2
6621,351.0,12,0.45
6622,352.0,12,0.1
6623,353.0,12,1.1
6624,354.0,12,1.2
6625,355.0,12,0.1
6626,356.0,12,0.22
6627,357.0,12,0.46
6628,358.0,12,0.13
6629,359.0,12,0.1
6630,360.0,12,0.27
6631,361.0,12,0.13
6632,362.0,12,0.2
6633,363.0,12,9.5
6634,364.0,12,9.9
6635,365.0,12,3.4
6636,366.0,12,1.2
6637,367.0,12,0.81
6638,368.0,12,2.4
6639,369.0,12,1.6
6640,370.0,12,1.5
6641,371.0,12,0.69
6642,372.0,12,0.3
6643,373.0,12,1.7
6644,374.0,12,3.7
6645,375.0,12,0.88
6646,376.0,12,2.9
6647,377.0,12,0.85
6648,378.0,12,2.0
6649,379.0,12,0.088
6650,380.0,12,0.1
6651,381.0,12,4.3
6652,382.0,12,0.61
6653,383.0,12,0.43
6654,384.0,12,0.14
6655,385.0,12,0.94
6656,386.0,12,0.44
6657,387.0,12,0.63
6658,388.0,12,0.23
6659,389.0,12,0.4
6660,390.0,12,0.11
6661,391.0,12,0.29
6662,392.0,12,0.39
6663,393.0,12,0.07
6664,394.0,12,1.8
6665,395.0,12,2.8
6666,396.0,12,0.1
6667,397.0,12,3.6
6668,398.0,12,0.1
6669,399.0,12,3.1
6670,400.0,12,1.8
6671,401.0,12,5.5
6672,402.0,12,3.9
6673,403.0,12,4.7
6674,404.0,12,1.8
6675,405.0,12,4.7
6676,406.0,12,0.4
6677,407.0,12,46.2
6678,408.0,12,5.8
6679,409.0,12,60.5
6680,410.0,12,15.1
6681,411.0,12,20.5
6682,412.0,12,44.6
6683,413.0,12,18.4
6684,414.0,12,29.9
6685,415.0,12,17.1
6686,416.0,12,73.0
6687,417.0,12,71.0
6688,418.0,12,71.0
6689,419.0,12,71.0
6690,420.0,12,37.1
6691,421.0,12,39.7
6692,422.0,12,21.2
6693,423.0,12,21.0
6694,424.0,12,15.9
6695,425.0,12,33.4
6696,426.0,12,31.0
6697,427.0,12,9.0
6698,428.0,12,32.0
6699,429.0,12,13.5
6700,430.0,12,35.8
6701,431.0,12,31.9
6702,432.0,12,32.9
6703,433.0,12,43.0
6704,434.0,12,0.12
6705,435.0,12,0.088
6706,436.0,12,0.45
6707,437.0,12,0.43
6708,438.0,12,0.48
6709,439.0,12,0.87
6710,440.0,12,0.064
6711,441.0,12,0.08
6712,442.0,12,0.3
6713,443.0,12,1.4
6714,444.0,12,0.45
6715,445.0,12,0.0
6716,446.0,12,3.3
6717,447.0,12,0.061
6718,448.0,12,0.0
6719,449.0,12,0.8
6720,450.0,12,0.48
6721,451.0,12,1.6
6722,452.0,12,0.0
6723,453.0,12,0.0
6724,454.0,12,0.94
6725,455.0,12,0.033
6726,456.0,12,3.2
6727,457.0,12,0.0
6728,458.0,12,0.67
6729,459.0,12,0.0072
6730,460.0,12,1.1
6731,461.0,12,0.79
6732,462.0,12,1.0
6733,463.0,12,0.0
6734,464.0,12,0.0
6735,465.0,12,0.0
6736,466.0,12,0.0
6737,467.0,12,0.0
6738,468.0,12,9.8
6739,469.0,12,0.0
6740,470.0,12,0.01
6741,471.0,12,0.0
6742,472.0,12,0.0
6743,473.0,12,0.0
6744,474.0,12,0.0
6745,475.0,12,61.7
6746,476.0,12,0.0
6747,477.0,12,0.072
6748,478.0,12,18.2
6749,479.0,12,6.9
6750,480.0,12,5.8
6751,481.0,12,0.7
6752,482.0,12,2.4
6753,483.0,12,0.46
6754,484.0,12,3.5
6755,485.0,12,4.7
6756,486.0,12,0.0
6757,487.0,12,9.9
6758,488.0,12,13.5
6759,489.0,12,1.7
6760,490.0,12,0.017
6761,491.0,12,9.2
6762,492.0,12,0.0
6763,493.0,12,0.29
6764,494.0,12,1.9
6765,495.0,12,0.07
6766,496.0,12,0.05
6767,497.0,12,0.2
6768,498.0,12,2.5
6769,499.0,12,1.3
6770,500.0,12,48.5
6771,501.0,12,1.2
6772,502.0,12,5.0
6773,503.0,12,0.2
6774,504.0,12,1.7
6775,505.0,12,1.2
6776,506.0,12,2.4
6777,507.0,12,0.92
6778,508.0,12,2.2
6779,509.0,12,12.0
6780,510.0,12,1.0
6781,511.0,12,17.1
6782,512.0,12,0.0
6783,513.0,12,7.6
6784,514.0,12,7.7
6785,515.0,12,8.3
6786,516.0,12,8.9
6787,517.0,12,5.7
6788,518.0,12,5.9
6789,519.0,12,0.0
6790,520.0,12,0.079
6791,521.0,12,0.079
6792,522.0,12,0.0
6793,523.0,12,4.3
6794,524.0,12,0.0
6795,525.0,12,0.0
6796,526.0,12,0.0
6797,527.0,12,0.0
6798,528.0,12,0.0
6799,529.0,12,0.0
6800,530.0,12,0.0
6801,531.0,12,0.0
6802,532.0,12,0.02
6803,533.0,12,0.0
6804,534.0,12,0.0
6805,535.0,12,0.0
6806,536.0,12,0.0
6807,537.0,12,0.0
6808,538.0,12,0.0
6809,539.0,12,0.0
6810,540.0,12,0.0
6811,541.0,12,0.0
6812,542.0,12,0.0
6813,543.0,12,0.0
6814,544.0,12,3.3
6815,545.0,12,1.1
6816,546.0,12,0.02
6817,547.0,12,0.042
6818,548.0,12,1.1
6819,549.0,12,0.041
6820,550.0,12,0.22
6821,551.0,12,0.008
6822,552.0,12,0.0
6823,553.0,12,0.45
6824,554.0,12,0.4
6825,555.0,12,1.9
6826,556.0,12,0.63
6827,557.0,12,1.0
6828,558.0,12,0.0
6829,559.0,12,0.0
6830,560.0,12,0.036
6831,561.0,12,0.0
6832,562.0,12,0.0
6833,563.0,12,0.005
6834,564.0,12,0.08
6835,565.0,12,0.009
6836,566.0,12,0.012
6837,567.0,12,0.009
6838,568.0,12,0.004
6839,569.0,12,0.004
6840,570.0,12,0.057
6841,1.0,13,0.81
6842,2.0,13,0.32
6843,3.0,13,0.2
6844,4.0,13,0.81
6845,5.0,13,2.9
6846,6.0,13,0.56
6847,7.0,13,1.1
6848,8.0,13,0.03
6849,9.0,13,0.19
6850,10.0,13,0.85
6851,11.0,13,1.4
6852,12.0,13,0.51
6853,13.0,13,0.89
6854,14.0,13,1.2
6855,15.0,13,0.6
6856,16.0,13,1.5
6857,17.0,13,0.6
6858,18.0,13,3.3
6859,19.0,13,0.43
6860,20.0,13,22.2
6861,21.0,13,0.0
6862,22.0,13,0.34
6863,23.0,13,0.4
6864,24.0,13,0.4
6865,25.0,13,0.98
6866,26.0,13,0.82
6867,27.0,13,1.7
6868,28.0,13,1.6
6869,29.0,13,0.8
6870,30.0,13,0.54
6871,31.0,13,0.47
6872,32.0,13,1.2
6873,33.0,13,0.0
6874,34.0,13,0.52
6875,35.0,13,1.3
6876,36.0,13,6.1
6877,37.0,13,0.47
6878,38.0,13,0.0
6879,39.0,13,0.25
6880,40.0,13,0.65
6881,41.0,13,0.4
6882,42.0,13,0.43
6883,43.0,13,0.43
6884,44.0,13,1.3
6885,45.0,13,0.3
6886,46.0,13,0.5
6887,47.0,13,2.6
6888,48.0,13,0.8
6889,49.0,13,0.58
6890,50.0,13,0.041
6891,51.0,13,2.0
6892,52.0,13,4.5
6893,53.0,13,35.0
6894,54.0,13,0.22
6895,55.0,13,9.3
6896,56.0,13,0.0
6897,57.0,13,1.3
6898,58.0,13,0.12
6899,59.0,13,0.16
6900,60.0,13,0.3
6901,61.0,13,2.4
6902,62.0,13,2.5
6903,63.0,13,1.1
6904,64.0,13,0.22
6905,65.0,13,0.69
6906,66.0,13,0.46
6907,67.0,13,0.84
6908,68.0,13,10.7
6909,69.0,13,0.2
6910,70.0,13,0.71
6911,71.0,13,0.2
6912,72.0,13,0.15
6913,73.0,13,0.03
6914,74.0,13,0.088
6915,75.0,13,0.056
6916,76.0,13,0.055
6917,77.0,13,0.049
6918,78.0,13,0.03
6919,79.0,13,0.05
6920,80.0,13,0.12
6921,81.0,13,0.18
6922,82.0,13,0.4
6923,83.0,13,0.05
6924,84.0,13,0.4
6925,85.0,13,0.14
6926,86.0,13,0.1
6927,87.0,13,0.4
6928,88.0,13,0.052
6929,89.0,13,0.0
6930,90.0,13,0.2
6931,91.0,13,0.2
6932,92.0,13,0.2
6933,93.0,13,0.4
6934,94.0,13,0.07
6935,95.0,13,0.1
6936,96.0,13,0.05
6937,97.0,13,0.099
6938,98.0,13,0.076
6939,99.0,13,0.11
6940,100.0,13,0.11
6941,101.0,13,0.095
6942,102.0,13,0.1
6943,103.0,13,0.007
6944,104.0,13,0.11
6945,105.0,13,0.2
6946,106.0,13,0.2
6947,107.0,13,0.2
6948,108.0,13,0.11
6949,109.0,13,0.24
6950,110.0,13,0.49
6951,111.0,13,0.14
6952,112.0,13,0.1
6953,113.0,13,0.16
6954,114.0,13,0.5
6955,115.0,13,0.09
6956,116.0,13,0.23
6957,117.0,13,0.37
6958,118.0,13,0.098
6959,119.0,13,0.05
6960,120.0,13,0.088
6961,121.0,13,0.3
6962,122.0,13,0.3
6963,123.0,13,0.18
6964,124.0,13,0.3
6965,125.0,13,0.1
6966,126.0,13,0.053
6967,127.0,13,0.0
6968,128.0,13,0.02
6969,129.0,13,0.071
6970,130.0,13,2.1
6971,131.0,13,10.3
6972,132.0,13,0.0
6973,133.0,13,0.0
6974,134.0,13,0.0
6975,135.0,13,0.0
6976,136.0,13,0.0
6977,137.0,13,0.0
6978,138.0,13,0.0
6979,139.0,13,0.0
6980,140.0,13,0.0
6981,141.0,13,0.0
6982,142.0,13,0.066
6983,143.0,13,0.074
6984,144.0,13,0.11
6985,145.0,13,1.5
6986,146.0,13,0.03
6987,147.0,13,0.14
6988,148.0,13,1.9
6989,149.0,13,0.02
6990,150.0,13,0.0
6991,151.0,13,0.062
6992,152.0,13,0.0
6993,153.0,13,0.093
6994,154.0,13,0.3
6995,155.0,13,0.078
6996,156.0,13,0.68
6997,157.0,13,0.2
6998,,13,0.24
6999,159.0,13,0.13
7000,160.0,13,0.11
7001,161.0,13,0.073
7002,162.0,13,0.21
7003,163.0,13,0.21
7004,164.0,13,0.4
7005,165.0,13,0.055
7006,166.0,13,0.089
7007,167.0,13,0.094
7008,168.0,13,0.037
7009,169.0,13,0.11
7010,170.0,13,0.11
7011,171.0,13,0.079
7012,172.0,13,0.015
7013,173.0,13,0.2
7014,174.0,13,0.4
7015,175.0,13,0.076
7016,176.0,13,0.049
7017,177.0,13,0.1
7018,178.0,13,0.02
7019,179.0,13,0.044
7020,180.0,13,0.1
7021,181.0,13,0.09
7022,182.0,13,0.069
7023,183.0,13,0.056
7024,184.0,13,0.1
7025,185.0,13,0.06
7026,186.0,13,0.048
7027,187.0,13,0.048
7028,188.0,13,12.9
7029,189.0,13,8.6
7030,190.0,13,8.6
7031,191.0,13,13.2
7032,192.0,13,16.5
7033,193.0,13,13.2
7034,194.0,13,0.6
7035,195.0,13,40.2
7036,196.0,13,21.8
7037,197.0,13,41.7
7038,198.0,13,41.7
7039,199.0,13,37.5
7040,200.0,13,37.5
7041,201.0,13,19.9
7042,202.0,13,7.6
7043,203.0,13,8.1
7044,204.0,13,0.085
7045,205.0,13,0.04
7046,206.0,13,0.21
7047,207.0,13,0.31
7048,208.0,13,0.0
7049,209.0,13,0.13
7050,210.0,13,0.25
7051,211.0,13,0.01
7052,212.0,13,0.13
7053,213.0,13,0.04
7054,214.0,13,0.01
7055,215.0,13,0.029
7056,216.0,13,0.72
7057,217.0,13,0.6
7058,218.0,13,0.13
7059,219.0,13,0.3
7060,220.0,13,0.04
7061,221.0,13,1.2
7062,222.0,13,0.56
7063,223.0,13,0.77
7064,224.0,13,0.74
7065,225.0,13,0.56
7066,226.0,13,2.4
7067,227.0,13,1.0
7068,228.0,13,0.6
7069,229.0,13,1.7
7070,230.0,13,0.0
7071,231.0,13,0.0
7072,232.0,13,0.56
7073,233.0,13,0.47
7074,234.0,13,0.0
7075,235.0,13,0.0
7076,237.0,13,0.56
7077,237.0,13,0.56
7078,238.0,13,0.8
7079,239.0,13,0.0
7080,240.0,13,0.0
7081,241.0,13,0.081
7082,242.0,13,0.0
7083,243.0,13,0.1
7084,244.0,13,0.0
7085,245.0,13,0.0
7086,246.0,13,0.0
7087,247.0,13,0.12
7088,248.0,13,0.1
7089,249.0,13,0.08
7090,250.0,13,0.0
7091,251.0,13,0.0
7092,252.0,13,0.0
7093,253.0,13,0.0
7094,254.0,13,0.13
7095,255.0,13,0.0
7096,256.0,13,0.28
7097,257.0,13,0.0
7098,258.0,13,1.3
7099,259.0,13,13.0
7100,260.0,13,12.0
7101,261.0,13,3.3
7102,262.0,13,0.55
7103,263.0,13,3.9
7104,264.0,13,0.96
7105,265.0,13,2.6
7106,266.0,13,0.9
7107,267.0,13,3.8
7108,268.0,13,3.1
7109,269.0,13,2.3
7110,270.0,13,2.4
7111,271.0,13,0.24
7112,272.0,13,1.5
7113,273.0,13,2.4
7114,274.0,13,7.2
7115,275.0,13,1.2
7116,276.0,13,0.8
7117,277.0,13,4.5
7118,278.0,13,2.2
7119,279.0,13,1.7
7120,280.0,13,3.0
7121,281.0,13,4.5
7122,282.0,13,3.5
7123,283.0,13,0.8
7124,284.0,13,5.3
7125,285.0,13,1.7
7126,286.0,13,0.8
7127,287.0,13,0.8
7128,288.0,13,3.0
7129,289.0,13,4.0
7130,290.0,13,2.6
7131,291.0,13,2.1
7132,292.0,13,2.5
7133,293.0,13,1.7
7134,294.0,13,0.6
7135,295.0,13,2.5
7136,296.0,13,0.66
7137,297.0,13,1.4
7138,298.0,13,4.7
7139,299.0,13,0.9
7140,300.0,13,2.1
7141,301.0,13,0.15
7142,302.0,13,4.5
7143,303.0,13,2.6
7144,304.0,13,4.7
7145,305.0,13,0.39
7146,306.0,13,0.57
7147,307.0,13,4.4
7148,308.0,13,1.5
7149,309.0,13,1.6
7150,310.0,13,0.58
7151,311.0,13,0.18
7152,312.0,13,1.8
7153,313.0,13,0.9
7154,314.0,13,0.48
7155,315.0,13,0.49
7156,316.0,13,0.23
7157,317.0,13,0.39
7158,318.0,13,0.2
7159,319.0,13,0.35
7160,320.0,13,0.49
7161,321.0,13,0.41
7162,322.0,13,0.19
7163,323.0,13,0.92
7164,324.0,13,0.19
7165,325.0,13,1.1
7166,326.0,13,0.6
7167,327.0,13,2.7
7168,328.0,13,0.5
7169,329.0,13,1.4
7170,330.0,13,0.75
7171,331.0,13,0.75
7172,332.0,13,0.74
7173,333.0,13,1.1
7174,334.0,13,0.9
7175,335.0,13,0.4
7176,336.0,13,0.9
7177,337.0,13,0.32
7178,338.0,13,0.65
7179,339.0,13,0.35
7180,340.0,13,0.35
7181,341.0,13,0.34
7182,342.0,13,1.1
7183,343.0,13,0.4
7184,344.0,13,1.4
7185,345.0,13,0.12
7186,346.0,13,1.4
7187,347.0,13,1.3
7188,348.0,13,0.88
7189,349.0,13,0.2
7190,350.0,13,0.2
7191,351.0,13,0.68
7192,352.0,13,0.5
7193,353.0,13,2.2
7194,354.0,13,2.2
7195,355.0,13,0.5
7196,356.0,13,0.5
7197,357.0,13,0.66
7198,358.0,13,0.55
7199,359.0,13,0.22
7200,360.0,13,0.53
7201,361.0,13,0.28
7202,362.0,13,0.5
7203,363.0,13,3.2
7204,364.0,13,1.5
7205,365.0,13,4.4
7206,366.0,13,2.6
7207,367.0,13,2.3
7208,368.0,13,2.5
7209,369.0,13,0.8
7210,370.0,13,0.6
7211,371.0,13,0.51
7212,372.0,13,0.8
7213,373.0,13,1.2
7214,374.0,13,3.3
7215,375.0,13,1.4
7216,376.0,13,2.9
7217,377.0,13,2.5
7218,378.0,13,2.2
7219,379.0,13,0.27
7220,380.0,13,0.39
7221,381.0,13,3.1
7222,382.0,13,0.6
7223,383.0,13,0.46
7224,384.0,13,0.23
7225,385.0,13,0.81
7226,386.0,13,0.17
7227,387.0,13,0.43
7228,388.0,13,0.17
7229,389.0,13,0.13
7230,390.0,13,0.31
7231,391.0,13,0.53
7232,392.0,13,0.56
7233,393.0,13,0.17
7234,394.0,13,1.4
7235,395.0,13,8.3
7236,396.0,13,0.2
7237,397.0,13,5.6
7238,398.0,13,0.21
7239,399.0,13,5.4
7240,400.0,13,4.2
7241,401.0,13,0.65
7242,402.0,13,3.8
7243,403.0,13,4.9
7244,404.0,13,2.3
7245,405.0,13,4.9
7246,406.0,13,0.59
7247,407.0,13,32.0
7248,408.0,13,1.8
7249,409.0,13,26.3
7250,410.0,13,61.7
7251,411.0,13,63.3
7252,412.0,13,30.5
7253,413.0,13,67.8
7254,414.0,13,51.3
7255,415.0,13,69.0
7256,416.0,13,8.2
7257,417.0,13,10.0
7258,418.0,13,10.0
7259,419.0,13,10.0
7260,420.0,13,10.4
7261,421.0,13,41.7
7262,422.0,13,58.8
7263,423.0,13,3.0
7264,424.0,13,2.0
7265,425.0,13,3.3
7266,426.0,13,19.5
7267,427.0,13,17.5
7268,428.0,13,31.0
7269,429.0,13,13.9
7270,430.0,13,25.4
7271,431.0,13,22.8
7272,432.0,13,3.0
7273,433.0,13,9.8
7274,434.0,13,0.18
7275,435.0,13,0.39
7276,436.0,13,2.2
7277,437.0,13,2.1
7278,438.0,13,0.53
7279,439.0,13,0.43
7280,440.0,13,0.18
7281,441.0,13,0.22
7282,442.0,13,0.04
7283,443.0,13,3.6
7284,444.0,13,0.76
7285,445.0,13,0.0
7286,446.0,13,3.8
7287,447.0,13,0.6
7288,448.0,13,0.0
7289,449.0,13,0.13
7290,450.0,13,0.93
7291,451.0,13,2.3
7292,452.0,13,0.0
7293,453.0,13,0.0
7294,454.0,13,4.4
7295,455.0,13,0.51
7296,456.0,13,0.35
7297,457.0,13,0.0
7298,458.0,13,5.3
7299,459.0,13,0.19
7300,460.0,13,8.2
7301,461.0,13,0.64
7302,462.0,13,1.1
7303,463.0,13,0.0
7304,464.0,13,0.0
7305,465.0,13,0.0
7306,466.0,13,0.0
7307,467.0,13,0.0
7308,468.0,13,3.2
7309,469.0,13,0.0
7310,470.0,13,0.004
7311,471.0,13,0.0
7312,472.0,13,0.0
7313,473.0,13,0.0
7314,474.0,13,0.0
7315,475.0,13,8.7
7316,476.0,13,0.0
7317,477.0,13,0.18
7318,478.0,13,42.4
7319,479.0,13,15.7
7320,480.0,13,1.6
7321,481.0,13,1.2
7322,482.0,13,0.98
7323,483.0,13,1.1
7324,484.0,13,1.8
7325,485.0,13,2.6
7326,486.0,13,0.0
7327,487.0,13,1.2
7328,488.0,13,32.9
7329,489.0,13,1.2
7330,490.0,13,0.044
7331,491.0,13,1.2
7332,492.0,13,0.0
7333,493.0,13,0.0
7334,494.0,13,0.0
7335,495.0,13,5.0
7336,496.0,13,0.0
7337,497.0,13,0.0
7338,498.0,13,5.0
7339,499.0,13,0.5
7340,500.0,13,3.1
7341,501.0,13,3.1
7342,502.0,13,3.1
7343,503.0,13,6.0
7344,504.0,13,5.5
7345,505.0,13,12.0
7346,506.0,13,3.1
7347,507.0,13,5.5
7348,508.0,13,12.0
7349,509.0,13,2.5
7350,510.0,13,0.14
7351,511.0,13,4.7
7352,512.0,13,0.0
7353,513.0,13,1.3
7354,514.0,13,1.8
7355,515.0,13,2.0
7356,516.0,13,1.6
7357,517.0,13,2.5
7358,518.0,13,2.9
7359,519.0,13,0.0
7360,520.0,13,0.14
7361,521.0,13,0.14
7362,522.0,13,0.0
7363,523.0,13,3.3
7364,524.0,13,0.0
7365,525.0,13,0.0
7366,526.0,13,0.0
7367,527.0,13,0.0
7368,528.0,13,0.0
7369,529.0,13,0.0
7370,530.0,13,0.0
7371,531.0,13,0.0
7372,532.0,13,0.06
7373,533.0,13,0.0
7374,534.0,13,0.0
7375,535.0,13,0.0
7376,536.0,13,0.0
7377,537.0,13,0.0
7378,538.0,13,0.0
7379,539.0,13,0.0
7380,540.0,13,0.0
7381,541.0,13,0.0
7382,542.0,13,0.0
7383,543.0,13,0.3
7384,544.0,13,0.5
7385,545.0,13,5.1
7386,546.0,13,0.09
7387,547.0,13,0.19
7388,548.0,13,5.1
7389,549.0,13,0.2
7390,550.0,13,0.89
7391,551.0,13,0.002
7392,552.0,13,0.0
7393,553.0,13,0.4
7394,554.0,13,0.2
7395,555.0,13,0.3
7396,556.0,13,0.31
7397,557.0,13,0.26
7398,558.0,13,0.0
7399,559.0,13,0.0
7400,560.0,13,0.049
7401,561.0,13,0.0
7402,562.0,13,0.0
7403,563.0,13,0.036
7404,564.0,13,0.11
7405,565.0,13,0.028
7406,566.0,13,0.021
7407,567.0,13,0.024
7408,568.0,13,0.028
7409,569.0,13,0.05
7410,570.0,13,0.14
7411,1.0,14,0.0
7412,2.0,14,0.0
7413,3.0,14,0.0
7414,4.0,14,0.0
7415,5.0,14,0.0
7416,6.0,14,0.0
7417,7.0,14,0.0
7418,8.0,14,0.0
7419,9.0,14,0.0
7420,10.0,14,0.0
7421,11.0,14,0.0
7422,12.0,14,0.0
7423,13.0,14,0.0
7424,14.0,14,0.0
7425,15.0,14,0.0
7426,16.0,14,0.0
7427,17.0,14,0.0
7428,18.0,14,0.0
7429,19.0,14,0.0
7430,20.0,14,1.0
7431,21.0,14,114.0
7432,22.0,14,0.0
7433,23.0,14,0.0
7434,24.0,14,0.0
7435,25.0,14,0.0
7436,26.0,14,1.0
7437,27.0,14,0.0
7438,28.0,14,0.0
7439,29.0,14,0.0
7440,30.0,14,0.0
7441,31.0,14,30.7
7442,32.0,14,0.0
7443,33.0,14,0.0
7444,34.0,14,0.0
7445,35.0,14,0.0
7446,36.0,14,0.0
7447,37.0,14,0.0
7448,38.0,14,0.0
7449,39.0,14,0.0
7450,40.0,14,0.0
7451,41.0,14,30.0
7452,42.0,14,0.0
7453,43.0,14,33.0
7454,44.0,14,0.0
7455,45.0,14,23.0
7456,46.0,14,26.0
7457,47.0,14,0.0
7458,48.0,14,0.0
7459,49.0,14,0.0
7460,50.0,14,0.0
7461,51.0,14,5.0
7462,52.0,14,0.0
7463,53.0,14,0.0
7464,54.0,14,0.0
7465,55.0,14,0.0
7466,56.0,14,0.0
7467,57.0,14,0.0
7468,58.0,14,0.0
7469,59.0,14,0.0
7470,60.0,14,0.0
7471,61.0,14,0.0
7472,62.0,14,0.0
7473,63.0,14,0.0
7474,64.0,14,0.0
7475,65.0,14,0.0
7476,66.0,14,0.0
7477,67.0,14,0.0
7478,68.0,14,0.0
7479,69.0,14,0.0
7480,70.0,14,0.0
7481,71.0,14,0.0
7482,72.0,14,0.0
7483,73.0,14,0.0
7484,74.0,14,0.0
7485,75.0,14,0.0
7486,76.0,14,0.0
7487,77.0,14,0.0
7488,78.0,14,0.0
7489,79.0,14,0.0
7490,80.0,14,0.0
7491,81.0,14,0.0
7492,82.0,14,0.0
7493,83.0,14,0.0
7494,84.0,14,0.0
7495,85.0,14,0.0
7496,86.0,14,0.0
7497,87.0,14,0.0
7498,88.0,14,0.0
7499,89.0,14,0.0
7500,90.0,14,0.0
7501,91.0,14,0.0
7502,92.0,14,0.0
7503,93.0,14,0.0
7504,94.0,14,0.0
7505,95.0,14,0.0
7506,96.0,14,0.0
7507,97.0,14,0.0
7508,98.0,14,0.0
7509,99.0,14,0.0
7510,100.0,14,0.0
7511,101.0,14,0.0
7512,102.0,14,0.0
7513,103.0,14,0.0
7514,104.0,14,0.0
7515,105.0,14,0.0
7516,106.0,14,0.0
7517,107.0,14,0.0
7518,108.0,14,0.0
7519,109.0,14,0.0
7520,110.0,14,0.0
7521,111.0,14,0.0
7522,112.0,14,0.0
7523,113.0,14,0.0
7524,114.0,14,0.0
7525,115.0,14,0.0
7526,116.0,14,0.0
7527,117.0,14,0.0
7528,118.0,14,0.0
7529,119.0,14,0.0
7530,120.0,14,0.0
7531,121.0,14,0.0
7532,122.0,14,0.0
7533,123.0,14,0.0
7534,124.0,14,0.0
7535,125.0,14,0.0
7536,126.0,14,0.0
7537,127.0,14,0.0
7538,128.0,14,0.0
7539,129.0,14,0.0
7540,130.0,14,0.0
7541,131.0,14,0.0
7542,132.0,14,0.0
7543,133.0,14,0.0
7544,134.0,14,0.0
7545,135.0,14,0.0
7546,136.0,14,0.0
7547,137.0,14,0.0
7548,138.0,14,0.0
7549,139.0,14,0.0
7550,140.0,14,0.0
7551,141.0,14,0.0
7552,142.0,14,0.0
7553,143.0,14,0.0
7554,144.0,14,0.0
7555,145.0,14,0.0
7556,146.0,14,0.0
7557,147.0,14,0.0
7558,148.0,14,0.0
7559,149.0,14,0.0
7560,150.0,14,0.0
7561,151.0,14,0.0
7562,152.0,14,0.0
7563,153.0,14,0.0
7564,154.0,14,0.0
7565,155.0,14,0.0
7566,156.0,14,0.0
7567,157.0,14,0.0
7568,,14,0.0
7569,159.0,14,0.0
7570,160.0,14,0.0
7571,161.0,14,0.0
7572,162.0,14,0.0
7573,163.0,14,0.0
7574,164.0,14,0.0
7575,165.0,14,0.0
7576,166.0,14,0.0
7577,167.0,14,0.0
7578,168.0,14,0.0
7579,169.0,14,0.0
7580,170.0,14,0.0
7581,171.0,14,0.0
7582,172.0,14,0.0
7583,173.0,14,0.0
7584,174.0,14,0.0
7585,175.0,14,0.0
7586,176.0,14,0.0
7587,177.0,14,0.0
7588,178.0,14,0.0
7589,179.0,14,0.0
7590,180.0,14,0.0
7591,181.0,14,0.0
7592,182.0,14,0.0
7593,183.0,14,0.0
7594,184.0,14,0.0
7595,185.0,14,0.0
7596,186.0,14,0.0
7597,187.0,14,0.0
7598,188.0,14,0.0
7599,189.0,14,0.0
7600,190.0,14,0.0
7601,191.0,14,0.0
7602,192.0,14,0.0
7603,193.0,14,0.0
7604,194.0,14,0.0
7605,195.0,14,0.0
7606,196.0,14,0.0
7607,197.0,14,0.0
7608,198.0,14,0.0
7609,199.0,14,0.0
7610,200.0,14,0.0
7611,201.0,14,0.0
7612,202.0,14,0.0
7613,203.0,14,0.0
7614,204.0,14,0.0
7615,205.0,14,0.0
7616,206.0,14,25.0
7617,207.0,14,36.0
7618,208.0,14,1.0
7619,209.0,14,11.0
7620,210.0,14,11.0
7621,211.0,14,2.6
7622,212.0,14,14.0
7623,213.0,14,6.3
7624,214.0,14,2.6
7625,215.0,14,12.0
7626,216.0,14,97.0
7627,217.0,14,60.0
7628,218.0,14,14.0
7629,219.0,14,34.0
7630,220.0,14,6.3
7631,221.0,14,34.0
7632,222.0,14,68.0
7633,223.0,14,88.0
7634,224.0,14,84.0
7635,225.0,14,68.0
7636,226.0,14,100.0
7637,227.0,14,70.0
7638,228.0,14,50.0
7639,229.0,14,84.9
7640,230.0,14,310.0
7641,231.0,14,438.64
7642,232.0,14,68.0
7643,233.0,14,78.0
7644,234.0,14,97.53
7645,235.0,14,83.33
7646,237.0,14,68.0
7647,237.0,14,68.0
7648,238.0,14,0.0
7649,239.0,14,0.0
7650,240.0,14,0.0
7651,241.0,14,1.0
7652,242.0,14,0.3
7653,243.0,14,4.0
7654,244.0,14,1.0
7655,245.0,14,1.0
7656,246.0,14,1.0
7657,247.0,14,14.5
7658,248.0,14,10.7
7659,249.0,14,11.0
7660,250.0,14,4.0
7661,251.0,14,0.0
7662,252.0,14,0.0
7663,253.0,14,0.0
7664,254.0,14,10.2
7665,255.0,14,4.0
7666,256.0,14,11.0
7667,257.0,14,0.0
7668,258.0,14,844.0
7669,259.0,14,1.4
7670,260.0,14,3.8
7671,261.0,14,77.0
7672,262.0,14,76.0
7673,263.0,14,72.0
7674,264.0,14,72.0
7675,265.0,14,86.0
7676,266.0,14,84.0
7677,267.0,14,80.0
7678,268.0,14,95.0
7679,269.0,14,76.0
7680,270.0,14,74.0
7681,271.0,14,45.0
7682,272.0,14,62.0
7683,273.0,14,99.0
7684,274.0,14,100.0
7685,275.0,14,70.0
7686,276.0,14,64.4
7687,277.0,14,72.0
7688,278.0,14,78.0
7689,279.0,14,70.6
7690,280.0,14,6.2
7691,281.0,14,69.0
7692,282.0,14,57.0
7693,283.0,14,68.4
7694,284.0,14,57.0
7695,285.0,14,79.5
7696,286.0,14,80.6
7697,287.0,14,78.0
7698,288.0,14,50.0
7699,289.0,14,80.0
7700,290.0,14,76.0
7701,291.0,14,70.0
7702,292.0,14,72.6
7703,293.0,14,60.4
7704,294.0,14,68.0
7705,295.0,14,0.0
7706,296.0,14,70.9
7707,297.0,14,172.0
7708,298.0,14,88.5
7709,299.0,14,64.3
7710,300.0,14,73.9
7711,301.0,14,0.0
7712,302.0,14,79.0
7713,303.0,14,67.0
7714,304.0,14,77.7
7715,305.0,14,56.0
7716,306.0,14,54.0
7717,307.0,14,65.0
7718,308.0,14,52.0
7719,309.0,14,65.0
7720,310.0,14,65.0
7721,311.0,14,65.0
7722,312.0,14,52.0
7723,313.0,14,67.5
7724,314.0,14,66.0
7725,315.0,14,70.0
7726,316.0,14,59.0
7727,317.0,14,70.0
7728,318.0,14,70.0
7729,319.0,14,62.8
7730,320.0,14,70.0
7731,321.0,14,73.0
7732,322.0,14,59.0
7733,323.0,14,71.2
7734,324.0,14,95.0
7735,325.0,14,131.0
7736,326.0,14,135.0
7737,327.0,14,136.0
7738,328.0,14,140.0
7739,329.0,14,354.0
7740,330.0,14,371.0
7741,331.0,14,492.0
7742,332.0,14,261.0
7743,333.0,14,116.0
7744,334.0,14,180.0
7745,335.0,14,62.0
7746,336.0,14,87.0
7747,337.0,14,260.0
7748,338.0,14,217.0
7749,339.0,14,320.0
7750,340.0,14,0.0
7751,341.0,14,242.0
7752,342.0,14,385.0
7753,343.0,14,400.0
7754,344.0,14,380.0
7755,345.0,14,40.0
7756,346.0,14,2550.0
7757,347.0,14,2100.0
7758,348.0,14,2000.0
7759,349.0,14,34.0
7760,350.0,14,34.0
7761,351.0,14,89.0
7762,352.0,14,168.0
7763,353.0,14,100.0
7764,354.0,14,100.0
7765,355.0,14,168.0
7766,356.0,14,105.0
7767,357.0,14,185.0
7768,358.0,14,140.0
7769,359.0,14,185.0
7770,360.0,14,126.0
7771,361.0,14,123.0
7772,362.0,14,48.0
7773,363.0,14,164.0
7774,364.0,14,50.0
7775,365.0,14,48.0
7776,366.0,14,45.0
7777,367.0,14,69.0
7778,368.0,14,76.0
7779,369.0,14,67.0
7780,370.0,14,40.0
7781,371.0,14,79.0
7782,372.0,14,79.0
7783,373.0,14,39.0
7784,374.0,14,48.1
7785,375.0,14,70.0
7786,376.0,14,79.8
7787,377.0,14,70.0
7788,378.0,14,67.2
7789,379.0,14,71.0
7790,380.0,14,34.0
7791,381.0,14,93.7
7792,382.0,14,80.0
7793,383.0,14,67.0
7794,384.0,14,37.0
7795,385.0,14,81.0
7796,386.0,14,29.8
7797,387.0,14,42.0
7798,388.0,14,56.8
7799,389.0,14,63.0
7800,390.0,14,25.0
7801,391.0,14,65.0
7802,392.0,14,25.0
7803,393.0,14,65.0
7804,394.0,14,35.0
7805,395.0,14,70.6
7806,396.0,14,51.0
7807,397.0,14,39.8
7808,398.0,14,51.0
7809,399.0,14,46.7
7810,400.0,14,33.0
7811,401.0,14,40.0
7812,402.0,14,78.5
7813,403.0,14,65.0
7814,404.0,14,100.0
7815,405.0,14,65.0
7816,406.0,14,56.0
7817,407.0,14,0.0
7818,408.0,14,0.0
7819,409.0,14,0.0
7820,410.0,14,0.0
7821,411.0,14,0.0
7822,412.0,14,650.0
7823,413.0,14,0.0
7824,414.0,14,0.0
7825,415.0,14,0.0
7826,416.0,14,0.0
7827,417.0,14,0.0
7828,418.0,14,0.0
7829,419.0,14,0.0
7830,420.0,14,0.0
7831,421.0,14,0.0
7832,422.0,14,0.0
7833,423.0,14,215.0
7834,424.0,14,106.0
7835,425.0,14,215.0
7836,426.0,14,115.0
7837,427.0,14,0.0
7838,428.0,14,2.0
7839,429.0,14,4.2
7840,430.0,14,0.0
7841,431.0,14,0.0
7842,432.0,14,0.0
7843,433.0,14,93.0
7844,434.0,14,0.0
7845,435.0,14,0.0
7846,436.0,14,0.0
7847,437.0,14,0.0
7848,438.0,14,0.0
7849,439.0,14,0.0
7850,440.0,14,0.0
7851,441.0,14,0.0
7852,442.0,14,0.0
7853,443.0,14,0.0
7854,444.0,14,0.0
7855,445.0,14,0.0
7856,446.0,14,0.0
7857,447.0,14,0.0
7858,448.0,14,0.0
7859,449.0,14,0.0
7860,450.0,14,0.0
7861,451.0,14,0.0
7862,452.0,14,0.0
7863,453.0,14,0.0
7864,454.0,14,0.0
7865,455.0,14,0.0
7866,456.0,14,0.0
7867,457.0,14,0.0
7868,458.0,14,0.0
7869,459.0,14,0.0
7870,460.0,14,0.0
7871,461.0,14,0.0
7872,462.0,14,0.0
7873,463.0,14,0.0
7874,464.0,14,0.0
7875,465.0,14,0.0
7876,466.0,14,0.0
7877,467.0,14,0.0
7878,468.0,14,0.0
7879,469.0,14,0.0
7880,470.0,14,0.0
7881,471.0,14,0.0
7882,472.0,14,0.0
7883,473.0,14,0.0
7884,474.0,14,0.0
7885,475.0,14,0.0
7886,476.0,14,0.0
7887,477.0,14,0.0
7888,478.0,14,100.0
7889,479.0,14,50.0
7890,480.0,14,0.0
7891,481.0,14,0.0
7892,482.0,14,0.0
7893,483.0,14,0.0
7894,484.0,14,26.0
7895,485.0,14,25.0
7896,486.0,14,3.0
7897,487.0,14,97.0
7898,488.0,14,39.0
7899,489.0,14,29.0
7900,490.0,14,0.0
7901,491.0,14,200.0
7902,492.0,14,0.0
7903,493.0,14,0.1
7904,494.0,14,0.1
7905,495.0,14,0.01
7906,496.0,14,0.13
7907,497.0,14,0.0
7908,498.0,14,0.1
7909,499.0,14,0.35
7910,500.0,14,6.4
7911,501.0,14,1.5
7912,502.0,14,3.4
7913,503.0,14,0.9
7914,504.0,14,1.7
7915,505.0,14,1.7
7916,506.0,14,1.9
7917,507.0,14,1.4
7918,508.0,14,1.0
7919,509.0,14,7.5
7920,510.0,14,12.0
7921,511.0,14,53.3
7922,512.0,14,0.0
7923,513.0,14,0.0
7924,514.0,14,88.0
7925,515.0,14,41.0
7926,516.0,14,51.0
7927,517.0,14,65.9
7928,518.0,14,0.0
7929,519.0,14,0.0
7930,520.0,14,0.0
7931,521.0,14,0.0
7932,522.0,14,0.0
7933,523.0,14,0.0
7934,524.0,14,0.0
7935,525.0,14,0.0
7936,526.0,14,0.0
7937,527.0,14,0.0
7938,528.0,14,0.0
7939,529.0,14,0.0
7940,530.0,14,0.0
7941,531.0,14,0.0
7942,532.0,14,0.0
7943,533.0,14,0.0
7944,534.0,14,0.0
7945,535.0,14,0.0
7946,536.0,14,0.0
7947,537.0,14,0.0
7948,538.0,14,0.0
7949,539.0,14,0.0
7950,540.0,14,0.0
7951,541.0,14,0.0
7952,542.0,14,0.0
7953,543.0,14,0.0
7954,544.0,14,0.0
7955,545.0,14,0.0
7956,546.0,14,0.0
7957,547.0,14,0.0
7958,548.0,14,0.0
7959,549.0,14,0.0
7960,550.0,14,0.0
7961,551.0,14,0.0
7962,552.0,14,0.0
7963,553.0,14,0.0
7964,554.0,14,0.0
7965,555.0,14,0.0
7966,556.0,14,0.0
7967,557.0,14,0.0
7968,558.0,14,0.0
7969,559.0,14,0.0
7970,560.0,14,0.0
7971,561.0,14,0.0
7972,562.0,14,0.0
7973,563.0,14,0.0
7974,564.0,14,0.0
7975,565.0,14,0.0
7976,566.0,14,0.0
7977,567.0,14,0.0
7978,568.0,14,0.0
7979,569.0,14,0.0
7980,570.0,14,0.0
7981,1.0,15,1.8
7982,2.0,15,0.0
7983,3.0,15,0.0
7984,4.0,15,0.0
7985,5.0,15,0.0
7986,6.0,15,2.2
7987,7.0,15,1.2
7988,8.0,15,0.0
7989,9.0,15,0.0
7990,10.0,15,0.0
7991,11.0,15,50.0
7992,12.0,15,0.17
7993,13.0,15,0.0
7994,14.0,15,0.0
7995,15.0,15,13.0
7996,16.0,15,21.4
7997,17.0,15,26.3
7998,18.0,15,1.4
7999,19.0,15,0.0
8000,20.0,15,0.0
8001,21.0,15,35.8
8002,22.0,15,0.33
8003,23.0,15,0.0
8004,24.0,15,0.0
8005,25.0,15,0.0
8006,26.0,15,0.0
8007,27.0,15,2.0
8008,28.0,15,0.83
8009,29.0,15,0.0
8010,30.0,15,8.3
8011,31.0,15,0.0
8012,32.0,15,0.0
8013,33.0,15,0.33
8014,34.0,15,0.0
8015,35.0,15,0.01
8016,36.0,15,0.0
8017,37.0,15,0.0
8018,38.0,15,0.0
8019,39.0,15,0.0
8020,40.0,15,0.0
8021,41.0,15,63.0
8022,42.0,15,8.0
8023,43.0,15,6.0
8024,44.0,15,0.0
8025,45.0,15,0.0
8026,46.0,15,38.0
8027,47.0,15,0.0
8028,48.0,15,2.0
8029,49.0,15,4.2
8030,50.0,15,8.3
8031,51.0,15,1.7
8032,52.0,15,0.0
8033,53.0,15,0.0
8034,54.0,15,2.0
8035,55.0,15,0.0
8036,56.0,15,0.0
8037,57.0,15,3.5
8038,58.0,15,0.0
8039,59.0,15,0.0
8040,60.0,15,0.0
8041,61.0,15,6.9
8042,62.0,15,33.0
8043,63.0,15,5.3
8044,64.0,15,1.3
8045,65.0,15,67.0
8046,66.0,15,67.0
8047,67.0,15,10.0
8048,68.0,15,63.4
8049,69.0,15,0.0
8050,70.0,15,0.0
8051,71.0,15,1581.0
8052,72.0,15,0.0
8053,73.0,15,0.0
8054,74.0,15,12.0
8055,75.0,15,0.17
8056,76.0,15,3.8
8057,77.0,15,1.8
8058,78.0,15,0.0
8059,79.0,15,1.3
8060,80.0,15,1455.0
8061,81.0,15,8.0
8062,82.0,15,716.0
8063,83.0,15,67.5
8064,84.0,15,19.7
8065,85.0,15,46.3
8066,86.0,15,13.7
8067,87.0,15,75.0
8068,88.0,15,33.3
8069,89.0,15,0.0
8070,90.0,15,630.0
8071,91.0,15,630.0
8072,92.0,15,630.0
8073,93.0,15,95.8
8074,94.0,15,227.0
8075,95.0,15,0.0
8076,96.0,15,7.8
8077,97.0,15,8.3
8078,98.0,15,8.4
8079,99.0,15,987.0
8080,100.0,15,210.0
8081,101.0,15,71.1
8082,102.0,15,47.8
8083,103.0,15,128.0
8084,104.0,15,0.17
8085,105.0,15,95.3
8086,106.0,15,37.0
8087,107.0,15,5.0
8088,108.0,15,12.0
8089,109.0,15,12.8
8090,110.0,15,867.0
8091,111.0,15,0.33
8092,112.0,15,94.0
8093,113.0,15,542.0
8094,114.0,15,60.5
8095,115.0,15,18.0
8096,116.0,15,30.6
8097,117.0,15,29.2
8098,118.0,15,2.5
8099,119.0,15,45.7
8100,120.0,15,28.2
8101,121.0,15,539.0
8102,122.0,15,32.8
8103,123.0,15,123.0
8104,124.0,15,64.2
8105,125.0,15,217.0
8106,126.0,15,132.0
8107,127.0,15,0.0
8108,128.0,15,70.5
8109,129.0,15,437.0
8110,130.0,15,0.0
8111,131.0,15,0.0
8112,132.0,15,2.0
8113,133.0,15,10.0
8114,134.0,15,0.0
8115,135.0,15,0.0
8116,136.0,15,21.0
8117,137.0,15,10.0
8118,138.0,15,10.0
8119,139.0,15,0.0
8120,140.0,15,20.4
8121,141.0,15,3.2
8122,142.0,15,133.0
8123,143.0,15,361.0
8124,144.0,15,78.2
8125,145.0,15,0.0
8126,146.0,15,5.7
8127,147.0,15,5.0
8128,148.0,15,19.3
8129,149.0,15,26.0
8130,150.0,15,34.0
8131,151.0,15,267.0
8132,152.0,15,31.0
8133,153.0,15,2.8
8134,154.0,15,9.8
8135,155.0,15,23.2
8136,156.0,15,0.0
8137,157.0,15,3.8
8138,,15,3.0
8139,159.0,15,6.7
8140,160.0,15,13.5
8141,161.0,15,4.2
8142,162.0,15,122.0
8143,163.0,15,8.0
8144,164.0,15,6.2
8145,165.0,15,1.7
8146,166.0,15,0.57
8147,167.0,15,0.0
8148,168.0,15,65.0
8149,169.0,15,3.0
8150,170.0,15,109.0
8151,171.0,15,17.7
8152,172.0,15,112.0
8153,173.0,15,5.5
8154,174.0,15,45.0
8155,175.0,15,33.5
8156,176.0,15,8.7
8157,177.0,15,133.0
8158,178.0,15,153.0
8159,179.0,15,2.7
8160,180.0,15,6.1
8161,181.0,15,38.0
8162,182.0,15,149.0
8163,183.0,15,219.0
8164,184.0,15,35.4
8165,185.0,15,2.0
8166,186.0,15,6.6
8167,187.0,15,6.6
8168,188.0,15,20.0
8169,189.0,15,4.8
8170,190.0,15,4.8
8171,191.0,15,0.33
8172,192.0,15,0.0
8173,193.0,15,0.33
8174,194.0,15,4.0
8175,195.0,15,0.0
8176,196.0,15,0.9
8177,197.0,15,4.5
8178,198.0,15,4.5
8179,199.0,15,0.0
8180,200.0,15,0.0
8181,201.0,15,0.83
8182,202.0,15,25.0
8183,203.0,15,13.0
8184,204.0,15,0.5
8185,205.0,15,2.6
8186,206.0,15,53.7
8187,207.0,15,122.0
8188,208.0,15,31.3
8189,209.0,15,73.8
8190,210.0,15,51.0
8191,211.0,15,2.2
8192,212.0,15,46.0
8193,213.0,15,18.9
8194,214.0,15,2.2
8195,215.0,15,122.0
8196,216.0,15,253.0
8197,217.0,15,4.0
8198,218.0,15,46.0
8199,219.0,15,122.0
8200,220.0,15,18.9
8201,221.0,15,91.5
8202,222.0,15,360.0
8203,223.0,15,290.0
8204,224.0,15,440.0
8205,225.0,15,360.0
8206,226.0,15,486.0
8207,227.0,15,407.0
8208,228.0,15,288.0
8209,229.0,15,437.0
8210,230.0,15,0.0
8211,231.0,15,3.2
8212,232.0,15,360.0
8213,233.0,15,206.0
8214,234.0,15,0.0
8215,235.0,15,3.2
8216,237.0,15,360.0
8217,237.0,15,360.0
8218,238.0,15,2.0
8219,239.0,15,16.5
8220,240.0,15,0.0
8221,241.0,15,1.3
8222,242.0,15,2.0
8223,243.0,15,2.0
8224,244.0,15,2.0
8225,245.0,15,2.0
8226,246.0,15,0.8
8227,247.0,15,25.6
8228,248.0,15,14.5
8229,249.0,15,27.4
8230,250.0,15,27.0
8231,251.0,15,2.7
8232,252.0,15,17.0
8233,253.0,15,27.0
8234,254.0,15,9.8
8235,255.0,15,16.0
8236,256.0,15,121.0
8237,257.0,15,0.0
8238,258.0,15,90.0
8239,259.0,15,16.0
8240,260.0,15,16.0
8241,261.0,15,44.0
8242,262.0,15,17.0
8243,263.0,15,32.0
8244,264.0,15,1.0
8245,265.0,15,0.0
8246,266.0,15,12.0
8247,267.0,15,17.0
8248,268.0,15,73.0
8249,269.0,15,26.0
8250,270.0,15,13.0
8251,271.0,15,10.0
8252,272.0,15,11.0
8253,273.0,15,39.0
8254,274.0,15,0.0
8255,275.0,15,0.0
8256,276.0,15,0.0
8257,277.0,15,9.0
8258,278.0,15,0.0
8259,279.0,15,0.0
8260,280.0,15,0.0
8261,281.0,15,0.0
8262,282.0,15,11.0
8263,283.0,15,2.0
8264,284.0,15,11.0
8265,285.0,15,16.0
8266,286.0,15,0.0
8267,287.0,15,0.0
8268,288.0,15,0.0
8269,289.0,15,0.0
8270,290.0,15,0.0
8271,291.0,15,0.0
8272,292.0,15,0.0
8273,293.0,15,0.0
8274,294.0,15,0.0
8275,295.0,15,0.0
8276,296.0,15,0.0
8277,297.0,15,0.0
8278,298.0,15,13.0
8279,299.0,15,4.1
8280,300.0,15,0.0
8281,301.0,15,0.0
8282,302.0,15,0.0
8283,303.0,15,0.0
8284,304.0,15,0.0
8285,305.0,15,0.0
8286,306.0,15,21.0
8287,307.0,15,0.34
8288,308.0,15,0.0
8289,309.0,15,0.0
8290,310.0,15,0.0
8291,311.0,15,0.0
8292,312.0,15,0.0
8293,313.0,15,0.0
8294,314.0,15,1.0
8295,315.0,15,22.0
8296,316.0,15,0.0
8297,317.0,15,4.0
8298,318.0,15,0.0
8299,319.0,15,0.0
8300,320.0,15,22.0
8301,321.0,15,0.0
8302,322.0,15,4.0
8303,323.0,15,4.0
8304,324.0,15,0.0
8305,325.0,15,8.0
8306,326.0,15,0.0
8307,327.0,15,9.0
8308,328.0,15,0.0
8309,329.0,15,36000.0
8310,330.0,15,20010.0
8311,331.0,15,33.0
8312,332.0,15,18000.0
8313,333.0,15,0.0
8314,334.0,15,0.0
8315,335.0,15,0.0
8316,336.0,15,0.0
8317,337.0,15,0.0
8318,338.0,15,19.0
8319,339.0,15,0.0
8320,340.0,15,27.0
8321,341.0,15,14.0
8322,342.0,15,60.0
8323,343.0,15,105.0
8324,344.0,15,419.0
8325,345.0,15,30.0
8326,346.0,15,9.0
8327,347.0,15,0.0
8328,348.0,15,7.0
8329,349.0,15,90.0
8330,350.0,15,0.0
8331,351.0,15,1.0
8332,352.0,15,77.0
8333,353.0,15,31.0
8334,354.0,15,52.0
8335,355.0,15,77.0
8336,356.0,15,16.0
8337,357.0,15,54.0
8338,358.0,15,25.0
8339,359.0,15,0.0
8340,360.0,15,48.0
8341,361.0,15,90.0
8342,362.0,15,45.0
8343,363.0,15,980.0
8344,364.0,15,1043.0
8345,365.0,15,655.0
8346,366.0,15,16.0
8347,367.0,15,31.9
8348,368.0,15,100.0
8349,369.0,15,44.0
8350,370.0,15,1043.0
8351,371.0,15,12.0
8352,372.0,15,36.0
8353,373.0,15,20.0
8354,374.0,15,13.3
8355,375.0,15,9.0
8356,376.0,15,62.9
8357,377.0,15,48.0
8358,378.0,15,34.5
8359,379.0,15,14.0
8360,380.0,15,6.5
8361,381.0,15,83.4
8362,382.0,15,27.0
8363,383.0,15,17.0
8364,384.0,15,43.0
8365,385.0,15,37.0
8366,386.0,15,2.0
8367,387.0,15,9.0
8368,388.0,15,30.0
8369,389.0,15,10.0
8370,390.0,15,12.0
8371,391.0,15,27.0
8372,392.0,15,11.0
8373,393.0,15,0.0
8374,394.0,15,26.0
8375,395.0,15,67.4
8376,396.0,15,17.0
8377,397.0,15,62.2
8378,398.0,15,65.0
8379,399.0,15,26.0
8380,400.0,15,18.0
8381,401.0,15,5.0
8382,402.0,15,13.2
8383,403.0,15,49.0
8384,404.0,15,32.0
8385,405.0,15,49.0
8386,406.0,15,42.0
8387,407.0,15,0.0
8388,408.0,15,0.0
8389,409.0,15,0.0
8390,410.0,15,0.0
8391,411.0,15,4.3
8392,412.0,15,18000.0
8393,413.0,15,0.0
8394,414.0,15,0.0
8395,415.0,15,0.0
8396,416.0,15,0.0
8397,417.0,15,0.0
8398,418.0,15,0.0
8399,419.0,15,34.0
8400,420.0,15,9.3
8401,421.0,15,0.0
8402,422.0,15,0.0
8403,423.0,15,739.0
8404,424.0,15,474.0
8405,425.0,15,697.0
8406,426.0,15,638.0
8407,427.0,15,0.0
8408,428.0,15,731.0
8409,429.0,15,584.0
8410,430.0,15,731.0
8411,431.0,15,672.0
8412,432.0,15,0.0
8413,433.0,15,0.0
8414,434.0,15,0.0
8415,435.0,15,264.0
8416,436.0,15,931.0
8417,437.0,15,27.0
8418,438.0,15,28.0
8419,439.0,15,0.0
8420,440.0,15,1.0
8421,441.0,15,435.0
8422,442.0,15,685.0
8423,443.0,15,16.1
8424,444.0,15,0.0
8425,445.0,15,293.0
8426,446.0,15,0.15
8427,447.0,15,95.3
8428,448.0,15,5.3
8429,449.0,15,0.0
8430,450.0,15,3.0
8431,451.0,15,309.0
8432,452.0,15,0.0
8433,453.0,15,0.0
8434,454.0,15,403.0
8435,455.0,15,212.0
8436,456.0,15,10.2
8437,457.0,15,135.0
8438,458.0,15,690.0
8439,459.0,15,867.0
8440,460.0,15,6042.0
8441,461.0,15,0.0
8442,462.0,15,19.2
8443,463.0,15,0.0
8444,464.0,15,0.0
8445,465.0,15,0.0
8446,466.0,15,0.0
8447,467.0,15,0.0
8448,468.0,15,16.0
8449,469.0,15,380.0
8450,470.0,15,0.0
8451,471.0,15,0.0
8452,472.0,15,0.0
8453,473.0,15,0.0
8454,474.0,15,0.0
8455,475.0,15,0.0
8456,476.0,15,0.0
8457,477.0,15,52.7
8458,478.0,15,6.3
8459,479.0,15,8.0
8460,480.0,15,10.8
8461,481.0,15,0.0
8462,482.0,15,29.8
8463,483.0,15,86.7
8464,484.0,15,128.0
8465,485.0,15,213.0
8466,486.0,15,0.0
8467,487.0,15,190.0
8468,488.0,15,9.0
8469,489.0,15,67.0
8470,490.0,15,0.0
8471,491.0,15,602.0
8472,492.0,15,5.0
8473,493.0,15,0.2
8474,494.0,15,22.0
8475,495.0,15,0.0
8476,496.0,15,4.0
8477,497.0,15,0.0
8478,498.0,15,34.0
8479,499.0,15,1.7
8480,500.0,15,500.0
8481,501.0,15,83.0
8482,502.0,15,208.0
8483,503.0,15,26.0
8484,504.0,15,71.0
8485,505.0,15,85.7
8486,506.0,15,150.0
8487,507.0,15,100.0
8488,508.0,15,65.0
8489,509.0,15,103.0
8490,510.0,15,74.0
8491,511.0,15,14.0
8492,512.0,15,0.0
8493,513.0,15,0.0
8494,514.0,15,18.0
8495,515.0,15,0.0
8496,516.0,15,0.0
8497,517.0,15,0.0
8498,518.0,15,0.0
8499,519.0,15,0.0
8500,520.0,15,0.0
8501,521.0,15,0.0
8502,522.0,15,0.0
8503,523.0,15,0.0
8504,524.0,15,0.06
8505,525.0,15,0.0
8506,526.0,15,0.0
8507,527.0,15,0.0
8508,528.0,15,0.0
8509,529.0,15,0.0
8510,530.0,15,0.0
8511,531.0,15,0.0
8512,532.0,15,1.7
8513,533.0,15,0.0
8514,534.0,15,0.0
8515,535.0,15,0.0
8516,536.0,15,0.0
8517,537.0,15,0.0
8518,538.0,15,0.0
8519,539.0,15,0.0
8520,540.0,15,0.0
8521,541.0,15,0.0
8522,542.0,15,0.0
8523,543.0,15,20.0
8524,544.0,15,0.0
8525,545.0,15,1.0
8526,546.0,15,0.0
8527,547.0,15,0.0
8528,548.0,15,1.0
8529,549.0,15,0.0
8530,550.0,15,0.0
8531,551.0,15,0.0
8532,552.0,15,0.0
8533,553.0,15,0.0
8534,554.0,15,0.0
8535,555.0,15,0.0
8536,556.0,15,62.4
8537,557.0,15,0.0
8538,558.0,15,16.7
8539,559.0,15,0.0
8540,560.0,15,2.6
8541,561.0,15,120.0
8542,562.0,15,35.0
8543,563.0,15,0.0
8544,564.0,15,39.1
8545,565.0,15,0.5
8546,566.0,15,0.92
8547,567.0,15,11.4
8548,568.0,15,0.5
8549,569.0,15,437.0
8550,570.0,15,3.6
8551,1.0,16,0.0
8552,2.0,16,0.0
8553,3.0,16,0.0
8554,4.0,16,0.0
8555,5.0,16,0.0
8556,6.0,16,0.0
8557,7.0,16,0.0
8558,8.0,16,0.0
8559,9.0,16,0.0
8560,10.0,16,0.0
8561,11.0,16,0.0
8562,12.0,16,0.0
8563,13.0,16,0.0
8564,14.0,16,0.0
8565,15.0,16,0.0
8566,16.0,16,0.0
8567,17.0,16,0.0
8568,18.0,16,0.0
8569,19.0,16,0.0
8570,20.0,16,0.0
8571,21.0,16,35.5
8572,22.0,16,0.0
8573,23.0,16,0.0
8574,24.0,16,0.0
8575,25.0,16,0.0
8576,26.0,16,0.0
8577,27.0,16,2.0
8578,28.0,16,0.0
8579,29.0,16,0.0
8580,30.0,16,0.0
8581,31.0,16,0.0
8582,32.0,16,0.0
8583,33.0,16,0.0
8584,34.0,16,0.0
8585,35.0,16,0.01
8586,36.0,16,0.0
8587,37.0,16,0.0
8588,38.0,16,0.0
8589,39.0,16,0.0
8590,40.0,16,0.0
8591,41.0,16,63.0
8592,42.0,16,0.0
8593,43.0,16,6.0
8594,44.0,16,0.0
8595,45.0,16,0.0
8596,46.0,16,38.0
8597,47.0,16,0.0
8598,48.0,16,0.0
8599,49.0,16,0.0
8600,50.0,16,0.0
8601,51.0,16,0.0
8602,52.0,16,0.0
8603,53.0,16,0.0
8604,54.0,16,0.0
8605,55.0,16,0.0
8606,56.0,16,0.0
8607,57.0,16,0.0
8608,58.0,16,0.0
8609,59.0,16,0.0
8610,60.0,16,0.0
8611,61.0,16,0.0
8612,62.0,16,0.0
8613,63.0,16,0.0
8614,64.0,16,0.0
8615,65.0,16,0.0
8616,66.0,16,0.0
8617,67.0,16,0.0
8618,68.0,16,0.0
8619,69.0,16,0.0
8620,70.0,16,0.0
8621,71.0,16,0.0
8622,72.0,16,0.0
8623,73.0,16,0.0
8624,74.0,16,0.0
8625,75.0,16,0.0
8626,76.0,16,0.0
8627,77.0,16,0.0
8628,78.0,16,0.0
8629,79.0,16,0.0
8630,80.0,16,0.0
8631,81.0,16,0.0
8632,82.0,16,0.0
8633,83.0,16,0.0
8634,84.0,16,0.0
8635,85.0,16,0.0
8636,86.0,16,0.0
8637,87.0,16,0.0
8638,88.0,16,0.0
8639,89.0,16,0.0
8640,90.0,16,0.0
8641,91.0,16,0.0
8642,92.0,16,0.0
8643,93.0,16,0.0
8644,94.0,16,0.0
8645,95.0,16,0.0
8646,96.0,16,0.0
8647,97.0,16,0.0
8648,98.0,16,0.0
8649,99.0,16,0.0
8650,100.0,16,0.0
8651,101.0,16,0.0
8652,102.0,16,0.0
8653,103.0,16,0.0
8654,104.0,16,0.0
8655,105.0,16,0.0
8656,106.0,16,0.0
8657,107.0,16,0.0
8658,108.0,16,0.0
8659,109.0,16,0.0
8660,110.0,16,0.0
8661,111.0,16,0.0
8662,112.0,16,0.0
8663,113.0,16,0.0
8664,114.0,16,0.0
8665,115.0,16,0.0
8666,116.0,16,0.0
8667,117.0,16,0.0
8668,118.0,16,0.0
8669,119.0,16,0.0
8670,120.0,16,0.0
8671,121.0,16,0.0
8672,122.0,16,0.0
8673,123.0,16,0.0
8674,124.0,16,0.0
8675,125.0,16,0.0
8676,126.0,16,0.0
8677,127.0,16,0.0
8678,128.0,16,0.0
8679,129.0,16,0.0
8680,130.0,16,0.0
8681,131.0,16,0.0
8682,132.0,16,0.0
8683,133.0,16,0.0
8684,134.0,16,0.0
8685,135.0,16,0.0
8686,136.0,16,0.0
8687,137.0,16,0.0
8688,138.0,16,0.0
8689,139.0,16,0.0
8690,140.0,16,0.0
8691,141.0,16,0.0
8692,142.0,16,0.0
8693,143.0,16,0.0
8694,144.0,16,0.0
8695,145.0,16,0.0
8696,146.0,16,0.0
8697,147.0,16,0.0
8698,148.0,16,0.0
8699,149.0,16,0.0
8700,150.0,16,0.0
8701,151.0,16,0.0
8702,152.0,16,0.0
8703,153.0,16,0.0
8704,154.0,16,0.0
8705,155.0,16,0.0
8706,156.0,16,0.0
8707,157.0,16,0.0
8708,,16,0.0
8709,159.0,16,0.0
8710,160.0,16,0.0
8711,161.0,16,0.0
8712,162.0,16,0.0
8713,163.0,16,0.0
8714,164.0,16,0.0
8715,165.0,16,0.0
8716,166.0,16,0.0
8717,167.0,16,0.0
8718,168.0,16,0.0
8719,169.0,16,0.0
8720,170.0,16,0.0
8721,171.0,16,0.0
8722,172.0,16,0.0
8723,173.0,16,0.0
8724,174.0,16,0.0
8725,175.0,16,0.0
8726,176.0,16,0.0
8727,177.0,16,0.0
8728,178.0,16,0.0
8729,179.0,16,0.0
8730,180.0,16,0.0
8731,181.0,16,0.0
8732,182.0,16,0.0
8733,183.0,16,0.0
8734,184.0,16,0.0
8735,185.0,16,0.0
8736,186.0,16,0.0
8737,187.0,16,0.0
8738,188.0,16,0.0
8739,189.0,16,0.0
8740,190.0,16,0.0
8741,191.0,16,0.0
8742,192.0,16,0.0
8743,193.0,16,0.0
8744,194.0,16,0.0
8745,195.0,16,0.0
8746,196.0,16,4.8
8747,197.0,16,0.0
8748,198.0,16,0.0
8749,199.0,16,0.0
8750,200.0,16,0.0
8751,201.0,16,0.0
8752,202.0,16,0.0
8753,203.0,16,0.0
8754,204.0,16,0.0
8755,205.0,16,0.0
8756,206.0,16,48.0
8757,207.0,16,110.0
8758,208.0,16,28.0
8759,209.0,16,68.0
8760,210.0,16,50.0
8761,211.0,16,1.0
8762,212.0,16,41.3
8763,213.0,16,17.6
8764,214.0,16,1.0
8765,215.0,16,110.0
8766,216.0,16,230.0
8767,217.0,16,4.0
8768,218.0,16,41.3
8769,219.0,16,105.0
8770,220.0,16,17.6
8771,221.0,16,88.0
8772,222.0,16,340.0
8773,223.0,16,260.0
8774,224.0,16,390.0
8775,225.0,16,340.0
8776,226.0,16,478.0
8777,227.0,16,401.0
8778,228.0,16,283.0
8779,229.0,16,412.0
8780,230.0,16,0.0
8781,231.0,16,0.0
8782,232.0,16,340.0
8783,233.0,16,199.0
8784,234.0,16,0.0
8785,235.0,16,0.0
8786,237.0,16,340.0
8787,237.0,16,340.0
8788,238.0,16,1.2
8789,239.0,16,16.0
8790,240.0,16,0.0
8791,241.0,16,1.0
8792,242.0,16,2.0
8793,243.0,16,2.0
8794,244.0,16,2.0
8795,245.0,16,2.0
8796,246.0,16,0.72
8797,247.0,16,25.6
8798,248.0,16,13.6
8799,249.0,16,25.7
8800,250.0,16,27.0
8801,251.0,16,2.0
8802,252.0,16,17.0
8803,253.0,16,27.0
8804,254.0,16,9.1
8805,255.0,16,15.0
8806,256.0,16,115.0
8807,257.0,16,0.0
8808,258.0,16,90.0
8809,259.0,16,100.0
8810,260.0,16,51.0
8811,261.0,16,44.0
8812,262.0,16,17.0
8813,263.0,16,32.0
8814,264.0,16,1.0
8815,265.0,16,0.0
8816,266.0,16,12.0
8817,267.0,16,17.0
8818,268.0,16,73.0
8819,269.0,16,26.0
8820,270.0,16,13.0
8821,271.0,16,10.0
8822,272.0,16,11.0
8823,273.0,16,39.0
8824,274.0,16,0.0
8825,275.0,16,0.0
8826,276.0,16,0.0
8827,277.0,16,9.0
8828,278.0,16,0.0
8829,279.0,16,0.0
8830,280.0,16,0.0
8831,281.0,16,0.0
8832,282.0,16,11.0
8833,283.0,16,2.0
8834,284.0,16,11.0
8835,285.0,16,16.0
8836,286.0,16,0.0
8837,287.0,16,0.0
8838,288.0,16,0.0
8839,289.0,16,0.0
8840,290.0,16,0.0
8841,291.0,16,0.0
8842,292.0,16,0.0
8843,293.0,16,0.0
8844,294.0,16,0.0
8845,295.0,16,0.0
8846,296.0,16,0.0
8847,297.0,16,0.0
8848,298.0,16,11.0
8849,299.0,16,4.1
8850,300.0,16,0.0
8851,301.0,16,0.0
8852,302.0,16,0.0
8853,303.0,16,0.0
8854,304.0,16,0.0
8855,305.0,16,0.0
8856,306.0,16,21.0
8857,307.0,16,0.34
8858,308.0,16,0.0
8859,309.0,16,0.0
8860,310.0,16,0.0
8861,311.0,16,0.0
8862,312.0,16,0.0
8863,313.0,16,0.0
8864,314.0,16,1.0
8865,315.0,16,22.0
8866,316.0,16,0.0
8867,317.0,16,4.0
8868,318.0,16,0.0
8869,319.0,16,0.0
8870,320.0,16,0.0
8871,321.0,16,0.0
8872,322.0,16,4.0
8873,323.0,16,4.0
8874,324.0,16,0.0
8875,325.0,16,8.0
8876,326.0,16,0.0
8877,327.0,16,9.0
8878,328.0,16,0.0
8879,329.0,16,36000.0
8880,330.0,16,20000.0
8881,331.0,16,33.0
8882,332.0,16,17720.0
8883,333.0,16,0.0
8884,334.0,16,0.0
8885,335.0,16,0.0
8886,336.0,16,0.0
8887,337.0,16,0.0
8888,338.0,16,19.0
8889,339.0,16,0.0
8890,340.0,16,27.0
8891,341.0,16,14.0
8892,342.0,16,60.0
8893,343.0,16,105.0
8894,344.0,16,419.0
8895,345.0,16,30.0
8896,346.0,16,9.0
8897,347.0,16,0.0
8898,348.0,16,0.0
8899,349.0,16,90.0
8900,350.0,16,0.0
8901,351.0,16,1.0
8902,352.0,16,77.0
8903,353.0,16,31.0
8904,354.0,16,52.0
8905,355.0,16,10.0
8906,356.0,16,16.0
8907,357.0,16,54.0
8908,358.0,16,25.0
8909,359.0,16,0.0
8910,360.0,16,48.0
8911,361.0,16,90.0
8912,362.0,16,45.0
8913,363.0,16,980.0
8914,364.0,16,1043.0
8915,365.0,16,655.0
8916,366.0,16,16.0
8917,367.0,16,31.9
8918,368.0,16,100.0
8919,369.0,16,44.0
8920,370.0,16,500.0
8921,371.0,16,12.0
8922,372.0,16,36.0
8923,373.0,16,20.0
8924,374.0,16,13.3
8925,375.0,16,9.0
8926,376.0,16,62.9
8927,377.0,16,48.0
8928,378.0,16,34.5
8929,379.0,16,14.0
8930,380.0,16,6.5
8931,381.0,16,83.4
8932,382.0,16,27.0
8933,383.0,16,17.0
8934,384.0,16,43.0
8935,385.0,16,37.0
8936,386.0,16,0.0
8937,387.0,16,9.0
8938,388.0,16,30.0
8939,389.0,16,10.0
8940,390.0,16,12.0
8941,391.0,16,27.0
8942,392.0,16,11.0
8943,393.0,16,0.0
8944,394.0,16,26.0
8945,395.0,16,67.4
8946,396.0,16,17.0
8947,397.0,16,62.2
8948,398.0,16,65.0
8949,399.0,16,26.0
8950,400.0,16,18.0
8951,401.0,16,5.0
8952,402.0,16,4.7
8953,403.0,16,49.0
8954,404.0,16,32.0
8955,405.0,16,49.0
8956,406.0,16,42.0
8957,407.0,16,0.0
8958,408.0,16,0.0
8959,409.0,16,0.0
8960,410.0,16,0.0
8961,411.0,16,0.0
8962,412.0,16,18000.0
8963,413.0,16,0.0
8964,414.0,16,0.0
8965,415.0,16,0.0
8966,416.0,16,0.0
8967,417.0,16,0.0
8968,418.0,16,0.0
8969,419.0,16,0.0
8970,420.0,16,4.1
8971,421.0,16,0.0
8972,422.0,16,0.0
8973,423.0,16,671.0
8974,424.0,16,456.0
8975,425.0,16,671.0
8976,426.0,16,530.0
8977,427.0,16,0.0
8978,428.0,16,662.0
8979,429.0,16,500.0
8980,430.0,16,650.0
8981,431.0,16,560.0
8982,432.0,16,0.0
8983,433.0,16,0.0
8984,434.0,16,0.0
8985,435.0,16,0.0
8986,436.0,16,0.0
8987,437.0,16,0.0
8988,438.0,16,0.0
8989,439.0,16,0.0
8990,440.0,16,0.0
8991,441.0,16,0.0
8992,442.0,16,0.0
8993,443.0,16,0.0
8994,444.0,16,0.0
8995,445.0,16,0.0
8996,446.0,16,0.0
8997,447.0,16,0.0
8998,448.0,16,0.0
8999,449.0,16,0.0
9000,450.0,16,0.0
9001,451.0,16,0.0
9002,452.0,16,0.0
9003,453.0,16,0.0
9004,454.0,16,0.0
9005,455.0,16,0.0
9006,456.0,16,0.0
9007,457.0,16,0.0
9008,458.0,16,0.0
9009,459.0,16,0.0
9010,460.0,16,0.0
9011,461.0,16,0.0
9012,462.0,16,0.0
9013,463.0,16,0.0
9014,464.0,16,0.0
9015,465.0,16,0.0
9016,466.0,16,0.0
9017,467.0,16,0.0
9018,468.0,16,0.0
9019,469.0,16,0.0
9020,470.0,16,0.0
9021,471.0,16,0.0
9022,472.0,16,0.0
9023,473.0,16,0.0
9024,474.0,16,0.0
9025,475.0,16,0.0
9026,476.0,16,0.0
9027,477.0,16,0.0
9028,478.0,16,5.0
9029,479.0,16,5.0
9030,480.0,16,0.0
9031,481.0,16,0.0
9032,482.0,16,0.0
9033,483.0,16,0.0
9034,484.0,16,115.0
9035,485.0,16,0.0
9036,486.0,16,0.0
9037,487.0,16,168.0
9038,488.0,16,9.0
9039,489.0,16,60.8
9040,490.0,16,0.0
9041,491.0,16,510.0
9042,492.0,16,1.0
9043,493.0,16,0.3
9044,494.0,16,40.0
9045,495.0,16,0.1
9046,496.0,16,27.0
9047,497.0,16,12.0
9048,498.0,16,50.0
9049,499.0,16,2.4
9050,500.0,16,45.0
9051,501.0,16,504.0
9052,502.0,16,1121.0
9053,503.0,16,110.0
9054,504.0,16,58.0
9055,505.0,16,62.0
9056,506.0,16,250.0
9057,507.0,16,19.0
9058,508.0,16,50.0
9059,509.0,16,103.0
9060,510.0,16,73.0
9061,511.0,16,14.0
9062,512.0,16,0.0
9063,513.0,16,0.0
9064,514.0,16,18.0
9065,515.0,16,0.0
9066,516.0,16,0.0
9067,517.0,16,0.0
9068,518.0,16,0.0
9069,519.0,16,0.0
9070,520.0,16,0.0
9071,521.0,16,0.0
9072,522.0,16,0.0
9073,523.0,16,0.0
9074,524.0,16,32.0
9075,525.0,16,0.0
9076,526.0,16,0.0
9077,527.0,16,0.0
9078,528.0,16,0.0
9079,529.0,16,0.0
9080,530.0,16,0.0
9081,531.0,16,0.0
9082,532.0,16,0.0
9083,533.0,16,0.0
9084,534.0,16,0.0
9085,535.0,16,0.0
9086,536.0,16,0.0
9087,537.0,16,0.0
9088,538.0,16,0.0
9089,539.0,16,0.0
9090,540.0,16,0.0
9091,541.0,16,0.0
9092,542.0,16,0.0
9093,543.0,16,0.0
9094,544.0,16,0.0
9095,545.0,16,0.0
9096,546.0,16,0.0
9097,547.0,16,0.0
9098,548.0,16,0.0
9099,549.0,16,0.0
9100,550.0,16,0.0
9101,551.0,16,0.0
9102,552.0,16,0.0
9103,553.0,16,0.0
9104,554.0,16,0.0
9105,555.0,16,0.0
9106,556.0,16,0.0
9107,557.0,16,0.0
9108,558.0,16,0.0
9109,559.0,16,0.0
9110,560.0,16,0.0
9111,561.0,16,0.0
9112,562.0,16,0.0
9113,563.0,16,0.0
9114,564.0,16,0.0
9115,565.0,16,0.0
9116,566.0,16,0.0
9117,567.0,16,0.0
9118,568.0,16,0.0
9119,569.0,16,0.0
9120,570.0,16,0.0
9121,1.0,17,11.0
9122,2.0,17,0.0
9123,3.0,17,0.0
9124,4.0,17,0.0
9125,5.0,17,0.0
9126,6.0,17,13.0
9127,7.0,17,7.0
9128,8.0,17,0.0
9129,9.0,17,0.0
9130,10.0,17,0.0
9131,11.0,17,300.0
9132,12.0,17,1.0
9133,13.0,17,0.0
9134,14.0,17,0.0
9135,15.0,17,0.0
9136,16.0,17,129.0
9137,17.0,17,158.0
9138,18.0,17,8.5
9139,19.0,17,0.0
9140,20.0,17,0.0
9141,21.0,17,1.6
9142,22.0,17,2.0
9143,23.0,17,0.0
9144,24.0,17,0.0
9145,25.0,17,0.0
9146,26.0,17,0.0
9147,27.0,17,0.0
9148,28.0,17,5.0
9149,29.0,17,0.0
9150,30.0,17,50.0
9151,31.0,17,0.0
9152,32.0,17,0.0
9153,33.0,17,2.0
9154,34.0,17,0.0
9155,35.0,17,0.0
9156,36.0,17,0.0
9157,37.0,17,0.0
9158,38.0,17,0.0
9159,39.0,17,0.0
9160,40.0,17,0.0
9161,41.0,17,0.0
9162,42.0,17,48.0
9163,43.0,17,0.0
9164,44.0,17,0.0
9165,45.0,17,0.0
9166,46.0,17,0.0
9167,47.0,17,0.0
9168,48.0,17,12.0
9169,49.0,17,25.0
9170,50.0,17,50.0
9171,51.0,17,10.0
9172,52.0,17,0.0
9173,53.0,17,0.0
9174,54.0,17,0.0
9175,55.0,17,0.0
9176,56.0,17,0.0
9177,57.0,17,21.0
9178,58.0,17,0.0
9179,59.0,17,0.0
9180,60.0,17,0.0
9181,61.0,17,0.0
9182,62.0,17,198.0
9183,63.0,17,32.0
9184,64.0,17,8.0
9185,65.0,17,400.0
9186,66.0,17,400.0
9187,67.0,17,60.0
9188,68.0,17,380.0
9189,69.0,17,0.0
9190,70.0,17,0.0
9191,71.0,17,9488.0
9192,72.0,17,0.0
9193,73.0,17,0.0
9194,74.0,17,72.0
9195,75.0,17,1.0
9196,76.0,17,23.0
9197,77.0,17,11.0
9198,78.0,17,0.0
9199,79.0,17,8.0
9200,80.0,17,8731.0
9201,81.0,17,48.0
9202,82.0,17,4298.0
9203,83.0,17,405.0
9204,84.0,17,118.0
9205,85.0,17,278.0
9206,86.0,17,82.3
9207,87.0,17,450.0
9208,88.0,17,200.0
9209,89.0,17,0.0
9210,90.0,17,3780.0
9211,91.0,17,3780.0
9212,92.0,17,3780.0
9213,93.0,17,575.0
9214,94.0,17,1360.0
9215,95.0,17,5.0
9216,96.0,17,47.0
9217,97.0,17,50.0
9218,98.0,17,50.6
9219,99.0,17,5919.0
9220,100.0,17,35.0
9221,101.0,17,427.0
9222,102.0,17,287.0
9223,103.0,17,766.0
9224,104.0,17,1.0
9225,105.0,17,572.0
9226,106.0,17,222.0
9227,107.0,17,30.0
9228,108.0,17,69.0
9229,109.0,17,77.0
9230,110.0,17,5200.0
9231,111.0,17,2.0
9232,112.0,17,0.0
9233,113.0,17,3254.0
9234,114.0,17,363.0
9235,115.0,17,0.0
9236,116.0,17,184.0
9237,117.0,17,175.0
9238,118.0,17,15.0
9239,119.0,17,274.0
9240,120.0,17,169.0
9241,121.0,17,3236.0
9242,122.0,17,197.0
9243,123.0,17,739.0
9244,124.0,17,385.0
9245,125.0,17,1302.0
9246,126.0,17,792.0
9247,127.0,17,0.0
9248,128.0,17,423.0
9249,129.0,17,2622.0
9250,130.0,17,0.0
9251,131.0,17,0.0
9252,132.0,17,12.0
9253,133.0,17,60.0
9254,134.0,17,0.0
9255,135.0,17,0.0
9256,136.0,17,126.0
9257,137.0,17,60.0
9258,138.0,17,60.0
9259,139.0,17,0.0
9260,140.0,17,123.0
9261,141.0,17,19.1
9262,142.0,17,795.0
9263,143.0,17,2163.0
9264,144.0,17,469.0
9265,145.0,17,0.0
9266,146.0,17,34.0
9267,147.0,17,30.0
9268,148.0,17,116.0
9269,149.0,17,156.0
9270,150.0,17,204.0
9271,151.0,17,1600.0
9272,152.0,17,188.0
9273,153.0,17,16.5
9274,154.0,17,58.8
9275,155.0,17,139.0
9276,156.0,17,0.0
9277,157.0,17,22.5
9278,,17,18.0
9279,159.0,17,40.0
9280,160.0,17,81.0
9281,161.0,17,25.0
9282,162.0,17,733.0
9283,163.0,17,48.0
9284,164.0,17,37.3
9285,165.0,17,10.0
9286,166.0,17,3.4
9287,167.0,17,0.0
9288,168.0,17,390.0
9289,169.0,17,18.0
9290,170.0,17,653.0
9291,171.0,17,106.0
9292,172.0,17,671.0
9293,173.0,17,33.0
9294,174.0,17,270.0
9295,175.0,17,201.0
9296,176.0,17,52.0
9297,177.0,17,800.0
9298,178.0,17,915.0
9299,179.0,17,16.2
9300,180.0,17,36.8
9301,181.0,17,228.0
9302,182.0,17,895.0
9303,183.0,17,1313.0
9304,184.0,17,212.0
9305,185.0,17,12.0
9306,186.0,17,39.5
9307,187.0,17,39.5
9308,188.0,17,120.0
9309,189.0,17,29.0
9310,190.0,17,29.0
9311,191.0,17,2.0
9312,192.0,17,0.0
9313,193.0,17,2.0
9314,194.0,17,24.0
9315,195.0,17,0.0
9316,196.0,17,0.0
9317,197.0,17,27.2
9318,198.0,17,27.2
9319,199.0,17,0.0
9320,200.0,17,0.0
9321,201.0,17,5.0
9322,202.0,17,150.0
9323,203.0,17,0.0
9324,204.0,17,3.0
9325,205.0,17,15.5
9326,206.0,17,34.0
9327,207.0,17,70.0
9328,208.0,17,20.0
9329,209.0,17,35.0
9330,210.0,17,5.0
9331,211.0,17,7.0
9332,212.0,17,28.0
9333,213.0,17,7.8
9334,214.0,17,7.0
9335,215.0,17,70.0
9336,216.0,17,140.0
9337,217.0,17,1.0
9338,218.0,17,28.0
9339,219.0,17,100.0
9340,220.0,17,7.8
9341,221.0,17,21.0
9342,222.0,17,116.0
9343,223.0,17,180.0
9344,224.0,17,300.0
9345,225.0,17,116.0
9346,226.0,17,0.0
9347,227.0,17,0.0
9348,228.0,17,0.0
9349,229.0,17,130.0
9350,230.0,17,0.0
9351,231.0,17,0.0
9352,232.0,17,116.0
9353,233.0,17,42.0
9354,234.0,17,0.0
9355,235.0,17,0.0
9356,237.0,17,116.0
9357,237.0,17,116.0
9358,238.0,17,4.6
9359,239.0,17,3.0
9360,240.0,17,0.0
9361,241.0,17,2.0
9362,242.0,17,0.0
9363,243.0,17,0.0
9364,244.0,17,0.0
9365,245.0,17,0.0
9366,246.0,17,0.48
9367,247.0,17,0.0
9368,248.0,17,5.6
9369,249.0,17,10.2
9370,250.0,17,0.0
9371,251.0,17,4.0
9372,252.0,17,0.0
9373,253.0,17,0.0
9374,254.0,17,4.1
9375,255.0,17,5.0
9376,256.0,17,36.0
9377,257.0,17,0.0
9378,258.0,17,0.0
9379,259.0,17,150.0
9380,260.0,17,138.0
9381,261.0,17,0.0
9382,262.0,17,0.0
9383,263.0,17,0.0
9384,264.0,17,0.0
9385,265.0,17,0.0
9386,266.0,17,0.0
9387,267.0,17,0.0
9388,268.0,17,0.0
9389,269.0,17,0.0
9390,270.0,17,0.0
9391,271.0,17,0.0
9392,272.0,17,0.0
9393,273.0,17,0.0
9394,274.0,17,0.0
9395,275.0,17,0.0
9396,276.0,17,0.0
9397,277.0,17,0.0
9398,278.0,17,0.0
9399,279.0,17,0.0
9400,280.0,17,0.0
9401,281.0,17,0.0
9402,282.0,17,0.0
9403,283.0,17,0.0
9404,284.0,17,0.0
9405,285.0,17,0.0
9406,286.0,17,0.0
9407,287.0,17,0.0
9408,288.0,17,0.0
9409,289.0,17,0.0
9410,290.0,17,0.0
9411,291.0,17,0.0
9412,292.0,17,0.0
9413,293.0,17,0.0
9414,294.0,17,0.0
9415,295.0,17,0.0
9416,296.0,17,0.0
9417,297.0,17,0.0
9418,298.0,17,0.0
9419,299.0,17,0.0
9420,300.0,17,0.0
9421,301.0,17,0.0
9422,302.0,17,0.0
9423,303.0,17,0.0
9424,304.0,17,0.0
9425,305.0,17,0.0
9426,306.0,17,0.0
9427,307.0,17,0.0
9428,308.0,17,0.0
9429,309.0,17,0.0
9430,310.0,17,0.0
9431,311.0,17,0.0
9432,312.0,17,0.0
9433,313.0,17,0.0
9434,314.0,17,0.0
9435,315.0,17,0.0
9436,316.0,17,0.0
9437,317.0,17,0.0
9438,318.0,17,0.0
9439,319.0,17,0.0
9440,320.0,17,0.0
9441,321.0,17,0.0
9442,322.0,17,0.0
9443,323.0,17,0.0
9444,324.0,17,0.0
9445,325.0,17,0.0
9446,326.0,17,0.0
9447,327.0,17,0.0
9448,328.0,17,0.0
9449,329.0,17,0.0
9450,330.0,17,60.0
9451,331.0,17,0.0
9452,332.0,17,1680.0
9453,333.0,17,0.0
9454,334.0,17,0.0
9455,335.0,17,0.0
9456,336.0,17,0.0
9457,337.0,17,0.0
9458,338.0,17,0.0
9459,339.0,17,0.0
9460,340.0,17,0.0
9461,341.0,17,0.0
9462,342.0,17,0.0
9463,343.0,17,0.0
9464,344.0,17,0.0
9465,345.0,17,0.0
9466,346.0,17,0.0
9467,347.0,17,0.0
9468,348.0,17,0.0
9469,349.0,17,0.0
9470,350.0,17,0.0
9471,351.0,17,0.0
9472,352.0,17,0.0
9473,353.0,17,0.0
9474,354.0,17,0.0
9475,355.0,17,0.0
9476,356.0,17,0.0
9477,357.0,17,0.0
9478,358.0,17,0.0
9479,359.0,17,0.0
9480,360.0,17,0.0
9481,361.0,17,0.0
9482,362.0,17,0.0
9483,363.0,17,0.0
9484,364.0,17,0.0
9485,365.0,17,0.0
9486,366.0,17,0.0
9487,367.0,17,0.0
9488,368.0,17,0.0
9489,369.0,17,0.0
9490,370.0,17,0.0
9491,371.0,17,0.0
9492,372.0,17,0.0
9493,373.0,17,0.0
9494,374.0,17,0.0
9495,375.0,17,0.0
9496,376.0,17,0.0
9497,377.0,17,0.0
9498,378.0,17,0.0
9499,379.0,17,0.0
9500,380.0,17,0.0
9501,381.0,17,0.0
9502,382.0,17,0.0
9503,383.0,17,0.0
9504,384.0,17,0.0
9505,385.0,17,0.0
9506,386.0,17,0.0
9507,387.0,17,0.0
9508,388.0,17,0.0
9509,389.0,17,0.0
9510,390.0,17,0.0
9511,391.0,17,0.0
9512,392.0,17,0.0
9513,393.0,17,0.0
9514,394.0,17,0.0
9515,395.0,17,0.0
9516,396.0,17,0.0
9517,397.0,17,0.0
9518,398.0,17,0.0
9519,399.0,17,0.0
9520,400.0,17,0.0
9521,401.0,17,0.0
9522,402.0,17,50.8
9523,403.0,17,0.0
9524,404.0,17,0.0
9525,405.0,17,0.0
9526,406.0,17,0.0
9527,407.0,17,0.0
9528,408.0,17,0.0
9529,409.0,17,0.0
9530,410.0,17,0.0
9531,411.0,17,26.0
9532,412.0,17,0.0
9533,413.0,17,0.0
9534,414.0,17,0.0
9535,415.0,17,0.0
9536,416.0,17,0.0
9537,417.0,17,0.0
9538,418.0,17,0.0
9539,419.0,17,0.0
9540,420.0,17,31.0
9541,421.0,17,0.0
9542,422.0,17,0.0
9543,423.0,17,410.0
9544,424.0,17,107.0
9545,425.0,17,158.0
9546,426.0,17,650.0
9547,427.0,17,0.0
9548,428.0,17,414.0
9549,429.0,17,500.0
9550,430.0,17,485.0
9551,431.0,17,670.0
9552,432.0,17,0.0
9553,433.0,17,0.0
9554,434.0,17,0.0
9555,435.0,17,1584.0
9556,436.0,17,5584.0
9557,437.0,17,162.0
9558,438.0,17,168.0
9559,439.0,17,0.0
9560,440.0,17,11.0
9561,441.0,17,2612.0
9562,442.0,17,4049.0
9563,443.0,17,96.5
9564,444.0,17,0.0
9565,445.0,17,1758.0
9566,446.0,17,0.0
9567,447.0,17,572.0
9568,448.0,17,32.0
9569,449.0,17,0.0
9570,450.0,17,18.0
9571,451.0,17,1854.0
9572,452.0,17,0.0
9573,453.0,17,0.0
9574,454.0,17,4806.0
9575,455.0,17,1272.0
9576,456.0,17,61.0
9577,457.0,17,810.0
9578,458.0,17,4142.0
9579,459.0,17,5200.0
9580,460.0,17,36250.0
9581,461.0,17,0.0
9582,462.0,17,115.0
9583,463.0,17,0.0
9584,464.0,17,0.0
9585,465.0,17,0.0
9586,466.0,17,0.0
9587,467.0,17,0.0
9588,468.0,17,0.0
9589,469.0,17,2281.0
9590,470.0,17,0.0
9591,471.0,17,0.0
9592,472.0,17,0.0
9593,473.0,17,0.0
9594,474.0,17,0.0
9595,475.0,17,0.0
9596,476.0,17,0.0
9597,477.0,17,316.0
9598,478.0,17,8.0
9599,479.0,17,0.0
9600,480.0,17,65.0
9601,481.0,17,0.0
9602,482.0,17,179.0
9603,483.0,17,520.0
9604,484.0,17,77.0
9605,485.0,17,1275.0
9606,486.0,17,0.0
9607,487.0,17,134.0
9608,488.0,17,2.0
9609,489.0,17,37.0
9610,490.0,17,0.0
9611,491.0,17,550.0
9612,492.0,17,47.0
9613,493.0,17,2.2
9614,494.0,17,320.0
9615,495.0,17,0.3
9616,496.0,17,28.0
9617,497.0,17,69.0
9618,498.0,17,220.0
9619,499.0,17,45.0
9620,500.0,17,3900.0
9621,501.0,17,712.0
9622,502.0,17,2702.0
9623,503.0,17,350.0
9624,504.0,17,465.0
9625,505.0,17,365.0
9626,506.0,17,410.0
9627,507.0,17,397.0
9628,508.0,17,390.0
9629,509.0,17,0.0
9630,510.0,17,14.0
9631,511.0,17,0.0
9632,512.0,17,0.0
9633,513.0,17,0.0
9634,514.0,17,0.0
9635,515.0,17,0.0
9636,516.0,17,0.0
9637,517.0,17,0.0
9638,518.0,17,0.0
9639,519.0,17,0.0
9640,520.0,17,0.0
9641,521.0,17,0.0
9642,522.0,17,0.0
9643,523.0,17,0.0
9644,524.0,17,0.0
9645,525.0,17,0.0
9646,526.0,17,0.0
9647,527.0,17,0.0
9648,528.0,17,0.0
9649,529.0,17,0.0
9650,530.0,17,0.0
9651,531.0,17,0.0
9652,532.0,17,0.0
9653,533.0,17,0.0
9654,534.0,17,0.0
9655,535.0,17,0.0
9656,536.0,17,0.0
9657,537.0,17,0.0
9658,538.0,17,0.0
9659,539.0,17,0.0
9660,540.0,17,0.0
9661,541.0,17,0.0
9662,542.0,17,0.0
9663,543.0,17,120.0
9664,544.0,17,0.0
9665,545.0,17,6.0
9666,546.0,17,0.0
9667,547.0,17,0.0
9668,548.0,17,6.0
9669,549.0,17,0.0
9670,550.0,17,0.0
9671,551.0,17,0.0
9672,552.0,17,0.0
9673,553.0,17,0.0
9674,554.0,17,31.1
9675,555.0,17,0.0
9676,556.0,17,374.0
9677,557.0,17,0.0
9678,558.0,17,100.0
9679,559.0,17,0.0
9680,560.0,17,15.5
9681,561.0,17,0.0
9682,562.0,17,0.0
9683,563.0,17,0.0
9684,564.0,17,229.0
9685,565.0,17,3.0
9686,566.0,17,5.5
9687,567.0,17,68.1
9688,568.0,17,3.0
9689,569.0,17,2622.0
9690,570.0,17,21.5
9691,1.0,18,0.0
9692,2.0,18,0.0
9693,3.0,18,0.0
9694,4.0,18,0.0
9695,5.0,18,0.0
9696,6.0,18,0.0
9697,7.0,18,0.0
9698,8.0,18,0.0
9699,9.0,18,0.0
9700,10.0,18,0.0
9701,11.0,18,0.0
9702,12.0,18,0.0
9703,13.0,18,0.0
9704,14.0,18,0.0
9705,15.0,18,0.0
9706,16.0,18,0.0
9707,17.0,18,0.0
9708,18.0,18,0.0
9709,19.0,18,0.0
9710,20.0,18,1.0
9711,21.0,18,0.52
9712,22.0,18,0.0
9713,23.0,18,0.0
9714,24.0,18,0.0
9715,25.0,18,0.0
9716,26.0,18,0.0
9717,27.0,18,0.0
9718,28.0,18,0.0
9719,29.0,18,0.0
9720,30.0,18,0.0
9721,31.0,18,0.0
9722,32.0,18,0.0
9723,33.0,18,0.0
9724,34.0,18,0.0
9725,35.0,18,0.0
9726,36.0,18,0.0
9727,37.0,18,0.0
9728,38.0,18,0.0
9729,39.0,18,0.0
9730,40.0,18,0.0
9731,41.0,18,0.13
9732,42.0,18,0.0
9733,43.0,18,0.0
9734,44.0,18,0.0
9735,45.0,18,0.1
9736,46.0,18,0.1
9737,47.0,18,0.0
9738,48.0,18,0.0
9739,49.0,18,0.0
9740,50.0,18,0.0
9741,51.0,18,0.0
9742,52.0,18,0.0
9743,53.0,18,0.0
9744,54.0,18,0.0
9745,55.0,18,0.0
9746,56.0,18,0.0
9747,57.0,18,0.0
9748,58.0,18,0.0
9749,59.0,18,0.0
9750,60.0,18,0.0
9751,61.0,18,0.0
9752,62.0,18,0.0
9753,63.0,18,0.0
9754,64.0,18,0.0
9755,65.0,18,0.0
9756,66.0,18,0.0
9757,67.0,18,0.0
9758,68.0,18,0.0
9759,69.0,18,0.0
9760,70.0,18,0.0
9761,71.0,18,0.0
9762,72.0,18,0.0
9763,73.0,18,0.0
9764,74.0,18,0.0
9765,75.0,18,0.0
9766,76.0,18,0.0
9767,77.0,18,0.0
9768,78.0,18,0.0
9769,79.0,18,0.0
9770,80.0,18,0.0
9771,81.0,18,0.0
9772,82.0,18,0.0
9773,83.0,18,0.0
9774,84.0,18,0.0
9775,85.0,18,0.0
9776,86.0,18,0.0
9777,87.0,18,0.0
9778,88.0,18,0.0
9779,89.0,18,0.0
9780,90.0,18,0.0
9781,91.0,18,0.0
9782,92.0,18,0.0
9783,93.0,18,0.0
9784,94.0,18,0.0
9785,95.0,18,0.0
9786,96.0,18,0.0
9787,97.0,18,0.0
9788,98.0,18,0.0
9789,99.0,18,0.0
9790,100.0,18,13.0
9791,101.0,18,0.0
9792,102.0,18,0.0
9793,103.0,18,0.0
9794,104.0,18,0.0
9795,105.0,18,0.0
9796,106.0,18,0.0
9797,107.0,18,0.0
9798,108.0,18,0.0
9799,109.0,18,0.0
9800,110.0,18,0.0
9801,111.0,18,0.0
9802,112.0,18,0.0
9803,113.0,18,0.0
9804,114.0,18,0.0
9805,115.0,18,0.0
9806,116.0,18,0.0
9807,117.0,18,0.0
9808,118.0,18,0.0
9809,119.0,18,0.0
9810,120.0,18,0.0
9811,121.0,18,0.0
9812,122.0,18,0.0
9813,123.0,18,0.0
9814,124.0,18,0.0
9815,125.0,18,0.0
9816,126.0,18,0.0
9817,127.0,18,0.0
9818,128.0,18,0.0
9819,129.0,18,0.0
9820,130.0,18,0.0
9821,131.0,18,0.0
9822,132.0,18,0.0
9823,133.0,18,0.0
9824,134.0,18,0.0
9825,135.0,18,0.0
9826,136.0,18,0.0
9827,137.0,18,0.0
9828,138.0,18,0.0
9829,139.0,18,0.0
9830,140.0,18,0.0
9831,141.0,18,0.0
9832,142.0,18,0.0
9833,143.0,18,0.0
9834,144.0,18,0.0
9835,145.0,18,0.0
9836,146.0,18,0.0
9837,147.0,18,0.0
9838,148.0,18,0.0
9839,149.0,18,0.0
9840,150.0,18,0.0
9841,151.0,18,0.0
9842,152.0,18,0.0
9843,153.0,18,0.0
9844,154.0,18,0.0
9845,155.0,18,0.0
9846,156.0,18,0.0
9847,157.0,18,0.0
9848,,18,0.0
9849,159.0,18,0.0
9850,160.0,18,0.0
9851,161.0,18,0.0
9852,162.0,18,0.0
9853,163.0,18,0.0
9854,164.0,18,0.0
9855,165.0,18,0.0
9856,166.0,18,0.0
9857,167.0,18,0.0
9858,168.0,18,0.0
9859,169.0,18,0.0
9860,170.0,18,0.0
9861,171.0,18,0.0
9862,172.0,18,0.0
9863,173.0,18,0.0
9864,174.0,18,0.0
9865,175.0,18,0.0
9866,176.0,18,0.0
9867,177.0,18,0.0
9868,178.0,18,0.0
9869,179.0,18,0.0
9870,180.0,18,0.0
9871,181.0,18,0.0
9872,182.0,18,0.0
9873,183.0,18,0.0
9874,184.0,18,0.0
9875,185.0,18,0.0
9876,186.0,18,0.0
9877,187.0,18,0.0
9878,188.0,18,0.0
9879,189.0,18,0.0
9880,190.0,18,0.0
9881,191.0,18,0.0
9882,192.0,18,0.0
9883,193.0,18,0.0
9884,194.0,18,0.0
9885,195.0,18,0.0
9886,196.0,18,29.0
9887,197.0,18,0.0
9888,198.0,18,0.0
9889,199.0,18,0.0
9890,200.0,18,0.0
9891,201.0,18,0.0
9892,202.0,18,0.0
9893,203.0,18,0.0
9894,204.0,18,0.0
9895,205.0,18,0.0
9896,206.0,18,0.1
9897,207.0,18,5.4
9898,208.0,18,0.85
9899,209.0,18,0.25
9900,210.0,18,0.18
9901,211.0,18,0.0
9902,212.0,18,0.03
9903,213.0,18,0.02
9904,214.0,18,0.0
9905,215.0,18,5.4
9906,216.0,18,1.2
9907,217.0,18,0.1
9908,218.0,18,0.03
9909,219.0,18,0.1
9910,220.0,18,0.02
9911,221.0,18,0.82
9912,222.0,18,0.65
9913,223.0,18,0.23
9914,224.0,18,0.34
9915,225.0,18,0.65
9916,226.0,18,0.2
9917,227.0,18,0.2
9918,228.0,18,0.2
9919,229.0,18,0.2
9920,230.0,18,0.0
9921,231.0,18,0.0
9922,232.0,18,0.65
9923,233.0,18,0.1
9924,234.0,18,0.0
9925,235.0,18,0.0
9926,237.0,18,0.65
9927,237.0,18,0.65
9928,238.0,18,0.0
9929,239.0,18,0.0
9930,240.0,18,0.0
9931,241.0,18,0.0
9932,242.0,18,0.0
9933,243.0,18,0.01
9934,244.0,18,0.0
9935,245.0,18,0.0
9936,246.0,18,0.0
9937,247.0,18,0.07
9938,248.0,18,0.04
9939,249.0,18,0.05
9940,250.0,18,0.35
9941,251.0,18,0.1
9942,252.0,18,0.0
9943,253.0,18,0.12
9944,254.0,18,0.06
9945,255.0,18,0.35
9946,256.0,18,0.05
9947,257.0,18,0.0
9948,258.0,18,5.1
9949,259.0,18,0.1
9950,260.0,18,0.13
9951,261.0,18,0.1
9952,262.0,18,0.0
9953,263.0,18,0.1
9954,264.0,18,0.0
9955,265.0,18,0.0
9956,266.0,18,0.0
9957,267.0,18,0.0
9958,268.0,18,0.0
9959,269.0,18,0.0
9960,270.0,18,0.0
9961,271.0,18,0.0
9962,272.0,18,0.0
9963,273.0,18,0.1
9964,274.0,18,0.0
9965,275.0,18,0.0
9966,276.0,18,0.0
9967,277.0,18,0.0
9968,278.0,18,0.0
9969,279.0,18,0.0
9970,280.0,18,0.0
9971,281.0,18,0.0
9972,282.0,18,0.0
9973,283.0,18,0.0
9974,284.0,18,0.0
9975,285.0,18,0.0
9976,286.0,18,0.0
9977,287.0,18,0.0
9978,288.0,18,0.01
9979,289.0,18,0.5
9980,290.0,18,0.0
9981,291.0,18,0.0
9982,292.0,18,0.0
9983,293.0,18,0.0
9984,294.0,18,0.0
9985,295.0,18,0.0
9986,296.0,18,0.0
9987,297.0,18,0.0
9988,298.0,18,0.0
9989,299.0,18,0.17
9990,300.0,18,0.0
9991,301.0,18,0.0
9992,302.0,18,0.0
9993,303.0,18,0.0
9994,304.0,18,0.0
9995,305.0,18,0.4
9996,306.0,18,0.0
9997,307.0,18,0.0
9998,308.0,18,0.0
9999,309.0,18,0.0
10000,310.0,18,0.0
10001,311.0,18,0.0
10002,312.0,18,0.0
10003,313.0,18,0.0
10004,314.0,18,0.0
10005,315.0,18,0.0
10006,316.0,18,0.0
10007,317.0,18,0.5
10008,318.0,18,0.0
10009,319.0,18,0.0
10010,320.0,18,0.0
10011,321.0,18,0.0
10012,322.0,18,0.0
10013,323.0,18,0.0
10014,324.0,18,0.0
10015,325.0,18,0.0
10016,326.0,18,0.0
10017,327.0,18,0.0
10018,328.0,18,1.0
10019,329.0,18,1.1
10020,330.0,18,1.2
10021,331.0,18,1.3
10022,332.0,18,1.7
10023,333.0,18,0.0
10024,334.0,18,0.0
10025,335.0,18,0.0
10026,336.0,18,1.7
10027,337.0,18,0.0
10028,338.0,18,0.63
10029,339.0,18,3.0
10030,340.0,18,12.0
10031,341.0,18,11.0
10032,342.0,18,0.0
10033,343.0,18,0.0
10034,344.0,18,1.0
10035,345.0,18,0.1
10036,346.0,18,0.0
10037,347.0,18,0.0
10038,348.0,18,0.0
10039,349.0,18,0.0
10040,350.0,18,0.0
10041,351.0,18,0.0
10042,352.0,18,0.0
10043,353.0,18,0.0
10044,354.0,18,0.0
10045,355.0,18,0.0
10046,356.0,18,0.0
10047,357.0,18,0.01
10048,358.0,18,0.0
10049,359.0,18,0.01
10050,360.0,18,0.0
10051,361.0,18,0.54
10052,362.0,18,0.0
10053,363.0,18,20.0
10054,364.0,18,110.0
10055,365.0,18,4.5
10056,366.0,18,5.0
10057,367.0,18,7.0
10058,368.0,18,4.0
10059,369.0,18,0.01
10060,370.0,18,22.0
10061,371.0,18,16.0
10062,372.0,18,16.0
10063,373.0,18,7.2
10064,374.0,18,9.9
10065,375.0,18,0.8
10066,376.0,18,7.9
10067,377.0,18,0.0
10068,378.0,18,2.0
10069,379.0,18,0.0
10070,380.0,18,1.3
10071,381.0,18,1.5
10072,382.0,18,0.0
10073,383.0,18,0.0
10074,384.0,18,0.0
10075,385.0,18,0.0
10076,386.0,18,0.05
10077,387.0,18,0.0
10078,388.0,18,0.0
10079,389.0,18,0.0
10080,390.0,18,0.0
10081,391.0,18,0.0
10082,392.0,18,0.0
10083,393.0,18,0.0
10084,394.0,18,19.0
10085,395.0,18,11.8
10086,396.0,18,4.0
10087,397.0,18,4.9
10088,398.0,18,4.0
10089,399.0,18,3.1
10090,400.0,18,3.1
10091,401.0,18,0.0
10092,402.0,18,7.5
10093,403.0,18,8.2
10094,404.0,18,7.0
10095,405.0,18,8.2
10096,406.0,18,5.0
10097,407.0,18,0.0
10098,408.0,18,0.0
10099,409.0,18,0.0
10100,410.0,18,0.0
10101,411.0,18,0.0
10102,412.0,18,210.0
10103,413.0,18,0.0
10104,414.0,18,0.0
10105,415.0,18,0.0
10106,416.0,18,0.0
10107,417.0,18,0.0
10108,418.0,18,0.0
10109,419.0,18,0.0
10110,420.0,18,8.0
10111,421.0,18,0.0
10112,422.0,18,0.0
10113,423.0,18,1.0
10114,424.0,18,1.0
10115,425.0,18,1.4
10116,426.0,18,8.0
10117,427.0,18,4.3
10118,428.0,18,3.8
10119,429.0,18,2.5
10120,430.0,18,8.0
10121,431.0,18,8.0
10122,432.0,18,0.0
10123,433.0,18,0.0
10124,434.0,18,0.0
10125,435.0,18,0.0
10126,436.0,18,0.0
10127,437.0,18,0.0
10128,438.0,18,0.0
10129,439.0,18,0.0
10130,440.0,18,0.0
10131,441.0,18,0.0
10132,442.0,18,0.0
10133,443.0,18,0.0
10134,444.0,18,0.0
10135,445.0,18,0.0
10136,446.0,18,0.0
10137,447.0,18,0.0
10138,448.0,18,0.0
10139,449.0,18,0.25
10140,450.0,18,0.0
10141,451.0,18,0.0
10142,452.0,18,0.0
10143,453.0,18,0.0
10144,454.0,18,0.0
10145,455.0,18,0.0
10146,456.0,18,0.0
10147,457.0,18,0.0
10148,458.0,18,0.0
10149,459.0,18,0.0
10150,460.0,18,0.0
10151,461.0,18,0.0
10152,462.0,18,0.0
10153,463.0,18,0.0
10154,464.0,18,0.0
10155,465.0,18,0.0
10156,466.0,18,0.0
10157,467.0,18,0.0
10158,468.0,18,0.0
10159,469.0,18,0.0
10160,470.0,18,0.0
10161,471.0,18,0.0
10162,472.0,18,0.0
10163,473.0,18,0.0
10164,474.0,18,0.0
10165,475.0,18,0.0
10166,476.0,18,0.0
10167,477.0,18,0.0
10168,478.0,18,0.25
10169,479.0,18,0.0
10170,480.0,18,0.0
10171,481.0,18,0.0
10172,482.0,18,0.0
10173,483.0,18,0.0
10174,484.0,18,0.62
10175,485.0,18,0.0
10176,486.0,18,0.0
10177,487.0,18,0.33
10178,488.0,18,0.1
10179,489.0,18,0.09
10180,490.0,18,0.0
10181,491.0,18,0.86
10182,492.0,18,0.0
10183,493.0,18,0.01
10184,494.0,18,0.32
10185,495.0,18,0.0
10186,496.0,18,0.0
10187,497.0,18,0.0
10188,498.0,18,0.0
10189,499.0,18,0.03
10190,500.0,18,4.1
10191,501.0,18,0.27
10192,502.0,18,0.67
10193,503.0,18,0.24
10194,504.0,18,0.24
10195,505.0,18,0.62
10196,506.0,18,0.27
10197,507.0,18,0.063
10198,508.0,18,1.1
10199,509.0,18,0.04
10200,510.0,18,0.15
10201,511.0,18,0.1
10202,512.0,18,0.0
10203,513.0,18,0.0
10204,514.0,18,2.2
10205,515.0,18,0.0
10206,516.0,18,0.0
10207,517.0,18,0.0
10208,518.0,18,0.0
10209,519.0,18,0.0
10210,520.0,18,0.0
10211,521.0,18,0.0
10212,522.0,18,0.0
10213,523.0,18,0.0
10214,524.0,18,0.0
10215,525.0,18,0.0
10216,526.0,18,0.0
10217,527.0,18,0.0
10218,528.0,18,0.0
10219,529.0,18,0.0
10220,530.0,18,0.0
10221,531.0,18,0.0
10222,532.0,18,0.0
10223,533.0,18,0.0
10224,534.0,18,0.0
10225,535.0,18,0.0
10226,536.0,18,0.0
10227,537.0,18,0.0
10228,538.0,18,0.0
10229,539.0,18,0.0
10230,540.0,18,0.0
10231,541.0,18,0.0
10232,542.0,18,0.0
10233,543.0,18,0.0
10234,544.0,18,0.0
10235,545.0,18,0.0
10236,546.0,18,0.0
10237,547.0,18,0.0
10238,548.0,18,0.0
10239,549.0,18,0.0
10240,550.0,18,0.0
10241,551.0,18,0.0
10242,552.0,18,0.75
10243,553.0,18,0.75
10244,554.0,18,0.0
10245,555.0,18,0.0
10246,556.0,18,1.1
10247,557.0,18,0.0
10248,558.0,18,0.0
10249,559.0,18,0.0
10250,560.0,18,0.0
10251,561.0,18,0.0
10252,562.0,18,0.0
10253,563.0,18,0.0
10254,564.0,18,0.0
10255,565.0,18,0.0
10256,566.0,18,0.0
10257,567.0,18,0.0
10258,568.0,18,0.0
10259,569.0,18,0.0
10260,570.0,18,0.0
10261,1.0,19,2.2
10262,2.0,19,0.076
10263,3.0,19,0.1
10264,4.0,19,0.74
10265,5.0,19,0.84
10266,6.0,19,0.02
10267,7.0,19,1.9
10268,8.0,19,0.0
10269,9.0,19,0.11
10270,10.0,19,1.5
10271,11.0,19,0.0
10272,12.0,19,0.34
10273,13.0,19,1.4
10274,14.0,19,0.4
10275,15.0,19,0.45
10276,16.0,19,1.1
10277,17.0,19,0.7
10278,18.0,19,2.9
10279,19.0,19,0.26
10280,20.0,19,2.4
10281,21.0,19,1.0
10282,22.0,19,0.0
10283,23.0,19,0.18
10284,24.0,19,0.18
10285,25.0,19,0.01
10286,26.0,19,0.01
10287,27.0,19,0.61
10288,28.0,19,0.0
10289,29.0,19,0.33
10290,30.0,19,0.074
10291,31.0,19,1.2
10292,32.0,19,0.18
10293,33.0,19,0.2
10294,34.0,19,0.6
10295,35.0,19,0.26
10296,36.0,19,0.0
10297,37.0,19,0.0
10298,38.0,19,0.0
10299,39.0,19,0.0
10300,40.0,19,0.13
10301,41.0,19,0.21
10302,42.0,19,0.1
10303,43.0,19,0.0
10304,44.0,19,0.25
10305,45.0,19,0.3
10306,46.0,19,0.3
10307,47.0,19,0.74
10308,48.0,19,0.74
10309,49.0,19,0.1
10310,50.0,19,0.0
10311,51.0,19,0.23
10312,52.0,19,1.5
10313,53.0,19,0.0
10314,54.0,19,0.0
10315,55.0,19,2.1
10316,56.0,19,0.0
10317,57.0,19,1.6
10318,58.0,19,0.2
10319,59.0,19,0.24
10320,60.0,19,0.0
10321,61.0,19,0.0
10322,62.0,19,0.82
10323,63.0,19,0.09
10324,64.0,19,0.63
10325,65.0,19,0.21
10326,66.0,19,0.22
10327,67.0,19,1.8
10328,68.0,19,1.5
10329,69.0,19,0.12
10330,70.0,19,0.13
10331,71.0,19,4.6
10332,72.0,19,0.25
10333,73.0,19,0.0
10334,74.0,19,0.0
10335,75.0,19,0.053
10336,76.0,19,0.001
10337,77.0,19,0.047
10338,78.0,19,0.0
10339,79.0,19,0.19
10340,80.0,19,0.55
10341,81.0,19,0.19
10342,82.0,19,1.6
10343,83.0,19,0.18
10344,84.0,19,0.12
10345,85.0,19,0.4
10346,86.0,19,16.7
10347,87.0,19,0.22
10348,88.0,19,0.05
10349,89.0,19,0.9
10350,90.0,19,0.9
10351,91.0,19,0.9
10352,92.0,19,0.9
10353,93.0,19,0.78
10354,94.0,19,0.03
10355,95.0,19,0.011
10356,96.0,19,0.19
10357,97.0,19,0.2
10358,98.0,19,0.03
10359,99.0,19,1.5
10360,100.0,19,0.0
10361,101.0,19,0.62
10362,102.0,19,0.06
10363,103.0,19,1.1
10364,104.0,19,0.45
10365,105.0,19,0.8
10366,106.0,19,0.8
10367,107.0,19,1.0
10368,108.0,19,1.7
10369,109.0,19,0.56
10370,110.0,19,1.7
10371,111.0,19,0.21
10372,112.0,19,0.6
10373,113.0,19,1.4
10374,114.0,19,0.23
10375,115.0,19,0.46
10376,116.0,19,0.28
10377,117.0,19,0.6
10378,118.0,19,1.7
10379,119.0,19,0.0
10380,120.0,19,0.39
10381,121.0,19,0.8
10382,122.0,19,0.87
10383,123.0,19,0.53
10384,124.0,19,0.2
10385,125.0,19,0.89
10386,126.0,19,1.2
10387,127.0,19,0.0
10388,128.0,19,1.0
10389,129.0,19,0.56
10390,130.0,19,5.2
10391,131.0,19,5.0
10392,132.0,19,0.0
10393,133.0,19,0.13
10394,134.0,19,0.57
10395,135.0,19,0.16
10396,136.0,19,0.0
10397,137.0,19,0.16
10398,138.0,19,0.16
10399,139.0,19,0.16
10400,140.0,19,0.0
10401,141.0,19,0.06
10402,142.0,19,0.56
10403,143.0,19,4.3
10404,144.0,19,2.3
10405,145.0,19,1.3
10406,146.0,19,0.05
10407,147.0,19,0.12
10408,148.0,19,1.3
10409,149.0,19,0.5
10410,150.0,19,1.9
10411,151.0,19,0.59
10412,152.0,19,0.5
10413,153.0,19,0.13
10414,154.0,19,0.01
10415,155.0,19,0.86
10416,156.0,19,0.73
10417,157.0,19,0.91
10418,,19,0.23
10419,159.0,19,0.55
10420,160.0,19,1.9
10421,161.0,19,0.72
10422,162.0,19,1.1
10423,163.0,19,0.89
10424,164.0,19,0.93
10425,165.0,19,0.8
10426,166.0,19,0.8
10427,167.0,19,0.1
10428,168.0,19,0.29
10429,169.0,19,0.36
10430,170.0,19,0.2
10431,171.0,19,0.57
10432,172.0,19,0.14
10433,173.0,19,0.89
10434,174.0,19,0.72
10435,175.0,19,0.81
10436,176.0,19,0.5
10437,177.0,19,0.89
10438,178.0,19,1.1
10439,179.0,19,0.89
10440,180.0,19,0.13
10441,181.0,19,0.23
10442,182.0,19,0.14
10443,183.0,19,0.3
10444,184.0,19,0.11
10445,185.0,19,0.1
10446,186.0,19,0.94
10447,187.0,19,0.7
10448,188.0,19,26.2
10449,189.0,19,26.2
10450,190.0,19,26.2
10451,191.0,19,10.9
10452,192.0,19,7.4
10453,193.0,19,10.9
10454,194.0,19,1.2
10455,195.0,19,1.5
10456,196.0,19,0.0
10457,197.0,19,3.5
10458,198.0,19,3.5
10459,199.0,19,37.8
10460,200.0,19,37.8
10461,201.0,19,13.7
10462,202.0,19,5.2
10463,203.0,19,5.2
10464,204.0,19,0.15
10465,205.0,19,0.25
10466,206.0,19,0.17
10467,207.0,19,0.19
10468,208.0,19,0.04
10469,209.0,19,0.03
10470,210.0,19,0.11
10471,211.0,19,0.0
10472,212.0,19,0.1
10473,213.0,19,0.04
10474,214.0,19,0.0
10475,215.0,19,0.19
10476,216.0,19,0.5
10477,217.0,19,0.4
10478,218.0,19,0.1
10479,219.0,19,0.19
10480,220.0,19,0.04
10481,221.0,19,0.25
10482,222.0,19,0.9
10483,223.0,19,0.77
10484,224.0,19,1.0
10485,225.0,19,0.9
10486,226.0,19,0.9
10487,227.0,19,0.8
10488,228.0,19,0.9
10489,229.0,19,0.02
10490,230.0,19,0.0
10491,231.0,19,0.0
10492,232.0,19,0.9
10493,233.0,19,0.35
10494,234.0,19,0.0
10495,235.0,19,0.0
10496,237.0,19,0.9
10497,237.0,19,0.9
10498,238.0,19,0.01
10499,239.0,19,0.0
10500,240.0,19,0.0
10501,241.0,19,0.2
10502,242.0,19,0.0
10503,243.0,19,0.01
10504,244.0,19,0.0
10505,245.0,19,0.03
10506,246.0,19,0.0
10507,247.0,19,0.077
10508,248.0,19,0.03
10509,249.0,19,0.08
10510,250.0,19,0.03
10511,251.0,19,0.0
10512,252.0,19,0.0
10513,253.0,19,0.0
10514,254.0,19,0.04
10515,255.0,19,0.03
10516,256.0,19,0.38
10517,257.0,19,0.0
10518,258.0,19,0.74
10519,259.0,19,0.5
10520,260.0,19,0.35
10521,261.0,19,0.3
10522,262.0,19,0.01
10523,263.0,19,0.3
10524,264.0,19,0.0
10525,265.0,19,0.1
10526,266.0,19,0.0
10527,267.0,19,0.0
10528,268.0,19,0.0
10529,269.0,19,0.7
10530,270.0,19,0.0
10531,271.0,19,0.0
10532,272.0,19,0.25
10533,273.0,19,0.66
10534,274.0,19,0.08
10535,275.0,19,0.1
10536,276.0,19,0.0
10537,277.0,19,0.01
10538,278.0,19,0.05
10539,279.0,19,0.01
10540,280.0,19,0.1
10541,281.0,19,0.0
10542,282.0,19,0.08
10543,283.0,19,0.0
10544,284.0,19,0.11
10545,285.0,19,0.18
10546,286.0,19,0.15
10547,287.0,19,0.14
10548,288.0,19,0.01
10549,289.0,19,0.07
10550,290.0,19,0.57
10551,291.0,19,0.07
10552,292.0,19,0.29
10553,293.0,19,0.08
10554,294.0,19,0.08
10555,295.0,19,0.08
10556,296.0,19,0.08
10557,297.0,19,0.28
10558,298.0,19,0.29
10559,299.0,19,0.31
10560,300.0,19,0.09
10561,301.0,19,0.0
10562,302.0,19,0.78
10563,303.0,19,0.0
10564,304.0,19,0.27
10565,305.0,19,0.09
10566,306.0,19,0.67
10567,307.0,19,0.4
10568,308.0,19,0.09
10569,309.0,19,0.16
10570,310.0,19,0.27
10571,311.0,19,0.01
10572,312.0,19,0.13
10573,313.0,19,0.2
10574,314.0,19,0.18
10575,315.0,19,0.19
10576,316.0,19,0.15
10577,317.0,19,0.15
10578,318.0,19,0.19
10579,319.0,19,0.19
10580,320.0,19,0.19
10581,321.0,19,0.08
10582,322.0,19,0.15
10583,323.0,19,0.14
10584,324.0,19,0.08
10585,325.0,19,0.63
10586,326.0,19,0.0
10587,327.0,19,1.2
10588,328.0,19,0.52
10589,329.0,19,0.6
10590,330.0,19,0.4
10591,331.0,19,0.4
10592,332.0,19,0.7
10593,333.0,19,0.51
10594,334.0,19,0.21
10595,335.0,19,0.3
10596,336.0,19,0.1
10597,337.0,19,0.44
10598,338.0,19,3.0
10599,339.0,19,0.0
10600,340.0,19,0.0
10601,341.0,19,0.0
10602,342.0,19,0.45
10603,343.0,19,0.45
10604,344.0,19,0.2
10605,345.0,19,0.4
10606,346.0,19,1.2
10607,347.0,19,1.2
10608,348.0,19,1.2
10609,349.0,19,0.4
10610,350.0,19,0.4
10611,351.0,19,1.5
10612,352.0,19,2.7
10613,353.0,19,2.3
10614,354.0,19,2.3
10615,355.0,19,2.7
10616,356.0,19,1.5
10617,357.0,19,1.5
10618,358.0,19,1.5
10619,359.0,19,1.5
10620,360.0,19,0.75
10621,361.0,19,0.85
10622,362.0,19,2.1
10623,363.0,19,4.1
10624,364.0,19,5.6
10625,365.0,19,1.0
10626,366.0,19,0.9
10627,367.0,19,0.02
10628,368.0,19,1.3
10629,369.0,19,0.63
10630,370.0,19,4.1
10631,371.0,19,2.6
10632,372.0,19,2.6
10633,373.0,19,1.0
10634,374.0,19,2.0
10635,375.0,19,0.51
10636,376.0,19,1.6
10637,377.0,19,0.4
10638,378.0,19,1.5
10639,379.0,19,0.5
10640,380.0,19,1.0
10641,381.0,19,15.8
10642,382.0,19,0.5
10643,383.0,19,0.35
10644,384.0,19,0.8
10645,385.0,19,1.0
10646,386.0,19,0.16
10647,387.0,19,1.3
10648,388.0,19,0.5
10649,389.0,19,0.36
10650,390.0,19,0.85
10651,391.0,19,0.0
10652,392.0,19,0.4
10653,393.0,19,0.0
10654,394.0,19,1.7
10655,395.0,19,0.98
10656,396.0,19,0.55
10657,397.0,19,6.3
10658,398.0,19,0.55
10659,399.0,19,7.2
10660,400.0,19,7.2
10661,401.0,19,0.0
10662,402.0,19,0.52
10663,403.0,19,0.3
10664,404.0,19,1.6
10665,405.0,19,0.3
10666,406.0,19,1.3
10667,407.0,19,15.7
10668,408.0,19,0.11
10669,409.0,19,42.0
10670,410.0,19,215.0
10671,411.0,19,62.2
10672,412.0,19,20.0
10673,413.0,19,3.6
10674,414.0,19,34.0
10675,415.0,19,10.8
10676,416.0,19,5.1
10677,417.0,19,12.0
10678,418.0,19,19.8
10679,419.0,19,19.8
10680,420.0,19,9.5
10681,421.0,19,4.1
10682,422.0,19,16.8
10683,423.0,19,2.3
10684,424.0,19,1.6
10685,425.0,19,2.3
10686,426.0,19,10.0
10687,427.0,19,5.7
10688,428.0,19,7.5
10689,429.0,19,6.0
10690,430.0,19,12.8
10691,431.0,19,26.5
10692,432.0,19,1.8
10693,433.0,19,1.6
10694,434.0,19,0.67
10695,435.0,19,0.8
10696,436.0,19,7.5
10697,437.0,19,0.0
10698,438.0,19,0.95
10699,439.0,19,0.0
10700,440.0,19,0.18
10701,441.0,19,0.9
10702,442.0,19,2.5
10703,443.0,19,8.8
10704,444.0,19,0.0
10705,445.0,19,0.0
10706,446.0,19,0.38
10707,447.0,19,0.69
10708,448.0,19,0.9
10709,449.0,19,0.75
10710,450.0,19,0.0
10711,451.0,19,0.0
10712,452.0,19,0.0
10713,453.0,19,0.0
10714,454.0,19,1.7
10715,455.0,19,0.0
10716,456.0,19,0.053
10717,457.0,19,0.0
10718,458.0,19,18.9
10719,459.0,19,3.7
10720,460.0,19,0.69
10721,461.0,19,2.5
10722,462.0,19,1.0
10723,463.0,19,0.0
10724,464.0,19,0.0
10725,465.0,19,0.0
10726,466.0,19,0.0
10727,467.0,19,0.0
10728,468.0,19,0.0
10729,469.0,19,0.0
10730,470.0,19,0.0
10731,471.0,19,0.0
10732,472.0,19,0.0
10733,473.0,19,0.0
10734,474.0,19,0.0
10735,475.0,19,10.5
10736,476.0,19,0.0
10737,477.0,19,1.5
10738,478.0,19,15.5
10739,479.0,19,14.0
10740,480.0,19,0.01
10741,481.0,19,0.0
10742,482.0,19,0.0
10743,483.0,19,6.6
10744,484.0,19,0.71
10745,485.0,19,1.9
10746,486.0,19,0.0
10747,487.0,19,0.5
10748,488.0,19,4.7
10749,489.0,19,0.29
10750,490.0,19,0.0
10751,491.0,19,14.0
10752,492.0,19,0.08
10753,493.0,19,0.043
10754,494.0,19,0.3
10755,495.0,19,0.0
10756,496.0,19,0.0
10757,497.0,19,0.0
10758,498.0,19,0.0
10759,499.0,19,0.09
10760,500.0,19,3.9
10761,501.0,19,0.29
10762,502.0,19,0.73
10763,503.0,19,0.45
10764,504.0,19,0.45
10765,505.0,19,0.42
10766,506.0,19,1.1
10767,507.0,19,1.4
10768,508.0,19,0.48
10769,509.0,19,2.9
10770,510.0,19,0.2
10771,511.0,19,10.8
10772,512.0,19,0.0
10773,513.0,19,0.0
10774,514.0,19,2.3
10775,515.0,19,0.0
10776,516.0,19,1.1
10777,517.0,19,0.0
10778,518.0,19,0.0
10779,519.0,19,0.0
10780,520.0,19,0.0
10781,521.0,19,0.0
10782,522.0,19,0.1
10783,523.0,19,0.5
10784,524.0,19,0.6
10785,525.0,19,0.0
10786,526.0,19,0.0
10787,527.0,19,0.0
10788,528.0,19,0.0
10789,529.0,19,0.0
10790,530.0,19,0.0
10791,531.0,19,0.0
10792,532.0,19,0.8
10793,533.0,19,0.0
10794,534.0,19,0.0
10795,535.0,19,0.0
10796,536.0,19,0.0
10797,537.0,19,0.0
10798,538.0,19,0.0
10799,539.0,19,0.0
10800,540.0,19,0.0
10801,541.0,19,0.0
10802,542.0,19,0.01
10803,543.0,19,0.1
10804,544.0,19,0.0
10805,545.0,19,2.7
10806,546.0,19,0.0
10807,547.0,19,0.1
10808,548.0,19,2.7
10809,549.0,19,0.0
10810,550.0,19,0.0
10811,551.0,19,0.0
10812,552.0,19,1.8
10813,553.0,19,0.0
10814,554.0,19,0.4
10815,555.0,19,0.0
10816,556.0,19,0.47
10817,557.0,19,0.15
10818,558.0,19,0.3
10819,559.0,19,0.0
10820,560.0,19,0.25
10821,561.0,19,1.5
10822,562.0,19,1.1
10823,563.0,19,0.01
10824,564.0,19,0.38
10825,565.0,19,0.03
10826,566.0,19,0.19
10827,567.0,19,0.35
10828,568.0,19,0.0
10829,569.0,19,0.56
10830,570.0,19,0.19
10831,1.0,20,2.8
10832,2.0,20,1.0
10833,3.0,20,1.0
10834,4.0,20,1.0
10835,5.0,20,50.0
10836,6.0,20,2.2
10837,7.0,20,5.9
10838,8.0,20,1.0
10839,9.0,20,0.0
10840,10.0,20,0.0
10841,11.0,20,1.0
10842,12.0,20,32.7
10843,13.0,20,65.5
10844,14.0,20,0.0
10845,15.0,20,1.0
10846,16.0,20,1.0
10847,17.0,20,1.0
10848,18.0,20,0.0
10849,19.0,20,98.2
10850,20.0,20,14.4
10851,21.0,20,17.9
10852,22.0,20,1.9
10853,23.0,20,1.9
10854,24.0,20,1.9
10855,25.0,20,3.0
10856,26.0,20,3.0
10857,27.0,20,0.0
10858,28.0,20,0.0
10859,29.0,20,1.2
10860,30.0,20,0.0
10861,31.0,20,0.0
10862,32.0,20,3.4
10863,33.0,20,3.0
10864,34.0,20,0.3
10865,35.0,20,3.0
10866,36.0,20,0.0
10867,37.0,20,0.0
10868,38.0,20,0.0
10869,39.0,20,0.0
10870,40.0,20,0.5
10871,41.0,20,0.5
10872,42.0,20,0.5
10873,43.0,20,0.0
10874,44.0,20,0.0
10875,45.0,20,0.5
10876,46.0,20,0.5
10877,47.0,20,0.0
10878,48.0,20,0.0
10879,49.0,20,0.0
10880,50.0,20,0.0
10881,51.0,20,4.2
10882,52.0,20,70.0
10883,53.0,20,0.0
10884,54.0,20,0.0
10885,55.0,20,0.0
10886,56.0,20,0.0
10887,57.0,20,132.0
10888,58.0,20,9.5
10889,59.0,20,9.5
10890,60.0,20,61.5
10891,61.0,20,0.0
10892,62.0,20,264.0
10893,63.0,20,19.0
10894,64.0,20,0.0
10895,65.0,20,19.0
10896,66.0,20,19.0
10897,67.0,20,123.0
10898,68.0,20,47.0
10899,69.0,20,14.0
10900,70.0,20,14.0
10901,71.0,20,1.8
10902,72.0,20,0.0
10903,73.0,20,0.0
10904,74.0,20,0.1
10905,75.0,20,2.1
10906,76.0,20,1.3
10907,77.0,20,0.2
10908,78.0,20,0.0
10909,79.0,20,0.0
10910,80.0,20,15.0
10911,81.0,20,14.0
10912,82.0,20,377.0
10913,83.0,20,23.5
10914,84.0,20,47.0
10915,85.0,20,40.0
10916,86.0,20,290.0
10917,87.0,20,26.0
10918,88.0,20,47.0
10919,89.0,20,0.0
10920,90.0,20,5.1
10921,91.0,20,5.1
10922,92.0,20,5.1
10923,93.0,20,47.0
10924,94.0,20,200.0
10925,95.0,20,1.4
10926,96.0,20,14.0
10927,97.0,20,12.0
10928,98.0,20,3.5
10929,99.0,20,542.0
10930,100.0,20,0.0
10931,101.0,20,154.0
10932,102.0,20,4.3
10933,103.0,20,1.1
10934,104.0,20,0.7
10935,105.0,20,0.0
10936,106.0,20,0.0
10937,107.0,20,0.0
10938,108.0,20,70.0
10939,109.0,20,236.0
10940,110.0,20,817.0
10941,111.0,20,57.0
10942,112.0,20,200.0
10943,113.0,20,307.0
10944,114.0,20,29.0
10945,115.0,20,43.0
10946,116.0,20,43.0
10947,117.0,20,113.0
10948,118.0,20,25.0
10949,119.0,20,5.3
10950,120.0,20,13.0
10951,121.0,20,17.0
10952,122.0,20,11.0
10953,123.0,20,47.0
10954,124.0,20,70.0
10955,125.0,20,5.7
10956,126.0,20,0.0
10957,127.0,20,0.0
10958,128.0,20,4.0
10959,129.0,20,15.0
10960,130.0,20,0.0
10961,131.0,20,0.8
10962,132.0,20,0.0
10963,133.0,20,0.5
10964,134.0,20,0.0
10965,135.0,20,1.1
10966,136.0,20,0.5
10967,137.0,20,0.5
10968,138.0,20,0.5
10969,139.0,20,0.0
10970,140.0,20,0.0
10971,141.0,20,0.0
10972,142.0,20,3.5
10973,143.0,20,3.1
10974,144.0,20,59.5
10975,145.0,20,0.3
10976,146.0,20,2.7
10977,147.0,20,3.5
10978,148.0,20,19.0
10979,149.0,20,3.3
10980,150.0,20,12.0
10981,151.0,20,2.6
10982,152.0,20,0.0
10983,153.0,20,1.5
10984,154.0,20,0.0
10985,155.0,20,8.3
10986,156.0,20,0.2
10987,157.0,20,10.0
10988,,20,5.5
10989,159.0,20,4.6
10990,160.0,20,30.0
10991,161.0,20,11.0
10992,162.0,20,2.6
10993,163.0,20,4.7
10994,164.0,20,3.3
10995,165.0,20,0.6
10996,166.0,20,0.2
10997,167.0,20,0.4
10998,168.0,20,0.0
10999,169.0,20,3.7
11000,170.0,20,0.7
11001,171.0,20,2.3
11002,172.0,20,0.52
11003,173.0,20,0.0
11004,174.0,20,10.0
11005,175.0,20,3.8
11006,176.0,20,3.0
11007,177.0,20,3.3
11008,178.0,20,2.6
11009,179.0,20,4.9
11010,180.0,20,0.1
11011,181.0,20,0.26
11012,182.0,20,0.0
11013,183.0,20,0.0
11014,184.0,20,0.2
11015,185.0,20,0.0
11016,186.0,20,14.6
11017,187.0,20,14.6
11018,188.0,20,3.0
11019,189.0,20,9.0
11020,190.0,20,9.0
11021,191.0,20,2.0
11022,192.0,20,26.0
11023,193.0,20,26.0
11024,194.0,20,11.2
11025,195.0,20,0.0
11026,196.0,20,0.0
11027,197.0,20,2.0
11028,198.0,20,2.0
11029,199.0,20,2.7
11030,200.0,20,2.7
11031,201.0,20,0.0
11032,202.0,20,13.2
11033,203.0,20,13.2
11034,204.0,20,0.1
11035,205.0,20,0.1
11036,206.0,20,1.5
11037,207.0,20,2.0
11038,208.0,20,0.66
11039,209.0,20,0.1
11040,210.0,20,0.1
11041,211.0,20,0.1
11042,212.0,20,0.34
11043,213.0,20,0.2
11044,214.0,20,0.1
11045,215.0,20,0.5
11046,216.0,20,1.7
11047,217.0,20,1.0
11048,218.0,20,0.34
11049,219.0,20,1.6
11050,220.0,20,0.2
11051,221.0,20,1.0
11052,222.0,20,3.0
11053,223.0,20,2.5
11054,224.0,20,2.3
11055,225.0,20,3.0
11056,226.0,20,2.3
11057,227.0,20,2.3
11058,228.0,20,2.3
11059,229.0,20,3.0
11060,230.0,20,0.0
11061,231.0,20,0.0
11062,232.0,20,3.0
11063,233.0,20,2.3
11064,234.0,20,0.0
11065,235.0,20,0.0
11066,237.0,20,3.0
11067,237.0,20,3.0
11068,238.0,20,0.0
11069,239.0,20,0.0
11070,240.0,20,0.0
11071,241.0,20,0.0
11072,242.0,20,0.3
11073,243.0,20,0.3
11074,244.0,20,0.3
11075,245.0,20,0.3
11076,246.0,20,0.3
11077,247.0,20,0.0
11078,248.0,20,0.7
11079,249.0,20,0.7
11080,250.0,20,0.7
11081,251.0,20,0.3
11082,252.0,20,0.3
11083,253.0,20,0.3
11084,254.0,20,0.7
11085,255.0,20,0.7
11086,256.0,20,0.8
11087,257.0,20,0.01
11088,258.0,20,0.3
11089,259.0,20,36.4
11090,260.0,20,19.0
11091,261.0,20,1.0
11092,262.0,20,6.0
11093,263.0,20,0.1
11094,264.0,20,7.0
11095,265.0,20,1.0
11096,266.0,20,0.0
11097,267.0,20,0.0
11098,268.0,20,0.0
11099,269.0,20,6.0
11100,270.0,20,7.0
11101,271.0,20,7.0
11102,272.0,20,1.0
11103,273.0,20,0.0
11104,274.0,20,46.0
11105,275.0,20,5.0
11106,276.0,20,5.0
11107,277.0,20,10.0
11108,278.0,20,10.0
11109,279.0,20,11.0
11110,280.0,20,7.0
11111,281.0,20,0.0
11112,282.0,20,46.0
11113,283.0,20,5.0
11114,284.0,20,46.0
11115,285.0,20,15.0
11116,286.0,20,15.0
11117,287.0,20,15.0
11118,288.0,20,5.0
11119,289.0,20,5.0
11120,290.0,20,6.0
11121,291.0,20,5.0
11122,292.0,20,6.0
11123,293.0,20,11.0
11124,294.0,20,11.0
11125,295.0,20,11.0
11126,296.0,20,11.0
11127,297.0,20,11.0
11128,298.0,20,6.0
11129,299.0,20,5.0
11130,300.0,20,7.0
11131,301.0,20,0.0
11132,302.0,20,9.0
11133,303.0,20,9.0
11134,304.0,20,10.0
11135,305.0,20,15.0
11136,306.0,20,7.0
11137,307.0,20,4.0
11138,308.0,20,4.0
11139,309.0,20,4.0
11140,310.0,20,6.0
11141,311.0,20,4.0
11142,312.0,20,4.0
11143,313.0,20,6.0
11144,314.0,20,6.0
11145,315.0,20,6.0
11146,316.0,20,6.0
11147,317.0,20,6.0
11148,318.0,20,7.0
11149,319.0,20,4.0
11150,320.0,20,0.0
11151,321.0,20,6.0
11152,322.0,20,7.0
11153,323.0,20,7.0
11154,324.0,20,4.0
11155,325.0,20,0.0
11156,326.0,20,0.0
11157,327.0,20,0.0
11158,328.0,20,0.0
11159,329.0,20,56.0
11160,330.0,20,0.0
11161,331.0,20,80.0
11162,332.0,20,33.0
11163,333.0,20,0.0
11164,334.0,20,0.0
11165,335.0,20,0.0
11166,336.0,20,0.0
11167,337.0,20,0.0
11168,338.0,20,0.2
11169,339.0,20,0.0
11170,340.0,20,0.0
11171,341.0,20,0.0
11172,342.0,20,12.0
11173,343.0,20,12.0
11174,344.0,20,12.0
11175,345.0,20,0.0
11176,346.0,20,30.0
11177,347.0,20,30.0
11178,348.0,20,30.0
11179,349.0,20,0.1
11180,350.0,20,0.1
11181,351.0,20,0.04
11182,352.0,20,0.07
11183,353.0,20,0.04
11184,354.0,20,0.05
11185,355.0,20,0.0
11186,356.0,20,0.5
11187,357.0,20,0.04
11188,358.0,20,0.04
11189,359.0,20,0.04
11190,360.0,20,0.1
11191,361.0,20,0.1
11192,362.0,20,0.07
11193,363.0,20,0.02
11194,364.0,20,0.02
11195,365.0,20,0.03
11196,366.0,20,0.04
11197,367.0,20,0.09
11198,368.0,20,5.0
11199,369.0,20,0.02
11200,370.0,20,0.03
11201,371.0,20,0.02
11202,372.0,20,0.02
11203,373.0,20,0.02
11204,374.0,20,0.4
11205,375.0,20,0.3
11206,376.0,20,0.09
11207,377.0,20,0.02
11208,378.0,20,0.3
11209,379.0,20,0.01
11210,380.0,20,0.01
11211,381.0,20,0.04
11212,382.0,20,0.02
11213,383.0,20,0.02
11214,384.0,20,0.02
11215,385.0,20,0.01
11216,386.0,20,0.0
11217,387.0,20,0.0
11218,388.0,20,0.02
11219,389.0,20,0.2
11220,390.0,20,0.02
11221,391.0,20,0.01
11222,392.0,20,0.2
11223,393.0,20,0.0
11224,394.0,20,0.3
11225,395.0,20,0.04
11226,396.0,20,0.03
11227,397.0,20,0.04
11228,398.0,20,0.03
11229,399.0,20,0.04
11230,400.0,20,0.04
11231,401.0,20,0.0
11232,402.0,20,0.06
11233,403.0,20,0.04
11234,404.0,20,0.03
11235,405.0,20,0.04
11236,406.0,20,0.01
11237,407.0,20,0.7
11238,408.0,20,0.5
11239,409.0,20,0.0
11240,410.0,20,0.0
11241,411.0,20,9.4
11242,412.0,20,0.0
11243,413.0,20,9.3
11244,414.0,20,31.0
11245,415.0,20,0.0
11246,416.0,20,49.6
11247,417.0,20,49.6
11248,418.0,20,49.6
11249,419.0,20,49.6
11250,420.0,20,8.0
11251,421.0,20,0.0
11252,422.0,20,138.0
11253,423.0,20,7.0
11254,424.0,20,4.8
11255,425.0,20,7.0
11256,426.0,20,93.0
11257,427.0,20,93.0
11258,428.0,20,1.5
11259,429.0,20,93.0
11260,430.0,20,93.0
11261,431.0,20,0.0
11262,432.0,20,24.7
11263,433.0,20,7.0
11264,434.0,20,0.4
11265,435.0,20,415.0
11266,436.0,20,0.0
11267,437.0,20,0.0
11268,438.0,20,31.2
11269,439.0,20,0.0
11270,440.0,20,0.0
11271,441.0,20,0.0
11272,442.0,20,310.0
11273,443.0,20,142.0
11274,444.0,20,13.4
11275,445.0,20,0.0
11276,446.0,20,0.0
11277,447.0,20,14.0
11278,448.0,20,62.8
11279,449.0,20,0.8
11280,450.0,20,0.8
11281,451.0,20,0.0
11282,452.0,20,0.0
11283,453.0,20,0.0
11284,454.0,20,0.0
11285,455.0,20,0.0
11286,456.0,20,0.0
11287,457.0,20,0.0
11288,458.0,20,622.0
11289,459.0,20,421.0
11290,460.0,20,80.3
11291,461.0,20,0.0
11292,462.0,20,0.0
11293,463.0,20,0.0
11294,464.0,20,0.0
11295,465.0,20,0.0
11296,466.0,20,0.0
11297,467.0,20,0.0
11298,468.0,20,0.0
11299,469.0,20,0.0
11300,470.0,20,0.0
11301,471.0,20,0.0
11302,472.0,20,0.0
11303,473.0,20,0.0
11304,474.0,20,0.0
11305,475.0,20,80.3
11306,476.0,20,0.0
11307,477.0,20,0.0
11308,478.0,20,81.0
11309,479.0,20,81.0
11310,480.0,20,0.0
11311,481.0,20,0.0
11312,482.0,20,0.0
11313,483.0,20,0.1
11314,484.0,20,0.77
11315,485.0,20,5.5
11316,486.0,20,0.0
11317,487.0,20,21.6
11318,488.0,20,0.0
11319,489.0,20,11.5
11320,490.0,20,0.0
11321,491.0,20,21.6
11322,492.0,20,0.0
11323,493.0,20,0.6
11324,494.0,20,1.2
11325,495.0,20,0.5
11326,496.0,20,0.6
11327,497.0,20,2.0
11328,498.0,20,1.0
11329,499.0,20,4.7
11330,500.0,20,16.7
11331,501.0,20,5.0
11332,502.0,20,16.7
11333,503.0,20,3.0
11334,504.0,20,3.0
11335,505.0,20,4.0
11336,506.0,20,5.0
11337,507.0,20,2.3
11338,508.0,20,3.8
11339,509.0,20,0.0
11340,510.0,20,1.3
11341,511.0,20,1.5
11342,512.0,20,0.0
11343,513.0,20,4.0
11344,514.0,20,4.0
11345,515.0,20,4.0
11346,516.0,20,4.0
11347,517.0,20,4.0
11348,518.0,20,0.0
11349,519.0,20,0.0
11350,520.0,20,0.0
11351,521.0,20,0.0
11352,522.0,20,0.0
11353,523.0,20,4.0
11354,524.0,20,0.0
11355,525.0,20,0.0
11356,526.0,20,0.0
11357,527.0,20,0.0
11358,528.0,20,0.0
11359,529.0,20,0.0
11360,530.0,20,0.0
11361,531.0,20,0.0
11362,532.0,20,0.0
11363,533.0,20,0.0
11364,534.0,20,0.0
11365,535.0,20,0.0
11366,536.0,20,0.0
11367,537.0,20,0.0
11368,538.0,20,0.0
11369,539.0,20,0.0
11370,540.0,20,0.0
11371,541.0,20,0.0
11372,542.0,20,0.0
11373,543.0,20,10.0
11374,544.0,20,0.0
11375,545.0,20,10.0
11376,546.0,20,1.9
11377,547.0,20,0.38
11378,548.0,20,10.0
11379,549.0,20,1.9
11380,550.0,20,262.0
11381,551.0,20,0.0
11382,552.0,20,0.0
11383,553.0,20,0.0
11384,554.0,20,0.0
11385,555.0,20,0.0
11386,556.0,20,0.2
11387,557.0,20,0.1
11388,558.0,20,0.0
11389,559.0,20,0.0
11390,560.0,20,0.1
11391,561.0,20,0.0
11392,562.0,20,0.0
11393,563.0,20,0.1
11394,564.0,20,1.7
11395,565.0,20,0.3
11396,566.0,20,0.0
11397,567.0,20,2.3
11398,568.0,20,0.4
11399,569.0,20,15.5
11400,570.0,20,1.1
11401,1.0,21,0.52
11402,2.0,21,0.05
11403,3.0,21,0.22
11404,4.0,21,0.41
11405,5.0,21,0.67
11406,6.0,21,0.19
11407,7.0,21,0.32
11408,8.0,21,0.0
11409,9.0,21,0.14
11410,10.0,21,0.3
11411,11.0,21,0.44
11412,12.0,21,0.11
11413,13.0,21,0.47
11414,14.0,21,0.21
11415,15.0,21,0.04
11416,16.0,21,0.36
11417,17.0,21,0.22
11418,18.0,21,0.36
11419,19.0,21,0.28
11420,20.0,21,0.32
11421,21.0,21,0.07
11422,22.0,21,0.086
11423,23.0,21,0.09
11424,24.0,21,0.09
11425,25.0,21,0.36
11426,26.0,21,0.42
11427,27.0,21,0.4
11428,28.0,21,0.41
11429,29.0,21,0.43
11430,30.0,21,0.11
11431,31.0,21,0.18
11432,32.0,21,0.34
11433,33.0,21,0.34
11434,34.0,21,0.38
11435,35.0,21,0.32
11436,36.0,21,0.0
11437,37.0,21,0.23
11438,38.0,21,0.0
11439,39.0,21,0.16
11440,40.0,21,0.09
11441,41.0,21,0.17
11442,42.0,21,1.0
11443,43.0,21,0.21
11444,44.0,21,0.67
11445,45.0,21,0.12
11446,46.0,21,0.12
11447,47.0,21,0.07
11448,48.0,21,0.12
11449,49.0,21,0.15
11450,50.0,21,0.0
11451,51.0,21,2.7
11452,52.0,21,0.75
11453,53.0,21,0.0
11454,54.0,21,0.23
11455,55.0,21,2.3
11456,56.0,21,0.078
11457,57.0,21,0.13
11458,58.0,21,0.1
11459,59.0,21,0.16
11460,60.0,21,0.14
11461,61.0,21,0.64
11462,62.0,21,0.45
11463,63.0,21,0.5
11464,64.0,21,0.053
11465,65.0,21,0.5
11466,66.0,21,0.53
11467,67.0,21,0.47
11468,68.0,21,0.61
11469,69.0,21,0.02
11470,70.0,21,0.1
11471,71.0,21,0.17
11472,72.0,21,0.23
11473,73.0,21,0.01
11474,74.0,21,0.04
11475,75.0,21,0.11
11476,76.0,21,0.033
11477,77.0,21,0.022
11478,78.0,21,0.004
11479,79.0,21,0.09
11480,80.0,21,0.06
11481,81.0,21,0.058
11482,82.0,21,0.07
11483,83.0,21,0.26
11484,84.0,21,0.06
11485,85.0,21,0.03
11486,86.0,21,0.03
11487,87.0,21,0.09
11488,88.0,21,0.07
11489,89.0,21,0.07
11490,90.0,21,0.01
11491,91.0,21,0.01
11492,92.0,21,0.01
11493,93.0,21,0.02
11494,94.0,21,0.05
11495,95.0,21,0.16
11496,96.0,21,0.14
11497,97.0,21,0.048
11498,98.0,21,0.038
11499,99.0,21,0.085
11500,100.0,21,0.06
11501,101.0,21,0.09
11502,102.0,21,0.09
11503,103.0,21,0.047
11504,104.0,21,0.03
11505,105.0,21,0.12
11506,106.0,21,0.07
11507,107.0,21,0.023
11508,108.0,21,0.043
11509,109.0,21,0.13
11510,110.0,21,0.1
11511,111.0,21,0.088
11512,112.0,21,0.06
11513,113.0,21,0.092
11514,114.0,21,0.29
11515,115.0,21,0.2
11516,116.0,21,0.06
11517,117.0,21,0.06
11518,118.0,21,0.063
11519,119.0,21,0.012
11520,120.0,21,0.04
11521,121.0,21,0.04
11522,122.0,21,0.01
11523,123.0,21,0.086
11524,124.0,21,0.15
11525,125.0,21,0.07
11526,126.0,21,0.06
11527,127.0,21,0.0
11528,128.0,21,0.056
11529,129.0,21,0.06
11530,130.0,21,0.05
11531,131.0,21,0.12
11532,132.0,21,0.01
11533,133.0,21,0.04
11534,134.0,21,0.04
11535,135.0,21,0.024
11536,136.0,21,0.01
11537,137.0,21,0.009
11538,138.0,21,0.01
11539,139.0,21,0.02
11540,140.0,21,0.0
11541,141.0,21,0.005
11542,142.0,21,0.045
11543,143.0,21,0.015
11544,144.0,21,0.15
11545,145.0,21,0.03
11546,146.0,21,0.06
11547,147.0,21,0.12
11548,148.0,21,0.08
11549,149.0,21,0.04
11550,150.0,21,0.02
11551,151.0,21,0.024
11552,152.0,21,0.03
11553,153.0,21,0.039
11554,154.0,21,0.07
11555,155.0,21,0.072
11556,156.0,21,0.061
11557,157.0,21,0.023
11558,,21,0.031
11559,159.0,21,0.05
11560,160.0,21,0.051
11561,161.0,21,0.04
11562,162.0,21,0.03
11563,163.0,21,0.046
11564,164.0,21,0.02
11565,165.0,21,0.021
11566,166.0,21,0.051
11567,167.0,21,0.05
11568,168.0,21,0.06
11569,169.0,21,0.035
11570,170.0,21,0.02
11571,171.0,21,0.02
11572,172.0,21,0.05
11573,173.0,21,0.03
11574,174.0,21,0.03
11575,175.0,21,0.08
11576,176.0,21,0.02
11577,177.0,21,0.02
11578,178.0,21,0.03
11579,179.0,21,0.02
11580,180.0,21,0.08
11581,181.0,21,0.05
11582,182.0,21,0.052
11583,183.0,21,0.048
11584,184.0,21,0.03
11585,185.0,21,0.43
11586,186.0,21,0.05
11587,187.0,21,0.04
11588,188.0,21,0.22
11589,189.0,21,0.39
11590,190.0,21,0.39
11591,191.0,21,0.9
11592,192.0,21,0.18
11593,193.0,21,0.9
11594,194.0,21,0.18
11595,195.0,21,0.28
11596,196.0,21,0.53
11597,197.0,21,0.34
11598,198.0,21,0.34
11599,199.0,21,0.33
11600,200.0,21,0.33
11601,201.0,21,0.07
11602,202.0,21,0.69
11603,203.0,21,0.59
11604,204.0,21,0.041
11605,205.0,21,0.072
11606,206.0,21,0.067
11607,207.0,21,0.09
11608,208.0,21,0.11
11609,209.0,21,0.049
11610,210.0,21,0.048
11611,211.0,21,0.04
11612,212.0,21,0.04
11613,213.0,21,0.04
11614,214.0,21,0.04
11615,215.0,21,0.09
11616,216.0,21,0.27
11617,217.0,21,0.4
11618,218.0,21,0.04
11619,219.0,21,0.07
11620,220.0,21,0.04
11621,221.0,21,0.03
11622,222.0,21,0.02
11623,223.0,21,0.043
11624,224.0,21,0.037
11625,225.0,21,0.02
11626,226.0,21,0.14
11627,227.0,21,0.08
11628,228.0,21,0.14
11629,229.0,21,0.62
11630,230.0,21,0.0
11631,231.0,21,0.0
11632,232.0,21,0.02
11633,233.0,21,0.03
11634,234.0,21,0.0
11635,235.0,21,0.0
11636,237.0,21,0.02
11637,237.0,21,0.02
11638,238.0,21,0.043
11639,239.0,21,0.0
11640,240.0,21,0.0
11641,241.0,21,0.1
11642,242.0,21,0.03
11643,243.0,21,0.05
11644,244.0,21,0.04
11645,245.0,21,0.04
11646,246.0,21,0.04
11647,247.0,21,0.06
11648,248.0,21,0.03
11649,249.0,21,0.03
11650,250.0,21,0.04
11651,251.0,21,0.03
11652,252.0,21,0.03
11653,253.0,21,0.03
11654,254.0,21,0.04
11655,255.0,21,0.04
11656,256.0,21,0.03
11657,257.0,21,0.022
11658,258.0,21,0.43
11659,259.0,21,184.0
11660,260.0,21,353.0
11661,261.0,21,0.048
11662,262.0,21,0.14
11663,263.0,21,0.09
11664,264.0,21,0.09
11665,265.0,21,0.1
11666,266.0,21,0.13
11667,267.0,21,0.085
11668,268.0,21,0.12
11669,269.0,21,0.3
11670,270.0,21,0.1
11671,271.0,21,0.047
11672,272.0,21,0.07
11673,273.0,21,0.083
11674,274.0,21,0.37
11675,275.0,21,0.92
11676,276.0,21,0.83
11677,277.0,21,0.82
11678,278.0,21,0.62
11679,279.0,21,0.79
11680,280.0,21,1.0
11681,281.0,21,0.65
11682,282.0,21,0.32
11683,283.0,21,0.83
11684,284.0,21,0.1
11685,285.0,21,0.13
11686,286.0,21,0.13
11687,287.0,21,0.14
11688,288.0,21,0.04
11689,289.0,21,0.04
11690,290.0,21,0.56
11691,291.0,21,0.23
11692,292.0,21,0.33
11693,293.0,21,0.46
11694,294.0,21,0.52
11695,295.0,21,0.84
11696,296.0,21,0.57
11697,297.0,21,0.67
11698,298.0,21,0.2
11699,299.0,21,0.05
11700,300.0,21,0.16
11701,301.0,21,0.0
11702,302.0,21,0.18
11703,303.0,21,0.18
11704,304.0,21,0.18
11705,305.0,21,0.25
11706,306.0,21,0.11
11707,307.0,21,0.0
11708,308.0,21,0.03
11709,309.0,21,0.17
11710,310.0,21,0.09
11711,311.0,21,0.19
11712,312.0,21,0.03
11713,313.0,21,0.04
11714,314.0,21,0.06
11715,315.0,21,0.038
11716,316.0,21,0.07
11717,317.0,21,0.11
11718,318.0,21,0.14
11719,319.0,21,0.07
11720,320.0,21,0.04
11721,321.0,21,0.14
11722,322.0,21,0.041
11723,323.0,21,0.06
11724,324.0,21,0.025
11725,325.0,21,0.46
11726,326.0,21,0.31
11727,327.0,21,0.43
11728,328.0,21,0.19
11729,329.0,21,0.31
11730,330.0,21,0.34
11731,331.0,21,0.32
11732,332.0,21,0.29
11733,333.0,21,0.49
11734,334.0,21,0.17
11735,335.0,21,0.15
11736,336.0,21,0.13
11737,337.0,21,0.03
11738,338.0,21,0.087
11739,339.0,21,0.085
11740,340.0,21,0.048
11741,341.0,21,0.047
11742,342.0,21,0.34
11743,343.0,21,0.49
11744,344.0,21,0.37
11745,345.0,21,0.09
11746,346.0,21,0.16
11747,347.0,21,0.2
11748,348.0,21,0.16
11749,349.0,21,0.03
11750,350.0,21,0.03
11751,351.0,21,0.13
11752,352.0,21,0.07
11753,353.0,21,0.1
11754,354.0,21,0.1
11755,355.0,21,0.07
11756,356.0,21,0.08
11757,357.0,21,0.02
11758,358.0,21,0.15
11759,359.0,21,0.02
11760,360.0,21,0.16
11761,361.0,21,0.16
11762,362.0,21,0.07
11763,363.0,21,0.18
11764,364.0,21,0.17
11765,365.0,21,0.16
11766,366.0,21,0.22
11767,367.0,21,0.07
11768,368.0,21,0.13
11769,369.0,21,0.06
11770,370.0,21,0.17
11771,371.0,21,0.14
11772,372.0,21,0.05
11773,373.0,21,0.05
11774,374.0,21,0.2
11775,375.0,21,0.08
11776,376.0,21,0.02
11777,377.0,21,0.06
11778,378.0,21,0.07
11779,379.0,21,0.17
11780,380.0,21,0.055
11781,381.0,21,0.04
11782,382.0,21,0.06
11783,383.0,21,0.09
11784,384.0,21,0.8
11785,385.0,21,0.06
11786,386.0,21,0.04
11787,387.0,21,0.11
11788,388.0,21,0.09
11789,389.0,21,0.21
11790,390.0,21,0.03
11791,391.0,21,0.02
11792,392.0,21,0.02
11793,393.0,21,0.0
11794,394.0,21,0.16
11795,395.0,21,0.06
11796,396.0,21,0.02
11797,397.0,21,0.1
11798,398.0,21,0.02
11799,399.0,21,0.05
11800,400.0,21,0.1
11801,401.0,21,0.0
11802,402.0,21,0.02
11803,403.0,21,0.04
11804,404.0,21,0.11
11805,405.0,21,0.04
11806,406.0,21,0.08
11807,407.0,21,0.0
11808,408.0,21,0.0
11809,409.0,21,0.0
11810,410.0,21,0.0
11811,411.0,21,0.0
11812,412.0,21,0.0
11813,413.0,21,0.0
11814,414.0,21,0.0
11815,415.0,21,0.0
11816,416.0,21,0.0
11817,417.0,21,0.0
11818,418.0,21,0.0
11819,419.0,21,0.0
11820,420.0,21,0.0
11821,421.0,21,0.0
11822,422.0,21,0.0
11823,423.0,21,0.005
11824,424.0,21,0.01
11825,425.0,21,0.005
11826,426.0,21,0.0
11827,427.0,21,0.01
11828,428.0,21,0.01
11829,429.0,21,0.006
11830,430.0,21,0.01
11831,431.0,21,0.01
11832,432.0,21,0.0
11833,433.0,21,0.0
11834,434.0,21,0.44
11835,435.0,21,0.034
11836,436.0,21,0.15
11837,437.0,21,0.12
11838,438.0,21,0.077
11839,439.0,21,0.2
11840,440.0,21,0.5
11841,441.0,21,0.08
11842,442.0,21,0.1
11843,443.0,21,0.16
11844,444.0,21,0.058
11845,445.0,21,0.42
11846,446.0,21,0.14
11847,447.0,21,0.072
11848,448.0,21,0.08
11849,449.0,21,0.018
11850,450.0,21,0.046
11851,451.0,21,0.009
11852,452.0,21,9.7
11853,453.0,21,0.76
11854,454.0,21,0.29
11855,455.0,21,0.082
11856,456.0,21,0.35
11857,457.0,21,0.07
11858,458.0,21,0.34
11859,459.0,21,0.14
11860,460.0,21,0.65
11861,461.0,21,0.02
11862,462.0,21,0.11
11863,463.0,21,0.0
11864,464.0,21,0.0
11865,465.0,21,0.0
11866,466.0,21,0.0
11867,467.0,21,0.0
11868,468.0,21,0.34
11869,469.0,21,0.51
11870,470.0,21,0.011
11871,471.0,21,0.0
11872,472.0,21,0.0
11873,473.0,21,0.0
11874,474.0,21,0.0
11875,475.0,21,0.02
11876,476.0,21,0.0
11877,477.0,21,0.06
11878,478.0,21,0.02
11879,479.0,21,0.02
11880,480.0,21,0.051
11881,481.0,21,0.027
11882,482.0,21,0.0
11883,483.0,21,0.03
11884,484.0,21,0.05
11885,485.0,21,0.07
11886,486.0,21,0.0
11887,487.0,21,0.17
11888,488.0,21,0.01
11889,489.0,21,0.04
11890,490.0,21,0.05
11891,491.0,21,0.03
11892,492.0,21,0.07
11893,493.0,21,399.0
11894,494.0,21,390.0
11895,495.0,21,399.0
11896,496.0,21,268.0
11897,497.0,21,261.0
11898,498.0,21,297.0
11899,499.0,21,302.0
11900,500.0,21,387.0
11901,501.0,21,391.0
11902,502.0,21,358.0
11903,503.0,21,547.0
11904,504.0,21,538.0
11905,505.0,21,558.0
11906,506.0,21,405.0
11907,507.0,21,509.0
11908,508.0,21,555.0
11909,509.0,21,0.06
11910,510.0,21,0.016
11911,511.0,21,0.1
11912,512.0,21,0.0
11913,513.0,21,1.3
11914,514.0,21,0.12
11915,515.0,21,0.14
11916,516.0,21,0.08
11917,517.0,21,0.1
11918,518.0,21,0.0
11919,519.0,21,0.0
11920,520.0,21,0.0
11921,521.0,21,0.0
11922,522.0,21,0.05
11923,523.0,21,0.11
11924,524.0,21,0.09
11925,525.0,21,0.0
11926,526.0,21,0.0
11927,527.0,21,0.0
11928,528.0,21,0.0
11929,529.0,21,0.0
11930,530.0,21,0.0
11931,531.0,21,0.0
11932,532.0,21,0.02
11933,533.0,21,0.0
11934,534.0,21,0.0
11935,535.0,21,0.0
11936,536.0,21,0.0
11937,537.0,21,0.0
11938,538.0,21,0.005
11939,539.0,21,0.0
11940,540.0,21,0.0
11941,541.0,21,0.0
11942,542.0,21,0.01
11943,543.0,21,0.058
11944,544.0,21,0.0
11945,545.0,21,0.07
11946,546.0,21,0.008
11947,547.0,21,0.0027
11948,548.0,21,0.07
11949,549.0,21,0.008
11950,550.0,21,0.025
11951,551.0,21,0.03
11952,552.0,21,0.0
11953,553.0,21,0.0
11954,554.0,21,0.03
11955,555.0,21,0.02
11956,556.0,21,0.027
11957,557.0,21,0.026
11958,558.0,21,0.04
11959,559.0,21,0.0
11960,560.0,21,0.03
11961,561.0,21,0.0
11962,562.0,21,0.01
11963,563.0,21,0.02
11964,564.0,21,0.03
11965,565.0,21,0.05
11966,566.0,21,0.033
11967,567.0,21,0.04
11968,568.0,21,0.031
11969,569.0,21,0.092
11970,570.0,21,0.03
11971,1.0,22,0.2
11972,2.0,22,0.04
11973,3.0,22,0.06
11974,4.0,22,0.09
11975,5.0,22,0.17
11976,6.0,22,0.11
11977,7.0,22,0.25
11978,8.0,22,0.008
11979,9.0,22,0.021
11980,10.0,22,0.2
11981,11.0,22,0.13
11982,12.0,22,0.03
11983,13.0,22,0.09
11984,14.0,22,0.04
11985,15.0,22,0.08
11986,16.0,22,0.2
11987,17.0,22,0.07
11988,18.0,22,0.32
11989,19.0,22,0.08
11990,20.0,22,0.25
11991,21.0,22,0.079
11992,22.0,22,0.06
11993,23.0,22,0.05
11994,24.0,22,0.05
11995,25.0,22,0.27
11996,26.0,22,0.34
11997,27.0,22,0.24
11998,28.0,22,0.25
11999,29.0,22,0.34
12000,30.0,22,0.08
12001,31.0,22,0.11
12002,32.0,22,0.09
12003,33.0,22,0.1
12004,34.0,22,0.51
12005,35.0,22,0.14
12006,36.0,22,0.0
12007,37.0,22,0.1
12008,38.0,22,0.0
12009,39.0,22,0.078
12010,40.0,22,0.06
12011,41.0,22,0.073
12012,42.0,22,0.53
12013,43.0,22,0.15
12014,44.0,22,0.11
12015,45.0,22,0.06
12016,46.0,22,0.06
12017,47.0,22,0.03
12018,48.0,22,0.42
12019,49.0,22,0.16
12020,50.0,22,0.0
12021,51.0,22,0.24
12022,52.0,22,0.28
12023,53.0,22,0.0
12024,54.0,22,0.13
12025,55.0,22,11.2
12026,56.0,22,0.36
12027,57.0,22,0.06
12028,58.0,22,0.04
12029,59.0,22,0.07
12030,60.0,22,0.07
12031,61.0,22,0.22
12032,62.0,22,0.14
12033,63.0,22,0.26
12034,64.0,22,0.46
12035,65.0,22,0.12
12036,66.0,22,0.22
12037,67.0,22,0.22
12038,68.0,22,0.27
12039,69.0,22,0.19
12040,70.0,22,0.31
12041,71.0,22,0.06
12042,72.0,22,0.051
12043,73.0,22,0.01
12044,74.0,22,0.051
12045,75.0,22,0.047
12046,76.0,22,0.03
12047,77.0,22,0.042
12048,78.0,22,0.1
12049,79.0,22,0.05
12050,80.0,22,0.05
12051,81.0,22,0.14
12052,82.0,22,0.19
12053,83.0,22,0.09
12054,84.0,22,0.1
12055,85.0,22,0.04
12056,86.0,22,0.03
12057,87.0,22,0.07
12058,88.0,22,0.04
12059,89.0,22,0.09
12060,90.0,22,0.03
12061,91.0,22,0.03
12062,92.0,22,0.03
12063,93.0,22,0.02
12064,94.0,22,0.05
12065,95.0,22,0.02
12066,96.0,22,0.12
12067,97.0,22,0.076
12068,98.0,22,0.045
12069,99.0,22,0.17
12070,100.0,22,0.15
12071,101.0,22,0.18
12072,102.0,22,0.07
12073,103.0,22,0.067
12074,104.0,22,0.03
12075,105.0,22,0.15
12076,106.0,22,0.08
12077,107.0,22,0.01
12078,108.0,22,0.045
12079,109.0,22,0.13
12080,110.0,22,0.25
12081,111.0,22,0.092
12082,112.0,22,0.09
12083,113.0,22,0.2
12084,114.0,22,0.16
12085,115.0,22,0.1
12086,116.0,22,0.1
12087,117.0,22,0.07
12088,118.0,22,0.044
12089,119.0,22,0.041
12090,120.0,22,0.03
12091,121.0,22,0.03
12092,122.0,22,0.02
12093,123.0,22,0.068
12094,124.0,22,0.02
12095,125.0,22,0.04
12096,126.0,22,0.04
12097,127.0,22,0.0
12098,128.0,22,0.026
12099,129.0,22,0.06
12100,130.0,22,0.1
12101,131.0,22,0.1
12102,132.0,22,0.01
12103,133.0,22,0.022
12104,134.0,22,0.06
12105,135.0,22,0.013
12106,136.0,22,0.02
12107,137.0,22,0.015
12108,138.0,22,0.014
12109,139.0,22,0.02
12110,140.0,22,0.0
12111,141.0,22,0.006
12112,142.0,22,0.025
12113,143.0,22,0.074
12114,144.0,22,0.12
12115,145.0,22,0.05
12116,146.0,22,0.08
12117,147.0,22,0.055
12118,148.0,22,0.15
12119,149.0,22,0.053
12120,150.0,22,0.02
12121,151.0,22,0.03
12122,152.0,22,0.03
12123,153.0,22,0.042
12124,154.0,22,0.11
12125,155.0,22,0.043
12126,156.0,22,0.008
12127,157.0,22,0.05
12128,,22,0.054
12129,159.0,22,0.02
12130,160.0,22,0.044
12131,161.0,22,0.03
12132,162.0,22,0.04
12133,163.0,22,0.05
12134,164.0,22,0.04
12135,165.0,22,0.02
12136,166.0,22,0.02
12137,167.0,22,0.05
12138,168.0,22,0.03
12139,169.0,22,0.032
12140,170.0,22,0.1
12141,171.0,22,0.04
12142,172.0,22,0.01
12143,173.0,22,0.03
12144,174.0,22,0.04
12145,175.0,22,0.04
12146,176.0,22,0.04
12147,177.0,22,0.03
12148,178.0,22,0.039
12149,179.0,22,0.03
12150,180.0,22,0.03
12151,181.0,22,0.07
12152,182.0,22,0.054
12153,183.0,22,0.024
12154,184.0,22,0.03
12155,185.0,22,0.15
12156,186.0,22,0.03
12157,187.0,22,0.02
12158,188.0,22,0.62
12159,189.0,22,0.21
12160,190.0,22,0.21
12161,191.0,22,0.16
12162,192.0,22,0.1
12163,193.0,22,0.16
12164,194.0,22,0.23
12165,195.0,22,0.06
12166,196.0,22,0.12
12167,197.0,22,0.12
12168,198.0,22,0.12
12169,199.0,22,0.29
12170,200.0,22,0.29
12171,201.0,22,0.15
12172,202.0,22,0.2
12173,203.0,22,0.2
12174,204.0,22,0.009
12175,205.0,22,0.016
12176,206.0,22,0.37
12177,207.0,22,0.46
12178,208.0,22,0.51
12179,209.0,22,0.23
12180,210.0,22,0.51
12181,211.0,22,0.17
12182,212.0,22,0.19
12183,213.0,22,0.19
12184,214.0,22,0.17
12185,215.0,22,0.46
12186,216.0,22,1.4
12187,217.0,22,1.2
12188,218.0,22,0.19
12189,219.0,22,0.42
12190,220.0,22,0.19
12191,221.0,22,0.16
12192,222.0,22,0.62
12193,223.0,22,0.5
12194,224.0,22,0.44
12195,225.0,22,0.62
12196,226.0,22,1.2
12197,227.0,22,0.77
12198,228.0,22,1.2
12199,229.0,22,0.46
12200,230.0,22,0.0
12201,231.0,22,0.0
12202,232.0,22,0.62
12203,233.0,22,0.27
12204,234.0,22,0.0
12205,235.0,22,0.0
12206,237.0,22,0.62
12207,237.0,22,0.62
12208,238.0,22,0.3
12209,239.0,22,0.0
12210,240.0,22,0.0
12211,241.0,22,0.3
12212,242.0,22,0.19
12213,243.0,22,0.21
12214,244.0,22,0.19
12215,245.0,22,0.19
12216,246.0,22,0.19
12217,247.0,22,0.17
12218,248.0,22,0.2
12219,249.0,22,0.17
12220,250.0,22,0.15
12221,251.0,22,0.14
12222,252.0,22,0.16
12223,253.0,22,0.15
12224,254.0,22,0.18
12225,255.0,22,0.15
12226,256.0,22,0.36
12227,257.0,22,0.32
12228,258.0,22,0.79
12229,259.0,22,71.9
12230,260.0,22,51.7
12231,261.0,22,0.088
12232,262.0,22,0.18
12233,263.0,22,0.14
12234,264.0,22,0.18
12235,265.0,22,0.24
12236,266.0,22,0.38
12237,267.0,22,0.25
12238,268.0,22,0.22
12239,269.0,22,0.2
12240,270.0,22,0.18
12241,271.0,22,0.081
12242,272.0,22,0.09
12243,273.0,22,0.16
12244,274.0,22,0.15
12245,275.0,22,0.21
12246,276.0,22,0.21
12247,277.0,22,0.2
12248,278.0,22,0.27
12249,279.0,22,0.2
12250,280.0,22,0.2
12251,281.0,22,0.15
12252,282.0,22,0.12
12253,283.0,22,0.21
12254,284.0,22,0.02
12255,285.0,22,0.2
12256,286.0,22,0.2
12257,287.0,22,0.25
12258,288.0,22,0.13
12259,289.0,22,0.12
12260,290.0,22,0.25
12261,291.0,22,0.15
12262,292.0,22,0.15
12263,293.0,22,0.18
12264,294.0,22,0.25
12265,295.0,22,0.2
12266,296.0,22,0.25
12267,297.0,22,0.19
12268,298.0,22,0.15
12269,299.0,22,0.11
12270,300.0,22,0.15
12271,301.0,22,0.0
12272,302.0,22,0.2
12273,303.0,22,0.16
12274,304.0,22,0.19
12275,305.0,22,0.1
12276,306.0,22,0.15
12277,307.0,22,0.09
12278,308.0,22,0.3
12279,309.0,22,0.11
12280,310.0,22,0.06
12281,311.0,22,0.12
12282,312.0,22,0.3
12283,313.0,22,0.17
12284,314.0,22,0.31
12285,315.0,22,0.064
12286,316.0,22,0.24
12287,317.0,22,0.12
12288,318.0,22,0.26
12289,319.0,22,0.24
12290,320.0,22,0.06
12291,321.0,22,0.24
12292,322.0,22,0.16
12293,323.0,22,0.16
12294,324.0,22,0.07
12295,325.0,22,1.1
12296,326.0,22,0.86
12297,327.0,22,1.2
12298,328.0,22,1.0
12299,329.0,22,3.2
12300,330.0,22,3.5
12301,331.0,22,2.5
12302,332.0,22,2.9
12303,333.0,22,0.5
12304,334.0,22,0.49
12305,335.0,22,0.33
12306,336.0,22,0.34
12307,337.0,22,0.25
12308,338.0,22,0.12
12309,339.0,22,0.43
12310,340.0,22,0.24
12311,341.0,22,0.23
12312,342.0,22,1.8
12313,343.0,22,1.8
12314,344.0,22,2.5
12315,345.0,22,0.03
12316,346.0,22,0.28
12317,347.0,22,0.25
12318,348.0,22,0.26
12319,349.0,22,0.21
12320,350.0,22,0.08
12321,351.0,22,0.088
12322,352.0,22,0.15
12323,353.0,22,0.15
12324,354.0,22,0.15
12325,355.0,22,0.15
12326,356.0,22,0.05
12327,357.0,22,0.02
12328,358.0,22,0.08
12329,359.0,22,0.02
12330,360.0,22,0.22
12331,361.0,22,0.2
12332,362.0,22,0.04
12333,363.0,22,0.32
12334,364.0,22,0.32
12335,365.0,22,0.16
12336,366.0,22,0.12
12337,367.0,22,0.27
12338,368.0,22,0.36
12339,369.0,22,0.05
12340,370.0,22,0.37
12341,371.0,22,0.14
12342,372.0,22,0.08
12343,373.0,22,0.08
12344,374.0,22,0.15
12345,375.0,22,0.07
12346,376.0,22,0.25
12347,377.0,22,0.08
12348,378.0,22,0.07
12349,379.0,22,0.17
12350,380.0,22,0.046
12351,381.0,22,0.11
12352,382.0,22,0.06
12353,383.0,22,0.09
12354,384.0,22,0.14
12355,385.0,22,0.15
12356,386.0,22,0.04
12357,387.0,22,0.11
12358,388.0,22,0.06
12359,389.0,22,0.22
12360,390.0,22,0.05
12361,391.0,22,0.01
12362,392.0,22,0.15
12363,393.0,22,0.0
12364,394.0,22,0.17
12365,395.0,22,0.21
12366,396.0,22,0.11
12367,397.0,22,0.1
12368,398.0,22,0.11
12369,399.0,22,0.11
12370,400.0,22,0.1
12371,401.0,22,0.0
12372,402.0,22,0.2
12373,403.0,22,0.31
12374,404.0,22,0.34
12375,405.0,22,0.31
12376,406.0,22,0.45
12377,407.0,22,0.0
12378,408.0,22,0.0
12379,409.0,22,0.0
12380,410.0,22,0.0
12381,411.0,22,0.0
12382,412.0,22,0.0
12383,413.0,22,0.0
12384,414.0,22,0.0
12385,415.0,22,0.0
12386,416.0,22,0.0
12387,417.0,22,0.0
12388,418.0,22,0.0
12389,419.0,22,0.0
12390,420.0,22,0.0
12391,421.0,22,0.0
12392,422.0,22,0.0
12393,423.0,22,0.034
12394,424.0,22,0.07
12395,425.0,22,0.034
12396,426.0,22,0.0
12397,427.0,22,0.02
12398,428.0,22,1.6
12399,429.0,22,0.022
12400,430.0,22,0.037
12401,431.0,22,0.03
12402,432.0,22,0.0
12403,433.0,22,0.0
12404,434.0,22,0.14
12405,435.0,22,0.076
12406,436.0,22,0.32
12407,437.0,22,0.27
12408,438.0,22,0.14
12409,439.0,22,0.18
12410,440.0,22,0.1
12411,441.0,22,0.11
12412,442.0,22,0.2
12413,443.0,22,0.22
12414,444.0,22,0.15
12415,445.0,22,0.28
12416,446.0,22,0.03
12417,447.0,22,0.086
12418,448.0,22,0.02
12419,449.0,22,0.01
12420,450.0,22,0.17
12421,451.0,22,0.42
12422,452.0,22,14.3
12423,453.0,22,1.9
12424,454.0,22,0.32
12425,455.0,22,0.27
12426,456.0,22,0.057
12427,457.0,22,0.0
12428,458.0,22,0.32
12429,459.0,22,0.3
12430,460.0,22,1.7
12431,461.0,22,0.13
12432,462.0,22,0.24
12433,463.0,22,0.0
12434,464.0,22,0.0
12435,465.0,22,0.0
12436,466.0,22,0.0
12437,467.0,22,0.0
12438,468.0,22,0.29
12439,469.0,22,0.4
12440,470.0,22,0.095
12441,471.0,22,0.0
12442,472.0,22,0.0
12443,473.0,22,0.0
12444,474.0,22,0.0
12445,475.0,22,0.0
12446,476.0,22,0.0
12447,477.0,22,0.06
12448,478.0,22,0.05
12449,479.0,22,0.05
12450,480.0,22,0.025
12451,481.0,22,0.015
12452,482.0,22,0.03
12453,483.0,22,0.02
12454,484.0,22,0.18
12455,485.0,22,0.11
12456,486.0,22,0.0
12457,487.0,22,0.13
12458,488.0,22,0.01
12459,489.0,22,0.23
12460,490.0,22,0.13
12461,491.0,22,0.06
12462,492.0,22,0.13
12463,493.0,22,0.2
12464,494.0,22,2.4
12465,495.0,22,0.2
12466,496.0,22,32.4
12467,497.0,22,34.8
12468,498.0,22,25.8
12469,499.0,22,24.5
12470,500.0,22,15.9
12471,501.0,22,1.5
12472,502.0,22,3.4
12473,503.0,22,1.5
12474,504.0,22,2.9
12475,505.0,22,1.8
12476,506.0,22,3.5
12477,507.0,22,2.7
12478,508.0,22,1.9
12479,509.0,22,0.22
12480,510.0,22,0.41
12481,511.0,22,0.45
12482,512.0,22,0.25
12483,513.0,22,1.4
12484,514.0,22,0.08
12485,515.0,22,0.11
12486,516.0,22,0.11
12487,517.0,22,0.08
12488,518.0,22,0.0
12489,519.0,22,0.0
12490,520.0,22,0.0
12491,521.0,22,0.0
12492,522.0,22,0.22
12493,523.0,22,0.1
12494,524.0,22,0.12
12495,525.0,22,0.0
12496,526.0,22,0.0
12497,527.0,22,0.0
12498,528.0,22,0.0
12499,529.0,22,0.0
12500,530.0,22,0.0
12501,531.0,22,0.0
12502,532.0,22,0.02
12503,533.0,22,0.0
12504,534.0,22,0.0
12505,535.0,22,0.0
12506,536.0,22,0.0
12507,537.0,22,0.0
12508,538.0,22,0.023
12509,539.0,22,0.02
12510,540.0,22,0.0
12511,541.0,22,0.0
12512,542.0,22,0.02
12513,543.0,22,0.034
12514,544.0,22,0.0
12515,545.0,22,0.18
12516,546.0,22,1.4
12517,547.0,22,0.0069
12518,548.0,22,0.18
12519,549.0,22,0.11
12520,550.0,22,0.95
12521,551.0,22,0.057
12522,552.0,22,0.21
12523,553.0,22,0.21
12524,554.0,22,0.01
12525,555.0,22,0.0
12526,556.0,22,0.14
12527,557.0,22,0.0
12528,558.0,22,0.03
12529,559.0,22,0.004
12530,560.0,22,0.02
12531,561.0,22,0.0
12532,562.0,22,0.01
12533,563.0,22,0.025
12534,564.0,22,0.03
12535,565.0,22,0.02
12536,566.0,22,0.018
12537,567.0,22,0.03
12538,568.0,22,0.016
12539,569.0,22,0.055
12540,570.0,22,0.025
12541,1.0,23,4.7
12542,2.0,23,4.9
12543,3.0,23,4.7
12544,4.0,23,6.6
12545,5.0,23,3.4
12546,6.0,23,4.6
12547,7.0,23,4.3
12548,8.0,23,0.03
12549,9.0,23,2.6
12550,10.0,23,1.6
12551,11.0,23,0.82
12552,12.0,23,2.3
12553,13.0,23,8.2
12554,14.0,23,4.6
12555,15.0,23,1.8
12556,16.0,23,1.5
12557,17.0,23,2.0
12558,18.0,23,1.5
12559,19.0,23,6.0
12560,20.0,23,5.2
12561,21.0,23,1.6
12562,22.0,23,3.0
12563,23.0,23,2.6
12564,24.0,23,3.3
12565,25.0,23,6.2
12566,26.0,23,5.7
12567,27.0,23,3.1
12568,28.0,23,5.6
12569,29.0,23,3.8
12570,30.0,23,2.6
12571,31.0,23,1.2
12572,32.0,23,5.5
12573,33.0,23,7.0
12574,34.0,23,2.8
12575,35.0,23,2.5
12576,36.0,23,0.0
12577,37.0,23,3.4
12578,38.0,23,0.0
12579,39.0,23,3.5
12580,40.0,23,4.4
12581,41.0,23,3.4
12582,42.0,23,10.1
12583,43.0,23,0.99
12584,44.0,23,2.3
12585,45.0,23,1.6
12586,46.0,23,1.6
12587,47.0,23,0.1
12588,48.0,23,0.88
12589,49.0,23,1.4
12590,50.0,23,0.0
12591,51.0,23,3.8
12592,52.0,23,10.6
12593,53.0,23,0.0
12594,54.0,23,1.1
12595,55.0,23,0.83
12596,56.0,23,2.6
12597,57.0,23,1.2
12598,58.0,23,1.3
12599,59.0,23,2.2
12600,60.0,23,1.8
12601,61.0,23,2.2
12602,62.0,23,4.6
12603,63.0,23,6.9
12604,64.0,23,1.9
12605,65.0,23,5.3
12606,66.0,23,6.8
12607,67.0,23,6.6
12608,68.0,23,7.9
12609,69.0,23,2.9
12610,70.0,23,5.3
12611,71.0,23,0.97
12612,72.0,23,3.5
12613,73.0,23,0.01
12614,74.0,23,0.68
12615,75.0,23,1.7
12616,76.0,23,0.52
12617,77.0,23,0.32
12618,78.0,23,0.15
12619,79.0,23,0.85
12620,80.0,23,0.77
12621,81.0,23,0.86
12622,82.0,23,1.9
12623,83.0,23,2.5
12624,84.0,23,0.89
12625,85.0,23,0.94
12626,86.0,23,2.1
12627,87.0,23,2.1
12628,88.0,23,0.55
12629,89.0,23,0.82
12630,90.0,23,1.1
12631,91.0,23,1.1
12632,92.0,23,1.1
12633,93.0,23,0.55
12634,94.0,23,1.1
12635,95.0,23,1.0
12636,96.0,23,0.9
12637,97.0,23,0.48
12638,98.0,23,0.75
12639,99.0,23,0.73
12640,100.0,23,0.0
12641,101.0,23,1.5
12642,102.0,23,0.71
12643,103.0,23,0.35
12644,104.0,23,0.72
12645,105.0,23,2.5
12646,106.0,23,1.6
12647,107.0,23,1.0
12648,108.0,23,0.73
12649,109.0,23,1.0
12650,110.0,23,2.1
12651,111.0,23,1.3
12652,112.0,23,0.6
12653,113.0,23,1.4
12654,114.0,23,4.1
12655,115.0,23,4.1
12656,116.0,23,1.5
12657,117.0,23,0.8
12658,118.0,23,0.5
12659,119.0,23,0.41
12660,120.0,23,0.36
12661,121.0,23,1.1
12662,122.0,23,0.23
12663,123.0,23,0.77
12664,124.0,23,0.8
12665,125.0,23,0.9
12666,126.0,23,1.0
12667,127.0,23,0.0
12668,128.0,23,0.77
12669,129.0,23,0.77
12670,130.0,23,1.1
12671,131.0,23,18.0
12672,132.0,23,0.1
12673,133.0,23,0.1
12674,134.0,23,0.1
12675,135.0,23,0.1
12676,136.0,23,1.9
12677,137.0,23,0.1
12678,138.0,23,0.1
12679,139.0,23,0.1
12680,140.0,23,0.0
12681,141.0,23,0.14
12682,142.0,23,0.56
12683,143.0,23,2.9
12684,144.0,23,1.9
12685,145.0,23,2.0
12686,146.0,23,2.3
12687,147.0,23,0.68
12688,148.0,23,1.4
12689,149.0,23,0.65
12690,150.0,23,0.09
12691,151.0,23,0.28
12692,152.0,23,0.47
12693,153.0,23,0.33
12694,154.0,23,1.2
12695,155.0,23,1.3
12696,156.0,23,1.2
12697,157.0,23,0.78
12698,,23,0.79
12699,159.0,23,0.3
12700,160.0,23,0.4
12701,161.0,23,0.3
12702,162.0,23,1.1
12703,163.0,23,0.64
12704,164.0,23,0.6
12705,165.0,23,0.25
12706,166.0,23,0.27
12707,167.0,23,0.6
12708,168.0,23,0.41
12709,169.0,23,0.13
12710,170.0,23,1.9
12711,171.0,23,1.0
12712,172.0,23,0.66
12713,173.0,23,0.2
12714,174.0,23,0.6
12715,175.0,23,0.48
12716,176.0,23,0.8
12717,177.0,23,0.35
12718,178.0,23,0.41
12719,179.0,23,0.2
12720,180.0,23,0.39
12721,181.0,23,0.98
12722,182.0,23,0.69
12723,183.0,23,0.37
12724,184.0,23,0.24
12725,185.0,23,1.9
12726,186.0,23,0.37
12727,187.0,23,0.37
12728,188.0,23,5.5
12729,189.0,23,3.8
12730,190.0,23,3.8
12731,191.0,23,18.4
12732,192.0,23,17.5
12733,193.0,23,18.4
12734,194.0,23,0.95
12735,195.0,23,1.6
12736,196.0,23,1.2
12737,197.0,23,3.6
12738,198.0,23,3.6
12739,199.0,23,8.2
12740,200.0,23,8.2
12741,201.0,23,4.4
12742,202.0,23,4.8
12743,203.0,23,5.3
12744,204.0,23,0.2
12745,205.0,23,0.27
12746,206.0,23,2.0
12747,207.0,23,2.4
12748,208.0,23,2.6
12749,209.0,23,1.0
12750,210.0,23,1.5
12751,211.0,23,0.9
12752,212.0,23,0.73
12753,213.0,23,0.71
12754,214.0,23,0.9
12755,215.0,23,2.3
12756,216.0,23,6.3
12757,217.0,23,2.9
12758,218.0,23,0.73
12759,219.0,23,2.2
12760,220.0,23,0.71
12761,221.0,23,0.78
12762,222.0,23,7.7
12763,223.0,23,3.5
12764,224.0,23,4.3
12765,225.0,23,7.7
12766,226.0,23,7.2
12767,227.0,23,4.6
12768,228.0,23,2.4
12769,229.0,23,6.5
12770,230.0,23,0.0
12771,231.0,23,0.0
12772,232.0,23,7.7
12773,233.0,23,4.1
12774,234.0,23,0.0
12775,235.0,23,0.0
12776,237.0,23,7.7
12777,237.0,23,7.7
12778,238.0,23,0.15
12779,239.0,23,0.0
12780,240.0,23,0.0
12781,241.0,23,0.93
12782,242.0,23,0.43
12783,243.0,23,0.42
12784,244.0,23,1.2
12785,245.0,23,0.86
12786,246.0,23,1.2
12787,247.0,23,0.51
12788,248.0,23,1.4
12789,249.0,23,0.44
12790,250.0,23,0.46
12791,251.0,23,0.42
12792,252.0,23,0.42
12793,253.0,23,0.42
12794,254.0,23,0.44
12795,255.0,23,0.46
12796,256.0,23,1.6
12797,257.0,23,3.4
12798,258.0,23,3.5
12799,259.0,23,0.0
12800,260.0,23,0.0
12801,261.0,23,9.2
12802,262.0,23,12.0
12803,263.0,23,6.4
12804,264.0,23,6.6
12805,265.0,23,9.4
12806,266.0,23,4.3
12807,267.0,23,3.6
12808,268.0,23,6.1
12809,269.0,23,7.3
12810,270.0,23,10.6
12811,271.0,23,11.6
12812,272.0,23,12.1
12813,273.0,23,11.7
12814,274.0,23,3.4
12815,275.0,23,7.2
12816,276.0,23,12.9
12817,277.0,23,8.5
12818,278.0,23,8.5
12819,279.0,23,7.5
12820,280.0,23,4.0
12821,281.0,23,8.8
12822,282.0,23,4.2
12823,283.0,23,13.2
12824,284.0,23,4.1
12825,285.0,23,7.6
12826,286.0,23,6.0
12827,287.0,23,9.5
12828,288.0,23,3.7
12829,289.0,23,0.0
12830,290.0,23,11.5
12831,291.0,23,6.6
12832,292.0,23,11.5
12833,293.0,23,6.8
12834,294.0,23,7.3
12835,295.0,23,0.0
12836,296.0,23,6.7
12837,297.0,23,12.0
12838,298.0,23,0.25
12839,299.0,23,4.5
12840,300.0,23,4.3
12841,301.0,23,0.0
12842,302.0,23,7.5
12843,303.0,23,4.6
12844,304.0,23,7.3
12845,305.0,23,5.7
12846,306.0,23,6.6
12847,307.0,23,3.0
12848,308.0,23,6.3
12849,309.0,23,3.7
12850,310.0,23,10.5
12851,311.0,23,4.0
12852,312.0,23,6.3
12853,313.0,23,9.0
12854,314.0,23,8.0
12855,315.0,23,7.0
12856,316.0,23,9.5
12857,317.0,23,5.5
12858,318.0,23,7.4
12859,319.0,23,7.5
12860,320.0,23,7.0
12861,321.0,23,6.7
12862,322.0,23,8.1
12863,323.0,23,9.0
12864,324.0,23,2.6
12865,325.0,23,6.6
12866,326.0,23,0.0
12867,327.0,23,0.0
12868,328.0,23,10.5
12869,329.0,23,19.4
12870,330.0,23,15.5
12871,331.0,23,14.8
12872,332.0,23,17.8
12873,333.0,23,8.2
12874,334.0,23,7.5
12875,335.0,23,6.1
12876,336.0,23,6.1
12877,337.0,23,7.0
12878,338.0,23,2.0
12879,339.0,23,5.4
12880,340.0,23,7.0
12881,341.0,23,6.5
12882,342.0,23,11.7
12883,343.0,23,12.0
12884,344.0,23,11.2
12885,345.0,23,0.6
12886,346.0,23,7.0
12887,347.0,23,5.4
12888,348.0,23,6.0
12889,349.0,23,4.2
12890,350.0,23,4.2
12891,351.0,23,3.4
12892,352.0,23,7.0
12893,353.0,23,6.3
12894,354.0,23,6.1
12895,355.0,23,7.0
12896,356.0,23,27.0
12897,357.0,23,3.2
12898,358.0,23,4.4
12899,359.0,23,3.2
12900,360.0,23,3.0
12901,361.0,23,3.0
12902,362.0,23,6.8
12903,363.0,23,4.6
12904,364.0,23,8.5
12905,365.0,23,17.1
12906,366.0,23,17.8
12907,367.0,23,11.6
12908,368.0,23,12.5
12909,369.0,23,5.5
12910,370.0,23,5.5
12911,371.0,23,9.0
12912,372.0,23,9.0
12913,373.0,23,11.9
12914,374.0,23,13.2
12915,375.0,23,4.2
12916,376.0,23,9.6
12917,377.0,23,6.0
12918,378.0,23,8.5
12919,379.0,23,4.4
12920,380.0,23,5.2
12921,381.0,23,6.9
12922,382.0,23,3.7
12923,383.0,23,8.5
12924,384.0,23,3.3
12925,385.0,23,5.7
12926,386.0,23,0.35
12927,387.0,23,1.7
12928,388.0,23,7.3
12929,389.0,23,6.5
12930,390.0,23,4.3
12931,391.0,23,5.9
12932,392.0,23,5.2
12933,393.0,23,0.0
12934,394.0,23,13.7
12935,395.0,23,9.1
12936,396.0,23,18.8
12937,397.0,23,18.2
12938,398.0,23,18.8
12939,399.0,23,17.8
12940,400.0,23,17.8
12941,401.0,23,0.0
12942,402.0,23,5.1
12943,403.0,23,12.6
12944,404.0,23,5.9
12945,405.0,23,12.6
12946,406.0,23,15.1
12947,407.0,23,0.0
12948,408.0,23,0.0
12949,409.0,23,0.0
12950,410.0,23,0.0
12951,411.0,23,0.0
12952,412.0,23,0.0
12953,413.0,23,0.0
12954,414.0,23,0.0
12955,415.0,23,0.0
12956,416.0,23,0.0
12957,417.0,23,0.0
12958,418.0,23,0.0
12959,419.0,23,0.0
12960,420.0,23,0.0
12961,421.0,23,0.0
12962,422.0,23,0.0
12963,423.0,23,0.21
12964,424.0,23,0.07
12965,425.0,23,0.24
12966,426.0,23,0.04
12967,427.0,23,0.36
12968,428.0,23,0.67
12969,429.0,23,0.36
12970,430.0,23,0.02
12971,431.0,23,0.0
12972,432.0,23,0.0
12973,433.0,23,0.0
12974,434.0,23,0.8
12975,435.0,23,0.9
12976,436.0,23,7.0
12977,437.0,23,1.5
12978,438.0,23,0.0
12979,439.0,23,1.1
12980,440.0,23,0.1
12981,441.0,23,0.0
12982,442.0,23,1.1
12983,443.0,23,1.6
12984,444.0,23,1.4
12985,445.0,23,2.8
12986,446.0,23,1.6
12987,447.0,23,1.7
12988,448.0,23,0.68
12989,449.0,23,0.1
12990,450.0,23,9.6
12991,451.0,23,2.0
12992,452.0,23,97.0
12993,453.0,23,16.0
12994,454.0,23,4.1
12995,455.0,23,2.7
12996,456.0,23,1.3
12997,457.0,23,0.0
12998,458.0,23,6.2
12999,459.0,23,2.5
13000,460.0,23,18.4
13001,461.0,23,0.2
13002,462.0,23,1.1
13003,463.0,23,0.0
13004,464.0,23,0.0
13005,465.0,23,0.0
13006,466.0,23,0.0
13007,467.0,23,0.0
13008,468.0,23,3.1
13009,469.0,23,4.9
13010,470.0,23,0.43
13011,471.0,23,0.0
13012,472.0,23,0.0
13013,473.0,23,0.0
13014,474.0,23,0.0
13015,475.0,23,0.03
13016,476.0,23,0.1
13017,477.0,23,1.2
13018,478.0,23,1.0
13019,479.0,23,0.24
13020,480.0,23,2.9
13021,481.0,23,0.2
13022,482.0,23,0.3
13023,483.0,23,1.2
13024,484.0,23,0.96
13025,485.0,23,3.2
13026,486.0,23,0.0
13027,487.0,23,0.96
13028,488.0,23,0.04
13029,489.0,23,1.4
13030,490.0,23,4.8
13031,491.0,23,0.96
13032,492.0,23,0.7
13033,493.0,23,0.0
13034,494.0,23,0.0
13035,495.0,23,0.0
13036,496.0,23,0.0
13037,497.0,23,0.0
13038,498.0,23,0.0
13039,499.0,23,0.0
13040,500.0,23,0.0
13041,501.0,23,0.0
13042,502.0,23,0.0
13043,503.0,23,0.0
13044,504.0,23,0.0
13045,505.0,23,0.0
13046,506.0,23,0.0
13047,507.0,23,0.0
13048,508.0,23,0.0
13049,509.0,23,0.1
13050,510.0,23,0.21
13051,511.0,23,3.2
13052,512.0,23,0.1
13053,513.0,23,2.4
13054,514.0,23,2.2
13055,515.0,23,2.4
13056,516.0,23,2.7
13057,517.0,23,2.1
13058,518.0,23,0.0
13059,519.0,23,0.0
13060,520.0,23,0.0
13061,521.0,23,0.0
13062,522.0,23,0.8
13063,523.0,23,0.9
13064,524.0,23,1.2
13065,525.0,23,0.0
13066,526.0,23,0.0
13067,527.0,23,0.0
13068,528.0,23,0.0
13069,529.0,23,0.0
13070,530.0,23,0.0
13071,531.0,23,0.0
13072,532.0,23,0.25
13073,533.0,23,0.0
13074,534.0,23,0.0
13075,535.0,23,0.0
13076,536.0,23,0.0
13077,537.0,23,0.0
13078,538.0,23,0.0
13079,539.0,23,0.0
13080,540.0,23,0.0
13081,541.0,23,0.0
13082,542.0,23,0.0
13083,543.0,23,0.3
13084,544.0,23,0.0
13085,545.0,23,13.0
13086,546.0,23,28.6
13087,547.0,23,0.5
13088,548.0,23,13.0
13089,549.0,23,24.9
13090,550.0,23,0.1
13091,551.0,23,0.08
13092,552.0,23,0.0
13093,553.0,23,0.0
13094,554.0,23,0.4
13095,555.0,23,0.13
13096,556.0,23,0.39
13097,557.0,23,0.76
13098,558.0,23,0.25
13099,559.0,23,0.3
13100,560.0,23,0.28
13101,561.0,23,0.0
13102,562.0,23,0.5
13103,563.0,23,0.12
13104,564.0,23,0.093
13105,565.0,23,0.2
13106,566.0,23,0.2
13107,567.0,23,0.58
13108,568.0,23,0.26
13109,569.0,23,0.4
13110,570.0,23,0.17
13111,1.0,24,0.15
13112,2.0,24,0.2
13113,3.0,24,0.38
13114,4.0,24,0.28
13115,5.0,24,0.96
13116,6.0,24,0.26
13117,7.0,24,0.29
13118,8.0,24,0.005
13119,9.0,24,0.44
13120,10.0,24,0.3
13121,11.0,24,0.06
13122,12.0,24,0.1
13123,13.0,24,0.5
13124,14.0,24,0.3
13125,15.0,24,0.09
13126,16.0,24,0.4
13127,17.0,24,0.1
13128,18.0,24,0.49
13129,19.0,24,0.1
13130,20.0,24,0.019
13131,21.0,24,0.064
13132,22.0,24,0.06
13133,23.0,24,0.12
13134,24.0,24,0.08
13135,25.0,24,0.09
13136,26.0,24,0.063
13137,27.0,24,0.0
13138,28.0,24,0.11
13139,29.0,24,0.075
13140,30.0,24,0.05
13141,31.0,24,0.22
13142,32.0,24,0.12
13143,33.0,24,0.14
13144,34.0,24,0.073
13145,35.0,24,0.1
13146,36.0,24,0.0
13147,37.0,24,0.06
13148,38.0,24,0.0
13149,39.0,24,0.11
13150,40.0,24,0.11
13151,41.0,24,0.06
13152,42.0,24,0.13
13153,43.0,24,0.034
13154,44.0,24,0.043
13155,45.0,24,0.2
13156,46.0,24,0.2
13157,47.0,24,0.07
13158,48.0,24,0.062
13159,49.0,24,0.16
13160,50.0,24,0.0
13161,51.0,24,0.3
13162,52.0,24,0.46
13163,53.0,24,0.0
13164,54.0,24,0.19
13165,55.0,24,0.0
13166,56.0,24,0.22
13167,57.0,24,0.04
13168,58.0,24,0.07
13169,59.0,24,0.1
13170,60.0,24,0.28
13171,61.0,24,0.36
13172,62.0,24,0.55
13173,63.0,24,0.37
13174,64.0,24,0.37
13175,65.0,24,0.41
13176,66.0,24,0.4
13177,67.0,24,0.7
13178,68.0,24,1.0
13179,69.0,24,0.06
13180,70.0,24,0.09
13181,71.0,24,0.27
13182,72.0,24,0.77
13183,73.0,24,0.01
13184,74.0,24,0.08
13185,75.0,24,0.31
13186,76.0,24,0.06
13187,77.0,24,0.05
13188,78.0,24,0.008
13189,79.0,24,0.09
13190,80.0,24,0.14
13191,81.0,24,0.082
13192,82.0,24,1.9
13193,83.0,24,0.09
13194,84.0,24,0.15
13195,85.0,24,0.05
13196,86.0,24,0.03
13197,87.0,24,0.06
13198,88.0,24,0.03
13199,89.0,24,0.1
13200,90.0,24,0.31
13201,91.0,24,0.31
13202,92.0,24,0.31
13203,93.0,24,0.05
13204,94.0,24,0.11
13205,95.0,24,0.32
13206,96.0,24,0.09
13207,97.0,24,0.09
13208,98.0,24,0.075
13209,99.0,24,0.23
13210,100.0,24,0.084
13211,101.0,24,0.28
13212,102.0,24,0.07
13213,103.0,24,0.11
13214,104.0,24,0.13
13215,105.0,24,0.0
13216,106.0,24,0.0
13217,107.0,24,0.11
13218,108.0,24,0.19
13219,109.0,24,0.34
13220,110.0,24,0.25
13221,111.0,24,0.24
13222,112.0,24,0.05
13223,113.0,24,0.22
13224,114.0,24,0.17
13225,115.0,24,0.06
13226,116.0,24,0.22
13227,117.0,24,0.06
13228,118.0,24,0.15
13229,119.0,24,0.07
13230,120.0,24,0.04
13231,121.0,24,0.28
13232,122.0,24,0.27
13233,123.0,24,0.26
13234,124.0,24,0.17
13235,125.0,24,0.13
13236,126.0,24,0.14
13237,127.0,24,0.0
13238,128.0,24,0.11
13239,129.0,24,0.2
13240,130.0,24,0.02
13241,131.0,24,0.58
13242,132.0,24,0.0
13243,133.0,24,0.02
13244,134.0,24,0.06
13245,135.0,24,0.01
13246,136.0,24,0.02
13247,137.0,24,0.02
13248,138.0,24,0.02
13249,139.0,24,0.05
13250,140.0,24,0.0
13251,141.0,24,0.014
13252,142.0,24,0.082
13253,143.0,24,0.14
13254,144.0,24,0.15
13255,145.0,24,0.09
13256,146.0,24,0.16
13257,147.0,24,0.25
13258,148.0,24,0.36
13259,149.0,24,0.07
13260,150.0,24,0.06
13261,151.0,24,0.1
13262,152.0,24,0.1
13263,153.0,24,0.045
13264,154.0,24,0.03
13265,155.0,24,0.045
13266,156.0,24,0.06
13267,157.0,24,0.06
13268,,24,0.06
13269,159.0,24,0.2
13270,160.0,24,0.08
13271,161.0,24,0.045
13272,162.0,24,0.14
13273,163.0,24,0.11
13274,164.0,24,0.12
13275,165.0,24,0.04
13276,166.0,24,0.06
13277,167.0,24,0.05
13278,168.0,24,0.08
13279,169.0,24,0.06
13280,170.0,24,0.0
13281,171.0,24,0.02
13282,172.0,24,0.06
13283,173.0,24,0.04
13284,174.0,24,0.05
13285,175.0,24,0.06
13286,176.0,24,0.03
13287,177.0,24,0.02
13288,178.0,24,0.03
13289,179.0,24,0.02
13290,180.0,24,0.076
13291,181.0,24,0.36
13292,182.0,24,0.3
13293,183.0,24,0.03
13294,184.0,24,0.07
13295,185.0,24,0.07
13296,186.0,24,0.11
13297,187.0,24,0.16
13298,188.0,24,0.16
13299,189.0,24,0.59
13300,190.0,24,0.59
13301,191.0,24,0.44
13302,192.0,24,0.3
13303,193.0,24,0.44
13304,194.0,24,0.32
13305,195.0,24,0.28
13306,196.0,24,0.2
13307,197.0,24,0.87
13308,198.0,24,0.87
13309,199.0,24,0.81
13310,200.0,24,0.81
13311,201.0,24,0.1
13312,202.0,24,1.7
13313,203.0,24,0.26
13314,204.0,24,0.043
13315,205.0,24,0.05
13316,206.0,24,0.059
13317,207.0,24,0.07
13318,208.0,24,0.09
13319,209.0,24,0.027
13320,210.0,24,0.08
13321,211.0,24,0.04
13322,212.0,24,0.04
13323,213.0,24,0.06
13324,214.0,24,0.04
13325,215.0,24,0.07
13326,216.0,24,0.2
13327,217.0,24,0.2
13328,218.0,24,0.04
13329,219.0,24,0.07
13330,220.0,24,0.06
13331,221.0,24,0.035
13332,222.0,24,0.096
13333,223.0,24,0.18
13334,224.0,24,0.055
13335,225.0,24,0.096
13336,226.0,24,0.1
13337,227.0,24,0.08
13338,228.0,24,0.1
13339,229.0,24,0.1
13340,230.0,24,0.0
13341,231.0,24,0.0
13342,232.0,24,0.096
13343,233.0,24,0.006
13344,234.0,24,0.0
13345,235.0,24,0.0
13346,237.0,24,0.096
13347,237.0,24,0.096
13348,238.0,24,0.1
13349,239.0,24,0.0
13350,240.0,24,0.0
13351,241.0,24,0.14
13352,242.0,24,0.42
13353,243.0,24,0.07
13354,244.0,24,0.08
13355,245.0,24,0.1
13356,246.0,24,0.08
13357,247.0,24,0.11
13358,248.0,24,0.013
13359,249.0,24,0.05
13360,250.0,24,0.07
13361,251.0,24,0.07
13362,252.0,24,0.05
13363,253.0,24,0.07
13364,254.0,24,0.05
13365,255.0,24,0.07
13366,256.0,24,0.05
13367,257.0,24,0.012
13368,258.0,24,0.15
13369,259.0,24,13.0
13370,260.0,24,16.1
13371,261.0,24,4.0
13372,262.0,24,0.67
13373,263.0,24,0.32
13374,264.0,24,0.34
13375,265.0,24,0.25
13376,266.0,24,0.64
13377,267.0,24,0.39
13378,268.0,24,0.41
13379,269.0,24,0.33
13380,270.0,24,0.46
13381,271.0,24,0.46
13382,272.0,24,0.53
13383,273.0,24,0.5
13384,274.0,24,0.28
13385,275.0,24,0.39
13386,276.0,24,0.47
13387,277.0,24,0.55
13388,278.0,24,0.42
13389,279.0,24,0.39
13390,280.0,24,0.5
13391,281.0,24,0.0
13392,282.0,24,0.27
13393,283.0,24,0.47
13394,284.0,24,0.37
13395,285.0,24,0.15
13396,286.0,24,0.82
13397,287.0,24,0.2
13398,288.0,24,0.1
13399,289.0,24,0.11
13400,290.0,24,0.16
13401,291.0,24,0.03
13402,292.0,24,0.14
13403,293.0,24,0.2
13404,294.0,24,0.22
13405,295.0,24,0.42
13406,296.0,24,0.41
13407,297.0,24,0.16
13408,298.0,24,0.14
13409,299.0,24,0.04
13410,300.0,24,0.03
13411,301.0,24,0.0
13412,302.0,24,0.15
13413,303.0,24,0.16
13414,304.0,24,0.16
13415,305.0,24,0.3
13416,306.0,24,0.5
13417,307.0,24,0.59
13418,308.0,24,0.44
13419,309.0,24,0.5
13420,310.0,24,0.3
13421,311.0,24,0.43
13422,312.0,24,0.5
13423,313.0,24,0.28
13424,314.0,24,0.27
13425,315.0,24,0.23
13426,316.0,24,0.32
13427,317.0,24,0.54
13428,318.0,24,0.4
13429,319.0,24,0.61
13430,320.0,24,0.23
13431,321.0,24,0.43
13432,322.0,24,0.32
13433,323.0,24,0.39
13434,324.0,24,0.04
13435,325.0,24,0.0
13436,326.0,24,0.0
13437,327.0,24,0.0
13438,328.0,24,0.3
13439,329.0,24,0.59
13440,330.0,24,0.6
13441,331.0,24,0.8
13442,332.0,24,0.88
13443,333.0,24,0.35
13444,334.0,24,0.17
13445,335.0,24,0.15
13446,336.0,24,0.31
13447,337.0,24,0.03
13448,338.0,24,0.041
13449,339.0,24,0.1
13450,340.0,24,0.11
13451,341.0,24,0.04
13452,342.0,24,0.55
13453,343.0,24,0.3
13454,344.0,24,0.5
13455,345.0,24,0.001
13456,346.0,24,0.2
13457,347.0,24,0.1
13458,348.0,24,0.16
13459,349.0,24,0.14
13460,350.0,24,0.1
13461,351.0,24,0.06
13462,352.0,24,0.03
13463,353.0,24,0.3
13464,354.0,24,0.35
13465,355.0,24,0.03
13466,356.0,24,0.1
13467,357.0,24,0.06
13468,358.0,24,0.06
13469,359.0,24,0.06
13470,360.0,24,0.076
13471,361.0,24,0.22
13472,362.0,24,0.36
13473,363.0,24,0.28
13474,364.0,24,0.3
13475,365.0,24,0.46
13476,366.0,24,0.4
13477,367.0,24,1.1
13478,368.0,24,0.63
13479,369.0,24,0.15
13480,370.0,24,0.28
13481,371.0,24,0.63
13482,372.0,24,0.63
13483,373.0,24,0.51
13484,374.0,24,0.73
13485,375.0,24,0.42
13486,376.0,24,0.96
13487,377.0,24,0.19
13488,378.0,24,0.43
13489,379.0,24,0.22
13490,380.0,24,0.2
13491,381.0,24,0.28
13492,382.0,24,0.2
13493,383.0,24,0.16
13494,384.0,24,0.32
13495,385.0,24,0.43
13496,386.0,24,0.1
13497,387.0,24,0.0
13498,388.0,24,0.22
13499,389.0,24,0.2
13500,390.0,24,0.01
13501,391.0,24,0.37
13502,392.0,24,0.15
13503,393.0,24,0.0
13504,394.0,24,0.28
13505,395.0,24,0.19
13506,396.0,24,0.47
13507,397.0,24,0.42
13508,398.0,24,0.47
13509,399.0,24,0.42
13510,400.0,24,0.52
13511,401.0,24,0.0
13512,402.0,24,1.6
13513,403.0,24,0.47
13514,404.0,24,0.96
13515,405.0,24,0.47
13516,406.0,24,0.6
13517,407.0,24,0.0
13518,408.0,24,0.0
13519,409.0,24,0.0
13520,410.0,24,0.0
13521,411.0,24,0.0
13522,412.0,24,0.0
13523,413.0,24,0.0
13524,414.0,24,0.0
13525,415.0,24,0.0
13526,416.0,24,0.0
13527,417.0,24,0.0
13528,418.0,24,0.0
13529,419.0,24,0.0
13530,420.0,24,0.0
13531,421.0,24,0.0
13532,422.0,24,0.0
13533,423.0,24,0.003
13534,424.0,24,0.01
13535,425.0,24,0.003
13536,426.0,24,0.0
13537,427.0,24,0.01
13538,428.0,24,0.009
13539,429.0,24,0.005
13540,430.0,24,0.009
13541,431.0,24,0.0
13542,432.0,24,0.0
13543,433.0,24,0.0
13544,434.0,24,1654.0
13545,435.0,24,0.16
13546,436.0,24,2.3
13547,437.0,24,1.0
13548,438.0,24,0.31
13549,439.0,24,0.23
13550,440.0,24,1.6
13551,441.0,24,0.13
13552,442.0,24,0.1
13553,443.0,24,0.39
13554,444.0,24,0.11
13555,445.0,24,1.7
13556,446.0,24,0.11
13557,447.0,24,0.51
13558,448.0,24,0.06
13559,449.0,24,0.1
13560,450.0,24,0.63
13561,451.0,24,1.7
13562,452.0,24,1.3
13563,453.0,24,0.93
13564,454.0,24,1.2
13565,455.0,24,0.13
13566,456.0,24,0.16
13567,457.0,24,0.0
13568,458.0,24,1.2
13569,459.0,24,0.2
13570,460.0,24,4.0
13571,461.0,24,0.1
13572,462.0,24,0.34
13573,463.0,24,0.0
13574,464.0,24,0.0
13575,465.0,24,0.0
13576,466.0,24,0.0
13577,467.0,24,0.0
13578,468.0,24,0.65
13579,469.0,24,0.0
13580,470.0,24,0.026
13581,471.0,24,0.0
13582,472.0,24,0.0
13583,473.0,24,0.0
13584,474.0,24,0.0
13585,475.0,24,0.04
13586,476.0,24,0.0
13587,477.0,24,0.16
13588,478.0,24,0.1
13589,479.0,24,0.1
13590,480.0,24,0.01
13591,481.0,24,0.044
13592,482.0,24,0.02
13593,483.0,24,0.08
13594,484.0,24,0.06
13595,485.0,24,0.16
13596,486.0,24,0.0
13597,487.0,24,0.09
13598,488.0,24,0.025
13599,489.0,24,0.07
13600,490.0,24,0.2
13601,491.0,24,0.0
13602,492.0,24,0.0
13603,493.0,24,0.0
13604,494.0,24,0.0
13605,495.0,24,0.0
13606,496.0,24,0.0
13607,497.0,24,0.2
13608,498.0,24,0.1
13609,499.0,24,0.38
13610,500.0,24,22.4
13611,501.0,24,5.9
13612,502.0,24,16.1
13613,503.0,24,8.0
13614,504.0,24,9.2
13615,505.0,24,8.7
13616,506.0,24,5.5
13617,507.0,24,5.3
13618,508.0,24,6.2
13619,509.0,24,0.05
13620,510.0,24,0.016
13621,511.0,24,0.06
13622,512.0,24,0.0
13623,513.0,24,1.7
13624,514.0,24,0.07
13625,515.0,24,0.09
13626,516.0,24,0.08
13627,517.0,24,0.08
13628,518.0,24,0.0
13629,519.0,24,0.0
13630,520.0,24,0.0
13631,521.0,24,0.0
13632,522.0,24,0.05
13633,523.0,24,0.1
13634,524.0,24,0.13
13635,525.0,24,0.0
13636,526.0,24,0.0
13637,527.0,24,0.0
13638,528.0,24,0.0
13639,529.0,24,0.0
13640,530.0,24,0.0
13641,531.0,24,0.0
13642,532.0,24,0.04
13643,533.0,24,0.0
13644,534.0,24,0.0
13645,535.0,24,0.0
13646,536.0,24,0.0
13647,537.0,24,0.0
13648,538.0,24,0.0
13649,539.0,24,0.0
13650,540.0,24,0.0
13651,541.0,24,0.0
13652,542.0,24,0.0
13653,543.0,24,0.01
13654,544.0,24,0.0
13655,545.0,24,0.14
13656,546.0,24,0.029
13657,547.0,24,0.0054
13658,548.0,24,0.14
13659,549.0,24,0.03
13660,550.0,24,0.25
13661,551.0,24,0.032
13662,552.0,24,0.0
13663,553.0,24,0.0
13664,554.0,24,0.01
13665,555.0,24,0.0
13666,556.0,24,0.039
13667,557.0,24,0.033
13668,558.0,24,0.01
13669,559.0,24,0.01
13670,560.0,24,0.02
13671,561.0,24,0.0
13672,562.0,24,0.0
13673,563.0,24,0.05
13674,564.0,24,0.03
13675,565.0,24,0.1
13676,566.0,24,0.02
13677,567.0,24,0.92
13678,568.0,24,0.022
13679,569.0,24,0.2
13680,570.0,24,0.025
13681,1.0,25,57.0
13682,2.0,25,20.0
13683,3.0,25,20.0
13684,4.0,25,49.0
13685,5.0,25,33.0
13686,6.0,25,23.0
13687,7.0,25,38.0
13688,8.0,25,1.0
13689,9.0,25,4.0
13690,10.0,25,70.0
13691,11.0,25,10.0
13692,12.0,25,16.0
13693,13.0,25,57.0
13694,14.0,25,25.0
13695,15.0,25,33.0
13696,16.0,25,26.0
13697,17.0,25,31.0
13698,18.0,25,184.0
13699,19.0,25,72.0
13700,20.0,25,47.0
13701,21.0,25,16.1
13702,22.0,25,23.0
13703,23.0,25,23.0
13704,24.0,25,24.0
13705,25.0,25,21.0
13706,26.0,25,26.0
13707,27.0,25,0.0
13708,28.0,25,85.0
13709,29.0,25,59.0
13710,30.0,25,21.0
13711,31.0,25,16.0
13712,32.0,25,39.0
13713,33.0,25,46.0
13714,34.0,25,36.0
13715,35.0,25,26.0
13716,36.0,25,0.0
13717,37.0,25,48.0
13718,38.0,25,0.0
13719,39.0,25,20.0
13720,40.0,25,18.0
13721,41.0,25,22.0
13722,42.0,25,17.0
13723,43.0,25,64.0
13724,44.0,25,0.0
13725,45.0,25,10.0
13726,46.0,25,10.0
13727,47.0,25,19.0
13728,48.0,25,1.0
13729,49.0,25,160.0
13730,50.0,25,7.0
13731,51.0,25,124.0
13732,52.0,25,345.0
13733,53.0,25,0.0
13734,54.0,25,100.0
13735,55.0,25,0.0
13736,56.0,25,24.0
13737,57.0,25,67.0
13738,58.0,25,60.0
13739,59.0,25,60.0
13740,60.0,25,30.0
13741,61.0,25,0.0
13742,62.0,25,185.0
13743,63.0,25,423.0
13744,64.0,25,21.0
13745,65.0,25,388.0
13746,66.0,25,394.0
13747,67.0,25,168.0
13748,68.0,25,240.0
13749,69.0,25,8.0
13750,70.0,25,23.0
13751,71.0,25,17.0
13752,72.0,25,25.0
13753,73.0,25,0.01
13754,74.0,25,20.0
13755,75.0,25,22.0
13756,76.0,25,24.0
13757,77.0,25,83.0
13758,78.0,25,0.0
13759,79.0,25,27.0
13760,80.0,25,13.9
13761,81.0,25,126.0
13762,82.0,25,140.0
13763,83.0,25,47.0
13764,84.0,25,63.9
13765,85.0,25,29.8
13766,86.0,25,47.6
13767,87.0,25,20.0
13768,88.0,25,13.0
13769,89.0,25,28.0
13770,90.0,25,11.0
13771,91.0,25,11.0
13772,92.0,25,11.0
13773,93.0,25,40.0
13774,94.0,25,128.0
13775,95.0,25,4.8
13776,96.0,25,47.0
13777,97.0,25,16.0
13778,98.0,25,23.2
13779,99.0,25,214.0
13780,100.0,25,13.0
13781,101.0,25,114.0
13782,102.0,25,33.1
13783,103.0,25,36.0
13784,104.0,25,7.0
13785,105.0,25,0.0
13786,106.0,25,0.0
13787,107.0,25,87.0
13788,108.0,25,31.0
13789,109.0,25,101.0
13790,110.0,25,187.0
13791,111.0,25,72.5
13792,112.0,25,110.0
13793,113.0,25,145.0
13794,114.0,25,75.3
13795,115.0,25,145.0
13796,116.0,25,62.3
13797,117.0,25,33.6
13798,118.0,25,35.0
13799,119.0,25,3.0
13800,120.0,25,19.4
13801,121.0,25,23.7
13802,122.0,25,25.1
13803,123.0,25,103.0
13804,124.0,25,75.0
13805,125.0,25,28.8
13806,126.0,25,17.0
13807,127.0,25,0.0
13808,128.0,25,13.0
13809,129.0,25,4.0
13810,130.0,25,8.0
13811,131.0,25,53.0
13812,132.0,25,0.0
13813,133.0,25,33.0
13814,134.0,25,9.0
13815,135.0,25,6.0
13816,136.0,25,33.0
13817,137.0,25,30.0
13818,138.0,25,50.9
13819,139.0,25,50.9
13820,140.0,25,0.0
13821,141.0,25,9.0
13822,142.0,25,17.5
13823,143.0,25,10.0
13824,144.0,25,4.0
13825,145.0,25,9.0
13826,146.0,25,21.0
13827,147.0,25,10.0
13828,148.0,25,30.0
13829,149.0,25,5.0
13830,150.0,25,10.0
13831,151.0,25,7.0
13832,152.0,25,0.0
13833,153.0,25,52.0
13834,154.0,25,12.5
13835,155.0,25,2.0
13836,156.0,25,30.0
13837,157.0,25,30.0
13838,,25,61.6
13839,159.0,25,29.0
13840,160.0,25,8.8
13841,161.0,25,11.0
13842,162.0,25,14.0
13843,163.0,25,6.7
13844,164.0,25,26.8
13845,165.0,25,10.0
13846,166.0,25,6.3
13847,167.0,25,70.0
13848,168.0,25,21.8
13849,169.0,25,5.8
13850,170.0,25,29.0
13851,171.0,25,2.7
13852,172.0,25,2.7
13853,173.0,25,3.0
13854,174.0,25,34.0
13855,175.0,25,38.7
13856,176.0,25,9.0
13857,177.0,25,23.0
13858,178.0,25,38.0
13859,179.0,25,3.0
13860,180.0,25,5.0
13861,181.0,25,20.0
13862,182.0,25,22.0
13863,183.0,25,14.0
13864,184.0,25,4.6
13865,185.0,25,14.0
13866,186.0,25,20.0
13867,187.0,25,27.0
13868,188.0,25,45.0
13869,189.0,25,71.0
13870,190.0,25,71.0
13871,191.0,25,110.0
13872,192.0,25,52.0
13873,193.0,25,110.0
13874,194.0,25,12.4
13875,195.0,25,0.0
13876,196.0,25,17.7
13877,197.0,25,77.0
13878,198.0,25,77.0
13879,199.0,25,238.0
13880,200.0,25,238.0
13881,201.0,25,57.0
13882,202.0,25,58.0
13883,203.0,25,50.0
13884,204.0,25,0.0
13885,205.0,25,18.6
13886,206.0,25,6.0
13887,207.0,25,15.0
13888,208.0,25,16.0
13889,209.0,25,0.8
13890,210.0,25,5.0
13891,211.0,25,5.3
13892,212.0,25,5.5
13893,213.0,25,2.7
13894,214.0,25,5.3
13895,215.0,25,15.0
13896,216.0,25,40.0
13897,217.0,25,30.0
13898,218.0,25,5.5
13899,219.0,25,11.0
13900,220.0,25,2.7
13901,221.0,25,6.0
13902,222.0,25,20.0
13903,223.0,25,40.0
13904,224.0,25,19.0
13905,225.0,25,20.0
13906,226.0,25,53.0
13907,227.0,25,125.0
13908,228.0,25,53.0
13909,229.0,25,14.1
13910,230.0,25,0.0
13911,231.0,25,0.0
13912,232.0,25,20.0
13913,233.0,25,10.0
13914,234.0,25,0.0
13915,235.0,25,0.0
13916,237.0,25,20.0
13917,237.0,25,20.0
13918,238.0,25,16.0
13919,239.0,25,0.0
13920,240.0,25,0.0
13921,241.0,25,36.6
13922,242.0,25,16.0
13923,243.0,25,5.0
13924,244.0,25,4.7
13925,245.0,25,5.0
13926,246.0,25,4.7
13927,247.0,25,26.0
13928,248.0,25,18.1
13929,249.0,25,13.5
13930,250.0,25,4.0
13931,251.0,25,4.0
13932,252.0,25,5.0
13933,253.0,25,5.0
13934,254.0,25,3.7
13935,255.0,25,4.0
13936,256.0,25,6.0
13937,257.0,25,9.2
13938,258.0,25,66.0
13939,259.0,25,0.7
13940,260.0,25,0.3
13941,261.0,25,4.0
13942,262.0,25,8.0
13943,263.0,25,8.0
13944,264.0,25,20.0
13945,265.0,25,11.4
13946,266.0,25,31.0
13947,267.0,25,4.0
13948,268.0,25,6.0
13949,269.0,25,25.0
13950,270.0,25,16.0
13951,271.0,25,7.0
13952,272.0,25,9.0
13953,273.0,25,12.0
13954,274.0,25,2.0
13955,275.0,25,4.0
13956,276.0,25,5.4
13957,277.0,25,3.0
13958,278.0,25,4.0
13959,279.0,25,3.2
13960,280.0,25,3.0
13961,281.0,25,0.0
13962,282.0,25,1.5
13963,283.0,25,5.4
13964,284.0,25,3.0
13965,285.0,25,2.9
13966,286.0,25,3.1
13967,287.0,25,4.0
13968,288.0,25,2.0
13969,289.0,25,3.0
13970,290.0,25,2.0
13971,291.0,25,0.9
13972,292.0,25,0.9
13973,293.0,25,0.0
13974,294.0,25,0.0
13975,295.0,25,13.5
13976,296.0,25,0.0
13977,297.0,25,4.6
13978,298.0,25,0.9
13979,299.0,25,5.0
13980,300.0,25,2.2
13981,301.0,25,0.0
13982,302.0,25,3.0
13983,303.0,25,3.4
13984,304.0,25,4.2
13985,305.0,25,5.0
13986,306.0,25,6.0
13987,307.0,25,6.0
13988,308.0,25,4.0
13989,309.0,25,5.0
13990,310.0,25,5.0
13991,311.0,25,4.0
13992,312.0,25,5.0
13993,313.0,25,9.5
13994,314.0,25,9.0
13995,315.0,25,8.0
13996,316.0,25,10.0
13997,317.0,25,16.0
13998,318.0,25,5.0
13999,319.0,25,3.3
14000,320.0,25,0.0
14001,321.0,25,9.0
14002,322.0,25,8.0
14003,323.0,25,5.9
14004,324.0,25,2.0
14005,325.0,25,0.0
14006,326.0,25,0.0
14007,327.0,25,0.0
14008,328.0,25,3.0
14009,329.0,25,136.0
14010,330.0,25,240.0
14011,331.0,25,380.0
14012,332.0,25,592.0
14013,333.0,25,4.0
14014,334.0,25,4.0
14015,335.0,25,5.0
14016,336.0,25,7.0
14017,337.0,25,13.0
14018,338.0,25,2.0
14019,339.0,25,3.0
14020,340.0,25,12.0
14021,341.0,25,11.0
14022,342.0,25,93.0
14023,343.0,25,31.0
14024,344.0,25,63.0
14025,345.0,25,4.0
14026,346.0,25,6.0
14027,347.0,25,6.0
14028,348.0,25,13.0
14029,349.0,25,16.0
14030,350.0,25,17.0
14031,351.0,25,16.0
14032,352.0,25,5.1
14033,353.0,25,20.0
14034,354.0,25,20.0
14035,355.0,25,0.0
14036,356.0,25,17.0
14037,357.0,25,5.0
14038,358.0,25,2.0
14039,359.0,25,2.0
14040,360.0,25,33.0
14041,361.0,25,7.0
14042,362.0,25,13.0
14043,363.0,25,13.0
14044,364.0,25,13.0
14045,365.0,25,15.0
14046,366.0,25,15.0
14047,367.0,25,8.7
14048,368.0,25,1.2
14049,369.0,25,6.0
14050,370.0,25,13.0
14051,371.0,25,1.2
14052,372.0,25,1.2
14053,373.0,25,2.0
14054,374.0,25,22.5
14055,375.0,25,11.0
14056,376.0,25,8.7
14057,377.0,25,5.0
14058,378.0,25,9.4
14059,379.0,25,3.1
14060,380.0,25,8.0
14061,381.0,25,13.4
14062,382.0,25,3.0
14063,383.0,25,12.3
14064,384.0,25,11.0
14065,385.0,25,9.0
14066,386.0,25,0.0
14067,387.0,25,0.0
14068,388.0,25,13.7
14069,389.0,25,11.0
14070,390.0,25,1.0
14071,391.0,25,3.0
14072,392.0,25,10.0
14073,393.0,25,0.0
14074,394.0,25,2.0
14075,395.0,25,18.5
14076,396.0,25,7.0
14077,397.0,25,16.8
14078,398.0,25,16.0
14079,399.0,25,15.5
14080,400.0,25,15.0
14081,401.0,25,0.0
14082,402.0,25,13.0
14083,403.0,25,8.7
14084,404.0,25,7.0
14085,405.0,25,8.7
14086,406.0,25,14.0
14087,407.0,25,0.0
14088,408.0,25,0.0
14089,409.0,25,0.0
14090,410.0,25,0.0
14091,411.0,25,0.0
14092,412.0,25,0.0
14093,413.0,25,0.0
14094,414.0,25,0.0
14095,415.0,25,0.0
14096,416.0,25,0.0
14097,417.0,25,0.0
14098,418.0,25,0.0
14099,419.0,25,0.0
14100,420.0,25,0.0
14101,421.0,25,0.0
14102,422.0,25,0.0
14103,423.0,25,3.0
14104,424.0,25,1.0
14105,425.0,25,3.0
14106,426.0,25,0.0
14107,427.0,25,1.0
14108,428.0,25,1.0
14109,429.0,25,1.0
14110,430.0,25,1.0
14111,431.0,25,0.0
14112,432.0,25,0.0
14113,433.0,25,0.0
14114,434.0,25,47.0
14115,435.0,25,68.0
14116,436.0,25,274.0
14117,437.0,25,93.0
14118,438.0,25,29.0
14119,439.0,25,0.0
14120,440.0,25,166.0
14121,441.0,25,130.0
14122,442.0,25,62.0
14123,443.0,25,25.0
14124,444.0,25,20.0
14125,445.0,25,0.0
14126,446.0,25,0.0
14127,447.0,25,23.0
14128,448.0,25,0.0
14129,449.0,25,11.8
14130,450.0,25,13.0
14131,451.0,25,180.0
14132,452.0,25,1010.0
14133,453.0,25,1000.0
14134,454.0,25,274.0
14135,455.0,25,114.0
14136,456.0,25,76.0
14137,457.0,25,0.0
14138,458.0,25,274.0
14139,459.0,25,149.0
14140,460.0,25,0.0
14141,461.0,25,0.0
14142,462.0,25,0.0
14143,463.0,25,0.0
14144,464.0,25,0.0
14145,465.0,25,0.0
14146,466.0,25,0.0
14147,467.0,25,0.0
14148,468.0,25,10.0
14149,469.0,25,0.0
14150,470.0,25,0.0
14151,471.0,25,0.0
14152,472.0,25,0.0
14153,473.0,25,0.0
14154,474.0,25,0.0
14155,475.0,25,1.0
14156,476.0,25,0.0
14157,477.0,25,10.0
14158,478.0,25,10.0
14159,479.0,25,10.0
14160,480.0,25,18.0
14161,481.0,25,2.0
14162,482.0,25,0.0
14163,483.0,25,3.0
14164,484.0,25,4.0
14165,485.0,25,7.0
14166,486.0,25,0.0
14167,487.0,25,1.0
14168,488.0,25,2.0
14169,489.0,25,5.0
14170,490.0,25,11.0
14171,491.0,25,64.0
14172,492.0,25,8.0
14173,493.0,25,99.8
14174,494.0,25,97.6
14175,495.0,25,99.8
14176,496.0,25,66.9
14177,497.0,25,65.0
14178,498.0,25,74.1
14179,499.0,25,75.1
14180,500.0,25,11.6
14181,501.0,25,81.0
14182,502.0,25,63.4
14183,503.0,25,58.8
14184,504.0,25,54.1
14185,505.0,25,51.5
14186,506.0,25,79.4
14187,507.0,25,47.0
14188,508.0,25,57.8
14189,509.0,25,5.4
14190,510.0,25,11.0
14191,511.0,25,25.0
14192,512.0,25,0.0
14193,513.0,25,19.0
14194,514.0,25,5.0
14195,515.0,25,13.0
14196,516.0,25,11.0
14197,517.0,25,8.0
14198,518.0,25,0.0
14199,519.0,25,0.0
14200,520.0,25,0.0
14201,521.0,25,0.0
14202,522.0,25,12.0
14203,523.0,25,10.0
14204,524.0,25,0.03
14205,525.0,25,0.0
14206,526.0,25,0.0
14207,527.0,25,0.0
14208,528.0,25,0.0
14209,529.0,25,0.0
14210,530.0,25,0.0
14211,531.0,25,0.0
14212,532.0,25,0.0
14213,533.0,25,0.0
14214,534.0,25,0.0
14215,535.0,25,0.0
14216,536.0,25,0.0
14217,537.0,25,0.0
14218,538.0,25,0.0
14219,539.0,25,0.0
14220,540.0,25,1.0
14221,541.0,25,0.0
14222,542.0,25,0.0
14223,543.0,25,14.0
14224,544.0,25,0.0
14225,545.0,25,22.0
14226,546.0,25,0.0
14227,547.0,25,0.85
14228,548.0,25,22.0
14229,549.0,25,3.0
14230,550.0,25,5.0
14231,551.0,25,3.0
14232,552.0,25,0.0
14233,553.0,25,0.0
14234,554.0,25,4.6
14235,555.0,25,2.0
14236,556.0,25,2.0
14237,557.0,25,16.0
14238,558.0,25,5.0
14239,559.0,25,1.0
14240,560.0,25,18.6
14241,561.0,25,0.0
14242,562.0,25,0.0
14243,563.0,25,3.1
14244,564.0,25,3.3
14245,565.0,25,8.0
14246,566.0,25,8.8
14247,567.0,25,21.9
14248,568.0,25,1.0
14249,569.0,25,4.0
14250,570.0,25,2.2
14251,1.0,26,0.0
14252,2.0,26,0.0
14253,3.0,26,0.0
14254,4.0,26,0.0
14255,5.0,26,0.0
14256,6.0,26,0.0
14257,7.0,26,0.0
14258,8.0,26,0.0
14259,9.0,26,0.0
14260,10.0,26,0.0
14261,11.0,26,0.0
14262,12.0,26,0.0
14263,13.0,26,0.0
14264,14.0,26,0.0
14265,15.0,26,0.0
14266,16.0,26,0.0
14267,17.0,26,0.0
14268,18.0,26,0.0
14269,19.0,26,0.0
14270,20.0,26,0.0
14271,21.0,26,0.36
14272,22.0,26,0.0
14273,23.0,26,0.0
14274,24.0,26,0.0
14275,25.0,26,0.0
14276,26.0,26,0.02
14277,27.0,26,0.03
14278,28.0,26,0.0
14279,29.0,26,0.0
14280,30.0,26,0.0
14281,31.0,26,0.0
14282,32.0,26,0.0
14283,33.0,26,0.0
14284,34.0,26,0.0
14285,35.0,26,0.91
14286,36.0,26,0.0
14287,37.0,26,0.0
14288,38.0,26,0.0
14289,39.0,26,0.0
14290,40.0,26,0.0
14291,41.0,26,0.2
14292,42.0,26,0.0
14293,43.0,26,0.0
14294,44.0,26,53.0
14295,45.0,26,0.0
14296,46.0,26,0.0
14297,47.0,26,0.0
14298,48.0,26,0.0
14299,49.0,26,0.0
14300,50.0,26,0.0
14301,51.0,26,2.0
14302,52.0,26,0.0
14303,53.0,26,0.0
14304,54.0,26,0.0
14305,55.0,26,26.0
14306,56.0,26,0.08
14307,57.0,26,0.0
14308,58.0,26,0.0
14309,59.0,26,0.0
14310,60.0,26,0.0
14311,61.0,26,0.0
14312,62.0,26,0.0
14313,63.0,26,0.0
14314,64.0,26,0.0
14315,65.0,26,0.0
14316,66.0,26,0.0
14317,67.0,26,0.0
14318,68.0,26,0.0
14319,69.0,26,0.0
14320,70.0,26,0.0
14321,71.0,26,0.0
14322,72.0,26,0.0
14323,73.0,26,0.0
14324,74.0,26,0.0
14325,75.0,26,0.0
14326,76.0,26,0.0
14327,77.0,26,0.0
14328,78.0,26,0.0
14329,79.0,26,0.0
14330,80.0,26,0.0
14331,81.0,26,0.0
14332,82.0,26,0.0
14333,83.0,26,0.0
14334,84.0,26,0.0
14335,85.0,26,0.0
14336,86.0,26,0.0
14337,87.0,26,0.0
14338,88.0,26,0.0
14339,89.0,26,0.0
14340,90.0,26,0.0
14341,91.0,26,0.0
14342,92.0,26,0.0
14343,93.0,26,0.0
14344,94.0,26,0.0
14345,95.0,26,0.0
14346,96.0,26,0.0
14347,97.0,26,0.0
14348,98.0,26,0.0
14349,99.0,26,0.0
14350,100.0,26,0.0
14351,101.0,26,0.0
14352,102.0,26,0.0
14353,103.0,26,0.0
14354,104.0,26,0.0
14355,105.0,26,0.0
14356,106.0,26,0.0
14357,107.0,26,0.0
14358,108.0,26,0.0
14359,109.0,26,0.0
14360,110.0,26,0.0
14361,111.0,26,0.0
14362,112.0,26,0.0
14363,113.0,26,0.0
14364,114.0,26,0.0
14365,115.0,26,0.0
14366,116.0,26,0.0
14367,117.0,26,0.0
14368,118.0,26,0.0
14369,119.0,26,0.0
14370,120.0,26,0.0
14371,121.0,26,0.0
14372,122.0,26,0.0
14373,123.0,26,0.0
14374,124.0,26,0.0
14375,125.0,26,0.0
14376,126.0,26,0.0
14377,127.0,26,0.0
14378,128.0,26,0.0
14379,129.0,26,0.0
14380,130.0,26,0.0
14381,131.0,26,0.0
14382,132.0,26,0.0
14383,133.0,26,0.0
14384,134.0,26,0.0
14385,135.0,26,0.0
14386,136.0,26,0.0
14387,137.0,26,0.0
14388,138.0,26,0.0
14389,139.0,26,0.0
14390,140.0,26,0.0
14391,141.0,26,0.0
14392,142.0,26,0.0
14393,143.0,26,0.0
14394,144.0,26,0.0
14395,145.0,26,0.0
14396,146.0,26,0.0
14397,147.0,26,0.0
14398,148.0,26,0.0
14399,149.0,26,0.0
14400,150.0,26,0.0
14401,151.0,26,0.0
14402,152.0,26,0.0
14403,153.0,26,0.0
14404,154.0,26,0.0
14405,155.0,26,0.0
14406,156.0,26,0.0
14407,157.0,26,0.0
14408,,26,0.0
14409,159.0,26,0.0
14410,160.0,26,0.0
14411,161.0,26,0.0
14412,162.0,26,0.0
14413,163.0,26,0.0
14414,164.0,26,0.0
14415,165.0,26,0.0
14416,166.0,26,0.0
14417,167.0,26,0.0
14418,168.0,26,0.0
14419,169.0,26,0.0
14420,170.0,26,0.0
14421,171.0,26,0.0
14422,172.0,26,0.0
14423,173.0,26,0.0
14424,174.0,26,0.0
14425,175.0,26,0.0
14426,176.0,26,0.0
14427,177.0,26,0.0
14428,178.0,26,0.0
14429,179.0,26,0.0
14430,180.0,26,0.0
14431,181.0,26,0.0
14432,182.0,26,0.0
14433,183.0,26,0.0
14434,184.0,26,0.0
14435,185.0,26,0.0
14436,186.0,26,0.0
14437,187.0,26,0.0
14438,188.0,26,0.0
14439,189.0,26,0.0
14440,190.0,26,0.0
14441,191.0,26,0.0
14442,192.0,26,0.0
14443,193.0,26,0.0
14444,194.0,26,0.0
14445,195.0,26,0.0
14446,196.0,26,0.0
14447,197.0,26,0.0
14448,198.0,26,0.0
14449,199.0,26,0.0
14450,200.0,26,0.0
14451,201.0,26,0.0
14452,202.0,26,0.0
14453,203.0,26,0.0
14454,204.0,26,0.0
14455,205.0,26,0.0
14456,206.0,26,0.41
14457,207.0,26,0.7
14458,208.0,26,0.9
14459,209.0,26,0.07
14460,210.0,26,0.51
14461,211.0,26,0.3
14462,212.0,26,0.3
14463,213.0,26,0.3
14464,214.0,26,0.3
14465,215.0,26,0.7
14466,216.0,26,1.5
14467,217.0,26,2.9
14468,218.0,26,0.3
14469,219.0,26,0.1
14470,220.0,26,0.3
14471,221.0,26,0.4
14472,222.0,26,1.5
14473,223.0,26,0.59
14474,224.0,26,0.96
14475,225.0,26,1.5
14476,226.0,26,1.5
14477,227.0,26,1.5
14478,228.0,26,1.5
14479,229.0,26,0.43
14480,230.0,26,0.0
14481,231.0,26,0.0
14482,232.0,26,1.5
14483,233.0,26,0.65
14484,234.0,26,0.0
14485,235.0,26,0.0
14486,237.0,26,1.5
14487,237.0,26,1.5
14488,238.0,26,0.88
14489,239.0,26,0.0
14490,240.0,26,0.0
14491,241.0,26,0.3
14492,242.0,26,0.4
14493,243.0,26,0.2
14494,244.0,26,0.4
14495,245.0,26,0.3
14496,246.0,26,0.4
14497,247.0,26,0.23
14498,248.0,26,0.18
14499,249.0,26,0.17
14500,250.0,26,0.3
14501,251.0,26,0.3
14502,252.0,26,0.2
14503,253.0,26,0.3
14504,254.0,26,0.2
14505,255.0,26,0.3
14506,256.0,26,0.2
14507,257.0,26,0.1
14508,258.0,26,1.6
14509,259.0,26,0.0
14510,260.0,26,0.0
14511,261.0,26,0.32
14512,262.0,26,0.43
14513,263.0,26,0.31
14514,264.0,26,1.7
14515,265.0,26,0.0
14516,266.0,26,0.49
14517,267.0,26,0.34
14518,268.0,26,0.4
14519,269.0,26,1.8
14520,270.0,26,2.0
14521,271.0,26,0.52
14522,272.0,26,0.0
14523,273.0,26,0.4
14524,274.0,26,0.0
14525,275.0,26,0.56
14526,276.0,26,3.1
14527,277.0,26,2.0
14528,278.0,26,0.87
14529,279.0,26,2.1
14530,280.0,26,1.0
14531,281.0,26,0.0
14532,282.0,26,0.0
14533,283.0,26,3.1
14534,284.0,26,0.0
14535,285.0,26,1.1
14536,286.0,26,1.5
14537,287.0,26,2.0
14538,288.0,26,0.01
14539,289.0,26,0.8
14540,290.0,26,0.85
14541,291.0,26,2.0
14542,292.0,26,0.9
14543,293.0,26,0.0
14544,294.0,26,0.0
14545,295.0,26,15.7
14546,296.0,26,0.0
14547,297.0,26,3.8
14548,298.0,26,0.9
14549,299.0,26,0.5
14550,300.0,26,2.4
14551,301.0,26,0.0
14552,302.0,26,1.4
14553,303.0,26,1.5
14554,304.0,26,2.6
14555,305.0,26,2.0
14556,306.0,26,3.0
14557,307.0,26,11.6
14558,308.0,26,8.8
14559,309.0,26,10.0
14560,310.0,26,1.0
14561,311.0,26,8.7
14562,312.0,26,10.0
14563,313.0,26,1.0
14564,314.0,26,2.0
14565,315.0,26,1.0
14566,316.0,26,2.0
14567,317.0,26,1.0
14568,318.0,26,1.0
14569,319.0,26,2.0
14570,320.0,26,1.0
14571,321.0,26,1.4
14572,322.0,26,2.0
14573,323.0,26,1.0
14574,324.0,26,1.5
14575,325.0,26,2.7
14576,326.0,26,5.2
14577,327.0,26,4.2
14578,328.0,26,13.0
14579,329.0,26,39.0
14580,330.0,26,75.0
14581,331.0,26,25.0
14582,332.0,26,65.0
14583,333.0,26,0.8
14584,334.0,26,7.0
14585,335.0,26,5.0
14586,336.0,26,3.8
14587,337.0,26,6.0
14588,338.0,26,2.1
14589,339.0,26,2.8
14590,340.0,26,3.9
14591,341.0,26,3.8
14592,342.0,26,15.0
14593,343.0,26,55.0
14594,344.0,26,25.0
14595,345.0,26,0.0
14596,346.0,26,2.8
14597,347.0,26,8.0
14598,348.0,26,5.7
14599,349.0,26,0.0
14600,350.0,26,0.0
14601,351.0,26,0.95
14602,352.0,26,1.3
14603,353.0,26,0.0
14604,354.0,26,0.0
14605,355.0,26,1.3
14606,356.0,26,1.0
14607,357.0,26,1.9
14608,358.0,26,1.9
14609,359.0,26,1.9
14610,360.0,26,8.0
14611,361.0,26,15.0
14612,362.0,26,3.0
14613,363.0,26,1.0
14614,364.0,26,1.0
14615,365.0,26,4.3
14616,366.0,26,3.0
14617,367.0,26,1.9
14618,368.0,26,9.0
14619,369.0,26,2.0
14620,370.0,26,1.0
14621,371.0,26,6.0
14622,372.0,26,10.0
14623,373.0,26,5.0
14624,374.0,26,3.9
14625,375.0,26,2.0
14626,376.0,26,28.4
14627,377.0,26,2.9
14628,378.0,26,5.2
14629,379.0,26,1.2
14630,380.0,26,1.2
14631,381.0,26,2.3
14632,382.0,26,4.0
14633,383.0,26,1.1
14634,384.0,26,2.0
14635,385.0,26,2.0
14636,386.0,26,0.3
14637,387.0,26,1.0
14638,388.0,26,1.0
14639,389.0,26,1.5
14640,390.0,26,1.0
14641,391.0,26,6.0
14642,392.0,26,2.0
14643,393.0,26,0.0
14644,394.0,26,3.0
14645,395.0,26,3.4
14646,396.0,26,4.0
14647,397.0,26,5.0
14648,398.0,26,4.3
14649,399.0,26,5.0
14650,400.0,26,5.0
14651,401.0,26,0.0
14652,402.0,26,26.0
14653,403.0,26,29.6
14654,404.0,26,26.0
14655,405.0,26,29.6
14656,406.0,26,5.0
14657,407.0,26,0.0
14658,408.0,26,0.0
14659,409.0,26,0.0
14660,410.0,26,0.0
14661,411.0,26,0.0
14662,412.0,26,0.0
14663,413.0,26,0.0
14664,414.0,26,0.0
14665,415.0,26,0.0
14666,416.0,26,0.0
14667,417.0,26,0.0
14668,418.0,26,0.0
14669,419.0,26,0.0
14670,420.0,26,0.0
14671,421.0,26,0.0
14672,422.0,26,0.0
14673,423.0,26,0.17
14674,424.0,26,0.13
14675,425.0,26,0.17
14676,426.0,26,0.0
14677,427.0,26,0.06
14678,428.0,26,0.1
14679,429.0,26,0.06
14680,430.0,26,0.1
14681,431.0,26,0.0
14682,432.0,26,0.0
14683,433.0,26,0.0
14684,434.0,26,0.0
14685,435.0,26,0.0
14686,436.0,26,0.0
14687,437.0,26,0.0
14688,438.0,26,0.0
14689,439.0,26,0.0
14690,440.0,26,0.0
14691,441.0,26,0.0
14692,442.0,26,0.0
14693,443.0,26,0.0
14694,444.0,26,0.0
14695,445.0,26,0.0
14696,446.0,26,0.0
14697,447.0,26,0.0
14698,448.0,26,0.0
14699,449.0,26,0.0
14700,450.0,26,0.0
14701,451.0,26,0.0
14702,452.0,26,0.5
14703,453.0,26,0.0
14704,454.0,26,0.0
14705,455.0,26,0.0
14706,456.0,26,0.0
14707,457.0,26,0.0
14708,458.0,26,0.0
14709,459.0,26,0.0
14710,460.0,26,0.0
14711,461.0,26,0.0
14712,462.0,26,0.0
14713,463.0,26,0.0
14714,464.0,26,0.0
14715,465.0,26,0.0
14716,466.0,26,0.0
14717,467.0,26,0.0
14718,468.0,26,0.0
14719,469.0,26,0.0
14720,470.0,26,0.0
14721,471.0,26,0.0
14722,472.0,26,0.0
14723,473.0,26,0.0
14724,474.0,26,0.0
14725,475.0,26,0.0
14726,476.0,26,0.0
14727,477.0,26,0.0
14728,478.0,26,0.48
14729,479.0,26,0.48
14730,480.0,26,0.0
14731,481.0,26,0.0
14732,482.0,26,0.0
14733,483.0,26,0.0
14734,484.0,26,0.4
14735,485.0,26,0.8
14736,486.0,26,0.0
14737,487.0,26,0.3
14738,488.0,26,0.03
14739,489.0,26,0.5
14740,490.0,26,0.0
14741,491.0,26,0.89
14742,492.0,26,0.0
14743,493.0,26,0.0
14744,494.0,26,0.0
14745,495.0,26,0.0
14746,496.0,26,20.4
14747,497.0,26,0.0
14748,498.0,26,0.0
14749,499.0,26,0.0
14750,500.0,26,8.5
14751,501.0,26,6.7
14752,502.0,26,18.5
14753,503.0,26,0.0
14754,504.0,26,0.0
14755,505.0,26,0.0
14756,506.0,26,13.7
14757,507.0,26,3.8
14758,508.0,26,1.8
14759,509.0,26,0.54
14760,510.0,26,0.31
14761,511.0,26,0.2
14762,512.0,26,0.0
14763,513.0,26,0.0
14764,514.0,26,0.0
14765,515.0,26,0.0
14766,516.0,26,0.0
14767,517.0,26,0.0
14768,518.0,26,0.0
14769,519.0,26,0.0
14770,520.0,26,0.0
14771,521.0,26,0.0
14772,522.0,26,0.4
14773,523.0,26,0.0
14774,524.0,26,0.0
14775,525.0,26,0.0
14776,526.0,26,0.0
14777,527.0,26,0.0
14778,528.0,26,0.0
14779,529.0,26,0.0
14780,530.0,26,0.0
14781,531.0,26,0.0
14782,532.0,26,0.0
14783,533.0,26,0.0
14784,534.0,26,0.0
14785,535.0,26,0.0
14786,536.0,26,0.0
14787,537.0,26,0.0
14788,538.0,26,0.0
14789,539.0,26,0.0
14790,540.0,26,0.0
14791,541.0,26,0.0
14792,542.0,26,0.0
14793,543.0,26,0.0
14794,544.0,26,0.0
14795,545.0,26,0.0
14796,546.0,26,0.0
14797,547.0,26,0.0
14798,548.0,26,0.0
14799,549.0,26,0.0
14800,550.0,26,0.0
14801,551.0,26,0.0
14802,552.0,26,0.38
14803,553.0,26,0.38
14804,554.0,26,0.0
14805,555.0,26,0.0
14806,556.0,26,0.63
14807,557.0,26,0.0
14808,558.0,26,0.0
14809,559.0,26,0.0
14810,560.0,26,0.0
14811,561.0,26,0.0
14812,562.0,26,0.0
14813,563.0,26,0.0
14814,564.0,26,0.0
14815,565.0,26,0.0
14816,566.0,26,0.0
14817,567.0,26,0.0
14818,568.0,26,0.0
14819,569.0,26,0.0
14820,570.0,26,0.0
14821,1.0,27,0.68
14822,2.0,27,0.0
14823,3.0,27,1.1
14824,4.0,27,1.5
14825,5.0,27,0.71
14826,6.0,27,0.28
14827,7.0,27,1.5
14828,8.0,27,0.0
14829,9.0,27,0.0
14830,10.0,27,0.0
14831,11.0,27,0.55
14832,12.0,27,0.4
14833,13.0,27,0.8
14834,14.0,27,0.0
14835,15.0,27,0.88
14836,16.0,27,0.65
14837,17.0,27,0.37
14838,18.0,27,0.0
14839,19.0,27,0.58
14840,20.0,27,0.0
14841,21.0,27,0.49
14842,22.0,27,0.3
14843,23.0,27,0.3
14844,24.0,27,0.39
14845,25.0,27,0.3
14846,26.0,27,0.28
14847,27.0,27,0.34
14848,28.0,27,0.0
14849,29.0,27,0.44
14850,30.0,27,0.0
14851,31.0,27,0.0
14852,32.0,27,0.65
14853,33.0,27,0.7
14854,34.0,27,0.0
14855,35.0,27,0.3
14856,36.0,27,0.0
14857,37.0,27,0.0
14858,38.0,27,0.0
14859,39.0,27,0.0
14860,40.0,27,0.43
14861,41.0,27,0.3
14862,42.0,27,0.75
14863,43.0,27,0.19
14864,44.0,27,0.0
14865,45.0,27,0.3
14866,46.0,27,0.3
14867,47.0,27,0.08
14868,48.0,27,0.08
14869,49.0,27,1.4
14870,50.0,27,0.0
14871,51.0,27,0.29
14872,52.0,27,1.8
14873,53.0,27,0.0
14874,54.0,27,0.0
14875,55.0,27,0.0
14876,56.0,27,0.0
14877,57.0,27,0.29
14878,58.0,27,0.17
14879,59.0,27,0.14
14880,60.0,27,0.2
14881,61.0,27,0.0
14882,62.0,27,1.3
14883,63.0,27,0.98
14884,64.0,27,0.0
14885,65.0,27,0.87
14886,66.0,27,0.78
14887,67.0,27,1.6
14888,68.0,27,1.9
14889,69.0,27,0.8
14890,70.0,27,2.1
14891,71.0,27,0.59
14892,72.0,27,0.0
14893,73.0,27,0.0
14894,74.0,27,0.2
14895,75.0,27,0.4
14896,76.0,27,0.18
14897,77.0,27,0.13
14898,78.0,27,0.14
14899,79.0,27,0.0
14900,80.0,27,0.27
14901,81.0,27,0.19
14902,82.0,27,0.21
14903,83.0,27,0.14
14904,84.0,27,0.07
14905,85.0,27,0.13
14906,86.0,27,0.21
14907,87.0,27,0.04
14908,88.0,27,0.09
14909,89.0,27,0.13
14910,90.0,27,0.06
14911,91.0,27,0.06
14912,92.0,27,0.06
14913,93.0,27,0.1
14914,94.0,27,0.17
14915,95.0,27,0.6
14916,96.0,27,0.34
14917,97.0,27,0.43
14918,98.0,27,0.23
14919,99.0,27,0.31
14920,100.0,27,0.041
14921,101.0,27,0.9
14922,102.0,27,0.16
14923,103.0,27,0.4
14924,104.0,27,0.11
14925,105.0,27,0.08
14926,106.0,27,0.08
14927,107.0,27,0.0
14928,108.0,27,0.21
14929,109.0,27,1.0
14930,110.0,27,0.09
14931,111.0,27,0.6
14932,112.0,27,0.11
14933,113.0,27,0.25
14934,114.0,27,0.45
14935,115.0,27,0.09
14936,116.0,27,0.09
14937,117.0,27,0.11
14938,118.0,27,0.32
14939,119.0,27,0.17
14940,120.0,27,0.26
14941,121.0,27,0.08
14942,122.0,27,0.06
14943,123.0,27,0.14
14944,124.0,27,0.21
14945,125.0,27,0.28
14946,126.0,27,0.0
14947,127.0,27,0.0
14948,128.0,27,0.2
14949,129.0,27,0.23
14950,130.0,27,0.26
14951,131.0,27,0.81
14952,132.0,27,0.02
14953,133.0,27,0.02
14954,134.0,27,0.02
14955,135.0,27,0.1
14956,136.0,27,0.02
14957,137.0,27,0.02
14958,138.0,27,0.02
14959,139.0,27,0.02
14960,140.0,27,0.0
14961,141.0,27,0.015
14962,142.0,27,0.18
14963,143.0,27,0.52
14964,144.0,27,0.46
14965,145.0,27,0.5
14966,146.0,27,0.8
14967,147.0,27,0.15
14968,148.0,27,1.1
14969,149.0,27,0.27
14970,150.0,27,0.16
14971,151.0,27,0.16
14972,152.0,27,0.0
14973,153.0,27,0.19
14974,154.0,27,0.24
14975,155.0,27,0.18
14976,156.0,27,0.2
14977,157.0,27,0.3
14978,,27,0.34
14979,159.0,27,0.6
14980,160.0,27,0.4
14981,161.0,27,0.06
14982,162.0,27,0.15
14983,163.0,27,0.3
14984,164.0,27,0.18
14985,165.0,27,0.2
14986,166.0,27,0.23
14987,167.0,27,0.0
14988,168.0,27,0.2
14989,169.0,27,0.061
14990,170.0,27,0.0
14991,171.0,27,0.17
14992,172.0,27,0.13
14993,173.0,27,0.081
14994,174.0,27,0.22
14995,175.0,27,0.37
14996,176.0,27,0.16
14997,177.0,27,0.27
14998,178.0,27,0.22
14999,179.0,27,0.062
15000,180.0,27,0.16
15001,181.0,27,0.23
15002,182.0,27,0.0
15003,183.0,27,0.27
15004,184.0,27,0.21
15005,185.0,27,0.0
15006,186.0,27,0.05
15007,187.0,27,0.05
15008,188.0,27,0.44
15009,189.0,27,1.2
15010,190.0,27,1.2
15011,191.0,27,2.7
15012,192.0,27,1.7
15013,193.0,27,2.7
15014,194.0,27,0.49
15015,195.0,27,0.0
15016,196.0,27,0.0
15017,197.0,27,1.4
15018,198.0,27,1.4
15019,199.0,27,7.1
15020,200.0,27,7.1
15021,201.0,27,0.0
15022,202.0,27,0.52
15023,203.0,27,0.51
15024,204.0,27,0.091
15025,205.0,27,0.23
15026,206.0,27,0.64
15027,207.0,27,0.85
15028,208.0,27,1.0
15029,209.0,27,0.31
15030,210.0,27,0.35
15031,211.0,27,0.32
15032,212.0,27,0.35
15033,213.0,27,0.35
15034,214.0,27,0.32
15035,215.0,27,3.2
15036,216.0,27,2.7
15037,217.0,27,3.0
15038,218.0,27,0.35
15039,219.0,27,0.75
15040,220.0,27,0.35
15041,221.0,27,0.8
15042,222.0,27,0.53
15043,223.0,27,2.0
15044,224.0,27,0.29
15045,225.0,27,0.53
15046,226.0,27,0.41
15047,227.0,27,0.19
15048,228.0,27,0.68
15049,229.0,27,0.086
15050,230.0,27,0.0
15051,231.0,27,0.0
15052,232.0,27,0.53
15053,233.0,27,0.064
15054,234.0,27,0.0
15055,235.0,27,0.0
15056,237.0,27,0.53
15057,237.0,27,0.53
15058,238.0,27,0.0
15059,239.0,27,0.0
15060,240.0,27,0.0
15061,241.0,27,0.0
15062,242.0,27,0.33
15063,243.0,27,0.3
15064,244.0,27,0.5
15065,245.0,27,0.5
15066,246.0,27,0.5
15067,247.0,27,0.0
15068,248.0,27,0.3
15069,249.0,27,0.35
15070,250.0,27,0.35
15071,251.0,27,0.3
15072,252.0,27,0.3
15073,253.0,27,0.3
15074,254.0,27,0.5
15075,255.0,27,0.35
15076,256.0,27,0.3
15077,257.0,27,0.14
15078,258.0,27,1.8
15079,259.0,27,0.7
15080,260.0,27,0.3
15081,261.0,27,0.77
15082,262.0,27,0.66
15083,263.0,27,0.96
15084,264.0,27,1.1
15085,265.0,27,0.84
15086,266.0,27,0.0
15087,267.0,27,0.0
15088,268.0,27,0.0
15089,269.0,27,1.6
15090,270.0,27,0.8
15091,271.0,27,0.59
15092,272.0,27,0.84
15093,273.0,27,0.96
15094,274.0,27,0.4
15095,275.0,27,0.6
15096,276.0,27,1.1
15097,277.0,27,0.53
15098,278.0,27,0.79
15099,279.0,27,0.88
15100,280.0,27,0.6
15101,281.0,27,0.0
15102,282.0,27,0.6
15103,283.0,27,1.1
15104,284.0,27,0.35
15105,285.0,27,0.4
15106,286.0,27,0.5
15107,287.0,27,0.6
15108,288.0,27,0.6
15109,289.0,27,0.0
15110,290.0,27,0.9
15111,291.0,27,0.4
15112,292.0,27,0.9
15113,293.0,27,0.58
15114,294.0,27,0.6
15115,295.0,27,0.0
15116,296.0,27,0.0
15117,297.0,27,0.0
15118,298.0,27,0.9
15119,299.0,27,0.6
15120,300.0,27,0.36
15121,301.0,27,0.0
15122,302.0,27,0.8
15123,303.0,27,0.4
15124,304.0,27,1.1
15125,305.0,27,0.6
15126,306.0,27,0.33
15127,307.0,27,0.95
15128,308.0,27,0.7
15129,309.0,27,0.8
15130,310.0,27,0.8
15131,311.0,27,0.69
15132,312.0,27,0.8
15133,313.0,27,0.33
15134,314.0,27,0.6
15135,315.0,27,0.5
15136,316.0,27,0.7
15137,317.0,27,0.55
15138,318.0,27,0.85
15139,319.0,27,13.0
15140,320.0,27,0.0
15141,321.0,27,0.99
15142,322.0,27,0.64
15143,323.0,27,0.85
15144,324.0,27,2.4
15145,325.0,27,2.5
15146,326.0,27,2.6
15147,327.0,27,2.6
15148,328.0,27,2.3
15149,329.0,27,6.8
15150,330.0,27,0.0
15151,331.0,27,6.6
15152,332.0,27,7.3
15153,333.0,27,0.64
15154,334.0,27,0.97
15155,335.0,27,1.6
15156,336.0,27,0.65
15157,337.0,27,0.0
15158,338.0,27,0.0
15159,339.0,27,0.9
15160,340.0,27,0.0
15161,341.0,27,1.0
15162,342.0,27,3.1
15163,343.0,27,4.3
15164,344.0,27,4.0
15165,345.0,27,0.0
15166,346.0,27,2.8
15167,347.0,27,2.3
15168,348.0,27,2.3
15169,349.0,27,0.36
15170,350.0,27,0.36
15171,351.0,27,2.4
15172,352.0,27,0.5
15173,353.0,27,0.35
15174,354.0,27,0.35
15175,355.0,27,0.0
15176,356.0,27,2.4
15177,357.0,27,0.28
15178,358.0,27,0.35
15179,359.0,27,0.28
15180,360.0,27,0.5
15181,361.0,27,0.32
15182,362.0,27,0.5
15183,363.0,27,0.24
15184,364.0,27,0.24
15185,365.0,27,0.66
15186,366.0,27,0.66
15187,367.0,27,0.64
15188,368.0,27,0.4
15189,369.0,27,0.75
15190,370.0,27,0.24
15191,371.0,27,0.4
15192,372.0,27,0.4
15193,373.0,27,0.41
15194,374.0,27,1.0
15195,375.0,27,0.46
15196,376.0,27,0.81
15197,377.0,27,0.15
15198,378.0,27,1.7
15199,379.0,27,0.18
15200,380.0,27,0.26
15201,381.0,27,0.15
15202,382.0,27,0.75
15203,383.0,27,0.22
15204,384.0,27,0.75
15205,385.0,27,0.22
15206,386.0,27,0.0
15207,387.0,27,0.36
15208,388.0,27,0.22
15209,389.0,27,0.8
15210,390.0,27,0.15
15211,391.0,27,0.22
15212,392.0,27,0.57
15213,393.0,27,0.0
15214,394.0,27,0.8
15215,395.0,27,0.9
15216,396.0,27,0.21
15217,397.0,27,0.22
15218,398.0,27,0.3
15219,399.0,27,0.33
15220,400.0,27,0.33
15221,401.0,27,0.0
15222,402.0,27,0.73
15223,403.0,27,0.5
15224,404.0,27,0.81
15225,405.0,27,0.5
15226,406.0,27,1.7
15227,407.0,27,0.0
15228,408.0,27,0.0
15229,409.0,27,0.0
15230,410.0,27,0.0
15231,411.0,27,0.0
15232,412.0,27,0.0
15233,413.0,27,0.0
15234,414.0,27,0.0
15235,415.0,27,0.0
15236,416.0,27,0.0
15237,417.0,27,0.0
15238,418.0,27,0.0
15239,419.0,27,0.0
15240,420.0,27,0.0
15241,421.0,27,0.0
15242,422.0,27,0.0
15243,423.0,27,0.04
15244,424.0,27,0.0
15245,425.0,27,0.11
15246,426.0,27,0.03
15247,427.0,27,0.05
15248,428.0,27,0.084
15249,429.0,27,0.051
15250,430.0,27,0.084
15251,431.0,27,0.0
15252,432.0,27,0.0
15253,433.0,27,0.0
15254,434.0,27,0.0
15255,435.0,27,0.21
15256,436.0,27,0.0
15257,437.0,27,0.0
15258,438.0,27,0.0
15259,439.0,27,0.0
15260,440.0,27,0.0
15261,441.0,27,0.0
15262,442.0,27,0.6
15263,443.0,27,0.51
15264,444.0,27,0.54
15265,445.0,27,0.0
15266,446.0,27,0.0
15267,447.0,27,0.2
15268,448.0,27,0.0
15269,449.0,27,0.16
15270,450.0,27,0.48
15271,451.0,27,0.0
15272,452.0,27,0.0
15273,453.0,27,0.0
15274,454.0,27,0.0
15275,455.0,27,0.34
15276,456.0,27,0.0
15277,457.0,27,0.0
15278,458.0,27,0.0
15279,459.0,27,0.0
15280,460.0,27,1.8
15281,461.0,27,0.0
15282,462.0,27,0.0
15283,463.0,27,0.0
15284,464.0,27,0.0
15285,465.0,27,0.0
15286,466.0,27,0.0
15287,467.0,27,0.0
15288,468.0,27,0.8
15289,469.0,27,0.0
15290,470.0,27,0.035
15291,471.0,27,0.0
15292,472.0,27,0.0
15293,473.0,27,0.0
15294,474.0,27,0.0
15295,475.0,27,0.5
15296,476.0,27,0.0
15297,477.0,27,0.2
15298,478.0,27,0.46
15299,479.0,27,0.46
15300,480.0,27,0.34
15301,481.0,27,0.051
15302,482.0,27,0.0
15303,483.0,27,0.3
15304,484.0,27,0.32
15305,485.0,27,0.33
15306,486.0,27,0.0
15307,487.0,27,0.0
15308,488.0,27,0.0
15309,489.0,27,0.3
15310,490.0,27,0.32
15311,491.0,27,0.0
15312,492.0,27,0.0
15313,493.0,27,99.8
15314,494.0,27,97.6
15315,495.0,27,99.8
15316,496.0,27,46.6
15317,497.0,27,64.0
15318,498.0,27,74.1
15319,499.0,27,75.1
15320,500.0,27,0.9
15321,501.0,27,74.3
15322,502.0,27,44.9
15323,503.0,27,58.8
15324,504.0,27,54.1
15325,505.0,27,51.5
15326,506.0,27,65.7
15327,507.0,27,43.2
15328,508.0,27,56.0
15329,509.0,27,0.0
15330,510.0,27,0.0
15331,511.0,27,0.35
15332,512.0,27,0.0
15333,513.0,27,0.49
15334,514.0,27,0.49
15335,515.0,27,0.49
15336,516.0,27,0.17
15337,517.0,27,0.49
15338,518.0,27,0.0
15339,519.0,27,0.01
15340,520.0,27,0.01
15341,521.0,27,0.01
15342,522.0,27,0.4
15343,523.0,27,0.49
15344,524.0,27,0.0
15345,525.0,27,0.0
15346,526.0,27,0.0
15347,527.0,27,0.0
15348,528.0,27,0.0
15349,529.0,27,0.0
15350,530.0,27,0.0
15351,531.0,27,0.0
15352,532.0,27,0.0
15353,533.0,27,0.0
15354,534.0,27,0.0
15355,535.0,27,0.0
15356,536.0,27,0.0
15357,537.0,27,0.0
15358,538.0,27,0.0
15359,539.0,27,0.0
15360,540.0,27,0.0
15361,541.0,27,0.0
15362,542.0,27,0.0
15363,543.0,27,0.42
15364,544.0,27,0.0
15365,545.0,27,0.23
15366,546.0,27,0.097
15367,547.0,27,0.0088
15368,548.0,27,0.23
15369,549.0,27,0.097
15370,550.0,27,1.3
15371,551.0,27,0.0
15372,552.0,27,0.0
15373,553.0,27,0.0
15374,554.0,27,0.0
15375,555.0,27,0.0
15376,556.0,27,0.0
15377,557.0,27,0.18
15378,558.0,27,0.0
15379,559.0,27,0.0
15380,560.0,27,0.13
15381,561.0,27,0.0
15382,562.0,27,0.0
15383,563.0,27,0.055
15384,564.0,27,0.05
15385,565.0,27,0.07
15386,566.0,27,0.15
15387,567.0,27,0.2
15388,568.0,27,0.49
15389,569.0,27,0.23
15390,570.0,27,0.27
15391,1.0,28,0.0
15392,2.0,28,3.0
15393,3.0,28,3.0
15394,4.0,28,12.0
15395,5.0,28,13.0
15396,6.0,28,0.0
15397,7.0,28,0.0
15398,8.0,28,0.0
15399,9.0,28,0.0
15400,10.0,28,0.0
15401,11.0,28,6.6
15402,12.0,28,1.1
15403,13.0,28,7.0
15404,14.0,28,0.0
15405,15.0,28,0.0
15406,16.0,28,0.0
15407,17.0,28,0.0
15408,18.0,28,0.0
15409,19.0,28,0.0
15410,20.0,28,0.0
15411,21.0,28,4.5
15412,22.0,28,1.0
15413,23.0,28,0.0
15414,24.0,28,1.0
15415,25.0,28,1.0
15416,26.0,28,0.0
15417,27.0,28,0.0
15418,28.0,28,0.0
15419,29.0,28,0.0
15420,30.0,28,0.0
15421,31.0,28,0.0
15422,32.0,28,3.5
15423,33.0,28,7.0
15424,34.0,28,0.0
15425,35.0,28,1.0
15426,36.0,28,0.0
15427,37.0,28,0.0
15428,38.0,28,0.0
15429,39.0,28,0.0
15430,40.0,28,0.0
15431,41.0,28,1.0
15432,42.0,28,0.0
15433,43.0,28,0.0
15434,44.0,28,0.0
15435,45.0,28,0.0
15436,46.0,28,0.0
15437,47.0,28,0.0
15438,48.0,28,0.0
15439,49.0,28,0.0
15440,50.0,28,0.0
15441,51.0,28,0.0
15442,52.0,28,0.0
15443,53.0,28,0.0
15444,54.0,28,0.0
15445,55.0,28,0.0
15446,56.0,28,0.0
15447,57.0,28,0.0
15448,58.0,28,0.0
15449,59.0,28,0.0
15450,60.0,28,0.0
15451,61.0,28,0.0
15452,62.0,28,0.0
15453,63.0,28,0.0
15454,64.0,28,0.0
15455,65.0,28,0.0
15456,66.0,28,0.0
15457,67.0,28,0.0
15458,68.0,28,60.0
15459,69.0,28,8.4
15460,70.0,28,16.0
15461,71.0,28,4.3
15462,72.0,28,0.0
15463,73.0,28,0.0
15464,74.0,28,2.0
15465,75.0,28,0.4
15466,76.0,28,0.0
15467,77.0,28,0.0
15468,78.0,28,0.0
15469,79.0,28,0.0
15470,80.0,28,5.0
15471,81.0,28,0.0
15472,82.0,28,0.1
15473,83.0,28,0.4
15474,84.0,28,0.0
15475,85.0,28,1.7
15476,86.0,28,0.1
15477,87.0,28,0.0
15478,88.0,28,0.0
15479,89.0,28,0.0
15480,90.0,28,0.0
15481,91.0,28,0.0
15482,92.0,28,0.0
15483,93.0,28,1.0
15484,94.0,28,0.0
15485,95.0,28,0.0
15486,96.0,28,0.0
15487,97.0,28,0.1
15488,98.0,28,0.0
15489,99.0,28,0.4
15490,100.0,28,0.0
15491,101.0,28,0.5
15492,102.0,28,0.0
15493,103.0,28,0.4
15494,104.0,28,3.5
15495,105.0,28,0.0
15496,106.0,28,0.0
15497,107.0,28,0.0
15498,108.0,28,3.1
15499,109.0,28,0.4
15500,110.0,28,0.5
15501,111.0,28,1.5
15502,112.0,28,0.0
15503,113.0,28,6.9
15504,114.0,28,5.3
15505,115.0,28,0.0
15506,116.0,28,7.0
15507,117.0,28,1.9
15508,118.0,28,2.0
15509,119.0,28,0.0
15510,120.0,28,0.9
15511,121.0,28,0.0
15512,122.0,28,0.0
15513,123.0,28,1.6
15514,124.0,28,0.1
15515,125.0,28,1.5
15516,126.0,28,0.0
15517,127.0,28,0.0
15518,128.0,28,2.5
15519,129.0,28,0.0
15520,130.0,28,0.0
15521,131.0,28,94.0
15522,132.0,28,0.0
15523,133.0,28,0.0
15524,134.0,28,0.0
15525,135.0,28,0.0
15526,136.0,28,0.0
15527,137.0,28,0.0
15528,138.0,28,0.0
15529,139.0,28,0.0
15530,140.0,28,0.0
15531,141.0,28,0.0
15532,142.0,28,0.99
15533,143.0,28,0.0
15534,144.0,28,0.0
15535,145.0,28,0.0
15536,146.0,28,0.0
15537,147.0,28,2.0
15538,148.0,28,10.0
15539,149.0,28,0.0
15540,150.0,28,1.1
15541,151.0,28,0.0
15542,152.0,28,0.0
15543,153.0,28,0.4
15544,154.0,28,0.0
15545,155.0,28,0.1
15546,156.0,28,0.0
15547,157.0,28,1.9
15548,,28,4.0
15549,159.0,28,0.0
15550,160.0,28,2.4
15551,161.0,28,2.6
15552,162.0,28,0.0
15553,163.0,28,0.0
15554,164.0,28,0.0
15555,165.0,28,0.0
15556,166.0,28,0.5
15557,167.0,28,0.0
15558,168.0,28,0.45
15559,169.0,28,1.2
15560,170.0,28,0.0
15561,171.0,28,1.9
15562,172.0,28,0.0
15563,173.0,28,0.0
15564,174.0,28,0.4
15565,175.0,28,1.0
15566,176.0,28,0.2
15567,177.0,28,0.0
15568,178.0,28,0.0
15569,179.0,28,0.1
15570,180.0,28,0.3
15571,181.0,28,2.6
15572,182.0,28,0.0
15573,183.0,28,0.35
15574,184.0,28,1.0
15575,185.0,28,0.0
15576,186.0,28,0.0
15577,187.0,28,0.0
15578,188.0,28,64.0
15579,189.0,28,76.0
15580,190.0,28,76.0
15581,191.0,28,3.4
15582,192.0,28,107.0
15583,193.0,28,3.4
15584,194.0,28,1.5
15585,195.0,28,0.0
15586,196.0,28,0.0
15587,197.0,28,19.0
15588,198.0,28,19.0
15589,199.0,28,0.0
15590,200.0,28,0.0
15591,201.0,28,0.0
15592,202.0,28,0.0
15593,203.0,28,0.0
15594,204.0,28,1.0
15595,205.0,28,1.0
15596,206.0,28,6.3
15597,207.0,28,3.9
15598,208.0,28,5.2
15599,209.0,28,3.9
15600,210.0,28,2.5
15601,211.0,28,1.5
15602,212.0,28,3.5
15603,213.0,28,3.5
15604,214.0,28,1.5
15605,215.0,28,3.9
15606,216.0,28,24.0
15607,217.0,28,0.0
15608,218.0,28,3.5
15609,219.0,28,4.0
15610,220.0,28,3.5
15611,221.0,28,3.4
15612,222.0,28,3.0
15613,223.0,28,3.0
15614,224.0,28,1.9
15615,225.0,28,3.0
15616,226.0,28,0.0
15617,227.0,28,0.0
15618,228.0,28,0.0
15619,229.0,28,0.0
15620,230.0,28,0.0
15621,231.0,28,0.0
15622,232.0,28,3.0
15623,233.0,28,2.0
15624,234.0,28,0.0
15625,235.0,28,0.0
15626,237.0,28,3.0
15627,237.0,28,3.0
15628,238.0,28,0.0
15629,239.0,28,0.0
15630,240.0,28,0.0
15631,241.0,28,0.0
15632,242.0,28,2.3
15633,243.0,28,2.2
15634,244.0,28,2.9
15635,245.0,28,0.0
15636,246.0,28,2.9
15637,247.0,28,0.0
15638,248.0,28,2.0
15639,249.0,28,0.0
15640,250.0,28,0.0
15641,251.0,28,0.0
15642,252.0,28,0.0
15643,253.0,28,0.0
15644,254.0,28,2.6
15645,255.0,28,0.0
15646,256.0,28,0.0
15647,257.0,28,7.0
15648,258.0,28,0.0
15649,259.0,28,0.0
15650,260.0,28,0.0
15651,261.0,28,0.0
15652,262.0,28,0.0
15653,263.0,28,0.0
15654,264.0,28,0.0
15655,265.0,28,0.0
15656,266.0,28,0.0
15657,267.0,28,0.0
15658,268.0,28,0.0
15659,269.0,28,0.0
15660,270.0,28,2.0
15661,271.0,28,0.0
15662,272.0,28,0.0
15663,273.0,28,2.0
15664,274.0,28,1.0
15665,275.0,28,0.0
15666,276.0,28,3.0
15667,277.0,28,5.5
15668,278.0,28,0.0
15669,279.0,28,0.0
15670,280.0,28,0.0
15671,281.0,28,0.0
15672,282.0,28,0.0
15673,283.0,28,0.0
15674,284.0,28,0.0
15675,285.0,28,1.0
15676,286.0,28,1.0
15677,287.0,28,1.0
15678,288.0,28,2.0
15679,289.0,28,0.0
15680,290.0,28,0.0
15681,291.0,28,2.0
15682,292.0,28,0.0
15683,293.0,28,0.0
15684,294.0,28,1.0
15685,295.0,28,0.0
15686,296.0,28,0.0
15687,297.0,28,0.0
15688,298.0,28,0.0
15689,299.0,28,0.0
15690,300.0,28,0.0
15691,301.0,28,0.0
15692,302.0,28,3.0
15693,303.0,28,0.0
15694,304.0,28,0.0
15695,305.0,28,0.0
15696,306.0,28,0.0
15697,307.0,28,1.2
15698,308.0,28,0.9
15699,309.0,28,1.0
15700,310.0,28,0.0
15701,311.0,28,0.9
15702,312.0,28,1.0
15703,313.0,28,0.0
15704,314.0,28,0.0
15705,315.0,28,0.0
15706,316.0,28,0.0
15707,317.0,28,0.0
15708,318.0,28,0.0
15709,319.0,28,0.0
15710,320.0,28,0.0
15711,321.0,28,0.0
15712,322.0,28,0.0
15713,323.0,28,0.0
15714,324.0,28,0.0
15715,325.0,28,0.0
15716,326.0,28,0.0
15717,327.0,28,0.0
15718,328.0,28,0.0
15719,329.0,28,27.0
15720,330.0,28,0.0
15721,331.0,28,210.0
15722,332.0,28,100.0
15723,333.0,28,0.0
15724,334.0,28,1.0
15725,335.0,28,0.0
15726,336.0,28,0.0
15727,337.0,28,3.0
15728,338.0,28,0.0
15729,339.0,28,0.0
15730,340.0,28,0.0
15731,341.0,28,0.0
15732,342.0,28,32.0
15733,343.0,28,37.0
15734,344.0,28,80.0
15735,345.0,28,0.0
15736,346.0,28,0.0
15737,347.0,28,0.0
15738,348.0,28,6.1
15739,349.0,28,0.0
15740,350.0,28,0.0
15741,351.0,28,4.5
15742,352.0,28,0.0
15743,353.0,28,0.0
15744,354.0,28,0.0
15745,355.0,28,0.0
15746,356.0,28,0.0
15747,357.0,28,0.0
15748,358.0,28,0.0
15749,359.0,28,0.0
15750,360.0,28,0.0
15751,361.0,28,10.0
15752,362.0,28,0.0
15753,363.0,28,0.0
15754,364.0,28,0.0
15755,365.0,28,0.0
15756,366.0,28,0.0
15757,367.0,28,0.0
15758,368.0,28,4.3
15759,369.0,28,0.0
15760,370.0,28,0.0
15761,371.0,28,0.0
15762,372.0,28,0.0
15763,373.0,28,0.0
15764,374.0,28,7.4
15765,375.0,28,0.0
15766,376.0,28,0.0
15767,377.0,28,0.0
15768,378.0,28,4.5
15769,379.0,28,0.0
15770,380.0,28,2.2
15771,381.0,28,0.0
15772,382.0,28,0.0
15773,383.0,28,0.0
15774,384.0,28,0.0
15775,385.0,28,0.0
15776,386.0,28,0.0
15777,387.0,28,0.0
15778,388.0,28,0.0
15779,389.0,28,0.0
15780,390.0,28,0.0
15781,391.0,28,0.0
15782,392.0,28,0.0
15783,393.0,28,0.0
15784,394.0,28,0.0
15785,395.0,28,0.0
15786,396.0,28,0.0
15787,397.0,28,2.1
15788,398.0,28,2.0
15789,399.0,28,0.0
15790,400.0,28,0.0
15791,401.0,28,0.0
15792,402.0,28,5.0
15793,403.0,28,5.0
15794,404.0,28,0.0
15795,405.0,28,5.0
15796,406.0,28,0.0
15797,407.0,28,0.0
15798,408.0,28,0.0
15799,409.0,28,0.0
15800,410.0,28,0.0
15801,411.0,28,0.0
15802,412.0,28,0.0
15803,413.0,28,0.0
15804,414.0,28,0.0
15805,415.0,28,0.0
15806,416.0,28,0.0
15807,417.0,28,0.0
15808,418.0,28,0.0
15809,419.0,28,0.0
15810,420.0,28,0.0
15811,421.0,28,0.0
15812,422.0,28,0.0
15813,423.0,28,0.0
15814,424.0,28,0.0
15815,425.0,28,0.0
15816,426.0,28,0.0
15817,427.0,28,0.0
15818,428.0,28,0.0
15819,429.0,28,0.0
15820,430.0,28,0.0
15821,431.0,28,0.0
15822,432.0,28,0.0
15823,433.0,28,0.0
15824,434.0,28,0.0
15825,435.0,28,0.0
15826,436.0,28,0.0
15827,437.0,28,0.0
15828,438.0,28,0.0
15829,439.0,28,0.0
15830,440.0,28,0.0
15831,441.0,28,0.0
15832,442.0,28,0.0
15833,443.0,28,0.0
15834,444.0,28,0.0
15835,445.0,28,0.0
15836,446.0,28,0.0
15837,447.0,28,0.0
15838,448.0,28,0.0
15839,449.0,28,0.0
15840,450.0,28,0.0
15841,451.0,28,0.0
15842,452.0,28,0.0
15843,453.0,28,0.0
15844,454.0,28,0.0
15845,455.0,28,0.0
15846,456.0,28,0.0
15847,457.0,28,0.0
15848,458.0,28,0.0
15849,459.0,28,0.4
15850,460.0,28,0.0
15851,461.0,28,0.0
15852,462.0,28,0.0
15853,463.0,28,0.0
15854,464.0,28,0.0
15855,465.0,28,0.0
15856,466.0,28,0.0
15857,467.0,28,0.0
15858,468.0,28,0.0
15859,469.0,28,0.0
15860,470.0,28,0.0
15861,471.0,28,0.0
15862,472.0,28,0.0
15863,473.0,28,0.0
15864,474.0,28,0.0
15865,475.0,28,0.0
15866,476.0,28,0.0
15867,477.0,28,0.0
15868,478.0,28,0.0
15869,479.0,28,0.0
15870,480.0,28,0.0
15871,481.0,28,0.0
15872,482.0,28,0.0
15873,483.0,28,0.0
15874,484.0,28,2.1
15875,485.0,28,1.0
15876,486.0,28,0.0
15877,487.0,28,0.0
15878,488.0,28,0.0
15879,489.0,28,0.0
15880,490.0,28,0.0
15881,491.0,28,0.0
15882,492.0,28,0.0
15883,493.0,28,99.8
15884,494.0,28,97.6
15885,495.0,28,99.8
15886,496.0,28,46.6
15887,497.0,28,64.0
15888,498.0,28,74.1
15889,499.0,28,75.1
15890,500.0,28,0.0
15891,501.0,28,73.4
15892,502.0,28,44.0
15893,503.0,28,58.8
15894,504.0,28,54.1
15895,505.0,28,51.5
15896,506.0,28,65.7
15897,507.0,28,43.2
15898,508.0,28,51.5
15899,509.0,28,0.0
15900,510.0,28,0.0
15901,511.0,28,2.0
15902,512.0,28,0.0
15903,513.0,28,0.0
15904,514.0,28,0.0
15905,515.0,28,0.0
15906,516.0,28,0.0
15907,517.0,28,2.0
15908,518.0,28,0.0
15909,519.0,28,0.0
15910,520.0,28,0.0
15911,521.0,28,0.0
15912,522.0,28,2.8
15913,523.0,28,0.0
15914,524.0,28,0.0
15915,525.0,28,0.0
15916,526.0,28,0.0
15917,527.0,28,0.0
15918,528.0,28,0.0
15919,529.0,28,0.0
15920,530.0,28,0.0
15921,531.0,28,0.0
15922,532.0,28,0.0
15923,533.0,28,0.0
15924,534.0,28,0.0
15925,535.0,28,0.0
15926,536.0,28,0.0
15927,537.0,28,0.0
15928,538.0,28,0.0
15929,539.0,28,0.0
15930,540.0,28,0.0
15931,541.0,28,0.0
15932,542.0,28,0.0
15933,543.0,28,4.8
15934,544.0,28,0.0
15935,545.0,28,0.0
15936,546.0,28,0.0
15937,547.0,28,0.0
15938,548.0,28,0.0
15939,549.0,28,0.0
15940,550.0,28,0.0
15941,551.0,28,0.0
15942,552.0,28,0.0
15943,553.0,28,0.0
15944,554.0,28,0.0
15945,555.0,28,0.0
15946,556.0,28,0.0
15947,557.0,28,0.0
15948,558.0,28,0.0
15949,559.0,28,0.0
15950,560.0,28,1.0
15951,561.0,28,0.0
15952,562.0,28,0.0
15953,563.0,28,1.0
15954,564.0,28,0.0
15955,565.0,28,0.0
15956,566.0,28,0.52
15957,567.0,28,1.5
15958,568.0,28,1.2
15959,569.0,28,0.0
15960,570.0,28,0.0
15961,1.0,29,0.0
15962,2.0,29,20.0
15963,3.0,29,0.0
15964,4.0,29,0.0
15965,5.0,29,0.0
15966,6.0,29,0.0
15967,7.0,29,0.0
15968,8.0,29,0.0
15969,9.0,29,0.0
15970,10.0,29,0.0
15971,11.0,29,0.0
15972,12.0,29,0.0
15973,13.0,29,0.0
15974,14.0,29,0.0
15975,15.0,29,1.0
15976,16.0,29,0.0
15977,17.0,29,7.0
15978,18.0,29,0.0
15979,19.0,29,0.0
15980,20.0,29,0.0
15981,21.0,29,0.0
15982,22.0,29,0.0
15983,23.0,29,0.0
15984,24.0,29,0.0
15985,25.0,29,0.0
15986,26.0,29,0.0
15987,27.0,29,0.0
15988,28.0,29,0.2
15989,29.0,29,0.4
15990,30.0,29,0.0
15991,31.0,29,0.0
15992,32.0,29,0.0
15993,33.0,29,0.0
15994,34.0,29,0.0
15995,35.0,29,0.0
15996,36.0,29,0.0
15997,37.0,29,0.0
15998,38.0,29,0.0
15999,39.0,29,0.0
16000,40.0,29,0.0
16001,41.0,29,0.0
16002,42.0,29,0.0
16003,43.0,29,0.0
16004,44.0,29,0.0
16005,45.0,29,2.0
16006,46.0,29,2.0
16007,47.0,29,0.47
16008,48.0,29,0.0
16009,49.0,29,1.0
16010,50.0,29,0.0
16011,51.0,29,4.5
16012,52.0,29,0.0
16013,53.0,29,0.0
16014,54.0,29,16.5
16015,55.0,29,0.0
16016,56.0,29,0.0
16017,57.0,29,0.0
16018,58.0,29,0.0
16019,59.0,29,1.0
16020,60.0,29,0.0
16021,61.0,29,4.8
16022,62.0,29,4.1
16023,63.0,29,4.0
16024,64.0,29,0.2
16025,65.0,29,2.5
16026,66.0,29,4.5
16027,67.0,29,3.4
16028,68.0,29,3.0
16029,69.0,29,1.7
16030,70.0,29,4.0
16031,71.0,29,25.0
16032,72.0,29,3.8
16033,73.0,29,0.0
16034,74.0,29,20.0
16035,75.0,29,17.0
16036,76.0,29,29.0
16037,77.0,29,10.0
16038,78.0,29,0.0
16039,79.0,29,21.0
16040,80.0,29,6.5
16041,81.0,29,5.3
16042,82.0,29,8.5
16043,83.0,29,12.0
16044,84.0,29,9.8
16045,85.0,29,6.8
16046,86.0,29,9.6
16047,87.0,29,1.0
16048,88.0,29,4.3
16049,89.0,29,7.0
16050,90.0,29,81.0
16051,91.0,29,81.0
16052,92.0,29,81.0
16053,93.0,29,7.0
16054,94.0,29,18.9
16055,95.0,29,14.0
16056,96.0,29,7.6
16057,97.0,29,7.0
16058,98.0,29,5.9
16059,99.0,29,96.0
16060,100.0,29,35.0
16061,101.0,29,100.0
16062,102.0,29,13.8
16063,103.0,29,12.0
16064,104.0,29,6.9
16065,105.0,29,225.0
16066,106.0,29,120.0
16067,107.0,29,17.0
16068,108.0,29,48.0
16069,109.0,29,112.0
16070,110.0,29,105.0
16071,111.0,29,58.8
16072,112.0,29,10.0
16073,113.0,29,40.0
16074,114.0,29,21.9
16075,115.0,29,24.0
16076,116.0,29,23.4
16077,117.0,29,13.0
16078,118.0,29,57.0
16079,119.0,29,9.3
16080,120.0,29,7.0
16081,121.0,29,139.0
16082,122.0,29,107.0
16083,123.0,29,26.0
16084,124.0,29,49.0
16085,125.0,29,26.6
16086,126.0,29,28.0
16087,127.0,29,3.8
16088,128.0,29,15.0
16089,129.0,29,3.8
16090,130.0,29,0.0
16091,131.0,29,0.0
16092,132.0,29,0.0
16093,133.0,29,8.8
16094,134.0,29,5.7
16095,135.0,29,19.6
16096,136.0,29,20.0
16097,137.0,29,2.7
16098,138.0,29,49.2
16099,139.0,29,49.2
16100,140.0,29,0.0
16101,141.0,29,4.0
16102,142.0,29,17.8
16103,143.0,29,1.0
16104,144.0,29,2.0
16105,145.0,29,1.0
16106,146.0,29,3.0
16107,147.0,29,1.0
16108,148.0,29,6.0
16109,149.0,29,6.0
16110,150.0,29,22.0
16111,151.0,29,16.0
16112,152.0,29,23.0
16113,153.0,29,15.0
16114,154.0,29,14.2
16115,155.0,29,5.4
16116,156.0,29,2.0
16117,157.0,29,25.0
16118,,29,54.9
16119,159.0,29,7.0
16120,160.0,29,177.0
16121,161.0,29,36.0
16122,162.0,29,273.0
16123,163.0,29,2.7
16124,164.0,29,43.1
16125,165.0,29,44.0
16126,166.0,29,51.0
16127,167.0,29,39.0
16128,168.0,29,32.0
16129,169.0,29,12.4
16130,170.0,29,24.0
16131,171.0,29,8.9
16132,172.0,29,32.1
16133,173.0,29,13.0
16134,174.0,29,17.0
16135,175.0,29,50.6
16136,176.0,29,37.0
16137,177.0,29,4.0
16138,178.0,29,80.0
16139,179.0,29,5.2
16140,180.0,29,15.0
16141,181.0,29,11.5
16142,182.0,29,18.4
16143,183.0,29,36.0
16144,184.0,29,6.3
16145,185.0,29,3.5
16146,186.0,29,3.0
16147,187.0,29,4.0
16148,188.0,29,0.0
16149,189.0,29,3.0
16150,190.0,29,3.0
16151,191.0,29,0.0
16152,192.0,29,0.0
16153,193.0,29,0.0
16154,194.0,29,17.2
16155,195.0,29,1.2
16156,196.0,29,0.0
16157,197.0,29,2.6
16158,198.0,29,2.6
16159,199.0,29,1.4
16160,200.0,29,1.4
16161,201.0,29,1.8
16162,202.0,29,7.0
16163,203.0,29,0.0
16164,204.0,29,24.8
16165,205.0,29,39.0
16166,206.0,29,2.1
16167,207.0,29,4.0
16168,208.0,29,5.0
16169,209.0,29,2.0
16170,210.0,29,4.3
16171,211.0,29,1.7
16172,212.0,29,1.4
16173,213.0,29,0.52
16174,214.0,29,1.7
16175,215.0,29,4.0
16176,216.0,29,11.0
16177,217.0,29,4.0
16178,218.0,29,1.4
16179,219.0,29,1.0
16180,220.0,29,0.52
16181,221.0,29,1.0
16182,222.0,29,0.0
16183,223.0,29,0.0
16184,224.0,29,0.0
16185,225.0,29,0.0
16186,226.0,29,0.0
16187,227.0,29,0.0
16188,228.0,29,0.0
16189,229.0,29,0.0
16190,230.0,29,0.0
16191,231.0,29,0.0
16192,232.0,29,0.0
16193,233.0,29,0.0
16194,234.0,29,0.0
16195,235.0,29,0.0
16196,237.0,29,0.0
16197,237.0,29,0.0
16198,238.0,29,0.7
16199,239.0,29,0.0
16200,240.0,29,17.6
16201,241.0,29,3.0
16202,242.0,29,0.0
16203,243.0,29,1.0
16204,244.0,29,1.6
16205,245.0,29,4.0
16206,246.0,29,1.6
16207,247.0,29,0.55
16208,248.0,29,0.7
16209,249.0,29,0.94
16210,250.0,29,0.7
16211,251.0,29,0.0
16212,252.0,29,0.0
16213,253.0,29,0.0
16214,254.0,29,0.7
16215,255.0,29,0.7
16216,256.0,29,0.0
16217,257.0,29,0.3
16218,258.0,29,0.0
16219,259.0,29,0.0
16220,260.0,29,0.0
16221,261.0,29,0.7
16222,262.0,29,6.1
16223,263.0,29,2.0
16224,264.0,29,0.0
16225,265.0,29,1.7
16226,266.0,29,7.2
16227,267.0,29,4.2
16228,268.0,29,5.2
16229,269.0,29,0.0
16230,270.0,29,0.0
16231,271.0,29,0.0
16232,272.0,29,4.6
16233,273.0,29,2.5
16234,274.0,29,0.0
16235,275.0,29,0.0
16236,276.0,29,0.0
16237,277.0,29,0.0
16238,278.0,29,0.0
16239,279.0,29,5.1
16240,280.0,29,0.0
16241,281.0,29,0.0
16242,282.0,29,0.0
16243,283.0,29,0.0
16244,284.0,29,0.0
16245,285.0,29,0.0
16246,286.0,29,0.0
16247,287.0,29,0.0
16248,288.0,29,0.0
16249,289.0,29,0.0
16250,290.0,29,0.0
16251,291.0,29,0.0
16252,292.0,29,0.0
16253,293.0,29,0.0
16254,294.0,29,0.0
16255,295.0,29,0.0
16256,296.0,29,0.0
16257,297.0,29,0.0
16258,298.0,29,0.0
16259,299.0,29,0.0
16260,300.0,29,0.0
16261,301.0,29,0.0
16262,302.0,29,0.0
16263,303.0,29,0.0
16264,304.0,29,0.0
16265,305.0,29,0.0
16266,306.0,29,0.0
16267,307.0,29,0.0
16268,308.0,29,0.0
16269,309.0,29,0.0
16270,310.0,29,0.0
16271,311.0,29,0.0
16272,312.0,29,0.0
16273,313.0,29,0.0
16274,314.0,29,0.0
16275,315.0,29,0.0
16276,316.0,29,0.0
16277,317.0,29,0.0
16278,318.0,29,0.0
16279,319.0,29,0.0
16280,320.0,29,0.0
16281,321.0,29,0.0
16282,322.0,29,0.0
16283,323.0,29,0.0
16284,324.0,29,3.4
16285,325.0,29,5.3
16286,326.0,29,5.0
16287,327.0,29,6.0
16288,328.0,29,6.0
16289,329.0,29,23.0
16290,330.0,29,15.0
16291,331.0,29,28.0
16292,332.0,29,32.0
16293,333.0,29,4.4
16294,334.0,29,7.0
16295,335.0,29,5.0
16296,336.0,29,3.1
16297,337.0,29,18.0
16298,338.0,29,0.0
16299,339.0,29,12.3
16300,340.0,29,31.0
16301,341.0,29,38.5
16302,342.0,29,16.0
16303,343.0,29,7.0
16304,344.0,29,13.0
16305,345.0,29,0.0
16306,346.0,29,18.0
16307,347.0,29,18.0
16308,348.0,29,23.0
16309,349.0,29,0.0
16310,350.0,29,0.0
16311,351.0,29,3.0
16312,352.0,29,0.0
16313,353.0,29,0.0
16314,354.0,29,0.0
16315,355.0,29,0.0
16316,356.0,29,0.0
16317,357.0,29,0.0
16318,358.0,29,0.0
16319,359.0,29,0.0
16320,360.0,29,3.2
16321,361.0,29,0.0
16322,362.0,29,0.0
16323,363.0,29,1.8
16324,364.0,29,0.0
16325,365.0,29,0.0
16326,366.0,29,0.0
16327,367.0,29,0.0
16328,368.0,29,0.0
16329,369.0,29,1.0
16330,370.0,29,0.0
16331,371.0,29,0.0
16332,372.0,29,0.0
16333,373.0,29,1.0
16334,374.0,29,0.0
16335,375.0,29,0.0
16336,376.0,29,0.0
16337,377.0,29,0.0
16338,378.0,29,0.0
16339,379.0,29,0.0
16340,380.0,29,2.0
16341,381.0,29,0.0
16342,382.0,29,0.0
16343,383.0,29,0.0
16344,384.0,29,0.0
16345,385.0,29,0.0
16346,386.0,29,0.0
16347,387.0,29,0.8
16348,388.0,29,0.0
16349,389.0,29,1.5
16350,390.0,29,0.0
16351,391.0,29,0.0
16352,392.0,29,0.0
16353,393.0,29,0.0
16354,394.0,29,0.0
16355,395.0,29,0.0
16356,396.0,29,0.0
16357,397.0,29,0.0
16358,398.0,29,0.0
16359,399.0,29,0.0
16360,400.0,29,0.0
16361,401.0,29,0.0
16362,402.0,29,0.29
16363,403.0,29,0.0
16364,404.0,29,0.0
16365,405.0,29,0.0
16366,406.0,29,0.1
16367,407.0,29,0.0
16368,408.0,29,0.0
16369,409.0,29,0.0
16370,410.0,29,0.0
16371,411.0,29,0.0
16372,412.0,29,0.0
16373,413.0,29,0.0
16374,414.0,29,0.0
16375,415.0,29,0.0
16376,416.0,29,0.0
16377,417.0,29,0.0
16378,418.0,29,0.0
16379,419.0,29,0.0
16380,420.0,29,0.0
16381,421.0,29,0.0
16382,422.0,29,0.0
16383,423.0,29,0.0
16384,424.0,29,0.0
16385,425.0,29,0.0
16386,426.0,29,0.0
16387,427.0,29,0.1
16388,428.0,29,0.2
16389,429.0,29,0.1
16390,430.0,29,0.2
16391,431.0,29,0.0
16392,432.0,29,0.0
16393,433.0,29,0.0
16394,434.0,29,1.2
16395,435.0,29,18.0
16396,436.0,29,61.2
16397,437.0,29,80.8
16398,438.0,29,28.5
16399,439.0,29,21.0
16400,440.0,29,75.0
16401,441.0,29,60.0
16402,442.0,29,27.0
16403,443.0,29,0.2
16404,444.0,29,0.7
16405,445.0,29,50.0
16406,446.0,29,0.0
16407,447.0,29,144.0
16408,448.0,29,8.0
16409,449.0,29,0.5
16410,450.0,29,0.7
16411,451.0,29,46.5
16412,452.0,29,0.0
16413,453.0,29,0.0
16414,454.0,29,51.4
16415,455.0,29,31.8
16416,456.0,29,3.0
16417,457.0,29,45.0
16418,458.0,29,50.0
16419,459.0,29,161.0
16420,460.0,29,0.0
16421,461.0,29,0.0
16422,462.0,29,0.0
16423,463.0,29,0.0
16424,464.0,29,0.0
16425,465.0,29,0.0
16426,466.0,29,0.0
16427,467.0,29,0.0
16428,468.0,29,21.0
16429,469.0,29,0.0
16430,470.0,29,0.0
16431,471.0,29,0.0
16432,472.0,29,0.0
16433,473.0,29,0.0
16434,474.0,29,0.0
16435,475.0,29,0.0
16436,476.0,29,0.0
16437,477.0,29,15.0
16438,478.0,29,0.0
16439,479.0,29,0.0
16440,480.0,29,52.5
16441,481.0,29,0.0
16442,482.0,29,0.0
16443,483.0,29,7.0
16444,484.0,29,0.0
16445,485.0,29,4.0
16446,486.0,29,4.4
16447,487.0,29,0.0
16448,488.0,29,0.3
16449,489.0,29,1.0
16450,490.0,29,0.0
16451,491.0,29,6.0
16452,492.0,29,13.0
16453,493.0,29,0.0
16454,494.0,29,0.0
16455,495.0,29,0.0
16456,496.0,29,0.0
16457,497.0,29,0.0
16458,498.0,29,0.0
16459,499.0,29,0.0
16460,500.0,29,29.5
16461,501.0,29,3.5
16462,502.0,29,6.4
16463,503.0,29,0.8
16464,504.0,29,0.8
16465,505.0,29,1.4
16466,506.0,29,5.8
16467,507.0,29,15.0
16468,508.0,29,1.1
16469,509.0,29,1.2
16470,510.0,29,2.6
16471,511.0,29,2.0
16472,512.0,29,0.0
16473,513.0,29,0.0
16474,514.0,29,0.0
16475,515.0,29,0.0
16476,516.0,29,0.0
16477,517.0,29,0.0
16478,518.0,29,0.0
16479,519.0,29,0.0
16480,520.0,29,0.0
16481,521.0,29,0.0
16482,522.0,29,0.0
16483,523.0,29,0.0
16484,524.0,29,10.0
16485,525.0,29,0.0
16486,526.0,29,0.0
16487,527.0,29,0.0
16488,528.0,29,0.0
16489,529.0,29,0.0
16490,530.0,29,0.0
16491,531.0,29,0.0
16492,532.0,29,44.0
16493,533.0,29,0.0
16494,534.0,29,0.0
16495,535.0,29,0.0
16496,536.0,29,0.0
16497,537.0,29,0.0
16498,538.0,29,0.0
16499,539.0,29,0.0
16500,540.0,29,1.0
16501,541.0,29,0.0
16502,542.0,29,0.0
16503,543.0,29,5.0
16504,544.0,29,0.0
16505,545.0,29,0.0
16506,546.0,29,0.0
16507,547.0,29,0.0
16508,548.0,29,0.0
16509,549.0,29,0.0
16510,550.0,29,0.0
16511,551.0,29,2.4
16512,552.0,29,0.0
16513,553.0,29,0.0
16514,554.0,29,0.0
16515,555.0,29,0.03
16516,556.0,29,0.0
16517,557.0,29,2.6
16518,558.0,29,15.0
16519,559.0,29,0.0
16520,560.0,29,30.5
16521,561.0,29,9.0
16522,562.0,29,13.9
16523,563.0,29,1.4
16524,564.0,29,8.9
16525,565.0,29,11.0
16526,566.0,29,36.0
16527,567.0,29,9.4
16528,568.0,29,0.0
16529,569.0,29,6.0
16530,570.0,29,4.5
16531,1.0,30,36.0
16532,2.0,30,14.0
16533,3.0,30,34.0
16534,4.0,30,21.0
16535,5.0,30,80.0
16536,6.0,30,29.0
16537,7.0,30,33.0
16538,8.0,30,1.0
16539,9.0,30,10.0
16540,10.0,30,27.0
16541,11.0,30,18.0
16542,12.0,30,17.0
16543,13.0,30,38.0
16544,14.0,30,16.8
16545,15.0,30,3.0
16546,16.0,30,7.0
16547,17.0,30,3.0
16548,18.0,30,0.33
16549,19.0,30,17.0
16550,20.0,30,10.0
16551,21.0,30,22.4
16552,22.0,30,56.0
16553,23.0,30,20.0
16554,24.0,30,23.0
16555,25.0,30,114.0
16556,26.0,30,119.0
16557,27.0,30,43.0
16558,28.0,30,125.0
16559,29.0,30,73.0
16560,30.0,30,52.7
16561,31.0,30,26.0
16562,32.0,30,54.0
16563,33.0,30,63.0
16564,34.0,30,138.0
16565,35.0,30,211.0
16566,36.0,30,0.0
16567,37.0,30,130.0
16568,38.0,30,0.0
16569,39.0,30,24.0
16570,40.0,30,24.0
16571,41.0,30,23.0
16572,42.0,30,34.0
16573,43.0,30,6.0
16574,44.0,30,34.0
16575,45.0,30,20.0
16576,46.0,30,20.0
16577,47.0,30,100.0
16578,48.0,30,3.0
16579,49.0,30,32.0
16580,50.0,30,25.2
16581,51.0,30,136.0
16582,52.0,30,210.0
16583,53.0,30,0.0
16584,54.0,30,25.0
16585,55.0,30,63.0
16586,56.0,30,111.0
16587,57.0,30,43.0
16588,58.0,30,71.0
16589,59.0,30,66.0
16590,60.0,30,22.0
16591,61.0,30,176.0
16592,62.0,30,143.0
16593,63.0,30,100.0
16594,64.0,30,348.0
16595,65.0,30,113.0
16596,66.0,30,143.0
16597,67.0,30,70.0
16598,68.0,30,201.0
16599,69.0,30,19.0
16600,70.0,30,10.8
16601,71.0,30,22.0
16602,72.0,30,65.0
16603,73.0,30,11.0
16604,74.0,30,45.0
16605,75.0,30,6.4
16606,76.0,30,26.0
16607,77.0,30,17.0
16608,78.0,30,12.0
16609,79.0,30,16.0
16610,80.0,30,27.2
16611,81.0,30,19.0
16612,82.0,30,181.0
16613,83.0,30,35.0
16614,84.0,30,46.6
16615,85.0,30,22.6
16616,86.0,30,146.0
16617,87.0,30,30.0
16618,88.0,30,34.0
16619,89.0,30,44.0
16620,90.0,30,9.0
16621,91.0,30,9.0
16622,92.0,30,9.0
16623,93.0,30,20.0
16624,94.0,30,105.0
16625,95.0,30,17.8
16626,96.0,30,53.0
16627,97.0,30,41.0
16628,98.0,30,16.4
16629,99.0,30,180.0
16630,100.0,30,93.0
16631,101.0,30,58.0
16632,102.0,30,21.5
16633,103.0,30,22.0
16634,104.0,30,25.4
16635,105.0,30,16.0
16636,106.0,30,30.0
16637,107.0,30,41.0
16638,108.0,30,45.0
16639,109.0,30,33.0
16640,110.0,30,212.0
16641,111.0,30,19.3
16642,112.0,30,55.0
16643,113.0,30,117.0
16644,114.0,30,25.4
16645,115.0,30,23.0
16646,116.0,30,51.7
16647,117.0,30,34.7
16648,118.0,30,52.0
16649,119.0,30,164.0
16650,120.0,30,18.5
16651,121.0,30,11.9
16652,122.0,30,11.3
16653,123.0,30,63.0
16654,124.0,30,52.0
16655,125.0,30,10.6
16656,126.0,30,11.0
16657,127.0,30,8.0
16658,128.0,30,15.0
16659,129.0,30,27.0
16660,130.0,30,49.0
16661,131.0,30,74.0
16662,132.0,30,4.0
16663,133.0,30,20.0
16664,134.0,30,13.9
16665,135.0,30,12.0
16666,136.0,30,39.0
16667,137.0,30,20.0
16668,138.0,30,20.0
16669,139.0,30,20.6
16670,140.0,30,0.0
16671,141.0,30,32.0
16672,142.0,30,7.4
16673,143.0,30,55.0
16674,144.0,30,41.0
16675,145.0,30,23.0
16676,146.0,30,63.0
16677,147.0,30,80.0
16678,148.0,30,12.0
16679,149.0,30,16.0
16680,150.0,30,10.0
16681,151.0,30,8.0
16682,152.0,30,4.0
16683,153.0,30,17.0
16684,154.0,30,21.2
16685,155.0,30,8.3
16686,156.0,30,20.0
16687,157.0,30,40.0
16688,,30,21.5
16689,159.0,30,8.0
16690,160.0,30,46.0
16691,161.0,30,29.0
16692,162.0,30,17.0
16693,163.0,30,54.0
16694,164.0,30,34.1
16695,165.0,30,13.0
16696,166.0,30,11.0
16697,167.0,30,9.3
16698,168.0,30,34.5
16699,169.0,30,5.5
16700,170.0,30,17.0
16701,171.0,30,8.0
16702,172.0,30,15.6
16703,173.0,30,10.0
16704,174.0,30,44.0
16705,175.0,30,41.0
16706,176.0,30,7.0
16707,177.0,30,19.0
16708,178.0,30,21.0
16709,179.0,30,9.6
16710,180.0,30,14.5
16711,181.0,30,7.3
16712,182.0,30,3.0
16713,183.0,30,23.0
16714,184.0,30,6.7
16715,185.0,30,74.0
16716,186.0,30,17.0
16717,187.0,30,4.0
16718,188.0,30,252.0
16719,189.0,30,226.0
16720,190.0,30,226.0
16721,191.0,30,60.0
16722,192.0,30,37.0
16723,193.0,30,60.0
16724,194.0,30,36.5
16725,195.0,30,47.0
16726,196.0,30,69.7
16727,197.0,30,87.1
16728,198.0,30,87.1
16729,199.0,30,57.0
16730,200.0,30,57.0
16731,201.0,30,52.0
16732,202.0,30,136.0
16733,203.0,30,135.0
16734,204.0,30,11.0
16735,205.0,30,10.8
16736,206.0,30,242.0
16737,207.0,30,290.0
16738,208.0,30,330.0
16739,209.0,30,127.0
16740,210.0,30,183.0
16741,211.0,30,121.0
16742,212.0,30,124.0
16743,213.0,30,125.0
16744,214.0,30,121.0
16745,215.0,30,1280.0
16746,216.0,30,1047.0
16747,217.0,30,1050.0
16748,218.0,30,124.0
16749,219.0,30,290.0
16750,220.0,30,125.0
16751,221.0,30,101.0
16752,222.0,30,1178.0
16753,223.0,30,526.0
16754,224.0,30,752.0
16755,225.0,30,1178.0
16756,226.0,30,190.0
16757,227.0,30,102.0
16758,228.0,30,150.0
16759,229.0,30,647.0
16760,230.0,30,0.0
16761,231.0,30,681.82
16762,232.0,30,1178.0
16763,233.0,30,632.0
16764,234.0,30,650.2
16765,235.0,30,500.0
16766,237.0,30,1178.0
16767,237.0,30,1178.0
16768,238.0,30,92.0
16769,239.0,30,0.0
16770,240.0,30,176.0
16771,241.0,30,130.0
16772,242.0,30,112.0
16773,243.0,30,150.0
16774,244.0,30,140.0
16775,245.0,30,149.0
16776,246.0,30,140.0
16777,247.0,30,126.0
16778,248.0,30,109.0
16779,249.0,30,121.0
16780,250.0,30,131.0
16781,251.0,30,110.0
16782,252.0,30,107.0
16783,253.0,30,115.0
16784,254.0,30,142.0
16785,255.0,30,131.0
16786,256.0,30,150.0
16787,257.0,30,11.0
16788,258.0,30,64.0
16789,259.0,30,14.4
16790,260.0,30,31.9
16791,261.0,30,12.0
16792,262.0,30,15.0
16793,263.0,30,10.0
16794,264.0,30,17.0
16795,265.0,30,15.0
16796,266.0,30,13.0
16797,267.0,30,12.0
16798,268.0,30,12.0
16799,269.0,30,14.0
16800,270.0,30,15.0
16801,271.0,30,8.0
16802,272.0,30,14.0
16803,273.0,30,13.0
16804,274.0,30,8.0
16805,275.0,30,9.0
16806,276.0,30,5.8
16807,277.0,30,11.0
16808,278.0,30,7.0
16809,279.0,30,9.4
16810,280.0,30,10.0
16811,281.0,30,13.0
16812,282.0,30,6.0
16813,283.0,30,5.8
16814,284.0,30,3.0
16815,285.0,30,8.0
16816,286.0,30,7.5
16817,287.0,30,6.0
16818,288.0,30,51.0
16819,289.0,30,21.0
16820,290.0,30,13.0
16821,291.0,30,50.6
16822,292.0,30,18.4
16823,293.0,30,9.6
16824,294.0,30,9.0
16825,295.0,30,27.1
16826,296.0,30,12.7
16827,297.0,30,21.4
16828,298.0,30,20.0
16829,299.0,30,27.6
16830,300.0,30,59.1
16831,301.0,30,0.0
16832,302.0,30,10.0
16833,303.0,30,34.5
16834,304.0,30,15.7
16835,305.0,30,9.0
16836,306.0,30,9.2
16837,307.0,30,22.8
16838,308.0,30,22.0
16839,309.0,30,17.0
16840,310.0,30,14.0
16841,311.0,30,17.0
16842,312.0,30,22.8
16843,313.0,30,9.2
16844,314.0,30,15.0
16845,315.0,30,8.1
16846,316.0,30,7.0
16847,317.0,30,10.0
16848,318.0,30,13.0
16849,319.0,30,8.0
16850,320.0,30,8.1
16851,321.0,30,11.0
16852,322.0,30,8.0
16853,323.0,30,12.0
16854,324.0,30,9.0
16855,325.0,30,5.0
16856,326.0,30,4.0
16857,327.0,30,22.0
16858,328.0,30,6.0
16859,329.0,30,7.6
16860,330.0,30,8.0
16861,331.0,30,18.0
16862,332.0,30,6.1
16863,333.0,30,9.6
16864,334.0,30,6.0
16865,335.0,30,8.0
16866,336.0,30,6.0
16867,337.0,30,8.0
16868,338.0,30,4.0
16869,339.0,30,7.0
16870,340.0,30,10.0
16871,341.0,30,10.0
16872,342.0,30,7.1
16873,343.0,30,10.0
16874,344.0,30,10.0
16875,345.0,30,6.3
16876,346.0,30,10.0
16877,347.0,30,10.0
16878,348.0,30,12.0
16879,349.0,30,46.0
16880,350.0,30,46.0
16881,351.0,30,61.0
16882,352.0,30,144.0
16883,353.0,30,30.0
16884,354.0,30,29.0
16885,355.0,30,144.0
16886,356.0,30,100.0
16887,357.0,30,115.0
16888,358.0,30,68.0
16889,359.0,30,115.0
16890,360.0,30,80.0
16891,361.0,30,130.0
16892,362.0,30,144.0
16893,363.0,30,17.0
16894,364.0,30,30.0
16895,365.0,30,40.0
16896,366.0,30,8.0
16897,367.0,30,28.2
16898,368.0,30,12.0
16899,369.0,30,63.0
16900,370.0,30,30.0
16901,371.0,30,65.0
16902,372.0,30,25.0
16903,373.0,30,10.0
16904,374.0,30,20.5
16905,375.0,30,66.0
16906,376.0,30,50.4
16907,377.0,30,30.0
16908,378.0,30,108.0
16909,379.0,30,8.0
16910,380.0,30,26.0
16911,381.0,30,40.5
16912,382.0,30,130.0
16913,383.0,30,33.1
16914,384.0,30,14.0
16915,385.0,30,53.0
16916,386.0,30,36.7
16917,387.0,30,20.0
16918,388.0,30,43.4
16919,389.0,30,61.0
16920,390.0,30,8.0
16921,391.0,30,38.0
16922,392.0,30,17.0
16923,393.0,30,0.0
16924,394.0,30,19.0
16925,395.0,30,273.0
16926,396.0,30,28.0
16927,397.0,30,27.7
16928,398.0,30,8.0
16929,399.0,30,8.0
16930,400.0,30,10.0
16931,401.0,30,0.0
16932,402.0,30,344.0
16933,403.0,30,314.0
16934,404.0,30,30.0
16935,405.0,30,314.0
16936,406.0,30,50.0
16937,407.0,30,0.0
16938,408.0,30,0.0
16939,409.0,30,5.6
16940,410.0,30,0.0
16941,411.0,30,0.0
16942,412.0,30,0.0
16943,413.0,30,1.0
16944,414.0,30,0.0
16945,415.0,30,0.0
16946,416.0,30,0.0
16947,417.0,30,0.0
16948,418.0,30,0.0
16949,419.0,30,0.0
16950,420.0,30,0.0
16951,421.0,30,0.0
16952,422.0,30,0.0
16953,423.0,30,24.0
16954,424.0,30,48.0
16955,425.0,30,24.0
16956,426.0,30,4.0
16957,427.0,30,13.0
16958,428.0,30,30.0
16959,429.0,30,12.0
16960,430.0,30,30.0
16961,431.0,30,19.0
16962,432.0,30,0.0
16963,433.0,30,1.0
16964,434.0,30,79.0
16965,435.0,30,177.0
16966,436.0,30,2113.0
16967,437.0,30,111.0
16968,438.0,30,1228.0
16969,439.0,30,383.0
16970,440.0,30,257.0
16971,441.0,30,86.0
16972,442.0,30,67.0
16973,443.0,30,632.0
16974,444.0,30,168.0
16975,445.0,30,1784.0
16976,446.0,30,102.0
16977,447.0,30,14.0
16978,448.0,30,37.0
16979,449.0,30,11.0
16980,450.0,30,114.0
16981,451.0,30,834.0
16982,452.0,30,86.0
16983,453.0,30,20.0
16984,454.0,30,1990.0
16985,455.0,30,243.0
16986,456.0,30,184.0
16987,457.0,30,310.0
16988,458.0,30,1576.0
16989,459.0,30,179.0
16990,460.0,30,180.0
16991,461.0,30,270.0
16992,462.0,30,430.0
16993,463.0,30,29.0
16994,464.0,30,29.0
16995,465.0,30,29.0
16996,466.0,30,29.0
16997,467.0,30,29.0
16998,468.0,30,646.0
16999,469.0,30,1890.0
17000,470.0,30,11.0
17001,471.0,30,15.0
17002,472.0,30,27.0
17003,473.0,30,15.0
17004,474.0,30,6.0
17005,475.0,30,2.0
17006,476.0,30,11.0
17007,477.0,30,19.0
17008,478.0,30,12.0
17009,479.0,30,10.0
17010,480.0,30,70.0
17011,481.0,30,18.0
17012,482.0,30,30.0
17013,483.0,30,19.0
17014,484.0,30,130.0
17015,485.0,30,23.0
17016,486.0,30,47.0
17017,487.0,30,35.0
17018,488.0,30,48.0
17019,489.0,30,160.0
17020,490.0,30,19.0
17021,491.0,30,41.0
17022,492.0,30,107.0
17023,493.0,30,0.0
17024,494.0,30,0.0
17025,495.0,30,0.0
17026,496.0,30,0.0
17027,497.0,30,0.0
17028,498.0,30,0.0
17029,499.0,30,0.0
17030,500.0,30,20.6
17031,501.0,30,4.0
17032,502.0,30,3.0
17033,503.0,30,30.9
17034,504.0,30,31.5
17035,505.0,30,34.9
17036,506.0,30,6.0
17037,507.0,30,30.0
17038,508.0,30,33.0
17039,509.0,30,112.0
17040,510.0,30,215.0
17041,511.0,30,43.0
17042,512.0,30,5.0
17043,513.0,30,333.0
17044,514.0,30,78.0
17045,515.0,30,92.0
17046,516.0,30,84.0
17047,517.0,30,118.0
17048,518.0,30,0.0
17049,519.0,30,4.0
17050,520.0,30,0.0
17051,521.0,30,0.0
17052,522.0,30,29.0
17053,523.0,30,68.0
17054,524.0,30,1.0
17055,525.0,30,3.0
17056,526.0,30,0.0
17057,527.0,30,6.0
17058,528.0,30,6.0
17059,529.0,30,4.0
17060,530.0,30,5.0
17061,531.0,30,4.0
17062,532.0,30,13.0
17063,533.0,30,3.0
17064,534.0,30,3.0
17065,535.0,30,4.0
17066,536.0,30,4.0
17067,537.0,30,3.0
17068,538.0,30,4.0
17069,539.0,30,2.0
17070,540.0,30,1.0
17071,541.0,30,1.0
17072,542.0,30,3.0
17073,543.0,30,21.0
17074,544.0,30,317.0
17075,545.0,30,146.0
17076,546.0,30,160.0
17077,547.0,30,5.6
17078,548.0,30,146.0
17079,549.0,30,160.0
17080,550.0,30,302.0
17081,551.0,30,24.0
17082,552.0,30,120.0
17083,553.0,30,120.0
17084,554.0,30,7.0
17085,555.0,30,29.0
17086,556.0,30,118.0
17087,557.0,30,16.0
17088,558.0,30,15.0
17089,559.0,30,2.0
17090,560.0,30,10.8
17091,561.0,30,0.0
17092,562.0,30,9.0
17093,563.0,30,6.9
17094,564.0,30,8.6
17095,565.0,30,15.0
17096,566.0,30,9.3
17097,567.0,30,8.6
17098,568.0,30,13.0
17099,569.0,30,27.0
17100,570.0,30,10.8
17101,1.0,31,349.0
17102,2.0,31,150.0
17103,3.0,31,150.0
17104,4.0,31,310.0
17105,5.0,31,342.0
17106,6.0,31,221.0
17107,7.0,31,374.0
17108,8.0,31,30.0
17109,9.0,31,98.0
17110,10.0,31,286.0
17111,11.0,31,39.0
17112,12.0,31,108.0
17113,13.0,31,320.0
17114,14.0,31,314.0
17115,15.0,31,69.0
17116,16.0,31,256.0
17117,17.0,31,103.0
17118,18.0,31,457.0
17119,19.0,31,136.0
17120,20.0,31,60.0
17121,21.0,31,89.0
17122,22.0,31,91.0
17123,23.0,31,90.0
17124,24.0,31,110.0
17125,25.0,31,92.0
17126,26.0,31,103.0
17127,27.0,31,147.0
17128,28.0,31,129.0
17129,29.0,31,125.0
17130,30.0,31,153.0
17131,31.0,31,114.0
17132,32.0,31,200.0
17133,33.0,31,230.0
17134,34.0,31,51.0
17135,35.0,31,150.0
17136,36.0,31,0.0
17137,37.0,31,78.2
17138,38.0,31,0.0
17139,39.0,31,170.0
17140,40.0,31,150.0
17141,41.0,31,153.0
17142,42.0,31,116.0
17143,43.0,31,63.0
17144,44.0,31,370.0
17145,45.0,31,70.0
17146,46.0,31,86.0
17147,47.0,31,47.0
17148,48.0,31,47.0
17149,49.0,31,75.0
17150,50.0,31,40.0
17151,51.0,31,206.0
17152,52.0,31,600.0
17153,53.0,31,3.1
17154,54.0,31,173.0
17155,55.0,31,225.0
17156,56.0,31,266.0
17157,57.0,31,335.0
17158,58.0,31,84.0
17159,59.0,31,92.0
17160,60.0,31,130.0
17161,61.0,31,440.0
17162,62.0,31,332.0
17163,63.0,31,590.0
17164,64.0,31,79.0
17165,65.0,31,426.0
17166,66.0,31,407.0
17167,67.0,31,411.0
17168,68.0,31,550.0
17169,69.0,31,69.0
17170,70.0,31,125.0
17171,71.0,31,50.0
17172,72.0,31,168.0
17173,73.0,31,20.0
17174,74.0,31,41.0
17175,75.0,31,50.0
17176,76.0,31,18.0
17177,77.0,31,45.0
17178,78.0,31,12.0
17179,79.0,31,27.0
17180,80.0,31,35.0
17181,81.0,31,58.0
17182,82.0,31,48.0
17183,83.0,31,99.0
17184,84.0,31,33.0
17185,85.0,31,50.0
17186,86.0,31,30.0
17187,87.0,31,81.0
17188,88.0,31,24.0
17189,89.0,31,71.0
17190,90.0,31,26.0
17191,91.0,31,26.0
17192,92.0,31,26.0
17193,93.0,31,32.0
17194,94.0,31,40.0
17195,95.0,31,134.0
17196,96.0,31,130.0
17197,97.0,31,21.0
17198,98.0,31,21.0
17199,99.0,31,64.0
17200,100.0,31,53.0
17201,101.0,31,65.0
17202,102.0,31,45.0
17203,103.0,31,44.0
17204,104.0,31,33.0
17205,105.0,31,39.0
17206,106.0,31,80.0
17207,107.0,31,74.0
17208,108.0,31,36.0
17209,109.0,31,84.0
17210,110.0,31,87.0
17211,111.0,31,52.0
17212,112.0,31,37.0
17213,113.0,31,46.0
17214,114.0,31,113.0
17215,115.0,31,98.0
17216,116.0,31,37.0
17217,117.0,31,28.0
17218,118.0,31,36.0
17219,119.0,31,16.0
17220,120.0,31,23.0
17221,121.0,31,22.0
17222,122.0,31,19.0
17223,123.0,31,48.0
17224,124.0,31,41.0
17225,125.0,31,24.0
17226,126.0,31,30.0
17227,127.0,31,0.0
17228,128.0,31,16.0
17229,129.0,31,31.0
17230,130.0,31,168.0
17231,131.0,31,393.0
17232,132.0,31,6.0
17233,133.0,31,11.0
17234,134.0,31,19.7
17235,135.0,31,16.0
17236,136.0,31,8.6
17237,137.0,31,16.0
17238,138.0,31,10.0
17239,139.0,31,21.3
17240,140.0,31,14.0
17241,141.0,31,4.5
17242,142.0,31,15.3
17243,143.0,31,71.0
17244,144.0,31,73.0
17245,145.0,31,160.0
17246,146.0,31,57.0
17247,147.0,31,111.0
17248,148.0,31,43.0
17249,149.0,31,21.0
17250,150.0,31,13.0
17251,151.0,31,25.0
17252,152.0,31,15.0
17253,153.0,31,23.0
17254,154.0,31,21.0
17255,155.0,31,17.0
17256,156.0,31,94.0
17257,157.0,31,44.0
17258,,31,26.0
17259,159.0,31,17.0
17260,160.0,31,40.0
17261,161.0,31,27.0
17262,162.0,31,31.0
17263,163.0,31,32.0
17264,164.0,31,32.0
17265,165.0,31,11.0
17266,166.0,31,16.0
17267,167.0,31,33.0
17268,168.0,31,20.0
17269,169.0,31,11.0
17270,170.0,31,57.0
17271,171.0,31,21.0
17272,172.0,31,17.0
17273,173.0,31,19.0
17274,174.0,31,30.0
17275,175.0,31,20.0
17276,176.0,31,22.0
17277,177.0,31,23.0
17278,178.0,31,13.0
17279,179.0,31,13.0
17280,180.0,31,10.0
17281,181.0,31,23.0
17282,182.0,31,34.0
17283,183.0,31,16.0
17284,184.0,31,9.0
17285,185.0,31,113.0
17286,186.0,31,22.0
17287,187.0,31,16.0
17288,188.0,31,454.0
17289,189.0,31,333.0
17290,190.0,31,333.0
17291,191.0,31,430.0
17292,192.0,31,410.0
17293,193.0,31,430.0
17294,194.0,31,74.0
17295,195.0,31,200.0
17296,196.0,31,278.0
17297,197.0,31,409.0
17298,198.0,31,409.0
17299,199.0,31,1158.0
17300,200.0,31,1158.0
17301,201.0,31,1174.0
17302,202.0,31,390.0
17303,203.0,31,500.0
17304,204.0,31,9.0
17305,205.0,31,15.0
17306,206.0,31,189.0
17307,207.0,31,240.0
17308,208.0,31,270.0
17309,209.0,31,109.0
17310,210.0,31,115.0
17311,211.0,31,97.0
17312,212.0,31,92.0
17313,213.0,31,91.0
17314,214.0,31,97.0
17315,215.0,31,970.0
17316,216.0,31,714.0
17317,217.0,31,930.0
17318,218.0,31,92.0
17319,219.0,31,260.0
17320,220.0,31,91.0
17321,221.0,31,85.0
17322,222.0,31,743.0
17323,223.0,31,362.0
17324,224.0,31,489.0
17325,225.0,31,743.0
17326,226.0,31,796.0
17327,227.0,31,218.0
17328,228.0,31,216.0
17329,229.0,31,393.0
17330,230.0,31,0.0
17331,231.0,31,0.0
17332,232.0,31,743.0
17333,233.0,31,428.0
17334,234.0,31,0.0
17335,235.0,31,0.0
17336,237.0,31,743.0
17337,237.0,31,743.0
17338,238.0,31,160.0
17339,239.0,31,0.0
17340,240.0,31,0.0
17341,241.0,31,102.0
17342,242.0,31,95.0
17343,243.0,31,120.0
17344,244.0,31,109.0
17345,245.0,31,123.0
17346,246.0,31,109.0
17347,247.0,31,94.8
17348,248.0,31,130.0
17349,249.0,31,140.0
17350,250.0,31,140.0
17351,251.0,31,86.0
17352,252.0,31,81.0
17353,253.0,31,90.0
17354,254.0,31,170.0
17355,255.0,31,140.0
17356,256.0,31,130.0
17357,257.0,31,21.0
17358,258.0,31,226.0
17359,259.0,31,3.9
17360,260.0,31,8.6
17361,261.0,31,132.0
17362,262.0,31,179.0
17363,263.0,31,179.0
17364,264.0,31,177.0
17365,265.0,31,188.0
17366,266.0,31,312.0
17367,267.0,31,234.0
17368,268.0,31,248.0
17369,269.0,31,196.0
17370,270.0,31,175.0
17371,271.0,31,210.0
17372,272.0,31,212.0
17373,273.0,31,165.0
17374,274.0,31,120.0
17375,275.0,31,149.0
17376,276.0,31,172.0
17377,277.0,31,150.0
17378,278.0,31,240.0
17379,279.0,31,151.0
17380,280.0,31,190.0
17381,281.0,31,160.0
17382,282.0,31,70.0
17383,283.0,31,196.0
17384,284.0,31,38.0
17385,285.0,31,130.0
17386,286.0,31,204.0
17387,287.0,31,170.0
17388,288.0,31,160.0
17389,289.0,31,59.0
17390,290.0,31,90.0
17391,291.0,31,250.0
17392,292.0,31,270.0
17393,293.0,31,136.0
17394,294.0,31,280.0
17395,295.0,31,158.0
17396,296.0,31,223.0
17397,297.0,31,180.0
17398,298.0,31,160.0
17399,299.0,31,22.0
17400,300.0,31,143.0
17401,301.0,31,0.0
17402,302.0,31,167.0
17403,303.0,31,150.0
17404,304.0,31,242.0
17405,305.0,31,220.0
17406,306.0,31,216.0
17407,307.0,31,216.0
17408,308.0,31,220.0
17409,309.0,31,180.0
17410,310.0,31,210.0
17411,311.0,31,180.0
17412,312.0,31,216.0
17413,313.0,31,139.0
17414,314.0,31,160.0
17415,315.0,31,139.0
17416,316.0,31,180.0
17417,317.0,31,172.0
17418,318.0,31,195.0
17419,319.0,31,199.0
17420,320.0,31,139.0
17421,321.0,31,237.0
17422,322.0,31,198.0
17423,323.0,31,204.0
17424,324.0,31,79.0
17425,325.0,31,176.0
17426,326.0,31,160.0
17427,327.0,31,164.0
17428,328.0,31,210.0
17429,329.0,31,407.0
17430,330.0,31,360.0
17431,331.0,31,240.0
17432,332.0,31,352.0
17433,333.0,31,197.0
17434,334.0,31,170.0
17435,335.0,31,170.0
17436,336.0,31,133.0
17437,337.0,31,400.0
17438,338.0,31,331.0
17439,339.0,31,196.0
17440,340.0,31,219.0
17441,341.0,31,224.0
17442,342.0,31,254.0
17443,343.0,31,260.0
17444,344.0,31,260.0
17445,345.0,31,74.0
17446,346.0,31,400.0
17447,347.0,31,320.0
17448,348.0,31,350.0
17449,349.0,31,169.0
17450,350.0,31,169.0
17451,351.0,31,234.0
17452,352.0,31,190.0
17453,353.0,31,160.0
17454,354.0,31,160.0
17455,355.0,31,190.0
17456,356.0,31,300.0
17457,357.0,31,215.0
17458,358.0,31,215.0
17459,359.0,31,215.0
17460,360.0,31,200.0
17461,361.0,31,157.0
17462,362.0,31,170.0
17463,363.0,31,334.0
17464,364.0,31,170.0
17465,365.0,31,200.0
17466,366.0,31,204.0
17467,367.0,31,182.0
17468,368.0,31,244.0
17469,369.0,31,247.0
17470,370.0,31,202.0
17471,371.0,31,239.0
17472,372.0,31,250.0
17473,373.0,31,506.0
17474,374.0,31,253.0
17475,375.0,31,220.0
17476,376.0,31,270.0
17477,377.0,31,264.0
17478,378.0,31,260.0
17479,379.0,31,376.0
17480,380.0,31,194.0
17481,381.0,31,244.0
17482,382.0,31,410.0
17483,383.0,31,142.0
17484,384.0,31,210.0
17485,385.0,31,217.0
17486,386.0,31,107.0
17487,387.0,31,198.0
17488,388.0,31,190.0
17489,389.0,31,198.0
17490,390.0,31,330.0
17491,391.0,31,155.0
17492,392.0,31,159.0
17493,393.0,31,0.0
17494,394.0,31,250.0
17495,395.0,31,300.0
17496,396.0,31,170.0
17497,397.0,31,200.0
17498,398.0,31,170.0
17499,399.0,31,200.0
17500,400.0,31,200.0
17501,401.0,31,0.0
17502,402.0,31,380.0
17503,403.0,31,430.0
17504,404.0,31,270.0
17505,405.0,31,430.0
17506,406.0,31,891.0
17507,407.0,31,0.0
17508,408.0,31,0.0
17509,409.0,31,0.0
17510,410.0,31,0.0
17511,411.0,31,0.0
17512,412.0,31,0.0
17513,413.0,31,1.0
17514,414.0,31,0.0
17515,415.0,31,0.0
17516,416.0,31,0.0
17517,417.0,31,0.0
17518,418.0,31,0.0
17519,419.0,31,0.0
17520,420.0,31,0.0
17521,421.0,31,0.0
17522,422.0,31,0.0
17523,423.0,31,24.0
17524,424.0,31,34.0
17525,425.0,31,24.0
17526,426.0,31,12.0
17527,427.0,31,8.0
17528,428.0,31,23.0
17529,429.0,31,8.0
17530,430.0,31,23.0
17531,431.0,31,16.0
17532,432.0,31,0.0
17533,433.0,31,3.0
17534,434.0,31,414.0
17535,435.0,31,56.0
17536,436.0,31,490.0
17537,437.0,31,252.0
17538,438.0,31,61.0
17539,439.0,31,178.0
17540,440.0,31,303.0
17541,441.0,31,54.0
17542,442.0,31,48.0
17543,443.0,31,104.0
17544,444.0,31,299.0
17545,445.0,31,543.0
17546,446.0,31,108.0
17547,447.0,31,43.0
17548,448.0,31,38.0
17549,449.0,31,26.0
17550,450.0,31,168.0
17551,451.0,31,113.0
17552,452.0,31,104.0
17553,453.0,31,440.0
17554,454.0,31,306.0
17555,455.0,31,73.0
17556,456.0,31,213.0
17557,457.0,31,39.0
17558,458.0,31,200.0
17559,459.0,31,87.0
17560,460.0,31,350.0
17561,461.0,31,180.0
17562,462.0,31,170.0
17563,463.0,31,8.0
17564,464.0,31,8.0
17565,465.0,31,8.0
17566,466.0,31,8.0
17567,467.0,31,8.0
17568,468.0,31,440.0
17569,469.0,31,201.0
17570,470.0,31,6.0
17571,471.0,31,32.0
17572,472.0,31,19.0
17573,473.0,31,32.0
17574,474.0,31,8.0
17575,475.0,31,16.0
17576,476.0,31,0.0
17577,477.0,31,40.0
17578,478.0,31,48.0
17579,479.0,31,1.0
17580,480.0,31,190.0
17581,481.0,31,9.0
17582,482.0,31,31.0
17583,483.0,31,20.0
17584,484.0,31,110.0
17585,485.0,31,79.0
17586,486.0,31,0.0
17587,487.0,31,78.0
17588,488.0,31,19.0
17589,489.0,31,170.0
17590,490.0,31,210.0
17591,491.0,31,99.0
17592,492.0,31,60.0
17593,493.0,31,0.0
17594,494.0,31,0.0
17595,495.0,31,0.0
17596,496.0,31,0.0
17597,497.0,31,0.0
17598,498.0,31,0.0
17599,499.0,31,0.0
17600,500.0,31,12.4
17601,501.0,31,2.5
17602,502.0,31,1.8
17603,503.0,31,18.2
17604,504.0,31,19.0
17605,505.0,31,17.5
17606,506.0,31,3.5
17607,507.0,31,17.9
17608,508.0,31,10.1
17609,509.0,31,230.0
17610,510.0,31,193.0
17611,511.0,31,220.0
17612,512.0,31,22.0
17613,513.0,31,133.0
17614,514.0,31,82.0
17615,515.0,31,88.0
17616,516.0,31,130.0
17617,517.0,31,90.0
17618,518.0,31,0.0
17619,519.0,31,8.0
17620,520.0,31,0.0
17621,521.0,31,0.0
17622,522.0,31,109.0
17623,523.0,31,150.0
17624,524.0,31,3.0
17625,525.0,31,0.0
17626,526.0,31,0.0
17627,527.0,31,0.0
17628,528.0,31,0.0
17629,529.0,31,15.0
17630,530.0,31,0.0
17631,531.0,31,0.0
17632,532.0,31,11.0
17633,533.0,31,36.0
17634,534.0,31,36.0
17635,535.0,31,15.0
17636,536.0,31,12.0
17637,537.0,31,12.0
17638,538.0,31,9.0
17639,539.0,31,0.0
17640,540.0,31,0.0
17641,541.0,31,0.0
17642,542.0,31,0.0
17643,543.0,31,26.0
17644,544.0,31,0.0
17645,545.0,31,192.0
17646,546.0,31,286.0
17647,547.0,31,7.3
17648,548.0,31,192.0
17649,549.0,31,350.0
17650,550.0,31,314.0
17651,551.0,31,20.0
17652,552.0,31,0.0
17653,553.0,31,0.0
17654,554.0,31,43.0
17655,555.0,31,26.0
17656,556.0,31,56.0
17657,557.0,31,100.0
17658,558.0,31,10.0
17659,559.0,31,5.0
17660,560.0,31,13.0
17661,561.0,31,0.0
17662,562.0,31,22.0
17663,563.0,31,7.0
17664,564.0,31,17.0
17665,565.0,31,4.5
17666,566.0,31,13.0
17667,567.0,31,19.0
17668,568.0,31,12.0
17669,569.0,31,31.0
17670,570.0,31,145.0
17671,1.0,32,3.5
17672,2.0,32,0.8
17673,3.0,32,1.4
17674,4.0,32,1.7
17675,5.0,32,5.8
17676,6.0,32,2.5
17677,7.0,32,2.7
17678,8.0,32,0.5
17679,9.0,32,0.35
17680,10.0,32,2.6
17681,11.0,32,2.4
17682,12.0,32,1.0
17683,13.0,32,3.9
17684,14.0,32,6.8
17685,15.0,32,0.6
17686,16.0,32,2.4
17687,17.0,32,0.6
17688,18.0,32,4.6
17689,19.0,32,1.2
17690,20.0,32,2.6
17691,21.0,32,0.85
17692,22.0,32,1.6
17693,23.0,32,1.7
17694,24.0,32,1.5
17695,25.0,32,1.0
17696,26.0,32,3.3
17697,27.0,32,3.2
17698,28.0,32,3.6
17699,29.0,32,2.8
17700,30.0,32,1.0
17701,31.0,32,2.4
17702,32.0,32,2.7
17703,33.0,32,3.2
17704,34.0,32,2.6
17705,35.0,32,2.3
17706,36.0,32,0.0
17707,37.0,32,2.3
17708,38.0,32,0.0
17709,39.0,32,1.1
17710,40.0,32,1.8
17711,41.0,32,3.0
17712,42.0,32,4.3
17713,43.0,32,1.1
17714,44.0,32,4.0
17715,45.0,32,1.3
17716,46.0,32,1.1
17717,47.0,32,0.4
17718,48.0,32,0.8
17719,49.0,32,0.89
17720,50.0,32,1.0
17721,51.0,32,2.4
17722,52.0,32,6.9
17723,53.0,32,0.0
17724,54.0,32,3.2
17725,55.0,32,372.0
17726,56.0,32,2.7
17727,57.0,32,2.8
17728,58.0,32,2.8
17729,59.0,32,2.5
17730,60.0,32,3.5
17731,61.0,32,4.4
17732,62.0,32,6.8
17733,63.0,32,5.5
17734,64.0,32,2.9
17735,65.0,32,6.2
17736,66.0,32,8.2
17737,67.0,32,8.2
17738,68.0,32,6.6
17739,69.0,32,0.8
17740,70.0,32,1.0
17741,71.0,32,0.66
17742,72.0,32,1.4
17743,73.0,32,1.0
17744,74.0,32,0.38
17745,75.0,32,0.43
17746,76.0,32,0.44
17747,77.0,32,0.91
17748,78.0,32,1.0
17749,79.0,32,0.3
17750,80.0,32,0.47
17751,81.0,32,0.5
17752,82.0,32,2.1
17753,83.0,32,1.6
17754,84.0,32,0.59
17755,85.0,32,0.74
17756,86.0,32,2.8
17757,87.0,32,1.9
17758,88.0,32,1.3
17759,89.0,32,0.4
17760,90.0,32,0.3
17761,91.0,32,0.3
17762,92.0,32,0.3
17763,93.0,32,0.7
17764,94.0,32,3.3
17765,95.0,32,1.2
17766,96.0,32,1.5
17767,97.0,32,0.4
17768,98.0,32,0.4
17769,99.0,32,3.1
17770,100.0,32,3.3
17771,101.0,32,0.86
17772,102.0,32,0.67
17773,103.0,32,0.8
17774,104.0,32,0.27
17775,105.0,32,1.0
17776,106.0,32,1.2
17777,107.0,32,0.6
17778,108.0,32,0.41
17779,109.0,32,1.0
17780,110.0,32,1.9
17781,111.0,32,0.84
17782,112.0,32,1.0
17783,113.0,32,2.7
17784,114.0,32,1.9
17785,115.0,32,1.8
17786,116.0,32,1.0
17787,117.0,32,1.0
17788,118.0,32,0.44
17789,119.0,32,0.59
17790,120.0,32,0.2
17791,121.0,32,0.37
17792,122.0,32,0.49
17793,123.0,32,0.81
17794,124.0,32,0.7
17795,125.0,32,0.7
17796,126.0,32,0.4
17797,127.0,32,0.15
17798,128.0,32,0.56
17799,129.0,32,0.5
17800,130.0,32,0.8
17801,131.0,32,1.9
17802,132.0,32,0.3
17803,133.0,32,0.49
17804,134.0,32,0.41
17805,135.0,32,0.22
17806,136.0,32,1.0
17807,137.0,32,0.49
17808,138.0,32,0.49
17809,139.0,32,0.57
17810,140.0,32,0.0
17811,141.0,32,0.15
17812,142.0,32,0.53
17813,143.0,32,2.7
17814,144.0,32,2.3
17815,145.0,32,3.6
17816,146.0,32,1.9
17817,147.0,32,2.3
17818,148.0,32,0.49
17819,149.0,32,0.65
17820,150.0,32,0.74
17821,151.0,32,0.37
17822,152.0,32,0.5
17823,153.0,32,0.35
17824,154.0,32,0.43
17825,155.0,32,0.26
17826,156.0,32,2.3
17827,157.0,32,1.0
17828,,32,0.46
17829,159.0,32,0.5
17830,160.0,32,1.3
17831,161.0,32,0.91
17832,162.0,32,0.75
17833,163.0,32,0.6
17834,164.0,32,0.37
17835,165.0,32,0.2
17836,166.0,32,0.45
17837,167.0,32,0.35
17838,168.0,32,0.3
17839,169.0,32,0.56
17840,170.0,32,1.3
17841,171.0,32,0.42
17842,172.0,32,0.35
17843,173.0,32,0.6
17844,174.0,32,0.9
17845,175.0,32,0.49
17846,176.0,32,0.4
17847,177.0,32,0.3
17848,178.0,32,0.42
17849,179.0,32,0.3
17850,180.0,32,0.41
17851,181.0,32,0.59
17852,182.0,32,0.6
17853,183.0,32,0.17
17854,184.0,32,0.29
17855,185.0,32,2.8
17856,186.0,32,0.6
17857,187.0,32,0.3
17858,188.0,32,4.1
17859,189.0,32,3.8
17860,190.0,32,3.8
17861,191.0,32,2.5
17862,192.0,32,1.3
17863,193.0,32,2.5
17864,194.0,32,1.6
17865,195.0,32,1.6
17866,196.0,32,2.6
17867,197.0,32,2.8
17868,198.0,32,2.8
17869,199.0,32,6.8
17870,200.0,32,6.8
17871,201.0,32,8.1
17872,202.0,32,7.2
17873,203.0,32,7.0
17874,204.0,32,0.13
17875,205.0,32,0.15
17876,206.0,32,0.094
17877,207.0,32,0.23
17878,208.0,32,0.33
17879,209.0,32,0.041
17880,210.0,32,0.07
17881,211.0,32,0.09
17882,212.0,32,0.09
17883,213.0,32,0.09
17884,214.0,32,0.09
17885,215.0,32,0.27
17886,216.0,32,0.7
17887,217.0,32,0.3
17888,218.0,32,0.09
17889,219.0,32,0.26
17890,220.0,32,0.09
17891,221.0,32,0.11
17892,222.0,32,1.0
17893,223.0,32,0.18
17894,224.0,32,0.59
17895,225.0,32,1.0
17896,226.0,32,1.1
17897,227.0,32,1.0
17898,228.0,32,0.2
17899,229.0,32,0.91
17900,230.0,32,0.0
17901,231.0,32,0.0
17902,232.0,32,1.0
17903,233.0,32,0.2
17904,234.0,32,0.0
17905,235.0,32,0.0
17906,237.0,32,1.0
17907,237.0,32,1.0
17908,238.0,32,0.4
17909,239.0,32,0.13
17910,240.0,32,0.64
17911,241.0,32,0.4
17912,242.0,32,0.16
17913,243.0,32,0.1
17914,244.0,32,0.09
17915,245.0,32,0.1
17916,246.0,32,0.09
17917,247.0,32,0.19
17918,248.0,32,0.14
17919,249.0,32,0.1
17920,250.0,32,0.1
17921,251.0,32,0.1
17922,252.0,32,0.1
17923,253.0,32,0.1
17924,254.0,32,0.09
17925,255.0,32,0.1
17926,256.0,32,0.3
17927,257.0,32,0.2
17928,258.0,32,3.7
17929,259.0,32,6.9
17930,260.0,32,12.3
17931,261.0,32,0.95
17932,262.0,32,4.0
17933,263.0,32,1.0
17934,264.0,32,2.0
17935,265.0,32,1.8
17936,266.0,32,2.6
17937,267.0,32,2.5
17938,268.0,32,3.5
17939,269.0,32,2.5
17940,270.0,32,0.98
17941,271.0,32,1.0
17942,272.0,32,1.1
17943,273.0,32,0.73
17944,274.0,32,1.0
17945,275.0,32,1.8
17946,276.0,32,1.8
17947,277.0,32,1.8
17948,278.0,32,1.0
17949,279.0,32,1.8
17950,280.0,32,2.5
17951,281.0,32,1.8
17952,282.0,32,0.9
17953,283.0,32,1.8
17954,284.0,32,0.7
17955,285.0,32,3.2
17956,286.0,32,3.1
17957,287.0,32,1.7
17958,288.0,32,1.9
17959,289.0,32,1.1
17960,290.0,32,1.7
17961,291.0,32,1.0
17962,292.0,32,2.1
17963,293.0,32,2.1
17964,294.0,32,1.2
17965,295.0,32,3.4
17966,296.0,32,2.3
17967,297.0,32,4.1
17968,298.0,32,1.6
17969,299.0,32,8.2
17970,300.0,32,0.83
17971,301.0,32,0.0
17972,302.0,32,1.0
17973,303.0,32,1.4
17974,304.0,32,1.0
17975,305.0,32,1.0
17976,306.0,32,4.8
17977,307.0,32,1.5
17978,308.0,32,1.0
17979,309.0,32,1.3
17980,310.0,32,2.8
17981,311.0,32,1.3
17982,312.0,32,1.0
17983,313.0,32,1.8
17984,314.0,32,2.7
17985,315.0,32,1.9
17986,316.0,32,2.1
17987,317.0,32,2.1
17988,318.0,32,2.1
17989,319.0,32,2.9
17990,320.0,32,1.9
17991,321.0,32,3.0
17992,322.0,32,2.1
17993,323.0,32,1.5
17994,324.0,32,10.0
17995,325.0,32,4.3
17996,326.0,32,6.1
17997,327.0,32,1.7
17998,328.0,32,4.8
17999,329.0,32,18.0
18000,330.0,32,10.2
18001,331.0,32,7.4
18002,332.0,32,6.9
18003,333.0,32,3.0
18004,334.0,32,2.2
18005,335.0,32,2.6
18006,336.0,32,3.0
18007,337.0,32,1.7
18008,338.0,32,1.2
18009,339.0,32,18.9
18010,340.0,32,6.4
18011,341.0,32,8.0
18012,342.0,32,7.3
18013,343.0,32,7.4
18014,344.0,32,12.0
18015,345.0,32,42.0
18016,346.0,32,3.6
18017,347.0,32,2.1
18018,348.0,32,2.5
18019,349.0,32,14.0
18020,350.0,32,14.0
18021,351.0,32,1.0
18022,352.0,32,0.32
18023,353.0,32,1.3
18024,354.0,32,1.3
18025,355.0,32,0.32
18026,356.0,32,1.0
18027,357.0,32,3.3
18028,358.0,32,1.3
18029,359.0,32,3.3
18030,360.0,32,4.2
18031,361.0,32,3.1
18032,362.0,32,1.2
18033,363.0,32,0.87
18034,364.0,32,1.0
18035,365.0,32,1.0
18036,366.0,32,1.3
18037,367.0,32,1.0
18038,368.0,32,1.2
18039,369.0,32,0.7
18040,370.0,32,0.7
18041,371.0,32,1.0
18042,372.0,32,0.7
18043,373.0,32,0.5
18044,374.0,32,0.84
18045,375.0,32,0.3
18046,376.0,32,2.2
18047,377.0,32,1.0
18048,378.0,32,1.2
18049,379.0,32,0.2
18050,380.0,32,0.32
18051,381.0,32,0.13
18052,382.0,32,2.2
18053,383.0,32,1.1
18054,384.0,32,0.9
18055,385.0,32,1.5
18056,386.0,32,0.21
18057,387.0,32,0.0
18058,388.0,32,0.77
18059,389.0,32,0.9
18060,390.0,32,0.3
18061,391.0,32,0.75
18062,392.0,32,0.5
18063,393.0,32,0.0
18064,394.0,32,0.6
18065,395.0,32,4.2
18066,396.0,32,1.0
18067,397.0,32,1.2
18068,398.0,32,1.0
18069,399.0,32,1.0
18070,400.0,32,1.2
18071,401.0,32,0.0
18072,402.0,32,2.6
18073,403.0,32,2.9
18074,404.0,32,0.9
18075,405.0,32,2.9
18076,406.0,32,3.6
18077,407.0,32,0.03
18078,408.0,32,0.04
18079,409.0,32,0.023
18080,410.0,32,0.0
18081,411.0,32,0.03
18082,412.0,32,0.0
18083,413.0,32,0.0
18084,414.0,32,0.0
18085,415.0,32,0.0
18086,416.0,32,0.4
18087,417.0,32,0.0
18088,418.0,32,0.0
18089,419.0,32,0.0
18090,420.0,32,0.0
18091,421.0,32,0.0
18092,422.0,32,0.0
18093,423.0,32,0.02
18094,424.0,32,1.1
18095,425.0,32,0.02
18096,426.0,32,0.3
18097,427.0,32,0.06
18098,428.0,32,0.0
18099,429.0,32,0.06
18100,430.0,32,0.06
18101,431.0,32,0.0
18102,432.0,32,0.0
18103,433.0,32,0.1
18104,434.0,32,5.7
18105,435.0,32,3.2
18106,436.0,32,42.0
18107,437.0,32,11.1
18108,438.0,32,38.1
18109,439.0,32,14.0
18110,440.0,32,1.6
18111,441.0,32,1.5
18112,442.0,32,1.8
18113,443.0,32,11.8
18114,444.0,32,55.0
18115,445.0,32,48.8
18116,446.0,32,1.6
18117,447.0,32,1.0
18118,448.0,32,0.5
18119,449.0,32,0.4
18120,450.0,32,19.8
18121,451.0,32,43.0
18122,452.0,32,3.7
18123,453.0,32,3.8
18124,454.0,32,82.7
18125,455.0,32,5.1
18126,456.0,32,3.0
18127,457.0,32,0.0
18128,458.0,32,44.0
18129,459.0,32,3.6
18130,460.0,32,23.6
18131,461.0,32,14.3
18132,462.0,32,11.2
18133,463.0,32,0.2
18134,464.0,32,0.2
18135,465.0,32,0.2
18136,466.0,32,0.2
18137,467.0,32,0.2
18138,468.0,32,37.0
18139,469.0,32,124.0
18140,470.0,32,0.12
18141,471.0,32,0.5
18142,472.0,32,0.72
18143,473.0,32,0.5
18144,474.0,32,0.45
18145,475.0,32,0.1
18146,476.0,32,0.0
18147,477.0,32,0.9
18148,478.0,32,0.4
18149,479.0,32,0.3
18150,480.0,32,2.9
18151,481.0,32,0.85
18152,482.0,32,1.1
18153,483.0,32,0.9
18154,484.0,32,0.2
18155,485.0,32,1.4
18156,486.0,32,1.6
18157,487.0,32,0.3
18158,488.0,32,1.1
18159,489.0,32,0.1
18160,490.0,32,2.7
18161,491.0,32,0.7
18162,492.0,32,5.3
18163,493.0,32,0.0
18164,494.0,32,0.0
18165,495.0,32,0.0
18166,496.0,32,0.0
18167,497.0,32,0.0
18168,498.0,32,0.0
18169,499.0,32,0.0
18170,500.0,32,6.7
18171,501.0,32,1.3
18172,502.0,32,0.98
18173,503.0,32,9.9
18174,504.0,32,10.2
18175,505.0,32,13.5
18176,506.0,32,2.0
18177,507.0,32,9.7
18178,508.0,32,16.8
18179,509.0,32,1.6
18180,510.0,32,0.17
18181,511.0,32,2.0
18182,512.0,32,0.2
18183,513.0,32,15.0
18184,514.0,32,1.3
18185,515.0,32,3.2
18186,516.0,32,2.1
18187,517.0,32,2.0
18188,518.0,32,3.2
18189,519.0,32,0.4
18190,520.0,32,0.0
18191,521.0,32,0.0
18192,522.0,32,0.2
18193,523.0,32,1.0
18194,524.0,32,0.0
18195,525.0,32,0.0
18196,526.0,32,0.0
18197,527.0,32,0.0
18198,528.0,32,0.0
18199,529.0,32,0.0
18200,530.0,32,0.0
18201,531.0,32,0.0
18202,532.0,32,0.2
18203,533.0,32,0.0
18204,534.0,32,0.0
18205,535.0,32,0.03
18206,536.0,32,0.03
18207,537.0,32,0.03
18208,538.0,32,0.03
18209,539.0,32,0.06
18210,540.0,32,0.0
18211,541.0,32,0.01
18212,542.0,32,0.0
18213,543.0,32,0.4
18214,544.0,32,0.0
18215,545.0,32,17.0
18216,546.0,32,3.8
18217,547.0,32,0.65
18218,548.0,32,17.0
18219,549.0,32,4.4
18220,550.0,32,17.0
18221,551.0,32,0.29
18222,552.0,32,0.0
18223,553.0,32,0.0
18224,554.0,32,0.6
18225,555.0,32,1.2
18226,556.0,32,0.2
18227,557.0,32,1.6
18228,558.0,32,0.1
18229,559.0,32,0.0
18230,560.0,32,0.15
18231,561.0,32,0.0
18232,562.0,32,0.0
18233,563.0,32,0.26
18234,564.0,32,0.43
18235,565.0,32,0.29
18236,566.0,32,0.57
18237,567.0,32,0.29
18238,568.0,32,0.43
18239,569.0,32,0.46
18240,570.0,32,0.43
18241,1.0,33,0.0
18242,2.0,33,14.0
18243,3.0,33,14.0
18244,4.0,33,2.2
18245,5.0,33,7.7
18246,6.0,33,0.0
18247,7.0,33,10.0
18248,8.0,33,2.5
18249,9.0,33,0.0
18250,10.0,33,0.0
18251,11.0,33,80.0
18252,12.0,33,10.0
18253,13.0,33,0.0
18254,14.0,33,0.0
18255,15.0,33,1.0
18256,16.0,33,2.0
18257,17.0,33,1.0
18258,18.0,33,0.0
18259,19.0,33,5.1
18260,20.0,33,17.2
18261,21.0,33,7.2
18262,22.0,33,4.7
18263,23.0,33,5.0
18264,24.0,33,6.0
18265,25.0,33,7.0
18266,26.0,33,7.0
18267,27.0,33,0.0
18268,28.0,33,0.0
18269,29.0,33,0.0
18270,30.0,33,10.0
18271,31.0,33,9.3
18272,32.0,33,1.0
18273,33.0,33,0.0
18274,34.0,33,0.0
18275,35.0,33,2.6
18276,36.0,33,0.0
18277,37.0,33,19.0
18278,38.0,33,0.0
18279,39.0,33,0.0
18280,40.0,33,10.0
18281,41.0,33,0.0
18282,42.0,33,10.0
18283,43.0,33,0.0
18284,44.0,33,1.9
18285,45.0,33,10.0
18286,46.0,33,10.0
18287,47.0,33,0.0
18288,48.0,33,0.0
18289,49.0,33,1.0
18290,50.0,33,10.0
18291,51.0,33,0.0
18292,52.0,33,0.0
18293,53.0,33,0.0
18294,54.0,33,0.0
18295,55.0,33,0.0
18296,56.0,33,0.0
18297,57.0,33,1.0
18298,58.0,33,1.0
18299,59.0,33,1.0
18300,60.0,33,1.0
18301,61.0,33,0.0
18302,62.0,33,1.5
18303,63.0,33,2.0
18304,64.0,33,0.0
18305,65.0,33,1.8
18306,66.0,33,2.0
18307,67.0,33,1.5
18308,68.0,33,6.3
18309,69.0,33,2.0
18310,70.0,33,15.7
18311,71.0,33,2.4
18312,72.0,33,0.0
18313,73.0,33,0.0
18314,74.0,33,2.0
18315,75.0,33,2.6
18316,76.0,33,1.2
18317,77.0,33,0.4
18318,78.0,33,0.0
18319,79.0,33,0.0
18320,80.0,33,6.5
18321,81.0,33,1.0
18322,82.0,33,2.8
18323,83.0,33,2.0
18324,84.0,33,0.5
18325,85.0,33,2.1
18326,86.0,33,5.4
18327,87.0,33,1.7
18328,88.0,33,1.4
18329,89.0,33,0.0
18330,90.0,33,0.4
18331,91.0,33,0.4
18332,92.0,33,0.4
18333,93.0,33,5.4
18334,94.0,33,39.1
18335,95.0,33,4.7
18336,96.0,33,1.0
18337,97.0,33,0.98
18338,98.0,33,1.4
18339,99.0,33,12.0
18340,100.0,33,0.0
18341,101.0,33,15.0
18342,102.0,33,2.0
18343,103.0,33,1.4
18344,104.0,33,8.9
18345,105.0,33,1.0
18346,106.0,33,1.0
18347,107.0,33,0.0
18348,108.0,33,3.0
18349,109.0,33,0.7
18350,110.0,33,4.5
18351,111.0,33,5.9
18352,112.0,33,3.0
18353,113.0,33,12.0
18354,114.0,33,4.0
18355,115.0,33,4.0
18356,116.0,33,3.6
18357,117.0,33,3.0
18358,118.0,33,2.9
18359,119.0,33,0.0
18360,120.0,33,0.3
18361,121.0,33,0.78
18362,122.0,33,0.17
18363,123.0,33,8.6
18364,124.0,33,2.0
18365,125.0,33,2.2
18366,126.0,33,2.0
18367,127.0,33,0.0
18368,128.0,33,2.0
18369,129.0,33,7.0
18370,130.0,33,0.0
18371,131.0,33,0.0
18372,132.0,33,0.0
18373,133.0,33,2.7
18374,134.0,33,2.7
18375,135.0,33,2.7
18376,136.0,33,2.7
18377,137.0,33,2.7
18378,138.0,33,2.7
18379,139.0,33,2.7
18380,140.0,33,0.0
18381,141.0,33,2.7
18382,142.0,33,14.0
18383,143.0,33,1.0
18384,144.0,33,1.0
18385,145.0,33,3.0
18386,146.0,33,1.0
18387,147.0,33,2.0
18388,148.0,33,1.0
18389,149.0,33,0.5
18390,150.0,33,1.0
18391,151.0,33,3.0
18392,152.0,33,0.0
18393,153.0,33,1.2
18394,154.0,33,1.5
18395,155.0,33,1.4
18396,156.0,33,1.2
18397,157.0,33,3.0
18398,,33,2.7
18399,159.0,33,0.0
18400,160.0,33,1.0
18401,161.0,33,1.0
18402,162.0,33,0.0
18403,163.0,33,1.5
18404,164.0,33,0.33
18405,165.0,33,1.5
18406,166.0,33,1.5
18407,167.0,33,0.0
18408,168.0,33,0.0
18409,169.0,33,1.1
18410,170.0,33,0.0
18411,171.0,33,2.4
18412,172.0,33,0.55
18413,173.0,33,0.0
18414,174.0,33,0.4
18415,175.0,33,2.1
18416,176.0,33,3.0
18417,177.0,33,1.0
18418,178.0,33,1.0
18419,179.0,33,2.1
18420,180.0,33,4.3
18421,181.0,33,2.4
18422,182.0,33,0.0
18423,183.0,33,1.3
18424,184.0,33,1.5
18425,185.0,33,0.0
18426,186.0,33,2.0
18427,187.0,33,2.0
18428,188.0,33,2.0
18429,189.0,33,1.5
18430,190.0,33,1.5
18431,191.0,33,13.0
18432,192.0,33,19.0
18433,193.0,33,13.0
18434,194.0,33,0.02
18435,195.0,33,0.0
18436,196.0,33,2.0
18437,197.0,33,2.1
18438,198.0,33,2.1
18439,199.0,33,0.0
18440,200.0,33,0.0
18441,201.0,33,0.0
18442,202.0,33,0.0
18443,203.0,33,0.0
18444,204.0,33,1.0
18445,205.0,33,1.0
18446,206.0,33,6.7
18447,207.0,33,74.0
18448,208.0,33,89.0
18449,209.0,33,4.1
18450,210.0,33,5.0
18451,211.0,33,11.1
18452,212.0,33,9.0
18453,213.0,33,8.6
18454,214.0,33,11.1
18455,215.0,33,150.0
18456,216.0,33,27.0
18457,217.0,33,27.0
18458,218.0,33,9.0
18459,219.0,33,11.0
18460,220.0,33,8.6
18461,221.0,33,2.9
18462,222.0,33,2.0
18463,223.0,33,9.0
18464,224.0,33,39.0
18465,225.0,33,2.0
18466,226.0,33,2.0
18467,227.0,33,2.0
18468,228.0,33,2.0
18469,229.0,33,4.9
18470,230.0,33,0.0
18471,231.0,33,0.0
18472,232.0,33,2.0
18473,233.0,33,2.0
18474,234.0,33,0.0
18475,235.0,33,0.0
18476,237.0,33,2.0
18477,237.0,33,2.0
18478,238.0,33,10.0
18479,239.0,33,0.0
18480,240.0,33,0.0
18481,241.0,33,19.0
18482,242.0,33,14.4
18483,243.0,33,5.0
18484,244.0,33,5.3
18485,245.0,33,5.0
18486,246.0,33,5.3
18487,247.0,33,5.0
18488,248.0,33,28.6
18489,249.0,33,6.0
18490,250.0,33,4.0
18491,251.0,33,4.0
18492,252.0,33,4.0
18493,253.0,33,4.0
18494,254.0,33,3.7
18495,255.0,33,4.0
18496,256.0,33,4.0
18497,257.0,33,6.8
18498,258.0,33,13.0
18499,259.0,33,1.0
18500,260.0,33,5.7
18501,261.0,33,6.9
18502,262.0,33,2.0
18503,263.0,33,6.9
18504,264.0,33,2.0
18505,265.0,33,6.9
18506,266.0,33,0.0
18507,267.0,33,0.0
18508,268.0,33,0.0
18509,269.0,33,2.0
18510,270.0,33,2.0
18511,271.0,33,2.0
18512,272.0,33,6.9
18513,273.0,33,6.9
18514,274.0,33,13.0
18515,275.0,33,2.0
18516,276.0,33,2.4
18517,277.0,33,3.0
18518,278.0,33,2.0
18519,279.0,33,2.6
18520,280.0,33,2.0
18521,281.0,33,0.0
18522,282.0,33,11.0
18523,283.0,33,2.4
18524,284.0,33,11.0
18525,285.0,33,5.4
18526,286.0,33,2.3
18527,287.0,33,5.0
18528,288.0,33,0.0
18529,289.0,33,0.0
18530,290.0,33,11.0
18531,291.0,33,3.6
18532,292.0,33,10.9
18533,293.0,33,10.9
18534,294.0,33,11.0
18535,295.0,33,11.0
18536,296.0,33,11.4
18537,297.0,33,3.8
18538,298.0,33,10.9
18539,299.0,33,4.9
18540,300.0,33,8.6
18541,301.0,33,0.0
18542,302.0,33,15.0
18543,303.0,33,1.8
18544,304.0,33,14.7
18545,305.0,33,5.0
18546,306.0,33,5.0
18547,307.0,33,1.8
18548,308.0,33,5.0
18549,309.0,33,5.0
18550,310.0,33,2.0
18551,311.0,33,5.0
18552,312.0,33,5.0
18553,313.0,33,5.6
18554,314.0,33,6.0
18555,315.0,33,6.0
18556,316.0,33,6.0
18557,317.0,33,6.0
18558,318.0,33,2.8
18559,319.0,33,2.8
18560,320.0,33,6.0
18561,321.0,33,3.0
18562,322.0,33,3.0
18563,323.0,33,2.6
18564,324.0,33,0.0
18565,325.0,33,0.0
18566,326.0,33,0.0
18567,327.0,33,0.0
18568,328.0,33,0.0
18569,329.0,33,14.0
18570,330.0,33,0.0
18571,331.0,33,3.0
18572,332.0,33,14.0
18573,333.0,33,14.0
18574,334.0,33,14.0
18575,335.0,33,14.0
18576,336.0,33,14.0
18577,337.0,33,0.0
18578,338.0,33,0.0
18579,339.0,33,0.0
18580,340.0,33,0.0
18581,341.0,33,0.0
18582,342.0,33,7.0
18583,343.0,33,7.0
18584,344.0,33,7.0
18585,345.0,33,0.0
18586,346.0,33,0.0
18587,347.0,33,0.0
18588,348.0,33,0.0
18589,349.0,33,27.0
18590,350.0,33,27.0
18591,351.0,33,100.0
18592,352.0,33,64.0
18593,353.0,33,40.0
18594,354.0,33,40.0
18595,355.0,33,64.0
18596,356.0,33,30.0
18597,357.0,33,90.0
18598,358.0,33,100.0
18599,359.0,33,90.0
18600,360.0,33,105.0
18601,361.0,33,58.0
18602,362.0,33,64.0
18603,363.0,33,4.0
18604,364.0,33,10.0
18605,365.0,33,50.0
18606,366.0,33,10.0
18607,367.0,33,20.0
18608,368.0,33,51.0
18609,369.0,33,1.7
18610,370.0,33,4.0
18611,371.0,33,48.0
18612,372.0,33,48.0
18613,373.0,33,2.0
18614,374.0,33,28.3
18615,375.0,33,190.0
18616,376.0,33,28.9
18617,377.0,33,7.0
18618,378.0,33,11.4
18619,379.0,33,103.0
18620,380.0,33,170.0
18621,381.0,33,3.0
18622,382.0,33,7.0
18623,383.0,33,27.0
18624,384.0,33,7.0
18625,385.0,33,330.0
18626,386.0,33,8.0
18627,387.0,33,0.0
18628,388.0,33,27.0
18629,389.0,33,53.0
18630,390.0,33,0.0
18631,391.0,33,3.0
18632,392.0,33,16.0
18633,393.0,33,0.0
18634,394.0,33,28.0
18635,395.0,33,18.8
18636,396.0,33,13.0
18637,397.0,33,34.2
18638,398.0,33,13.0
18639,399.0,33,37.0
18640,400.0,33,37.0
18641,401.0,33,0.0
18642,402.0,33,17.9
18643,403.0,33,33.4
18644,404.0,33,10.0
18645,405.0,33,33.4
18646,406.0,33,170.0
18647,407.0,33,0.0
18648,408.0,33,0.0
18649,409.0,33,0.4
18650,410.0,33,0.0
18651,411.0,33,0.0
18652,412.0,33,0.0
18653,413.0,33,0.0
18654,414.0,33,0.0
18655,415.0,33,0.0
18656,416.0,33,0.0
18657,417.0,33,0.0
18658,418.0,33,0.0
18659,419.0,33,0.0
18660,420.0,33,0.0
18661,421.0,33,0.0
18662,422.0,33,0.0
18663,423.0,33,1.8
18664,424.0,33,0.0
18665,425.0,33,38.0
18666,426.0,33,26.0
18667,427.0,33,26.0
18668,428.0,33,26.0
18669,429.0,33,26.0
18670,430.0,33,26.0
18671,431.0,33,0.0
18672,432.0,33,0.0
18673,433.0,33,9.7
18674,434.0,33,0.0
18675,435.0,33,0.0
18676,436.0,33,0.0
18677,437.0,33,0.0
18678,438.0,33,0.0
18679,439.0,33,0.0
18680,440.0,33,0.0
18681,441.0,33,0.0
18682,442.0,33,0.0
18683,443.0,33,0.0
18684,444.0,33,0.0
18685,445.0,33,0.0
18686,446.0,33,0.0
18687,447.0,33,0.0
18688,448.0,33,0.0
18689,449.0,33,20.0
18690,450.0,33,0.0
18691,451.0,33,0.0
18692,452.0,33,0.0
18693,453.0,33,0.0
18694,454.0,33,0.0
18695,455.0,33,0.0
18696,456.0,33,0.0
18697,457.0,33,0.0
18698,458.0,33,0.0
18699,459.0,33,3.4
18700,460.0,33,0.0
18701,461.0,33,0.0
18702,462.0,33,0.0
18703,463.0,33,44.0
18704,464.0,33,44.0
18705,465.0,33,44.0
18706,466.0,33,6000.0
18707,467.0,33,6000.0
18708,468.0,33,0.0
18709,469.0,33,0.0
18710,470.0,33,0.0
18711,471.0,33,0.0
18712,472.0,33,0.0
18713,473.0,33,0.0
18714,474.0,33,0.0
18715,475.0,33,32.0
18716,476.0,33,6.0
18717,477.0,33,0.0
18718,478.0,33,35.0
18719,479.0,33,35.0
18720,480.0,33,0.0
18721,481.0,33,0.53
18722,482.0,33,0.0
18723,483.0,33,0.0
18724,484.0,33,19.0
18725,485.0,33,4.0
18726,486.0,33,0.0
18727,487.0,33,5.3
18728,488.0,33,0.0
18729,489.0,33,14.8
18730,490.0,33,0.0
18731,491.0,33,5.3
18732,492.0,33,0.0
18733,493.0,33,0.0
18734,494.0,33,0.0
18735,495.0,33,0.0
18736,496.0,33,0.0
18737,497.0,33,0.0
18738,498.0,33,0.0
18739,499.0,33,0.0
18740,500.0,33,0.62
18741,501.0,33,0.12
18742,502.0,33,0.089
18743,503.0,33,1.1
18744,504.0,33,1.1
18745,505.0,33,2.3
18746,506.0,33,0.2
18747,507.0,33,0.95
18748,508.0,33,4.6
18749,509.0,33,7.2
18750,510.0,33,0.0
18751,511.0,33,5.0
18752,512.0,33,0.0
18753,513.0,33,0.0
18754,514.0,33,0.0
18755,515.0,33,0.0
18756,516.0,33,0.0
18757,517.0,33,0.0
18758,518.0,33,0.0
18759,519.0,33,0.0
18760,520.0,33,0.0
18761,521.0,33,0.0
18762,522.0,33,0.0
18763,523.0,33,0.0
18764,524.0,33,0.0
18765,525.0,33,0.0
18766,526.0,33,0.0
18767,527.0,33,0.0
18768,528.0,33,0.0
18769,529.0,33,0.0
18770,530.0,33,0.0
18771,531.0,33,1.0
18772,532.0,33,1.5
18773,533.0,33,0.0
18774,534.0,33,0.0
18775,535.0,33,0.0
18776,536.0,33,0.0
18777,537.0,33,0.0
18778,538.0,33,0.0
18779,539.0,33,0.0
18780,540.0,33,0.0
18781,541.0,33,0.0
18782,542.0,33,0.0
18783,543.0,33,3.0
18784,544.0,33,0.0
18785,545.0,33,3.3
18786,546.0,33,0.0
18787,547.0,33,0.13
18788,548.0,33,3.3
18789,549.0,33,0.0
18790,550.0,33,11.0
18791,551.0,33,0.5
18792,552.0,33,0.0
18793,553.0,33,0.0
18794,554.0,33,0.0
18795,555.0,33,0.0
18796,556.0,33,0.0
18797,557.0,33,0.0
18798,558.0,33,0.0
18799,559.0,33,0.0
18800,560.0,33,2.0
18801,561.0,33,0.0
18802,562.0,33,0.0
18803,563.0,33,1.0
18804,564.0,33,0.0
18805,565.0,33,0.0
18806,566.0,33,1.0
18807,567.0,33,2.0
18808,568.0,33,0.48
18809,569.0,33,7.0
18810,570.0,33,0.24
18811,1.0,34,3.6
18812,2.0,34,1.5
18813,3.0,34,1.8
18814,4.0,34,1.6
18815,5.0,34,3.2
18816,6.0,34,2.1
18817,7.0,34,3.7
18818,8.0,34,0.3
18819,9.0,34,0.8
18820,10.0,34,3.0
18821,11.0,34,1.6
18822,12.0,34,0.78
18823,13.0,34,2.9
18824,14.0,34,0.7
18825,15.0,34,0.3
18826,16.0,34,1.7
18827,17.0,34,0.3
18828,18.0,34,3.1
18829,19.0,34,1.1
18830,20.0,34,0.54
18831,21.0,34,0.7
18832,22.0,34,0.61
18833,23.0,34,0.6
18834,24.0,34,0.7
18835,25.0,34,0.78
18836,26.0,34,0.68
18837,27.0,34,1.0
18838,28.0,34,1.0
18839,29.0,34,1.1
18840,30.0,34,1.0
18841,31.0,34,0.9
18842,32.0,34,1.8
18843,33.0,34,2.1
18844,34.0,34,0.48
18845,35.0,34,1.8
18846,36.0,34,0.0
18847,37.0,34,0.7
18848,38.0,34,0.0
18849,39.0,34,0.83
18850,40.0,34,1.2
18851,41.0,34,1.3
18852,42.0,34,0.76
18853,43.0,34,0.56
18854,44.0,34,0.8
18855,45.0,34,0.5
18856,46.0,34,0.5
18857,47.0,34,0.2
18858,48.0,34,0.39
18859,49.0,34,0.96
18860,50.0,34,1.0
18861,51.0,34,1.3
18862,52.0,34,3.9
18863,53.0,34,0.0
18864,54.0,34,1.5
18865,55.0,34,1.5
18866,56.0,34,1.1
18867,57.0,34,1.2
18868,58.0,34,2.3
18869,59.0,34,2.3
18870,60.0,34,1.4
18871,61.0,34,4.8
18872,62.0,34,3.4
18873,63.0,34,3.1
18874,64.0,34,0.092
18875,65.0,34,2.6
18876,66.0,34,2.8
18877,67.0,34,3.1
18878,68.0,34,4.2
18879,69.0,34,0.3
18880,70.0,34,0.46
18881,71.0,34,0.39
18882,72.0,34,0.54
18883,73.0,34,0.0
18884,74.0,34,0.23
18885,75.0,34,0.34
18886,76.0,34,0.19
18887,77.0,34,0.36
18888,78.0,34,0.12
18889,79.0,34,0.3
18890,80.0,34,0.28
18891,81.0,34,0.32
18892,82.0,34,0.54
18893,83.0,34,0.7
18894,84.0,34,0.24
18895,85.0,34,0.38
18896,86.0,34,0.52
18897,87.0,34,0.6
18898,88.0,34,0.2
18899,89.0,34,0.0
18900,90.0,34,0.2
18901,91.0,34,0.2
18902,92.0,34,0.2
18903,93.0,34,0.2
18904,94.0,34,0.03
18905,95.0,34,1.1
18906,96.0,34,0.1
18907,97.0,34,0.14
18908,98.0,34,0.22
18909,99.0,34,0.7
18910,100.0,34,0.2
18911,101.0,34,0.49
18912,102.0,34,0.24
18913,103.0,34,0.2
18914,104.0,34,0.26
18915,105.0,34,0.3
18916,106.0,34,0.4
18917,107.0,34,0.3
18918,108.0,34,0.22
18919,109.0,34,0.54
18920,110.0,34,0.33
18921,111.0,34,0.32
18922,112.0,34,0.2
18923,113.0,34,0.6
18924,114.0,34,0.7
18925,115.0,34,0.9
18926,116.0,34,0.23
18927,117.0,34,0.23
18928,118.0,34,0.24
18929,119.0,34,0.25
18930,120.0,34,0.14
18931,121.0,34,0.14
18932,122.0,34,0.12
18933,123.0,34,0.31
18934,124.0,34,0.3
18935,125.0,34,0.16
18936,126.0,34,0.2
18937,127.0,34,0.0
18938,128.0,34,0.086
18939,129.0,34,0.0
18940,130.0,34,0.7
18941,131.0,34,3.0
18942,132.0,34,0.1
18943,133.0,34,0.06
18944,134.0,34,0.08
18945,135.0,34,0.05
18946,136.0,34,0.1
18947,137.0,34,0.06
18948,138.0,34,0.06
18949,139.0,34,0.07
18950,140.0,34,0.0
18951,141.0,34,0.04
18952,142.0,34,0.13
18953,143.0,34,0.39
18954,144.0,34,0.4
18955,145.0,34,0.9
18956,146.0,34,0.3
18957,147.0,34,0.25
18958,148.0,34,0.4
18959,149.0,34,0.14
18960,150.0,34,0.13
18961,151.0,34,0.038
18962,152.0,34,0.1
18963,153.0,34,0.087
18964,154.0,34,0.11
18965,155.0,34,0.093
18966,156.0,34,0.79
18967,157.0,34,0.36
18968,,34,0.22
18969,159.0,34,0.23
18970,160.0,34,0.25
18971,161.0,34,0.24
18972,162.0,34,0.56
18973,163.0,34,0.24
18974,164.0,34,0.16
18975,165.0,34,0.11
18976,166.0,34,0.11
18977,167.0,34,0.21
18978,168.0,34,0.09
18979,169.0,34,0.13
18980,170.0,34,0.65
18981,171.0,34,0.09
18982,172.0,34,0.29
18983,173.0,34,0.2
18984,174.0,34,0.19
18985,175.0,34,0.15
18986,176.0,34,0.1
18987,177.0,34,0.05
18988,178.0,34,0.16
18989,179.0,34,0.23
18990,180.0,34,0.13
18991,181.0,34,0.21
18992,182.0,34,0.14
18993,183.0,34,0.066
18994,184.0,34,0.19
18995,185.0,34,0.1
18996,186.0,34,0.2
18997,187.0,34,0.6
18998,188.0,34,3.2
18999,189.0,34,2.1
19000,190.0,34,2.1
19001,191.0,34,3.5
19002,192.0,34,2.9
19003,193.0,34,3.5
19004,194.0,34,2.4
19005,195.0,34,1.1
19006,196.0,34,4.7
19007,197.0,34,2.7
19008,198.0,34,2.7
19009,199.0,34,5.3
19010,200.0,34,5.3
19011,201.0,34,7.6
19012,202.0,34,1.4
19013,203.0,34,1.2
19014,204.0,34,0.06
19015,205.0,34,0.11
19016,206.0,34,0.78
19017,207.0,34,1.0
19018,208.0,34,1.2
19019,209.0,34,0.25
19020,210.0,34,0.43
19021,211.0,34,0.54
19022,212.0,34,0.38
19023,213.0,34,0.52
19024,214.0,34,0.54
19025,215.0,34,4.0
19026,216.0,34,3.1
19027,217.0,34,4.1
19028,218.0,34,0.38
19029,219.0,34,0.9
19030,220.0,34,0.52
19031,221.0,34,0.3
19032,222.0,34,3.0
19033,223.0,34,4.1
19034,224.0,34,3.9
19035,225.0,34,3.0
19036,226.0,34,2.9
19037,227.0,34,0.5
19038,228.0,34,0.5
19039,229.0,34,0.51
19040,230.0,34,0.0
19041,231.0,34,0.0
19042,232.0,34,3.0
19043,233.0,34,2.2
19044,234.0,34,0.0
19045,235.0,34,0.0
19046,237.0,34,3.0
19047,237.0,34,3.0
19048,238.0,34,0.57
19049,239.0,34,0.0
19050,240.0,34,0.0
19051,241.0,34,0.5
19052,242.0,34,0.33
19053,243.0,34,0.5
19054,244.0,34,0.44
19055,245.0,34,0.4
19056,246.0,34,0.44
19057,247.0,34,0.4
19058,248.0,34,0.3
19059,249.0,34,0.52
19060,250.0,34,0.3
19061,251.0,34,0.3
19062,252.0,34,0.3
19063,253.0,34,0.3
19064,254.0,34,0.59
19065,255.0,34,0.3
19066,256.0,34,0.5
19067,257.0,34,0.02
19068,258.0,34,1.5
19069,259.0,34,680.0
19070,260.0,34,1260.0
19071,261.0,34,1.3
19072,262.0,34,0.1
19073,263.0,34,1.0
19074,264.0,34,2.4
19075,265.0,34,0.8
19076,266.0,34,2.3
19077,267.0,34,1.7
19078,268.0,34,2.2
19079,269.0,34,1.8
19080,270.0,34,2.4
19081,271.0,34,1.8
19082,272.0,34,0.8
19083,273.0,34,1.0
19084,274.0,34,1.7
19085,275.0,34,2.7
19086,276.0,34,2.3
19087,277.0,34,1.4
19088,278.0,34,1.3
19089,279.0,34,1.6
19090,280.0,34,2.6
19091,281.0,34,2.3
19092,282.0,34,1.5
19093,283.0,34,2.3
19094,284.0,34,0.6
19095,285.0,34,2.2
19096,286.0,34,6.1
19097,287.0,34,2.8
19098,288.0,34,0.0
19099,289.0,34,1.4
19100,290.0,34,1.4
19101,291.0,34,2.4
19102,292.0,34,1.2
19103,293.0,34,2.8
19104,294.0,34,2.3
19105,295.0,34,3.0
19106,296.0,34,2.2
19107,297.0,34,2.0
19108,298.0,34,1.2
19109,299.0,34,0.88
19110,300.0,34,3.1
19111,301.0,34,0.0
19112,302.0,34,1.7
19113,303.0,34,2.6
19114,304.0,34,1.8
19115,305.0,34,2.0
19116,306.0,34,4.9
19117,307.0,34,1.4
19118,308.0,34,3.9
19119,309.0,34,4.5
19120,310.0,34,2.2
19121,311.0,34,3.9
19122,312.0,34,3.9
19123,313.0,34,3.5
19124,314.0,34,4.3
19125,315.0,34,3.6
19126,316.0,34,4.3
19127,317.0,34,3.6
19128,318.0,34,2.3
19129,319.0,34,7.1
19130,320.0,34,3.6
19131,321.0,34,3.3
19132,322.0,34,3.8
19133,323.0,34,4.7
19134,324.0,34,2.5
19135,325.0,34,2.2
19136,326.0,34,2.1
19137,327.0,34,3.1
19138,328.0,34,2.0
19139,329.0,34,6.5
19140,330.0,34,3.9
19141,331.0,34,3.2
19142,332.0,34,4.8
19143,333.0,34,2.6
19144,334.0,34,2.7
19145,335.0,34,2.3
19146,336.0,34,2.9
19147,337.0,34,1.9
19148,338.0,34,1.0
19149,339.0,34,2.0
19150,340.0,34,1.8
19151,341.0,34,1.6
19152,342.0,34,2.7
19153,343.0,34,2.4
19154,344.0,34,1.8
19155,345.0,34,0.33
19156,346.0,34,1.6
19157,347.0,34,1.4
19158,348.0,34,1.3
19159,349.0,34,1.2
19160,350.0,34,1.2
19161,351.0,34,1.6
19162,352.0,34,1.1
19163,353.0,34,3.8
19164,354.0,34,5.5
19165,355.0,34,1.1
19166,356.0,34,0.8
19167,357.0,34,1.1
19168,358.0,34,5.7
19169,359.0,34,1.1
19170,360.0,34,1.8
19171,361.0,34,22.0
19172,362.0,34,1.7
19173,363.0,34,2.0
19174,364.0,34,1.8
19175,365.0,34,0.5
19176,366.0,34,0.7
19177,367.0,34,0.46
19178,368.0,34,0.52
19179,369.0,34,0.9
19180,370.0,34,2.0
19181,371.0,34,0.29
19182,372.0,34,0.5
19183,373.0,34,0.7
19184,374.0,34,0.72
19185,375.0,34,0.3
19186,376.0,34,0.89
19187,377.0,34,0.5
19188,378.0,34,1.4
19189,379.0,34,0.43
19190,380.0,34,0.4
19191,381.0,34,0.51
19192,382.0,34,0.3
19193,383.0,34,0.37
19194,384.0,34,0.5
19195,385.0,34,0.6
19196,386.0,34,0.24
19197,387.0,34,0.48
19198,388.0,34,0.38
19199,389.0,34,0.53
19200,390.0,34,0.31
19201,391.0,34,0.98
19202,392.0,34,0.4
19203,393.0,34,0.0
19204,394.0,34,0.4
19205,395.0,34,3.4
19206,396.0,34,0.7
19207,397.0,34,0.3
19208,398.0,34,0.7
19209,399.0,34,1.1
19210,400.0,34,1.1
19211,401.0,34,0.0
19212,402.0,34,1.8
19213,403.0,34,2.8
19214,404.0,34,0.4
19215,405.0,34,2.8
19216,406.0,34,1.6
19217,407.0,34,0.01
19218,408.0,34,0.0
19219,409.0,34,0.05
19220,410.0,34,0.0
19221,411.0,34,0.0
19222,412.0,34,0.0
19223,413.0,34,0.07
19224,414.0,34,0.0
19225,415.0,34,0.0
19226,416.0,34,0.0
19227,417.0,34,0.0
19228,418.0,34,0.0
19229,419.0,34,0.0
19230,420.0,34,0.0
19231,421.0,34,0.0
19232,422.0,34,0.0
19233,423.0,34,0.09
19234,424.0,34,0.26
19235,425.0,34,0.09
19236,426.0,34,0.0
19237,427.0,34,0.0
19238,428.0,34,0.0
19239,429.0,34,0.0
19240,430.0,34,0.0
19241,431.0,34,0.0
19242,432.0,34,0.0
19243,433.0,34,0.0
19244,434.0,34,3.0
19245,435.0,34,0.81
19246,436.0,34,5.8
19247,437.0,34,1.1
19248,438.0,34,2.0
19249,439.0,34,7.5
19250,440.0,34,89.0
19251,441.0,34,0.4
19252,442.0,34,0.5
19253,443.0,34,2.3
19254,444.0,34,4.5
19255,445.0,34,3.3
19256,446.0,34,0.8
19257,447.0,34,0.26
19258,448.0,34,0.5
19259,449.0,34,0.24
19260,450.0,34,3.6
19261,451.0,34,3.7
19262,452.0,34,2.1
19263,453.0,34,0.0
19264,454.0,34,3.6
19265,455.0,34,1.1
19266,456.0,34,2.2
19267,457.0,34,0.9
19268,458.0,34,4.4
19269,459.0,34,0.74
19270,460.0,34,4.1
19271,461.0,34,1.1
19272,462.0,34,1.4
19273,463.0,34,0.1
19274,464.0,34,0.1
19275,465.0,34,0.1
19276,466.0,34,0.1
19277,467.0,34,0.1
19278,468.0,34,5.3
19279,469.0,34,0.0
19280,470.0,34,0.11
19281,471.0,34,0.1
19282,472.0,34,0.08
19283,473.0,34,0.1
19284,474.0,34,0.03
19285,475.0,34,0.1
19286,476.0,34,0.2
19287,477.0,34,0.1
19288,478.0,34,0.1
19289,479.0,34,0.1
19290,480.0,34,1.0
19291,481.0,34,0.08
19292,482.0,34,0.2
19293,483.0,34,0.2
19294,484.0,34,0.4
19295,485.0,34,1.7
19296,486.0,34,0.0
19297,487.0,34,0.7
19298,488.0,34,0.11
19299,489.0,34,0.6
19300,490.0,34,0.2
19301,491.0,34,0.8
19302,492.0,34,0.19
19303,493.0,34,0.0
19304,494.0,34,0.0
19305,495.0,34,0.0
19306,496.0,34,0.0
19307,497.0,34,0.0
19308,498.0,34,0.0
19309,499.0,34,0.0
19310,500.0,34,0.0
19311,501.0,34,6.0
19312,502.0,34,6.0
19313,503.0,34,23.0
19314,504.0,34,28.0
19315,505.0,34,25.0
19316,506.0,34,0.0
19317,507.0,34,9.0
19318,508.0,34,2.0
19319,509.0,34,4.1
19320,510.0,34,0.79
19321,511.0,34,1.5
19322,512.0,34,0.0
19323,513.0,34,12.5
19324,514.0,34,0.7
19325,515.0,34,0.5
19326,516.0,34,1.0
19327,517.0,34,0.59
19328,518.0,34,0.0
19329,519.0,34,0.2
19330,520.0,34,0.0
19331,521.0,34,0.0
19332,522.0,34,0.4
19333,523.0,34,0.6
19334,524.0,34,0.0
19335,525.0,34,0.0
19336,526.0,34,0.0
19337,527.0,34,0.0
19338,528.0,34,0.0
19339,529.0,34,0.0
19340,530.0,34,0.0
19341,531.0,34,8.0
19342,532.0,34,0.11
19343,533.0,34,0.06
19344,534.0,34,0.06
19345,535.0,34,0.01
19346,536.0,34,0.03
19347,537.0,34,0.01
19348,538.0,34,0.08
19349,539.0,34,0.0
19350,540.0,34,0.0
19351,541.0,34,0.0
19352,542.0,34,0.0
19353,543.0,34,0.2
19354,544.0,34,0.0
19355,545.0,34,0.71
19356,546.0,34,0.11
19357,547.0,34,0.027
19358,548.0,34,0.71
19359,549.0,34,0.48
19360,550.0,34,3.2
19361,551.0,34,0.1
19362,552.0,34,0.0
19363,553.0,34,0.0
19364,554.0,34,0.5
19365,555.0,34,1.0
19366,556.0,34,0.13
19367,557.0,34,0.67
19368,558.0,34,0.0
19369,559.0,34,1.0
19370,560.0,34,0.11
19371,561.0,34,0.0
19372,562.0,34,0.0
19373,563.0,34,0.12
19374,564.0,34,0.04
19375,565.0,34,0.081
19376,566.0,34,0.11
19377,567.0,34,0.06
19378,568.0,34,0.04
19379,569.0,34,0.18
19380,570.0,34,0.04
19381,1.0,35,111.0
19382,2.0,35,31.0
19383,3.0,35,31.0
19384,4.0,35,110.0
19385,5.0,35,129.0
19386,6.0,35,79.0
19387,7.0,35,121.0
19388,8.0,35,2.0
19389,9.0,35,35.0
19390,10.0,35,82.0
19391,11.0,35,47.0
19392,12.0,35,23.0
19393,13.0,35,120.0
19394,14.0,35,103.0
19395,15.0,35,22.0
19396,16.0,35,93.0
19397,17.0,35,33.0
19398,18.0,35,197.0
19399,19.0,35,47.0
19400,20.0,35,16.0
19401,21.0,35,14.6
19402,22.0,35,25.1
19403,23.0,35,26.0
19404,24.0,35,28.0
19405,25.0,35,25.0
19406,26.0,35,26.0
19407,27.0,35,68.0
19408,28.0,35,41.0
19409,29.0,35,40.0
19410,30.0,35,18.1
19411,31.0,35,33.0
19412,32.0,35,76.0
19413,33.0,35,89.0
19414,34.0,35,12.0
19415,35.0,35,34.0
19416,36.0,35,0.0
19417,37.0,35,31.0
19418,38.0,35,0.0
19419,39.0,35,44.0
19420,40.0,35,48.0
19421,41.0,35,42.0
19422,42.0,35,46.0
19423,43.0,35,18.0
19424,44.0,35,91.0
19425,45.0,35,18.0
19426,46.0,35,18.0
19427,47.0,35,15.0
19428,48.0,35,28.0
19429,49.0,35,19.0
19430,50.0,35,9.6
19431,51.0,35,56.0
19432,52.0,35,240.0
19433,53.0,35,0.0
19434,54.0,35,37.0
19435,55.0,35,36.0
19436,56.0,35,81.0
19437,57.0,35,24.0
19438,58.0,35,23.0
19439,59.0,35,27.0
19440,60.0,35,16.0
19441,61.0,35,198.0
19442,62.0,35,122.0
19443,63.0,35,190.0
19444,64.0,35,54.0
19445,65.0,35,140.0
19446,66.0,35,140.0
19447,67.0,35,129.0
19448,68.0,35,220.0
19449,69.0,35,15.0
19450,70.0,35,12.2
19451,71.0,35,18.0
19452,72.0,35,65.0
19453,73.0,35,3.0
19454,74.0,35,14.0
19455,75.0,35,21.0
19456,76.0,35,9.4
19457,77.0,35,21.0
19458,78.0,35,3.0
19459,79.0,35,21.0
19460,80.0,35,11.2
19461,81.0,35,27.0
19462,82.0,35,66.2
19463,83.0,35,21.0
19464,84.0,35,19.6
19465,85.0,35,9.6
19466,86.0,35,39.3
19467,87.0,35,20.0
19468,88.0,35,20.0
19469,89.0,35,23.0
19470,90.0,35,14.0
19471,91.0,35,14.0
19472,92.0,35,14.0
19473,93.0,35,2.0
19474,94.0,35,76.0
19475,95.0,35,24.1
19476,96.0,35,26.0
19477,97.0,35,12.0
19478,98.0,35,10.8
19479,99.0,35,34.0
19480,100.0,35,52.0
19481,101.0,35,19.0
19482,102.0,35,12.9
19483,103.0,35,8.0
19484,104.0,35,4.2
19485,105.0,35,21.0
19486,106.0,35,24.0
19487,107.0,35,23.0
19488,108.0,35,14.0
19489,109.0,35,22.0
19490,110.0,35,31.0
19491,111.0,35,15.9
19492,112.0,35,13.0
19493,113.0,35,60.0
19494,114.0,35,32.3
19495,115.0,35,28.0
19496,116.0,35,22.2
19497,117.0,35,8.7
19498,118.0,35,13.0
19499,119.0,35,52.0
19500,120.0,35,7.3
19501,121.0,35,12.8
19502,122.0,35,10.5
19503,123.0,35,16.0
19504,124.0,35,8.0
19505,125.0,35,8.3
19506,126.0,35,11.0
19507,127.0,35,0.0
19508,128.0,35,9.5
19509,129.0,35,13.0
19510,130.0,35,63.0
19511,131.0,35,180.0
19512,132.0,35,3.0
19513,133.0,35,4.0
19514,134.0,35,9.8
19515,135.0,35,7.1
19516,136.0,35,30.0
19517,137.0,35,4.0
19518,138.0,35,4.0
19519,139.0,35,10.7
19520,140.0,35,0.0
19521,141.0,35,2.0
19522,142.0,35,57.0
19523,143.0,35,32.0
19524,144.0,35,27.0
19525,145.0,35,90.0
19526,146.0,35,50.0
19527,147.0,35,41.0
19528,148.0,35,30.0
19529,149.0,35,11.0
19530,150.0,35,2.4
19531,151.0,35,8.0
19532,152.0,35,8.0
19533,153.0,35,13.0
19534,154.0,35,17.3
19535,155.0,35,7.9
19536,156.0,35,39.0
19537,157.0,35,30.0
19538,,35,13.3
19539,159.0,35,3.0
19540,160.0,35,17.0
19541,161.0,35,13.0
19542,162.0,35,13.0
19543,163.0,35,20.0
19544,164.0,35,14.9
19545,165.0,35,8.0
19546,166.0,35,28.0
19547,167.0,35,11.0
19548,168.0,35,10.9
19549,169.0,35,5.6
19550,170.0,35,29.0
19551,171.0,35,8.8
19552,172.0,35,11.8
19553,173.0,35,8.2
19554,174.0,35,30.0
19555,175.0,35,15.2
19556,176.0,35,10.0
19557,177.0,35,10.0
19558,178.0,35,11.0
19559,179.0,35,8.4
19560,180.0,35,16.9
19561,181.0,35,36.4
19562,182.0,35,37.0
19563,183.0,35,9.6
19564,184.0,35,9.2
19565,185.0,35,92.0
19566,186.0,35,10.0
19567,187.0,35,4.0
19568,188.0,35,270.0
19569,189.0,35,156.0
19570,190.0,35,156.0
19571,191.0,35,210.0
19572,192.0,35,180.0
19573,193.0,35,210.0
19574,194.0,35,34.3
19575,195.0,35,100.0
19576,196.0,35,125.0
19577,197.0,35,121.0
19578,198.0,35,121.0
19579,199.0,35,129.0
19580,200.0,35,129.0
19581,201.0,35,550.0
19582,202.0,35,122.0
19583,203.0,35,158.0
19584,204.0,35,8.0
19585,205.0,35,10.9
19586,206.0,35,27.0
19587,207.0,35,29.0
19588,208.0,35,33.0
19589,209.0,35,11.0
19590,210.0,35,11.0
19591,211.0,35,28.6
19592,212.0,35,11.6
19593,213.0,35,11.9
19594,214.0,35,28.6
19595,215.0,35,130.0
19596,216.0,35,89.0
19597,217.0,35,105.0
19598,218.0,35,11.6
19599,219.0,35,29.0
19600,220.0,35,11.9
19601,221.0,35,11.0
19602,222.0,35,41.0
19603,223.0,35,39.0
19604,224.0,35,30.0
19605,225.0,35,41.0
19606,226.0,35,26.0
19607,227.0,35,16.0
19608,228.0,35,26.0
19609,229.0,35,30.1
19610,230.0,35,0.0
19611,231.0,35,0.0
19612,232.0,35,41.0
19613,233.0,35,24.0
19614,234.0,35,0.0
19615,235.0,35,0.0
19616,237.0,35,41.0
19617,237.0,35,41.0
19618,238.0,35,12.0
19619,239.0,35,14.0
19620,240.0,35,0.0
19621,241.0,35,13.9
19622,242.0,35,12.8
19623,243.0,35,15.0
19624,244.0,35,13.7
19625,245.0,35,17.0
19626,246.0,35,13.7
19627,247.0,35,3.3
19628,248.0,35,12.8
19629,249.0,35,14.2
19630,250.0,35,14.0
19631,251.0,35,12.0
19632,252.0,35,11.0
19633,253.0,35,13.0
19634,254.0,35,14.3
19635,255.0,35,14.0
19636,256.0,35,12.0
19637,257.0,35,12.0
19638,258.0,35,13.0
19639,259.0,35,740.0
19640,260.0,35,886.0
19641,261.0,35,18.0
19642,262.0,35,31.0
19643,263.0,35,18.7
19644,264.0,35,17.0
19645,265.0,35,21.0
19646,266.0,35,24.0
19647,267.0,35,18.0
19648,268.0,35,22.0
19649,269.0,35,22.0
19650,270.0,35,20.0
19651,271.0,35,20.0
19652,272.0,35,21.0
19653,273.0,35,19.0
19654,274.0,35,15.0
19655,275.0,35,18.0
19656,276.0,35,23.2
19657,277.0,35,24.0
19658,278.0,35,22.0
19659,279.0,35,16.0
19660,280.0,35,30.0
19661,281.0,35,18.0
19662,282.0,35,13.0
19663,283.0,35,23.2
19664,284.0,35,4.0
19665,285.0,35,15.7
19666,286.0,35,23.3
19667,287.0,35,22.0
19668,288.0,35,15.0
19669,289.0,35,9.0
19670,290.0,35,23.0
19671,291.0,35,7.5
19672,292.0,35,10.3
19673,293.0,35,17.5
19674,294.0,35,18.0
19675,295.0,35,1.6
19676,296.0,35,17.1
19677,297.0,35,21.3
19678,298.0,35,200.0
19679,299.0,35,14.6
19680,300.0,35,11.0
19681,301.0,35,0.0
19682,302.0,35,35.0
19683,303.0,35,9.4
19684,304.0,35,11.2
19685,305.0,35,22.0
19686,306.0,35,26.0
19687,307.0,35,24.9
19688,308.0,35,22.0
19689,309.0,35,26.0
19690,310.0,35,24.0
19691,311.0,35,22.0
19692,312.0,35,22.0
19693,313.0,35,12.9
19694,314.0,35,17.0
19695,315.0,35,18.0
19696,316.0,35,20.0
19697,317.0,35,17.0
19698,318.0,35,16.0
19699,319.0,35,20.0
19700,320.0,35,18.0
19701,321.0,35,17.0
19702,322.0,35,18.0
19703,323.0,35,25.5
19704,324.0,35,8.0
19705,325.0,35,20.0
19706,326.0,35,16.0
19707,327.0,35,15.0
19708,328.0,35,23.0
19709,329.0,35,23.0
19710,330.0,35,19.0
19711,331.0,35,13.0
19712,332.0,35,21.0
19713,333.0,35,20.0
19714,334.0,35,33.0
19715,335.0,35,14.0
19716,336.0,35,16.0
19717,337.0,35,21.0
19718,338.0,35,15.0
19719,339.0,35,14.0
19720,340.0,35,14.0
19721,341.0,35,14.0
19722,342.0,35,17.0
19723,343.0,35,17.0
19724,344.0,35,18.0
19725,345.0,35,9.1
19726,346.0,35,20.0
19727,347.0,35,17.0
19728,348.0,35,15.0
19729,349.0,35,51.0
19730,350.0,35,51.0
19731,351.0,35,24.0
19732,352.0,35,37.8
19733,353.0,35,48.0
19734,354.0,35,48.0
19735,355.0,35,37.8
19736,356.0,35,30.0
19737,357.0,35,69.0
19738,358.0,35,40.0
19739,359.0,35,69.0
19740,360.0,35,32.0
19741,361.0,35,32.0
19742,362.0,35,28.0
19743,363.0,35,24.0
19744,364.0,35,19.0
19745,365.0,35,28.0
19746,366.0,35,23.0
19747,367.0,35,28.0
19748,368.0,35,30.0
19749,369.0,35,51.0
19750,370.0,35,30.0
19751,371.0,35,31.0
19752,372.0,35,28.0
19753,373.0,35,27.0
19754,374.0,35,25.8
19755,375.0,35,30.0
19756,376.0,35,25.1
19757,377.0,35,30.0
19758,378.0,35,29.5
19759,379.0,35,23.0
19760,380.0,35,24.0
19761,381.0,35,23.7
19762,382.0,35,25.0
19763,383.0,35,25.1
19764,384.0,35,20.0
19765,385.0,35,29.0
19766,386.0,35,17.6
19767,387.0,35,20.0
19768,388.0,35,27.3
19769,389.0,35,22.0
19770,390.0,35,21.0
19771,391.0,35,30.0
19772,392.0,35,45.0
19773,393.0,35,0.0
19774,394.0,35,32.0
19775,395.0,35,54.8
19776,396.0,35,27.0
19777,397.0,35,28.2
19778,398.0,35,27.0
19779,399.0,35,29.0
19780,400.0,35,33.0
19781,401.0,35,0.0
19782,402.0,35,39.2
19783,403.0,35,49.3
19784,404.0,35,26.0
19785,405.0,35,49.3
19786,406.0,35,28.0
19787,407.0,35,0.0
19788,408.0,35,0.0
19789,409.0,35,0.58
19790,410.0,35,0.0
19791,411.0,35,0.0
19792,412.0,35,0.0
19793,413.0,35,0.0
19794,414.0,35,0.0
19795,415.0,35,0.0
19796,416.0,35,0.0
19797,417.0,35,0.0
19798,418.0,35,0.0
19799,419.0,35,0.0
19800,420.0,35,0.0
19801,421.0,35,0.0
19802,422.0,35,0.0
19803,423.0,35,2.0
19804,424.0,35,5.0
19805,425.0,35,2.0
19806,426.0,35,0.0
19807,427.0,35,0.5
19808,428.0,35,3.0
19809,429.0,35,0.5
19810,430.0,35,3.0
19811,431.0,35,2.0
19812,432.0,35,0.0
19813,433.0,35,1.0
19814,434.0,35,77.0
19815,435.0,35,64.0
19816,436.0,35,422.0
19817,437.0,35,264.0
19818,438.0,35,56.0
19819,439.0,35,229.0
19820,440.0,35,92.0
19821,441.0,35,40.0
19822,442.0,35,26.0
19823,443.0,35,259.0
19824,444.0,35,208.0
19825,445.0,35,451.0
19826,446.0,35,56.2
19827,447.0,35,23.0
19828,448.0,35,12.0
19829,449.0,35,26.0
19830,450.0,35,214.0
19831,451.0,35,120.0
19832,452.0,35,180.0
19833,453.0,35,115.0
19834,454.0,35,346.0
19835,455.0,35,80.0
19836,456.0,35,183.0
19837,457.0,35,53.0
19838,458.0,35,270.0
19839,459.0,35,43.0
19840,460.0,35,190.0
19841,461.0,35,90.0
19842,462.0,35,190.0
19843,463.0,35,290.0
19844,464.0,35,290.0
19845,465.0,35,290.0
19846,466.0,35,290.0
19847,467.0,35,290.0
19848,468.0,35,170.0
19849,469.0,35,220.0
19850,470.0,35,12.0
19851,471.0,35,22.0
19852,472.0,35,12.0
19853,473.0,35,22.0
19854,474.0,35,4.0
19855,475.0,35,7.0
19856,476.0,35,11.0
19857,477.0,35,19.0
19858,478.0,35,4.0
19859,479.0,35,10.0
19860,480.0,35,82.0
19861,481.0,35,7.0
19862,482.0,35,18.0
19863,483.0,35,19.0
19864,484.0,35,15.0
19865,485.0,35,14.0
19866,486.0,35,0.0
19867,487.0,35,9.0
19868,488.0,35,2.0
19869,489.0,35,14.0
19870,490.0,35,43.0
19871,491.0,35,6.0
19872,492.0,35,13.0
19873,493.0,35,0.0
19874,494.0,35,0.0
19875,495.0,35,0.0
19876,496.0,35,0.0
19877,497.0,35,0.5
19878,498.0,35,0.0
19879,499.0,35,0.0
19880,500.0,35,0.0
19881,501.0,35,1.0
19882,502.0,35,1.0
19883,503.0,35,26.0
19884,504.0,35,33.2
19885,505.0,35,52.0
19886,506.0,35,1.0
19887,507.0,35,3.8
19888,508.0,35,0.17
19889,509.0,35,146.0
19890,510.0,35,22.0
19891,511.0,35,120.0
19892,512.0,35,5.0
19893,513.0,35,28.0
19894,514.0,35,23.0
19895,515.0,35,23.0
19896,516.0,35,41.0
19897,517.0,35,25.0
19898,518.0,35,0.0
19899,519.0,35,3.0
19900,520.0,35,0.0
19901,521.0,35,0.0
19902,522.0,35,5.0
19903,523.0,35,30.0
19904,524.0,35,12.0
19905,525.0,35,1.0
19906,526.0,35,0.0
19907,527.0,35,1.0
19908,528.0,35,3.0
19909,529.0,35,1.0
19910,530.0,35,0.0
19911,531.0,35,0.0
19912,532.0,35,8.0
19913,533.0,35,1.0
19914,534.0,35,1.0
19915,535.0,35,1.0
19916,536.0,35,1.0
19917,537.0,35,1.0
19918,538.0,35,1.0
19919,539.0,35,1.0
19920,540.0,35,1.0
19921,541.0,35,0.0
19922,542.0,35,0.0
19923,543.0,35,6.0
19924,544.0,35,0.0
19925,545.0,35,201.0
19926,546.0,35,311.0
19927,547.0,35,7.7
19928,548.0,35,201.0
19929,549.0,35,390.0
19930,550.0,35,184.0
19931,551.0,35,25.0
19932,552.0,35,0.0
19933,553.0,35,0.0
19934,554.0,35,13.4
19935,555.0,35,15.0
19936,556.0,35,11.0
19937,557.0,35,37.0
19938,558.0,35,8.0
19939,559.0,35,2.0
19940,560.0,35,10.9
19941,561.0,35,0.0
19942,562.0,35,0.0
19943,563.0,35,4.2
19944,564.0,35,6.1
19945,565.0,35,13.0
19946,566.0,35,8.0
19947,567.0,35,8.3
19948,568.0,35,8.8
19949,569.0,35,14.0
19950,570.0,35,7.5
19951,1.0,36,17.0
19952,2.0,36,3.9
19953,3.0,36,4.0
19954,4.0,36,10.0
19955,5.0,36,8.4
19956,6.0,36,9.0
19957,7.0,36,6.0
19958,8.0,36,3.0
19959,9.0,36,0.0
19960,10.0,36,2.0
19961,11.0,36,0.7
19962,12.0,36,2.0
19963,13.0,36,3.0
19964,14.0,36,214.0
19965,15.0,36,288.0
19966,16.0,36,6.0
19967,17.0,36,17.0
19968,18.0,36,5.0
19969,19.0,36,1.0
19970,20.0,36,253.0
19971,21.0,36,460.0
19972,22.0,36,424.0
19973,23.0,36,2.0
19974,24.0,36,424.0
19975,25.0,36,702.0
19976,26.0,36,192.0
19977,27.0,36,23.4
19978,28.0,36,473.0
19979,29.0,36,603.0
19980,30.0,36,530.0
19981,31.0,36,464.0
19982,32.0,36,361.0
19983,33.0,36,538.0
19984,34.0,36,447.0
19985,35.0,36,400.0
19986,36.0,36,700.0
19987,37.0,36,550.0
19988,38.0,36,448.0
19989,39.0,36,10.0
19990,40.0,36,7.0
19991,41.0,36,17.0
19992,42.0,36,43.0
19993,43.0,36,6.0
19994,44.0,36,5.0
19995,45.0,36,444.0
19996,46.0,36,435.0
19997,47.0,36,32.0
19998,48.0,36,3.0
19999,49.0,36,30.0
20000,50.0,36,10.3
20001,51.0,36,569.0
20002,52.0,36,9.0
20003,53.0,36,0.0
20004,54.0,36,11.0
20005,55.0,36,888.0
20006,56.0,36,9.0
20007,57.0,36,220.0
20008,58.0,36,243.0
20009,59.0,36,294.0
20010,60.0,36,238.0
20011,61.0,36,15.0
20012,62.0,36,25.0
20013,63.0,36,11.0
20014,64.0,36,35.0
20015,65.0,36,15.0
20016,66.0,36,24.0
20017,67.0,36,24.0
20018,68.0,36,4.7
20019,69.0,36,308.0
20020,70.0,36,7.9
20021,71.0,36,19.0
20022,72.0,36,55.0
20023,73.0,36,4.0
20024,74.0,36,58.0
20025,75.0,36,2.7
20026,76.0,36,21.0
20027,77.0,36,58.0
20028,78.0,36,4.0
20029,79.0,36,14.0
20030,80.0,36,61.0
20031,81.0,36,47.0
20032,82.0,36,16.0
20033,83.0,36,2.0
20034,84.0,36,8.0
20035,85.0,36,348.0
20036,86.0,36,255.0
20037,87.0,36,268.0
20038,88.0,36,328.0
20039,89.0,36,620.0
20040,90.0,36,314.0
20041,91.0,36,288.0
20042,92.0,36,260.0
20043,93.0,36,6.0
20044,94.0,36,150.0
20045,95.0,36,19.0
20046,96.0,36,47.0
20047,97.0,36,100.0
20048,98.0,36,3.0
20049,99.0,36,12.0
20050,100.0,36,80.0
20051,101.0,36,22.0
20052,102.0,36,1.0
20053,103.0,36,3.1
20054,104.0,36,3.0
20055,105.0,36,12.0
20056,106.0,36,7.0
20057,107.0,36,10.0
20058,108.0,36,12.0
20059,109.0,36,9.2
20060,110.0,36,35.0
20061,111.0,36,13.0
20062,112.0,36,14.0
20063,113.0,36,69.0
20064,114.0,36,2.0
20065,115.0,36,18.0
20066,116.0,36,1.5
20067,117.0,36,3.0
20068,118.0,36,10.0
20069,119.0,36,21.0
20070,120.0,36,3.0
20071,121.0,36,4.0
20072,122.0,36,4.0
20073,123.0,36,4.4
20074,124.0,36,5.0
20075,125.0,36,9.0
20076,126.0,36,13.0
20077,127.0,36,8.0
20078,128.0,36,4.8
20079,129.0,36,52.0
20080,130.0,36,3.0
20081,131.0,36,120.0
20082,132.0,36,1.0
20083,133.0,36,40.0
20084,134.0,36,50.0
20085,135.0,36,7.0
20086,136.0,36,10.0
20087,137.0,36,7.0
20088,138.0,36,5.0
20089,139.0,36,47.0
20090,140.0,36,0.0
20091,141.0,36,11.0
20092,142.0,36,7.0
20093,143.0,36,10.0
20094,144.0,36,8.0
20095,145.0,36,28.0
20096,146.0,36,8.0
20097,147.0,36,21.0
20098,148.0,36,4.7
20099,149.0,36,2.0
20100,150.0,36,1.0
20101,151.0,36,4.0
20102,152.0,36,3.0
20103,153.0,36,2.7
20104,154.0,36,4.0
20105,155.0,36,1.7
20106,156.0,36,35.0
20107,157.0,36,1.3
20108,,36,1.4
20109,159.0,36,2.5
20110,160.0,36,1.7
20111,161.0,36,1.6
20112,162.0,36,4.0
20113,163.0,36,1.3
20114,164.0,36,4.0
20115,165.0,36,2.0
20116,166.0,36,1.9
20117,167.0,36,2.5
20118,168.0,36,1.1
20119,169.0,36,1.2
20120,170.0,36,19.0
20121,171.0,36,1.3
20122,172.0,36,17.0
20123,173.0,36,2.0
20124,174.0,36,2.4
20125,175.0,36,1.4
20126,176.0,36,1.0
20127,177.0,36,4.0
20128,178.0,36,3.0
20129,179.0,36,2.1
20130,180.0,36,2.1
20131,181.0,36,1.0
20132,182.0,36,4.0
20133,183.0,36,1.1
20134,184.0,36,2.0
20135,185.0,36,28.0
20136,186.0,36,2.0
20137,187.0,36,2.0
20138,188.0,36,14.0
20139,189.0,36,6.0
20140,190.0,36,6.0
20141,191.0,36,2.0
20142,192.0,36,400.0
20143,193.0,36,2.0
20144,194.0,36,11.0
20145,195.0,36,280.0
20146,196.0,36,0.67
20147,197.0,36,2.4
20148,198.0,36,2.4
20149,199.0,36,613.0
20150,200.0,36,3.0
20151,201.0,36,18.0
20152,202.0,36,290.0
20153,203.0,36,650.0
20154,204.0,36,21.2
20155,205.0,36,1.0
20156,206.0,36,98.0
20157,207.0,36,140.0
20158,208.0,36,150.0
20159,209.0,36,42.0
20160,210.0,36,30.0
20161,211.0,36,53.0
20162,212.0,36,48.0
20163,213.0,36,47.0
20164,214.0,36,53.0
20165,215.0,36,550.0
20166,216.0,36,371.0
20167,217.0,36,510.0
20168,218.0,36,48.0
20169,219.0,36,180.0
20170,220.0,36,47.0
20171,221.0,36,40.0
20172,222.0,36,704.0
20173,223.0,36,936.0
20174,224.0,36,675.0
20175,225.0,36,704.0
20176,226.0,36,790.0
20177,227.0,36,672.0
20178,228.0,36,404.0
20179,229.0,36,800.0
20180,230.0,36,766.67
20181,231.0,36,629.55
20182,232.0,36,704.0
20183,233.0,36,373.0
20184,234.0,36,520.16
20185,235.0,36,633.33
20186,237.0,36,704.0
20187,237.0,36,704.0
20188,238.0,36,40.0
20189,239.0,36,46.0
20190,240.0,36,15.0
20191,241.0,36,67.0
20192,242.0,36,64.0
20193,243.0,36,65.0
20194,244.0,36,57.0
20195,245.0,36,66.0
20196,246.0,36,57.0
20197,247.0,36,51.2
20198,248.0,36,82.0
20199,249.0,36,65.0
20200,250.0,36,49.0
20201,251.0,36,41.0
20202,252.0,36,45.0
20203,253.0,36,43.0
20204,254.0,36,80.0
20205,255.0,36,49.0
20206,256.0,36,71.0
20207,257.0,36,170.0
20208,258.0,36,141.0
20209,259.0,36,540.0
20210,260.0,36,881.0
20211,261.0,36,73.0
20212,262.0,36,47.0
20213,263.0,36,61.0
20214,264.0,36,86.0
20215,265.0,36,95.0
20216,266.0,36,87.0
20217,267.0,36,73.0
20218,268.0,36,54.0
20219,269.0,36,38.0
20220,270.0,36,63.0
20221,271.0,36,46.0
20222,272.0,36,66.0
20223,273.0,36,83.0
20224,274.0,36,680.0
20225,275.0,36,74.0
20226,276.0,36,72.0
20227,277.0,36,65.0
20228,278.0,36,75.0
20229,279.0,36,63.0
20230,280.0,36,60.0
20231,281.0,36,96.5
20232,282.0,36,1470.0
20233,283.0,36,76.0
20234,284.0,36,560.0
20235,285.0,36,60.0
20236,286.0,36,87.0
20237,287.0,36,52.0
20238,288.0,36,703.0
20239,289.0,36,929.0
20240,290.0,36,889.0
20241,291.0,36,672.0
20242,292.0,36,1404.0
20243,293.0,36,634.0
20244,294.0,36,634.0
20245,295.0,36,1661.0
20246,296.0,36,1964.0
20247,297.0,36,1470.0
20248,298.0,36,70.0
20249,299.0,36,680.0
20250,300.0,36,766.0
20251,301.0,36,683.0
20252,302.0,36,2084.0
20253,303.0,36,1060.0
20254,304.0,36,1174.0
20255,305.0,36,82.0
20256,306.0,36,44.0
20257,307.0,36,78.0
20258,308.0,36,67.0
20259,309.0,36,67.0
20260,310.0,36,44.0
20261,311.0,36,57.0
20262,312.0,36,67.0
20263,313.0,36,49.0
20264,314.0,36,86.0
20265,315.0,36,61.0
20266,316.0,36,61.0
20267,317.0,36,51.0
20268,318.0,36,93.0
20269,319.0,36,85.0
20270,320.0,36,61.0
20271,321.0,36,105.0
20272,322.0,36,60.0
20273,323.0,36,87.0
20274,324.0,36,46.0
20275,325.0,36,80.0
20276,326.0,36,118.0
20277,327.0,36,111.0
20278,328.0,36,92.0
20279,329.0,36,77.0
20280,330.0,36,72.0
20281,331.0,36,68.0
20282,332.0,36,116.0
20283,333.0,36,93.0
20284,334.0,36,420.0
20285,335.0,36,80.0
20286,336.0,36,69.0
20287,337.0,36,75.0
20288,338.0,36,64.0
20289,339.0,36,153.0
20290,340.0,36,157.0
20291,341.0,36,198.0
20292,342.0,36,173.0
20293,343.0,36,220.0
20294,344.0,36,200.0
20295,345.0,36,207.0
20296,346.0,36,153.0
20297,347.0,36,125.0
20298,348.0,36,158.0
20299,349.0,36,56.0
20300,350.0,36,56.0
20301,351.0,36,270.0
20302,352.0,36,110.0
20303,353.0,36,370.0
20304,354.0,36,370.0
20305,355.0,36,110.0
20306,356.0,36,400.0
20307,357.0,36,305.0
20308,358.0,36,182.0
20309,359.0,36,305.0
20310,360.0,36,296.0
20311,361.0,36,160.0
20312,362.0,36,363.0
20313,363.0,36,65.0
20314,364.0,36,90.0
20315,365.0,36,43.0
20316,366.0,36,39.0
20317,367.0,36,116.0
20318,368.0,36,84.0
20319,369.0,36,30.0
20320,370.0,36,50.0
20321,371.0,36,64.0
20322,372.0,36,110.0
20323,373.0,36,102.0
20324,374.0,36,59.0
20325,375.0,36,91.0
20326,376.0,36,120.0
20327,377.0,36,77.0
20328,378.0,36,56.0
20329,379.0,36,100.0
20330,380.0,36,72.0
20331,381.0,36,31.0
20332,382.0,36,69.0
20333,383.0,36,101.0
20334,384.0,36,80.0
20335,385.0,36,69.0
20336,386.0,36,274.0
20337,387.0,36,47.0
20338,388.0,36,100.0
20339,389.0,36,104.0
20340,390.0,36,109.0
20341,391.0,36,90.0
20342,392.0,36,114.0
20343,393.0,36,112.0
20344,394.0,36,1008.0
20345,395.0,36,4348.0
20346,396.0,36,320.0
20347,397.0,36,360.0
20348,398.0,36,562.0
20349,399.0,36,400.0
20350,400.0,36,347.0
20351,401.0,36,0.35
20352,402.0,36,468.0
20353,403.0,36,418.0
20354,404.0,36,446.0
20355,405.0,36,480.0
20356,406.0,36,8100.0
20357,407.0,36,0.0
20358,408.0,36,0.0
20359,409.0,36,5.5
20360,410.0,36,0.0
20361,411.0,36,0.0
20362,412.0,36,0.0
20363,413.0,36,0.0
20364,414.0,36,0.0
20365,415.0,36,0.0
20366,416.0,36,0.0
20367,417.0,36,0.0
20368,418.0,36,0.0
20369,419.0,36,0.0
20370,420.0,36,0.0
20371,421.0,36,0.0
20372,422.0,36,0.0
20373,423.0,36,72.0
20374,424.0,36,36.0
20375,425.0,36,714.0
20376,426.0,36,132.0
20377,427.0,36,133.0
20378,428.0,36,212.0
20379,429.0,36,132.0
20380,430.0,36,232.0
20381,431.0,36,118.0
20382,432.0,36,0.0
20383,433.0,36,1.0
20384,434.0,36,60.0
20385,435.0,36,4.0
20386,436.0,36,34.0
20387,437.0,36,148.0
20388,438.0,36,26.0
20389,439.0,36,18.0
20390,440.0,36,21.0
20391,441.0,36,3.0
20392,442.0,36,46.0
20393,443.0,36,277.0
20394,444.0,36,27.0
20395,445.0,36,208.0
20396,446.0,36,353.0
20397,447.0,36,9.0
20398,448.0,36,15.0
20399,449.0,36,6.3
20400,450.0,36,27.0
20401,451.0,36,23.0
20402,452.0,36,3600.0
20403,453.0,36,25.0
20404,454.0,36,77.0
20405,455.0,36,31.0
20406,456.0,36,16.0
20407,457.0,36,3.0
20408,458.0,36,15.0
20409,459.0,36,37.0
20410,460.0,36,34.0
20411,461.0,36,5.0
20412,462.0,36,44.0
20413,463.0,36,38850.0
20414,464.0,36,38850.0
20415,465.0,36,12900.0
20416,466.0,36,38850.0
20417,467.0,36,38850.0
20418,468.0,36,16.0
20419,469.0,36,55.0
20420,470.0,36,9.0
20421,471.0,36,20.0
20422,472.0,36,23.0
20423,473.0,36,20.0
20424,474.0,36,8.0
20425,475.0,36,565.0
20426,476.0,36,32.0
20427,477.0,36,952.0
20428,478.0,36,364.0
20429,479.0,36,0.0
20430,480.0,36,2950.0
20431,481.0,36,353.0
20432,482.0,36,980.0
20433,483.0,36,810.0
20434,484.0,36,400.0
20435,485.0,36,430.0
20436,486.0,36,628.0
20437,487.0,36,185.0
20438,488.0,36,1209.0
20439,489.0,36,460.0
20440,490.0,36,5720.0
20441,491.0,36,400.0
20442,492.0,36,980.0
20443,493.0,36,0.0
20444,494.0,36,0.0
20445,495.0,36,0.0
20446,496.0,36,0.0
20447,497.0,36,0.0
20448,498.0,36,0.0
20449,499.0,36,0.0
20450,500.0,36,0.0
20451,501.0,36,1.0
20452,502.0,36,0.0
20453,503.0,36,13.0
20454,504.0,36,31.0
20455,505.0,36,52.0
20456,506.0,36,1.0
20457,507.0,36,0.0
20458,508.0,36,0.0
20459,509.0,36,65.0
20460,510.0,36,52.0
20461,511.0,36,5.0
20462,512.0,36,100.0
20463,513.0,36,300.0
20464,514.0,36,216.0
20465,515.0,36,285.0
20466,516.0,36,285.0
20467,517.0,36,212.0
20468,518.0,36,471.0
20469,519.0,36,41.0
20470,520.0,36,6.0
20471,521.0,36,6.0
20472,522.0,36,24.0
20473,523.0,36,1000.0
20474,524.0,36,70.0
20475,525.0,36,111.0
20476,526.0,36,0.0
20477,527.0,36,0.0
20478,528.0,36,1.0
20479,529.0,36,8.0
20480,530.0,36,7.0
20481,531.0,36,1.0
20482,532.0,36,2.0
20483,533.0,36,21.0
20484,534.0,36,21.0
20485,535.0,36,8.0
20486,536.0,36,7.0
20487,537.0,36,4.0
20488,538.0,36,6.0
20489,539.0,36,5.0
20490,540.0,36,5.0
20491,541.0,36,4.0
20492,542.0,36,3.0
20493,543.0,36,4.3
20494,544.0,36,400.0
20495,545.0,36,12.0
20496,546.0,36,23.0
20497,547.0,36,0.46
20498,548.0,36,12.0
20499,549.0,36,41.0
20500,550.0,36,14.0
20501,551.0,36,105.0
20502,552.0,36,130.0
20503,553.0,36,48.0
20504,554.0,36,50.0
20505,555.0,36,9.0
20506,556.0,36,39.0
20507,557.0,36,15.0
20508,558.0,36,3.0
20509,559.0,36,18.0
20510,560.0,36,1.4
20511,561.0,36,0.0
20512,562.0,36,1.0
20513,563.0,36,2.2
20514,564.0,36,8.0
20515,565.0,36,4.6
20516,566.0,36,1.3
20517,567.0,36,4.8
20518,568.0,36,2.6
20519,569.0,36,52.0
20520,570.0,36,5.3
20521,1.0,37,521.0
20522,2.0,37,109.0
20523,3.0,37,150.0
20524,4.0,37,238.0
20525,5.0,37,355.0
20526,6.0,37,280.0
20527,7.0,37,264.0
20528,8.0,37,7.0
20529,9.0,37,76.0
20530,10.0,37,390.0
20531,11.0,37,120.0
20532,12.0,37,146.0
20533,13.0,37,340.0
20534,14.0,37,136.0
20535,15.0,37,200.0
20536,16.0,37,330.0
20537,17.0,37,251.0
20538,18.0,37,563.0
20539,19.0,37,186.0
20540,20.0,37,62.0
20541,21.0,37,95.7
20542,22.0,37,110.0
20543,23.0,37,100.0
20544,24.0,37,130.0
20545,25.0,37,160.0
20546,26.0,37,131.0
20547,27.0,37,165.0
20548,28.0,37,141.0
20549,29.0,37,166.0
20550,30.0,37,134.0
20551,31.0,37,130.0
20552,32.0,37,230.0
20553,33.0,37,270.0
20554,34.0,37,75.0
20555,35.0,37,110.0
20556,36.0,37,0.0
20557,37.0,37,110.0
20558,38.0,37,0.0
20559,39.0,37,166.0
20560,40.0,37,236.0
20561,41.0,37,219.0
20562,42.0,37,285.0
20563,43.0,37,24.0
20564,44.0,37,490.0
20565,45.0,37,163.0
20566,46.0,37,163.0
20567,47.0,37,120.0
20568,48.0,37,191.0
20569,49.0,37,235.0
20570,50.0,37,13.2
20571,51.0,37,333.0
20572,52.0,37,1660.0
20573,53.0,37,1.2
20574,54.0,37,322.0
20575,55.0,37,231.0
20576,56.0,37,412.0
20577,57.0,37,110.0
20578,58.0,37,362.0
20579,59.0,37,420.0
20580,60.0,37,310.0
20581,61.0,37,1013.0
20582,62.0,37,875.0
20583,63.0,37,1090.0
20584,64.0,37,827.0
20585,65.0,37,1337.0
20586,66.0,37,1406.0
20587,67.0,37,837.0
20588,68.0,37,1799.0
20589,69.0,37,121.0
20590,70.0,37,390.0
20591,71.0,37,300.0
20592,72.0,37,1001.0
20593,73.0,37,20.0
20594,74.0,37,269.0
20595,75.0,37,418.0
20596,76.0,37,241.0
20597,77.0,37,407.0
20598,78.0,37,20.0
20599,79.0,37,271.0
20600,80.0,37,321.0
20601,81.0,37,248.0
20602,82.0,37,340.0
20603,83.0,37,150.0
20604,84.0,37,160.0
20605,85.0,37,220.0
20606,86.0,37,213.0
20607,87.0,37,130.0
20608,88.0,37,143.0
20609,89.0,37,163.0
20610,90.0,37,180.0
20611,91.0,37,180.0
20612,92.0,37,180.0
20613,93.0,37,150.0
20614,94.0,37,380.0
20615,95.0,37,446.0
20616,96.0,37,353.0
20617,97.0,37,320.0
20618,98.0,37,210.0
20619,99.0,37,276.0
20620,100.0,37,470.0
20621,101.0,37,279.0
20622,102.0,37,230.0
20623,103.0,37,304.0
20624,104.0,37,162.0
20625,105.0,37,440.0
20626,106.0,37,220.0
20627,107.0,37,450.0
20628,108.0,37,255.0
20629,109.0,37,451.0
20630,110.0,37,451.0
20631,111.0,37,296.0
20632,112.0,37,327.0
20633,113.0,37,554.0
20634,114.0,37,247.0
20635,115.0,37,210.0
20636,116.0,37,238.0
20637,117.0,37,220.0
20638,118.0,37,250.0
20639,119.0,37,257.0
20640,120.0,37,140.0
20641,121.0,37,160.0
20642,122.0,37,120.0
20643,123.0,37,267.0
20644,124.0,37,270.0
20645,125.0,37,242.0
20646,126.0,37,290.0
20647,127.0,37,0.0
20648,128.0,37,236.0
20649,129.0,37,219.0
20650,130.0,37,186.0
20651,131.0,37,820.0
20652,132.0,37,90.0
20653,133.0,37,77.0
20654,134.0,37,238.0
20655,135.0,37,110.0
20656,136.0,37,344.0
20657,137.0,37,56.0
20658,138.0,37,59.0
20659,139.0,37,123.0
20660,140.0,37,0.0
20661,141.0,37,53.0
20662,142.0,37,155.0
20663,143.0,37,1162.0
20664,144.0,37,824.0
20665,145.0,37,660.0
20666,146.0,37,650.0
20667,147.0,37,782.0
20668,148.0,37,487.0
20669,149.0,37,279.0
20670,150.0,37,78.0
20671,151.0,37,178.0
20672,152.0,37,158.0
20673,153.0,37,234.0
20674,154.0,37,382.0
20675,155.0,37,177.0
20676,156.0,37,379.0
20677,157.0,37,200.0
20678,,37,161.0
20679,159.0,37,238.0
20680,160.0,37,303.0
20681,161.0,37,257.0
20682,162.0,37,290.0
20683,163.0,37,248.0
20684,164.0,37,290.0
20685,165.0,37,82.0
20686,166.0,37,170.0
20687,167.0,37,185.0
20688,168.0,37,150.0
20689,169.0,37,120.0
20690,170.0,37,267.0
20691,171.0,37,194.0
20692,172.0,37,310.0
20693,173.0,37,183.0
20694,174.0,37,190.0
20695,175.0,37,165.0
20696,176.0,37,170.0
20697,177.0,37,263.0
20698,178.0,37,200.0
20699,179.0,37,116.0
20700,180.0,37,175.0
20701,181.0,37,370.0
20702,182.0,37,499.0
20703,183.0,37,148.0
20704,184.0,37,100.0
20705,185.0,37,628.0
20706,186.0,37,250.0
20707,187.0,37,320.0
20708,188.0,37,835.0
20709,189.0,37,636.0
20710,190.0,37,636.0
20711,191.0,37,670.0
20712,192.0,37,810.0
20713,193.0,37,670.0
20714,194.0,37,500.0
20715,195.0,37,300.0
20716,196.0,37,409.0
20717,197.0,37,544.0
20718,198.0,37,544.0
20719,199.0,37,491.0
20720,200.0,37,491.0
20721,201.0,37,788.0
20722,202.0,37,1020.0
20723,203.0,37,1050.0
20724,204.0,37,102.0
20725,205.0,37,143.0
20726,206.0,37,322.0
20727,207.0,37,360.0
20728,208.0,37,450.0
20729,209.0,37,181.0
20730,210.0,37,182.0
20731,211.0,37,150.0
20732,212.0,37,157.0
20733,213.0,37,155.0
20734,214.0,37,150.0
20735,215.0,37,1590.0
20736,216.0,37,1160.0
20737,217.0,37,1280.0
20738,218.0,37,157.0
20739,219.0,37,360.0
20740,220.0,37,155.0
20741,221.0,37,132.0
20742,222.0,37,131.0
20743,223.0,37,128.0
20744,224.0,37,102.0
20745,225.0,37,131.0
20746,226.0,37,114.0
20747,227.0,37,250.0
20748,228.0,37,132.0
20749,229.0,37,128.0
20750,230.0,37,0.0
20751,231.0,37,0.0
20752,232.0,37,131.0
20753,233.0,37,67.0
20754,234.0,37,0.0
20755,235.0,37,0.0
20756,237.0,37,131.0
20757,237.0,37,131.0
20758,238.0,37,95.0
20759,239.0,37,160.0
20760,240.0,37,0.0
20761,241.0,37,176.0
20762,242.0,37,210.0
20763,243.0,37,190.0
20764,244.0,37,187.0
20765,245.0,37,191.0
20766,246.0,37,187.0
20767,247.0,37,13.4
20768,248.0,37,210.0
20769,249.0,37,240.0
20770,250.0,37,157.0
20771,251.0,37,139.0
20772,252.0,37,135.0
20773,253.0,37,145.0
20774,254.0,37,280.0
20775,255.0,37,157.0
20776,256.0,37,150.0
20777,257.0,37,154.0
20778,258.0,37,132.0
20779,259.0,37,1200.0
20780,260.0,37,29.0
20781,261.0,37,156.0
20782,262.0,37,281.0
20783,263.0,37,196.0
20784,264.0,37,289.0
20785,265.0,37,250.0
20786,266.0,37,420.0
20787,267.0,37,308.0
20788,268.0,37,199.0
20789,269.0,37,270.0
20790,270.0,37,247.0
20791,271.0,37,333.0
20792,272.0,37,264.0
20793,273.0,37,262.0
20794,274.0,37,240.0
20795,275.0,37,291.0
20796,276.0,37,292.0
20797,277.0,37,315.0
20798,278.0,37,260.0
20799,279.0,37,212.0
20800,280.0,37,300.0
20801,281.0,37,270.0
20802,282.0,37,230.0
20803,283.0,37,370.0
20804,284.0,37,75.0
20805,285.0,37,230.0
20806,286.0,37,395.0
20807,287.0,37,310.0
20808,288.0,37,140.0
20809,289.0,37,53.0
20810,290.0,37,232.0
20811,291.0,37,230.0
20812,292.0,37,180.0
20813,293.0,37,270.0
20814,294.0,37,280.0
20815,295.0,37,153.0
20816,296.0,37,250.0
20817,297.0,37,230.0
20818,298.0,37,200.0
20819,299.0,37,150.0
20820,300.0,37,207.0
20821,301.0,37,0.0
20822,302.0,37,224.0
20823,303.0,37,210.0
20824,304.0,37,160.0
20825,305.0,37,385.0
20826,306.0,37,377.0
20827,307.0,37,350.0
20828,308.0,37,360.0
20829,309.0,37,360.0
20830,310.0,37,276.0
20831,311.0,37,306.0
20832,312.0,37,360.0
20833,313.0,37,260.0
20834,314.0,37,290.0
20835,315.0,37,264.0
20836,316.0,37,350.0
20837,317.0,37,330.0
20838,318.0,37,369.0
20839,319.0,37,304.0
20840,320.0,37,264.0
20841,321.0,37,329.0
20842,322.0,37,350.0
20843,323.0,37,395.0
20844,324.0,37,270.0
20845,325.0,37,257.0
20846,326.0,37,248.0
20847,327.0,37,262.0
20848,328.0,37,263.0
20849,329.0,37,363.0
20850,330.0,37,297.0
20851,331.0,37,218.0
20852,332.0,37,330.0
20853,333.0,37,278.0
20854,334.0,37,250.0
20855,335.0,37,234.0
20856,336.0,37,315.0
20857,337.0,37,420.0
20858,338.0,37,318.0
20859,339.0,37,303.0
20860,340.0,37,238.0
20861,341.0,37,340.0
20862,342.0,37,247.0
20863,343.0,37,270.0
20864,344.0,37,290.0
20865,345.0,37,174.0
20866,346.0,37,312.0
20867,347.0,37,240.0
20868,348.0,37,280.0
20869,349.0,37,314.0
20870,350.0,37,314.0
20871,351.0,37,220.0
20872,352.0,37,280.0
20873,353.0,37,270.0
20874,354.0,37,270.0
20875,355.0,37,280.0
20876,356.0,37,400.0
20877,357.0,37,221.0
20878,358.0,37,180.0
20879,359.0,37,221.0
20880,360.0,37,282.0
20881,361.0,37,184.0
20882,362.0,37,230.0
20883,363.0,37,259.0
20884,364.0,37,270.0
20885,365.0,37,363.0
20886,366.0,37,330.0
20887,367.0,37,331.0
20888,368.0,37,386.0
20889,369.0,37,387.0
20890,370.0,37,340.0
20891,371.0,37,360.0
20892,372.0,37,430.0
20893,373.0,37,342.0
20894,374.0,37,336.0
20895,375.0,37,340.0
20896,376.0,37,360.0
20897,377.0,37,350.0
20898,378.0,37,480.0
20899,379.0,37,338.0
20900,380.0,37,352.0
20901,381.0,37,446.0
20902,382.0,37,340.0
20903,383.0,37,294.0
20904,384.0,37,255.0
20905,385.0,37,404.0
20906,386.0,37,200.0
20907,387.0,37,330.0
20908,388.0,37,270.0
20909,389.0,37,310.0
20910,390.0,37,235.0
20911,391.0,37,250.0
20912,392.0,37,290.0
20913,393.0,37,254.0
20914,394.0,37,420.0
20915,395.0,37,230.0
20916,396.0,37,230.0
20917,397.0,37,248.0
20918,398.0,37,230.0
20919,399.0,37,230.0
20920,400.0,37,267.0
20921,401.0,37,0.0
20922,402.0,37,376.0
20923,403.0,37,388.0
20924,404.0,37,260.0
20925,405.0,37,388.0
20926,406.0,37,300.0
20927,407.0,37,0.0
20928,408.0,37,0.0
20929,409.0,37,10.7
20930,410.0,37,0.0
20931,411.0,37,0.0
20932,412.0,37,0.0
20933,413.0,37,0.0
20934,414.0,37,0.0
20935,415.0,37,0.0
20936,416.0,37,0.0
20937,417.0,37,0.0
20938,418.0,37,0.0
20939,419.0,37,0.0
20940,420.0,37,0.0
20941,421.0,37,0.0
20942,422.0,37,0.0
20943,423.0,37,24.0
20944,424.0,37,71.0
20945,425.0,37,24.0
20946,426.0,37,5.0
20947,427.0,37,7.0
20948,428.0,37,42.0
20949,429.0,37,7.0
20950,430.0,37,42.0
20951,431.0,37,22.0
20952,432.0,37,0.0
20953,433.0,37,1.0
20954,434.0,37,1193.0
20955,435.0,37,295.0
20956,436.0,37,3433.0
20957,437.0,37,1724.0
20958,438.0,37,500.0
20959,439.0,37,1119.0
20960,440.0,37,1622.0
20961,441.0,37,275.0
20962,442.0,37,521.0
20963,443.0,37,1020.0
20964,444.0,37,2080.0
20965,445.0,37,3308.0
20966,446.0,37,86.1
20967,447.0,37,322.0
20968,448.0,37,473.0
20969,449.0,37,320.0
20970,450.0,37,1320.0
20971,451.0,37,529.0
20972,452.0,37,2600.0
20973,453.0,37,630.0
20974,454.0,37,1522.0
20975,455.0,37,569.0
20976,456.0,37,350.0
20977,457.0,37,330.0
20978,458.0,37,1669.0
20979,459.0,37,811.0
20980,460.0,37,2340.0
20981,461.0,37,73.0
20982,462.0,37,1260.0
20983,463.0,37,0.0
20984,464.0,37,0.0
20985,465.0,37,0.0
20986,466.0,37,0.0
20987,467.0,37,0.0
20988,468.0,37,1441.0
20989,469.0,37,814.0
20990,470.0,37,148.0
20991,471.0,37,89.0
20992,472.0,37,112.0
20993,473.0,37,89.0
20994,474.0,37,39.0
20995,475.0,37,52.0
20996,476.0,37,22.0
20997,477.0,37,480.0
20998,478.0,37,18.0
20999,479.0,37,10.0
21000,480.0,37,200.0
21001,481.0,37,66.0
21002,482.0,37,180.0
21003,483.0,37,170.0
21004,484.0,37,160.0
21005,485.0,37,310.0
21006,486.0,37,0.0
21007,487.0,37,133.0
21008,488.0,37,29.0
21009,489.0,37,170.0
21010,490.0,37,360.0
21011,491.0,37,45.0
21012,492.0,37,800.0
21013,493.0,37,0.0
21014,494.0,37,0.0
21015,495.0,37,0.0
21016,496.0,37,0.0
21017,497.0,37,3.0
21018,498.0,37,0.0
21019,499.0,37,0.0
21020,500.0,37,0.0
21021,501.0,37,0.0
21022,502.0,37,0.0
21023,503.0,37,75.0
21024,504.0,37,13.0
21025,505.0,37,0.0
21026,506.0,37,0.0
21027,507.0,37,23.0
21028,508.0,37,1.0
21029,509.0,37,117.0
21030,510.0,37,157.0
21031,511.0,37,209.0
21032,512.0,37,90.0
21033,513.0,37,90.0
21034,514.0,37,139.0
21035,515.0,37,170.0
21036,516.0,37,210.0
21037,517.0,37,110.0
21038,518.0,37,162.0
21039,519.0,37,23.0
21040,520.0,37,4.0
21041,521.0,37,4.0
21042,522.0,37,64.0
21043,523.0,37,165.0
21044,524.0,37,18.0
21045,525.0,37,5.0
21046,526.0,37,0.0
21047,527.0,37,0.0
21048,528.0,37,0.3
21049,529.0,37,1.0
21050,530.0,37,1.0
21051,531.0,37,15.0
21052,532.0,37,82.0
21053,533.0,37,19.0
21054,534.0,37,19.0
21055,535.0,37,1.0
21056,536.0,37,4.0
21057,537.0,37,1.0
21058,538.0,37,0.0
21059,539.0,37,1.0
21060,540.0,37,10.0
21061,541.0,37,0.0
21062,542.0,37,0.0
21063,543.0,37,170.0
21064,544.0,37,0.0
21065,545.0,37,1653.0
21066,546.0,37,3501.0
21067,547.0,37,63.7
21068,548.0,37,1653.0
21069,549.0,37,4000.0
21070,550.0,37,1640.0
21071,551.0,37,250.0
21072,552.0,37,0.0
21073,553.0,37,0.0
21074,554.0,37,41.0
21075,555.0,37,52.0
21076,556.0,37,27.0
21077,557.0,37,263.0
21078,558.0,37,120.0
21079,559.0,37,42.0
21080,560.0,37,150.0
21081,561.0,37,0.0
21082,562.0,37,18.0
21083,563.0,37,116.0
21084,564.0,37,241.0
21085,565.0,37,116.0
21086,566.0,37,149.0
21087,567.0,37,230.0
21088,568.0,37,148.0
21089,569.0,37,219.0
21090,570.0,37,191.0
21091,1.0,38,0.0
21092,2.0,38,1.2
21093,3.0,38,1.2
21094,4.0,38,2.1
21095,5.0,38,3.1
21096,6.0,38,1.3
21097,7.0,38,0.0
21098,8.0,38,1.0
21099,9.0,38,0.0
21100,10.0,38,0.0
21101,11.0,38,0.46
21102,12.0,38,0.69
21103,13.0,38,3.1
21104,14.0,38,0.0
21105,15.0,38,0.19
21106,16.0,38,0.46
21107,17.0,38,0.14
21108,18.0,38,2.0
21109,19.0,38,0.62
21110,20.0,38,0.49
21111,21.0,38,0.33
21112,22.0,38,0.5
21113,23.0,38,0.38
21114,24.0,38,0.5
21115,25.0,38,0.55
21116,26.0,38,0.42
21117,27.0,38,0.0
21118,28.0,38,0.0
21119,29.0,38,0.82
21120,30.0,38,0.0
21121,31.0,38,0.0
21122,32.0,38,1.9
21123,33.0,38,2.2
21124,34.0,38,0.0
21125,35.0,38,0.5
21126,36.0,38,0.0
21127,37.0,38,0.0
21128,38.0,38,0.0
21129,39.0,38,0.0
21130,40.0,38,0.69
21131,41.0,38,0.64
21132,42.0,38,3.8
21133,43.0,38,0.0
21134,44.0,38,0.0
21135,45.0,38,0.64
21136,46.0,38,0.64
21137,47.0,38,0.2
21138,48.0,38,0.2
21139,49.0,38,0.17
21140,50.0,38,0.0
21141,51.0,38,0.95
21142,52.0,38,4.0
21143,53.0,38,0.0
21144,54.0,38,0.0
21145,55.0,38,0.0
21146,56.0,38,0.0
21147,57.0,38,0.6
21148,58.0,38,0.22
21149,59.0,38,0.22
21150,60.0,38,0.5
21151,61.0,38,0.0
21152,62.0,38,2.7
21153,63.0,38,1.6
21154,64.0,38,0.0
21155,65.0,38,1.6
21156,66.0,38,1.0
21157,67.0,38,1.5
21158,68.0,38,2.7
21159,69.0,38,0.05
21160,70.0,38,0.077
21161,71.0,38,0.24
21162,72.0,38,0.0
21163,73.0,38,0.0
21164,74.0,38,0.068
21165,75.0,38,0.15
21166,76.0,38,0.049
21167,77.0,38,0.24
21168,78.0,38,0.11
21169,79.0,38,0.0
21170,80.0,38,0.18
21171,81.0,38,0.24
21172,82.0,38,0.2
21173,83.0,38,0.3
21174,84.0,38,0.2
21175,85.0,38,0.11
21176,86.0,38,0.5
21177,87.0,38,0.2
21178,88.0,38,0.17
21179,89.0,38,1.4
21180,90.0,38,0.1
21181,91.0,38,0.1
21182,92.0,38,0.1
21183,93.0,38,0.2
21184,94.0,38,0.37
21185,95.0,38,0.46
21186,96.0,38,0.38
21187,97.0,38,0.1
21188,98.0,38,0.11
21189,99.0,38,0.6
21190,100.0,38,0.35
21191,101.0,38,0.45
21192,102.0,38,0.1
21193,103.0,38,0.066
21194,104.0,38,0.13
21195,105.0,38,0.0
21196,106.0,38,0.0
21197,107.0,38,0.0
21198,108.0,38,0.2
21199,109.0,38,0.3
21200,110.0,38,0.55
21201,111.0,38,0.18
21202,112.0,38,0.3
21203,113.0,38,0.64
21204,114.0,38,0.35
21205,115.0,38,0.22
21206,116.0,38,0.22
21207,117.0,38,0.3
21208,118.0,38,0.16
21209,119.0,38,0.46
21210,120.0,38,0.08
21211,121.0,38,0.1
21212,122.0,38,0.13
21213,123.0,38,0.19
21214,124.0,38,0.2
21215,125.0,38,0.11
21216,126.0,38,0.0
21217,127.0,38,0.0
21218,128.0,38,0.007
21219,129.0,38,0.13
21220,130.0,38,0.086
21221,131.0,38,1.7
21222,132.0,38,0.0
21223,133.0,38,0.04
21224,134.0,38,0.04
21225,135.0,38,0.08
21226,136.0,38,0.04
21227,137.0,38,0.04
21228,138.0,38,0.04
21229,139.0,38,0.04
21230,140.0,38,0.0
21231,141.0,38,0.02
21232,142.0,38,0.071
21233,143.0,38,0.24
21234,144.0,38,0.22
21235,145.0,38,1.8
21236,146.0,38,0.15
21237,147.0,38,0.46
21238,148.0,38,0.2
21239,149.0,38,0.16
21240,150.0,38,4.2
21241,151.0,38,0.047
21242,152.0,38,0.0
21243,153.0,38,0.084
21244,154.0,38,0.083
21245,155.0,38,0.068
21246,156.0,38,1.3
21247,157.0,38,0.38
21248,,38,0.39
21249,159.0,38,0.13
21250,160.0,38,0.35
21251,161.0,38,0.24
21252,162.0,38,0.1
21253,163.0,38,0.043
21254,164.0,38,0.1
21255,165.0,38,0.008
21256,166.0,38,0.042
21257,167.0,38,0.1
21258,168.0,38,0.037
21259,169.0,38,0.045
21260,170.0,38,0.46
21261,171.0,38,0.1
21262,172.0,38,0.043
21263,173.0,38,0.02
21264,174.0,38,0.89
21265,175.0,38,0.035
21266,176.0,38,0.1
21267,177.0,38,0.15
21268,178.0,38,0.023
21269,179.0,38,0.059
21270,180.0,38,0.32
21271,181.0,38,0.29
21272,182.0,38,0.0
21273,183.0,38,0.026
21274,184.0,38,0.035
21275,185.0,38,0.0
21276,186.0,38,0.07
21277,187.0,38,0.07
21278,188.0,38,1.9
21279,189.0,38,5.7
21280,190.0,38,5.7
21281,191.0,38,1.6
21282,192.0,38,119.0
21283,193.0,38,1.6
21284,194.0,38,0.5
21285,195.0,38,0.0
21286,196.0,38,0.0
21287,197.0,38,2.0
21288,198.0,38,2.0
21289,199.0,38,2.1
21290,200.0,38,2.1
21291,201.0,38,0.0
21292,202.0,38,0.5
21293,203.0,38,1.3
21294,204.0,38,0.02
21295,205.0,38,0.03
21296,206.0,38,0.0051
21297,207.0,38,0.0
21298,208.0,38,0.0
21299,209.0,38,0.0055
21300,210.0,38,0.0068
21301,211.0,38,0.0
21302,212.0,38,0.003
21303,213.0,38,0.003
21304,214.0,38,0.0
21305,215.0,38,0.0
21306,216.0,38,0.14
21307,217.0,38,0.0
21308,218.0,38,0.003
21309,219.0,38,0.006
21310,220.0,38,0.003
21311,221.0,38,2.6
21312,222.0,38,0.023
21313,223.0,38,0.19
21314,224.0,38,0.017
21315,225.0,38,0.023
21316,226.0,38,0.09
21317,227.0,38,0.093
21318,228.0,38,0.1
21319,229.0,38,0.038
21320,230.0,38,0.0
21321,231.0,38,0.0
21322,232.0,38,0.023
21323,233.0,38,0.008
21324,234.0,38,0.0
21325,235.0,38,0.0
21326,237.0,38,0.023
21327,237.0,38,0.023
21328,238.0,38,0.0
21329,239.0,38,0.0
21330,240.0,38,0.0
21331,241.0,38,0.0
21332,242.0,38,0.0
21333,243.0,38,0.0
21334,244.0,38,0.003
21335,245.0,38,0.0
21336,246.0,38,0.003
21337,247.0,38,0.0
21338,248.0,38,0.0
21339,249.0,38,0.0
21340,250.0,38,0.0
21341,251.0,38,0.0
21342,252.0,38,0.0
21343,253.0,38,0.0
21344,254.0,38,0.0
21345,255.0,38,0.0
21346,256.0,38,0.0
21347,257.0,38,0.04
21348,258.0,38,0.038
21349,259.0,38,5.0
21350,260.0,38,5.6
21351,261.0,38,0.018
21352,262.0,38,0.019
21353,263.0,38,0.02
21354,264.0,38,0.05
21355,265.0,38,0.021
21356,266.0,38,0.0
21357,267.0,38,0.0
21358,268.0,38,0.0
21359,269.0,38,0.047
21360,270.0,38,0.019
21361,271.0,38,0.03
21362,272.0,38,0.018
21363,273.0,38,0.015
21364,274.0,38,0.01
21365,275.0,38,0.011
21366,276.0,38,0.04
21367,277.0,38,0.06
21368,278.0,38,0.01
21369,279.0,38,0.015
21370,280.0,38,0.01
21371,281.0,38,0.0
21372,282.0,38,0.01
21373,283.0,38,0.013
21374,284.0,38,0.0
21375,285.0,38,0.02
21376,286.0,38,0.03
21377,287.0,38,0.02
21378,288.0,38,0.16
21379,289.0,38,0.0
21380,290.0,38,0.04
21381,291.0,38,0.02
21382,292.0,38,0.04
21383,293.0,38,0.0
21384,294.0,38,0.02
21385,295.0,38,0.0
21386,296.0,38,0.0
21387,297.0,38,0.0
21388,298.0,38,0.04
21389,299.0,38,0.011
21390,300.0,38,0.03
21391,301.0,38,0.0
21392,302.0,38,0.07
21393,303.0,38,0.028
21394,304.0,38,0.038
21395,305.0,38,0.02
21396,306.0,38,0.024
21397,307.0,38,0.038
21398,308.0,38,0.01
21399,309.0,38,0.01
21400,310.0,38,0.04
21401,311.0,38,0.01
21402,312.0,38,0.038
21403,313.0,38,0.01
21404,314.0,38,0.04
21405,315.0,38,0.0087
21406,316.0,38,0.04
21407,317.0,38,0.01
21408,318.0,38,0.03
21409,319.0,38,0.027
21410,320.0,38,0.0
21411,321.0,38,0.012
21412,322.0,38,0.01
21413,323.0,38,0.03
21414,324.0,38,0.01
21415,325.0,38,0.0
21416,326.0,38,0.0
21417,327.0,38,0.0
21418,328.0,38,0.041
21419,329.0,38,0.31
21420,330.0,38,0.0
21421,331.0,38,0.29
21422,332.0,38,0.33
21423,333.0,38,0.34
21424,334.0,38,0.045
21425,335.0,38,0.038
21426,336.0,38,0.026
21427,337.0,38,0.04
21428,338.0,38,0.0
21429,339.0,38,0.017
21430,340.0,38,0.019
21431,341.0,38,0.019
21432,342.0,38,0.15
21433,343.0,38,0.16
21434,344.0,38,0.05
21435,345.0,38,0.006
21436,346.0,38,0.048
21437,347.0,38,0.044
21438,348.0,38,0.04
21439,349.0,38,0.5
21440,350.0,38,0.5
21441,351.0,38,0.034
21442,352.0,38,0.035
21443,353.0,38,0.15
21444,354.0,38,0.15
21445,355.0,38,0.0
21446,356.0,38,0.03
21447,357.0,38,0.01
21448,358.0,38,0.015
21449,359.0,38,0.01
21450,360.0,38,2.3
21451,361.0,38,0.14
21452,362.0,38,0.02
21453,363.0,38,0.025
21454,364.0,38,0.03
21455,365.0,38,0.03
21456,366.0,38,0.03
21457,367.0,38,0.07
21458,368.0,38,0.031
21459,369.0,38,0.55
21460,370.0,38,0.03
21461,371.0,38,0.09
21462,372.0,38,0.09
21463,373.0,38,0.019
21464,374.0,38,0.014
21465,375.0,38,0.01
21466,376.0,38,0.11
21467,377.0,38,0.09
21468,378.0,38,0.015
21469,379.0,38,0.03
21470,380.0,38,0.017
21471,381.0,38,0.091
21472,382.0,38,0.015
21473,383.0,38,0.02
21474,384.0,38,0.02
21475,385.0,38,0.05
21476,386.0,38,0.0
21477,387.0,38,0.0
21478,388.0,38,0.02
21479,389.0,38,0.03
21480,390.0,38,0.024
21481,391.0,38,0.02
21482,392.0,38,0.037
21483,393.0,38,0.0
21484,394.0,38,0.017
21485,395.0,38,0.18
21486,396.0,38,0.011
21487,397.0,38,0.016
21488,398.0,38,0.01
21489,399.0,38,0.02
21490,400.0,38,0.02
21491,401.0,38,0.0
21492,402.0,38,0.24
21493,403.0,38,0.11
21494,404.0,38,0.11
21495,405.0,38,0.11
21496,406.0,38,0.05
21497,407.0,38,0.0
21498,408.0,38,0.0
21499,409.0,38,0.0
21500,410.0,38,0.0
21501,411.0,38,0.0
21502,412.0,38,0.0
21503,413.0,38,0.0
21504,414.0,38,0.0
21505,415.0,38,0.0
21506,416.0,38,0.0
21507,417.0,38,0.0
21508,418.0,38,0.0
21509,419.0,38,0.0
21510,420.0,38,0.0
21511,421.0,38,0.0
21512,422.0,38,0.0
21513,423.0,38,0.04
21514,424.0,38,0.0
21515,425.0,38,0.04
21516,426.0,38,0.0
21517,427.0,38,0.0
21518,428.0,38,0.0
21519,429.0,38,0.0
21520,430.0,38,0.0
21521,431.0,38,0.0
21522,432.0,38,0.0
21523,433.0,38,0.0
21524,434.0,38,0.98
21525,435.0,38,1.1
21526,436.0,38,0.0
21527,437.0,38,28.4
21528,438.0,38,16.7
21529,439.0,38,0.0
21530,440.0,38,0.0
21531,441.0,38,0.0
21532,442.0,38,0.4
21533,443.0,38,60.1
21534,444.0,38,19.8
21535,445.0,38,4.0
21536,446.0,38,0.0
21537,447.0,38,0.19
21538,448.0,38,0.0
21539,449.0,38,7.0
21540,450.0,38,33.3
21541,451.0,38,8.2
21542,452.0,38,0.0
21543,453.0,38,0.0
21544,454.0,38,0.0
21545,455.0,38,1.2
21546,456.0,38,2.9
21547,457.0,38,0.0
21548,458.0,38,4.7
21549,459.0,38,0.76
21550,460.0,38,0.8
21551,461.0,38,4.5
21552,462.0,38,6.5
21553,463.0,38,0.1
21554,464.0,38,0.1
21555,465.0,38,0.1
21556,466.0,38,0.1
21557,467.0,38,0.1
21558,468.0,38,2.3
21559,469.0,38,0.0
21560,470.0,38,0.23
21561,471.0,38,0.24
21562,472.0,38,0.0
21563,473.0,38,0.0
21564,474.0,38,0.0
21565,475.0,38,0.046
21566,476.0,38,0.0
21567,477.0,38,0.13
21568,478.0,38,0.0
21569,479.0,38,0.0
21570,480.0,38,0.7
21571,481.0,38,0.29
21572,482.0,38,0.2
21573,483.0,38,0.3
21574,484.0,38,0.0
21575,485.0,38,0.1
21576,486.0,38,0.0
21577,487.0,38,0.1
21578,488.0,38,0.0
21579,489.0,38,0.01
21580,490.0,38,0.0
21581,491.0,38,0.1
21582,492.0,38,0.0
21583,493.0,38,0.0
21584,494.0,38,0.0
21585,495.0,38,0.0
21586,496.0,38,0.0
21587,497.0,38,0.0
21588,498.0,38,0.0
21589,499.0,38,0.0
21590,500.0,38,2.7
21591,501.0,38,0.0
21592,502.0,38,0.0
21593,503.0,38,0.0
21594,504.0,38,0.0
21595,505.0,38,0.0
21596,506.0,38,0.0
21597,507.0,38,0.0
21598,508.0,38,0.0
21599,509.0,38,0.0
21600,510.0,38,0.0
21601,511.0,38,0.8
21602,512.0,38,0.0
21603,513.0,38,0.78
21604,514.0,38,0.17
21605,515.0,38,0.5
21606,516.0,38,0.36
21607,517.0,38,0.5
21608,518.0,38,0.0
21609,519.0,38,0.0
21610,520.0,38,0.0
21611,521.0,38,0.0
21612,522.0,38,0.0
21613,523.0,38,0.5
21614,524.0,38,0.0
21615,525.0,38,0.0
21616,526.0,38,0.0
21617,527.0,38,0.0
21618,528.0,38,0.0
21619,529.0,38,0.0
21620,530.0,38,0.001
21621,531.0,38,0.0
21622,532.0,38,0.0
21623,533.0,38,0.0
21624,534.0,38,0.0
21625,535.0,38,0.009
21626,536.0,38,0.009
21627,537.0,38,0.018
21628,538.0,38,0.035
21629,539.0,38,0.013
21630,540.0,38,0.013
21631,541.0,38,0.001
21632,542.0,38,0.001
21633,543.0,38,0.3
21634,544.0,38,0.0
21635,545.0,38,0.027
21636,546.0,38,1.2
21637,547.0,38,0.001
21638,548.0,38,0.027
21639,549.0,38,1.8
21640,550.0,38,0.14
21641,551.0,38,0.0
21642,552.0,38,0.0
21643,553.0,38,0.0
21644,554.0,38,0.0
21645,555.0,38,0.0
21646,556.0,38,0.0
21647,557.0,38,0.92
21648,558.0,38,0.0
21649,559.0,38,0.0
21650,560.0,38,0.03
21651,561.0,38,0.0
21652,562.0,38,0.0
21653,563.0,38,0.12
21654,564.0,38,0.048
21655,565.0,38,0.7
21656,566.0,38,0.01
21657,567.0,38,0.1
21658,568.0,38,0.05
21659,569.0,38,0.13
21660,570.0,38,0.05
21661,1.0,39,0.66
21662,2.0,39,2.0
21663,3.0,39,0.37
21664,4.0,39,0.29
21665,5.0,39,0.42
21666,6.0,39,0.42
21667,7.0,39,0.45
21668,8.0,39,0.05
21669,9.0,39,0.0
21670,10.0,39,0.0
21671,11.0,39,0.13
21672,12.0,39,0.14
21673,13.0,39,0.45
21674,14.0,39,0.0
21675,15.0,39,0.053
21676,16.0,39,0.23
21677,17.0,39,0.046
21678,18.0,39,0.59
21679,19.0,39,0.19
21680,20.0,39,0.11
21681,21.0,39,0.088
21682,22.0,39,0.19
21683,23.0,39,0.13
21684,24.0,39,0.16
21685,25.0,39,0.17
21686,26.0,39,0.14
21687,27.0,39,0.21
21688,28.0,39,0.15
21689,29.0,39,0.19
21690,30.0,39,0.0
21691,31.0,39,0.0
21692,32.0,39,0.25
21693,33.0,39,0.3
21694,34.0,39,0.075
21695,35.0,39,0.13
21696,36.0,39,0.0
21697,37.0,39,0.0
21698,38.0,39,0.0
21699,39.0,39,0.0
21700,40.0,39,0.25
21701,41.0,39,0.2
21702,42.0,39,0.2
21703,43.0,39,0.093
21704,44.0,39,0.0
21705,45.0,39,0.2
21706,46.0,39,0.2
21707,47.0,39,0.1
21708,48.0,39,0.1
21709,49.0,39,0.23
21710,50.0,39,0.0
21711,51.0,39,0.2
21712,52.0,39,2.9
21713,53.0,39,0.0
21714,54.0,39,0.0
21715,55.0,39,0.0
21716,56.0,39,0.0
21717,57.0,39,0.17
21718,58.0,39,0.47
21719,59.0,39,0.14
21720,60.0,39,0.25
21721,61.0,39,0.0
21722,62.0,39,0.84
21723,63.0,39,0.82
21724,64.0,39,0.0
21725,65.0,39,0.98
21726,66.0,39,0.96
21727,67.0,39,0.74
21728,68.0,39,1.2
21729,69.0,39,0.13
21730,70.0,39,0.37
21731,71.0,39,0.13
21732,72.0,39,0.0
21733,73.0,39,0.0
21734,74.0,39,0.056
21735,75.0,39,0.091
21736,76.0,39,0.026
21737,77.0,39,0.084
21738,78.0,39,0.07
21739,79.0,39,0.0
21740,80.0,39,0.05
21741,81.0,39,0.054
21742,82.0,39,0.09
21743,83.0,39,0.03
21744,84.0,39,0.05
21745,85.0,39,0.086
21746,86.0,39,0.01
21747,87.0,39,0.02
21748,88.0,39,0.23
21749,89.0,39,0.13
21750,90.0,39,0.01
21751,91.0,39,0.01
21752,92.0,39,0.01
21753,93.0,39,0.02
21754,94.0,39,0.077
21755,95.0,39,0.15
21756,96.0,39,0.32
21757,97.0,39,0.038
21758,98.0,39,0.09
21759,99.0,39,0.01
21760,100.0,39,0.13
21761,101.0,39,0.056
21762,102.0,39,0.02
21763,103.0,39,0.08
21764,104.0,39,0.05
21765,105.0,39,0.01
21766,106.0,39,0.02
21767,107.0,39,0.0
21768,108.0,39,0.033
21769,109.0,39,0.065
21770,110.0,39,0.056
21771,111.0,39,0.045
21772,112.0,39,0.01
21773,113.0,39,0.097
21774,114.0,39,0.25
21775,115.0,39,0.08
21776,116.0,39,0.08
21777,117.0,39,0.01
21778,118.0,39,0.041
21779,119.0,39,0.052
21780,120.0,39,0.039
21781,121.0,39,0.01
21782,122.0,39,0.02
21783,123.0,39,0.053
21784,124.0,39,0.02
21785,125.0,39,0.058
21786,126.0,39,0.0
21787,127.0,39,0.0
21788,128.0,39,0.12
21789,129.0,39,0.046
21790,130.0,39,0.45
21791,131.0,39,0.7
21792,132.0,39,0.0
21793,133.0,39,0.1
21794,134.0,39,0.1
21795,135.0,39,0.05
21796,136.0,39,0.1
21797,137.0,39,0.1
21798,138.0,39,0.1
21799,139.0,39,0.1
21800,140.0,39,0.0
21801,141.0,39,0.09
21802,142.0,39,0.052
21803,143.0,39,0.34
21804,144.0,39,0.4
21805,145.0,39,0.55
21806,146.0,39,0.29
21807,147.0,39,0.37
21808,148.0,39,0.23
21809,149.0,39,0.13
21810,150.0,39,0.077
21811,151.0,39,0.02
21812,152.0,39,0.0
21813,153.0,39,0.099
21814,154.0,39,0.073
21815,155.0,39,0.071
21816,156.0,39,0.44
21817,157.0,39,0.093
21818,,39,0.046
21819,159.0,39,0.12
21820,160.0,39,0.1
21821,161.0,39,0.14
21822,162.0,39,0.1
21823,163.0,39,0.081
21824,164.0,39,0.13
21825,165.0,39,0.065
21826,166.0,39,0.13
21827,167.0,39,0.2
21828,168.0,39,0.056
21829,169.0,39,0.052
21830,170.0,39,0.16
21831,171.0,39,0.067
21832,172.0,39,0.046
21833,173.0,39,0.1
21834,174.0,39,0.11
21835,175.0,39,0.053
21836,176.0,39,0.06
21837,177.0,39,0.04
21838,178.0,39,0.032
21839,179.0,39,0.077
21840,180.0,39,0.061
21841,181.0,39,0.11
21842,182.0,39,0.0
21843,183.0,39,0.037
21844,184.0,39,0.029
21845,185.0,39,0.0
21846,186.0,39,0.13
21847,187.0,39,0.13
21848,188.0,39,0.85
21849,189.0,39,1.3
21850,190.0,39,1.3
21851,191.0,39,0.76
21852,192.0,39,0.54
21853,193.0,39,0.76
21854,194.0,39,0.23
21855,195.0,39,0.0
21856,196.0,39,0.0
21857,197.0,39,0.88
21858,198.0,39,0.88
21859,199.0,39,1.8
21860,200.0,39,1.8
21861,201.0,39,0.0
21862,202.0,39,0.46
21863,203.0,39,1.3
21864,204.0,39,0.037
21865,205.0,39,0.08
21866,206.0,39,0.021
21867,207.0,39,0.0
21868,208.0,39,0.0
21869,209.0,39,0.011
21870,210.0,39,0.026
21871,211.0,39,0.002
21872,212.0,39,0.01
21873,213.0,39,0.01
21874,214.0,39,0.002
21875,215.0,39,0.0
21876,216.0,39,0.17
21877,217.0,39,0.0
21878,218.0,39,0.01
21879,219.0,39,0.02
21880,220.0,39,0.01
21881,221.0,39,0.022
21882,222.0,39,0.36
21883,223.0,39,0.14
21884,224.0,39,0.08
21885,225.0,39,0.36
21886,226.0,39,0.63
21887,227.0,39,0.56
21888,228.0,39,0.73
21889,229.0,39,0.021
21890,230.0,39,0.0
21891,231.0,39,0.0
21892,232.0,39,0.36
21893,233.0,39,0.02
21894,234.0,39,0.0
21895,235.0,39,0.0
21896,237.0,39,0.36
21897,237.0,39,0.36
21898,238.0,39,0.0
21899,239.0,39,0.0
21900,240.0,39,0.0
21901,241.0,39,0.0
21902,242.0,39,0.0
21903,243.0,39,0.0
21904,244.0,39,0.012
21905,245.0,39,0.0
21906,246.0,39,0.012
21907,247.0,39,0.0
21908,248.0,39,0.0
21909,249.0,39,0.0
21910,250.0,39,0.0
21911,251.0,39,0.0
21912,252.0,39,0.0
21913,253.0,39,0.0
21914,254.0,39,0.0
21915,255.0,39,0.0
21916,256.0,39,0.0
21917,257.0,39,0.006
21918,258.0,39,0.062
21919,259.0,39,0.74
21920,260.0,39,5.5
21921,261.0,39,0.041
21922,262.0,39,0.5
21923,263.0,39,0.04
21924,264.0,39,0.16
21925,265.0,39,0.063
21926,266.0,39,0.0
21927,267.0,39,0.0
21928,268.0,39,0.0
21929,269.0,39,0.24
21930,270.0,39,0.07
21931,271.0,39,0.13
21932,272.0,39,0.039
21933,273.0,39,0.042
21934,274.0,39,0.1
21935,275.0,39,0.084
21936,276.0,39,0.31
21937,277.0,39,0.13
21938,278.0,39,0.085
21939,279.0,39,0.048
21940,280.0,39,0.04
21941,281.0,39,0.0
21942,282.0,39,0.04
21943,283.0,39,0.044
21944,284.0,39,0.06
21945,285.0,39,0.15
21946,286.0,39,0.25
21947,287.0,39,0.14
21948,288.0,39,0.27
21949,289.0,39,0.0
21950,290.0,39,0.08
21951,291.0,39,0.24
21952,292.0,39,0.08
21953,293.0,39,0.24
21954,294.0,39,0.22
21955,295.0,39,0.1
21956,296.0,39,0.1
21957,297.0,39,0.0
21958,298.0,39,0.08
21959,299.0,39,0.04
21960,300.0,39,0.06
21961,301.0,39,0.0
21962,302.0,39,0.24
21963,303.0,39,0.07
21964,304.0,39,0.08
21965,305.0,39,0.14
21966,306.0,39,0.21
21967,307.0,39,0.15
21968,308.0,39,0.06
21969,309.0,39,0.07
21970,310.0,39,0.22
21971,311.0,39,0.06
21972,312.0,39,0.06
21973,313.0,39,0.07
21974,314.0,39,0.15
21975,315.0,39,0.074
21976,316.0,39,0.14
21977,317.0,39,0.067
21978,318.0,39,0.25
21979,319.0,39,0.094
21980,320.0,39,0.0
21981,321.0,39,0.065
21982,322.0,39,0.077
21983,323.0,39,0.25
21984,324.0,39,0.09
21985,325.0,39,0.41
21986,326.0,39,0.4
21987,327.0,39,0.0
21988,328.0,39,0.36
21989,329.0,39,1.3
21990,330.0,39,0.0
21991,331.0,39,0.32
21992,332.0,39,3.2
21993,333.0,39,0.23
21994,334.0,39,0.64
21995,335.0,39,0.16
21996,336.0,39,0.17
21997,337.0,39,0.2
21998,338.0,39,0.0
21999,339.0,39,0.083
22000,340.0,39,0.25
22001,341.0,39,0.26
22002,342.0,39,0.77
22003,343.0,39,0.42
22004,344.0,39,0.37
22005,345.0,39,0.14
22006,346.0,39,0.54
22007,347.0,39,0.24
22008,348.0,39,0.14
22009,349.0,39,0.34
22010,350.0,39,0.34
22011,351.0,39,0.7
22012,352.0,39,0.59
22013,353.0,39,0.66
22014,354.0,39,0.66
22015,355.0,39,0.0
22016,356.0,39,0.7
22017,357.0,39,0.1
22018,358.0,39,0.38
22019,359.0,39,0.1
22020,360.0,39,0.18
22021,361.0,39,0.92
22022,362.0,39,0.43
22023,363.0,39,0.087
22024,364.0,39,0.09
22025,365.0,39,0.051
22026,366.0,39,0.05
22027,367.0,39,0.21
22028,368.0,39,0.11
22029,369.0,39,0.087
22030,370.0,39,0.09
22031,371.0,39,0.057
22032,372.0,39,0.04
22033,373.0,39,0.12
22034,374.0,39,0.13
22035,375.0,39,0.13
22036,376.0,39,0.17
22037,377.0,39,0.04
22038,378.0,39,0.15
22039,379.0,39,0.035
22040,380.0,39,0.053
22041,381.0,39,0.038
22042,382.0,39,0.019
22043,383.0,39,0.021
22044,384.0,39,0.02
22045,385.0,39,0.0075
22046,386.0,39,0.0
22047,387.0,39,0.03
22048,388.0,39,0.02
22049,389.0,39,0.042
22050,390.0,39,0.0097
22051,391.0,39,0.01
22052,392.0,39,0.014
22053,393.0,39,0.0
22054,394.0,39,0.2
22055,395.0,39,0.17
22056,396.0,39,0.051
22057,397.0,39,0.23
22058,398.0,39,0.05
22059,399.0,39,0.05
22060,400.0,39,0.05
22061,401.0,39,0.0
22062,402.0,39,0.23
22063,403.0,39,0.19
22064,404.0,39,0.17
22065,405.0,39,0.19
22066,406.0,39,0.18
22067,407.0,39,0.0
22068,408.0,39,0.0
22069,409.0,39,0.0
22070,410.0,39,0.0
22071,411.0,39,0.0
22072,412.0,39,0.0
22073,413.0,39,0.0
22074,414.0,39,0.0
22075,415.0,39,0.0
22076,416.0,39,0.0
22077,417.0,39,0.0
22078,418.0,39,0.0
22079,419.0,39,0.0
22080,420.0,39,0.0
22081,421.0,39,0.0
22082,422.0,39,0.0
22083,423.0,39,0.03
22084,424.0,39,0.0
22085,425.0,39,0.03
22086,426.0,39,0.04
22087,427.0,39,0.03
22088,428.0,39,0.0
22089,429.0,39,0.03
22090,430.0,39,0.0
22091,431.0,39,0.0
22092,432.0,39,0.0
22093,433.0,39,0.02
22094,434.0,39,0.53
22095,435.0,39,0.39
22096,436.0,39,0.0
22097,437.0,39,0.33
22098,438.0,39,0.23
22099,439.0,39,0.0
22100,440.0,39,0.0
22101,441.0,39,0.0
22102,442.0,39,0.2
22103,443.0,39,0.37
22104,444.0,39,1.3
22105,445.0,39,0.49
22106,446.0,39,0.0
22107,447.0,39,0.13
22108,448.0,39,0.0
22109,449.0,39,0.05
22110,450.0,39,0.48
22111,451.0,39,0.42
22112,452.0,39,0.3
22113,453.0,39,0.0
22114,454.0,39,0.0
22115,455.0,39,0.33
22116,456.0,39,1.0
22117,457.0,39,0.0
22118,458.0,39,0.94
22119,459.0,39,0.14
22120,460.0,39,0.61
22121,461.0,39,1.1
22122,462.0,39,1.1
22123,463.0,39,0.1
22124,464.0,39,0.1
22125,465.0,39,0.1
22126,466.0,39,0.1
22127,467.0,39,0.1
22128,468.0,39,0.91
22129,469.0,39,0.0
22130,470.0,39,0.072
22131,471.0,39,0.04
22132,472.0,39,0.0
22133,473.0,39,0.0
22134,474.0,39,0.0
22135,475.0,39,0.33
22136,476.0,39,0.05
22137,477.0,39,0.2
22138,478.0,39,0.02
22139,479.0,39,0.02
22140,480.0,39,0.19
22141,481.0,39,0.048
22142,482.0,39,0.05
22143,483.0,39,0.2
22144,484.0,39,0.01
22145,485.0,39,0.11
22146,486.0,39,0.0
22147,487.0,39,0.1
22148,488.0,39,0.0
22149,489.0,39,0.0
22150,490.0,39,0.1
22151,491.0,39,0.1
22152,492.0,39,0.0
22153,493.0,39,0.0
22154,494.0,39,0.0
22155,495.0,39,0.0
22156,496.0,39,0.0
22157,497.0,39,0.0
22158,498.0,39,0.0
22159,499.0,39,0.0
22160,500.0,39,0.61
22161,501.0,39,0.53
22162,502.0,39,0.43
22163,503.0,39,1.1
22164,504.0,39,0.7
22165,505.0,39,3.0
22166,506.0,39,0.18
22167,507.0,39,0.85
22168,508.0,39,3.0
22169,509.0,39,0.0
22170,510.0,39,0.0
22171,511.0,39,0.08
22172,512.0,39,0.0
22173,513.0,39,0.3
22174,514.0,39,0.2
22175,515.0,39,0.28
22176,516.0,39,0.24
22177,517.0,39,0.28
22178,518.0,39,0.0
22179,519.0,39,0.0
22180,520.0,39,0.0
22181,521.0,39,0.0
22182,522.0,39,0.009
22183,523.0,39,0.28
22184,524.0,39,0.0
22185,525.0,39,0.0
22186,526.0,39,0.0
22187,527.0,39,0.0
22188,528.0,39,0.0
22189,529.0,39,0.0
22190,530.0,39,0.01
22191,531.0,39,0.0
22192,532.0,39,0.0
22193,533.0,39,0.0
22194,534.0,39,0.0
22195,535.0,39,0.03
22196,536.0,39,0.01
22197,537.0,39,0.011
22198,538.0,39,0.011
22199,539.0,39,0.015
22200,540.0,39,0.015
22201,541.0,39,0.006
22202,542.0,39,0.006
22203,543.0,39,0.05
22204,544.0,39,0.0
22205,545.0,39,1.7
22206,546.0,39,0.069
22207,547.0,39,0.065
22208,548.0,39,1.7
22209,549.0,39,0.059
22210,550.0,39,2.5
22211,551.0,39,0.0
22212,552.0,39,0.0
22213,553.0,39,0.0
22214,554.0,39,0.0
22215,555.0,39,0.0
22216,556.0,39,0.0
22217,557.0,39,0.27
22218,558.0,39,0.0
22219,559.0,39,0.0
22220,560.0,39,0.057
22221,561.0,39,0.0
22222,562.0,39,0.0
22223,563.0,39,0.059
22224,564.0,39,0.05
22225,565.0,39,0.064
22226,566.0,39,0.12
22227,567.0,39,0.12
22228,568.0,39,0.048
22229,569.0,39,0.046
22230,570.0,39,0.05
22231,1.0,40,70.7
22232,2.0,40,7.0
22233,3.0,40,10.0
22234,4.0,40,10.0
22235,5.0,40,7.1
22236,6.0,40,37.7
22237,7.0,40,35.3
22238,8.0,40,2.8
22239,9.0,40,0.0
22240,10.0,40,14.4
22241,11.0,40,15.4
22242,12.0,40,4.0
22243,13.0,40,53.0
22244,14.0,40,0.0
22245,15.0,40,0.8
22246,16.0,40,15.4
22247,17.0,40,0.7
22248,18.0,40,8.5
22249,19.0,40,2.5
22250,20.0,40,24.5
22251,21.0,40,3.9
22252,22.0,40,28.0
22253,23.0,40,22.6
22254,24.0,40,28.0
22255,25.0,40,33.6
22256,26.0,40,33.6
22257,27.0,40,24.6
22258,28.0,40,28.8
22259,29.0,40,30.9
22260,30.0,40,0.0
22261,31.0,40,0.0
22262,32.0,40,35.0
22263,33.0,40,41.0
22264,34.0,40,0.4
22265,35.0,40,28.0
22266,36.0,40,0.0
22267,37.0,40,28.0
22268,38.0,40,0.0
22269,39.0,40,0.0
22270,40.0,40,62.2
22271,41.0,40,20.0
22272,42.0,40,62.2
22273,43.0,40,0.0
22274,44.0,40,1.9
22275,45.0,40,20.0
22276,46.0,40,20.0
22277,47.0,40,1.3
22278,48.0,40,1.3
22279,49.0,40,0.6
22280,50.0,40,5.0
22281,51.0,40,22.6
22282,52.0,40,9.0
22283,53.0,40,0.0
22284,54.0,40,0.6
22285,55.0,40,144.0
22286,56.0,40,0.0
22287,57.0,40,1.0
22288,58.0,40,0.6
22289,59.0,40,7.1
22290,60.0,40,2.8
22291,61.0,40,8.2
22292,62.0,40,8.2
22293,63.0,40,8.2
22294,64.0,40,5.3
22295,65.0,40,12.8
22296,66.0,40,3.2
22297,67.0,40,9.9
22298,68.0,40,17.8
22299,69.0,40,8.8
22300,70.0,40,7.0
22301,71.0,40,1.0
22302,72.0,40,1.1
22303,73.0,40,0.8
22304,74.0,40,1.0
22305,75.0,40,1.5
22306,76.0,40,2.0
22307,77.0,40,0.62
22308,78.0,40,0.8
22309,79.0,40,0.7
22310,80.0,40,1.3
22311,81.0,40,0.2
22312,82.0,40,0.7
22313,83.0,40,0.88
22314,84.0,40,1.2
22315,85.0,40,0.7
22316,86.0,40,0.7
22317,87.0,40,0.7
22318,88.0,40,0.9
22319,89.0,40,0.7
22320,90.0,40,0.3
22321,91.0,40,0.3
22322,92.0,40,0.3
22323,93.0,40,1.0
22324,94.0,40,0.9
22325,95.0,40,2.0
22326,96.0,40,0.7
22327,97.0,40,3.0
22328,98.0,40,1.0
22329,99.0,40,0.9
22330,100.0,40,0.9
22331,101.0,40,0.7
22332,102.0,40,1.0
22333,103.0,40,0.3
22334,104.0,40,1.5
22335,105.0,40,0.0001
22336,106.0,40,0.0
22337,107.0,40,0.0
22338,108.0,40,2.5
22339,109.0,40,0.6
22340,110.0,40,1.4
22341,111.0,40,0.93
22342,112.0,40,1.0
22343,113.0,40,0.8
22344,114.0,40,0.89
22345,115.0,40,1.4
22346,116.0,40,1.4
22347,117.0,40,1.0
22348,118.0,40,0.92
22349,119.0,40,0.7
22350,120.0,40,0.8
22351,121.0,40,0.1
22352,122.0,40,0.0
22353,123.0,40,0.76
22354,124.0,40,1.0
22355,125.0,40,0.99
22356,126.0,40,0.0
22357,127.0,40,0.0
22358,128.0,40,0.6
22359,129.0,40,0.6
22360,130.0,40,4.2
22361,131.0,40,3.0
22362,132.0,40,0.0
22363,133.0,40,2.0
22364,134.0,40,2.0
22365,135.0,40,2.0
22366,136.0,40,2.0
22367,137.0,40,2.0
22368,138.0,40,2.0
22369,139.0,40,2.0
22370,140.0,40,0.0
22371,141.0,40,0.6
22372,142.0,40,0.86
22373,143.0,40,2.2
22374,144.0,40,2.7
22375,145.0,40,3.0
22376,146.0,40,3.0
22377,147.0,40,7.3
22378,148.0,40,0.4
22379,149.0,40,1.3
22380,150.0,40,0.1
22381,151.0,40,0.6
22382,152.0,40,0.0
22383,153.0,40,1.2
22384,154.0,40,0.0
22385,155.0,40,0.59
22386,156.0,40,10.1
22387,157.0,40,1.3
22388,,40,1.3
22389,159.0,40,0.6
22390,160.0,40,1.7
22391,161.0,40,1.3
22392,162.0,40,0.5
22393,163.0,40,1.6
22394,164.0,40,0.6
22395,165.0,40,0.4
22396,166.0,40,1.0
22397,167.0,40,0.6
22398,168.0,40,2.4
22399,169.0,40,1.4
22400,170.0,40,0.2
22401,171.0,40,1.2
22402,172.0,40,0.5
22403,173.0,40,0.6
22404,174.0,40,0.0
22405,175.0,40,1.2
22406,176.0,40,1.0
22407,177.0,40,0.5
22408,178.0,40,0.6
22409,179.0,40,0.59
22410,180.0,40,0.55
22411,181.0,40,1.4
22412,182.0,40,1.5
22413,183.0,40,1.0
22414,184.0,40,0.4
22415,185.0,40,1.3
22416,186.0,40,0.1
22417,187.0,40,0.1
22418,188.0,40,3.5
22419,189.0,40,4.5
22420,190.0,40,4.5
22421,191.0,40,7.2
22422,192.0,40,4.0
22423,193.0,40,7.2
22424,194.0,40,1.8
22425,195.0,40,7.0
22426,196.0,40,5.2
22427,197.0,40,5.5
22428,198.0,40,5.5
22429,199.0,40,62.2
22430,200.0,40,62.2
22431,201.0,40,9.4
22432,202.0,40,6.4
22433,203.0,40,8.0
22434,204.0,40,1.0
22435,205.0,40,1.0
22436,206.0,40,1.2
22437,207.0,40,3.0
22438,208.0,40,3.0
22439,209.0,40,0.7
22440,210.0,40,0.9
22441,211.0,40,1.6
22442,212.0,40,1.4
22443,213.0,40,1.5
22444,214.0,40,1.6
22445,215.0,40,11.0
22446,216.0,40,7.4
22447,217.0,40,7.4
22448,218.0,40,1.4
22449,219.0,40,3.0
22450,220.0,40,1.5
22451,221.0,40,0.0
22452,222.0,40,23.9
22453,223.0,40,2.0
22454,224.0,40,11.0
22455,225.0,40,23.9
22456,226.0,40,5.5
22457,227.0,40,3.8
22458,228.0,40,2.8
22459,229.0,40,14.5
22460,230.0,40,0.0
22461,231.0,40,0.0
22462,232.0,40,23.9
22463,233.0,40,14.5
22464,234.0,40,0.0
22465,235.0,40,0.0
22466,237.0,40,23.9
22467,237.0,40,23.9
22468,238.0,40,0.0
22469,239.0,40,0.0
22470,240.0,40,0.0
22471,241.0,40,1.9
22472,242.0,40,1.0
22473,243.0,40,1.0
22474,244.0,40,1.0
22475,245.0,40,1.0
22476,246.0,40,1.0
22477,247.0,40,5.0
22478,248.0,40,1.0
22479,249.0,40,1.0
22480,250.0,40,1.0
22481,251.0,40,1.0
22482,252.0,40,1.0
22483,253.0,40,1.0
22484,254.0,40,2.0
22485,255.0,40,1.0
22486,256.0,40,2.0
22487,257.0,40,5.4
22488,258.0,40,32.0
22489,259.0,40,0.3
22490,260.0,40,2.0
22491,261.0,40,15.5
22492,262.0,40,16.6
22493,263.0,40,10.0
22494,264.0,40,26.4
22495,265.0,40,7.3
22496,266.0,40,16.8
22497,267.0,40,14.4
22498,268.0,40,13.3
22499,269.0,40,12.4
22500,270.0,40,28.6
22501,271.0,40,22.4
22502,272.0,40,6.5
22503,273.0,40,10.0
22504,274.0,40,4.0
22505,275.0,40,25.5
22506,276.0,40,14.0
22507,277.0,40,14.0
22508,278.0,40,27.3
22509,279.0,40,32.4
22510,280.0,40,25.5
22511,281.0,40,14.0
22512,282.0,40,1.0
22513,283.0,40,30.0
22514,284.0,40,1.0
22515,285.0,40,1.0
22516,286.0,40,1.0
22517,287.0,40,1.0
22518,288.0,40,11.5
22519,289.0,40,0.0
22520,290.0,40,21.1
22521,291.0,40,17.4
22522,292.0,40,21.1
22523,293.0,40,0.0
22524,294.0,40,8.0
22525,295.0,40,0.0
22526,296.0,40,0.0
22527,297.0,40,0.0
22528,298.0,40,21.1
22529,299.0,40,11.8
22530,300.0,40,6.1
22531,301.0,40,0.0
22532,302.0,40,6.9
22533,303.0,40,11.5
22534,304.0,40,26.1
22535,305.0,40,1.0
22536,306.0,40,3.0
22537,307.0,40,10.0
22538,308.0,40,17.0
22539,309.0,40,20.0
22540,310.0,40,17.0
22541,311.0,40,17.4
22542,312.0,40,17.0
22543,313.0,40,1.0
22544,314.0,40,3.0
22545,315.0,40,1.0
22546,316.0,40,3.0
22547,317.0,40,1.0
22548,318.0,40,8.1
22549,319.0,40,8.5
22550,320.0,40,1.0
22551,321.0,40,15.6
22552,322.0,40,17.4
22553,323.0,40,8.1
22554,324.0,40,45.9
22555,325.0,40,10.4
22556,326.0,40,32.0
22557,327.0,40,0.0
22558,328.0,40,22.0
22559,329.0,40,56.0
22560,330.0,40,0.0
22561,331.0,40,55.0
22562,332.0,40,21.0
22563,333.0,40,12.0
22564,334.0,40,15.0
22565,335.0,40,14.7
22566,336.0,40,9.4
22567,337.0,40,0.0
22568,338.0,40,0.0
22569,339.0,40,17.8
22570,340.0,40,17.7
22571,341.0,40,44.3
22572,342.0,40,206.0
22573,343.0,40,93.0
22574,344.0,40,40.0
22575,345.0,40,0.0
22576,346.0,40,17.0
22577,347.0,40,9.0
22578,348.0,40,10.0
22579,349.0,40,24.3
22580,350.0,40,24.3
22581,351.0,40,130.0
22582,352.0,40,44.8
22583,353.0,40,37.4
22584,354.0,40,37.4
22585,355.0,40,44.8
22586,356.0,40,130.0
22587,357.0,40,24.3
22588,358.0,40,99.0
22589,359.0,40,24.3
22590,360.0,40,56.0
22591,361.0,40,28.0
22592,362.0,40,44.8
22593,363.0,40,30.0
22594,364.0,40,30.0
22595,365.0,40,82.0
22596,366.0,40,82.0
22597,367.0,40,36.5
22598,368.0,40,39.0
22599,369.0,40,12.6
22600,370.0,40,30.0
22601,371.0,40,47.0
22602,372.0,40,45.0
22603,373.0,40,48.1
22604,374.0,40,29.0
22605,375.0,40,29.0
22606,376.0,40,60.0
22607,377.0,40,45.0
22608,378.0,40,25.0
22609,379.0,40,20.0
22610,380.0,40,28.0
22611,381.0,40,45.0
22612,382.0,40,36.5
22613,383.0,40,36.0
22614,384.0,40,36.5
22615,385.0,40,51.0
22616,386.0,40,9.6
22617,387.0,40,43.3
22618,388.0,40,36.0
22619,389.0,40,33.0
22620,390.0,40,36.5
22621,391.0,40,36.5
22622,392.0,40,36.5
22623,393.0,40,0.0
22624,394.0,40,32.4
22625,395.0,40,68.1
22626,396.0,40,80.4
22627,397.0,40,90.0
22628,398.0,40,78.0
22629,399.0,40,82.0
22630,400.0,40,82.0
22631,401.0,40,0.0
22632,402.0,40,37.0
22633,403.0,40,50.0
22634,404.0,40,60.0
22635,405.0,40,50.0
22636,406.0,40,148.0
22637,407.0,40,0.0
22638,408.0,40,0.0
22639,409.0,40,10.0
22640,410.0,40,0.0
22641,411.0,40,0.0
22642,412.0,40,0.0
22643,413.0,40,0.0
22644,414.0,40,0.0
22645,415.0,40,0.0
22646,416.0,40,0.0
22647,417.0,40,0.0
22648,418.0,40,0.0
22649,419.0,40,0.0
22650,420.0,40,0.0
22651,421.0,40,0.0
22652,422.0,40,0.0
22653,423.0,40,1.8
22654,424.0,40,1.0
22655,425.0,40,1.0
22656,426.0,40,0.0
22657,427.0,40,0.0
22658,428.0,40,0.0
22659,429.0,40,0.0
22660,430.0,40,0.0
22661,431.0,40,0.0
22662,432.0,40,0.0
22663,433.0,40,0.0
22664,434.0,40,23.9
22665,435.0,40,0.3
22666,436.0,40,2.8
22667,437.0,40,5.6
22668,438.0,40,1.1
22669,439.0,40,0.0
22670,440.0,40,5.0
22671,441.0,40,0.0
22672,442.0,40,0.9
22673,443.0,40,0.0
22674,444.0,40,0.0
22675,445.0,40,0.0
22676,446.0,40,0.0
22677,447.0,40,0.5
22678,448.0,40,0.0
22679,449.0,40,20.0
22680,450.0,40,0.0
22681,451.0,40,2.8
22682,452.0,40,18.0
22683,453.0,40,0.0
22684,454.0,40,4.5
22685,455.0,40,0.0
22686,456.0,40,1.6
22687,457.0,40,0.0
22688,458.0,40,5.9
22689,459.0,40,1.4
22690,460.0,40,4.0
22691,461.0,40,3.0
22692,462.0,40,3.0
22693,463.0,40,0.1
22694,464.0,40,0.1
22695,465.0,40,0.1
22696,466.0,40,0.1
22697,467.0,40,0.1
22698,468.0,40,5.0
22699,469.0,40,0.0
22700,470.0,40,0.0
22701,471.0,40,1.0
22702,472.0,40,0.0
22703,473.0,40,1.0
22704,474.0,40,0.0
22705,475.0,40,0.2
22706,476.0,40,0.0
22707,477.0,40,0.8
22708,478.0,40,0.0
22709,479.0,40,0.0
22710,480.0,40,36.0
22711,481.0,40,0.0
22712,482.0,40,0.0
22713,483.0,40,1.3
22714,484.0,40,1.0
22715,485.0,40,2.0
22716,486.0,40,0.0
22717,487.0,40,3.0
22718,488.0,40,1.6
22719,489.0,40,3.2
22720,490.0,40,0.8
22721,491.0,40,3.0
22722,492.0,40,0.5
22723,493.0,40,0.0
22724,494.0,40,0.0
22725,495.0,40,0.0
22726,496.0,40,0.0
22727,497.0,40,0.0
22728,498.0,40,0.0
22729,499.0,40,25.0
22730,500.0,40,3.9
22731,501.0,40,0.8
22732,502.0,40,9.1
22733,503.0,40,5.7
22734,504.0,40,5.7
22735,505.0,40,5.1
22736,506.0,40,0.8
22737,507.0,40,5.7
22738,508.0,40,5.1
22739,509.0,40,1.0
22740,510.0,40,0.0
22741,511.0,40,3.0
22742,512.0,40,0.0
22743,513.0,40,7.3
22744,514.0,40,8.4
22745,515.0,40,7.3
22746,516.0,40,2.4
22747,517.0,40,7.3
22748,518.0,40,0.0
22749,519.0,40,2.6
22750,520.0,40,0.6
22751,521.0,40,0.6
22752,522.0,40,0.0
22753,523.0,40,7.3
22754,524.0,40,0.0
22755,525.0,40,0.0
22756,526.0,40,0.0
22757,527.0,40,0.0
22758,528.0,40,0.0
22759,529.0,40,0.0
22760,530.0,40,0.0
22761,531.0,40,0.0
22762,532.0,40,0.4
22763,533.0,40,0.0
22764,534.0,40,0.0
22765,535.0,40,0.1
22766,536.0,40,0.1
22767,537.0,40,0.1
22768,538.0,40,0.1
22769,539.0,40,0.0
22770,540.0,40,0.0
22771,541.0,40,0.0
22772,542.0,40,0.0
22773,543.0,40,0.1
22774,544.0,40,0.0
22775,545.0,40,4.9
22776,546.0,40,17.3
22777,547.0,40,0.19
22778,548.0,40,4.9
22779,549.0,40,12.6
22780,550.0,40,5.4
22781,551.0,40,1.0
22782,552.0,40,0.0
22783,553.0,40,0.0
22784,554.0,40,0.9
22785,555.0,40,0.0
22786,556.0,40,0.0
22787,557.0,40,6.2
22788,558.0,40,0.0
22789,559.0,40,1.0
22790,560.0,40,1.0
22791,561.0,40,0.0
22792,562.0,40,0.0
22793,563.0,40,0.1
22794,564.0,40,0.3
22795,565.0,40,0.1
22796,566.0,40,0.1
22797,567.0,40,0.6
22798,568.0,40,0.1
22799,569.0,40,0.6
22800,570.0,40,0.2
22801,1.0,41,0.03
22802,2.0,41,0.01
22803,3.0,41,0.0
22804,4.0,41,0.04
22805,5.0,41,0.11
22806,6.0,41,0.08
22807,7.0,41,0.06
22808,8.0,41,0.0
22809,9.0,41,0.01
22810,10.0,41,0.04
22811,11.0,41,0.03
22812,12.0,41,0.02
22813,13.0,41,0.07
22814,14.0,41,0.05
22815,15.0,41,0.02
22816,16.0,41,0.02
22817,17.0,41,0.02
22818,18.0,41,0.26
22819,19.0,41,0.02
22820,20.0,41,0.05
22821,21.0,41,0.05
22822,22.0,41,0.04
22823,23.0,41,0.04
22824,24.0,41,0.04
22825,25.0,41,0.04
22826,26.0,41,0.04
22827,27.0,41,0.08
22828,28.0,41,0.06
22829,29.0,41,0.05
22830,30.0,41,0.03
22831,31.0,41,0.06
22832,32.0,41,0.1
22833,33.0,41,0.1
22834,34.0,41,0.02
22835,35.0,41,0.03
22836,36.0,41,0.5
22837,37.0,41,0.06
22838,38.0,41,0.03
22839,39.0,41,0.02
22840,40.0,41,0.02
22841,41.0,41,0.05
22842,42.0,41,0.03
22843,43.0,41,0.02
22844,44.0,41,0.08
22845,45.0,41,0.04
22846,46.0,41,0.03
22847,47.0,41,0.2
22848,48.0,41,0.31
22849,49.0,41,0.04
22850,50.0,41,0.01
22851,51.0,41,0.1
22852,52.0,41,1.05
22853,53.0,41,0.0
22854,54.0,41,0.11
22855,55.0,41,0.05
22856,56.0,41,0.35
22857,57.0,41,0.03
22858,58.0,41,0.1
22859,59.0,41,0.09
22860,60.0,41,0.08
22861,61.0,41,0.15
22862,62.0,41,0.04
22863,63.0,41,0.03
22864,64.0,41,0.0
22865,65.0,41,0.18
22866,66.0,41,0.15
22867,67.0,41,0.11
22868,68.0,41,1.33
22869,69.0,41,0.0
22870,70.0,41,0.0
22871,71.0,41,0.01
22872,72.0,41,0.0
22873,73.0,41,0.0
22874,74.0,41,0.01
22875,75.0,41,0.01
22876,76.0,41,0.01
22877,77.0,41,0.02
22878,78.0,41,0.0
22879,79.0,41,0.01
22880,80.0,41,0.0
22881,81.0,41,0.01
22882,82.0,41,0.1
22883,83.0,41,0.03
22884,84.0,41,0.03
22885,85.0,41,0.01
22886,86.0,41,0.08
22887,87.0,41,0.02
22888,88.0,41,0.02
22889,89.0,41,0.01
22890,90.0,41,0.01
22891,91.0,41,0.01
22892,92.0,41,0.01
22893,93.0,41,0.01
22894,94.0,41,0.01
22895,95.0,41,0.02
22896,96.0,41,0.01
22897,97.0,41,0.01
22898,98.0,41,0.01
22899,99.0,41,0.01
22900,100.0,41,0.02
22901,101.0,41,0.02
22902,102.0,41,0.01
22903,103.0,41,0.01
22904,104.0,41,0.01
22905,105.0,41,0.02
22906,106.0,41,0.02
22907,107.0,41,0.01
22908,108.0,41,0.03
22909,109.0,41,0.09
22910,110.0,41,0.18
22911,111.0,41,0.04
22912,112.0,41,0.01
22913,113.0,41,0.14
22914,114.0,41,0.04
22915,115.0,41,0.02
22916,116.0,41,0.04
22917,117.0,41,0.01
22918,118.0,41,0.03
22919,119.0,41,0.01
22920,120.0,41,0.01
22921,121.0,41,0.01
22922,122.0,41,0.01
22923,123.0,41,0.02
22924,124.0,41,0.03
22925,125.0,41,0.01
22926,126.0,41,0.01
22927,127.0,41,0.0
22928,128.0,41,0.01
22929,129.0,41,0.0
22930,130.0,41,0.05
22931,131.0,41,0.05
22932,132.0,41,0.0
22933,133.0,41,0.0
22934,134.0,41,0.0
22935,135.0,41,0.0
22936,136.0,41,0.0
22937,137.0,41,0.0
22938,138.0,41,0.0
22939,139.0,41,0.0
22940,140.0,41,0.0
22941,141.0,41,0.0
22942,142.0,41,0.0
22943,143.0,41,0.01
22944,144.0,41,0.01
22945,145.0,41,0.0
22946,146.0,41,0.01
22947,147.0,41,0.01
22948,148.0,41,0.11
22949,149.0,41,0.0
22950,150.0,41,0.06
22951,151.0,41,0.0
22952,152.0,41,0.01
22953,153.0,41,0.01
22954,154.0,41,0.01
22955,155.0,41,0.01
22956,156.0,41,0.0
22957,157.0,41,0.12
22958,,41,0.02
22959,159.0,41,0.01
22960,160.0,41,0.04
22961,161.0,41,0.04
22962,162.0,41,0.11
22963,163.0,41,0.0
22964,164.0,41,0.04
22965,165.0,41,0.01
22966,166.0,41,0.01
22967,167.0,41,0.0
22968,168.0,41,0.01
22969,169.0,41,0.01
22970,170.0,41,0.02
22971,171.0,41,0.0
22972,172.0,41,0.0
22973,173.0,41,0.0
22974,174.0,41,0.08
22975,175.0,41,0.01
22976,176.0,41,0.0
22977,177.0,41,0.01
22978,178.0,41,0.01
22979,179.0,41,0.01
22980,180.0,41,0.02
22981,181.0,41,0.03
22982,182.0,41,0.03
22983,183.0,41,0.01
22984,184.0,41,0.0
22985,185.0,41,0.0
22986,186.0,41,0.01
22987,187.0,41,0.01
22988,188.0,41,0.01
22989,189.0,41,0.02
22990,190.0,41,0.02
22991,191.0,41,0.0
22992,192.0,41,0.0
22993,193.0,41,0.0
22994,194.0,41,0.02
22995,195.0,41,0.06
22996,196.0,41,0.28
22997,197.0,41,9.08
22998,198.0,41,9.08
22999,199.0,41,0.02
23000,200.0,41,0.02
23001,201.0,41,0.05
23002,202.0,41,0.08
23003,203.0,41,0.08
23004,204.0,41,0.0
23005,205.0,41,0.0
23006,206.0,41,0.15
23007,207.0,41,0.15
23008,208.0,41,0.05
23009,209.0,41,0.05
23010,210.0,41,0.08
23011,211.0,41,0.01
23012,212.0,41,0.04
23013,213.0,41,0.02
23014,214.0,41,0.01
23015,215.0,41,0.02
23016,216.0,41,0.15
23017,217.0,41,0.08
23018,218.0,41,0.04
23019,219.0,41,0.1
23020,220.0,41,0.02
23021,221.0,41,0.1
23022,222.0,41,0.06
23023,223.0,41,0.1
23024,224.0,41,0.1
23025,225.0,41,0.06
23026,226.0,41,0.12
23027,227.0,41,0.1
23028,228.0,41,0.08
23029,229.0,41,0.08
23030,230.0,41,0.06
23031,231.0,41,0.05
23032,232.0,41,0.07
23033,233.0,41,0.05
23034,234.0,41,0.05
23035,235.0,41,0.05
23036,237.0,41,0.12
23037,237.0,41,0.12
23038,238.0,41,0.01
23039,239.0,41,0.05
23040,240.0,41,0.2
23041,241.0,41,0.02
23042,242.0,41,0.02
23043,243.0,41,0.01
23044,244.0,41,0.01
23045,245.0,41,0.01
23046,246.0,41,0.01
23047,247.0,41,0.05
23048,248.0,41,0.05
23049,249.0,41,0.04
23050,250.0,41,0.04
23051,251.0,41,0.03
23052,252.0,41,0.02
23053,253.0,41,0.03
23054,254.0,41,0.04
23055,255.0,41,0.04
23056,256.0,41,0.06
23057,257.0,41,0.0
23058,258.0,41,0.05
23059,259.0,41,0.0
23060,260.0,41,0.03
23061,261.0,41,0.04
23062,262.0,41,0.03
23063,263.0,41,0.05
23064,264.0,41,0.03
23065,265.0,41,0.03
23066,266.0,41,0.06
23067,267.0,41,0.08
23068,268.0,41,0.03
23069,269.0,41,0.07
23070,270.0,41,0.02
23071,271.0,41,0.02
23072,272.0,41,0.02
23073,273.0,41,0.03
23074,274.0,41,0.06
23075,275.0,41,0.04
23076,276.0,41,0.02
23077,277.0,41,0.03
23078,278.0,41,0.05
23079,279.0,41,0.02
23080,280.0,41,0.04
23081,281.0,41,0.04
23082,282.0,41,0.06
23083,283.0,41,0.02
23084,284.0,41,0.08
23085,285.0,41,0.08
23086,286.0,41,0.07
23087,287.0,41,0.06
23088,288.0,41,0.04
23089,289.0,41,0.05
23090,290.0,41,0.06
23091,291.0,41,0.03
23092,292.0,41,0.05
23093,293.0,41,0.02
23094,294.0,41,0.02
23095,295.0,41,0.04
23096,296.0,41,0.03
23097,297.0,41,0.02
23098,298.0,41,0.05
23099,299.0,41,0.04
23100,300.0,41,0.04
23101,301.0,41,0.02
23102,302.0,41,0.05
23103,303.0,41,0.05
23104,304.0,41,0.05
23105,305.0,41,0.03
23106,306.0,41,0.03
23107,307.0,41,0.04
23108,308.0,41,0.02
23109,309.0,41,0.03
23110,310.0,41,0.02
23111,311.0,41,0.02
23112,312.0,41,0.02
23113,313.0,41,0.04
23114,314.0,41,0.05
23115,315.0,41,0.06
23116,316.0,41,0.04
23117,317.0,41,0.05
23118,318.0,41,0.04
23119,319.0,41,0.03
23120,320.0,41,0.06
23121,321.0,41,0.04
23122,322.0,41,0.03
23123,323.0,41,0.04
23124,324.0,41,0.02
23125,325.0,41,0.04
23126,326.0,41,0.04
23127,327.0,41,0.04
23128,328.0,41,0.04
23129,329.0,41,0.05
23130,330.0,41,0.05
23131,331.0,41,0.05
23132,332.0,41,0.05
23133,333.0,41,0.06
23134,334.0,41,0.06
23135,335.0,41,0.06
23136,336.0,41,0.06
23137,337.0,41,0.03
23138,338.0,41,0.03
23139,339.0,41,0.02
23140,340.0,41,0.02
23141,341.0,41,0.02
23142,342.0,41,0.03
23143,343.0,41,0.03
23144,344.0,41,0.03
23145,345.0,41,0.01
23146,346.0,41,0.25
23147,347.0,41,0.25
23148,348.0,41,0.25
23149,349.0,41,0.18
23150,350.0,41,0.18
23151,351.0,41,0.07
23152,352.0,41,0.35
23153,353.0,41,0.25
23154,354.0,41,0.25
23155,355.0,41,0.3
23156,356.0,41,0.3
23157,357.0,41,0.3
23158,358.0,41,0.07
23159,359.0,41,0.3
23160,360.0,41,0.45
23161,361.0,41,0.45
23162,362.0,41,0.35
23163,363.0,41,1.1
23164,364.0,41,1.1
23165,365.0,41,0.23
23166,366.0,41,1.94
23167,367.0,41,1.2
23168,368.0,41,2.53
23169,369.0,41,0.4
23170,370.0,41,0.6
23171,371.0,41,0.6
23172,372.0,41,0.6
23173,373.0,41,0.8
23174,374.0,41,2.43
23175,375.0,41,0.5
23176,376.0,41,2.2
23177,377.0,41,0.5
23178,378.0,41,1.0
23179,379.0,41,0.25
23180,380.0,41,0.15
23181,381.0,41,0.6
23182,382.0,41,0.6
23183,383.0,41,0.25
23184,384.0,41,0.6
23185,385.0,41,0.8
23186,386.0,41,0.15
23187,387.0,41,0.15
23188,388.0,41,0.25
23189,389.0,41,0.2
23190,390.0,41,0.2
23191,391.0,41,0.3
23192,392.0,41,0.3
23193,393.0,41,0.3
23194,394.0,41,1.8
23195,395.0,41,1.2
23196,396.0,41,0.26
23197,397.0,41,0.23
23198,398.0,41,1.14
23199,399.0,41,1.2
23200,400.0,41,1.2
23201,401.0,41,1.0
23202,402.0,41,1.5
23203,403.0,41,2.2
23204,404.0,41,1.4
23205,405.0,41,1.48
23206,406.0,41,0.15
23207,407.0,41,0.0
23208,408.0,41,0.0
23209,409.0,41,9.0
23210,410.0,41,0.5
23211,411.0,41,0.05
23212,412.0,41,20.0
23213,413.0,41,9.0
23214,414.0,41,0.0
23215,415.0,41,9.0
23216,416.0,41,0.7
23217,417.0,41,0.7
23218,418.0,41,0.7
23219,419.0,41,0.7
23220,420.0,41,0.0
23221,421.0,41,0.0
23222,422.0,41,9.0
23223,423.0,41,0.0
23224,424.0,41,0.0
23225,425.0,41,0.0
23226,426.0,41,0.0
23227,427.0,41,0.0
23228,428.0,41,0.0
23229,429.0,41,0.0
23230,430.0,41,0.0
23231,431.0,41,0.0
23232,432.0,41,0.1
23233,433.0,41,0.0
23234,434.0,41,0.02
23235,435.0,41,0.1
23236,436.0,41,0.0
23237,437.0,41,0.05
23238,438.0,41,0.05
23239,439.0,41,0.05
23240,440.0,41,0.0
23241,441.0,41,0.05
23242,442.0,41,0.15
23243,443.0,41,0.1
23244,444.0,41,0.15
23245,445.0,41,0.15
23246,446.0,41,0.08
23247,447.0,41,0.08
23248,448.0,41,0.05
23249,449.0,41,0.0
23250,450.0,41,0.0
23251,451.0,41,0.05
23252,452.0,41,0.0
23253,453.0,41,0.0
23254,454.0,41,0.04
23255,455.0,41,0.05
23256,456.0,41,0.04
23257,457.0,41,0.2
23258,458.0,41,0.0
23259,459.0,41,0.06
23260,460.0,41,0.06
23261,461.0,41,0.0
23262,462.0,41,0.03
23263,463.0,41,0.0
23264,464.0,41,0.0
23265,465.0,41,0.0
23266,466.0,41,0.0
23267,467.0,41,0.0
23268,468.0,41,0.05
23269,469.0,41,0.05
23270,470.0,41,0.02
23271,471.0,41,0.0
23272,472.0,41,0.0
23273,473.0,41,0.0
23274,474.0,41,0.0
23275,475.0,41,0.5
23276,476.0,41,0.0
23277,477.0,41,0.1
23278,478.0,41,0.0
23279,479.0,41,0.0
23280,480.0,41,0.1
23281,481.0,41,0.0
23282,482.0,41,0.0
23283,483.0,41,0.0
23284,484.0,41,0.0
23285,485.0,41,0.0
23286,486.0,41,0.0
23287,487.0,41,0.0
23288,488.0,41,0.0
23289,489.0,41,0.0
23290,490.0,41,0.01
23291,491.0,41,0.0
23292,492.0,41,0.1
23293,493.0,41,0.0
23294,494.0,41,0.0
23295,495.0,41,0.0
23296,496.0,41,0.0
23297,497.0,41,0.0
23298,498.0,41,0.0
23299,499.0,41,0.0
23300,500.0,41,0.01
23301,501.0,41,0.01
23302,502.0,41,0.01
23303,503.0,41,0.0
23304,504.0,41,0.01
23305,505.0,41,0.0
23306,506.0,41,0.01
23307,507.0,41,0.02
23308,508.0,41,0.02
23309,509.0,41,0.01
23310,510.0,41,0.0
23311,511.0,41,0.0
23312,512.0,41,0.0
23313,513.0,41,0.05
23314,514.0,41,0.0
23315,515.0,41,0.04
23316,516.0,41,0.0
23317,517.0,41,0.03
23318,518.0,41,0.0
23319,519.0,41,0.0
23320,520.0,41,0.0
23321,521.0,41,0.0
23322,522.0,41,0.0
23323,523.0,41,0.02
23324,524.0,41,0.0
23325,525.0,41,0.0
23326,526.0,41,0.0
23327,527.0,41,0.0
23328,528.0,41,0.0
23329,529.0,41,0.0
23330,530.0,41,0.0
23331,531.0,41,0.0
23332,532.0,41,0.0
23333,533.0,41,0.0
23334,534.0,41,0.0
23335,535.0,41,0.0
23336,536.0,41,0.0
23337,537.0,41,0.0
23338,538.0,41,0.0
23339,539.0,41,0.0
23340,540.0,41,0.0
23341,541.0,41,0.0
23342,542.0,41,0.0
23343,543.0,41,0.0
23344,544.0,41,0.0
23345,545.0,41,0.0
23346,546.0,41,0.0
23347,547.0,41,0.0
23348,548.0,41,0.0
23349,549.0,41,0.0
23350,550.0,41,0.0
23351,551.0,41,0.0
23352,552.0,41,0.1
23353,553.0,41,0.0
23354,554.0,41,0.0
23355,555.0,41,0.02
23356,556.0,41,0.0
23357,557.0,41,0.0
23358,558.0,41,0.0
23359,559.0,41,0.0
23360,560.0,41,0.0
23361,561.0,41,0.0
23362,562.0,41,0.0
23363,563.0,41,0.0
23364,564.0,41,0.0
23365,565.0,41,0.0
23366,566.0,41,0.0
23367,567.0,41,0.0
23368,568.0,41,0.0
23369,569.0,41,0.0
23370,570.0,41,0.0
23371,1.0,42,0.0
23372,2.0,42,0.0
23373,3.0,42,0.0
23374,4.0,42,0.0
23375,5.0,42,0.0
23376,6.0,42,0.0
23377,7.0,42,0.0
23378,8.0,42,0.0
23379,9.0,42,0.0
23380,10.0,42,0.0
23381,11.0,42,0.0
23382,12.0,42,0.0
23383,13.0,42,0.0
23384,14.0,42,0.0
23385,15.0,42,0.0
23386,16.0,42,0.0
23387,17.0,42,0.0
23388,18.0,42,0.0
23389,19.0,42,0.0
23390,20.0,42,2.8
23391,21.0,42,1.9
23392,22.0,42,0.1
23393,23.0,42,0.1
23394,24.0,42,0.1
23395,25.0,42,0.1
23396,26.0,42,0.1
23397,27.0,42,0.0
23398,28.0,42,0.0
23399,29.0,42,0.0
23400,30.0,42,0.0
23401,31.0,42,0.0
23402,32.0,42,0.0
23403,33.0,42,0.0
23404,34.0,42,0.0
23405,35.0,42,0.8
23406,36.0,42,0.0
23407,37.0,42,0.0
23408,38.0,42,0.2
23409,39.0,42,0.0
23410,40.0,42,0.0
23411,41.0,42,0.0
23412,42.0,42,0.0
23413,43.0,42,0.0
23414,44.0,42,0.0
23415,45.0,42,0.1
23416,46.0,42,0.1
23417,47.0,42,0.0
23418,48.0,42,0.0
23419,49.0,42,0.0
23420,50.0,42,0.0
23421,51.0,42,0.2
23422,52.0,42,0.0
23423,53.0,42,0.0
23424,54.0,42,0.0
23425,55.0,42,0.3
23426,56.0,42,0.0
23427,57.0,42,0.0
23428,58.0,42,0.0
23429,59.0,42,0.0
23430,60.0,42,0.0
23431,61.0,42,0.0
23432,62.0,42,0.0
23433,63.0,42,0.0
23434,64.0,42,0.0
23435,65.0,42,0.0
23436,66.0,42,0.0
23437,67.0,42,0.0
23438,68.0,42,0.0
23439,69.0,42,0.0
23440,70.0,42,0.0
23441,71.0,42,0.0
23442,72.0,42,0.0
23443,73.0,42,0.0
23444,74.0,42,0.0
23445,75.0,42,0.0
23446,76.0,42,0.0
23447,77.0,42,0.0
23448,78.0,42,0.0
23449,79.0,42,0.0
23450,80.0,42,0.0
23451,81.0,42,0.0
23452,82.0,42,0.0
23453,83.0,42,0.0
23454,84.0,42,0.0
23455,85.0,42,0.0
23456,86.0,42,0.0
23457,87.0,42,0.0
23458,88.0,42,0.0
23459,89.0,42,0.0
23460,90.0,42,0.0
23461,91.0,42,0.0
23462,92.0,42,0.0
23463,93.0,42,0.0
23464,94.0,42,0.0
23465,95.0,42,0.0
23466,96.0,42,0.0
23467,97.0,42,0.0
23468,98.0,42,0.0
23469,99.0,42,0.0
23470,100.0,42,0.0
23471,101.0,42,0.0
23472,102.0,42,0.0
23473,103.0,42,0.0
23474,104.0,42,0.0
23475,105.0,42,0.0
23476,106.0,42,0.0
23477,107.0,42,0.0
23478,108.0,42,0.0
23479,109.0,42,0.0
23480,110.0,42,0.0
23481,111.0,42,0.0
23482,112.0,42,0.0
23483,113.0,42,0.0
23484,114.0,42,0.0
23485,115.0,42,0.0
23486,116.0,42,0.0
23487,117.0,42,0.0
23488,118.0,42,0.0
23489,119.0,42,0.0
23490,120.0,42,0.0
23491,121.0,42,0.0
23492,122.0,42,0.0
23493,123.0,42,0.0
23494,124.0,42,0.0
23495,125.0,42,0.0
23496,126.0,42,0.0
23497,127.0,42,0.0
23498,128.0,42,0.0
23499,129.0,42,0.0
23500,130.0,42,0.5
23501,131.0,42,0.5
23502,132.0,42,0.0
23503,133.0,42,0.0
23504,134.0,42,0.0
23505,135.0,42,0.0
23506,136.0,42,0.0
23507,137.0,42,0.0
23508,138.0,42,0.0
23509,139.0,42,0.0
23510,140.0,42,0.0
23511,141.0,42,0.0
23512,142.0,42,0.0
23513,143.0,42,0.0
23514,144.0,42,0.0
23515,145.0,42,0.0
23516,146.0,42,0.0
23517,147.0,42,0.0
23518,148.0,42,0.0
23519,149.0,42,0.0
23520,150.0,42,0.0
23521,151.0,42,0.0
23522,152.0,42,0.0
23523,153.0,42,0.0
23524,154.0,42,0.0
23525,155.0,42,0.0
23526,156.0,42,0.0
23527,157.0,42,0.0
23528,,42,0.0
23529,159.0,42,0.0
23530,160.0,42,0.0
23531,161.0,42,0.0
23532,162.0,42,0.0
23533,163.0,42,0.0
23534,164.0,42,0.0
23535,165.0,42,0.0
23536,166.0,42,0.0
23537,167.0,42,0.0
23538,168.0,42,0.0
23539,169.0,42,0.0
23540,170.0,42,0.0
23541,171.0,42,0.0
23542,172.0,42,0.0
23543,173.0,42,0.0
23544,174.0,42,0.0
23545,175.0,42,0.0
23546,176.0,42,0.0
23547,177.0,42,0.0
23548,178.0,42,0.0
23549,179.0,42,0.0
23550,180.0,42,0.0
23551,181.0,42,0.0
23552,182.0,42,0.0
23553,183.0,42,0.0
23554,184.0,42,0.0
23555,185.0,42,0.0
23556,186.0,42,0.0
23557,187.0,42,0.0
23558,188.0,42,0.0
23559,189.0,42,0.0
23560,190.0,42,0.0
23561,191.0,42,0.0
23562,192.0,42,0.0
23563,193.0,42,0.0
23564,194.0,42,0.0
23565,195.0,42,0.0
23566,196.0,42,0.0
23567,197.0,42,0.0
23568,198.0,42,0.0
23569,199.0,42,0.0
23570,200.0,42,0.0
23571,201.0,42,0.0
23572,202.0,42,0.0
23573,203.0,42,0.0
23574,204.0,42,0.0
23575,205.0,42,0.0
23576,206.0,42,0.4
23577,207.0,42,0.4
23578,208.0,42,0.1
23579,209.0,42,0.1
23580,210.0,42,0.2
23581,211.0,42,0.0
23582,212.0,42,0.1
23583,213.0,42,0.0
23584,214.0,42,0.0
23585,215.0,42,0.0
23586,216.0,42,0.4
23587,217.0,42,0.2
23588,218.0,42,0.1
23589,219.0,42,0.3
23590,220.0,42,0.0
23591,221.0,42,0.3
23592,222.0,42,0.1
23593,223.0,42,0.3
23594,224.0,42,0.3
23595,225.0,42,0.2
23596,226.0,42,0.3
23597,227.0,42,0.2
23598,228.0,42,0.2
23599,229.0,42,0.2
23600,230.0,42,0.1
23601,231.0,42,0.1
23602,232.0,42,0.2
23603,233.0,42,0.1
23604,234.0,42,0.1
23605,235.0,42,0.1
23606,237.0,42,0.3
23607,237.0,42,0.3
23608,238.0,42,0.0
23609,239.0,42,0.1
23610,240.0,42,0.0
23611,241.0,42,0.0
23612,242.0,42,0.0
23613,243.0,42,0.0
23614,244.0,42,0.0
23615,245.0,42,0.0
23616,246.0,42,0.0
23617,247.0,42,0.1
23618,248.0,42,0.1
23619,249.0,42,0.1
23620,250.0,42,0.1
23621,251.0,42,0.0
23622,252.0,42,0.0
23623,253.0,42,0.0
23624,254.0,42,0.1
23625,255.0,42,0.1
23626,256.0,42,0.2
23627,257.0,42,0.0
23628,258.0,42,0.0
23629,259.0,42,0.0
23630,260.0,42,0.0
23631,261.0,42,0.1
23632,262.0,42,0.1
23633,263.0,42,0.1
23634,264.0,42,0.1
23635,265.0,42,0.1
23636,266.0,42,0.1
23637,267.0,42,0.2
23638,268.0,42,0.1
23639,269.0,42,0.2
23640,270.0,42,0.0
23641,271.0,42,0.0
23642,272.0,42,0.0
23643,273.0,42,0.1
23644,274.0,42,0.2
23645,275.0,42,0.1
23646,276.0,42,0.1
23647,277.0,42,0.1
23648,278.0,42,0.2
23649,279.0,42,0.1
23650,280.0,42,0.1
23651,281.0,42,0.1
23652,282.0,42,0.2
23653,283.0,42,0.1
23654,284.0,42,0.3
23655,285.0,42,0.5
23656,286.0,42,0.4
23657,287.0,42,0.4
23658,288.0,42,0.2
23659,289.0,42,0.2
23660,290.0,42,0.3
23661,291.0,42,0.2
23662,292.0,42,0.3
23663,293.0,42,0.1
23664,294.0,42,0.1
23665,295.0,42,0.1
23666,296.0,42,0.1
23667,297.0,42,0.1
23668,298.0,42,0.2
23669,299.0,42,0.2
23670,300.0,42,0.2
23671,301.0,42,0.1
23672,302.0,42,0.3
23673,303.0,42,0.3
23674,304.0,42,0.3
23675,305.0,42,0.1
23676,306.0,42,0.1
23677,307.0,42,0.1
23678,308.0,42,0.1
23679,309.0,42,0.1
23680,310.0,42,0.1
23681,311.0,42,0.1
23682,312.0,42,0.1
23683,313.0,42,0.2
23684,314.0,42,0.3
23685,315.0,42,0.4
23686,316.0,42,0.2
23687,317.0,42,0.3
23688,318.0,42,0.2
23689,319.0,42,0.1
23690,320.0,42,0.4
23691,321.0,42,0.2
23692,322.0,42,0.1
23693,323.0,42,0.2
23694,324.0,42,0.1
23695,325.0,42,0.1
23696,326.0,42,0.1
23697,327.0,42,0.1
23698,328.0,42,0.1
23699,329.0,42,0.1
23700,330.0,42,0.1
23701,331.0,42,0.1
23702,332.0,42,0.1
23703,333.0,42,0.2
23704,334.0,42,0.2
23705,335.0,42,0.2
23706,336.0,42,0.2
23707,337.0,42,0.1
23708,338.0,42,0.1
23709,339.0,42,0.1
23710,340.0,42,0.1
23711,341.0,42,0.1
23712,342.0,42,0.1
23713,343.0,42,0.1
23714,344.0,42,0.1
23715,345.0,42,0.0
23716,346.0,42,0.1
23717,347.0,42,0.1
23718,348.0,42,0.1
23719,349.0,42,0.0
23720,350.0,42,0.0
23721,351.0,42,0.0
23722,352.0,42,0.0
23723,353.0,42,0.0
23724,354.0,42,0.0
23725,355.0,42,0.0
23726,356.0,42,0.0
23727,357.0,42,0.0
23728,358.0,42,0.0
23729,359.0,42,0.0
23730,360.0,42,0.0
23731,361.0,42,0.0
23732,362.0,42,0.0
23733,363.0,42,0.0
23734,364.0,42,0.0
23735,365.0,42,0.0
23736,366.0,42,0.0
23737,367.0,42,0.0
23738,368.0,42,0.0
23739,369.0,42,0.0
23740,370.0,42,0.0
23741,371.0,42,0.0
23742,372.0,42,0.0
23743,373.0,42,0.0
23744,374.0,42,0.0
23745,375.0,42,0.0
23746,376.0,42,0.0
23747,377.0,42,0.0
23748,378.0,42,0.0
23749,379.0,42,0.0
23750,380.0,42,0.0
23751,381.0,42,0.0
23752,382.0,42,0.0
23753,383.0,42,0.0
23754,384.0,42,0.0
23755,385.0,42,0.0
23756,386.0,42,0.0
23757,387.0,42,0.0
23758,388.0,42,0.0
23759,389.0,42,0.0
23760,390.0,42,0.0
23761,391.0,42,0.0
23762,392.0,42,0.0
23763,393.0,42,0.0
23764,394.0,42,0.0
23765,395.0,42,0.0
23766,396.0,42,0.0
23767,397.0,42,0.0
23768,398.0,42,0.0
23769,399.0,42,0.0
23770,400.0,42,0.0
23771,401.0,42,0.0
23772,402.0,42,0.0
23773,403.0,42,0.0
23774,404.0,42,0.0
23775,405.0,42,0.0
23776,406.0,42,0.0
23777,407.0,42,0.0
23778,408.0,42,0.0
23779,409.0,42,0.0
23780,410.0,42,0.0
23781,411.0,42,0.0
23782,412.0,42,0.0
23783,413.0,42,0.0
23784,414.0,42,0.0
23785,415.0,42,0.0
23786,416.0,42,0.0
23787,417.0,42,0.0
23788,418.0,42,0.0
23789,419.0,42,0.0
23790,420.0,42,0.0
23791,421.0,42,0.0
23792,422.0,42,0.0
23793,423.0,42,0.0
23794,424.0,42,0.0
23795,425.0,42,0.0
23796,426.0,42,0.0
23797,427.0,42,0.0
23798,428.0,42,0.0
23799,429.0,42,0.0
23800,430.0,42,0.0
23801,431.0,42,0.0
23802,432.0,42,0.5
23803,433.0,42,0.0
23804,434.0,42,0.0
23805,435.0,42,0.0
23806,436.0,42,0.0
23807,437.0,42,0.0
23808,438.0,42,0.0
23809,439.0,42,0.0
23810,440.0,42,0.0
23811,441.0,42,0.0
23812,442.0,42,0.0
23813,443.0,42,0.0
23814,444.0,42,0.0
23815,445.0,42,0.0
23816,446.0,42,0.0
23817,447.0,42,0.0
23818,448.0,42,0.0
23819,449.0,42,0.0
23820,450.0,42,0.0
23821,451.0,42,0.0
23822,452.0,42,0.0
23823,453.0,42,0.0
23824,454.0,42,0.0
23825,455.0,42,0.0
23826,456.0,42,0.0
23827,457.0,42,0.0
23828,458.0,42,0.0
23829,459.0,42,0.0
23830,460.0,42,0.0
23831,461.0,42,0.0
23832,462.0,42,0.0
23833,463.0,42,0.0
23834,464.0,42,0.0
23835,465.0,42,0.0
23836,466.0,42,0.0
23837,467.0,42,0.0
23838,468.0,42,0.0
23839,469.0,42,0.0
23840,470.0,42,0.0
23841,471.0,42,0.0
23842,472.0,42,0.0
23843,473.0,42,0.0
23844,474.0,42,0.0
23845,475.0,42,0.1
23846,476.0,42,0.0
23847,477.0,42,0.0
23848,478.0,42,0.0
23849,479.0,42,0.0
23850,480.0,42,0.0
23851,481.0,42,0.0
23852,482.0,42,0.0
23853,483.0,42,0.0
23854,484.0,42,0.0
23855,485.0,42,0.0
23856,486.0,42,0.0
23857,487.0,42,0.0
23858,488.0,42,0.0
23859,489.0,42,0.0
23860,490.0,42,0.0
23861,491.0,42,0.0
23862,492.0,42,0.0
23863,493.0,42,0.0
23864,494.0,42,0.0
23865,495.0,42,0.0
23866,496.0,42,0.0
23867,497.0,42,0.0
23868,498.0,42,0.0
23869,499.0,42,0.0
23870,500.0,42,0.0
23871,501.0,42,0.0
23872,502.0,42,0.0
23873,503.0,42,0.1
23874,504.0,42,0.1
23875,505.0,42,0.0
23876,506.0,42,0.1
23877,507.0,42,0.0
23878,508.0,42,0.3
23879,509.0,42,0.2
23880,510.0,42,0.1
23881,511.0,42,0.1
23882,512.0,42,0.1
23883,513.0,42,1.5
23884,514.0,42,0.0
23885,515.0,42,1.2
23886,516.0,42,0.0
23887,517.0,42,1.8
23888,518.0,42,0.0
23889,519.0,42,0.0
23890,520.0,42,0.0
23891,521.0,42,0.0
23892,522.0,42,0.0
23893,523.0,42,1.0
23894,524.0,42,0.0
23895,525.0,42,0.0
23896,526.0,42,0.0
23897,527.0,42,0.0
23898,528.0,42,0.0
23899,529.0,42,0.0
23900,530.0,42,0.0
23901,531.0,42,0.0
23902,532.0,42,0.0
23903,533.0,42,0.0
23904,534.0,42,0.0
23905,535.0,42,0.0
23906,536.0,42,0.0
23907,537.0,42,0.0
23908,538.0,42,0.0
23909,539.0,42,0.0
23910,540.0,42,0.0
23911,541.0,42,0.0
23912,542.0,42,0.0
23913,543.0,42,0.0
23914,544.0,42,0.0
23915,545.0,42,0.0
23916,546.0,42,0.0
23917,547.0,42,0.0
23918,548.0,42,0.0
23919,549.0,42,0.0
23920,550.0,42,0.0
23921,551.0,42,0.0
23922,552.0,42,0.0
23923,553.0,42,0.0
23924,554.0,42,0.0
23925,555.0,42,0.0
23926,556.0,42,0.0
23927,557.0,42,0.0
23928,558.0,42,0.0
23929,559.0,42,0.0
23930,560.0,42,0.0
23931,561.0,42,0.0
23932,562.0,42,0.0
23933,563.0,42,0.0
23934,564.0,42,0.0
23935,565.0,42,0.0
23936,566.0,42,0.0
23937,567.0,42,0.0
23938,568.0,42,0.0
23939,569.0,42,0.0
23940,570.0,42,0.0
23941,1.0,43,40.0
23942,2.0,43,1.0
23943,3.0,43,0.0
23944,4.0,43,25.0
23945,5.0,43,80.0
23946,6.0,43,72.9
23947,7.0,43,65.0
23948,8.0,43,0.0
23949,9.0,43,1.0
23950,10.0,43,45.0
23951,11.0,43,10.0
23952,12.0,43,68.3
23953,13.0,43,90.5
23954,14.0,43,50.0
23955,15.0,43,15.0
23956,16.0,43,20.0
23957,17.0,43,18.0
23958,18.0,43,45.0
23959,19.0,43,12.0
23960,20.0,43,5.0
23961,21.0,43,4.0
23962,22.0,43,20.0
23963,23.0,43,20.0
23964,24.0,43,20.0
23965,25.0,43,18.0
23966,26.0,43,18.0
23967,27.0,43,45.0
23968,28.0,43,40.0
23969,29.0,43,50.0
23970,30.0,43,15.0
23971,31.0,43,60.0
23972,32.0,43,215.7
23973,33.0,43,195.0
23974,34.0,43,10.0
23975,35.0,43,15.0
23976,36.0,43,20.0
23977,37.0,43,35.0
23978,38.0,43,15.0
23979,39.0,43,10.0
23980,40.0,43,12.0
23981,41.0,43,15.0
23982,42.0,43,25.0
23983,43.0,43,10.0
23984,44.0,43,85.0
23985,45.0,43,15.0
23986,46.0,43,12.0
23987,47.0,43,60.0
23988,48.0,43,40.0
23989,49.0,43,30.0
23990,50.0,43,15.0
23991,51.0,43,40.0
23992,52.0,43,120.0
23993,53.0,43,0.0
23994,54.0,43,120.0
23995,55.0,43,20.0
23996,56.0,43,110.0
23997,57.0,43,40.0
23998,58.0,43,65.0
23999,59.0,43,180.0
24000,60.0,43,80.0
24001,61.0,43,60.0
24002,62.0,43,70.0
24003,63.0,43,50.0
24004,64.0,43,400.0
24005,65.0,43,105.5
24006,66.0,43,325.3
24007,67.0,43,120.0
24008,68.0,43,150.0
24009,69.0,43,10.0
24010,70.0,43,15.0
24011,71.0,43,440.0
24012,72.0,43,0.0
24013,73.0,43,0.0
24014,74.0,43,45.0
24015,75.0,43,25.0
24016,76.0,43,35.0
24017,77.0,43,150.0
24018,78.0,43,0.0
24019,79.0,43,15.0
24020,80.0,43,45.0
24021,81.0,43,250.0
24022,82.0,43,90.0
24023,83.0,43,30.0
24024,84.0,43,35.0
24025,85.0,43,25.0
24026,86.0,43,70.0
24027,87.0,43,20.0
24028,88.0,43,25.0
24029,89.0,43,15.0
24030,90.0,43,50.0
24031,91.0,43,45.0
24032,92.0,43,60.0
24033,93.0,43,30.0
24034,94.0,43,33.5
24035,95.0,43,143.0
24036,96.0,43,320.0
24037,97.0,43,50.0
24038,98.0,43,65.0
24039,99.0,43,45.0
24040,100.0,43,35.0
24041,101.0,43,95.0
24042,102.0,43,30.0
24043,103.0,43,40.0
24044,104.0,43,75.0
24045,105.0,43,115.0
24046,106.0,43,110.0
24047,107.0,43,25.0
24048,108.0,43,60.0
24049,109.0,43,110.0
24050,110.0,43,250.0
24051,111.0,43,45.0
24052,112.0,43,55.0
24053,113.0,43,120.0
24054,114.0,43,40.0
24055,115.0,43,50.0
24056,116.0,43,45.0
24057,117.0,43,25.0
24058,118.0,43,180.0
24059,119.0,43,218.8
24060,120.0,43,20.0
24061,121.0,43,85.0
24062,122.0,43,70.0
24063,123.0,43,45.0
24064,124.0,43,55.0
24065,125.0,43,60.0
24066,126.0,43,65.0
24067,127.0,43,30.0
24068,128.0,43,50.0
24069,129.0,43,20.0
24070,130.0,43,80.0
24071,131.0,43,80.0
24072,132.0,43,0.0
24073,133.0,43,30.0
24074,134.0,43,30.0
24075,135.0,43,30.0
24076,136.0,43,30.0
24077,137.0,43,30.0
24078,138.0,43,30.0
24079,139.0,43,30.0
24080,140.0,43,30.0
24081,141.0,43,30.0
24082,142.0,43,30.0
24083,143.0,43,150.0
24084,144.0,43,250.0
24085,145.0,43,15.0
24086,146.0,43,220.0
24087,147.0,43,230.0
24088,148.0,43,45.0
24089,149.0,43,85.0
24090,150.0,43,350.0
24091,151.0,43,60.0
24092,152.0,43,130.0
24093,153.0,43,150.0
24094,154.0,43,45.0
24095,155.0,43,125.0
24096,156.0,43,15.0
24097,157.0,43,280.0
24098,,43,225.0
24099,159.0,43,250.0
24100,160.0,43,350.0
24101,161.0,43,300.0
24102,162.0,43,126.4
24103,163.0,43,85.0
24104,164.0,43,65.0
24105,165.0,43,45.0
24106,166.0,43,50.0
24107,167.0,43,40.0
24108,168.0,43,85.0
24109,169.0,43,136.0
24110,170.0,43,55.0
24111,171.0,43,70.0
24112,172.0,43,25.0
24113,173.0,43,110.0
24114,174.0,43,320.0
24115,175.0,43,85.0
24116,176.0,43,65.0
24117,177.0,43,50.0
24118,178.0,43,45.0
24119,179.0,43,65.0
24120,180.0,43,45.0
24121,181.0,43,20.0
24122,182.0,43,25.0
24123,183.0,43,70.0
24124,184.0,43,20.0
24125,185.0,43,45.0
24126,186.0,43,140.0
24127,187.0,43,184.9
24128,188.0,43,150.0
24129,189.0,43,290.0
24130,190.0,43,290.0
24131,191.0,43,60.0
24132,192.0,43,40.0
24133,193.0,43,60.0
24134,194.0,43,85.0
24135,195.0,43,45.0
24136,196.0,43,500.0
24137,197.0,43,1500.0
24138,198.0,43,1500.0
24139,199.0,43,80.0
24140,200.0,43,95.0
24141,201.0,43,65.0
24142,202.0,43,145.0
24143,203.0,43,120.0
24144,204.0,43,0.0
24145,205.0,43,0.0
24146,206.0,43,0.0
24147,207.0,43,0.0
24148,208.0,43,0.0
24149,209.0,43,0.0
24150,210.0,43,0.0
24151,211.0,43,0.0
24152,212.0,43,0.0
24153,213.0,43,0.0
24154,214.0,43,0.0
24155,215.0,43,0.0
24156,216.0,43,0.0
24157,217.0,43,0.0
24158,218.0,43,0.0
24159,219.0,43,0.0
24160,220.0,43,0.0
24161,221.0,43,0.0
24162,222.0,43,0.0
24163,223.0,43,0.0
24164,224.0,43,0.0
24165,225.0,43,0.0
24166,226.0,43,0.0
24167,227.0,43,0.0
24168,228.0,43,0.0
24169,229.0,43,0.0
24170,230.0,43,0.0
24171,231.0,43,0.0
24172,232.0,43,0.0
24173,233.0,43,0.0
24174,234.0,43,0.0
24175,235.0,43,0.0
24176,237.0,43,0.0
24177,237.0,43,0.0
24178,238.0,43,0.0
24179,239.0,43,0.0
24180,240.0,43,40.0
24181,241.0,43,5.0
24182,242.0,43,5.0
24183,243.0,43,0.0
24184,244.0,43,0.0
24185,245.0,43,0.0
24186,246.0,43,0.0
24187,247.0,43,5.0
24188,248.0,43,5.0
24189,249.0,43,0.0
24190,250.0,43,0.0
24191,251.0,43,2.0
24192,252.0,43,0.0
24193,253.0,43,0.0
24194,254.0,43,0.0
24195,255.0,43,0.0
24196,256.0,43,0.0
24197,257.0,43,0.0
24198,258.0,43,0.0
24199,259.0,43,0.0
24200,260.0,43,0.0
24201,261.0,43,0.0
24202,262.0,43,0.0
24203,263.0,43,0.0
24204,264.0,43,0.0
24205,265.0,43,0.0
24206,266.0,43,0.0
24207,267.0,43,0.0
24208,268.0,43,0.0
24209,269.0,43,0.0
24210,270.0,43,0.0
24211,271.0,43,0.0
24212,272.0,43,0.0
24213,273.0,43,0.0
24214,274.0,43,0.0
24215,275.0,43,0.0
24216,276.0,43,0.0
24217,277.0,43,0.0
24218,278.0,43,0.0
24219,279.0,43,0.0
24220,280.0,43,0.0
24221,281.0,43,0.0
24222,282.0,43,0.0
24223,283.0,43,0.0
24224,284.0,43,0.0
24225,285.0,43,0.0
24226,286.0,43,0.0
24227,287.0,43,0.0
24228,288.0,43,0.0
24229,289.0,43,0.0
24230,290.0,43,0.0
24231,291.0,43,0.0
24232,292.0,43,0.0
24233,293.0,43,0.0
24234,294.0,43,0.0
24235,295.0,43,0.0
24236,296.0,43,0.0
24237,297.0,43,0.0
24238,298.0,43,0.0
24239,299.0,43,0.0
24240,300.0,43,0.0
24241,301.0,43,0.0
24242,302.0,43,0.0
24243,303.0,43,0.0
24244,304.0,43,0.0
24245,305.0,43,0.0
24246,306.0,43,0.0
24247,307.0,43,0.0
24248,308.0,43,0.0
24249,309.0,43,0.0
24250,310.0,43,0.0
24251,311.0,43,0.0
24252,312.0,43,0.0
24253,313.0,43,0.0
24254,314.0,43,0.0
24255,315.0,43,0.0
24256,316.0,43,0.0
24257,317.0,43,0.0
24258,318.0,43,0.0
24259,319.0,43,0.0
24260,320.0,43,0.0
24261,321.0,43,0.0
24262,322.0,43,0.0
24263,323.0,43,0.0
24264,324.0,43,0.0
24265,325.0,43,0.0
24266,326.0,43,0.0
24267,327.0,43,0.0
24268,328.0,43,0.0
24269,329.0,43,0.0
24270,330.0,43,0.0
24271,331.0,43,0.0
24272,332.0,43,0.0
24273,333.0,43,0.0
24274,334.0,43,0.0
24275,335.0,43,0.0
24276,336.0,43,0.0
24277,337.0,43,0.0
24278,338.0,43,0.0
24279,339.0,43,0.0
24280,340.0,43,0.0
24281,341.0,43,0.0
24282,342.0,43,0.0
24283,343.0,43,0.0
24284,344.0,43,0.0
24285,345.0,43,0.0
24286,346.0,43,0.0
24287,347.0,43,0.0
24288,348.0,43,0.0
24289,349.0,43,0.0
24290,350.0,43,0.0
24291,351.0,43,0.0
24292,352.0,43,0.0
24293,353.0,43,0.0
24294,354.0,43,0.0
24295,355.0,43,0.0
24296,356.0,43,0.0
24297,357.0,43,0.0
24298,358.0,43,0.0
24299,359.0,43,0.0
24300,360.0,43,0.0
24301,361.0,43,0.0
24302,362.0,43,0.0
24303,363.0,43,0.0
24304,364.0,43,0.0
24305,365.0,43,0.0
24306,366.0,43,0.0
24307,367.0,43,0.0
24308,368.0,43,0.0
24309,369.0,43,0.0
24310,370.0,43,0.0
24311,371.0,43,0.0
24312,372.0,43,0.0
24313,373.0,43,0.0
24314,374.0,43,0.0
24315,375.0,43,0.0
24316,376.0,43,0.0
24317,377.0,43,0.0
24318,378.0,43,0.0
24319,379.0,43,0.0
24320,380.0,43,0.0
24321,381.0,43,0.0
24322,382.0,43,0.0
24323,383.0,43,0.0
24324,384.0,43,0.0
24325,385.0,43,0.0
24326,386.0,43,0.0
24327,387.0,43,0.0
24328,388.0,43,0.0
24329,389.0,43,0.0
24330,390.0,43,0.0
24331,391.0,43,0.0
24332,392.0,43,0.0
24333,393.0,43,0.0
24334,394.0,43,0.0
24335,395.0,43,0.0
24336,396.0,43,0.0
24337,397.0,43,0.0
24338,398.0,43,0.0
24339,399.0,43,0.0
24340,400.0,43,0.0
24341,401.0,43,0.0
24342,402.0,43,0.0
24343,403.0,43,0.0
24344,404.0,43,0.0
24345,405.0,43,0.0
24346,406.0,43,0.0
24347,407.0,43,0.0
24348,408.0,43,0.0
24349,409.0,43,0.0
24350,410.0,43,5.0
24351,411.0,43,0.0
24352,412.0,43,0.0
24353,413.0,43,0.0
24354,414.0,43,0.0
24355,415.0,43,0.0
24356,416.0,43,45.0
24357,417.0,43,45.0
24358,418.0,43,45.0
24359,419.0,43,45.0
24360,420.0,43,0.0
24361,421.0,43,0.0
24362,422.0,43,0.0
24363,423.0,43,0.0
24364,424.0,43,0.0
24365,425.0,43,0.0
24366,426.0,43,0.0
24367,427.0,43,0.0
24368,428.0,43,0.0
24369,429.0,43,0.0
24370,430.0,43,0.0
24371,431.0,43,0.0
24372,432.0,43,0.0
24373,433.0,43,0.0
24374,434.0,43,2500.0
24375,435.0,43,1200.0
24376,436.0,43,0.0
24377,437.0,43,800.0
24378,438.0,43,3500.0
24379,439.0,43,800.0
24380,440.0,43,0.0
24381,441.0,43,800.0
24382,442.0,43,2100.0
24383,443.0,43,15000.0
24384,444.0,43,2100.0
24385,445.0,43,2100.0
24386,446.0,43,600.0
24387,447.0,43,600.0
24388,448.0,43,900.0
24389,449.0,43,0.0
24390,450.0,43,0.0
24391,451.0,43,900.0
24392,452.0,43,0.0
24393,453.0,43,0.0
24394,454.0,43,1300.0
24395,455.0,43,11900.0
24396,456.0,43,1300.0
24397,457.0,43,8000.0
24398,458.0,43,0.0
24399,459.0,43,1100.0
24400,460.0,43,1100.0
24401,461.0,43,0.0
24402,462.0,43,780.0
24403,463.0,43,0.0
24404,464.0,43,0.0
24405,465.0,43,0.0
24406,466.0,43,0.0
24407,467.0,43,0.0
24408,468.0,43,3000.0
24409,469.0,43,3000.0
24410,470.0,43,500.0
24411,471.0,43,20.0
24412,472.0,43,20.0
24413,473.0,43,0.0
24414,474.0,43,0.0
24415,475.0,43,0.0
24416,476.0,43,0.0
24417,477.0,43,15.0
24418,478.0,43,0.0
24419,479.0,43,0.0
24420,480.0,43,15.0
24421,481.0,43,0.0
24422,482.0,43,0.0
24423,483.0,43,0.0
24424,484.0,43,0.0
24425,485.0,43,0.0
24426,486.0,43,0.0
24427,487.0,43,0.0
24428,488.0,43,0.0
24429,489.0,43,0.0
24430,490.0,43,25.0
24431,491.0,43,0.0
24432,492.0,43,15.0
24433,493.0,43,0.0
24434,494.0,43,0.0
24435,495.0,43,0.0
24436,496.0,43,0.0
24437,497.0,43,5.0
24438,498.0,43,0.0
24439,499.0,43,5.0
24440,500.0,43,1200.0
24441,501.0,43,400.0
24442,502.0,43,400.0
24443,503.0,43,0.0
24444,504.0,43,150.0
24445,505.0,43,0.0
24446,506.0,43,250.0
24447,507.0,43,900.0
24448,508.0,43,120.0
24449,509.0,43,80.0
24450,510.0,43,0.0
24451,511.0,43,0.0
24452,512.0,43,0.0
24453,513.0,43,10.0
24454,514.0,43,0.0
24455,515.0,43,15.0
24456,516.0,43,0.0
24457,517.0,43,5.0
24458,518.0,43,0.0
24459,519.0,43,0.0
24460,520.0,43,0.0
24461,521.0,43,0.0
24462,522.0,43,0.0
24463,523.0,43,0.0
24464,524.0,43,0.0
24465,525.0,43,0.0
24466,526.0,43,0.0
24467,527.0,43,0.0
24468,528.0,43,0.0
24469,529.0,43,5.0
24470,530.0,43,0.0
24471,531.0,43,0.0
24472,532.0,43,5.0
24473,533.0,43,0.0
24474,534.0,43,0.0
24475,535.0,43,0.0
24476,536.0,43,0.0
24477,537.0,43,0.0
24478,538.0,43,0.0
24479,539.0,43,0.0
24480,540.0,43,0.0
24481,541.0,43,0.0
24482,542.0,43,0.0
24483,543.0,43,200.0
24484,544.0,43,0.0
24485,545.0,43,0.0
24486,546.0,43,0.0
24487,547.0,43,0.0
24488,548.0,43,0.0
24489,549.0,43,0.0
24490,550.0,43,200.0
24491,551.0,43,0.0
24492,552.0,43,15.0
24493,553.0,43,0.0
24494,554.0,43,0.0
24495,555.0,43,5.0
24496,556.0,43,0.0
24497,557.0,43,0.0
24498,558.0,43,0.0
24499,559.0,43,10.0
24500,560.0,43,0.0
24501,561.0,43,0.0
24502,562.0,43,0.0
24503,563.0,43,0.0
24504,564.0,43,0.0
24505,565.0,43,0.0
24506,566.0,43,0.0
24507,567.0,43,0.0
24508,568.0,43,45.0
24509,569.0,43,0.0
24510,570.0,43,0.0
24511,1.0,44,0.0
24512,2.0,44,0.0
24513,3.0,44,0.0
24514,4.0,44,0.0
24515,5.0,44,0.0
24516,6.0,44,0.0
24517,7.0,44,0.0
24518,8.0,44,0.0
24519,9.0,44,0.0
24520,10.0,44,0.0
24521,11.0,44,0.0
24522,12.0,44,0.0
24523,13.0,44,0.0
24524,14.0,44,0.0
24525,15.0,44,0.0
24526,16.0,44,0.0
24527,17.0,44,0.0
24528,18.0,44,0.0
24529,19.0,44,0.0
24530,20.0,44,0.0
24531,21.0,44,0.0
24532,22.0,44,0.0
24533,23.0,44,0.0
24534,24.0,44,0.0
24535,25.0,44,0.0
24536,26.0,44,0.0
24537,27.0,44,0.0
24538,28.0,44,0.0
24539,29.0,44,0.0
24540,30.0,44,0.0
24541,31.0,44,0.0
24542,32.0,44,0.0
24543,33.0,44,0.0
24544,34.0,44,0.0
24545,35.0,44,0.0
24546,36.0,44,0.0
24547,37.0,44,0.0
24548,38.0,44,0.0
24549,39.0,44,0.0
24550,40.0,44,0.0
24551,41.0,44,0.0
24552,42.0,44,0.0
24553,43.0,44,0.0
24554,44.0,44,0.0
24555,45.0,44,0.0
24556,46.0,44,0.0
24557,47.0,44,2.0
24558,48.0,44,0.0
24559,49.0,44,0.0
24560,50.0,44,0.0
24561,51.0,44,0.0
24562,52.0,44,0.0
24563,53.0,44,0.0
24564,54.0,44,0.0
24565,55.0,44,0.0
24566,56.0,44,1.0
24567,57.0,44,0.0
24568,58.0,44,0.0
24569,59.0,44,0.0
24570,60.0,44,0.0
24571,61.0,44,0.0
24572,62.0,44,0.0
24573,63.0,44,0.0
24574,64.0,44,0.0
24575,65.0,44,0.0
24576,66.0,44,0.0
24577,67.0,44,0.0
24578,68.0,44,0.0
24579,69.0,44,0.0
24580,70.0,44,0.0
24581,71.0,44,0.0
24582,72.0,44,0.0
24583,73.0,44,0.0
24584,74.0,44,0.0
24585,75.0,44,0.0
24586,76.0,44,0.0
24587,77.0,44,0.0
24588,78.0,44,0.0
24589,79.0,44,0.0
24590,80.0,44,0.0
24591,81.0,44,0.0
24592,82.0,44,0.0
24593,83.0,44,0.0
24594,84.0,44,0.0
24595,85.0,44,0.0
24596,86.0,44,0.0
24597,87.0,44,0.0
24598,88.0,44,0.0
24599,89.0,44,0.0
24600,90.0,44,0.0
24601,91.0,44,0.0
24602,92.0,44,0.0
24603,93.0,44,0.0
24604,94.0,44,0.0
24605,95.0,44,0.0
24606,96.0,44,0.0
24607,97.0,44,0.0
24608,98.0,44,0.0
24609,99.0,44,0.0
24610,100.0,44,0.0
24611,101.0,44,0.0
24612,102.0,44,0.0
24613,103.0,44,0.0
24614,104.0,44,0.0
24615,105.0,44,0.0
24616,106.0,44,0.0
24617,107.0,44,0.0
24618,108.0,44,0.0
24619,109.0,44,0.0
24620,110.0,44,0.0
24621,111.0,44,0.0
24622,112.0,44,0.0
24623,113.0,44,0.0
24624,114.0,44,0.0
24625,115.0,44,0.0
24626,116.0,44,0.0
24627,117.0,44,0.0
24628,118.0,44,0.0
24629,119.0,44,0.0
24630,120.0,44,0.0
24631,121.0,44,0.0
24632,122.0,44,0.0
24633,123.0,44,0.0
24634,124.0,44,0.0
24635,125.0,44,0.0
24636,126.0,44,0.0
24637,127.0,44,0.0
24638,128.0,44,0.0
24639,129.0,44,0.0
24640,130.0,44,0.0
24641,131.0,44,0.0
24642,132.0,44,0.0
24643,133.0,44,0.0
24644,134.0,44,0.0
24645,135.0,44,0.0
24646,136.0,44,0.0
24647,137.0,44,0.0
24648,138.0,44,0.0
24649,139.0,44,0.0
24650,140.0,44,0.0
24651,141.0,44,0.0
24652,142.0,44,0.0
24653,143.0,44,0.0
24654,144.0,44,0.0
24655,145.0,44,0.0
24656,146.0,44,0.0
24657,147.0,44,0.0
24658,148.0,44,0.0
24659,149.0,44,0.0
24660,150.0,44,0.0
24661,151.0,44,0.0
24662,152.0,44,0.0
24663,153.0,44,0.0
24664,154.0,44,0.0
24665,155.0,44,0.0
24666,156.0,44,0.0
24667,157.0,44,0.0
24668,,44,0.0
24669,159.0,44,0.0
24670,160.0,44,0.0
24671,161.0,44,0.0
24672,162.0,44,0.0
24673,163.0,44,0.0
24674,164.0,44,0.0
24675,165.0,44,0.0
24676,166.0,44,0.0
24677,167.0,44,0.0
24678,168.0,44,0.0
24679,169.0,44,0.0
24680,170.0,44,0.0
24681,171.0,44,0.0
24682,172.0,44,0.0
24683,173.0,44,0.0
24684,174.0,44,0.0
24685,175.0,44,0.0
24686,176.0,44,0.0
24687,177.0,44,0.0
24688,178.0,44,0.0
24689,179.0,44,0.0
24690,180.0,44,0.0
24691,181.0,44,0.0
24692,182.0,44,0.0
24693,183.0,44,0.0
24694,184.0,44,0.0
24695,185.0,44,0.0
24696,186.0,44,0.0
24697,187.0,44,0.0
24698,188.0,44,0.0
24699,189.0,44,0.0
24700,190.0,44,0.0
24701,191.0,44,0.0
24702,192.0,44,0.0
24703,193.0,44,0.0
24704,194.0,44,0.0
24705,195.0,44,0.0
24706,196.0,44,0.0
24707,197.0,44,0.0
24708,198.0,44,0.0
24709,199.0,44,0.0
24710,200.0,44,0.0
24711,201.0,44,0.0
24712,202.0,44,0.0
24713,203.0,44,0.0
24714,204.0,44,0.0
24715,205.0,44,0.0
24716,206.0,44,0.0
24717,207.0,44,0.0
24718,208.0,44,0.0
24719,209.0,44,0.0
24720,210.0,44,0.0
24721,211.0,44,0.0
24722,212.0,44,0.0
24723,213.0,44,0.0
24724,214.0,44,0.0
24725,215.0,44,0.0
24726,216.0,44,0.0
24727,217.0,44,0.0
24728,218.0,44,0.0
24729,219.0,44,0.0
24730,220.0,44,0.0
24731,221.0,44,0.0
24732,222.0,44,0.0
24733,223.0,44,0.0
24734,224.0,44,0.0
24735,225.0,44,0.0
24736,226.0,44,0.1
24737,227.0,44,0.0
24738,228.0,44,0.0
24739,229.0,44,0.0
24740,230.0,44,0.0
24741,231.0,44,0.0
24742,232.0,44,0.0
24743,233.0,44,0.0
24744,234.0,44,0.0
24745,235.0,44,0.0
24746,237.0,44,0.1
24747,237.0,44,0.1
24748,238.0,44,0.1
24749,239.0,44,4000.0
24750,240.0,44,3.0
24751,241.0,44,3.0
24752,242.0,44,3.0
24753,243.0,44,3.0
24754,244.0,44,6.0
24755,245.0,44,6.0
24756,246.0,44,6.0
24757,247.0,44,3.0
24758,248.0,44,3.0
24759,249.0,44,3.0
24760,250.0,44,6.0
24761,251.0,44,2.0
24762,252.0,44,2.0
24763,253.0,44,2.0
24764,254.0,44,6.0
24765,255.0,44,6.0
24766,256.0,44,6.0
24767,257.0,44,0.0
24768,258.0,44,0.0
24769,259.0,44,0.0
24770,260.0,44,0.0
24771,261.0,44,0.0
24772,262.0,44,0.0
24773,263.0,44,0.0
24774,264.0,44,0.0
24775,265.0,44,0.0
24776,266.0,44,0.0
24777,267.0,44,0.0
24778,268.0,44,0.0
24779,269.0,44,0.0
24780,270.0,44,0.0
24781,271.0,44,0.0
24782,272.0,44,0.0
24783,273.0,44,0.0
24784,274.0,44,0.0
24785,275.0,44,0.0
24786,276.0,44,0.0
24787,277.0,44,0.0
24788,278.0,44,0.0
24789,279.0,44,0.0
24790,280.0,44,0.0
24791,281.0,44,0.0
24792,282.0,44,0.0
24793,283.0,44,0.0
24794,284.0,44,0.0
24795,285.0,44,0.0
24796,286.0,44,0.0
24797,287.0,44,0.0
24798,288.0,44,0.0
24799,289.0,44,0.0
24800,290.0,44,0.0
24801,291.0,44,0.0
24802,292.0,44,0.0
24803,293.0,44,0.0
24804,294.0,44,0.0
24805,295.0,44,0.0
24806,296.0,44,0.0
24807,297.0,44,0.0
24808,298.0,44,0.0
24809,299.0,44,0.0
24810,300.0,44,0.0
24811,301.0,44,0.0
24812,302.0,44,0.0
24813,303.0,44,0.0
24814,304.0,44,0.0
24815,305.0,44,0.0
24816,306.0,44,0.0
24817,307.0,44,0.0
24818,308.0,44,0.0
24819,309.0,44,0.0
24820,310.0,44,0.0
24821,311.0,44,0.0
24822,312.0,44,0.0
24823,313.0,44,0.0
24824,314.0,44,0.0
24825,315.0,44,0.0
24826,316.0,44,0.0
24827,317.0,44,0.0
24828,318.0,44,0.0
24829,319.0,44,0.0
24830,320.0,44,0.0
24831,321.0,44,0.0
24832,322.0,44,0.0
24833,323.0,44,0.0
24834,324.0,44,0.0
24835,325.0,44,0.0
24836,326.0,44,0.0
24837,327.0,44,0.0
24838,328.0,44,0.0
24839,329.0,44,0.0
24840,330.0,44,0.0
24841,331.0,44,0.0
24842,332.0,44,0.0
24843,333.0,44,0.0
24844,334.0,44,0.0
24845,335.0,44,0.0
24846,336.0,44,0.0
24847,337.0,44,0.0
24848,338.0,44,0.0
24849,339.0,44,0.0
24850,340.0,44,0.0
24851,341.0,44,0.0
24852,342.0,44,0.0
24853,343.0,44,0.0
24854,344.0,44,0.0
24855,345.0,44,0.0
24856,346.0,44,0.0
24857,347.0,44,0.0
24858,348.0,44,0.0
24859,349.0,44,0.0
24860,350.0,44,0.0
24861,351.0,44,0.0
24862,352.0,44,0.0
24863,353.0,44,0.0
24864,354.0,44,0.0
24865,355.0,44,0.0
24866,356.0,44,0.0
24867,357.0,44,0.0
24868,358.0,44,0.0
24869,359.0,44,0.0
24870,360.0,44,0.0
24871,361.0,44,0.0
24872,362.0,44,0.0
24873,363.0,44,0.0
24874,364.0,44,0.0
24875,365.0,44,0.0
24876,366.0,44,0.0
24877,367.0,44,0.0
24878,368.0,44,0.0
24879,369.0,44,0.0
24880,370.0,44,0.0
24881,371.0,44,0.0
24882,372.0,44,0.0
24883,373.0,44,0.0
24884,374.0,44,0.0
24885,375.0,44,0.0
24886,376.0,44,0.0
24887,377.0,44,0.0
24888,378.0,44,0.0
24889,379.0,44,0.0
24890,380.0,44,0.0
24891,381.0,44,0.0
24892,382.0,44,0.0
24893,383.0,44,0.0
24894,384.0,44,0.0
24895,385.0,44,0.0
24896,386.0,44,0.0
24897,387.0,44,0.0
24898,388.0,44,0.0
24899,389.0,44,0.0
24900,390.0,44,0.0
24901,391.0,44,0.0
24902,392.0,44,0.0
24903,393.0,44,0.0
24904,394.0,44,0.0
24905,395.0,44,0.0
24906,396.0,44,0.0
24907,397.0,44,0.0
24908,398.0,44,0.0
24909,399.0,44,0.0
24910,400.0,44,0.0
24911,401.0,44,0.0
24912,402.0,44,0.0
24913,403.0,44,0.0
24914,404.0,44,0.0
24915,405.0,44,0.0
24916,406.0,44,0.0
24917,407.0,44,0.0
24918,408.0,44,0.0
24919,409.0,44,0.0
24920,410.0,44,0.0
24921,411.0,44,0.0
24922,412.0,44,0.0
24923,413.0,44,0.0
24924,414.0,44,0.0
24925,415.0,44,0.0
24926,416.0,44,0.0
24927,417.0,44,0.0
24928,418.0,44,0.0
24929,419.0,44,0.0
24930,420.0,44,0.0
24931,421.0,44,0.0
24932,422.0,44,0.0
24933,423.0,44,0.0
24934,424.0,44,0.0
24935,425.0,44,0.0
24936,426.0,44,0.0
24937,427.0,44,0.0
24938,428.0,44,0.0
24939,429.0,44,0.0
24940,430.0,44,0.0
24941,431.0,44,0.0
24942,432.0,44,0.0
24943,433.0,44,0.0
24944,434.0,44,0.0
24945,435.0,44,0.0
24946,436.0,44,0.0
24947,437.0,44,0.0
24948,438.0,44,0.0
24949,439.0,44,0.0
24950,440.0,44,0.0
24951,441.0,44,0.0
24952,442.0,44,0.0
24953,443.0,44,0.0
24954,444.0,44,0.0
24955,445.0,44,0.0
24956,446.0,44,0.0
24957,447.0,44,0.0
24958,448.0,44,0.0
24959,449.0,44,0.0
24960,450.0,44,0.0
24961,451.0,44,0.0
24962,452.0,44,0.0
24963,453.0,44,0.0
24964,454.0,44,0.0
24965,455.0,44,0.0
24966,456.0,44,0.0
24967,457.0,44,0.0
24968,458.0,44,0.0
24969,459.0,44,0.0
24970,460.0,44,0.0
24971,461.0,44,0.0
24972,462.0,44,0.0
24973,463.0,44,0.0
24974,464.0,44,0.0
24975,465.0,44,0.0
24976,466.0,44,0.0
24977,467.0,44,0.0
24978,468.0,44,0.0
24979,469.0,44,0.0
24980,470.0,44,0.0
24981,471.0,44,0.0
24982,472.0,44,0.0
24983,473.0,44,0.0
24984,474.0,44,0.0
24985,475.0,44,0.0
24986,476.0,44,0.0
24987,477.0,44,0.0
24988,478.0,44,0.0
24989,479.0,44,0.0
24990,480.0,44,0.0
24991,481.0,44,0.0
24992,482.0,44,0.0
24993,483.0,44,0.0
24994,484.0,44,0.0
24995,485.0,44,0.0
24996,486.0,44,0.0
24997,487.0,44,0.0
24998,488.0,44,0.0
24999,489.0,44,0.0
25000,490.0,44,0.0
25001,491.0,44,0.0
25002,492.0,44,0.0
25003,493.0,44,0.0
25004,494.0,44,0.0
25005,495.0,44,0.0
25006,496.0,44,0.0
25007,497.0,44,0.0
25008,498.0,44,0.0
25009,499.0,44,0.0
25010,500.0,44,0.0
25011,501.0,44,0.0
25012,502.0,44,0.0
25013,503.0,44,0.0
25014,504.0,44,0.0
25015,505.0,44,0.0
25016,506.0,44,0.0
25017,507.0,44,0.0
25018,508.0,44,0.0
25019,509.0,44,0.0
25020,510.0,44,0.0
25021,511.0,44,0.0
25022,512.0,44,0.0
25023,513.0,44,0.0
25024,514.0,44,0.0
25025,515.0,44,0.0
25026,516.0,44,0.0
25027,517.0,44,0.0
25028,518.0,44,0.0
25029,519.0,44,0.0
25030,520.0,44,0.0
25031,521.0,44,0.0
25032,522.0,44,0.0
25033,523.0,44,0.0
25034,524.0,44,0.0
25035,525.0,44,0.0
25036,526.0,44,0.0
25037,527.0,44,0.0
25038,528.0,44,0.0
25039,529.0,44,0.0
25040,530.0,44,0.0
25041,531.0,44,0.0
25042,532.0,44,0.0
25043,533.0,44,0.0
25044,534.0,44,0.0
25045,535.0,44,0.0
25046,536.0,44,0.0
25047,537.0,44,0.0
25048,538.0,44,0.0
25049,539.0,44,0.0
25050,540.0,44,0.0
25051,541.0,44,0.0
25052,542.0,44,0.0
25053,543.0,44,0.0
25054,544.0,44,0.0
25055,545.0,44,0.0
25056,546.0,44,0.0
25057,547.0,44,0.0
25058,548.0,44,0.0
25059,549.0,44,0.0
25060,550.0,44,0.0
25061,551.0,44,0.0
25062,552.0,44,0.0
25063,553.0,44,0.0
25064,554.0,44,0.0
25065,555.0,44,0.0
25066,556.0,44,0.0
25067,557.0,44,0.0
25068,558.0,44,0.0
25069,559.0,44,0.0
25070,560.0,44,0.0
25071,561.0,44,0.0
25072,562.0,44,0.0
25073,563.0,44,0.0
25074,564.0,44,0.0
25075,565.0,44,0.0
25076,566.0,44,0.0
25077,567.0,44,0.0
25078,568.0,44,0.0
25079,569.0,44,0.0
25080,570.0,44,0.0
